direction,source,target,prediction,exact_match,source_length,target_length
arabic_to_arabizi,وصية,wasiyye,wasiye,False,4,7
arabic_to_arabizi,ينتزع,yintizi3,yintizi3,True,5,8
arabic_to_arabizi,انخفى,2inkhafa,2inkhafa,True,5,8
arabic_to_arabizi,مرتبان,martabaan,murtabaan,False,6,9
arabizi_to_arabic,faqqiq,فقق,فقق,True,6,3
arabic_to_arabizi,حابى,7aaba,7aaba,True,4,5
arabizi_to_arabic,mafluuj,مفلوج,مفلوج,True,7,5
arabic_to_arabizi,متحيز,muta7ayyiz,mit7azzi,False,5,10
arabic_to_arabizi,اجتهد,2ijtahid,2ijtahad,False,5,8
arabizi_to_arabic,ma7aabis,محابس,محابس,True,8,5
arabic_to_arabizi,اعطب,2i3tab,2i3tab,True,4,6
arabizi_to_arabic,ghalla,غلى,غلا,False,6,3
arabic_to_arabizi,لعية,la3ye,la3iyye,False,4,5
arabic_to_arabizi,هجم,hajam,hajjam,False,3,5
arabic_to_arabizi,يتدافش,yiddaafash,yiddaafash,True,6,10
arabic_to_arabizi,ضارب,darib,daarib,False,4,5
arabizi_to_arabic,yidmul,يدمل,يدمل,True,6,4
arabic_to_arabizi,بذور,buzuur,bazwar,False,4,6
arabizi_to_arabic,yitjawwal,يتجول,يتجول,True,9,5
arabic_to_arabizi,مندمج,mindimij,mundajim,False,5,8
arabizi_to_arabic,tlabbas,تلبس,تلبس,True,7,4
arabic_to_arabizi,انفتل,2infitil,2infitil,True,5,8
arabizi_to_arabic,hallas,هلس,هلص,False,6,3
arabic_to_arabizi,معتم,m3attim,m3attam,False,4,7
arabic_to_arabizi,يتسيج,yitsayyaj,yitsayyaj,True,5,9
arabic_to_arabizi,اتكلكع,2itkalka3,2itkalka3,True,6,9
arabic_to_arabizi,انرفس,2inrafas,2inrifis,False,5,8
arabizi_to_arabic,3arqal,عرقل,عرقل,True,6,4
arabic_to_arabizi,استقطب,2istaqtib,2istaqtib,True,6,9
arabizi_to_arabic,siddaa7i middaa7i,سداحي مداحي,سداح حميدي,False,17,11
arabic_to_arabizi,امعط,2im3at,2im3at,True,4,6
arabic_to_arabizi,ابعز,2ib3az,2ib3az,True,4,6
arabic_to_arabizi,سمقة,samaga,samqa,False,4,6
arabizi_to_arabic,ti3ib,تعب,طعب,False,5,3
arabic_to_arabizi,ضبضب,dabdib,dabdab,False,4,6
arabizi_to_arabic,jarii2,جريئ,جريئ,True,6,4
arabic_to_arabizi,غطاء,ghitaa2,ghutaa2,False,4,7
arabizi_to_arabic,3awaasif,عواصف,عواصف,True,8,5
arabic_to_arabizi,عصب,3asab,3assab,False,3,5
arabic_to_arabizi,اندل,2indall,2indall,True,4,7
arabic_to_arabizi,كعب عالي,ka3ib 3aali,ka3ab 2il3i,False,8,11
arabic_to_arabizi,يشبرخ,yshabrikh,yshabrikh,True,5,9
arabizi_to_arabic,y3arrid,يعرد,يعرض,False,7,4
arabic_to_arabizi,غسل,ghassil,ghassal,False,3,7
arabic_to_arabizi,شحتف,sha7tif,sha7tif,True,4,7
arabizi_to_arabic,y3anqir,يعنقر,يعنقر,True,7,5
arabizi_to_arabic,madruuz,مدروز,مدروز,True,7,5
arabic_to_arabizi,إكراه,2ikraah,2ikraah,True,5,7
arabic_to_arabizi,مندوب المبيعات,manduub 2ilmabii3aat,mindub 2ilmaa3it,False,14,20
arabizi_to_arabic,ynabbih,ينبه,ينبه,True,7,4
arabic_to_arabizi,بخت,bakhkhat,bakhkhit,False,3,8
arabic_to_arabizi,قول,quul,qawwil,False,3,4
arabic_to_arabizi,مزراب,muzraab,mazraab,False,5,7
arabizi_to_arabic,shaa3ir,شاعر,شاعر,True,7,4
arabizi_to_arabic,qawwil,قول,قول,True,6,3
arabizi_to_arabic,mataali3,مطالع,مطالع,True,8,5
arabic_to_arabizi,قصار,qassaar,qassaar,True,4,7
arabic_to_arabizi,شطح,shata7,shatti7,False,3,6
arabizi_to_arabic,wahab,وهب,وهب,True,5,3
arabic_to_arabizi,أنبياء,2anbiyaa2,2anbiyaa2,True,6,9
arabizi_to_arabic,ghizlaan,غزلان,غزلان,True,8,5
arabizi_to_arabic,mitbin,متبن,مطبن,False,6,4
arabizi_to_arabic,t7abraq,تحبرق,تحبرق,True,7,5
arabizi_to_arabic,rutabe,رطبة,رطبة,True,6,4
arabic_to_arabizi,أرجل,2argal,2arjal,False,4,6
arabizi_to_arabic,mish qaliil,مش قليل,مش قليل,True,11,7
arabic_to_arabizi,نول,nawwil,nawwil,True,3,6
arabizi_to_arabic,3akkaz,عكز,عكز,True,6,3
arabic_to_arabizi,استغفر,2istaghfar,2istaghfir,False,6,10
arabic_to_arabizi,قديش,qaddeesh,qadiish,False,4,8
arabic_to_arabizi,يتسبب,yitsabbab,yitsabbab,True,5,9
arabizi_to_arabic,ghashshiish,غشيش,غشيش,True,11,4
arabic_to_arabizi,قريد العش,qreed 2il3ishsh,qariid 2il3ash,False,9,15
arabic_to_arabizi,دفدف,dafdaf,dafdif,False,4,6
arabic_to_arabizi,أخف من ريشتين على جمل,2akhaff min riishteen 3ala jamal,khaffal min mishri 2aljaliit 3een,False,21,32
arabic_to_arabizi,أذاع,2azaa3,2azaa3,True,4,6
arabic_to_arabizi,مطعوج,mta3waj,mat3uuj,False,5,7
arabizi_to_arabic,2inghamm,انغم,انغم,True,8,4
arabic_to_arabizi,اقشع,2iqsha3,2iqsha3,True,4,7
arabic_to_arabizi,خيس,khees,khayyis,False,3,5
arabic_to_arabizi,يتهاوش,yithaawash,yithaawash,True,6,10
arabic_to_arabizi,اسعف,2is3if,2is3af,False,4,6
arabizi_to_arabic,2i3taqad,اعتقد,اعتقد,True,8,5
arabizi_to_arabic,shuduf,شدف,شدوف,False,6,3
arabic_to_arabizi,ألوان,2alwaan,2alwaan,True,5,7
arabizi_to_arabic,tabaashiir,طباشير,تباشير,False,10,6
arabizi_to_arabic,shu77,شح,شح,True,5,2
arabic_to_arabizi,طمن,tammin,tammin,True,3,6
arabizi_to_arabic,khirka,خرقة,خراك,False,6,4
arabic_to_arabizi,يتهته,ytahtih,yithattat,False,5,7
arabizi_to_arabic,ykhartish,يخرطش,يخرطش,True,9,5
arabic_to_arabizi,انشق,2inshaqq,2inshaqq,True,4,8
arabic_to_arabizi,خصوصي,khsuusi,khaswiis,False,5,7
arabizi_to_arabic,madfan,مدفن,مدفن,True,6,4
arabizi_to_arabic,7ashshi,حشي,حشي,True,7,3
arabizi_to_arabic,yitshaghnaf,يتشغنف,يتشفغن,False,11,6
arabizi_to_arabic,daaq,ذاق,داق,False,4,3
arabizi_to_arabic,yrakhkhis,يرخص,يرخص,True,9,4
arabic_to_arabizi,نشافة,nashshaafe,nashshaafe,True,5,10
arabic_to_arabizi,عرط,3arrit,3arrat,False,3,6
arabic_to_arabizi,محتال,mu7taal,mi7taal,False,5,7
arabic_to_arabizi,مصور,musawwar,msawwir,False,4,8
arabizi_to_arabic,7ammis,حمس,حمس,True,6,3
arabic_to_arabizi,عنى,3ana,3anna,False,3,4
arabic_to_arabizi,قصيرة,qassiire,qasiira,False,5,8
arabic_to_arabizi,خض,khudd,khadd,False,2,5
arabizi_to_arabic,3irzaan,عرزان,عرزان,True,7,5
arabizi_to_arabic,2idda3bab,تدعبب,تدعببب,False,9,5
arabizi_to_arabic,khaayikh,خايخ,خايخ,True,8,4
arabic_to_arabizi,تكتل,tkattal,tkattal,True,4,7
arabizi_to_arabic,mataajir,متاجر,مطاجر,False,8,5
arabic_to_arabizi,آخي,2aakhi,2aakhi,True,3,6
arabic_to_arabizi,بكى,baka,bakka,False,3,4
arabizi_to_arabic,mu3aasir,معاصر,معاصر,True,8,5
arabic_to_arabizi,دم الزغلول,damm 2izzaghluul,dum 2izzaghluul,False,10,16
arabizi_to_arabic,yindugh,يندغ,يندغ,True,7,4
arabizi_to_arabic,tshayyak,تشيك,تشيك,True,8,4
arabizi_to_arabic,3awar,عور,عور,True,5,3
arabic_to_arabizi,أنعم,2an3am,2an3am,True,4,6
arabic_to_arabizi,مخمج,mkhammij,mkhajjim,False,4,8
arabic_to_arabizi,تعثر,t3attar,t3attar,True,4,7
arabic_to_arabizi,ماطل,maatal,maatil,False,4,6
arabic_to_arabizi,يتمسح,ytamsi7,yitmassa7,False,5,7
arabizi_to_arabic,7ashfash,حشفش,حشفش,True,8,4
arabic_to_arabizi,فقر,faqqir,faqqar,False,3,6
arabic_to_arabizi,تصرف,tasarruf,tsarraf,False,4,8
arabizi_to_arabic,2insafakh,انسفخ,انسفخ,True,9,5
arabizi_to_arabic,yuuras,يورث,يورث,True,6,4
arabic_to_arabizi,متانة,mataane,mutaane,False,5,7
arabizi_to_arabic,dabke,دبكة,دبكة,True,5,4
arabic_to_arabizi,عظمة لساني,3admit lsaani,3azmit 2ilsaaniyye,False,10,13
arabic_to_arabizi,أرساغ,2arsaagh,2arsaagh,True,5,8
arabic_to_arabizi,خبل,khabal,khabbal,False,3,6
arabic_to_arabizi,جمال,jammaal,jamaal,False,4,7
arabizi_to_arabic,2ikhdar,إخضر,اخدر,False,7,4
arabizi_to_arabic,huwash,هوش,هوش,True,6,3
arabizi_to_arabic,mitlabbid,متلبد,متلبد,True,9,5
arabic_to_arabizi,بليطة,balliite,baliita,False,5,8
arabizi_to_arabic,tqaasam,تقاسم,تقاسم,True,7,5
arabizi_to_arabic,ra3ad,رعد,رعد,True,5,3
arabic_to_arabizi,يقرقر,ygargir,yqarqir,False,5,7
arabic_to_arabizi,كديش,kdiish,kadiish,False,4,6
arabic_to_arabizi,مج,midjdj,majj,False,2,6
arabic_to_arabizi,ينقرا,yinqara,yinqara,True,5,7
arabic_to_arabizi,ود,wadd,wadd,True,2,4
arabizi_to_arabic,fii btimmak 7aki,في بثمك حكي,في بتحك مكي,False,16,11
arabizi_to_arabic,naqad,نقض,نقد,False,5,3
arabic_to_arabizi,جيفة,jiife,jiife,True,4,5
arabizi_to_arabic,ma7shi,محشي,محشي,True,6,4
arabizi_to_arabic,haftaan,هفتان,هفتان,True,7,5
arabizi_to_arabic,naab,ناب,ناب,True,4,3
arabic_to_arabizi,اتقطب,2itqattab,2itqattab,True,5,9
arabic_to_arabizi,حراك,7iraak,7raak,False,4,6
arabizi_to_arabic,da33if,ضعف,دعف,False,6,3
arabic_to_arabizi,هربة,hrubbe,harbe,False,4,6
arabic_to_arabizi,اتمرق,2itmarraq,2itmarraq,True,5,9
arabic_to_arabizi,يوقن,yuuqin,ywaqqin,False,4,6
arabic_to_arabizi,عريس,3ariis,3ariis,True,4,6
arabic_to_arabizi,يرى,yara,yra,False,3,4
arabizi_to_arabic,ra22at,رقط,رأط,False,6,3
arabizi_to_arabic,3amaara,عمارة,عمارة,True,7,5
arabic_to_arabizi,ويا دار ما دخلك شر,wuyaa daar maa dakhkhalik shar,weed 2idraa mikhshar khala,False,18,30
arabic_to_arabizi,يعفكش,y3afkish,y3afkish,True,5,8
arabizi_to_arabic,maa3indo diqin 2immashshatta,ماعنده ذقن ممشطة,ماعنده مثق الشته,False,28,16
arabizi_to_arabic,2ikir,عكر,اكر,False,5,3
arabic_to_arabizi,خجول,khajuul,khoojil,False,4,7
arabizi_to_arabic,djibab,جبب,جبب,True,6,3
arabizi_to_arabic,ja3ja3,جعجع,جعجع,True,6,4
arabic_to_arabizi,يبرق,ybarriq,ybarriq,True,4,7
arabizi_to_arabic,bawwaabe,بوابة,بوابة,True,8,5
arabizi_to_arabic,bi7ki labalad,بيحكي لبلد,بيحك بلد,False,13,10
arabizi_to_arabic,bakradj,بكرج,بكرج,True,7,4
arabic_to_arabizi,شيوخ,shyuukh,shaywikh,False,4,7
arabizi_to_arabic,mallis,ملس,ملس,True,6,3
arabic_to_arabizi,مطيز,mtayyiz,mtayyiz,True,4,7
arabic_to_arabizi,كدمة,kadme,kadme,True,4,5
arabic_to_arabizi,اتفاقية,2ittifaaqiyye,2itfaaqiyye,False,7,13
arabizi_to_arabic,yushrum,يشرم,يشرم,True,7,4
arabic_to_arabizi,قبض,qabad,qabbid,False,3,5
arabizi_to_arabic,dju3djukke,جعجكة,جعجكة,True,10,5
arabizi_to_arabic,masaalik,مسالك,مسالك,True,8,5
arabizi_to_arabic,ythammin,يثمن,يثمن,True,8,4
arabizi_to_arabic,shaarid,شارد,شارد,True,7,4
arabic_to_arabizi,استحيل,2ista7iil,2ista7li,False,6,9
arabizi_to_arabic,wil3at,ولعت,ولعط,False,6,4
arabic_to_arabizi,ديوك,dyuuk,dyuuk,True,4,5
arabizi_to_arabic,3irqiyye,عرقية,عرقية,True,8,5
arabic_to_arabizi,انقلع,2inqala3,2inqili3,False,5,8
arabizi_to_arabic,ytagmish,يطقمش,يطقمش,True,8,5
arabizi_to_arabic,firaar,فرار,فرار,True,6,4
arabizi_to_arabic,yi3rib,يعرب,يعرب,True,6,4
arabic_to_arabizi,مسواك,miswaak,maswaak,False,5,7
arabizi_to_arabic,2il qutt maa bi7ibb 2illa khunnaaqo,القط مابيحب الا خناقه,اللقط طنه بيح من البيه,False,35,21
arabic_to_arabizi,تأسيس,ta2siis,ta2siis,True,5,7
arabic_to_arabizi,في,fayy,fi,False,2,4
arabic_to_arabizi,موح,moo7,mawwi7,False,3,4
arabizi_to_arabic,ballish,بلش,بلش,True,7,3
arabizi_to_arabic,2iksif,اكسف,اكسف,True,6,4
arabizi_to_arabic,saa7ib mruwwe,صاحب مروة,ساحب ومروة,False,13,9
arabizi_to_arabic,2istaltif,استلطف,استلطف,True,9,6
arabic_to_arabizi,تبني,tabanni,tabni,False,4,7
arabic_to_arabizi,فلل,fallil,fallil,True,3,6
arabic_to_arabizi,حكحكة,y7ak7ake,7ak7ake,False,5,8
arabizi_to_arabic,tura,ترى,طرة,False,4,3
arabizi_to_arabic,faghar,فغر,فغر,True,6,3
arabic_to_arabizi,ترابي,turaabi,taraabi,False,5,7
arabic_to_arabizi,تاريخي,taariikhi,taariikhi,True,6,9
arabizi_to_arabic,marayiil,مراييل,مرايل,False,8,6
arabic_to_arabizi,نطق,nattaq,nattiq,False,3,6
arabic_to_arabizi,متعلم,muta3allim,mit3allim,False,5,10
arabizi_to_arabic,wilaaye,ولاية,ولاية,True,7,5
arabic_to_arabizi,بعثر,ba3tir,ba3tar,False,4,6
arabic_to_arabizi,شتلة,shatle,shatle,True,4,6
arabizi_to_arabic,kaayin,كاين,كاين,True,6,4
arabic_to_arabizi,معطبن,m3atbin,m3atbin,True,5,7
arabic_to_arabizi,شمسي,shamsi,shamsi,True,4,6
arabizi_to_arabic,shaati2,شاطئ,شاطئ,True,7,4
arabizi_to_arabic,2itsatshwa7,اتسكوح,اتسطحوش,False,11,6
arabic_to_arabizi,مبرجل,mbarjil,mbarjil,True,5,7
arabic_to_arabizi,عرش,3arsh,3arrash,False,3,5
arabizi_to_arabic,3itil,عطل,عتل,False,5,3
arabic_to_arabizi,مناهقة,mnaahaqa,minhaaqa,False,6,8
arabic_to_arabizi,دملج,dimlij,damlaj,False,4,6
arabizi_to_arabic,jooze,جوزة,جوزة,True,5,4
arabizi_to_arabic,2idghash,ادغش,ادغش,True,8,4
arabizi_to_arabic,lughad,لغد,لغد,True,6,3
arabic_to_arabizi,عمدا,3amdan,3amada,False,4,6
arabizi_to_arabic,sh3iire,شعيرة,شعيرة,True,7,5
arabic_to_arabizi,مجبص,mjabbasa,mjabbis,False,4,8
arabic_to_arabizi,ينغر,yingharr,yingharr,True,4,8
arabizi_to_arabic,3arraq,عرق,عرق,True,6,3
arabic_to_arabizi,انذاق,2indaaq,2indaaq,True,5,7
arabizi_to_arabic,qaraqiimkarakiim,قراقيم,قراقيم,True,16,6
arabic_to_arabizi,معنى,ma3na,m3anna,False,4,5
arabizi_to_arabic,3aashiq,عاشق,عاشق,True,7,4
arabizi_to_arabic,dja3maz,جعمز,جعمز,True,7,4
arabic_to_arabizi,يمتحن,yimti7in,yimta7in,False,5,8
arabic_to_arabizi,مات بحسرته,maat b7asrito,maati7ib saro,False,10,13
arabizi_to_arabic,mahhad,مهد,مههد,False,6,3
arabizi_to_arabic,2itdjarba7,اتجربح,اتجربح,True,10,6
arabic_to_arabizi,كب العدسات,kabb 2il3adasaat,kabbaal 2idda3asa,False,10,16
arabizi_to_arabic,daghash,دغش,دغش,True,7,3
arabic_to_arabizi,بق,buqq,baqq,False,2,4
arabic_to_arabizi,كن,kann,kann,True,2,4
arabic_to_arabizi,عامر,3aamir,3aamir,True,4,6
arabic_to_arabizi,انفت,2infatt,2infatt,True,4,7
arabic_to_arabizi,ينمرس,yinmiris,yinmiris,True,5,8
arabizi_to_arabic,haddaak,هذاك,هداك,False,7,4
arabizi_to_arabic,yjaawib,يجاوب,يجاوب,True,7,5
arabic_to_arabizi,افرز,2ifriz,2ifriz,True,4,6
arabizi_to_arabic,ta2awwuh,تأوه,تأوه,True,8,4
arabizi_to_arabic,2istamta3,استمتع,استمطع,False,9,6
arabic_to_arabizi,يرهق,yirhiq,yrahhiq,False,4,6
arabizi_to_arabic,7aakam,حاكم,حاكم,True,6,4
arabic_to_arabizi,حلس,7allis,7allis,True,3,6
arabizi_to_arabic,yitna3nash,يتنعنش,يتنعنش,True,10,6
arabic_to_arabizi,خرف,kharrif,kharraf,False,3,7
arabic_to_arabizi,الجدار الحاجز,2iljidaar 2il7aajiz,2iljaddaar 2il7ajiz,False,13,19
arabic_to_arabizi,إذاعة,2izaa3a,2izaa3a,True,5,7
arabizi_to_arabic,nakbe,نكبة,نكبة,True,5,4
arabizi_to_arabic,mtoobiz,مطوبز,مطوبز,True,7,5
arabic_to_arabizi,جيزة,jiize,jiize,True,4,5
arabizi_to_arabic,2itsarraq,اتسرق,اتسرق,True,9,5
arabizi_to_arabic,yirka3,يركع,يركع,True,6,4
arabic_to_arabizi,جامعي,jaami3i,jaamii3,False,5,7
arabic_to_arabizi,طامع,taami3,taami3,True,4,6
arabizi_to_arabic,qaati3 2irrasan,قاطع الرسن,قاطع الراسن,False,15,10
arabic_to_arabizi,شعبي,sha3bi,sha3bi,True,4,6
arabizi_to_arabic,y7aashir,يحاشر,يحاشر,True,8,5
arabizi_to_arabic,yista7mid,يستحمض,يستحمض,True,9,6
arabizi_to_arabic,sijin,سجن,سجن,True,5,3
arabizi_to_arabic,fitan,فتن,فتن,True,5,3
arabic_to_arabizi,أسس,2usus,2assis,False,3,5
arabic_to_arabizi,استخف,2istakhiff,2istakhaf,False,5,10
arabic_to_arabizi,منحدر,mun7adir,min7idir,False,5,8
arabic_to_arabizi,حميط,7amiit,7amiit,True,4,6
arabizi_to_arabic,yittaqqas,يتطقس,يتطقس,True,9,5
arabizi_to_arabic,2itnaffaz,اتنفذ,اتنفذ,True,9,5
arabizi_to_arabic,taffah,تفه,طفه,False,6,3
arabizi_to_arabic,waarib,وارب,وارب,True,6,4
arabic_to_arabizi,تبحبح,tba7ba7,tba7ba7,True,5,7
arabic_to_arabizi,عفة,3iffe,3affe,False,3,5
arabic_to_arabizi,اشتبك,2ishtabak,2ishtabik,False,5,9
arabic_to_arabizi,ينهض,yinhad,yinhadd,False,4,6
arabizi_to_arabic,tawwii3,طويع,تويع,False,7,4
arabizi_to_arabic,natnata,نطنطة,نتات,False,7,5
arabic_to_arabizi,ينفسن,ynafsin,yinfinis,False,5,7
arabic_to_arabizi,بزاز,bzaaz,bazzaaz,False,4,5
arabizi_to_arabic,yiddalghas,يتدلغص,يتدلغص,True,10,6
arabizi_to_arabic,kheer,خير,خير,True,5,3
arabic_to_arabizi,انتقم,2intaqam,2intiqim,False,5,8
arabic_to_arabizi,صوعان,suu3aan,suu3aan,True,5,7
arabizi_to_arabic,miritzi,مرتزي,مرتزي,True,7,5
arabizi_to_arabic,libis ta7taani,لبس تحتاني,لبس طحين,False,14,10
arabic_to_arabizi,يناهد,ynaahid,ynaahid,True,5,7
arabizi_to_arabic,jaay 3attariiq,جاي عالطريق,جايعت رقي,False,14,11
arabic_to_arabizi,جعر,ja3ar,ja33ar,False,3,5
arabic_to_arabizi,التحق,2ilti7iq,2ilti7iq,True,5,8
arabic_to_arabizi,سيلان,sayalaan,siilaan,False,5,8
arabizi_to_arabic,ghathbara,غثبرة,غثبرة,True,9,5
arabic_to_arabizi,يتبهمن,yitbahman,yitbahman,True,6,9
arabizi_to_arabic,7arraf,حرف,حرف,True,6,3
arabizi_to_arabic,makhaaliiq,مخاليق,مخاليق,True,10,6
arabic_to_arabizi,ناطف,naataf,naatif,False,4,6
arabizi_to_arabic,mjazziz,مجزز,مجزز,True,7,4
arabizi_to_arabic,wuzaraa2,وزراء,وزراء,True,8,5
arabic_to_arabizi,انفصال,2infisaal,2infisaal,True,6,9
arabizi_to_arabic,khajjil,خجل,خجل,True,7,3
arabic_to_arabizi,ينطرد,yintirid,yintirid,True,5,8
arabizi_to_arabic,2inshaqqat 2il2ard wubal3ato,انشقت الأرض وبلعته,انشق العطوب الأرض,False,28,18
arabizi_to_arabic,2inqatal,انقتل,انقطل,False,8,5
arabic_to_arabizi,ممزوع,mamzuu3,mamzuu3,True,5,7
arabizi_to_arabic,ba33aj,بعج,بعج,True,6,3
arabic_to_arabizi,عوقي,3awqi,3awqi,True,4,5
arabizi_to_arabic,shi7de,شحذة,شحدة,False,6,4
arabic_to_arabizi,ألغاز,2alghaaz,2aghlaaz,False,5,8
arabic_to_arabizi,طناطيف,tanaatiif,tanaatiif,True,6,9
arabic_to_arabizi,يشطشط,yshatshit,yshatshit,True,5,9
arabic_to_arabizi,جهل,jahhal,jahhal,True,3,6
arabizi_to_arabic,yaakhud 3azaa,ياخذ عزا,زاخد عايز,False,13,8
arabic_to_arabizi,يابس,yaabis,yaabis,True,4,6
arabic_to_arabizi,ستايل,staayl,stayaal,False,5,6
arabizi_to_arabic,2ukhtur,اخطر,اخطر,True,7,4
arabizi_to_arabic,shuufaani,شوفاني,شوفاني,True,9,6
arabizi_to_arabic,faashil,فاشل,فاشل,True,7,4
arabizi_to_arabic,yisda7,يسدح,يسدح,True,6,4
arabizi_to_arabic,mghaawaze,مغاوزة,مغاوزة,True,9,6
arabic_to_arabizi,اركز,2irkaz,2irkuz,False,4,6
arabic_to_arabizi,قرطفة,qartafe,qartafe,True,5,7
arabizi_to_arabic,qass,قص,قص,True,4,2
arabizi_to_arabic,dawwad,دود,دود,True,6,3
arabic_to_arabizi,شملة,shamle,shamle,True,4,6
arabizi_to_arabic,tqkashshil 3a7aalha,تقشل عحالها,تقش علحاله,False,19,11
arabizi_to_arabic,2intiqid,انتقد,انتقد,True,8,5
arabizi_to_arabic,tna3nash,تنعنش,تنعنش,True,8,5
arabic_to_arabizi,نيك,niik,nayyik,False,3,4
arabizi_to_arabic,ma3rife,معرفة,معرفة,True,7,5
arabic_to_arabizi,انسطل,2insitil,2insitil,True,5,8
arabizi_to_arabic,qayluule,قيلولة,قلولة,False,8,6
arabizi_to_arabic,yiftiqid,يفتقد,يفتقد,True,8,5
arabizi_to_arabic,ykhayyib,يخيب,يخيب,True,8,4
arabic_to_arabizi,قواوير,qkawaawiir,qawawiir,False,6,10
arabic_to_arabizi,خروج,khruuj,kharwaj,False,4,6
arabic_to_arabizi,برضاي عليك,biridaay 3aleek,baraayi3 2ilkeed,False,10,15
arabic_to_arabizi,حلال عليك,7alaal 3aleek,7alaal 3aleek,True,9,13
arabizi_to_arabic,tsaddaqtsadda2,تصدق,تسدق,False,14,4
arabizi_to_arabic,bawwis,بوس,بوس,True,6,3
arabizi_to_arabic,2ifta7,افتح,افتح,True,6,4
arabizi_to_arabic,latwash,لطوش,لطوش,True,7,4
arabic_to_arabizi,تمايع,tmaaya3,tamaayi3,False,5,7
arabic_to_arabizi,مرمط,marmat,mrammit,False,4,6
arabizi_to_arabic,7aqqaani,حقاني,حقاني,True,8,5
arabizi_to_arabic,mitdjadhmir,متجذمر,متجذمر,True,11,6
arabizi_to_arabic,3askir,عسكر,عسكر,True,6,4
arabic_to_arabizi,تبطح,tbatta7,tbatta7,True,4,7
arabizi_to_arabic,2i7baat,إحباط,احبط,False,7,5
arabizi_to_arabic,2ista3aar,استعار,استعار,True,9,6
arabizi_to_arabic,yin7asir,ينحسر,ينحصر,False,8,5
arabic_to_arabizi,مراسل,muraasil,maraasil,False,5,8
arabic_to_arabizi,مداواة,mudaawa,mdawwaat,False,6,7
arabic_to_arabizi,جد,jidd,jadd,False,2,4
arabic_to_arabizi,جميل,jamiil,jamiil,True,4,6
arabic_to_arabizi,قلب,qalib,qallib,False,3,5
arabic_to_arabizi,استورد,2istawrad,2istawdir,False,6,9
arabic_to_arabizi,كتابة,ktaabe,kattaabe,False,5,6
arabizi_to_arabic,muud,مود,مود,True,4,3
arabic_to_arabizi,غلي قلبي,ghili qalbi,ghalli qalbi,False,8,11
arabic_to_arabizi,مخه نظيف,mukhkho ndiif,mukhkho nazifi,False,8,13
arabic_to_arabizi,يدروخ,ydarwikh,ydoorikh,False,5,8
arabizi_to_arabic,faadi,فاضي,فادي,False,5,4
arabic_to_arabizi,ونكر,wankir,wankar,False,4,6
arabic_to_arabizi,يميل,ymayyil,ymiil,False,4,7
arabizi_to_arabic,yikbis,يكبس,يكبس,True,6,4
arabic_to_arabizi,بط,batt,batt,True,2,4
arabic_to_arabizi,اندفس,2indifis,2indafas,False,5,8
arabizi_to_arabic,t7atfal,حتفل,تحتفل,False,7,4
arabizi_to_arabic,yta77in,يطحن,يطحن,True,7,4
arabic_to_arabizi,مرن,marrin,marrin,True,3,6
arabizi_to_arabic,ghyuum,غيوم,غيوم,True,6,4
arabizi_to_arabic,saami3,سامع,سامع,True,6,4
arabic_to_arabizi,اشقح,2ishqa7,2ishqa7,True,4,7
arabizi_to_arabic,raas 2ilkoom,راس الكوم,راس الكوم,True,12,9
arabizi_to_arabic,summ,صم,سم,False,4,2
arabic_to_arabizi,قيش,qayyash,qayyish,False,3,7
arabizi_to_arabic,bardiyye,بردية,بردية,True,8,5
arabic_to_arabizi,يستحي,yisti7i,yista7i,False,5,7
arabic_to_arabizi,ميال,mayyaal,mayaal,False,4,7
arabic_to_arabizi,سماط,smaat,samaat,False,4,5
arabizi_to_arabic,2akhan,أكهن,أخن,False,6,4
arabic_to_arabizi,قابر أهله,qaabir 2ahlo,qaabir 2ahalo,False,9,12
arabic_to_arabizi,يلاقي,ylaaqi,ylaaqi,True,5,6
arabizi_to_arabic,mustawa,مستوى,مستاوى,False,7,5
arabizi_to_arabic,najjim,نجم,نجم,True,6,3
arabizi_to_arabic,ykibb,يكب,يكب,True,5,3
arabizi_to_arabic,thaajam,تهاجم,تهاجم,True,7,5
arabic_to_arabizi,يحيد,y7iid,y7ayyid,False,4,5
arabizi_to_arabic,3irsaan,عرسان,عرسان,True,7,5
arabic_to_arabizi,مسخ,massikh,massakh,False,3,7
arabic_to_arabizi,انضبع,2indaba3,2indaba3,True,5,8
arabic_to_arabizi,ينسق,ynassiq,yinsaqq,False,4,7
arabic_to_arabizi,ينسلق,yinsiliq,yinsiliq,True,5,8
arabizi_to_arabic,zaghghar mukhkho,صغر مخه,زغه رمخه,False,16,7
arabic_to_arabizi,ينوصف,yinwisif,ynaswif,False,5,8
arabic_to_arabizi,مشلع,mshalla3,mshalli3,False,4,8
arabic_to_arabizi,مهربج,mharbij,mharbidj,False,5,7
arabic_to_arabizi,أيد,2ayyid,2ayyad,False,3,6
arabizi_to_arabic,libis 2ilbalaata,لبس البلاطة,لبس البطة,False,16,11
arabic_to_arabizi,مطعم,mat3am,mta33im,False,4,6
arabizi_to_arabic,yitla3 3aqabri,يطلع عقبري,يتلعق عرب,False,14,10
arabizi_to_arabic,hamaj,همج,همج,True,5,3
arabic_to_arabizi,ابن نعمة,2ibin ni3me,2ibnin 3ame,False,8,11
arabizi_to_arabic,khiiti miiti,خيطي ميطي,خيطية ميت,False,12,9
arabizi_to_arabic,2inkhila3,انخلع,انخلع,True,9,5
arabic_to_arabizi,مرحوم,mar7uum,mar7uum,True,5,7
arabizi_to_arabic,msha3wit,مشعوط,مشعوط,True,8,5
arabic_to_arabizi,بنشد فيه الظهر,binshadd fii 2iddahir,bindifish fiid 2iddhahr,False,14,21
arabizi_to_arabic,jarim,جرم,جرم,True,5,3
arabic_to_arabizi,خلق,khalak,khallaq,False,3,6
arabic_to_arabizi,جوح,juu7,jawwa7,False,3,4
arabic_to_arabizi,يطبل,yutbul,ytabbil,False,4,6
arabic_to_arabizi,ناقض,naaqid,naaqid,True,4,6
arabizi_to_arabic,3aali,عالي,عالي,True,5,4
arabic_to_arabizi,لوط,lawwit,lawwat,False,3,6
arabic_to_arabizi,غيم,ghayyam,ghayyim,False,3,7
arabic_to_arabizi,اتنصر,2itnassar,2itnassar,True,5,9
arabic_to_arabizi,درم,daram,darram,False,3,5
arabizi_to_arabic,2ista3rad,استعرض,استعرض,True,9,6
arabizi_to_arabic,3ajame,عجمة,عجمة,True,6,4
arabic_to_arabizi,زي البفتة,zayy 2ilbafte,ziif 2ilbete,False,9,13
arabizi_to_arabic,lattan,لتن,لطن,False,6,3
arabizi_to_arabic,yitwa77ash,يتوحش,يتوحش,True,10,5
arabizi_to_arabic,shaarit,شارط,شارط,True,7,4
arabic_to_arabizi,دزينة,dazziine,daziine,False,5,8
arabizi_to_arabic,yzawwid,يزود,يزود,True,7,4
arabic_to_arabizi,ملان,mallaan,malaan,False,4,7
arabizi_to_arabic,2inkhur,انخر,انخر,True,7,4
arabizi_to_arabic,tkhuute,تخوتة,تخوتة,True,7,5
arabizi_to_arabic,yzaa3il,يزاعل,يزاعل,True,7,5
arabizi_to_arabic,watwit,وتوت,وطوط,False,6,4
arabic_to_arabizi,ردع,rada3,raddi3,False,3,5
arabic_to_arabizi,يتشرع,yitsharra3,yitsharra3,True,5,10
arabizi_to_arabic,tubb,طب,طب,True,4,2
arabizi_to_arabic,mi3wal,معول,معول,True,6,4
arabic_to_arabizi,سرب,sarrib,sarrab,False,3,6
arabizi_to_arabic,yzaawil,يزاول,يزاول,True,7,5
arabizi_to_arabic,mghannawaati,مغنواتي,مغناوط,False,12,7
arabizi_to_arabic,shajarit 2innuur,شجرة النور,شجرة النور,True,16,10
arabic_to_arabizi,انضرب,2indirib,2indirib,True,5,8
arabizi_to_arabic,twaffa,توفى,توفى,True,6,4
arabizi_to_arabic,ynaqqil,ينقي,ينقل,False,7,4
arabic_to_arabizi,تسبب,tsabbab,tsabbab,True,4,7
arabic_to_arabizi,فقش,faqqish,faqqash,False,3,7
arabizi_to_arabic,qkalaayid,قلايد,قلايد,True,9,5
arabic_to_arabizi,ثقب,thaqkab,thaqqab,False,3,7
arabic_to_arabizi,دخول,dukhuul,dakhwal,False,4,7
arabic_to_arabizi,تعاظم,t3aazam,t3aazam,True,5,7
arabic_to_arabizi,وكلاء,wukalaa2,waklaa2,False,5,8
arabizi_to_arabic,qiim,قيم,قيم,True,4,3
arabizi_to_arabic,tabbuush,طبوش,طبوش,True,8,4
arabic_to_arabizi,أسامي,2asaami,2asaami,True,5,7
arabizi_to_arabic,naakir 2ilfadil,ناكر الفضل,ناكر الفضل,True,15,10
arabizi_to_arabic,sabbik,سبك,سبك,True,6,3
arabizi_to_arabic,bunt,بنط,بنت,False,4,3
arabic_to_arabizi,استوى,2istawa,2istawa,True,5,7
arabizi_to_arabic,yityabbas,يتيبس,يتيبس,True,9,5
arabic_to_arabizi,دلمسة,dalmase,dalmase,True,5,7
arabic_to_arabizi,يلاهث,ylaahith,ylaahith,True,5,8
arabic_to_arabizi,لمز,lamaz,lammiz,False,3,5
arabic_to_arabizi,مصادر,musaadar,masaadir,False,5,8
arabic_to_arabizi,مشفى,mshaffa,mshaffa,True,4,7
arabic_to_arabizi,ينتصر,yintisir,yintisir,True,5,8
arabic_to_arabizi,يتعوذ,yit3awwaz,yit3awwaz,True,5,9
arabic_to_arabizi,انتحس,2inti7is,2inti7is,True,5,8
arabizi_to_arabic,salaase,سلاسة,سلاسة,True,7,5
arabizi_to_arabic,2ayyaam 2izzeet 2asba7it 2amseet,أيام الزيت أصبحت أمسيت,أطامة السيا بحزيت,False,32,22
arabic_to_arabizi,فزر اللي يفزرك,fazar 2illi yufzurak,fazar 2ilfi kreez,False,14,20
arabic_to_arabizi,صقور,suquur,qaswar,False,4,6
arabic_to_arabizi,اتناهف,2itnaahaf,2itnaahaf,True,6,9
arabizi_to_arabic,tkarkaz,تكركز,تكركز,True,7,5
arabic_to_arabizi,معاقب,mu3aaqab,ma3aaqib,False,5,8
arabizi_to_arabic,qalqal,قلقل,قلقل,True,6,4
arabizi_to_arabic,manfuukh,منفوخ,منفوخ,True,8,5
arabic_to_arabizi,تدعيم,tad3iim,tad3iim,True,5,7
arabic_to_arabizi,ستين نيلة,sittiin niile,satiin nile,False,9,13
arabic_to_arabizi,هبلان,hublaan,hablaan,False,5,7
arabizi_to_arabic,maltuu3,ملطوع,ملطوع,True,7,5
arabizi_to_arabic,milti7if,ملتحف,ملتحف,True,8,5
arabic_to_arabizi,يعرض,yi3rid,y3arrid,False,4,6
arabic_to_arabizi,جازي,jaazi,jaazi,True,4,5
arabic_to_arabizi,انخبط,2inkhibit,2inkhibit,True,5,9
arabizi_to_arabic,ydabbik,يدبك,يدبك,True,7,4
arabic_to_arabizi,مغضوب,maghduub,maghduub,True,5,8
arabic_to_arabizi,خانس,khaanis,khaanis,True,4,7
arabizi_to_arabic,mabaariim,مباريم,مباريم,True,9,6
arabizi_to_arabic,yba77ir,يبحر,يبحر,True,7,4
arabizi_to_arabic,2ashhar,أشهر,أشهر,True,7,4
arabic_to_arabizi,محر,ma77ir,ma7ar,False,3,6
arabic_to_arabizi,أوصال,2awsaal,2awsaal,True,5,7
arabic_to_arabizi,يكوع,ykawwi3,ykawwi3,True,4,7
arabizi_to_arabic,2ib3at,ابعث,ابعط,False,6,4
arabic_to_arabizi,بداية,bidaaye,badaaye,False,5,7
arabizi_to_arabic,yiqtul,يقتل,يقتل,True,6,4
arabizi_to_arabic,3aashir,عاشر,عاشر,True,7,4
arabic_to_arabizi,انقشاع,2inqishaa3,2inqishaa3,True,6,10
arabic_to_arabizi,مواساة,muwaasaa,mwaasaase,False,6,8
arabizi_to_arabic,2istiqdaam,استقدام,استقدم,False,10,7
arabic_to_arabizi,نعمة كريم,ni3mit kariim,na3me kariim,False,9,13
arabic_to_arabizi,طوق,tooq,tooq,True,3,4
arabizi_to_arabic,taasi3,تاسع,تاسع,True,6,4
arabizi_to_arabic,baliid,بليد,بليد,True,6,4
arabic_to_arabizi,حرول,7arwal,7ruul,False,4,6
arabizi_to_arabic,2injid,انجد,انجد,True,6,4
arabizi_to_arabic,wjuuh,وجوه,وجه,False,5,4
arabizi_to_arabic,yutbul,يطبل,يطبل,True,6,4
arabizi_to_arabic,daa2 2issufur,داء الصفر,داف السر,False,13,9
arabic_to_arabizi,شادد,shaadid,shaadid,True,4,7
arabizi_to_arabic,tshabraq2,تشبرق,تشبرق,True,9,5
arabizi_to_arabic,2iqfil,اقفل,اقفل,True,6,4
arabic_to_arabizi,يخوش,ykhawwish,ykhawwish,True,4,9
arabic_to_arabizi,سود,sawwid,sawwad,False,3,6
arabizi_to_arabic,yinqitif,ينقطف,ينقطف,True,8,5
arabizi_to_arabic,yghayyir,يغير,يغير,True,8,4
arabic_to_arabizi,يمتص,yimtass,ymassit,False,4,7
arabic_to_arabizi,واكب,waakib,waakib,True,4,6
arabic_to_arabizi,مشقي,mashqi,mshaqi,False,4,6
arabizi_to_arabic,tanfiiz,تنفيذ,تنفيز,False,7,5
arabizi_to_arabic,yitkalka3,يتكلكع,يتكلع,False,9,6
arabic_to_arabizi,ولدنة,waldane,loodane,False,5,7
arabizi_to_arabic,2inda3as,اندعس,اندعس,True,8,5
arabizi_to_arabic,lammam,لمم,لمم,True,6,3
arabic_to_arabizi,دواوين,dawawiin,dawawiin,True,6,8
arabizi_to_arabic,yisra7,يسرح,يسرح,True,6,4
arabic_to_arabizi,حادر,7aadir,7aadir,True,4,6
arabizi_to_arabic,maqkaa7iif,مقاحيف,مقاحيف,True,10,6
arabizi_to_arabic,qatlidj,قطلج,قتلج,False,7,4
arabizi_to_arabic,fawwit,فوت,فوت,True,6,3
arabic_to_arabizi,انضبع,2indibi3,2indaba3,False,5,8
arabizi_to_arabic,njuum 3izz 2idduhur,نجوم عز الظهر,نجم عظهر الظه,False,19,13
arabizi_to_arabic,tabshuur,طبشور,تبشور,False,8,5
arabizi_to_arabic,kharmash,خرمش,خرمش,True,8,4
arabic_to_arabizi,انخبل,2inkhibil,2inkhibil,True,5,9
arabic_to_arabizi,تنفذ,tnaffaz,tnaffaz,True,4,7
arabizi_to_arabic,fawwaz,فوز,فوز,True,6,3
arabizi_to_arabic,shaayit,شايط,شايط,True,7,4
arabic_to_arabizi,قوالب,qawaalib,qawaalib,True,5,8
arabizi_to_arabic,yi7tilim,يحتلم,يحتلم,True,8,5
arabic_to_arabizi,قروصة,qarwase,qarwase,True,5,7
arabic_to_arabizi,قصفة,qusfe,qasfe,False,4,5
arabic_to_arabizi,اقتحم,2iqta7am,2iqti7im,False,5,8
arabizi_to_arabic,madaabir,مدابر,مدابر,True,8,5
arabizi_to_arabic,2injarad,انجرد,انجرد,True,8,5
arabizi_to_arabic,yitnakkah,يتنكه,يتنكه,True,9,5
arabic_to_arabizi,عت,3att,3att,True,2,4
arabic_to_arabizi,عر,3irr,3arr,False,2,4
arabic_to_arabizi,بالطو,baalto,baaluut,False,5,6
arabic_to_arabizi,ينلهد,yinlihid,yinlihid,True,5,8
arabizi_to_arabic,khamiir,خمير,خمير,True,7,4
arabic_to_arabizi,فحل,fa7il,fa77il,False,3,5
arabic_to_arabizi,لسن,lassan,lassan,True,3,6
arabic_to_arabizi,أخو الميت,2akhol miyyet,2akhwal mayyit,False,9,13
arabizi_to_arabic,mkharmin,مخرمن,مخرمن,True,8,5
arabic_to_arabizi,يشمل,yishmal,yshammil,False,4,7
arabic_to_arabizi,بجاه النبي,bijaah 2innabi,bijaaha 2ilbeen,False,10,14
arabic_to_arabizi,مقاطع,maqaati3,maqaati3,True,5,8
arabizi_to_arabic,2a7aqqiyye,أحقية,أحقية,True,10,5
arabizi_to_arabic,2iqba3,اقبع,اقبع,True,6,4
arabic_to_arabizi,لا حمد ولا جميلة,laa 7amd wala jmiile,laa 7amid wala jile,False,16,20
arabic_to_arabizi,غشش,ghashshash,ghashshash,True,3,10
arabizi_to_arabic,2a3war,أعور,أعور,True,6,4
arabic_to_arabizi,لإجري,la2ijri,2iljari,False,5,7
arabizi_to_arabic,ylawwish,يلوش,يلوش,True,8,4
arabic_to_arabizi,يماحك,ymaa7ik,ymaaki7,False,5,7
arabizi_to_arabic,2imm,إم,ام,False,4,2
arabizi_to_arabic,2ammam,أمم,أمم,True,6,3
arabic_to_arabizi,يتقنعر,yitqan3ar,yitqan3ar,True,6,9
arabizi_to_arabic,hiba,هبة,هبا,False,4,3
arabic_to_arabizi,يتزفت,yitzaffat,yitzaffat,True,5,9
arabizi_to_arabic,kabsh qrunful,كبش قرنفل,كبش رفن,False,13,9
arabic_to_arabizi,اقسى,2iqsa,2iqsa,True,4,5
arabic_to_arabizi,شان,shaan,shaan,True,3,5
arabic_to_arabizi,محنك,m7annik,m7annik,True,4,7
arabizi_to_arabic,2ajbaan,أجبان,أجبان,True,7,5
arabic_to_arabizi,جودل,djoodal,joodal,False,4,7
arabic_to_arabizi,بز,bizz,bazz,False,2,4
arabic_to_arabizi,إبن الضرة مامنوش مسرة,2ibn 2iddurra maminuush masarra,binin 2ilmarda misha wumin shara,False,21,31
arabizi_to_arabic,kaluushe,كالوشة,كلوشة,False,8,6
arabizi_to_arabic,majra 2innafas,مجرى النفس,مجرى النسف,False,14,10
arabic_to_arabizi,قهوة شقرا,qahwe shaqra,qahwit sharaaq,False,9,12
arabic_to_arabizi,حيايا,7ayaaya,7yaaya,False,5,7
arabic_to_arabizi,دربزين,darabziin,darbaziin,False,6,9
arabic_to_arabizi,استحسن,2ista7san,2ista7sin,False,6,9
arabic_to_arabizi,اغصب,2ighsib,2ighsab,False,4,7
arabic_to_arabizi,تحزب,t7azzab,t7azzab,True,4,7
arabic_to_arabizi,اعجب,2i3jib,2i3jib,True,4,6
arabizi_to_arabic,masri,مصري,مسري,False,5,4
arabizi_to_arabic,mistaz2ib,مستذئب,مستذئب,True,9,6
arabizi_to_arabic,2itlaf,اتلف,اتلف,True,6,4
arabizi_to_arabic,mda3bal,مدعبل,مدعبل,True,7,5
arabic_to_arabizi,حامض,7aamid,7aamid,True,4,6
arabic_to_arabizi,ترواق,tirwaak,trawaaq,False,5,7
arabic_to_arabizi,فقر و نقر,fuqur wunuqur,faqq runuq,False,9,13
arabic_to_arabizi,اجرح,2ijra7,2ijra7,True,4,6
arabizi_to_arabic,yitwaaza,يتوازى,يتوازى,True,8,6
arabizi_to_arabic,maakhid,ماخذ,ماخذ,True,7,4
arabic_to_arabizi,اخصي,2ikhsi,2ikhsi,True,4,6
arabic_to_arabizi,امتاز,2imtaaz,2imtaaz,True,5,7
arabizi_to_arabic,yuqbud,يقبض,يقبض,True,6,4
arabic_to_arabizi,استبعد,2istab3ad,2istab3id,False,6,9
arabizi_to_arabic,7asham,حشم,حشم,True,6,3
arabizi_to_arabic,seer,سير,صير,False,4,3
arabic_to_arabizi,تعزيم,ta3ziim,ta3ziim,True,5,7
arabic_to_arabizi,عطن,3attin,3attin,True,3,6
arabizi_to_arabic,2unkut,انكت,انكت,True,6,4
arabizi_to_arabic,sha3bi,شعبي,شعب,False,6,4
arabizi_to_arabic,2ittiraari,اضطراري,اتطراري,False,10,7
arabizi_to_arabic,talli3,طلع,تلع,False,6,3
arabic_to_arabizi,انلهط,2inlihit,2inlahat,False,5,8
arabizi_to_arabic,sha3lal,شعلل,شعل,False,7,4
arabic_to_arabizi,ملغوم,malghuum,malghuum,True,5,8
arabizi_to_arabic,mdoo7is,مدوحس,مدوحس,True,7,5
arabic_to_arabizi,رقط,ra22at,raqqit,False,3,6
arabizi_to_arabic,2ighfal,اغفل,اغفل,True,7,4
arabizi_to_arabic,2inghazz,انغز,انغز,True,8,4
arabizi_to_arabic,tjammar,تجمر,تجمر,True,7,4
arabizi_to_arabic,da33as,دعس,دعس,True,6,3
arabic_to_arabizi,شاقق الأرض وطالع منها,shaaqiq 2il2ard wutaali3 minha,shaaqq 2il2ard wumaa 3annatilha,False,21,30
arabic_to_arabizi,زبالة,zbaale,zbaale,True,5,6
arabizi_to_arabic,hutuul,هطول,هطول,True,6,4
arabic_to_arabizi,يتواحى,yitwaa7a,yitwaa7a,True,6,8
arabizi_to_arabic,nazzih,نزه,نزه,True,6,3
arabic_to_arabizi,طهق,tihi2,tahhaq,False,3,5
arabizi_to_arabic,radi7,ردح,ردح,True,5,3
arabic_to_arabizi,فصعة,fas3a,fas3a,True,4,5
arabic_to_arabizi,تقرطس,tqartas,tqartas,True,5,7
arabic_to_arabizi,يفقد,yifqid,yfaqqid,False,4,6
arabic_to_arabizi,تشريح,tashrii7,tashrii7,True,5,8
arabizi_to_arabic,fusuuq,فسوق,فسوق,True,6,4
arabic_to_arabizi,انشخط,2inshikhit,2inshakhat,False,5,10
arabic_to_arabizi,مجاور,mujaawir,mjawaar,False,5,8
arabic_to_arabizi,تبطر,tbattar,tbattar,True,4,7
arabic_to_arabizi,يعج,y3idjdj,y3ijj,False,3,7
arabizi_to_arabic,zaakye,زاكية,زاكية,True,6,5
arabizi_to_arabic,7adaaya,حدايا,حدايا,True,7,5
arabizi_to_arabic,naaqish,ناقش,ناقش,True,7,4
arabizi_to_arabic,tayyib,طيب,طيب,True,6,3
arabizi_to_arabic,maskhuut,مسخوط,مسخوط,True,8,5
arabic_to_arabizi,اتكثف,2itkassaf,2itkassaf,True,5,9
arabic_to_arabizi,مختون,makhtuun,makhtuun,True,5,8
arabic_to_arabizi,سمم,sammam,sammim,False,3,6
arabic_to_arabizi,اشتري,2ishtiri,2ishtiri,True,5,8
arabizi_to_arabic,ruzz khabaabiis,رز خبابيص,رزي خباس,False,15,9
arabic_to_arabizi,استسلم,2istaslam,2istaslam,True,6,9
arabizi_to_arabic,yitsaahal,يتساهل,يتساهل,True,9,6
arabic_to_arabizi,خبز,khubiz,khabaz,False,3,6
arabizi_to_arabic,2itlawwa3,اتلوع,اتلوع,True,9,5
arabizi_to_arabic,yush3ur,يشعر,يشعر,True,7,4
arabizi_to_arabic,2imwadhdhi7,موذح,اموذح,False,11,4
arabizi_to_arabic,tkaddar,تكدر,تكدر,True,7,4
arabic_to_arabizi,اذبل,2idbal,2izbil,False,4,6
arabic_to_arabizi,يترتر,ytartir,yitrattar,False,5,7
arabizi_to_arabic,m3arraj,معرج,معرج,True,7,4
arabizi_to_arabic,7abruuq,حبروق,حبروق,True,7,5
arabizi_to_arabic,balbis,بلبص,لبص,False,6,4
arabic_to_arabizi,زلق,zallaq,zalliq,False,3,6
arabizi_to_arabic,saydalaani,صيدلاني,سيدالن,False,10,7
arabizi_to_arabic,mustakhdam,مستخدم,مستخدم,True,10,6
arabic_to_arabizi,صر,sarr,surr,False,2,4
arabizi_to_arabic,daffi,دفي,دفي,True,5,3
arabizi_to_arabic,3unuq,عنق,عنق,True,5,3
arabic_to_arabizi,مضمون,madmuun,madmuun,True,5,7
arabizi_to_arabic,yirwish,يروش,يروش,True,7,4
arabic_to_arabizi,اسطح,2ista7,2ista7,True,4,6
arabizi_to_arabic,nassal,نسل,نسل,True,6,3
arabic_to_arabizi,ينشد,yinshid,yinshadd,False,4,7
arabic_to_arabizi,بقلل,baqklil,baqlil,False,4,7
arabizi_to_arabic,karrir,كرر,كرر,True,6,3
arabic_to_arabizi,بندقاية,bundu2aaye,bandaaqiyye,False,7,10
arabizi_to_arabic,mbarbash,مبربش,مبربش,True,8,5
arabic_to_arabizi,البخ,2ilbakh,2ilbakh,True,4,7
arabizi_to_arabic,saliim,سليم,سليم,True,6,4
arabic_to_arabizi,يضبط,yizbat,ydabbit,False,4,6
arabic_to_arabizi,اسرع,2isri3,2isra3,False,4,6
arabizi_to_arabic,damm 2izzaghluul,دم الزغلول,دم الزغلول,True,16,10
arabic_to_arabizi,يتحرش,yit7arrash,yit7arrash,True,5,10
arabizi_to_arabic,2it7arram,اتحرم,اتحرم,True,9,5
arabic_to_arabizi,ممسك,mamsak,mamsak,True,4,6
arabic_to_arabizi,لغة,lugha,laghgha,False,3,5
arabic_to_arabizi,يعرم,y3arrim,y3arrim,True,4,7
arabic_to_arabizi,بيهق بحاله هق,bihuqq b7aalo haqq,biihq 7abiqo laaha,False,13,18
arabic_to_arabizi,اتحدى,2it7adda,2it7adda,True,5,8
arabizi_to_arabic,biddi 2aruddillo 2issaa3 saa3een,بدي أردله الصاع صاعين,بدي العدس العرونه,False,32,21
arabizi_to_arabic,lam,لم,لم,True,3,2
arabic_to_arabizi,يتلكع,yitlakka3,yitlakka3,True,5,9
arabic_to_arabizi,اكري,2ikri,2ikri,True,4,5
arabizi_to_arabic,2ikbish,اكبش,اكبش,True,7,4
arabic_to_arabizi,دنق,dannig,dannaq,False,3,6
arabizi_to_arabic,ylimm,يلم,يلم,True,5,3
arabizi_to_arabic,diff,دف,دف,True,4,2
arabic_to_arabizi,ما صدقت مصاديق الله,maa saddaqit masaadiiq 2alla,maa qadda salimt saaliiql,False,19,28
arabic_to_arabizi,مناجل,manaajil,manaajil,True,5,8
arabizi_to_arabic,dalghas,دلغص,دلغص,True,7,4
arabizi_to_arabic,3aawin,عاون,عاون,True,6,4
arabizi_to_arabic,saffal,سفل,سفل,True,6,3
arabizi_to_arabic,taayih,تايه,طايه,False,6,4
arabizi_to_arabic,rfiiq 2il3umur,رفيق العمر,رفق العمر,False,14,10
arabizi_to_arabic,tfahman,تفهمن,تفهمن,True,7,5
arabizi_to_arabic,2ab7aas,أبحاث,أبحاص,False,7,5
arabizi_to_arabic,madrase,مدرسة,مدرسة,True,7,5
arabic_to_arabizi,فحج,fa7aj,fa77ij,False,3,5
arabic_to_arabizi,يعين,y3iin,y3ayyin,False,4,5
arabizi_to_arabic,tnazzam,تنظم,تنظم,True,7,4
arabizi_to_arabic,2ajrad,أجرد,أجرد,True,6,4
arabizi_to_arabic,2ibdjar,ابجر,اتبجر,False,7,4
arabizi_to_arabic,qabir,قبر,قبر,True,5,3
arabizi_to_arabic,mba77ir,مبحر,مبحر,True,7,4
arabic_to_arabizi,يدلدل,ydaldil,ydaldil,True,5,7
arabizi_to_arabic,faa3il,فاعل,فاعل,True,6,4
arabic_to_arabizi,عشيرة,3ashiire,3ashiira,False,5,8
arabic_to_arabizi,هلمنة,halmane,halmane,True,5,7
arabic_to_arabizi,حاحا,7aa7a,7aa7a,True,4,5
arabic_to_arabizi,أقلمة,2aqlame,2aqlame,True,5,7
arabic_to_arabizi,يحبط,y7abbit,y7abbit,True,4,7
arabic_to_arabizi,خربط,kharbat,kharbat,True,4,7
arabizi_to_arabic,matara,مطرة,مطارة,False,6,4
arabizi_to_arabic,thaawash,تهاوش,تهاوش,True,8,5
arabizi_to_arabic,saadiqsaadi2,صادق,سدقاسيد,False,12,4
arabic_to_arabizi,جائز,jaa2iz,jaa2iz,True,4,6
arabizi_to_arabic,jaam3a,جامعة,جامعة,True,6,5
arabic_to_arabizi,يفرول,yfarwil,yfarwil,True,5,7
arabic_to_arabizi,قعش,qka3ash,qa3ash,False,3,7
arabizi_to_arabic,7unna,حنا,حنا,True,5,3
arabic_to_arabizi,يلقح,ylaqqi7,ylaqqi7,True,4,7
arabizi_to_arabic,2istaslam,استسلم,استسلم,True,9,6
arabizi_to_arabic,gharaf,غرف,غرف,True,6,3
arabizi_to_arabic,yzimm,يزم,يزم,True,5,3
arabic_to_arabizi,تشخص,tshakhkhas,tshakhkhas,True,4,10
arabizi_to_arabic,yghiib,يغيب,يغيب,True,6,4
arabizi_to_arabic,2ifruq,افرق,افرق,True,6,4
arabizi_to_arabic,2in7asir,انحصر,انحصر,True,8,5
arabizi_to_arabic,2itrashsh,اطرش,اطرش,True,9,4
arabic_to_arabizi,مجموعة,majmuu3a,majmuu3a,True,6,8
arabizi_to_arabic,riwshe,روشة,روشة,True,6,4
arabic_to_arabizi,فرط,farat,farrat,False,3,5
arabizi_to_arabic,yilmas,يلمس,يلمس,True,6,4
arabizi_to_arabic,shuqleeb,شقليب,شقلبة,False,8,5
arabic_to_arabizi,نعاج,n3aaj,na3aaj,False,4,5
arabizi_to_arabic,2iqtinis,اقتنص,اقتنص,True,8,5
arabic_to_arabizi,يتسهل,yitsahhal,yitsahhal,True,5,9
arabic_to_arabizi,عدايل,3adaayil,3adaayil,True,5,8
arabic_to_arabizi,نق,nuqq,naqq,False,2,4
arabizi_to_arabic,dallak,دلك,دلك,True,6,3
arabic_to_arabizi,ضعف,da33if,da33if,True,3,6
arabic_to_arabizi,توكس,twakas,twakkas,False,4,6
arabic_to_arabizi,روحه براس مناخيره,roo7o braas manaakhiiro,roo7o braas minakhari,False,17,23
arabizi_to_arabic,2ishtifi,اشتفي,اشتفي,True,8,5
arabic_to_arabizi,تدلدق,2iddalda2,2iddaldaq,False,5,9
arabic_to_arabizi,يؤجل,y2ajjil,y2ajjil,True,4,7
arabizi_to_arabic,qiime,قيمة,قيمة,True,5,4
arabic_to_arabizi,يحلقم,y7alqim,y7alqim,True,5,7
arabizi_to_arabic,ghawwish,غوش,غوش,True,8,3
arabic_to_arabizi,شمر عن ايديك وساعدنا,shammir 3an 2ideek wusaa3idna,shamar 3in waadiik 3aan,False,20,29
arabic_to_arabizi,أساور,2asaawir,2asaawir,True,5,8
arabizi_to_arabic,3asaafiir batni bitzaqziq,عصافير بطني بتزقزق,عصافي قب زيتر,False,25,18
arabizi_to_arabic,ytaali3,يطالع,يطالع,True,7,5
arabic_to_arabizi,حامل محمل,7aamil m7ammal,7aamil m7aml,False,9,14
arabizi_to_arabic,thari,ثري,ثري,True,5,3
arabizi_to_arabic,mzargin,مزرقن,مزرقن,True,7,5
arabic_to_arabizi,يتشحتف,yitsha7taf,yitsha7taf,True,6,10
arabizi_to_arabic,rassab,رسب,رصب,False,6,3
arabic_to_arabizi,واسطة,waasta,waasata,False,5,6
arabic_to_arabizi,ينطز,ynattiz,yintuz,False,4,7
arabic_to_arabizi,بركة,barake,barke,False,4,6
arabic_to_arabizi,يتمصوع,yitmaswa3,yitmaswa3,True,6,9
arabizi_to_arabic,2ittaawaq,اتطاوق,اتطاوق,True,9,6
arabizi_to_arabic,ki7i,كحي,كحي,True,4,3
arabizi_to_arabic,yistahdif,يستهدف,يستهدف,True,9,6
arabic_to_arabizi,تغامز,tghaamaz,tghaamaz,True,5,8
arabic_to_arabizi,فرسمونا,farsamuuna,farsuumaan,False,7,10
arabizi_to_arabic,nassib,نصب,نصب,True,6,3
arabizi_to_arabic,fattuush,فتوش,فتوش,True,8,4
arabizi_to_arabic,ma3at,معط,معط,True,5,3
arabic_to_arabizi,مدرع,mdarra3,mdarri3,False,4,7
arabic_to_arabizi,دك,dikk,dakk,False,2,4
arabic_to_arabizi,انده,2indah,2inhadd,False,4,6
arabizi_to_arabic,t3azran,تعزرن,تعزرن,True,7,5
arabizi_to_arabic,3ala raasi min fooq,على راسي من فوق,على رق من فوسه,False,19,15
arabic_to_arabizi,يتعاون,yit3aawan,yit3aawan,True,6,9
arabizi_to_arabic,2ikhtibir,اختبر,اختبر,True,9,5
arabizi_to_arabic,zughubri,زغبري,زغبر,False,8,5
arabic_to_arabizi,بكرية,bikriyye,bakriyye,False,5,8
arabizi_to_arabic,nashaz,نشز,نشز,True,6,3
arabic_to_arabizi,خذلان,khizlaan,khazlaan,False,5,8
arabizi_to_arabic,y3askir,يعسكر,يعسكر,True,7,5
arabizi_to_arabic,2ajiid,أجيد,أجيد,True,6,4
arabizi_to_arabic,2istakhlif,استخلف,استخفل,False,10,6
arabic_to_arabizi,يسلط,ysallit,ysallit,True,4,7
arabic_to_arabizi,يشرت,ysharrit,ysharrit,True,4,8
arabizi_to_arabic,bufteek,بفتيك,بيتفكة,False,7,5
arabic_to_arabizi,انبحت فرد بحتة,2inba7at fard ba7te,2inba7at tafara7 bada,False,14,19
arabic_to_arabizi,اغنى,2ighna,2ighna,True,4,6
arabic_to_arabizi,توجب,twajjab,twajjab,True,4,7
arabizi_to_arabic,yghazziz,يغزز,يغزز,True,8,4
arabizi_to_arabic,na3if,نعف,نعف,True,5,3
arabic_to_arabizi,زبون,zbuun,bazwan,False,4,5
arabic_to_arabizi,منبع,manba3,mnabbi3,False,4,6
arabic_to_arabizi,زعانيب,za3aaniib,za3aaniib,True,6,9
arabizi_to_arabic,yqattir,يقطر,يقتر,False,7,4
arabic_to_arabizi,جفاصة,jafaasa,jaffaase,False,5,7
arabizi_to_arabic,qarshe,قرشة,قرشة,True,6,4
arabic_to_arabizi,اتحادق,2it7aadaqg,2it7aadaq,False,6,10
arabic_to_arabizi,لفحة هوا,laf7it hawa,laffe 7awaa,False,8,11
arabizi_to_arabic,nasaa7a,نصاحة,نصاحة,True,7,5
arabizi_to_arabic,dabshe,دبشة,دبشة,True,6,4
arabic_to_arabizi,استقرار,2istiqraar,2istiqraar,True,7,10
arabic_to_arabizi,يعبد,yi3bud,y3abbid,False,4,6
arabic_to_arabizi,مطول,mtawwil,mtool,False,4,7
arabizi_to_arabic,3arab,عرب,عرب,True,5,3
arabizi_to_arabic,massaake,مساكة,مساكة,True,8,5
arabic_to_arabizi,ينلبخ,yinlibikh,yinlibikh,True,5,9
arabic_to_arabizi,محتشم,mu7tashim,m7atshim,False,5,9
arabizi_to_arabic,la7se,لحسة,لحسة,True,5,4
arabic_to_arabizi,فخار يكسر بعضه,fakhkhaar ykassir ba3do,fakhkhaar raad 3abiis,False,14,23
arabic_to_arabizi,يلجج,yladjdjidj,ylajjidj,False,4,10
arabizi_to_arabic,jass,جس,جس,True,4,2
arabizi_to_arabic,2inqitif,انقطف,انقطف,True,8,5
arabic_to_arabizi,يدفش,yidfish,ydaffish,False,4,7
arabic_to_arabizi,مسكن,musakkin,msakkin,False,4,8
arabizi_to_arabic,3aks 2ittayyaar,عكس التيار,عكس الطريا,False,15,10
arabic_to_arabizi,وبر,wabbar,boor,False,3,6
arabizi_to_arabic,nashiid,نشيد,نشيد,True,7,4
arabizi_to_arabic,yit3aataf,يتعاطف,يتعاطف,True,9,6
arabizi_to_arabic,qassi,قسي,قصي,False,5,3
arabizi_to_arabic,3araayis,عرايس,عرايس,True,8,5
arabic_to_arabizi,تبعبل,tba3bal,tba3bal,True,5,7
arabic_to_arabizi,حشرة,7ashra,7ashra,True,4,6
arabic_to_arabizi,منتج,muntij,mantij,False,4,6
arabizi_to_arabic,bakkas,بكس,بكس,True,6,3
arabizi_to_arabic,2it7attam,اتحطم,اتحتم,False,9,5
arabizi_to_arabic,jurun,جرن,جرن,True,5,3
arabizi_to_arabic,mu7aasabe,محاسبة,محاسبة,True,9,6
arabizi_to_arabic,2imtili,امتلي,امتلي,True,7,5
arabic_to_arabizi,اتراسل,2itraasal,2itraasal,True,6,9
arabizi_to_arabic,tjaanas,تجانس,تجانس,True,7,5
arabic_to_arabizi,ابلع,2ibla3,2ibla3,True,4,6
arabic_to_arabizi,اقصي,2iqsi,2iqsi,True,4,5
arabic_to_arabizi,عملقة,3amlaqa,3amlaqa,True,5,7
arabic_to_arabizi,انمحن,2inmi7in,2inmi7in,True,5,8
arabic_to_arabizi,علل,3allil,3allil,True,3,6
arabic_to_arabizi,ثور,thawwar,wassar,False,3,7
arabic_to_arabizi,طرطش,tartish,tartish,True,4,7
arabizi_to_arabic,khaalif tu3raf,خالف تعرف,خالف عطر,False,14,9
arabic_to_arabizi,يعلب,y3allib,y3allib,True,4,7
arabic_to_arabizi,حق,7uqq,7aqq,False,2,4
arabizi_to_arabic,musawwar,مصور,مساور,False,8,4
arabizi_to_arabic,dunya,دنيا,دنيا,True,5,4
arabizi_to_arabic,shiik,شيك,شيك,True,5,3
arabic_to_arabizi,مهزلة,mahzale,mahzale,True,5,7
arabizi_to_arabic,khattaar,خطار,خطار,True,8,4
arabizi_to_arabic,yista3tif,يستعطف,يستعطف,True,9,6
arabic_to_arabizi,اتطابش,2ittaabash,2ittaabash,True,6,10
arabic_to_arabizi,جيزان,jiizaan,jiizaan,True,5,7
arabic_to_arabizi,مقصب,mqassab,mqassib,False,4,7
arabic_to_arabizi,قلقيز,kalkiiz,qalqiiz,False,5,7
arabic_to_arabizi,دعبب,da3bib,da3bib,True,4,6
arabic_to_arabizi,اتفرط,2itfarrat,2itfarrat,True,5,9
arabic_to_arabizi,يتلح,ytalli7,yitla77,False,4,7
arabizi_to_arabic,mghabbish,مغبش,مغبش,True,9,4
arabic_to_arabizi,إرادة,2iraade,2iraade,True,5,7
arabic_to_arabizi,انرص,2inrass,2inrass,True,4,7
arabizi_to_arabic,7uthaalit 2ilqahwe,حثالة القهوة,حثاها القوالة,False,18,12
arabizi_to_arabic,ybakhkhis,يبخس,يبخس,True,9,4
arabizi_to_arabic,3addad,عدد,عدد,True,6,3
arabic_to_arabizi,نضوج,nuduuj,nawwadj,False,4,6
arabic_to_arabizi,ملاليم,malaaliim,malaaliim,True,6,9
arabic_to_arabizi,اخفق,2ukhfuq,2ikhfiq,False,4,7
arabic_to_arabizi,عايي,3aayi,3aayi,True,4,5
arabic_to_arabizi,ادخر,2iddakhar,2idkhar,False,4,9
arabizi_to_arabic,3uquuq,عقوق,عقوق,True,6,4
arabic_to_arabizi,مقلم,mqallam,mqallim,False,4,7
arabizi_to_arabic,2itfallakh,اتفلخ,اتفلخ,True,10,5
arabizi_to_arabic,muuharr,موهر,مهور,False,7,4
arabizi_to_arabic,khanaajir,خناجر,خناجر,True,9,5
arabizi_to_arabic,khityaar,ختيار,خطير,False,8,5
arabizi_to_arabic,midwad 2ittaawle,مدود الطاولة,مدوا التالة,False,16,12
arabic_to_arabizi,أرخ,2arrikh,2arrakh,False,3,7
arabic_to_arabizi,شبعان,shab3aan,shab3aan,True,5,8
arabic_to_arabizi,معاناة,mu3aanaa,m3aanaa,False,6,8
arabizi_to_arabic,yiltiwiq,يلتوق,يلتوق,True,8,5
arabizi_to_arabic,raqa3at di7ke,رقعت ضحكة,رقعة دحكة,False,13,9
arabic_to_arabizi,قربعة,karba3a,qarba3a,False,5,7
arabic_to_arabizi,عارض,3aarad,3aarid,False,4,6
arabic_to_arabizi,يترمل,yitrammal,yitrammal,True,5,9
arabizi_to_arabic,yoom 2ilqiyaame,يوم القيامة,يوم القية,False,15,11
arabizi_to_arabic,maalo,ماله,مالو,False,5,4
arabic_to_arabizi,انمسح,2inmasa7,2inmisi7,False,5,8
arabizi_to_arabic,ghatas,غطس,غطس,True,6,3
arabic_to_arabizi,بيض,beed,bidi,False,3,4
arabic_to_arabizi,مي,mayy,mi,False,2,4
arabic_to_arabizi,محتل,mu7tall,m7attil,False,4,7
arabizi_to_arabic,thadjdjas,تهجص,تهجص,True,9,4
arabizi_to_arabic,hrubbe,هربة,هربة,True,6,4
arabizi_to_arabic,jaa7,جاح,جاح,True,4,3
arabizi_to_arabic,2ahwan bala,أهون بلا,أهون بلا,True,11,8
arabizi_to_arabic,dibiq,دبق,دبق,True,5,3
arabic_to_arabizi,فلص,fallis,fallis,True,3,6
arabic_to_arabizi,يتحلل,yit7allal,yit7allal,True,5,9
arabic_to_arabizi,لت,latt,latt,True,2,4
arabic_to_arabizi,يتحزمق,yit7azmag,yit7azmaq,False,6,9
arabizi_to_arabic,2abu haaluuk,أبو هالوك,أبو هولك,False,12,9
arabic_to_arabizi,عليه اجر,3alee 2ijri,3ali jara,False,8,11
arabic_to_arabizi,ليلخ,leelikh,leelakh,False,4,7
arabizi_to_arabic,7awiyye,حوية,حوية,True,7,4
arabizi_to_arabic,naqkriz,نقرز,نقرز,True,7,4
arabic_to_arabizi,وقع سطل بطنه,wiqi3 satil batno,waq3at salab tno,False,12,17
arabic_to_arabizi,لعب بأعصاب,li3ib bi2a3saab,la3ab 2asabi3,False,10,15
arabizi_to_arabic,7abbab,حبب,حبب,True,6,3
arabic_to_arabizi,طنة ورنة,tanne wranne,tanne wrane,False,8,12
arabic_to_arabizi,أنا,2ana,2anna,False,3,4
arabizi_to_arabic,njaara,نجارة,نجارة,True,6,5
arabizi_to_arabic,2iddinya 7ayaa 2aw moot,الدنيا حياة أو موت,اضي حنيا ومياته,False,23,18
arabizi_to_arabic,nuub,نوب,نوب,True,4,3
arabic_to_arabizi,مهني,mhanni,mhanni,True,4,6
arabic_to_arabizi,مقحاف,miqk7aaf,mqa77aaf,False,5,8
arabic_to_arabizi,تناسخ,tnaasakh,tnaasakh,True,5,8
arabic_to_arabizi,تمعمل,tma3mal,tma3mal,True,5,7
arabic_to_arabizi,مخاليق,makhaaliiq,makhaaliiq,True,6,10
arabizi_to_arabic,tfarraz,تفرز,تفرز,True,7,4
arabizi_to_arabic,tawwir,طور,طور,True,6,3
arabic_to_arabizi,بعدها,ba3idha,ba3daaha,False,5,7
arabic_to_arabizi,جبب,djibab,jabbib,False,3,6
arabizi_to_arabic,jant,جنط,جنت,False,4,3
arabizi_to_arabic,2im7i,امحي,امحي,True,5,4
arabizi_to_arabic,shaaliq nii3o,شالق نيعه,شالق نيعه,True,13,9
arabic_to_arabizi,يصربع,ysarbi3,ysarbi3,True,5,7
arabic_to_arabizi,سكج,sakkij,sakkaj,False,3,6
arabizi_to_arabic,3aknin,عكنن,عكنن,True,6,4
arabizi_to_arabic,ghiib,غيب,غيب,True,5,3
arabizi_to_arabic,3akkim,عكم,عكم,True,6,3
arabizi_to_arabic,samak,سمك,سمك,True,5,3
arabizi_to_arabic,barquuq,برقوق,برقوق,True,7,5
arabizi_to_arabic,7aayish,حايش,حايش,True,7,4
arabic_to_arabizi,أقسام,2aqsaam,2aqsaam,True,5,7
arabic_to_arabizi,نجاسة,najaase,najaase,True,5,7
arabizi_to_arabic,shiishe,شيشة,شيشة,True,7,4
arabizi_to_arabic,7asbane,حسبنة,حسبنة,True,7,5
arabizi_to_arabic,salli,سلي,سلي,True,5,3
arabic_to_arabizi,جلان,glaan,jallaan,False,4,5
arabizi_to_arabic,sawwagh,سوغ,سوغ,True,7,3
arabic_to_arabizi,بلبص,balbis,balbas,False,4,6
arabic_to_arabizi,شطولة,shtuule,shatwale,False,5,7
arabic_to_arabizi,جوانح,jawaani7,jawaani7,True,5,8
arabic_to_arabizi,شارب من حليب حمارة,shaarib min 7aliib 7maara,shaarib min 7arabil 7aara,False,18,25
arabic_to_arabizi,اقتطع,2iqtata3,2iqtata3,True,5,8
arabic_to_arabizi,اندرم,2indirim,2indaram,False,5,8
arabic_to_arabizi,قيت,qiit,qayyat,False,3,4
arabic_to_arabizi,مسواطة,miswaata,muswaata,False,6,8
arabic_to_arabizi,ملكان,malakaan,malkaan,False,5,8
arabizi_to_arabic,baanse,بانسة,بانسة,True,6,5
arabizi_to_arabic,2infat7at manaafsi,انفتحت منافسي,انفتحت مناسي,False,18,13
arabizi_to_arabic,fadd,فض,فض,True,4,2
arabizi_to_arabic,ynarfiz,ينرفز,ينرفز,True,7,5
arabic_to_arabizi,ذقن,diqin,daqqin,False,3,5
arabic_to_arabizi,سحاتيت,sa7aatiit,sa7aatiit,True,6,9
arabizi_to_arabic,fari3,فرع,فرع,True,5,3
arabizi_to_arabic,waq3a,وقعة,وقعة,True,5,4
arabizi_to_arabic,sihir,صهر,سهر,False,5,3
arabic_to_arabizi,يستقبح,yistaqbi7,yistaqbi7,True,6,9
arabic_to_arabizi,تكحتت,tka7tat,tka7tat,True,5,7
arabizi_to_arabic,takhkh,طخ,طخ,True,6,2
arabic_to_arabizi,ونونة,wanwane,wanwane,True,5,7
arabizi_to_arabic,yirtizi3,يرتزع,يرتزع,True,8,5
arabizi_to_arabic,bawaatiin,بواطين,بواطين,True,9,6
arabizi_to_arabic,djabashe,جبشة,جبشة,True,8,4
arabic_to_arabizi,وعد,wa3ad,wa33id,False,3,5
arabizi_to_arabic,dakhle,دخلة,دخلة,True,6,4
arabizi_to_arabic,kaddar,كدر,كدر,True,6,3
arabizi_to_arabic,rawaa2i7,روائح,روائح,True,8,5
arabizi_to_arabic,yukfur,يكفر,يكفر,True,6,4
arabic_to_arabizi,تقصع,tqassa3,tqassa3,True,4,7
arabizi_to_arabic,tawziif,توظيف,توزيف,False,7,5
arabic_to_arabizi,افسق,2ufsuq,2ifsiq,False,4,6
arabizi_to_arabic,yidwir,يدور,يدور,True,6,4
arabic_to_arabizi,اتحرر,2it7arrar,2it7arrar,True,5,9
arabic_to_arabizi,قطع إجره,qata3 2ijro,qat3 2ijro,False,8,11
arabizi_to_arabic,farq,فرق,فرق,True,4,3
arabizi_to_arabic,2i7qun,احقن,احقن,True,6,4
arabizi_to_arabic,mfookhir,مفوخر,مفوخر,True,8,5
arabic_to_arabizi,ينفتح,yinfiti7,yinfiti7,True,5,8
arabic_to_arabizi,نكه,nakkih,nakkah,False,3,6
arabic_to_arabizi,هوا,huwwa,hawwa,False,3,5
arabic_to_arabizi,طبشورة,tabshuura,tabshuura,True,6,9
arabic_to_arabizi,بلش,balash,ballash,False,3,6
arabizi_to_arabic,2istiiraad,استيراد,استيراد,True,10,7
arabizi_to_arabic,2istanjid,استنجد,استنجد,True,9,6
arabic_to_arabizi,انصر,2unsur,2insarr,False,4,6
arabic_to_arabizi,خباز,khabbaaz,khubbaaz,False,4,8
arabic_to_arabizi,العذراء,2al 3adhraa2,2il3izraa2,False,7,12
arabizi_to_arabic,salqa,سلقة,سلقة,True,5,4
arabic_to_arabizi,عينه بيضا,3eeno beeda,3eeno byaada,False,9,11
arabic_to_arabizi,تجبر,tjabbar,tjabbar,True,4,7
arabizi_to_arabic,shikil,شكل,شكل,True,6,3
arabic_to_arabizi,برص,barris,baras,False,3,6
arabic_to_arabizi,استعصى,2ista3sa,2ista3sa,True,6,8
arabic_to_arabizi,خريج سجون,khirriij sjuun,khariij suun,False,9,14
arabic_to_arabizi,يولي,ywalli,ywalli,True,4,6
arabizi_to_arabic,2ikhbiz,اخبز,اخبز,True,7,4
arabic_to_arabizi,متقوقع,mitqooqi3,mitqooqi3,True,6,9
arabic_to_arabizi,عالج,3aalij,3aalij,True,4,6
arabic_to_arabizi,زغروب,zaghruub,zaghruub,True,5,8
arabic_to_arabizi,يغدى,yghaddi,yighda,False,4,7
arabic_to_arabizi,استكشاف,2istikshaaf,2istikshaaf,True,7,11
arabizi_to_arabic,durraab,دراب,دراب,True,7,4
arabic_to_arabizi,يقش,yqushsh,yqashsh,False,3,7
arabic_to_arabizi,ضايق,daayiq,daayiqdaada2,False,4,6
arabic_to_arabizi,المس,2ilmas,2ilmas,True,4,6
arabizi_to_arabic,tab7iira,تبحيرة,تبيحرة,False,8,6
arabic_to_arabizi,أقطار,2aqtaar,2aqtaar,True,5,7
arabizi_to_arabic,7ill 3anni,حل عني,حل عني,True,10,6
arabizi_to_arabic,yfassid,يفسد,يفسد,True,7,4
arabic_to_arabizi,تلقوط,tla2wat,tlaqwat,False,5,7
arabizi_to_arabic,mqarrin,مقرن,مقرن,True,7,4
arabizi_to_arabic,2itsaaba,اتصابى,اتصابى,True,8,6
arabic_to_arabizi,يشرق,ysharriq,ysharriq,True,4,8
arabic_to_arabizi,ربط الزلمة,rabat 2izzalame,rabt 2izzalme,False,10,15
arabizi_to_arabic,2idrus,ادرس,ادرس,True,6,4
arabizi_to_arabic,2ikdim,اكدم,اكدم,True,6,4
arabic_to_arabizi,ادهن,2idhan,2idhan,True,4,6
arabic_to_arabizi,يتحرض,yit7arrad,yit7addar,False,5,9
arabic_to_arabizi,عقص,3uqas,3aqas,False,3,5
arabic_to_arabizi,اسقي,2isqi,2isqi,True,4,5
arabic_to_arabizi,مرهون ب,marhuun bi,mro nabbuu,False,7,10
arabizi_to_arabic,2ithaajam,اتهاجم,اتهاجم,True,9,6
arabic_to_arabizi,سايح,saayi7,saayi7,True,4,6
arabic_to_arabizi,مدرر,mdarrir,mdarrir,True,4,7
arabic_to_arabizi,مصيري,masiiri,msayri,False,5,7
arabic_to_arabizi,يحس,y7iss,y7ass,False,3,5
arabizi_to_arabic,yista7yin,يستحين,يستحين,True,9,6
arabizi_to_arabic,tooz,طوز,طوز,True,4,3
arabizi_to_arabic,ysawwid,يسود,يسود,True,7,4
arabic_to_arabizi,يسير,ysiir,ysayyir,False,4,5
arabizi_to_arabic,khallaat,خلاط,خلاط,True,8,4
arabic_to_arabizi,استذأب,2istaz2ab,2istaz2ab,True,6,9
arabizi_to_arabic,2iglib widjhak,اقلب وجهك,اليب وجغد,False,14,9
arabic_to_arabizi,طبيب,tabiib,tabiib,True,4,6
arabizi_to_arabic,madaalye,مدالية,مدايلة,False,8,6
arabizi_to_arabic,2itnaddaf,اتنظف,اتنظف,True,9,5
arabizi_to_arabic,baraaniit 2ilmaskuub,برانيط المسكوب,برانية الأسموك,False,20,14
arabic_to_arabizi,سباعي,sbaa3i,sabaa3i,False,5,6
arabizi_to_arabic,yimlakh,يملخ,يملخ,True,7,4
arabizi_to_arabic,mrabbat,مربط,مربط,True,7,4
arabizi_to_arabic,yitsarkat,يتسرقط,يتسركط,False,9,6
arabic_to_arabizi,مقذوع,magdhuu3,mqadhwi3,False,5,8
arabizi_to_arabic,tjammal,تجمل,تجمل,True,7,4
arabic_to_arabizi,مستشفى المجانين,mustashfa 2ilmajaaniin,mustafashi 2iljaniim,False,15,22
arabizi_to_arabic,misht 2il2ard,مشط الأرض,مشت الأرض,False,13,9
arabic_to_arabizi,بحبش,ba7bish,ba7bash,False,4,7
arabic_to_arabizi,واحد,waa7ad,waa7id,False,4,6
arabizi_to_arabic,yitbattar,يتبطر,يتبطر,True,9,5
arabic_to_arabizi,ركاية,rakkaaye,rakaaye,False,5,8
arabizi_to_arabic,qiyam,قيم,قيم,True,5,3
arabic_to_arabizi,قدام,quddaam,qaddaam,False,4,7
arabic_to_arabizi,انمرش,2inmarash,2inmirish,False,5,9
arabic_to_arabizi,أمد,2amadd,2ammad,False,3,6
arabizi_to_arabic,ydibb,يدب,يدب,True,5,3
arabizi_to_arabic,yqash3ir,يقشعر,يقشعر,True,8,5
arabic_to_arabizi,حوط,7awwit,7awwat,False,3,6
arabizi_to_arabic,2ittahhar,اتطهر,اتطهر,True,9,5
arabizi_to_arabic,jlaal,جلال,جلال,True,5,4
arabic_to_arabizi,مدابشة,mdaabashe,mdaabashe,True,6,9
arabizi_to_arabic,qiit,قيت,قيط,False,4,3
arabizi_to_arabic,tassa3,تسع,تسع,True,6,3
arabizi_to_arabic,qaddas,قدس,قدس,True,6,3
arabic_to_arabizi,يطوش,yitwish,ytawwish,False,4,7
arabic_to_arabizi,خمخوم,khamkhuum,khamkhuum,True,5,9
arabic_to_arabizi,محزمة,m7azzame,mi7zime,False,5,8
arabizi_to_arabic,wishsh,وش,وش,True,6,2
arabizi_to_arabic,mkhanshir,مخنشر,مخنشر,True,9,5
arabic_to_arabizi,مقزز,muqazziz,mqazziz,False,4,8
arabic_to_arabizi,مخط,makhkhat,makhkhit,False,3,8
arabic_to_arabizi,ينوح,ynuu7,ynawwi7,False,4,5
arabizi_to_arabic,2inbaas,انباس,انباس,True,7,5
arabic_to_arabizi,يستنعم,yistan3im,yistan3im,True,6,9
arabic_to_arabizi,أعمى,2a3ma,2a3ma,True,4,5
arabizi_to_arabic,minkhirit,منخرط,منخرط,True,9,5
arabic_to_arabizi,حامل بطنه عظهره,7aamil batno 3adahro,7aamil batttihur 3uno,False,15,20
arabic_to_arabizi,نقاق,naqqaaq,naqaaq,False,4,7
arabizi_to_arabic,ymattin,يمتن,يمطن,False,7,4
arabic_to_arabizi,مجلتن,mjaltin,mjaltin,True,5,7
arabizi_to_arabic,2ij3aluuha b3oode,اجعلوها عودة,إجعاله بالعودة,False,17,12
arabizi_to_arabic,tawa77ud,توحد,توحد,True,8,4
arabizi_to_arabic,2inqirid,انقرض,انقرد,False,8,5
arabizi_to_arabic,ykookiz,يقوقز,يكوكز,False,7,5
arabic_to_arabizi,خسف عليك الباب,khasaf 3aleek 2ilbaab,sakhaf 3alaa bikhaab,False,14,21
arabic_to_arabizi,أقص لسانه,2aquss lsaano,2aqsal 2isno,False,9,13
arabic_to_arabizi,المرض الغريب,2ilmarad 2ilghariib,2ilmarma biddiir,False,12,19
arabizi_to_arabic,yindab,ينضب,يندب,False,6,4
arabic_to_arabizi,مقبوض,maqbuud,maqbuud,True,5,7
arabic_to_arabizi,تشاور,tshaawar,tshaawar,True,5,8
arabizi_to_arabic,2indabat,انضبط,انضبط,True,8,5
arabizi_to_arabic,t3awwar,تعور,تعور,True,7,4
arabic_to_arabizi,متدرون,middarwin,middarwan,False,6,9
arabizi_to_arabic,mushut,مشط,مشوط,False,6,3
arabic_to_arabizi,نقز,naqaz,naqqiz,False,3,5
arabic_to_arabizi,ذنب,zanb,dannab,False,3,4
arabizi_to_arabic,hiin,هين,هين,True,4,3
arabic_to_arabizi,تناقر,tnaaqar,tnaaqar,True,5,7
arabizi_to_arabic,qinaa3,قناع,قناع,True,6,4
arabizi_to_arabic,sha77aad,شحاذ,شحاد,False,8,4
arabic_to_arabizi,زحاليق,za7aaliiq,za7aaliiq,True,6,9
arabic_to_arabizi,يتك,ytikk,ytikk,True,3,5
arabizi_to_arabic,tajammu3,تجمع,تجمع,True,8,4
arabic_to_arabizi,التهم,2iltihim,2iltaham,False,5,8
arabizi_to_arabic,7oorib,حورب,حورب,True,6,4
arabizi_to_arabic,misik,مسك,مسك,True,5,3
arabic_to_arabizi,أخف,2akhaff,2akhkhaf,False,3,7
arabic_to_arabizi,صفيحة,sfii7a,safii7a,False,5,6
arabizi_to_arabic,yitshabshab,يتشبشب,يتشبشب,True,11,6
arabizi_to_arabic,shiyuu3iyye,شيوعية,شوعية,False,11,6
arabizi_to_arabic,jalbat,جلبط,جلبط,True,6,4
arabizi_to_arabic,7awwil,حول,حول,True,6,3
arabic_to_arabizi,تجانس,tjaanas,tjaanas,True,5,7
arabic_to_arabizi,عفق,3afiq,3affaq,False,3,5
arabizi_to_arabic,yisduf,يصدف,يسدف,False,6,4
arabic_to_arabizi,عازم,3aazim,3aazim,True,4,6
arabic_to_arabizi,نكشة راس,nakshit raas,nakshit raas,True,8,12
arabizi_to_arabic,3aashiq,عاشق,عاشق,True,7,4
arabic_to_arabizi,عطش,3itish,3attish,False,3,6
arabizi_to_arabic,2insala7,انصلح,انسلح,False,8,5
arabizi_to_arabic,rubze,ربزة,رزبة,False,5,4
arabic_to_arabizi,حنظلة,7andala,7andale,False,5,7
arabizi_to_arabic,2inkabas 3ala nafasi,انكبس على نفسه,انكب على سناف,False,20,14
arabizi_to_arabic,lafte,لفتة,لفتة,True,5,4
arabizi_to_arabic,zghiir,صغير,زغير,False,6,4
arabizi_to_arabic,2infiraaj,انفراج,انفراج,True,9,6
arabizi_to_arabic,7iff,حف,حف,True,4,2
arabizi_to_arabic,mubtahij,مبتهج,مبطهج,False,8,5
arabizi_to_arabic,2iyya22is,ييئس,إيئس,False,9,4
arabic_to_arabizi,مو,muu,maww,False,2,3
arabizi_to_arabic,khanne,خنة,خنة,True,6,3
arabizi_to_arabic,yinqisim,ينقسم,ينقصم,False,8,5
arabic_to_arabizi,ينفعل,yinfi3il,yinfi3il,True,5,8
arabizi_to_arabic,tootya,توتيا,طوطية,False,6,5
arabic_to_arabizi,ارقي,2irqi,2irqi,True,4,5
arabizi_to_arabic,saqir,صقر,سقر,False,5,3
arabic_to_arabizi,زقلة,zuqle,zaqle,False,4,5
arabizi_to_arabic,2inba77,انبح,انبح,True,7,4
arabizi_to_arabic,khudh,خذ,خذ,True,5,2
arabizi_to_arabic,rasse,رصة,رصة,True,5,3
arabizi_to_arabic,byikhtiri3 2izzarra,بيخترع الذرة,بيخترز العرز,False,19,12
arabizi_to_arabic,min rii7it,من ريحة,من ريحت,False,10,7
arabic_to_arabizi,يتمانح,yitmaana7,yitmaana7,True,6,9
arabizi_to_arabic,2il7aa7,إلحاح,الحاح,False,7,5
arabizi_to_arabic,raqis,رقص,رقص,True,5,3
arabic_to_arabizi,بغل,baghil,baghghal,False,3,6
arabic_to_arabizi,صيت,siit,siit,True,3,4
arabizi_to_arabic,mintishi,منتشي,منتشي,True,8,5
arabic_to_arabizi,سهر,sihir,sahhir,False,3,5
arabic_to_arabizi,قابة,qaabe,qaabe,True,4,5
arabizi_to_arabic,yaa doob,يا دوب,يا ضوب,False,8,6
arabizi_to_arabic,ykhallif,يخلف,يخلف,True,8,4
arabic_to_arabizi,قطما,qatma,qatma,True,4,5
arabizi_to_arabic,ka7tuut,كحتوت,كحتوت,True,7,5
arabizi_to_arabic,ru2ya,رؤية,رؤيا,False,5,4
arabizi_to_arabic,thuqub,ثقب,ثقب,True,6,3
arabizi_to_arabic,2ilbis,البس,البس,True,6,4
arabic_to_arabizi,انكمش,2inkimish,2inkimish,True,5,9
arabic_to_arabizi,تسخير,taskhiir,taskhiir,True,5,8
arabic_to_arabizi,لفحة,laf7a,laf7a,True,4,5
arabizi_to_arabic,2isra7,اسرح,اسرح,True,6,4
arabic_to_arabizi,رعيان,ri3yaan,ra3iyaan,False,5,7
arabic_to_arabizi,يشتري,yishtiri,yishtiri,True,5,8
arabizi_to_arabic,7amsaawi,حمساوي,حمصاوي,False,8,6
arabic_to_arabizi,جاوب,jaawib,jaawib,True,4,6
arabic_to_arabizi,يبربر,ybarbir,ybarbir,True,5,7
arabizi_to_arabic,yi3tiqil,يعتقل,يعتقل,True,8,5
arabizi_to_arabic,daghdaghe,دغدغة,دغدغة,True,9,5
arabizi_to_arabic,2inshaalla maa btirja3 2illa 3akhashabe,انشالله ما بترجع إلا عخشبة,انشاه ما بتعلى عجر الل عخلة,False,39,26
arabic_to_arabizi,هواجس,hawaajis,hoojaas,False,5,8
arabic_to_arabizi,بعط,ba3at,ba33at,False,3,5
arabic_to_arabizi,عصعص,3as3as,3as3as,True,4,6
arabizi_to_arabic,mawwal,مول,مول,True,6,3
arabic_to_arabizi,مواقد,mawaaqid,mwaaqad,False,5,8
arabic_to_arabizi,فصولها الناقصة,fsuulha 2innaaqsa,foosil 2ilqasane,False,14,17
arabizi_to_arabic,laa min timmo wala min kimmo,لا من ثمه ولا من كمه,لا من ومي كثمه لمه,False,28,20
arabizi_to_arabic,law,لو,لو,True,3,2
arabic_to_arabizi,بساطير,basaatiir,basaatiir,True,6,9
arabizi_to_arabic,tjaawaz,تجاوز,تجاوز,True,7,5
arabic_to_arabizi,ناكر العشرة,naakir 2il3ishra,naakir 2il3ashre,False,11,16
arabizi_to_arabic,zirr,زر,زر,True,4,2
arabic_to_arabizi,مهاهاة,mhaahaa,mhaaha,False,6,7
arabic_to_arabizi,تكاليف,takaaliif,takaaliif,True,6,9
arabizi_to_arabic,ydaaqish,يداقش,يداقش,True,8,5
arabic_to_arabizi,عفقة,3afke,3afqa,False,4,5
arabizi_to_arabic,yitfahman,يتفهمن,يتفهمن,True,9,6
arabizi_to_arabic,2azme 3aa2iliyye,أزمة عائلية,أزم عليه,False,16,11
arabic_to_arabizi,يمحر,yma77ir,yma77ir,True,4,7
arabic_to_arabizi,مبطبط,2imbatbit,mbatbit,False,5,9
arabizi_to_arabic,tloolab,تلولب,تلولب,True,7,5
arabizi_to_arabic,muta3arrad,متعرض,متعارض,False,10,5
arabizi_to_arabic,ylaadi,يلادي,يلادي,True,6,5
arabizi_to_arabic,jarjiir,جرجير,جرير,False,7,5
arabizi_to_arabic,silik,سلك,سلك,True,5,3
arabizi_to_arabic,bratshade,بركادة,برتشدة,False,9,6
arabizi_to_arabic,rijlo kheer,رجله خير,رجله خير,True,11,8
arabic_to_arabizi,فسد,fassad,fassad,True,3,6
arabic_to_arabizi,اعرق,2i3raq,2i3raq,True,4,6
arabic_to_arabizi,من حدها لردها,min 7adha laradha,min 7add 2ilhara,False,13,17
arabizi_to_arabic,baakul 3akhurm 2il2ibre,باكل عخرم الإبرة,باكل عرب الخمة,False,23,16
arabizi_to_arabic,yittikil,يتكل,يتكل,True,8,4
arabic_to_arabizi,تهجيج,tahdjiidj,tahjiidj,False,5,9
arabizi_to_arabic,2akhwat,أخوث,أخوت,False,7,4
arabic_to_arabizi,اتزطم,2itzattam,2itzattam,True,5,9
arabic_to_arabizi,يكسب,yiksab,ykassib,False,4,6
arabizi_to_arabic,gharaame,غرامة,غرامة,True,8,5
arabic_to_arabizi,بصبص,basbas,basbis,False,4,6
arabic_to_arabizi,يبور,ybuur,ybuur,True,4,5
arabic_to_arabizi,عادي,3aadi,3aadi,True,4,5
arabic_to_arabizi,مكلكع,mkalka3,mkalki3,False,5,7
arabic_to_arabizi,سرق,saraq,sarraq,False,3,5
arabic_to_arabizi,آخى,2aakha,2aakha,True,3,6
arabizi_to_arabic,dal3oona,دلعونة,دلعون,False,8,6
arabizi_to_arabic,7aftil,حفتل,حفتل,True,6,4
arabic_to_arabizi,لاخم,laakhim,laakhim,True,4,7
arabizi_to_arabic,ydawwid,يدود,يدود,True,7,4
arabizi_to_arabic,7aadd,حاد,حاد,True,5,3
arabizi_to_arabic,7amaatak bit7ibbak,حماتك بتحبك,حماتك بتحبك,True,18,11
arabizi_to_arabic,firaq,فرق,فرق,True,5,3
arabizi_to_arabic,sirr,سر,سر,True,4,2
arabic_to_arabizi,يلتفح,yiltifi7,yiltifi7,True,5,8
arabizi_to_arabic,janne,جنة,جنة,True,5,3
arabic_to_arabizi,يسد,ysidd,ysidd,True,3,5
arabic_to_arabizi,طبق,tabaq,tabbaq,False,3,5
arabizi_to_arabic,tdjarma3,تجرمع,تجرمع,True,8,5
arabic_to_arabizi,نقص,naqqis,naqqis,True,3,6
arabizi_to_arabic,muka33ab,مكعب,مكعب,True,8,4
arabizi_to_arabic,7aamil,حامل,حامل,True,6,4
arabic_to_arabizi,عيادي,3ayaadi,3yaadi,False,5,7
arabizi_to_arabic,yinqas,ينقص,ينقص,True,6,4
arabizi_to_arabic,ywaaqi,يواقي,يواقي,True,6,5
arabic_to_arabizi,خذ,khud,khazz,False,2,4
arabizi_to_arabic,shiibaan,شيبان,شيبان,True,8,5
arabizi_to_arabic,yraffis,يرفس,يرفص,False,7,4
arabizi_to_arabic,ytawwij,يتوج,يطوج,False,7,4
arabic_to_arabizi,فرعن,far3an,far3in,False,4,6
arabizi_to_arabic,marran,مرن,مرن,True,6,3
arabizi_to_arabic,majjid,مجد,مجد,True,6,3
arabizi_to_arabic,yitsaara7,يتصارح,يتصارح,True,9,6
arabic_to_arabizi,حاس,7aas,7aas,True,3,4
arabic_to_arabizi,تحلى,t7alla,t7alla,True,4,6
arabic_to_arabizi,اتسنكح,2itsanka7,2itsanka7,True,6,9
arabizi_to_arabic,yaa qiiksheel 2illi khallafatak,يا قشيل اللي خلفتك,يا قليف خلة الشيلة,False,31,18
arabizi_to_arabic,yidwish,يدوش,يدوش,True,7,4
arabizi_to_arabic,wattir,وتر,وتر,True,6,3
arabizi_to_arabic,yiqtiri7,يقترح,يقترح,True,8,5
arabic_to_arabizi,خرفش,kharfish,kharfish,True,4,8
arabic_to_arabizi,دكة,dikke,dakke,False,3,5
arabic_to_arabizi,جنابي,janaabi,janaabi,True,5,7
arabic_to_arabizi,الظهور الإعلامي,2idhdhuhuur 2il2i3laami,2ilhazar wu3alami,False,15,23
arabizi_to_arabic,daffii3,دفيع,دفيع,True,7,4
arabic_to_arabizi,قسم,qisim,qassim,False,3,5
arabizi_to_arabic,2itfallaq,اتفلق,اتفلق,True,9,5
arabizi_to_arabic,gharraqni bfadlo,غرقني بفضله,غرق نبنفله,False,16,11
arabizi_to_arabic,ta7assub,تحسب,تحسب,True,8,4
arabic_to_arabizi,انلحق,2inli7iq,2inla7aq,False,5,8
arabic_to_arabizi,أرق,2arraq,2arraq,True,3,6
arabic_to_arabizi,تمهيد,tamhiid,tamhiid,True,5,7
arabic_to_arabizi,استمد,2istamadd,2istamadd,True,5,9
arabizi_to_arabic,ghabra,غبرا,غبرة,False,6,4
arabic_to_arabizi,ادغم,2idghim,2idgham,False,4,7
arabizi_to_arabic,ytaajir,يتاجر,يتاجر,True,7,5
arabizi_to_arabic,2istahaan,استهان,استهان,True,9,6
arabic_to_arabizi,كتيب,kutayyib,katiib,False,4,8
arabizi_to_arabic,sa7ala,سحلة,سحال,False,6,4
arabic_to_arabizi,هايف,haayif,haayif,True,4,6
arabizi_to_arabic,ysayyir,يسير,يسير,True,7,4
arabizi_to_arabic,hattir,هتر,هتر,True,6,3
arabizi_to_arabic,mish msalli 3annabi,مش مصلي عالنبي,مش مشل بنع,False,19,14
arabic_to_arabizi,قلايد,qkalaayid,qalaayid,False,5,9
arabic_to_arabizi,توزيع,tawzii3,tawzii3,True,5,7
arabizi_to_arabic,2akhlas,أخلص,أخلص,True,7,4
arabizi_to_arabic,majaazir,مجازر,مجازر,True,8,5
arabizi_to_arabic,fazzar,فزر,فزر,True,6,3
arabizi_to_arabic,3arrif,عرف,عرف,True,6,3
arabic_to_arabizi,جاهر,jaahir,jaahir,True,4,6
arabic_to_arabizi,ينكمش,yinikmish,yinkimish,False,5,9
arabizi_to_arabic,duub,ذوب,دوب,False,4,3
arabizi_to_arabic,2il3adu maa bisiir 7abiib wili7maar maa bisiir tabiib,العدو مابصير حبيب والحمار مابصير طبيب,العدو بيصار مابحبيب و مثلير مابيبيح,False,53,37
arabizi_to_arabic,zabaadi,زبادي,زبادي,True,7,5
arabizi_to_arabic,qarris,قرص,قرص,True,6,3
arabic_to_arabizi,رحرح,ra7ra7,ra7ra7,True,4,6
arabizi_to_arabic,siiraj,سيرج,سيراج,False,6,4
arabizi_to_arabic,khaayil,خايل,خايل,True,7,4
arabizi_to_arabic,mish faaqis min 2ilbeeda,مش فاقس من البيضة,مش فقالة البيدة,False,24,17
arabic_to_arabizi,تفح,taffa7,taffa7,True,3,6
arabizi_to_arabic,yittaawal,يتطاول,يتطاول,True,9,6
arabizi_to_arabic,shashara,شرشرة,شاشر,False,8,5
arabic_to_arabizi,لزم,lizim,lazzam,False,3,5
arabic_to_arabizi,حيد,7ayyid,7ayyid,True,3,6
arabizi_to_arabic,katkuut,كتكوت,كتوت,False,7,5
arabizi_to_arabic,2it3arram,اتعرم,اتعرم,True,9,5
arabic_to_arabizi,اشبه,2ishbih,2ishbah,False,4,7
arabizi_to_arabic,2itrawwad,اتروض,اتروض,True,9,5
arabic_to_arabizi,يتعبى,yit3abba,yit3abba,True,5,8
arabic_to_arabizi,يسلم,ysallim,ysallim,True,4,7
arabizi_to_arabic,yitlaakam,يتلاكم,يتلاكم,True,9,6
arabic_to_arabizi,يعاند,y3aanid,y3aanid,True,5,7
arabic_to_arabizi,السنة ورا الباب,2issane wara 2ilbaab,2ilsine warbaab 2ilbaas,False,15,20
arabizi_to_arabic,ytallij,يثلج,يطلج,False,7,4
arabic_to_arabizi,بدي أجيب قرميته,biddi 2ajiib qurmiito,biddi 2ajriim biiqato,False,15,21
arabic_to_arabizi,أنصاف,2ansaaf,2ansaaf,True,5,7
arabic_to_arabizi,ينجو,yinju,ynawwij,False,4,5
arabic_to_arabizi,رجفة,rajfe,rajfe,True,4,5
arabic_to_arabizi,صم,summ,samm,False,2,4
arabizi_to_arabic,nukhul,نخل,نخل,True,6,3
arabizi_to_arabic,2ahaali,أهالي,آهال,False,7,5
arabic_to_arabizi,يتغنج,yitghannaj,yitghannaj,True,5,10
arabizi_to_arabic,shuura,صهورة,شورة,False,6,5
arabizi_to_arabic,yba33id,يبعد,يبعد,True,7,4
arabic_to_arabizi,سنة سيد سيدي,sanit siid siidi,sinit sidi sidi,False,12,16
arabic_to_arabizi,يوفي,yuufi,ywaffi,False,4,5
arabic_to_arabizi,يضيف,ydayyif,ydiif,False,4,7
arabic_to_arabizi,سناسيل,sanaasiil,sanaasiil,True,6,9
arabizi_to_arabic,ta7tiim,تحطيم,تحتيم,False,7,5
arabizi_to_arabic,qawaaqi3,قواقع,قواقع,True,8,5
arabizi_to_arabic,mukhshaaqka,مخشاقة,مخشاق,False,11,6
arabic_to_arabizi,يدشي,ydashshi,ydashshi,True,4,8
arabic_to_arabizi,قروا ولاد يعبد ولا يجعلهم ما قروا,qaruu wlaad ya3bad willa yidj3alhum maa qaruu,qaraw 2iljaam waali 3adi bil waraquud,False,33,45
arabic_to_arabizi,لبح,labbi7,labba7,False,3,6
arabic_to_arabizi,كلبنة,kalbane,kalbane,True,5,7
arabizi_to_arabic,ysaffif,يصفف,يسفف,False,7,4
arabic_to_arabizi,دير بالك,diir baalak,diir 2ilbak,False,8,11
arabic_to_arabizi,تشقف,tshaqqaf,tshaqqaf,True,4,8
arabic_to_arabizi,نحاسي,nu7aasi,na7aasi,False,5,7
arabizi_to_arabic,3alayy 2il7araam,علي الحرام,على الحمر,False,16,10
arabic_to_arabizi,نقط,naqqit,naqqit,True,3,6
arabizi_to_arabic,2iltamm,التم,التم,True,7,4
arabic_to_arabizi,يتشقف,yitshaqqaf,yitshaqqaf,True,5,10
arabic_to_arabizi,اتمايص,2itmaayas,2itmaayas,True,6,9
arabic_to_arabizi,أبجر,2abdjar,2abjar,False,4,7
arabizi_to_arabic,2istitraad,استطراد,استطراد,True,10,7
arabizi_to_arabic,qutteene,قطينة,قطين,False,8,5
arabic_to_arabizi,فشكة,fashake,fashke,False,4,7
arabizi_to_arabic,7ariim,حريم,حريم,True,6,4
arabizi_to_arabic,kaashi7,كاشح,كاشح,True,7,4
arabic_to_arabizi,يتشعلق,yitsha3laq,yitsha3laq,True,6,10
arabizi_to_arabic,yaa 7oof,يا حوف,يا حوف,True,8,6
arabizi_to_arabic,7iqq,حق,حق,True,4,2
arabizi_to_arabic,ra3ab,رعب,رعب,True,5,3
arabizi_to_arabic,mibhij,مبهج,مبهج,True,6,4
arabic_to_arabizi,اتخلف,2itkhallaf,2itkhallaf,True,5,10
arabizi_to_arabic,sidir,سدر,سدر,True,5,3
arabizi_to_arabic,2itqashshaf,اتقشف,اتقشف,True,11,5
arabic_to_arabizi,أبهر,2abhar,2abhar,True,4,6
arabizi_to_arabic,ba7bish,بحبش,بحبش,True,7,4
arabizi_to_arabic,yitlajjam,يتلجم,يتلجم,True,9,5
arabic_to_arabizi,يناشد,ynaashid,ynaashid,True,5,8
arabic_to_arabizi,معلوم,ma3luum,ma3luum,True,5,7
arabic_to_arabizi,يريش,yrayyish,yrayyish,True,4,8
arabic_to_arabizi,ازحم,2iz7am,2iz7am,True,4,6
arabic_to_arabizi,طبز,tabaz,tabbiz,False,3,5
arabizi_to_arabic,2adda,أدى,أدى,True,5,3
arabic_to_arabizi,مدلع,mdalla3,mdalli3,False,4,7
arabizi_to_arabic,ma7luub,محلوب,محلوب,True,7,5
arabizi_to_arabic,nass,نص,نص,True,4,2
arabic_to_arabizi,منبسط,minbisit,munbasit,False,5,8
arabizi_to_arabic,3albaab,عالباب,علباب,False,7,6
arabic_to_arabizi,ينمعك,yinmi3ik,yinmi3ik,True,5,8
arabic_to_arabizi,نحوي,na7awi,na7wi,False,4,6
arabizi_to_arabic,mishi,مشي,مشي,True,5,3
arabizi_to_arabic,yit3arkas,يتعركس,يتعركس,True,9,6
arabic_to_arabizi,شغلها مثل شغل إمي لضرتها,shughulha mitil shughul 2immi ladurritha,shughlha mitil 2ilghurd misha,False,24,40
arabic_to_arabizi,يهلك,yihlak,yhallik,False,4,6
arabizi_to_arabic,yiskub,يسكب,يسكب,True,6,4
arabic_to_arabizi,اشمط,2ushmut,2ishmut,False,4,7
arabizi_to_arabic,diif,ضيف,ديف,False,4,3
arabic_to_arabizi,جراجيح,djaraadjii7,jaraajii7,False,6,11
arabizi_to_arabic,baklashe,بكلشة,بلكشة,False,8,5
arabic_to_arabizi,أنهى,2anha,2anha,True,4,5
arabizi_to_arabic,y3iss,يعس,يعص,False,5,3
arabic_to_arabizi,يلبخ,ylabbikh,ylabbikh,True,4,8
arabizi_to_arabic,baayi3,بايع,بايع,True,6,4
arabic_to_arabizi,كسى,kasa,sakka,False,3,4
arabizi_to_arabic,maghaarif,مغارف,مغافر,False,9,5
arabizi_to_arabic,fasme,فصمة,فسمة,False,5,4
arabizi_to_arabic,yitfar3an,يتفرعن,يتفرعن,True,9,6
arabic_to_arabizi,اتمون,2itmawwan,2itmawwan,True,5,9
arabizi_to_arabic,2ihaane,اهانة,إهانة,False,7,5
arabic_to_arabizi,احتلم,2i7tilim,2i7tilim,True,5,8
arabic_to_arabizi,بعطة,ba3ta,ba3ta,True,4,5
arabic_to_arabizi,سمسار,simsaar,samsaar,False,5,7
arabizi_to_arabic,saa7,صاح,صاح,True,4,3
arabic_to_arabizi,فسيسي,fseesi,fasiis,False,5,6
arabizi_to_arabic,2issalaf 2issaali7,السلف الصالح,اسلساف الساح,False,18,12
arabic_to_arabizi,فعل,fi3il,fa33il,False,3,5
arabic_to_arabizi,أشدف,2ashdaf,2ashdaf,True,4,7
arabizi_to_arabic,maghdje,مغجة,مغجة,True,7,4
arabic_to_arabizi,ملعلع,mla3la3,mla3la3,True,5,7
arabizi_to_arabic,zala3,زلع,زلع,True,5,3
arabizi_to_arabic,2iqk7af,اقحف,اقحف,True,7,4
arabizi_to_arabic,b3iid,بعيد,عبد,False,5,4
arabizi_to_arabic,mhandam,مهندم,مهندم,True,7,5
arabic_to_arabizi,ميادين,mayaadiin,mayaadiin,True,6,9
arabic_to_arabizi,يتشبع,yitshabba3,yitshabba3,True,5,10
arabizi_to_arabic,khammas,خمس,خمس,True,7,3
arabic_to_arabizi,يعفش,y3affish,y3affish,True,4,8
arabic_to_arabizi,وهت,wahhat,hawwit,False,3,6
arabizi_to_arabic,doohash,دوهش,دوهش,True,7,4
arabic_to_arabizi,تقوى,taqwa,tqawwa,False,4,5
arabic_to_arabizi,حرد,7arad,7arrad,False,3,5
arabic_to_arabizi,صلاة النبي,salaat 2innabi,salaa 2ilbeen,False,10,14
arabizi_to_arabic,ytuuf,يطوف,يطوف,True,5,4
arabizi_to_arabic,shakam,شكم,شكم,True,6,3
arabizi_to_arabic,salb,سلب,سلب,True,4,3
arabic_to_arabizi,عالمظاهر,3almazaahir,3almaazaro,False,8,11
arabic_to_arabizi,تحفيز,ta7fiiz,ta7fiiz,True,5,7
arabic_to_arabizi,محرز,mi7riz,m7arriz,False,4,6
arabic_to_arabizi,سكن,sakan,sakkin,False,3,5
arabic_to_arabizi,مناغشة,mnaaghashe,munaaghashe,False,6,10
arabizi_to_arabic,fataayis,فطايس,تفايس,False,8,5
arabizi_to_arabic,widdi,ودي,ودي,True,5,3
arabizi_to_arabic,mtahtih,متهته,مطه,False,7,5
arabizi_to_arabic,bala3iin,بلاعين,بلاعين,True,8,6
arabizi_to_arabic,sanduuq 2il3ajab,صندوق العجب,سندق العجب,False,16,11
arabic_to_arabizi,برزقة,burzuqa,barzaqa,False,5,7
arabic_to_arabizi,نصية,nussiyye,nasiyye,False,4,8
arabizi_to_arabic,faqa3,فقع,فقع,True,5,3
arabic_to_arabizi,شطشط,shatshit,shatshat,False,4,8
arabic_to_arabizi,دماية,dammayye,damaaye,False,5,8
arabizi_to_arabic,2a3mash,أعمش,أعمش,True,7,4
arabic_to_arabizi,تحرم علي,ti7ram 3alay,ta7ram 3ali,False,8,12
arabic_to_arabizi,بنص,bans,bannas,False,3,4
arabizi_to_arabic,yihrub,يهرب,يهرب,True,6,4
arabizi_to_arabic,natshat,نتش,نتش,True,7,3
arabizi_to_arabic,2ithattik,اتهتك,اتهتك,True,9,5
arabizi_to_arabic,masalle,مسلة,مسلة,True,7,4
arabic_to_arabizi,سهير,sahhiir,shahiir,False,4,7
arabic_to_arabizi,محذر,m7azzir,m7azzir,True,4,7
arabic_to_arabizi,شاعر,shaa3ir,shaa3ir,True,4,7
arabizi_to_arabic,yghatti,يغطي,يغطي,True,7,4
arabizi_to_arabic,mqattish,مقطش,مقطش,True,8,4
arabizi_to_arabic,shadd baraaghi,شد براغي,شد بغار,False,14,8
arabizi_to_arabic,nsiib,نسيب,نصب,False,5,4
arabizi_to_arabic,2iddaffa,تدفى,تدفى,True,8,4
arabic_to_arabizi,كربونة,karboone,karbuune,False,6,8
arabic_to_arabizi,يصوم,ysuum,ysawwim,False,4,5
arabizi_to_arabic,2istakhaff,استخف,استخف,True,10,5
arabizi_to_arabic,habbat,هبط,هبط,True,6,3
arabic_to_arabizi,يورث,ywarris,ywarris,True,4,7
arabic_to_arabizi,اتمسح,2itmassa7,2itmassa7,True,5,9
arabizi_to_arabic,yintisir,ينتصر,ينتصر,True,8,5
arabizi_to_arabic,ylaffi3,يلفع,يلفع,True,7,4
arabizi_to_arabic,y2aakhiz,يآخذ,يآخذ,True,8,4
arabic_to_arabizi,شيش,shayyash,shiish,False,3,8
arabizi_to_arabic,wu3uud,وعود,وعود,True,6,4
arabizi_to_arabic,beeda,بيضا,بيضة,False,5,4
arabic_to_arabizi,ودر,waddir,waddir,True,3,6
arabizi_to_arabic,yunshuz,ينشز,ينشز,True,7,4
arabizi_to_arabic,da33aase,دعاسة,دعاسة,True,8,5
arabizi_to_arabic,baqara,بقرة,بقارة,False,6,4
arabizi_to_arabic,khalf,خلف,خلف,True,5,3
arabizi_to_arabic,barmaj,برمج,برمج,True,6,4
arabizi_to_arabic,yjayyish,يجيش,يجيش,True,8,4
arabizi_to_arabic,darda3a,دردعة,دردعة,True,7,5
arabic_to_arabizi,تشوش,tshawwash,tshawwash,True,4,9
arabizi_to_arabic,nawwal,نول,نول,True,6,3
arabizi_to_arabic,yitkarkab,يتكركب,يتكركب,True,9,6
arabizi_to_arabic,yitdakhkham,يتضخم,يتدخم,False,11,5
arabizi_to_arabic,2irdi,ارضي,اردي,False,5,4
arabizi_to_arabic,3daam,عظام,عدم,False,5,4
arabizi_to_arabic,yinfiqis,ينفقس,ينفقس,True,8,5
arabizi_to_arabic,ba3ir,بعر,بعر,True,5,3
arabizi_to_arabic,nabbash,نبش,نبش,True,7,3
arabizi_to_arabic,jaawib,جاوب,جاوب,True,6,4
arabizi_to_arabic,yinshibik,ينشبك,ينشبك,True,9,5
arabic_to_arabizi,زناق السبع أرواح,zannaaq 2issabi3 2irwaa7,2anaaq 2il3azur 2asa7ab,False,16,24
arabic_to_arabizi,اخول,2ikhwil,2ikhwil,True,4,7
arabizi_to_arabic,darraj,درج,درج,True,6,3
arabizi_to_arabic,mistaqrif,مستقرف,مستقرف,True,9,6
arabic_to_arabizi,اشقل,2ushqiikul,2ishqal,False,4,10
arabic_to_arabizi,مقاصد,maqaasid,maqaasid,True,5,8
arabic_to_arabizi,رشفة,rashfe,rashfe,True,4,6
arabizi_to_arabic,randal,رندل,رندل,True,6,4
arabic_to_arabizi,انقطع الخيط وفرطت المسبحة,2inqata3 2ilkheet wufartat 2ilmisba7a,2inqata3 2ilmatafi bistruu7 2ilkha,False,25,37
arabizi_to_arabic,2insara3,انصرع,انصرع,True,8,5
arabizi_to_arabic,ybahhir,يبهر,يبهر,True,7,4
arabizi_to_arabic,2iddannas,اتدنس,تدنس,False,9,5
arabizi_to_arabic,fikk,فك,فك,True,4,2
arabizi_to_arabic,taghtiye,تغطية,تغطية,True,8,5
arabizi_to_arabic,3ala raasi,على راسي,على راسي,True,10,8
arabic_to_arabizi,هنا,hana,hanna,False,3,4
arabic_to_arabizi,مترتح,mtarti7,mitratti7,False,5,7
arabic_to_arabizi,اتبدل,2itbaddal,2itbaddal,True,5,9
arabic_to_arabizi,ابن عالم وناس,2ibin 3aalam wunaas,2ibin 3alam waan,False,13,19
arabic_to_arabizi,قاوم,qaawam,qaawim,False,4,6
arabizi_to_arabic,waqqaf sha3ar raaso,وقف شعر راسه,وقف شعر راسه,True,19,12
arabizi_to_arabic,yumruq,يمرق,يمرق,True,6,4
arabic_to_arabizi,جور,juwar,jawwar,False,3,5
arabizi_to_arabic,7abil 2ilkizib qasiir,حبل الكذب قصير,حبل القصير,False,21,14
arabic_to_arabizi,يقنص,yuqnus,yqannis,False,4,6
arabic_to_arabizi,ملاحقة,mulaa7aqa,mlaa7aqa,False,6,9
arabic_to_arabizi,اتحرمن,2it7arman,2it7arman,True,6,9
arabizi_to_arabic,2ushtuf,اشطف,اشطف,True,7,4
arabic_to_arabizi,دراجة,darraaje,darraaje,True,5,8
arabic_to_arabizi,وظائف,wazaa2if,wazaa2if,True,5,8
arabizi_to_arabic,7abil,حبل,حبل,True,5,3
arabic_to_arabizi,جنزر,janzar,janzar,True,4,6
arabizi_to_arabic,2itkarmash,اتكرمش,اتكرمش,True,10,6
arabizi_to_arabic,lammiz,لمز,لمز,True,6,3
arabic_to_arabizi,بيخ,bayyakh,bakhkhi,False,3,7
arabizi_to_arabic,3aakim,عاكم,عاكم,True,6,4
arabizi_to_arabic,tafriiz,تفريز,تفريز,True,7,5
arabizi_to_arabic,zmiil,زميل,زمل,False,5,4
arabic_to_arabizi,يتصمغ,yitsammagh,yitsaghgham,False,5,10
arabizi_to_arabic,2aqsa maa 3ammar 2alla,أقصى ما عمر الله,أقص مع أر ملى أعلى,False,22,16
arabic_to_arabizi,اوشم,2uushim,2uushim,True,4,7
arabic_to_arabizi,دقوا عالخشب,duqqu 3alkhashab,duqqq 2il3ashbuukh,False,11,16
arabic_to_arabizi,تزفتن,tzaftan,tzaftan,True,5,7
arabizi_to_arabic,2inbarim,انبرم,انبرم,True,8,5
arabizi_to_arabic,yimli,يملي,يملي,True,5,4
arabic_to_arabizi,جرجير,djardjiir,jarjiir,False,5,9
arabizi_to_arabic,qaawi7,قاوح,قاوح,True,6,4
arabizi_to_arabic,7inti,حنطي,حنت,False,5,4
arabic_to_arabizi,ينبهر,yinbihir,yinbihir,True,5,8
arabizi_to_arabic,taltale,طلطلة,تلتلة,False,7,5
arabizi_to_arabic,ylahhi,يلهي,يلهي,True,6,4
arabizi_to_arabic,2itfashkhar,اتفشخر,اتفشخر,True,11,6
arabizi_to_arabic,yitghashman,يتغشمن,يتغشمن,True,11,6
arabizi_to_arabic,laawad,لاود,لاود,True,6,4
arabic_to_arabizi,محيي,m7ayyi,m7ayyi,True,4,6
arabic_to_arabizi,يعرط,yu3rut,y3arrit,False,4,6
arabic_to_arabizi,يستقل,yistaqall,yistaqill,False,5,9
arabic_to_arabizi,مشفى,mashfa,mshaffa,False,4,6
arabic_to_arabizi,إئلف,2i2laf,2i2lif,False,4,6
arabizi_to_arabic,2iqma3,اقمع,اقمع,True,6,4
arabic_to_arabizi,ونش,winsh,wannish,False,3,5
arabizi_to_arabic,yshidd,يشد,يشد,True,6,3
arabizi_to_arabic,2inribit,انربط,انربط,True,8,5
arabic_to_arabizi,حلص,7alas,7allis,False,3,5
arabic_to_arabizi,مجند,mujannad,mjannid,False,4,8
arabic_to_arabizi,حشيش,7ashiish,7ashiish,True,4,8
arabizi_to_arabic,7irid,حرد,حرد,True,5,3
arabizi_to_arabic,rammish,رمش,رمش,True,7,3
arabic_to_arabizi,زين,zayyan,ziin,False,3,6
arabizi_to_arabic,haan,هان,هان,True,4,3
arabizi_to_arabic,tammim,تمم,طمم,False,6,3
arabic_to_arabizi,اشكر,2ushkur,2ishkur,False,4,7
arabizi_to_arabic,tabba3,تبع,طبع,False,6,3
arabic_to_arabizi,ابحش,2ib7ash,2ib7ash,True,4,7
arabic_to_arabizi,سرسح,sarsa7,sarsa7,True,4,6
arabizi_to_arabic,yiddahdak,يتدهدك,يتدهدك,True,9,6
arabic_to_arabizi,عمد,3ammad,3ammid,False,3,6
arabizi_to_arabic,qarrab,قرب,قرب,True,6,3
arabic_to_arabizi,رواسب,rawaasib,rawaasib,True,5,8
arabizi_to_arabic,ghaalit,غالط,غالط,True,7,4
arabizi_to_arabic,buqkdje,بقجة,بقجة,True,7,4
arabic_to_arabizi,امزط,2umzut,2imzat,False,4,6
arabic_to_arabizi,عت,3itt,3att,False,2,4
arabizi_to_arabic,tayyan,تين,تين,True,6,3
arabizi_to_arabic,sharbuu7,شربوح,شربوح,True,8,5
arabizi_to_arabic,yinfi,ينفي,ينفي,True,5,4
arabic_to_arabizi,من يوم يومه,min yoom yoomo,min weemo mo,False,11,14
arabic_to_arabizi,قطف,qattif,qattif,True,3,6
arabizi_to_arabic,2iddaldal,تدلدل,تدلدل,True,9,5
arabic_to_arabizi,سمع,sama3,sammi3,False,3,5
arabizi_to_arabic,yinsadd,ينصد,ينسد,False,7,4
arabic_to_arabizi,يفضل,yfaddil,yifdal,False,4,7
arabizi_to_arabic,3ayyin kheer,عين خير,عين خير,True,12,7
arabizi_to_arabic,yitwaldan,يتولدن,يتولدن,True,9,6
arabic_to_arabizi,أربعين,2arba3iin,2arba3iin,True,6,9
arabizi_to_arabic,2anjad,أنجد,أنجد,True,6,4
arabic_to_arabizi,يثري,yisri,yithri,False,4,5
arabizi_to_arabic,jawaari,جواري,جواري,True,7,5
arabizi_to_arabic,2izkur,اذكر,ازكر,False,6,4
arabic_to_arabizi,أرخ,2arrakh,2arrakh,True,3,7
arabic_to_arabizi,اتمغط,2itmaghghat,2itmaghghat,True,5,11
arabizi_to_arabic,mu3aanaa,معاناة,معانة,False,8,6
arabic_to_arabizi,لمز,lamiz,lammiz,False,3,5
arabizi_to_arabic,mooz,موز,موز,True,4,3
arabizi_to_arabic,barbuur,بربور,بربور,True,7,5
arabic_to_arabizi,محراث,mi7raath,mu7raas,False,5,8
arabic_to_arabizi,نول,nool,nawwil,False,3,4
arabizi_to_arabic,mat3uus,متعوس,مطعوس,False,7,5
arabizi_to_arabic,kufalaa2,كفلاء,كفلاء,True,8,5
arabic_to_arabizi,جلخ,jallikh,jallakh,False,3,7
arabic_to_arabizi,بخور,bakhuur,bkhuur,False,4,7
arabizi_to_arabic,yis3aq,يصعق,يسعق,False,6,4
arabizi_to_arabic,2i3fish,اعفش,اعفش,True,7,4
arabizi_to_arabic,shuzuuz,شذوذ,شوز,False,7,4
arabizi_to_arabic,nakkash,نكش,نكش,True,7,3
arabic_to_arabizi,اهجع,2ihdja3,2ihja3,False,4,7
arabic_to_arabizi,زيتنا في دقيقنا,zeetna fi dqiiqna,zeet naaqif qaadi,False,15,17
arabizi_to_arabic,saf7itak sooda,صفحتك سودا,سفحتك سوده,False,14,10
arabic_to_arabizi,مسموعياته مش هالقد,masmuu3iyyaato mush halqadd,mashmuu3 3aleeha qiddasha,False,18,27
arabizi_to_arabic,mlakhlakh,ملخلخ,ملخ,False,9,5
arabizi_to_arabic,tur2a,ترقة,طرق,False,5,4
arabizi_to_arabic,2ikhliq,اخلق,اخلق,True,7,4
arabic_to_arabizi,يحرم,yi7rim,y7arrim,False,4,6
arabic_to_arabizi,وكبر,wakbar,wakbar,True,4,6
arabizi_to_arabic,qkaaluush,قالوش,قالوش,True,9,5
arabic_to_arabizi,اعزل,2i3zil,2i3zil,True,4,6
arabic_to_arabizi,صراحة,saraa7a,saraa7a,True,5,7
arabizi_to_arabic,yrattib,يرطب,يرتب,False,7,4
arabizi_to_arabic,burj,برج,برج,True,4,3
arabizi_to_arabic,yit3ammad,يتعمد,يتعمد,True,9,5
arabizi_to_arabic,ta7ti7,تحتح,تحتح,True,6,4
arabizi_to_arabic,7ammi,حمي,حمي,True,5,3
arabic_to_arabizi,قول,qawwil,qawwil,True,3,6
arabizi_to_arabic,mba33at,مبعط,مبعط,True,7,4
arabizi_to_arabic,2inlaqq,انلق,انلق,True,7,4
arabic_to_arabizi,سرع,sarri3,sarra3,False,3,6
arabizi_to_arabic,myassar,ميسر,ميصر,False,7,4
arabizi_to_arabic,2ifrid,افرد,افرد,True,6,4
arabizi_to_arabic,2ista7mad,استحمض,استحمض,True,9,6
arabic_to_arabizi,طبيخ,tabiikh,tabiikh,True,4,7
arabizi_to_arabic,nadbe,ندبة,ندبة,True,5,4
arabizi_to_arabic,2ista7aqq,استحق,استحق,True,9,5
arabizi_to_arabic,layyas,ليص,ليس,False,6,3
arabizi_to_arabic,dihri,دهري,دهري,True,5,4
arabic_to_arabizi,ملفوف,malfuuf,malfuuf,True,5,7
arabic_to_arabizi,انفجر,2inifjir,2infijir,False,5,8
arabizi_to_arabic,tnaffas,تنفس,تنفس,True,7,4
arabic_to_arabizi,غوص,ghoos,ghawwas,False,3,5
arabic_to_arabizi,كبابيت,kabaabiit,kabababiit,False,6,9
arabic_to_arabizi,خانق,khaani2,khaaniq,False,4,7
arabizi_to_arabic,subbaarit barake,صبارة بركة,سبابرة طركة,False,16,10
arabic_to_arabizi,يكحنك,ytsha7nitsh,yka7nik,False,5,11
arabic_to_arabizi,قزح,kazza7,qazzi7,False,3,6
arabizi_to_arabic,qazam,قزم,قزم,True,5,3
arabic_to_arabizi,اتبجح,2itbajja7,2itbajja7,True,5,9
arabic_to_arabizi,فصل,fassil,fassal,False,3,6
arabic_to_arabizi,يطلع,yittali3,ytalli3,False,4,8
arabic_to_arabizi,بلاغ,balaagh,balaagh,True,4,7
arabic_to_arabizi,يي عليه,yii 3alee,yiii3 lee,False,7,9
arabizi_to_arabic,2injaab,انجاب,انجاب,True,7,5
arabic_to_arabizi,قد طيز العقربا,qadd tiiz 2il3aqrabe,qadd tiiz 3aabir,False,14,20
arabizi_to_arabic,shaal,شال,شال,True,5,3
arabic_to_arabizi,اتبعثر,2itba3tar,2itba3tar,True,6,9
arabizi_to_arabic,rammij,رمج,رمج,True,6,3
arabizi_to_arabic,2akwaakh,أكواخ,أكواخ,True,8,5
arabic_to_arabizi,انصدم,2insadam,2insidim,False,5,8
arabizi_to_arabic,2idqur,ادقر,ادقر,True,6,4
arabic_to_arabizi,أجل,2ajal,2ajjal,False,3,5
arabizi_to_arabic,yinsakib,ينسكب,ينسكب,True,8,5
arabizi_to_arabic,ysaafir,يسافر,يسافر,True,7,5
arabic_to_arabizi,توصاية,tuusaaye,tawasiye,False,6,8
arabic_to_arabizi,كسوة العروس,kiswit 2il3aruus,ksuul 2il3aras,False,11,16
arabic_to_arabizi,حيل,7iyal,7ayyil,False,3,5
arabizi_to_arabic,yshawwiq,يشوق,يشوق,True,8,4
arabic_to_arabizi,مثلت الطاقات,muthallath 2ittaaqaat,mitil taaqit 2il2ittaa,False,12,21
arabic_to_arabizi,مزهرية,mazhariyye,mahzariyye,False,6,10
arabizi_to_arabic,2ista2zan,استأذن,استأذن,True,9,6
arabizi_to_arabic,nayyim,نيم,نيم,True,6,3
arabic_to_arabizi,خنخن,khankhin,khankhan,False,4,8
arabizi_to_arabic,y7ishsh,يحش,يحش,True,7,3
arabizi_to_arabic,3iraagiyye,عراقية,عراقية,True,10,6
arabizi_to_arabic,2untuq,انطق,انطق,True,6,4
arabic_to_arabizi,ليوان,liiwaan,laywaan,False,5,7
arabizi_to_arabic,2itqaatal,اتقاتل,اتقاطل,False,9,6
arabic_to_arabizi,دشوة,dashwe,dashwe,True,4,6
arabic_to_arabizi,مش من ثوبنا,mish min toobna,mish min wubaan,False,11,15
arabizi_to_arabic,ykaa7ish,يكاحش,يكاحش,True,8,5
arabizi_to_arabic,2inqitish,انقطش,انقطش,True,9,5
arabic_to_arabizi,أهلا وسهلا,2ahlan wa sahlan,2ahl 2iswaal,False,10,16
arabic_to_arabizi,مقاييس,maqaayiis,maqaayis,False,6,9
arabizi_to_arabic,ghaazal,غازل,غازل,True,7,4
arabizi_to_arabic,naqqil,نقل,نقل,True,6,3
arabizi_to_arabic,m7ajjab,محجب,محجب,True,7,4
arabic_to_arabizi,استحل,2ista7ill,2ista7al,False,5,9
arabic_to_arabizi,خبث,khubus,khabas,False,3,6
arabizi_to_arabic,si7u,صحو,صحو,True,4,3
arabic_to_arabizi,هذرم,hadhram,hadhram,True,4,7
arabic_to_arabizi,ليوا,leewa,lawya,False,4,5
arabic_to_arabizi,تعزرن,t3azran,t3azran,True,5,7
arabizi_to_arabic,ynayyim,ينيم,ينيم,True,7,4
arabizi_to_arabic,furqu3 looz,فرقع لوز,زرق عله فول,False,11,8
arabic_to_arabizi,اتجالف,2itjaalaf,2itjaalaf,True,6,9
arabizi_to_arabic,maat b7asrito,مات بحسرته,ماتب حسره,False,13,10
arabic_to_arabizi,شركة,shirke,sharke,False,4,6
arabizi_to_arabic,dili3 qaasir,ضلع قاصر,دلع قاصري,False,12,8
arabic_to_arabizi,اتشيع,2itshayya3,2itshayya3,True,5,10
arabic_to_arabizi,مبعبل,mba3bal,mba3bil,False,5,7
arabic_to_arabizi,هلق,hallaq2,hallaq,False,3,7
arabic_to_arabizi,عطس,3ats,3attis,False,3,4
arabic_to_arabizi,اتعالى,2it3aala,2it3aala,True,6,8
arabizi_to_arabic,2itshattab,اتشطب,اتشطب,True,10,5
arabic_to_arabizi,امحق,2im7aq,2im7aq,True,4,6
arabizi_to_arabic,laa raqiib wala 7asiib,لا رقيب ولا حسيب,لا رقي بحسوة,False,22,16
arabic_to_arabizi,صمدية,samadiyye,samdiyye,False,5,9
arabic_to_arabizi,فات,faat,faat,True,3,4
arabizi_to_arabic,2inqilib,انقلب,انقلب,True,8,5
arabizi_to_arabic,2aznakh,أزنخ,أزنخ,True,7,4
arabizi_to_arabic,2irghab,ارغب,ارغب,True,7,4
arabic_to_arabizi,على نار,3ala naar,3ala naara,False,7,9
arabizi_to_arabic,7ikaaye,حكاية,حكاية,True,7,5
arabic_to_arabizi,مطول,mitwall,mtool,False,4,7
arabic_to_arabizi,سراط,siraat,saraat,False,4,6
arabic_to_arabizi,حجم,7ajim,7ajjam,False,3,5
arabic_to_arabizi,الحياة سلف ودين,2il7ayaa salaf wudeen,2il7aya 2issiidd fiinye,False,15,21
arabizi_to_arabic,thabbal,تهبل,تهبل,True,7,4
arabic_to_arabizi,انتج,yintuj,2intajj,False,4,6
arabic_to_arabizi,ينحش,yin7ashsh,yin7ashsh,True,4,9
arabic_to_arabizi,تعريد,ta3riid,ta3riid,True,5,7
arabic_to_arabizi,إذا حبيبك عسل تلحسوش كله,2iza 7abiibak 3asal til7asuush kullo,2izaa 7abibl 3akso wilkashshak tala7ak,False,24,36
arabic_to_arabizi,منقصة,manqasa,manqasa,True,5,7
arabizi_to_arabic,2istadfi,استدفي,استفضي,False,8,6
arabic_to_arabizi,إجاك مين يعرفك يا بلوط,2ijaak miin yi3rifak yaa balluut,2ijaak maa yif 3aleet karuban,False,22,32
arabizi_to_arabic,2inghamm,انغم,انغم,True,8,4
arabic_to_arabizi,زقرتي,zgurti,zaqriit,False,5,6
arabizi_to_arabic,ybaghghil,يبغل,يبغل,True,9,4
arabizi_to_arabic,zoobi3,زوبع,زوبع,True,6,4
arabic_to_arabizi,مطمطم,mtamtam,mtamtim,False,5,7
arabizi_to_arabic,yishfaq,يشفق,يشفق,True,7,4
arabizi_to_arabic,2ijma3,اجمع,اجمع,True,6,4
arabic_to_arabizi,يتهاوى,yithaawa,yithaawa,True,6,8
arabic_to_arabizi,اندمج,2indimij,2indijim,False,5,8
arabic_to_arabizi,يعترف,yi3tirif,yi3tirif,True,5,8
arabizi_to_arabic,2ighmiz,اغمز,اغمز,True,7,4
arabizi_to_arabic,taqqam,طقم,طقم,True,6,3
arabic_to_arabizi,فش مكان تحط اجرك فيه,fish makaan t7utt 2ijrak fii,fish mit kaar 7aat najak,False,20,28
arabic_to_arabizi,يتقشر,yitqashshar,yitqashshar,True,5,11
arabic_to_arabizi,ذبلة,dible,dable,False,4,5
arabizi_to_arabic,2abu 2ilhamaayim,أبو الهمايم,أبو المهي,False,16,11
arabic_to_arabizi,ملصم,mlassim,mlassim,True,4,7
arabic_to_arabizi,قطف,qatif,qattif,False,3,5
arabizi_to_arabic,nakat,نكت,نكت,True,5,3
arabic_to_arabizi,غربية,ghurbiyye,gharbiyye,False,5,9
arabizi_to_arabic,2infirish,انفرش,انفرش,True,9,5
arabic_to_arabizi,مشعلل,msha3lil,msha3lal,False,5,8
arabic_to_arabizi,صلاة الجمعة,salaat 2iljum3a,salaa 2il3ajme,False,11,15
arabizi_to_arabic,7ayyi,حي,حيي,False,5,2
arabizi_to_arabic,2it3antaz,اتعنطز,اتعنطز,True,9,6
arabic_to_arabizi,تفلوت,tfalwat,tfalwat,True,5,7
arabic_to_arabizi,لا تذم ولا تشكر الا بعد سنة وست اشهر,laa tzimm wala tushkur 2illa ba3id sane wusitt 2ashhur,laa timt daa wusha billa 3arashak shana,False,36,54
arabizi_to_arabic,ydjoori3,يجورع,يجورع,True,8,5
arabic_to_arabizi,آية من آيات الجمال,2aaye min 2aayaat 2iljamaal,2ay min 2aljaye 2ataaaye,False,18,27
arabic_to_arabizi,حماطة,7amata,7ammaata,False,5,6
arabizi_to_arabic,tirak,ترك,ترك,True,5,3
arabizi_to_arabic,mitil 2ittabaq,مثل الطبق,مطل القطب,False,14,9
arabic_to_arabizi,اتشقر,2itshaqqar,2itshaqqar,True,5,10
arabizi_to_arabic,y3ukk,يعك,يعك,True,5,3
arabic_to_arabizi,يرط,yrutt,yrutt,True,3,5
arabizi_to_arabic,kidd,كد,كد,True,4,2
arabic_to_arabizi,اختراع,2ikhtiraa3,2ikhtiraa3,True,6,10
arabizi_to_arabic,batin,بطن,بطن,True,5,3
arabizi_to_arabic,qaddo 3amarteen,قده عمرتين,قده عينته,False,15,10
arabizi_to_arabic,tabaq,طبق,طبق,True,5,3
arabic_to_arabizi,باقي,baaqi,baaqi,True,4,5
arabizi_to_arabic,mitza7zi7,متزحزح,متزحزح,True,9,6
arabizi_to_arabic,tasaali,تسالي,تسالي,True,7,5
arabizi_to_arabic,7ambit,حنبط,حمبط,False,6,4
arabizi_to_arabic,twazzam,توزم,توزم,True,7,4
arabizi_to_arabic,karrim,كرم,كرم,True,6,3
arabizi_to_arabic,ka7ki7,كحكح,كحكح,True,6,4
arabic_to_arabizi,احجر,2u7jur,2i7jar,False,4,6
arabic_to_arabizi,نعف,na3if,na33if,False,3,5
arabic_to_arabizi,لوم,loom,lawwam,False,3,4
arabizi_to_arabic,sarri3,سرع,سرع,True,6,3
arabizi_to_arabic,fazz,فز,فز,True,4,2
arabic_to_arabizi,يضاعف,ydaa3if,ydaa3if,True,5,7
arabizi_to_arabic,y3allib,يعلب,يعلب,True,7,4
arabic_to_arabizi,يكعك,yka33ik,yka33ik,True,4,7
arabic_to_arabizi,امعك,2im3ak,2im3ak,True,4,6
arabizi_to_arabic,tja3las,تجعلص,تجعلص,True,7,5
arabizi_to_arabic,yiddannas,يتدنس,يتدنس,True,9,5
arabizi_to_arabic,2isti7daar,استحضار,استحدار,False,10,7
arabizi_to_arabic,nasha,نشا,نشى,False,5,3
arabizi_to_arabic,sam3a,سمعة,سمعة,True,5,4
arabic_to_arabizi,مدار,madaar,mdaar,False,4,6
arabic_to_arabizi,لفة,laffe,liffe,False,3,5
arabic_to_arabizi,نغنغ,naghnigh,naghnagh,False,4,8
arabic_to_arabizi,دقق,daqqiq,daqqaq,False,3,6
arabizi_to_arabic,jaghlaf,جغلف,جغلف,True,7,4
arabizi_to_arabic,raaqib,راقب,راقب,True,6,4
arabic_to_arabizi,تجبجب,tdjabdjab,tjabdjab,False,5,9
arabic_to_arabizi,مشمش,mishmish,mshammish,False,4,8
arabic_to_arabizi,تسامح,tasaamu7,tsaama7,False,5,8
arabizi_to_arabic,2ittijih,اتجه,اطتجه,False,8,4
arabic_to_arabizi,البسة بتوكل عشاه,2ilbisse btookil 3ashaa,2ilbisse btikshaw 3ale,False,16,23
arabizi_to_arabic,lissa,لسه,لسا,False,5,3
arabic_to_arabizi,قواليش,qkawaaliish,qawaaliish,False,6,11
arabic_to_arabizi,قنقز,qanqazkankaz,qanqizkankaz,False,4,12
arabic_to_arabizi,احتضر,2i7tidir,2i7tidir,True,5,8
arabizi_to_arabic,2alze,قلزة,ألزة,False,5,4
arabic_to_arabizi,متسلسل,mutasalsil,mitsalsil,False,6,10
arabic_to_arabizi,لبيدة,labiide,labiide,True,5,7
arabic_to_arabizi,احتال,2i7taal,2i7taal,True,5,7
arabic_to_arabizi,بالقطارة,bil qattara,bilqaatara,False,8,11
arabizi_to_arabic,mghallab,مغلب,مغلب,True,8,4
arabic_to_arabizi,يقل,yqill,yqill,True,3,5
arabizi_to_arabic,taryiid,ترييض,تريييض,False,7,5
arabizi_to_arabic,tbakhkhar,يتبخر,تبخر,False,9,5
arabizi_to_arabic,yzaawid,يزاود,يزاود,True,7,5
arabizi_to_arabic,qati3,قطع,قطع,True,5,3
arabic_to_arabizi,اجلي,2ijli,2ijli,True,4,5
arabic_to_arabizi,استرجي,2istarji,2istarji,True,6,8
arabizi_to_arabic,kifaa7,كفاح,كفاح,True,6,4
arabizi_to_arabic,m7arbish,محربش,محربش,True,8,5
arabic_to_arabizi,مخشوم,makhshuum,makhshuum,True,5,9
arabizi_to_arabic,bidiss danabo,بيدس ذنبه,بدس سابنه,False,13,9
arabizi_to_arabic,mda3bal,مدعبل,مدعبل,True,7,5
arabizi_to_arabic,hoon,هون,هون,True,4,3
arabizi_to_arabic,wasaf,وصف,وصف,True,5,3
arabic_to_arabizi,لزق,lazziq,lazzaq,False,3,6
arabic_to_arabizi,يلمز,ylammiz,ylammiz,True,4,7
arabic_to_arabizi,أيد,2eed,2ayyad,False,3,4
arabic_to_arabizi,شدفا,shadfa,shadfa,True,4,6
arabizi_to_arabic,ghoos,غوص,غوس,False,5,3
arabic_to_arabizi,حامي,7aami,7aami,True,4,5
arabizi_to_arabic,qaryif,قريف,قريف,True,6,4
arabic_to_arabizi,تين,tiin,tayyan,False,3,4
arabizi_to_arabic,ghassaale,غسالة,غصالة,False,9,5
arabizi_to_arabic,khamkhuum,خمخوم,خمخوم,True,9,5
arabic_to_arabizi,دبلوماسي,diblumaasi,dablumaasi,False,8,10
arabizi_to_arabic,2inzaar,انذار,انزار,False,7,5
arabizi_to_arabic,l7aaf,لحاف,لحاف,True,5,4
arabizi_to_arabic,2iftati7,افتتح,افتتح,True,8,5
arabic_to_arabizi,يسفط,yusfut,ysaffit,False,4,6
arabic_to_arabizi,استعمال,2isti3maal,2isti3maal,True,7,10
arabic_to_arabizi,استعمار,2isti3maar,2isti3maar,True,7,10
arabizi_to_arabic,3afu,عفو,عوف,False,4,3
arabizi_to_arabic,nisnaas,نسناس,نسناس,True,7,5
arabizi_to_arabic,farjaa 2il3een 2il7amra,فرجاه العين الحمرا,فرجا العين الحمة,False,23,18
arabizi_to_arabic,ytawwi3,يطوع,يطوع,True,7,4
arabizi_to_arabic,simsaariyye,سمسارية,سمسارية,True,11,7
arabic_to_arabizi,ريل,rayyal,rayyil,False,3,6
arabic_to_arabizi,نحت,na7at,na77it,False,3,5
arabizi_to_arabic,yuntur,ينطر,ينطر,True,6,4
arabizi_to_arabic,flaan,فلان,لفان,False,5,4
arabic_to_arabizi,إجت بركتها,2ijat barakitha,2ijtik braato,False,10,15
arabic_to_arabizi,وجهها ما بضحك للرغيف السخن,wijihhaa maa bid7ak larghiif 2issukhun,wijhaa maa bil7ak 2ilfardaso,False,26,38
arabic_to_arabizi,يندعس,yindi3is,yindi3is,True,5,8
arabizi_to_arabic,saafin,صافن,سافن,False,6,4
arabizi_to_arabic,ftiil,فتيل,طفل,False,5,4
arabizi_to_arabic,yilfa7,يلفح,يلفح,True,6,4
arabizi_to_arabic,yitsaafal,يتسافل,يتسافل,True,9,6
arabic_to_arabizi,استرق,2istariqq,2istaraq,False,5,9
arabic_to_arabizi,دق راسك بالحيط,duqq raasak bil7eet,daqq raasii7 baak,False,14,19
arabizi_to_arabic,karib,كرب,كرب,True,5,3
arabizi_to_arabic,shanaashir,شناشر,شناشر,True,10,5
arabizi_to_arabic,qasiir,قصير,قصير,True,6,4
arabic_to_arabizi,صحتله,sa77atlo,sa7talo,False,5,8
arabic_to_arabizi,صفر,sifir,saffar,False,3,5
arabic_to_arabizi,شعب,sha3ib,sha33ib,False,3,6
arabizi_to_arabic,ylimm,يلم,يلم,True,5,3
arabic_to_arabizi,اتزافر,2itzaafar,2itzaafar,True,6,9
arabic_to_arabizi,تجرع,tjarra3,tjarra3,True,4,7
arabic_to_arabizi,حدبة,7adabe,7adbe,False,4,6
arabizi_to_arabic,ydaari,يداري,يداري,True,6,5
arabic_to_arabizi,الله لا يشبعك,2alla laa yishbi3ak,2illla laa bishsha3ik,False,13,19
arabizi_to_arabic,taaqa,طاقة,طاقة,True,5,4
arabic_to_arabizi,مقدح,mqaddi7,mqaddi7,True,4,7
arabic_to_arabizi,مبوش,mbawwish,mboosh,False,4,8
arabizi_to_arabic,2itmaghghat,اتمغط,اتمغط,True,11,5
arabic_to_arabizi,حشرة,7ashara,7ashra,False,4,7
arabic_to_arabizi,شطت ونطت,shattat wunattat,shattat ttuunt,False,8,16
arabic_to_arabizi,انتل,2intil,2intall,False,4,6
arabic_to_arabizi,انقمص,2inqamas,2inqisim,False,5,8
arabic_to_arabizi,مع القلعة,ma3 2ilqal3a,mi3 2ilqal3a,False,9,12
arabic_to_arabizi,حشاش,7ashshaash,7ashshaash,True,4,10
arabizi_to_arabic,ghimid,غمض,غمد,False,6,3
arabic_to_arabizi,كمكمة,kamkame,kamkame,True,5,7
arabizi_to_arabic,traqqab,ترقب,ترقب,True,7,4
arabic_to_arabizi,هاذي,haadi,haadhi,False,4,5
arabic_to_arabizi,كأن,ka2ann,2akan,False,3,6
arabizi_to_arabic,msharbak,مشربك,مشربك,True,8,5
arabic_to_arabizi,يتهاون,yithaawan,yithaawan,True,6,9
arabizi_to_arabic,kastanaaye,كستناية,كستانية,False,10,7
arabic_to_arabizi,انطلي,2intili,2intili,True,5,7
arabizi_to_arabic,yil3i,يلعي,يلعي,True,5,4
arabic_to_arabizi,خلافة,khilaafe,khalaafe,False,5,8
arabizi_to_arabic,sawaariikh,صواريخ,سواريخ,False,10,6
arabizi_to_arabic,2intarak,انترك,انترك,True,8,5
arabic_to_arabizi,يسعل,yis3al,ysa33il,False,4,6
arabic_to_arabizi,يلوح,ylawwi7,ylawwi7,True,4,7
arabic_to_arabizi,الدم عالدم ثقيل,2iddamm 3addam tqiil,2ildam 3ala qiidd,False,15,20
arabic_to_arabizi,علم عليه,3allam 3alee,3alam 3eelo,False,8,12
arabizi_to_arabic,manaa7iis,مناحيس,مناحيص,False,9,6
arabic_to_arabizi,زناد الرقبة,znaad 2irraqabe,zanaad 2ilbaraqa,False,11,15
arabizi_to_arabic,makhsuum,مخصوم,مخسوم,False,8,5
arabizi_to_arabic,7ammaasa,حماصة,حماس,False,8,5
arabizi_to_arabic,7addab,حدب,حضب,False,6,3
arabizi_to_arabic,ydoomi7,يدومح,يدومح,True,7,5
arabizi_to_arabic,yitnaghghaz,يتنغز,يتنغز,True,11,5
arabizi_to_arabic,yizbin,يزبن,يزبن,True,6,4
arabic_to_arabizi,طواس,twaas,tawwaas,False,4,5
arabic_to_arabizi,بصري,basari,basri,False,4,6
arabic_to_arabizi,أعطته عين,2a3tato 3een,2a3tato 3eeno,False,9,12
arabic_to_arabizi,بحلق,ba7laq,ba7liq,False,4,6
arabic_to_arabizi,احتضر,2i7tadar,2i7tidir,False,5,8
arabic_to_arabizi,يتخلق,yitkhallaq,yitkhallaq,True,5,10
arabic_to_arabizi,فتت,fattit,fattat,False,3,6
arabic_to_arabizi,نهج,nahadj,nahj,False,3,6
arabic_to_arabizi,هوي,huuwwe,hawwi,False,3,6
arabizi_to_arabic,2istidim,اصطدم,استدم,False,8,5
arabic_to_arabizi,سورق,sooriq,sooraq,False,4,6
arabizi_to_arabic,yrayyid,يريض,يريض,True,7,4
arabic_to_arabizi,اتعفن,2it3affan,2it3affan,True,5,9
arabizi_to_arabic,sa7tuut,سحتوت,سحطوط,False,7,5
arabizi_to_arabic,ywalwil,يولول,يولول,True,7,5
arabic_to_arabizi,شحتفة,sha7tafe,sha7tafe,True,5,8
arabic_to_arabizi,خش بطيزي,khushsh 2ibtiizi,khashshab tiizi,False,8,16
arabic_to_arabizi,قرنة,qurne,qarne,False,4,5
arabic_to_arabizi,إير,2iir,2iir,True,3,4
arabic_to_arabizi,اتشاوف,2itshaawaf,2itshaawaf,True,6,10
arabic_to_arabizi,جظ,djudhdh,djadhdh,False,2,7
arabizi_to_arabic,siiri,صيري,سيري,False,5,4
arabizi_to_arabic,fursa laa dahabiyye,فرصة ذهبية,فرصة لا بيدها,False,19,10
arabic_to_arabizi,يسطح,ysatti7,yista7,False,4,7
arabizi_to_arabic,2ish7at,اشحط,اشحط,True,7,4
arabizi_to_arabic,ybi77,يبح,يبح,True,5,3
arabic_to_arabizi,استرجل,2istarjil,2istarjal,False,6,9
arabizi_to_arabic,y7assir,يحسر,يحصر,False,7,4
arabic_to_arabizi,حجج,7ujje,7ajjaj,False,3,5
arabic_to_arabizi,قنص,qans,qannis,False,3,4
arabic_to_arabizi,عسر,3assir,3assar,False,3,6
arabic_to_arabizi,كره,karrah,karrah,True,3,6
arabic_to_arabizi,اسفخ,2isfakh,2isfakh,True,4,7
arabizi_to_arabic,shaffaat 2ilkhara,شفاط الخرا,شافة الخر,False,17,10
arabic_to_arabizi,دواحيس,dawaa7iis,dawaa7iis,True,6,9
arabizi_to_arabic,mrootish,مروتش,مروتش,True,8,5
arabic_to_arabizi,صفع,safa3,saffi3,False,3,5
arabic_to_arabizi,يتشفر,yitshaffar,yitshaffar,True,5,10
arabic_to_arabizi,زنقل,zunqul,zanqal,False,4,6
arabizi_to_arabic,qattab,قتب,قطب,False,6,3
arabizi_to_arabic,yintibi3,ينطبع,ينطبع,True,8,5
arabic_to_arabizi,بيت,beet,beet,True,3,4
arabizi_to_arabic,yookil,يوكل,يوكل,True,6,4
arabic_to_arabizi,ورا الشمش,wara 2ishshams,waraash 2ilmash,False,9,14
arabizi_to_arabic,shummaame,شمامة,شمامة,True,9,5
arabizi_to_arabic,yitghammas,يتغمس,يتغمس,True,10,5
arabic_to_arabizi,يتزحلط,yitza7lat,yitza7lat,True,6,9
arabizi_to_arabic,shab3aan,شبعان,شبعان,True,8,5
arabic_to_arabizi,قاني,qaani,qaani,True,4,5
arabizi_to_arabic,min 7adha laradha,من حدها لردها,من حظهر دلا,False,17,13
arabizi_to_arabic,booba3,بوبع,بوبع,True,6,4
arabizi_to_arabic,7abbal,حبل,حبل,True,6,3
arabic_to_arabizi,خدر,khadar,khaddar,False,3,6
arabic_to_arabizi,أسس,2assis,2assis,True,3,6
arabic_to_arabizi,أجاد,2ajaad,2ajaad,True,4,6
arabic_to_arabizi,حجز,7ajaz,7ajjiz,False,3,5
arabizi_to_arabic,2iqtini3,اقتنع,اقتنع,True,8,5
arabic_to_arabizi,يقلل,yqallil,yqallil,True,4,7
arabic_to_arabizi,عبد,3abad,3abbid,False,3,5
arabic_to_arabizi,محلوب,ma7luub,ma7luub,True,5,7
arabizi_to_arabic,2ukrut,اكرت,اكرت,True,6,4
arabizi_to_arabic,2irbot lsaanak mlii7 laa bidmi wala biqii7,اربط لسانك مليح لابيدمي ولا بيقيح,اربت حدي و مثل قل من حبيلاله,False,42,33
arabizi_to_arabic,3eele,عيلة,عيلة,True,5,4
arabic_to_arabizi,يتصنع,yitsanna3,yitsanna3,True,5,9
arabic_to_arabizi,طفران,tafraan,tafraan,True,5,7
arabic_to_arabizi,أوهام,2awhaam,2awhaam,True,5,7
arabizi_to_arabic,y3arrit,يعرط,يعرط,True,7,4
arabizi_to_arabic,yinfighim,ينفغم,ينفغم,True,9,5
arabic_to_arabizi,حوية,7awiyye,7awiyye,True,4,7
arabic_to_arabizi,وصل,wisil,wassal,False,3,5
arabic_to_arabizi,واصلة معي للسما,waasle ma3i lassama,waasil mali3 msala,False,15,19
arabic_to_arabizi,ينحت,yin7at,yin7att,False,4,6
arabizi_to_arabic,ybaddid,يبدد,يبدد,True,7,4
arabizi_to_arabic,mashaariqk,مشارق,مشارق,True,10,5
arabic_to_arabizi,يوزن,yuuzin,ywazzin,False,4,6
arabizi_to_arabic,7akk,حك,حك,True,4,2
arabic_to_arabizi,يمسخ,ymassikh,ymassikh,True,4,8
arabic_to_arabizi,لسانه بسبع شطلات,lsaano bsabi3 shatalaat,salaano bit3ashat bil,False,16,23
arabic_to_arabizi,وحمة,wa7me,wa7me,True,4,5
arabic_to_arabizi,قرر,qarrar,qarrir,False,3,6
arabic_to_arabizi,درج,darraj,darrij,False,3,6
arabic_to_arabizi,راسين بالحلال,raaseen bil7alaal,rasiin bil7aal,False,13,17
arabizi_to_arabic,baraazqa,برازقة,برزاق,False,8,6
arabic_to_arabizi,دوافع,dawaafi3,dawaafi3,True,5,8
arabizi_to_arabic,mkharrif,مخرف,مخرف,True,8,4
arabic_to_arabizi,احثي,2i7thi,2i7thi,True,4,6
arabizi_to_arabic,sanaasil,سناسل,سناسل,True,8,5
arabizi_to_arabic,mashaafi,مشافي,مشافي,True,8,5
arabizi_to_arabic,djadhdh,جظ,جذ,False,7,2
arabic_to_arabizi,نكاشة ذنين,nakkaashit dineen,nakaashit diniine,False,10,17
arabic_to_arabizi,نهائي,nihaa2i,nahaa2i,False,5,7
arabizi_to_arabic,ysakhkhir,يسخر,يسخر,True,9,4
arabizi_to_arabic,2i7zif,احذف,احزف,False,6,4
arabizi_to_arabic,maalil,مالل,مال,False,6,4
arabic_to_arabizi,قشعيلة,qush3eele,qash3iile,False,6,9
arabizi_to_arabic,ma3luum,معلوم,معلوم,True,7,5
arabizi_to_arabic,ysoolif,يسولف,يسولف,True,7,5
arabic_to_arabizi,هب,hibb,habb,False,2,4
arabizi_to_arabic,2ihtamm,اهتم,اهتم,True,7,4
arabizi_to_arabic,daskar,دسكر,دسكر,True,6,4
arabic_to_arabizi,عوانس,3awaanis,3awaanis,True,5,8
arabizi_to_arabic,taraa2i,تراقي,طرائي,False,7,5
arabic_to_arabizi,منشر,manshar,mnashshir,False,4,7
arabizi_to_arabic,2ibtilaa2,ابتلاء,ابتلاء,True,9,6
arabic_to_arabizi,ارأس,2ir2as,2ir2as,True,4,6
arabizi_to_arabic,yhaddir,يهدر,يهدر,True,7,4
arabizi_to_arabic,3araq jbiino,عرق جبينه,عرق جبينه,True,12,9
arabizi_to_arabic,yit3attash,يتعطش,يتعطش,True,10,5
arabic_to_arabizi,تجاوز,tajaawuz,tjaawaz,False,5,8
arabic_to_arabizi,راح هيك ولا هيك,raa7 heek wuheek,raa 7ayik hala waayo,False,15,16
arabizi_to_arabic,bisiirlo,بيصير له,بيسرول,False,8,8
arabic_to_arabizi,حزازير,7azaaziir,7azaaziir,True,6,9
arabic_to_arabizi,نتوف,natwaf,natwif,False,4,6
arabizi_to_arabic,wakhkhar,وخر,وخر,True,8,3
arabizi_to_arabic,marham,مرهم,مرهم,True,6,4
arabizi_to_arabic,2inkhawat,انخوت,انخوط,False,9,5
arabizi_to_arabic,2itqarra7,اتقرح,اتقرح,True,9,5
arabic_to_arabizi,يفعل,yfa33il,yfa33il,True,4,7
arabizi_to_arabic,2itwaghwash,اتوغوش,اتوغوش,True,11,6
arabic_to_arabizi,اتخنطل,2itkhantal,2itkhantal,True,6,10
arabizi_to_arabic,kawwi3,كوع,كوع,True,6,3
arabizi_to_arabic,qkundara wulaaqat 2ukhutha,قندرة ولاقت أختها,قندرة ولا أختها,False,26,17
arabizi_to_arabic,yuskub,يسكب,يسكب,True,6,4
arabizi_to_arabic,wa7iid 2ahlo,وحيد أهله,وحيد الهو,False,12,9
arabic_to_arabizi,أحياء,2a7yaa2,2a7yaa2,True,5,7
arabic_to_arabizi,هشم,hashshim,hashshim,True,3,8
arabic_to_arabizi,عمة,3amme,3amme,True,3,5
arabizi_to_arabic,qashir,قشر,قشر,True,6,3
arabic_to_arabizi,يلعن,yla33in,yla33in,True,4,7
arabic_to_arabizi,يسجل,ysajjil,ysajjil,True,4,7
arabizi_to_arabic,2itmattat,اتمطط,اتمت,False,9,5
arabizi_to_arabic,yinfur,ينفر,ينفر,True,6,4
arabizi_to_arabic,qal3it,قلعط,قلعط,True,6,4
arabizi_to_arabic,2alla yin3im 3aleek,الله ينعم عليك,أله ينعك ملي,False,19,14
arabizi_to_arabic,ghidib,غضب,غدب,False,6,3
arabizi_to_arabic,maqtuu3 min shajara,مقطوع من شجرة,مقطوع من شجرة,True,19,13
arabic_to_arabizi,شوربة,shoorabe,shoorabe,True,5,8
arabic_to_arabizi,نفوس,nfuus,nfuus,True,4,5
arabic_to_arabizi,اتقشر,2itqashshar,2itqashshar,True,5,11
arabic_to_arabizi,استند,2istanad,2istannad,False,5,8
arabizi_to_arabic,yitzallat,يتزلط,يتزلط,True,9,5
arabizi_to_arabic,maksuura,مكسورة,مكسورة,True,8,6
arabic_to_arabizi,براقع,baraagi3,baraaqi3,False,5,8
arabic_to_arabizi,زنوبة,zannuube,zanuube,False,5,8
arabic_to_arabizi,اتبخنق,2itbakhnaq,2itbakhnaq,True,6,10
arabizi_to_arabic,mistantiq,مستنطق,مستنطق,True,9,6
arabic_to_arabizi,سفير,safiir,safiir,True,4,6
arabic_to_arabizi,ترك,tarik,tarrik,False,3,5
arabic_to_arabizi,مناحة,manaa7a,mnaa7a,False,5,7
arabizi_to_arabic,tamaasii7,تماسيح,تماسيح,True,9,6
arabic_to_arabizi,احذر عدوك مرة وصاحبك مية مرة,2i7zar 3aduuwak marra wusaa7bak miit marra,2i7zir 3adar maa wusak bara7miit mak,False,28,42
arabic_to_arabizi,موعود,maw3uud,mwa3wid,False,5,7
arabic_to_arabizi,قلبه معتم,qalbo m3attim,qalbo ma3to,False,9,13
arabic_to_arabizi,ترح,tara7,tarra7,False,3,5
arabizi_to_arabic,ylaqqi7,يلقح,يلقح,True,7,4
arabic_to_arabizi,يفزر,yufzur,yfazzir,False,4,6
arabic_to_arabizi,خلي,khalli,khalli,True,3,6
arabizi_to_arabic,tayyab,طيب,طيب,True,6,3
arabizi_to_arabic,7aadde wuqaadde,حادة وقادة,حادة وقدة,False,15,10
arabic_to_arabizi,بيوكل الأخضر واليابس,bookil 2il2akhdar wil yaabis,biykil 2il2il2akhwariib 2is,False,20,28
arabic_to_arabizi,انتبه,2intibih,2intibih,True,5,8
arabic_to_arabizi,كتم,katim,kattam,False,3,5
arabic_to_arabizi,يتجالف,yitjaalaf,yitjaalaf,True,6,9
arabizi_to_arabic,mfatti7 biblaad 3imyaan,مفتح ببلاد عميان,مفتح بالد عمني,False,23,16
arabic_to_arabizi,تايه,taayih,taayih,True,4,6
arabizi_to_arabic,7zaam,حزام,حزم,False,5,4
arabic_to_arabizi,قمقشة,qkamqkashe,qamqkashe,False,5,10
arabizi_to_arabic,2ij3aluuha b3oode,إجعلوها بعودة,إجعاله بالعودة,False,17,13
arabizi_to_arabic,ylaawis,يلاوص,يلاوس,False,7,5
arabizi_to_arabic,2itjaddad,اتجدد,اتجد,False,9,5
arabic_to_arabizi,يخلص,yikhlis,ykhallis,False,4,7
arabizi_to_arabic,shawaariit,شواريط,شواريط,True,10,6
arabic_to_arabizi,فتيشة,futteeshe,fatiishe,False,5,9
arabizi_to_arabic,tanqiit,تنقيط,تنقيط,True,7,5
arabizi_to_arabic,yhaajir,يهاجر,يهاجر,True,7,5
arabic_to_arabizi,مقحمش,mqa7mish,mqa7mish,True,5,8
arabizi_to_arabic,2ilo 3umur,إله عمر,الله عمر,False,10,7
arabizi_to_arabic,mab3uut,مبعوط,مبعوط,True,7,5
arabizi_to_arabic,yiddikhir,يدخر,يدخر,True,9,4
arabic_to_arabizi,طابع,taabi3,taabi3,True,4,6
arabic_to_arabizi,سد بوزك,sidd buuzak,sadd buuzak,False,7,11
arabizi_to_arabic,ykhaarij,يخارج,يخارج,True,8,5
arabizi_to_arabic,badiil,بديل,بديل,True,6,4
arabic_to_arabizi,زغط,zaghat,ghazzat,False,3,6
arabizi_to_arabic,khara,خرا,خرا,True,5,3
arabic_to_arabizi,أبو خنانة,2abu khnaane,2abu nakhna,False,9,12
arabic_to_arabizi,اسم دلع,2isim dala3,2ismid 3ala,False,7,11
arabizi_to_arabic,2ithaawa,اتهاوى,اتهاوى,True,8,6
arabizi_to_arabic,munaafis,منافس,منافس,True,8,5
arabic_to_arabizi,يعطش,y3attish,y3attish,True,4,8
arabic_to_arabizi,ظريف,zariif,zariif,True,4,6
arabizi_to_arabic,malle,ملة,ملة,True,5,3
arabizi_to_arabic,2iltaqat,التقط,التقط,True,8,5
arabic_to_arabizi,مستقطع,mustaqta3,mistaqti3,False,6,9
arabic_to_arabizi,تدنيس,tadniis,tadniis,True,5,7
arabic_to_arabizi,أنتخة,2antakha,2antakhe,False,5,8
arabizi_to_arabic,2ihwi,اهوي,اهوي,True,5,4
arabizi_to_arabic,yinqatal,ينقتل,ينقطل,False,8,5
arabic_to_arabizi,بعج,ba33aj,ba33ij,False,3,6
arabizi_to_arabic,qgidir,قدر,قدر,True,6,3
arabizi_to_arabic,fustuq faadi,فستق فاضي,فستق فضي,False,12,9
arabizi_to_arabic,2atayyir mayy,أطير مي,أطير مي,True,13,7
arabizi_to_arabic,kulfe,كلفة,كلفة,True,5,4
arabizi_to_arabic,hadde,هدة,هدة,True,5,3
arabizi_to_arabic,yjaddid shabaabo,يجدد شبابه,جاد بشبه,False,16,10
arabizi_to_arabic,yitshabbak,يتشبك,يتشبك,True,10,5
arabizi_to_arabic,fat7a,فتحة,فتحة,True,5,4
arabizi_to_arabic,laawid,لاود,لاود,True,6,4
arabizi_to_arabic,2it7affaz,اتحفز,اتحفظ,False,9,5
arabic_to_arabizi,جنوبي,januubi,januubi,True,5,7
arabizi_to_arabic,zayy 2ishshu3le,زي الشعلة,زي الشعة,False,15,9
arabic_to_arabizi,انفزر,2infizir,2infizir,True,5,8
arabizi_to_arabic,malaazim,ملازم,ملازم,True,8,5
arabic_to_arabizi,حت,7att,7att,True,2,4
arabizi_to_arabic,ma3tuuh,معتوه,معطوه,False,7,5
arabic_to_arabizi,أطرب,2atrab,2atrab,True,4,6
arabizi_to_arabic,tqahwatgahwa,تقهوى,تقهوث,False,12,5
arabizi_to_arabic,yit3abqar,يتعبقر,يتعبقر,True,9,6
arabizi_to_arabic,mtalli3,مطلع,متلع,False,7,4
arabic_to_arabizi,دوبح,dooba7,dooba7,True,4,6
arabic_to_arabizi,سلعوس,sal3uus,sal3uus,True,5,7
arabic_to_arabizi,يتبرقع,yitbarqa3,yitbarqa3,True,6,9
arabic_to_arabizi,فرفوش,farfuush,farfuush,True,5,8
arabic_to_arabizi,يدلبع,ydalbi3,ydalbi3,True,5,7
arabizi_to_arabic,yit7assaf,يتحسف,يتحسف,True,9,5
arabic_to_arabizi,شمس,shammas,shammis,False,3,7
arabic_to_arabizi,مدفش,midfashsh,mdaffish,False,4,9
arabic_to_arabizi,دلبع,dalba3,dalba3,True,4,6
arabic_to_arabizi,انترك,2intirik,2intirik,True,5,8
arabizi_to_arabic,2inqaaz,انقاذ,انقاز,False,7,5
arabizi_to_arabic,faayiq wuraayiq,فايق و رايق,فايق وريق,False,15,11
arabizi_to_arabic,2anshuuq2a,أنشوقة,أنشوق,False,10,6
arabizi_to_arabic,sarii7,صريح,صريح,True,6,4
arabic_to_arabizi,اكتساح,2iktisaa7,2iktisaa7,True,6,9
arabizi_to_arabic,marshuush rashsh,مرشوش رش,مرش شرش,False,16,8
arabic_to_arabizi,حرن,7irin,7arran,False,3,5
arabizi_to_arabic,tshabbak,تشبك,تشبك,True,8,4
arabizi_to_arabic,2aasaar,آثار,آثار,True,7,4
arabizi_to_arabic,biji7,بجح,بجح,True,5,3
arabizi_to_arabic,2insakan,انسكن,انسكن,True,8,5
arabic_to_arabizi,خضار,khudaar,khadaar,False,4,7
arabizi_to_arabic,tsaffat,تسفط,تسفط,True,7,4
arabic_to_arabizi,يقاسي,yqaasi,yqaasi,True,5,6
arabizi_to_arabic,2akhanzar,أخنزر,أخنزر,True,9,5
arabizi_to_arabic,2inmi7in,انمحن,انمحن,True,8,5
arabic_to_arabizi,مشروع,mashruu3,mashruu3,True,5,8
arabizi_to_arabic,ytinn,يطن,يطن,True,5,3
arabic_to_arabizi,بيت الشعر,beet 2ishsha3ar,beet 2ishsha3r,False,9,15
arabizi_to_arabic,yjaawiz,يجاوز,يجاوز,True,7,5
arabizi_to_arabic,khunub,خنب,خنب,True,6,3
arabic_to_arabizi,كفار,kuffaar,kafaar,False,4,7
arabic_to_arabizi,طلوع,tluu3,taltuu3,False,4,5
arabic_to_arabizi,مبروك,mabruuk,mbarwik,False,5,7
arabic_to_arabizi,اتبهدل,2itbahdal,2itbahdal,True,6,9
arabic_to_arabizi,يتعترس,yit3atras,yit3atras,True,6,9
arabizi_to_arabic,2indam,اندم,اندم,True,6,4
arabizi_to_arabic,yit7eewan,يتحيون,يتحونة,False,9,6
arabic_to_arabizi,قالت خذوا,qaalat khudu,qaalit khadhawa,False,9,12
arabic_to_arabizi,دراما,draama,daraama,False,5,6
arabic_to_arabizi,تأمر,t2ammar,t2ammar,True,4,7
arabizi_to_arabic,dafyaan,دفيان,دفيان,True,7,5
arabic_to_arabizi,مخبص,mkhabbis,mkhabbis,True,4,8
arabizi_to_arabic,sanaadil,صنادل,سنادل,False,8,5
arabic_to_arabizi,ينفصل,yinfisil,yinfisil,True,5,8
arabic_to_arabizi,خزوة,khazwe,khooze,False,4,6
arabic_to_arabizi,يذل,yzill,ydill,False,3,5
arabizi_to_arabic,yaa ma7aasin 2issudaf,يا محاسن الصدف,أيام حصفى الدنسيا,False,21,14
arabic_to_arabizi,يحم,y7imm,y7imm,True,3,5
arabic_to_arabizi,أخذ مجده,2akhad maddo,2akhd midhd,False,8,12
arabizi_to_arabic,7urdjaaye,حرجاية,حرجاية,True,9,6
arabic_to_arabizi,يا قوم,yaa qawm,yaa qum,False,6,8
arabizi_to_arabic,ka3kooz,كعكوز,كعكوز,True,7,5
arabizi_to_arabic,mu3aaqab,معاقب,معاقب,True,8,5
arabizi_to_arabic,2ithaffat,اتهفت,اتهفت,True,9,5
arabizi_to_arabic,2itsaqqaf,اتثقف,اتسقف,False,9,5
arabizi_to_arabic,fantaziyye,فنتزية,فنتزية,True,10,6
arabizi_to_arabic,yilkham,يلخم,يلخم,True,7,4
arabic_to_arabizi,استدسم,2istadsim,2istadsim,True,6,9
arabizi_to_arabic,ghuraz,غرز,غرز,True,6,3
arabizi_to_arabic,damiiro naayim,ضميره نايم,دمير نامي,False,14,10
arabic_to_arabizi,جلدة,jalde,jalde,True,4,5
arabic_to_arabizi,طير,tayyir,tayyir,True,3,6
arabic_to_arabizi,برص,burus,baras,False,3,5
arabic_to_arabizi,عافي,3aafi,3aafi,True,4,5
arabic_to_arabizi,خنم,khannam,khannam,True,3,7
arabizi_to_arabic,2ifsil,افصل,افسل,False,6,4
arabizi_to_arabic,7ashad,حشد,حشد,True,6,3
arabic_to_arabizi,عزقني,3azakni,3azqkani,False,5,7
arabic_to_arabizi,نوح,nawwa7,nawwi7,False,3,6
arabic_to_arabizi,مستوطنة,mustawtane,mustawtane,True,7,10
arabizi_to_arabic,hidaaye,هداية,هداية,True,7,5
arabic_to_arabizi,ترشق,trashshaq,trashshaq,True,4,9
arabizi_to_arabic,2ista3jil,استعجل,استعجل,True,9,6
arabic_to_arabizi,ابلق,2ibluq,2iblaq,False,4,6
arabic_to_arabizi,يتحمض,yit7ammad,yit7addam,False,5,9
arabic_to_arabizi,اعبك,2i3bitsh,2i3bik,False,4,8
arabic_to_arabizi,طيارة,tayyaara,tiyaara,False,5,8
arabic_to_arabizi,متورط,mitwarrit,mitwarrit,True,5,9
arabic_to_arabizi,يندعك,yinda3ik,yindi3ik,False,5,8
arabic_to_arabizi,غرز,gharriz,gharraz,False,3,7
arabic_to_arabizi,يضرط,ydarrit,ydarrit,True,4,7
arabizi_to_arabic,yifta7,يفتح,يفتح,True,6,4
arabic_to_arabizi,حشد,7ashd,7ashshad,False,3,5
arabic_to_arabizi,تهليل,tahliil,tahliil,True,5,7
arabic_to_arabizi,خطاب كراهية,khitaab karaahiyye,khataabit rakhaye,False,11,18
arabizi_to_arabic,2uslub,اصلب,اسلب,False,6,4
arabizi_to_arabic,yinzur,ينظر,ينزر,False,6,4
arabizi_to_arabic,7arrash,حرش,حرش,True,7,3
arabizi_to_arabic,marda7,مردح,مردح,True,6,4
arabic_to_arabizi,يستمر,yistimirr,yistamirr,False,5,9
arabic_to_arabizi,تجسس,tajassus,tjassas,False,4,8
arabizi_to_arabic,2ifqid,افقد,افقد,True,6,4
arabic_to_arabizi,لطف,lutuf,lattif,False,3,5
arabic_to_arabizi,قطوسة,qattuuse,qatwase,False,5,8
arabizi_to_arabic,yi3mar,يعمر,يعمر,True,6,4
arabic_to_arabizi,يقتنع,yiqtini3,yiqtini3,True,5,8
arabizi_to_arabic,2alf mabruuk,ألف مبروك,ألف مركوب,False,12,9
arabizi_to_arabic,jildit raaso khmiile,جلدة راسه خميلة,جلدة راسه مه خيلة,False,20,15
arabic_to_arabizi,يقد,yqkgidd,yqidd,False,3,7
arabic_to_arabizi,استغيب,2istaghiib,2istaghyib,False,6,10
arabic_to_arabizi,يفيع,yfayyi3,yfii3,False,4,7
arabic_to_arabizi,مقهور,maqhuur,maqhuur,True,5,7
arabic_to_arabizi,نحف,nu7uf,na77if,False,3,5
arabizi_to_arabic,wiq3at braaso,وقعت براسه,وقعت براسه,True,13,10
arabic_to_arabizi,مدنقر,mdanqir,mdanqir,True,5,7
arabic_to_arabizi,مقري,maqri,mqarri,False,4,5
arabizi_to_arabic,tfa3kash,تفعكش,تفعكش,True,8,5
arabizi_to_arabic,2itbaklash,اتبكلش,اتبكلش,True,10,6
arabizi_to_arabic,zatmiyye,زطمية,زطمية,True,8,5
arabic_to_arabizi,برقع,barqi3,barqa3,False,4,6
arabizi_to_arabic,kiil,كيل,كيل,True,4,3
arabizi_to_arabic,sa77atlo,صحتله,سحتله,False,8,5
arabizi_to_arabic,hadam,هدم,هدم,True,5,3
arabic_to_arabizi,ينتخب,yintikhib,yintikhib,True,5,9
arabic_to_arabizi,شرخ,sharkh,sharrakh,False,3,6
arabizi_to_arabic,beet malyaan,بيت مليان,بيت ملين,False,12,9
arabizi_to_arabic,yshattib,يشطب,يشطب,True,8,4
arabic_to_arabizi,بيسوى,byiswa,baysuu,False,5,6
arabizi_to_arabic,2ummiyye,أمية,أمية,True,8,4
arabic_to_arabizi,طفر,tafar,taffir,False,3,5
arabic_to_arabizi,امسخ,2imsakh,2imsakh,True,4,7
arabizi_to_arabic,noo3,نوع,نوع,True,4,3
arabic_to_arabizi,ألغى,2algha,2algha,True,4,6
arabic_to_arabizi,جاحد,jaa7id,jaa7id,True,4,6
arabic_to_arabizi,مشقرم,mshaqkram,mshaqkrim,False,5,9
arabizi_to_arabic,7ilal,حلل,حل,False,5,3
arabic_to_arabizi,طوبر,ytoobir,toobar,False,4,7
arabizi_to_arabic,ywaaji,يواجي,يواجي,True,6,5
arabizi_to_arabic,mulaazim,ملازم,ملازم,True,8,5
arabizi_to_arabic,jaraade,جرادة,جرادة,True,7,5
arabizi_to_arabic,t3abbad,تعبد,تعبد,True,7,4
arabic_to_arabizi,اتمقلس,2itma2las,2itmaqlas,False,6,9
arabizi_to_arabic,qatir,قطر,قطر,True,5,3
arabizi_to_arabic,baali,بالي,بالي,True,5,4
arabic_to_arabizi,مسفح,msaffi7,msaffi7,True,4,7
arabizi_to_arabic,ysannif,يصنف,يسنف,False,7,4
arabic_to_arabizi,طناجر,tanaajir,tanaajir,True,5,8
arabizi_to_arabic,2in3ar,انعر,انعر,True,6,4
arabizi_to_arabic,qashshi3,قشع,قشع,True,8,3
arabic_to_arabizi,اتمالح,2itmaala7,2itmaala7,True,6,9
arabizi_to_arabic,wil7abil jarraar,والحبل جرار,ولحب رجل,False,16,11
arabic_to_arabizi,شقيقة,shaqiiqa,shaqiiqa,True,5,8
arabic_to_arabizi,ضرط,darat,darrit,False,3,5
arabic_to_arabizi,ينجح,yinja7,yinja77,False,4,6
arabic_to_arabizi,ازرع,2izra3,2izra3,True,4,6
arabic_to_arabizi,يسنسل,ysansil,ysansil,True,5,7
arabic_to_arabizi,احلب,2i7lib,2i7lib,True,4,6
arabic_to_arabizi,اقرف,2iqraf,2uqruf,False,4,6
arabic_to_arabizi,غلب,ghalab,ghallab,False,3,6
arabizi_to_arabic,taniib,طنيب,تنيب,False,6,4
arabic_to_arabizi,قندرجي,qkundarji,qandiriij,False,6,9
arabizi_to_arabic,y3uud,يعود,يعود,True,5,4
arabic_to_arabizi,صاية,saaye,saaye,True,4,5
arabic_to_arabizi,يتجاور,yitjaawar,yitjaawar,True,6,9
arabizi_to_arabic,yinitzi3,ينطزع,ينزطع,False,8,5
arabizi_to_arabic,2itkhandaq,اتخندق,اتخندق,True,10,6
arabizi_to_arabic,suuq,سوق,سوق,True,4,3
arabic_to_arabizi,رباني,rabbaani,rabaani,False,5,8
arabic_to_arabizi,يقعش,yiqk3ash,yqa33ish,False,4,8
arabizi_to_arabic,suff,صف,صف,True,4,2
arabic_to_arabizi,مخباط,mukhbaat,mukhbaat,True,5,8
arabizi_to_arabic,yqaffi,يقفي,يقفي,True,6,4
arabizi_to_arabic,ziraa3it qawqa3a,زراعة قوقعة,زرعة عقواة,False,16,11
arabic_to_arabizi,فرائض,faraa2id,faraa2id,True,5,8
arabizi_to_arabic,min,من,من,True,3,2
arabic_to_arabizi,ستر,sattar,sattir,False,3,6
arabic_to_arabizi,مكر,makir,makkar,False,3,5
arabic_to_arabizi,ملتوت,maltuut,maltuut,True,5,7
arabic_to_arabizi,يتوعد,yitwa33ad,yitwa33ad,True,5,9
arabizi_to_arabic,far3i,فرعي,فرعي,True,5,4
arabic_to_arabizi,تقليدي,taqliidi,taqliid,False,6,8
arabizi_to_arabic,laziiz,لذيذ,لظيز,False,6,4
arabic_to_arabizi,نقر,naqqar,naqqir,False,3,6
arabic_to_arabizi,إيش معنى,2ish ma3na,2iish ma3na,False,8,10
arabizi_to_arabic,2akam,أكم,أكم,True,5,3
arabizi_to_arabic,2arbaa7,أرباح,أرباح,True,7,5
arabizi_to_arabic,qashshar,قشر,قشر,True,8,3
arabic_to_arabizi,شطوط,shatwat,shatwit,False,4,7
arabic_to_arabizi,وزع,wazzi3,wazza3,False,3,6
arabizi_to_arabic,takhallus,تخلص,تخلص,True,9,4
arabic_to_arabizi,وسايخي,wasaaykhi,sawaayikh,False,6,9
arabizi_to_arabic,nafar,نفر,نفر,True,5,3
arabic_to_arabizi,متناقض,mutanaaqid,mitnaaqid,False,6,10
arabic_to_arabizi,مقادح,maqaadi7,maqaadi7,True,5,8
arabizi_to_arabic,taftafe,تفتفة,طفطفة,False,7,5
arabic_to_arabizi,حلاقة,7laaqa,7alaaqa,False,5,6
arabizi_to_arabic,2intafad,انتفض,انتفض,True,8,5
arabic_to_arabizi,ضحكة,du7ke,da7ke,False,4,5
arabizi_to_arabic,yaa haadi,يا هادي,يا هدي,False,9,7
arabic_to_arabizi,براني,baraani,baraani,True,5,7
arabizi_to_arabic,nazziz,نزز,نز,False,6,3
arabic_to_arabizi,يتطوح,yittawwa7,yitwatta7,False,5,9
arabic_to_arabizi,يطوب,ytawwib,ytawwib,True,4,7
arabizi_to_arabic,yit7arwad,يتحرود,يتحروض,False,9,6
arabic_to_arabizi,بادل,baadil,baadil,True,4,6
arabic_to_arabizi,بضلة,budalle,badale,False,4,7
arabizi_to_arabic,kruume,كرومة,كرومة,True,6,5
arabizi_to_arabic,tsakhkhat,تسخط,تسخط,True,9,4
arabic_to_arabizi,فوق روسهم,fooq ruushum,fooq rasomo,False,9,12
arabizi_to_arabic,2istihtaar,استهتار,استهار,False,10,7
arabizi_to_arabic,sayyij,سيج,سيج,True,6,3
arabizi_to_arabic,yintirim,ينطرم,ينطرم,True,8,5
arabizi_to_arabic,ykabbib,يكبب,يكبب,True,7,4
arabizi_to_arabic,dalbi7,دلبح,دلبح,True,6,4
arabizi_to_arabic,qattib,قتب,قطب,False,6,3
arabic_to_arabizi,انفزع,2infizi3,2infizi3,True,5,8
arabizi_to_arabic,wijih 2ilimkhadde,وجه المخدة,وجهه الخدمة,False,17,10
arabizi_to_arabic,7amaame,حمامة,حمامة,True,7,5
arabic_to_arabizi,مفقسة,mafqase,mfaqase,False,5,7
arabic_to_arabizi,مطمط,matmat,mtammit,False,4,6
arabizi_to_arabic,shakshake,شكشكة,شكشة,False,9,5
arabic_to_arabizi,يلهث,yilhath,ylahhith,False,4,7
arabic_to_arabizi,نقف,naqqaf,naqqif,False,3,6
arabic_to_arabizi,معوذتين,mu3awwidhatiin,ma3tuuziin,False,7,14
arabic_to_arabizi,لوزة,looze,looze,True,4,5
arabizi_to_arabic,ybasmil,يبسمل,يبصمل,False,7,5
arabic_to_arabizi,مجرى المي,majra 2ilmayy,majra 2ilmayy,True,9,13
arabizi_to_arabic,sanaame,سنامة,سنامة,True,7,5
arabizi_to_arabic,salta7a,صلطحة,سلطحة,False,7,5
arabic_to_arabizi,مبارزة,mubaaraze,mbaaraze,False,6,9
arabic_to_arabizi,خراب,kharraab,kharraab,True,4,8
arabizi_to_arabic,mazaabil,مزابل,مزابل,True,8,5
arabic_to_arabizi,أخذ,2akhd,2akhad,False,3,5
arabic_to_arabizi,صيبعة,seeba3a,siiba3a,False,5,7
arabic_to_arabizi,قرقوم,qarquumkarkuum,qarquum,False,5,14
arabizi_to_arabic,mnawwil,منول,منول,True,7,4
arabizi_to_arabic,yunkhur,ينخر,ينخر,True,7,4
arabizi_to_arabic,m3ammir,معمر,معمر,True,7,4
arabic_to_arabizi,استشهادي,2istishhaadi,2istishhhaadi,False,8,12
arabizi_to_arabic,tfatta7,تفتح,تفتح,True,7,4
arabic_to_arabizi,مداقشة,mdaaqashe,mdaaqashe,True,6,9
arabizi_to_arabic,muus,موس,موس,True,4,3
arabizi_to_arabic,tisaa3,تساع,تساع,True,6,4
arabizi_to_arabic,twaazan,توازن,توازن,True,7,5
arabic_to_arabizi,قراطيف,qaraatiif,qaraatiif,True,6,9
arabic_to_arabizi,بقدونسية,baqduunsiyye,baqduuniyye,False,8,12
arabizi_to_arabic,2itshaawar,اتشاور,اتشاور,True,10,6
arabizi_to_arabic,khaddar,خدر,خدر,True,7,3
arabizi_to_arabic,ghassa,غصة,غصى,False,6,3
arabic_to_arabizi,بتحوص وبتلوص,bit7uus wubitluus,bta7suus wulabit,False,12,17
arabic_to_arabizi,نقب,naqab,naqqab,False,3,5
arabizi_to_arabic,taayish,طايش,طايش,True,7,4
arabizi_to_arabic,yi7taar,يحتار,يحتار,True,7,5
arabic_to_arabizi,يرتكب,yirtikib,yirtikib,True,5,8
arabizi_to_arabic,2ittaffal,اتطفل,اتطفل,True,9,5
arabic_to_arabizi,طيون,tayyuun,taywin,False,4,7
arabizi_to_arabic,mrakhrikh,مرخرخ,مرخرخ,True,9,5
arabizi_to_arabic,mqayyad,مقيد,مقيد,True,7,4
arabizi_to_arabic,2a7sa,أحصى,أحسى,False,5,4
arabic_to_arabizi,لولا,loola,lawaal,False,4,5
arabic_to_arabizi,ممورق,2immooraqk,moomariqk,False,5,10
arabizi_to_arabic,y7arriq,يحرق,يحرق,True,7,4
arabic_to_arabizi,حمش,7amash,7ammish,False,3,6
arabic_to_arabizi,مخطط,mukhattat,mkhattit,False,4,9
arabizi_to_arabic,mukhkho byuuzin balad,مخه بيوزن بلد,مخه بيزون بلد,False,21,13
arabic_to_arabizi,اندبش,2indibish,2indabash,False,5,9
arabic_to_arabizi,تستر,tsattar,tsattar,True,4,7
arabizi_to_arabic,trabba3,تربع,تربع,True,7,4
arabizi_to_arabic,kattaf,كتف,كتف,True,6,3
arabic_to_arabizi,ياكل,yaakul,yaakil,False,4,6
arabizi_to_arabic,taal,طال,طال,True,4,3
arabic_to_arabizi,كرسي,kursi,karsi,False,4,5
arabizi_to_arabic,malik 2ilghaabe,ملك الغابة,مليك الغبة,False,15,10
arabic_to_arabizi,انضبط,2indabat,2indabat,True,5,8
arabic_to_arabizi,القى,2ilqa,2ilqa,True,4,5
arabic_to_arabizi,نخرب,nakhrab,nakhrab,True,4,7
arabizi_to_arabic,mooje,موجة,موجة,True,5,4
arabizi_to_arabic,yiddaawa,يتداوى,يتداوى,True,8,6
arabizi_to_arabic,zalaazil,زلازل,زلازل,True,8,5
arabizi_to_arabic,makar,مكر,مكر,True,5,3
arabizi_to_arabic,2assil,أصل,أسل,False,6,3
arabic_to_arabizi,ندي,naddi,naddi,True,3,5
arabic_to_arabizi,تالف,taalif,taalif,True,4,6
arabizi_to_arabic,fazii3,فظيع,فزيع,False,6,4
arabizi_to_arabic,fazlake,فزلكة,فزلكة,True,7,5
arabizi_to_arabic,jsuura,جسورة,سجورة,False,6,5
arabic_to_arabizi,اتدلع,2iddala3,2iddalla3,False,5,8
arabizi_to_arabic,2istafti7,استفتح,استفتح,True,9,6
arabizi_to_arabic,ydall,يظل,يدل,False,5,3
arabic_to_arabizi,تزهمر,tzahmar,tzahmar,True,5,7
arabic_to_arabizi,ضلع,dili3,dalli3,False,3,5
arabic_to_arabizi,مشهد,mashhad,mshahhid,False,4,7
arabic_to_arabizi,ناقض,naaqad,naaqid,False,4,6
arabic_to_arabizi,قاروط,qaaruut,qaaruut,True,5,7
arabizi_to_arabic,takhtakh,تختخ,تختخ,True,8,4
arabic_to_arabizi,بحتية,ba7tiyye,ba7tiyye,True,5,8
arabic_to_arabizi,دربل,darbal,darbil,False,4,6
arabic_to_arabizi,اتفنتز,2itfantaz,2itfantaz,True,6,9
arabizi_to_arabic,3atbin,عطبن,عطبن,True,6,4
arabizi_to_arabic,yighzil,يغزل,يغزل,True,7,4
arabizi_to_arabic,7iyal,حيل,حيل,True,5,3
arabizi_to_arabic,karhib,كرهب,كرهب,True,6,4
arabic_to_arabizi,طوف,tawwif,toof,False,3,6
arabic_to_arabizi,لبنية,labaniyye,labniyye,False,5,9
arabizi_to_arabic,yinjarr,ينجر,ينجر,True,7,4
arabizi_to_arabic,mish mithanni bluqmito,مش متهني بلقمته,مش مثل بثقهنه,False,22,15
arabizi_to_arabic,twassaf,توصف,توصف,True,7,4
arabizi_to_arabic,ylabbis,يلبس,يلبس,True,7,4
arabizi_to_arabic,nawwil,نول,نول,True,6,3
arabizi_to_arabic,qudaama,قدامى,قدام,False,7,5
arabizi_to_arabic,yista2jir,يستأجر,يستأجر,True,9,6
arabizi_to_arabic,zunuub,ذنوب,زنوب,False,6,4
arabic_to_arabizi,يغسل,yghassil,yghassil,True,4,8
arabizi_to_arabic,2iqraar,إقرار,اقرار,False,7,5
arabizi_to_arabic,qabbiyye,قبية,قبية,True,8,4
arabizi_to_arabic,wakbir,وكبر,وكبر,True,6,4
arabizi_to_arabic,mbayyin,مبين,مبين,True,7,4
arabic_to_arabizi,مخصي,makhsi,mkhassi,False,4,6
arabizi_to_arabic,3ayyish,عيش,عيش,True,7,3
arabizi_to_arabic,taqabbul,تقبل,تقبل,True,8,4
arabizi_to_arabic,byiswa,بيسوى,يبسو,False,6,5
arabic_to_arabizi,مقبع,mqabbi3,mqabbi3,True,4,7
arabic_to_arabizi,يجوف,yjawwif,yjawwif,True,4,7
arabic_to_arabizi,عدل,3idil,3addil,False,3,5
arabizi_to_arabic,yitqkandar,يتقندر,يتقندر,True,10,6
arabizi_to_arabic,yistatli3,يستطلع,يستطلع,True,9,6
arabic_to_arabizi,اخطر,2ikhtur,2ikhtar,False,4,7
arabizi_to_arabic,yitjarram,يتجرم,يتجرم,True,9,5
arabizi_to_arabic,ydayyif,يضيف,يديف,False,7,4
arabizi_to_arabic,basbis,بسبس,بصبص,False,6,4
arabizi_to_arabic,7aamid,حامض,حامض,True,6,4
arabic_to_arabizi,هوامش,hawaamish,hawaamish,True,5,9
arabizi_to_arabic,qarquu3akarkuu3a,قرقوعة,قرقوعة,True,16,6
arabic_to_arabizi,غص,ghuss,ghass,False,2,5
arabizi_to_arabic,ytashshish,يطشش,يطشش,True,10,4
arabizi_to_arabic,la77an,لحن,لحن,True,6,3
arabic_to_arabizi,مسحول,msa7wil,mas7uul,False,5,7
arabizi_to_arabic,lsaan,لسان,لسان,True,5,4
arabic_to_arabizi,مسيحي,masii7i,msayyi7,False,5,7
arabic_to_arabizi,قيشة,qiishe,qiishe,True,4,6
arabizi_to_arabic,3ilmaani,علماني,علماني,True,8,6
arabizi_to_arabic,tkharbash,تخربش,تخربش,True,9,5
arabic_to_arabizi,فجأة,faj2a,fajja2a,False,4,5
arabic_to_arabizi,يتأهل,yit2ahhal,yit2ahhal,True,5,9
arabic_to_arabizi,يورب,yuurib,ywarrib,False,4,6
arabic_to_arabizi,يا دوب,yaa doob,yaa dabu,False,6,8
arabic_to_arabizi,اتفكر,2itfakkar,2itfakkar,True,5,9
arabizi_to_arabic,tashriib,تشريب,تشريب,True,8,5
arabizi_to_arabic,washa,وشى,وشى,True,5,3
arabizi_to_arabic,2ijtiliq,اجتلق,اجتلق,True,8,5
arabic_to_arabizi,خنصر,khansir,khansar,False,4,7
arabizi_to_arabic,m2akhkhir,مؤخر,مؤخر,True,9,4
arabizi_to_arabic,tushsh,طش,طش,True,6,2
arabizi_to_arabic,dall,ظل,دل,False,4,2
arabizi_to_arabic,matruus,متروس,مطروس,False,7,5
arabic_to_arabizi,بالحبلة طهر مقيلط,bil7abale tahhar mqeelit,baal7al bittuqq 2ilmare,False,17,24
arabizi_to_arabic,2istakhiir,استخير,استخير,True,10,6
arabic_to_arabizi,يتوافق,yitwaafaq,yitwaafaq,True,6,9
arabizi_to_arabic,yinmadd,ينمد,ينمد,True,7,4
arabizi_to_arabic,2asraf,أسرف,أسرف,True,6,4
arabic_to_arabizi,سحاب,sa77aab,sa77aab,True,4,7
arabic_to_arabizi,وجهه مثل الصرماية,wijho mitil 2issurmaaye,wijho mitil 2issurmaa,False,17,23
arabizi_to_arabic,taar,طار,طار,True,4,3
arabizi_to_arabic,yqkannib,يقنب,يقنب,True,8,4
arabic_to_arabizi,حوبك,7oobik,7oobak,False,4,6
arabic_to_arabizi,ورش,warash,warrish,False,3,6
arabizi_to_arabic,ysii7,يصيح,يصيح,True,5,4
arabizi_to_arabic,stuur,سطور,سطور,True,5,4
arabizi_to_arabic,mu7tasham,محتشم,محتشم,True,9,5
arabizi_to_arabic,baaqi,باقي,باقي,True,5,4
arabizi_to_arabic,tshanni3,كنع,تشنع,False,8,3
arabic_to_arabizi,ساحة,saa7a,saa7a,True,4,5
arabic_to_arabizi,يروي,yirwi,yrawwi,False,4,5
arabizi_to_arabic,ma7zuur,محظور,محزور,False,7,5
arabizi_to_arabic,za7liq,زحلق,زحلق,True,6,4
arabizi_to_arabic,bakha3,بخع,بخع,True,6,3
arabic_to_arabizi,هيل,hiil,hiil,True,3,4
arabic_to_arabizi,علاج,3ilaaj,3alaaj,False,4,6
arabic_to_arabizi,استفحل,2istaf7il,2istaf7il,True,6,9
arabic_to_arabizi,مرمرة العيشة,marmarit 2il3iishe,marmit 2il3ishshiye,False,12,18
arabic_to_arabizi,لازم,laazim,laazim,True,4,6
arabic_to_arabizi,مير,miir,mayyir,False,3,4
arabic_to_arabizi,كرس,karras,karris,False,3,6
arabic_to_arabizi,يا داخل بين البصلة وقشرتها مابينوبك غير ريحتها,yaa daakhil been 2ilbasale wuqishritha maa binuubak gheer rii7itha,yaa daakhaal bira min wushaak bilara7at laa biiiqiir thak,False,46,66
arabizi_to_arabic,durra,ضر,درة,False,5,2
arabizi_to_arabic,faat7a,فاتحة,فاتح,False,6,5
arabic_to_arabizi,حزم,7izam,7azzim,False,3,5
arabizi_to_arabic,bakka,بكى,بكى,True,5,3
arabic_to_arabizi,غماية,ghummaaye,ghamaaye,False,5,9
arabizi_to_arabic,zalat,زلط,زلط,True,5,3
arabic_to_arabizi,سحاسيل,sa7aasiil,sa7aasiil,True,6,9
arabizi_to_arabic,7ukkaam,حكام,حكام,True,7,4
arabizi_to_arabic,wafi,وفي,وفي,True,4,3
arabic_to_arabizi,كهين,kahiin,kahiin,True,4,6
arabizi_to_arabic,mlakhbat,ملخبط,ملخبط,True,8,5
arabic_to_arabizi,أبعد,2ab3ad,2ab3ad,True,4,6
arabic_to_arabizi,روع,yrawwi3,rawwi3,False,3,7
arabizi_to_arabic,2it7arwaq,اتحروق,اتحروق,True,9,6
arabizi_to_arabic,yishfi ghaliil,يشفي غليل,يشفي غليل,True,14,9
arabizi_to_arabic,2itkaalab,اتكالب,اتكابل,False,9,6
arabic_to_arabizi,عسر,3isir,3assar,False,3,5
arabizi_to_arabic,tfarraj,تفرج,تفرج,True,7,4
arabic_to_arabizi,يلزم,ylazzim,ylazzim,True,4,7
arabic_to_arabizi,دقق,daqqaq,daqqaq,True,3,6
arabizi_to_arabic,ysabbi7,يصبح,يسبح,False,7,4
arabic_to_arabizi,مواسير,mawaasiir,mawaasiir,True,6,9
arabic_to_arabizi,يتلكش,yitlakkash,yitlakkash,True,5,10
arabic_to_arabizi,يرطرط,yratrit,yratrit,True,5,7
arabizi_to_arabic,3aasis,عاصص,عاصص,True,6,4
arabizi_to_arabic,yitfash,يطفش,يطفش,True,7,4
arabic_to_arabizi,لاوق,laawiq,laawiq,True,4,6
arabic_to_arabizi,تجول,tajawwul,tjawwal,False,4,8
arabic_to_arabizi,عالحفة,3al 7iffe,3ala7afe,False,6,9
arabizi_to_arabic,2ibin 3aalam wunaas,ابن عالم وناس,ابن عالم وسان,False,19,13
arabic_to_arabizi,يكرع,ykarri3,ykarri3,True,4,7
arabizi_to_arabic,ynawwil,ينول,ينول,True,7,4
arabizi_to_arabic,yishbi7,يشبح,يشبح,True,7,4
arabizi_to_arabic,rguba,رقبة,رقبة,True,5,4
arabic_to_arabizi,خبص,khabbis,khabbas,False,3,7
arabizi_to_arabic,hirish,هرش,هرش,True,6,3
arabizi_to_arabic,7abil 2ilwariid,حبل الوريد,حبل الويدر,False,15,10
arabizi_to_arabic,2inifrim,انفرم,انفرم,True,8,5
arabic_to_arabizi,تفنكح,tfanka7,tfanka7,True,5,7
arabizi_to_arabic,sammi3,سمع,سمع,True,6,3
arabic_to_arabizi,بتر,batar,battar,False,3,5
arabic_to_arabizi,عنفص,3anfas,3anfis,False,4,6
arabizi_to_arabic,yrabbi7,يربح,يربح,True,7,4
arabic_to_arabizi,مواسم,mawaasim,mwaasim,False,5,8
arabizi_to_arabic,ya2saan,يأسان,أيسان,False,7,5
arabizi_to_arabic,ta7ne,طحنة,طحنة,True,5,4
arabic_to_arabizi,كاز,kaaz,kaaz,True,3,4
arabizi_to_arabic,qalbe,قلبة,قلبة,True,5,4
arabizi_to_arabic,yitdjabdjab,يتجبجب,يتجبجب,True,11,6
arabizi_to_arabic,nasa3,نصع,نصع,True,5,3
arabic_to_arabizi,يتلقوط,yitla2wat,yitlaqwat,False,6,9
arabic_to_arabizi,تعاون,ta3aawun,t3aawan,False,5,8
arabic_to_arabizi,يناغش,yitnaaghash,yinghaash,False,5,11
arabic_to_arabizi,مهاجر,muhaajir,mahaajir,False,5,8
arabizi_to_arabic,yitfawwat,يتفوط,يتفوط,True,9,5
arabizi_to_arabic,2irba,اربى,إربى,False,5,4
arabizi_to_arabic,2i7takar,احتكر,احتكر,True,8,5
arabizi_to_arabic,tlawwa,تلوى,تلوى,True,6,4
arabizi_to_arabic,3azzim,عزم,عزم,True,6,3
arabic_to_arabizi,مرهدل,mrahdal,mrahdil,False,5,7
arabic_to_arabizi,ينكمش,yinkimish,yinkimish,True,5,9
arabic_to_arabizi,تفنط,tfannat,tfannat,True,4,7
arabic_to_arabizi,زي قاضي معزول,zayy qaadi ma3zuul,zii qala3 2idduum,False,13,18
arabizi_to_arabic,sankuu7,سنكوح,سنكوح,True,7,5
arabic_to_arabizi,زريبة,zriibe,zariibe,False,5,6
arabic_to_arabizi,خاطب,khaatib,khaatib,True,4,7
arabic_to_arabizi,لهفة,lahfe,lahfe,True,4,5
arabic_to_arabizi,يبحز,yba77iz,yba77iz,True,4,7
arabic_to_arabizi,تحجم,t7ajjam,t7ajjam,True,4,7
arabic_to_arabizi,وسخ,wasakh,wassakh,False,3,6
arabic_to_arabizi,يا حزينة,yaa 7aziine,yaa 7aziniyye,False,8,11
arabizi_to_arabic,ballis,بلص,بلص,True,6,3
arabizi_to_arabic,yuurish,يورش,يورش,True,7,4
arabic_to_arabizi,عماير,3amaayir,3amaayir,True,5,8
arabic_to_arabizi,يركب,yrakkib,yrakkib,True,4,7
arabic_to_arabizi,رهينة,rahiine,rahiine,True,5,7
arabizi_to_arabic,kawa,كوى,كوى,True,4,3
arabic_to_arabizi,أي,2ayy,2ayy,True,2,4
arabizi_to_arabic,daktara,دكترة,دكترة,True,7,5
arabic_to_arabizi,اتكمكم,2itkamkam,2itkamkam,True,6,9
arabizi_to_arabic,tislam,تسلم,تسلم,True,6,4
arabizi_to_arabic,madaa7il,مداحل,مداحل,True,8,5
arabic_to_arabizi,يشرطط,yshartit,yshartit,True,5,8
arabizi_to_arabic,karkir,كركر,كركر,True,6,4
arabizi_to_arabic,2arshif,أرشف,أرشف,True,7,4
arabizi_to_arabic,rafaahiyye,رفاهية,رفاهية,True,10,6
arabizi_to_arabic,niqaat,نقاط,نقاط,True,6,4
arabic_to_arabizi,ملاخيم,malaakhiim,malaakhiim,True,6,10
arabic_to_arabizi,عوض,3awad,3awwid,False,3,5
arabic_to_arabizi,عول,3awwal,3awwil,False,3,6
arabic_to_arabizi,مسلوب,masluub,masluub,True,5,7
arabizi_to_arabic,tmaam,ثمام,طمم,False,5,4
arabic_to_arabizi,مسكر,msakkir,msakkir,True,4,7
arabizi_to_arabic,tamaam,تمام,طمام,False,6,4
arabizi_to_arabic,wuyaa daar maa dakhkhalik sharr,ويا دار ما دخلك شر,وسا دخر يا مر يرخلا ير,False,31,18
arabizi_to_arabic,yhaddim,يهضم,يهدم,False,7,4
arabizi_to_arabic,qaad,قاد,قاد,True,4,3
arabic_to_arabizi,حطوا عصدره بلاطة,7attuu 3asidro balaata,7attuu3 2il3asabaro taad,False,16,22
arabizi_to_arabic,mdaam,مدام,مدم,False,5,4
arabic_to_arabizi,بقق,baqqiq,baqqaq,False,3,6
arabizi_to_arabic,7asake,حسكة,حساكة,False,6,4
arabic_to_arabizi,نام على وجهه طب,naam 3ala wijho tabb,naam 3ala wajahibo,False,15,20
arabic_to_arabizi,إرهابي,2irhaabi,2irhaabi,True,6,8
arabic_to_arabizi,مش فاضي يحك راسه,mish faadi y7ikk raaso,mish faa yidraa 7asik,False,16,22
arabizi_to_arabic,suwwaar,ثوار,سوار,False,7,4
arabizi_to_arabic,2alf ra7me wunuur,ألف رحمة ونور عليه,ألف رحمة ونة,False,17,18
arabizi_to_arabic,3ama,عمى,عمى,True,4,3
arabic_to_arabizi,فرق,firaq,farraq,False,3,5
arabizi_to_arabic,yitqassad,يتقصد,يتقصد,True,9,5
arabic_to_arabizi,مدشب,mdashshib,mdashshib,True,4,9
arabizi_to_arabic,ybanni,يبني,يبني,True,6,4
arabic_to_arabizi,مطاوع,mtaawi3,mtaawi3,True,5,7
arabizi_to_arabic,tfarta7,تفرطح,تفرطح,True,7,5
arabizi_to_arabic,rakhrakh,رخرخ,رخرخ,True,8,4
arabic_to_arabizi,انرسم,2inrisim,2inrisim,True,5,8
arabic_to_arabizi,طرح,tara7,tarri7,False,3,5
arabizi_to_arabic,yit3aj,يطعج,يطعج,True,6,4
arabizi_to_arabic,yinlikhim,ينلخم,ينلخم,True,9,5
arabic_to_arabizi,صدق,sadaq,saddaqsaddada2,False,3,5
arabizi_to_arabic,hamaji,همجي,هماجي,False,6,4
arabic_to_arabizi,استنسخ,2istansikh,2istansakh,False,6,10
arabic_to_arabizi,بندورة,banduura,banduura,True,6,8
arabizi_to_arabic,doo3ir,دوعر,دوعر,True,6,4
arabic_to_arabizi,سلطة,salata,salta,False,4,6
arabizi_to_arabic,yultush,يلطش,يلطش,True,7,4
arabizi_to_arabic,2itsallaf,اتسلف,اتسلف,True,9,5
arabizi_to_arabic,lamba,لمبة,لمبى,False,5,4
arabic_to_arabizi,وصف,wasif,suuf,False,3,5
arabizi_to_arabic,bi2amaan 2illaa,بأمان الله,إبام الله,False,15,10
arabizi_to_arabic,m3adhrit,معظرت,معظرت,True,8,5
arabizi_to_arabic,2idluq,ادلق,ادلق,True,6,4
arabic_to_arabizi,يفسح,yfassi7,yfassi7,True,4,7
arabic_to_arabizi,مداخلة,mudaakhale,mudaakhale,True,6,10
arabic_to_arabizi,طازا,taaza,taaza,True,4,5
arabic_to_arabizi,عير,3ayyir,3ayyir,True,3,6
arabizi_to_arabic,ytaawi3,يطاوع,يطاوع,True,7,5
arabizi_to_arabic,ysaa2ib,يثائب,يسائب,False,7,5
arabic_to_arabizi,حلاوة الموضوع,7alaawit 2ilmawduu3,7alaawit 2ilmawda3,False,13,19
arabic_to_arabizi,يبحث,yib7as,yba77is,False,4,6
arabizi_to_arabic,qaari,قاري,قاري,True,5,4
arabic_to_arabizi,مفسقل,mfasqal,mfasqil,False,5,7
arabic_to_arabizi,حافي,7aafi,7aafi,True,4,5
arabic_to_arabizi,مضى,mada,madda,False,3,4
arabic_to_arabizi,تمعك,tma33ak,tma33ak,True,4,7
arabic_to_arabizi,يهين,yhiin,yhayyin,False,4,5
arabizi_to_arabic,mughaalaa,مغالاة,مغالة,False,9,6
arabizi_to_arabic,lazwi3,لزوع,لزوع,True,6,4
arabic_to_arabizi,غوامق,ghawaamiq,ghawaamiq,True,5,9
arabizi_to_arabic,mashruut,مشروط,مشروط,True,8,5
arabic_to_arabizi,اصبح عساعة هالمسا,2isbi7 3asaa3it halmasa,2isba7 3asaame 2ilha,False,17,23
arabic_to_arabizi,قرص,qaras,qarris,False,3,5
arabic_to_arabizi,أعشاش,2a3shaash,2a3shaash,True,5,9
arabizi_to_arabic,yikhdar,يخدر,يخدر,True,7,4
arabizi_to_arabic,maa 2adrat min 2ilkhaal 2illa 2ibin 2ukhto,ما أضرط من الخال الا إبن أخته,ما أذر الخت أبه إلأخته ال الأن الأخته,False,42,29
arabic_to_arabizi,انخرط,2inkhirit,2inkhirit,True,5,9
arabic_to_arabizi,يشطح,yishta7,yshatti7,False,4,7
arabizi_to_arabic,yuulij,يولج,يولج,True,6,4
arabizi_to_arabic,2it7azzam,اتحزم,اتحزم,True,9,5
arabizi_to_arabic,loono mittaakhid,لونه متاخذ,لونه متدك,False,16,10
arabizi_to_arabic,sab3in,سبعن,سبعن,True,6,4
arabizi_to_arabic,khaariq,خارق,خارق,True,7,4
arabic_to_arabizi,يدوخ,yduukh,ydawwikh,False,4,6
arabic_to_arabizi,مريح,murii7,mrayyi7,False,4,6
arabic_to_arabizi,عصري,3asri,3asri,True,4,5
arabic_to_arabizi,ابن الحلال,2ibin 2il7alaal,2ibin 2il7alaal,True,10,15
arabic_to_arabizi,عاكس,3aakas,3aakis,False,4,6
arabic_to_arabizi,كنائس,kanaa2is,kanaa2is,True,5,8
arabic_to_arabizi,ادعي,2id3i,2id3i,True,4,5
arabic_to_arabizi,أكل الكتاب,2akal 2iliktaab,2akal 2ilbakta,False,10,15
arabic_to_arabizi,علك,3allik,3allak,False,3,6
arabizi_to_arabic,shandil,شندل,شندل,True,7,4
arabic_to_arabizi,استضاف,2istadaaf,2istidfaaf,False,6,9
arabizi_to_arabic,7izin,حزن,حزن,True,5,3
arabizi_to_arabic,ziir,زير,زير,True,4,3
arabic_to_arabizi,علط,3allit,3allat,False,3,6
arabizi_to_arabic,qsaar,قصار,سقر,False,5,4
arabic_to_arabizi,شفع,shafa3,shaffi3,False,3,6
arabizi_to_arabic,2istii3aab,استيعاب,استعابي,False,10,7
arabic_to_arabizi,بن,bunn,bann,False,2,4
arabizi_to_arabic,ka77al,كحل,كحل,True,6,3
arabic_to_arabizi,ضع,da3,da33,False,2,3
arabic_to_arabizi,انكحش,yinki7ish,2inki7ish,False,5,9
arabizi_to_arabic,2irtibit,ارتبط,ارتبط,True,8,5
arabizi_to_arabic,tabiib,طبيب,طبيب,True,6,4
arabic_to_arabizi,انسلب,2insilib,2insilib,True,5,8
arabic_to_arabizi,مدراء,mudaraa2mudara,midraa2,False,5,14
arabic_to_arabizi,انلدغ,2inlidigh,2inladagh,False,5,9
arabic_to_arabizi,قعبورة,qa3buura,qa3buura,True,6,8
arabizi_to_arabic,zannaaqka,زناقة,زناق,False,9,5
arabizi_to_arabic,baraagi3,براقع,براقع,True,8,5
arabic_to_arabizi,يقزع,yiqkza3,yqkazzi3,False,4,7
arabizi_to_arabic,fayyiq,فيق,فيق,True,6,3
arabic_to_arabizi,يتصلطح,yitsalta7,yitsalta7,True,6,9
arabic_to_arabizi,فضيحة العنزة السودا,fadii7it 2il3anze 2issooda,fadii7it 2il3azane 2issood,False,19,26
arabizi_to_arabic,yitnaafa,يتنافى,يتنافى,True,8,6
arabizi_to_arabic,3awaj,عوج,عوج,True,5,3
arabizi_to_arabic,7uqara,حقرة,حقرة,True,6,4
arabizi_to_arabic,tdaafash,تدافش,تدافش,True,8,5
arabic_to_arabizi,أخت زلام,2ukht zlaam,2akht zammaal,False,8,11
arabic_to_arabizi,المسجد الأقصى,2ilmasjid 2ilaqsa,2ilmasda 2il2ajaqil,False,13,17
arabizi_to_arabic,2irsakh,ارسخ,ارسخ,True,7,4
arabizi_to_arabic,2alf salaame 3alee,ألف سلامة عليه,ألفس مالي عليه,False,18,14
arabizi_to_arabic,2a3maal,أعمال,أعمال,True,7,5
arabic_to_arabizi,بين,bayyin,been,False,3,6
arabic_to_arabizi,لونه متاخذ,loono mittaakhid,loono timmaakhad,False,10,16
arabic_to_arabizi,خبيصة,khabiisa,khabiise,False,5,8
arabic_to_arabizi,خربطة,kharbata,kharbata,True,5,8
arabizi_to_arabic,mu7arrik,محرك,محرك,True,8,4
arabizi_to_arabic,2usmud,اصمد,اسمد,False,6,4
arabic_to_arabizi,زمقان,zamqaan,zamqaan,True,5,7
arabizi_to_arabic,barake,بركة,براكة,False,6,4
arabic_to_arabizi,ساهم,saahim,saahim,True,4,6
arabizi_to_arabic,dalba7,دلبح,دلبح,True,6,4
arabic_to_arabizi,عرابيد,3araabiid,3araabiid,True,6,9
arabic_to_arabizi,يشمشم,yshamshim,yshamshim,True,5,9
arabizi_to_arabic,dazziine,دزينة,دزينة,True,8,5
arabic_to_arabizi,التقط,2iltiqit,2iltaqat,False,5,8
arabic_to_arabizi,زور,zawwir,zawwir,True,3,6
arabic_to_arabizi,ميتم,maytam,meetim,False,4,6
arabic_to_arabizi,تبلعط,tbal3at,tbal3at,True,5,7
arabizi_to_arabic,sadiiq,صديق,سديق,False,6,4
arabic_to_arabizi,استخلف,2istakhlaf,2istakhlif,False,6,10
arabic_to_arabizi,يتفتول,yitfatwal,yitfatwal,True,6,9
arabic_to_arabizi,أهتر,2ahtar,2ahtar,True,4,6
arabic_to_arabizi,أحرمت الدنيا,2a7ramat 2iddinya,2a7ramat 2iddanya,False,12,17
arabizi_to_arabic,shaayib 3aayib,شايب عايب,شايب عبي,False,14,9
arabic_to_arabizi,سخر,sikhir,sakhkhar,False,3,6
arabic_to_arabizi,كحوش,ka7wish,ka7wish,True,4,7
arabic_to_arabizi,فعفل,fa3fal,fa3fil,False,4,6
arabizi_to_arabic,yirmi,يرمي,يرمي,True,5,4
arabic_to_arabizi,امنح,2imna7,2imna7,True,4,6
arabizi_to_arabic,ydaghghim,يدغم,يدغم,True,9,4
arabic_to_arabizi,ناهض,naahad,naahid,False,4,6
arabic_to_arabizi,يتدردح,yiddarda7,yiddarda7,True,6,9
arabic_to_arabizi,برق,barraq,barraq,True,3,6
arabizi_to_arabic,kawaam kawaam,قوام قوام,كوا مكم,False,13,9
arabizi_to_arabic,yfahliq,يفهلق,يفهلق,True,7,5
arabic_to_arabizi,فوت,fuut,fawwat,False,3,4
arabizi_to_arabic,fargoon,فرجون,فرجون,True,7,5
arabic_to_arabizi,وسخ,wisikh,wassakh,False,3,6
arabizi_to_arabic,tadakhkhul,تدخل,تدخل,True,10,4
arabizi_to_arabic,shayyak,شيك,شيك,True,7,3
arabic_to_arabizi,التهى,2iltaha,2iltaha,True,5,7
arabic_to_arabizi,غاية,ghaaye,ghaaye,True,4,6
arabic_to_arabizi,اتصلب,2itsallab,2itsallab,True,5,9
arabizi_to_arabic,2it2annaq,اتأنق,اتأنق,True,9,5
arabizi_to_arabic,fannid,فند,فند,True,6,3
arabic_to_arabizi,سخم,sakhkhim,sakhkham,False,3,8
arabic_to_arabizi,يبشع,ybashshi3,ybashshi3,True,4,9
arabic_to_arabizi,نهار,nhaar,nahaar,False,4,5
arabizi_to_arabic,2asaa2,أساء,أساء,True,6,4
arabic_to_arabizi,واشي,waashi,waashi,True,4,6
arabizi_to_arabic,mqatqitmkatkit,مقطقط,مقتقتم,False,14,5
arabizi_to_arabic,3asabi,عصبي,عصابي,False,6,4
arabic_to_arabizi,طفل,tifil,taffil,False,3,5
arabizi_to_arabic,khabbar,خبر,خبر,True,7,3
arabic_to_arabizi,اتحركش,2it7arkash,2it7arkash,True,6,10
arabic_to_arabizi,تغذى,tghazza,tghazza,True,4,7
arabizi_to_arabic,naff,نف,نف,True,4,2
arabizi_to_arabic,7akaawi,حكاوي,حكاوي,True,7,5
arabic_to_arabizi,طلق,taliq,talliq,False,3,5
arabic_to_arabizi,جمرة الهوا,jamrit 2ilhawa,jumra 2ilhawe,False,10,14
arabizi_to_arabic,2iddalghas,اتدلغص,تدلغص,False,10,6
arabizi_to_arabic,naqq,نق,نق,True,4,2
arabic_to_arabizi,ينفرك,yinfirik,yinfirik,True,5,8
arabizi_to_arabic,yijmid,يجمد,يجمد,True,6,4
arabic_to_arabizi,تكهرب,tkahrab,tkahrab,True,5,7
arabic_to_arabizi,طرطقة,tartaqa,tartaqa,True,5,7
arabizi_to_arabic,qarrit,قرط,قرط,True,6,3
arabic_to_arabizi,انسفط,2insifit,2insifit,True,5,8
arabic_to_arabizi,وله,walah,wallah,False,3,5
arabizi_to_arabic,2idqush,ادقش,ادقش,True,7,4
arabizi_to_arabic,7arwade,حرودة,حرودة,True,7,5
arabizi_to_arabic,lsaan 2ittoor,لسان الثور,لسانه الطور,False,13,10
arabizi_to_arabic,yihlas,يهلص,يهلس,False,6,4
arabizi_to_arabic,tanda,تندة,تندى,False,5,4
arabizi_to_arabic,3umadaa2,عمداء,عمداء,True,8,5
arabic_to_arabizi,ضمانة,damaane,dammaane,False,5,7
arabic_to_arabizi,يتجهل,yitjahhal,yitjahhal,True,5,9
arabizi_to_arabic,rimaal,رمال,رمال,True,6,4
arabic_to_arabizi,رفع,rafa3,raffi3,False,3,5
arabic_to_arabizi,اعتاز,2i3taaz,2i3taaz,True,5,7
arabic_to_arabizi,يشن,yshinn,yshinn,True,3,6
arabizi_to_arabic,mad3uuk,مدعوك,مدعوك,True,7,5
arabic_to_arabizi,قتب,qattab,qattib,False,3,6
arabizi_to_arabic,ysirr,يسر,يسر,True,5,3
arabic_to_arabizi,مانع,maani3,maani3,True,4,6
arabic_to_arabizi,يشخص,yshakhkhis,yshakhkhis,True,4,10
arabizi_to_arabic,y7ijj,يحج,يحج,True,5,3
arabizi_to_arabic,2ajaar,أجار,أجار,True,6,4
arabic_to_arabizi,يغمز,yghammiz,yghammiz,True,4,8
arabic_to_arabizi,سني,sunni,sanni,False,3,5
arabic_to_arabizi,يلتجئ,yiltaji2,yiltiji2,False,5,8
arabizi_to_arabic,naaji,ناجي,ناجي,True,5,4
arabizi_to_arabic,2idmij,ادمج,ادمج,True,6,4
arabizi_to_arabic,yifluq,يفلق,يلفق,False,6,4
arabizi_to_arabic,2issiraat 2ilmustaqiim,السراط المستقيم,اسسراسيت المقيسم,False,22,15
arabic_to_arabizi,زول,zuul,zawwil,False,3,4
arabizi_to_arabic,2il7ayye maa bitsiir khayye,الحية مابتصير خية,الحية ما بيشك رية,False,27,17
arabizi_to_arabic,2in3ikis,انعكس,انعكس,True,8,5
arabic_to_arabizi,صفرا,safra,safra,True,4,5
arabic_to_arabizi,يهفت,yhaffit,yhaffit,True,4,7
arabic_to_arabizi,يتوحل,yitwa77al,yitwa77al,True,5,9
arabic_to_arabizi,يملي عين,yimli 3een,ymalli 3een,False,8,10
arabizi_to_arabic,muta3aatif,متعاطف,متعاطف,True,10,6
arabic_to_arabizi,مرحب,mura77ib,mra77ab,False,4,8
arabic_to_arabizi,شاطط,shaatit,shaatit,True,4,7
arabic_to_arabizi,مخيم لاجئين,mukhayyam laaji2iin,mukhayyim 2iljiin,False,11,19
arabic_to_arabizi,يبعد,yib3id,yba33id,False,4,6
arabizi_to_arabic,ykambir,يكمبر,يكمبر,True,7,5
arabizi_to_arabic,hawaajis,هواجس,هواجس,True,8,5
arabizi_to_arabic,kaagha,كاغى,كاغة,False,6,4
arabic_to_arabizi,متاح,mutaa7,mataa7,False,4,6
arabic_to_arabizi,حلال,7alaal,7alaal,True,4,6
arabic_to_arabizi,يحرف,y7arrif,y7arrif,True,4,7
arabizi_to_arabic,ghadda,غدى,غدى,True,6,3
arabizi_to_arabic,tmahmat,تمهمط,تمهمط,True,7,5
arabic_to_arabizi,انبت,2inbut,2inbatt,False,4,6
arabizi_to_arabic,dabagh,دبغ,دبغ,True,6,3
arabic_to_arabizi,نضح,nada7,naddi7,False,3,5
arabic_to_arabizi,اتحرحش,2it7ar7ash,2it7ar7ash,True,6,10
arabizi_to_arabic,tdannas,تدنس,تدنس,True,7,4
arabic_to_arabizi,احتر,2i7tarr,2i7tarr,True,4,7
arabic_to_arabizi,يتدلع,yiddala3,yiddalla3,False,5,8
arabic_to_arabizi,يتناحر,yitnaa7ar,yitnaa7ar,True,6,9
arabizi_to_arabic,tmayyaz,تميز,تميز,True,7,4
arabic_to_arabizi,زاطم,zaatam,zaatim,False,4,6
arabizi_to_arabic,watwate,وتوتة,وطوطة,False,7,5
arabizi_to_arabic,daghghim,دغم,دغم,True,8,3
arabizi_to_arabic,mus7af,مصحف,مسحف,False,6,4
arabizi_to_arabic,rudd,رد,رد,True,4,2
arabic_to_arabizi,يزقح,yizqka7,yzaqqi7,False,4,7
arabic_to_arabizi,برط حومة,bart 7oome,bart 7oome,True,8,10
arabic_to_arabizi,تلفيق,talfiiq,talfiiq,True,5,7
arabizi_to_arabic,masaadir,مصادر,مسادر,False,8,5
arabic_to_arabizi,شاحذ,shaa7id,shaa7id,True,4,7
arabizi_to_arabic,yitwazza3,يتوزع,يتوزع,True,9,5
arabic_to_arabizi,توزن,twazzan,twazzan,True,4,7
arabizi_to_arabic,sha7tif,شحتف,شحطف,False,7,4
arabizi_to_arabic,waffiq,وفق,وفق,True,6,3
arabizi_to_arabic,diyaane,ديانة,ديانة,True,7,5
arabic_to_arabizi,يوم من العمر,yoom min 2il3umur,yoom namil 3aram,False,12,17
arabizi_to_arabic,dalaayli,ضلايلي,دلايل,False,8,6
arabizi_to_arabic,wassaq,وثق,وسق,False,6,3
arabic_to_arabizi,قصارة,qksaara,qassaara,False,5,7
arabizi_to_arabic,2insha7an,انشحن,انشحن,True,9,5
arabizi_to_arabic,ywizz,يوز,يوز,True,5,3
arabic_to_arabizi,صغير,zghiir,saghiir,False,4,6
arabic_to_arabizi,مهشم,mhashsham,mhashshim,False,4,9
arabizi_to_arabic,ylahwidj,يلهوج,يلهوج,True,8,5
arabizi_to_arabic,2irkhi,ارخي,ارخي,True,6,4
arabizi_to_arabic,7asaafe,حسافة,حصافة,False,7,5
arabic_to_arabizi,تعين,t3ayyan,ta3iin,False,4,7
arabizi_to_arabic,sane kabiise,سنة كبيسة,سناكة بيسة,False,12,9
arabizi_to_arabic,laayif,لايف,لايف,True,6,4
arabizi_to_arabic,wahhim,وهم,وهم,True,6,3
arabizi_to_arabic,minshiki7,منشكح,منشكح,True,9,5
arabizi_to_arabic,2istiqsaa2,استقصاء,استقاسق,False,10,7
arabizi_to_arabic,bikhtisaar,باختصار,بختاصر,False,10,7
arabizi_to_arabic,2idbagh,ادبغ,ادبغ,True,7,4
arabizi_to_arabic,yniik,ينيك,ينيك,True,5,4
arabizi_to_arabic,2ish7an,اشحن,اشحن,True,7,4
arabic_to_arabizi,شراشيب,sharaashiib,sharaashiib,True,6,11
arabizi_to_arabic,wa7wa7,وحوح,وحوح,True,6,4
arabizi_to_arabic,3ats,عطس,عطس,True,4,3
arabizi_to_arabic,7aaffe,حافة,حافة,True,6,4
arabic_to_arabizi,معوق,mu3awwaq,ma3wiq,False,4,8
arabic_to_arabizi,انفتحت منافسي,2infat7at manaafsi,2infata7it masin,False,13,18
arabizi_to_arabic,2inkabb,انكب,انكب,True,7,4
arabizi_to_arabic,bukra biduub 2ittalj wubibaan 2ilmarj,بكرة بيذوب الثلج وببان المرج,بكرب بدو الجنبات المارجوب,False,37,28
arabic_to_arabizi,يعذر,yu3zur,y3azzir,False,4,6
arabizi_to_arabic,hammish,همش,همش,True,7,3
arabizi_to_arabic,rassib,رسب,رصب,False,6,3
arabic_to_arabizi,اسعد,2is3ad,2is3ad,True,4,6
arabic_to_arabizi,اتعبقر,2it3abqar,2it3abqar,True,6,9
arabic_to_arabizi,اتقاذر,2itqaazar,2itqaazar,True,6,9
arabizi_to_arabic,sahaariij,صهاريج,سهاريج,False,9,6
arabic_to_arabizi,الخاري والقاري واحد,2ilkhaari wilqaari waa7ad,2ilkhaari wiraaq 7adiil,False,19,25
arabizi_to_arabic,2ightiyaal,اغتيال,اغتيال,True,10,6
arabizi_to_arabic,yit7addab,يتحدب,يتحدب,True,9,5
arabic_to_arabizi,صخرة,sakhra,khasra,False,4,6
arabic_to_arabizi,اسكر,2iskar,2iskur,False,4,6
arabic_to_arabizi,قرقر,gargir,qarqar,False,4,6
arabizi_to_arabic,3ala 2infiraad,على انفراد,علاف الناضر,False,14,10
arabic_to_arabizi,أحشي قندرة بثمك,2a7shi qkundara btummak,2a7ashiiq binak mirda,False,15,23
arabizi_to_arabic,fakkar,فكر,فكر,True,6,3
arabic_to_arabizi,يلهي,yilhi,yilhi,True,4,5
arabizi_to_arabic,tabbil,تبل,طبل,False,6,3
arabic_to_arabizi,شاذ,shaadh,shaaz,False,3,6
arabizi_to_arabic,2istashraq,استشرق,استشرق,True,10,6
arabic_to_arabizi,انقطب,2inqatab,2inqitib,False,5,8
arabizi_to_arabic,3amaar,عمار,عمار,True,6,4
arabizi_to_arabic,buur,بور,بور,True,4,3
arabic_to_arabizi,يفرق,yufruq,yfarriq,False,4,6
arabic_to_arabizi,ملس,milis,mallis,False,3,5
arabizi_to_arabic,matabbe,مطبة,مطبة,True,7,4
arabic_to_arabizi,كبارة,kubbaara,kbaara,False,5,8
arabizi_to_arabic,kibir,كبر,كبر,True,5,3
arabic_to_arabizi,اشعر,2ish3ir,2ish3ar,False,4,7
arabizi_to_arabic,tashtiib,تشطيب,تشتيب,False,8,5
arabizi_to_arabic,mushaarake,مشاركة,مشاركة,True,10,6
arabizi_to_arabic,2ish3ir,اشعر,اشعر,True,7,4
arabizi_to_arabic,2istarkhi,استرخي,استرخي,True,9,6
arabic_to_arabizi,اركد,2irkud,2irkid,False,4,6
arabic_to_arabizi,حزاليط,7azaaliit,7azaaliit,True,6,9
arabizi_to_arabic,tanqiib,تنقيب,تنقيب,True,7,5
arabic_to_arabizi,ينمحي,yinmi7i,yinmi7i,True,5,7
arabizi_to_arabic,rakaaze,ركازة,ركازة,True,7,5
arabizi_to_arabic,mustarjil,مسترجل,مسترجل,True,9,6
arabizi_to_arabic,shilal,شلل,شل,False,6,3
arabizi_to_arabic,safa7,صفح,سفح,False,5,3
arabizi_to_arabic,fawwaashe,فواشة,فواشة,True,9,5
arabizi_to_arabic,ysaahim,يساهم,يساهم,True,7,5
arabic_to_arabizi,الأقارب عقارب,2il2aqaarib 3aqaarib,2il2aqqaar bi3araq,False,13,20
arabic_to_arabizi,ثواب,twaab,wasaab,False,4,5
arabizi_to_arabic,2intashal,انتشل,انتشل,True,9,5
arabizi_to_arabic,3afkish,عفكش,عفكش,True,7,4
arabizi_to_arabic,muqaddas,مقدس,مقدس,True,8,4
arabizi_to_arabic,khayyir,خير,خير,True,7,3
arabizi_to_arabic,2i7tawa,احتوى,احتوى,True,7,5
arabic_to_arabizi,احجز,2u7juz,2i7jiz,False,4,6
arabic_to_arabizi,مونجق,mwanjaq,mwanjiq,False,5,7
arabizi_to_arabic,2ilbint bti7lam bizzaffe wuhii billaffe,البنت بتحلم بالزفة وهي باللفة,البن طفنز بالح ولفي بلها مة,False,39,29
arabizi_to_arabic,dookan,دوكن,دوكن,True,6,4
arabic_to_arabizi,هس,huss,hass,False,2,4
arabic_to_arabizi,مسلوع,msalwi3,masluu3,False,5,7
arabic_to_arabizi,عصه مصه,3usso musso,3ass mahsa,False,7,11
arabic_to_arabizi,هوس,hawas,hawwis,False,3,5
arabizi_to_arabic,habrij,هبرج,هبرج,True,6,4
arabic_to_arabizi,بتقلب بقبره,bitqallab biqabro,btaqqal barbo,False,11,17
arabizi_to_arabic,ybayyi3,يبيع,يبيع,True,7,4
arabic_to_arabizi,تقاطب الرماس,tqaatab 2irramaas,tqaat bittaar 2isamas,False,12,17
arabic_to_arabizi,قرافية,qarraafiyye,qaraafiyye,False,6,11
arabic_to_arabizi,مرتاح,mirtaa7,mirtaa7,True,5,7
arabic_to_arabizi,كوربة,koorba,koorabe,False,5,6
arabic_to_arabizi,اصعق,2is3aq,2is3aq,True,4,6
arabizi_to_arabic,2ittamman,اتطمن,اتطمن,True,9,5
arabic_to_arabizi,صحي,si77i,sa77i,False,3,5
arabic_to_arabizi,حباب,7abbaab,7abbaab,True,4,7
arabic_to_arabizi,اربط لسانك مليح لابيدمي ولا بيقيح,2irbot lsaanak mlii7 laa bidmi wala biqii7,2irbit 2ilsali maa7 biidak wunalaa biiqii7,False,33,42
arabizi_to_arabic,nufaayaat,نفايات,نفايات,True,9,6
arabic_to_arabizi,تكور,tkawwar,tkawwar,True,4,7
arabic_to_arabizi,يرفرف,yrafrif,yrafrif,True,5,7
arabizi_to_arabic,shabbih,شبه,شبه,True,7,3
arabizi_to_arabic,kulwe,كلوة,كلوة,True,5,4
arabizi_to_arabic,yitsaytar,يتسيطر,يتسيطر,True,9,6
arabic_to_arabizi,حنك,7annik,7annak,False,3,6
arabizi_to_arabic,khadkhid,خضخض,خدخد,False,8,4
arabizi_to_arabic,7aas,حاس,حاس,True,4,3
arabic_to_arabizi,فشار,fashshaar,fashshaar,True,4,9
arabizi_to_arabic,2inzarab,انزرب,انزرب,True,8,5
arabic_to_arabizi,دساتير,dasaatiir,dasaatiir,True,6,9
arabizi_to_arabic,ytuzz,يطز,يطز,True,5,3
arabic_to_arabizi,كباية,kubaaye,kbaaye,False,5,7
arabic_to_arabizi,جاظظ,djaadhidh,djaadhiz,False,4,9
arabic_to_arabizi,فتح ذنيك معي,fatti7 dineek ma3i,fatta7in 3eek zimi,False,12,18
arabizi_to_arabic,7ishsh,حش,حش,True,6,2
arabizi_to_arabic,ra7al,رحل,رحل,True,5,3
arabic_to_arabizi,يبني,yibni,ybanni,False,4,5
arabic_to_arabizi,يجحر,yij7ar,yja77ir,False,4,6
arabic_to_arabizi,ادوش,2idwish,2idwish,True,4,7
arabizi_to_arabic,zaliil,ذليل,زليل,False,6,4
arabizi_to_arabic,baraa3im,براعم,براعم,True,8,5
arabic_to_arabizi,دافي,daafi,daafi,True,4,5
arabic_to_arabizi,رطب,rutab,rattab,False,3,5
arabic_to_arabizi,يوش,ywishsh,ywishsh,True,3,7
arabic_to_arabizi,زندف,zandaf,zandaf,True,4,6
arabizi_to_arabic,7alaj,حلج,حلج,True,5,3
arabic_to_arabizi,خفيف نظيف,khafiif 2indiif,khafiif naziif,False,9,15
arabic_to_arabizi,انفنس,2infinis,2infinis,True,5,8
arabizi_to_arabic,tqismil,تقصمل,تقسمل,False,7,5
arabizi_to_arabic,maa,ما,ما,True,3,2
arabizi_to_arabic,tamman,طمن,تمن,False,6,3
arabic_to_arabizi,الضم,2uldum,2ildam,False,4,6
arabizi_to_arabic,sirs,صرص,سرس,False,4,3
arabic_to_arabizi,افلخ,2iflakh,2iflakh,True,4,7
arabizi_to_arabic,saakik,ساكك,ساكك,True,6,4
arabizi_to_arabic,qdaa7,قداح,دقح,False,5,4
arabic_to_arabizi,استهلك,2istahlik,2istahlak,False,6,9
arabizi_to_arabic,2istadill,استدل,استدل,True,9,5
arabizi_to_arabic,lafat,لفت,لفط,False,5,3
arabizi_to_arabic,yitlayyas,يتليص,يتليس,False,9,5
arabic_to_arabizi,طلاقة,tallaaqa,talaaqa,False,5,8
arabic_to_arabizi,فقر دم,faqir damm,faqqar dam,False,6,10
arabic_to_arabizi,مسخوط,maskhuut,maskhuut,True,5,8
arabic_to_arabizi,زفة,zaffe,ziffe,False,3,5
arabic_to_arabizi,فقع مرارتي,faqa3 maraarti,faq3am maraati,False,10,14
arabic_to_arabizi,متأزم,mit2azzim,mit2azzim,True,5,9
arabizi_to_arabic,yitnaqqat,يتنقط,يتنقط,True,9,5
arabizi_to_arabic,mtaawi3,مطاوع,مطاوع,True,7,5
arabic_to_arabizi,تشائم,tshaa2am,tshaa2am,True,5,8
arabic_to_arabizi,إنهاء,2inhaa2,2inhaa2,True,5,7
arabizi_to_arabic,2istahdaf,استهدف,استهفد,False,9,6
arabizi_to_arabic,saa7ib khuluq,صاحب خلق,ساحب خول,False,13,8
arabic_to_arabizi,تحف,tu7af,ta7af,False,3,5
arabizi_to_arabic,min wara,من ورا,من ورى,False,8,6
arabic_to_arabizi,مدوحس,mdoo7is,mdoo7is,True,5,7
arabizi_to_arabic,2istadraj,استدرج,استدرج,True,9,6
arabic_to_arabizi,صامد,saamid,saamid,True,4,6
arabic_to_arabizi,يتسول,yitsawwal,yitsawwal,True,5,9
arabic_to_arabizi,تشفى,tshaffa,tshaffa,True,4,7
arabic_to_arabizi,بارحة,baar7a,baara7a,False,5,6
arabic_to_arabizi,زعبر,za3bar,za3bar,True,4,6
arabic_to_arabizi,ألدغ,2aldagh,2aldagh,True,4,7
arabic_to_arabizi,عدواني,3idwaani,3adwaani,False,6,8
arabic_to_arabizi,يقط,yqutt,yqutt,True,3,5
arabic_to_arabizi,انحاز,2in7aaz,2in7aaz,True,5,7
arabizi_to_arabic,grayyib,قريب,رقيب,False,7,4
arabizi_to_arabic,t3ashsha,تعشى,تعشى,True,8,4
arabic_to_arabizi,امشي بجنازة وتمشيش بجوازة,2imshi bijnaaze wutimshiish bijwaaze,2imshayy bitijmiin 2izwe,False,25,36
arabizi_to_arabic,kroondee,كرونديه,كروندي,False,8,7
arabic_to_arabizi,انحول,2in7awal,2in7iwil,False,5,8
arabic_to_arabizi,اتعمق,2it3ammaq,2it3ammaq,True,5,9
arabizi_to_arabic,farfa7,فرفح,فرفح,True,6,4
arabizi_to_arabic,dineen 2ishshaayib,ذنين الشايب,دنين الشبة,False,18,11
arabizi_to_arabic,yi7timi,يحتمي,يحتمي,True,7,5
arabic_to_arabizi,دكتوراة,dukturaa,daktuura,False,7,8
arabic_to_arabizi,داكك,daakik,daakik,True,4,6
arabizi_to_arabic,yrazziz,يرزز,يرزز,True,7,4
arabic_to_arabizi,شيطنة,shaytane,sheetane,False,5,8
arabizi_to_arabic,barmil,برمل,برمل,True,6,4
arabizi_to_arabic,mamsa7a,ممسحة,مممساح,False,7,5
arabic_to_arabizi,أثث,2aththith,2assat,False,3,9
arabic_to_arabizi,مداحي,middaa7i,madaa7i,False,5,8
arabic_to_arabizi,تفلة,tafle,tafle,True,4,5
arabizi_to_arabic,mi3taaz,معتاز,معتاز,True,7,5
arabizi_to_arabic,kharaj,خرج,خرج,True,6,3
arabic_to_arabizi,يعري,y3arri,y3arri,True,4,6
arabic_to_arabizi,عاق,3aaqq,3aaq,False,3,5
arabizi_to_arabic,3attaal3a winnaazle,عالطالعة والنازلة,عطالع ولنزة,False,19,17
arabizi_to_arabic,2iddalghas,تدلغص,تدلغص,True,10,5
arabizi_to_arabic,wirit,ورط,ورط,True,5,3
arabizi_to_arabic,2ittala3,اطلع,اتطلع,False,8,4
arabic_to_arabizi,احتضن,2i7tadin,2i7tidin,False,5,8
arabic_to_arabizi,تخصل,tkhassal,tkhassal,True,4,8
arabic_to_arabizi,شهود,shuhuud,shoohad,False,4,7
arabic_to_arabizi,تراسل,traasal,traasal,True,5,7
arabizi_to_arabic,3atse,عطسة,عطسة,True,5,4
arabizi_to_arabic,ghirbaal,غربال,غربال,True,8,5
arabic_to_arabizi,دير,diir,deer,False,3,4
arabic_to_arabizi,محى,ma7a,ma77a,False,3,4
arabizi_to_arabic,fasaq,فسق,فسق,True,5,3
arabic_to_arabizi,عنيف,3aniif,3aniif,True,4,6
arabic_to_arabizi,تربص,trabbas,trabbas,True,4,7
arabic_to_arabizi,انبخع,2inbakha3,2inkhibi3,False,5,9
arabic_to_arabizi,معطوب,ma3tuub,ma3tuub,True,5,7
arabic_to_arabizi,يتشفشف,yitshafshaf,yitshafshaf,True,6,11
arabic_to_arabizi,يوج,ywijj,ywijj,True,3,5
arabic_to_arabizi,متسبب,mutasabbib,mitsabbib,False,5,10
arabizi_to_arabic,yi3bas,يعبث,يعبس,False,6,4
arabizi_to_arabic,rutab,رتب,رطب,False,5,3
arabic_to_arabizi,يحزز,y7azziz,y7azziz,True,4,7
arabic_to_arabizi,اسجد,2usjud,2isjad,False,4,6
arabic_to_arabizi,سياسي,siyaasi,syaasi,False,5,7
arabizi_to_arabic,2a7jibe,أحجبة,أحجبة,True,7,5
arabic_to_arabizi,غدر,ghadar,ghaddar,False,3,6
arabizi_to_arabic,balbas,بلبص,لبص,False,6,4
arabic_to_arabizi,انجاب,2injaab,2injaab,True,5,7
arabizi_to_arabic,3uruud,عروض,عرود,False,6,4
arabizi_to_arabic,msookij,مسوكج,مسوكج,True,7,5
arabic_to_arabizi,وحياة هالنعمة,wi7yaat hanni3me,wi7yaat 2il3ane,False,13,16
arabic_to_arabizi,وجه,wajjah,wajjah,True,3,6
arabic_to_arabizi,استجير,2istajiir,2istajiir,True,6,9
arabizi_to_arabic,sharri3,شرع,شرع,True,7,3
arabizi_to_arabic,fakhkhim,فخم,فخم,True,8,3
arabizi_to_arabic,mawluud,مولود,مولود,True,7,5
arabic_to_arabizi,غيران,ghayraan,ghiiraan,False,5,8
arabizi_to_arabic,2asnaaf,أصناف,أسناف,False,7,5
arabic_to_arabizi,انمرع,2inmara3,2inmiri3,False,5,8
arabic_to_arabizi,حذر,7azar,7azzir,False,3,5
arabic_to_arabizi,خريف,khariif,khariif,True,4,7
arabic_to_arabizi,نضوة,nadwe,nawda,False,4,5
arabic_to_arabizi,يهمط,yhammit,yhammit,True,4,7
arabizi_to_arabic,mutamirris,متمرس,متمريص,False,10,5
arabic_to_arabizi,مادي,maaddi,maadi,False,4,6
arabic_to_arabizi,مقر,muqur,maqqar,False,3,5
arabic_to_arabizi,الهث,2ilhath,2ilhath,True,4,7
arabic_to_arabizi,بقرونة,baqruune,baqruune,True,6,8
arabizi_to_arabic,balkoone,بلكونة,بلكونة,True,8,6
arabizi_to_arabic,da7bir,دحبر,دحبر,True,6,4
arabic_to_arabizi,يتفصل,yitfassal,yitfassal,True,5,9
arabizi_to_arabic,daftar khartuush,دفتر خرطوش,دفترك شرة,False,16,10
arabizi_to_arabic,2ishrakh,اشرخ,اشرخ,True,8,4
arabizi_to_arabic,yluum,يلوم,يلوم,True,5,4
arabic_to_arabizi,اختلاس,2ikhtilaas,2ikhtilaas,True,6,10
arabic_to_arabizi,وقعة سخنة,waq3a sukhne,waq3a skhanuukha,False,9,12
arabizi_to_arabic,sha3lil,شعلل,شعل,False,7,4
arabic_to_arabizi,يتعس,yit3as,yit3ass,False,4,6
arabizi_to_arabic,talaamiiz,تلاميذ,تلاميز,False,9,6
arabic_to_arabizi,طوق,tawwiq,tooq,False,3,6
arabic_to_arabizi,نتشة,natshe,natshe,True,4,6
arabizi_to_arabic,shuhuud,شهود,شهود,True,7,4
arabic_to_arabizi,استلزم,2istalzim,2istazlam,False,6,9
arabic_to_arabizi,يؤرق,y2arriq,y2arriq,True,4,7
arabic_to_arabizi,مشطشط,mshatshit,mshatshit,True,5,9
arabizi_to_arabic,yikhti2,يخطئ,يختئ,False,7,4
arabizi_to_arabic,n3aal,نعال,نعال,True,5,4
arabizi_to_arabic,tirwaak,ترواق,ترواك,False,7,5
arabic_to_arabizi,أنتج,2antaj,2antaj,True,4,6
arabic_to_arabizi,طفح الكيل,tafa7 2ilkeel,fatti7 2ilki,False,9,13
arabizi_to_arabic,kasfe,كسفة,كسفة,True,5,4
arabizi_to_arabic,yitkhashshab,يتخشب,يتخشب,True,12,5
arabic_to_arabizi,سقط من عيني,siqit min 3eeni,saqqat min 3een,False,11,15
arabizi_to_arabic,tees 3aahre,تيس عاهرة,طيس عريه,False,11,9
arabizi_to_arabic,sawaaliif tarma,سواليف طرما,سوالف مارطي,False,15,11
arabizi_to_arabic,2infijaar,انفجار,انفاجر,False,9,6
arabizi_to_arabic,2inhabal,انهبل,انهبل,True,8,5
arabizi_to_arabic,mataawii7,مطاويح,متواويح,False,9,6
arabic_to_arabizi,كس أختك,kuss 2ukhtak,2asak tikhk,False,7,12
arabic_to_arabizi,يعصعص,y3as3is,y3as3is,True,5,7
arabic_to_arabizi,مناصب,manaasib,munaasib,False,5,8
arabic_to_arabizi,يفرز,yifriz,yfarriz,False,4,6
arabic_to_arabizi,اروش,2irwash,2irwish,False,4,7
arabic_to_arabizi,دعم,da33im,da33im,True,3,6
arabic_to_arabizi,مهمز,mahmaz,mhammiz,False,4,6
arabic_to_arabizi,فرفش,farfash,farfish,False,4,7
arabic_to_arabizi,أثرى,2asra,2asra,True,4,5
arabic_to_arabizi,حد,7idd,7add,False,2,4
arabic_to_arabizi,دموع التماسيح,dmuu3 2ittamaasii7,damuu3 2ilmaasii7,False,13,18
arabizi_to_arabic,buzz,بظ,بز,False,4,2
arabizi_to_arabic,7iyi,حيي,حيي,True,4,3
arabizi_to_arabic,taltiish,تلطيش,تلتيش,False,8,5
arabizi_to_arabic,2i7sim,احسم,احسم,True,6,4
arabic_to_arabizi,علي النعمة,3alayy 2inni3me,3aliyye 2inname,False,10,15
arabizi_to_arabic,3adda,عدى,عدى,True,5,3
arabic_to_arabizi,تماثيل,tamaasiil,tamaasiil,True,6,9
arabic_to_arabizi,أوجز,2awjaz,2awjaz,True,4,6
arabizi_to_arabic,2ilqa,القى,القى,True,5,4
arabic_to_arabizi,جند,jannad,jannad,True,3,6
arabic_to_arabizi,شوف,shuuf,shawwif,False,3,5
arabizi_to_arabic,yghabbir,يغبر,يغبر,True,8,4
arabizi_to_arabic,mukhbaat,مخباط,مخبط,False,8,5
arabic_to_arabizi,انذار,2inzaar,2inzaar,True,5,7
arabizi_to_arabic,yba3bish,يبعبش,يبعبش,True,8,5
arabizi_to_arabic,bahbata,بهبطة,بهبطة,True,7,5
arabizi_to_arabic,2a3aan,أعان,أعان,True,6,4
arabic_to_arabizi,اتسلبط,2itsalbat,2itsalbat,True,6,9
arabizi_to_arabic,turuq,طرق,طرق,True,5,3
arabizi_to_arabic,hara,هرى,هرا,False,4,3
arabizi_to_arabic,qashshaata,قشاطة,قشاط,False,10,5
arabic_to_arabizi,طبخة,tabkha,khatbe,False,4,6
arabizi_to_arabic,tdjardja7,تجرجح,تجرجح,True,9,5
arabizi_to_arabic,mughtasib,مغتصب,مغتصب,True,9,5
arabic_to_arabizi,ثمر,thamar,thammar,False,3,6
arabic_to_arabizi,ذبل,dibal,dabbil,False,3,5
arabic_to_arabizi,اتطاحن,2ittaa7an,2ittaa7an,True,6,9
arabic_to_arabizi,تسعين,tis3iin,tas3iin,False,5,7
arabizi_to_arabic,faaqam,فاقم,فاقم,True,6,4
arabic_to_arabizi,قرابيز,2araabiiz,qaraabiiz,False,6,9
arabizi_to_arabic,dahas,دهس,دهس,True,5,3
arabizi_to_arabic,bnuus,بنوص,نبوس,False,5,4
arabic_to_arabizi,إنصاف,2insaaf,2insaaf,True,5,7
arabic_to_arabizi,اتبرد,2itbarrad,2itbarrad,True,5,9
arabic_to_arabizi,جيش,jeesh,jiish,False,3,5
arabic_to_arabizi,طراشة,traashe,taraashe,False,5,7
arabic_to_arabizi,أكن,2akin,2akan,False,3,5
arabic_to_arabizi,تساقط,tsaaqat,tsaaqat,True,5,7
arabizi_to_arabic,ydashshi,يدشي,يدشي,True,8,4
arabizi_to_arabic,2itshaffa3,اتشفع,اتشفع,True,10,5
arabic_to_arabizi,قلة قيمة,qillit qiime,qallit qime,False,8,12
arabic_to_arabizi,أزواج,2azwaaj,2azwaaj,True,5,7
arabizi_to_arabic,t3amshaq,تعمشق,تعمشق,True,8,5
arabic_to_arabizi,سلخ,salakh,sallakh,False,3,6
arabic_to_arabizi,غلال,ghlaal,ghalaal,False,4,6
arabizi_to_arabic,falaj,فلج,فلج,True,5,3
arabizi_to_arabic,tfassar,تفسر,تفسر,True,7,4
arabic_to_arabizi,جعم,dja3am,ja33am,False,3,6
arabic_to_arabizi,متصهين,mutasahyin,mitsahyin,False,6,10
arabizi_to_arabic,tamar,طمر,طمر,True,5,3
arabic_to_arabizi,متنح,mtanni7,mtanni7,True,4,7
arabizi_to_arabic,zamat,زمط,زمط,True,5,3
arabic_to_arabizi,توعك,twa33ak,twa33ak,True,4,7
arabic_to_arabizi,تلخص,tlakhkhas,tlakhkhas,True,4,9
arabic_to_arabizi,سنسل,sansil,sansil,True,4,6
arabic_to_arabizi,تهادى,thaadaa,thaada,False,5,7
arabic_to_arabizi,حنى,7anna,7anna,True,3,5
arabizi_to_arabic,si7il,سحل,سحل,True,5,3
arabizi_to_arabic,2eesh,أيش,أيش,True,5,3
arabic_to_arabizi,كسر نفسه,kasar nifso,kasar nafso,False,8,11
arabizi_to_arabic,qutme,قطمة,قطمة,True,5,4
arabic_to_arabizi,افرم,2ufrum,2ifram,False,4,6
arabizi_to_arabic,basbas,بسبس,بصبص,False,6,4
arabic_to_arabizi,توصيلة,tawsiile,tawsiile,True,6,8
arabic_to_arabizi,إيده فارطة,2iido faarta,2iido faatre,False,10,12
arabizi_to_arabic,traasal,تراسل,تراسل,True,7,5
arabic_to_arabizi,انتحاري,2inti7aari,2inti7aari,True,7,10
arabic_to_arabizi,يموت,ymuut,ymawwit,False,4,5
arabic_to_arabizi,دمه بارد,dammo baarid,dammo baraad,False,8,12
arabic_to_arabizi,إلف,2ilif,2ilf,False,3,5
arabizi_to_arabic,wijhik kheer,وجهك خير,وجه خير,False,12,8
arabizi_to_arabic,kum,كم,كم,True,3,2
arabic_to_arabizi,فران,farraan,farraan,True,4,7
arabizi_to_arabic,tafallas,تفلس,تفلس,True,8,4
arabizi_to_arabic,shabraq2,شبرق,شبرق,True,8,4
arabic_to_arabizi,وضعية,wad3iyye,wad3iyye,True,5,8
arabic_to_arabizi,تواصل,tawaasul,twaasal,False,5,8
arabic_to_arabizi,كلمة ياريت عمرها ما كانت بتعمر بيت,kilmet yaa reet 3umurha maa kaanat bit3ammir beet,kalame yaa 3areet maa bin karat 3amibeeto,False,34,49
arabic_to_arabizi,يكنفش,ykanfish,ykanfish,True,5,8
arabizi_to_arabic,nahradj,نهرج,نهرج,True,7,4
arabic_to_arabizi,انجلق,2injalaqk,2injiliq,False,5,9
arabizi_to_arabic,wijhak mitil midfaash 2ilkhara,وجهك مثل مدفاش الخرا,وجهك مثل الخدف الراس,False,30,20
arabic_to_arabizi,ورود,wuruud,warwad,False,4,6
arabic_to_arabizi,صدف,sadaf,sadaf,True,3,5
arabic_to_arabizi,خالع,khaali3,khaali3,True,4,7
arabizi_to_arabic,2arba3iin,أربعين,أربعين,True,9,6
arabic_to_arabizi,طرقعة,tarqa3a,tarqa3a,True,5,7
arabizi_to_arabic,nuul,نول,نول,True,4,3
arabizi_to_arabic,jalba3,جلبع,جلبع,True,6,4
arabizi_to_arabic,2ilfaa3le 2ittaarke,الفاعلة التاركة,الفاعة الترك,False,19,15
arabic_to_arabizi,وضوح,wuduu7,wadwa7,False,4,6
arabizi_to_arabic,yitra77al,يترحل,يترحل,True,9,5
arabizi_to_arabic,7ayaaya,حيايا,حيايا,True,7,5
arabizi_to_arabic,balle,بلة,بلة,True,5,3
arabic_to_arabizi,نادب,naadib,naadib,True,4,6
arabizi_to_arabic,2islaami,اسلامي,اسلامي,True,8,6
arabic_to_arabizi,غرم,gharrim,gharram,False,3,7
arabic_to_arabizi,قصيدة,qasiide,qasiide,True,5,7
arabic_to_arabizi,استغفار,2istighfaar,2istighfaar,True,7,11
arabizi_to_arabic,2unthur,انثر,انثر,True,7,4
arabizi_to_arabic,yistashriq,يستشرق,يستشرق,True,10,6
arabic_to_arabizi,ينقاد,yinqaad,yinqaad,True,5,7
arabizi_to_arabic,ka77alit 3yuuni bshooftak,كحلت عيوني بشوفتك,كحفة عالخنه بوسته,False,25,17
arabizi_to_arabic,haayin,هاين,هاين,True,6,4
arabic_to_arabizi,يقتني,yiqtini,yiqtini,True,5,7
arabizi_to_arabic,mitmalmil,متململ,متململ,True,9,6
arabizi_to_arabic,yghaar,يغار,يغار,True,6,4
arabic_to_arabizi,تفشل,tfashshal,tfashshal,True,4,9
arabic_to_arabizi,فستق عبيد,fustuk 3abiid,fastaqq 3abiid,False,9,13
arabizi_to_arabic,warid,ورد,ورد,True,5,3
arabic_to_arabizi,عفريت,3ifriit,3afriit,False,5,7
arabizi_to_arabic,mahmata,مهمطة,مهمطة,True,7,5
arabic_to_arabizi,يكابد,ykaabid,ykaabid,True,5,7
arabic_to_arabizi,تسكت,tsakkat,tsakkat,True,4,7
arabic_to_arabizi,غبغب,ghabghib,ghabghab,False,4,8
arabizi_to_arabic,yish7an,يشحن,يشحن,True,7,4
arabizi_to_arabic,qaraaqir,قراقر,قراقر,True,8,5
arabic_to_arabizi,اسأل,2is2al,2is2al,True,4,6
arabizi_to_arabic,minti7il,منتحل,منتحل,True,8,5
arabizi_to_arabic,2ifrukha,إفركها,افرخة,False,8,6
arabizi_to_arabic,2injib,انجب,انجب,True,6,4
arabizi_to_arabic,msakwike,مسكوكة,مسكوكة,True,8,6
arabic_to_arabizi,خرقة,khirqka,kharqa,False,4,7
arabic_to_arabizi,مؤثث,m2aththath,m2assith,False,4,10
arabic_to_arabizi,مقلب,maqlab,mqallib,False,4,6
arabizi_to_arabic,juu3,جوع,جوع,True,4,3
arabizi_to_arabic,yiskut,يسكت,يسكت,True,6,4
arabic_to_arabizi,اعفي,2i3fi,2i3fi,True,4,5
arabizi_to_arabic,sabsib,سبسب,سبسب,True,6,4
arabizi_to_arabic,hayyuuni,هيوني,هيون,False,8,5
arabizi_to_arabic,7aaluuqa,حالوقة,حالوقة,True,8,6
arabic_to_arabizi,تمهيدي,tamhiidi,tamhiid,False,6,8
arabizi_to_arabic,2inma3at,انمعط,انمعط,True,8,5
arabic_to_arabizi,يدرز,yidruz,ydarriz,False,4,6
arabic_to_arabizi,الروح بالروح,2irroo7 birroo7,2ilwar7ab 2il7arawar,False,12,15
arabizi_to_arabic,shammar,شمر,شمر,True,7,3
arabizi_to_arabic,2ittaawal,اتطاول,اتطاول,True,9,6
arabizi_to_arabic,m2alwiz,مقلوز,مؤلوز,False,7,5
arabizi_to_arabic,yinkhimi3,ينخمع,ينخمع,True,9,5
arabic_to_arabizi,أفلام كرتون,2aflaam kartuun,2aflaak mirrtuun,False,11,15
arabic_to_arabizi,محن,mu7un,ma77in,False,3,5
arabic_to_arabizi,اتحاد,2itti7aad,2it7aad,False,5,9
arabizi_to_arabic,samake wudaaykha,سمكة ودايخة,سماك وهدكة,False,16,11
arabic_to_arabizi,يدلهم,ydalhim,ydalhim,True,5,7
arabizi_to_arabic,ta7assuban,تحسبا,تحسبن,False,10,5
arabic_to_arabizi,ناجى,naaja,naaja,True,4,5
arabizi_to_arabic,takattum,تكتم,تكتم,True,8,4
arabizi_to_arabic,ja3lak,جعلك,جعلك,True,6,4
arabizi_to_arabic,qawaafil,قوافل,قوافل,True,8,5
arabic_to_arabizi,لقى,laqa,laqqa,False,3,4
arabizi_to_arabic,ydookin,يدوكن,يدوكن,True,7,5
arabizi_to_arabic,3ilmaaniyye,علمانية,علمانية,True,11,7
arabizi_to_arabic,tajawwul,تجول,تجول,True,8,4
arabic_to_arabizi,أزعج,2az3aj,2az3aj,True,4,6
arabic_to_arabizi,يتفزلك,yitfazlak,yitfazlak,True,6,9
arabizi_to_arabic,2il2aqaarib 3aqaarib,الأقارب عقارب,القار بعرابي,False,20,13
arabic_to_arabizi,رئيسي,ra2iisi,ra2iisi,True,5,7
arabic_to_arabizi,سطل,satil,sattil,False,3,5
arabizi_to_arabic,2inzara3,انزرع,انزرع,True,8,5
arabizi_to_arabic,yhatbil,يهطبل,يهطبل,True,7,5
arabic_to_arabizi,اعرض,2i3rid,2i3rad,False,4,6
arabic_to_arabizi,ستوة,satwe,satwe,True,4,5
arabizi_to_arabic,naati7,ناطح,ناطح,True,6,4
arabic_to_arabizi,قلل,qulal,qallil,False,3,5
arabic_to_arabizi,مدبلج,mdablaj,mdablij,False,5,7
arabic_to_arabizi,فاتح,faati7,faati7,True,4,6
arabizi_to_arabic,7usrummiyye,حصرمية,حصرمية,True,11,6
arabizi_to_arabic,qishi3,قشع,قشع,True,6,3
arabizi_to_arabic,bantaloon,بنطلون,بنطلون,True,9,6
arabic_to_arabizi,يستعفي,yista3fi,yista3fi,True,6,8
arabizi_to_arabic,hal7iin,هالحين,هلحين,False,7,6
arabizi_to_arabic,yhizz,يهز,يهز,True,5,3
arabizi_to_arabic,tza7lat,تزحلط,تزحلط,True,7,5
arabic_to_arabizi,مجاري,majaari,majaari,True,5,7
arabic_to_arabizi,اتناطح,2itnaata7,2itnaata7,True,6,9
arabic_to_arabizi,يصوت,ysawwit,ysawwit,True,4,7
arabizi_to_arabic,mistamli7,مستملح,مستملح,True,9,6
arabic_to_arabizi,مخالفة,mukhaalafe,mkhaalafe,False,6,10
arabizi_to_arabic,saala7,صالح,سلاح,False,6,4
arabizi_to_arabic,nafsan,نفسن,نفسن,True,6,4
arabic_to_arabizi,انغمر,2inghamir,2inghimir,False,5,9
arabic_to_arabizi,ماشي عبيض,maashi 3abeed,maashi 3adabi,False,9,13
arabic_to_arabizi,شوفة,shuufe,shoofe,False,4,6
arabizi_to_arabic,btinqa7 3aleehum karaamithum,بتنقح عليهم كرامتهم,بطنق عمشيت مروخيها,False,28,19
arabizi_to_arabic,min djoorat 2il3asal,من جورة العسل,من جدره العسل,False,20,13
arabizi_to_arabic,dafa,دفا,داف,False,4,3
arabic_to_arabizi,مريق,mrayyik,mrayyiq,False,4,7
arabizi_to_arabic,3awwal,عول,عول,True,6,3
arabic_to_arabizi,انشك,2inshakk,2inshakk,True,4,8
arabic_to_arabizi,شطب,shattib,shatab,False,3,7
arabizi_to_arabic,yutnuj,يطنج,يطنج,True,6,4
arabizi_to_arabic,yin7arim,ينحرم,ينحرم,True,8,5
arabic_to_arabizi,منديل معطر,mandiil mu3attar,mindil ma3rit,False,10,16
arabic_to_arabizi,مادة,maadde,maade,False,4,6
arabizi_to_arabic,qaawa7,قاوح,قاوح,True,6,4
arabic_to_arabizi,مكبرت,mkabrit,mkabrit,True,5,7
arabic_to_arabizi,ألوف مألفة,2uluuf m2allafe,2alfu mafla,False,10,15
arabic_to_arabizi,يطبر,ytabbir,ytabbir,True,4,7
arabizi_to_arabic,2ikhtaar,اختار,اختار,True,8,5
arabic_to_arabizi,اتنطع,2itnatta3,2itnatta3,True,5,9
arabic_to_arabizi,يلادي,ylaadi,ylaadi,True,5,6
arabic_to_arabizi,شواط,shwaat,shawwaat,False,4,6
arabic_to_arabizi,اتحرى,2it7arra,2it7arra,True,5,8
arabizi_to_arabic,2ingharr,انغر,انغر,True,8,4
arabizi_to_arabic,saffi,صفى,سفي,False,5,3
arabizi_to_arabic,2istajiir,استجير,استجير,True,9,6
arabizi_to_arabic,2ultush,الطش,الطش,True,7,4
arabic_to_arabizi,بالي,baali,baali,True,4,5
arabizi_to_arabic,yihbi,يهبي,يهبي,True,5,4
arabizi_to_arabic,mitil 2innuqta filmus7af,مثل النقطة في المصحف,متلف النقص حمل,False,24,20
arabizi_to_arabic,majalle,مجلة,مجلة,True,7,4
arabic_to_arabizi,نبت,nabat,nabbit,False,3,5
arabic_to_arabizi,ينعق,yna33iq,yin3aq,False,4,7
arabic_to_arabizi,تساءل,tsaa2al,tsaa2al,True,5,7
arabic_to_arabizi,قجة,qudjdje,qadjdje,False,3,7
arabic_to_arabizi,نصص,nassis,nassas,False,3,6
arabizi_to_arabic,mujamma3,مجمع,مجمع,True,8,4
arabizi_to_arabic,mfaddil 3araasi min fooq,مفضل عراسي من فوق,ماد دفي على قره منسه,False,24,17
arabic_to_arabizi,نجم,najjim,najjim,True,3,6
arabizi_to_arabic,tbahwagkq,تبهوق,تبهوق,True,9,5
arabic_to_arabizi,شمر,shammir,shammar,False,3,7
arabic_to_arabizi,الطش,2ultush,2iltash,False,4,7
arabizi_to_arabic,nashshit,نشط,نشط,True,8,3
arabizi_to_arabic,7udub,حدب,حضب,False,5,3
arabic_to_arabizi,يحترس,yi7taris,yi7tiris,False,5,8
arabic_to_arabizi,إنحسار,2in7isaar,2in7isaar,True,6,9
arabizi_to_arabic,2asamm,أصم,أسم,False,6,3
arabizi_to_arabic,yitrawwa2,يتروق,يتروأ,False,9,5
arabic_to_arabizi,يختير,ykhatyir,yikhtiir,False,5,8
arabizi_to_arabic,jalla,جلى,جلى,True,5,3
arabizi_to_arabic,yiqsha7,يقشح,يقشح,True,7,4
arabic_to_arabizi,تمادي,tamaadi,tamaadi,True,5,7
arabic_to_arabizi,يربط,yurbut,yrabbit,False,4,6
arabic_to_arabizi,مقدم,muqaddam,mqaddim,False,4,8
arabic_to_arabizi,حلس ملس,7ilis milis,7als msal,False,7,11
arabizi_to_arabic,tatfiish,تطفيش,تطفيش,True,8,5
arabizi_to_arabic,yisruq,يسرق,يسرق,True,6,4
arabic_to_arabizi,سالم,saalim,saalim,True,4,6
arabizi_to_arabic,2itfassa7,اتفسح,اتفصح,False,9,5
arabizi_to_arabic,yitkanfash,يتكنفش,يتكنفش,True,10,6
arabic_to_arabizi,يتورد,yitwarrad,yitwarrad,True,5,9
arabizi_to_arabic,raaqi,راقي,راقي,True,5,4
arabizi_to_arabic,tagga3,طقع,تقاع,False,6,3
arabizi_to_arabic,muruune,مرونة,مرونة,True,7,5
arabizi_to_arabic,yinzaqq,ينزق,ينزق,True,7,4
arabic_to_arabizi,وهارة,wahaara,wahaara,True,5,7
arabizi_to_arabic,sinima,سينما,سنيمة,False,6,5
arabic_to_arabizi,بصة,bassa,basse,False,3,5
arabic_to_arabizi,تدريب,tadriib,tadriib,True,5,7
arabizi_to_arabic,2iddinya zmiita,الدنيا زميطة,ادين زيطمي,False,15,12
arabizi_to_arabic,ywishsh,يوش,يوش,True,7,3
arabic_to_arabizi,يحتفل,yi7tafil,yi7tifil,False,5,8
arabizi_to_arabic,lata3,لطع,لطع,True,5,3
arabic_to_arabizi,كلح,kalli7,kalla7,False,3,6
arabizi_to_arabic,2i7taras,احترس,احترس,True,8,5
arabizi_to_arabic,sooba,صوبة,سوبا,False,5,4
arabic_to_arabizi,جالية,jaalye,jaaliye,False,5,6
arabizi_to_arabic,mrayyi7,مريح,مريح,True,7,4
arabic_to_arabizi,حقير,7aqiir,7aqiir,True,4,6
arabizi_to_arabic,ghataayis,غطايس,غطايس,True,9,5
arabizi_to_arabic,2ikshif,اكشف,اخصف,False,7,4
arabic_to_arabizi,حك,7ikk,7akk,False,2,4
arabic_to_arabizi,يتعبد,yit3abbad,yit3abbad,True,5,9
arabizi_to_arabic,sa3daan,سعدان,سعدان,True,7,5
arabizi_to_arabic,2inshatab,انشطب,انشطب,True,9,5
arabic_to_arabizi,بلهد,balhid,balhad,False,4,6
arabizi_to_arabic,khatiiti braqibtak,خطيتي برقبتك,خطيبة بقر,False,18,12
arabizi_to_arabic,3afikra,عفكرة,عفكرة,True,7,5
arabizi_to_arabic,kahrib,كهرب,خرب,False,6,4
arabic_to_arabizi,دسم,dasam,dassim,False,3,5
arabizi_to_arabic,mnassi7,منصح,منصح,True,7,4
arabic_to_arabizi,اتأدب,2it2addab,2it2addab,True,5,9
arabizi_to_arabic,laflafe,لفلفة,لفلفة,True,7,5
arabizi_to_arabic,daniyye,دنية,دنية,True,7,4
arabizi_to_arabic,7adabe,حدبة,حدابة,False,6,4
arabic_to_arabizi,تحليل,ta7liil,ta7liil,True,5,7
arabizi_to_arabic,yista7mil,يستحمل,يستحمل,True,9,6
arabizi_to_arabic,2inba3at,انبعث,انبعط,False,8,5
arabic_to_arabizi,تطول,2ittawal,twattal,False,4,8
arabic_to_arabizi,يستضيف,yistadiif,yistadfi,False,6,9
arabizi_to_arabic,naqniq,نقنق,نقنق,True,6,4
arabic_to_arabizi,حاضر,7aadar,7aadir,False,4,6
arabic_to_arabizi,يؤثر,y2assir,y2assir,True,4,7
arabic_to_arabizi,اوجز,2uujiz,2uujiz,True,4,6
arabizi_to_arabic,2imma,إما,إمى,False,5,3
arabic_to_arabizi,صندوق,sunduuq,sanduuq,False,5,7
arabizi_to_arabic,2itfashshash,اتفشش,اتفششش,False,12,5
arabic_to_arabizi,أخذ وجه على,2akhad wijih 3ala,2akhad wila 3aja,False,11,17
arabizi_to_arabic,taz3a,طزعة,طزعة,True,5,4
arabizi_to_arabic,3anfasa,عنفصة,عنفسة,False,7,5
arabic_to_arabizi,تجزع,tjazza3,tjazza3,True,4,7
arabic_to_arabizi,الغريق بيتعلق بقشة,2ilghariiq byit3allaq biqashshe,2ilghariq bishaqa3at biile,False,18,31
arabizi_to_arabic,tarraz,طرز,ترز,False,6,3
arabizi_to_arabic,jam3iyye,جمعية,جمعية,True,8,5
arabizi_to_arabic,dalba3,دلبع,دلبع,True,6,4
arabic_to_arabizi,يدور,yidwir,ydawwir,False,4,6
arabic_to_arabizi,اتآلف,2it2aalaf,2it2aalaf,True,5,9
arabizi_to_arabic,2ibin 3izz,ابن عز,ابن عز,True,10,6
arabic_to_arabizi,اورط,2uurat,2uurat,True,4,6
arabic_to_arabizi,عبك,3abatsh,3abbik,False,3,7
arabic_to_arabizi,اتعنكش,2it3ankash,2it3ankash,True,6,10
arabizi_to_arabic,2i3tazil,اعتزل,اعتزل,True,8,5
arabic_to_arabizi,كلكع,kalka3,kalki3,False,4,6
arabizi_to_arabic,2alla wismalla,الله واسم الله,أله والمسل,False,14,14
arabic_to_arabizi,تلفون,talafoon,tlafwan,False,5,8
arabizi_to_arabic,tooq,طوق,طوق,True,4,3
arabizi_to_arabic,yfaqqis,يفقس,يفقس,True,7,4
arabizi_to_arabic,shakhsi,شخصي,شخصي,True,7,4
arabizi_to_arabic,yit3ajraf,يتعجرف,يتعجرف,True,9,6
arabizi_to_arabic,msaybin,مسيبن,مسيبن,True,7,5
arabic_to_arabizi,دكتور,duktuur,daktuur,False,5,7
arabic_to_arabizi,مغري,mughri,mugharri,False,4,6
arabizi_to_arabic,3ilim,علم,علم,True,5,3
arabizi_to_arabic,2itsharnaq,اتشرنق,اتشرنق,True,10,6
arabic_to_arabizi,شبيه,shabiih,shabiih,True,4,7
arabizi_to_arabic,mu3addal,معدل,معدل,True,8,4
arabic_to_arabizi,يتعمق,yit3ammaq,yit3ammaq,True,5,9
arabic_to_arabizi,يبكش,ybakkish,ybakkish,True,4,8
arabizi_to_arabic,7arrik,حرك,حرك,True,6,3
arabizi_to_arabic,2indabb,اندب,اندب,True,7,4
arabizi_to_arabic,b7ood na3na3,بحوض نعنع,حبد عنه,False,12,9
arabic_to_arabizi,يعمد,y3ammid,y3ammid,True,4,7
arabizi_to_arabic,2i3taraf bi3admit lsaano,اعترف بعظمة لسانه,اعترف بتدنه مسلع,False,24,17
arabic_to_arabizi,قشبر,qkashbir,qkashbar,False,4,8
arabic_to_arabizi,يرتاح,yirtaa7,yirtaa7,True,5,7
arabizi_to_arabic,wijho baarid,وجهه بارد,وجهههه برد,False,12,9
arabizi_to_arabic,yinja7,ينجح,ينجح,True,6,4
arabizi_to_arabic,tafaarii3,تفاريع,تفاريع,True,9,6
arabizi_to_arabic,2istamadd,استمد,استمد,True,9,5
arabizi_to_arabic,mtallam,متلم,متلم,True,7,4
arabizi_to_arabic,wasaakha,وساخة,وساخة,True,8,5
arabic_to_arabizi,فطين,fatiin,fatiin,True,4,6
arabic_to_arabizi,صيع,sayya3,sii3,False,3,6
arabic_to_arabizi,هجومي,hujuumi,hoojimi,False,5,7
arabizi_to_arabic,yiqrid,يقرض,يقرد,False,6,4
arabic_to_arabizi,ودنين القطط,wadaneen 2il2utat,wadani tiqil,False,11,17
arabizi_to_arabic,qadd 7aalo,قد حاله,قد حاله,True,10,7
arabic_to_arabizi,أرض بعل,2ard ba3il,2ard bil3a,False,7,10
arabic_to_arabizi,صيري,siiri,siiri,True,4,5
arabizi_to_arabic,madaafin,مدافن,مدافن,True,8,5
arabic_to_arabizi,إبن بيرو,2ibin biiro,2ibin birwi,False,8,11
arabizi_to_arabic,zimiq,زمق,زمق,True,5,3
arabizi_to_arabic,yinzamm,ينذم,ينزم,False,7,4
arabic_to_arabizi,مفهي,mfahhi,mfahhi,True,4,6
arabic_to_arabizi,افلق,2ifluq,2ifliq,False,4,6
arabic_to_arabizi,زاحف,zaa7if,zaa7if,True,4,6
arabizi_to_arabic,2itnaafa,اتنافى,اتنافى,True,8,6
arabizi_to_arabic,yjaahir,يجاهر,يجاهر,True,7,5
arabizi_to_arabic,qa3quurka3kuur,قعقور,قعقورة,False,14,5
arabizi_to_arabic,ghalwe,غلوة,غلوة,True,6,4
arabizi_to_arabic,shayyal,شيل,شيل,True,7,3
arabizi_to_arabic,sa77aara,سحارة,سحارة,True,8,5
arabizi_to_arabic,makhaabi,مخابي,مخابي,True,8,5
arabic_to_arabizi,شناط,shnaat,shanaat,False,4,6
arabic_to_arabizi,سدور,sduur,sduur,True,4,5
arabizi_to_arabic,yistahlik,يستهلك,يستهلك,True,9,6
arabic_to_arabizi,بعدين,ba3deen,b3adiin,False,5,7
arabizi_to_arabic,2iddabba7,اتذبح,تدبح,False,9,5
arabizi_to_arabic,khamiil,خميل,خميل,True,7,4
arabizi_to_arabic,tghazza,تغذى,تغزى,False,7,4
arabic_to_arabizi,أسقام,2asqaam,2asqaam,True,5,7
arabic_to_arabizi,يتكركز,yitkarkaz,yitkarkaz,True,6,9
arabic_to_arabizi,لسع,lasa3,salli3,False,3,5
arabic_to_arabizi,مجبور,majbuur,majbuur,True,5,7
arabizi_to_arabic,2abu surra,أبو صرة,أبو رص,False,10,7
arabic_to_arabizi,مفتح,mfatti7,mfatti7,True,4,7
arabic_to_arabizi,سلاسل,salaasil,salaasil,True,5,8
arabizi_to_arabic,mifkir,مفكر,مفكر,True,6,4
arabic_to_arabizi,يتجفف,yitjaffaf,yitjaffaf,True,5,9
arabic_to_arabizi,أخو أخته,2akho 2ukhto,2akhkhu to,False,8,12
arabizi_to_arabic,qaat,قات,قاط,False,4,3
arabizi_to_arabic,2il7im,الحم,الحم,True,6,4
arabic_to_arabizi,افهق,2ifhaq,2ifhaq,True,4,6
arabic_to_arabizi,بهيم,bhiim,bhiim,True,4,5
arabic_to_arabizi,بصر,bassir,bassar,False,3,6
arabic_to_arabizi,استرضي,2istardi,2istardi,True,6,8
arabic_to_arabizi,ريح دماغه,rayya7 dmaagho,rii7id maagha,False,9,14
arabizi_to_arabic,tsayyad,اتصيد,تسيد,False,7,5
arabizi_to_arabic,jukhkh,جخ,جخ,True,6,2
arabic_to_arabizi,مقادسة,maqaadse,mqaadase,False,6,8
arabic_to_arabizi,يقيقس,yqeeqisykeekis,yqayqisyyiska2,False,5,14
arabic_to_arabizi,يفرح,yfarri7,yfarri7,True,4,7
arabic_to_arabizi,يقلي,yiqli,yqalli,False,4,5
arabizi_to_arabic,2unghuz,انغز,انغز,True,7,4
arabic_to_arabizi,صحة وعافية,si77a wu3aafye,sa7uu3 3afye,False,10,14
arabizi_to_arabic,2istasiigh,استسيغ,استصيغ,False,10,6
arabizi_to_arabic,yitla3,يطلع,يطلع,True,6,4
arabic_to_arabizi,يشخل,yishkhul,yshakhkhil,False,4,8
arabic_to_arabizi,علة,3ille,3alle,False,3,5
arabizi_to_arabic,2atraak,أتراك,أتراك,True,7,5
arabic_to_arabizi,يتحنص,yit7annas,yit7annas,True,5,9
arabizi_to_arabic,2intikish,انتكش,انتكش,True,9,5
arabic_to_arabizi,ارجف,2irjuf,2irjif,False,4,6
arabic_to_arabizi,دقماق,diqmaaq,daqmaaq,False,5,7
arabic_to_arabizi,يوصل,ywassil,ywassil,True,4,7
arabizi_to_arabic,tamm,تم,طم,False,4,2
arabic_to_arabizi,كمر بند,kamir band,kamar badan,False,7,10
arabizi_to_arabic,hill,هل,هل,True,4,2
arabic_to_arabizi,تبل,tabbal,tabbal,True,3,6
arabic_to_arabizi,ينلسع,yinlisi3,yinlisi3,True,5,8
arabizi_to_arabic,satal,سطل,سطل,True,5,3
arabic_to_arabizi,اتصرف,2itsarraf,2itsarraf,True,5,9
arabic_to_arabizi,مكلف,mkallif,mkallif,True,4,7
arabic_to_arabizi,حسحسة,7as7ase,7as7ase,True,5,7
arabizi_to_arabic,sadaaqa,صداقة,سداقة,False,7,5
arabizi_to_arabic,2imtahan,امتهن,امتهن,True,8,5
arabic_to_arabizi,ينظف,yindaf,ynaddif,False,4,6
arabic_to_arabizi,سخطة,sakhata,sakhta,False,4,7
arabic_to_arabizi,ينذاق,yindaaq,yindaaq,True,5,7
arabic_to_arabizi,ينهزم,yinhizim,yinhizim,True,5,8
arabic_to_arabizi,أكثر,2akthar,2aktar,False,4,7
arabizi_to_arabic,2itqawwal,اتقول,اتقول,True,9,5
arabizi_to_arabic,laghmas,لغمص,لغمس,False,7,4
arabic_to_arabizi,اشلع,2ishla3,2ishla3,True,4,7
arabizi_to_arabic,kalaasiin,كلاسين,كلاسين,True,9,6
arabizi_to_arabic,yinjibid,ينجبد,ينجبد,True,8,5
arabic_to_arabizi,فك,fakk,fakk,True,2,4
arabizi_to_arabic,2ijri,اجري,إجري,False,5,4
arabizi_to_arabic,subb,صب,صب,True,4,2
arabic_to_arabizi,سجن,sijin,sajjin,False,3,5
arabizi_to_arabic,maniyye,منية,منية,True,7,4
arabizi_to_arabic,hnaabe,هنابة,هنابة,True,6,5
arabizi_to_arabic,faa2id,فائض,فائد,False,6,4
arabic_to_arabizi,اتدلدل,2iddaldal,2iddaldal,True,6,9
arabizi_to_arabic,2it2aamar,اتآمر,اتأمر,False,9,5
arabizi_to_arabic,msaahara,مصاهرة,مساهر,False,8,6
arabic_to_arabizi,حاول,7aawil,7aawil,True,4,6
arabizi_to_arabic,2in7af,انحف,انحف,True,6,4
arabizi_to_arabic,qaba3,قبع,قبع,True,5,3
arabic_to_arabizi,اعدم,2i3dam,2i3dim,False,4,6
arabic_to_arabizi,دورة الحرامي,doorit 2il7araami,doorit 2il7amariyya,False,12,17
arabizi_to_arabic,mu2aakhaa,مآخاة,مؤاخة,False,9,5
arabic_to_arabizi,خوص,khuwas,khoos,False,3,6
arabic_to_arabizi,تقدير,taqdiir,taqdiir,True,5,7
arabic_to_arabizi,اتشارك,2itshaarak,2itshaarak,True,6,10
arabizi_to_arabic,mafhuum,مفهوم,مفهوم,True,7,5
arabic_to_arabizi,منافس,manaafis,manaafis,True,5,8
arabizi_to_arabic,2istir7aam,استرحام,استرحم,False,10,7
arabizi_to_arabic,yitjannab,يتجنب,يتجنب,True,9,5
arabizi_to_arabic,2intimaa2,انتماء,انتماء,True,9,6
arabic_to_arabizi,انغفر,2inghifir,2inghifir,True,5,9
arabic_to_arabizi,تراتيل,taraatiil,taraatiil,True,6,9
arabizi_to_arabic,mamaasi7,مماسح,مماسح,True,8,5
arabizi_to_arabic,da7ar,دحر,دحر,True,5,3
arabizi_to_arabic,fashshaq,فشق,فشق,True,8,3
arabizi_to_arabic,masyade,مصيدة,مسادية,False,7,5
arabic_to_arabizi,يقدر,yiqdar,yqaddir,False,4,6
arabic_to_arabizi,اتفعكش,2itfa3kash,2itfa3kash,True,6,10
arabizi_to_arabic,farat min 2iddu7uk,فرط من الضحك,فرة من الدحك,False,18,12
arabic_to_arabizi,احتقر,2i7taqir,2i7tiqir,False,5,8
arabic_to_arabizi,اتشنخر,2itshankhar,2itshankhar,True,6,11
arabic_to_arabizi,عجب,3ajjab,3ajjib,False,3,6
arabic_to_arabizi,ميع,mii3,mayyi3,False,3,4
arabizi_to_arabic,2utbukh,اطبخ,اطبخ,True,7,4
arabic_to_arabizi,ئن,2inn,na22,False,2,4
arabizi_to_arabic,ytammin,يطمن,يطمن,True,7,4
arabic_to_arabizi,صابر,saabir,saabir,True,4,6
arabizi_to_arabic,nahar,نهر,نهر,True,5,3
arabic_to_arabizi,بياخة,bayaakha,bikhaaye,False,5,8
arabizi_to_arabic,2istalbas,استلبس,استلبس,True,9,6
arabizi_to_arabic,2i3til,اعتل,اعتل,True,6,4
arabic_to_arabizi,مكابرة,mkaabara,mkaabara,True,6,8
arabizi_to_arabic,yitnaqqas,يتنقص,يتنقص,True,9,5
arabic_to_arabizi,اشفق,2ishfaq,2ishfuq,False,4,7
arabic_to_arabizi,يقرض,yiqrid,yqarrid,False,4,6
arabic_to_arabizi,استهتار,2istihtaar,2istihtaar,True,7,10
arabic_to_arabizi,ادرج,2idruj,2idruj,True,4,6
arabic_to_arabizi,استعمل,2ista3mal,2ista3mal,True,6,9
arabic_to_arabizi,قوقز,kookaz,qookiz,False,4,6
arabizi_to_arabic,2andaal,أنذال,أندال,False,7,5
arabizi_to_arabic,ramadaan,رمضان,رمادن,False,8,5
arabic_to_arabizi,فشة خلق,fashshit khuluq,fashkhit laqa,False,7,15
arabic_to_arabizi,تدريج,tadriij,tadriij,True,5,7
arabic_to_arabizi,دعارة,da3aara,da33aara,False,5,7
arabic_to_arabizi,يلف ويدور,yliff wiyduur,ylaffi widdir,False,9,13
arabic_to_arabizi,شربة,shirbe,sharbe,False,4,6
arabic_to_arabizi,سيئات,sayyi2aat,sii2aat,False,5,9
arabic_to_arabizi,كوخ,kuukh,khookh,False,3,5
arabic_to_arabizi,مقاطعة,muqaata3a,mqaata3a,False,6,9
arabic_to_arabizi,حفتلة,7aftale,7aftale,True,5,7
arabic_to_arabizi,يدين,ydiin,ydayyin,False,4,5
arabizi_to_arabic,3abba raaso,عبى راس,عب راسه,False,11,7
arabizi_to_arabic,fraariyye,فرارية,رفرية,False,9,6
arabic_to_arabizi,بحت,ba7t,ba77it,False,3,4
arabizi_to_arabic,2istighaathe,إستغاثة,استغاثة,False,12,7
arabic_to_arabizi,اتغمس,2itghammas,2itghammas,True,5,10
arabizi_to_arabic,7iris,حرص,حرس,False,5,3
arabic_to_arabizi,يحيف,y7ayyif,y7ayyif,True,4,7
arabizi_to_arabic,3afkuush,عفكوش,عفكوش,True,8,5
arabizi_to_arabic,waqqaf 3araaso,وقف عراسه,وقع فاسه راس,False,14,9
arabic_to_arabizi,قيلل,qaylil,qaylil,True,4,6
arabic_to_arabizi,أهدى,2ahda,2ahda,True,4,5
arabizi_to_arabic,rawaayis,روايس,روايس,True,8,5
arabizi_to_arabic,khamad,خمد,خمد,True,6,3
arabizi_to_arabic,2istazka,استزكى,استكذ,False,8,6
arabizi_to_arabic,2it3arkas,اتعركس,اتعركس,True,9,6
arabizi_to_arabic,yitshardaq,يتشردق,يتشردق,True,10,6
arabizi_to_arabic,sakat,سكت,سكت,True,5,3
arabizi_to_arabic,yisfa,يصفى,يسفى,False,5,4
arabic_to_arabizi,دحبر,da7bar,da7bar,True,4,6
arabic_to_arabizi,سقية,sqiyye,sqiyye,True,4,6
arabizi_to_arabic,daffe,ضفة,دفة,False,5,3
arabic_to_arabizi,خورف,khoorif,khoorif,True,4,7
arabizi_to_arabic,7aaf,حاف,حاف,True,4,3
arabizi_to_arabic,sharaashiib,شراشيب,شرابيش,False,11,6
arabizi_to_arabic,3anwin,عنون,عنون,True,6,4
arabizi_to_arabic,2itsalbad,اتسلبد,اتسلبد,True,9,6
arabizi_to_arabic,yitkhawwash,يتخوش,يتخوش,True,11,5
arabizi_to_arabic,nasif,نسف,نصف,False,5,3
arabic_to_arabizi,لاوي بوزه,laawi buuzo,laawi bizo,False,9,11
arabizi_to_arabic,2itghandar,اتغندر,اتغندر,True,10,6
arabizi_to_arabic,jaalye,جالية,جالية,True,6,5
arabizi_to_arabic,shaayit,شايط,شايط,True,7,4
arabic_to_arabizi,ينشر,ynashshir,yinshir,False,4,9
arabic_to_arabizi,اعدي,2i3di,2i3di,True,4,5
arabic_to_arabizi,سهر,sahar,sahhir,False,3,5
arabic_to_arabizi,قطب,qattib,qattab,False,3,6
arabic_to_arabizi,هيلمجي,heelamji,haylamji,False,6,8
arabizi_to_arabic,min nasj 2ilkhayaal,من نسج الخيال,من جن السخيل,False,19,13
arabizi_to_arabic,tnaswan,تنسون,تنسون,True,7,5
arabic_to_arabizi,يكل,ykill,ykill,True,3,5
arabic_to_arabizi,يقاهر,yqaahir,yqaahir,True,5,7
arabizi_to_arabic,ghassab,غصب,غصب,True,7,3
arabic_to_arabizi,يآنس,y2aanis,y2aanis,True,4,7
arabic_to_arabizi,يباعد,ybaa3id,ybaa3id,True,5,7
arabic_to_arabizi,يستحمض,yista7mid,yista7mid,True,6,9
arabic_to_arabizi,يهطبل,yhatbil,yhatbil,True,5,7
arabic_to_arabizi,تمتق,tmittiqk2,tmattaq,False,4,9
arabizi_to_arabic,2is2al mjarrib wala tis2al khabiir,إسأل مجرب ولا تسأل خبير,اسلا جرب الأخ و مالصبير,False,34,23
arabizi_to_arabic,mawaasirjiyye,مواسرجية,مواسرجية,True,13,8
arabic_to_arabizi,يتفسخ,yitfassakh,yitfassakh,True,5,10
arabizi_to_arabic,2itghassal,اتغسل,اتغصل,False,10,5
arabic_to_arabizi,فتاحة,fattaa7a,fattaa7a,True,5,8
arabic_to_arabizi,يجري,yijri,yjarri,False,4,5
arabic_to_arabizi,يتباطح,yitbaata7,yitbaata7,True,6,9
arabizi_to_arabic,la7zi,لحظي,لحزي,False,5,4
arabic_to_arabizi,مطمط,matmit,mtammit,False,4,6
arabic_to_arabizi,يتحسس,yit7assas,yit7assas,True,5,9
arabic_to_arabizi,حقن,7uqan,7aqqin,False,3,5
arabic_to_arabizi,بيضرط علينا,bidarrit 3aleena,beet ra3inyaad,False,11,16
arabic_to_arabizi,كرفتة,karfate,karfate,True,5,7
arabizi_to_arabic,taarad,طارد,تارض,False,6,4
arabic_to_arabizi,اندقم,2indaqam,2indaqam,True,5,8
arabic_to_arabizi,أجداد,2ajdaad,2ajdaad,True,5,7
arabic_to_arabizi,حرق,7arraq,7arriq,False,3,6
arabic_to_arabizi,روح بلط البحر,ruu7 ballit 2ilba7ar,roo7 bil7at birraaa7,False,13,20
arabic_to_arabizi,سلح,salla7,salla7,True,3,6
arabic_to_arabizi,ترجيع,tarjii3,tarjii3,True,5,7
arabic_to_arabizi,برصا,barsa,barsa,True,4,5
arabizi_to_arabic,juur,جور,جور,True,4,3
arabic_to_arabizi,اسكب,2iskub,2iskab,False,4,6
arabizi_to_arabic,yinshitib,ينشطب,ينشطب,True,9,5
arabizi_to_arabic,na3na3,نعنع,نعنع,True,6,4
arabizi_to_arabic,2in7irif,انحرف,انحرف,True,8,5
arabic_to_arabizi,عرقوب,3arguub,3arquub,False,5,7
arabizi_to_arabic,shakk,شك,شك,True,5,2
arabic_to_arabizi,متفوق,mutafawwiq,mitfawwiq,False,5,10
arabizi_to_arabic,walla3,ولع,ولع,True,6,3
arabic_to_arabizi,اغتصاب,2ightisaab,2ightisaab,True,6,10
arabizi_to_arabic,yinkifit,ينكفت,ينكفت,True,8,5
arabizi_to_arabic,yinkishi7,ينكشح,ينكشح,True,9,5
arabizi_to_arabic,bayyaa3,بياع,بياع,True,7,4
arabizi_to_arabic,dannig,دنق,دنق,True,6,3
arabic_to_arabizi,تكة,takke,takke,True,3,5
arabic_to_arabizi,يستثني,yistasni,yistathni,False,6,8
arabic_to_arabizi,اتقصد,2itqassad,2itqassad,True,5,9
arabic_to_arabizi,يهذرم,hadhrim,yhadhrim,False,5,7
arabizi_to_arabic,boodra,بودرة,بودرة,True,6,5
arabic_to_arabizi,حكي,7aki,7akki,False,3,4
arabizi_to_arabic,khanjar biqalbi,خنجر بقلبي,خنجر بالق,False,15,10
arabic_to_arabizi,انقبر,2inqabar,2inqibir,False,5,8
arabic_to_arabizi,جديد,jdiid,jadiid,False,4,5
arabizi_to_arabic,m3abdiitha 2il3ijil,معبديتها العجل,معبد الجهل,False,19,14
arabic_to_arabizi,يمصمص,ymasmis,ymasmis,True,5,7
arabizi_to_arabic,ymawwit,يموت,يموت,True,7,4
arabizi_to_arabic,mi3tasim,معتصم,معتصم,True,8,5
arabic_to_arabizi,تبكت,tbakkat,tbakkat,True,4,7
arabic_to_arabizi,كفالة,kafaale,kaffaale,False,5,7
arabic_to_arabizi,لاق,laaq,laaq,True,3,4
arabizi_to_arabic,fawda,فوضى,فودى,False,5,4
arabic_to_arabizi,مزهزه,mzahzih,mhazhaz,False,5,7
arabizi_to_arabic,3utuufe,عطوفة,عطوفة,True,7,5
arabizi_to_arabic,kbuush,كبوش,كبوش,True,6,4
arabizi_to_arabic,m7azlat,محزلط,محزلط,True,7,5
arabizi_to_arabic,jaa2iz,جائز,جائز,True,6,4
arabic_to_arabizi,بيت الله,beet 2alla,beet 2illa,False,8,10
arabizi_to_arabic,ma3aasir,معاصر,معاصر,True,8,5
arabic_to_arabizi,انهدم,2inhadim,2inhidim,False,5,8
arabic_to_arabizi,محوبك,m7oobik,ma7wakb,False,5,7
arabizi_to_arabic,yitjaffaf,يتجفف,يتجفف,True,9,5
arabizi_to_arabic,kullaaj,كلاج,كلاج,True,7,4
arabizi_to_arabic,t3arkas,تعركس,تعركس,True,7,5
arabic_to_arabizi,بزز,bazzaz,bazziz,False,3,6
arabic_to_arabizi,يقلقل,yqalqil,yqalqil,True,5,7
arabizi_to_arabic,2a7aal,أحال,أحال,True,6,4
arabic_to_arabizi,إجاك الله,2idjaak 2alla,2ijaak 2ilha,False,9,13
arabizi_to_arabic,yi3lin,يعلن,يعلن,True,6,4
arabizi_to_arabic,ta77an,طحن,تحن,False,6,3
arabizi_to_arabic,7armane,حرمنة,حرمنة,True,7,5
arabizi_to_arabic,haddam,هضم,هدم,False,6,3
arabic_to_arabizi,ثري,thari,tari,False,3,5
arabic_to_arabizi,مقصوف,maqsuuf,maqsuuf,True,5,7
arabizi_to_arabic,nattiq,نطق,نطق,True,6,3
arabizi_to_arabic,fuuta,فوطة,فوتا,False,5,4
arabic_to_arabizi,يتضخم,yitdakhkham,yitkhaddam,False,5,11
arabizi_to_arabic,kafiil,كفيل,كفيل,True,6,4
arabizi_to_arabic,tumun,ثمن,طمن,False,5,3
arabizi_to_arabic,7alfash,حلفش,حلفش,True,7,4
arabizi_to_arabic,7ukum,حكم,حكم,True,5,3
arabic_to_arabizi,يتوثق,yitwassaq,yitwassaq,True,5,9
arabic_to_arabizi,شروط,shruut,sharwit,False,4,6
arabic_to_arabizi,تبنى,tbanna,tbanna,True,4,6
arabic_to_arabizi,فاز,faaz,faaz,True,3,4
arabic_to_arabizi,يوسع,ywassi3,ywassi3,True,4,7
arabic_to_arabizi,شبع نوم,shibi3 noom,shabbi3 nuum,False,7,11
arabizi_to_arabic,libb,لب,لب,True,4,2
arabic_to_arabizi,احيا,2i7ya,2i7ya,True,4,5
arabizi_to_arabic,shawaaz,شواذ,شواز,False,7,4
arabizi_to_arabic,mirtaa7,مرتاح,مرتاح,True,7,5
arabic_to_arabizi,حاجب,7aajib,7aajib,True,4,6
arabizi_to_arabic,3aam,عام,عام,True,4,3
arabizi_to_arabic,hadim,هضم,هدم,False,5,3
arabizi_to_arabic,tafas,طفس,طفس,True,5,3
arabizi_to_arabic,shibriyye,شبرية,شبرية,True,9,5
arabizi_to_arabic,2ista3wil,استعول,استعول,True,9,6
arabic_to_arabizi,هتر,hattar,hattar,True,3,6
arabic_to_arabizi,عرض,3arad,3arrid,False,3,5
arabizi_to_arabic,7luus,حلوس,حلوص,False,5,4
arabic_to_arabizi,تبالد,tbaalad,tbaalad,True,5,7
arabic_to_arabizi,هزء,hazzi2,haza2,False,3,6
arabizi_to_arabic,2itwaaza,اتوازى,اتوازى,True,8,6
arabic_to_arabizi,اتكركز,2itkarkaz,2itkarkaz,True,6,9
arabizi_to_arabic,dakaatre,دكاترة,دكاترة,True,8,6
arabizi_to_arabic,min waraak,من وراك,من ورك,False,10,7
arabic_to_arabizi,استاهل,2istaahal,2istihaal,False,6,9
arabizi_to_arabic,tlaakam,تلاكم,تلاكم,True,7,5
arabic_to_arabizi,يتكي,ytakki,yitki,False,4,6
arabizi_to_arabic,tawwit,توت,توت,True,6,3
arabizi_to_arabic,khabba,خبا,خبا,True,6,3
arabic_to_arabizi,بنت بنوت,bint bnuut,bant btuun,False,8,10
arabic_to_arabizi,زيت طفاح,zeet tfaa7,zayyt taaf7,False,8,10
arabic_to_arabizi,يجاول,yjaawil,yjaawil,True,5,7
arabizi_to_arabic,khootal,خوتل,خوتل,True,7,4
arabizi_to_arabic,nabba2,نبأ,نبأ,True,6,3
arabizi_to_arabic,wakhkhir,وخر,وخر,True,8,3
arabic_to_arabizi,يقدم,yiqdam,yqaddim,False,4,6
arabizi_to_arabic,khann,خن,خن,True,5,2
arabizi_to_arabic,ma3ti,معطي,معطي,True,5,4
arabizi_to_arabic,tadjdje,طجة,تدجة,False,7,3
arabizi_to_arabic,muntakhab,منتخب,منتخب,True,9,5
arabic_to_arabizi,تعلم العصي عجنابك,t3allim 2il3usi 3ajnaabak,ta3la maasiib 3ajink,False,17,25
arabic_to_arabizi,أهل لا إله إلا الله,2ahil laa 2ilaaha 2illa 2alla,2ahl 2ill 2a 2illa 2ahla 2ala,False,19,29
arabic_to_arabizi,يكربل,ykarbil,ykarbil,True,5,7
arabic_to_arabizi,يتهمش,yithammash,yithammash,True,5,10
arabizi_to_arabic,2isduf,اصدف,اسدف,False,6,4
arabizi_to_arabic,saawi,ساوي,ساوي,True,5,4
arabizi_to_arabic,2inwi3id,انوعد,انوعد,True,8,5
arabic_to_arabizi,سطل,sattal,sattil,False,3,6
arabizi_to_arabic,2it3ayyan,اتعين,اتعين,True,9,5
arabizi_to_arabic,hazhaz,هزهز,هزهز,True,6,4
arabic_to_arabizi,انكفل,2inkifil,2inkifil,True,5,8
arabizi_to_arabic,3akaf,عكف,عكف,True,5,3
arabic_to_arabizi,خيال,khayyaal,khayaal,False,4,8
arabic_to_arabizi,لولب,loolab,loolab,True,4,6
arabizi_to_arabic,tra22as,ترأس,ترأس,True,7,4
arabizi_to_arabic,2itwahhar,اتوهر,اتوهر,True,9,5
arabizi_to_arabic,shishme,ششمة,ششمة,True,7,4
arabic_to_arabizi,اقلب وجهك,2iglib widjhak,2iqlib wijho,False,9,14
arabizi_to_arabic,baar,بار,بار,True,4,3
arabic_to_arabizi,يتجزع,yitjazza3,yitjazza3,True,5,9
arabizi_to_arabic,2insafaq,انسفق,انسفق,True,8,5
arabizi_to_arabic,2inkasha7,انكشح,انكشح,True,9,5
arabic_to_arabizi,يطول ظفرها,ytuul dufurha,yootil faaro,False,10,13
arabizi_to_arabic,sibi7,سبح,سبح,True,5,3
arabic_to_arabizi,نواطير,nawaatiir,nawaatiir,True,6,9
arabizi_to_arabic,taltal,طلطل,تلتل,False,6,4
arabic_to_arabizi,امشي,2imshi,2imshi,True,4,6
arabizi_to_arabic,tmallak,تملك,تملك,True,7,4
arabic_to_arabizi,يذهب,yizhab,yhadhdhib,False,4,6
arabic_to_arabizi,لمع,lamma3,lamma3,True,3,6
arabic_to_arabizi,اتفبرك,2itfabrak,2itfabrak,True,6,9
arabic_to_arabizi,حوض,7ood,7awwid,False,3,4
arabizi_to_arabic,ghili,غلي,غلي,True,5,3
arabic_to_arabizi,يوفق,ywaffiq,ywaffiq,True,4,7
arabizi_to_arabic,yiftir,يفطر,يفتر,False,6,4
arabizi_to_arabic,makaa7il,مكاحل,مكاحل,True,8,5
arabizi_to_arabic,2inmi3is,انمعص,انمعس,False,8,5
arabizi_to_arabic,firi7,فرح,فرح,True,5,3
arabic_to_arabizi,شيلة,sheele,shiile,False,4,6
arabic_to_arabizi,نخزة,nakhze,nakhze,True,4,6
arabizi_to_arabic,tabil,طبل,طبل,True,5,3
arabic_to_arabizi,نغش,naghghish,naghghash,False,3,9
arabic_to_arabizi,جرزاية,jurzaaye,jurzaaye,True,6,8
arabic_to_arabizi,كتاب,kuttaab,kattaab,False,4,7
arabic_to_arabizi,نافس,naafis,naafis,True,4,6
arabic_to_arabizi,فنى,fana,fanna,False,3,4
arabic_to_arabizi,اوضح,2uuda7,2idwa7,False,4,6
arabic_to_arabizi,مثابر,musaabir,masaabir,False,5,8
arabic_to_arabizi,اتلسوع,2itlaswa3,2itlaswa3,True,6,9
arabizi_to_arabic,tanaatiish,طناطيش,تناطيش,False,10,6
arabizi_to_arabic,2itqayyi7,اتقيح,اتقيح,True,9,5
arabizi_to_arabic,7aswe,حصوة,حصوة,True,5,4
arabic_to_arabizi,اتفجعن,2itfaj3an,2itfaj3an,True,6,9
arabizi_to_arabic,yidbagh,يدبغ,يدبغ,True,7,4
arabic_to_arabizi,وكالة,wakaale,wakaale,True,5,7
arabic_to_arabizi,اشكم,2ushkum,2ishkim,False,4,7
arabic_to_arabizi,اوقي,2uuqi,2iwqi,False,4,5
arabizi_to_arabic,2umrush,امرش,امرش,True,7,4
arabic_to_arabizi,يتكرمش,yitkarmash,yitkarmash,True,6,10
arabizi_to_arabic,fa33a,فعة,فعة,True,5,3
arabizi_to_arabic,2alla laa ytiir lak,الله لا يتيرلك,أل لي كثر,False,19,14
arabic_to_arabizi,مفرتك,mfartak,mfartik,False,5,7
arabizi_to_arabic,2iddala,تدلى,تدال,False,7,4
arabizi_to_arabic,ynaqqish,ينقش,ينقش,True,8,4
arabic_to_arabizi,طمع,tammi3,tammi3,True,3,6
arabizi_to_arabic,ysa7wil,يسحول,يسحول,True,7,5
arabizi_to_arabic,mayyaato m3aalyaat,مياته معاليات,مياته علياتم,False,18,13
arabic_to_arabizi,دلال,dlaal,dalaal,False,4,5
arabizi_to_arabic,saafif,سافف,سافي,False,6,4
arabic_to_arabizi,تكبر,2itkabbar,tkabbar,False,4,9
arabic_to_arabizi,التمام على خير,2ittamaam 3ala kheer,2iltama ma3a khalayir,False,14,20
arabic_to_arabizi,يحلمس,y7almis,y7almis,True,5,7
arabizi_to_arabic,ktiir dable,كتير دبلة,تكرد بلة,False,11,9
arabic_to_arabizi,انحذف,2in7azaf,2in7izif,False,5,8
arabizi_to_arabic,2itfarrad,اتفرد,اتفرد,True,9,5
arabic_to_arabizi,اجهل,2ijhal,2ijhal,True,4,6
arabizi_to_arabic,khushsh,خش,خش,True,7,2
arabic_to_arabizi,خيار,khayaar,khayaar,True,4,7
arabizi_to_arabic,kaayad,كايد,كايد,True,6,4
arabizi_to_arabic,mukuuth,مكوث,مكوث,True,7,4
arabizi_to_arabic,balbish,بلبش,بلبش,True,7,4
arabizi_to_arabic,farrij,فرج,فرفج,False,6,3
arabizi_to_arabic,mazluul,مذلول,مزلول,False,7,5
arabic_to_arabizi,مفلى,mfalla,mfalla,True,4,6
arabic_to_arabizi,خطباء,khutabaa2,khutbaa2,False,5,9
arabic_to_arabizi,زبل,zabal,zabbil,False,3,5
arabic_to_arabizi,خطيته,khatiito,khatiih,False,5,8
arabizi_to_arabic,kazzabkadhdhab,كذب,كزبخد,False,14,3
arabizi_to_arabic,szaghghar,صغر,صغر,True,9,3
arabizi_to_arabic,dallal,ضلل,دلل,False,6,3
arabic_to_arabizi,اتحسر,2it7assar,2it7assar,True,5,9
arabic_to_arabizi,نخاع,nukhaa3,nakhaa3,False,4,7
arabizi_to_arabic,kiif,كيف,كيف,True,4,3
arabic_to_arabizi,شتل,shattal,shattal,True,3,7
arabic_to_arabizi,نظافة,nadaafe,naddaafe,False,5,7
arabic_to_arabizi,زرقن,zargin,zarqan,False,4,6
arabizi_to_arabic,tu7fe,تحفة,طحفة,False,5,4
arabizi_to_arabic,ghamar,غمر,غمر,True,6,3
arabic_to_arabizi,يديك,ydayyik,ydayyik,True,4,7
arabic_to_arabizi,حاد,7aadd,7aad,False,3,5
arabic_to_arabizi,طلاق,talaaq,talaaq,True,4,6
arabizi_to_arabic,3aqqal,عقل,عقل,True,6,3
arabizi_to_arabic,bikri,بكري,بكر,False,5,4
arabizi_to_arabic,de,دي,ضي,False,2,2
arabizi_to_arabic,daabash,دابش,دابش,True,7,4
arabic_to_arabizi,تلون,tlawwan,tlawwan,True,4,7
arabizi_to_arabic,yitshawwash,يتشوش,يتشوش,True,11,5
arabic_to_arabizi,جاحر,ja7irni,jaa7ir,False,4,7
arabic_to_arabizi,سلفق,salfaq,salfiq,False,4,6
arabizi_to_arabic,qall qiimto,قل قيمته,قلي قومته,False,11,8
arabic_to_arabizi,خلع,khalla3,khalla3,True,3,7
arabizi_to_arabic,shatawiyye,شتوية,شتوية,True,10,5
arabizi_to_arabic,taayi7,طايح,طايح,True,6,4
arabizi_to_arabic,yikhnis,يخنس,يخنس,True,7,4
arabic_to_arabizi,يستغرق,yistaghriq,yistaghriq,True,6,10
arabizi_to_arabic,madbuu3,مضبوع,مدبوع,False,7,5
arabizi_to_arabic,2inridi3,انردع,انردع,True,8,5
arabizi_to_arabic,twaldan,تولدن,تولدن,True,7,5
arabizi_to_arabic,sharshaf salaa,شرشف صلاة,شرش فلاس,False,14,9
arabic_to_arabizi,حايص,7aayis,7aayis,True,4,6
arabizi_to_arabic,ma2aasi,مآسي,مآسي,True,7,4
arabic_to_arabizi,يرضع,yirda3,yraddi3,False,4,6
arabizi_to_arabic,haay li7yiti,هاي لحيتي,هايل حيط,False,12,9
arabic_to_arabizi,أعداء,2a3daa2,2a3daa2,True,5,7
arabizi_to_arabic,2imlaa2,إملاء,املاء,False,7,5
arabic_to_arabizi,همط,hammat,hammat,True,3,6
arabizi_to_arabic,yaa qkshiil raas,يا قشيل راس,يا قشير,False,16,11
arabizi_to_arabic,2ibin 2il7alaal 3ind zikro bibaan,ابن الحلال عند ذكره بيبان,ابن الحد عن اله بيزره,False,33,25
arabizi_to_arabic,bunn,بن,بن,True,4,2
arabizi_to_arabic,sharshar,شرشر,شرشر,True,8,4
arabizi_to_arabic,ykarkir,يكركر,يكركر,True,7,5
arabizi_to_arabic,yshallikh,يشلخ,يشلخ,True,9,4
arabic_to_arabizi,افسق,2ifsuq,2ifsiq,False,4,6
arabic_to_arabizi,ينخي,yinkhi,yinkhi,True,4,6
arabizi_to_arabic,2in3af,انعف,انعف,True,6,4
arabizi_to_arabic,kharraab,خراب,خراب,True,8,4
arabic_to_arabizi,انشقت الأرض وبلعته,2inshaqqat 2il2ard wubal3ato,2inshaqat 2ilbirdo 3alawal,False,18,28
arabizi_to_arabic,tnaahaz,تناهز,تناهز,True,7,5
arabic_to_arabizi,يقيم,yqiim,yqayyim,False,4,5
arabizi_to_arabic,2ayyaam 2il3ajuuz,أيام العجوز,أيام الجوزع,False,17,11
arabic_to_arabizi,طاز,taaz,taaz,True,3,4
arabizi_to_arabic,naffiz,نفذ,نفذ,True,6,3
arabizi_to_arabic,fahhi,فهي,فهي,True,5,3
arabic_to_arabizi,ينفذ,yunfuz,yinfud,False,4,6
arabic_to_arabizi,اتحرود,2it7arwad,2it7arwad,True,6,9
arabic_to_arabizi,تمايص,tmaayas,tamaasi,False,5,7
arabic_to_arabizi,استجد,2istajidd,2istajadd,False,5,9
arabizi_to_arabic,kaffi,كفي,كفي,True,5,3
arabic_to_arabizi,متجاوز,mitjaawiz,mitjaawiz,True,6,9
arabizi_to_arabic,2ukrush,اكرش,اكرش,True,7,4
arabizi_to_arabic,mandiil mu3attar,منديل معطر,مندي علطر,False,16,10
arabic_to_arabizi,جزم,jazam,jazzim,False,3,5
arabic_to_arabizi,غير,ghayyir,ghayyar,False,3,7
arabic_to_arabizi,تمرد,tmarrad,tmarrad,True,4,7
arabizi_to_arabic,mkassil,مكسل,مكسل,True,7,4
arabizi_to_arabic,2inrafa3,انرفع,انرفع,True,8,5
arabizi_to_arabic,ytakki,يتكي,يتكي,True,6,4
arabizi_to_arabic,wala 3umro bi3ammir wala bithammir,ولا عمره بيعمر ولا بيثمر,ولاعم عمر ومه مثل بر ومير مها,False,34,24
arabic_to_arabizi,يتلغمص,yitlaghmas,yitlaghmas,True,6,10
arabic_to_arabizi,راهب,raahib,raahib,True,4,6
arabizi_to_arabic,2itsayya3,اتصيع,اتسيع,False,9,5
arabic_to_arabizi,يخاف,ykhaaf,ykhaaf,True,4,6
arabizi_to_arabic,qaasim,قاسم,قاصم,False,6,4
arabizi_to_arabic,tbarqa3,تبرقع,تبرقع,True,7,5
arabizi_to_arabic,buuri,بوري,بوري,True,5,4
arabic_to_arabizi,يشخت,yishkhat,yishkhit,False,4,8
arabizi_to_arabic,haraaba,هرابة,هرابة,True,7,5
arabizi_to_arabic,tazz,طز,طز,True,4,2
arabizi_to_arabic,3atriis,عتريس,عتريس,True,7,5
arabizi_to_arabic,farfara,فرفرة,فرفرة,True,7,5
arabizi_to_arabic,yitkhayyash,يتخيش,يتخيش,True,11,5
arabic_to_arabizi,طقمش,tagmash,qatmish,False,4,7
arabizi_to_arabic,yunkuz,ينكز,ينكز,True,6,4
arabizi_to_arabic,2idduud taali3 min ta7to,الدود طالع من تحته,اضيد طالحد من عطول,False,24,18
arabic_to_arabizi,حشا السامعين,7asha 2issaam3iin,7ashaal 2issamaani,False,12,17
arabizi_to_arabic,dariibe,ضريبة,دريبة,False,7,5
arabizi_to_arabic,shaaf,شاف,شاف,True,5,3
arabic_to_arabizi,تفريق,tafriiq,tafriiq,True,5,7
arabizi_to_arabic,yi3zil,يعزل,يعزل,True,6,4
arabic_to_arabizi,عالأكيد,3al 2akiid,3aladiik,False,7,10
arabic_to_arabizi,عينة,3ayyine,3iine,False,4,7
arabic_to_arabizi,يزهق,yuzhiq,yzahhiq,False,4,6
arabic_to_arabizi,يفرج,yfarrij,yfarrij,True,4,7
arabizi_to_arabic,qinniyye,قنية,قنية,True,8,4
arabic_to_arabizi,يخبي,ykhabbi,ykhabbi,True,4,7
arabic_to_arabizi,مهدول,mhadwil,mahduul,False,5,7
arabizi_to_arabic,muqaabale,مقابلة,مقابلة,True,9,6
arabic_to_arabizi,حركنجي,7arakanji,7arkanji,False,6,9
arabizi_to_arabic,yista7,يسطح,يستح,False,6,4
arabizi_to_arabic,kaan,كان,كان,True,4,3
arabic_to_arabizi,كوني,kawni,kooni,False,4,5
arabic_to_arabizi,بهور,bahwar,bahwar,True,4,6
arabizi_to_arabic,yinwijid,ينوجد,ينوجد,True,8,5
arabizi_to_arabic,yitnaaza3,يتنازع,يتنازع,True,9,6
arabizi_to_arabic,mahhid,مهد,مههد,False,6,3
arabizi_to_arabic,fayy wumayy,في ومي,في ومي,True,11,6
arabic_to_arabizi,إخص عليك,2ikhs 3aleek,2ikhsil 3alak,False,8,12
arabic_to_arabizi,يندهك,yindahik,yindihik,False,5,8
arabizi_to_arabic,mooje sawtiyye,موجة صوتية,موجة سية,False,14,10
arabic_to_arabizi,يغبر,yighbur,yghabbir,False,4,7
arabizi_to_arabic,sawwin,صون,سون,False,6,3
arabizi_to_arabic,2ilti7iq,التحق,التحق,True,8,5
arabizi_to_arabic,la3la3e,لعلعة,لعلعة,True,7,5
arabic_to_arabizi,زنانيب,zanaaniib,zanaaniib,True,6,9
arabizi_to_arabic,2itfalfal,اتفلفل,اتفلفل,True,9,6
arabic_to_arabizi,فقه,fiqih,faqqah,False,3,5
arabic_to_arabizi,اختار,2ikhtaar,2ikhtaar,True,5,8
arabic_to_arabizi,كل يوم والثاني,kull yoom wittaani,kalli mit wanya,False,14,18
arabizi_to_arabic,ysaadiq,يصادق,يسادق,False,7,5
arabizi_to_arabic,ka33ak,كعك,كعك,True,6,3
arabic_to_arabizi,جرس,jarris,jarras,False,3,6
arabizi_to_arabic,faas,فاس,فاس,True,4,3
arabizi_to_arabic,mawaadi3,مواضع,موادع,False,8,5
arabic_to_arabizi,تمكن,tmakkan,tmakkan,True,4,7
arabizi_to_arabic,7ak7ik,حكحك,حكحك,True,6,4
arabic_to_arabizi,يوسخ,ywassikh,ywassikh,True,4,8
arabic_to_arabizi,يطرق,ytarriq,ytarriq,True,4,7
arabic_to_arabizi,يآسي,y2aasi,y2aasi,True,4,6
arabic_to_arabizi,خنزيرة,khanziire,khanziire,True,6,9
arabic_to_arabizi,وهو مغمض,wuhuwwa mghammid,wihid mghammm,False,8,16
arabizi_to_arabic,hadhram,هذرم,هذرم,True,7,4
arabizi_to_arabic,zaahid,زاهد,زاهد,True,6,4
arabizi_to_arabic,twarrad,تورد,تورد,True,7,4
arabic_to_arabizi,صديق صدوق,sadiiq saduuq,sadiiq daqsuud,False,9,13
arabic_to_arabizi,يغشش,yghashshish,yghashshish,True,4,11
arabizi_to_arabic,3awwaf,عوف,عوف,True,6,3
arabizi_to_arabic,2itsakhmat,اتسخمط,اتسخمط,True,10,6
arabizi_to_arabic,qkansha3,قنشع,قنشع,True,8,4
arabizi_to_arabic,ykhadkhid,يخضخض,يخدخد,False,9,5
arabizi_to_arabic,tikhkh,تخ,طخ,False,6,2
arabic_to_arabizi,اطفر,2itfar,2itfar,True,4,6
arabizi_to_arabic,fadda,فضى,فضى,True,5,3
arabic_to_arabizi,منقل,manqal,mnaqqil,False,4,6
arabic_to_arabizi,تسهيل,tashiil,tashiil,True,5,7
arabic_to_arabizi,عوق,3awwaq,3awwiq,False,3,6
arabizi_to_arabic,wiqi3 satil batno,وقع سطل بطنه,وقع ستنه بلط,False,17,12
arabizi_to_arabic,zawafaan,زوفان,زوافن,False,8,5
arabic_to_arabizi,تلعوب,tla3wab,tla3wab,True,5,7
arabizi_to_arabic,shkhaar,شخار,شخار,True,7,4
arabic_to_arabizi,موقف,mawqif,mwaqqif,False,4,6
arabizi_to_arabic,mqannin,مقنن,مقنن,True,7,4
arabizi_to_arabic,mqat3a 7baalha,مقطعة حبالها,مقطع بحلها,False,14,12
arabizi_to_arabic,yinikmish,ينكمش,ينكمش,True,9,5
arabic_to_arabizi,ينكرش,yinikrish,yinkirish,False,5,9
arabic_to_arabizi,يعظرت,y3adhrit,y3azrit,False,5,8
arabizi_to_arabic,2uqsuf,اقصف,اقصف,True,6,4
arabic_to_arabizi,يضعضع,yda3di3,yda3di3,True,5,7
arabizi_to_arabic,daayiq,ضايق,دايق,False,6,4
arabic_to_arabizi,فرطت المسبحة,fartat 2ilmasba7a,fartat 2ilmasba7a,True,12,17
arabic_to_arabizi,نقص,naqqas,naqqis,False,3,6
arabizi_to_arabic,hutul,هطل,هطول,False,5,3
arabic_to_arabizi,يمدح,ymaddi7,ymaddi7,True,4,7
arabic_to_arabizi,خيال خصب,khayaal khasib,khiil 2ilkhabas,False,8,14
arabizi_to_arabic,masaakhiit,مساخيط,مساخيط,True,10,6
arabic_to_arabizi,مدد,maddid,maddad,False,3,6
arabic_to_arabizi,حمد,7amad,7ammid,False,3,5
arabic_to_arabizi,يجعل,yij3al,yja33il,False,4,6
arabic_to_arabizi,يخلص,yikhlis,ykhallis,False,4,7
arabic_to_arabizi,تصوف,tsawwaf,tsawwaf,True,4,7
arabizi_to_arabic,mfatti7,مفتح,مفتح,True,7,4
arabizi_to_arabic,saa2ib,ثائب,سائب,False,6,4
arabizi_to_arabic,yitra3ra3,يترعرع,يترعرع,True,9,6
arabic_to_arabizi,اسطو,2ustu,2iswat,False,4,5
arabic_to_arabizi,اقرص,2uqrus,2uqrus,True,4,6
arabic_to_arabizi,قدم,qaddim,qaddam,False,3,6
arabizi_to_arabic,yqkizz,يقز,يقز,True,6,3
arabic_to_arabizi,يعفق,yu3fuq,y3affiq,False,4,6
arabic_to_arabizi,إعاقة,2i3aaqa,2i3aaqa,True,5,7
arabic_to_arabizi,غبرة,ghabra,ghabra,True,4,6
arabic_to_arabizi,توطين,tawtiin,tawtiin,True,5,7
arabic_to_arabizi,اتمورق,2itmooraqk,2itmooraqk,True,6,10
arabic_to_arabizi,بارك,baarik,baarik,True,4,6
arabic_to_arabizi,مرشحة,marsha7a,marsha7a,True,5,8
arabizi_to_arabic,zanaakha,زناخة,زناخة,True,8,5
arabizi_to_arabic,maqlab,مقلب,مقلب,True,6,4
arabic_to_arabizi,انقحش,2inki7ish,2inqa7ash,False,5,9
arabic_to_arabizi,تعباية,ti3baaye,ta3baaye,False,6,8
arabic_to_arabizi,يتفهمن,yitfahman,yitfahman,True,6,9
arabic_to_arabizi,تسند,tsannad,tsannad,True,4,7
arabizi_to_arabic,7ajjir,حجر,حجر,True,6,3
arabic_to_arabizi,نده,nadah,naddah,False,3,5
arabizi_to_arabic,yimra7,يمرح,يمرح,True,6,4
arabizi_to_arabic,2igma3,اقمع,اقمع,True,6,4
arabizi_to_arabic,7aaka,حاكى,حاكى,True,5,4
arabic_to_arabizi,عاهاتك يا وطن,3aahaatak yaa watan,3aa kataaw nayato,False,13,19
arabic_to_arabizi,وجب,wajjab,wajjib,False,3,6
arabizi_to_arabic,tarz,طرز,طرز,True,4,3
arabizi_to_arabic,da2dis,دقدس,دقدس,True,6,4
arabic_to_arabizi,ست الستات,sitt 2issittaat,satt 2issataat,False,9,15
arabizi_to_arabic,zquume,زقومة,زقومة,True,6,5
arabic_to_arabizi,اشترى,2ishtara,2ishtara,True,5,8
arabic_to_arabizi,اورث,2uuras,2uuras,True,4,6
arabizi_to_arabic,buruj,برج,بروج,False,5,3
arabic_to_arabizi,يدلع,yidla3,ydalli3,False,4,6
arabizi_to_arabic,7arrij,حرج,حرج,True,6,3
arabizi_to_arabic,mbannaj,مبنج,مبنج,True,7,4
arabizi_to_arabic,rahbaani,رهباني,رهباني,True,8,6
arabic_to_arabizi,خاف,khaaf,khaaf,True,3,5
arabic_to_arabizi,اتحبك,2it7abbak,2it7abbak,True,5,9
arabic_to_arabizi,فجولة,fajwale,fajwale,True,5,7
arabizi_to_arabic,darwiish,درويش,درويش,True,8,5
arabizi_to_arabic,7aaliq,حالق,حالق,True,6,4
arabizi_to_arabic,yitbahbat,يتبهبط,يتبهبط,True,9,6
arabizi_to_arabic,sityaane,ستيانة,ستانية,False,8,6
arabic_to_arabizi,توزع,twazza3,twazza3,True,4,7
arabic_to_arabizi,حلمز,7almiz,7almaz,False,4,6
arabizi_to_arabic,7arath 3alay,حرث علي,حرث علي,True,12,7
arabic_to_arabizi,يخافق,ykhaafi2,ykhaafiq,False,5,8
arabic_to_arabizi,مكاور,mkaawir,makaawir,False,5,7
arabic_to_arabizi,فشل,fashal,fashshal,False,3,6
arabizi_to_arabic,yismut,يصمت,يسمط,False,6,4
arabizi_to_arabic,yfuut,يفوت,يفوت,True,5,4
arabizi_to_arabic,yitnahraz,يتنهرز,يتنهرز,True,9,6
arabizi_to_arabic,dalla3,دلع,دلع,True,6,3
arabizi_to_arabic,2iftarad,افترض,افترض,True,8,5
arabic_to_arabizi,اتفرع,2itfarra3,2itfarra3,True,5,9
arabic_to_arabizi,زن,zann,zann,True,2,4
arabizi_to_arabic,tawaatu2,تواطؤ,تواطأ,False,8,5
arabizi_to_arabic,ykabbir,يكبر,يكبر,True,7,4
arabizi_to_arabic,7aniin,حنين,حنين,True,6,4
arabic_to_arabizi,مطاوي,mataawi,mataawi,True,5,7
arabic_to_arabizi,الجوز في البيت رحمة حتى لو كان فحمة,2iljooz filbeet ra7me 7atta law kaan fa7me,2iljooz fiti 7amit wila karra bi7afe,False,35,42
arabizi_to_arabic,qalqil,قلقل,قلقل,True,6,4
arabic_to_arabizi,يجوبن,yjoobin,yjoobin,True,5,7
arabizi_to_arabic,qattaa3a,قطاعة,قطاعة,True,8,5
arabizi_to_arabic,yinbuz,ينبذ,ينبز,False,6,4
arabic_to_arabizi,كاميرا,kamira,kaamiir,False,6,6
arabic_to_arabizi,انكف,2unkuf,2inkaff,False,4,6
arabizi_to_arabic,ysaffih,يسفه,يصفه,False,7,4
arabic_to_arabizi,مرمط,marmit,mrammit,False,4,6
arabic_to_arabizi,أكرم,2akram,2akram,True,4,6
arabic_to_arabizi,انزوي,2inziwi,2inziwi,True,5,7
arabic_to_arabizi,تمرير,tamriir,tamriir,True,5,7
arabizi_to_arabic,mu3laat,معلاط,معلاط,True,7,5
arabic_to_arabizi,يستدفي,yistadfi,yistadfi,True,6,8
arabic_to_arabizi,خبط,khabbit,khabbat,False,3,7
arabic_to_arabizi,انترس,2intaras,2intiris,False,5,8
arabic_to_arabizi,دلس,dallas,dallis,False,3,6
arabizi_to_arabic,yi3fir,يعفر,يعفر,True,6,4
arabizi_to_arabic,zill,زل,زل,True,4,2
arabizi_to_arabic,ytiiq,يطيق,يطيق,True,5,4
arabic_to_arabizi,يكنع,ytshanni3,ykanni3,False,4,9
arabizi_to_arabic,3ulamaa2,علماء,علماء,True,8,5
arabic_to_arabizi,يعطس,y3attis,y3attis,True,4,7
arabic_to_arabizi,لسانك مايجيش علساني,lsaanak maa yijiish 3alsaani,salaani makish 3ajiish,False,19,28
arabizi_to_arabic,marma3uun,مرمعون,مرمعون,True,9,6
arabizi_to_arabic,maltiine,ملتينة,ملتينة,True,8,6
arabizi_to_arabic,2uutir,اوتر,اوطر,False,6,4
arabizi_to_arabic,ba3bish,بعبش,بعبش,True,7,4
arabic_to_arabizi,حيران,7ayraan,7ayraan,True,5,7
arabizi_to_arabic,qassim,قسم,قصم,False,6,3
arabic_to_arabizi,متراكم,mitraakim,mitraakim,True,6,9
arabizi_to_arabic,naar,نار,نار,True,4,3
arabic_to_arabizi,سبع ولا ضبع,sabi3 walla dabi3,sabbi3 2ilwad,False,11,17
arabic_to_arabizi,تعاول,t3aawal,t3aawal,True,5,7
arabic_to_arabizi,انرزع,2inrizi3,2inrizi3,True,5,8
arabic_to_arabizi,هربج,harbaj,harbaj,True,4,6
arabizi_to_arabic,fasaatiin,فساتين,فساتين,True,9,6
arabizi_to_arabic,t7arrash,تحرش,تحرش,True,8,4
arabic_to_arabizi,ازهق,2izhaq,2izhaq,True,4,6
arabic_to_arabizi,انغر,2ingharr,2ingharr,True,4,8
arabizi_to_arabic,bi7uus wibiluus,بيحوص وبيلوص,بيحصوص بولص,False,15,12
arabizi_to_arabic,2irtajil,ارتجل,ارتجل,True,8,5
arabic_to_arabizi,مشتل,mashtal,mshattil,False,4,7
arabizi_to_arabic,2inhara,انهرى,انهار,False,7,5
arabizi_to_arabic,yintihik,ينتهك,ينتهك,True,8,5
arabic_to_arabizi,لدغ,ludugh,laddagh,False,3,6
arabizi_to_arabic,2intafakh,انتفخ,انتفخ,True,9,5
arabic_to_arabizi,رن,rinn,rann,False,2,4
arabic_to_arabizi,تدقيق لغوي,tadqiiq lughawi,tadqiiq qalghuul,False,10,15
arabizi_to_arabic,yitfassa7,يتفصح,يتفصح,True,9,5
arabic_to_arabizi,بطابط,bataabit,bataabit,True,5,8
arabic_to_arabizi,كمخة,kamkha,kamkha,True,4,6
arabizi_to_arabic,madad,مدد,مدد,True,5,3
arabizi_to_arabic,dawriyya,دورية,دوريا,False,8,5
arabic_to_arabizi,تبل,tabbil,tabbal,False,3,6
arabizi_to_arabic,zahrame,زهرمة,زهرمة,True,7,5
arabic_to_arabizi,قلد,qallad,qallid,False,3,6
arabic_to_arabizi,يختلس,yikhtalis,yikhtilis,False,5,9
arabizi_to_arabic,ja77ish,جحش,جحش,True,7,3
arabizi_to_arabic,2ijri 3a2ijrak,إجري عإجرك,إجر عالكر,False,14,10
arabizi_to_arabic,2infi3aal,انفعال,انفعال,True,9,6
arabic_to_arabizi,آداب,2aadaab,2aadaab,True,4,7
arabizi_to_arabic,3ala7im batno,علحم بطنه,علاحم بطنه,False,13,9
arabic_to_arabizi,صفا,safa,safa,True,3,4
arabic_to_arabizi,دبس,dabbis,dabbis,True,3,6
arabizi_to_arabic,la7im,لحم,لحم,True,5,3
arabic_to_arabizi,انحبك,2in7abak,2in7ibik,False,5,8
arabic_to_arabizi,يحتمي,yi7timi,yi7timi,True,5,7
arabic_to_arabizi,متشحطط,mitsha7tit,mitsha7tit,True,6,10
arabizi_to_arabic,ysab3in,يسبعن,يسبعن,True,7,5
arabizi_to_arabic,farka7a,فركحة,فركحة,True,7,5
arabizi_to_arabic,fa3kash,فعكش,فعكش,True,7,4
arabic_to_arabizi,يعتق,yi3tiq,y3attiq,False,4,6
arabizi_to_arabic,ymutt,يمت,يمط,False,5,3
arabizi_to_arabic,rusugh,رسغ,رصوغ,False,6,3
arabizi_to_arabic,yinzaff,ينزف,ينزف,True,7,4
arabic_to_arabizi,أرباح,2arbaa7,2arbaa7,True,5,7
arabizi_to_arabic,ba77ar,بحر,بحر,True,6,3
arabizi_to_arabic,yumdugh,يمضغ,يمضغ,True,7,4
arabic_to_arabizi,يلتوي,yiltiwi,ylatwi,False,5,7
arabizi_to_arabic,2ikhtu,اخطو,اخطو,True,6,4
arabizi_to_arabic,dhaan,دهان,ذان,False,5,4
arabic_to_arabizi,يتجافص,yitjaafas,yitjaafas,True,6,9
arabizi_to_arabic,mabruuk,مبروك,مبروك,True,7,5
arabizi_to_arabic,da3ariir,دععادير,دعارير,False,8,7
arabic_to_arabizi,يدهدك,ydahdik,ydahdik,True,5,7
arabic_to_arabizi,انضم,2indamm,2indamm,True,4,7
arabic_to_arabizi,انشد,2inshadd,2inshadd,True,4,8
arabic_to_arabizi,ينتقم,yintaqim,yintiqim,False,5,8
arabic_to_arabizi,محتشم,mu7tasham,m7atshim,False,5,9
arabic_to_arabizi,تسوق,tsawwaq,tsawwaq,True,4,7
arabizi_to_arabic,2itghayyab,اتغيب,اتغيب,True,10,5
arabic_to_arabizi,متحدي,mit7addi,mit7addi,True,5,8
arabizi_to_arabic,2amraas,أمراس,أمراس,True,7,5
arabic_to_arabizi,تنقرش,tnaqrash,tnaqrash,True,5,8
arabizi_to_arabic,majmuu3,مجموع,مجموع,True,7,5
arabic_to_arabizi,تأوه,ta2awwuh,t2awwah,False,4,8
arabic_to_arabizi,سرداحي,sirdaa7i,sardaa7i,False,6,8
arabizi_to_arabic,namname,نمنمة,نمنمة,True,7,5
arabic_to_arabizi,بيرفع الراس,birfa3 2irraas,biirfa3 2il3asaar,False,11,14
arabic_to_arabizi,قوايا,qawaaya,qawaaya,True,5,7
arabizi_to_arabic,yibtar,يبطر,يبطر,True,6,4
arabic_to_arabizi,سجح,sadjdja7,sajja7,False,3,8
arabic_to_arabizi,مياته معاليات,mayyaato m3aalyaat,mayyaato ma3alaya,False,13,18
arabizi_to_arabic,yfasfis,يفصفص,يفصفص,True,7,5
arabizi_to_arabic,2it7allal,اتحلل,اتحلل,True,9,5
arabizi_to_arabic,2imraar,إمرار,إمرار,True,7,5
arabic_to_arabizi,إن,2inn,2inna,False,2,4
arabizi_to_arabic,zaki,ذكي,زكي,False,4,3
arabic_to_arabizi,يشبك,yshabbik,yshabbik,True,4,8
arabizi_to_arabic,tjarjar,تجرجر,تجرجر,True,7,5
arabic_to_arabizi,كبر,kabbir,kabbar,False,3,6
arabizi_to_arabic,fatfuute,فتفوتة,فتوتة,False,8,6
arabic_to_arabizi,سنسفيل,sansafiil,sanafiil,False,6,9
arabizi_to_arabic,mkarrab,مكرب,مكرب,True,7,4
arabic_to_arabizi,يردع,yirda3,yraddi3,False,4,6
arabizi_to_arabic,jawwir,جور,جور,True,6,3
arabizi_to_arabic,matt,مت,مط,False,4,2
arabic_to_arabizi,قحقح,qa7qaka7ka7,qa7qa7ka7,False,4,11
arabizi_to_arabic,mtabbi3,مطبع,مطبع,True,7,4
arabizi_to_arabic,2abu raabuus,أبو رابوص,أبو راسب,False,12,9
arabizi_to_arabic,faayaa3a,فياعة,فاياعة,False,8,5
arabic_to_arabizi,رزع,raza3,razza3,False,3,5
arabizi_to_arabic,rakha,رخى,رخى,True,5,3
arabizi_to_arabic,y7attim,يحطم,يحتم,False,7,4
arabizi_to_arabic,yfayyi3,يفيع,يفيع,True,7,4
arabizi_to_arabic,2itshbi,اكبى,اطشب,False,7,4
arabizi_to_arabic,daar,دار,دار,True,4,3
arabizi_to_arabic,tshattab,تشطب,تشطب,True,8,4
arabizi_to_arabic,raasib,راسب,راسب,True,6,4
arabic_to_arabizi,البز الكذاب,2ilbiz 2ilkazzaab,2ilbizz 2ilbakzaak,False,11,17
arabizi_to_arabic,2ihbid,اهبد,اهبد,True,6,4
arabic_to_arabizi,نعبلة,na3bale,na3bale,True,5,7
arabic_to_arabizi,مزز,mazziz,mazziz,True,3,6
arabic_to_arabizi,سمنة,samne,samne,True,4,5
arabic_to_arabizi,مذيع,muzii3,madhyi3,False,4,6
arabizi_to_arabic,naghame jdiide,نغمة جديدة,نغمة جديدة,True,14,10
arabizi_to_arabic,2intibih,انتبه,انتبه,True,8,5
arabic_to_arabizi,يلزوع,ylazwi3,ylazwi3,True,5,7
arabizi_to_arabic,ynaffir,ينفر,ينفر,True,7,4
arabic_to_arabizi,يلوف,yluuf,yluuf,True,4,5
arabizi_to_arabic,rasme,رسمة,رسمة,True,5,4
arabic_to_arabizi,يميش,ymayyish,ymayyish,True,4,8
arabic_to_arabizi,يصفر,ysaffir,ysaffir,True,4,7
arabizi_to_arabic,mani3 tajawwul,منع تجول,منعت وجلول,False,14,8
arabic_to_arabizi,دحريجة,du7reeje,da7riije,False,6,8
arabic_to_arabizi,حاشر,7aashar,7aashir,False,4,7
arabizi_to_arabic,saliib,صليب,سليب,False,6,4
arabic_to_arabizi,غدا,ghadaa2,ghadda,False,3,7
arabic_to_arabizi,رخي,rakhkhi,rakhkhi,True,3,7
arabizi_to_arabic,shabbar,شبر,شبر,True,7,3
arabizi_to_arabic,yitbahdal,يتبهدل,يتبهدل,True,9,6
arabizi_to_arabic,btiiji ma3a 2ilhubul dubul,بتيجي مع الهبل دبل,طبجي مع الهوب الد,False,26,18
arabic_to_arabizi,بتجوح وبتنوح,bitjuu7 wubitnuu7,btuu7 juunub,False,12,17
arabic_to_arabizi,لفظ,lafaz,laffaz,False,3,5
arabic_to_arabizi,قارق,qaariq,qaariq,True,4,6
arabic_to_arabizi,سبله فارغة,sabalo faarigh,sablo faargha,False,10,14
arabizi_to_arabic,2umruq,امرق,امرق,True,6,4
arabizi_to_arabic,tsharra,تشرى,تشرى,True,7,4
arabic_to_arabizi,شرطة,shurta,sharta,False,4,6
arabizi_to_arabic,dall,دل,دل,True,4,2
arabic_to_arabizi,حرم,7arram,7arram,True,3,6
arabizi_to_arabic,yjuud,يجود,يجود,True,5,4
arabic_to_arabizi,سمر,sammar,sammar,True,3,6
arabizi_to_arabic,2iltagha,التغى,التغى,True,8,5
arabizi_to_arabic,2intishaal,انتشال,انتشال,True,10,6
arabizi_to_arabic,2ibaade jamaa3iyye,ابادة جماعية,إبادة جماية,False,18,12
arabic_to_arabizi,موت,moot,mawwit,False,3,4
arabic_to_arabizi,فصفصة,fasfase,fasfase,True,5,7
arabic_to_arabizi,فرفح,farfa7,farfa7,True,4,6
arabic_to_arabizi,اندحش,2inda7ash,2indi7ish,False,5,9
arabic_to_arabizi,عين قوية,3een qawiyye,3een qiwe,False,8,12
arabic_to_arabizi,حرف,7arrif,7arrif,True,3,6
arabic_to_arabizi,كبيس,kabiis,kabiis,True,4,6
arabizi_to_arabic,jakhaamiish,جخاميش,جخاميش,True,11,6
arabic_to_arabizi,رجح,rajja7,rajja7,True,3,6
arabizi_to_arabic,midfaash,مدفاش,متدافش,False,8,5
arabizi_to_arabic,ta3in binnasab,طعن بالنسب,طعن بنس,False,14,10
arabic_to_arabizi,زفت,zaffit,zaffit,True,3,6
arabic_to_arabizi,يخشخش,ykhashkhish,ykhashkhish,True,5,11
arabizi_to_arabic,yitkhaddar,يتخدر,يتخدر,True,10,5
arabic_to_arabizi,سفر,safar,saffar,False,3,5
arabic_to_arabizi,بلقع,balqi3,balqa3,False,4,6
arabic_to_arabizi,يلازم,ylaazim,ylaazim,True,5,7
arabizi_to_arabic,yu7zur,يحظر,يحزر,False,6,4
arabizi_to_arabic,yitjaazab,يتجاذب,يتجازب,False,9,6
arabizi_to_arabic,2inkhitib,انخطب,انخطب,True,9,5
arabizi_to_arabic,7buub 2illuqaa7,حبوب اللقاح,حبو القول,False,15,11
arabic_to_arabizi,رأس,ra2as,ra2as,True,3,5
arabic_to_arabizi,أنسال,2ansaal,2ansaal,True,5,7
arabizi_to_arabic,sadir,صدر,سدر,False,5,3
arabizi_to_arabic,ykaabir,يكابر,يكابر,True,7,5
arabizi_to_arabic,2ifla7,افلح,الفح,False,6,4
arabizi_to_arabic,shatti,شتي,شطي,False,6,3
arabic_to_arabizi,يتشرط,yitsharrat,yitsharrat,True,5,10
arabizi_to_arabic,yitrassad,يترصد,يترسد,False,9,5
arabic_to_arabizi,لحظة,la7za,la7ze,False,4,5
arabic_to_arabizi,حم,7amm,7amm,True,2,4
arabic_to_arabizi,يرتوى,yirtiwi,yirtawa,False,5,7
arabizi_to_arabic,jifis,جفص,جفس,False,5,3
arabizi_to_arabic,m7aara,محارة,محارة,True,6,5
arabic_to_arabizi,مبعزق,mba3zaq,mba3ziq,False,5,7
arabizi_to_arabic,mukhattat,مخطط,مختت,False,9,4
arabic_to_arabizi,جراح,jarraa7,jarraa7,True,4,7
arabizi_to_arabic,tajmiili,تجميلي,تجميل,False,8,6
arabizi_to_arabic,yin7ilib,ينحلب,ينحلب,True,8,5
arabic_to_arabizi,فزع,fizi3,fazza3,False,3,5
arabizi_to_arabic,ytaggi3,يطقع,يطقع,True,7,4
arabizi_to_arabic,tsaa2al,تساءل,تسائل,False,7,5
arabizi_to_arabic,zakkir,ذكر,زكر,False,6,3
arabic_to_arabizi,فحجة,fa7je,fa7je,True,4,5
arabizi_to_arabic,marmi,مرمي,مرمي,True,5,4
arabic_to_arabizi,يتشردق,yitshardaq,yitshardaq,True,6,10
arabizi_to_arabic,ta3ziim,تعزيم,تعزيم,True,7,5
arabizi_to_arabic,haakish,هاقش,هاكش,False,7,4
arabic_to_arabizi,اعفي,2i3fi,2i3fi,True,4,5
arabizi_to_arabic,yikhshut,يخشط,يخشط,True,8,4
arabic_to_arabizi,تليس,tlayyas,talliis,False,4,7
arabic_to_arabizi,انبلف,2inbalaf,2inbilif,False,5,8
arabizi_to_arabic,maraq,مرق,مرق,True,5,3
arabic_to_arabizi,دفدفة,dafdafe,dafdafe,True,5,7
arabic_to_arabizi,أعمق,2a3maq,2a3maq,True,4,6
arabizi_to_arabic,tlayyaf,تليف,تليف,True,7,4
arabizi_to_arabic,2immooriqk,ممورق,امورق,False,10,5
arabizi_to_arabic,muqaayada,مقايضة,مقاياد,False,9,6
arabizi_to_arabic,3imil 7jaabaat,عمل حجابات,عمل جابحت,False,14,10
arabic_to_arabizi,مزروب,mazruub,mzoorib,False,5,7
arabizi_to_arabic,2ijaaze,إجازة,إجازة,True,7,5
arabic_to_arabizi,تنابز,tnaabaz,tnaabaz,True,5,7
arabic_to_arabizi,اولع,2uula3,2iwla3,False,4,6
arabizi_to_arabic,masmuud,مصمود,مسمود,False,7,5
arabic_to_arabizi,انشكل,2inshikil,2inshikil,True,5,9
arabic_to_arabizi,مفروض,mafruud,mafruud,True,5,7
arabizi_to_arabic,ghamzat 2issanaara,غمزت الصنارة,غمزاة السنار,False,18,12
arabic_to_arabizi,سهل,sahil,sahhil,False,3,5
arabic_to_arabizi,تبع,taba3,tabbi3,False,3,5
arabic_to_arabizi,حبلق,7ablaq,7ablaq,True,4,6
arabizi_to_arabic,maama,ماما,مامى,False,5,4
arabic_to_arabizi,كيسنا وكيسكم واحد,kiisnaw kiiskum waa7id,kiisin wukaa7i masid,False,17,22
arabizi_to_arabic,2itqarqa32itkarka3,اتقرقع,اتقرقع,True,18,6
arabizi_to_arabic,mraad,مراض,مراد,False,5,4
arabic_to_arabizi,مفتاح,miftaa7,muftaa7,False,5,7
arabizi_to_arabic,7abbe,حبة,حبة,True,5,3
arabic_to_arabizi,قراقيع,qaraaqii3karaakii3,qaraaqii3,False,6,18
arabizi_to_arabic,yindif,يندف,يندف,True,6,4
arabic_to_arabizi,مخابيط,makhaabiit,makhaabiit,True,6,10
arabizi_to_arabic,qisme wunasiib,قسمة ونصيب,قصمة ونبيص,False,14,10
arabic_to_arabizi,يبرد,ybarrid,ybarrid,True,4,7
arabizi_to_arabic,been,بين,بين,True,4,3
arabizi_to_arabic,7ajale,حجلة,حجالة,False,6,4
arabizi_to_arabic,2it3aamal,اتعامل,اتعامل,True,9,6
arabizi_to_arabic,yilmiz,يلمز,يلمز,True,6,4
arabizi_to_arabic,musaafa7a,مصافحة,مسافحة,False,9,6
arabic_to_arabizi,يصرح,ysarri7,ysarri7,True,4,7
arabic_to_arabizi,اخرج,2ukhruj,2ukhruj,True,4,7
arabizi_to_arabic,y2aththith,يؤثث,يؤثث,True,10,4
arabizi_to_arabic,fayyil,فيل,فيل,True,6,3
arabic_to_arabizi,يتشعوط,yitsha3wat,yitsha3wat,True,6,10
arabic_to_arabizi,طالب,taalib,taalib,True,4,6
arabizi_to_arabic,yitsalla7,يتسلح,يتسلح,True,9,5
arabic_to_arabizi,خفاش,khuffaash,khafaash,False,4,9
arabic_to_arabizi,بخار,bukhaar,bkhaar,False,4,7
arabizi_to_arabic,2imm lweez,إم لويز,أم ولي,False,10,7
arabizi_to_arabic,2in3idi,انعدي,انعدي,True,7,5
arabizi_to_arabic,ba7tiyye,بحتية,بحطية,False,8,5
arabic_to_arabizi,اهرج,2uhrudj,2ihrij,False,4,7
arabizi_to_arabic,shahhir,شهر,شهر,True,7,3
arabizi_to_arabic,munfaakh,منفاخ,منفخ,False,8,5
arabic_to_arabizi,هفتان,haftaan,haftaan,True,5,7
arabizi_to_arabic,2ili3yaar 2illi maa bisiibak bidwishak,العيار اللي مابصيبك بدوشك,العاي عاليبك وصيب الماليبك اليدريش,False,38,25
arabizi_to_arabic,2usuud,أسود,اسود,False,6,4
arabizi_to_arabic,yitsa77ar,يتسحر,يتسحر,True,9,5
arabic_to_arabizi,اخضر,2ikhdarr,2ikhdar,False,4,8
arabic_to_arabizi,قاضي,qaadi,qaadi,True,4,5
arabizi_to_arabic,2ibkhal,ابخل,ابخل,True,7,4
arabic_to_arabizi,خليط,khalliit,khaliit,False,4,8
arabic_to_arabizi,يدغدغ,ydaghdigh,ydaghdigh,True,5,9
arabizi_to_arabic,2iltizaam,التزام,التزام,True,9,6
arabic_to_arabizi,تحمل,ta7ammul,t7ammal,False,4,8
arabic_to_arabizi,مسهول,mashuul,mashuul,True,5,7
arabizi_to_arabic,2inlagha,انلغى,انلغى,True,8,5
arabizi_to_arabic,2ilbisse btookil 3ashaa,البسة بتوكل عشاه,البسة بيلعوشة,False,23,16
arabic_to_arabizi,تفاهم,tfaaham,tfaaham,True,5,7
arabic_to_arabizi,مراقب,muraaqib,maraaqib,False,5,8
arabic_to_arabizi,جلى,jalla,jalla,True,3,5
arabizi_to_arabic,yilfit,يلفت,يلفت,True,6,4
arabic_to_arabizi,يتشاهم,yitshaaham,yitshaaham,True,6,10
arabizi_to_arabic,fooq ba3ad,فوق بعض,فوق بعض,True,10,7
arabic_to_arabizi,والله لأخلي عواه يوصل لمالطا,walla la2akhalli 3waa yoosal lamaalta,waalla 2illla yya 2akhla massaw 3alawat 2ilakhawala,False,28,37
arabic_to_arabizi,عمارة,3amaara,3amaara,True,5,7
arabizi_to_arabic,7iriz,حرز,حرز,True,5,3
arabizi_to_arabic,farfat,فرفط,فرفط,True,6,4
arabizi_to_arabic,2inghazz,انغز,انغز,True,8,4
arabizi_to_arabic,2ikhtafa,اختفى,اختفى,True,8,5
arabic_to_arabizi,موقع,mawqi3,mwaqqi3,False,4,6
arabic_to_arabizi,كسالى,kasaala,kasaala,True,5,7
arabizi_to_arabic,kashaf 3an kull 2awraaqo,كشف عن كل أوراقه,كشف على وقره أنك,False,24,16
arabizi_to_arabic,na3bal,نعبل,نعبل,True,6,4
arabic_to_arabizi,قطاعة,qattaa3a,qattaa3a,True,5,8
arabizi_to_arabic,7aab,حاب,حاب,True,4,3
arabic_to_arabizi,انشطف,2inshataf,2inshitif,False,5,9
arabizi_to_arabic,2itlazwa3,اتلزوع,اتلزوع,True,9,6
arabizi_to_arabic,2itsa33ar,اتسعر,اتسعر,True,9,5
arabic_to_arabizi,بيض,biid,bidi,False,3,4
arabic_to_arabizi,عويل,3awiil,3awiil,True,4,6
arabic_to_arabizi,طلع من ثمي,tili3 min timmi,tala3 min tim,False,10,15
arabizi_to_arabic,tkalban,تكلبن,تكلبن,True,7,5
arabizi_to_arabic,2ishbi7,اشبح,اشبح,True,7,4
arabizi_to_arabic,2ittawwa3,تطوع,اتطوع,False,9,4
arabizi_to_arabic,djabbaane,جبانة,جبانة,True,9,5
arabizi_to_arabic,khibra,خبرة,خبرة,True,6,4
arabic_to_arabizi,ظلم,zallim,zallam,False,3,6
arabizi_to_arabic,2istantaj,استنتج,استنتج,True,9,6
arabic_to_arabizi,يتكوفل,yitkoofal,yitkawfal,False,6,9
arabic_to_arabizi,غباش,ghabaash,ghabaash,True,4,8
arabic_to_arabizi,عزوف,3uzuuf,3azwaf,False,4,6
arabizi_to_arabic,faq3at ma3i,فقعت معي,فقعة مع,False,11,8
arabizi_to_arabic,simin,سمن,سمن,True,5,3
arabic_to_arabizi,اختصم,2ikhtisim,2ikhtisim,True,5,9
arabizi_to_arabic,sakkir,سكر,سكر,True,6,3
arabizi_to_arabic,shiik,شيك,شيك,True,5,3
arabic_to_arabizi,سلب,salb,sallib,False,3,4
arabizi_to_arabic,rafraf,رفرف,رفرف,True,6,4
arabic_to_arabizi,يجدب,yijdib,yjaddib,False,4,6
arabic_to_arabizi,زرافيل,zaraafiil,zaraafiil,True,6,9
arabizi_to_arabic,khabiiz,خبيز,خبيز,True,7,4
arabizi_to_arabic,mawaadii3,مواضيع,مواديع,False,9,6
arabic_to_arabizi,زعبر,za3bir,za3bar,False,4,6
arabizi_to_arabic,sarsabe,سرسبة,صرصبة,False,7,5
arabizi_to_arabic,2ila 2aakhirih,إلخ,اللها أخري,False,14,3
arabizi_to_arabic,fawwat,فوط,فوت,False,6,3
arabic_to_arabizi,يفري,yifri,yfarri,False,4,5
arabic_to_arabizi,يخاطر,ykhaatir,ykhaatir,True,5,8
arabizi_to_arabic,yaa 7alaawa,يا حلاوة,وايحة لا,False,11,8
arabic_to_arabizi,يحسن,y7assin,y7assin,True,4,7
arabizi_to_arabic,shakhar,شخر,شخر,True,7,3
arabic_to_arabizi,كافئ,kaafi2,kaa2if,False,4,6
arabic_to_arabizi,ارشق,2urshuq,2irshaq,False,4,7
arabizi_to_arabic,2intama,انتمى,انطم,False,7,5
arabic_to_arabizi,خبر,khabbir,khabbar,False,3,7
arabic_to_arabizi,مادد بوزه,maadid buuzo,maa dawazo bahid,False,9,12
arabic_to_arabizi,ابحر,2ib7ir,2ib7ar,False,4,6
arabizi_to_arabic,3umuumi,عمومي,عمومي,True,7,5
arabic_to_arabizi,هيل,hiil,hiil,True,3,4
arabizi_to_arabic,traabaato 2akhaduu,تراباته أخذوه,طربابه أخضورة,False,18,13
arabic_to_arabizi,ضحكة صفرا,di7ke safra,da7kit safara,False,9,11
arabizi_to_arabic,2akhdar 2izzaytuun wala yaabis 2il7atab,أخضر الزيتون ولا يابس الحطب,أخذرة وبيا الزناسوح,False,39,27
arabizi_to_arabic,shalbak,شلبك,شلبك,True,7,4
arabic_to_arabizi,يجود,yjuud,yjawwid,False,4,5
arabizi_to_arabic,barki,بركي,بركي,True,5,4
arabizi_to_arabic,jibis,جبص,جبس,False,5,3
arabizi_to_arabic,khyaar,خيار,خيار,True,6,4
arabizi_to_arabic,2uzuunaat,أذونات,ازونات,False,9,6
arabizi_to_arabic,yitnaasa,يتناسى,يتناسى,True,8,6
arabic_to_arabizi,صوم,suum,suum,True,3,4
arabic_to_arabizi,كابر,kaabar,kaabir,False,4,6
arabic_to_arabizi,رحب,ra77ab,ra77ab,True,3,6
arabic_to_arabizi,ناطح,naati7,naati7,True,4,6
arabic_to_arabizi,سمسمة,simsime,samsame,False,5,7
arabic_to_arabizi,هشت,hashshit,hashshit,True,3,8
arabizi_to_arabic,du7reej,دحريج,دحريج,True,7,5
arabizi_to_arabic,samman,سمن,سمن,True,6,3
arabic_to_arabizi,تطلع,2ittalla3,ttatla3,False,4,9
arabizi_to_arabic,yinqili3,ينقلع,ينقلع,True,8,5
arabizi_to_arabic,2akhfaq,أخفق,أخفق,True,7,4
arabizi_to_arabic,dibluum,دبلوم,دبلوم,True,7,5
arabizi_to_arabic,mhatshbin,مهكبن,مهكبن,True,9,5
arabizi_to_arabic,juwwa,جوا,جوى,False,5,3
arabic_to_arabizi,قروط,qarwit,qruut,False,4,6
arabizi_to_arabic,yistaqtib,يستقطب,يستقطب,True,9,6
arabic_to_arabizi,صماء,sammaa2,samaa2,False,4,7
arabizi_to_arabic,2itwarsha3,اتورشع,اتورشع,True,10,6
arabizi_to_arabic,yikhsim,يخصم,يخسم,False,7,4
arabizi_to_arabic,mhabbar,مهبر,مهبر,True,7,4
arabic_to_arabizi,متعوس,mat3uus,mit3awwis,False,5,7
arabizi_to_arabic,karash,كرش,كرش,True,6,3
arabizi_to_arabic,ynassim,ينسم,ينصم,False,7,4
arabizi_to_arabic,qabil,قبل,قبل,True,5,3
arabic_to_arabizi,تشارك,tshaarak,tshaarak,True,5,8
arabizi_to_arabic,2it3awwaz,اتعوذ,اتعوذ,True,9,5
arabic_to_arabizi,فروق,fruuq,fruuq,True,4,5
arabic_to_arabizi,اتداين,2iddaayan,2iddaayan,True,6,9
arabizi_to_arabic,2itbaawas,اتباوس,اتباوس,True,9,6
arabic_to_arabizi,يرمز,yirmuz,yrammiz,False,4,6
arabizi_to_arabic,yitha2,يطهق,يطهق,True,6,4
arabic_to_arabizi,ولا بيقلي بيضة,wala byiqli beeda,wala biqil diye,False,14,17
arabizi_to_arabic,mazaari3,مزارع,مزارع,True,8,5
arabic_to_arabizi,صليبة,saliibe,saliibe,True,5,7
arabizi_to_arabic,tarbiq,طربق,طربق,True,6,4
arabizi_to_arabic,7atteet mili7 3aljuru7 wusakatit,حطيت ملح عالجرح وسكتت,حطية توالحك مسر وجوح,False,32,21
arabizi_to_arabic,tahmiira,تهميرة,تهميرة,True,8,6
arabizi_to_arabic,yqattib,يقتب,يقطب,False,7,4
arabic_to_arabizi,عاتب,3aatib,3aatib,True,4,6
arabizi_to_arabic,wirim,ورم,ورم,True,5,3
arabizi_to_arabic,2intisaar,انتصار,انتصار,True,9,6
arabizi_to_arabic,sirr,سر,سر,True,4,2
arabic_to_arabizi,انسدح,2insada7,2insidi7,False,5,8
arabizi_to_arabic,maskh,مسخ,مسخ,True,5,3
arabic_to_arabizi,يكعمش,yka3mish,yka3mish,True,5,8
arabic_to_arabizi,استرزق,2istarzaq,2istarziq,False,6,9
arabizi_to_arabic,7abbaale wallaade,حبالة ولادة,حبابلة ولدة,False,17,11
arabic_to_arabizi,سفط,saffat,saffit,False,3,6
arabic_to_arabizi,سيول,syuul,syuul,True,4,5
arabic_to_arabizi,مخدة,mkhadda,makhde,False,4,7
arabizi_to_arabic,niil,نيل,نيل,True,4,3
arabizi_to_arabic,2a7qar,أحقر,أحقر,True,6,4
arabic_to_arabizi,ينم,ynimm,ynimm,True,3,5
arabic_to_arabizi,سهر,sahhar,sahhir,False,3,6
arabic_to_arabizi,قرطوف,qartuuf,qartuuf,True,5,7
arabizi_to_arabic,7arakanji,حركنجي,حركانجي,False,9,6
arabizi_to_arabic,2iddala,اتدلى,تدال,False,7,5
arabizi_to_arabic,ta3miid,تعميد,تعميد,True,7,5
arabizi_to_arabic,rimme,رمة,رمة,True,5,3
arabizi_to_arabic,musawwigh,مسوغ,مسوغ,True,9,4
arabic_to_arabizi,دفور,dfuur,dfuur,True,4,5
arabizi_to_arabic,2inkis,انكس,انكس,True,6,4
arabizi_to_arabic,shakhaatiir,شخاتير,شخاطير,False,11,6
arabizi_to_arabic,2infara,انفرى,انفرى,True,7,5
arabizi_to_arabic,bashniqk,بشنق,بشنق,True,8,4
arabic_to_arabizi,أقص خبرك,2aquss khabarak,2aqas khabarak,False,8,15
arabic_to_arabizi,رافق,raafaq,raafiq,False,4,6
arabic_to_arabizi,صفن,safan,saffin,False,3,5
arabizi_to_arabic,kalki3,كلكع,كلكع,True,6,4
arabic_to_arabizi,أسبوع,2usbuu3,2asbuu3,False,5,7
arabizi_to_arabic,fas3a,فصعا,فصعة,False,5,4
arabic_to_arabizi,مشلق,mshallaq,mshalliq,False,4,8
arabizi_to_arabic,dunum,دنم,دنوم,False,5,3
arabic_to_arabizi,أخضراني,3akhdaraani,2akhdaraani,False,7,11
arabic_to_arabizi,استأخر,2ista2khir,2ista2khar,False,6,10
arabic_to_arabizi,سد,sidd,sadd,False,2,4
arabizi_to_arabic,tawsiile,توصيلة,توصيلة,True,8,6
arabizi_to_arabic,ma7suul,محصول,محسول,False,7,5
arabic_to_arabizi,ضخ,dukhkh,dakhkh,False,2,6
arabic_to_arabizi,عنس,3annas,3annis,False,3,6
arabic_to_arabizi,عصاعيص,3asaa3iis,3asaa3iis,True,6,9
arabic_to_arabizi,زعزع,za3za3,za3za3,True,4,6
arabizi_to_arabic,2undugh,اندغ,اندغ,True,7,4
arabic_to_arabizi,اغني,2ighni,2ighni,True,4,6
arabic_to_arabizi,رخصة,rukhsa,rakhse,False,4,6
arabizi_to_arabic,yinsamid,ينصمد,ينسمد,False,8,5
arabic_to_arabizi,كعبش,ka3bash,ka3bash,True,4,7
arabic_to_arabizi,سند,sanad,sannid,False,3,5
arabic_to_arabizi,غافي,ghaafi,ghaafi,True,4,6
arabic_to_arabizi,يسولف,ysoolif,ysoolif,True,5,7
arabic_to_arabizi,كردوش,tsharduush,karduush,False,5,10
arabic_to_arabizi,دحرج,da7raj,da7rij,False,4,6
arabic_to_arabizi,زبايل,zabaayil,zbaayil,False,5,8
arabizi_to_arabic,lafa,لفى,لاف,False,4,3
arabic_to_arabizi,يملا,yimla,ymalla,False,4,5
arabic_to_arabizi,يدبلج,ydablij,ydablij,True,5,7
arabizi_to_arabic,3een wumaa sallat 3annabi,عين وما صلت عالنبي,عين وا مسبل طنا,False,25,18
arabic_to_arabizi,حمل ديني جميلة,7ammal diini jmiile,7amal deeni jmile,False,14,19
arabic_to_arabizi,تموين,tamwiin,tamwiin,True,5,7
arabizi_to_arabic,yunju,ينجو,ينوج,False,5,4
arabizi_to_arabic,2iitam,ايتم,ايتمى,False,6,4
arabic_to_arabizi,حتى,7atta,7atta,True,3,5
arabic_to_arabizi,يطيش,ytiish,ytayyish,False,4,6
arabizi_to_arabic,kannaz,كنز,كنز,True,6,3
arabizi_to_arabic,qalli,قلي,قلي,True,5,3
arabizi_to_arabic,3uzur,عذر,عزور,False,5,3
arabic_to_arabizi,بغدد,baghdid,baghdad,False,4,7
arabic_to_arabizi,حاتف,7aataf,7aatif,False,4,6
arabizi_to_arabic,2araagiil,أراجيل,أراقيل,False,9,6
arabic_to_arabizi,ينتع,yinta3,yinta3,True,4,6
arabic_to_arabizi,طبب,tabbib,tabbib,True,3,6
arabizi_to_arabic,sidd 7alqak,سد حلقك,سد حقل,False,11,7
arabizi_to_arabic,7antash,حنتش,حنتش,True,7,4
arabizi_to_arabic,2inimsik,انمسك,انسمك,False,8,5
arabizi_to_arabic,ykuff,يكف,يكف,True,5,3
arabizi_to_arabic,badal,بدل,بدل,True,5,3
arabic_to_arabizi,يقرفص,yqarfis,yqarfis,True,5,7
arabizi_to_arabic,mayaasa,مياصة,مياسى,False,7,5
arabizi_to_arabic,7azaaliit,حزاليط,حزاليط,True,9,6
arabizi_to_arabic,lawwaq,لوق,لوق,True,6,3
arabizi_to_arabic,yitsallab,يتصلب,يتسلب,False,9,5
arabizi_to_arabic,billha wu2ishrab mayyitha,بلها واشرب ميتها,بلها مشروب الطهاي,False,25,16
arabizi_to_arabic,wa3iz,وعظ,وعز,False,5,3
arabizi_to_arabic,yundugh,يندغ,يندغ,True,7,4
arabic_to_arabizi,أمطر,2amtar,2amtar,True,4,6
arabic_to_arabizi,حقول,7quul,7aqwal,False,4,5
arabic_to_arabizi,ندم,naddam,naddim,False,3,6
arabizi_to_arabic,fuqur wunuqur,فقر و نقر,فقر ونقر,False,13,9
arabic_to_arabizi,مشاليل,mashaaliil,mashaaliil,True,6,10
arabizi_to_arabic,yinthur,ينثر,ينثر,True,7,4
arabic_to_arabizi,ضيف خفيف نظيف,deef khafiif ndiif,diif fakhfi fiidan,False,13,18
arabizi_to_arabic,yi3fik,يعفق,يعفك,False,6,4
arabic_to_arabizi,اشبح,2ishbi7,2ishba7,False,4,7
arabizi_to_arabic,mraaye,مراية,مراية,True,6,5
arabic_to_arabizi,تفريعة,tafrii3a,tafrii3a,True,6,8
arabizi_to_arabic,3ishsh,عش,عش,True,6,2
arabizi_to_arabic,2aasi,آسي,آسي,True,5,3
arabizi_to_arabic,m3abbad,معبد,معبد,True,7,4
arabizi_to_arabic,yshakhkhib,يشخب,يشخب,True,10,4
arabic_to_arabizi,جيب,jayyab,jiib,False,3,6
arabic_to_arabizi,أوعى,2aw3a,2aw3a,True,4,5
arabizi_to_arabic,ysamsir,يسمسر,يسمسر,True,7,5
arabic_to_arabizi,يهلس,yhallis,yhallis,True,4,7
arabic_to_arabizi,زهرمان البخاري,zahramaan 2ilbukhaari,khazram 2ilbaarii,False,14,21
arabizi_to_arabic,shubasi,شبصي,شباصي,False,7,4
arabic_to_arabizi,انفتحتله طاقة القدر,2infata7atlo taaq2it 2ilq2adir,2infata7it 2ilqatir 2idaqa,False,19,30
arabic_to_arabizi,صاهر,saahir,saahir,True,4,6
arabic_to_arabizi,خنصر,khansar,khansar,True,4,7
arabic_to_arabizi,شخبطة,shakhbata,shakhbata,True,5,9
arabizi_to_arabic,yuhlut,يهلط,يهلط,True,6,4
arabic_to_arabizi,فتى,fata,fatta,False,3,4
arabic_to_arabizi,قرصته والقبر,qarsito wilqabir,qarasto wilqabir,False,12,16
arabizi_to_arabic,ghayaar,غيار,غيار,True,7,4
arabizi_to_arabic,2it7ashsham,اتحشم,اتحشم,True,11,5
arabizi_to_arabic,maltas,ملطس,ملطس,True,6,4
arabizi_to_arabic,jughub,جغب,جغب,True,6,3
arabic_to_arabizi,يتوزع,yitwazza3,yitwazza3,True,5,9
arabic_to_arabizi,ينعر,yin3arr,yin3ar,False,4,7
arabic_to_arabizi,يوتر,yuutir,ywattir,False,4,6
arabizi_to_arabic,yhammit,يهمط,يهمط,True,7,4
arabizi_to_arabic,yishra7,يشرح,يشرح,True,7,4
arabizi_to_arabic,2i3tibaar,اعتبار,اعتبار,True,9,6
arabizi_to_arabic,hadhakuu,هذكو,هدهوك,False,8,4
arabic_to_arabizi,قارح,kgaari7,qaari7,False,4,7
arabizi_to_arabic,2ifrid wijhak,افرد وجهك,افرد وجهك,True,13,9
arabizi_to_arabic,mbakkik,مبكك,مبكك,True,7,4
arabic_to_arabizi,امشي,2imshi,2imshi,True,4,6
arabizi_to_arabic,tkarnab,تكرنب,تكرنب,True,7,5
arabic_to_arabizi,طنط,tant,tannit,False,3,4
arabic_to_arabizi,اتفاهم,2itfaaham,2itfaaham,True,6,9
arabic_to_arabizi,شداد,shdaad,shaddaad,False,4,6
arabizi_to_arabic,mikhlaa,مخلاة,مخلاة,True,7,5
arabizi_to_arabic,7abak,حبك,حبك,True,5,3
arabic_to_arabizi,كبابيش,kabaabiish,kabaabiish,True,6,10
arabic_to_arabizi,عالي,3aali,3aali,True,4,5
arabic_to_arabizi,بحب,ba7ubb,ba7bib,False,3,6
arabizi_to_arabic,tjarra3,تجرع,تجرع,True,7,4
arabizi_to_arabic,yta33ib,يتعب,يطعب,False,7,4
arabic_to_arabizi,يملس,ymallis,ymallis,True,4,7
arabic_to_arabizi,معنصل,m3ansil,m3ansil,True,5,7
arabizi_to_arabic,tayyaz,طيز,تيز,False,6,3
arabic_to_arabizi,نسق,nassiq,nassaq,False,3,6
arabizi_to_arabic,birnaamij,برنامج,برنامج,True,9,6
arabic_to_arabizi,مغلوب,maghluub,maghluub,True,5,8
arabic_to_arabizi,نال,naal,naal,True,3,4
arabic_to_arabizi,غالب,ghaalib,ghaalib,True,4,7
arabizi_to_arabic,mjaawir,مجاور,مجاور,True,7,5
arabic_to_arabizi,منفوس,manfuus,manfuus,True,5,7
arabizi_to_arabic,nahzar,نهزر,نهزر,True,6,4
arabizi_to_arabic,yinju,ينجو,ينجو,True,5,4
arabizi_to_arabic,msaafir,مسافر,مسافر,True,7,5
arabizi_to_arabic,qshaat,قشاط,شقط,False,6,4
arabic_to_arabizi,ملاقط,malaaqit,malaaqit,True,5,8
arabizi_to_arabic,tayaase,تياسة,طاسية,False,7,5
arabic_to_arabizi,استطري,2istatra,2istatri,False,6,8
arabizi_to_arabic,barbir,بربر,بربر,True,6,4
arabic_to_arabizi,نمش,nammash,nammish,False,3,7
arabizi_to_arabic,twassaq,توثق,توسق,False,7,4
arabic_to_arabizi,اصدف,2usduf,2isdif,False,4,6
arabizi_to_arabic,tsaflat,تسفلت,تسفلت,True,7,5
arabizi_to_arabic,2inrakan,انركن,انركن,True,8,5
arabic_to_arabizi,صرعة,sar3a,sar3a,True,4,5
arabic_to_arabizi,دفن,dafin,daffin,False,3,5
arabic_to_arabizi,اتقردن,2itqardan,2itqardan,True,6,9
arabizi_to_arabic,sabbaara,صبارة,سبارة,False,8,5
arabizi_to_arabic,ymarji7,يمرجح,يمرجح,True,7,5
arabizi_to_arabic,2istafdha3,استفظع,استفظع,True,10,6
arabic_to_arabizi,تملك,tmallak,tmallak,True,4,7
arabizi_to_arabic,yujiid,يجيد,يجيد,True,6,4
arabic_to_arabizi,اتمنن,2itmannan,2itmannan,True,5,9
arabizi_to_arabic,breesa3a,بريصعة,بريسعة,False,8,6
arabizi_to_arabic,msayyif,مصيف,مسيف,False,7,4
arabizi_to_arabic,yitfarrad,يتفرد,يتفرد,True,9,5
arabizi_to_arabic,fasaqa,فسقة,فساق,False,6,4
arabizi_to_arabic,farfit,فرفط,فرفط,True,6,4
arabic_to_arabizi,يروب,yrawwib,yrawwib,True,4,7
arabic_to_arabizi,وافق,waafaq,waafiq,False,4,6
arabic_to_arabizi,عيون,3yuun,3yuun,True,4,5
arabizi_to_arabic,m3abbid,معبد,معبد,True,7,4
arabic_to_arabizi,تنبه,tnabbah,tnabbah,True,4,7
arabizi_to_arabic,khurus,خرص,خرس,False,6,3
arabic_to_arabizi,عفكوش,3afkuush,3afkuush,True,5,8
arabic_to_arabizi,إزار,2izaar,2izaar,True,4,6
arabic_to_arabizi,يقحلف,yqka7lif,yqa7lif,False,5,8
arabizi_to_arabic,2iflakh,افلخ,الفخ,False,7,4
arabic_to_arabizi,سرح,sarra7,sarra7,True,3,6
arabizi_to_arabic,ta3tiim,تعتيم,تعتيم,True,7,5
arabizi_to_arabic,fahqa,فهقة,فهقة,True,5,4
arabizi_to_arabic,ta3maa qatle,طعماه قتلة,طعما قلة,False,12,10
arabic_to_arabizi,مدومح,mdoomi7,mdoomi7,True,5,7
arabic_to_arabizi,ع,3a,3a,True,1,2
arabic_to_arabizi,نحيب,na7iib,na7iib,True,4,6
arabic_to_arabizi,انحق,2in7aqq,2in7aqq,True,4,7
arabic_to_arabizi,عرقص,3arqas,3arqas,True,4,6
arabizi_to_arabic,tghazzaz,تغزز,تغزز,True,8,4
arabic_to_arabizi,ناجي,naaji,naaji,True,4,5
arabizi_to_arabic,3attin,عطن,عطن,True,6,3
arabizi_to_arabic,nuqkuz,نقز,نقز,True,6,3
arabizi_to_arabic,yshabbih,يشبه,يشبه,True,8,4
arabizi_to_arabic,2in7abak,انحبك,انحبك,True,8,5
arabic_to_arabizi,انمط,2inmatt,2inmatt,True,4,7
arabizi_to_arabic,yilhad,يلهد,يلهد,True,6,4
arabic_to_arabizi,عرف الديك,3urf 2iddiik,3araf 2iddiik,False,9,12
arabic_to_arabizi,باب,baab,baab,True,3,4
arabizi_to_arabic,t3addal,تعدل,تعدل,True,7,4
arabic_to_arabizi,معرفة,ma3rife,m3arrafe,False,5,7
arabizi_to_arabic,2ijbid,إجبد,اجبد,False,6,4
arabic_to_arabizi,نوى,nawa,nawwa,False,3,4
arabic_to_arabizi,توحد,twa77ad,twa77ad,True,4,7
arabic_to_arabizi,موضة,mooda,mooda,True,4,5
arabic_to_arabizi,شيمل,sheemil,sheemil,True,4,7
arabic_to_arabizi,وقاية,wiqaaya,waqaaye,False,5,7
arabic_to_arabizi,اكرم,2ikram,2ikram,True,4,6
arabic_to_arabizi,قزم,qazzam,qazzim,False,3,6
arabic_to_arabizi,غليان,ghalayaan,ghaliin,False,5,9
arabizi_to_arabic,2ifsiq,افسق,افسق,True,6,4
arabic_to_arabizi,نابلس,naablis,naabilis,False,5,7
arabic_to_arabizi,يمنح,yimna7,ymanni7,False,4,6
arabizi_to_arabic,2itqassab,اتقصب,اتقصب,True,9,5
arabizi_to_arabic,jiss,جس,جس,True,4,2
arabizi_to_arabic,jalli,جلي,جلي,True,5,3
arabic_to_arabizi,اعرج,2u3ruj,2i3rij,False,4,6
arabizi_to_arabic,tlaqman,تلقمن,تلقمن,True,7,5
arabic_to_arabizi,ينهرز,ynahriz,yinhizir,False,5,7
arabizi_to_arabic,jumjume,جمجمة,جمومة,False,7,5
arabizi_to_arabic,shakhkhas,شخص,شخص,True,9,3
arabic_to_arabizi,واجهة,waajha,waajahe,False,5,6
arabic_to_arabizi,محلتم,m7altim,m7altim,True,5,7
arabic_to_arabizi,كواكب,kawaakib,kawaakib,True,5,8
arabic_to_arabizi,سم بدني,samm badani,samm baddiin,False,7,11
arabizi_to_arabic,2aqwa,أقوى,أقوى,True,5,4
arabizi_to_arabic,shaaliish,شاليش,شاليش,True,9,5
arabizi_to_arabic,tjahham,تجهم,تجهم,True,7,4
arabizi_to_arabic,tzayyan,تزين,تزين,True,7,4
arabic_to_arabizi,تزطم,tzattam,tzattam,True,4,7
arabic_to_arabizi,مقلب,maqlib,mqallib,False,4,6
arabizi_to_arabic,ylakhlikh,يلخلخ,يلخلخ,True,9,5
arabizi_to_arabic,zaakirit samake,ذاكرة سمكة,زاكرة سمة,False,15,10
arabic_to_arabizi,خريص,khariis,khariis,True,4,7
arabizi_to_arabic,7adaane,حضانة,حدانة,False,7,5
arabic_to_arabizi,مواعظ,mawaa3iz,mwaa3iz,False,5,8
arabic_to_arabizi,لاح,laa7,laa7,True,3,4
arabic_to_arabizi,بزق,bazzaq,bazzaq,True,3,6
arabizi_to_arabic,waasil,واصل,واصل,True,6,4
arabizi_to_arabic,ynaffid,ينفذ,ينفض,False,7,4
arabic_to_arabizi,تجخرق,tdjakhraqk,tdjakhraqk,True,5,10
arabic_to_arabizi,ظالم,zaalim,zaalim,True,4,6
arabizi_to_arabic,shatab,شطب,شطب,True,6,3
arabic_to_arabizi,جائر,jaa2ir,jaa2ir,True,4,6
arabic_to_arabizi,شمم,shammam,shammim,False,3,7
arabizi_to_arabic,murr,مر,مر,True,4,2
arabic_to_arabizi,يتحضر,yit7addar,yit7addar,True,5,9
arabizi_to_arabic,muwaakabe,مواكبة,مواكبة,True,9,6
arabic_to_arabizi,حبلة,7abale,7abale,True,4,6
arabizi_to_arabic,rawaa7,رواح,رواح,True,6,4
arabizi_to_arabic,qaayme qaa3de,قايمة قاعدة,قام قياعدة,False,13,11
arabizi_to_arabic,malaaqit,ملاقط,ملاقط,True,8,5
arabic_to_arabizi,بأمان الله,bi2amaan 2illaa,ba2maan 2ilha,False,10,15
arabizi_to_arabic,sahsane,صهصنة,سهسنة,False,7,5
arabizi_to_arabic,2ilwadi3 looz,الوضع لوز,الود علز,False,13,9
arabizi_to_arabic,mballigh,مبلغ,مبلغ,True,8,4
arabic_to_arabizi,محاول,m7aawil,ma7aawil,False,5,7
arabizi_to_arabic,tasbiit,تثبيت,تسبيط,False,7,5
arabizi_to_arabic,khalaaya,خلايا,خلايا,True,8,5
arabizi_to_arabic,tmalsa3,تملسع,تملسع,True,7,5
arabizi_to_arabic,2inthur,انثر,انثر,True,7,4
arabic_to_arabizi,يمغج,yimghadj,ymaghghidj,False,4,8
arabic_to_arabizi,خربش,kharbish,kharbish,True,4,8
arabizi_to_arabic,lahith,لهث,لهث,True,6,3
arabic_to_arabizi,يرجع,yirja3,yrajji3,False,4,6
arabizi_to_arabic,2ijtalaq,اجتلق,اجتلق,True,8,5
arabic_to_arabizi,انخشم,2inkhashim,2inkhishim,False,5,10
arabizi_to_arabic,yitnashnash,يتنشنش,يتنشنش,True,11,6
arabizi_to_arabic,yjaabir,يجابر,يجابر,True,7,5
arabizi_to_arabic,zeet sheemil,زيت شيمل,زيت شمل,False,12,8
arabizi_to_arabic,3ayyin,عين,عين,True,6,3
arabizi_to_arabic,lazluuz,لظلوظ,لزول,False,7,5
arabic_to_arabizi,ألف ألف لا رطوبة ولا دلف,2alif 2alif laa rtuube wala dalif,2alfil lifil 2attuuf 2arrra wwala bad,False,24,33
arabizi_to_arabic,2it3abbad,اتعبد,اتعبد,True,9,5
arabic_to_arabizi,تهريه بالهنا,tihrii bilhana,tahriir binaalo,False,12,14
arabic_to_arabizi,يسيئ,ysii2,ysa2i,False,4,5
arabic_to_arabizi,اعفص,2u3fus,2i3fas,False,4,6
arabic_to_arabizi,اصطدم,2istadam,2istadam,True,5,8
arabic_to_arabizi,رقى,raqqa,raqa,False,3,5
arabizi_to_arabic,3idd,عد,عد,True,4,2
arabic_to_arabizi,فواري,fawaari,fawaari,True,5,7
arabic_to_arabizi,سفط,saffit,saffit,True,3,6
arabic_to_arabizi,هم,hamm,hamm,True,2,4
arabic_to_arabizi,ششبرك,shushbarak,shashbark,False,5,10
arabizi_to_arabic,karraase,كراسة,كراسة,True,8,5
arabizi_to_arabic,rabak,ربك,ربك,True,5,3
arabizi_to_arabic,yzawwij,يزوج,يزوج,True,7,4
arabizi_to_arabic,wasiyye,وصية,وصية,True,7,4
arabic_to_arabizi,احصد,2i7sid,2i7sid,True,4,6
arabizi_to_arabic,bitaale,بطالة,بتالة,False,7,5
arabizi_to_arabic,yinliwi,ينلوى,ينلوي,False,7,5
arabizi_to_arabic,taqtiir,تقتير,تقتير,True,7,5
arabic_to_arabizi,نقى,naqqa,naqqa,True,3,5
arabizi_to_arabic,mkhaajale,مخاجلة,مخاجلة,True,9,6
arabic_to_arabizi,يتختخ,ytakhtikh,yitkhattakh,False,5,9
arabizi_to_arabic,la3ne,لعنة,لعنة,True,5,4
arabic_to_arabizi,يترغل,ytarghil,yitgharral,False,5,8
arabizi_to_arabic,ysiib,يصيب,يسيب,False,5,4
arabizi_to_arabic,qaadir,قادر,قادر,True,6,4
arabic_to_arabizi,يثابر,ysaabir,ysaabir,True,5,7
arabizi_to_arabic,ta3baan 3a7aalo,تعبان عحاله,طعبنه عحاله,False,15,11
arabizi_to_arabic,yqattish,يقطش,يقطش,True,8,4
arabizi_to_arabic,mahbuul,مهبول,مهبول,True,7,5
arabic_to_arabizi,جوزة الحلق,joozit 2il7aliq,jooz 2il7aqaze,False,10,15
arabic_to_arabizi,لآخر نفس,la2aakhir nafas,2aakhil rafas,False,8,15
arabic_to_arabizi,سبردحة,sabarda7a,sabrada7a,False,6,9
arabic_to_arabizi,معارض,ma3aarid,mu3aarid,False,5,8
arabizi_to_arabic,ydjuul,يجول,يجول,True,6,4
arabizi_to_arabic,ysayyif,يصيف,يسيف,False,7,4
arabic_to_arabizi,هذاك الدور,hadaak 2iddoor,hadaak 2iddhuro,False,10,14
arabizi_to_arabic,2u7kur,احكر,احكر,True,6,4
arabic_to_arabizi,عنبة,3unbe,3anbe,False,4,5
arabic_to_arabizi,بظ,bazz,bazz,True,2,4
arabizi_to_arabic,djahnim,جهنم,جهنم,True,7,4
arabic_to_arabizi,يزغزغ,yzaghzigh,yghazziz,False,5,9
arabizi_to_arabic,ylitt,يلت,يلط,False,5,3
arabizi_to_arabic,2imtani3,امتنع,امتنع,True,8,5
arabic_to_arabizi,ينغز,ynaghghiz,yinghazz,False,4,9
arabic_to_arabizi,جامل,jaamil,jaamil,True,4,6
arabizi_to_arabic,3amle,عملة,عملة,True,5,4
arabizi_to_arabic,tjaahal,تجاهل,تجاهل,True,7,5
arabic_to_arabizi,استعول,2ista3wil,2ista3wal,False,6,9
arabizi_to_arabic,7uduud,حدود,حدود,True,6,4
arabizi_to_arabic,khabiir,خبير,خبير,True,7,4
arabic_to_arabizi,نبئ,nabbi2,naba2,False,3,6
arabic_to_arabizi,جغم,jagham,jaghgham,False,3,6
arabizi_to_arabic,2ithaddad,اتهدد,اتهدد,True,9,5
arabic_to_arabizi,خشط,khashshat,khashshat,True,3,9
arabizi_to_arabic,jamaal,جمال,جمال,True,6,4
arabic_to_arabizi,يتغرب,yitgharrab,yitgharrab,True,5,10
arabic_to_arabizi,ذيب,diib,dayyib,False,3,4
arabizi_to_arabic,ykhaatib,يخاطب,يخاطب,True,8,5
arabizi_to_arabic,hafhif,هفهف,هفهف,True,6,4
arabic_to_arabizi,حين,7iin,7ayyan,False,3,4
arabizi_to_arabic,3inee biqda7in 3alee,عينيه بيقدحن عليه,عني بيقلي عيه,False,20,17
arabizi_to_arabic,yishtil,يشتل,يشتل,True,7,4
arabic_to_arabizi,قهوجي,qahwaji,qahwadji,False,5,7
arabic_to_arabizi,يذري,ydharri,yzarri,False,4,7
arabic_to_arabizi,مخزن,makhzan,mkhazzin,False,4,7
arabic_to_arabizi,بطون,btuun,batwan,False,4,5
arabic_to_arabizi,بعقر داره,b3uqur daaro,bi3iqrid raaha,False,9,12
arabizi_to_arabic,2inqibid,انقبض,انقبد,False,8,5
arabic_to_arabizi,يقلق,yiqlaq,yqalliq,False,4,6
arabizi_to_arabic,qa33id,قعد,قعد,True,6,3
arabic_to_arabizi,اشكر,2ishkur,2ishkur,True,4,7
arabizi_to_arabic,haawish,هاوش,هاوش,True,7,4
arabic_to_arabizi,تدقيق,tadqiiq,tadqiiq,True,5,7
arabic_to_arabizi,سولار,soolaar,soolaar,True,5,7
arabic_to_arabizi,مسكنة,maskane,maskane,True,5,7
arabic_to_arabizi,كعكوشة,ka3kuushe,ka3kuushe,True,6,9
arabizi_to_arabic,7addib,حدب,حدب,True,6,3
arabizi_to_arabic,7asad,حسد,حصد,False,5,3
arabizi_to_arabic,mkawwar,مكور,مكور,True,7,4
arabic_to_arabizi,يأرجل,y2argil,y2arjil,False,5,7
arabic_to_arabizi,سحب أفلام,sa7ab 2aflaam,sa7bif 2il2am,False,9,13
arabizi_to_arabic,7eef,حيف,حيف,True,4,3
arabizi_to_arabic,saa7ib masla7a,صاحب مصلحة,ساحب مسل,False,14,10
arabizi_to_arabic,fazzuura,فزورة,فزورة,True,8,5
arabizi_to_arabic,trayyad,تريض,تريض,True,7,4
arabizi_to_arabic,3thaar,عثار,تعهر,False,6,4
arabic_to_arabizi,إجاك مين يعرفك يا بلوط,2ijaak miin yi3rifak yaa balluut,2ijaak maa yif 3aleet karuban,False,22,32
arabizi_to_arabic,shaawir,شاور,شاور,True,7,4
arabic_to_arabizi,غاصص,ghaasis,ghaasis,True,4,7
arabic_to_arabizi,مش قليل,mush qaliil,mish qalli,False,7,11
arabic_to_arabizi,بعص,ba3as,ba33as,False,3,5
arabizi_to_arabic,qku3ud,قعد,قعد,True,6,3
arabic_to_arabizi,اتشنق,2itshanna2,2itshannaq,False,5,10
arabic_to_arabizi,دمل,dimmal,dammil,False,3,6
arabizi_to_arabic,sqiyye,سقية,سقية,True,6,4
arabic_to_arabizi,يطسطس,ytastis,ytastis,True,5,7
arabizi_to_arabic,maraakib,مراكب,مراكب,True,8,5
arabic_to_arabizi,شول,shool,shawwil,False,3,5
arabic_to_arabizi,يلحس,yil7as,yla77is,False,4,6
arabizi_to_arabic,saabit,ثابت,سابط,False,6,4
arabizi_to_arabic,2araa2,آراء,أراء,False,6,4
arabic_to_arabizi,عرقب,3arqkib,3arqab,False,4,7
arabizi_to_arabic,mzaffit,مزفت,مزفت,True,7,4
arabizi_to_arabic,massaasa,مصاصة,مساسسى,False,8,5
arabizi_to_arabic,yitsayya7,يتسيح,يتسيح,True,9,5
arabic_to_arabizi,متصابي,mutasaabi,mutasaabi,True,6,9
arabic_to_arabizi,حادة وقادة,7aadde wuqaadde,7aade wuqade,False,10,15
arabic_to_arabizi,لحس,la77is,la7as,False,3,6
arabizi_to_arabic,2it7abraq,اتحبرق,اتحبرق,True,9,6
arabizi_to_arabic,3ajiine,عجينة,عجينة,True,7,5
arabizi_to_arabic,nisab,نسب,نصب,False,5,3
arabizi_to_arabic,2istiqbaal,استقبال,استقبال,True,10,7
arabizi_to_arabic,3attaal battaal,عطال بطال,عطابل طلطة,False,15,9
arabic_to_arabizi,طور,tawwir,toor,False,3,6
arabic_to_arabizi,انفهم,2infihim,2infihim,True,5,8
arabic_to_arabizi,قحف,qka77af,qka77if,False,3,7
arabic_to_arabizi,يتليس,yitlayyas,yitlayyas,True,5,9
arabic_to_arabizi,غبرة,ghabara,ghabra,False,4,7
arabizi_to_arabic,2awkaar,أوكار,أوكار,True,7,5
arabic_to_arabizi,صعب,si3ib,sa33ib,False,3,5
arabic_to_arabizi,جالس,jaalis,jaalis,True,4,6
arabizi_to_arabic,ykharwish,يخروش,يخروش,True,9,5
arabizi_to_arabic,2istafaad,استفاد,استفاد,True,9,6
arabic_to_arabizi,يتسخط,yitsakhkhat,yitsakhkhat,True,5,11
arabizi_to_arabic,maraa7il,مراحل,مراحل,True,8,5
arabizi_to_arabic,di7ke naashfe,ضحكة ناشفة,دحك نفشة,False,13,10
arabizi_to_arabic,laazmo taqq baraaghi,لازمه طق براغي,لازمه تقابر غي,False,20,14
arabic_to_arabizi,جلي,jali,jalli,False,3,4
arabizi_to_arabic,kirim,كرم,كرم,True,5,3
arabizi_to_arabic,2iqrin,اقرن,اقرن,True,6,4
arabic_to_arabizi,جمال,jamaal,jamaal,True,4,6
arabic_to_arabizi,ينفع,yinfa3,yinfa3,True,4,6
arabic_to_arabizi,انتخب,2intakhab,2intikhib,False,5,9
arabic_to_arabizi,تحرى,t7arra,t7arra,True,4,6
arabic_to_arabizi,غرر,gharrir,gharrar,False,3,7
arabic_to_arabizi,سادس,saadis,saadis,True,4,6
arabizi_to_arabic,fuku7,فكح,فكح,True,5,3
arabizi_to_arabic,shajarasajara,شجرة,شجارس,False,13,4
arabizi_to_arabic,qiigaraatil,قراطل,قيراطيل,False,11,5
arabic_to_arabizi,جانس,jaanas,jaanis,False,4,6
arabizi_to_arabic,twaaqa,تواقى,تواقى,True,6,5
arabic_to_arabizi,مدود الطاولة,midwad 2ittaawle,mood 2ittawala,False,12,16
arabizi_to_arabic,ma7abba,محبة,محاب,False,7,4
arabic_to_arabizi,نعامة ترفسك,na3aame turfusak,na3aame trafsak,False,11,16
arabizi_to_arabic,yitkoofal,يتكوفل,يتكوفل,True,9,6
arabizi_to_arabic,2itwassaq,اتوثق,اتوسق,False,9,5
arabizi_to_arabic,liff,لف,لف,True,4,2
arabic_to_arabizi,كب,kabb,kabb,True,2,4
arabizi_to_arabic,m3ammara,معمرة,معمرة,True,8,5
arabizi_to_arabic,zawar,زور,زور,True,5,3
arabic_to_arabizi,من رحم المعاناة,min ra7im 2almu3aana,min 7aram 2il3aamane,False,15,20
arabizi_to_arabic,sa3ib,صعب,سعب,False,5,3
arabic_to_arabizi,يبوبز,yboobiz,yboobiz,True,5,7
arabic_to_arabizi,يقطع,yiqta3,yqatti3,False,4,6
arabizi_to_arabic,ybaghdid,يبغدد,يبغدد,True,8,5
arabic_to_arabizi,يتسكوح,yitsatshwa7,yitsakwa7,False,6,11
arabic_to_arabizi,ينصف,ynassif,yinsaff,False,4,7
arabic_to_arabizi,ينشكل,yinshikil,yinshikil,True,5,9
arabizi_to_arabic,3ruuq,عروق,عروق,True,5,4
arabizi_to_arabic,2indabit,انضبط,انضبط,True,8,5
arabizi_to_arabic,y7iff,يحف,يحف,True,5,3
arabic_to_arabizi,إخفاق,2ikhfaaq,2ikhfaaq,True,5,8
arabic_to_arabizi,يفتري,yiftari,yiftiri,False,5,7
arabizi_to_arabic,3addinha,عدنها,عدنها,True,8,5
arabizi_to_arabic,tjassas,تجسس,تجسس,True,7,4
arabic_to_arabizi,يفصفص,yfasfis,yfasfis,True,5,7
arabic_to_arabizi,حدث,7addis,7addas,False,3,6
arabizi_to_arabic,2intisir,انتصر,انتصر,True,8,5
arabizi_to_arabic,yin7izir,ينحزر,ينحزر,True,8,5
arabic_to_arabizi,مساطيل,masaatiil,masaatiil,True,6,9
arabic_to_arabizi,حبس,7abas,7abbis,False,3,5
arabic_to_arabizi,دائرة,daa2ira,daa2ara,False,5,7
arabic_to_arabizi,يذبل,yidbal,ydabbil,False,4,6
arabic_to_arabizi,أبناء,2abnaa2,2abnaa2,True,5,7
arabizi_to_arabic,duuniyye,دونية,دونية,True,8,5
arabic_to_arabizi,مستكثر,mistaktir,mustaktar,False,6,9
arabizi_to_arabic,2itlaamaz,اتلامز,اتلامز,True,9,6
arabic_to_arabizi,وجه البكسة,wijih 2ilbukse,wijhil bikse,False,10,14
arabizi_to_arabic,2aamaal,آمال,أمال,False,7,4
arabic_to_arabizi,تهنى,thanna,thanna,True,4,6
arabizi_to_arabic,3amraan,عمران,عمران,True,7,5
arabizi_to_arabic,dili3,ضلع,دلع,False,5,3
arabizi_to_arabic,2a3la,أعلى,أعلى,True,5,4
arabic_to_arabizi,علامة استفهام,3alaamit 2istifhaam,3alaame maasto,False,13,19
arabic_to_arabizi,ارتفع,2irtifi3,2irtafa3,False,5,8
arabic_to_arabizi,اشغل,2ishghil,2ishghal,False,4,8
arabizi_to_arabic,qibil,قبل,قبل,True,5,3
arabic_to_arabizi,يتبلل,yitballal,yitballal,True,5,9
arabizi_to_arabic,tsarraf,تصرف,تسرف,False,7,4
arabizi_to_arabic,batti2,بطئ,بطئ,True,6,3
arabic_to_arabizi,دخيل,dakhiil,dakhiil,True,4,7
arabizi_to_arabic,ydarris,يدرس,يدرس,True,7,4
arabic_to_arabizi,انصهر,2insihir,2insahar,False,5,8
arabic_to_arabizi,شروخ,sharuukh,shruukh,False,4,8
arabic_to_arabizi,زطي,zutti,zatti,False,3,5
arabic_to_arabizi,تسامج,tsaamaj,tsaajam,False,5,7
arabic_to_arabizi,ثابت,saabit,saabit,True,4,6
arabizi_to_arabic,faqquus,فقوس,فقوص,False,7,4
arabic_to_arabizi,مشمع,mshamma3,mshammi3,False,4,8
arabic_to_arabizi,اتغبش,2itghabbash,2itghabbash,True,5,11
arabic_to_arabizi,خيام,khyaam,khayaam,False,4,6
arabizi_to_arabic,yba3bil,يبعبل,يبعبل,True,7,5
arabizi_to_arabic,tirbaaye,ترباية,ترباية,True,8,6
arabizi_to_arabic,qala,قلى,قلى,True,4,3
arabizi_to_arabic,marsha7a,مرشحة,مرشحة,True,8,5
arabic_to_arabizi,غامق,ghaamiq,ghaamiq,True,4,7
arabizi_to_arabic,salaam,سلام,سلام,True,6,4
arabic_to_arabizi,تباوس,tbaawas,tbaawas,True,5,7
arabic_to_arabizi,بوبية,bubbiyye,boobiye,False,5,8
arabic_to_arabizi,يتخبثن,yitkhabsan,yitkhabsan,True,6,10
arabizi_to_arabic,jambiyye,جنبية,جمبية,False,8,5
arabizi_to_arabic,tamwiin,تموين,تموين,True,7,5
arabizi_to_arabic,3araabiid,عرابيد,عرابيض,False,9,6
arabic_to_arabizi,تقمط,tqammat,tqammat,True,4,7
arabic_to_arabizi,يلتغ,yiltagh,ylaghtit,False,4,7
arabizi_to_arabic,yshimm,يشم,يشم,True,6,3
arabizi_to_arabic,yi7marr,يحمر,يحمر,True,7,4
arabizi_to_arabic,yistaksil,يستكسل,يستكسل,True,9,6
arabic_to_arabizi,قشل,qkashshal,qashshil,False,3,9
arabic_to_arabizi,ملولب,mloolib,malwal,False,5,7
arabic_to_arabizi,تعكز,t3akkaz,t3akkaz,True,4,7
arabizi_to_arabic,7abbak barmiil,حبك برميل,حبك بالمر,False,14,9
arabic_to_arabizi,يترس,ytarris,ytarris,True,4,7
arabic_to_arabizi,نوش,nawash,nawwish,False,3,6
arabizi_to_arabic,2in7arash,انحرش,انحرش,True,9,5
arabic_to_arabizi,مفهوم,mafhuum,mafhuum,True,5,7
arabic_to_arabizi,يوكل,yookil,ywakkil,False,4,6
arabizi_to_arabic,mbahraj,مبهرج,مبهرج,True,7,5
arabizi_to_arabic,2ihbish,اهبش,اهبش,True,7,4
arabic_to_arabizi,بتراب المصاري,bitraab 2ilmasaari,btirraab 2issamiir,False,13,18
arabic_to_arabizi,استخراج,2istikhraaj,2istikhraaj,True,7,11
arabizi_to_arabic,sufur,صفر,سفور,False,5,3
arabic_to_arabizi,أماكن,2amaakin,2amaakin,True,5,8
arabic_to_arabizi,إربط الحمار مطرح ما بقلك صاحبه,2irbit 2ili7maar matra7 ma biqullak saa7bo,2irbit 2il7amaa bilak mar 7aaso biqatro,False,30,42
arabizi_to_arabic,diin,دين,دين,True,4,3
arabic_to_arabizi,يعقل,y3aqqil,y3aqqil,True,4,7
arabic_to_arabizi,يتدردى,yiddarda,yiddarda,True,6,8
arabic_to_arabizi,مفرع,mfarri3,mfarri3,True,4,7
arabic_to_arabizi,مش سائل,mush saa2il,mish 2isshsal,False,7,11
arabizi_to_arabic,muruur,مرور,مرور,True,6,4
arabizi_to_arabic,budd,بد,بد,True,4,2
arabic_to_arabizi,عكش,3akash,3akkish,False,3,6
arabizi_to_arabic,roobe,روبة,روبة,True,5,4
arabic_to_arabizi,نطح,nata7,natti7,False,3,5
arabic_to_arabizi,مغمض,mghammid,mghammid,True,4,8
arabic_to_arabizi,مبعوج,mab3uuj,mba3wij,False,5,7
arabizi_to_arabic,hatshban,هكبن,هكبن,True,8,4
arabizi_to_arabic,fassa7,فسح,فصح,False,6,3
arabizi_to_arabic,y2akkid,يؤكد,يأكد,False,7,4
arabizi_to_arabic,yitkhabba,يتخبا,يتخبى,False,9,5
arabizi_to_arabic,kariim,كريم,كريم,True,6,4
arabic_to_arabizi,رايدها بالحلال,raayidha bil7alaal,raayid 2ilba7laa,False,14,18
arabic_to_arabizi,ريح,rayyi7,rayyi7,True,3,6
arabizi_to_arabic,qiis,قيس,قيس,True,4,3
arabic_to_arabizi,منحاز,mun7aaz,min7aaz,False,5,7
arabizi_to_arabic,loo3a,لوعة,لوعة,True,5,4
arabic_to_arabizi,استحمر,2ista7mar,2ista7mir,False,6,9
arabic_to_arabizi,نغمة جديدة,naghame jdiide,naghme dijdiyye,False,10,14
arabizi_to_arabic,3assab,عصب,عصب,True,6,3
arabic_to_arabizi,اتولى,2itwalla,2itwalla,True,5,8
arabizi_to_arabic,khulafaa2,خلفاء,خلفاء,True,9,5
arabizi_to_arabic,bzaaqa,بزاقة,زباق,False,6,5
arabic_to_arabizi,يدلعب,ydal3ib,ydal3ib,True,5,7
arabic_to_arabizi,صبارة,sabbaara,sabbaara,True,5,8
arabizi_to_arabic,ydawwi,يضوى,يدوي,False,6,4
arabic_to_arabizi,تشيخ,tshayyakh,tashkhi,False,4,9
arabic_to_arabizi,يبهر,ybahhir,ybahhir,True,4,7
arabizi_to_arabic,khirib,خرب,خرب,True,6,3
arabic_to_arabizi,يتيامن,yityaaman,yityaaman,True,6,9
arabizi_to_arabic,sabaa7,صباح,سباح,False,6,4
arabic_to_arabizi,تعنصر,t3ansar,t3ansar,True,5,7
arabic_to_arabizi,تجلخ,tjallakh,tjallakh,True,4,8
arabizi_to_arabic,saqqaf,ثقف,سقف,False,6,3
arabic_to_arabizi,يندي,ynaddi,yindi,False,4,6
arabic_to_arabizi,ألف رحمة ونور عليه,2alf ra7me wunuur,2alfar 7amir willi 3ano,False,18,17
arabic_to_arabizi,تاكك,taakik,taakik,True,4,6
arabic_to_arabizi,تدوش,2iddawwash,2iddawwash,True,4,10
arabizi_to_arabic,tashaffi,تشفي,تشفي,True,8,4
arabizi_to_arabic,qasaman billa,قسما بالله,قصامن بللللي,False,13,10
arabic_to_arabizi,مبوبز,mboobiz,mboobiz,True,5,7
arabizi_to_arabic,3asabiyye,عصبية,عصابية,False,9,5
arabic_to_arabizi,اتنعنش,2itna3nash,2itna3nash,True,6,10
arabizi_to_arabic,2iqsar,اقصر,اقصر,True,6,4
arabizi_to_arabic,2akalu wijho,أكلوا وجهه,أكل وجههه,False,12,10
arabic_to_arabizi,أكلة,2akla,2akle,False,4,5
arabizi_to_arabic,tii3,طيع,طيع,True,4,3
arabizi_to_arabic,suwar,صور,سور,False,5,3
arabic_to_arabizi,يحيي,yi7ya,y7ayyi,False,4,5
arabic_to_arabizi,كحوش,ka7wash,ka7wish,False,4,7
arabic_to_arabizi,بهوك,bahwik,bahwak,False,4,6
arabic_to_arabizi,استسلم,2istaslim,2istaslam,False,6,9
arabic_to_arabizi,اتمشور,2itmashwar,2itmashwar,True,6,10
arabic_to_arabizi,يميص,ymayyis,ymayyis,True,4,7
arabizi_to_arabic,tashaa2um,تشائم,تشائم,True,9,5
arabic_to_arabizi,متكتك,mtaktak,mitkattik,False,5,7
arabic_to_arabizi,طفل أنابيب,tifil 2anaabiib,fatlan 2ibeeb,False,10,15
arabizi_to_arabic,saliq,سلق,سلق,True,5,3
arabizi_to_arabic,khaliili,خليلي,خليل,False,8,5
arabic_to_arabizi,يزور,yizwir,yzawwir,False,4,6
arabizi_to_arabic,yitsakhkhaf,يتسخف,يتسخف,True,11,5
arabizi_to_arabic,masmas,مصمص,مسمس,False,6,4
arabic_to_arabizi,بين,been,been,True,3,4
arabic_to_arabizi,عبوطة,3abbuuta,3abuuta,False,5,8
arabizi_to_arabic,yitqal,يثقل,يطقل,False,6,4
arabic_to_arabizi,موج,mawwaj,mawwij,False,3,6
arabizi_to_arabic,zayy 2ilbarq,زي البرق,زي البرق,True,12,8
arabizi_to_arabic,jaawiz,جاوز,جاوز,True,6,4
arabizi_to_arabic,y2antikh,يأنتخ,يأنتخ,True,8,5
arabizi_to_arabic,khawwash,خوش,خوش,True,8,3
arabic_to_arabizi,رخى الحبل,rakha 2il7abil,rakhkha 2il7abil,False,9,14
arabizi_to_arabic,tkhallal,تخلل,تخلل,True,8,4
arabic_to_arabizi,بقلش,baqklash,baqlash,False,4,8
arabic_to_arabizi,متطفل,mutataffil,mittaffil,False,5,10
arabic_to_arabizi,دلة,dalle,dalle,True,3,5
arabizi_to_arabic,m7ashfish,محشفش,محشفش,True,9,5
arabizi_to_arabic,mu7aakame,محاكمة,محاكمة,True,9,6
arabic_to_arabizi,قزعر,quz3ur,qaz3ar,False,4,6
arabic_to_arabizi,يفند,yfannid,yfannid,True,4,7
arabizi_to_arabic,yitnaaghash,يناغش,يتناغش,False,11,5
arabizi_to_arabic,2it3ab,اتعب,اطعب,False,6,4
arabizi_to_arabic,yistahjin,يستهجن,يستهجن,True,9,6
arabizi_to_arabic,waziir,وزير,وزير,True,6,4
arabizi_to_arabic,nadagh,ندغ,ندغ,True,6,3
arabizi_to_arabic,ydaskir,يدسكر,يدسكر,True,7,5
arabizi_to_arabic,yinkifi,ينكفي,ينكفي,True,7,5
arabizi_to_arabic,wassikh,وسخ,وسخ,True,7,3
arabizi_to_arabic,sha3aaniin,شعانين,شعانين,True,10,6
arabic_to_arabizi,سابق,saabaq,saabiq,False,4,6
arabic_to_arabizi,اتخلوع,2itkhalwa3,2itkhalwa3,True,6,10
arabizi_to_arabic,yu3sur mukhkho,يعصر مخه,يعسر مخه,False,14,8
arabizi_to_arabic,2ufjur,افجر,افجر,True,6,4
arabizi_to_arabic,2itrazzaq,اترزق,اترزق,True,9,5
arabizi_to_arabic,2it7aaqar,اتحاقر,اتحاقر,True,9,6
arabizi_to_arabic,ywazzif,يوظف,يوزف,False,7,4
arabizi_to_arabic,baasuur,باسور,باصور,False,7,5
arabizi_to_arabic,mamsuu3,ممصوع,ممسوع,False,7,5
arabizi_to_arabic,raa7a,راحة,راحة,True,5,4
arabizi_to_arabic,kannan,كنن,كنن,True,6,3
arabizi_to_arabic,kazza7,قزح,كزح,False,6,3
arabizi_to_arabic,2istadirr,استدر,استدر,True,9,5
arabizi_to_arabic,yluut,يلوط,يلوط,True,5,4
arabizi_to_arabic,si77a,صحة,سحى,False,5,3
arabic_to_arabizi,يسهي,ysahhi,yishi,False,4,6
arabic_to_arabizi,افتقر,2iftaqar,2iftiqir,False,5,8
arabic_to_arabizi,انقهر,2inqahar,2inqahar,True,5,8
arabizi_to_arabic,yraadid,يرادد,يرادد,True,7,5
arabic_to_arabizi,شربة,shurbe,sharbe,False,4,6
arabic_to_arabizi,مثل الخاتم بإصبعها,mithil 2ilkhaatim bi2isba3ha,mitil 2ilkhaab missaa3,False,18,28
arabizi_to_arabic,yikhra,يخرا,يخرى,False,6,4
arabizi_to_arabic,ju3raan,جعران,جعران,True,7,5
arabic_to_arabizi,ينابح,ynaabi7,ynaabi7,True,5,7
arabic_to_arabizi,بلاستيك,blaastik,bilsaatiik,False,7,8
arabizi_to_arabic,binaaye,بناية,بناية,True,7,5
arabic_to_arabizi,كراميل,karamiil,karaamiil,False,6,8
arabic_to_arabizi,حلتم,7altam,7altim,False,4,6
arabizi_to_arabic,nazra,نظرة,نظرة,True,5,4
arabizi_to_arabic,ka77it,كحت,كحت,True,6,3
arabizi_to_arabic,mashhad,مشهد,مشهد,True,7,4
arabizi_to_arabic,mibsha33,مبشع,مبشع,True,8,4
arabizi_to_arabic,3alma,علما,علمة,False,5,4
arabizi_to_arabic,yi7shim,يحشم,يحشم,True,7,4
arabizi_to_arabic,khassir,خسر,خصر,False,7,3
arabic_to_arabizi,أمكن,2amkan,2amkan,True,4,6
arabizi_to_arabic,maghaara,مغارة,مغارة,True,8,5
arabizi_to_arabic,2awliyaa2,أولياء,أولياء,True,9,6
arabizi_to_arabic,khashabo 3ariid,خشبه عريض,خشب عره,False,15,9
arabic_to_arabizi,غرقان بالديون,gharqaan biddyuun,gharaqin bilghawadin,False,13,17
arabic_to_arabizi,انسحل,2insa7al,2insi7il,False,5,8
arabizi_to_arabic,karba3,قربع,كربع,False,6,4
arabizi_to_arabic,yinhidim,ينهضم,ينهدم,False,8,5
arabic_to_arabizi,رقايق,raqaayiq,raqaayiq,True,5,8
arabic_to_arabizi,عنيد,3aniid,3aniid,True,4,6
arabizi_to_arabic,shaytan,شيطن,شيطن,True,7,4
arabic_to_arabizi,يمزق,ymazziq,ymazziq,True,4,7
arabizi_to_arabic,3abbir,عبر,عبر,True,6,3
arabizi_to_arabic,yrinn,يرن,يرن,True,5,3
arabizi_to_arabic,ykayyal,يكيل,كيل,False,7,4
arabic_to_arabizi,ضيق,diiq,diiq,True,3,4
arabic_to_arabizi,حلم,7ilim,7allam,False,3,5
arabic_to_arabizi,مهل,muhal,mahhil,False,3,5
arabic_to_arabizi,رومس,roomas,roomis,False,4,6
arabizi_to_arabic,sur3a,سرعة,سرعة,True,5,4
arabic_to_arabizi,شبح,shabbi7,shabba7,False,3,7
arabizi_to_arabic,jadwal,جدول,جدول,True,6,4
arabic_to_arabizi,فسر,fassir,fassar,False,3,6
arabic_to_arabizi,جالس,jaalis,jaalis,True,4,6
arabizi_to_arabic,mumkin,ممكن,ممكن,True,6,4
arabic_to_arabizi,نشف دمي,nashshaf dammi,nashaf dami,False,7,14
arabizi_to_arabic,yitqarrab,يتقرب,يتقرب,True,9,5
arabic_to_arabizi,زغلول,zaghluul,zaghluul,True,5,8
arabic_to_arabizi,كلف,kalaf,kallif,False,3,5
arabic_to_arabizi,خرمان,kharmaan,kharmaan,True,5,8
arabizi_to_arabic,rakan,ركن,ركن,True,5,3
arabic_to_arabizi,حمو,7amu,7amw,False,3,4
arabic_to_arabizi,نسخ,nasakh,nassakh,False,3,6
arabic_to_arabizi,يليس,ylayyis,yliis,False,4,7
arabizi_to_arabic,yiltaji2,يلتجئ,يلتجئ,True,8,5
arabic_to_arabizi,استظرف,2istazrif,2istazfar,False,6,9
arabizi_to_arabic,mnashshaf,منشف,منشف,True,9,4
arabizi_to_arabic,tkhayyil,تخيل,تخيل,True,8,4
arabic_to_arabizi,نفش ريشه,nafash riisho,naffish riisho,False,8,13
arabizi_to_arabic,wasakh,وسخ,وسخ,True,6,3
arabic_to_arabizi,متعربش,mit3arbish,mit3arbish,True,6,10
arabic_to_arabizi,تشكر,tshakkar,tshakkar,True,4,8
arabic_to_arabizi,عاليوم,3alyoom,3alaayum,False,6,7
arabizi_to_arabic,7ajim,حجم,حجم,True,5,3
arabic_to_arabizi,افقر,2ifqar,2ifqar,True,4,6
arabizi_to_arabic,yinhar,ينهر,ينهر,True,6,4
arabizi_to_arabic,khashkhish,خشخش,خشخش,True,10,4
arabizi_to_arabic,nakas,نكس,نكس,True,5,3
arabizi_to_arabic,shirwaal,شروال,شروال,True,8,5
arabizi_to_arabic,yit7oomar,يتحومر,يتحومر,True,9,6
arabizi_to_arabic,msamsam,مسمسم,مسمسم,True,7,5
arabizi_to_arabic,majaalis,مجالس,مجالس,True,8,5
arabizi_to_arabic,yfarfish,يفرفش,يفرفش,True,8,5
arabizi_to_arabic,ylassin,يلسن,يلسن,True,7,4
arabic_to_arabizi,التقط,2iltaqat,2iltaqat,True,5,8
arabic_to_arabizi,مكرهب,mkarhab,mkarhab,True,5,7
arabizi_to_arabic,3ama yi3mii,عمى يعميه,عمي عمي,False,11,9
arabizi_to_arabic,sikke,سكة,سكة,True,5,3
arabizi_to_arabic,yitkhalwa3,يتخلوع,يتخلوع,True,10,6
arabizi_to_arabic,lakhlakh,لخلخ,لخلخ,True,8,4
arabizi_to_arabic,mtshanna3,مكنع,مكنع,True,9,4
arabic_to_arabizi,شيطان,shiitaan,shiitaan,True,5,8
arabizi_to_arabic,3amaliyye,عملية,عملية,True,9,5
arabizi_to_arabic,timdaayit,تمضاية,تمديات,False,9,6
arabizi_to_arabic,tilqat,طلقت,تلقط,False,6,4
arabizi_to_arabic,mootit rabnaa,موتة ربنا,موت برانه,False,13,9
arabizi_to_arabic,saffa,صفى,سفى,False,5,3
arabic_to_arabizi,مناخير,manaakhiir,manaakhiir,True,6,10
arabic_to_arabizi,على وضوء,3ala wuduu2,3ala wadda,False,8,11
arabizi_to_arabic,2itqassad,اتقصد,اتقصد,True,9,5
arabic_to_arabizi,يطربق,ytarbiq,ytarbiq,True,5,7
arabizi_to_arabic,yit3attal,يتعطل,يتعطل,True,9,5
arabizi_to_arabic,ghassaalit 7oodeen,غسالة حوضين,غساة سلونة,False,18,11
arabizi_to_arabic,2iljidaar 2ilfaasil,الجدار الفاصل,الجاد الفراسيل,False,19,13
arabic_to_arabizi,فلخ,fallikh,fallakh,False,3,7
arabic_to_arabizi,بقارج,baqkaaridj,baqkaaridj,True,5,10
arabizi_to_arabic,faahi,فاهي,فاهي,True,5,4
arabic_to_arabizi,عقدها سبعة,3aqadha sab7a,3aqado bsa3a,False,10,13
arabizi_to_arabic,sharmit,شرمط,شرمط,True,7,4
arabic_to_arabizi,اتخلق,2itkhallaq,2itkhallaq,True,5,10
arabic_to_arabizi,حفار قبور,7affaar qbuur,7affaar qoor,False,9,13
arabic_to_arabizi,ليس,layyas,layyis,False,3,6
arabizi_to_arabic,tis7aaye,تصحاية,تصحاية,True,8,6
arabic_to_arabizi,يستلطف,yistaltif,yistaltif,True,6,9
arabic_to_arabizi,مستسلم,mustaslim,mistaslim,False,6,9
arabizi_to_arabic,ywakbir,يوكبر,يوكبر,True,7,5
arabic_to_arabizi,تأتأة,ta2ta2a,ta2te,False,5,7
arabizi_to_arabic,ma3juun,معجون,معجون,True,7,5
arabizi_to_arabic,yinbaa3u bil3aza,ينباعوا بالعزا,ينباع زول,False,16,14
arabizi_to_arabic,samandara,سمندرة,سمندرة,True,9,6
arabic_to_arabizi,يستطول,yistatwil,yistatwil,True,6,9
arabizi_to_arabic,yliff,يلف,يلف,True,5,3
arabizi_to_arabic,k3uub,كعوب,كعب,False,5,4
arabic_to_arabizi,عفقة,3afqa,3afqa,True,4,5
arabizi_to_arabic,2itlaghgham,اتلغم,اتلغم,True,11,5
arabic_to_arabizi,يتربع على عرش,yitrabba3 3ala 3arsh,yitrabba3 3ala sha3ar,False,13,20
arabizi_to_arabic,farfash,فرفش,فرفش,True,7,4
arabizi_to_arabic,hattak,هتك,هتك,True,6,3
arabizi_to_arabic,tshaghnaf,تشغنف,تشغنف,True,9,5
arabizi_to_arabic,zaak2a,زاقى,زاكأة,False,6,4
arabizi_to_arabic,yfallik,يفلك,يفلك,True,7,4
arabizi_to_arabic,2iswaara,اسوارة,اسوار,False,8,6
arabic_to_arabizi,استقوي,2istaqwi,2istawqi,False,6,8
arabizi_to_arabic,ytawwih,يتوه,يطوه,False,7,4
arabic_to_arabizi,منفس,manfas,mnaffis,False,4,6
arabizi_to_arabic,filfile,فلفلة,فلفلة,True,7,5
arabizi_to_arabic,yufsum,يفصم,يفصم,True,6,4
arabizi_to_arabic,tamtam,تمتم,تمتم,True,6,4
arabic_to_arabizi,عمد,3amd,3ammid,False,3,4
arabic_to_arabizi,انبش,2inbush,2inbashsh,False,4,7
arabic_to_arabizi,يحترف,yi7tarif,yi7tirif,False,5,8
arabic_to_arabizi,يفلل,yfallil,yfallil,True,4,7
arabizi_to_arabic,mas7uub kheero,مسحوب خيره,مسحوب خيره,True,14,10
arabic_to_arabizi,ملقط,malqat,mlaqqit,False,4,6
arabizi_to_arabic,2ufquz2ufkus,افقز,اقزف,False,12,4
arabic_to_arabizi,أشجار,2ashjaar2asjaar,2ashjaar,False,5,15
arabic_to_arabizi,اعتمد,2i3tamid,2i3timid,False,5,8
arabizi_to_arabic,tjaazab,تجاذب,تجازب,False,7,5
arabizi_to_arabic,2afdal,أفضل,أفضل,True,6,4
arabic_to_arabizi,أسر,2asar,2assar,False,3,5
arabic_to_arabizi,يرحل,yra77il,yra77il,True,4,7
arabic_to_arabizi,يلون,ylawwin,ylawwin,True,4,7
arabic_to_arabizi,قد الفستقة,qaddil fustuqa,qadd 2isfat,False,10,14
arabizi_to_arabic,suur,سور,سور,True,4,3
arabic_to_arabizi,يعطيك العافية,ya3tiikil 3aafye,y3atiik 2il3afye,False,13,16
arabic_to_arabizi,مظلم,muzlim,mzallim,False,4,6
arabic_to_arabizi,يركع,yirka3,yrakki3,False,4,6
arabic_to_arabizi,مسلح,musalla7,msalli7,False,4,8
arabizi_to_arabic,haris,هرس,هرس,True,5,3
arabizi_to_arabic,ydja3rin,يجعرن,يجعرن,True,8,5
arabizi_to_arabic,jawwar,جور,جور,True,6,3
arabizi_to_arabic,7antashe,حنتشة,حنتشة,True,8,5
arabic_to_arabizi,اصطاد,2istaad,2istaad,True,5,7
arabizi_to_arabic,farqiyye,فرقية,فرقية,True,8,5
arabizi_to_arabic,2iddaayan,اتداين,تداين,False,9,6
arabizi_to_arabic,daafish,دافش,دافش,True,7,4
arabizi_to_arabic,khudlak 3ahannumra,خذلك عهالنمرة,خدالع منورها,False,18,13
arabic_to_arabizi,اشفط,2ushfut,2ishfut,False,4,7
arabic_to_arabizi,بنشر,banshar,banshar,True,4,7
arabic_to_arabizi,نسف,nassif,nassif,True,3,6
arabic_to_arabizi,بليلة,baliila,baliile,False,5,7
arabic_to_arabizi,مجلد,mjallad,mjallid,False,4,7
arabic_to_arabizi,طرق,tarraq,tarriq,False,3,6
arabic_to_arabizi,خواص,khawaas,khawaas,True,4,7
arabic_to_arabizi,يتورشن,yitwarshan,yitwarshan,True,6,10
arabizi_to_arabic,ghanni,غني,غني,True,6,3
arabic_to_arabizi,بذر,bazzar,bazzir,False,3,6
arabizi_to_arabic,2itshamtat,اتشمطط,اتشمط,False,10,6
arabic_to_arabizi,يذهب,ydahhib,yhadhdhib,False,4,7
arabizi_to_arabic,zirr,زر,زر,True,4,2
arabic_to_arabizi,تدهور,tadahwur,2iddahwar,False,5,8
arabizi_to_arabic,saa7bit 2issoon wil3afaaf,صاحبة الصون والعفاف,صاحب الفتعه وسلي,False,25,19
arabic_to_arabizi,صيف,seef,siif,False,3,4
arabic_to_arabizi,حلس,7allas,7allis,False,3,6
arabizi_to_arabic,mtartir,مترتر,مطرطر,False,7,5
arabizi_to_arabic,2itshaghghal,اتشغل,اتشغل,True,12,5
arabizi_to_arabic,mhatbil,مهطبل,مهطبل,True,7,5
arabic_to_arabizi,ما عنده يما ارحميني,maa 3indo yamma 2ir7amiini,maa 3anda maarii7im yaano,False,19,26
arabizi_to_arabic,taa7ish,طاحش,طاحش,True,7,4
arabic_to_arabizi,صالة,saale,saale,True,4,5
arabizi_to_arabic,y3aabit,يعابط,يعابط,True,7,5
arabizi_to_arabic,samigh,صمغ,سمغ,False,6,3
arabizi_to_arabic,2ittoob 2in7all wabaro,الثوب انحل وبره,اططبته بالحور الن,False,22,15
arabic_to_arabizi,يبعر,yba33ir,yba33ir,True,4,7
arabizi_to_arabic,yi7tafil,يحتفل,يحتفل,True,8,5
arabizi_to_arabic,tmi2lis,تمقلس,تمقلس,True,7,5
arabic_to_arabizi,لويش,laweesh,lawiish,False,4,7
arabizi_to_arabic,shu2uun,شؤون,شؤون,True,7,4
arabizi_to_arabic,qashqash,قشقش,قشقش,True,8,4
arabic_to_arabizi,مسكة,maske,maske,True,4,5
arabic_to_arabizi,ساخن,saakhin,saakhin,True,4,7
arabic_to_arabizi,جلد,jalid,jallad,False,3,5
arabic_to_arabizi,يتفوط,yitfawwat,yitfawwat,True,5,9
arabizi_to_arabic,qarrash,قرش,قرش,True,7,3
arabic_to_arabizi,استخلص,2istakhlas,2istakhlis,False,6,10
arabizi_to_arabic,waalid,والد,والد,True,6,4
arabizi_to_arabic,yittiqi,يتقي,يتطقي,False,7,4
arabic_to_arabizi,خص,khuss,khass,False,2,5
arabic_to_arabizi,زعفران,za3faraan,za3faraan,True,6,9
arabizi_to_arabic,7aajij,حاجج,حاجج,True,6,4
arabic_to_arabizi,غلبة,ghalabe,ghalbe,False,4,7
arabizi_to_arabic,khaali,خالي,خالي,True,6,4
arabic_to_arabizi,قلاع,qilaa3,qalaa3,False,4,6
arabic_to_arabizi,مجاور,mjaawir,mjawaar,False,5,7
arabic_to_arabizi,لدعة,lad3a,lad3a,True,4,5
arabizi_to_arabic,3maam,عمام,عمم,False,5,4
arabizi_to_arabic,mabaazir,مبازر,مبازر,True,8,5
arabizi_to_arabic,tullaab,طلاب,تلالب,False,7,4
arabic_to_arabizi,ما أظرط من الخال الا ابن أخته,maa 2adrat minil khaal 2illa 2ibin 2ukhto,maa 2azzar min 2ilkhat 2il2a 2akhannnab,False,29,41
arabizi_to_arabic,yinsafiq,ينسفق,ينسفق,True,8,5
arabic_to_arabizi,أجيد,2ajiid,2ajiid,True,4,6
arabizi_to_arabic,2ilhat,الهط,الهط,True,6,4
arabic_to_arabizi,شيب,shayyab,shayyib,False,3,7
arabizi_to_arabic,bookil qadd qirde waalde,بيوكل قد قردة والدة,بوكل قد ريه ولدة,False,24,19
arabic_to_arabizi,بالع راديو,baali3 raadyo,baali3 rawadi,False,10,13
arabizi_to_arabic,2abu 2il3abid,أبو العبد,أبو العبد,True,13,9
arabizi_to_arabic,yjaddir,يجدر,يجدر,True,7,4
arabizi_to_arabic,ta7wiishe,تحويشة,تحويشة,True,9,6
arabizi_to_arabic,2isfanj,إسفنج,اسفنج,False,7,5
arabic_to_arabizi,يتبلط,yitballat,yitballat,True,5,9
arabizi_to_arabic,2ightaal,اغتال,اغتال,True,8,5
arabizi_to_arabic,khajlaan,خجلان,خجلان,True,8,5
arabic_to_arabizi,تمشور,tmashwar,tmashwar,True,5,8
arabizi_to_arabic,ka3ash,كعش,كعش,True,6,3
arabizi_to_arabic,bataabiit,بطابيط,بطابيط,True,9,6
arabic_to_arabizi,سمعه عقده,sama3o 3aqaddo,samma3o 3aqdo,False,9,14
arabizi_to_arabic,2imlas,إملس,املس,False,6,4
arabizi_to_arabic,khaan 2il3ishre,خان العشرة,خان العرشة,False,15,10
arabizi_to_arabic,2ikda7,اكدح,اكدح,True,6,4
arabizi_to_arabic,taahir,طاهر,طاهر,True,6,4
arabic_to_arabizi,تعرقل,t3arqal,t3arqal,True,5,7
arabic_to_arabizi,ردد,raddad,raddid,False,3,6
arabizi_to_arabic,yij7ad,يجحد,يجحد,True,6,4
arabizi_to_arabic,2induj,انضج,اندج,False,6,4
arabic_to_arabizi,ثوب,toob,wassab,False,3,4
arabizi_to_arabic,2ishtibik,اشتبك,اشتبك,True,9,5
arabizi_to_arabic,ghaybuube,غيبوبة,غبوبة,False,9,6
arabizi_to_arabic,2itrassad,اترصد,اترسد,False,9,5
arabizi_to_arabic,2insamm,انصم,انسم,False,7,4
arabizi_to_arabic,yinzatt,ينزت,ينزط,False,7,4
arabizi_to_arabic,tabaz,طبز,طبز,True,5,3
arabic_to_arabizi,إصبع,2isba3,2isba3,True,4,6
arabic_to_arabizi,يقلع شوكه بإيده,yqalli3 shooko b2iido,yqalli3 shahwak biido,False,15,21
arabizi_to_arabic,sakkij,سكج,سكج,True,6,3
arabic_to_arabizi,فوق حقه دقه,fooq 7aqqo duqqo,fooq 7aqqo daqo,False,11,16
arabic_to_arabizi,حية بقلاوية,7ayye baqlaawiyye,7ayye qabilwe,False,11,17
arabic_to_arabizi,يا حسرتي,yaa 7asirti,yaa 7asiri,False,8,11
arabic_to_arabizi,وحياتك,wi7yaatak,wa7yaatak,False,6,9
arabic_to_arabizi,يشكل,yshakkil,yshakkil,True,4,8
arabizi_to_arabic,beed,بيض,بيض,True,4,3
arabizi_to_arabic,2it2arnab,اتأرنب,اتأرنب,True,9,6
arabic_to_arabizi,انفذ بجلدك,2unfud bijildak,2infizib dikibl,False,10,15
arabizi_to_arabic,shilib,شلب,شلب,True,6,3
arabic_to_arabizi,اتشرتح,2itsharta7,2itsharta7,True,6,10
arabic_to_arabizi,انعزل,2in3azal,2in3izil,False,5,8
arabic_to_arabizi,مشنف,mshannif,mshannif,True,4,8
arabic_to_arabizi,استكحل,2istak7al,2istak7al,True,6,9
arabic_to_arabizi,كيف,kiif,kayyif,False,3,4
arabizi_to_arabic,sammak,سمك,سمك,True,6,3
arabizi_to_arabic,wirish,ورش,ورش,True,6,3
arabizi_to_arabic,far3in,فرعن,فرعن,True,6,4
arabizi_to_arabic,ykartin,يكرتن,يكرتن,True,7,5
arabizi_to_arabic,nakad,نكد,نكد,True,5,3
arabic_to_arabizi,شواعيب,shawaa3iib,shawaa3iib,True,6,10
arabic_to_arabizi,قد البلد,qadd 2ilbalad,qadd 2ilbad,False,8,13
arabizi_to_arabic,minghall,منغل,منغل,True,8,4
arabizi_to_arabic,gharish,غرش,غرش,True,7,3
arabic_to_arabizi,احيي,2i7yi,2i7yi,True,4,5
arabizi_to_arabic,2asaabii3,أسابيع,أسابيع,True,9,6
arabic_to_arabizi,شكشكة,shakshake,shakshake,True,5,9
arabizi_to_arabic,bala7,بلح,بلح,True,5,3
arabic_to_arabizi,عمومي,3umuumi,3amuumi,False,5,7
arabizi_to_arabic,naabi7,نابح,نابح,True,6,4
arabic_to_arabizi,فحت,fa7at,fa77at,False,3,5
arabizi_to_arabic,mallagat,ملقت,ملقط,False,8,4
arabic_to_arabizi,جذب,jazab,jadhdhab,False,3,5
arabic_to_arabizi,فرد,farrid,farrid,True,3,6
arabic_to_arabizi,يبرطع,ybarti3,ybarti3,True,5,7
arabizi_to_arabic,tuuriyye,طورية,طورية,True,8,5
arabic_to_arabizi,سحابة,sa7aabe,sa77aabe,False,5,7
arabizi_to_arabic,maw3id,موعد,موعد,True,6,4
arabic_to_arabizi,أشهر,2ashhar,2ashhar,True,4,7
arabizi_to_arabic,saafikh,سافخ,سافخ,True,7,4
arabizi_to_arabic,t7affaz,تحفز,تحفظ,False,7,4
arabic_to_arabizi,فلع,fala3,falla3,False,3,5
arabizi_to_arabic,waram,ورم,ورم,True,5,3
arabizi_to_arabic,2a7waj,أحوج,أحوج,True,6,4
arabizi_to_arabic,dallaal,دلال,دلال,True,7,4
arabizi_to_arabic,jaghlif,جغلف,جغلف,True,7,4
arabizi_to_arabic,y2anjil,يأنجل,يؤنجل,False,7,5
arabic_to_arabizi,قاضي الصغار شنق حاله,qaadi 2izghaar shanaq 7aalo,qaadi 2ilghaashir 7aano,False,20,27
arabizi_to_arabic,qamil,قمل,قمل,True,5,3
arabizi_to_arabic,3assib,عصب,عصب,True,6,3
arabizi_to_arabic,jahhil,جهل,جهل,True,6,3
arabic_to_arabizi,استعظم,2ista3dhim,2ista3dham,False,6,10
arabic_to_arabizi,فرجون,fargoon,farjuun,False,5,7
arabic_to_arabizi,ينحلق,yin7iliq,yin7iliq,True,5,8
arabizi_to_arabic,dookin,دوكن,دوكن,True,6,4
arabic_to_arabizi,لحم,la7am,la77am,False,3,5
arabic_to_arabizi,يتلفت,yitlaffat,yitlaffat,True,5,9
arabic_to_arabizi,يوتوت,ywatwit,ywatwit,True,5,7
arabizi_to_arabic,khitaab karaahiyye,خطاب كراهية,خطابة خيرة,False,18,11
arabizi_to_arabic,yit7aalaf,يتحالف,يتحافل,False,9,6
arabic_to_arabizi,خص,khass,khass,True,2,5
arabizi_to_arabic,rabruub,ربروب,ربربوب,False,7,5
arabizi_to_arabic,tabbil,طبل,طبل,True,6,3
arabic_to_arabizi,ارتاب,2irtaab,2irtaab,True,5,7
arabic_to_arabizi,اتربح,2itrabba7,2itrabba7,True,5,9
arabizi_to_arabic,ylawwin,يلون,يلون,True,7,4
arabizi_to_arabic,2ista7mir,استحمر,استحمر,True,9,6
arabic_to_arabizi,دمر,dammar,dammar,True,3,6
arabizi_to_arabic,bahwik,بهوك,بهوك,True,6,4
arabizi_to_arabic,tawahaan,توهان,تواهن,False,8,5
arabic_to_arabizi,استهان,2istahaan,2istihaan,False,6,9
arabizi_to_arabic,khaassiyye,خاصية,خاصية,True,10,5
arabizi_to_arabic,fa7as,فحص,فحس,False,5,3
arabic_to_arabizi,صايع ضايع,saayi3 daayi3,saayi3 3addaya,False,9,13
arabizi_to_arabic,ydoobi7,يدوبح,يدوبح,True,7,5
arabizi_to_arabic,y3aqqkkish,يعقش,يعقش,True,10,4
arabizi_to_arabic,ymashwir,يمشور,يمشور,True,8,5
arabic_to_arabizi,قذف,qazif,qadhdhif,False,3,5
arabic_to_arabizi,يسجن,yisjin,ysajjin,False,4,6
arabizi_to_arabic,2iltiwiq,التوق,التوق,True,8,5
arabic_to_arabizi,كفل,kifil,kaffil,False,3,5
arabic_to_arabizi,أبصر,2absar,2absar,True,4,6
arabizi_to_arabic,kabbaara,كبارة,كبارة,True,8,5
arabizi_to_arabic,qadjdjadj,قجج,قجج,True,9,3
arabic_to_arabizi,اقحر,2iq7ar,2iq7ar,True,4,6
arabic_to_arabizi,سوح,suu7,suu7,True,3,4
arabic_to_arabizi,قد الفسة,2add 2ilfisse,qadd 2isfile,False,8,13
arabizi_to_arabic,mathquub,مثقوب,مثقوب,True,8,5
arabizi_to_arabic,tahaabiib,طهابيب,تهابيب,False,9,6
arabic_to_arabizi,عفف,3affif,3affif,True,3,6
arabizi_to_arabic,naqam,نقم,نقم,True,5,3
arabic_to_arabizi,عس,3iss,3ass,False,2,4
arabizi_to_arabic,mjardim,مجردم,مجردم,True,7,5
arabic_to_arabizi,انلق,2inlaqq,2inlaqq,True,4,7
arabizi_to_arabic,2umrus,امرص,امرس,False,6,4
arabizi_to_arabic,mwarnash,مورنش,مورنش,True,8,5
arabic_to_arabizi,حابون,7aabuun,7aabuun,True,5,7
arabic_to_arabizi,يتمسمر,yitmasmar,yitmasmar,True,6,9
arabic_to_arabizi,لعبة,lu3be,la3be,False,4,5
arabizi_to_arabic,siqit min 3eeni,سقط من عيني,سقط منيع,False,15,11
arabic_to_arabizi,قيزان,kiizaan,qayazaan,False,5,7
arabic_to_arabizi,يلوح,yilwi7,ylawwi7,False,4,6
arabizi_to_arabic,2ikhtur,اخطر,اختر,False,7,4
arabic_to_arabizi,غضب,ghidib,ghadab,False,3,6
arabic_to_arabizi,فرمشونة,farshamoone,farmuushane,False,7,11
arabic_to_arabizi,هيوتي,hayyuuti,hyuuti,False,5,8
arabizi_to_arabic,mshalla7,مشلح,مشلح,True,8,4
arabic_to_arabizi,انكشح,2inkasha7,2inkishi7,False,5,9
arabizi_to_arabic,yit7abram,يتحبرم,يتحبرم,True,9,6
arabic_to_arabizi,مزق,mazziq,mazzaq,False,3,6
arabizi_to_arabic,t7arram,تحرم,تحرم,True,7,4
arabizi_to_arabic,wanwin,ونون,ونون,True,6,4
arabic_to_arabizi,جماهير,jamaahiir,jamaahiir,True,6,9
arabizi_to_arabic,yshakhsane,شخصنة,شخصن,False,10,5
arabizi_to_arabic,tshahhad,تشهد,تشهد,True,8,4
arabizi_to_arabic,sabi3 sanaayi3 wilbakht daayi3,سبع صنايع والبخت ضايع,سبع يعن ودك باليشتها,False,30,21
arabizi_to_arabic,2itrabbas,اتربص,اتربس,False,9,5
arabic_to_arabizi,معاطة,ma33aata,m3aata,False,5,8
arabizi_to_arabic,tafle,تفلة,طلفة,False,5,4
arabizi_to_arabic,yquss,يقص,يقص,True,5,3
arabic_to_arabizi,احتل,2i7tall,2i7tall,True,4,7
arabizi_to_arabic,kayyaf,كيف,كيف,True,6,3
arabic_to_arabizi,نمط,nammit,nammit,True,3,6
arabic_to_arabizi,بكا,buka,bakka,False,3,4
arabic_to_arabizi,هيافة,hayaafe,hiyaafe,False,5,7
arabic_to_arabizi,طاسة الخفة,taasit 2ilkhiffe,taasit 2ilkhafe,False,10,16
arabizi_to_arabic,matta,مطة,مطى,False,5,3
arabizi_to_arabic,salle,سلة,سلة,True,5,3
arabic_to_arabizi,أقوال,2aqwaal,2aqwaal,True,5,7
arabic_to_arabizi,سلاخي,slaakhi,salaakhi,False,5,7
arabizi_to_arabic,daqme,دقمة,دقمة,True,5,4
arabizi_to_arabic,2istajidd,استجد,استجد,True,9,5
arabizi_to_arabic,tkhammash,تخمش,تخمش,True,9,4
arabic_to_arabizi,أهل,2ahhil,2ahhil,True,3,6
arabizi_to_arabic,baqkbuushe,بقبوشة,بقبوشة,True,10,6
arabizi_to_arabic,fasil,فصل,فصل,True,5,3
arabizi_to_arabic,2imrannakh,مرنخ,امرنخ,False,10,4
arabic_to_arabizi,ارتياح,2irtiyaa7,2irtiyaa7,True,6,9
arabic_to_arabizi,تحصرم,t7asram,t7asram,True,5,7
arabizi_to_arabic,3aamir,عامر,عامر,True,6,4
arabizi_to_arabic,mshaat,مشاط,مشاط,True,6,4
arabic_to_arabizi,بسمل,basmil,basmal,False,4,6
arabizi_to_arabic,vilal,فلل,لال,False,5,3
arabic_to_arabizi,امضي,2imdi,2imdi,True,4,5
arabic_to_arabizi,سعل,sa3al,sa33il,False,3,5
arabic_to_arabizi,جرانق,djaraaniq,jaraaniqk,False,5,9
arabizi_to_arabic,2inkhimid,انخمد,انخمض,False,9,5
arabizi_to_arabic,2adma,أدمى,أدما,False,5,4
arabic_to_arabizi,شرق,sharq,sharraq,False,3,5
arabizi_to_arabic,riwish,روش,روش,True,6,3
arabic_to_arabizi,محوش,m7awwish,ma7wish,False,4,8
arabizi_to_arabic,law t7ut 2ijreek bil7eet,لو تحط اجريك بالحيط,لو تحيت الجربك,False,24,19
arabic_to_arabizi,يتكايف,yitkaayaf,yitkaayaf,True,6,9
arabizi_to_arabic,7arr,حر,حر,True,4,2
arabizi_to_arabic,yistaskhif,يستسخف,يستكشف,False,10,6
arabic_to_arabizi,أعطى كلمة,2i3ta kilme,2a3ta kalame,False,9,11
arabic_to_arabizi,مبقبش,mbaqbish,mbaqbish,True,5,8
arabic_to_arabizi,عفيف,3afiif,3afiif,True,4,6
arabic_to_arabizi,باعد,baa3id,baa3id,True,4,6
arabic_to_arabizi,يكمر,yukmur,ykammir,False,4,6
arabizi_to_arabic,wakaalit 2ilghooth,وكالة الغوث,وكلة الغطوه,False,18,11
arabizi_to_arabic,maqluube,مقلوبة,مقلوبة,True,8,6
arabic_to_arabizi,يشعوط,ysha3wit,ysha3wit,True,5,8
arabizi_to_arabic,2itfaaqam,اتفاقم,اتفاقم,True,9,6
arabic_to_arabizi,يخدر,yikhdarr,ykhaddir,False,4,8
arabic_to_arabizi,كراكيب,karaakiib,karaakiib,True,6,9
arabic_to_arabizi,يلفي,yilfi,ylaffi,False,4,5
arabic_to_arabizi,ابن بيرو,2ibin biiro,2ibin birwi,False,8,11
arabizi_to_arabic,surra,سرة,سرة,True,5,3
arabic_to_arabizi,قمبز,qkambiz,qambiz,False,4,7
arabizi_to_arabic,shatwit 2ilmasaatii7,شتوة المساطيح,شطوة الحمسي,False,20,13
arabic_to_arabizi,فش غله,fashsh ghullo,fashsh lagha,False,6,13
arabizi_to_arabic,wara,ورا,ورى,False,4,3
arabizi_to_arabic,raso yaabis,راسه يابس,رسيا بسه,False,11,9
arabizi_to_arabic,t3affaf,تعفف,تعفف,True,7,4
arabic_to_arabizi,على,3ala,3alla,False,3,4
arabizi_to_arabic,2uuzinha bmukhkhak,اوزنها بمخك,ازنها خبوخم,False,18,11
arabizi_to_arabic,baqar,بقر,بقر,True,5,3
arabizi_to_arabic,tashaddud,تشدد,تشدد,True,9,4
arabizi_to_arabic,naffikh,نفخ,نفخ,True,7,3
arabic_to_arabizi,تدلعب,2iddal3ab,2iddal3ab,True,5,9
arabic_to_arabizi,يتحنط,yit7annit,yit7annat,False,5,9
arabizi_to_arabic,qiikurqabbaash,قرقباش,قاربوش,False,14,6
arabizi_to_arabic,yirju,يرجو,يرجو,True,5,4
arabizi_to_arabic,kattir,كثر,كتر,False,6,3
arabizi_to_arabic,2inla7ash,انلحش,انلحش,True,9,5
arabizi_to_arabic,zubur,زبر,زبور,False,5,3
arabic_to_arabizi,يتأسلم,yit2aslam,yit2aslam,True,6,9
arabizi_to_arabic,ylaqqib,يلقب,يلقب,True,7,4
arabizi_to_arabic,2itbattar,اتبطر,اتبطر,True,9,5
arabic_to_arabizi,نسوان,niswaan,naswaan,False,5,7
arabizi_to_arabic,yista3idd,يستعد,يستعد,True,9,5
arabic_to_arabizi,مقرطس,mqartas,mqartis,False,5,7
arabic_to_arabizi,أظافر,2adaafir,2azaafir,False,5,8
arabic_to_arabizi,تكلم,tkallam,tkallam,True,4,7
arabizi_to_arabic,7amil,حمل,حمل,True,5,3
arabizi_to_arabic,ra3a,رعى,رعى,True,4,3
arabic_to_arabizi,سنفر,sanfar,sanfir,False,4,6
arabic_to_arabizi,اهبي,2ihbi,2ihbi,True,4,5
arabizi_to_arabic,mitsayyad,متصيد,متسيد,False,9,5
arabic_to_arabizi,يتماسك,yitmaasak,yitmaasak,True,6,9
arabic_to_arabizi,دندرمة,dindarma,dandarame,False,6,8
arabizi_to_arabic,yighfal,يغفل,يغفل,True,7,4
arabizi_to_arabic,qaraaqi3karaaki3,قراقع,قراقع,True,16,5
arabic_to_arabizi,استوحي,2istaw7i,2istaw7i,True,6,8
arabizi_to_arabic,yitsabba7,يتسبح,يتسبح,True,9,5
arabizi_to_arabic,hargal,هرجل,غرل,False,6,4
arabizi_to_arabic,warram,ورم,ورم,True,6,3
arabic_to_arabizi,تدهلز,2iddahlaz,2iddahlaz,True,5,9
arabizi_to_arabic,luus,لوص,لوص,True,4,3
arabic_to_arabizi,انلفي,2inlifi,2inlifi,True,5,7
arabic_to_arabizi,خمن,khamman,khammin,False,3,7
arabizi_to_arabic,3ama,عمى,عمى,True,4,3
arabic_to_arabizi,حلق,7alaq,7allaq,False,3,5
arabic_to_arabizi,يكرتن,ykartin,ykartin,True,5,7
arabic_to_arabizi,قليل خواص,qaliil khawaas,qaliil waasikh,False,9,14
arabic_to_arabizi,أجهماني,2ajhamaani,2ajhamaani,True,7,10
arabic_to_arabizi,يحمض,y7ammid,yi7mid,False,4,7
arabic_to_arabizi,ابن حسب ونسب,2ibin 7asab wunasab,2ibin 7asbuun,False,12,19
arabizi_to_arabic,qkamqkash,قمقش,قمقش,True,9,4
arabizi_to_arabic,waarim,وارم,وارم,True,6,4
arabizi_to_arabic,2ustuu7,أسطوح,استح,False,7,5
arabic_to_arabizi,كركمة,kurkamme,karkame,False,5,8
arabizi_to_arabic,mutamilliq,متملق,متملق,True,10,5
arabic_to_arabizi,يتناشف,yitnaashaf,yitnaafash,False,6,10
arabic_to_arabizi,نشط,nashshat,nashshit,False,3,8
arabizi_to_arabic,bartil,برطل,برطل,True,6,4
arabic_to_arabizi,يسخر,yiskhar,yiskhar,True,4,7
arabic_to_arabizi,تفسيد,tafsiid,tafsiid,True,5,7
arabizi_to_arabic,tawwih,توه,طوه,False,6,3
arabizi_to_arabic,nuduuj,نضوج,ندوج,False,6,4
arabic_to_arabizi,عمار,3amaar,3amaar,True,4,6
arabic_to_arabizi,زيت بلدي,zeet baladi,zeet baliid,False,8,11
arabizi_to_arabic,yfa3kish,يفعكش,يفعكش,True,8,5
arabizi_to_arabic,ynaahid,يناهض,يناهد,False,7,5
arabic_to_arabizi,ساكت,saakit,saakit,True,4,6
arabic_to_arabizi,فاتح ثمه و راخي بيضه,faati7 timmo wuraakhi beedo,faati7 mit wura khadabi,False,20,27
arabic_to_arabizi,حاملة من عينها,7aamle min 3eenha,7aamil min 3eeno,False,14,17
arabizi_to_arabic,3aafar,عافر,عافر,True,6,4
arabic_to_arabizi,رؤية,ru2ya,ru2ye,False,4,5
arabic_to_arabizi,شقى,shaqa,shaqqa,False,3,5
arabizi_to_arabic,yumlus,يملص,يملس,False,6,4
arabic_to_arabizi,جربان,jirbaan,jarbaan,False,5,7
arabizi_to_arabic,sufuu7,سفوح,صفوح,False,6,4
arabizi_to_arabic,7ible,حبلة,حلبة,False,5,4
arabizi_to_arabic,tmarqat,تمرقط,تمرقط,True,7,5
arabic_to_arabizi,عواينية,3awaayniyye,3awaayniye,False,7,11
arabizi_to_arabic,2iddalda2,تدلدق,تدلدق,True,9,5
arabizi_to_arabic,majnuun yi7ki wu3aaqil yisma3,مجنون يحكي وعاقل يسمع,مجن يحني وقعك وسلوم,False,29,21
arabic_to_arabizi,مشقوح,mashquu7,mashquu7,True,5,8
arabizi_to_arabic,7anye,حنية,حنية,True,5,4
arabizi_to_arabic,musaal7a,مصالحة,مسالح,False,8,6
arabizi_to_arabic,sidde,سدة,صدة,False,5,3
arabizi_to_arabic,shahha,شهى,شهى,True,6,3
arabizi_to_arabic,7ajal,حجل,حجل,True,5,3
arabizi_to_arabic,y3abbiq,يعبق,يعبق,True,7,4
arabic_to_arabizi,قرقعة,qurqa3akurka3a,qarqa3a,False,5,14
arabic_to_arabizi,مضغوط,madghuut,madghuut,True,5,8
arabic_to_arabizi,طنطوفة,tantuufe,tantuufe,True,6,8
arabic_to_arabizi,تعرم,t3arram,t3arram,True,4,7
arabizi_to_arabic,daraariib,دراريب,دراريب,True,9,6
arabizi_to_arabic,tad3iim,تدعيم,تدعيم,True,7,5
arabizi_to_arabic,ynaaqid,يناقض,يناقد,False,7,5
arabizi_to_arabic,bunuud,بنود,بنود,True,6,4
arabizi_to_arabic,lizim,لزم,لزم,True,5,3
arabizi_to_arabic,kashkashli,كشكشلي,كشكشل,False,10,6
arabizi_to_arabic,2it3aatal,اتعاطل,اتعاطل,True,9,6
arabic_to_arabizi,انتصار,2intisaar,2intisaar,True,6,9
arabizi_to_arabic,yi7tishim,يحتشم,يحتشم,True,9,5
arabic_to_arabizi,ملضمة,maldame,maldame,True,5,7
arabizi_to_arabic,ytahbij,يطهبج,يطهبج,True,7,5
arabic_to_arabizi,يربح,yrabbi7,yrabbi7,True,4,7
arabic_to_arabizi,تعتع,ta3ta3,t3atta3,False,4,6
arabic_to_arabizi,كعك بسميد,ka3ik bismiid,ka3ak bidmiis,False,9,13
arabizi_to_arabic,jama3,جمع,جمع,True,5,3
arabizi_to_arabic,y3ajjiz,يعجز,يعجز,True,7,4
arabizi_to_arabic,3izwe,عزوة,عزوة,True,5,4
arabizi_to_arabic,2izzaytuune mitil maa biddak minha bidha minnak,الزيتونة مثل ما بدك منها بدها منك,ازية طناد بخم من مادون ماليا من بخدك,False,47,33
arabic_to_arabizi,يتلقمن,yitlaqman,yitlaqman,True,6,9
arabizi_to_arabic,baskaleet,بسكليت,بسكليت,True,9,6
arabic_to_arabizi,يفطفط,yfatfit,yfatfit,True,5,7
arabizi_to_arabic,dabi3,ضبع,دبع,False,5,3
arabizi_to_arabic,hiff,هف,هف,True,4,2
arabizi_to_arabic,2amaakin,أماكن,أماكن,True,8,5
arabizi_to_arabic,mi7raak shar,محراك شر,محراك شر,True,12,8
arabic_to_arabizi,انعدل,2in3idil,2in3idil,True,5,8
arabizi_to_arabic,2istawdi3,استودع,استوضع,False,9,6
arabic_to_arabizi,فشة خلق,fashshit khuluq,fashkhit laqa,False,7,15
arabic_to_arabizi,صون,sawwin,suun,False,3,6
arabic_to_arabizi,يتركى,yitrakka,yitrakka,True,5,8
arabizi_to_arabic,yit2aamar,يتآمر,يتأمر,False,9,5
arabizi_to_arabic,masaabi7,مسابح,مسابح,True,8,5
arabic_to_arabizi,كحاتيت,ka7atiit,ka7aatiit,False,6,8
arabic_to_arabizi,تجنيد,tajniid,tajniid,True,5,7
arabizi_to_arabic,multa7i,ملتحي,ملتحي,True,7,5
arabizi_to_arabic,2iza biku77 byitla3 ma3o masaari,إذا بيكح بيطلع معه مصاري,ازي بحبك عمالحر ميصعه,False,32,24
arabizi_to_arabic,nahj,نهج,نهج,True,4,3
arabic_to_arabizi,تقسيط,taqsiit,taqsiit,True,5,7
arabizi_to_arabic,qaarab,قارب,قارب,True,6,4
arabizi_to_arabic,baqqa3,بقع,بقع,True,6,3
arabic_to_arabizi,يقرق,yqarriq,yqarriq,True,4,7
arabic_to_arabizi,شية,shiyye,shiiye,False,3,6
arabic_to_arabizi,بطنه دربكة,batno diribakke,batno darake,False,10,15
arabizi_to_arabic,mlawwid,ملود,ملود,True,7,4
arabic_to_arabizi,يتسيطر,yitsaytar,yitsaytar,True,6,9
arabic_to_arabizi,مخاصيم,makhaasiim,makhaasiim,True,6,10
arabizi_to_arabic,yshakkil,يشكل,يشكل,True,8,4
arabic_to_arabizi,اتزحلق,2itza7laq,2itza7laq,True,6,9
arabizi_to_arabic,makkan,مكن,مكن,True,6,3
arabizi_to_arabic,2irtizi3,ارتزع,ارتزع,True,8,5
arabic_to_arabizi,قش,qushsh,qashsh,False,2,6
arabizi_to_arabic,talfaan,تلفان,تلفان,True,7,5
arabizi_to_arabic,2ista2sid,استأسد,استأسد,True,9,6
arabic_to_arabizi,صرف,sarraf,sarrif,False,3,6
arabic_to_arabizi,يداوي,ydaawi,ydaawi,True,5,6
arabizi_to_arabic,twaffaq,توفق,توفق,True,7,4
arabizi_to_arabic,laqaf,لقف,لقف,True,5,3
arabizi_to_arabic,2ittawwar,تطور,اتطور,False,9,4
arabizi_to_arabic,2amadd,أمد,أمد,True,6,3
arabic_to_arabizi,نعرة,na3ra,na3ra,True,4,5
arabic_to_arabizi,لعلع,la3la3,la3la3,True,4,6
arabic_to_arabizi,موسيقى,muusiiq2a,maswiiqa,False,6,9
arabic_to_arabizi,داخل,daakhil,daakhil,True,4,7
arabizi_to_arabic,yinwi3id,ينوعد,ينوعد,True,8,5
arabic_to_arabizi,تاج العروس,taaj 2il3aruus,taajal 2irra3as,False,10,14
arabizi_to_arabic,2a7kaam,أحكام,أحكام,True,7,5
arabic_to_arabizi,كايد,kaayid,kaayid,True,4,6
arabizi_to_arabic,madruub b7ajar faadi,مضروب بحجركبير,مضرب بحار فجرة,False,20,14
arabic_to_arabizi,جوعان,juu3aan,joo3aan,False,5,7
arabic_to_arabizi,سكت,sakkit,sakkit,True,3,6
arabizi_to_arabic,2itma33at,اتمعط,اتمعط,True,9,5
arabic_to_arabizi,قيس,qiis,qayyas,False,3,4
arabizi_to_arabic,ta3qiib,تعقيب,تعقيب,True,7,5
arabizi_to_arabic,2istaqzir,استقذر,استقذر,True,9,6
arabic_to_arabizi,أجود,2ajwad,2ajwad,True,4,6
arabic_to_arabizi,مشخص,mshakhkhis,mshakhkhis,True,4,10
arabizi_to_arabic,raghragh,رغرغ,رغرغ,True,8,4
arabic_to_arabizi,تدريس,tadriis,tadriis,True,5,7
arabic_to_arabizi,أئمة,2a2imme,2a2me,False,4,7
arabic_to_arabizi,حاروقة,7aruuqa,7aaruuqa,False,6,7
arabizi_to_arabic,2iftiris,افترس,افترس,True,8,5
arabizi_to_arabic,bukra bi7ilha 2alf 7allaal,بكره بيحلها ألف حلال,بكر بحل فها الهلله,False,26,20
arabizi_to_arabic,sa33ir,سعر,سعر,True,6,3
arabizi_to_arabic,2imshannis,مشنص,امشنس,False,10,4
arabic_to_arabizi,اشرب,2ishrab,2ishrib,False,4,7
arabic_to_arabizi,استكشف,2istakshaf,2istakshif,False,6,10
arabic_to_arabizi,امرأة,2imra2a,2umra2a,False,5,7
arabizi_to_arabic,yqkazzi3,يقزع,يقزع,True,8,4
arabizi_to_arabic,yjawwi3,يجوع,يجوع,True,7,4
arabic_to_arabizi,تضمين,tadmiin,tadmiin,True,5,7
arabizi_to_arabic,lazziq,لزق,لزق,True,6,3
arabic_to_arabizi,عين الجرادة,3een 2iljaraade,3een 2iljaraade,True,11,15
arabizi_to_arabic,qtshawaadhiim,قواظيم,تشاوذم,False,13,6
arabizi_to_arabic,yitsayyaj,يتسيج,يتسيج,True,9,5
arabic_to_arabizi,انتقاد,2intiqaad,2intiqaad,True,6,9
arabic_to_arabizi,فقى,faqa,faqa,True,3,4
arabic_to_arabizi,مطرفة,mitirfe,matrafe,False,5,7
arabic_to_arabizi,ابتسم,2ibtisim,2ibtasam,False,5,8
arabizi_to_arabic,suhyuuni,صهيوني,شوين,False,8,6
arabizi_to_arabic,3awaayniyye,عواينية,عوانية,False,11,7
arabizi_to_arabic,khaffif,خفف,خفف,True,7,3
arabic_to_arabizi,لامضة,laamda,laamda,True,5,6
arabizi_to_arabic,tabb,طب,طب,True,4,2
arabic_to_arabizi,هرش,harrish,harrash,False,3,7
arabic_to_arabizi,بتحصحص وبتمصمص,bit7as7is wubitmasmis,bit7as7it msbuusmus,False,14,21
arabic_to_arabizi,تلمس,tlammas,tlammas,True,4,7
arabic_to_arabizi,شد,shadd,shadd,True,2,5
arabizi_to_arabic,yzabbit,يضبط,يزبط,False,7,4
arabizi_to_arabic,2ajill,أجل,أجل,True,6,3
arabic_to_arabizi,إكريزة,2ikriize,2ikriize,True,6,8
arabic_to_arabizi,يزاول,yzaawil,yzaawil,True,5,7
arabic_to_arabizi,يذيل,ydayyil,ydiil,False,4,7
arabizi_to_arabic,waashish,واشش,واشش,True,8,4
arabic_to_arabizi,يتفشل,yitfashshal,yitfashshal,True,5,11
arabizi_to_arabic,yilhath,يلهث,يلهث,True,7,4
arabizi_to_arabic,lafa7,لفح,لفح,True,5,3
arabic_to_arabizi,قلية,qalye,qaliyye,False,4,5
arabic_to_arabizi,حيدرية,7eedariyye,7aydariyye,False,6,10
arabic_to_arabizi,يتفرفك,yitfarfak,yitfarfak,True,6,9
arabic_to_arabizi,بحز,ba7az,ba77az,False,3,5
arabizi_to_arabic,maghmuum,مغموم,مغموم,True,8,5
arabic_to_arabizi,أكل,2akil,2akal,False,3,5
arabizi_to_arabic,7aayim,حايم,حايم,True,6,4
arabic_to_arabizi,وجب,wijib,wajjib,False,3,5
arabizi_to_arabic,2insijim,انسجم,انسجم,True,8,5
arabizi_to_arabic,yityassar,يتيسر,يتسير,False,9,5
arabic_to_arabizi,مرهون,marhuun,marhuun,True,5,7
arabizi_to_arabic,yinqimi3,ينقمع,ينقمع,True,8,5
arabizi_to_arabic,tasayyub,تسيب,تسيب,True,8,4
arabizi_to_arabic,zakka,زكى,زكا,False,5,3
arabic_to_arabizi,يزوي,yizwi,ywazzi,False,4,5
arabizi_to_arabic,t3allim 2il3usi 3ajnaabak,تعلم العصي عجنابك,تعلى المن بيجعك عس,False,25,17
arabic_to_arabizi,أذونة,2uzuune,2azwane,False,5,7
arabic_to_arabizi,ديون,deewin,daywan,False,4,6
arabizi_to_arabic,yittaffal,يتطفل,يتطفل,True,9,5
arabizi_to_arabic,siigh,صيغ,صيغ,True,5,3
arabizi_to_arabic,2it3arqas,اتعرقص,اتعرقص,True,9,6
arabic_to_arabizi,بخبخ,bakhbikh,bakhbakh,False,4,8
arabizi_to_arabic,2inwajad,انوجد,انوجد,True,8,5
arabic_to_arabizi,خصر,khassir,khassar,False,3,7
arabic_to_arabizi,قايله بإيش,qaayillo b2eesh,qaayil 2ishshshibi,False,10,15
arabizi_to_arabic,tili3 min timmi,طلع من ثمي,طلع من مي,False,15,10
arabic_to_arabizi,مشعر,msha33ir,msha33ir,True,4,8
arabic_to_arabizi,يمسي,ymassi,ymassi,True,4,6
arabizi_to_arabic,yuthqkub,يثقب,يثقب,True,8,4
arabic_to_arabizi,داحوسة,daa7uuse,daa7uuse,True,6,8
arabic_to_arabizi,يقحقح,yka7ki7,yqa7qi7yki7ki7yki7ki7,False,5,7
arabic_to_arabizi,يستشرق,yistashriq,yistashriq,True,6,10
arabic_to_arabizi,انسدت منافسي,2insaddat manaafsi,2insidit manafi,False,12,18
arabizi_to_arabic,bi3ard 2ukhti,بعرض أختي,بعدر الخت,False,13,9
arabizi_to_arabic,muwaajaha,مواجهة,مواجه,False,9,6
arabic_to_arabizi,تبعثر,tba3tar,tba3tar,True,5,7
arabizi_to_arabic,saffah,سفه,صفه,False,6,3
arabic_to_arabizi,اتنغز,2itnaghghaz,2itnaghghaz,True,5,11
arabizi_to_arabic,sayyaarit 2ilkhunfasa,سيارة الخنفساء,سايرة الفياسخن,False,21,14
arabizi_to_arabic,shakhal,شخل,شخل,True,7,3
arabizi_to_arabic,daruuri,ضروري,دارور,False,7,5
arabizi_to_arabic,ynajji,ينجي,ينجي,True,6,4
arabic_to_arabizi,حبيب,7abbiib,7abiib,False,4,7
arabizi_to_arabic,2imtir,امطر,امتر,False,6,4
arabizi_to_arabic,2i7li,احلي,احلي,True,5,4
arabic_to_arabizi,فهلوية,fahlawiyye,fahluuliyye,False,6,10
arabizi_to_arabic,yinbiri,ينبري,ينبري,True,7,5
arabic_to_arabizi,انغز,2inghazz,2inghazz,True,4,8
arabic_to_arabizi,يدبر,ydabbir,ydabbir,True,4,7
arabic_to_arabizi,حرف,7arf,7arrif,False,3,4
arabic_to_arabizi,ازبع,2izba3,2izba3,True,4,6
arabic_to_arabizi,تفوط,tfawwat,tfawwat,True,4,7
arabic_to_arabizi,متابع,mtaabi3,mutaabi3,False,5,7
arabic_to_arabizi,طبع,tabba3,tabbi3,False,3,6
arabic_to_arabizi,يحوف,y7uuf,y7awwif,False,4,5
arabizi_to_arabic,qkamqkashe,قمقشة,قمقشة,True,10,5
arabizi_to_arabic,mtallaq,مطلق,مطلق,True,7,4
arabizi_to_arabic,labat,لبط,لبط,True,5,3
arabic_to_arabizi,رخوي,rakhawi,rakhwi,False,4,7
arabic_to_arabizi,محصن,m7assan,m7assin,False,4,7
arabic_to_arabizi,لعب,li3ib,la33ib,False,3,5
arabizi_to_arabic,qabad,قبض,قبد,False,5,3
arabic_to_arabizi,طق وموت,tuqq wumuut,qatu moot,False,7,11
arabizi_to_arabic,mit2aalif,متآلف,متأافل,False,9,5
arabic_to_arabizi,فلفل,filfil,falfal,False,4,6
arabic_to_arabizi,تكتف,tkattaf,tkattaf,True,4,7
arabizi_to_arabic,3aqlaani,عقلاني,علقاني,False,8,6
arabizi_to_arabic,2insakh,انسخ,انسخ,True,7,4
arabizi_to_arabic,7araara,حرارة,حرارة,True,7,5
arabic_to_arabizi,طول كرم,tuul karim,tool karram,False,7,10
arabizi_to_arabic,yultuf,يلطف,يلطف,True,6,4
arabizi_to_arabic,yitqassam,يتقسم,يتقصم,False,9,5
arabic_to_arabizi,ختم,khatam,khattam,False,3,6
arabizi_to_arabic,yfawwir,يفور,يفور,True,7,4
arabic_to_arabizi,يتلم,ytallim,yitlamm,False,4,7
arabic_to_arabizi,لزقة,lazqa,lazqa,True,4,5
arabizi_to_arabic,yinrifis,ينرفس,ينرفس,True,8,5
arabic_to_arabizi,أيامين,2ayaamiin,2ayaamiin,True,6,9
arabizi_to_arabic,narfiz,نرفز,نرفز,True,6,4
arabizi_to_arabic,saaham,ساهم,ساهم,True,6,4
arabic_to_arabizi,رقوبة,rqkuube,raqwabe,False,5,7
arabizi_to_arabic,tashrii3,تشريع,تشريع,True,8,5
arabizi_to_arabic,zukaam,زكام,زكام,True,6,4
arabizi_to_arabic,laa tzimm wala tushkur 2illa ba3id sane wusitt 2ashhur,لا تذم ولا تشكر الا بعد سنة وست اشهر,لا تزي من ولا بطوش عر لسخت,False,54,36
arabizi_to_arabic,2itlaqqan,اتلقن,اتلقن,True,9,5
arabizi_to_arabic,soolaar,سولار,سولار,True,7,5
arabic_to_arabizi,حديقة,7adiiqa,7adiiqa,True,5,7
arabizi_to_arabic,faaz,فاز,فاز,True,4,3
arabic_to_arabizi,خاوي,khaawi,khaawi,True,4,6
arabizi_to_arabic,y3aayin,يعاين,يعاين,True,7,5
arabizi_to_arabic,yirsub,يرسب,يرصب,False,6,4
arabizi_to_arabic,2ilta7aq,التحق,التحق,True,8,5
arabic_to_arabizi,يستشرف,yistashrif,yistashfir,False,6,10
arabic_to_arabizi,يقبح,yqabbi7,yqabbi7,True,4,7
arabic_to_arabizi,فكر,fakkar,fakkar,True,3,6
arabic_to_arabizi,نصح,nassa7,nassa7,True,3,6
arabic_to_arabizi,أقصى,2aqsa,2aqsa,True,4,5
arabizi_to_arabic,2ilhaj,الهج,الهج,True,6,4
arabizi_to_arabic,y3ammis,يعمص,يعمص,True,7,4
arabic_to_arabizi,جدي,jadi,jaddi,False,3,4
arabizi_to_arabic,3amaat,عماة,عماط,False,6,4
arabizi_to_arabic,7abil 2il2afkaar,حبل الأفكار,حبل الفكر,False,16,11
arabizi_to_arabic,faayid,فايد,فايض,False,6,4
arabizi_to_arabic,mukhawwal,مخول,مخول,True,9,4
arabic_to_arabizi,خايل,khaayal,khaayil,False,4,7
arabizi_to_arabic,bi3ard 2innawar,بعرض النور,بعرد النور,False,15,10
arabizi_to_arabic,shattat wunattat,شطت ونطت,شطت وطن,False,16,8
arabizi_to_arabic,nqatti3 2ilmahir,نقطع المهر,نقطع الخمر,False,16,10
arabizi_to_arabic,lama7,لمح,لمح,True,5,3
arabizi_to_arabic,judari,جدري,جداري,False,6,4
arabic_to_arabizi,شمس,shamis,shammis,False,3,6
arabic_to_arabizi,مدسوس,madsuus,madsuus,True,5,7
arabizi_to_arabic,hadaf nabiil,هدف نبيل,هدفن بيل,False,12,8
arabizi_to_arabic,sakan,سكن,سكن,True,5,3
arabic_to_arabizi,وزير,waziir,waziir,True,4,6
arabizi_to_arabic,yistimirr,يستمر,يستمر,True,9,5
arabic_to_arabizi,تحفز,t7affaz,t7affaz,True,4,7
arabizi_to_arabic,kaffiyye,كفية,كفية,True,8,4
arabizi_to_arabic,mistandif,مستنظف,مستنظف,True,9,6
arabic_to_arabizi,ستف,sattaf,sattif,False,3,6
arabic_to_arabizi,يساهم,ysaahim,ysaahim,True,5,7
arabic_to_arabizi,ارجو,2irju,2irwij,False,4,5
arabic_to_arabizi,مخلل,mkhallal,mkhallil,False,4,8
arabizi_to_arabic,takka,تكى,تكى,True,5,3
arabizi_to_arabic,min qabbit,من قبة,من قبت,False,10,6
arabic_to_arabizi,عب,3ibb,3abb,False,2,4
arabic_to_arabizi,لاعب,laa3ab,laa3ib,False,4,6
arabizi_to_arabic,mitil maa wadda3it tlaaqi,مثل ما ودعت تلاقي,مطل مي قد والعت,False,25,17
arabizi_to_arabic,na3kash,نعكش,نعكش,True,7,4
arabizi_to_arabic,tja3las,تجعلص,تجعلص,True,7,5
arabic_to_arabizi,طبلج,tablaj,tablij,False,4,6
arabic_to_arabizi,يبطنج,ybatnidj,ybatnij,False,5,8
arabic_to_arabizi,نظام,nizaam,naddaam,False,4,6
arabic_to_arabizi,تسجل,tsajjal,tsajjal,True,4,7
arabizi_to_arabic,m3ankish,معنكش,معنكش,True,8,5
arabic_to_arabizi,بدر,badir,baddar,False,3,5
arabizi_to_arabic,shurraabe,شرابة,شرابة,True,9,5
arabizi_to_arabic,khilaaf,خلاف,خلاف,True,7,4
arabizi_to_arabic,zamani,زمني,زمان,False,6,4
arabizi_to_arabic,sadjloone,سجلونة,سجلونة,True,9,6
arabizi_to_arabic,3aab,عاب,عاب,True,4,3
arabizi_to_arabic,y3affish,يعفش,يعفش,True,8,4
arabic_to_arabizi,يضبب,ydabbib,ydabbib,True,4,7
arabizi_to_arabic,qarraf,قرف,قرف,True,6,3
arabic_to_arabizi,قلبي قامصني,qalbi qaamisni,qalbiiq maniis,False,11,14
arabizi_to_arabic,mawaasim,مواسم,مواسم,True,8,5
arabizi_to_arabic,m3arram,معرم,معرم,True,7,4
arabic_to_arabizi,نعي,na3i,na33i,False,3,4
arabic_to_arabizi,مسمى,musamma,msamma,False,4,7
arabic_to_arabizi,استصعب,2istas3ab,2istas3ib,False,6,9
arabic_to_arabizi,بكس,bakkas,bakkis,False,3,6
arabic_to_arabizi,تبع,tabbi3,tabbi3,True,3,6
arabizi_to_arabic,dandish,دندش,دندش,True,7,4
arabic_to_arabizi,ينسخ,yinsakh,yinsakhkh,False,4,7
arabizi_to_arabic,t2ablas,تأبلس,تأبلس,True,7,5
arabizi_to_arabic,wizir,وزر,وزر,True,5,3
arabic_to_arabizi,استضخم,2istadkhim,2istakhmid,False,6,10
arabic_to_arabizi,يهدي,yhaddi,yhaddi,True,4,6
arabizi_to_arabic,yitba3tar,يتبعثر,يتبعثر,True,9,6
arabic_to_arabizi,رقاص,raqqaas,raqaas,False,4,7
arabic_to_arabizi,يتذوق,yitdawwaq,yitwadhdhaq,False,5,9
arabizi_to_arabic,yiqsha3,يقشع,يقشع,True,7,4
arabizi_to_arabic,2i3raab,اعراب,اعراب,True,7,5
arabizi_to_arabic,dura,ذرة,درا,False,4,3
arabizi_to_arabic,2aliim,أليم,أليم,True,6,4
arabic_to_arabizi,ابتلاء,2ibtilaa2,2ibtilaa2,True,6,9
arabizi_to_arabic,tkhaalaf,تخالف,تخالف,True,8,5
arabizi_to_arabic,3alawlaylaa,علوليلاه,علوايل,False,11,8
arabic_to_arabizi,كثر,kitir,kattar,False,3,5
arabizi_to_arabic,2iddoola2,اتدولق,اتدولق,True,9,6
arabic_to_arabizi,خايب,khaayib,khaayib,True,4,7
arabizi_to_arabic,faqqash,فقش,فقش,True,7,3
arabic_to_arabizi,نزلة,nazle,nazle,True,4,5
arabizi_to_arabic,2ukhbus,اخبص,اخبص,True,7,4
arabizi_to_arabic,yitbarbat,يتبربط,يتبربط,True,9,6
arabic_to_arabizi,لطف,lattaf,lattif,False,3,6
arabizi_to_arabic,2inbitaa7,انبطاح,انبطاح,True,9,6
arabic_to_arabizi,حرر,7arrir,7arrar,False,3,6
arabizi_to_arabic,baladi,بلدي,بلادي,False,6,4
arabizi_to_arabic,yihshal,يهشل,يهشل,True,7,4
arabic_to_arabizi,بشرة,bashra,bashra,True,4,6
arabizi_to_arabic,khallil,خلل,خل,False,7,3
arabizi_to_arabic,yin7ashsh,ينحش,ينحش,True,9,4
arabizi_to_arabic,maazi3,مازع,مازع,True,6,4
arabic_to_arabizi,يتملى,yitmalla,yitmalla,True,5,8
arabizi_to_arabic,2itlaakam,اتلاكم,اتلاكم,True,9,6
arabizi_to_arabic,mnaahaqa,مناهقة,مناهق,False,8,6
arabizi_to_arabic,yir3id,يرعد,يرعد,True,6,4
arabizi_to_arabic,sibir,سبر,سبر,True,5,3
arabic_to_arabizi,عقلاني,3aqlaani,3aqlaani,True,6,8
arabic_to_arabizi,ملتوح,miltiwi7,maltuu7,False,5,8
arabizi_to_arabic,khadam,خدم,خدم,True,6,3
arabizi_to_arabic,khanqa,خنقة,خنقة,True,6,4
arabic_to_arabizi,فراري,fraari,faraari,False,5,6
arabic_to_arabizi,انقصع,2inqasi3,2inqisi3,False,5,8
arabizi_to_arabic,mjaari,مجاري,مجاري,True,6,5
arabic_to_arabizi,مكسل,mkassil,mkassil,True,4,7
arabic_to_arabizi,عوادم,3awaadim,3awaadim,True,5,8
arabizi_to_arabic,shaqaayif,شقايف,شقايف,True,9,5
arabizi_to_arabic,7ashshish,حشش,حشش,True,9,3
arabic_to_arabizi,عقل,3aqqil,3aqqil,True,3,6
arabizi_to_arabic,yirjuf,يرجف,يرجف,True,6,4
arabic_to_arabizi,كرادل,kgaraadil,karaadil,False,5,9
arabizi_to_arabic,tkarfatat,تكرفت,تكرفت,True,9,5
arabizi_to_arabic,fayy wumayy,في ومي,في ومي,True,11,6
arabizi_to_arabic,laa traafiq 2iddaliil bitdhill mithlo walaa tinzil daar 2ittahaayim tuthimi,لا ترافق الذليل بتذل مثله ولا تنزل دار التهايم تتهمي,لا طرفيه الذن بيلته ولالثل ده مثل الثل الثل الثلثل الثل الثلثل الثلثل ولثلثل الثلثل الثلثل الثلثل الثلثل ,False,75,52
arabizi_to_arabic,kastana,كستنا,كستان,False,7,5
arabic_to_arabizi,نواح,nwaa7,nawwaa7,False,4,5
arabic_to_arabizi,قيم,qayyim,qayyam,False,3,6
arabic_to_arabizi,دمالج,damaalij,damaalij,True,5,8
arabic_to_arabizi,مشحون,mash7uun,mash7uun,True,5,8
arabizi_to_arabic,7aaluushe,حالوشة,حالوشة,True,9,6
arabizi_to_arabic,tsharnaq,تشرنق,تشرنق,True,8,5
arabic_to_arabizi,خمل,khimil,khammil,False,3,6
arabizi_to_arabic,yitfaaham,يتفاهم,يتفاهم,True,9,6
arabic_to_arabizi,شكلة,shakle,shakle,True,4,6
arabic_to_arabizi,يتقصى,yitqassa,yitqassa,True,5,8
arabic_to_arabizi,افتقد,2iftaqid,2iftiqid,False,5,8
arabic_to_arabizi,سوء,suu2,suu2,True,3,4
arabic_to_arabizi,يختم,yikhtim,ykhattim,False,4,7
arabizi_to_arabic,hazz badani,هز بدني,هزب دني,False,11,7
arabizi_to_arabic,khawat,خوت,خوط,False,6,3
arabizi_to_arabic,maghadj,مغج,مغج,True,7,3
arabizi_to_arabic,targhil,ترغل,ترغل,True,7,4
arabic_to_arabizi,اوهم,2uuhim,2ihwim,False,4,6
arabizi_to_arabic,kharuuf,خاروف,خروف,False,7,5
arabic_to_arabizi,يتدقلج,yiddaqladj,yiddaqladj,True,6,10
arabic_to_arabizi,شعطة,sha3ta,sha3ta,True,4,6
arabizi_to_arabic,m3attar,معثر,معتر,False,7,4
arabizi_to_arabic,2id7ak b3ibbak,اضحك بعبك,اضحك بعبك,True,14,9
arabic_to_arabizi,حكر,7ikir,7akkar,False,3,5
arabic_to_arabizi,عز,3izz,3azz,False,2,4
arabizi_to_arabic,tandjiir,طنجير,تنجير,False,8,5
arabizi_to_arabic,2izlut,ازلط,ازلط,True,6,4
arabizi_to_arabic,zirim,زرم,زرم,True,5,3
arabic_to_arabizi,استكبرها ولو عجرة,2istakbirha walaw 3adjra,2istikro brooja3,False,17,24
arabic_to_arabizi,انجر,2injarr,2injarr,True,4,7
arabizi_to_arabic,dajjaal,دجال,دجال,True,7,4
arabic_to_arabizi,فنجر,fanjar,fanjar,True,4,6
arabizi_to_arabic,mitnaazil,متنازل,متنازل,True,9,6
arabizi_to_arabic,kabbar raas,كبر راس,كبر راس,True,11,7
arabic_to_arabizi,مبلبح,mbalba7,mbalba7,True,5,7
arabizi_to_arabic,yistaw7ish,يستوحش,يستوحش,True,10,6
arabic_to_arabizi,ينعدل,yin3idil,yin3idil,True,5,8
arabic_to_arabizi,ينضح,yinda7,yinda77,False,4,6
arabizi_to_arabic,2itsarma7,اتصرمح,اتسرمح,False,9,6
arabic_to_arabizi,دريس,darriis,dariis,False,4,7
arabizi_to_arabic,qaziife,قذيفة,قزيفة,False,7,5
arabic_to_arabizi,سروال,sirwaal,sruwaal,False,5,7
arabizi_to_arabic,zraaf,ظراف,زراف,False,5,4
arabizi_to_arabic,badal faaqid,بدل فاقد,بدلف قاد,False,12,8
arabizi_to_arabic,lahad,لهد,لهد,True,5,3
arabizi_to_arabic,2a3fa,أعفى,أعفى,True,5,4
arabizi_to_arabic,tadbiir,تدبير,تدبير,True,7,5
arabizi_to_arabic,taayir,طاير,طاير,True,6,4
arabic_to_arabizi,ناسي,naasi,naasi,True,4,5
arabic_to_arabizi,رمضان,ramadaan,ramdaan,False,5,8
arabic_to_arabizi,خرم,kharram,kharram,True,3,7
arabizi_to_arabic,twaa2am,توائم,توائم,True,7,5
arabizi_to_arabic,jardim,جردم,جردم,True,6,4
arabic_to_arabizi,حبق,7abaq,7abbaq,False,3,5
arabizi_to_arabic,2i7mut,احمط,احمط,True,6,4
arabizi_to_arabic,da3as 3adanabo,دعس عذنبه,دعس عبنه,False,14,9
arabizi_to_arabic,salaam bil2iid,سلام بالإيد,سلام بيلد,False,14,11
arabizi_to_arabic,ni3mit kariim,نعمة كريم,نعمة كرمي,False,13,9
arabic_to_arabizi,انبعط,2inbi3it,2inba3at,False,5,8
arabizi_to_arabic,t2ammal,تأمل,تأمل,True,7,4
arabic_to_arabizi,نعكش,na3kash,na3kish,False,4,7
arabizi_to_arabic,ma77a,محى,محى,True,5,3
arabizi_to_arabic,2istanad,استند,استند,True,8,5
arabizi_to_arabic,munghaliq,منغلق,منغلق,True,9,5
arabizi_to_arabic,rakhrakha,رخرخة,رخرخة,True,9,5
arabic_to_arabizi,دربيل,darbiil,darbiil,True,5,7
arabic_to_arabizi,حتما,7atman,7atma,False,4,6
arabizi_to_arabic,2ilmalaafiz sa3id,الملافظ سعد,المالفظ عصد,False,17,11
arabic_to_arabizi,يكفت,yikfit,ykaffit,False,4,6
arabic_to_arabizi,تحادق,t7aadaqg,t7aadaq,False,5,8
arabic_to_arabizi,طرطف,tartaf,tartif,False,4,6
arabic_to_arabizi,حنتش,7antash,7antash,True,4,7
arabic_to_arabizi,مطراق,mutraaq,matraaq,False,5,7
arabizi_to_arabic,yitmahza2,يتمهزأ,يتمهزأ,True,9,6
arabic_to_arabizi,يتهجد,yithajjad,yitjahhad,False,5,9
arabizi_to_arabic,tsalsal,تسلسل,تسلسل,True,7,5
arabizi_to_arabic,yitjakkak,يتجكك,يتجكك,True,9,5
arabic_to_arabizi,يوكل,yuukil,ywakkil,False,4,6
arabizi_to_arabic,laaghi,لاغي,لاغي,True,6,4
arabic_to_arabizi,يكحرت,yka7rit,yka7rit,True,5,7
arabizi_to_arabic,shakhbit,شخبط,شخبط,True,8,4
arabic_to_arabizi,تعلب,t3allab,t3allab,True,4,7
arabic_to_arabizi,اتعمم,2it3ammim,2it3ammam,False,5,9
arabic_to_arabizi,غناني,ghanaani,ghanaani,True,5,8
arabic_to_arabizi,مولود,mawluud,mwalwid,False,5,7
arabizi_to_arabic,2amhal,أمهل,أمهل,True,6,4
arabizi_to_arabic,tbanna,تبنى,تبنى,True,6,4
arabic_to_arabizi,انفك,2infakk,2infakk,True,4,7
arabizi_to_arabic,2istawfi,استوفي,استوفي,True,8,6
arabizi_to_arabic,mukhkho msaddi,مخه مصدي,مخه دمس,False,14,8
arabizi_to_arabic,7aasis,حاسس,حاسس,True,6,4
arabic_to_arabizi,ركب,rukub,rakkib,False,3,5
arabizi_to_arabic,winn,ون,ون,True,4,2
arabizi_to_arabic,ghannuuj,غنوج,غنجوج,False,8,4
arabic_to_arabizi,يكزدر,ykazdir,ykazdir,True,5,7
arabic_to_arabizi,قد شعر راسك,qadd sha3ar raasak,qadd sha3 raasok,False,11,18
arabizi_to_arabic,2uushim,اوشم,اوشم,True,7,4
arabic_to_arabizi,طشوتة,tshuute,shatwate,False,5,7
arabizi_to_arabic,yiskar,يسكر,يسكر,True,6,4
arabizi_to_arabic,salaamto,سلامته,سلامطو,False,8,6
arabizi_to_arabic,3urr,عر,عر,True,4,2
arabizi_to_arabic,khabiisa,خبيصة,خبيثة,False,8,5
arabizi_to_arabic,katkat,كتكت,كتكت,True,6,4
arabic_to_arabizi,أجاد,2ajaad,2ajaad,True,4,6
arabic_to_arabizi,أجنحة,2ajni7a,2ajna7a,False,5,7
arabizi_to_arabic,2atayyin 3iishto,أطين عيشته,أطين عيشته,True,16,10
arabic_to_arabizi,خان,khaan,khaan,True,3,5
arabizi_to_arabic,safiih,سفيه,صافيه,False,6,4
arabizi_to_arabic,mjallid,مجلد,مجلد,True,7,4
arabic_to_arabizi,عساكر,3asaakir,3asaakir,True,5,8
arabic_to_arabizi,شفناله,shufnaalo,shafanaahil,False,6,9
arabic_to_arabizi,ترشح,trashsha7,trashsha7,True,4,9
arabic_to_arabizi,صدر,sadir,saddir,False,3,5
arabizi_to_arabic,2ikhwaan,إخوان,اخوان,False,8,5
arabizi_to_arabic,shalfit,شلفط,شلفط,True,7,4
arabic_to_arabizi,تقرقع,tqarqa3tkarka3,tqarqa3,False,5,14
arabic_to_arabizi,مرص,maras,marris,False,3,5
arabic_to_arabizi,امسك,2imsik,2imsakk,False,4,6
arabizi_to_arabic,3ata,عطى,عطى,True,4,3
arabic_to_arabizi,ضخم,dakhkhim,dakhkham,False,3,8
arabic_to_arabizi,جقر,jaqar,djaqqar,False,3,5
arabic_to_arabizi,مهدة,mahadde,mahde,False,4,7
arabizi_to_arabic,faal 2alla wala faalak,فال الله ولا فالك,ول أف اللله ك,False,22,17
arabizi_to_arabic,kalhas,كلهس,كلهس,True,6,4
arabizi_to_arabic,fak7a,فكحا,فكحة,False,5,4
arabizi_to_arabic,yisjin,يسجن,يسجن,True,6,4
arabizi_to_arabic,2itnaathar,اتناثر,اتناثر,True,10,6
arabizi_to_arabic,ysalli,يصلى,يسلي,False,6,4
arabic_to_arabizi,خرعة,khar3a,khar3a,True,4,6
arabizi_to_arabic,mooze,موزة,موزة,True,5,4
arabic_to_arabizi,جنط,jannit,jannat,False,3,6
arabizi_to_arabic,jaawaz,جاوز,جاوز,True,6,4
arabizi_to_arabic,mit7aftil,متحفتل,متحفتل,True,9,6
arabizi_to_arabic,ziil,زيل,زيل,True,4,3
arabic_to_arabizi,تعفف,t3affaf,t3affaf,True,4,7
arabic_to_arabizi,طول,tawwal,tuul,False,3,6
arabic_to_arabizi,تقرقع,tqarqa3,tqarqa3,True,5,7
arabic_to_arabizi,حندر,7andar,7andar,True,4,6
arabizi_to_arabic,dallif,دلف,دلف,True,6,3
arabic_to_arabizi,مجق,madjaq,majdjaq,False,3,6
arabic_to_arabizi,ينهد,yinhadd,yinhadd,True,4,7
arabic_to_arabizi,افقي,2ifqi,2ifqi,True,4,5
arabizi_to_arabic,3ass,عس,عص,False,4,2
arabizi_to_arabic,khaff,خف,خف,True,5,2
arabic_to_arabizi,اقتبس,2iqtabas,2iqtibis,False,5,8
arabizi_to_arabic,kaff,كف,كف,True,4,2
arabizi_to_arabic,yinqum,ينقم,ينقم,True,6,4
arabizi_to_arabic,2ir7am 7aalak,ارحم حالك,إرحم حالك,False,13,9
arabic_to_arabizi,فاقع,faaqi3,faaqi3,True,4,6
arabizi_to_arabic,yikhdarr,يخضر,يخدر,False,8,4
arabizi_to_arabic,randale,رندلة,رندلة,True,7,5
arabizi_to_arabic,zuqqazukkazu22a,زقة,زقزقوق,False,15,3
arabizi_to_arabic,mansuukh,منسوخ,منسوخ,True,8,5
arabizi_to_arabic,ta7ammul,تحمل,تحمل,True,8,4
arabizi_to_arabic,sukkari,سكري,سكري,True,7,4
arabizi_to_arabic,m3aayade,معايدة,معادية,False,8,6
arabizi_to_arabic,7ilfaan,حلفان,حلفان,True,7,5
arabizi_to_arabic,shari7,شرح,شرح,True,6,3
arabic_to_arabizi,نواسة,nawwaase,nawwaase,True,5,8
arabic_to_arabizi,دباغ,dabbaagh,dbaagh,False,4,8
arabizi_to_arabic,2isbi7 3asaa3it halmasa,اصبح عساعة هالمسا,اسبح عالشط مسلعة,False,23,17
arabic_to_arabizi,يدخن,ydakhkhin,yidkhan,False,4,9
arabizi_to_arabic,rawwib,روب,روب,True,6,3
arabizi_to_arabic,fas3uun,فصعون,فسعون,False,7,5
arabic_to_arabizi,طهارة,tahaara,tahaara,True,5,7
arabizi_to_arabic,hazar,هزر,هزر,True,5,3
arabizi_to_arabic,2i3tidi,اعتدي,اعتدي,True,7,5
arabizi_to_arabic,y3afshik,يعفشك,يعفشك,True,8,5
arabic_to_arabizi,طرطوفة,tartuufe,tartuufe,True,6,8
arabic_to_arabizi,معلاط,mu3laat,mu3laat,True,5,7
arabic_to_arabizi,وجهك خير,wijhik kheer,wijho kheer,False,8,12
arabizi_to_arabic,kanz fi mazbale,كنز في مزبلة,كنز في ملبزة,False,15,12
arabic_to_arabizi,عدل,3adil,3addil,False,3,5
arabizi_to_arabic,sabri nifid,صبري نفذ,صبر نظيد,False,11,8
arabizi_to_arabic,2it7arman,اتحرمن,اتحرمن,True,9,6
arabic_to_arabizi,زقرق,zaqraq,zaqriq,False,4,6
arabizi_to_arabic,sheele,شيلة,شيل,False,6,4
arabic_to_arabizi,الحم,2il7im,2il7am,False,4,6
arabic_to_arabizi,سلوع,salwi3,salwa3,False,4,6
arabic_to_arabizi,فناجين,fanajiin,fanaajiin,False,6,8
arabic_to_arabizi,اتكرنب,2itkarnab,2itkarnab,True,6,9
arabizi_to_arabic,balaash,بلاش,بلاش,True,7,4
arabic_to_arabizi,سمعة,sam3a,sam3a,True,4,5
arabic_to_arabizi,سلامة فهمك,salaamit fihmak,salaame fikham,False,10,15
arabizi_to_arabic,khatt,خط,خط,True,5,2
arabic_to_arabizi,يفنع,yfanni3,yfanni3,True,4,7
arabizi_to_arabic,mshatti,مشتي,مشطي,False,7,4
arabic_to_arabizi,عاد,3aad,3aad,True,3,4
arabizi_to_arabic,ni7if,نحف,نحف,True,5,3
arabic_to_arabizi,عكنن,3aknin,3aknan,False,4,6
arabizi_to_arabic,razzaz,رزز,رزز,True,6,3
arabizi_to_arabic,2irda3,اردع,اردع,True,6,4
arabic_to_arabizi,ينصعق,yinsi3iq,yinsi3iq,True,5,8
arabizi_to_arabic,jarba,جربا,جربا,True,5,4
arabizi_to_arabic,rakad,ركض,ركد,False,5,3
arabic_to_arabizi,قام الدنيا عراسها,qaam 2iddunya 3araasha,qaam 2idddaan 3asaari,False,17,22
arabic_to_arabizi,فصيل,fasiil,fasiil,True,4,6
arabizi_to_arabic,2insabb,انصب,انصب,True,7,4
arabic_to_arabizi,سعد الذابح,sa3di dhdhaabi7,sa3ad 2il7abad,False,10,15
arabic_to_arabizi,بيتوتي,baytuuti,byitwatwi,False,6,8
arabic_to_arabizi,فوالة,fawaale,fawwaale,False,5,7
arabic_to_arabizi,يقمط,yqammit,yqammit,True,4,7
arabizi_to_arabic,2it7ajjab,اتحجب,اتحجب,True,9,5
arabic_to_arabizi,انهدم,2inhidim,2inhidim,True,5,8
arabizi_to_arabic,khadkhada,خضخضة,خدخد,False,9,5
arabic_to_arabizi,تجاوز,tjaawaz,tjaawaz,True,5,7
arabizi_to_arabic,yintifikh,ينتفخ,ينتفخ,True,9,5
arabic_to_arabizi,اشتباك,2ishtibaak,2ishtibaak,True,6,10
arabizi_to_arabic,muq7aar,مقحار,مقحار,True,7,5
arabizi_to_arabic,ysa77i7,يصحح,يسحح,False,7,4
arabic_to_arabizi,جحود,ju7uud,j7uud,False,4,6
arabizi_to_arabic,y7utt,يحط,يحط,True,5,3
arabizi_to_arabic,ykhashshit,يخشط,يخشط,True,10,4
arabizi_to_arabic,3aduwwaat 2alayy,عدوات علي,عدوا أيتل,False,16,9
arabic_to_arabizi,طاطا,taata,taata,True,4,5
arabic_to_arabizi,لاوص,laawas,laawis,False,4,6
arabic_to_arabizi,سفاح,saffaa7,safaa7,False,4,7
arabic_to_arabizi,بحتية,ba7tiyye,ba7tiyye,True,5,8
arabic_to_arabizi,كبد,kibid,kabbad,False,3,5
arabic_to_arabizi,يتفه,ytaffih,yitfahh,False,4,7
arabic_to_arabizi,كبش قرنفل,kabsh qrunful,kabish qkaranf,False,9,13
arabic_to_arabizi,نقح,naqqa7,naqqa7,True,3,6
arabic_to_arabizi,شبايه,shabaayih,shabaahi,False,5,9
arabic_to_arabizi,يستأذن,yista2zin,yista2zin,True,6,9
arabic_to_arabizi,عزارين,3azaariin,3azaariin,True,6,9
arabizi_to_arabic,qass,قس,قص,False,4,2
arabizi_to_arabic,ktiir ghalabe,كثير غلبة,تكر غبيلة,False,13,9
arabic_to_arabizi,عهد,3ahid,3ahhid,False,3,5
arabizi_to_arabic,7ithil,حثل,حثل,True,6,3
arabic_to_arabizi,تكشف,tkashshaf,tkashshaf,True,4,9
arabizi_to_arabic,tarqiye,ترقية,طرقية,False,7,5
arabizi_to_arabic,turfaan,طرفان,ترفان,False,7,5
arabizi_to_arabic,2ihwa,اهوى,إهوى,False,5,4
arabizi_to_arabic,2asiir,أسير,أسير,True,6,4
arabizi_to_arabic,wasaa3,وساع,وساع,True,6,4
arabizi_to_arabic,yrammim,يرمم,يرمم,True,7,4
arabic_to_arabizi,امتن,2imtan,2imtan,True,4,6
arabizi_to_arabic,naafuura wufat7it,نافورة وفتحت,نافرواة تحوا,False,17,12
arabizi_to_arabic,2akhraas,أخراص,أخراص,True,8,5
arabizi_to_arabic,muusa,موسى,موسى,True,5,4
arabizi_to_arabic,7uquuq,حقوق,حقوق,True,6,4
arabizi_to_arabic,shaayil,شايل,شايل,True,7,4
arabizi_to_arabic,yirmish,يرمش,يرمش,True,7,4
arabizi_to_arabic,zawaayid,زوايد,زوايد,True,8,5
arabic_to_arabizi,نصب,nasab,nassab,False,3,5
arabizi_to_arabic,dibal,ذبل,دبل,False,5,3
arabic_to_arabizi,عصرونة,3asruune,3asruune,True,6,8
arabic_to_arabizi,اتلكك,2itlakkak,2itlakkak,True,5,9
arabizi_to_arabic,7ayy,حي,حي,True,4,2
arabic_to_arabizi,مخلاية,mikhlaaye,mkhalaaye,False,6,9
arabizi_to_arabic,2ikhras,اخرس,اخرس,True,7,4
arabic_to_arabizi,لمبة,lamba,lambe,False,4,5
arabizi_to_arabic,lidd,لد,لد,True,4,2
arabizi_to_arabic,2abu shakhkha,أبو شخة,أبو خاش,False,13,7
arabic_to_arabizi,اتخدر,2itkhaddar,2itkhaddar,True,5,10
arabic_to_arabizi,اتخاصم,2itkhaasam,2itkhaasam,True,6,10
arabic_to_arabizi,يرخص,yirkhas,yirkhas,True,4,7
arabizi_to_arabic,yinsadd,ينسد,ينسد,True,7,4
arabizi_to_arabic,yqattib,يقطب,يقطب,True,7,4
arabic_to_arabizi,ثبات,sabaat,sabbaat,False,4,6
arabizi_to_arabic,shahri,شهري,شهري,True,6,4
arabic_to_arabizi,مرمى زي الشريطة,mramma zayy 2ishriita,maramma zeet 2ishshshshiir,False,15,21
arabizi_to_arabic,yfantiz,يفنتز,يفنتز,True,7,5
arabic_to_arabizi,فرامة,farraame,faraame,False,5,8
arabizi_to_arabic,gkaa7uush,قاحوش,قاحوش,True,9,5
arabizi_to_arabic,zall 2ahli,ذل أهلي,زل أهل,False,10,7
arabizi_to_arabic,yghammiq,يغمق,يغمق,True,8,4
arabic_to_arabizi,غمزت الصنارة,ghamzat 2issanaara,ghamzat 2ilghanaara,False,12,18
arabic_to_arabizi,يستثمر,yistathmir,yistathmir,True,6,10
arabizi_to_arabic,ylammi3,يلمع,يلمع,True,7,4
arabic_to_arabizi,مشطب,mishtib,mshattib,False,4,7
arabizi_to_arabic,yithammash,يتهمش,يتهمش,True,10,5
arabizi_to_arabic,kull man habb wadabb,كل من هب ودب,كل من بذب,False,20,12
arabizi_to_arabic,ma7alli,محلي,محال,False,7,4
arabic_to_arabizi,طج,tujj,tajj,False,2,4
arabic_to_arabizi,هاتر,haatir,haatir,True,4,6
arabizi_to_arabic,haay mish miskiine haay sikkiine,هاي مش مسكينة هاي سكينة,هايم يسخين ينيسك يمينة,False,32,23
arabizi_to_arabic,mafaa7im,مفاحم,مفاحم,True,8,5
arabizi_to_arabic,ykhaayil,يخايل,يخايل,True,8,5
arabic_to_arabizi,يتناثر,yitnaathar,yitnaasar,False,6,10
arabizi_to_arabic,2ijrabb,اجرب,اجرب,True,7,4
arabizi_to_arabic,li2ann,لأن,لئن,False,6,3
arabic_to_arabizi,يصلح,ysalli7,ysalli7,True,4,7
arabic_to_arabizi,يؤلم,y2allim,y2allim,True,4,7
arabizi_to_arabic,tuul,طول,طول,True,4,3
arabizi_to_arabic,kbaar,كبار,كبر,False,5,4
arabizi_to_arabic,jawwa3,جوع,جوع,True,6,3
arabizi_to_arabic,yshabbib,يشبب,يشبب,True,8,4
arabic_to_arabizi,يقوم,yqawwim,yqawwim,True,4,7
arabic_to_arabizi,تخبط,tkhabbat,tkhabbat,True,4,8
arabizi_to_arabic,bankush raas,بنكش راس,بنكش راس,True,12,8
arabic_to_arabizi,مع,ma3,ma33,False,2,3
arabic_to_arabizi,انمحق,2inmi7iq,2inmi7iq,True,5,8
arabizi_to_arabic,yikhwit,يخوت,يخوت,True,7,4
arabizi_to_arabic,kidyaane,كديانة,كدانية,False,8,6
arabizi_to_arabic,malghi,ملغي,ملغي,True,6,4
arabizi_to_arabic,2inma7a,انمحى,انمحى,True,7,5
arabizi_to_arabic,wil3adra,والعذرا,ولعدر,False,8,7
arabic_to_arabizi,فوت,fawwat,fawwat,True,3,6
arabizi_to_arabic,yinsabb,ينصب,ينصب,True,7,4
arabizi_to_arabic,muwazzaf,موظف,موظف,True,8,4
arabizi_to_arabic,yitqashshat,يتقشط,يتقشط,True,11,5
arabizi_to_arabic,rawwaq,روق,روق,True,6,3
arabizi_to_arabic,2akal ruu7 2ilkhall,أكل روح الخل,أكل رح الهلك,False,19,12
arabic_to_arabizi,يردد,yraddid,yraddid,True,4,7
arabic_to_arabizi,مشين,mshayyin,mshayyin,True,4,8
arabizi_to_arabic,fawaaqi3,فواقع,فواقع,True,8,5
arabic_to_arabizi,يتنطط,yitnattat,yitnattat,True,5,9
arabic_to_arabizi,قرصة,qarsa,qarsa,True,4,5
arabizi_to_arabic,yindam,يندم,يندم,True,6,4
arabic_to_arabizi,تجحيشة,taj7iishe,taj7iishe,True,6,9
arabizi_to_arabic,sayya7,سيح,سيح,True,6,3
arabic_to_arabizi,هلقيت,halqeet,halqiit,False,5,7
arabizi_to_arabic,yiskhar,يسخر,يسخر,True,7,4
arabic_to_arabizi,اشلق,2ushluq,2ishliq,False,4,7
arabizi_to_arabic,tawaafiir,طوافير,توافير,False,9,6
arabizi_to_arabic,2inlada3,انلدع,انلدع,True,8,5
arabic_to_arabizi,كرتن,kartin,kartan,False,4,6
arabic_to_arabizi,يشمس,yishmis,yshammis,False,4,7
arabic_to_arabizi,عبوس,3abuus,3abuus,True,4,6
arabic_to_arabizi,كفارة,kfaara,kaffaara,False,5,6
arabizi_to_arabic,daaqqiin biba3ad mitil 2iliklaab 2issa3raane,داقين ببعض زي الكلاب الصعرانة,داقن بين عليد الكس المابيب العسرة,False,44,29
arabic_to_arabizi,حبلة,7abale,7abale,True,4,6
arabic_to_arabizi,ورب,warab,warrab,False,3,5
arabizi_to_arabic,sallakh,سلخ,سلخ,True,7,3
arabic_to_arabizi,يحفر,yi7fir,y7affir,False,4,6
arabic_to_arabizi,بلوط,balluut,balwat,False,4,7
arabic_to_arabizi,فنادق,fanaadiq,fanaadiq,True,5,8
arabic_to_arabizi,مراض,mraad,maraad,False,4,5
arabizi_to_arabic,3aslaj,عصلج,عصلج,True,6,4
arabic_to_arabizi,داقين ببعض زي الكلاب الصعرانة,daaqqiin biba3ad mitil 2iliklaab 2issa3raane,daaqiin biniqil 3assib 2il3aadd 2irabe,False,29,44
arabizi_to_arabic,yilbis,يلبس,يلبس,True,6,4
arabizi_to_arabic,yid7ar,يدحر,يدحر,True,6,4
arabizi_to_arabic,3awar,عور,عور,True,5,3
arabizi_to_arabic,2aslaak,أسلاك,أسلاك,True,7,5
arabic_to_arabizi,مذوق,mizwiq,madhwiq,False,4,6
arabizi_to_arabic,yinfa3,ينفع,ينفع,True,6,4
arabizi_to_arabic,mamruus,ممروص,ممروس,False,7,5
arabizi_to_arabic,righib,رغب,رغب,True,6,3
arabizi_to_arabic,yhadjdjis,يهجص,يهجص,True,9,4
arabizi_to_arabic,kul3aat,قلعاط,كلعاط,False,7,5
arabizi_to_arabic,djakhkham,جخم,جخم,True,9,3
arabic_to_arabizi,طيق,tiiq,tayyiq,False,3,4
arabic_to_arabizi,تجبجب,tdjabdjab,tjabdjab,False,5,9
arabizi_to_arabic,lutuf,لطف,لطوف,False,5,3
arabizi_to_arabic,nahad,نهض,نهد,False,5,3
arabic_to_arabizi,عطال,3attaal,3attaal,True,4,7
arabic_to_arabizi,يتزحمل,yitza7mal,yitza7mal,True,6,9
arabic_to_arabizi,مزنجل,mzangal,mzanjil,False,5,7
arabizi_to_arabic,yshattit,يشتت,يشططط,False,8,4
arabizi_to_arabic,yifla7,يفلح,يلفح,False,6,4
arabic_to_arabizi,إنسان,2insaan,2insaan,True,5,7
arabizi_to_arabic,mandal,مندل,مندل,True,6,4
arabizi_to_arabic,naqaanqaaye,نقانقاية,نقانقية,False,11,8
arabizi_to_arabic,shirk,شرك,شرك,True,5,3
arabizi_to_arabic,ysharri3,يشرع,يشرع,True,8,4
arabizi_to_arabic,sha77aad,شحاذ,شحاد,False,8,4
arabizi_to_arabic,mas7uuq,مسحوق,مسحوق,True,7,5
arabizi_to_arabic,koose,كاسة,كوسة,False,5,4
arabic_to_arabizi,مصنصن,msansin,msansin,True,5,7
arabizi_to_arabic,2abwaj,أبوج,أبوج,True,6,4
arabizi_to_arabic,2intidaab,انتداب,انتضاب,False,9,6
arabic_to_arabizi,نحس,na7s,na7as,False,3,4
arabic_to_arabizi,يواقع,ywaaqi3,ywaaqi3,True,5,7
arabic_to_arabizi,تناهف,tnaahaf,tnaahaf,True,5,7
arabizi_to_arabic,layyin,لين,لين,True,6,3
arabizi_to_arabic,darraaje,دراجة,دراجة,True,8,5
arabizi_to_arabic,kinn,كن,كن,True,4,2
arabic_to_arabizi,شيب,shiib,shayyib,False,3,5
arabizi_to_arabic,tuqtuq,طقطق,طقطق,True,6,4
arabic_to_arabizi,حراس,7urraas,7arraas,False,4,7
arabic_to_arabizi,حتم,7attam,7attam,True,3,6
arabic_to_arabizi,ينزف,yinzaff,yinzif,False,4,7
arabic_to_arabizi,خراب,kharaab,kharraab,False,4,7
arabic_to_arabizi,حسبن,7asbin,7asban,False,4,6
arabizi_to_arabic,yit7assar,يتحسر,يتحسر,True,9,5
arabizi_to_arabic,ytayyiz,يطيز,يطيز,True,7,4
arabic_to_arabizi,رفوش,rfuush,rafwish,False,4,6
arabic_to_arabizi,وز,wazz,wazz,True,2,4
arabizi_to_arabic,ywassi,يوصى,يوسي,False,6,4
arabic_to_arabizi,أبو بريص,2abu brees,2abu briis,False,8,10
arabizi_to_arabic,rashshiq,رشق,رشق,True,8,3
arabic_to_arabizi,نفسه شايفة,nifso shaayfe,nafshit shaafiyye,False,10,13
arabic_to_arabizi,هون,hawwin,hawwin,True,3,6
arabic_to_arabizi,القف,2ulquf,2ilqaf,False,4,6
arabizi_to_arabic,dawwaase,دواسة,دواسة,True,8,5
arabizi_to_arabic,swee3aati,سويعاتي,سويعاطي,False,9,7
arabizi_to_arabic,3aya,عيا,عيا,True,4,3
arabizi_to_arabic,sirdaa7i mirdaa7i,سرداحي مرداحي,سرداح ميرضي,False,17,13
arabic_to_arabizi,مهم,muhimm,maham,False,3,6
arabizi_to_arabic,2ishtihi,اشتهي,اشتهي,True,8,5
arabic_to_arabizi,كمل,kammal,kammil,False,3,6
arabic_to_arabizi,فاقي,faaqki,faaqi,False,4,6
arabic_to_arabizi,يفهلق,yfahliq,yfahliq,True,5,7
arabic_to_arabizi,خرمنجي,kharamanji,kharmanji,False,6,10
arabic_to_arabizi,لقاح,luqaa7,lqaa7,False,4,6
arabic_to_arabizi,شبح,shaba7,shabba7,False,3,6
arabic_to_arabizi,ارسب,2irsub,2irsab,False,4,6
arabizi_to_arabic,2a7sane,أحصنة,أحسنة,False,7,5
arabic_to_arabizi,انهيار,2inhiyaar,2inhiyaar,True,6,9
arabic_to_arabizi,مناقس,manaaqis,manaaqis,True,5,8
arabic_to_arabizi,تسلبط,tsalbat,tsalbat,True,5,7
arabizi_to_arabic,mini jyaal,من جيال,من جيال,True,10,7
arabic_to_arabizi,بروز,bruuz,barwiz,False,4,5
arabic_to_arabizi,مبلح,mballa7,mballi7,False,4,7
arabic_to_arabizi,سطو,satu,sawwit,False,3,4
arabic_to_arabizi,ألقى,2alqa,2alqa,True,4,5
arabic_to_arabizi,ساح,saa7,saa7,True,3,4
arabizi_to_arabic,tama33un,تمعن,تمعن,True,8,4
arabic_to_arabizi,ينسم,ynassim,yinsim,False,4,7
arabic_to_arabizi,تهافت,thaafat,thaafat,True,5,7
arabizi_to_arabic,kiilu,كيلو,كيلو,True,5,4
arabic_to_arabizi,شعلل,sha3lil,sha3lal,False,4,7
arabizi_to_arabic,2iqlaq,اقلق,القى,False,6,4
arabizi_to_arabic,yista3fi,يستعفي,يستعفي,True,8,6
arabizi_to_arabic,mabaani,مباني,مباني,True,7,5
arabizi_to_arabic,2itzalman,اتزلمن,اتزلمن,True,9,6
arabizi_to_arabic,7ayye,حية,حية,True,5,3
arabizi_to_arabic,qalbi min 2il7aamid laawi,قلبي من الحامض لاوي,لابي من حميد ولاقي,False,25,19
arabizi_to_arabic,zeeta,زيطة,زيتة,False,5,4
arabizi_to_arabic,lughde,لغدة,لغدة,True,6,4
arabizi_to_arabic,yitwaaqa,يتواقى,يتواقى,True,8,6
arabizi_to_arabic,yshattif,يشطف,يشطف,True,8,4
arabizi_to_arabic,tjammad,تجمد,تجمد,True,7,4
arabic_to_arabizi,سلم,silim,sallam,False,3,5
arabizi_to_arabic,fus7a,فسحة,فصحة,False,5,4
arabizi_to_arabic,yitza7za7,يتزحزح,يتزحزح,True,9,6
arabic_to_arabizi,سبل,sabbil,sabbil,True,3,6
arabizi_to_arabic,2itnaahaf,اتناهف,اتناهف,True,9,6
arabizi_to_arabic,sharaaniq,شرانق,شرانق,True,9,5
arabizi_to_arabic,3atwe,عطوة,عطوة,True,5,4
arabic_to_arabizi,توعية,taw3iye,taw3iye,True,5,7
arabizi_to_arabic,malyan,ملين,ملين,True,6,4
arabic_to_arabizi,تعامل,t3aamal,t3aamal,True,5,7
arabic_to_arabizi,انربط,2inrabat,2inribit,False,5,8
arabic_to_arabizi,فكح,fakki7,fakka7,False,3,6
arabizi_to_arabic,majaariid,مجاريد,مجاريد,True,9,6
arabizi_to_arabic,hool,هول,هول,True,4,3
arabizi_to_arabic,shalbake,شلبكة,شلبكة,True,8,5
arabic_to_arabizi,كفر,kufur,kaffar,False,3,5
arabic_to_arabizi,أرضية,2ardiyye,2ardiye,False,5,8
arabizi_to_arabic,qaraaqii3karaakii3,قراقيع,قراقيع,True,18,6
arabic_to_arabizi,قشع,qashshi3,qashsha3,False,3,8
arabizi_to_arabic,nayaata,نياطة,نيات,False,7,5
arabic_to_arabizi,طبعة,tub3a,tab3a,False,4,5
arabic_to_arabizi,كسر راسه,kassar raaso,kassar raaso,True,8,12
arabic_to_arabizi,يتحصحص,yit7as7as,yitsa7sa7,False,6,9
arabizi_to_arabic,kafriyyaat,كفريات,كرفيت,False,10,6
arabic_to_arabizi,لاغي,laaghi,laaghi,True,4,6
arabic_to_arabizi,استهدف,2istahdif,2istahdif,True,6,9
arabizi_to_arabic,yid7ash,يدحش,يدحش,True,7,4
arabic_to_arabizi,سمم,sammim,sammim,True,3,6
arabizi_to_arabic,yqarqish,يقرقش,يقرقش,True,8,5
arabic_to_arabizi,جداول,jadaawil,jadaawil,True,5,8
arabic_to_arabizi,انتاب,2intaab,2intaab,True,5,7
arabizi_to_arabic,lughum,لغم,لغم,True,6,3
arabizi_to_arabic,2absar,أبصر,أبصر,True,6,4
arabizi_to_arabic,yitsha7wad,يتشحوذ,يتشحود,False,10,6
arabic_to_arabizi,يقارق,yqaariq,yqaariq,True,5,7
arabic_to_arabizi,ضحضاح,dha7dhaa7,di7daa7,False,5,9
arabic_to_arabizi,أنيسون,2aanisuun,2anyusin,False,6,9
arabic_to_arabizi,حسب حساب,7asab 7saab,7asbi7 saab,False,8,11
arabizi_to_arabic,sakhmit,سخمط,سخمط,True,7,4
arabic_to_arabizi,يتتلمذ,yittalmaz,yitdaltam,False,6,9
arabizi_to_arabic,jallad,جلد,جلد,True,6,3
arabic_to_arabizi,شلبك,shalbak,shalbak,True,4,7
arabic_to_arabizi,فيشة,fiishe,fiishe,True,4,6
arabizi_to_arabic,jawwi3,جوع,جوع,True,6,3
arabic_to_arabizi,تمسد,tmassad,tmassad,True,4,7
arabic_to_arabizi,دق ناقوس الخطر,daqq naaquus 2ilkhatar,daqqin 2ilqtuus khar,False,14,22
arabizi_to_arabic,yitmaryas,يتمريس,يتمريس,True,9,6
arabic_to_arabizi,بطبيط,butbeet,batbiit,False,5,7
arabizi_to_arabic,nawaabilse,نوابلسة,نوابلة,False,10,7
arabizi_to_arabic,suur,ثور,سور,False,4,3
arabizi_to_arabic,rawda,روضة,روضى,False,5,4
arabic_to_arabizi,نعق,na33iq,na33aq,False,3,6
arabic_to_arabizi,أخو الشلن,2akhu 2ishshilin,2akhkhu 2ilshan,False,9,16
arabic_to_arabizi,يستموت,yistamwit,yistamwit,True,6,9
arabic_to_arabizi,يشمع,yshammi3,yshammi3,True,4,8
arabizi_to_arabic,baarak,بارك,بارك,True,6,4
arabic_to_arabizi,مطلق,mtallaq,mtalliq,False,4,7
arabic_to_arabizi,يقلعط,yqal3it,yqal3it,True,5,7
arabizi_to_arabic,shille,شلة,شلة,True,6,3
arabizi_to_arabic,yitmassal,يتمثل,يتمسل,False,9,5
arabic_to_arabizi,انطلى,2intala,2intala,True,5,7
arabizi_to_arabic,naaqad,ناقض,ناقد,False,6,4
arabizi_to_arabic,yitsaabaq,يتسابق,يتسابق,True,9,6
arabizi_to_arabic,msaami7,مسامح,مسامح,True,7,5
arabizi_to_arabic,tjallakh,تجلخ,تجلخ,True,8,4
arabizi_to_arabic,ysalli3,يصلع,يسلع,False,7,4
arabic_to_arabizi,فنس,fanas,fannis,False,3,5
arabizi_to_arabic,qaddi,قضي,قدي,False,5,3
arabic_to_arabizi,عطل,3attal,3attil,False,3,6
arabizi_to_arabic,2itwa77al,اتوحل,اتوحل,True,9,5
arabic_to_arabizi,يبرطل,ybartil,ybartil,True,5,7
arabizi_to_arabic,jankali,جنكلي,جنكلي,True,7,5
arabizi_to_arabic,waraawir,وراور,وراور,True,8,5
arabic_to_arabizi,يحنك,y7annik,y7annik,True,4,7
arabic_to_arabizi,كفر,kafar,kaffar,False,3,5
arabic_to_arabizi,قشف,qashshaf,qashshif,False,3,8
arabizi_to_arabic,jraas,جراس,جراص,False,5,4
arabizi_to_arabic,mahwuus,مهووس,مهوس,False,7,5
arabic_to_arabizi,ندم,naddim,naddim,True,3,6
arabizi_to_arabic,tini7,تنح,طنح,False,5,3
arabic_to_arabizi,اجتلق,2ijtalaq,2ijtalaq,True,5,8
arabic_to_arabizi,ينوي,yinwi,ynawwi,False,4,5
arabic_to_arabizi,يرصع,yrassi3,yrassi3,True,4,7
arabizi_to_arabic,kaabir,كابر,كابر,True,6,4
arabizi_to_arabic,hadlaan,هذلان,هدلان,False,7,5
arabic_to_arabizi,حنون,7anuun,7anwan,False,4,6
arabizi_to_arabic,ta7fiiz 2ilqur2aan,تحفيظ القرآن,تحفي القران,False,18,12
arabic_to_arabizi,يقفل,yqaffil,yqaffil,True,4,7
arabic_to_arabizi,محلل,m7allil,m7allil,True,4,7
arabic_to_arabizi,رملة,ramle,ramle,True,4,5
arabic_to_arabizi,حبذا,7abbaza,7abbaaz,False,4,7
arabic_to_arabizi,محافظ,mu7aafiz,mu7aafiz,True,5,8
arabic_to_arabizi,طعانيز,ta3aaniiz,ta3aaniiz,True,6,9
arabic_to_arabizi,استبداد,2istibdaad,2istibdaad,True,7,10
arabic_to_arabizi,عدن,3addin,3addin,True,3,6
arabic_to_arabizi,يبكس,ybakkish,ybakkis,False,4,8
arabizi_to_arabic,yda33im,يدعم,يدعم,True,7,4
arabic_to_arabizi,استثقل,2istatqal2istat2al2istathgal,2istatqil2itsit2il2it2its,False,6,28
arabic_to_arabizi,جدادة,djaddaade,jaddaade,False,5,9
arabizi_to_arabic,rawash,روش,روش,True,6,3
arabizi_to_arabic,jadd,جد,جد,True,4,2
arabizi_to_arabic,2iflat,افلت,الفط,False,6,4
arabic_to_arabizi,أزرق,2azraq,2azraq,True,4,6
arabic_to_arabizi,فاحج,faa7aj,faa7ij,False,4,6
arabizi_to_arabic,2itkafkaf,اتكفكف,اتكفكف,True,9,6
arabizi_to_arabic,mufaawada,مفاوضة,مفاوض,False,9,6
arabizi_to_arabic,2in7isir,انحسر,انحصر,False,8,5
arabic_to_arabizi,الحادي النبي,2il7aadi 2innabi,2il7aad yaanib,False,12,16
arabic_to_arabizi,ضوج,duuj,dawwij,False,3,4
arabic_to_arabizi,رذيل,raziil,raziil,True,4,6
arabic_to_arabizi,تجنزر,tjanzar,tjanzar,True,5,7
arabic_to_arabizi,صفف,saffaf,saffif,False,3,6
arabizi_to_arabic,matruu7,مطروح,مطروح,True,7,5
arabizi_to_arabic,m7aashim,محاشم,محاشم,True,8,5
arabizi_to_arabic,yfallil,يفلل,يفلل,True,7,4
arabizi_to_arabic,tfassa7,تفصح,تفسح,False,7,4
arabizi_to_arabic,wa7il,وحل,وحل,True,5,3
arabizi_to_arabic,3adale,عضلة,عدالة,False,6,4
arabizi_to_arabic,ywarnish,يورنش,يورنش,True,8,5
arabizi_to_arabic,yib3aj,يبعج,يبعج,True,6,4
arabizi_to_arabic,qamiis,قميص,قميس,False,6,4
arabic_to_arabizi,يزبن,yizbin,yzabbin,False,4,6
arabic_to_arabizi,يعدم أهله,yi3dam 2ahlo,y3add mahlo,False,9,12
arabizi_to_arabic,tlaqqaf,تلقف,تلقف,True,7,4
arabic_to_arabizi,بساطة,basaata,bassaata,False,5,7
arabizi_to_arabic,2ishti3il,اشتعل,اشتعل,True,9,5
arabizi_to_arabic,7azak,حزق,حزك,False,5,3
arabizi_to_arabic,muhimm,مهم,مهم,True,6,3
arabic_to_arabizi,مرمغ,marmagh,mraghghim,False,4,7
arabizi_to_arabic,kabbib,كبب,كبب,True,6,3
arabizi_to_arabic,saagh saliim,صاغ سليم,صاغ صليم,False,12,8
arabizi_to_arabic,yna33im,ينعم,ينعم,True,7,4
arabizi_to_arabic,2iqliim,إقليم,اقلمي,False,7,5
arabic_to_arabizi,شمر,shammar,shammar,True,3,7
arabic_to_arabizi,شهر,shahhar,shahhir,False,3,7
arabic_to_arabizi,جخم,djakhkhim,jakhkham,False,3,9
arabic_to_arabizi,فأس,fa2s,fa2as,False,3,4
arabizi_to_arabic,yishtiri,يشتري,يشتري,True,8,5
arabic_to_arabizi,عبعب,3ab3ab,3ab3ib,False,4,6
arabizi_to_arabic,ghani,غني,غني,True,5,3
arabic_to_arabizi,يشحنك,ysha7nik,ysha7nik,True,5,8
arabizi_to_arabic,2il7aadi 2innabi,الحادي النبي,الحاد النبي,False,16,12
arabic_to_arabizi,بخنس,bakhnis,bakhnis,True,4,7
arabic_to_arabizi,يستطري,yistatri,yistatri,True,6,8
arabizi_to_arabic,3ukk,عك,عك,True,4,2
arabic_to_arabizi,خمش,khammish,khamash,False,3,8
arabic_to_arabizi,خليع,khalii3,khalii3,True,4,7
arabic_to_arabizi,شغل بالي,shaghal baali,shaghl 2ilbeel,False,8,13
arabic_to_arabizi,صاحب,saa7ab,saa7ib,False,4,6
arabic_to_arabizi,يظفر,yizfar,yzaffir,False,4,6
arabic_to_arabizi,حلوس,7alwas,7luus,False,4,6
arabizi_to_arabic,karboone,كربونة,كربونة,True,8,6
arabic_to_arabizi,بيدة,biide,biide,True,4,5
arabic_to_arabizi,مختلس,mikhtilis,mukhtalis,False,5,9
arabizi_to_arabic,khayyab zunuuni,خيب ظنوني,خيبوز ني,False,15,9
arabic_to_arabizi,يجرجر,yjarjir,yjarjir,True,5,7
arabizi_to_arabic,ykhannim,يخنم,يخنم,True,8,4
arabic_to_arabizi,مداود,madaawid,mdawaad,False,5,8
arabic_to_arabizi,امتلا,2imtala,2imtala,True,5,7
arabic_to_arabizi,عرمط,3armat,3armat,True,4,6
arabizi_to_arabic,kgaari7,قارح,قارح,True,7,4
arabizi_to_arabic,2itqassa,اتقصى,اتقصى,True,8,5
arabic_to_arabizi,هلل,hallil,hallal,False,3,6
arabic_to_arabizi,تفند,tfannad,tfannad,True,4,7
arabizi_to_arabic,yna33is,ينعس,ينعس,True,7,4
arabizi_to_arabic,byuut,بيوت,يبوت,False,5,4
arabizi_to_arabic,zii3,ذيع,زيع,False,4,3
arabizi_to_arabic,2ujrush,اجرش,اجرش,True,7,4
arabic_to_arabizi,افتي,2ifti,2ifti,True,4,5
arabic_to_arabizi,الوق,2ilwiq,2ilwaq,False,4,6
arabizi_to_arabic,tuss,طس,طس,True,4,2
arabic_to_arabizi,نامت عليك حيطة,naamat 3aleek 7eeta,naamit 3ale 7eetak,False,14,19
arabizi_to_arabic,sajan,سجن,سجان,False,5,3
arabizi_to_arabic,yinghirim,ينغرم,ينغرم,True,9,5
arabizi_to_arabic,bakkish,بكش,بكش,True,7,3
arabic_to_arabizi,يحرر,y7arrir,y7arrir,True,4,7
arabic_to_arabizi,من ورا,min wara,min wara,True,6,8
arabic_to_arabizi,أقوام,2aqwaam,2aqwaam,True,5,7
arabic_to_arabizi,معنقر,m3anqir,m3anqir,True,5,7
arabic_to_arabizi,ينهمض,yinhamid,yinhidim,False,5,8
arabizi_to_arabic,taalib,طالب,طالب,True,6,4
arabic_to_arabizi,عمشقة,3amshaqa,3amshaqa,True,5,8
arabic_to_arabizi,ملاذ,malaadh,malaaz,False,4,7
arabic_to_arabizi,مشتاق,mushtaaq,mishtaaq,False,5,8
arabizi_to_arabic,mubazzir,مبذر,مبزر,False,8,4
arabic_to_arabizi,توتر,tawattur,twattar,False,4,8
arabizi_to_arabic,maklabe,مكلبة,مكلبة,True,7,5
arabizi_to_arabic,shi3aar,شعار,شعار,True,7,4
arabic_to_arabizi,خدر,khaddar,khaddar,True,3,7
arabizi_to_arabic,yit7assan,يتحصن,يتحسن,False,9,5
arabizi_to_arabic,2istish3aar,استشعار,استشعر,False,11,7
arabizi_to_arabic,maltas,ملطس,ملطس,True,6,4
arabic_to_arabizi,جلف,jilif,jallif,False,3,5
arabizi_to_arabic,2istaghfir,استغفر,استغفر,True,10,6
arabizi_to_arabic,2uurib,اورب,اورب,True,6,4
arabizi_to_arabic,t7annit,تحنط,تحنط,True,7,4
arabic_to_arabizi,اربح,2irba7,2irba7,True,4,6
arabic_to_arabizi,حمام,7amaam,7amaam,True,4,6
arabizi_to_arabic,mitjamhir,متجمهر,متجهمر,False,9,6
arabic_to_arabizi,غلب,ghallib,ghallab,False,3,7
arabizi_to_arabic,kabiira,كبيرة,كبيرة,True,7,5
arabic_to_arabizi,صار لها بيت وابريق زيت,saarilha beet wu2ibriiq zeet,saar 2ilbeet wuzaq biirit,False,22,28
arabizi_to_arabic,ma7suub,محسوب,محسوب,True,7,5
arabic_to_arabizi,شقر,shuqur,shaqqar,False,3,6
arabic_to_arabizi,انسطم,2insitim,2insitim,True,5,8
arabizi_to_arabic,yikhmal,يخمل,يخمل,True,7,4
arabizi_to_arabic,2ijli,اجلي,اجلي,True,5,4
arabizi_to_arabic,bass,بس,بص,False,4,2
arabizi_to_arabic,2istaf7il,استفحل,استفحل,True,9,6
arabizi_to_arabic,waa2im,وائم,وائم,True,6,4
arabic_to_arabizi,استقبل,2istaqbil,2istaqbil,True,6,9
arabizi_to_arabic,y2addib,يؤدب,يأضب,False,7,4
arabizi_to_arabic,khatyir,ختير,خطير,False,7,4
arabizi_to_arabic,7ussaad,حساد,حصاد,False,7,4
arabizi_to_arabic,yintaaq,ينطاق,ينتاق,False,7,5
arabic_to_arabizi,ثلج,tallij,talaj,False,3,6
arabic_to_arabizi,يكابش,ykaabish,ykaabish,True,5,8
arabizi_to_arabic,2itwassal,اتوصل,اتوصل,True,9,5
arabic_to_arabizi,حافظ,7aafiz,7aafiz,True,4,6
arabizi_to_arabic,yi3wij,يعوج,يعوج,True,6,4
arabizi_to_arabic,wijhik 7ilu 3aleena,وجهك حلوعلينا,وجهك حيل علين,False,19,13
arabizi_to_arabic,ysiir,يصير,يسير,False,5,4
arabizi_to_arabic,ba3baz,بعبز,بعبز,True,6,4
arabic_to_arabizi,عود,3uud,3awwad,False,3,4
arabizi_to_arabic,kannis,كنس,كنس,True,6,3
arabizi_to_arabic,zawaaj,زواج,زواج,True,6,4
arabic_to_arabizi,راعي,raa3i,raa3i,True,4,5
arabizi_to_arabic,yzawwir,يزور,يزور,True,7,4
arabic_to_arabizi,مدافش,madaafish,mdaafish,False,5,9
arabizi_to_arabic,haddar,هدر,هدر,True,6,3
arabizi_to_arabic,dabqa,دبقة,دبقة,True,5,4
arabizi_to_arabic,yunsur diinak,ينصر دينك,ينصر ديوك,False,13,9
arabizi_to_arabic,shaqbi3,شقبع,شقبع,True,7,4
arabic_to_arabizi,تبرقع,tbarqa3,tbarqa3,True,5,7
arabizi_to_arabic,bi3izz diin,بعز دين,بعز دين,True,11,7
arabic_to_arabizi,فصمة,fasme,fasme,True,4,5
arabizi_to_arabic,2ishkhar,اشخر,اشخر,True,8,4
arabizi_to_arabic,da3duura,دعدورة,دعدورة,True,8,6
arabic_to_arabizi,تشلح,tshalla7,tshalla7,True,4,8
arabizi_to_arabic,yitbakkat,يتبكت,يتبكت,True,9,5
arabic_to_arabizi,ارتجل,2irtajil,2irtajal,False,5,8
arabic_to_arabizi,تمشدق,tmashdaq,tmashdaq,True,5,8
arabic_to_arabizi,يتحمرن,yit7amran,yit7amran,True,6,9
arabic_to_arabizi,مان,maan,maan,True,3,4
arabizi_to_arabic,bankush,نكش,بنكش,False,7,3
arabic_to_arabizi,ركض,rakkad,rakkid,False,3,6
arabizi_to_arabic,yi3tidi,يعتدي,يعتدي,True,7,5
arabic_to_arabizi,يطوف,ytawwif,ytawwif,True,4,7
arabizi_to_arabic,ghaamir,غامر,غامر,True,7,4
arabizi_to_arabic,2ifla3,افلع,الفع,False,6,4
arabic_to_arabizi,سلع,salli3,salli3,True,3,6
arabizi_to_arabic,gheer mutra7,غير مطرح,غير مرحت,False,12,8
arabizi_to_arabic,7araq,حرق,حرق,True,5,3
arabizi_to_arabic,2inhadd,انهد,انهد,True,7,4
arabic_to_arabizi,فاول,faawal,faawil,False,4,6
arabic_to_arabizi,طايق عالجميع,taayiq 3aljamii3,taayiq 3alajim,False,12,16
arabizi_to_arabic,2istathmar,استثمر,استثمر,True,10,6
arabic_to_arabizi,هذيلاك,hadheelaak,hadiilak,False,6,10
arabic_to_arabizi,مقحلف,mqka7lif,mqa7lif,False,5,8
arabizi_to_arabic,yjassir,يجسر,يجسر,True,7,4
arabizi_to_arabic,2il7ayawaan 2ilmanawi,الحيوان المنوي,الحيا والمني,False,21,14
arabizi_to_arabic,nakhkhal,نخل,نخل,True,8,3
arabic_to_arabizi,علك,3allak,3allak,True,3,6
arabic_to_arabizi,يجفف,yjaffif,yjaffif,True,4,7
arabizi_to_arabic,2itzalzal,اتزلزل,اتزلزل,True,9,6
arabic_to_arabizi,أخريات,2ukhrayyaat,2akhriyaat,False,6,11
arabic_to_arabizi,سلاف,slaaf,salaaf,False,4,5
arabizi_to_arabic,naddi3,ندع,ندع,True,6,3
arabizi_to_arabic,daalye,دالية,دالية,True,6,5
arabic_to_arabizi,شق,shaqq,shaqq,True,2,5
arabizi_to_arabic,mrahdal,مرهدل,مرهدل,True,7,5
arabic_to_arabizi,قلم,qallim,qallim,True,3,6
arabizi_to_arabic,7aar,حار,حار,True,4,3
arabizi_to_arabic,2iftaqar,افتقر,افتقر,True,8,5
arabic_to_arabizi,بجاحة,bajaa7a,bajaa7a,True,5,7
arabic_to_arabizi,قطم,qutum,qattam,False,3,5
arabizi_to_arabic,tkhardaq,تخردق,تخردق,True,8,5
arabizi_to_arabic,bukhkhaar,بخار,بخار,True,9,4
arabizi_to_arabic,tastas,طسطس,تستس,False,6,4
arabizi_to_arabic,2itmadmad,اتمضمض,اتمدم,False,9,6
arabizi_to_arabic,naarinje,نارنجة,نارنجة,True,8,6
arabizi_to_arabic,laghmis,لغمص,لغمس,False,7,4
arabizi_to_arabic,yunfud badanak,ينفض بدنك,ينفض بيضك,False,14,9
arabizi_to_arabic,tadmiin,تضمين,تدمين,False,7,5
arabizi_to_arabic,maghyab,مغيب,مغيب,True,7,4
arabizi_to_arabic,2ashum,أسهم,أشم,False,6,4
arabizi_to_arabic,yuzlum,يظلم,يزلم,False,6,4
arabic_to_arabizi,حلال المشاكل,7allaal 2ilmashaakil,7alaal 2ilmashshak,False,12,20
arabic_to_arabizi,الفال الك ان شاء الله,2ilfaal 2ilak 2inshaalla,2ilfil 2illa na 2ishshshaa 2illak,False,21,24
arabizi_to_arabic,ytushsh,يطش,يطش,True,7,3
arabic_to_arabizi,تبنج,tbannaj,tbannaj,True,4,7
arabic_to_arabizi,خربها وقعد عتلتها,kharabha wuqa3ad 3atallitha,kharba 2il3aquto,False,17,27
arabic_to_arabizi,لحم,la77im,la77am,False,3,6
arabizi_to_arabic,2inkifil,انكفل,انكفل,True,8,5
arabic_to_arabizi,نشز,nashshiz,nashshiz,True,3,8
arabizi_to_arabic,2akal hawa,أكل هوا,أكل هوا,True,10,7
arabic_to_arabizi,اخرس,2ikhris,2ikhris,True,4,7
arabizi_to_arabic,baqwir,بقور,بقور,True,6,4
arabizi_to_arabic,2ikhtitim,اختتم,اختم,False,9,5
arabizi_to_arabic,2indi7ish,اندحش,اندحش,True,9,5
arabic_to_arabizi,اتحد,2itti7id,2it7addad,False,4,8
arabic_to_arabizi,استمات,2istamaat,2istimtaat,False,6,9
arabizi_to_arabic,ghabbir,غبر,غبر,True,7,3
arabic_to_arabizi,هندس,handis,handas,False,4,6
arabizi_to_arabic,yidbish,يدبش,يدبش,True,7,4
arabizi_to_arabic,rayyaqk,ريق,ريق,True,7,3
arabizi_to_arabic,ydabbis,يدبس,يدبس,True,7,4
arabic_to_arabizi,يقود,yquud,yqawwid,False,4,5
arabic_to_arabizi,إجبد,2ijbid,2ijbid,True,4,6
arabizi_to_arabic,yifda7,يفضح,يفضح,True,6,4
arabizi_to_arabic,muqaddim,مقدم,مقدم,True,8,4
arabizi_to_arabic,naadi,نادي,نادي,True,5,4
arabic_to_arabizi,يفزع,yifza3,yfazzi3,False,4,6
arabic_to_arabizi,شربوح,sharbuu7,sharbuu7,True,5,8
arabic_to_arabizi,انلبخ,2inlibikh,2inlibikh,True,5,9
arabic_to_arabizi,دلك,dallak,dallik,False,3,6
arabic_to_arabizi,عقر,3aqar,3aqqar,False,3,5
arabizi_to_arabic,2itshahwan,اتشهون,اتشهون,True,10,6
arabic_to_arabizi,يعتقد,yi3taqid,yi3tiqid,False,5,8
arabizi_to_arabic,7alqa,حلقة,حلقة,True,5,4
arabizi_to_arabic,y7ammi,يحمي,يحمي,True,6,4
arabic_to_arabizi,قول,qawwal,qawwil,False,3,6
arabizi_to_arabic,taajir,تاجر,طاجر,False,6,4
arabic_to_arabizi,قريعة,karrii3a,qarii3a,False,5,8
arabic_to_arabizi,يمتن,ymattin,ymattin,True,4,7
arabizi_to_arabic,skhala,سخلة,سخلة,True,6,4
arabizi_to_arabic,majaamii3,مجاميع,مجاميع,True,9,6
arabizi_to_arabic,mjallikh 2issakaakiin,مجلخ السكانين,مجلك الخصين,False,21,13
arabic_to_arabizi,يحسب,yi7sib,y7assib,False,4,6
arabizi_to_arabic,daada,دادى,دادى,True,5,4
arabic_to_arabizi,استقرف,2istaqrif,2istaqrif,True,6,9
arabic_to_arabizi,اعرب,2i3rib,2i3rab,False,4,6
arabic_to_arabizi,بطة,batta,batta,True,3,5
arabizi_to_arabic,tuwab,طوب,طوب,True,5,3
arabic_to_arabizi,شرخة,sharkha,sharkhe,False,4,7
arabizi_to_arabic,yinjaab,ينجاب,ينجاب,True,7,5
arabizi_to_arabic,jaama3,جامع,جامع,True,6,4
arabizi_to_arabic,2inmizij,انمزج,انمزج,True,8,5
arabic_to_arabizi,يهبهب,yhabhib,yhabhib,True,5,7
arabizi_to_arabic,tsarma7,تصرمح,تسرمح,False,7,5
arabizi_to_arabic,2itwish,اطوش,اطوش,True,7,4
arabic_to_arabizi,مغادر,mughaadir,maghaadir,False,5,9
arabic_to_arabizi,فرخ,farrikh,farrakh,False,3,7
arabizi_to_arabic,za3aaniib,زعانيب,زعانيب,True,9,6
arabic_to_arabizi,اشحذ,2ish7ad,2ishda7,False,4,7
arabizi_to_arabic,tkhadkhad,تخضخض,تخدخد,False,9,5
arabizi_to_arabic,nafaz,نفذ,نظف,False,5,3
arabic_to_arabizi,يلفت,yilfit,ylaffit,False,4,6
arabizi_to_arabic,2istamrid,استمرض,استمرد,False,9,6
arabic_to_arabizi,صيدلية,saydaliyye,siidliyye,False,6,10
arabizi_to_arabic,lammim,لمم,لمم,True,6,3
arabizi_to_arabic,y7attim ma3nawiyyaat,يحطم معنويات,حيت ميعوطن,False,20,12
arabizi_to_arabic,y3addil,يعدل,يعدل,True,7,4
arabic_to_arabizi,ينسكب,yinsakib,yinsikib,False,5,8
arabic_to_arabizi,انصم,2insamm,2insamm,True,4,7
arabic_to_arabizi,طمل,tammal,tammil,False,3,6
arabizi_to_arabic,tarbaq 2iddinya fooq raaso,طربق الدنيا فوق راسه,طربق الدنه فوراسه,False,26,20
arabic_to_arabizi,حباله طويلة,7baalo tawiile,7abaalo toole,False,11,14
arabizi_to_arabic,fa3as,فعص,فعص,True,5,3
arabizi_to_arabic,2itzaafar,اتزافر,اتزافر,True,9,6
arabic_to_arabizi,انتهازي,2intihaazi,2intihaazi,True,7,10
arabic_to_arabizi,يتبلطن,yitbaltan,yitbaltan,True,6,9
arabic_to_arabizi,انغز,2unghuz,2inghazz,False,4,7
arabic_to_arabizi,يتنفل,yitnaffal,yitnaffal,True,5,9
arabic_to_arabizi,اتآكل,2it2aakal,2it2aakal,True,5,9
arabizi_to_arabic,hajiin waaqi3 bisallit tiin,هجين واقع بسلة تين,هجين والقطبي ع لس,False,27,18
arabizi_to_arabic,yitbarraj,يتبرج,يتبرج,True,9,5
arabic_to_arabizi,ممنتج,2immantaj,mamnajit,False,5,9
arabizi_to_arabic,3alaf,علف,علف,True,5,3
arabic_to_arabizi,ضر,darr,darr,True,2,4
arabizi_to_arabic,3aaqkish,عاقش,عاقش,True,8,4
arabizi_to_arabic,nidif,نظف,ندف,False,5,3
arabizi_to_arabic,t7assas,تحسس,تحسس,True,7,4
arabic_to_arabizi,يتحسن,yit7assan,yit7assan,True,5,9
arabic_to_arabizi,تمادى,tmaada,tmaada,True,5,6
arabic_to_arabizi,جزأ,jazza2,jazza2,True,3,6
arabic_to_arabizi,مرغت شرفهم بالتراب,marraghghat sharafhum bitraab,mraghtish braf 2ilmaabithar,False,18,29
arabic_to_arabizi,كسوس,ksuus,ksuus,True,4,5
arabizi_to_arabic,tuube,طوبة,طوبة,True,5,4
arabizi_to_arabic,baqwar,بقور,بقور,True,6,4
arabic_to_arabizi,وحوح,wa7wi7,wa7wa7,False,4,6
arabic_to_arabizi,يضيق,ydayyiqydayyi2,ydiiq,False,4,14
arabic_to_arabizi,ينطج,yintajj,yintajj,True,4,7
arabizi_to_arabic,farraake,فراكة,فراكة,True,8,5
arabic_to_arabizi,جرم,jarrim,jarram,False,3,6
arabic_to_arabizi,استفرد,2istafrad,2istafrid,False,6,9
arabizi_to_arabic,dja3miz,جعمز,جعمز,True,7,4
arabizi_to_arabic,mamaaghiis,مماغيص,مماغيس,False,10,6
arabic_to_arabizi,طقم,taqqam,qattam,False,3,6
arabizi_to_arabic,shruukh,شروخ,شروخ,True,7,4
arabic_to_arabizi,غزازوة,ghazaazwe,ghazaawaze,False,6,9
arabic_to_arabizi,قيلل,qaylal,qaylil,False,4,6
arabizi_to_arabic,ysharrish,يشرش,يشرش,True,9,4
arabic_to_arabizi,تراقب,traaqab,traaqab,True,5,7
arabic_to_arabizi,ينضخ,yindakhkh,yinkhadd,False,4,9
arabizi_to_arabic,marmit,مرمط,مرمط,True,6,4
arabic_to_arabizi,نم,nimm,namm,False,2,4
arabic_to_arabizi,ينكف,yinkuf,yinkif,False,4,6
arabizi_to_arabic,ydurr,يدر,يدر,True,5,3
arabic_to_arabizi,طلائع,talaa2i3,talaa2i3,True,5,8
arabizi_to_arabic,tqazzaz,تقزز,تقزز,True,7,4
arabic_to_arabizi,قدس,q2kuds,qaddas,False,3,6
arabizi_to_arabic,weenta,وينتا,وينتة,False,6,5
arabizi_to_arabic,3utur,عطر,عطر,True,5,3
arabizi_to_arabic,2i7si,احصي,احسي,False,5,4
arabic_to_arabizi,أزم,2azzim,2azzam,False,3,6
arabizi_to_arabic,jaraazi,جرازي,جرازي,True,7,5
arabizi_to_arabic,baddi,بدي,بدي,True,5,3
arabizi_to_arabic,3azzaabi,عزابي,عزابي,True,8,5
arabic_to_arabizi,هم وانزاح,hamm wunzaa7,hamm waaza7in,False,9,12
arabizi_to_arabic,batar,بتر,بطر,False,5,3
arabic_to_arabizi,احتاس,2i7taas,2i7taas,True,5,7
arabizi_to_arabic,mnaqqab,منقب,منقب,True,7,4
arabic_to_arabizi,شبشب,shibshib,shabshib,False,4,8
arabic_to_arabizi,كرز أخضر,karaz 2akhdar,karaz 2akhdar,True,8,13
arabic_to_arabizi,بنط,bannat,bannat,True,3,6
arabizi_to_arabic,yirtun,يرطن,يرطن,True,6,4
arabizi_to_arabic,qatiishe,قطيشة,قطيشة,True,8,5
arabizi_to_arabic,jada3,جدع,جدع,True,5,3
arabic_to_arabizi,نش,nashsh,nashsh,True,2,6
arabizi_to_arabic,2inn,إن,ان,False,4,2
arabizi_to_arabic,mifrid,مفرد,مفرد,True,6,4
arabic_to_arabizi,هفت,haffit,haffat,False,3,6
arabizi_to_arabic,takfiir,تكفير,تكفير,True,7,5
arabic_to_arabizi,وعي,wa3i,wa33i,False,3,4
arabic_to_arabizi,اسلك,2isluk,2islak,False,4,6
arabic_to_arabizi,رج,rajj,rajj,True,2,4
arabic_to_arabizi,يمشور,ymashwir,ymashwir,True,5,8
arabizi_to_arabic,2itwaa2am,اتوائم,اتوائم,True,9,6
arabic_to_arabizi,أبو دغيم,2abu dgheem,2abu daghim,False,8,11
arabic_to_arabizi,انقطم,2inqitim,2inqitim,True,5,8
arabic_to_arabizi,يعيى,yi3ya,y3ayyi,False,4,5
arabizi_to_arabic,2inhi,انهي,انهي,True,5,4
arabic_to_arabizi,جعبة,ju3be,ja3be,False,4,5
arabic_to_arabizi,خشبة,khashabe,khashbe,False,4,8
arabizi_to_arabic,2ityassar,اتيسر,اتيسر,True,9,5
arabizi_to_arabic,yittaa3ash,يتطاعش,يتطاعش,True,10,6
arabic_to_arabizi,لبخ,labakh,labbakh,False,3,6
arabizi_to_arabic,mashluu3,مشلوع,مشلوع,True,8,5
arabic_to_arabizi,هذرب,hadhrib,hadhrab,False,4,7
arabic_to_arabizi,خص,khuss,khass,False,2,5
arabic_to_arabizi,اختصار,2ikhtisaar,2ikhtisaar,True,6,10
arabizi_to_arabic,wakaalit 2ilghooth,وكالة الغوث,وكلة الغطوه,False,18,11
arabic_to_arabizi,ناب,naab,naab,True,3,4
arabic_to_arabizi,يخصم,yikhsim,ykhassim,False,4,7
arabizi_to_arabic,2ard ma3juun,أرض معجون,أرض معجون,True,12,9
arabizi_to_arabic,salaq,سلق,سلق,True,5,3
arabic_to_arabizi,مخيم صيفي,mukhayyam seefi,mukheem masiif,False,9,15
arabic_to_arabizi,داقين ببعض زي الكلاب الصعرانة,daaqqiin biba3ad mitil 2iliklaab 2issa3raane,daaqiin biniqil 3assib 2il3aadd 2irabe,False,29,44
arabic_to_arabizi,ينكي,yinki,yinki,True,4,5
arabic_to_arabizi,رهرط,rahrit,rahrat,False,4,6
arabizi_to_arabic,t3atras,تعترس,تعترس,True,7,5
arabizi_to_arabic,yturr,يطر,يطر,True,5,3
arabic_to_arabizi,كرهبا,karhaba,karhaba,True,5,7
arabizi_to_arabic,2i7tall,احتل,احتل,True,7,4
arabic_to_arabizi,ينرفز,ynarfiz,yinrifiz,False,5,7
arabizi_to_arabic,summeel,صميل,سميل,False,7,4
arabizi_to_arabic,yitfallat,يتفلت,يتفلت,True,9,5
arabizi_to_arabic,qaliil,قليل,قليل,True,6,4
arabizi_to_arabic,yinsakh,ينسخ,ينسخ,True,7,4
arabic_to_arabizi,مستند,mustanad,mustannid,False,5,8
arabizi_to_arabic,mitrassid,مترصد,مترسد,False,9,5
arabizi_to_arabic,7yaane,حيانة عاد,حيانة,False,6,9
arabic_to_arabizi,أخضر الزيتون ولا يابس الحطب,3akhdar 2izzaytuun wala yaabis 2il7atab,2akhdar 2ilbeet wuzan 2il7asabiib,False,27,39
arabizi_to_arabic,warraara,ورارة,ورارة,True,8,5
arabizi_to_arabic,wasiiqa,وثيقة,وسيقة,False,7,5
arabic_to_arabizi,يفارق,yfaariq,yfaariq,True,5,7
arabic_to_arabizi,مرتاح,mirtaa7,mirtaa7,True,5,7
arabic_to_arabizi,نفسه مفتوحة,nifso maftuu7a,nafso mit7o,False,11,14
arabizi_to_arabic,deef khafiif ndiif,ضيف خفيف نظيف,ديف خفيف نيديفة,False,18,13
arabic_to_arabizi,تعس,ta33as,ta3as,False,3,6
arabizi_to_arabic,shawaati2,شواطئ,شواطئ,True,9,5
arabic_to_arabizi,يشخط,yshakhkhit,yshakhkhit,True,4,10
arabic_to_arabizi,ينحرف,yin7irif,yin7irif,True,5,8
arabic_to_arabizi,قندرة,qkundara,qandara,False,5,8
arabic_to_arabizi,إنعاش,2in3aash,2in3aash,True,5,8
arabic_to_arabizi,معصلج,m3aslij,m3aslaj,False,5,7
arabizi_to_arabic,hatwar,هتور,هتور,True,6,4
arabizi_to_arabic,2istaslim,استسلم,استسلم,True,9,6
arabizi_to_arabic,3amm,عم,عم,True,4,2
arabic_to_arabizi,كف,kaff,kaff,True,2,4
arabizi_to_arabic,see3a,ساعة,سيعة,False,5,4
arabizi_to_arabic,ytarriz,يطرز,يطرز,True,7,4
arabic_to_arabizi,انلغى,2inlagha,2inlagha,True,5,8
arabic_to_arabizi,يفشق,yifshuq,yfashshiq,False,4,7
arabic_to_arabizi,يبلى,yibla,yballi,False,4,5
arabizi_to_arabic,2il7aywane bdammo,الحيونة بدمه,الحومة بدنه,False,17,12
arabizi_to_arabic,yidhak,يدهك,يدهك,True,6,4
arabic_to_arabizi,استهل,2istahall,2istahill,False,5,9
arabic_to_arabizi,تلخم,tlakhkham,tlakhkham,True,4,9
arabizi_to_arabic,mhawwin,مهون,مهون,True,7,4
arabizi_to_arabic,ytiish,يطيش,يطيش,True,6,4
arabizi_to_arabic,yitghayyab,يتغيب,يتغيب,True,10,5
arabic_to_arabizi,اتغرب,2itgharrab,2itgharrab,True,5,10
arabic_to_arabizi,عظمه من ذهب,3admo min dahab,3adamo min dabo,False,11,15
arabizi_to_arabic,yitnaashaf,يتناشف,يتنافش,False,10,6
arabizi_to_arabic,warbaat,وربات,وربط,False,7,5
arabic_to_arabizi,مغبش,mghabbish,mghabbish,True,4,9
arabic_to_arabizi,انصد,2insadd,2insadd,True,4,7
arabic_to_arabizi,ارتبط,2irtabat,2irtabat,True,5,8
arabizi_to_arabic,mda3dir,مدعدر,مدعدر,True,7,5
arabizi_to_arabic,mnawwir,منور,منور,True,7,4
arabic_to_arabizi,استكثر,2istaktar,2istaktar,True,6,9
arabizi_to_arabic,yqkawwish,يقوش,يقوش,True,9,4
arabizi_to_arabic,daqni 2asfiin,دقني أسفين,دقني أسفين,True,13,10
arabizi_to_arabic,mistadrij,مستدرج,مستدرج,True,9,6
arabic_to_arabizi,هبر,habbar,habbar,True,3,6
arabic_to_arabizi,ينعق,yin3aq,yin3aq,True,4,6
arabizi_to_arabic,yinkhifiq,ينخفق,ينخفق,True,9,5
arabic_to_arabizi,طرقات,turuqaat,tarqaat,False,5,8
arabic_to_arabizi,يبنشر,ybanshir,ybanshir,True,5,8
arabic_to_arabizi,بخوت العفنات بالحفنات وبخت الملايح بالأرض طايح,bkhuut 2il3ifnaat bil7afnaat wubakht 2ilmalaayi7 bil2arid taayi7,bikhtiti3 2il2innaaf bi7al wukhard bil7afat 2ilaafat bil7maat,False,46,64
arabic_to_arabizi,برشة,barshe,barshe,True,4,6
arabic_to_arabizi,طرد,tarrid,tarad,False,3,6
arabic_to_arabizi,متاخذ,mittaakhid,mutaakhiz,False,5,10
arabic_to_arabizi,ولد,walad,wallad,False,3,5
arabizi_to_arabic,daa3ir,داعر,داعر,True,6,4
arabizi_to_arabic,ka3ik 2ibsimsim,كعك بسمسم,كعك المسب,False,15,9
arabizi_to_arabic,jibin,جبن,جبن,True,5,3
arabizi_to_arabic,nassi7,نصح,نصح,True,6,3
arabizi_to_arabic,yfarrit,يفرط,يفرط,True,7,4
arabic_to_arabizi,فالصو,faalsu,faaluus,False,5,6
arabic_to_arabizi,لسانه سبع شطلات,lsaano sabi3 shatalaat,salaano bista3 shalat,False,15,22
arabic_to_arabizi,مغطرش,mghatrish,mghatrish,True,5,9
arabic_to_arabizi,تسوية,taswiye,taswiye,True,5,7
arabizi_to_arabic,2it7aalaf,اتحالف,اتحافل,False,9,6
arabic_to_arabizi,نقر,naqar,naqqir,False,3,5
arabic_to_arabizi,يعوم,y3uum,y3awwim,False,4,5
arabic_to_arabizi,يجخم,ydjakhkhim,yjakhkhim,False,4,10
arabizi_to_arabic,3addid,عدد,عدد,True,6,3
arabizi_to_arabic,yfawwi7,يفوح,يفوح,True,7,4
arabizi_to_arabic,7armase,حرمصة,حرمسة,False,7,5
arabic_to_arabizi,يناطح,ynaati7,ynaati7,True,5,7
arabizi_to_arabic,luush,لوش,لوش,True,5,3
arabic_to_arabizi,عصفورية,3asfuuriyye,3asfuuriyye,True,7,11
arabizi_to_arabic,ma7a,محى,محى,True,4,3
arabic_to_arabizi,عشق,3ashshiq,3ashshaq,False,3,8
arabizi_to_arabic,yitsalla3,يتسلع,يتسلع,True,9,5
arabizi_to_arabic,shidfaawi,شدفاوي,شدفاوي,True,9,6
arabizi_to_arabic,2ikhrij,اخرج,اخرج,True,7,4
arabic_to_arabizi,أغرب,2aghrab,2aghrab,True,4,7
arabizi_to_arabic,b3uqur daaro,بعقر داره,بعقر دوره,False,12,9
arabic_to_arabizi,طمع,timi3,tammi3,False,3,5
arabizi_to_arabic,zahaab,ذهاب,زهاب,False,6,4
arabizi_to_arabic,2aquss khabarak,أقص خبرك,أقص خبرك,True,15,8
arabic_to_arabizi,مربط,marbat,mrabbit,False,4,6
arabizi_to_arabic,2ilbakh,البخ,البخ,True,7,4
arabic_to_arabizi,اغرق,2ighraq,2ighraq,True,4,7
arabic_to_arabizi,كبائر,kabaa2ir,kabaa2ir,True,5,8
arabic_to_arabizi,حوج,7awwaj,7awwaj,True,3,6
arabic_to_arabizi,انمعك,2inmi3ik,2inma3ak,False,5,8
arabizi_to_arabic,3aabitsh,عابك,عابطش,False,8,4
arabic_to_arabizi,مكبسة معه,mkabse ma3o,makbise m3o,False,9,11
arabizi_to_arabic,yithabwaqk,يتهبوق,يتهبوق,True,10,6
arabic_to_arabizi,تناثر,tnaathar,tnaathar,True,5,8
arabic_to_arabizi,مخاواة,mkhaawaa,mkhawaat,False,6,8
arabic_to_arabizi,تحفظ,t7affaz,t7affaz,True,4,7
arabizi_to_arabic,7abbat,حبط,حبط,True,6,3
arabic_to_arabizi,طلق,talliq,talliq,True,3,6
arabizi_to_arabic,farraz,فرز,فرز,True,6,3
arabizi_to_arabic,2itwazzam,اتوزم,اتوزم,True,9,5
arabic_to_arabizi,اتهجم,2ithajjam,2itjahham,False,5,9
arabic_to_arabizi,جزى,jazza,jazza,True,3,5
arabizi_to_arabic,ykattir,يكثر,يكتر,False,7,4
arabic_to_arabizi,اتشحبر,2itsha7bar,2itsha7bar,True,6,10
arabic_to_arabizi,فوطة,fuuta,foota,False,4,5
arabic_to_arabizi,تجلى,tjalla,tjalla,True,4,6
arabizi_to_arabic,yitkannaz,يتكنز,يتكنز,True,9,5
arabic_to_arabizi,اللي معاه قرش بسوى قرش واللي معهوش اشي ما بسوى اشي,2illi ma3aa qirish biswa qirish willi ma3huush 2ishi maa biswa 2ishi,2illla ma yishsha ma3a wa bishshsha qara wa mishsha wa 2ila mashshsha biila mishshshsha yiira ma sha yish,False,50,68
arabic_to_arabizi,يلمس,yilmas,ylammis,False,4,6
arabic_to_arabizi,نقارة,nuqqaara,naqaara,False,5,8
arabizi_to_arabic,la7was,لحوس,لحوص,False,6,4
arabizi_to_arabic,masa77a,مصحة,مساح,False,7,4
arabizi_to_arabic,makaayin,مكاين,مكاين,True,8,5
arabic_to_arabizi,انستر,2insatar,2insitir,False,5,8
arabic_to_arabizi,ينلغي,yinlaghi,yinlighi,False,5,8
arabizi_to_arabic,tsha7taf,تشحتف,تشحطف,False,8,5
arabizi_to_arabic,qkansha3e,قنشعة,قنشعة,True,9,5
arabizi_to_arabic,7affiz,حفز,حفظ,False,6,3
arabizi_to_arabic,dafa3 damm qalbo,دفع دم قلبه,دفع عدمه قلب,False,16,11
arabizi_to_arabic,2ista3mir,استعمر,استعمر,True,9,6
arabic_to_arabizi,تمنهم,tamanhum,tmanham,False,5,8
arabizi_to_arabic,2istikhaara,استخارة,استخاري,False,11,7
arabic_to_arabizi,يورم,ywarrim,ywarrim,True,4,7
arabic_to_arabizi,يبرطم,ybartim,ybartim,True,5,7
arabic_to_arabizi,صغر مخه,zaghghar mukhkho,saghar makhkho,False,7,16
arabizi_to_arabic,bayyat 2inniyye,بيت النية,بيات النية,False,15,9
arabic_to_arabizi,اهمر,2ihmar,2ihmar,True,4,6
arabizi_to_arabic,baltin,بلطن,بلطن,True,6,4
arabic_to_arabizi,متحرسم,mit7arsim,mit7arsim,True,6,9
arabic_to_arabizi,طفى,taffi,taffa,False,3,5
arabizi_to_arabic,yindabit,ينضبط,يندبط,False,8,5
arabizi_to_arabic,7iin,حين,حين,True,4,3
arabic_to_arabizi,فدا,fida,fadda,False,3,4
arabizi_to_arabic,kuufiyye,كوفية,كوفية,True,8,5
arabic_to_arabizi,طنطش,tantash,tantish,False,4,7
arabic_to_arabizi,نبش,nabbash,nabash,False,3,7
arabic_to_arabizi,توجع,twajja3,twajja3,True,4,7
arabic_to_arabizi,أبواب,2abwaab,2abubaab,False,5,7
arabizi_to_arabic,yikhsa3,يخسع,يخسع,True,7,4
arabic_to_arabizi,عطس,3attis,3attis,True,3,6
arabic_to_arabizi,عكز,3akkiz,3akkiz,True,3,6
arabic_to_arabizi,عطر,3utur,3attar,False,3,5
arabic_to_arabizi,تقاطب,tqaatab,tqaatab,True,5,7
arabic_to_arabizi,وخوخ,wakhwikh,wakhwakh,False,4,8
arabizi_to_arabic,kabis,كبس,كبس,True,5,3
arabizi_to_arabic,khalaayle,خلايلة,خلاية,False,9,6
arabic_to_arabizi,يتقطب,yitqattab,yitqattab,True,5,9
arabic_to_arabizi,طنجة,tanje,tanje,True,4,5
arabic_to_arabizi,جخة,jakhkha,jakhkhe,False,3,7
arabic_to_arabizi,مغرة,maghra,maghra,True,4,6
arabic_to_arabizi,علماء,3ulamaa2,3almaa2,False,5,8
arabizi_to_arabic,khurraafiiye,خرافية,خرافية,True,12,6
arabizi_to_arabic,2urqus,ارقص,ارقص,True,6,4
arabic_to_arabizi,يخمج,ykhammij,ykhajjim,False,4,8
arabizi_to_arabic,qaam,قام,قام,True,4,3
arabizi_to_arabic,ymakkin,يمكن,يمكن,True,7,4
arabizi_to_arabic,qubuul,قبول,قبول,True,6,4
arabic_to_arabizi,متاعيس,mataa3iis,mita3aasi,False,6,9
arabizi_to_arabic,rashshaq,رشق,رشق,True,8,3
arabizi_to_arabic,yqammil,يقمل,يقمل,True,7,4
arabizi_to_arabic,tshawwak,تشوك,تشوك,True,8,4
arabic_to_arabizi,كحلت عيوني بشوفتك,ka77alit 3yuuni bshooftak,ka7lat 3afiish wubinak,False,17,25
arabizi_to_arabic,yzimm,يذم,يزم,False,5,3
arabizi_to_arabic,yjizz,يجز,يجز,True,5,3
arabizi_to_arabic,qassaar,قصار,قصار,True,7,4
arabic_to_arabizi,انمغج,2inmaghadj,2inmaghaj,False,5,10
arabic_to_arabizi,بكت,bakkat,bakkit,False,3,6
arabizi_to_arabic,madhdhaagha,مذاغة,مدهدغة,False,11,5
arabic_to_arabizi,ادبغ,2idbagh,2idbagh,True,4,7
arabic_to_arabizi,نسخ,nasikh,nassakh,False,3,6
arabizi_to_arabic,khaawil,خاول,خاول,True,7,4
arabizi_to_arabic,zaraafiil,زرافيل,زرافيل,True,9,6
arabizi_to_arabic,dahrab,دهرب,دهرب,True,6,4
arabizi_to_arabic,2in3iwij,انعوج,انعوج,True,8,5
arabizi_to_arabic,2infa3as,انفعص,انفعص,True,8,5
arabizi_to_arabic,ylaghghim,يلغم,يلغم,True,9,4
arabic_to_arabizi,بساع,bsaa3,bassaa3,False,4,5
arabic_to_arabizi,زاول,zaawal,zaawil,False,4,6
arabizi_to_arabic,y3assim,يعصم,يعصم,True,7,4
arabic_to_arabizi,سيارة,siyyaara,siyaara,False,5,8
arabic_to_arabizi,يهون,yhawwin,yhawwin,True,4,7
arabic_to_arabizi,يكيد,ykiid,ykayyid,False,4,5
arabic_to_arabizi,تعليمي,ta3liimi,ta3liim,False,6,8
arabic_to_arabizi,ينيم,ynayyim,ynayyim,True,4,7
arabizi_to_arabic,wayya,ويا,ويا,True,5,3
arabizi_to_arabic,maa 7iltuush 2illada,ما حيلتوش اللضى,ما حت لا دوشل,False,20,15
arabizi_to_arabic,2ajwibe,أجوبة,أجوبة,True,7,5
arabizi_to_arabic,7at7it,حطحط,حطحط,True,6,4
arabizi_to_arabic,sharmat,شرمط,شرمط,True,7,4
arabic_to_arabizi,طرز,tarraz,tarriz,False,3,6
arabic_to_arabizi,عموم,3umuum,3amuum,False,4,6
arabic_to_arabizi,انبحت,2inba7at,2inba7at,True,5,8
arabic_to_arabizi,زيت,zayyat,zayyat,True,3,6
arabizi_to_arabic,2itnaqqas,اتنقص,اتنقص,True,9,5
arabic_to_arabizi,وفى,wafa,waffa,False,3,4
arabizi_to_arabic,qksaara,قصارة,قصار,False,7,5
arabic_to_arabizi,اتفلوت,2itfalwat,2itfalwat,True,6,9
arabizi_to_arabic,2inbakha3,انبخع,انبخع,True,9,5
arabizi_to_arabic,ymakhmikh,يمخمخ,يمخم,False,9,5
arabizi_to_arabic,sha3ar 2ilbatin,شعر البطن,شعر البنات,False,15,9
arabizi_to_arabic,tablij,طبلج,تبلج,False,6,4
arabic_to_arabizi,فاقز,faaqiz,faaqiz,True,4,6
arabic_to_arabizi,قبية,qabbiyye,qabiyye,False,4,8
arabic_to_arabizi,بزم,bazzam,bazzim,False,3,6
arabizi_to_arabic,yraafis,يرافس,يرافس,True,7,5
arabizi_to_arabic,taqriis,تقريص,تقريص,True,7,5
arabic_to_arabizi,تعويض,ta3wiid,ta3wiid,True,5,7
arabizi_to_arabic,t3arraf,تعرف,تعرف,True,7,4
arabic_to_arabizi,يطق,ytuqq,ytuqq,True,3,5
arabic_to_arabizi,يبوبع,yboobi3,yboobi3,True,5,7
arabic_to_arabizi,اتبالد,2itbaalad,2itbaadal,False,6,9
arabic_to_arabizi,رفع عتب,rafi3 3atab,raf3at 3ab,False,7,11
arabic_to_arabizi,يعطب,y3attib,y3attib,True,4,7
arabic_to_arabizi,قرع,qara3,qarra3,False,3,5
arabizi_to_arabic,talab,طلب,طلب,True,5,3
arabizi_to_arabic,3ahashshaarib,عهالشارب,عهاشبر,False,13,8
arabizi_to_arabic,7jaab,حجاب,حجب,False,5,4
arabizi_to_arabic,turush,طرش,طرش,True,6,3
arabic_to_arabizi,بواقير,bawaaqiir,bawaaqiir,True,6,9
arabic_to_arabizi,ادفش,2idfashsh,2idfashsh,True,4,9
arabizi_to_arabic,2itsalqat,اتسلقط,اتسلقط,True,9,6
arabic_to_arabizi,ينقطب,yinqitib,yinqitib,True,5,8
arabizi_to_arabic,ghaas,غاص,غاص,True,5,3
arabic_to_arabizi,داري,daari,daari,True,4,5
arabizi_to_arabic,nakha3,نخع,نخع,True,6,3
arabic_to_arabizi,معيار,mi3yaar,ma3yaar,False,5,7
arabic_to_arabizi,يغربل,ygharbil,ygharbil,True,5,8
arabizi_to_arabic,yusur,يسر,يصور,False,5,3
arabizi_to_arabic,kubbaash,كباش,كباش,True,8,4
arabic_to_arabizi,جزرة,jazara,jazra,False,4,6
arabic_to_arabizi,الدغ,2ildagh,2ildagh,True,4,7
arabic_to_arabizi,فارش,faarish,faarish,True,4,7
arabic_to_arabizi,حادد,7aadid,7aadid,True,4,6
arabizi_to_arabic,wa33az,وعظ,وعظ,True,6,3
arabizi_to_arabic,mulakhkhas,ملخص,ملخص,True,10,4
arabic_to_arabizi,أصوج,2aswaj,2aswaj,True,4,6
arabic_to_arabizi,يهجن,yhajjin,yhajjin,True,4,7
arabizi_to_arabic,7araadib,حرادب,حرادب,True,8,5
arabizi_to_arabic,ma3zuum,معزوم,معزوم,True,7,5
arabizi_to_arabic,2itraddad,اتردد,اتردد,True,9,5
arabic_to_arabizi,طبول,tbuul,tabbuul,False,4,5
arabizi_to_arabic,tsakhkhaf,تسخف,تسخف,True,9,4
arabic_to_arabizi,يمز,ymizz,ymizz,True,3,5
arabizi_to_arabic,li77,لح,لح,True,4,2
arabic_to_arabizi,مهود,mhawwid,mahwad,False,4,7
arabic_to_arabizi,عب,3abb,3abb,True,2,4
arabic_to_arabizi,يئسر,yi2sir,yis2ar,False,4,6
arabic_to_arabizi,يتبشنق,yitbashnaqk,yitbashnaqk,True,6,11
arabizi_to_arabic,mqooqi7mkooki7,مقوقح,مقوقح,True,14,5
arabizi_to_arabic,na3was,نعوس,نعوس,True,6,4
arabizi_to_arabic,yitwa33ak,يتوعك,يتوعك,True,9,5
arabic_to_arabizi,حنتور,7antuur,7antuur,True,5,7
arabic_to_arabizi,بيستاهل الحمد,byistaahal 2il7amd,bisiithaat 2il7amad,False,13,18
arabic_to_arabizi,مخيج,makhiij,mkhayyij,False,4,7
arabizi_to_arabic,taase wa7de,طاسة وحده,طاسة وحدة,False,11,9
arabic_to_arabizi,أراد,2araad,2arraad,False,4,6
arabizi_to_arabic,7ijje,حجة,حجة,True,5,3
arabizi_to_arabic,ydaghdigh,يدغدغ,يدغدغ,True,9,5
arabic_to_arabizi,هواة ترمعك الوطاة,hwaa tram3ak,wawaat mir3aake walato,False,17,12
arabic_to_arabizi,مغلباوي,mghallabaawi,maghlawaabi,False,7,12
arabic_to_arabizi,يتفعكش,yitfa3kash,yitfa3kash,True,6,10
arabic_to_arabizi,ثمرة,thamara,thamra,False,4,7
arabizi_to_arabic,2it3aala,اتعالى,اتعال,False,8,6
arabic_to_arabizi,يسر,yassir,ysurr,False,3,6
arabic_to_arabizi,مبهبط,mbahbat,mbahbit,False,5,7
arabizi_to_arabic,shidd 7anakak,شد حنكك,شد حكنك,False,13,7
arabizi_to_arabic,zaa3al,زاعل,زاعل,True,6,4
arabizi_to_arabic,khafiif,خفيف,خفيف,True,7,4
arabic_to_arabizi,تصويت,taswiit,taswiit,True,5,7
arabic_to_arabizi,يسلفق,ysalfiq,ysalfiq,True,5,7
arabic_to_arabizi,تحقق,t7aqqaq,t7aqqaq,True,4,7
arabic_to_arabizi,هدر,hadir,haddar,False,3,5
arabizi_to_arabic,tnaayat,تنايط,تنايط,True,7,5
arabic_to_arabizi,طرش,turush,tarash,False,3,6
arabic_to_arabizi,طوافير,tawaafiir,tawaafiir,True,6,9
arabic_to_arabizi,محراك شر,mi7raak sharr,mu7raak shara,False,8,13
arabic_to_arabizi,ولى,walla,walla,True,3,5
arabizi_to_arabic,tqayyad,تقيد,تقيد,True,7,4
arabic_to_arabizi,هدولة,hadwale,hadwale,True,5,7
arabic_to_arabizi,بجد,bjadd,bajdid,False,3,5
arabic_to_arabizi,قطيع,qatii3,qatii3,True,4,6
arabizi_to_arabic,mzabrikh,مزبرخ,مزبرخ,True,8,5
arabizi_to_arabic,7uut,حوت,حوط,False,4,3
arabizi_to_arabic,2it7allaf,اتحلف,اتحلف,True,9,5
arabizi_to_arabic,yitkhadkhad,يتخضخض,يتخدخ,False,11,6
arabic_to_arabizi,نمنم,namnam,namnam,True,4,6
arabic_to_arabizi,عسلي,3asali,3asli,False,4,6
arabizi_to_arabic,dakk,دك,دك,True,4,2
arabic_to_arabizi,بارخ,baarikh,baarikh,True,4,7
arabizi_to_arabic,yista7sin,يستحسن,يستحسن,True,9,6
arabizi_to_arabic,t3adda,تعدى,تعدى,True,6,4
arabic_to_arabizi,يلتغي,yiltighi,yiltighi,True,5,8
arabic_to_arabizi,انرج,2inrajj,2inrajj,True,4,7
arabic_to_arabizi,اخشم,2ikhshim,2ikhsham,False,4,8
arabizi_to_arabic,yistajim,يستجم,يستجم,True,8,5
arabic_to_arabizi,شوشرة,shooshara,shooshara,True,5,9
arabizi_to_arabic,ykhazwig,يخزوق,يخزوق,True,8,5
arabizi_to_arabic,yitmaaras,يتمرس,يتمارس,False,9,5
arabic_to_arabizi,بلانة,ballane,balaane,False,5,7
arabic_to_arabizi,نيك,neek,nayyik,False,3,4
arabic_to_arabizi,اتردد,2itraddad,2itraddad,True,5,9
arabic_to_arabizi,أخذ وجهها,2akhad wijihha,2akhad wijha,False,9,14
arabic_to_arabizi,بقبش,baqkbish,baqbash,False,4,8
arabizi_to_arabic,nab3at,نبعت,نبعط,False,6,4
arabic_to_arabizi,مكان,makaan,makaan,True,4,6
arabic_to_arabizi,تمهد,tmahhad,tmahhad,True,4,7
arabizi_to_arabic,shahim,شهم,شهم,True,6,3
arabic_to_arabizi,تمخلع,tmakhla3,tmakhla3,True,5,8
arabic_to_arabizi,يتشبشب,yitshabshab,yitshabshab,True,6,11
arabic_to_arabizi,يختي,yakhti,ykhatti,False,4,6
arabic_to_arabizi,توسط,twassat,twassat,True,4,7
arabizi_to_arabic,mitlakkish,متلكش,متلكش,True,10,5
arabizi_to_arabic,t2annaq,تأنق,تأنق,True,7,4
arabizi_to_arabic,7awaaliish,حواليش,حواليش,True,10,6
arabizi_to_arabic,mool,مول,مول,True,4,3
arabizi_to_arabic,khata,خطى,خطى,True,5,3
arabic_to_arabizi,يحوش,y7awwish,y7awwish,True,4,8
arabic_to_arabizi,ترقيع,tarqii3,tarqii3,True,5,7
arabizi_to_arabic,ka3bish,كعبش,كعبش,True,7,4
arabizi_to_arabic,hinne,هني,هنة,False,5,3
arabic_to_arabizi,ولاول,walaawil,walaawil,True,5,8
arabizi_to_arabic,ydaabish,يدابش,يدابش,True,8,5
arabizi_to_arabic,7athmal,حثمل,حثمل,True,7,4
arabizi_to_arabic,3afish,عفش,عفش,True,6,3
arabizi_to_arabic,2ista3jal,استعجل,استعجل,True,9,6
arabizi_to_arabic,khamme,خمة,خمة,True,6,3
arabic_to_arabizi,تأليف,ta2liif,ta2liif,True,5,7
arabizi_to_arabic,2immaza3,ممزع,امزع,False,8,4
arabizi_to_arabic,mutawassit,متوسط,متوسط,True,10,5
arabic_to_arabizi,بغدد,baghdad,baghdad,True,4,7
arabizi_to_arabic,mlazziq,ملزق,ملزق,True,7,4
arabic_to_arabizi,دمع,dama3,dammi3,False,3,5
arabic_to_arabizi,حزيرة,7uzzeera,7aziira,False,5,8
arabic_to_arabizi,نحت,na7it,na77it,False,3,5
arabizi_to_arabic,ghashshaash,غشاش,غشاش,True,11,4
arabic_to_arabizi,حجج,7ajjij,7ajjaj,False,3,6
arabic_to_arabizi,يغير,yghayyir,yghayyir,True,4,8
arabizi_to_arabic,mhatwir,مهتور,مهتور,True,7,5
arabizi_to_arabic,msaddi,مصدي,مسدي,False,6,4
arabizi_to_arabic,yittahid,يضطهد,يتهد,False,8,5
arabizi_to_arabic,tuuz,توز,طوز,False,4,3
arabic_to_arabizi,حردان,7aradaan,7ardaan,False,5,8
arabic_to_arabizi,قاصد,qaasid,qaasid,True,4,6
arabic_to_arabizi,امرس,2umrus,2imras,False,4,6
arabizi_to_arabic,za3rane,زعرنة,زعرنة,True,7,5
arabic_to_arabizi,خويف,khawwiif,khawiif,False,4,8
arabic_to_arabizi,يأنتخ,y2antikh,y2antikh,True,5,8
arabizi_to_arabic,ghaarish,غارش,غارش,True,8,4
arabic_to_arabizi,مدروم,madruum,mdoorim,False,5,7
arabizi_to_arabic,2uu7il,اوحل,اوحل,True,6,4
arabizi_to_arabic,2irtawa,ارتوى,ارتوى,True,7,5
arabic_to_arabizi,بطل,batal,battal,False,3,5
arabizi_to_arabic,2inghall,انغل,انغل,True,8,4
arabizi_to_arabic,wall 3aleek,ول عليك,ول عليك,True,11,7
arabizi_to_arabic,2itbaltan,اتبلطن,اتبلطن,True,9,6
arabizi_to_arabic,yinidrib,ينضرب,يندرب,False,8,5
arabizi_to_arabic,diblumaasi,دبلوماسي,دبلامس,False,10,8
arabizi_to_arabic,3adas,عدس,عدس,True,5,3
arabizi_to_arabic,tsabba7,تصبح,تسبح,False,7,4
arabic_to_arabizi,دلاديل,daladiil,dalaadiil,False,6,8
arabic_to_arabizi,ضبط,zabbat,dabbat,False,3,6
arabizi_to_arabic,7aam,حام,حام,True,4,3
arabic_to_arabizi,أبدان,2abdaan,2abdaan,True,5,7
arabizi_to_arabic,dawaakin,دواكن,دواكن,True,8,5
arabizi_to_arabic,mamruus,ممروس,ممروس,True,7,5
arabizi_to_arabic,2usfuq,اسفق,اسفق,True,6,4
arabizi_to_arabic,tfaaqar,تفاقر,تفاقر,True,7,5
arabic_to_arabizi,اتربص,2itrabbas,2itrassab,False,5,9
arabizi_to_arabic,7annik,حنك,حنك,True,6,3
arabizi_to_arabic,khayyar,خير,خير,True,7,3
arabizi_to_arabic,tubur,طبر,طبر,True,5,3
arabizi_to_arabic,ziinko,زينكو,زينكو,True,6,5
arabic_to_arabizi,انقرض,2inqarad,2inqirid,False,5,8
arabizi_to_arabic,tarti7i bman7uusik laa yijiiki 2an7as minno,ترتحي بمنحوسك لا يجيكي أنحس منه,طرطيح بيناحجي من سلكونه,False,43,31
arabizi_to_arabic,y3ayyir,يعير,يعير,True,7,4
arabizi_to_arabic,meetan,ميطن,ميتن,False,6,4
arabic_to_arabizi,اجفل,2ijfil,2ijfil,True,4,6
arabic_to_arabizi,انرق,2inraqq,2inraqq,True,4,7
arabic_to_arabizi,سيل,seel,siil,False,3,4
arabic_to_arabizi,مستفيع,mi2istayi3,mustafii3,False,6,10
arabizi_to_arabic,wasaa2iq,وثائق,وسائق,False,8,5
arabizi_to_arabic,yinziniq,ينزنق,ينزنق,True,8,5
arabic_to_arabizi,يجدول,yjadwil,yjadwil,True,5,7
arabizi_to_arabic,2i3timid,اعتمد,اعتمد,True,8,5
arabizi_to_arabic,bu33,بع,بع,True,4,2
arabizi_to_arabic,jnuuk,جنوك,جنوك,True,5,4
arabic_to_arabizi,يعظم,y3azzim,y3azzim,True,4,7
arabizi_to_arabic,barraaye,براية,براية,True,8,5
arabizi_to_arabic,m2ajjal,مؤجل,مؤجل,True,7,4
arabizi_to_arabic,sayyir,سير,سير,True,6,3
arabic_to_arabizi,أغنية,2ughniyye,2aghniye,False,5,9
arabizi_to_arabic,yitbajja7,يتبجح,يتبجح,True,9,5
arabic_to_arabizi,سوس,suus,sawwis,False,3,4
arabic_to_arabizi,اتغنى,2itghanna,2itghanna,True,5,9
arabic_to_arabizi,ينشر,yunshur,yinshir,False,4,7
arabizi_to_arabic,nadab,نضب,ندب,False,5,3
arabizi_to_arabic,lubb,لب,لب,True,4,2
arabizi_to_arabic,2istanshiq,استنشق,استنشق,True,10,6
arabic_to_arabizi,جاسوس,jasuus,jaasuus,False,5,6
arabizi_to_arabic,2akhiir,أخير,أخير,True,7,4
arabic_to_arabizi,تصبح,tsabba7,tsabba7,True,4,7
arabic_to_arabizi,زت,zatt,zatt,True,2,4
arabizi_to_arabic,qahir,قهر,قهر,True,5,3
arabizi_to_arabic,jifne,جفنة,جفنة,True,5,4
arabizi_to_arabic,qusur,قصر,قصر,True,5,3
arabizi_to_arabic,tishki wutibki,تشكي وتبكي,تشك وبك,False,14,10
arabizi_to_arabic,nafid,نفض,نفض,True,5,3
arabizi_to_arabic,taswiir,تصوير,تسوير,False,7,5
arabizi_to_arabic,tanne wranne,طنة ورنة,طنة ورنة,True,12,8
arabizi_to_arabic,jariime,جريمة,جريمة,True,7,5
arabizi_to_arabic,janaayin,جناين,جناين,True,8,5
arabic_to_arabizi,اتسرسب,2itsarsab,2itsarsab,True,6,9
arabic_to_arabizi,طلعت من كيس,til3at min kiis,talla3 min tiisk,False,11,15
arabizi_to_arabic,ydahwis,يدهوس,يدهوس,True,7,5
arabizi_to_arabic,ma7aq,محق,محق,True,5,3
arabic_to_arabizi,اتيسر,2ityassar,2ityassar,True,5,9
arabic_to_arabizi,تمرقط,tmirqit,tmarqat,False,5,7
arabic_to_arabizi,اتسلف,2itsallaf,2itsallaf,True,5,9
arabizi_to_arabic,malqat 2akil,ملقط أكل,ملقط الك,False,12,8
arabic_to_arabizi,فرطح,farti7,farta7,False,4,6
arabizi_to_arabic,na77,نح,نح,True,4,2
arabic_to_arabizi,يدقمس,ydagmis,ydaqmis,False,5,7
arabizi_to_arabic,mu3aarid,معارض,معارض,True,8,5
arabizi_to_arabic,yattim,يتم,يطمطم,False,6,3
arabic_to_arabizi,قمل,qamil,qammil,False,3,5
arabic_to_arabizi,سفر,saffir,saffar,False,3,6
arabizi_to_arabic,2ifqa3,افقع,افقع,True,6,4
arabizi_to_arabic,faawid,فاوض,فاود,False,6,4
arabizi_to_arabic,2itka7tat,اتكحتت,اتكحت,False,9,6
arabic_to_arabizi,شواطئ,shawaati2,shawaa2it,False,5,9
arabic_to_arabizi,نزاع,nizaa3,nazaa3,False,4,6
arabizi_to_arabic,3arri,عري,عري,True,5,3
arabizi_to_arabic,m3aakase,معاكسة,معاكسة,True,8,6
arabic_to_arabizi,مقطع,maqta3,mqatti3,False,4,6
arabizi_to_arabic,ylammi7,يلمح,يلمح,True,7,4
arabizi_to_arabic,2inshakk,انشك,انشك,True,8,4
arabizi_to_arabic,darabiil,درابيل,درابيل,True,8,6
arabic_to_arabizi,نف,naff,naff,True,2,4
arabic_to_arabizi,أذنب,2aznab,2aznab,True,4,6
arabizi_to_arabic,mtahhir,مطهر,مثر,False,7,4
arabic_to_arabizi,وجه المخدة,wijih 2ilimkhadde,wijha milkhade,False,10,17
arabizi_to_arabic,za3rib,زعرب,زعرب,True,6,4
arabic_to_arabizi,يتذلل,yitzallal,yitzallal,True,5,9
arabic_to_arabizi,يقوم,yquum,yqawwim,False,4,5
arabic_to_arabizi,اشتل,2ishtil,2ishtil,True,4,7
arabic_to_arabizi,سوغ,sawwagh,sawwigh,False,3,7
arabizi_to_arabic,yinsaff,ينسف,ينسف,True,7,4
arabizi_to_arabic,yikhti,يخطي,يختي,False,6,4
arabizi_to_arabic,karim,كرم,كرم,True,5,3
arabizi_to_arabic,sakan tullaab,سكن طلاب,سكنة بلول,False,13,8
arabic_to_arabizi,قطارة,qattara,qattaara,False,5,7
arabic_to_arabizi,غزو,ghazu,ghawwiz,False,3,5
arabizi_to_arabic,qayyam,قيم,قيم,True,6,3
arabic_to_arabizi,يعقد,yi3qid,y3aqqid,False,4,6
arabic_to_arabizi,يجلق,yjalliqk,yjalliq,False,4,8
arabic_to_arabizi,حظه بيفلق الصخر,7azzo byifluq 2issakhir,7azzo bilqas fiir,False,15,23
arabizi_to_arabic,yitim,يتم,يتم,True,5,3
arabic_to_arabizi,شخابيط,shakhaabiit,shakhaabiit,True,6,11
arabic_to_arabizi,تشعبط,tsha3bat,tsha3bat,True,5,8
arabizi_to_arabic,t7allaf,تحلف,تحلف,True,7,4
arabizi_to_arabic,shakhshakh,شخشخ,شخشخ,True,10,4
arabic_to_arabizi,بريمس,briimus,bariimis,False,5,7
arabic_to_arabizi,تحشر,t7ashshar,t7ashshar,True,4,9
arabizi_to_arabic,ka3kal,كعكل,كعكل,True,6,4
arabizi_to_arabic,duur,دور,دور,True,4,3
arabizi_to_arabic,karras,كرس,كرس,True,6,3
arabic_to_arabizi,يبسبس,ybasbis,ybasbis,True,5,7
arabic_to_arabizi,مكشكش,mkashkash,mkashkish,False,5,9
