source,target,prediction,exact_match,source_length,target_length,source_length_bucket,target_length_bucket,source_column
اِتْحَوَّط,2it7awwat,2it7awwat,True,10,9,10-19,0-9,arabic_harakat
مُغْتَرِب,mughtarib,mughtarib,True,9,9,0-9,0-9,arabic_harakat
يِنْسَدّ,yinsadd,yinsadd,True,8,7,0-9,0-9,arabic_harakat
اِتْلَصَّص,2itlassas,2itlassas,True,10,9,10-19,0-9,arabic_harakat
فَسْفَس,fasfas,fasfas,True,7,6,0-9,0-9,arabic_harakat
عُضُو,3udu,3udu,True,5,4,0-9,0-9,arabic_harakat
اِنْقَطَع الخَيط وفَرْطَت المِسْبَحَة,2inqata3il kheet wfartat 2ilmisba7a,2inqata3 2ilmata7 wilfartakha bista,False,37,35,30-39,30-39,arabic_harakat
يِتْفَرَّك,yitfarrak,yitfarrak,True,10,9,10-19,0-9,arabic_harakat
أَنْهَى,2anha,2anha,True,7,5,0-9,0-9,arabic_harakat
يُنْطُر,yuntur,yuntur,True,7,6,0-9,0-9,arabic_harakat
يسَافِر,ysaafir,ysaafir,True,7,7,0-9,0-9,arabic_harakat
شُرْطَة,shurta,shurta,True,7,6,0-9,0-9,arabic_harakat
أَبُو قَاتُول,2abu qaatuul,2abu qaatuul,True,13,12,10-19,10-19,arabic_harakat
رَمِّم,rammim,rammim,True,6,6,0-9,0-9,arabic_harakat
مْرَابِع,mraabi3,mraabi3,True,8,7,0-9,0-9,arabic_harakat
لَدْوِع,ladwi3,ladwi3,True,7,6,0-9,0-9,arabic_harakat
خَرْمَان,kharmaan,kharmaan,True,8,8,0-9,0-9,arabic_harakat
سِيرَج,siiraj,siiraj,True,6,6,0-9,0-9,arabic_harakat
حْسَاب شخصي,7saab shakhsi,7saab skhees,False,11,13,10-19,10-19,arabic_harakat
مْدَلْهِم,mdalhim,mdalhim,True,9,7,0-9,0-9,arabic_harakat
اُوصِي,2uusi,2uusi,True,6,5,0-9,0-9,arabic_harakat
وِجْهَة,wijha,wijha,True,7,5,0-9,0-9,arabic_harakat
فَشِّل,fashshil,fashshil,True,6,8,0-9,0-9,arabic_harakat
يلَقِّم,ylaqqim,ylaqqim,True,7,7,0-9,0-9,arabic_harakat
لَْسَانُه مِتْبَرِّي مِنُّه,lsano mitbarri minno,lasno min bitro mayib,False,27,20,20-29,20-29,arabic_harakat
زَهْرِي,zahri,zahri,True,7,5,0-9,0-9,arabic_harakat
دَسِيسَة,dasiisa,dasiise,False,8,7,0-9,0-9,arabic_harakat
من رَحِم المُعَانَاة,min ra7im 2almu3aana,min ra7amit 2il3umaan,False,20,20,20-29,20-29,arabic_harakat
اِكْذِب,2ikzib2ikdhib,2izkib,False,7,13,0-9,10-19,arabic_harakat
رَاد,raad,raad,True,4,4,0-9,0-9,arabic_harakat
أَوَاعِي,2awaa3i,2awaa3i,True,8,7,0-9,0-9,arabic_harakat
قَشْعَر,qash3ar,qash3ar,True,7,7,0-9,0-9,arabic_harakat
غَزَّز,ghazzaz,ghazzaz,True,6,7,0-9,0-9,arabic_harakat
سَاكِك,saakik,saakik,True,6,6,0-9,0-9,arabic_harakat
يِنْدَبّ,yindabb,yindabb,True,8,7,0-9,0-9,arabic_harakat
هَبِد,habid,habid,True,5,5,0-9,0-9,arabic_harakat
هَبْرِج,habrij,habrij,True,7,6,0-9,0-9,arabic_harakat
مْحَمْرِق,m7amriqk,m7amriq,False,9,8,0-9,0-9,arabic_harakat
اِتْحَادَق,2it7aadaqg,2it7aadaq,False,10,10,10-19,10-19,arabic_harakat
اِبْرَد,2ibrad,2ibrad,True,7,6,0-9,0-9,arabic_harakat
عَرْطَة,3arta,3arta,True,7,5,0-9,0-9,arabic_harakat
مُنْتَصِر,muntasir,muntasir,True,9,8,0-9,0-9,arabic_harakat
أَغْطِيِة,2aghtiye,2aghtiye,True,9,8,0-9,0-9,arabic_harakat
يِكْمَل,yikmal,yikmal,True,7,6,0-9,0-9,arabic_harakat
بِلْهَا وَاِشْرَب مَيِّتْهَا,billha wu2ishrab mayyitha,bilhawa tshabiir msha,False,28,25,20-29,20-29,arabic_harakat
اِنْوِهِب,2inwihib,2inwihib,True,9,8,0-9,0-9,arabic_harakat
يلَمِّع,ylammi3,ylammi3,True,7,7,0-9,0-9,arabic_harakat
اِقْرِن,2iqrin,2iqrin,True,7,6,0-9,0-9,arabic_harakat
أَوبَّا الزَيد,2ubba 2izzeed,2awbaal 2izzeed,False,14,13,10-19,10-19,arabic_harakat
اِنْقَطّ,2inqatt,2inqatt,True,8,7,0-9,0-9,arabic_harakat
تَمَكُّن,tamakkun,tamakkun,True,8,8,0-9,0-9,arabic_harakat
يِسْتَرِقّ,yistariqq,yistariqq,True,10,9,10-19,0-9,arabic_harakat
اِرْغِي,2irghi,2irghi,True,7,6,0-9,0-9,arabic_harakat
سَفْلَقَة,saflaqa,saflaqa,True,9,7,0-9,0-9,arabic_harakat
لَعِّب,la33ib,la33ib,True,6,6,0-9,0-9,arabic_harakat
اِنْشِحِط,2inshi7it,2inshi7it,True,9,9,0-9,0-9,arabic_harakat
لَتْغَة,latgha,latgha,True,7,6,0-9,0-9,arabic_harakat
تَزْكِيِة,tazkiye,tazkiye,True,9,7,0-9,0-9,arabic_harakat
نِفْسُه مفتوحَة,nifso maftuu7a,nifso mat7o,False,15,14,10-19,10-19,arabic_harakat
يجَنِّب,yjannib,yjannib,True,7,7,0-9,0-9,arabic_harakat
طَلِّق,talliq,talliq,True,6,6,0-9,0-9,arabic_harakat
اِتْعَمَّم,2it3ammim,2it3ammam,False,10,9,10-19,0-9,arabic_harakat
عَمْداً,3amdan,3amdan,True,7,6,0-9,0-9,arabic_harakat
مُنَظَّمِة,munazzame,munazzame,True,10,9,10-19,0-9,arabic_harakat
يفَنِّن,yfannin,yfannin,True,7,7,0-9,0-9,arabic_harakat
عَصَّم,3assam,3assam,True,6,6,0-9,0-9,arabic_harakat
أَصْهِرِة,2ashira,2ashire,False,9,7,0-9,0-9,arabic_harakat
اِسْتَعْمِي,2ista3mi,2ista3mi,True,11,8,10-19,0-9,arabic_harakat
اِفْزَع,2ifza3,2ifza3,True,7,6,0-9,0-9,arabic_harakat
شَبَّص,shabbas,shabbas,True,6,7,0-9,0-9,arabic_harakat
اِبْتُر,2ubtur,2ibtur,False,7,6,0-9,0-9,arabic_harakat
يِسْقِي,yisqi,yisqi,True,7,5,0-9,0-9,arabic_harakat
مْحَافِظ,m7aafiz,m7aafiz,True,8,7,0-9,0-9,arabic_harakat
عَصِّم,3assim,3assim,True,6,6,0-9,0-9,arabic_harakat
اِسْتَلْقِي,2istalqi,2istalqi,True,11,8,10-19,0-9,arabic_harakat
عَبْقَرِي,3abqari,3abqari,True,9,7,0-9,0-9,arabic_harakat
يطيح,ytii7,ytii7,True,4,5,0-9,0-9,arabic_harakat
تْجَعْمَص,tdja3mas,tdja3mas,True,9,8,0-9,0-9,arabic_harakat
يِفْرِز,yifriz,yifriz,True,7,6,0-9,0-9,arabic_harakat
تْخَالَف,tkhaalaf,tkhaalaf,True,8,8,0-9,0-9,arabic_harakat
مُرُونِة,muruune,muruune,True,8,7,0-9,0-9,arabic_harakat
يطَبِّب,ytabbib,ytabbib,True,7,7,0-9,0-9,arabic_harakat
يُنْثُر,yunthur,yunsur,False,7,7,0-9,0-9,arabic_harakat
اِعْتِقَاد,2i3tiqaad,2i3tiqaad,True,10,9,10-19,0-9,arabic_harakat
يمَلْطِس,ymaltis,ymaltis,True,8,7,0-9,0-9,arabic_harakat
مُشَارِك,mushaarik,mushaarik,True,8,9,0-9,0-9,arabic_harakat
عَالمَوضَة,3al mooda,3alamooda,False,10,9,10-19,0-9,arabic_harakat
كَتَم على نفسي,katam 3ala nafasi,katama3 2il3ana fsi,False,14,17,10-19,10-19,arabic_harakat
تْعَابَط,t3aabat,t3aabat,True,8,7,0-9,0-9,arabic_harakat
يِتْشَلَّح,yitshalla7,yitshalla7,True,10,10,10-19,10-19,arabic_harakat
أَطْلَق,2atlaq,2atlaq,True,7,6,0-9,0-9,arabic_harakat
اِسْتَحْسَن,2ista7san,2ista7san,True,11,9,10-19,0-9,arabic_harakat
إِنْتَتَر,2intatar,2intatar,True,9,8,0-9,0-9,arabic_harakat
رَايِق,raayiq,raayiq,True,6,6,0-9,0-9,arabic_harakat
جِزِع,jizi3,jizi3,True,5,5,0-9,0-9,arabic_harakat
ينَفِّذ,ynaffiz,ynaffid,False,7,7,0-9,0-9,arabic_harakat
تَتْبِيلِة,talbiile,tatbiile,False,10,8,10-19,0-9,arabic_harakat
رُوح مُوت,ruu7 moot,ruu7 muut,False,9,9,0-9,0-9,arabic_harakat
يذِلّ,yzill,yzill,True,5,5,0-9,0-9,arabic_harakat
يِنْوِش,yinwish,yinwish,True,7,7,0-9,0-9,arabic_harakat
رَوِّع,yrawwi3,rawwi3,False,6,7,0-9,0-9,arabic_harakat
اِنْهَلَك,2inhalak,2inhalak,True,9,8,0-9,0-9,arabic_harakat
اُعْرُش,2u3rush,2u3rush,True,7,7,0-9,0-9,arabic_harakat
يجَلْعِم,yjal3im,yjal3im,True,8,7,0-9,0-9,arabic_harakat
يعَفِّر,y3affir,y3affir,True,7,7,0-9,0-9,arabic_harakat
يِزْبِن,yizbin,yizbin,True,7,6,0-9,0-9,arabic_harakat
بِيكِش ذُبَّان,bikishsh dhubbaab,bikiish dunaab,False,14,17,10-19,10-19,arabic_harakat
يِتْشَخْلَع,yitshakhla3,yitshakhla3,True,11,11,10-19,10-19,arabic_harakat
اِسْتَعْرِض,2ista3rid,2ista3rid,True,11,9,10-19,0-9,arabic_harakat
بِسِّة مْغَمْضِة,bisse mghamda,bissit mghamda,False,16,13,10-19,10-19,arabic_harakat
قُطْمِة,qutme,qutme,True,7,5,0-9,0-9,arabic_harakat
اِنْتَصَح,2intasa7,2intasa7,True,9,8,0-9,0-9,arabic_harakat
تْلَيَّس,tlayyas,tlayyas,True,8,7,0-9,0-9,arabic_harakat
زَايِف,zaayif,zaayif,True,6,6,0-9,0-9,arabic_harakat
قَابِل على حَاله,qaabil 3ala 7aalo,qaabil 3ala 7aalo,True,16,17,10-19,10-19,arabic_harakat
عِين قَوِيِّة,3een qawiyye,3iine qooye,False,13,12,10-19,10-19,arabic_harakat
ثُقَب,thuqab,thuqkab,False,5,6,0-9,0-9,arabic_harakat
بيلُق بيلُق,biluqq laqq,byiluq biluq,False,11,11,10-19,10-19,arabic_harakat
اِبْلِيس بيِتْعلَّم مِنُّه,2ibliis bit3allam minno,2ibli sabyi3am min lato,False,26,23,20-29,20-29,arabic_harakat
خَيَّب ظْنُونِي,khayyab zunuuni,khayyab dni,False,15,15,10-19,10-19,arabic_harakat
يْبَلِّغ,yballigh,yballigh,True,8,8,0-9,0-9,arabic_harakat
اِسْتَخْوِن,2istakhwin,2istakhwin,True,11,10,10-19,10-19,arabic_harakat
مُقُر,muqur,muqur,True,5,5,0-9,0-9,arabic_harakat
صَاعِقَة,saa3iqa,saa3iqa,True,8,7,0-9,0-9,arabic_harakat
نَوَّص,nawwas,nawwas,True,6,6,0-9,0-9,arabic_harakat
اِحْتَاط,2i7taat,2i7taat,True,8,7,0-9,0-9,arabic_harakat
نُقُر,nuqur,nuqur,True,5,5,0-9,0-9,arabic_harakat
مِتْدَيِّن,middayyin,middayyin,True,10,9,10-19,0-9,arabic_harakat
جَزِّئ,jazzi2,jazzi2,True,6,6,0-9,0-9,arabic_harakat
طَرْشَق,tarshaq,tarshaq,True,7,7,0-9,0-9,arabic_harakat
عَرْجَا,3arja,3arja,True,7,5,0-9,0-9,arabic_harakat
اِسْتَعْصَى,2ista3sa,2ista3sa,True,11,8,10-19,0-9,arabic_harakat
يلَعْبِك,yla3bik,yla3bik,True,8,7,0-9,0-9,arabic_harakat
مية مرشحة,miit marsha7a,miim rash7a,False,9,13,0-9,10-19,arabic_harakat
رَوحْهَا حِلْوِة,roo7ha 7ilwe,roo7o 2il7iwe,False,16,12,10-19,10-19,arabic_harakat
اِتْبَلَّط,2itballat,2itballat,True,10,9,10-19,0-9,arabic_harakat
قَذِف,qazif,qazif,True,5,5,0-9,0-9,arabic_harakat
اِنْهِرِي,2inhiri,2inhiri,True,9,7,0-9,0-9,arabic_harakat
فَصّ,fass,fass,True,4,4,0-9,0-9,arabic_harakat
بَعْبُول,ba3buul,ba3buul,True,8,7,0-9,0-9,arabic_harakat
ذَرَى,dhara,dhara,True,5,5,0-9,0-9,arabic_harakat
جَلْعِم,jal3im,jal3im,True,7,6,0-9,0-9,arabic_harakat
كَرِّهني عيشتي,karrahni 3iishti,karrahini 3eetishak,False,14,16,10-19,10-19,arabic_harakat
يُخْرُج,yukhruj,yukhruj,True,7,7,0-9,0-9,arabic_harakat
يطَوبِر,toobir,ytoobir,False,7,6,0-9,0-9,arabic_harakat
يسُوء,ysuu2,ysuu2,True,5,5,0-9,0-9,arabic_harakat
مَنْفَذ,manfaz,manfaz,True,7,6,0-9,0-9,arabic_harakat
رُكْبِة,rukbe,rukbe,True,7,5,0-9,0-9,arabic_harakat
مِلْعَقَة مشَلَّحَة,mil3aqa mshalla7a,mil3aqa shammalla7a,False,19,17,10-19,10-19,arabic_harakat
خَوِّف,khawwif,khawwif,True,6,7,0-9,0-9,arabic_harakat
الغَرِيق بْيِتْعَلَّق بِقَشِّة,2ilghariiq byit3allaq biqashshe,2ilgharqi btaqiish bil3aqiish,False,30,31,30-39,30-39,arabic_harakat
اِسْتَضِيف,2istadiif,2istadiif,True,10,9,10-19,0-9,arabic_harakat
مصَابح ممَاسي,2imsaabi7 2immaasi,msaabi7 maasi,False,13,18,10-19,10-19,arabic_harakat
شَبَاب,shabaab,shabaab,True,6,7,0-9,0-9,arabic_harakat
صَرْبَع,sarba3,sarba3,True,7,6,0-9,0-9,arabic_harakat
عَرِيشِة,3ariishe,3ariishe,True,8,8,0-9,0-9,arabic_harakat
قَلِّع,qalli3,qalli3,True,6,6,0-9,0-9,arabic_harakat
يِشْهَد,yishhad,yishhad,True,7,7,0-9,0-9,arabic_harakat
فَرْوِل,farwil,farwil,True,7,6,0-9,0-9,arabic_harakat
ييبَس,yiibas,ybees,False,5,6,0-9,0-9,arabic_harakat
فَكَهَنْجِي,fakahanji,fakahanji,True,11,9,10-19,0-9,arabic_harakat
مَسَاوِيط,masaawiit,masaawiit,True,9,9,0-9,0-9,arabic_harakat
نِجْمُه غَاطِس,nijmo ghaatis,nijmo ghaatis,True,14,13,10-19,10-19,arabic_harakat
علَامة اِسْتِفْهَام,3alaamit 2istifhaam,3alaame 2istimfha,False,19,19,10-19,10-19,arabic_harakat
وَقَّعه بَالحكي,waqqa3o bil7aki,waqqa3 bil7ak,False,15,15,10-19,10-19,arabic_harakat
طَرَارِيح,taraarii7,taraarii7,True,9,9,0-9,0-9,arabic_harakat
عَفِّف,3affif,3affif,True,6,6,0-9,0-9,arabic_harakat
اُقْرُم,2uqrum,2uqrum,True,7,6,0-9,0-9,arabic_harakat
اِنْطِرِد,2intirid,2intirid,True,9,8,0-9,0-9,arabic_harakat
يِنْدِفِش,yindifish,yindifish,True,9,9,0-9,0-9,arabic_harakat
يِدْوِر,yidwir,yidwir,True,7,6,0-9,0-9,arabic_harakat
رَحَم,ra7am,ra7am,True,5,5,0-9,0-9,arabic_harakat
لَحْمِيِّة,la7miyye,la7miyye,True,10,8,10-19,0-9,arabic_harakat
طَفِّح,taffi7,taffi7,True,6,6,0-9,0-9,arabic_harakat
بَلْبِح,balbi7,balbi7,True,7,6,0-9,0-9,arabic_harakat
بقلب المعدة,biglib 2ilmi3de,baqalb 2ilma3de,False,11,15,10-19,10-19,arabic_harakat
عَظْرَت,3adhrat,3adhrat,True,7,7,0-9,0-9,arabic_harakat
ميَّاته عَالنَار,mayyaato 3annaar,mayyaato 3alanar,False,16,16,10-19,10-19,arabic_harakat
مُعَارَضَة,mu3aarada,mu3aarada,True,10,9,10-19,0-9,arabic_harakat
عَمْرَان,3amraan,3amraan,True,8,7,0-9,0-9,arabic_harakat
اِيْأَس,2iiy2as,2iy2as,False,7,7,0-9,0-9,arabic_harakat
قهوِة شَقرَا,qahwe shaqra,qoohit shaqara,False,12,12,10-19,10-19,arabic_harakat
اِتْمَشْدَق,2itmashdaq,2itmashdaq,True,11,10,10-19,10-19,arabic_harakat
كَرْمَش,karmash,karmash,True,7,7,0-9,0-9,arabic_harakat
تَسْرِيح,tasrii7,tasrii7,True,8,7,0-9,0-9,arabic_harakat
اِتْقَشَّف,2itqashshaf,2itqashshaf,True,10,11,10-19,10-19,arabic_harakat
كَوَّر,kawwar,kawwar,True,6,6,0-9,0-9,arabic_harakat
بَنَات,banaat,banaat,True,6,6,0-9,0-9,arabic_harakat
اِنْتِفَاع,2intifaa3,2intifaa3,True,10,9,10-19,0-9,arabic_harakat
عَقِّد,3akkid,3aqqid,False,6,6,0-9,0-9,arabic_harakat
حَوَارِي,7awaari,7awaari,True,8,7,0-9,0-9,arabic_harakat
يِتْدَرَّع,yiddara3,yiddarra3,False,10,8,10-19,0-9,arabic_harakat
وَقِّت,waqqit,waqqit,True,6,6,0-9,0-9,arabic_harakat
حُرّ,7urr,7urr,True,4,4,0-9,0-9,arabic_harakat
يقَزِّز,yqazziz,yqazziz,True,7,7,0-9,0-9,arabic_harakat
اِنْحِطِم,2in7itim,2in7itim,True,9,8,0-9,0-9,arabic_harakat
خُضْرَوَات,khudrawaat,khudrawaat,True,10,10,10-19,10-19,arabic_harakat
فُنْدُق,funduq,funduq,True,7,6,0-9,0-9,arabic_harakat
بَصَّة,bassa,bassa,True,6,5,0-9,0-9,arabic_harakat
اِسْتَوْطَى,2istawta,2istawta,True,11,8,10-19,0-9,arabic_harakat
بَزَّم,bazzam,bazzam,True,6,6,0-9,0-9,arabic_harakat
غَوَايِش,ghawaayish,ghawaayish,True,8,10,0-9,10-19,arabic_harakat
اِقْلِي,2iqli,2iqli,True,7,5,0-9,0-9,arabic_harakat
خُش بطِيزي,khushsh 2ibtiizi,khushsh biizi,False,10,16,10-19,10-19,arabic_harakat
شَدّ بَرَاغِي,shadd baraaghi,shadd baraaghi,True,13,14,10-19,10-19,arabic_harakat
غَلَّث,ghallath,ghallath,True,6,8,0-9,0-9,arabic_harakat
غَنِيمِة,ghaniime,ghaniime,True,8,8,0-9,0-9,arabic_harakat
اِتْصَيَّع,2itsayya3,2itsayya3,True,10,9,10-19,0-9,arabic_harakat
سَحَّج,sa77aj,sa77aj,True,6,6,0-9,0-9,arabic_harakat
يِكْوِي,yikwi,yikwi,True,7,5,0-9,0-9,arabic_harakat
بَرْوِز,barwiz,barwiz,True,7,6,0-9,0-9,arabic_harakat
يِتْنَبَّه,yitnabbah,yitnabbah,True,10,9,10-19,0-9,arabic_harakat
حَاشَر,7aashar,7aashar,True,6,7,0-9,0-9,arabic_harakat
مُحْتَال,mu7taal,mu7taal,True,8,7,0-9,0-9,arabic_harakat
دَارت الشَّمِس,daarat 2ishshams,daarat 2ishshamis,False,14,16,10-19,10-19,arabic_harakat
زَايِغ,zaayigh,zaayigh,True,6,7,0-9,0-9,arabic_harakat
حَشِّر,7ashshir,7ashshir,True,6,8,0-9,0-9,arabic_harakat
اِنْدَمَل,2indamal,2indamal,True,9,8,0-9,0-9,arabic_harakat
أَعْوَاد,2a3waad,2a3waad,True,8,7,0-9,0-9,arabic_harakat
مَاء زَهِر,maa2 zahir,maa zahir,False,10,10,10-19,10-19,arabic_harakat
يلَطِّف,ylattif,ylattif,True,7,7,0-9,0-9,arabic_harakat
فَتَافِيت,fataafiit,fataafiit,True,9,9,0-9,0-9,arabic_harakat
أَئِمِّة,2a2imme,2a2ime,False,8,7,0-9,0-9,arabic_harakat
مْقَرْبِط,mqarbit,mqarbit,True,9,7,0-9,0-9,arabic_harakat
اِعْشَق,2i3shaq,2i3shaq,True,7,7,0-9,0-9,arabic_harakat
مِسْتَقْلِع,mistaqli3,mistaqli3,True,11,9,10-19,0-9,arabic_harakat
مْلَاح,mlaa7,mlaa7,True,6,5,0-9,0-9,arabic_harakat
شَرَاشِير,sharaashiir,sharaashiir,True,9,11,0-9,10-19,arabic_harakat
تَارِيخ,taariikh,taariikh,True,7,8,0-9,0-9,arabic_harakat
زَرْبِيحَة,zarbii7a,zarbii7a,True,10,8,10-19,0-9,arabic_harakat
عَاطْسُه عَطِس,3aatso 3atis,3aatso 3atsit,False,14,12,10-19,10-19,arabic_harakat
زَيّ لَوح القَزَاز لَا طِيز ولَا بْزَاز,zay loo7il iqzaaz laa tiiz wala bzaaz,zayy 2il7ooz laa taqq 2izalaaz bz walaaziii,False,39,37,30-39,30-39,arabic_harakat
حَكِيم,7akiim,7akiim,True,6,6,0-9,0-9,arabic_harakat
مَضَغ,madagh,madagh,True,5,6,0-9,0-9,arabic_harakat
فَقْمَا,faqma,faqma,True,7,5,0-9,0-9,arabic_harakat
تْنَظَّم,tnazzam,tnazzam,True,8,7,0-9,0-9,arabic_harakat
رَيت,reet,reet,True,4,4,0-9,0-9,arabic_harakat
كْرُكِّة,krukke,krukke,True,8,6,0-9,0-9,arabic_harakat
زَبَل,zabal,zabal,True,5,5,0-9,0-9,arabic_harakat
مَطَّة,matta,matta,True,6,5,0-9,0-9,arabic_harakat
بُكْرَة,bukra,bukra,True,7,5,0-9,0-9,arabic_harakat
يِحْكِي,yi7ki,yi7ki,True,7,5,0-9,0-9,arabic_harakat
خَيل,kheel,kheel,True,4,5,0-9,0-9,arabic_harakat
تَرْبِية,tarbiye,tarbiye,True,8,7,0-9,0-9,arabic_harakat
رَمْلَاوِي,ramlaawi,ramlaawi,True,10,8,10-19,0-9,arabic_harakat
ينَعِّق,yna33iq,yna33iq,True,7,7,0-9,0-9,arabic_harakat
تْفَخْفَخ,tfakhfakh,tfakhfakh,True,9,9,0-9,0-9,arabic_harakat
شوَاقِيق,shawaaqiiq,shawaaqiiq,True,8,10,0-9,10-19,arabic_harakat
أَبو كمونة,2abu kammuune,2abu kamine,False,10,13,10-19,10-19,arabic_harakat
اِخْنِب,2ikhnib,2ikhnib,True,7,7,0-9,0-9,arabic_harakat
صَايِر مثل البَلَّونِة,saayir mitil 2ilballoone,saayir mittool bin,False,22,24,20-29,20-29,arabic_harakat
قُمُنْدَرَة,qumandara,qumundara,False,11,9,10-19,0-9,arabic_harakat
وَسَط,wasat,wasat,True,5,5,0-9,0-9,arabic_harakat
يِقْفَر,yiqfar,yiqfar,True,7,6,0-9,0-9,arabic_harakat
شَارِب,shaarib,shaarib,True,6,7,0-9,0-9,arabic_harakat
مثل عين الشَّمِس,mitil 3een 2ishshamis,mitil 3ani shsh 2imshims,False,16,21,10-19,20-29,arabic_harakat
يِنْظَف,yindaf,yinzaf,False,7,6,0-9,0-9,arabic_harakat
حَرْوَل,7arwal,7arwal,True,7,6,0-9,0-9,arabic_harakat
جَهْجَهَة اَالضَّوّ,jahjahit 2iddaww,jahwadja 2idde,False,19,16,10-19,10-19,arabic_harakat
يِنْحِسِم,yin7isim,yin7isim,True,9,8,0-9,0-9,arabic_harakat
نُخْبِة,nukhbe,nukhbe,True,7,6,0-9,0-9,arabic_harakat
يُعْكُم,yu3kum,yu3kum,True,7,6,0-9,0-9,arabic_harakat
اِنْحَسَد,2in7asad,2in7asad,True,9,8,0-9,0-9,arabic_harakat
اِسْتَظْرِف,2istazrif,2istazrif,True,11,9,10-19,0-9,arabic_harakat
جَاوَز,jaawaz,jaawaz,True,6,6,0-9,0-9,arabic_harakat
يِخْشُط,yikhshut,yikhshut,True,7,8,0-9,0-9,arabic_harakat
يِدْحَر,yid7ar,yid7ar,True,7,6,0-9,0-9,arabic_harakat
حِرْبَايِة,7irbaaye,7irbaaye,True,10,8,10-19,0-9,arabic_harakat
اِتْفَاجَأ,2itfaaja2,2itfaaja2,True,10,9,10-19,0-9,arabic_harakat
اِنْقِلِب,2inqilib,2inqilib,True,9,8,0-9,0-9,arabic_harakat
شَرَّب,sharrab,sharrab,True,6,7,0-9,0-9,arabic_harakat
نَكِّت,nakkit,nakkit,True,6,6,0-9,0-9,arabic_harakat
بَهْلُول,bahluul,bahluul,True,8,7,0-9,0-9,arabic_harakat
فَخَّة,fakhkha,fakhkha,True,6,7,0-9,0-9,arabic_harakat
سَلَّف,sallaf,sallaf,True,6,6,0-9,0-9,arabic_harakat
اِقْفَر,2iqfar,2iqfar,True,7,6,0-9,0-9,arabic_harakat
اِمْتَلَا,2imtala,2imtala,True,9,7,0-9,0-9,arabic_harakat
لْسَانه بسَبَع شَطَلَات,lsaano bsabi3 shatalaat,lsano bitla3 sabatala,False,23,23,20-29,20-29,arabic_harakat
يفَرْفِط,yfarfit,yfarfit,True,8,7,0-9,0-9,arabic_harakat
كَعْبَلِة,ka3bale,ka3bale,True,9,7,0-9,0-9,arabic_harakat
يَا رَيت,yaa reet,yaa reet,True,8,8,0-9,0-9,arabic_harakat
يتِيح,ytii7,ytii7,True,5,5,0-9,0-9,arabic_harakat
يِطْرَش,yitrash,yitrash,True,7,7,0-9,0-9,arabic_harakat
هَفَا,hafa,hafa,True,5,4,0-9,0-9,arabic_harakat
اِنْفَكّ,2infakk,2infakk,True,8,7,0-9,0-9,arabic_harakat
مُنْقَاد,munqaad,munqaad,True,8,7,0-9,0-9,arabic_harakat
تْغَدَّى,tghadda,tghadda,True,8,7,0-9,0-9,arabic_harakat
اِتْسَافَل,2itsaafal,2itsaafal,True,10,9,10-19,0-9,arabic_harakat
يِقْتُل,yiqtul,yiqtul,True,7,6,0-9,0-9,arabic_harakat
يِتْشَقَّف,yitshaqqaf,yitshaqqaf,True,10,10,10-19,10-19,arabic_harakat
سُلْطَة,sulta,sulta,True,7,5,0-9,0-9,arabic_harakat
حَوَّط,7awwat,7awwat,True,6,6,0-9,0-9,arabic_harakat
سْدُورَة,sduura,sduura,True,8,6,0-9,0-9,arabic_harakat
اِشْكُر,2ishkur,2ishkur,True,7,7,0-9,0-9,arabic_harakat
زَنْبُوط,zambuut,zambuut,True,8,7,0-9,0-9,arabic_harakat
يِسْتَهْدِف,yistahdif,yistahdif,True,11,9,10-19,0-9,arabic_harakat
حَبِّط,7abbit,7abbit,True,6,6,0-9,0-9,arabic_harakat
شَيْطَنِة,shaytane,shaytane,True,9,8,0-9,0-9,arabic_harakat
أَبو مِزْرَاق,2abu mizraaqk,2abu mizarq,False,13,13,10-19,10-19,arabic_harakat
حْضُون,7duun,7duun,True,6,5,0-9,0-9,arabic_harakat
لَافِتِة,laafite,laafite,True,8,7,0-9,0-9,arabic_harakat
يِتْدَوِّش,yiddawwash,yiddawwash,True,10,10,10-19,10-19,arabic_harakat
حُزَّيرَة,7uzzeera,7uzzeera,True,9,8,0-9,0-9,arabic_harakat
يفِعّ,yfi33,yfi33,True,5,5,0-9,0-9,arabic_harakat
حَزِّر,7azzir,7azzir,True,6,6,0-9,0-9,arabic_harakat
فِلِس,filis,filis,True,5,5,0-9,0-9,arabic_harakat
مْبَرْقَع,2imbarqa3,mbarqa3,False,9,9,0-9,0-9,arabic_harakat
طُنَج,tunaj,tunaj,True,5,5,0-9,0-9,arabic_harakat
يُفْطُس,yuftus,yuftus,True,7,6,0-9,0-9,arabic_harakat
تْسَخَّن,tsakhkhan,tsakhkhan,True,8,9,0-9,0-9,arabic_harakat
اِتْسَخَّن,2itsakhkhan,2itsakhkhan,True,10,11,10-19,10-19,arabic_harakat
مْنَفِّذ,mnaffid,mnaffiz,False,8,7,0-9,0-9,arabic_harakat
سِيَّارَة,siyyaara,siyyaara,True,9,8,0-9,0-9,arabic_harakat
خَلَق,khalaq,khalaq,True,5,6,0-9,0-9,arabic_harakat
يهَجِّج,yhadjdjidj,yhadjdjidj,True,7,10,0-9,10-19,arabic_harakat
شَمْطَط,shamtat,shamtat,True,7,7,0-9,0-9,arabic_harakat
حَلْوَشِة,7alwashe,7alwashe,True,9,8,0-9,0-9,arabic_harakat
شَرْشِر,sharshir,sharshir,True,7,8,0-9,0-9,arabic_harakat
اِسْتَزْحِم,2istaz7im,2istaz7im,True,11,9,10-19,0-9,arabic_harakat
الكخ أَخُو الخرَا,2il kikh 2akhu 2ilkhara,2ilkakhu khu 2ilkhara,False,17,23,10-19,20-29,arabic_harakat
مْقَاطَعَة,mgaata3a,mqaata3a,False,10,8,10-19,0-9,arabic_harakat
كَبْسِيِّة,kabsiyye,kabsiyye,True,10,8,10-19,0-9,arabic_harakat
مْبَطْرِخ,mbatrikh,mbatrikh,True,9,8,0-9,0-9,arabic_harakat
أَيَاس,2ayaas,2ayaas,True,6,6,0-9,0-9,arabic_harakat
يِتْقَبَّص,2itqabbas,yitqabbas,False,10,9,10-19,0-9,arabic_harakat
مْشَرْشِر,msharshir,msharshir,True,9,9,0-9,0-9,arabic_harakat
تْوَافَق,twaafaq,twaafaq,True,8,7,0-9,0-9,arabic_harakat
يِحْرِن,yi7rin,yi7rin,True,7,6,0-9,0-9,arabic_harakat
فَشَّل,fashshal,fashshal,True,6,8,0-9,0-9,arabic_harakat
اِحيي,2i7yi,2i7ya,False,5,5,0-9,0-9,arabic_harakat
نَهِب,nahib,nahib,True,5,5,0-9,0-9,arabic_harakat
إِربط الحمَار مطرح مَا بقلك صَاحبه,2irbit 2ili7maar matra7 ma biqullak saa7bo,2irbatil 2i7maar biqusi7 maru7 maakar bito,False,34,42,30-39,40-49,arabic_harakat
إِنْذَار,2inzaar,2inzaar,True,8,7,0-9,0-9,arabic_harakat
شَاحُوط,shaa7uut,shaa7uut,True,7,8,0-9,0-9,arabic_harakat
قْوَيقِي,2wee2i,qweeqi,False,8,6,0-9,0-9,arabic_harakat
يفَودِس,yfoodis,yfoodis,True,7,7,0-9,0-9,arabic_harakat
لُقَم,luqam,luqam,True,5,5,0-9,0-9,arabic_harakat
سِدَد,sidad,sidad,True,5,5,0-9,0-9,arabic_harakat
وَطْرِز,watriz,watriz,True,7,6,0-9,0-9,arabic_harakat
بَطْبِط,batbit,batbit,True,7,6,0-9,0-9,arabic_harakat
تَرْجَمِة,tarjame,tarjame,True,9,7,0-9,0-9,arabic_harakat
أَلِيف,2aliif,2aliif,True,6,6,0-9,0-9,arabic_harakat
مُتَفَائِل,mutafaa2il,mutafaa2il,True,10,10,10-19,10-19,arabic_harakat
اِنْشَطَب,2inshatab,2inshatab,True,9,9,0-9,0-9,arabic_harakat
نْفُوس,nfuus,nfuus,True,6,5,0-9,0-9,arabic_harakat
اِتْوَلَّد,2itwallad,2itwallad,True,10,9,10-19,0-9,arabic_harakat
يِتْلَقَّن,yitlaqqan,yitlaqqan,True,10,9,10-19,0-9,arabic_harakat
يطَبْطِب,ytabtib,ytabtib,True,8,7,0-9,0-9,arabic_harakat
تْفَنَّن,tfannan,tfannan,True,8,7,0-9,0-9,arabic_harakat
تَحِّت,ta77it,ta77it,True,6,6,0-9,0-9,arabic_harakat
جْرُودِي,jruudi,jruudi,True,8,6,0-9,0-9,arabic_harakat
مَقْمُوص,maqmuus,maqmuus,True,8,7,0-9,0-9,arabic_harakat
حْسَاب,7saab,7saab,True,6,5,0-9,0-9,arabic_harakat
يُعْفُص,yu3fus,yu3fus,True,7,6,0-9,0-9,arabic_harakat
أَجَّز,2ajjaz,2ajjaz,True,6,6,0-9,0-9,arabic_harakat
قَلْقَلِة,qalqale,qalqale,True,9,7,0-9,0-9,arabic_harakat
ضُحَى,du7a,du7a,True,5,4,0-9,0-9,arabic_harakat
تَفِّح,taffi7,taffi7,True,6,6,0-9,0-9,arabic_harakat
كَعْبِل,ka3bil,ka3bil,True,7,6,0-9,0-9,arabic_harakat
نَفّ,naff,naff,True,4,4,0-9,0-9,arabic_harakat
يِتْبَاوَس,yitbaawas,yitbaawas,True,10,9,10-19,0-9,arabic_harakat
نُخْبِة النُّخْبِة,nukhbit 2innukhbe,nukhbit 2innube,False,18,17,10-19,10-19,arabic_harakat
أَهل الذِّمِّة,2ahl 2izzimme,2ahdal 2ilmme,False,14,13,10-19,10-19,arabic_harakat
تْنَاسَل,tnaasal,tnaasal,True,8,7,0-9,0-9,arabic_harakat
نَوقِر,nooqir,nooqir,True,6,6,0-9,0-9,arabic_harakat
يطَاطِي,ytaati,ytaati,True,7,6,0-9,0-9,arabic_harakat
زَهْزَه,zahzah,zahzah,True,7,6,0-9,0-9,arabic_harakat
حَلْقَة,7alqa,7alqa,True,7,5,0-9,0-9,arabic_harakat
خَتْيَر,khatyar,khatyar,True,7,7,0-9,0-9,arabic_harakat
شَعَط,sha3at,sha3at,True,5,6,0-9,0-9,arabic_harakat
خُشُط,khushut,khushut,True,5,7,0-9,0-9,arabic_harakat
فِش,fish,fish,True,3,4,0-9,0-9,arabic_harakat
مُقْتَدِر,muqtadir,muqtadir,True,9,8,0-9,0-9,arabic_harakat
زَفَّر,zaffar,zaffar,True,6,6,0-9,0-9,arabic_harakat
كُفُر,kufur,kufur,True,5,5,0-9,0-9,arabic_harakat
اُوثَق,2uusaq,2uusaq,True,6,6,0-9,0-9,arabic_harakat
يْشَرِّب,ysharrib,ysharrib,True,8,8,0-9,0-9,arabic_harakat
حَدِّث,7addis,7addis,True,6,6,0-9,0-9,arabic_harakat
غَنِّي,ghanni,ghanni,True,6,6,0-9,0-9,arabic_harakat
يخَوِّف,ykhawwif,ykhawwif,True,7,8,0-9,0-9,arabic_harakat
حَدَايِق,7adaayiq,7adaayiq,True,8,8,0-9,0-9,arabic_harakat
طَاقَم,taaqam,taaqam,True,6,6,0-9,0-9,arabic_harakat
لُغّ,lughgh,lughgh,True,4,6,0-9,0-9,arabic_harakat
بَلِّيطِة,balliite,balliite,True,9,8,0-9,0-9,arabic_harakat
غَلِّب,ghallib,ghallib,True,6,7,0-9,0-9,arabic_harakat
دَايِن,daayin,daayin,True,6,6,0-9,0-9,arabic_harakat
مُرَوِّع,murawwi3,murawwi3,True,8,8,0-9,0-9,arabic_harakat
لَهْوِج,lahwidj,lahwidj,True,7,7,0-9,0-9,arabic_harakat
أَوَادِم,2awaadim,2awaadim,True,8,8,0-9,0-9,arabic_harakat
يِتْنَكَّه,yitnakkah,yitnakkah,True,10,9,10-19,0-9,arabic_harakat
قَدَّس,qaddas,qaddas,True,6,6,0-9,0-9,arabic_harakat
عَصِير,3asiir,3asiir,True,6,6,0-9,0-9,arabic_harakat
عَزِّر,3azzir,3azzir,True,6,6,0-9,0-9,arabic_harakat
هَاذِي,haadi,haadhi,False,6,5,0-9,0-9,arabic_harakat
بَسْبَسِة,basbise,basbase,False,9,7,0-9,0-9,arabic_harakat
بَلْبِص,balbis,balbis,True,7,6,0-9,0-9,arabic_harakat
خَير,kheer,kheer,True,4,5,0-9,0-9,arabic_harakat
اِسْتِفْهَام,2istifhaam,2istifhaam,True,12,10,10-19,10-19,arabic_harakat
تْشَعْلَل,tsha3lal,tsha3lal,True,9,8,0-9,0-9,arabic_harakat
يِتْغَبَّش,yitghabbash,yitghabbash,True,10,11,10-19,10-19,arabic_harakat
عَاوَد,3aawad,3aawad,True,6,6,0-9,0-9,arabic_harakat
رُكُوب,rukuub,rukuub,True,6,6,0-9,0-9,arabic_harakat
يلَعْوِق,yla3wiq,yla3wiq,True,8,7,0-9,0-9,arabic_harakat
مْعَرَّج,m3arraj,m3arraj,True,8,7,0-9,0-9,arabic_harakat
اِتْشَحْوَذ,2itsha7wad,2itsha7wad,True,11,10,10-19,10-19,arabic_harakat
رَاس,raas,raas,True,4,4,0-9,0-9,arabic_harakat
يِتْمَرَّس,yitmaaras,yitmarras,False,10,9,10-19,0-9,arabic_harakat
هَزَائِم,hazaa2im,hazaa2im,True,8,8,0-9,0-9,arabic_harakat
خَنْفَرَة,khanfara,khanfara,True,9,8,0-9,0-9,arabic_harakat
تَرْفِيه,tarfiih,tarfiih,True,8,7,0-9,0-9,arabic_harakat
إِيده طَايلة,2iido taayle,2iido taale,False,12,12,10-19,10-19,arabic_harakat
يخَبِّط,ykhabbit,ykhabbit,True,7,8,0-9,0-9,arabic_harakat
يِنْطِلِي,yintili,yintili,True,9,7,0-9,0-9,arabic_harakat
يَا بَخْت مِين زَار وخَفَّف,yaa bakht min zaar wukhaffaf,yaa bkhatn fizzoof kharaf,False,27,28,20-29,20-29,arabic_harakat
اِسْأَل,2is2al,2is2al,True,7,6,0-9,0-9,arabic_harakat
دَهْلَز,dahlaz,dahlaz,True,7,6,0-9,0-9,arabic_harakat
عَكْنَنِة,3aknane,3aknane,True,9,7,0-9,0-9,arabic_harakat
اِنْتَقَم,2intaqam,2intaqam,True,9,8,0-9,0-9,arabic_harakat
تْوَشْوَش,twashwash,twashwash,True,9,9,0-9,0-9,arabic_harakat
نَيك,neek,neek,True,4,4,0-9,0-9,arabic_harakat
اِنْدَمَج,2indamaj,2indamaj,True,9,8,0-9,0-9,arabic_harakat
أَبُو نُص لْسَان,2abu nuss lsaan,2abu nus 2ilsan,False,16,15,10-19,10-19,arabic_harakat
ثْوَّار,suwwaar,twaarras,False,7,7,0-9,0-9,arabic_harakat
بُرْدَايِة,burdaaye,burdaaye,True,10,8,10-19,0-9,arabic_harakat
زَيت,zeet,zeet,True,4,4,0-9,0-9,arabic_harakat
يِتْرَخَّص,yitrakhkhas,yitrakhkhas,True,10,11,10-19,10-19,arabic_harakat
تْقِصْمِل,tqismil,tqismil,True,9,7,0-9,0-9,arabic_harakat
رَكَاكِة,rakaake,rakaake,True,8,7,0-9,0-9,arabic_harakat
لِعِب,li3ib,li3ib,True,5,5,0-9,0-9,arabic_harakat
يجَلْعِص,ydjal3is,yjal3is,False,8,8,0-9,0-9,arabic_harakat
مْعِتّ,m3itt,m3itt,True,6,5,0-9,0-9,arabic_harakat
اِرْتَئِي,2irta2i,2irta2i,True,9,7,0-9,0-9,arabic_harakat
يِتْفَوَّق,yitfawwaq,yitfawwaq,True,10,9,10-19,0-9,arabic_harakat
زَعْتَر,za3tar,za3tar,True,7,6,0-9,0-9,arabic_harakat
يلَخْلِخ,ylakhlikh,ylakhlikh,True,8,9,0-9,0-9,arabic_harakat
فَوَّاحَة,fawwaa7a,fawwaa7a,True,9,8,0-9,0-9,arabic_harakat
تَوْظِيف,tawziif,tawziif,True,8,7,0-9,0-9,arabic_harakat
عَكِّب,3akkib,3akkib,True,6,6,0-9,0-9,arabic_harakat
مْقَوقِز,mkookiz,mqookiz,False,8,7,0-9,0-9,arabic_harakat
يصَغِّر,yszaghghir,ysaghghir,False,7,10,0-9,10-19,arabic_harakat
اِشْقَع,2ishqa3,2ishqa3,True,7,7,0-9,0-9,arabic_harakat
اِتِّصِل,2ittasil,2ittisil,False,8,8,0-9,0-9,arabic_harakat
رَوَّض,rawwad,rawwad,True,6,6,0-9,0-9,arabic_harakat
يِحْكُم,yi7kum,yi7kum,True,7,6,0-9,0-9,arabic_harakat
ضِحِك علي,di7ik 3alay,di7ik 3alee,False,9,11,0-9,10-19,arabic_harakat
طَعَن,ta3an,ta3an,True,5,5,0-9,0-9,arabic_harakat
إِزَار,2izaar,2izaar,True,6,6,0-9,0-9,arabic_harakat
مْزَغْلِل,2imzaghlil,mzaghlil,False,9,10,0-9,10-19,arabic_harakat
مُنَاوَشِة,munaawashe,munaawashe,True,10,10,10-19,10-19,arabic_harakat
تْفَتْوَل,tfatwal,tfatwal,True,9,7,0-9,0-9,arabic_harakat
إِعْجَاز,2i3jaaz,2i3jaaz,True,8,7,0-9,0-9,arabic_harakat
عَصَبِيِّة,3asabiyye,3asabiyye,True,10,9,10-19,0-9,arabic_harakat
جَسّ,jass,jass,True,4,4,0-9,0-9,arabic_harakat
عَوِّض,3awwid,3awwid,True,6,6,0-9,0-9,arabic_harakat
مْحَاشَرَة,m7aashara,m7aashara,True,10,9,10-19,0-9,arabic_harakat
يِتْوَالَف,yitwaalaf,yitwaalaf,True,10,9,10-19,0-9,arabic_harakat
عُقُوق,3uquuq,3uquuq,True,6,6,0-9,0-9,arabic_harakat
يهَجِّن,yhajjin,yhajjin,True,7,7,0-9,0-9,arabic_harakat
بَرَز,baraz,baraz,True,5,5,0-9,0-9,arabic_harakat
مْعَبِّس,m3abbis,m3abbis,True,8,7,0-9,0-9,arabic_harakat
قَرَّط,qarrat,qarrat,True,6,6,0-9,0-9,arabic_harakat
يكَعْبِش,yka3bish,yka3bish,True,8,8,0-9,0-9,arabic_harakat
اِطْرِب,2itrib,2itrib,True,7,6,0-9,0-9,arabic_harakat
اُقْبُض,2uqbud,2uqbud,True,7,6,0-9,0-9,arabic_harakat
يِقْلَع,yiqla3,yiqla3,True,7,6,0-9,0-9,arabic_harakat
سْخَونِة,skhuune,skhoone,False,8,7,0-9,0-9,arabic_harakat
اِفْغَم,2ifgham,2ifgham,True,7,7,0-9,0-9,arabic_harakat
بَوبِز,boobiz,boobiz,True,6,6,0-9,0-9,arabic_harakat
غَلِّف,ghallif,ghallif,True,6,7,0-9,0-9,arabic_harakat
شِلِّة,shille,shille,True,6,6,0-9,0-9,arabic_harakat
اِنْخِزِي,2inkhizi,2inkhizi,True,9,8,0-9,0-9,arabic_harakat
سَنِة كبيسِة,sane kabiise,sanit kabsiye,False,12,12,10-19,10-19,arabic_harakat
سُجُود,sujuud,sujuud,True,6,6,0-9,0-9,arabic_harakat
جَعْجِع,ja3ji3,dja3ji3,False,7,6,0-9,0-9,arabic_harakat
يشَحْوِط,ysha7wit,ysha7wit,True,8,8,0-9,0-9,arabic_harakat
مَصَّاصَة,massaasa,massaasa,True,9,8,0-9,0-9,arabic_harakat
إِبْهَت,2ibhat,2ibhat,True,7,6,0-9,0-9,arabic_harakat
يخَاطِر,ykhaatir,ykhaatir,True,7,8,0-9,0-9,arabic_harakat
حِيَاد,7iyaad,7iyaad,True,6,6,0-9,0-9,arabic_harakat
يشُوف,yshuuf,yshuuf,True,5,6,0-9,0-9,arabic_harakat
تِدْفَع بَقَرَة جُحَا,tidfa3 baqarat ju7a,tidfa3 baqara7,False,21,19,20-29,10-19,arabic_harakat
عَلَى حَلّ شَعْرُه,3ala 7all sha3ro,3ala 7all sha3ro,True,18,16,10-19,10-19,arabic_harakat
كَلَاكِيل,kalaakiil,kalaakiil,True,9,9,0-9,0-9,arabic_harakat
يِتْعَذَّب,yit3azzab,yit3azzab,True,10,9,10-19,0-9,arabic_harakat
عَالَج,3aalaj,3aalaj,True,6,6,0-9,0-9,arabic_harakat
أَطْرَونِة,2atroone,2atroone,True,10,8,10-19,0-9,arabic_harakat
إِدْرَاك,2idraak,2idraak,True,8,7,0-9,0-9,arabic_harakat
عَبَّى رَاس,3abba raas,3abba raas,True,11,10,10-19,10-19,arabic_harakat
مَلْقَط أَكِل,malqat 2akil,malqat 2akil,True,13,12,10-19,10-19,arabic_harakat
نَام على المصَاري,naam 3ala 2ilmasaari,naama 3ala 2issamari,False,17,20,10-19,20-29,arabic_harakat
تَنْمِيط,tanmiit,tanmiit,True,8,7,0-9,0-9,arabic_harakat
طَعَّط,ta33at,ta33at,True,6,6,0-9,0-9,arabic_harakat
اِعْهَد,2i3had,2i3had,True,7,6,0-9,0-9,arabic_harakat
تْلَوَّط,tlawwat,tlawwat,True,8,7,0-9,0-9,arabic_harakat
مْجَرْمَع,mdjarma3,mjarma3,False,9,8,0-9,0-9,arabic_harakat
شَرِّح,sharri7,sharri7,True,6,7,0-9,0-9,arabic_harakat
مْفَوخِر,mfookhir,mfookhir,True,8,8,0-9,0-9,arabic_harakat
نَتَش,natshat,natash,False,5,7,0-9,0-9,arabic_harakat
عَدُو جِدَّك مَابِحِبَّك حَتَّى لَو عَبَدْتُه مِثِل رَبَّك,3aduu jiddak maa bi7ibbak 7atta law 3abadto mitil rabbak,3adu jiddak miba 7ittibbak law 3alabadar ma7ato,False,58,56,50-59,50-59,arabic_harakat
مَجْرَى الدَّم,majra 2iddam,majra 2iddam,True,14,12,10-19,10-19,arabic_harakat
يحَمْرِق,y7amriqk,y7amriq,False,8,8,0-9,0-9,arabic_harakat
وِجِه المخدة,wijih 2ilimkhadde,wijih 2ilmakhde,False,12,17,10-19,10-19,arabic_harakat
سَبَّح,sabba7,sabba7,True,6,6,0-9,0-9,arabic_harakat
اِمْزَع,2imza3,2imza3,True,7,6,0-9,0-9,arabic_harakat
طَشْطِش,tashtish,tashtish,True,7,8,0-9,0-9,arabic_harakat
عُمْلِة,3umle,3umle,True,7,5,0-9,0-9,arabic_harakat
نَوَّم,nawwam,nawwam,True,6,6,0-9,0-9,arabic_harakat
مَا أسَرْمَجك,maa 2asarmadjak,maa 2asrakim,False,13,15,10-19,10-19,arabic_harakat
قُرَّيصَة,kurreesa,qurreesa,False,9,8,0-9,0-9,arabic_harakat
يلَطْوِش,ylatwish,ylatwish,True,8,8,0-9,0-9,arabic_harakat
كَبْش,kabsh,kabsh,True,5,5,0-9,0-9,arabic_harakat
خَبَز,khabaz,khabaz,True,5,6,0-9,0-9,arabic_harakat
اِتْهَدَّم,2ithaddam,2ithaddam,True,10,9,10-19,0-9,arabic_harakat
خُضُر,khudur,khudur,True,5,6,0-9,0-9,arabic_harakat
اِتْسَبَّح,2itsabba7,2itsabba7,True,10,9,10-19,0-9,arabic_harakat
تْحَيوَن,t7eewan,t7eewan,True,8,7,0-9,0-9,arabic_harakat
أَيَّام الزِّيت أصبحت أمسيت,2ayyaam 2izzeet 2asba7it 2amseet,2ayyaam 2izzeet 2issayyib 2ili7t,False,27,32,20-29,30-39,arabic_harakat
مَشِّي,mashshi,mashshi,True,6,7,0-9,0-9,arabic_harakat
يِفْغَر,yifghar,yifghar,True,7,7,0-9,0-9,arabic_harakat
حَشْفَشِة,7ashfishe,7ashfashe,False,9,9,0-9,0-9,arabic_harakat
كَمَّامِة,kammaame,kammaame,True,9,8,0-9,0-9,arabic_harakat
يجَاوِل,yjaawil,yjaawil,True,7,7,0-9,0-9,arabic_harakat
جمع تَكْسِير,jami3 taksiir,jama3tak siir,False,12,13,10-19,10-19,arabic_harakat
بَخِّس,bakhkhis,bakhkhis,True,6,8,0-9,0-9,arabic_harakat
سُكُر,sukur,sukur,True,5,5,0-9,0-9,arabic_harakat
أَشْقَر,2ashqar,2ashqar,True,7,7,0-9,0-9,arabic_harakat
يِنْمِغِج,yinmighidj,yinmighij,False,9,10,0-9,10-19,arabic_harakat
يْؤنِّب,y2annib,y2annib,True,7,7,0-9,0-9,arabic_harakat
يِتْبَكَّس,yitbakkas,yitbakkas,True,10,9,10-19,0-9,arabic_harakat
اِسْخُن,2iskhun,2iskhun,True,7,7,0-9,0-9,arabic_harakat
بَرَاغِي,baraaghi,baraaghi,True,8,8,0-9,0-9,arabic_harakat
قَلْقَل,qalqal,qalqal,True,7,6,0-9,0-9,arabic_harakat
مْخَرْوِش,mkharwish,mkharwish,True,9,9,0-9,0-9,arabic_harakat
صَدَفِة,sadafe,sadafe,True,7,6,0-9,0-9,arabic_harakat
كِبّ,kibb,kibb,True,4,4,0-9,0-9,arabic_harakat
قد الفُسْتُقَة,qaddil fustuqa,qadd 2ilfusta,False,14,14,10-19,10-19,arabic_harakat
مْرَيِّق,mrayyik,mrayyiqk,False,8,7,0-9,0-9,arabic_harakat
الملَافِظ سعد,2ilmalaafiz sa3id,2ilmalaafiz sa3id,True,13,17,10-19,10-19,arabic_harakat
اِتْرَأّف,2itra22af,2itra22af,True,9,9,0-9,0-9,arabic_harakat
عِرْسِة,3irse,3irse,True,7,5,0-9,0-9,arabic_harakat
جَرْبَان,jarbaan,jarbaan,True,8,7,0-9,0-9,arabic_harakat
يِنْبِعِج,yinbi3ij,yinbi3ij,True,9,8,0-9,0-9,arabic_harakat
البِزّ الكَذَّاب,2ilbiz 2ilkazzaab,2ilbizz 2ilkazzab,False,16,17,10-19,10-19,arabic_harakat
قِيزَان,kiizaan,qiizaan,False,7,7,0-9,0-9,arabic_harakat
يِتْوَجْهَن,yitwajhan,yitwajhan,True,11,9,10-19,0-9,arabic_harakat
بَرَازِق,baraaziq,baraaziq,True,8,8,0-9,0-9,arabic_harakat
مِتْعَرْبِش,mit3arbish,mit3arbish,True,11,10,10-19,10-19,arabic_harakat
يِحْتَفِل,yi7tafil,yi7tafil,True,9,8,0-9,0-9,arabic_harakat
مَذْبَحَة,madba7a,madba7a,True,9,7,0-9,0-9,arabic_harakat
مَعَاصِي,ma3aasi,ma3aasi,True,8,7,0-9,0-9,arabic_harakat
يُكْرُج,yukruj,yukruj,True,7,6,0-9,0-9,arabic_harakat
هَتْك,hatk,hatk,True,5,4,0-9,0-9,arabic_harakat
صَفْحِتُه بَيضَا,saf7ito beeda,saf7ito beed,False,16,13,10-19,10-19,arabic_harakat
قِطْعَة,qit3a,qit3a,True,7,5,0-9,0-9,arabic_harakat
شْبُورَة,shbuura,shbuura,True,8,7,0-9,0-9,arabic_harakat
بَرَانِيط,baraaniit,baraaniit,True,9,9,0-9,0-9,arabic_harakat
طَاح,taa7,taa7,True,4,4,0-9,0-9,arabic_harakat
شَمْسِتُه عَالية,shamisto 3aalye,shamsito 3alee,False,16,15,10-19,10-19,arabic_harakat
مْقَلَّم,mqallam,mqallam,True,8,7,0-9,0-9,arabic_harakat
زَفِّة,zaffe,zaffe,True,6,5,0-9,0-9,arabic_harakat
عَتِّب,3attib,3attib,True,6,6,0-9,0-9,arabic_harakat
أَحْوَج,2a7waj,2a7waj,True,7,6,0-9,0-9,arabic_harakat
يِرْوِش,yirwish,yirwish,True,7,7,0-9,0-9,arabic_harakat
سَلَايِف,salaayif,salaayif,True,8,8,0-9,0-9,arabic_harakat
دَفَّع,daffa3,daffa3,True,6,6,0-9,0-9,arabic_harakat
مَبَالِغ,mabaaligh,mabaaligh,True,8,9,0-9,0-9,arabic_harakat
قَرِيب,qariib,qariib,True,6,6,0-9,0-9,arabic_harakat
عَطَف,3ataf,3ataf,True,5,5,0-9,0-9,arabic_harakat
يعَرْبِن,y3arbin,y3arbin,True,8,7,0-9,0-9,arabic_harakat
مُفْرَاك,mufraak,mufraak,True,8,7,0-9,0-9,arabic_harakat
حَمْسَاوِي,7amsaawi,7amsaawi,True,10,8,10-19,0-9,arabic_harakat
نَصَّر,nassar,nassar,True,6,6,0-9,0-9,arabic_harakat
اِسْخَط,2iskhat,2iskhat,True,7,7,0-9,0-9,arabic_harakat
مَكْسُورَة,maksuura,maksuura,True,10,8,10-19,0-9,arabic_harakat
يهَاب,yhaab,yhaab,True,5,5,0-9,0-9,arabic_harakat
مْقَنْدِل,mqandil,mqkandil,False,9,7,0-9,0-9,arabic_harakat
مُحَابَاة,mu7aabaa,mu7aabaa,True,9,8,0-9,0-9,arabic_harakat
فَسَّى,fassa,fassa,True,6,5,0-9,0-9,arabic_harakat
شُكُر,shukur,shukur,True,5,6,0-9,0-9,arabic_harakat
قَاع المَدِينِة,qaa3 2ilmadiine,qaa3it 2ilmadiine,False,15,15,10-19,10-19,arabic_harakat
يِنْخُز,yunkhuz,yinkhuz,False,7,7,0-9,0-9,arabic_harakat
بَوَاطِين,bawaatiin,bawaatiin,True,9,9,0-9,0-9,arabic_harakat
عَازِف,3aazif,3aazif,True,6,6,0-9,0-9,arabic_harakat
دَلَّال,dallaal,dallaal,True,7,7,0-9,0-9,arabic_harakat
يعَيِّش,y3ayyish,y3ayyish,True,7,8,0-9,0-9,arabic_harakat
يِسْتَأْصِل,yista2sil,yista2sil,True,11,9,10-19,0-9,arabic_harakat
يوَخِّر,ywakhkhir,ywakhkhir,True,7,9,0-9,0-9,arabic_harakat
يخَنِّم,ykhannim,ykhannim,True,7,8,0-9,0-9,arabic_harakat
من حد مَا يقول الله أكبر,min 7add maa yquul 2allaahu 2akbar,min 7adaa miqil 2ahil warakabil 2alal 2ab,False,24,34,20-29,30-39,arabic_harakat
مَعِّي,ma33i,ma33i,True,6,5,0-9,0-9,arabic_harakat
يصَاحِب,ysaa7ib,ysaa7ib,True,7,7,0-9,0-9,arabic_harakat
رُضُف,ruduf,ruduf,True,5,5,0-9,0-9,arabic_harakat
أَشِّر,2ashshir,2ashshir,True,6,8,0-9,0-9,arabic_harakat
حُبُوب,7ubuub,7ubuub,True,6,6,0-9,0-9,arabic_harakat
قَتِّب,qattib,qattib,True,6,6,0-9,0-9,arabic_harakat
لَحِّم,la77im,la77im,True,6,6,0-9,0-9,arabic_harakat
يضَوِّى,ydawwi,ydawwi,True,7,6,0-9,0-9,arabic_harakat
دَاكِك,daakik,daakik,True,6,6,0-9,0-9,arabic_harakat
يِتْسَكَّت,yitsakkat,yitsakkat,True,10,9,10-19,0-9,arabic_harakat
نَفْسِيِّة,nafsiyye,nafsiyye,True,10,8,10-19,0-9,arabic_harakat
تَصْنِيف,tasniif,tasniif,True,8,7,0-9,0-9,arabic_harakat
يِرْبُط,yurbut,yirbut,False,7,6,0-9,0-9,arabic_harakat
حَرَك,7arak,7arak,True,5,5,0-9,0-9,arabic_harakat
عَايَر,3aayar,3aayar,True,6,6,0-9,0-9,arabic_harakat
خَوَالِي,khawaali,khawaali,True,8,8,0-9,0-9,arabic_harakat
رَدَّادِة,raddaade,raddaade,True,9,8,0-9,0-9,arabic_harakat
تْبَكْبَك,tbakbak,tbakbak,True,9,7,0-9,0-9,arabic_harakat
بِنَاء على,binaa2an 3ala,binnaa2 3ala,False,10,13,10-19,10-19,arabic_harakat
يِشْفَق,yishfaq,yishfaq,True,7,7,0-9,0-9,arabic_harakat
ثَرْثَر,sarsar,sarsar,True,7,6,0-9,0-9,arabic_harakat
لَاحِق عَالهم,laa7iq 3alhamm,laa7iq 3alham,False,13,14,10-19,10-19,arabic_harakat
يزَعِّق,yza33iqk,yza33iqk,True,7,8,0-9,0-9,arabic_harakat
دَقَر,daqar,daqar,True,5,5,0-9,0-9,arabic_harakat
أَبُو الهَمَايِم,2abu 2ilhamaayim,2abu 2ilmayyo,False,16,16,10-19,10-19,arabic_harakat
جَرْمَع,djarma3,jarma3,False,7,7,0-9,0-9,arabic_harakat
يِكْتِسِب,yiktisib,yiktisib,True,9,8,0-9,0-9,arabic_harakat
يِتْبَكَّت,yitbakkat,yitbakkat,True,10,9,10-19,0-9,arabic_harakat
حَزِّق,7azziq,7azziq,True,6,6,0-9,0-9,arabic_harakat
اِشْتِل,2ishtil,2ishtil,True,7,7,0-9,0-9,arabic_harakat
يِتْنَصَّر,yitnassar,yitnassar,True,10,9,10-19,0-9,arabic_harakat
عَكَّب,3akkab,3akkab,True,6,6,0-9,0-9,arabic_harakat
يلُوط,yluut,yluut,True,5,5,0-9,0-9,arabic_harakat
تْقَاعَد,tqaa3ad,tqaa3ad,True,8,7,0-9,0-9,arabic_harakat
طَوز,tooz,tooz,True,4,4,0-9,0-9,arabic_harakat
ينِيك,yniik,yniik,True,5,5,0-9,0-9,arabic_harakat
حَفَرْتَلِي,7afartali,7afartali,True,11,9,10-19,0-9,arabic_harakat
تَبْحِيرَة,tab7iira,tab7iira,True,10,8,10-19,0-9,arabic_harakat
نِتْفِة,nitfe,nitfe,True,7,5,0-9,0-9,arabic_harakat
يفُضّ,yfudd,yfudd,True,5,5,0-9,0-9,arabic_harakat
لَاحَق,laa7aq,laa7aq,True,6,6,0-9,0-9,arabic_harakat
اِتْنَقَّب,2itnaqqab,2itnaqqab,True,10,9,10-19,0-9,arabic_harakat
اُخْطُف,2ukhtuf,2ukhtuf,True,7,7,0-9,0-9,arabic_harakat
الخَمِير وَالفْطِير,2ilkhamiir wiliftiir,2ilkhamiir wiliftir,False,19,20,10-19,20-29,arabic_harakat
اِحْتَكّ,2i7takk,2i7takk,True,8,7,0-9,0-9,arabic_harakat
غَاوِز,ghaawiz,ghaawiz,True,6,7,0-9,0-9,arabic_harakat
بيِطْلَعله,byitla3lo,bitla3lo,False,10,9,10-19,0-9,arabic_harakat
بَلَفَون,balafoon,balafoon,True,8,8,0-9,0-9,arabic_harakat
فَشْخَة,fashkha,fashkha,True,7,7,0-9,0-9,arabic_harakat
عَفُّون,3affuun,3affuun,True,7,7,0-9,0-9,arabic_harakat
اِمْرُس,2umrus,2imrus,False,7,6,0-9,0-9,arabic_harakat
عَالَم,3aalam,3aalam,True,6,6,0-9,0-9,arabic_harakat
صَنْدِيحَة,sandii7a,sandii7a,True,10,8,10-19,0-9,arabic_harakat
اِنْفَرَط,2infarat,2infarat,True,9,8,0-9,0-9,arabic_harakat
كُرَة سَلِّة,kurat salle,kuras salle,False,12,11,10-19,10-19,arabic_harakat
يُطْنُج,yutnuj,yutnuj,True,7,6,0-9,0-9,arabic_harakat
كِدْيَانِة,kidyaane,kidyaane,True,10,8,10-19,0-9,arabic_harakat
أَرْوَاب,2arwaab,2arwaab,True,8,7,0-9,0-9,arabic_harakat
قِيت,qiit,qiit,True,4,4,0-9,0-9,arabic_harakat
شَاهِد,shaahid,shaahid,True,6,7,0-9,0-9,arabic_harakat
اِسْتَحْلَى,2ista7la,2ista7la,True,11,8,10-19,0-9,arabic_harakat
جَنْزِر,janzir,janzir,True,7,6,0-9,0-9,arabic_harakat
سُمْعَة منيحة,sum3a mnii7a,sum3a maniyye,False,13,12,10-19,10-19,arabic_harakat
خَرَّع,kharra3,kharra3,True,6,7,0-9,0-9,arabic_harakat
دَافُوخ,daafuukh,daafuukh,True,7,8,0-9,0-9,arabic_harakat
هَابِط,haabit,haabit,True,6,6,0-9,0-9,arabic_harakat
قَدِيم,qadiim,qadiim,True,6,6,0-9,0-9,arabic_harakat
أَجَاد,2ajaad,2ajaad,True,6,6,0-9,0-9,arabic_harakat
مَفَارِش,mafaarish,mafaarish,True,8,9,0-9,0-9,arabic_harakat
يلَغْلِغ,ylaghligh,ylaghligh,True,8,9,0-9,0-9,arabic_harakat
أَلْف,2alf,2alf,True,5,4,0-9,0-9,arabic_harakat
عَزَّابيِّة,3azzaabiyye,3azzaabiyye,True,11,11,10-19,10-19,arabic_harakat
دَوكَن,dookan,dookan,True,6,6,0-9,0-9,arabic_harakat
حَاوْيِة,7aawye,7aawye,True,8,6,0-9,0-9,arabic_harakat
مْهَمَّش,mhammish,mhammash,False,8,8,0-9,0-9,arabic_harakat
دَالِع,daali3,daali3,True,6,6,0-9,0-9,arabic_harakat
هَدَّى,hadda,hadda,True,6,5,0-9,0-9,arabic_harakat
مَات بْحَسْرِتُه,maat b7asrito,maa bti7siro,False,16,13,10-19,10-19,arabic_harakat
شَعَانِين,sha3aaniin,sha3aaniin,True,9,10,0-9,10-19,arabic_harakat
صوفْتُه حمرَا,suufto 7amra,suufto ma7aar,False,13,12,10-19,10-19,arabic_harakat
مِش,mish,mish,True,3,4,0-9,0-9,arabic_harakat
شَفَقَة,shafaqa,shafaqa,True,7,7,0-9,0-9,arabic_harakat
تْلَدْوَع,tladwa3,tladwa3,True,9,7,0-9,0-9,arabic_harakat
يوم القْيَامِة,yoom 2ilqiyaame,yoom 2ilqiyaame,True,14,15,10-19,10-19,arabic_harakat
مْعَصِّم,m3assim,m3assim,True,8,7,0-9,0-9,arabic_harakat
رَوَّع,rawwa3,rawwa3,True,6,6,0-9,0-9,arabic_harakat
بِدّ,bidd,bidd,True,4,4,0-9,0-9,arabic_harakat
يُوصِف,yuusif,yuusif,True,6,6,0-9,0-9,arabic_harakat
فَرَاوْلَايِة,faraawlaaye,faraawaliye,False,13,11,10-19,10-19,arabic_harakat
اِدْبَع,2idba3,2idba3,True,7,6,0-9,0-9,arabic_harakat
طَرْطِف,tartif,tartif,True,7,6,0-9,0-9,arabic_harakat
مْرَشَّم,mrashsham,mrashsham,True,8,9,0-9,0-9,arabic_harakat
تْمَسَّك,tmassak,tmassak,True,8,7,0-9,0-9,arabic_harakat
سِيخ,siikh,siikh,True,4,5,0-9,0-9,arabic_harakat
يلَولِب,yloolib,yloolib,True,7,7,0-9,0-9,arabic_harakat
يِتْأَرْنَب,yit2arnab,yit2arnab,True,11,9,10-19,0-9,arabic_harakat
سْقِيطَة,sqkgiita,sqiita,False,8,8,0-9,0-9,arabic_harakat
أَوْسِمِة,2awsime,2awsime,True,9,7,0-9,0-9,arabic_harakat
تْغَمَّس,tghammas,tghammas,True,8,8,0-9,0-9,arabic_harakat
اِسْتِهْلَاك,2istihlaak,2istihlaak,True,12,10,10-19,10-19,arabic_harakat
بَلْبَص,balbas,balbas,True,7,6,0-9,0-9,arabic_harakat
صَنَادِيق,sanaadiiq,sanaadiiq,True,9,9,0-9,0-9,arabic_harakat
خَرِيف,khariif,khariif,True,6,7,0-9,0-9,arabic_harakat
عَارَض,3aarad,3aarad,True,6,6,0-9,0-9,arabic_harakat
مَشْكَلْجِيِّة,mashkaljiyye,mashkaljiyye,True,14,12,10-19,10-19,arabic_harakat
يِنْهِبِل,yinhibil,yinhibil,True,9,8,0-9,0-9,arabic_harakat
وَهِّت,wahhit,wahhit,True,6,6,0-9,0-9,arabic_harakat
يطَيِّن,ytayyin,ytayyin,True,7,7,0-9,0-9,arabic_harakat
يِلْدَع,yilda3,yilda3,True,7,6,0-9,0-9,arabic_harakat
عَيِّش,3ayyish,3ayyish,True,6,7,0-9,0-9,arabic_harakat
كَبِس,kabis,kabis,True,5,5,0-9,0-9,arabic_harakat
حِلُو,7ilu,7ilu,True,5,4,0-9,0-9,arabic_harakat
تَوْقِيع,tawqii3,tawqii3,True,8,7,0-9,0-9,arabic_harakat
يِشْهِر,yishhir,yishhir,True,7,7,0-9,0-9,arabic_harakat
رَضْعَة,rad3a,rad3a,True,7,5,0-9,0-9,arabic_harakat
مَخْشُوم,makhshuum,makhshuum,True,8,9,0-9,0-9,arabic_harakat
فَسِّر,fassir,fassir,True,6,6,0-9,0-9,arabic_harakat
ثَوب الحَقّ,toob 2il7aqq,thoob 2il7aqq,False,11,12,10-19,10-19,arabic_harakat
مِسْبِت,misbit,misbit,True,7,6,0-9,0-9,arabic_harakat
يدِيم,ydiim,ydiim,True,5,5,0-9,0-9,arabic_harakat
وَعَد,wa3ad,wa3ad,True,5,5,0-9,0-9,arabic_harakat
يمَوِّت,ymawwit,ymawwit,True,7,7,0-9,0-9,arabic_harakat
طَابَق,taabaq,taabaq,True,6,6,0-9,0-9,arabic_harakat
بْرَوس,broos,broos,True,6,5,0-9,0-9,arabic_harakat
شَهْرِيِّة,shahriyye,shahriyye,True,10,9,10-19,0-9,arabic_harakat
ذَاه,dhaah,daahadh,False,4,5,0-9,0-9,arabic_harakat
شَجِّع,shajji3,shajji3,True,6,7,0-9,0-9,arabic_harakat
يِنْطِي,yinti,yinti,True,7,5,0-9,0-9,arabic_harakat
اِتْشَارَع,2itshaara3,2itshaara3,True,10,10,10-19,10-19,arabic_harakat
حسن صَبِي,7asan sabi,7asan biis,False,9,10,0-9,10-19,arabic_harakat
طَفَّايِة,taffaaye,taffaaye,True,9,8,0-9,0-9,arabic_harakat
تُوتِة,tuute,tuute,True,6,5,0-9,0-9,arabic_harakat
اُغْرُش,2ughrush,2ughrush,True,7,8,0-9,0-9,arabic_harakat
بحَوض نَعْنَع,b7ood na3na3,ba7ood na3na3,False,13,12,10-19,10-19,arabic_harakat
عَرِض,3arid,3arid,True,5,5,0-9,0-9,arabic_harakat
اِهْتِمَام,2ihtimaam,2ihtimaam,True,10,9,10-19,0-9,arabic_harakat
طَمِر,tamir,tamir,True,5,5,0-9,0-9,arabic_harakat
أَضَاف,2adaaf,2adaaf,True,6,6,0-9,0-9,arabic_harakat
بَغِل,baghil,baghil,True,5,6,0-9,0-9,arabic_harakat
يدَورِخ,ydoorikh,ydoorikh,True,7,8,0-9,0-9,arabic_harakat
لَصِّم,lassim,lassim,True,6,6,0-9,0-9,arabic_harakat
ثَقَافِي,saqaafi,saqaafii2akaak,False,8,7,0-9,0-9,arabic_harakat
مْهَرْهِر,mharhir,mharhir,True,9,7,0-9,0-9,arabic_harakat
شق اللفت,shaqq 2illifit,shaqik 2ilfat,False,8,14,0-9,10-19,arabic_harakat
يِتْدَيَّن,yiddayan,yiddayyan,False,10,8,10-19,0-9,arabic_harakat
جَعْمَصَة,dja3masa,ja3masa,False,9,8,0-9,0-9,arabic_harakat
مْبَولِع,mbooli3,mbooli3,True,8,7,0-9,0-9,arabic_harakat
قَشَّاعَات,qkashshaa3aat,qashshaa3at,False,10,13,10-19,10-19,arabic_harakat
جُخْرَاق,djukhraqk,djukhraaqk,False,8,9,0-9,0-9,arabic_harakat
بْيُوض,byuud,byuud,True,6,5,0-9,0-9,arabic_harakat
يِتْفَسَّخ,yitfassakh,yitfassakh,True,10,10,10-19,10-19,arabic_harakat
نَبَّه,nabbah,nabbah,True,6,6,0-9,0-9,arabic_harakat
يِتْمَصْوَع,yitmaswa3,yitmaswa3,True,11,9,10-19,0-9,arabic_harakat
سَفَلَة,safala,safala,True,7,6,0-9,0-9,arabic_harakat
رَبَابَة,rabaaba,rabaaba,True,8,7,0-9,0-9,arabic_harakat
بَغْدَد,baghdad,baghdad,True,7,7,0-9,0-9,arabic_harakat
مِتْخَرِّج,mitkharrij,mitkharrij,True,10,10,10-19,10-19,arabic_harakat
يِحْزِق,yi7ziq,yi7ziq,True,7,6,0-9,0-9,arabic_harakat
مَضْوِي,madwi,madwi,True,7,5,0-9,0-9,arabic_harakat
يِسْتَهِلّ,yistahill,yistahill,True,10,9,10-19,0-9,arabic_harakat
حَام,7aam,7aam,True,4,4,0-9,0-9,arabic_harakat
بفشش العلة,bifishshish 2il3ille,bifishsh 2il3ale,False,10,20,10-19,20-29,arabic_harakat
مْدَغْدِغ,mdaghdigh,mdaghdigh,True,9,9,0-9,0-9,arabic_harakat
زَعْزَع,za3za3,za3za3,True,7,6,0-9,0-9,arabic_harakat
أَهْل الجِيرِة,2ahl 2iljiire,2ahl 2iljiire,True,14,13,10-19,10-19,arabic_harakat
دَفَع,dafa3,dafa3,True,5,5,0-9,0-9,arabic_harakat
اِنْحِرِق,2in7iriq,2in7iriq,True,9,8,0-9,0-9,arabic_harakat
وَدَّر حَاله,waddar 7aalo,waddar 7aalo,True,12,12,10-19,10-19,arabic_harakat
يْبَكِّي,ybakki,ybakki,True,8,6,0-9,0-9,arabic_harakat
مَقَاذِيع,magaadhii3,maqaadhii3,False,9,10,0-9,10-19,arabic_harakat
شَعِث,sha3ith,sha3ith,True,5,7,0-9,0-9,arabic_harakat
بَقَرَة,baqara,baqara,True,7,6,0-9,0-9,arabic_harakat
بَنَدُورَة,banaduura,banaduura,True,10,9,10-19,0-9,arabic_harakat
أَحَد,2a7ad,2a7ad,True,5,5,0-9,0-9,arabic_harakat
مَتْلِيك,matliik,matliik,True,8,7,0-9,0-9,arabic_harakat
اِلْهِي,2ilhi,2ilhi,True,7,5,0-9,0-9,arabic_harakat
مْعَفِّن,m3affin,m3affin,True,8,7,0-9,0-9,arabic_harakat
سَرَاب,saraab,saraab,True,6,6,0-9,0-9,arabic_harakat
فَرَّاكِة سِجَّاد,farraakit sijjaad,farraakit sajid,False,17,17,10-19,10-19,arabic_harakat
حُلَفَاء,7ulafaa2,7ulafaa2,True,8,8,0-9,0-9,arabic_harakat
يِتْلَاسَن,yitlaasan,yitlaasan,True,10,9,10-19,0-9,arabic_harakat
يحَضِّر,y7addir,y7addir,True,7,7,0-9,0-9,arabic_harakat
تْأَقْلَم,t2aqlam,t2aqlam,True,9,7,0-9,0-9,arabic_harakat
اِنْتِتِر,2intatir,2intitir,False,9,8,0-9,0-9,arabic_harakat
بَطِنْهَا لَحَلِقْهَا,batinha la7aliqha,batinha la7aqilha,False,21,17,20-29,10-19,arabic_harakat
رَهِّب,rahhib,rahhib,True,6,6,0-9,0-9,arabic_harakat
يِتْهَدَّد,yithaddad,yithaddad,True,10,9,10-19,0-9,arabic_harakat
كَنِّع,tshanni3,kanni3,False,6,8,0-9,0-9,arabic_harakat
كَلْب,kalb,kalb,True,5,4,0-9,0-9,arabic_harakat
عَرَّب,3arrab,3arrab,True,6,6,0-9,0-9,arabic_harakat
اِتْصَفَّى,2itsaffa,2itsaffa,True,10,8,10-19,0-9,arabic_harakat
يِنْسَكِب,yinsakib,yinsakib,True,9,8,0-9,0-9,arabic_harakat
اِتْخَوزَق,2itkhoozaq,2itkhoozaq,True,10,10,10-19,10-19,arabic_harakat
يِنْخَرَس,yinkhiris,yinkharas,False,9,9,0-9,0-9,arabic_harakat
نَعَامِة ترفسك,na3aame turfusak,na3aame tirkafse,False,14,16,10-19,10-19,arabic_harakat
مْرَفَّل,mraffal,mraffal,True,8,7,0-9,0-9,arabic_harakat
مُجِير,mujiir,mujiir,True,6,6,0-9,0-9,arabic_harakat
زُقُم العِجِل,zuqum 2il3ijil,zuqm 2il3ij,False,13,14,10-19,10-19,arabic_harakat
يِتْدَارَك,yiddaarak,yiddaarak,True,10,9,10-19,0-9,arabic_harakat
مَنَاخ,manaakh,manaakh,True,6,7,0-9,0-9,arabic_harakat
وَجِّه,wajjih,wajjih,True,6,6,0-9,0-9,arabic_harakat
دَوْرِيِّة,dawriyya,dawriyye,False,10,8,10-19,0-9,arabic_harakat
بَقْبَش,baqkbash,baqkbash,True,7,8,0-9,0-9,arabic_harakat
تْطَاوَق,2ittaawaq,2ittaawaq,True,8,9,0-9,0-9,arabic_harakat
شِيذ,shiidh,shiidh,True,4,6,0-9,0-9,arabic_harakat
عَاكَس,3aakas,3aakas,True,6,6,0-9,0-9,arabic_harakat
مُجَازَفِة,mujaazafe,mujaazafe,True,10,9,10-19,0-9,arabic_harakat
حُثَالِة المُجْتَمَع,7usaalit 2ilmujtama3,7uthaalit 2ilmujtama3,False,20,20,20-29,20-29,arabic_harakat
مَحْشِي,ma7shi,ma7shi,True,7,6,0-9,0-9,arabic_harakat
لَمْلَم,lamlam,lamlam,True,7,6,0-9,0-9,arabic_harakat
سَمِّن,sammin,sammin,True,6,6,0-9,0-9,arabic_harakat
مْعَبِّد,m3abbid,m3abbid,True,8,7,0-9,0-9,arabic_harakat
يِقْدَر,yiqdar,yiqdar,True,7,6,0-9,0-9,arabic_harakat
مْرَمِّد,mrammid,mrammid,True,8,7,0-9,0-9,arabic_harakat
مَصْبُوغ,masbuugh,masbuugh,True,8,8,0-9,0-9,arabic_harakat
تْجَرْمَع,tdjarma3,tjarma3,False,9,8,0-9,0-9,arabic_harakat
حطيت مِلِح عَالجرح وسكتت,7atteet mili7 3aljuru7 wusakatit,7atiim lit7il 3awatijr ta7asak,False,24,32,20-29,30-39,arabic_harakat
تَهْلِيلِة,tahliile,tahliile,True,10,8,10-19,0-9,arabic_harakat
مِش ولَا بُدّ,mish wala bud,mish wala badd,False,13,13,10-19,10-19,arabic_harakat
يِتْرَبَّى,yitrabba,yitrabba,True,10,8,10-19,0-9,arabic_harakat
بَعْزَق,ba3zaq,ba3zaqk,False,7,6,0-9,0-9,arabic_harakat
نَضْوِة,nadwe,nadwe,True,7,5,0-9,0-9,arabic_harakat
صِرَاع,siraa3,siraa3,True,6,6,0-9,0-9,arabic_harakat
قَشِّل,qkashshil,qashshil,False,6,9,0-9,0-9,arabic_harakat
يِتْكَنَّز,yitkannaz,yitkannaz,True,10,9,10-19,0-9,arabic_harakat
يجُرّ,yjurr,yjurr,True,5,5,0-9,0-9,arabic_harakat
صَهْصَنِة,sahsane,sahsane,True,9,7,0-9,0-9,arabic_harakat
يْحَرِّف,y7arrif,y7arrif,True,8,7,0-9,0-9,arabic_harakat
يَهُوديِّة,yahuudiyye,yahuudiyye,True,10,10,10-19,10-19,arabic_harakat
أُسْلُوب,2usluub,2usluub,True,8,7,0-9,0-9,arabic_harakat
اِسْتَفْقِد,2istafqid,2istafqid,True,11,9,10-19,0-9,arabic_harakat
بَقْرَن,baqran,baqran,True,7,6,0-9,0-9,arabic_harakat
فَبَارِيك,fabaariik,fabaariik,True,9,9,0-9,0-9,arabic_harakat
جَرْسَون,garsoon,jarsoon,False,8,7,0-9,0-9,arabic_harakat
وَحْشِة,wa7she,wa7she,True,7,6,0-9,0-9,arabic_harakat
فَسِّد,fassid,fassid,True,6,6,0-9,0-9,arabic_harakat
تَالْيِة,taalye,taalye,True,8,6,0-9,0-9,arabic_harakat
يِعْصِي,yi3si,yi3si,True,7,5,0-9,0-9,arabic_harakat
سيَّارَة إِسْعَاف,sayyaarit 2is3aaf,sayyaara sa3fe,False,17,17,10-19,10-19,arabic_harakat
قَرْمِز ونقِّي,garmiz wunaggi,qarmiz wuniq,False,14,14,10-19,10-19,arabic_harakat
سِجِل,sijil,sijil,True,5,5,0-9,0-9,arabic_harakat
تْشَارَك,tshaarak,tshaarak,True,8,8,0-9,0-9,arabic_harakat
أَجْوِبِة,2ajwibe,2ajwibe,True,9,7,0-9,0-9,arabic_harakat
شَفْطَة,shafta,shafta,True,7,6,0-9,0-9,arabic_harakat
مَا بْتِنْبَلّ بْثِمُّه فُولِة,maa btinball btimmo fuule,maa btinnit bilmmo foluub,False,30,25,30-39,20-29,arabic_harakat
بَدَن,badan,badan,True,5,5,0-9,0-9,arabic_harakat
المَفْرُوض,2ilmafruud,2ilmafruud,True,10,10,10-19,10-19,arabic_harakat
مِسْتَنْظِف,mistandif,mistandif,True,11,9,10-19,0-9,arabic_harakat
يلِسّ,yliss,yliss,True,5,5,0-9,0-9,arabic_harakat
الجوز بَالبيت رحمة حتى لو كَان فَحْمِة,2iljooz bilbeet ra7me 7atta law kaan fa7me,2iljooz bilbaat fit7ak ruun7 maze latija7me,False,38,42,30-39,40-49,arabic_harakat
يثَمِّر,ythammir,ythammir,True,7,8,0-9,0-9,arabic_harakat
هَدِّد,haddid,haddid,True,6,6,0-9,0-9,arabic_harakat
هُتُر,hutur,hutur,True,5,5,0-9,0-9,arabic_harakat
دَعِّم,da33im,da33im,True,6,6,0-9,0-9,arabic_harakat
فَرَّج,farraj,farraj,True,6,6,0-9,0-9,arabic_harakat
لَبَّك,labbak,labbak,True,6,6,0-9,0-9,arabic_harakat
اِزْهَق,2izhaq,2izhaq,True,7,6,0-9,0-9,arabic_harakat
زَيِّت,zayyit,zayyit,True,6,6,0-9,0-9,arabic_harakat
يْرَاكِم,yraakim,yraakim,True,8,7,0-9,0-9,arabic_harakat
اِتْخَلَّف,2itkhallaf,2itkhallaf,True,10,10,10-19,10-19,arabic_harakat
اِنْلِغِي,2inlighi,2inlighi,True,9,8,0-9,0-9,arabic_harakat
اِرْقُص,2irqus,2irqus,True,7,6,0-9,0-9,arabic_harakat
يلَهِّي,ylahhi,ylahhi,True,7,6,0-9,0-9,arabic_harakat
اِعْشَى,2i3sha,2i3sha,True,7,6,0-9,0-9,arabic_harakat
يعَشَّي,y3ashshi,y3ashshi,True,7,8,0-9,0-9,arabic_harakat
كَسَح,kasa7,kasa7,True,5,5,0-9,0-9,arabic_harakat
ضِعِف,di3if,di3if,True,5,5,0-9,0-9,arabic_harakat
يعَايي,y3aayi,y3aayi,True,6,6,0-9,0-9,arabic_harakat
شُكّ,shukk,shukk,True,4,5,0-9,0-9,arabic_harakat
بَصَّر,bassar,bassar,True,6,6,0-9,0-9,arabic_harakat
شَخْبَط,shakhbat,shakhbat,True,7,8,0-9,0-9,arabic_harakat
يفِتّ,yfitt,yfitt,True,5,5,0-9,0-9,arabic_harakat
مَجَانِين,majaaniin,majaaniin,True,9,9,0-9,0-9,arabic_harakat
غَاوَز,ghaawaz,ghaawaz,True,6,7,0-9,0-9,arabic_harakat
تَنِّن,tannin,tannin,True,6,6,0-9,0-9,arabic_harakat
شِيخ القبِيلِة,sheekh 2ilqabiile,shiikhi 2ilqiibe,False,14,17,10-19,10-19,arabic_harakat
مْشَنْشَل,mshanshal,mshanshal,True,9,9,0-9,0-9,arabic_harakat
رَح,ra7,ra7,True,3,3,0-9,0-9,arabic_harakat
مَتْرُوك,matruuk,matruuk,True,8,7,0-9,0-9,arabic_harakat
مِتْكَدِّر,mitkaddir,mitkaddir,True,10,9,10-19,0-9,arabic_harakat
يِتْبَخْتَر,yitbakhtar,yitbakhtar,True,11,10,10-19,10-19,arabic_harakat
هْوَاته وَالعبَاة,hwaato wil3abaa,hwaatha 2il3abe,False,17,15,10-19,10-19,arabic_harakat
تْحَبْرَق,t7abraq,t7abraq,True,9,7,0-9,0-9,arabic_harakat
بِيشتري سْكُوتُه,byishtiri skuuto,bishtiir skuuto,False,16,16,10-19,10-19,arabic_harakat
حَرِّق,7arriq,7arriq,True,6,6,0-9,0-9,arabic_harakat
طَرْش,tarsh,tarsh,True,5,5,0-9,0-9,arabic_harakat
فَرِّق,farriq,farriq,True,6,6,0-9,0-9,arabic_harakat
يُكْفُر,yukfur,yukfur,True,7,6,0-9,0-9,arabic_harakat
تْحَرْقَص,t7arqas,t7arqas,True,9,7,0-9,0-9,arabic_harakat
نَظَّف,naddaf,naddaf,True,6,6,0-9,0-9,arabic_harakat
زَمَط,zamat,zamat,True,5,5,0-9,0-9,arabic_harakat
تَهْوِيد,tahwiid,tahwiid,True,8,7,0-9,0-9,arabic_harakat
طَعّط,ta33it,ta33,False,5,6,0-9,0-9,arabic_harakat
مَجْرَى النَّفَس,majra 2innafas,majra 2innasaffa,False,16,14,10-19,10-19,arabic_harakat
تْصَبَّغ,tsabbagh,tsabbagh,True,8,8,0-9,0-9,arabic_harakat
بِدُّه نِجْمِة من السَّمَا,biddo nijme min 2issama,biddo najmit 2ilmasame,False,26,23,20-29,20-29,arabic_harakat
جِيزِة,jiize,jiize,True,6,5,0-9,0-9,arabic_harakat
تَشَدُّد,tashaddud,tashaddud,True,8,9,0-9,0-9,arabic_harakat
مْقَطْعَة حْبَالْهَا,mqat3a 7baalha,mqat3a b7aalo,False,20,14,20-29,10-19,arabic_harakat
مِدْحَاة,mid7aa,mid7aa,True,8,6,0-9,0-9,arabic_harakat
يجَوِّد,yjawwid,yjawwid,True,7,7,0-9,0-9,arabic_harakat
يِنْضَبّ,yindabb,yindabb,True,8,7,0-9,0-9,arabic_harakat
قَنَّن,qannan,qannan,True,6,6,0-9,0-9,arabic_harakat
اِتْهَجَّد,2ithajjad,2ithajjad,True,10,9,10-19,0-9,arabic_harakat
ضْرَاط,draat,draat,True,6,5,0-9,0-9,arabic_harakat
مَذَاري,madhaari,mazaari,False,7,8,0-9,0-9,arabic_harakat
غَذَّى,ghazza,ghazza,True,6,6,0-9,0-9,arabic_harakat
يعُوف,y3uuf,y3uuf,True,5,5,0-9,0-9,arabic_harakat
يحَنْبِط,y7ambit,y7anbit,False,8,7,0-9,0-9,arabic_harakat
حَسِّن,7assin,7assin,True,6,6,0-9,0-9,arabic_harakat
اِتْنَاجَى,2itnaaja,2itnaaja,True,10,8,10-19,0-9,arabic_harakat
نَحِر,na7ir,na7ir,True,5,5,0-9,0-9,arabic_harakat
اِفْعَص,2if3as,2if3as,True,7,6,0-9,0-9,arabic_harakat
ضْيُوف,dyuuf,dyuuf,True,6,5,0-9,0-9,arabic_harakat
اِحْرِص,2i7ris,2i7ris,True,7,6,0-9,0-9,arabic_harakat
كَف مْخَمَّس,kaff mkhammas,kafam mkhams,False,12,13,10-19,10-19,arabic_harakat
مَوَّض,mawwad,mawwad,True,6,6,0-9,0-9,arabic_harakat
يمَشِّي,ymashshi,ymashshi,True,7,8,0-9,0-9,arabic_harakat
يتَخْتِخ,ytakhtikh,ytakhtikh,True,8,9,0-9,0-9,arabic_harakat
الدَّم عَالدَّم ثْقِيل,2iddamm 3addam tqiil,2iddam 3ala 2iddim,False,22,20,20-29,20-29,arabic_harakat
تْذَاكَى,tzaaka,tzaaka,True,8,6,0-9,0-9,arabic_harakat
زَهْرَمِة,zahrame,zahrame,True,9,7,0-9,0-9,arabic_harakat
قُبِح,qubu7,qubi7,False,5,5,0-9,0-9,arabic_harakat
اِنْمِحِي,2inmi7i,2inmi7i,True,9,7,0-9,0-9,arabic_harakat
يِتْعَزَّز,yit3azzaz,yit3azzaz,True,10,9,10-19,0-9,arabic_harakat
يِتْسَفَّه,yitsaffah,yitsaffah,True,10,9,10-19,0-9,arabic_harakat
يِنْخِشِط,yinkhishit,yinkhishit,True,9,10,0-9,10-19,arabic_harakat
جْمِيل,jmiil,jmiil,True,6,5,0-9,0-9,arabic_harakat
دَاخِل,daakhil,daakhil,True,6,7,0-9,0-9,arabic_harakat
تْمِتِّق,tmittiqk2,tmittiqq,False,8,9,0-9,0-9,arabic_harakat
عَيب,3eeb,3eeb,True,4,4,0-9,0-9,arabic_harakat
تَحْمِيلِة,ta7miile,ta7miile,True,10,8,10-19,0-9,arabic_harakat
يِتْكَرَّر,yitkarrar,yitkarrar,True,10,9,10-19,0-9,arabic_harakat
مْلَقَّب,mlaqqab,mlaqqab,True,8,7,0-9,0-9,arabic_harakat
مَقْرَط العَصَا,magrat 2il3asa,maqrat 2il3asa,False,15,14,10-19,10-19,arabic_harakat
بَنَات نَعِش,banaat na3ish,banaat na3ish,True,12,13,10-19,10-19,arabic_harakat
خَرَّابِة بْيُوت,kharraabit byuut,kharraabiyye btuut,False,16,16,10-19,10-19,arabic_harakat
عَفْلِص,3aflis,3aflis,True,7,6,0-9,0-9,arabic_harakat
دَعْوَس,da3was,da3was,True,7,6,0-9,0-9,arabic_harakat
أَوْزَان,2awzaan,2awzaan,True,8,7,0-9,0-9,arabic_harakat
مِيِّت,miyyit,miyyit,True,6,6,0-9,0-9,arabic_harakat
اِتْرَضَّى,2itradda,2itradda,True,10,8,10-19,0-9,arabic_harakat
طَوبَرْجِيِّة,toobarjiyye,toobarjiyye,True,13,11,10-19,10-19,arabic_harakat
يِنْضَبِط,yindabit,yindabit,True,9,8,0-9,0-9,arabic_harakat
بَلْبَح,balba7,balba7,True,7,6,0-9,0-9,arabic_harakat
أَدَاة,2adaa,2adaa,True,6,5,0-9,0-9,arabic_harakat
سَقْعَة,saq3a,saq3a,True,7,5,0-9,0-9,arabic_harakat
وِلْعَت,wil3at,wil3at,True,7,6,0-9,0-9,arabic_harakat
دْبَاغَة,dbaagha,dbaagha,True,8,7,0-9,0-9,arabic_harakat
يِتْشَنْشَل,yitshanshal,yitshanshal,True,11,11,10-19,10-19,arabic_harakat
نَزِيف,naziif,naziif,True,6,6,0-9,0-9,arabic_harakat
يغَامِر,yghaamir,yghaamir,True,7,8,0-9,0-9,arabic_harakat
يِبْحَث,yib7as,yib7as,True,7,6,0-9,0-9,arabic_harakat
مَنْطِقَة,mantiqa,mantaqa,False,9,7,0-9,0-9,arabic_harakat
رَبَط,rabat,rabat,True,5,5,0-9,0-9,arabic_harakat
ضَيَاق,dayaaq,dayaaq,True,6,6,0-9,0-9,arabic_harakat
يِتْطَرَّف,yittarraf,yittarraf,True,10,9,10-19,0-9,arabic_harakat
لَولَص,loolas,loolas,True,6,6,0-9,0-9,arabic_harakat
مْزَقْرِق,2imzaqriq,mzaqriq,False,9,9,0-9,0-9,arabic_harakat
يِعْصَى,yi3sa,yi3sa,True,7,5,0-9,0-9,arabic_harakat
يِتْمَرْدَغ,yitmardagh,yitmardagh,True,11,10,10-19,10-19,arabic_harakat
نَجَاسِة,najaase,najaase,True,8,7,0-9,0-9,arabic_harakat
اِدْمِج,2idmij,2idmij,True,7,6,0-9,0-9,arabic_harakat
اِقْذِف,2ikdhif,2iqzif,False,7,7,0-9,0-9,arabic_harakat
شَبْرَخ,shabrakh,shabrakh,True,7,8,0-9,0-9,arabic_harakat
أَسْوَد,2aswad,2aswad,True,7,6,0-9,0-9,arabic_harakat
صَحْصِح,sa7si7,sa7si7,True,7,6,0-9,0-9,arabic_harakat
لتوقع,latuuqa3,looq3uut,False,5,8,0-9,0-9,arabic_harakat
مَاسِيِة,maasiye,maasiye,True,8,7,0-9,0-9,arabic_harakat
كَرْمَشِة,karmashe,karmashe,True,9,8,0-9,0-9,arabic_harakat
سَادَة,saada,saada,True,6,5,0-9,0-9,arabic_harakat
يدَوزِن,ydoozin,ydoozin,True,7,7,0-9,0-9,arabic_harakat
صَدِّي,saddi,saddi,True,6,5,0-9,0-9,arabic_harakat
اِنْطِي,2inti,2inti,True,7,5,0-9,0-9,arabic_harakat
حَكّ,7akk,7akk,True,4,4,0-9,0-9,arabic_harakat
الرَّوح بالرَّوح,2irroo7 birroo7,2irroo7 birro7,False,16,15,10-19,10-19,arabic_harakat
اِحْلِي,2i7li,2i7li,True,7,5,0-9,0-9,arabic_harakat
كَعْكِش,ka3kish,ka3kish,True,7,7,0-9,0-9,arabic_harakat
بِشِت,bishit,bishit,True,5,6,0-9,0-9,arabic_harakat
بيحلب النملة,byi7lib 2innamle,bi7albit 2ilmin,False,12,16,10-19,10-19,arabic_harakat
أَشَّر,2ashshar,2ashshar,True,6,8,0-9,0-9,arabic_harakat
فَوج,fooj,fooj,True,4,4,0-9,0-9,arabic_harakat
اِتْسَخْمَط,2itsakhmat,2itsakhmat,True,11,10,10-19,10-19,arabic_harakat
رَافَس,raafas,raafas,True,6,6,0-9,0-9,arabic_harakat
كَلْسَون,kalsuun,kalsoon,False,8,7,0-9,0-9,arabic_harakat
صُفَّارَة,suffaara,suffaara,True,9,8,0-9,0-9,arabic_harakat
عَالعِمْيَاني,3al3imyaani,3al3amiyyaani,False,13,11,10-19,10-19,arabic_harakat
دَسَّاس,dassaas,dassaas,True,7,7,0-9,0-9,arabic_harakat
يِنْقِمِص,yinqimis,yinqimis,True,9,8,0-9,0-9,arabic_harakat
تْسَعْدَن,tsa3dan,tsa3dan,True,9,7,0-9,0-9,arabic_harakat
نِحْنَا,ni7na,ni7na,True,7,5,0-9,0-9,arabic_harakat
مْعَسَّر,m3assar,m3assar,True,8,7,0-9,0-9,arabic_harakat
مَخَدِّة,makhadda,makhadde,False,8,8,0-9,0-9,arabic_harakat
بَلَادِة,balaade,balaade,True,8,7,0-9,0-9,arabic_harakat
حَيَّن,7ayyan,7ayyan,True,6,6,0-9,0-9,arabic_harakat
شَنْدِل,shandil,shandil,True,7,7,0-9,0-9,arabic_harakat
خَصِر,khasir,khasir,True,5,6,0-9,0-9,arabic_harakat
يدَيِّح,ydayyi7,ydayyi7,True,7,7,0-9,0-9,arabic_harakat
زَحَالِيق,za7aaliiq,za7aaliiq,True,9,9,0-9,0-9,arabic_harakat
قَاعَة,qaa3a,qaa3a,True,6,5,0-9,0-9,arabic_harakat
اِسْعِد,2is3id,2is3id,True,7,6,0-9,0-9,arabic_harakat
اِسْتَضْعِف,2istad3if,2istad3if,True,11,9,10-19,0-9,arabic_harakat
تْصَعَّب,tsa33ab,tsa33ab,True,8,7,0-9,0-9,arabic_harakat
نْجَارَة,njaara,njaara,True,8,6,0-9,0-9,arabic_harakat
اِبْشِم,2ibshim,2ibshim,True,7,7,0-9,0-9,arabic_harakat
كِبْرِيت,kibriit,kibriit,True,8,7,0-9,0-9,arabic_harakat
تَهْوِيب,tahwiib,tahwiib,True,8,7,0-9,0-9,arabic_harakat
نَائِب,naa2ib,naa2ib,True,6,6,0-9,0-9,arabic_harakat
بَحّ,ba77,ba77,True,4,4,0-9,0-9,arabic_harakat
يِغْرِز,yighriz,yighriz,True,7,7,0-9,0-9,arabic_harakat
كِشِك,kishik,kishik,True,5,6,0-9,0-9,arabic_harakat
يدَنِّس,ydannis,ydannis,True,7,7,0-9,0-9,arabic_harakat
طَاقَة,taaqa,taaqa,True,6,5,0-9,0-9,arabic_harakat
نَافُورَة,naafuura,naafuura,True,9,8,0-9,0-9,arabic_harakat
يدَوعِر,ydoo3ir,ydoo3ir,True,7,7,0-9,0-9,arabic_harakat
بَوَارِي,bawaari,bawaari,True,8,7,0-9,0-9,arabic_harakat
يِنْفِلِت,yinfilit,yinfilit,True,9,8,0-9,0-9,arabic_harakat
عَوِّف,3awwif,3awwif,True,6,6,0-9,0-9,arabic_harakat
مَحْرُوس,ma7ruus,ma7ruus,True,8,7,0-9,0-9,arabic_harakat
عُرّ وْلَاد,3urr wulaad,3urr 2ildaad,False,11,11,10-19,10-19,arabic_harakat
اِنْبُغ,2inbugh,2inbugh,True,7,7,0-9,0-9,arabic_harakat
مِلْتَمّ,miltamm,miltamm,True,8,7,0-9,0-9,arabic_harakat
يِتْغَيَّب,yitghayyab,yitghayyab,True,10,10,10-19,10-19,arabic_harakat
نَال,naal,naal,True,4,4,0-9,0-9,arabic_harakat
وَسْوِس,waswis,waswis,True,7,6,0-9,0-9,arabic_harakat
شَمْطَطَة,shamtata,shamta,False,9,8,0-9,0-9,arabic_harakat
شِبْرِيِّة,shibriyye,shibriyye,True,10,9,10-19,0-9,arabic_harakat
يِنْجُر,yinjur,yinjur,True,7,6,0-9,0-9,arabic_harakat
صِهْرِيج,sihriij,sihriij,True,8,7,0-9,0-9,arabic_harakat
مَاكِل رَوح الخَلّ,maakil roo7 2ilkhall,maakil roo7 2ilkhal,False,18,20,10-19,20-29,arabic_harakat
مَحْشُور,ma7shuur,ma7shuur,True,8,8,0-9,0-9,arabic_harakat
أَثَرِي,2asari,2asari,True,7,6,0-9,0-9,arabic_harakat
كَشْرَة,kashra,kashra,True,7,6,0-9,0-9,arabic_harakat
كَعْكَش,ka3kash,ka3kash,True,7,7,0-9,0-9,arabic_harakat
مَرْعُوب,mar3uub,mar3uub,True,8,7,0-9,0-9,arabic_harakat
طَرَّادِة,tarraade,tarraade,True,9,8,0-9,0-9,arabic_harakat
مَسَا,masa,masa,True,5,4,0-9,0-9,arabic_harakat
مَلِّة,malle,malle,True,6,5,0-9,0-9,arabic_harakat
سَلْبي,salbi,salbi,True,6,5,0-9,0-9,arabic_harakat
يسَنِّد,ysannid,ysannid,True,7,7,0-9,0-9,arabic_harakat
اُنْفُث,2unfus,2unfus,True,7,6,0-9,0-9,arabic_harakat
رَمَاد,ramaad,ramaad,True,6,6,0-9,0-9,arabic_harakat
حَنْجَلِة,7anjale,7anjale,True,9,7,0-9,0-9,arabic_harakat
كَعِّك,ka33ik,ka33ik,True,6,6,0-9,0-9,arabic_harakat
يِنْهِبِش,yinhibish,yinhibish,True,9,9,0-9,0-9,arabic_harakat
تَهْلِيل,tahliil,tahliil,True,8,7,0-9,0-9,arabic_harakat
مِتْرَوجِح,mitrooji7,mitrooji7,True,10,9,10-19,0-9,arabic_harakat
اِتْنَفَّس,2itnaffas,2itnaffas,True,10,9,10-19,0-9,arabic_harakat
اُعْبُد,2u3bud,2u3bud,True,7,6,0-9,0-9,arabic_harakat
اِتْسَلَّل,2itsallal,2itsallal,True,10,9,10-19,0-9,arabic_harakat
بَاشِر,baashir,baashir,True,6,7,0-9,0-9,arabic_harakat
سبع صنَايع وَالبخت ضَايع,sabi3 sanaayi3 wilbakht daayi3,saba3in 2issaa3 wukhdaabiit 3alab,False,24,30,20-29,30-39,arabic_harakat
قُنْزَعَة,qunza3a,qkunza3a,False,9,7,0-9,0-9,arabic_harakat
جْنَينِة,jneene,jneene,True,8,6,0-9,0-9,arabic_harakat
فْكُوك,2ifkuuk,fkuuk,False,6,7,0-9,0-9,arabic_harakat
هَبَر,habar,habar,True,5,5,0-9,0-9,arabic_harakat
سِتِّة,sitte,sitte,True,6,5,0-9,0-9,arabic_harakat
طَبِّخ,tabbikh,tabbikh,True,6,7,0-9,0-9,arabic_harakat
تْمِرْقِط,tmirqit,tmirqit,True,9,7,0-9,0-9,arabic_harakat
اِسْفَخ,2isfakh,2isfakh,True,7,7,0-9,0-9,arabic_harakat
اِتْمَسْكَن,2itmaskan,2itmaskan,True,11,9,10-19,0-9,arabic_harakat
اِسْتَرْزِق,2istarziq,2istarziq,True,11,9,10-19,0-9,arabic_harakat
يِتْشَرَّع,yitsharra3,yitsharra3,True,10,10,10-19,10-19,arabic_harakat
خَبِير,khabiir,khabiir,True,6,7,0-9,0-9,arabic_harakat
اِلْفِي,2ilfi,2ilfi,True,7,5,0-9,0-9,arabic_harakat
شَعَر البَطَن,sha3ar 2ilbatin,sha3ar 2ilbatan,False,13,15,10-19,10-19,arabic_harakat
ذَاق,daaq,daaq,True,4,4,0-9,0-9,arabic_harakat
اِتْحَجَّب,2it7ajjab,2it7ajjab,True,10,9,10-19,0-9,arabic_harakat
كَعَابِيش,ka3aabiish,ka3aabiish,True,9,10,0-9,10-19,arabic_harakat
قَدْحِة,2ad7e,qad7e,False,7,5,0-9,0-9,arabic_harakat
غَفِّي,ghaffi,ghaffi,True,6,6,0-9,0-9,arabic_harakat
تَدْلِيس,tadliis,tadliis,True,8,7,0-9,0-9,arabic_harakat
يِعْجَز,yi3jaz,yi3jaz,True,7,6,0-9,0-9,arabic_harakat
هَاش,haash,haash,True,4,5,0-9,0-9,arabic_harakat
قَجِّج,qadjdjidj,qadjdjidj,True,6,9,0-9,0-9,arabic_harakat
تْعَكْرَت,t3akrat,t3akrat,True,9,7,0-9,0-9,arabic_harakat
جَقْرَة,jaqra,jaqkra,False,7,5,0-9,0-9,arabic_harakat
طُعَّيطَة,tu33eeta,tu33eeta,True,9,8,0-9,0-9,arabic_harakat
اِتْعَوَّر,2it3awwar,2it3awwar,True,10,9,10-19,0-9,arabic_harakat
اُورِب,2uurib,2uurib,True,6,6,0-9,0-9,arabic_harakat
اِشْبِه,2ishbih,2ishbih,True,7,7,0-9,0-9,arabic_harakat
مَجَلِّة,majalle,majalle,True,8,7,0-9,0-9,arabic_harakat
مَتَانِة,mataane,mataane,True,8,7,0-9,0-9,arabic_harakat
يِسْتَفْقِد,yistafqid,yistafqid,True,11,9,10-19,0-9,arabic_harakat
صَحِّي,sa77i,sa77i,True,6,5,0-9,0-9,arabic_harakat
اِنْخِنِق,2inkhiniq,2inkhiniq,True,9,9,0-9,0-9,arabic_harakat
ينْدَاس,yindaas,yndaas,False,7,7,0-9,0-9,arabic_harakat
دَبْكِة,dabke,dabke,True,7,5,0-9,0-9,arabic_harakat
اِغْتِنِم,2ightanim,2ightinim,False,9,9,0-9,0-9,arabic_harakat
يزَحْزِح,yza7zi7,yza7zi7,True,8,7,0-9,0-9,arabic_harakat
تَحْفِيزي,ta7fiizi,ta7fiiz,False,9,8,0-9,0-9,arabic_harakat
يِتْحَزْمَق,yit7azmag,yit7azmaq,False,11,9,10-19,0-9,arabic_harakat
أَسَالِيب,2asaaliib,2asaaliib,True,9,9,0-9,0-9,arabic_harakat
مَلْعَنِة,mal3ane,mal3ane,True,9,7,0-9,0-9,arabic_harakat
اِشْحَذ,2ish7ad,2ish7az,False,7,7,0-9,0-9,arabic_harakat
مْدَرِّر,mdarrir,mdarrir,True,8,7,0-9,0-9,arabic_harakat
عَنْتِر,3antir,3antir,True,7,6,0-9,0-9,arabic_harakat
ولَا بِيقْلِي بَيضَة,wala biqli beeda,wala byiqli beeda,False,20,16,20-29,10-19,arabic_harakat
إِخْص عَليك,2ikhs 3aleek,2ikhs 3aleek,True,11,12,10-19,10-19,arabic_harakat
بْيُوت,byuut,byuut,True,6,5,0-9,0-9,arabic_harakat
يِحْمُط,yi7mut,yi7mut,True,7,6,0-9,0-9,arabic_harakat
تْشَدَّد,tshaddad,tshaddad,True,8,8,0-9,0-9,arabic_harakat
ضُلْعَان,dul3aan,dul3aan,True,8,7,0-9,0-9,arabic_harakat
عصه مصه,3usso musso,3iss masaho,False,7,11,0-9,10-19,arabic_harakat
قل قِيمْتُه,qal qiimto,qalli qmiito,False,11,10,10-19,10-19,arabic_harakat
مْبَهْوِك,mbahwik,mbahwik,True,9,7,0-9,0-9,arabic_harakat
فَرْقِيِّة,farqiyye,farqiyye,True,10,8,10-19,0-9,arabic_harakat
يِخْذِل,yikhzil,yikhzil,True,7,7,0-9,0-9,arabic_harakat
عَوَّد,3awwad,3awwad,True,6,6,0-9,0-9,arabic_harakat
يلَقِّح,ylaqqi7,ylaqqi7,True,7,7,0-9,0-9,arabic_harakat
صُوغ,suugh,suugh,True,4,5,0-9,0-9,arabic_harakat
دق رَاسك بَالحيط,duqq raasak bil7eet,daqar 2iskaba7iit,False,16,19,10-19,10-19,arabic_harakat
تْفَنَّط,tfannat,tfannat,True,8,7,0-9,0-9,arabic_harakat
مُشُط عَظِم,mushut 3adim,mush ta3izim,False,11,12,10-19,10-19,arabic_harakat
طَرّ,tarr,tarr,True,4,4,0-9,0-9,arabic_harakat
تْزَحْلَط,tza7lat,tza7lat,True,9,7,0-9,0-9,arabic_harakat
اِتْأَكَّد,2it2akkad,2it2akkad,True,10,9,10-19,0-9,arabic_harakat
عَنْفَص,3anfas,3anfas,True,7,6,0-9,0-9,arabic_harakat
فِيَش,fiyash,fiyash,True,5,6,0-9,0-9,arabic_harakat
اِصْدِر,2isdir,2isdir,True,7,6,0-9,0-9,arabic_harakat
تَفْرِيج,tafriij,tafriij,True,8,7,0-9,0-9,arabic_harakat
شَكّ,shakk,shakk,True,4,5,0-9,0-9,arabic_harakat
خَلَع,khala3,khala3,True,5,6,0-9,0-9,arabic_harakat
يِرْكَز,yirkaz,yirkaz,True,7,6,0-9,0-9,arabic_harakat
صِنْف,sinf,sinf,True,5,4,0-9,0-9,arabic_harakat
اِنْلَغَى,2inlagha,2inlagha,True,9,8,0-9,0-9,arabic_harakat
يِتْدَاقَق,yiddaaqaq,yiddaaqaq,True,10,9,10-19,0-9,arabic_harakat
تْحَاكَى,t7aaka,t7aaka,True,8,6,0-9,0-9,arabic_harakat
جَوِّح,jawwi7,jawwi7,True,6,6,0-9,0-9,arabic_harakat
يِنْفِنِس,yinfinis,yinfinis,True,9,8,0-9,0-9,arabic_harakat
مِسْتَنِّي,mistanni,mistani,False,10,8,10-19,0-9,arabic_harakat
اِنْفَتَل,2infatal,2infatal,True,9,8,0-9,0-9,arabic_harakat
نَجَّم,najjam,najjam,True,6,6,0-9,0-9,arabic_harakat
يِسْتَفْحِل,yistaf7il,yistaf7il,True,11,9,10-19,0-9,arabic_harakat
مْؤلِّف,m2allif,m2allif,True,7,7,0-9,0-9,arabic_harakat
فَشّ,fashsh,fashsh,True,4,6,0-9,0-9,arabic_harakat
دْمُوع,dmuu3,dmuu3,True,6,5,0-9,0-9,arabic_harakat
كَسِّل,kassil,kassil,True,6,6,0-9,0-9,arabic_harakat
قْطَاط,2taat,qtaat,False,6,5,0-9,0-9,arabic_harakat
دْرَازِة,draaze,draaze,True,8,6,0-9,0-9,arabic_harakat
مَجَارِي الهَنَا,majaari 2ilhana,majaariilha 2ina,False,16,15,10-19,10-19,arabic_harakat
تْوَعَّى,twa33a,twa33a,True,8,6,0-9,0-9,arabic_harakat
اِْفْرَح,2ifra7,2ifra7,True,8,6,0-9,0-9,arabic_harakat
تْلَولَب,tloolab,tloolab,True,8,7,0-9,0-9,arabic_harakat
يِتْوَاسَط,yitwaasat,yitwaasat,True,10,9,10-19,0-9,arabic_harakat
حَكَم,7akam,7akam,True,5,5,0-9,0-9,arabic_harakat
رَجِّح,rajji7,rajji7,True,6,6,0-9,0-9,arabic_harakat
بُوكْس,buks,buks,True,6,4,0-9,0-9,arabic_harakat
يقَمِّط,yqammit,yqammit,True,7,7,0-9,0-9,arabic_harakat
مْخَاوَاة,mkhaawaa,mkhaawaa,True,9,8,0-9,0-9,arabic_harakat
يِرْأَف,yir2af,yir2af,True,7,6,0-9,0-9,arabic_harakat
يِتْوَتّد,yitwattad,yitwattad,True,9,9,0-9,0-9,arabic_harakat
مَجْهُول,majhuul,majhuul,True,8,7,0-9,0-9,arabic_harakat
بَارُودِة,baaruude,baaruude,True,9,8,0-9,0-9,arabic_harakat
اِفْحِم,2if7im,2if7im,True,7,6,0-9,0-9,arabic_harakat
يِنْتِشِر,yintishir,yintishir,True,9,9,0-9,0-9,arabic_harakat
لَبِّخ,labbikh,labbikh,True,6,7,0-9,0-9,arabic_harakat
قَطَّف,qattaf,qattaf,True,6,6,0-9,0-9,arabic_harakat
أُخْت زْلَام,2ukht zlaam,2ukht zalaam,False,12,11,10-19,10-19,arabic_harakat
دَرَّن,darran,darran,True,6,6,0-9,0-9,arabic_harakat
خَطِيِّة,khatiyye,khatiyye,True,8,8,0-9,0-9,arabic_harakat
يُرْشُف,yurshuf,yurshuf,True,7,7,0-9,0-9,arabic_harakat
يِتْطَحْبَش,yitta7bash,yitta7bash,True,11,10,10-19,10-19,arabic_harakat
اُفْصُم,2ufsum,2ufsum,True,7,6,0-9,0-9,arabic_harakat
حَايِص,7aayis,7aayis,True,6,6,0-9,0-9,arabic_harakat
اِحْلِس,2i7lis,2i7lis,True,7,6,0-9,0-9,arabic_harakat
يشُكّ,yshukk,yshukk,True,5,6,0-9,0-9,arabic_harakat
دَرْفِة,darfe,darfe,True,7,5,0-9,0-9,arabic_harakat
يِتْرَقْوَص,yitraqwas,yitraqwas,True,11,9,10-19,0-9,arabic_harakat
يطَنِّز,ytanniz,ytanniz,True,7,7,0-9,0-9,arabic_harakat
حِيرِة,7iira,7iire,False,6,5,0-9,0-9,arabic_harakat
عَالبَارِد المِسْتِرِيح,3albaarid 2ilmistrii7,3albaarid 2ilmisti7,False,23,21,20-29,20-29,arabic_harakat
حِرَف,7iraf,7iraf,True,5,5,0-9,0-9,arabic_harakat
يوَتِّر,ywattir,ywattir,True,7,7,0-9,0-9,arabic_harakat
مَسْحُوق,mas7uuq,mas7uuq,True,8,7,0-9,0-9,arabic_harakat
حِلِف,7ilif,7ilif,True,5,5,0-9,0-9,arabic_harakat
زَعْرَب,za3rab,za3rab,True,7,6,0-9,0-9,arabic_harakat
اِتْمَرْجَل,2itmarjal,2itmarjal,True,11,9,10-19,0-9,arabic_harakat
يِطْحِي,yit7i,yit7i,True,7,5,0-9,0-9,arabic_harakat
اِكْتِم,2iktim,2iktim,True,7,6,0-9,0-9,arabic_harakat
قِلِّة,qille,qille,True,6,5,0-9,0-9,arabic_harakat
مُوسِيقِي,muusiiq2i,muusiiqi,False,9,9,0-9,0-9,arabic_harakat
قُرْنِيِّة,kgurniyye,qurniyye,False,10,9,10-19,0-9,arabic_harakat
قَاهَر,qaahar,qaahar,True,6,6,0-9,0-9,arabic_harakat
يِعْطِف,yi3tif,yi3tif,True,7,6,0-9,0-9,arabic_harakat
تْفَرَّع,tfarra3,tfarra3,True,8,7,0-9,0-9,arabic_harakat
اِسْتَثْنَى,2istasna,2istathna,False,11,8,10-19,0-9,arabic_harakat
أَجْفَان,2ajfaan,2ajfaan,True,8,7,0-9,0-9,arabic_harakat
يِنْدَسّ,yindass,yindass,True,8,7,0-9,0-9,arabic_harakat
تْكَدَّر,tkaddar,tkaddar,True,8,7,0-9,0-9,arabic_harakat
اِتَوَاعَد,2itwaa3ad,2itwaa3ad,True,10,9,10-19,0-9,arabic_harakat
أَنَازِيح,2anaazii7,2anaazii7,True,9,9,0-9,0-9,arabic_harakat
دَغْدَغ,daghdagh,daghdagh,True,7,8,0-9,0-9,arabic_harakat
مَسْخَر,maskhar,maskhar,True,7,7,0-9,0-9,arabic_harakat
أَسَاطِيح,2asaatii7,2asaatii7,True,9,9,0-9,0-9,arabic_harakat
هَرْبَد,harbad,harbad,True,7,6,0-9,0-9,arabic_harakat
رَدِي,radi,radi,True,5,4,0-9,0-9,arabic_harakat
مَوَاقِع,mawaaqi3,mawaaqi3,True,8,8,0-9,0-9,arabic_harakat
كَرَاتِين,karaatiin,karaatiin,True,9,9,0-9,0-9,arabic_harakat
اِسْفَح,2isfa7,2isfa7,True,7,6,0-9,0-9,arabic_harakat
مَعْجُون أسنَان,ma3juun 2asnaan,ma3juun 2asnaan,True,15,15,10-19,10-19,arabic_harakat
غِمِض,ghimid,ghimid,True,5,6,0-9,0-9,arabic_harakat
مَوجِة حَرّ,moojit 7arr,moojit 7arr,True,11,11,10-19,10-19,arabic_harakat
مَهْرُوس,mahruus,mahruus,True,8,7,0-9,0-9,arabic_harakat
يشَنْشِل,yshanshil,yshanshil,True,8,9,0-9,0-9,arabic_harakat
نِيَابِة,niyaabe,niyaabe,True,8,7,0-9,0-9,arabic_harakat
نَسَّاي,nassaay,nassaay,True,7,7,0-9,0-9,arabic_harakat
الأَوَّل والتَّالِي,2il2awwal wittaali,2il2awwal 2ittil,False,19,18,10-19,10-19,arabic_harakat
مَوَّل,mawwal,mawwal,True,6,6,0-9,0-9,arabic_harakat
رَنَّخ,rannakh,rannakh,True,6,7,0-9,0-9,arabic_harakat
دَوكِن,dookin,dookin,True,6,6,0-9,0-9,arabic_harakat
صَبّ ثُقْلِة دَمُّه عَلَيه,sabb tuqlit dammo 3alee,sabbo qull 3addamme la,False,26,23,20-29,20-29,arabic_harakat
تَنْهِيدِة,tanhiide,tanhiide,True,10,8,10-19,0-9,arabic_harakat
تْأَرْنَب,t2arnab,t2arnab,True,9,7,0-9,0-9,arabic_harakat
قَاطِع إِيدُه وشَاحِذ عَلَيهَا,qaati3 2iido wushaa7id 3aleeha,qaati3 2idish wu2il3a7aha,False,30,30,30-39,30-39,arabic_harakat
أَرَاجِيل,2araagiil,2araajiil,False,9,9,0-9,0-9,arabic_harakat
فُضّ,fudd,fudd,True,4,4,0-9,0-9,arabic_harakat
يِتْلَجَّم,yitlajjam,yitlajjam,True,10,9,10-19,0-9,arabic_harakat
اِتْهَزْهَز,2ithazhaz,2ithazhaz,True,11,9,10-19,0-9,arabic_harakat
قَحَّط,qa77at,qa77at,True,6,6,0-9,0-9,arabic_harakat
مَطَّاط,mattaat,mattaat,True,7,7,0-9,0-9,arabic_harakat
تْكَرَّر,tkarrar,tkarrar,True,8,7,0-9,0-9,arabic_harakat
يِجْزَع,yijza3,yijza3,True,7,6,0-9,0-9,arabic_harakat
يِتْكَاسَل,yitkaasal,yitkaasal,True,10,9,10-19,0-9,arabic_harakat
مَرْبَط,marbat,marbat,True,7,6,0-9,0-9,arabic_harakat
فَرَّط,farrat,farrat,True,6,6,0-9,0-9,arabic_harakat
مِيدَاليِّة,midaaliyye,miidaaliyye,False,11,10,10-19,10-19,arabic_harakat
أَخْطَار,2akhtaar,2akhtaar,True,8,8,0-9,0-9,arabic_harakat
مَشْلُوق,mashluuq,mashluuq,True,8,8,0-9,0-9,arabic_harakat
اِسْتَعْصِم,2ista3sim,2ista3sim,True,11,9,10-19,0-9,arabic_harakat
يخَنْصِر,ykhansir,ykhansir,True,8,8,0-9,0-9,arabic_harakat
كَابُوس,kaabuus,kaabuus,True,7,7,0-9,0-9,arabic_harakat
اِنْثُر,2inthur,2inthur,True,7,7,0-9,0-9,arabic_harakat
بَصِّم,bassim,bassim,True,6,6,0-9,0-9,arabic_harakat
بَرَّر,barrar,barrar,True,6,6,0-9,0-9,arabic_harakat
يِبْتِدِي,yibtidi,yibtidi,True,9,7,0-9,0-9,arabic_harakat
مْبَرْمَج,mbarmaj,mbarmaj,True,9,7,0-9,0-9,arabic_harakat
مْفَنْتِز,mfantiz,mfantiz,True,9,7,0-9,0-9,arabic_harakat
يِعْلِم,yi3lim,yi3lim,True,7,6,0-9,0-9,arabic_harakat
أَصْعَب,2as3ab,2as3ab,True,7,6,0-9,0-9,arabic_harakat
عِشِق,3ishiq,3ishiq,True,5,6,0-9,0-9,arabic_harakat
غُرْبِيِّة,ghurbiyye,ghurbiyye,True,10,9,10-19,0-9,arabic_harakat
اِنْدِوِش,2indiwish,2indiwish,True,9,9,0-9,0-9,arabic_harakat
نُقْزِة,nuqkze,nuqze,False,7,6,0-9,0-9,arabic_harakat
تْوَازَى,twaaza,twaaza,True,8,6,0-9,0-9,arabic_harakat
غُسُل,ghusul,ghusul,True,5,6,0-9,0-9,arabic_harakat
الله مْحيِّي أَصْلَك,2alla m7ayyi 2aslak,2alla m7ayyisak,False,20,19,20-29,10-19,arabic_harakat
زِحِم,zi7im,zi7im,True,5,5,0-9,0-9,arabic_harakat
شَخْصِي,shakhsi,shakhsiis,False,7,7,0-9,0-9,arabic_harakat
نَحْنُوحِة,na7nuu7e,na7nuu7e,True,10,8,10-19,0-9,arabic_harakat
مَيلِة,meele,meele,True,6,5,0-9,0-9,arabic_harakat
كَنَّس,kannas,kannas,True,6,6,0-9,0-9,arabic_harakat
بَايِت,baayit,baayit,True,6,6,0-9,0-9,arabic_harakat
حَاشِي,7aashi,7aashi,True,6,6,0-9,0-9,arabic_harakat
مِكْحَلِة,mik7ale,mik7ale,True,9,7,0-9,0-9,arabic_harakat
فَزّ,fazz,fazz,True,4,4,0-9,0-9,arabic_harakat
رْطُوبِة,rutuube,rtuube,False,8,7,0-9,0-9,arabic_harakat
مَا حِيلتُه اللَّضَى,maa 7iilto 2illada,maa 7iilleet 2idala,False,20,18,20-29,10-19,arabic_harakat
بَنَّس,bannas,bannas,True,6,6,0-9,0-9,arabic_harakat
قُطُر,qutur,qutur,True,5,5,0-9,0-9,arabic_harakat
عَصَافِير بطني بتزقزِق,3asaafiir batni bitzaqziq,3asaafii ribtiiqzeet,False,22,25,20-29,20-29,arabic_harakat
صَغِّر,szaghghir,saghghir,False,6,9,0-9,0-9,arabic_harakat
اِسْتَسْلَم,2istaslam,2istaslam,True,11,9,10-19,0-9,arabic_harakat
نِفْسُه ميتة,nifso mayte,nifso miye,False,12,11,10-19,10-19,arabic_harakat
أَهل لَا إِله إِلَا الله,2ahil laa 2ilaaha 2illa 2alla,2ahl 2ala 2ila 2ahalla,False,24,29,20-29,20-29,arabic_harakat
يِنْهَض,yinhad,yinhad,True,7,6,0-9,0-9,arabic_harakat
فَاكْهَة,faakha,faakha,True,8,6,0-9,0-9,arabic_harakat
اِتْغَرَّب,2itgharrab,2itgharrab,True,10,10,10-19,10-19,arabic_harakat
اِسْتِعِرّ,2isti3irr,2isti3irr,True,10,9,10-19,0-9,arabic_harakat
مْكَشّر,mkashshir,mkashshar,False,7,9,0-9,0-9,arabic_harakat
رْصِيف,rsiif,rsiif,True,6,5,0-9,0-9,arabic_harakat
المْحَمَّر وَالمْشَمَّر,2ilim7ammar wilimshammar,2ilma7mar wisharm,False,23,24,20-29,20-29,arabic_harakat
اِتْجَلْتَن,2itjaltan,2itjaltan,True,11,9,10-19,0-9,arabic_harakat
بَقَّالِة,baqqaale,baqqaale,True,9,8,0-9,0-9,arabic_harakat
مَسَاكِن,masaakin,masaakin,True,8,8,0-9,0-9,arabic_harakat
أَزْمِة مَاليِّة,2azme maaliyye,2azme maaliyye,True,16,14,10-19,10-19,arabic_harakat
سمعته بَالأَرْض,sumi3to bil2arid,sam3ato bil2ard,False,15,16,10-19,10-19,arabic_harakat
تْرَشَّق,trashshaq,trashshaq,True,8,9,0-9,0-9,arabic_harakat
حَلَّل,7allal,7allal,True,6,6,0-9,0-9,arabic_harakat
إِحْبَاط,2i7baat,2i7baat,True,8,7,0-9,0-9,arabic_harakat
يعَبِّي,y3abbi,y3abbi,True,7,6,0-9,0-9,arabic_harakat
تْسَيَّح,tsayya7,tsayya7,True,8,7,0-9,0-9,arabic_harakat
دم للرُكَب,damm larrukab,dimil rukab,False,10,13,10-19,10-19,arabic_harakat
يِعْسَر,yi3sar,yi3sar,True,7,6,0-9,0-9,arabic_harakat
مَرْتِينِة,martiine,martiine,True,10,8,10-19,0-9,arabic_harakat
حَوش الغَنَم,7oosh 2ilghanam,7oosh 2ilghanam,True,12,15,10-19,10-19,arabic_harakat
يشَبِّص,yshabbis,yshabbis,True,7,8,0-9,0-9,arabic_harakat
سَرْقَط,sarkat,sarqat,False,7,6,0-9,0-9,arabic_harakat
يِنْحَدّ,yin7add,yin7add,True,8,7,0-9,0-9,arabic_harakat
بَنْدَورَة,bandoora,bandoora,True,10,8,10-19,0-9,arabic_harakat
يِتْفَخَّخ,yitfakhkhakh,yitfakhkhakh,True,10,12,10-19,10-19,arabic_harakat
يِسْتَخِفّ,yistakhiff,yistakhiff,True,10,10,10-19,10-19,arabic_harakat
عَانِق,3aaniq,3aaniq,True,6,6,0-9,0-9,arabic_harakat
عَيِّي,3ayyi,3ayyi,True,6,5,0-9,0-9,arabic_harakat
مِسْتَحْمِل,mista7mil,mista7mil,True,11,9,10-19,0-9,arabic_harakat
تْوَظَّف,twazzaf,twazzaf,True,8,7,0-9,0-9,arabic_harakat
نَاح,naa7,naa7,True,4,4,0-9,0-9,arabic_harakat
قِصِر,qisir,qisir,True,5,5,0-9,0-9,arabic_harakat
يِنْذّاق,yindaaq,yindaaq,True,8,7,0-9,0-9,arabic_harakat
أَغْلَب,2aghlab,2aghlab,True,7,7,0-9,0-9,arabic_harakat
الله فَاتِح عَلَيه,2alla faati7 3aleeh,2alla faati7 3aleeh,True,18,19,10-19,10-19,arabic_harakat
يطَيِّب,yittayyib,ytayyib,False,7,9,0-9,0-9,arabic_harakat
مَقَرّ,maqarr,maqqar,False,6,6,0-9,0-9,arabic_harakat
يِنْشِهِر,yinshihir,yinshihir,True,9,9,0-9,0-9,arabic_harakat
لَغِّم,laghghim,laghghim,True,6,8,0-9,0-9,arabic_harakat
حِلِس,7ilis,7ilis,True,5,5,0-9,0-9,arabic_harakat
يبَوِّس,ybawwis,ybawwis,True,7,7,0-9,0-9,arabic_harakat
تَمْسِيد,tamsiid,tamsiid,True,8,7,0-9,0-9,arabic_harakat
أَخذ مَجْدُه,2akhad maddo,2akhad majdo,False,12,12,10-19,10-19,arabic_harakat
حَنَّط,7annat,7annat,True,6,6,0-9,0-9,arabic_harakat
أَحْرَم,2a7ram,2a7ram,True,7,6,0-9,0-9,arabic_harakat
اِتْسَرَّع,2itsarra3,2itsarra3,True,10,9,10-19,0-9,arabic_harakat
طَوشِة,tooshe,tooshe,True,6,6,0-9,0-9,arabic_harakat
اِنْفِصِل,2infisil,2infisil,True,9,8,0-9,0-9,arabic_harakat
كَادِر,kaadir,kaadir,True,6,6,0-9,0-9,arabic_harakat
يي عَاليهود,yii 3alyahuud,yii3 2ilyaahwiid,False,11,13,10-19,10-19,arabic_harakat
نَعَش,na3ash,na3ash,True,5,6,0-9,0-9,arabic_harakat
اِسْتَعْيِب,2ista3yib,2ista3yib,True,11,9,10-19,0-9,arabic_harakat
طِمِع,timi3,timi3,True,5,5,0-9,0-9,arabic_harakat
دَشِّب,dashshib,dashshib,True,6,8,0-9,0-9,arabic_harakat
يطَبِّش,ytabbish,ytabbish,True,7,8,0-9,0-9,arabic_harakat
فَلَاعِيص,falaa3iis,falaa3iis,True,9,9,0-9,0-9,arabic_harakat
قَمِّط,qammit,qammit,True,6,6,0-9,0-9,arabic_harakat
يدُور,yduur,yduur,True,5,5,0-9,0-9,arabic_harakat
يعَفِّط,y3affit,y3affit,True,7,7,0-9,0-9,arabic_harakat
بين السطور,been 2issutuur,bini 2issawar,False,10,14,10-19,10-19,arabic_harakat
اِفْتَتَح,2iftata7,2iftata7,True,9,8,0-9,0-9,arabic_harakat
يِتْشَنَّج,yitshannaj,yitshannaj,True,10,10,10-19,10-19,arabic_harakat
هِوَايِة,hiwaaye,hiwaaye,True,8,7,0-9,0-9,arabic_harakat
مَدَنِي,madani,madani,True,7,6,0-9,0-9,arabic_harakat
عْيُونُه والقَبِر,3yuuno wilqabir,3yuuno 2ilqabir,False,17,15,10-19,10-19,arabic_harakat
اِسْتِحِي,2isti7i,2isti7i,True,9,7,0-9,0-9,arabic_harakat
عَطْوِة,3atwe,3atwe,True,7,5,0-9,0-9,arabic_harakat
مِطْقَاعَة,mitqaa3a,mitqaa3a,True,10,8,10-19,0-9,arabic_harakat
مِتْحَنْدِر,mit7andir,mit7andir,True,11,9,10-19,0-9,arabic_harakat
لَاجِئ,laaji2,laaji2,True,6,6,0-9,0-9,arabic_harakat
فِش خَوَاص,fish khawaas,fish khawaas,True,10,12,10-19,10-19,arabic_harakat
تْوَاضَع,twaada3,twaada3,True,8,7,0-9,0-9,arabic_harakat
يِنْبَحّ,yinba77,yinba77,True,8,7,0-9,0-9,arabic_harakat
شِبِل,shibil,shibil,True,5,6,0-9,0-9,arabic_harakat
يِئِس,yi2is,yi2is,True,5,5,0-9,0-9,arabic_harakat
مَطْرَح,matra7,matra7,True,7,6,0-9,0-9,arabic_harakat
اِنْزِف,2inzif,2inzif,True,7,6,0-9,0-9,arabic_harakat
نِسْيَان,nisyaan,nisyaan,True,8,7,0-9,0-9,arabic_harakat
يرَزِّز,yrazziz,yrazziz,True,7,7,0-9,0-9,arabic_harakat
حَلّ,7all,7all,True,4,4,0-9,0-9,arabic_harakat
حَسّ,7ass,7ass,True,4,4,0-9,0-9,arabic_harakat
نِسِي حَالُه,nisi 7aalo,nisi 7aalo,True,12,10,10-19,10-19,arabic_harakat
سَحَابِة,sa7aabe,sa7aabe,True,8,7,0-9,0-9,arabic_harakat
نَحَس,na7as,na7as,True,5,5,0-9,0-9,arabic_harakat
دَعْزَق,da3zaq,da3zaq,True,7,6,0-9,0-9,arabic_harakat
ينَصِّب,ynassib,ynassib,True,7,7,0-9,0-9,arabic_harakat
الدَّفَاتِر القَدِيمِة,2iddafaatir 2ilqadiime,2iddaffaat riqmiye,False,22,22,20-29,20-29,arabic_harakat
زَوَّع,zawwa3,zawwa3,True,6,6,0-9,0-9,arabic_harakat
تَطْنِيز,tatniiz,tatniiz,True,8,7,0-9,0-9,arabic_harakat
يِتْوَسَّل,yitwassal,yitwassal,True,10,9,10-19,0-9,arabic_harakat
ذَبَّل,dabbal,dabbal,True,6,6,0-9,0-9,arabic_harakat
حُثَالِة القَهْوِة,7uthaalit 2ilqahwe,7uthaale 2ilqoothe,False,18,18,10-19,10-19,arabic_harakat
رَجَا,raja,raja,True,5,4,0-9,0-9,arabic_harakat
بَقْرُونِة,baqruune,baqruune,True,10,8,10-19,0-9,arabic_harakat
كَشْفِيِّة,kashfiyye,kashfiyye,True,10,9,10-19,0-9,arabic_harakat
يِتْبَاعَد,yitbaa3ad,yitbaa3ad,True,10,9,10-19,0-9,arabic_harakat
صْرَافِة,sraafe,sraafe,True,8,6,0-9,0-9,arabic_harakat
يشَكْشِك,yshakshik,yshakshik,True,8,9,0-9,0-9,arabic_harakat
جِيرَان,jiiraan,jiiraan,True,7,7,0-9,0-9,arabic_harakat
مَنَاخِيز,manaakhiiz,manaakhiiz,True,9,10,0-9,10-19,arabic_harakat
يِنْغِلِب,yinghilib,yinghilib,True,9,9,0-9,0-9,arabic_harakat
قَرَّر,qarrar,qarrar,True,6,6,0-9,0-9,arabic_harakat
قَرَارِيط,qaraariit,qaraariit,True,9,9,0-9,0-9,arabic_harakat
يِتْخَوَّش,yitkhawwash,yitkhawwash,True,10,11,10-19,10-19,arabic_harakat
هَوِّر,hawwir,hawwir,True,6,6,0-9,0-9,arabic_harakat
اِلْتَحَق,2ilta7aq,2ilta7aq,True,9,8,0-9,0-9,arabic_harakat
جَرَس,jaras,jaras,True,5,5,0-9,0-9,arabic_harakat
زَيَّن,zayyan,zayyan,True,6,6,0-9,0-9,arabic_harakat
اِزْدِهِر,2izdihir,2izdihir,True,9,8,0-9,0-9,arabic_harakat
أَنْحَف,2an7af,2an7af,True,7,6,0-9,0-9,arabic_harakat
مقصوفِة الرَّقبة,maqsuufit 2irraqabe,muquufit 2irraqis,False,16,19,10-19,10-19,arabic_harakat
أَخَذ,2akhad,2akhaz,False,5,6,0-9,0-9,arabic_harakat
فَقِيد,faqiid,faqiid,True,6,6,0-9,0-9,arabic_harakat
تَوتْيَا,tootya,tawya,False,8,6,0-9,0-9,arabic_harakat
سِد نيعَك,sidd nii3ak,siddin 3ak,False,9,11,0-9,10-19,arabic_harakat
نَقِّز,naqqiz,naqqiz,True,6,6,0-9,0-9,arabic_harakat
سِمّ,simm,simm,True,4,4,0-9,0-9,arabic_harakat
طَبَخ,tabakh,tabakh,True,5,6,0-9,0-9,arabic_harakat
لَعْوَبِة,la3wabe,la3wabe,True,9,7,0-9,0-9,arabic_harakat
مْسَجَّل,msajjal,msajjal,True,8,7,0-9,0-9,arabic_harakat
شَخِّط,shakhkhit,shakhkhit,True,6,9,0-9,0-9,arabic_harakat
اِتْجَرْبَح,2itdjarba7,2itdjarba7,True,11,10,10-19,10-19,arabic_harakat
الجوز في البيت رحمة حتى لو كَان فحمة,2iljooz filbeet ra7me 7atta law kaan fa7me,2iljoofze yaa yti7me 2ilbikra 7an wu7aze latijaman fe,False,36,42,30-39,40-49,arabic_harakat
يزَقِّف,yizaqqif,yzaqqif,False,7,8,0-9,0-9,arabic_harakat
طَبّ سَاكِت,tabb saakit,tabb saakit,True,11,11,10-19,10-19,arabic_harakat
يِمْعَص,yim3as,yim3as,True,7,6,0-9,0-9,arabic_harakat
اِبن بَطْنِي بيعرف لرطْني,2ibin batni byi3rif laratni,2ibin batni fir3eet,False,25,27,20-29,20-29,arabic_harakat
عُنْصُر,3unsur,3unsur,True,7,6,0-9,0-9,arabic_harakat
زْقُرْتِيِّة,zgurtiyye,zqurtiyye,False,12,9,10-19,0-9,arabic_harakat
روحُه طويلة,roo7o tawiile,roo7o tayle,False,11,13,10-19,10-19,arabic_harakat
تْفَسَّخ,tfassakh,tfassakh,True,8,8,0-9,0-9,arabic_harakat
سَلِّح,salli7,salli7,True,6,6,0-9,0-9,arabic_harakat
طَقَّش,taqq22ash,taqq22ash,True,6,9,0-9,0-9,arabic_harakat
فُقُم,fuqum,fuqum,True,5,5,0-9,0-9,arabic_harakat
اِتْحَفَّظ,2it7affaz,2it7affaz,True,10,9,10-19,0-9,arabic_harakat
خَارِي,khaari,khaari,True,6,6,0-9,0-9,arabic_harakat
أَنْتَك,2antak,2antak,True,7,6,0-9,0-9,arabic_harakat
مُنَاوَبِة,munaawabe,munaawabe,True,10,9,10-19,0-9,arabic_harakat
دِينَار,diinaar,diinaar,True,7,7,0-9,0-9,arabic_harakat
تْمَرَّض,tmarrad,tmarrad,True,8,7,0-9,0-9,arabic_harakat
يِتْوَسَّع,yitwassa3,yitwassa3,True,10,9,10-19,0-9,arabic_harakat
عَادَل,3aadal,3aadal,True,6,6,0-9,0-9,arabic_harakat
أَنِيق,2aniiq,2aniiq,True,6,6,0-9,0-9,arabic_harakat
تْنَشَّف,tnashshaf,tnashshaf,True,8,9,0-9,0-9,arabic_harakat
شْرُوش,shruush,shruush,True,6,7,0-9,0-9,arabic_harakat
فَشَخ,fashakh,fashakh,True,5,7,0-9,0-9,arabic_harakat
تْوَافَد,twaafad,twaafad,True,8,7,0-9,0-9,arabic_harakat
قَحْمَش,qa7mash,qka7mash,False,7,7,0-9,0-9,arabic_harakat
تْهَضَّم,thaddam,thaddam,True,8,7,0-9,0-9,arabic_harakat
خَتِّن,khattin,khattin,True,6,7,0-9,0-9,arabic_harakat
يِحْتِكِر,yi7tikir,yi7tikir,True,9,8,0-9,0-9,arabic_harakat
اِتَهَضْرَس,2ithadras,2ithadras,True,11,9,10-19,0-9,arabic_harakat
مْوَفَّق,mwaffaq,mwaffaq,True,8,7,0-9,0-9,arabic_harakat
مَشَاهِير,mashaahiir,mashaahiir,True,9,10,0-9,10-19,arabic_harakat
يِتْدَاوَل,yiddaawal,yiddaawal,True,10,9,10-19,0-9,arabic_harakat
مُخُّه نْظِيف,mukhkho ndiif,mukhkho dinif,False,13,13,10-19,10-19,arabic_harakat
مَيشَع,meesha3,meesha3,True,6,7,0-9,0-9,arabic_harakat
فَجْعَان,faj3aan,faj3aan,True,8,7,0-9,0-9,arabic_harakat
يقَشِّط,yqashshit,yqashshit,True,7,9,0-9,0-9,arabic_harakat
طُشّ,tushsh,tushsh,True,4,6,0-9,0-9,arabic_harakat
يهَوِّن,yhawwin,yhawwin,True,7,7,0-9,0-9,arabic_harakat
اِسْتَوْطَى حَيطَك,2istawti 7eetak,2istawta7 takayta7,False,18,15,10-19,10-19,arabic_harakat
يِسْتَقِرّ,yistaqirr,yistaqirr,True,10,9,10-19,0-9,arabic_harakat
يبَعِّر,yba33ir,yba33ir,True,7,7,0-9,0-9,arabic_harakat
عَصَّر,3assar,3assar,True,6,6,0-9,0-9,arabic_harakat
نَقَّش,naqqash,naqqash,True,6,7,0-9,0-9,arabic_harakat
مْلَغَّم,mlaghgham,mlaghgham,True,8,9,0-9,0-9,arabic_harakat
اِمْتِلِي,2imtili,2imtili,True,9,7,0-9,0-9,arabic_harakat
اِنْفِرَاد,2infiraad,2infiraad,True,10,9,10-19,0-9,arabic_harakat
طَهَابِيب,tahaabiib,tahaabiib,True,9,9,0-9,0-9,arabic_harakat
مْعَلِّط,m3allit,m3allit,True,8,7,0-9,0-9,arabic_harakat
حْرُوف,7ruuf,7ruuf,True,6,5,0-9,0-9,arabic_harakat
مِية مْفَرِّع ومِية مْدَرِّع,miit mfarri3 wumiit mdarri3,mii mafra 3idd mmawe,False,28,27,20-29,20-29,arabic_harakat
بَوَّز,bawwaz,bawwaz,True,6,6,0-9,0-9,arabic_harakat
رَوشَّيتَة,ruusheeta,rawashshiyye,False,10,9,10-19,0-9,arabic_harakat
يِتوَاذَف,yitwaadhaf,yitwaadhaf,True,9,10,0-9,10-19,arabic_harakat
يْبَرِّص,ybarris,ybarris,True,8,7,0-9,0-9,arabic_harakat
مِخْضَرّ,mikhdarr,mikhdarr,True,8,8,0-9,0-9,arabic_harakat
سَمْسَر,samsar,samsar,True,7,6,0-9,0-9,arabic_harakat
نَعْبِل,na3bil,na3bil,True,7,6,0-9,0-9,arabic_harakat
نَاهِض,naahid,naahid,True,6,6,0-9,0-9,arabic_harakat
اِهْلِك,2ihlik,2ihlik,True,7,6,0-9,0-9,arabic_harakat
صُغْرَة,sughra,sughra,True,7,6,0-9,0-9,arabic_harakat
شَقِّر,sha22ir,shaqqir,False,6,7,0-9,0-9,arabic_harakat
طَمَّن,tamman,tamman,True,6,6,0-9,0-9,arabic_harakat
عين البيَادر,3een 2ilbayaadir,3een 2ilbeedar,False,12,16,10-19,10-19,arabic_harakat
نَبْعَة,nab3a,nab3a,True,7,5,0-9,0-9,arabic_harakat
حَرَادِب,7araadib,7araadib,True,8,8,0-9,0-9,arabic_harakat
نَجِّم,najjim,najjim,True,6,6,0-9,0-9,arabic_harakat
اِتْخَاصَم,2itkhaasam,2itkhaasam,True,10,10,10-19,10-19,arabic_harakat
مَا أَسْقَع دَمُّه,ma 2asqa3 dammo,maa 2assaqi3 maddo,False,18,15,10-19,10-19,arabic_harakat
تَلْطِيش,taltiish,taltiish,True,8,8,0-9,0-9,arabic_harakat
تْهَبَّل,thabbal,thabbal,True,8,7,0-9,0-9,arabic_harakat
تْمَصْرَف,tmasraf,tmasraf,True,9,7,0-9,0-9,arabic_harakat
مَخْنُوق,makhnuuq,makhnuuq,True,8,8,0-9,0-9,arabic_harakat
مَعْرُوف,ma3ruuf,ma3ruuf,True,8,7,0-9,0-9,arabic_harakat
خَيّ,khayy,khayy,True,4,5,0-9,0-9,arabic_harakat
مَهْمَط,mahmat,mahmat,True,7,6,0-9,0-9,arabic_harakat
دَقَامِيق,daqamiiq,daqaamiiq,False,9,8,0-9,0-9,arabic_harakat
اِكْفَل,2ikfal,2ikfal,True,7,6,0-9,0-9,arabic_harakat
اِتْدَرَّس,2iddarras,2iddarras,True,10,9,10-19,0-9,arabic_harakat
بُسْطَرْمَة,bustarma,bustarma,True,11,8,10-19,0-9,arabic_harakat
عَيب عَشَوَارْبُه,3eeb 3ashawaarbo,3eeb 3ashawabaro,False,17,16,10-19,10-19,arabic_harakat
يِتْفَطَّن,yitfattan,yitfattan,True,10,9,10-19,0-9,arabic_harakat
يِسْلِب,yislib,yislib,True,7,6,0-9,0-9,arabic_harakat
بُطْمِة,butme,butme,True,7,5,0-9,0-9,arabic_harakat
خَزَّق,khazzaq,khazzaq,True,6,7,0-9,0-9,arabic_harakat
يخَزِّن,ykhazzin,ykhazzin,True,7,8,0-9,0-9,arabic_harakat
مَخَارِز,makhaariz,makhaariz,True,8,9,0-9,0-9,arabic_harakat
صْغَار,zghaar,sghaar,False,6,6,0-9,0-9,arabic_harakat
يِتْسَرَّع,yitsarra3,yitsarra3,True,10,9,10-19,0-9,arabic_harakat
لو توقف الجَاجة عإِجر,law tuuqaf 2iljaaje 3a 2ijir,looq 2il2iftaajar 3oje,False,21,28,20-29,20-29,arabic_harakat
تَرْخِن,tarkhin,tarkhin,True,7,7,0-9,0-9,arabic_harakat
مَرْمَرَة العيشة,marmarit 2il3iishe,marmara 2il3ashii,False,16,18,10-19,10-19,arabic_harakat
مِتْحَجِّر,mit7ajjir,mit7ajjir,True,10,9,10-19,0-9,arabic_harakat
شَحْطِط,sha7tit,sha7tit,True,7,7,0-9,0-9,arabic_harakat
مَرَاكِيس,maraakiis,maraakiis,True,9,9,0-9,0-9,arabic_harakat
عرقه مرقه,3araqo maraqo,3araqo maro,False,9,13,0-9,10-19,arabic_harakat
كَبْكَب,kabkab,kabkab,True,7,6,0-9,0-9,arabic_harakat
اِسْتَقْطَع,2istaqta3,2istaqta3,True,11,9,10-19,0-9,arabic_harakat
لِبِس البَلَاطَة,libisil balaata,libis 2ilbata,False,16,15,10-19,10-19,arabic_harakat
يفَحِّم,yfa77im,yfa77im,True,7,7,0-9,0-9,arabic_harakat
خَوَاطِر,khawaatir,khawaatir,True,8,9,0-9,0-9,arabic_harakat
اِسْتَمْرِض,2istamrid,2istamrid,True,11,9,10-19,0-9,arabic_harakat
اِسْتَشْهَد,2istashhad,2istashhad,True,11,10,10-19,10-19,arabic_harakat
يْحَتْحِت,y7at7it,y7at7it,True,9,7,0-9,0-9,arabic_harakat
تْقِصوِع,tqiswi3,tqiswi3,True,8,7,0-9,0-9,arabic_harakat
ضَاع,daa3,daa3,True,4,4,0-9,0-9,arabic_harakat
يِنِفْعِص,yinif3is,yinif3is,True,9,8,0-9,0-9,arabic_harakat
يظَابِح,ydhaabi7,ydhaabi7,True,7,8,0-9,0-9,arabic_harakat
طُزَّيزِة,tuzzeeze,tuzzeeze,True,9,8,0-9,0-9,arabic_harakat
اِتْقَرْطَس,2itqartas,2itqartas,True,11,9,10-19,0-9,arabic_harakat
زَعْتَر نَاس,za3tar naas,za3tar naas,True,12,11,10-19,10-19,arabic_harakat
حَلْتَمِة,7altame,7altame,True,9,7,0-9,0-9,arabic_harakat
أَلْغَى,2algha,2algha,True,7,6,0-9,0-9,arabic_harakat
خَمْسِة,khamse,khamse,True,7,6,0-9,0-9,arabic_harakat
ينَبِّت,ynabbit,ynabbit,True,7,7,0-9,0-9,arabic_harakat
جَاحِر,ja7irni,jaa7ir,False,6,7,0-9,0-9,arabic_harakat
سَنِّن,sannin,sannin,True,6,6,0-9,0-9,arabic_harakat
طَقّ,taqq,taqq,True,4,4,0-9,0-9,arabic_harakat
أَنَابِيب,2anaabiib,2anaabiib,True,9,9,0-9,0-9,arabic_harakat
طَغَى,tagha,tagha,True,5,5,0-9,0-9,arabic_harakat
ينَجِّح,ynajji7,ynajji7,True,7,7,0-9,0-9,arabic_harakat
يِتْزَافَر,yitzaafar,yitzaafar,True,10,9,10-19,0-9,arabic_harakat
مِدْوَد الطَّاولة,midwad 2ittaawle,midwaalat 2ilwatt,False,17,16,10-19,10-19,arabic_harakat
غَزْوِة,ghazwe,ghazwe,True,7,6,0-9,0-9,arabic_harakat
شَلَا,shala,shala,True,5,5,0-9,0-9,arabic_harakat
تَدْقِيق لُغَوِي,tadqiiq lughawi,tadqiiq liighwad,False,16,15,10-19,10-19,arabic_harakat
اِتْكَوفَل,2itkoofal,2itkoofal,True,10,9,10-19,0-9,arabic_harakat
حبل الكذب قَصِير,7abil 2ilkizib qasiir,7abil 2ilkazab qasiir,False,16,21,10-19,20-29,arabic_harakat
اِعْبِك,2i3bitsh,2i3bik,False,7,8,0-9,0-9,arabic_harakat
بَظّ,bazz,bazz,True,4,4,0-9,0-9,arabic_harakat
اِرْجَع,2irja3,2irja3,True,7,6,0-9,0-9,arabic_harakat
حُقُوق,7uquuq,7uquuq,True,6,6,0-9,0-9,arabic_harakat
لَاصَة,laasa,laasa,True,6,5,0-9,0-9,arabic_harakat
يحَرْوِق,y7arwiq,y7arwiq,True,8,7,0-9,0-9,arabic_harakat
مَزْمِز,mazmiz,mazmiz,True,7,6,0-9,0-9,arabic_harakat
يشَكِّل,yshakkil,yshakkil,True,7,8,0-9,0-9,arabic_harakat
تْذَبَّح,tdabba7,tdabba7,True,8,7,0-9,0-9,arabic_harakat
تْسَرَّح,tsarra7,tsarra7,True,8,7,0-9,0-9,arabic_harakat
يِغْلَط,yighlat,yighlat,True,7,7,0-9,0-9,arabic_harakat
أَمْنِيّ,2amni,2amni,True,8,5,0-9,0-9,arabic_harakat
مْزَنَّكِيِّة,mzannakiyye,mzannakiyye,True,13,11,10-19,10-19,arabic_harakat
يِتْحَصَّن,yit7assan,yit7assan,True,10,9,10-19,0-9,arabic_harakat
جِبَب,djibab,jibab,False,5,6,0-9,0-9,arabic_harakat
لَوَّش,lawwash,lawwash,True,6,7,0-9,0-9,arabic_harakat
مْسَامِح,msaami7,msaami7,True,8,7,0-9,0-9,arabic_harakat
شَكَلِة,shakle,shakale,False,7,6,0-9,0-9,arabic_harakat
يَاسْمِين,yaasmiin,yaasmiin,True,9,8,0-9,0-9,arabic_harakat
يِسْتَرْزِق,yistarziq,yistarziq,True,11,9,10-19,0-9,arabic_harakat
يِلْبَخ,yilbakh,yilbakh,True,7,7,0-9,0-9,arabic_harakat
يحَمْرِط,y7amrit,y7amrit,True,8,7,0-9,0-9,arabic_harakat
مَاكِن,maakin,maakin,True,6,6,0-9,0-9,arabic_harakat
فَطَايِس,fataayis,fataayis,True,8,8,0-9,0-9,arabic_harakat
شَلِح,shali7,shali7,True,5,6,0-9,0-9,arabic_harakat
يِتْجَدْوَل,yitjadwal,yitjadwal,True,11,9,10-19,0-9,arabic_harakat
مَرِّر,marrir,marrir,True,6,6,0-9,0-9,arabic_harakat
بَوَّش,bawwash,bawwash,True,6,7,0-9,0-9,arabic_harakat
لَحَّم,la77am,la77am,True,6,6,0-9,0-9,arabic_harakat
هَرّ,harr,harr,True,4,4,0-9,0-9,arabic_harakat
كَرْنِيب,karniib,karniib,True,8,7,0-9,0-9,arabic_harakat
يسَاهِم,ysaahim,ysaahim,True,7,7,0-9,0-9,arabic_harakat
بَلْبَع,balba3,balba3,True,7,6,0-9,0-9,arabic_harakat
يُسْتُر,yustur,yustur,True,7,6,0-9,0-9,arabic_harakat
مَخْصِي,makhsi,makhsi,True,7,6,0-9,0-9,arabic_harakat
تْوَحَّل,twa77al,twa77al,True,8,7,0-9,0-9,arabic_harakat
مْفَلَّى,mfalla,mfalla,True,8,6,0-9,0-9,arabic_harakat
يِتْبَرَّأ,yitbarra2,yitbarra2,True,10,9,10-19,0-9,arabic_harakat
طَسْطَس,tastas,tastas,True,7,6,0-9,0-9,arabic_harakat
يِدْلُب,yidlub,yidlub,True,7,6,0-9,0-9,arabic_harakat
صِغِر,szighir,sighir,False,5,7,0-9,0-9,arabic_harakat
فَنِّع,fanni3,fanni3,True,6,6,0-9,0-9,arabic_harakat
اِزْبِل,2izbil,2izbil,True,7,6,0-9,0-9,arabic_harakat
حِجِر,7idjir,7ijir,False,5,6,0-9,0-9,arabic_harakat
قَدِّد,qkgaddid,qaddid,False,6,8,0-9,0-9,arabic_harakat
شَارُوط,shaaruut,shaaruut,True,7,8,0-9,0-9,arabic_harakat
كل فولة وإِلهَا كيَالهَا,kul fuulew 2ilha kayyaalha,kalfuul 2il2iha wu2ilaha,False,24,26,20-29,20-29,arabic_harakat
عَزُومِة,3azuume,3azuume,True,8,7,0-9,0-9,arabic_harakat
اِسْكُن,2uskun,2iskun,False,7,6,0-9,0-9,arabic_harakat
كَسَى,kasa,kasa,True,5,4,0-9,0-9,arabic_harakat
يِتْرَجَّى,yitrajja,yitrajja,True,10,8,10-19,0-9,arabic_harakat
عَامود الظلَام,3aamuud 2izzalaam,3aamuudh 2ilmaadh,False,14,17,10-19,10-19,arabic_harakat
اِسْتَعْجَل,2ista3jal,2ista3jal,True,11,9,10-19,0-9,arabic_harakat
بَلَغ,balagh,balagh,True,5,6,0-9,0-9,arabic_harakat
نَافِس,naafis,naafis,True,6,6,0-9,0-9,arabic_harakat
رَفِش,rafish,rafish,True,5,6,0-9,0-9,arabic_harakat
قَلِّط,qallit,qallit,True,6,6,0-9,0-9,arabic_harakat
سُلْطَان زَمَانُه,sultaan zamaano,sultaano zamno,False,17,15,10-19,10-19,arabic_harakat
سَودَا,sooda,sawad,False,6,5,0-9,0-9,arabic_harakat
تَمَنّ,tamann,tamman,False,6,6,0-9,0-9,arabic_harakat
تْبَودَر,tboodar,tboodar,True,8,7,0-9,0-9,arabic_harakat
هَيُّوتُو,hayyuutu,hayyuut,False,9,8,0-9,0-9,arabic_harakat
وِجْهُه نَاشِف,wijho naashif,wijho naashif,True,14,13,10-19,10-19,arabic_harakat
مَصْدَر,masdar,masdar,True,7,6,0-9,0-9,arabic_harakat
يقَوِّر,yq2awwir,yqawwir,False,7,8,0-9,0-9,arabic_harakat
يفَرِّط,yfarrit,yfarrit,True,7,7,0-9,0-9,arabic_harakat
فَرْطِح,farti7,farti7,True,7,6,0-9,0-9,arabic_harakat
مُلُح,mulu7,mulu7,True,5,5,0-9,0-9,arabic_harakat
تْدَاقَر,2iddaaqar,2iddaaqar,True,8,9,0-9,0-9,arabic_harakat
اِنْحَصَد,2in7asad,2in7asad,True,9,8,0-9,0-9,arabic_harakat
مَقْلَتِة,ma2late,maqlate,False,9,7,0-9,0-9,arabic_harakat
تْشَاهَم,tshaaham,tshaaham,True,8,8,0-9,0-9,arabic_harakat
يِتْطَفَّل,yittaffal,yittaffal,True,10,9,10-19,0-9,arabic_harakat
طَبَّل,tabbal,tabbal,True,6,6,0-9,0-9,arabic_harakat
دَاحْلِة,daa7le,daa7le,True,8,6,0-9,0-9,arabic_harakat
يدِبّ,ydibb,ydibb,True,5,5,0-9,0-9,arabic_harakat
بَزِّم,bazzim,bazzim,True,6,6,0-9,0-9,arabic_harakat
بَعْده,ba3idha,ba3d,False,6,7,0-9,0-9,arabic_harakat
كِفَايِة,kifaaye,kifaaye,True,8,7,0-9,0-9,arabic_harakat
اِتْجَرَّس,2itjarras,2itjarras,True,10,9,10-19,0-9,arabic_harakat
مَكَث,makath,makath,True,5,6,0-9,0-9,arabic_harakat
يعَكِّز,y3akkiz,y3akkiz,True,7,7,0-9,0-9,arabic_harakat
كَأَنّ,ka2ann,ka2ann,True,6,6,0-9,0-9,arabic_harakat
اِتْقَسَّط,2itqassat,2itqassat,True,10,9,10-19,0-9,arabic_harakat
مْسَبَّل,msabbal,msabbal,True,8,7,0-9,0-9,arabic_harakat
مْعَسْقِد,m3asqkid,m3asqid,False,9,8,0-9,0-9,arabic_harakat
لَقِّم,laqqim,laqqim,True,6,6,0-9,0-9,arabic_harakat
فَقَّد,faqqad,faqqad,True,6,6,0-9,0-9,arabic_harakat
عَلَّامِة,3allaame,3allaame,True,9,8,0-9,0-9,arabic_harakat
يمَتِّع,ymatti3,ymatti3,True,7,7,0-9,0-9,arabic_harakat
مِسْوَدِّة,miswadde,miswadde,True,10,8,10-19,0-9,arabic_harakat
تْمَرْمَغ,tmarmagh,tmarmagh,True,9,8,0-9,0-9,arabic_harakat
يِتْصَرْمَح,yitsarma7,yitsarma7,True,11,9,10-19,0-9,arabic_harakat
فَوق,fooq,fooq,True,4,4,0-9,0-9,arabic_harakat
مْسَلْوَعَة,msalwa3a,msalwa3a,True,11,8,10-19,0-9,arabic_harakat
اُشْكُر,2ushkur,2ushkur,True,7,7,0-9,0-9,arabic_harakat
لَطْشِة,latshe,latshe,True,7,6,0-9,0-9,arabic_harakat
رَجْفِة,rajfe,rajfe,True,7,5,0-9,0-9,arabic_harakat
نَاسِب,naasib,naasib,True,6,6,0-9,0-9,arabic_harakat
اِزْرُك,2izrutsh,2izrutsh,True,7,8,0-9,0-9,arabic_harakat
طَلْعَة,tal3a,tal3a,True,7,5,0-9,0-9,arabic_harakat
وِذِف,widhif,wizif,False,5,6,0-9,0-9,arabic_harakat
اِتْرَقْوَص,2itraqwas,2itraqwas,True,11,9,10-19,0-9,arabic_harakat
سِمْسِمَة,simsime,simsame,False,9,7,0-9,0-9,arabic_harakat
تَبَاهِي,tabaahi,tabaahi,True,8,7,0-9,0-9,arabic_harakat
زَرَاوِيِّة,zaraawiyye,zaraawiyye,True,11,10,10-19,10-19,arabic_harakat
كَائِن,kaa2in,kaa2in,True,6,6,0-9,0-9,arabic_harakat
مُرِيح,murii7,murii7,True,6,6,0-9,0-9,arabic_harakat
تْجَهَّل,tjahhal,tjahhal,True,8,7,0-9,0-9,arabic_harakat
فُؤُوس,fu2uus,fu2uus,True,6,6,0-9,0-9,arabic_harakat
اِنْكَسَف,2inkasaf,2inkasaf,True,9,8,0-9,0-9,arabic_harakat
فِيشِة,fiishe,fiishe,True,6,6,0-9,0-9,arabic_harakat
مْصَدِّي,msaddi,msaddi,True,8,6,0-9,0-9,arabic_harakat
إِمْلَاء,2imlaa2,2imlaa2,True,8,7,0-9,0-9,arabic_harakat
وَرْوَر,warwar,warwar,True,7,6,0-9,0-9,arabic_harakat
اِجْعَط,2idj3at,2ij3at,False,7,7,0-9,0-9,arabic_harakat
صَافي يَا لبن,saafi yaa laban,saafi 2ilbeen,False,13,15,10-19,10-19,arabic_harakat
غَنَج,ghanaj,ghanaj,True,5,6,0-9,0-9,arabic_harakat
يحَصِّل,y7assil,y7assil,True,7,7,0-9,0-9,arabic_harakat
قَطِيعَة,qatii3a,qatii3a,True,8,7,0-9,0-9,arabic_harakat
يِسْتَعْصِي,yista3si,yista3si,True,11,8,10-19,0-9,arabic_harakat
يِيَتِّم,2iyyattim,yiyyatim,False,8,9,0-9,0-9,arabic_harakat
اِتْعَالَق,2it3aalaq,2it3aalaq,True,10,9,10-19,0-9,arabic_harakat
زُكَام,zukaam,zukaam,True,6,6,0-9,0-9,arabic_harakat
كْبُوش,kbuush,kbuush,True,6,6,0-9,0-9,arabic_harakat
حَاش,7aash,7aash,True,4,5,0-9,0-9,arabic_harakat
ينَكِّل,ynakkil,ynakkil,True,7,7,0-9,0-9,arabic_harakat
مْرَاوْبِة,mraawbe,mraawbe,True,10,7,10-19,0-9,arabic_harakat
قَلَقَان,qalaqaan,qalaqaan,True,8,8,0-9,0-9,arabic_harakat
مِتْنَصِّل,mitnassil,mitnassil,True,10,9,10-19,0-9,arabic_harakat
يلعب دور الضَّحِيِّة,yil3ab door 2idda7iyye,yil3abu durriyye 7adde,False,20,22,20-29,20-29,arabic_harakat
فُوش,fuush,fuush,True,4,5,0-9,0-9,arabic_harakat
سَخْطَة,sakhata,sakhta,False,7,7,0-9,0-9,arabic_harakat
يِلْتَغِي,yiltaghi,yiltaghi,True,9,8,0-9,0-9,arabic_harakat
اِحْتِرِف,2i7tirif,2i7tirif,True,9,8,0-9,0-9,arabic_harakat
رِجَال,rijaal,rijaal,True,6,6,0-9,0-9,arabic_harakat
يِتْمَانَح,yitmaana7,yitmaana7,True,10,9,10-19,0-9,arabic_harakat
مْكَيكِح,mkeeki7,mkeeki7,True,8,7,0-9,0-9,arabic_harakat
لُعَب,lu3ab,lu3ab,True,5,5,0-9,0-9,arabic_harakat
مُجْتَهِد,mujtahid,mujtahid,True,9,8,0-9,0-9,arabic_harakat
دَنِّي,danni,danni,True,6,5,0-9,0-9,arabic_harakat
يدَومِح,ydoomi7,ydoomi7,True,7,7,0-9,0-9,arabic_harakat
مَوَاسِرْجِي,mawaasirji,mawaasirji,True,12,10,10-19,10-19,arabic_harakat
يفَرِّك,yfarrik,yfarrik,True,7,7,0-9,0-9,arabic_harakat
اِنْشِوِي,2inshiwi,2inshiwi,True,9,8,0-9,0-9,arabic_harakat
يِنْطَجّ,yintajj,yintajj,True,8,7,0-9,0-9,arabic_harakat
أَكل ومرعى وقلة صنعة,2akil wumar3a wuqillet san3a,2akl wumar3a wusala qan3a,False,20,28,20-29,20-29,arabic_harakat
اِتْقَبَّص,yitqabbas,2itqabbas,False,10,9,10-19,0-9,arabic_harakat
لَطِّع,latti3,latti3,True,6,6,0-9,0-9,arabic_harakat
نَقَّار الخَشَب,naqqaar 2ilkhashab,naqqaar 2ilkhashab,True,15,18,10-19,10-19,arabic_harakat
تْلَوَّع,tlawwa3,tlawwa3,True,8,7,0-9,0-9,arabic_harakat
اِتْحَوبَش,2it7oobash,2it7oobash,True,10,10,10-19,10-19,arabic_harakat
الله لَا يكَسِّبَك,2alla laa kasbak,2alla laa yikkasib,False,18,16,10-19,10-19,arabic_harakat
يفَرِّش,yfarrish,yfarrish,True,7,8,0-9,0-9,arabic_harakat
عَصَا مُوسَى,3asa muusa,3asa muusa,True,12,10,10-19,10-19,arabic_harakat
نَاضِب,naadib,naadib,True,6,6,0-9,0-9,arabic_harakat
مَقْلَب,maqlab,maqlab,True,7,6,0-9,0-9,arabic_harakat
حَيِّر,7ayyir,7ayyir,True,6,6,0-9,0-9,arabic_harakat
خَفَّف,khaffaf,khaffaf,True,6,7,0-9,0-9,arabic_harakat
يفَقْفِق,yfaqfiqyfa2fi2,yfaqfiq,False,8,14,0-9,10-19,arabic_harakat
هَامِل,haamil,haamil,True,6,6,0-9,0-9,arabic_harakat
يِسْتَوْجِب,yistawjib,yistawjib,True,11,9,10-19,0-9,arabic_harakat
مِكْوَجي,mikwaji,mikwaji,True,8,7,0-9,0-9,arabic_harakat
قَعِّد,qa33id,qa33id,True,6,6,0-9,0-9,arabic_harakat
يِلْهِي,yilhi,yilhi,True,7,5,0-9,0-9,arabic_harakat
عُظَمَاء,3uzamaa2,3uzamaa2,True,8,8,0-9,0-9,arabic_harakat
يهَطْبِل,yhatbil,yhatbil,True,8,7,0-9,0-9,arabic_harakat
فلت عليه الضحك,filit 3alee 2iddi7ik,falat 3alee 2iddak,False,14,20,10-19,20-29,arabic_harakat
يِحْفَظ,yi7faz,yi7faz,True,7,6,0-9,0-9,arabic_harakat
جُرُب,jurub,jurub,True,5,5,0-9,0-9,arabic_harakat
مْقَشْنِط,mqashnit,mqashnit,True,9,8,0-9,0-9,arabic_harakat
تِينِة,tiine,tiine,True,6,5,0-9,0-9,arabic_harakat
هِدَم,hidam,hidam,True,5,5,0-9,0-9,arabic_harakat
نِسْنَاس,nisnaas,nisnaas,True,8,7,0-9,0-9,arabic_harakat
مَعَازِيم,ma3aaziim,ma3aaziim,True,9,9,0-9,0-9,arabic_harakat
مُنْتَخَب,muntakhab,muntakhab,True,9,9,0-9,0-9,arabic_harakat
تَقْيِيم,taqyiim,taqyiim,True,8,7,0-9,0-9,arabic_harakat
هَيلَمْجِي,heelamji,haylamji,False,10,8,10-19,0-9,arabic_harakat
سَلَاعِيس,salaa3iis,salaa3iis,True,9,9,0-9,0-9,arabic_harakat
اِنْخِدِع,2inkhidi3,2inkhidi3,True,9,9,0-9,0-9,arabic_harakat
عَوَاينِي,3awaayni,3awaayni,True,9,8,0-9,0-9,arabic_harakat
يِتْلَقْوَط,yitla2wat,yitlaqwat,False,11,9,10-19,0-9,arabic_harakat
تَقْصِيعَة,taqsii3a,taqsii3a,True,10,8,10-19,0-9,arabic_harakat
جَرّ إِجْرُه,jarr 2ijro,jarr 2ijro,True,12,10,10-19,10-19,arabic_harakat
يقَدِّم,yqaddim,yqaddim,True,7,7,0-9,0-9,arabic_harakat
مَرَق,maraq,maraq,True,5,5,0-9,0-9,arabic_harakat
مْفَحْلَل,mfa7lal,mfa7lal,True,9,7,0-9,0-9,arabic_harakat
اِنْجَاب,2injaab,2injaab,True,8,7,0-9,0-9,arabic_harakat
يِرْتِبِك,yirtibik,yirtibik,True,9,8,0-9,0-9,arabic_harakat
جَابْنِي عَمَلا وِجْهِي,jaabni 3amala wijhi,jaabni 3ami walaji,False,23,19,20-29,10-19,arabic_harakat
الحَيِّة مَابِتْصِير خَيِّة,2il7ayye maa bitsiir khayye,2il7eet maa bisskheeriyye,False,27,27,20-29,20-29,arabic_harakat
يْآيِس,y2aayis,y2aayis,True,6,7,0-9,0-9,arabic_harakat
اِنْشَكَل,2inshakal,2inshakal,True,9,9,0-9,0-9,arabic_harakat
اِتْقَزَّع,2itqkazza3,2itqazza3,False,10,10,10-19,10-19,arabic_harakat
يِتْفَرْفَك,yitfarfak,yitfarfak,True,11,9,10-19,0-9,arabic_harakat
يِنْزَع,yinza3,yinza3,True,7,6,0-9,0-9,arabic_harakat
قِلَادِة,qkilaade,qilaade,False,8,8,0-9,0-9,arabic_harakat
حَرَامِيِّة,7araamiyye,7araamiyye,True,11,10,10-19,10-19,arabic_harakat
قَابِر,qaabir,qaabir,True,6,6,0-9,0-9,arabic_harakat
فَضْفِض,fadfid,fadfid,True,7,6,0-9,0-9,arabic_harakat
خِسِر,khisir,khisir,True,5,6,0-9,0-9,arabic_harakat
حَلْمَز,7almaz,7almaz,True,7,6,0-9,0-9,arabic_harakat
مِين قَدَّك,miin qaddik,min qaddak,False,11,11,10-19,10-19,arabic_harakat
جَنِّط,jannit,jannit,True,6,6,0-9,0-9,arabic_harakat
يُجْرُد,yujrud,yujrud,True,7,6,0-9,0-9,arabic_harakat
اِسْتِرْحَام,2istir7aam,2istir7aam,True,12,10,10-19,10-19,arabic_harakat
اِتْدَهْلَز,2iddahlaz,2iddahlaz,True,11,9,10-19,0-9,arabic_harakat
إِنْصَاف,2insaaf,2insaaf,True,8,7,0-9,0-9,arabic_harakat
لِتِر,litir,litir,True,5,5,0-9,0-9,arabic_harakat
كَزَالِك,tshazaalitsh,kazaalik,False,8,12,0-9,10-19,arabic_harakat
نَسَّاس,nassaas,nassaas,True,7,7,0-9,0-9,arabic_harakat
نَطَّز,nattaz,nattaz,True,6,6,0-9,0-9,arabic_harakat
شَامِة,shaame,shaame,True,6,6,0-9,0-9,arabic_harakat
مُحَاسَبِة قضَائية,mu7aasabe qadaa2iyye,mu7aasabit qadaaye,False,18,20,10-19,20-29,arabic_harakat
اِبِن نَاس,2ibin naas,2ibin naas,True,10,10,10-19,10-19,arabic_harakat
شَرْعِيِّة,shar3iyye,shar3iyye,True,10,9,10-19,0-9,arabic_harakat
يِزْغِل,yizghil,yizghil,True,7,7,0-9,0-9,arabic_harakat
ثَلِج,talij,talij,True,5,5,0-9,0-9,arabic_harakat
بَسْبُوسِة,basbuuse,basbuuse,True,10,8,10-19,0-9,arabic_harakat
فَعْكُوش,fa3kuush,fa3kuush,True,8,8,0-9,0-9,arabic_harakat
يِنْتِقِي,yintiqi,yintiqi,True,9,7,0-9,0-9,arabic_harakat
اِنْفَعَص,2infa3as,2infa3as,True,9,8,0-9,0-9,arabic_harakat
نَاقِر ونقير,naaqir winqiir,naaqir wuniqr,False,12,14,10-19,10-19,arabic_harakat
يحَلْحَل زِرِدهُم,y7al7il ziridhum,y7al7al zilidhum,False,17,16,10-19,10-19,arabic_harakat
دَرَس,daras,daras,True,5,5,0-9,0-9,arabic_harakat
بتلعب عَالحبلين,btil3ab 3al7ableen,bitli3 bil3a7alin,False,15,18,10-19,10-19,arabic_harakat
لَيَّص,layyas,layyas,True,6,6,0-9,0-9,arabic_harakat
حَرَّف,7arraf,7arraf,True,6,6,0-9,0-9,arabic_harakat
مَلِيح,malii7,malii7,True,6,6,0-9,0-9,arabic_harakat
قَصَد,qasad,qasad,True,5,5,0-9,0-9,arabic_harakat
المَيِّة بتِمْشِي من تَحِت إِجْرَيه,2ilmayy btimshi min ta7it 2ijree,2ilmeert bit7a miin sheeth mii 2ijmiiil miii 7thayyy,False,35,32,30-39,30-39,arabic_harakat
كَرَّز,karraz,karraz,True,6,6,0-9,0-9,arabic_harakat
نَغَّش,naghghash,naghghash,True,6,9,0-9,0-9,arabic_harakat
سَقِيم,saqiim,saqiim,True,6,6,0-9,0-9,arabic_harakat
حَالُوشِة,7aaluushe,7aaluushe,True,9,9,0-9,0-9,arabic_harakat
حَمَد,7amad,7amad,True,5,5,0-9,0-9,arabic_harakat
مْكَنَّع,mtshanna3,mkanna3,False,8,9,0-9,0-9,arabic_harakat
أَعْلَام,2a3laam,2a3laam,True,8,7,0-9,0-9,arabic_harakat
مِتْزَعْزِع,mitza3zi3,mitza3zi3,True,11,9,10-19,0-9,arabic_harakat
يطَرْمِخ,ytarmikh,ytarmikh,True,8,8,0-9,0-9,arabic_harakat
تْزَنْطَر,tzantar,tzantar,True,9,7,0-9,0-9,arabic_harakat
مَلَاعِق,malaa3iq,malaa3iq,True,8,8,0-9,0-9,arabic_harakat
دَبَّر,dabbar,dabbar,True,6,6,0-9,0-9,arabic_harakat
رَوِّس,rawwis,rawwis,True,6,6,0-9,0-9,arabic_harakat
لُوف,luuf,luuf,True,4,4,0-9,0-9,arabic_harakat
اِرْتَاح,2irtaa7,2irtaa7,True,8,7,0-9,0-9,arabic_harakat
خَطِّئ,khatti2,khatti2,True,6,7,0-9,0-9,arabic_harakat
اِتْفَلَّت,2itfallat,2itfallat,True,10,9,10-19,0-9,arabic_harakat
نَقَر رَاسي,naqar raasi,naqar raasi,True,11,11,10-19,10-19,arabic_harakat
اِتْصَرْبَع,2itsarba3,2itsarba3,True,11,9,10-19,0-9,arabic_harakat
صَنّ,sannat,sann,False,4,6,0-9,0-9,arabic_harakat
يحَسِّس,y7assis,y7assis,True,7,7,0-9,0-9,arabic_harakat
اِفْقِس,2ifqis,2ifqis,True,7,6,0-9,0-9,arabic_harakat
يِنْرِصِد,yinrisid,yinrisid,True,9,8,0-9,0-9,arabic_harakat
سَيَّاح,sayyaa7,sayyaa7,True,7,7,0-9,0-9,arabic_harakat
يخَنْشِر,ykhanshir,ykhanshir,True,8,9,0-9,0-9,arabic_harakat
نَشَق,nashaq,nashaq,True,5,6,0-9,0-9,arabic_harakat
تْقَنْدَر,tqkandar,tqandar,False,9,8,0-9,0-9,arabic_harakat
تْنَفَّخ,tnaffakh,tnaffakh,True,8,8,0-9,0-9,arabic_harakat
حَشِّي,7ashshi,7ashshi,True,6,7,0-9,0-9,arabic_harakat
خَلِيل,khaliil,khaliil,True,6,7,0-9,0-9,arabic_harakat
مَنَاكِير,manaakiir,manaakiir,True,9,9,0-9,0-9,arabic_harakat
اِسْتِدْرَاج,2istadraaj,2istidraaj,False,12,10,10-19,10-19,arabic_harakat
حَزَّم,7azzam,7azzam,True,6,6,0-9,0-9,arabic_harakat
تْمَتَّق,tmattaqk2,tmattaqk,False,8,9,0-9,0-9,arabic_harakat
مْخَدَّر,mkhaddar,mkhaddar,True,8,8,0-9,0-9,arabic_harakat
يوِرّ,ywirr,ywirr,True,5,5,0-9,0-9,arabic_harakat
اِسْتِحْمَال,2isti7maal,2isti7maal,True,12,10,10-19,10-19,arabic_harakat
يِقْحَف,yiqk7af,yiq7af,False,7,7,0-9,0-9,arabic_harakat
اِنْزَنِق,2inzaniq,2inzaniq,True,9,8,0-9,0-9,arabic_harakat
خَلَّل,khallal,khallal,True,6,7,0-9,0-9,arabic_harakat
مَطْمِط,matmit,matmit,True,7,6,0-9,0-9,arabic_harakat
اِتْنَفَّل,2itnaffal,2itnaffal,True,10,9,10-19,0-9,arabic_harakat
أَلْقى,2alqa,2alqa,True,6,5,0-9,0-9,arabic_harakat
مْخَمَّسِيِّة,mkhammasiyye,mkhammasiyye,True,13,12,10-19,10-19,arabic_harakat
خَرْفَن,kharfan,kharfan,True,7,7,0-9,0-9,arabic_harakat
فلِترقُد روحُه بسلَام,faltarqud roo7o bisalaam,filitruq daruus ma7abo,False,21,24,20-29,20-29,arabic_harakat
اِنْغِمِس,2inghimis,2inghimis,True,9,9,0-9,0-9,arabic_harakat
اِنْقِطِب,2inqitib,2inqitib,True,9,8,0-9,0-9,arabic_harakat
مْزَعْزَع,mza3za3,mza3za3,True,9,7,0-9,0-9,arabic_harakat
نَقْنِيق,nakniik,naqniiq,False,8,7,0-9,0-9,arabic_harakat
يِنْقِزِع,yinqkizi3,yinqizi3,False,9,9,0-9,0-9,arabic_harakat
حِرْفِة يَدَوِيِّة,7irfe yadawiyye,7irfe dawiyye,False,18,15,10-19,10-19,arabic_harakat
مْجَنَّد,mjannad,mjannad,True,8,7,0-9,0-9,arabic_harakat
ذَهِّب,dahhib,dahhib,True,6,6,0-9,0-9,arabic_harakat
قَشْفَل,qkashfal,qashfal,False,7,8,0-9,0-9,arabic_harakat
ضَيَاع,dayaa3,dayaa3,True,6,6,0-9,0-9,arabic_harakat
قَزْمَة,qizam,qazma,False,7,5,0-9,0-9,arabic_harakat
طَاحِن,taa7in,taa7in,True,6,6,0-9,0-9,arabic_harakat
طَاق,taaq,taaq,True,4,4,0-9,0-9,arabic_harakat
نَادِب,naadib,naadib,True,6,6,0-9,0-9,arabic_harakat
طَوِّر,tawwir,tawwir,True,6,6,0-9,0-9,arabic_harakat
اِفْتَرَض,2iftarad,2iftarad,True,9,8,0-9,0-9,arabic_harakat
حَسَكِة,7asake,7asake,True,7,6,0-9,0-9,arabic_harakat
مَشْلُول,mashluul,mashluul,True,8,8,0-9,0-9,arabic_harakat
اِتْعَابَط,2it3aabat,2it3aabat,True,10,9,10-19,0-9,arabic_harakat
اِسْتِدْلَال,2istidlaal,2istidlaal,True,12,10,10-19,10-19,arabic_harakat
يِتْمَرْجَح,yitmarja7,yitmarja7,True,11,9,10-19,0-9,arabic_harakat
اُوعَى,2uu3a,2uu3a,True,6,5,0-9,0-9,arabic_harakat
حِبَرَة,7ibara,7ibara,True,7,6,0-9,0-9,arabic_harakat
اِنْكِحِش,yinki7ish,2inki7ish,False,9,9,0-9,0-9,arabic_harakat
يِتْعَافَى,yit3aafa,yit3aafa,True,10,8,10-19,0-9,arabic_harakat
سَرِّب,sarrib,sarrib,True,6,6,0-9,0-9,arabic_harakat
يِهْرَم,yihram,yihram,True,7,6,0-9,0-9,arabic_harakat
اِصْطَبِح,2istabi7,2istabi7,True,9,8,0-9,0-9,arabic_harakat
اِنْوِش,2inwish,2inwish,True,7,7,0-9,0-9,arabic_harakat
طْهُور,thuur,thuur,True,6,5,0-9,0-9,arabic_harakat
كْبِير,kbiir,kbiir,True,6,5,0-9,0-9,arabic_harakat
مَرَّق,marraq,marraq,True,6,6,0-9,0-9,arabic_harakat
تْخَرْبَش,tkharbash,tkharbash,True,9,9,0-9,0-9,arabic_harakat
هَاشِل,haashil,haashil,True,6,7,0-9,0-9,arabic_harakat
شَقْرَمِة,shaqkrame,shaqkrame,True,9,9,0-9,0-9,arabic_harakat
اِرْتِجَالِي,2irtijaali,2irtijaali,True,12,10,10-19,10-19,arabic_harakat
وَسَعَة,wasa3a,wasa3a,True,7,6,0-9,0-9,arabic_harakat
مْمَرْمَغ,2immarmagh,mmgharmagh,False,9,10,0-9,10-19,arabic_harakat
تَمَنْهَا,tamanha,tamanha,True,9,7,0-9,0-9,arabic_harakat
اِفْضَى,2ifda,2ifda,True,7,5,0-9,0-9,arabic_harakat
أُذُونِة,2uzuune,2uduune,False,8,7,0-9,0-9,arabic_harakat
مَاجِسْتِير,maajistiir,maajistiir,True,11,10,10-19,10-19,arabic_harakat
يِتْقَلَّى,yitqalla,yitqalla,True,10,8,10-19,0-9,arabic_harakat
يثَوِّر,ythawwir,ytawwir,False,7,8,0-9,0-9,arabic_harakat
مَرْبَح,marba7,marba7,True,7,6,0-9,0-9,arabic_harakat
مُون,muun,muun,True,4,4,0-9,0-9,arabic_harakat
هَيْكَلِيِّة,haykaliyye,haykaliyye,True,12,10,10-19,10-19,arabic_harakat
نَكْبِة,nakbe,nakbe,True,7,5,0-9,0-9,arabic_harakat
اِدْلِف,2idlif,2idlif,True,7,6,0-9,0-9,arabic_harakat
عُبُي,3ubi,3ubu,False,5,4,0-9,0-9,arabic_harakat
يِتْحَدَّى,yit7adda,yit7adda,True,10,8,10-19,0-9,arabic_harakat
اِتْهَبَّل,2ithabbal,2ithabbal,True,10,9,10-19,0-9,arabic_harakat
اِتْخَوَّش,2itkhawwash,2itkhawwash,True,10,11,10-19,10-19,arabic_harakat
يوَصِّى,ywassi,ywassi,True,7,6,0-9,0-9,arabic_harakat
سَنِة عن سَنِة,sane 3an sane,sanit 3anase,False,14,13,10-19,10-19,arabic_harakat
جَلِّل,jallil,jallil,True,6,6,0-9,0-9,arabic_harakat
فَتَح عَلَي بَاب,fata7 3alay baab,fata7 3aleeb,False,16,16,10-19,10-19,arabic_harakat
مَرْجَلِة,marjale,marjale,True,9,7,0-9,0-9,arabic_harakat
حُثَالِة,7usaale,7uthaale,False,8,7,0-9,0-9,arabic_harakat
اِنْجَرَد,2injarad,2injarad,True,9,8,0-9,0-9,arabic_harakat
مَحْمُوق,ma7muuq,ma7muuq,True,8,7,0-9,0-9,arabic_harakat
بَاب المَشَاكِل,baab 2ilmashaakil,baab 2ilmashakil,False,15,17,10-19,10-19,arabic_harakat
دَوَش,dawash,dooshash,False,5,6,0-9,0-9,arabic_harakat
لبن نْعَاج,laban n3aaj,labn 3aaj,False,10,11,10-19,10-19,arabic_harakat
شَاشِة,shaashe,shaashe,True,6,7,0-9,0-9,arabic_harakat
سَلَّى,salla,salla,True,6,5,0-9,0-9,arabic_harakat
يِنْخِشِم,yinkhishim,yinkhishim,True,9,10,0-9,10-19,arabic_harakat
تْزَعْرَن,tza3ran,tza3ran,True,9,7,0-9,0-9,arabic_harakat
اِتْقَنْعَر,2itqan3ar,2itqan3ar,True,11,9,10-19,0-9,arabic_harakat
نَشِيط,nashiit,nashiit,True,6,7,0-9,0-9,arabic_harakat
رَجَّل,rajjal,rajjal,True,6,6,0-9,0-9,arabic_harakat
تَضْحِيِة,tad7iye,tad7iye,True,9,7,0-9,0-9,arabic_harakat
يمِزّ,ymizz,ymizz,True,5,5,0-9,0-9,arabic_harakat
هَئَّيتِة,ha22eete,ha22eete,True,9,8,0-9,0-9,arabic_harakat
يِهْمَط,yihmat,yihmat,True,7,6,0-9,0-9,arabic_harakat
يِفْضَح,yifda7,yifda7,True,7,6,0-9,0-9,arabic_harakat
يِسْتَنْكِف,yistankif,yistankif,True,11,9,10-19,0-9,arabic_harakat
يِلْتِقِي,yiltiqi,yiltiqi,True,9,7,0-9,0-9,arabic_harakat
جَمَع,jama3,jama3,True,5,5,0-9,0-9,arabic_harakat
ضَعِف,da3if,da3if,True,5,5,0-9,0-9,arabic_harakat
غَبَرَة,ghabara,ghabara,True,7,7,0-9,0-9,arabic_harakat
يِتْخَاذَل,yitkhaazal,yitkhaazal,True,10,10,10-19,10-19,arabic_harakat
كَمْكَر,tshamtshir,kamkar,False,7,10,0-9,10-19,arabic_harakat
دَزِّينِة,dazziine,dazziine,True,9,8,0-9,0-9,arabic_harakat
كْبَار,kbaar,kbaar,True,6,5,0-9,0-9,arabic_harakat
يفَلِّي,yfalli,yfalli,True,7,6,0-9,0-9,arabic_harakat
كَفِيل,kafiil,kafiil,True,6,6,0-9,0-9,arabic_harakat
مَشَكّ,mashakk,mashshak,False,6,7,0-9,0-9,arabic_harakat
اِتْرُس,2utrus,2itrus,False,7,6,0-9,0-9,arabic_harakat
تْرَمَّل,trammal,trammal,True,8,7,0-9,0-9,arabic_harakat
لو تشجر للسمَا,law tshajjir lassama,loot shirij 2ilmusm,False,14,20,10-19,20-29,arabic_harakat
صَرَف,saraf,saraf,True,5,5,0-9,0-9,arabic_harakat
مَرَّن,marran,marran,True,6,6,0-9,0-9,arabic_harakat
ضَحِّي,da77i,da77i,True,6,5,0-9,0-9,arabic_harakat
كِبْرِيتِة,kibriite,kibriite,True,10,8,10-19,0-9,arabic_harakat
يتِلّ,ytill,ytill,True,5,5,0-9,0-9,arabic_harakat
هَالأشْكَال,hal2ashkaal,haalshaak,False,11,11,10-19,10-19,arabic_harakat
أُخُت,2ukhut,2ukhut,True,5,6,0-9,0-9,arabic_harakat
يِفْتِقِد,yiftiqid,yiftiqid,True,9,8,0-9,0-9,arabic_harakat
يِتْنَاقَض,yitnaaqad,yitnaaqad,True,10,9,10-19,0-9,arabic_harakat
يِتْخَبْثَن,yitkhabsan,yitkhabsan,True,11,10,10-19,10-19,arabic_harakat
مْآنَسِة,m2aanase,m2aanase,True,8,8,0-9,0-9,arabic_harakat
نَعِف,na3if,na3if,True,5,5,0-9,0-9,arabic_harakat
أَدْمَن,2adman,2adman,True,7,6,0-9,0-9,arabic_harakat
يرَبْعِن,yrab3in,yrab3in,True,8,7,0-9,0-9,arabic_harakat
اِنْشَهَر,2inshahar,2inshahar,True,9,9,0-9,0-9,arabic_harakat
اِلْتِمِس,2iltimis,2iltimis,True,9,8,0-9,0-9,arabic_harakat
تَوْفِير,tawfiir,tawfiir,True,8,7,0-9,0-9,arabic_harakat
تْفَطَّن,tfattan,tfattan,True,8,7,0-9,0-9,arabic_harakat
يفَلِّق,yfalliq,yfalliq,True,7,7,0-9,0-9,arabic_harakat
شَدَّد,shaddad,shaddad,True,6,7,0-9,0-9,arabic_harakat
مْفَرِّع,mfarri3,mfarri3,True,8,7,0-9,0-9,arabic_harakat
يِسْتَوْفِي,yistawfi,yistawfi,True,11,8,10-19,0-9,arabic_harakat
الهوَا بيِسْفَح سَفِح,2ilhawa byisfa7 safi7,2ilwaa byisfa7 fasi7,False,21,21,20-29,20-29,arabic_harakat
يُحْرُك,yu7ruk,yu7ruk,True,7,6,0-9,0-9,arabic_harakat
غَصِّب,ghassib,ghassib,True,6,7,0-9,0-9,arabic_harakat
يِسْتَزْحِم,yistaz7im,yistaz7im,True,11,9,10-19,0-9,arabic_harakat
اِقْتَرَع,2iqtara3,2iqtara3,True,9,8,0-9,0-9,arabic_harakat
اِحْلِف,2i7lif,2i7lif,True,7,6,0-9,0-9,arabic_harakat
يخَيِّس,ykhayyis,ykhayyis,True,7,8,0-9,0-9,arabic_harakat
مِقْرِش,miqrish,miqrish,True,7,7,0-9,0-9,arabic_harakat
طَنّ,tann,tann,True,4,4,0-9,0-9,arabic_harakat
اِتْفَاقَم,2itfaaqam,2itfaaqam,True,10,9,10-19,0-9,arabic_harakat
جَرْجِح,djardji7,jardji7,False,7,8,0-9,0-9,arabic_harakat
يِسْتَحِيل,yista7iil,yista7iil,True,10,9,10-19,0-9,arabic_harakat
مِكْثَا,miktha,miktaak,False,7,6,0-9,0-9,arabic_harakat
فَاتك نص عمرك,faatak nus 3umrak,faatak san 3umrak,False,13,17,10-19,10-19,arabic_harakat
فِضَّة,fidda,fidda,True,6,5,0-9,0-9,arabic_harakat
اُزْطُم,2uztum,2uztum,True,7,6,0-9,0-9,arabic_harakat
مْهَنْدَم,mhandam,mhandam,True,9,7,0-9,0-9,arabic_harakat
سَرْسَرِيِّة,sarsariyye,sarsariyye,True,12,10,10-19,10-19,arabic_harakat
حَنِّي,7anni,7anni,True,6,5,0-9,0-9,arabic_harakat
كَلِّف,kallif,kallif,True,6,6,0-9,0-9,arabic_harakat
يلَعِّي,yla33i,yla33i,True,7,6,0-9,0-9,arabic_harakat
هَالحِين,hal7iin,haali7in,False,8,7,0-9,0-9,arabic_harakat
حَاضِر,7aadir,7aadir,True,6,6,0-9,0-9,arabic_harakat
سِتّ راسَك,sitt raasak,sitt raasak,True,10,11,10-19,10-19,arabic_harakat
اِدِّخِر,2iddikhir,2iddikhir,True,8,9,0-9,0-9,arabic_harakat
يِغْزو,yighzu,yighzu,True,6,6,0-9,0-9,arabic_harakat
يِتْلَاحَم,yitlaa7am,yitlaa7am,True,10,9,10-19,0-9,arabic_harakat
جَوَانِح,jawaani7,jawaani7,True,8,8,0-9,0-9,arabic_harakat
هَمِّر,hammir,hammir,True,6,6,0-9,0-9,arabic_harakat
مْقَارَعَة,mqaara3a,mqaara3a,True,10,8,10-19,0-9,arabic_harakat
اِنْسِحَاب,2insi7aab,2insi7aab,True,10,9,10-19,0-9,arabic_harakat
يكَفِّت,ykaffit,ykaffit,True,7,7,0-9,0-9,arabic_harakat
يشِلّ,yshill,yshill,True,5,6,0-9,0-9,arabic_harakat
كَعْمَش,ka3mash,ka3mash,True,7,7,0-9,0-9,arabic_harakat
يقَلِّع,yqalli3,yqalli3,True,7,7,0-9,0-9,arabic_harakat
اُخْلُق,2ukhluq,2ukhluq,True,7,7,0-9,0-9,arabic_harakat
اِرْتِكِز,2irtikiz,2irtikiz,True,9,8,0-9,0-9,arabic_harakat
لَتَّات,lattaat,lattaat,True,7,7,0-9,0-9,arabic_harakat
مْرَكِّز,mrakkiz,mrakkiz,True,8,7,0-9,0-9,arabic_harakat
اِسْتَشْهَادي,2istishhaadi,2istashhaad,False,13,12,10-19,10-19,arabic_harakat
غَسَّالِة حوضين,ghassaalit 7oodeen,ghassaalit 7adiniyyoo,False,15,18,10-19,10-19,arabic_harakat
يهَودِل,yhoodil,yhoodil,True,7,7,0-9,0-9,arabic_harakat
يِتْجَوَّل,yitjawwal,yitjawwal,True,10,9,10-19,0-9,arabic_harakat
يِبْرُط,yibrut,yibrut,True,7,6,0-9,0-9,arabic_harakat
اِتْنَظَّم,2itnazzam,2itnazzam,True,10,9,10-19,0-9,arabic_harakat
كَرَز أخْضر,karaz 2akhdar,karaz zkhur,False,11,13,10-19,10-19,arabic_harakat
حَلْقَة شعر,7alqit sha3ar,7alqa sh3ara,False,11,13,10-19,10-19,arabic_harakat
اِتْلَقَّم,2itlaqqam,2itlaqqam,True,10,9,10-19,0-9,arabic_harakat
يِفْرِش,yifrish,yifrish,True,7,7,0-9,0-9,arabic_harakat
رَيَّل,rayyal,rayyal,True,6,6,0-9,0-9,arabic_harakat
قَلَْقَان,qalqaan,qalqaan,True,9,7,0-9,0-9,arabic_harakat
رُطَب,rutab,rutab,True,5,5,0-9,0-9,arabic_harakat
سْنِيف,sniif,sniif,True,6,5,0-9,0-9,arabic_harakat
أَفْخَاخ,2afkhaakh,2afkhaakh,True,8,9,0-9,0-9,arabic_harakat
اِتْنَشَّط,2itnashshat,2itnashshat,True,10,11,10-19,10-19,arabic_harakat
مَلْعَب,mal3ab,mal3ab,True,7,6,0-9,0-9,arabic_harakat
يتْدَخَّل,yiddakhkhal,yiddakhkhal,True,9,11,0-9,10-19,arabic_harakat
ضَوَى,dawa,dawa,True,5,4,0-9,0-9,arabic_harakat
سمعته نْظِيفِة,sum3ito ndiife,sam3ato niidife,False,14,14,10-19,10-19,arabic_harakat
يِنْزِرِب,yinzirib,yinzirib,True,9,8,0-9,0-9,arabic_harakat
يِتْدَرْكَم,yiddartsham,yiddarkam,False,11,11,10-19,10-19,arabic_harakat
يِلْحَق,yil7aq,yil7aq,True,7,6,0-9,0-9,arabic_harakat
فَلَسْطِين,falastiin,falastiin,True,10,9,10-19,0-9,arabic_harakat
جَرَادِين,jaraadiin,jaradiin,False,9,9,0-9,0-9,arabic_harakat
يكَبْكِب,ykabkib,ykabkib,True,8,7,0-9,0-9,arabic_harakat
بَزَّق,bazzaq,bazzaq,True,6,6,0-9,0-9,arabic_harakat
يِنْجِرِد,yinjirid,yinjirid,True,9,8,0-9,0-9,arabic_harakat
يضَلِّل,ydallil,ydallil,True,7,7,0-9,0-9,arabic_harakat
قْلَابِة,qlaabe,qlaabe,True,8,6,0-9,0-9,arabic_harakat
اِنْصَح,2insa7,2insa7,True,7,6,0-9,0-9,arabic_harakat
خِسِّة,khisse,khisse,True,6,6,0-9,0-9,arabic_harakat
جَلَابِيب,jalaabiib,jalaabiib,True,9,9,0-9,0-9,arabic_harakat
مَكْتَب,maktab,maktab,True,7,6,0-9,0-9,arabic_harakat
يبَعْبِص,yba3bis,yba3bis,True,8,7,0-9,0-9,arabic_harakat
يمَرْدِح,ymardi7,ymardi7,True,8,7,0-9,0-9,arabic_harakat
قَايِم,qaayim,qaayim,True,6,6,0-9,0-9,arabic_harakat
مَا عَلَيك أَمِر,maa 3aleek 2amir,maa 3aleek 2amir,True,16,16,10-19,10-19,arabic_harakat
يعَرِّش,y3arrish,y3arrish,True,7,8,0-9,0-9,arabic_harakat
اِنْكَمَش,2inkamash,2inkamash,True,9,9,0-9,0-9,arabic_harakat
حَوِّح,7awwi7,7awwi7,True,6,6,0-9,0-9,arabic_harakat
مُغْرِي,mughri,mughri,True,7,6,0-9,0-9,arabic_harakat
اِخْتَشَى,2ikhtasha,2ikhtasha,True,9,9,0-9,0-9,arabic_harakat
حَاسِب,7aasib,7aasib,True,6,6,0-9,0-9,arabic_harakat
صَفْح,saf7,saf7,True,5,4,0-9,0-9,arabic_harakat
اِتْجَغْلَف,2itjaghlaf,2itjaghlaf,True,11,10,10-19,10-19,arabic_harakat
يِخْتِلِس,yikhtilis,yikhtilis,True,9,9,0-9,0-9,arabic_harakat
يِكْفِت,yikfit,yikfit,True,7,6,0-9,0-9,arabic_harakat
يسَدِّد,ysaddid,ysaddid,True,7,7,0-9,0-9,arabic_harakat
إِيلَاج,2iilaaj,2iilaaj,True,7,7,0-9,0-9,arabic_harakat
سَطو,satu,soot,False,4,4,0-9,0-9,arabic_harakat
يْهَيلِم,yheelim,yheelim,True,8,7,0-9,0-9,arabic_harakat
حتَّى النُّخَاع,7atta 2innukhaa3,7atta 2innukhkh,False,15,16,10-19,10-19,arabic_harakat
يِتْمَرَّض,yitmarrad,yitmarrad,True,10,9,10-19,0-9,arabic_harakat
اِتْوَرَّد,2itwarrad,2itwarrad,True,10,9,10-19,0-9,arabic_harakat
وَضِع,wadi3,wadi3,True,5,5,0-9,0-9,arabic_harakat
تَقْبِيلِة سخونِة,taqbiilit skhuune,taqbiil 2iskhine,False,17,17,10-19,10-19,arabic_harakat
اِتْشَارَك,2itshaarak,2itshaarak,True,10,10,10-19,10-19,arabic_harakat
يِلْهَج,yilhaj,yilhaj,True,7,6,0-9,0-9,arabic_harakat
اِتْفَخْفَخ,2itfakhfakh,2itfakhfakh,True,11,11,10-19,10-19,arabic_harakat
شَاطِب,shaatib,shaatib,True,6,7,0-9,0-9,arabic_harakat
سَفَّاح,saffaa7,saffaa7,True,7,7,0-9,0-9,arabic_harakat
مش شَايف الفَضَا,mish shaayef 2ilfada,mish shaafi 2ilda,False,16,20,10-19,20-29,arabic_harakat
ذِيب,diib,diib,True,4,4,0-9,0-9,arabic_harakat
يجَنِّس,yjannis,yjannis,True,7,7,0-9,0-9,arabic_harakat
صُمَّيلِة,summeele,summeele,True,9,8,0-9,0-9,arabic_harakat
مْبَكِّك,mbakkik,mbakkik,True,8,7,0-9,0-9,arabic_harakat
زَمَّار,zammaar,zammaar,True,7,7,0-9,0-9,arabic_harakat
يهَبِّط,yhabbit,yhabbit,True,7,7,0-9,0-9,arabic_harakat
اِنْفَزَع,2infaza3,2infaza3,True,9,8,0-9,0-9,arabic_harakat
زَوَاحِف,zawaa7if,zawaa7if,True,8,8,0-9,0-9,arabic_harakat
سَعَد,sa3ad,sa3ad,True,5,5,0-9,0-9,arabic_harakat
دْرَامَا,draama,draama,True,8,6,0-9,0-9,arabic_harakat
ثَعَالِب,sa3aalib,tha3aalib,False,8,8,0-9,0-9,arabic_harakat
حَلَاوِة المَوْضُوع,7alaawit 2ilmawduu3,7alaawit 2ilmawduu3,True,19,19,10-19,10-19,arabic_harakat
حَمْرِط,7amrit,7amrit,True,7,6,0-9,0-9,arabic_harakat
شَرْوِط,sharwit,sharwit,True,7,7,0-9,0-9,arabic_harakat
يفُوح,yfuu7,yfuu7,True,5,5,0-9,0-9,arabic_harakat
عَالأَخِير,3al2akhiir,3al2akhiir,True,10,10,10-19,10-19,arabic_harakat
بَرْقُوقَة,barquuqa,barquuqa,True,10,8,10-19,0-9,arabic_harakat
قَمَامِير,2amaamiir,qamaamiir,False,9,9,0-9,0-9,arabic_harakat
اِسْتَدْسَم,2istadsam,2istadsam,True,11,9,10-19,0-9,arabic_harakat
اِتْمَلْيَط,2itmalyat,2itmalyat,True,11,9,10-19,0-9,arabic_harakat
اِتْلَقَّط,2itlaqqat,2itlaqqat,True,10,9,10-19,0-9,arabic_harakat
يِرْجَع,yirja3,yirja3,True,7,6,0-9,0-9,arabic_harakat
يِتْعَالَق,yit3aalaq,yit3aalaq,True,10,9,10-19,0-9,arabic_harakat
تَبَرُّج,tabarruj,tabarruj,True,8,8,0-9,0-9,arabic_harakat
شَرَاشِيب,sharaashiib,sharaashiib,True,9,11,0-9,10-19,arabic_harakat
يكُون,ykuun,ykuun,True,5,5,0-9,0-9,arabic_harakat
أَزْمِة,2azme,2azme,True,7,5,0-9,0-9,arabic_harakat
يقَمِّر,yqammir,yqammir,True,7,7,0-9,0-9,arabic_harakat
زِرَاعِة قَوقَعَة,ziraa3it qawqa3a,zira3a qkoo3a,False,17,16,10-19,10-19,arabic_harakat
يِبْدِع,yibdi3,yibdi3,True,7,6,0-9,0-9,arabic_harakat
يِشْكُر,yishkur,yishkur,True,7,7,0-9,0-9,arabic_harakat
مْعَفْشَك,m3afshak,m3afshak,True,9,8,0-9,0-9,arabic_harakat
ضَرَايِب,daraayib,daraayib,True,8,8,0-9,0-9,arabic_harakat
أَهِّل,2ahhil,2ahhil,True,6,6,0-9,0-9,arabic_harakat
طَسّ,tass,tass,True,4,4,0-9,0-9,arabic_harakat
اِسْتَبْعَد,2istab3ad,2istab3ad,True,11,9,10-19,0-9,arabic_harakat
ضَلَّل,dallal,dallal,True,6,6,0-9,0-9,arabic_harakat
سَلِّة,salle,salle,True,6,5,0-9,0-9,arabic_harakat
اِسْتَكْبِرْهَا ولَو عَجَرَة,2istakbirha walaw 3adjra,2istakbar wuha 3ajale,False,28,24,20-29,20-29,arabic_harakat
الدَّمّ عُمْرُه مَا بِيصِير مَي,2iddamm 3umro maa bisiir mayy,2iddammo 3al mra ysabimmro,False,31,29,30-39,20-29,arabic_harakat
اِكْعَش,2ik3ash,2ik3ash,True,7,7,0-9,0-9,arabic_harakat
يِتْكَسَّر,yitkassar,yitkassar,True,10,9,10-19,0-9,arabic_harakat
شَرَوِي غَرَوِي,sharawi gharawi,sharawi ghari,False,15,15,10-19,10-19,arabic_harakat
اِبِن المَحْظُوظَة,2ibin 2ilma7zuuza,2ibin 2ilma7zuu7a,False,18,17,10-19,10-19,arabic_harakat
عَرَّد,3arrad,3arrad,True,6,6,0-9,0-9,arabic_harakat
اِنْحَطَم,2in7atam,2in7atam,True,9,8,0-9,0-9,arabic_harakat
زَيْتُون صُرِّي,zaytuun surri,zaytuun suri,False,15,13,10-19,10-19,arabic_harakat
يِتْفَشَّش,yitfashshash,yitfashshash,True,10,12,10-19,10-19,arabic_harakat
فقى الدملة,faqa 2iddumale,faqa 2iddamale,False,10,14,10-19,10-19,arabic_harakat
يسَلِّح,ysalli7,ysalli7,True,7,7,0-9,0-9,arabic_harakat
حَقَّق,7aqqaq,7aqqaq,True,6,6,0-9,0-9,arabic_harakat
اُوزِن,2uuzin,2uuzin,True,6,6,0-9,0-9,arabic_harakat
تَرْشِيد,tarshiid,tarshiid,True,8,8,0-9,0-9,arabic_harakat
يِنْحِسِب,yin7isib,yin7isib,True,9,8,0-9,0-9,arabic_harakat
يرَحِّل,yra77il,yra77il,True,7,7,0-9,0-9,arabic_harakat
صُبّ,subb,subb,True,4,4,0-9,0-9,arabic_harakat
مِزْمَار,mizmaar,mizmaar,True,8,7,0-9,0-9,arabic_harakat
نَام على غِمْرُه,naam 3ala ghimro,naam 3ala ghramo,False,16,16,10-19,10-19,arabic_harakat
يِتْعَمَّم,yit3ammim,yit3ammam,False,10,9,10-19,0-9,arabic_harakat
تَغْمِيس,taghmiis,taghmiis,True,8,8,0-9,0-9,arabic_harakat
اِتْسَفْلَت,2itsaflat,2itsaftal,False,11,9,10-19,0-9,arabic_harakat
يِتْبَلْطَن,yitbaltan,yitbaltan,True,11,9,10-19,0-9,arabic_harakat
كَرِيم,kariim,kariim,True,6,6,0-9,0-9,arabic_harakat
حَطّ الحُزُن بَِالجُرُن,7att 2il7uzun biljurun,7att 2il7uzun bijur,False,23,22,20-29,20-29,arabic_harakat
اِتْجَهَّم,2itjahham,2itjahham,True,10,9,10-19,0-9,arabic_harakat
مَهْدُوم,mahduum,mahduum,True,8,7,0-9,0-9,arabic_harakat
مُخُّه بِيُوزِن بَلَد,mukhkho byuuzin balad,mukhkho bibiz danawabiz,False,21,21,20-29,20-29,arabic_harakat
وَشَك,washak,washak,True,5,6,0-9,0-9,arabic_harakat
يجُود,yjuud,yjuud,True,5,5,0-9,0-9,arabic_harakat
كَعَابِيل,ka3aabiil,ka3aabiil,True,9,9,0-9,0-9,arabic_harakat
يِسْتَهْلِك,yistahlik,yistahlik,True,11,9,10-19,0-9,arabic_harakat
اِفْتَرِي,2iftari,2iftari,True,9,7,0-9,0-9,arabic_harakat
يَمَّا,yamma,yamma,True,6,5,0-9,0-9,arabic_harakat
رَكِّز,rakkiz,rakkiz,True,6,6,0-9,0-9,arabic_harakat
اِتْزَوَّج,2itzawwaj,2itzawwaj,True,10,9,10-19,0-9,arabic_harakat
يِفْعَص,yif3as,yif3as,True,7,6,0-9,0-9,arabic_harakat
يِكْسَب من عَرَق جْبينُه,yiksab min 3araq jbiino,yiqsab min 3ajaro biiqna,False,24,23,20-29,20-29,arabic_harakat
العِشْرِة مَابتهون الَا عَابن الحرَام,2il3ishre maa bithuun 2illa 3a2ibin 2il7araam,2il3irshaa min 2ilbi7aar wutil3abhamin,False,37,45,30-39,40-49,arabic_harakat
كَيَان,kayaan,kayaan,True,6,6,0-9,0-9,arabic_harakat
عَجْقَة,3ajqa,3adjqa,False,7,5,0-9,0-9,arabic_harakat
هَنْدَم,handam,handam,True,7,6,0-9,0-9,arabic_harakat
مِفْتَاح العَودِة,miftaa7 2il3oode,miftaa7it 2il3awade,False,17,16,10-19,10-19,arabic_harakat
ضَمِيرُه نَايِم,damiiro naayim,damiiro nami,False,15,14,10-19,10-19,arabic_harakat
اِتْمَسَّح,2itmassa7,2itmassa7,True,10,9,10-19,0-9,arabic_harakat
زَرْزَب,zarzab,zarzab,True,7,6,0-9,0-9,arabic_harakat
رَضَّاعَة,raddaa3a,raddaa3a,True,9,8,0-9,0-9,arabic_harakat
قَيقَس,qeeqaskeekas,qeeqas,False,6,12,0-9,10-19,arabic_harakat
كْعَيكْلِي,tsh3eetshli,k3aykiil,False,10,11,10-19,10-19,arabic_harakat
رِيحَة الإِم بتلم,rii7it 2il2im bitlimm,rii7a 2il2imtib 2il2imm,False,17,21,10-19,20-29,arabic_harakat
غَنِي,ghani,ghani,True,5,5,0-9,0-9,arabic_harakat
اُنْفُذ,2unfuz,2unfuz,True,7,6,0-9,0-9,arabic_harakat
نَاقُوس,naaquus,naaquus,True,7,7,0-9,0-9,arabic_harakat
اِنْقَاد,2inqaad,2inqaad,True,8,7,0-9,0-9,arabic_harakat
حْلَيوَة,7leewa,7leewa,True,8,6,0-9,0-9,arabic_harakat
جِيزَان,jiizaan,jiizaan,True,7,7,0-9,0-9,arabic_harakat
مْشَرْبَك,msharbak,msharbak,True,9,8,0-9,0-9,arabic_harakat
عين قوية,3een qawiyye,3een qooye,False,8,12,0-9,10-19,arabic_harakat
اِزْوِر,2izwir,2izwir,True,7,6,0-9,0-9,arabic_harakat
خَيَّب,khayyab,khayyab,True,6,7,0-9,0-9,arabic_harakat
مُبْدِع,mubdi3,mubdi3,True,7,6,0-9,0-9,arabic_harakat
طَالِع مِن حَيط,taali3 min 7eet,taali3 min 7eet,True,15,15,10-19,10-19,arabic_harakat
اِمْهَق,2imhaqk,2imhaq,False,7,7,0-9,0-9,arabic_harakat
يِهْلَص,yihlas,yihlas,True,7,6,0-9,0-9,arabic_harakat
شَنَاطِي,shanaatiiti,shanaati,False,8,11,0-9,10-19,arabic_harakat
لَاوِد,laawid,laawid,True,6,6,0-9,0-9,arabic_harakat
دَخَّن,dakhkhan,dakhkhan,True,6,8,0-9,0-9,arabic_harakat
مِتْسَلِّط,mitsallit,mitsallit,True,10,9,10-19,0-9,arabic_harakat
يَوم يَوم,yoom yoom,yoom yoom,True,9,9,0-9,0-9,arabic_harakat
مَتْعُوس,mat3uus,mat3uus,True,8,7,0-9,0-9,arabic_harakat
آوَى,2aawa,2aawa,True,4,5,0-9,0-9,arabic_harakat
شَلْبَك,shalbak,shalbak,True,7,7,0-9,0-9,arabic_harakat
دير بَالك,diir baalak,diir baalak,True,9,11,0-9,10-19,arabic_harakat
عَاصِر,3aasir,3aasir,True,6,6,0-9,0-9,arabic_harakat
مَقْذُوع,magdhuu3,maqzuu3,False,8,8,0-9,0-9,arabic_harakat
يِتْكَعْبَش,yitka3bash,yitka3bash,True,11,10,10-19,10-19,arabic_harakat
جْيَاب,jyaab,jyaab,True,6,5,0-9,0-9,arabic_harakat
بَنَّا,banna,banna,True,6,5,0-9,0-9,arabic_harakat
لُقَاح,luqaa7,luqaa7,True,6,6,0-9,0-9,arabic_harakat
طَسْطِس,tastis,tastis,True,7,6,0-9,0-9,arabic_harakat
يِتْوَلَّد,yitwallad,yitwallad,True,10,9,10-19,0-9,arabic_harakat
عِصَابِة,3isaabe,3isaabe,True,8,7,0-9,0-9,arabic_harakat
تْنَقَّص,tnaqqas,tnaqqas,True,8,7,0-9,0-9,arabic_harakat
اِكْتِسِح,2iktisi7,2iktisi7,True,9,8,0-9,0-9,arabic_harakat
تْضَخَّم,tdakhkham,tdakhkham,True,8,9,0-9,0-9,arabic_harakat
سَعد الخَبَايَا,sa3ad 2ilkhabaaya,sa3ad 2ilkhabi,False,15,17,10-19,10-19,arabic_harakat
مَبْطُوح,mabtuu7,mabtuu7,True,8,7,0-9,0-9,arabic_harakat
تْذَكَّر,tzdakkar,tzakkar,False,8,8,0-9,0-9,arabic_harakat
الدِّنْيَا حَيَاة أَو مَوت,2iddinya 7ayaa 2aw moot,2iddinya wu7taamiyye,False,26,23,20-29,20-29,arabic_harakat
يشُرّ,yshurr,yshurr,True,5,6,0-9,0-9,arabic_harakat
شَرَّح,sharra7,sharra7,True,6,7,0-9,0-9,arabic_harakat
مَصَارْوِة,masaarwe,masaarwe,True,10,8,10-19,0-9,arabic_harakat
يْعَايِر,y3aayir,y3aayir,True,8,7,0-9,0-9,arabic_harakat
هِنْد,hind,hind,True,5,4,0-9,0-9,arabic_harakat
خَيخِم,kheekhim,kheekhim,True,6,8,0-9,0-9,arabic_harakat
يِتْشَاهَم,yitshaaham,yitshaaham,True,10,10,10-19,10-19,arabic_harakat
لَسَع,lasa3,lasa3,True,5,5,0-9,0-9,arabic_harakat
يُوقِن,yuuqin,yuuqin,True,6,6,0-9,0-9,arabic_harakat
بِخِل,bikhil,bikhil,True,5,6,0-9,0-9,arabic_harakat
يِتْهَزْهَز,yithazhaz,yithazhaz,True,11,9,10-19,0-9,arabic_harakat
يِتْمَهْمَط,yitmahmat,yitmahmat,True,11,9,10-19,0-9,arabic_harakat
تِكْرَم عينك,tikram 3eenak,tikram 3eenak,True,12,13,10-19,10-19,arabic_harakat
تْقَزَّع,tqkazza3,tqazza3,False,8,8,0-9,0-9,arabic_harakat
سَعَادِين,sa3aadiin,sa3aadiin,True,9,9,0-9,0-9,arabic_harakat
مْقَنَّب,mqkannab,mqkannab,True,8,8,0-9,0-9,arabic_harakat
جِبِّة,djibbe,jibbe,False,6,6,0-9,0-9,arabic_harakat
كثير وكشة,ktiir wakashe,ktiir wushe,False,9,13,0-9,10-19,arabic_harakat
اِنْقِطِف,2inqitif,2inqitif,True,9,8,0-9,0-9,arabic_harakat
هَوَدِة,hawade,hooda,False,7,6,0-9,0-9,arabic_harakat
قَيقِس,qeeqiskeekis,qeeqis,False,6,12,0-9,10-19,arabic_harakat
يطَفْطِف,ytaftif,ytaftif,True,8,7,0-9,0-9,arabic_harakat
بَكْبَكِة,bakbake,bakbake,True,9,7,0-9,0-9,arabic_harakat
يِسْتَوْطِن,yistawtin,yistawtin,True,11,9,10-19,0-9,arabic_harakat
قَشْنَط,qashnat,qashnat,True,7,7,0-9,0-9,arabic_harakat
دِرِع,diri3,diri3,True,5,5,0-9,0-9,arabic_harakat
مْوَاخَذِة,mwaakhaze,mwaakhaze,True,10,9,10-19,0-9,arabic_harakat
تَلّ,tall,tall,True,4,4,0-9,0-9,arabic_harakat
شَهَّد,shahhad,shahhad,True,6,7,0-9,0-9,arabic_harakat
مُذْنِب,muznib,mudnib,False,7,6,0-9,0-9,arabic_harakat
اِتْهَرَّب,2itharrab,2itharrab,True,10,9,10-19,0-9,arabic_harakat
فَقِر دم,faqir damm,faqir dam,False,8,10,0-9,10-19,arabic_harakat
شَرَامِيح,sharaamii7,sharaamii7,True,9,10,0-9,10-19,arabic_harakat
فَصِل,fasil,fasil,True,5,5,0-9,0-9,arabic_harakat
طَطْلي,tatli,tatli,True,6,5,0-9,0-9,arabic_harakat
مِكْوَايِة,mikwaaye,mikwaaye,True,10,8,10-19,0-9,arabic_harakat
يِتْحَاكَى,2it7aaka,yit7aaka,False,10,8,10-19,0-9,arabic_harakat
مَفَاحِم,mafaa7im,mafaa7im,True,8,8,0-9,0-9,arabic_harakat
يدَرْوِخ,ydarwikh,ydarwikh,True,8,8,0-9,0-9,arabic_harakat
مُدَّخَرَات,muddakharaat,muddakharaat,True,11,12,10-19,10-19,arabic_harakat
لَا ترَافق الذليل بتذل مثله ولَا تنزل دَار التهَايم تتهمي,laa traafiq 2iddaliil bitdhill mithlo walaa tinzil daar 2ittahaayim tuthimi,laa traafil 2illizaatiq wumiddal tinha 2imilla bitizi war,False,57,75,50-59,70-79,arabic_harakat
يِمْلَا,yimla,yimla,True,7,5,0-9,0-9,arabic_harakat
يِدْبَق,yidbaq,yidbaq,True,7,6,0-9,0-9,arabic_harakat
مِنْدِمِج,mindimij,mindimij,True,9,8,0-9,0-9,arabic_harakat
مَجْرُوش,majruush,majruush,True,8,8,0-9,0-9,arabic_harakat
هُسّ,huss,huss,True,4,4,0-9,0-9,arabic_harakat
مَوجِة صَوْتِيِّة,mooje sawtiyye,moojit sawtiyye,False,17,14,10-19,10-19,arabic_harakat
إِرْث,2irth,2irs,False,5,5,0-9,0-9,arabic_harakat
تْغَلَّب,tghallab,tghallab,True,8,8,0-9,0-9,arabic_harakat
حَافِظ,7aafiz,7aafiz,True,6,6,0-9,0-9,arabic_harakat
يِكْبَر,yikbar,yikbar,True,7,6,0-9,0-9,arabic_harakat
ضَلّ,dall,dall,True,4,4,0-9,0-9,arabic_harakat
مَحِل,ma7il,ma7il,True,5,5,0-9,0-9,arabic_harakat
تَمْهِيدي,tamhiidi,tamhiidi,True,9,8,0-9,0-9,arabic_harakat
بَالكْرَيك,bil kreek,bilkarkeer,False,10,9,10-19,0-9,arabic_harakat
اِتْعَطَّر,2it3attar,2it3attar,True,10,9,10-19,0-9,arabic_harakat
اِمْكِن,2imkin,2imkin,True,7,6,0-9,0-9,arabic_harakat
صِرْص,sirs,sirs,True,5,4,0-9,0-9,arabic_harakat
حَجِر,7ajir,7ajir,True,5,5,0-9,0-9,arabic_harakat
اِتْدَشْدَش,2iddashdash,2iddashdash,True,11,11,10-19,10-19,arabic_harakat
دِيبَاجِة,diibaaje,diibaaje,True,9,8,0-9,0-9,arabic_harakat
يِسْطَح,yista7,yista7,True,7,6,0-9,0-9,arabic_harakat
لَمْسِة,lamse,lamse,True,7,5,0-9,0-9,arabic_harakat
رَكِّب,rakkib,rakkib,True,6,6,0-9,0-9,arabic_harakat
اِثْبَت,2isbat,2isbat,True,7,6,0-9,0-9,arabic_harakat
شُو جَاب الغُرَاب لإِمُّه,shuu jaab 2ilghuraab lammo,shuu jaab 2ilghurraam labo,False,25,26,20-29,20-29,arabic_harakat
مَشْرَبيِّة,mashrabiyye,mashrabiyye,True,11,11,10-19,10-19,arabic_harakat
حَزَم,7azam,7azam,True,5,5,0-9,0-9,arabic_harakat
صَنِّة,sanne,sanne,True,6,5,0-9,0-9,arabic_harakat
اُنْدُغ,2undugh,2undugh,True,7,7,0-9,0-9,arabic_harakat
عِشِي,3ishi,3ishi,True,5,5,0-9,0-9,arabic_harakat
صُوفِيّ,suufi,suufi,True,7,5,0-9,0-9,arabic_harakat
دَبِّق,dabbiq,dabbiq,True,6,6,0-9,0-9,arabic_harakat
دَبَجَانِة,dabajaane,dabajaane,True,10,9,10-19,0-9,arabic_harakat
ثَوم,toom,toom,True,4,4,0-9,0-9,arabic_harakat
مِتْحَسِّف,mit7assif,mit7assif,True,10,9,10-19,0-9,arabic_harakat
غَرِيق,ghariiq,ghariiq,True,6,7,0-9,0-9,arabic_harakat
يعَشِّق,y3ashshiq,y3ashshiq,True,7,9,0-9,0-9,arabic_harakat
اُطْمُس,2utmus,2utmus,True,7,6,0-9,0-9,arabic_harakat
مْفَشْخَر,mfashkhar,mfashkhar,True,9,9,0-9,0-9,arabic_harakat
كِدّ,kidd,kidd,True,4,4,0-9,0-9,arabic_harakat
اِسم الصليب,2ism 2issaliib,2ism 2ilbees,False,11,14,10-19,10-19,arabic_harakat
يِعْتِدِل,yi3tidil,yi3tidil,True,9,8,0-9,0-9,arabic_harakat
كَذَّب,kazzabkadhdhab,kazzabkadhdhdhab,False,6,14,0-9,10-19,arabic_harakat
اِنْبِكِم,2inbikim,2inbikim,True,9,8,0-9,0-9,arabic_harakat
رِيقَزَانِة,riiqazaane,riiqazaane,True,11,10,10-19,10-19,arabic_harakat
عَشِّش,3ashshish,3ashshish,True,6,9,0-9,0-9,arabic_harakat
اِنْزِوِي,2inziwi,2inziwi,True,9,7,0-9,0-9,arabic_harakat
خَرَّاب,kharraab,kharraab,True,7,8,0-9,0-9,arabic_harakat
حِزِق,7iziq,7iziq,True,5,5,0-9,0-9,arabic_harakat
ينَمِّي,ynammi,ynammi,True,7,6,0-9,0-9,arabic_harakat
أَلَمّ,2alamm,2alamm,True,6,6,0-9,0-9,arabic_harakat
مْشَنْكِح,mshanki7,mshanki7,True,9,8,0-9,0-9,arabic_harakat
نَوَرِي,nawari,nawari,True,7,6,0-9,0-9,arabic_harakat
أَلْطَف,2altaf,2altaf,True,7,6,0-9,0-9,arabic_harakat
تْغَنَّى,tghanna,tghanna,True,8,7,0-9,0-9,arabic_harakat
يِرْمِي,yirmi,yirmi,True,7,5,0-9,0-9,arabic_harakat
تِنِح,tini7,tini7,True,5,5,0-9,0-9,arabic_harakat
مَسْخِر,maskhir,maskhir,True,7,7,0-9,0-9,arabic_harakat
فَقَّر,faqqar,faqqar,True,6,6,0-9,0-9,arabic_harakat
صَيد,seed,seed,True,4,4,0-9,0-9,arabic_harakat
ذَوق,zooq,dooq,False,4,4,0-9,0-9,arabic_harakat
ثَنِّي,tanni,tanni,True,6,5,0-9,0-9,arabic_harakat
شَوِّب,shawwib,shawwib,True,6,7,0-9,0-9,arabic_harakat
لَيل نْهَار,leel nhaar,leel la naar,False,11,10,10-19,10-19,arabic_harakat
اِحْتِلِم,2i7tilim,2i7tilim,True,9,8,0-9,0-9,arabic_harakat
فِلْفِلِة,filfile,filfile,True,9,7,0-9,0-9,arabic_harakat
يسَمْسِر,ysamsir,ysamsir,True,8,7,0-9,0-9,arabic_harakat
سَبْعَن,sab3an,sab3an,True,7,6,0-9,0-9,arabic_harakat
قَيْلَل,qaylal,qaylal,True,7,6,0-9,0-9,arabic_harakat
رَانِخ,raanikh,raanikh,True,6,7,0-9,0-9,arabic_harakat
وَزِير,waziir,waziir,True,6,6,0-9,0-9,arabic_harakat
مَرِيض,mariid,mariid,True,6,6,0-9,0-9,arabic_harakat
الله يخزيك خزوة الكلَاب,2alla yikhziik khazwit 2iliklaab,2alla yikhziik khaab walazit kabe,False,23,32,20-29,30-39,arabic_harakat
لَبِّط,labbit,labbit,True,6,6,0-9,0-9,arabic_harakat
مُتَنَافِر,mutanaafir,mutanaafir,True,10,10,10-19,10-19,arabic_harakat
تْخَشَّط,tkhashshat,tkhashshat,True,8,10,0-9,10-19,arabic_harakat
يَا مآمنة بَالرجَال يَا مآمنة بَالمي بَالغربَال,yaa m2aamne birjaal yaa m2aamne bilmayy bilghirbaal,yaa maa bin 2ilghamariib 2il 2ijmayayaaaribe,False,47,51,40-49,50-59,arabic_harakat
اِتْكَلْبَن,2itkalban,2itkalban,True,11,9,10-19,0-9,arabic_harakat
غَبْغَب,ghabghab,ghabghab,True,7,8,0-9,0-9,arabic_harakat
غِطَاء,ghitaa2,ghitaa2,True,6,7,0-9,0-9,arabic_harakat
قَوَاظِيم,qtshawaadhiim,qawaaziim,False,9,13,0-9,10-19,arabic_harakat
اِتْرَوَّض,2itrawwad,2itrawwad,True,10,9,10-19,0-9,arabic_harakat
يِسْتَعْوِق,yista3wiq,yista3wiq,True,11,9,10-19,0-9,arabic_harakat
قَسَّط,qassat,qassat,True,6,6,0-9,0-9,arabic_harakat
يِفْهَم,yifham,yifham,True,7,6,0-9,0-9,arabic_harakat
بِنَاء,binaa2,binaa2,True,6,6,0-9,0-9,arabic_harakat
يرَفِّل,yraffil,yraffil,True,7,7,0-9,0-9,arabic_harakat
اِنْعِمِي,2in3imi,2in3imi,True,9,7,0-9,0-9,arabic_harakat
تَدْرِيع,tadrii3,tadrii3,True,8,7,0-9,0-9,arabic_harakat
خِفّ,khiff,khiff,True,4,5,0-9,0-9,arabic_harakat
شَبَّر,shabbar,shabbar,True,6,7,0-9,0-9,arabic_harakat
تْخَارَج,tkhaaraj,tkhaaraj,True,8,8,0-9,0-9,arabic_harakat
وَطَن,watan,watan,True,5,5,0-9,0-9,arabic_harakat
حَومِة,7oome,7oome,True,6,5,0-9,0-9,arabic_harakat
اِسْتِرِق,2istiriq,2istiriq,True,9,8,0-9,0-9,arabic_harakat
صَبَاح,sabaa7,sabaa7,True,6,6,0-9,0-9,arabic_harakat
مِحْتَجّ,mi7tajj,mi7tajj,True,8,7,0-9,0-9,arabic_harakat
تْكَرْمَل,tkarmal,tkarmal,True,9,7,0-9,0-9,arabic_harakat
قْهَوَة,ghawa,qhawa,False,7,5,0-9,0-9,arabic_harakat
مَهْوُوس,mahwuus,mahwuus,True,8,7,0-9,0-9,arabic_harakat
بْسُوم,bsuum,bsuum,True,6,5,0-9,0-9,arabic_harakat
أَعُوذ بِالله مِن السَّخْط,2a3uuzu billaa min 2issakht,2a3uud billim 2istakhin 2ilkham,False,26,27,20-29,20-29,arabic_harakat
كلمة ورد غطَاهَا,kilme wuradd ghataaha,kalme wurad ghattaha,False,16,21,10-19,20-29,arabic_harakat
يِسْتَمْرِض,yistamrid,yistamrid,True,11,9,10-19,0-9,arabic_harakat
يِتْرَوجَح,yitrooja7,yitrooja7,True,10,9,10-19,0-9,arabic_harakat
يِحْتَرِف,yi7tarif,yi7tarif,True,9,8,0-9,0-9,arabic_harakat
بَذِّر,bazzir,bazzir,True,6,6,0-9,0-9,arabic_harakat
اِتْنَفَّذ,2itnaffaz,2itnaffaz,True,10,9,10-19,0-9,arabic_harakat
يِسْبَح,yisba7,yisba7,True,7,6,0-9,0-9,arabic_harakat
أَحِيط,2a7iit,2a7iit,True,6,6,0-9,0-9,arabic_harakat
تْنَقَّل,tnaqqal,tnaqqal,True,8,7,0-9,0-9,arabic_harakat
يِبْرُز,yibruz,yibruz,True,7,6,0-9,0-9,arabic_harakat
يِتْدَنَّس,yiddannas,yiddannas,True,10,9,10-19,0-9,arabic_harakat
مَيل,meel,meel,True,4,4,0-9,0-9,arabic_harakat
غَطّ,ghatt,ghatt,True,4,5,0-9,0-9,arabic_harakat
دَيِّح,dayyi7,dayyi7,True,6,6,0-9,0-9,arabic_harakat
هَافِت,haafit,haafit,True,6,6,0-9,0-9,arabic_harakat
كُبَّارَة,kubbaara,kubbaara,True,9,8,0-9,0-9,arabic_harakat
كْرَيك,kreek,kreek,True,6,5,0-9,0-9,arabic_harakat
تَطْوِير,tatwiir,tatwiir,True,8,7,0-9,0-9,arabic_harakat
كَزْدَرَة,kazdara,kazdara,True,9,7,0-9,0-9,arabic_harakat
اِتْرَمَّم,2itrammam,2itrammam,True,10,9,10-19,0-9,arabic_harakat
فَازِز,faaziz,faaziz,True,6,6,0-9,0-9,arabic_harakat
تَأْتَأَة,ta2ta2a,ta2ta,False,9,7,0-9,0-9,arabic_harakat
مَزْهَرِيِّة,mazhariyye,mazhariyye,True,12,10,10-19,10-19,arabic_harakat
تُرْبِة,turbe,turbe,True,7,5,0-9,0-9,arabic_harakat
دَرَادِيس,daraadiis,daradiis,False,9,9,0-9,0-9,arabic_harakat
فَرْخ,farkh,farkh,True,5,5,0-9,0-9,arabic_harakat
بْوَاب,bwaab,bwaab,True,6,5,0-9,0-9,arabic_harakat
بِيجُر بْحَاله جَر,bijurr b7aalo jar,bijur b7aalo 2ijraal,False,18,17,10-19,10-19,arabic_harakat
اِعْلَق,2i3laq,2i3laq,True,7,6,0-9,0-9,arabic_harakat
من كثر,min kutur,min ktir,False,6,9,0-9,0-9,arabic_harakat
نَكَّس,nakkas,nakkas,True,6,6,0-9,0-9,arabic_harakat
هَلْكَان,halkaan,halkaan,True,8,7,0-9,0-9,arabic_harakat
يطْحَن,yit7an,yta7n,False,6,6,0-9,0-9,arabic_harakat
نَظِير,nadhiir,naziir,False,6,7,0-9,0-9,arabic_harakat
تْبَلْعَط,tbal3at,tbal3at,True,9,7,0-9,0-9,arabic_harakat
اِسْتِعْرَاض,2isti3raad,2isti3raad,True,12,10,10-19,10-19,arabic_harakat
خَتْمِة,khatme,khatme,True,7,6,0-9,0-9,arabic_harakat
عَلَّك,3allak,3allak,True,6,6,0-9,0-9,arabic_harakat
يُكْرُف,yukruf,yukruf,True,7,6,0-9,0-9,arabic_harakat
حَافِّة,7aaffe,7aaffe,True,7,6,0-9,0-9,arabic_harakat
مَنْحُوس,man7uus,man7uus,True,8,7,0-9,0-9,arabic_harakat
أَرْغِفَة,2arghife,2arghifa,False,9,8,0-9,0-9,arabic_harakat
بَطْرِخ,batrikh,batrikh,True,7,7,0-9,0-9,arabic_harakat
وَاعِي,waa3i,waa3i,True,6,5,0-9,0-9,arabic_harakat
اِطَِّّلَاع,2ittilaa3,2ittala3,False,11,9,10-19,0-9,arabic_harakat
يِسْتَبْهِج,yistabhij,yistabhij,True,11,9,10-19,0-9,arabic_harakat
دَقَايِق,daqaayiq,daqaayiq,True,8,8,0-9,0-9,arabic_harakat
غَادِر,ghaadir,ghaadir,True,6,7,0-9,0-9,arabic_harakat
يعَافِي,y3aafi,y3aafi,True,7,6,0-9,0-9,arabic_harakat
اِتْلَف,2itlaf,2itlaf,True,7,6,0-9,0-9,arabic_harakat
دِنْيَا,dinya,dinya,True,7,5,0-9,0-9,arabic_harakat
مَدَّن,maddan,maddan,True,6,6,0-9,0-9,arabic_harakat
حَرْبَش,7arbash,7arbash,True,7,7,0-9,0-9,arabic_harakat
جَعْرَن,dja3ran,ja3ran,False,7,7,0-9,0-9,arabic_harakat
غَفَر,ghafar,ghafar,True,5,6,0-9,0-9,arabic_harakat
مُسَاوِي,musaawi,musaawi,True,8,7,0-9,0-9,arabic_harakat
مْجَلْتِن,mjaltin,mjaltin,True,9,7,0-9,0-9,arabic_harakat
قِلِّة عقل,qillit 3aqil,qillit 3aqil,True,10,12,10-19,10-19,arabic_harakat
شَطِّب,shattib,shattib,True,6,7,0-9,0-9,arabic_harakat
اِشَارِة مُرُور,2ishaarit muruur,2ishaarit murura,False,15,16,10-19,10-19,arabic_harakat
يِتْلَيَّس,yitlayyas,yitlayyas,True,10,9,10-19,0-9,arabic_harakat
قَام قيَامة,qaam qyaame,qaam qayaame,False,11,11,10-19,10-19,arabic_harakat
يِسْتَفْظِع,yistafdhi3,yistafdhi3,True,11,10,10-19,10-19,arabic_harakat
ضَحَاضِيح,dh7aadhii7,da7aadii7,False,9,10,0-9,10-19,arabic_harakat
ينَاهِق,ynaahiq,ynaahiq,True,7,7,0-9,0-9,arabic_harakat
فُور,fuur,fuur,True,4,4,0-9,0-9,arabic_harakat
طَبْلِة ذَان,tablit daan,tablit daan,True,12,11,10-19,10-19,arabic_harakat
ضَرَب,darab,darab,True,5,5,0-9,0-9,arabic_harakat
ضِلِع قَاصِر,dili3 qaasir,dili3 qasir,False,12,12,10-19,10-19,arabic_harakat
دَايِة,daaye,daaye,True,6,5,0-9,0-9,arabic_harakat
اِتِّجَاه,2ttijaah,2ittijaah,False,9,8,0-9,0-9,arabic_harakat
مَخَابِيط,makhaabiit,makhaabiit,True,9,10,0-9,10-19,arabic_harakat
خَاصَم,khaasam,khaasam,True,6,7,0-9,0-9,arabic_harakat
اِلْتَوَى,2iltawa,2iltawa,True,9,7,0-9,0-9,arabic_harakat
قَرَاطِيف,qaraatiif,qaraatiif,True,9,9,0-9,0-9,arabic_harakat
كَرْهِب,karhib,karhib,True,7,6,0-9,0-9,arabic_harakat
مَقْلُوبِة,maqluube,maqluube,True,10,8,10-19,0-9,arabic_harakat
طَاع,taa3,taa3,True,4,4,0-9,0-9,arabic_harakat
خَرَمَنْجِيِّة,kharamanjiyye,kharamanjiyye,True,14,13,10-19,10-19,arabic_harakat
بكَبْسِة زر,bikabsit zirr,bakbis zira,False,11,13,10-19,10-19,arabic_harakat
نِجِح,niji7,niji7,True,5,5,0-9,0-9,arabic_harakat
يِنْطِزِع,yintizi3,yintizi3,True,9,8,0-9,0-9,arabic_harakat
يِرْتِفِع,yirtifi3,yirtifi3,True,9,8,0-9,0-9,arabic_harakat
اِتْبَجَّح,2itbajja7,2itbajja7,True,10,9,10-19,0-9,arabic_harakat
اِتْخَبَّا,2itkhabba,2itkhabba,True,10,9,10-19,0-9,arabic_harakat
اِنْخِلِق,2inkhiliq,2inkhiliq,True,9,9,0-9,0-9,arabic_harakat
يشَقْبِع,yshaqbi3,yshaqbi3,True,8,8,0-9,0-9,arabic_harakat
سَلَّم,sallam,sallam,True,6,6,0-9,0-9,arabic_harakat
كُوع,kuu3,kuu3,True,4,4,0-9,0-9,arabic_harakat
اِنْصَنَع,2insana3,2insana3,True,9,8,0-9,0-9,arabic_harakat
رَاكِم,raakim,raakim,True,6,6,0-9,0-9,arabic_harakat
تَشَقُّق,tashaqquq,tashaqquq,True,8,9,0-9,0-9,arabic_harakat
شَابَط,shaabat,shaabat,True,6,7,0-9,0-9,arabic_harakat
قَدَّاحَة,qaddaa7a,qaddaa7a,True,9,8,0-9,0-9,arabic_harakat
أَسَاء,2asaa2,2asaa2,True,6,6,0-9,0-9,arabic_harakat
مَكِّن,makkin,makkin,True,6,6,0-9,0-9,arabic_harakat
اِبْحَز,2ib7az,2ib7az,True,7,6,0-9,0-9,arabic_harakat
بسوَاش نكلة,biswaash nigle,bsuush 2inkasake,False,11,14,10-19,10-19,arabic_harakat
اِنْوَصَف,2inwasaf,2inwasaf,True,9,8,0-9,0-9,arabic_harakat
نوَاقِص,nawaaqis,nawaaqis,True,7,8,0-9,0-9,arabic_harakat
دَرَّى,darra,darra,True,6,5,0-9,0-9,arabic_harakat
يِتْفَاوَض,yitfaawad,yitfaawad,True,10,9,10-19,0-9,arabic_harakat
تَشْخِيص,tashkhiis,tashkhiis,True,8,9,0-9,0-9,arabic_harakat
جُنُون,junuun,junuun,True,6,6,0-9,0-9,arabic_harakat
وَرَقَة عمل,waraqit 3amal,waraqa 3alame,False,11,13,10-19,10-19,arabic_harakat
تْمَقْطَع,tmaqta3,tma2ta3,False,9,7,0-9,0-9,arabic_harakat
هَرَم,haram,haram,True,5,5,0-9,0-9,arabic_harakat
خُمّ نَوم,khumm noom,khumm noom,True,9,10,0-9,10-19,arabic_harakat
قَشَّاعَة,qkashshaa3a,qashshaa3a,False,9,11,0-9,10-19,arabic_harakat
زيت بلدي,zeet baladi,zeet bali di,False,8,11,0-9,10-19,arabic_harakat
عَضْعَض,3ad3ad,3ad3ad,True,7,6,0-9,0-9,arabic_harakat
هَوجِن,hoodjin,hoodjin,True,6,7,0-9,0-9,arabic_harakat
مْرَحْرِحّ,mra7ri77,mra77ir,False,10,8,10-19,0-9,arabic_harakat
يِتْزَنْطَر,yitzantar,yitzantar,True,11,9,10-19,0-9,arabic_harakat
جَبَشِة,djabashe,jabashe,False,7,8,0-9,0-9,arabic_harakat
يقَرْطِس,yqartis,yqartis,True,8,7,0-9,0-9,arabic_harakat
يِتْرَبَّع,yitrabba3,yitrabba3,True,10,9,10-19,0-9,arabic_harakat
اِسْتَطْرِد,2istatrid,2istatrid,True,11,9,10-19,0-9,arabic_harakat
بردن عزَاه,barradin 3azaa,birdin 3azaah,False,10,14,10-19,10-19,arabic_harakat
مْهَطْبِل,mhatbil,mhatbil,True,9,7,0-9,0-9,arabic_harakat
تْسَبَّح,tsabba7,tsabba7,True,8,7,0-9,0-9,arabic_harakat
خَنْصِر,khansir,khansir,True,7,7,0-9,0-9,arabic_harakat
اِمْعَس,2im3as,2im3as,True,7,6,0-9,0-9,arabic_harakat
وِنّ,winn,winn,True,4,4,0-9,0-9,arabic_harakat
نَحَّف,na77af,na77af,True,6,6,0-9,0-9,arabic_harakat
جَرْن,djarn,jarn,False,5,5,0-9,0-9,arabic_harakat
يسُكّ,ysukk,ysukk,True,5,5,0-9,0-9,arabic_harakat
مَوَانِع,mawaani3,mawaani3,True,8,8,0-9,0-9,arabic_harakat
لَخْبِط,lakhbit,lakhbit,True,7,7,0-9,0-9,arabic_harakat
مْدَوبِح,mdoobi7,mdoobi7,True,8,7,0-9,0-9,arabic_harakat
اِمْسَحهَا بذِقني,2imsa7ha bdaqni,2imsa7aa bdiiqno,False,17,15,10-19,10-19,arabic_harakat
بأمَان الله,bi2amaan 2illaa,bimman 2alla,False,11,15,10-19,10-19,arabic_harakat
خَنَّن,khannan,khannan,True,6,7,0-9,0-9,arabic_harakat
شِدْفَاوِي,shidfaawi,shidfaawi,True,10,9,10-19,0-9,arabic_harakat
تَدْعِيم,tad3iim,tad3iim,True,8,7,0-9,0-9,arabic_harakat
اُسْفُق,2usfuq,2usfuq,True,7,6,0-9,0-9,arabic_harakat
لْوَاج,lwaaj,lwaaj,True,6,5,0-9,0-9,arabic_harakat
كَاهِن,kaahin,kaahin,True,6,6,0-9,0-9,arabic_harakat
خَرِّيط,kharriit,kharriit,True,7,8,0-9,0-9,arabic_harakat
شْرُوخ,shruukh,shruukh,True,6,7,0-9,0-9,arabic_harakat
يِتْحَمْرَن,yit7amran,yit7amran,True,11,9,10-19,0-9,arabic_harakat
يِلْمِز,yilmiz,yilmiz,True,7,6,0-9,0-9,arabic_harakat
زَنَخَة,zanakha,zanakha,True,7,7,0-9,0-9,arabic_harakat
مْفَكِّح,mfakki7,mfakki7,True,8,7,0-9,0-9,arabic_harakat
عَلِيقَة,3aliiqkga,3aliiqa,False,8,9,0-9,0-9,arabic_harakat
مَنْفَعَة,manfa3a,manfa3a,True,9,7,0-9,0-9,arabic_harakat
تَكَاتِك,takaatik,takaatik,True,8,8,0-9,0-9,arabic_harakat
مَلِّق,mallig,malliq,False,6,6,0-9,0-9,arabic_harakat
شَوكِة,shooke,shooke,True,6,6,0-9,0-9,arabic_harakat
سَارِح,saari7,saari7,True,6,6,0-9,0-9,arabic_harakat
مثل النَّسْمِة,mitil 2innisme,mitil 2innasme,False,14,14,10-19,10-19,arabic_harakat
يدَفْدِف,ydafdif,ydafdif,True,8,7,0-9,0-9,arabic_harakat
قَبِل,qabil,qabil,True,5,5,0-9,0-9,arabic_harakat
غَفْوِة,ghafwe,ghafwe,True,7,6,0-9,0-9,arabic_harakat
قَابر أهله,qaabir 2ahlo,qaabir 2ahlo,True,10,12,10-19,10-19,arabic_harakat
مُضَاف,mudaaf,mudaaf,True,6,6,0-9,0-9,arabic_harakat
عَدَل,3adal,3adal,True,5,5,0-9,0-9,arabic_harakat
قلعوَا شروشهم,qala3uu shruushhum,qal3uush wirashm,False,13,18,10-19,10-19,arabic_harakat
يحَمِّل,y7ammil,y7ammil,True,7,7,0-9,0-9,arabic_harakat
اِتْمَزَّق,2itmazzaq,2itmazzaq,True,10,9,10-19,0-9,arabic_harakat
طَبِّب,tabbib,tabbib,True,6,6,0-9,0-9,arabic_harakat
وَشِيك,washiik,washiik,True,6,7,0-9,0-9,arabic_harakat
شَحْتِف,sha7tif,sha7tif,True,7,7,0-9,0-9,arabic_harakat
اُرْشُم,2urshum,2urshum,True,7,7,0-9,0-9,arabic_harakat
جَالُوق,jaaluuqk,jaaluuq,False,7,8,0-9,0-9,arabic_harakat
قَبَع,qaba3,qaba3,True,5,5,0-9,0-9,arabic_harakat
دَجّ,dajj,dajj,True,4,4,0-9,0-9,arabic_harakat
صَحّ,sa77,sa77,True,4,4,0-9,0-9,arabic_harakat
أَمْتِعَة,2amti3a,2amti3a,True,9,7,0-9,0-9,arabic_harakat
عَرَابِيد,3araabiid,3araabiid,True,9,9,0-9,0-9,arabic_harakat
مَفْتُول,maftuul,maftuul,True,8,7,0-9,0-9,arabic_harakat
زَرَّادِيِّة,zarraadiyye,zarraadiyye,True,12,11,10-19,10-19,arabic_harakat
أَجْوَد,2ajwad,2ajwad,True,7,6,0-9,0-9,arabic_harakat
يِتْمَغَّط,yitmaghghat,yitmaghghat,True,10,11,10-19,10-19,arabic_harakat
يِلْتِزِم,yiltizim,yiltizim,True,9,8,0-9,0-9,arabic_harakat
مَقْصُوص,maqsuus,maqsuus,True,8,7,0-9,0-9,arabic_harakat
رَوَّس,rawwas,rawwas,True,6,6,0-9,0-9,arabic_harakat
شَقَّر,sha22ar,shaqqar,False,6,7,0-9,0-9,arabic_harakat
يِحْرِج,yi7rij,yi7rij,True,7,6,0-9,0-9,arabic_harakat
يْبَهِّر,ybahhir,ybahhir,True,8,7,0-9,0-9,arabic_harakat
يِتْبَعَّر,yitba33ar,yitba33ar,True,10,9,10-19,0-9,arabic_harakat
رَافْعَة,raaf3a,raaf3a,True,8,6,0-9,0-9,arabic_harakat
مْزَرْقِن,mzargin,mzargin,True,9,7,0-9,0-9,arabic_harakat
مَوْلَى,mawla,mawla,True,7,5,0-9,0-9,arabic_harakat
مَأْسَاة,ma2saa,ma2saa,True,8,6,0-9,0-9,arabic_harakat
قَزَح,qaza7,qaza7,True,5,5,0-9,0-9,arabic_harakat
بَزَر,bazar,bazar,True,5,5,0-9,0-9,arabic_harakat
وِقِع,wiqi3,wiqi3,True,5,5,0-9,0-9,arabic_harakat
مش لَاقِيهَا من الشَارع,mish laaqiiha min 2ishshaari3,mish laaqi 3iraasham 2in,False,23,29,20-29,20-29,arabic_harakat
مَغْرُور,maghruur,maghruur,True,8,8,0-9,0-9,arabic_harakat
اِحْتَاس,2i7taas,2i7taas,True,8,7,0-9,0-9,arabic_harakat
جَاقِر,jaaqkir,jaaqir,False,6,7,0-9,0-9,arabic_harakat
كْتَاب,ktaab,ktaab,True,6,5,0-9,0-9,arabic_harakat
اِفْشُق,2ifshuq,2ifshuq,True,7,7,0-9,0-9,arabic_harakat
مُفْتَقِر,muftaqir,muftaqir,True,9,8,0-9,0-9,arabic_harakat
يعَاكِس,y3aakis,y3aakis,True,7,7,0-9,0-9,arabic_harakat
مُعَسْكَر,mu3askar,mu3askar,True,9,8,0-9,0-9,arabic_harakat
دَلَع,dala3,dala3,True,5,5,0-9,0-9,arabic_harakat
عَكِش,3akish,3akish,True,5,6,0-9,0-9,arabic_harakat
لِعب بذيله,li3ib 2ibdeelo,li3ib bilee,False,10,14,10-19,10-19,arabic_harakat
اِسْتَقْدَم,2istaqdam,2istaqdam,True,11,9,10-19,0-9,arabic_harakat
سَدَاح مَدَاح,sadaa7 madaa7,sadaa7 mada7,False,13,13,10-19,10-19,arabic_harakat
طْبُول,tbuul,tbuul,True,6,5,0-9,0-9,arabic_harakat
دَرْوِيش,darwiish,darwiish,True,8,8,0-9,0-9,arabic_harakat
إِيجَار,2ijaar,2iijaar,False,7,6,0-9,0-9,arabic_harakat
يِتْشَحَّر,2itsha77ar,yitsha77ar,False,10,10,10-19,10-19,arabic_harakat
بَصْمِة,basme,basme,True,7,5,0-9,0-9,arabic_harakat
هَرْهَر,harhar,harhar,True,7,6,0-9,0-9,arabic_harakat
أَمَد,2amad,2amad,True,5,5,0-9,0-9,arabic_harakat
اللي قَبَّع قَبَّع وَاللي ربع ربع,2illi qabba3 qabba3 willi rabba3 rabba3,2il3ayyaq biru 3albiqqa3 wallabir,False,33,39,30-39,30-39,arabic_harakat
تْزَحْزَح,yitza7za7,tza7za7,False,9,9,0-9,0-9,arabic_harakat
شِفِق,shifiq,shifiq,True,5,6,0-9,0-9,arabic_harakat
نَقْوَدِة,naqwade,naqwade,True,9,7,0-9,0-9,arabic_harakat
يِبَعَز,yib3az,yiba3az,False,7,6,0-9,0-9,arabic_harakat
دَوَاخِين,dawaakhiin,dawaakhiin,True,9,10,0-9,10-19,arabic_harakat
اِغْلِب,2ighlib,2ighlib,True,7,7,0-9,0-9,arabic_harakat
فَودِس,foodis,foodis,True,6,6,0-9,0-9,arabic_harakat
مِدَّاحِي,middaa7i,middaa7i,True,9,8,0-9,0-9,arabic_harakat
حَبِّة,7abbe,7abbe,True,6,5,0-9,0-9,arabic_harakat
بَان,baan,baan,True,4,4,0-9,0-9,arabic_harakat
اِنْفِصِم,2infisim,2infisim,True,9,8,0-9,0-9,arabic_harakat
لُوق,luuq,luuq,True,4,4,0-9,0-9,arabic_harakat
مْنَعْنَع,mna3na3,mna3na3,True,9,7,0-9,0-9,arabic_harakat
يِرْسِل,yirsil,yirsil,True,7,6,0-9,0-9,arabic_harakat
يقَرْمِع,yqkgarmi3,yqarmi3,False,8,9,0-9,0-9,arabic_harakat
قَنْدُول,qanduul,qkanduul,False,8,7,0-9,0-9,arabic_harakat
حَنْجَل,7anjal,7anjal,True,7,6,0-9,0-9,arabic_harakat
قَوبِع,goobi3,qoobi3,False,6,6,0-9,0-9,arabic_harakat
اِتْسَتِّت,2itsattat,2itsattit,False,10,9,10-19,0-9,arabic_harakat
غَلَّي,ghalli,ghallee,False,6,6,0-9,0-9,arabic_harakat
رَاكِز,raakiz,raakiz,True,6,6,0-9,0-9,arabic_harakat
عَايِف,3aayif,3aayif,True,6,6,0-9,0-9,arabic_harakat
الدِّهِن بِالعَتَاقِي,2ddihin bil3ataaqi,2iddihinya btiqli3aati,False,21,18,20-29,10-19,arabic_harakat
وَسَّط,wassat,wassat,True,6,6,0-9,0-9,arabic_harakat
مَزِّز,mazziz,mazziz,True,6,6,0-9,0-9,arabic_harakat
مِقْبِس,miqbis,miqbis,True,7,6,0-9,0-9,arabic_harakat
رِمِش,rimish,rimish,True,5,6,0-9,0-9,arabic_harakat
لْبَاد,lbaad,lbaad,True,6,5,0-9,0-9,arabic_harakat
مْخَيَّط,mkhayyat,mkhayyat,True,8,8,0-9,0-9,arabic_harakat
نَشِّر,nashshir,nashshir,True,6,8,0-9,0-9,arabic_harakat
مِتْجَلِّي,mitjalli,mitjalli,True,10,8,10-19,0-9,arabic_harakat
يمَزِّق,ymazziq,ymazziq,True,7,7,0-9,0-9,arabic_harakat
اِتْصَرْمَح,2itsarma7,2itsarma7,True,11,9,10-19,0-9,arabic_harakat
اِتْشَيْطَن,2itshaytan,2itshaytan,True,11,10,10-19,10-19,arabic_harakat
صَبَّانِة,sabbaane,sabbaane,True,9,8,0-9,0-9,arabic_harakat
مْبَطَّن,mbattan,mbattan,True,8,7,0-9,0-9,arabic_harakat
كل زِيت وَانطح الحيط,kull zeet wu2inta7 2il7eet,tiliz witiin 2il7azak,False,20,26,20-29,20-29,arabic_harakat
يِسْتَنْقِص,yistanqis,yistanqis,True,11,9,10-19,0-9,arabic_harakat
يْفَائِل,yfaa2il,yfaa2il,True,8,7,0-9,0-9,arabic_harakat
وَظِّف,wazzif,wazzif,True,6,6,0-9,0-9,arabic_harakat
تْنَافَس,tnaafas,tnaafas,True,8,7,0-9,0-9,arabic_harakat
يِتْكَرْنَب,yitkarnab,yitkarnab,True,11,9,10-19,0-9,arabic_harakat
يِتْنَقَّص,yitnaqqas,yitnaqqas,True,10,9,10-19,0-9,arabic_harakat
تَشْوِيش,tashwiish,tashwiish,True,8,9,0-9,0-9,arabic_harakat
اِنْدِرِج,2indirij,2indirij,True,9,8,0-9,0-9,arabic_harakat
رِفْقَة,rifqa,rifqa,True,7,5,0-9,0-9,arabic_harakat
مُضْطَر,muttar,muttar,True,7,6,0-9,0-9,arabic_harakat
فَنِّش,fannish,fannish,True,6,7,0-9,0-9,arabic_harakat
يِزْوِر,yizwir,yizwir,True,7,6,0-9,0-9,arabic_harakat
تْبَوْمَن,2itbawman,tbawman,False,9,9,0-9,0-9,arabic_harakat
اِلْدَغ,2ildagh,2ildagh,True,7,7,0-9,0-9,arabic_harakat
لَمَح,lama7,lama7,True,5,5,0-9,0-9,arabic_harakat
عَكَك,3atshatsh,3akak,False,5,9,0-9,0-9,arabic_harakat
قِيرَاط,qiiraat,qiiraat,True,7,7,0-9,0-9,arabic_harakat
بَلُّوط,balluut,balluut,True,7,7,0-9,0-9,arabic_harakat
بنشد فيه الظهر,binshadd fii 2iddahir,binshidd fi 2ilhar,False,14,21,10-19,20-29,arabic_harakat
يِمْنَع,yimna3,yimna3,True,7,6,0-9,0-9,arabic_harakat
يضِلّ,ydill,ydill,True,5,5,0-9,0-9,arabic_harakat
حِيَادِيِّة,7iyaadiyye,7iyaadiyye,True,11,10,10-19,10-19,arabic_harakat
اُبْرُم,2ubrum,2ubrum,True,7,6,0-9,0-9,arabic_harakat
مْسَحْسِل,msa7sil,msa7sil,True,9,7,0-9,0-9,arabic_harakat
يِنْوِجِد,yinwijid,yinwijid,True,9,8,0-9,0-9,arabic_harakat
مْسَوِّس,msawwis,msawwis,True,8,7,0-9,0-9,arabic_harakat
رَفِّل,raffil,raffil,True,6,6,0-9,0-9,arabic_harakat
مَزَط,mazat,mazat,True,5,5,0-9,0-9,arabic_harakat
مْشَرْشِب,msharshib,msharshib,True,9,9,0-9,0-9,arabic_harakat
مْعَشِّش,m3ashshish,m3ashshish,True,8,10,0-9,10-19,arabic_harakat
مُسْتَفْحِل,mistaf7il,mustaf7il,False,11,9,10-19,0-9,arabic_harakat
فَطْفِط,fatfit,fatfit,True,7,6,0-9,0-9,arabic_harakat
دَبِّب,dabbib,dabbib,True,6,6,0-9,0-9,arabic_harakat
نْعَال,n3aal,n3aal,True,6,5,0-9,0-9,arabic_harakat
السَّاكِت عن الحق شيطَان أخرَس,2issaakit 3an 2il7aqq shaytaan 2akhras,2issakhkaak 2ittin 3asa7ar 2ilkheen,False,30,38,30-39,30-39,arabic_harakat
مْعَصْلِج,m3aslij,m3aslij,True,9,7,0-9,0-9,arabic_harakat
بَلْكِن,balkin,balkin,True,7,6,0-9,0-9,arabic_harakat
شَكِل,shakil,shakil,True,5,6,0-9,0-9,arabic_harakat
جَنِّب,jannib,jannib,True,6,6,0-9,0-9,arabic_harakat
حَفَّز,7affaz,7affaz,True,6,6,0-9,0-9,arabic_harakat
صَنّع,sanna3,sanna3,True,5,6,0-9,0-9,arabic_harakat
بَاحِص,baa7is,baa7is,True,6,6,0-9,0-9,arabic_harakat
عَايَى,3aaya,3aaya,True,6,5,0-9,0-9,arabic_harakat
اُزْرُب,2uzrub,2uzrub,True,7,6,0-9,0-9,arabic_harakat
تَطَاوَل,tataawal,tataawal,True,8,8,0-9,0-9,arabic_harakat
يدَاقِش,ydaaqish,ydaaqish,True,7,8,0-9,0-9,arabic_harakat
فقر و نُقُر,fuqur wunuqur,faqur wunuqur,False,11,13,10-19,10-19,arabic_harakat
اِنْغَرَم,2ingharam,2ingharam,True,9,9,0-9,0-9,arabic_harakat
خَطِيب,khatiib,khatiib,True,6,7,0-9,0-9,arabic_harakat
مَسْطُول,mastuul,mastuul,True,8,7,0-9,0-9,arabic_harakat
عُصّ,3uss,3uss,True,4,4,0-9,0-9,arabic_harakat
اِسْتَقْتَل,2istaqtal,2istaqtal,True,11,9,10-19,0-9,arabic_harakat
اِحْتِمَال,2i7timaal,2i7timaal,True,10,9,10-19,0-9,arabic_harakat
ثُمّ,summa,thumm,False,4,5,0-9,0-9,arabic_harakat
يِعْتِرِف,yi3tirif,yi3tirif,True,9,8,0-9,0-9,arabic_harakat
اِنْغُز,2inghuz,2inghuz,True,7,7,0-9,0-9,arabic_harakat
خَوخ,khookh,khookh,True,4,6,0-9,0-9,arabic_harakat
يرَتِّل,yrattil,yrattil,True,7,7,0-9,0-9,arabic_harakat
يِنْتِخِي,yintikhi,yintikhi,True,9,8,0-9,0-9,arabic_harakat
رَزَّاق,razzaaq,razzaaq,True,7,7,0-9,0-9,arabic_harakat
تْوَهَّت,twahhat,twahhat,True,8,7,0-9,0-9,arabic_harakat
عَزَق,3azak,3azaqk,False,5,5,0-9,0-9,arabic_harakat
كَدِّس,kaddis,kaddis,True,6,6,0-9,0-9,arabic_harakat
اِسْتَشِير,2istashiir,2istashiir,True,10,10,10-19,10-19,arabic_harakat
دُوس,duus,duus,True,4,4,0-9,0-9,arabic_harakat
مَسْتُور,mastuur,mastuur,True,8,7,0-9,0-9,arabic_harakat
اِنْزَعَط,2inza3at,2inza3at,True,9,8,0-9,0-9,arabic_harakat
قَلَع,qala3,qala3,True,5,5,0-9,0-9,arabic_harakat
مْرَقَّم,mraqqam,mraqqam,True,8,7,0-9,0-9,arabic_harakat
كَسْتَنَائي,kastanaa2i,kastanaa2i,True,11,10,10-19,10-19,arabic_harakat
يِسْتَحْمِر,yista7mir,yista7mir,True,11,9,10-19,0-9,arabic_harakat
يِتْلَيَّف,yitlayyaf,yitlayyaf,True,10,9,10-19,0-9,arabic_harakat
اِتْوَثَّق,2itwassaq,2itwassaq,True,10,9,10-19,0-9,arabic_harakat
اِتْطَفَّل,2ittaffal,2ittaffal,True,10,9,10-19,0-9,arabic_harakat
اِفْلِت,2iflit,2iflit,True,7,6,0-9,0-9,arabic_harakat
لَاطِط,laatit,laatit,True,6,6,0-9,0-9,arabic_harakat
يخَوتِل,ykhootil,ykhootil,True,7,8,0-9,0-9,arabic_harakat
تْقَسَّط,tqassat,tqassat,True,8,7,0-9,0-9,arabic_harakat
يِسْتَعْمِل,yista3mil,yista3mil,True,11,9,10-19,0-9,arabic_harakat
لَسْعَة,las3a,las3a,True,7,5,0-9,0-9,arabic_harakat
يبَيِّن,ybayyin,ybayyin,True,7,7,0-9,0-9,arabic_harakat
يِنْبِلِش,yinbilish,yinbilish,True,9,9,0-9,0-9,arabic_harakat
مِلْسِن,milsin,milsin,True,7,6,0-9,0-9,arabic_harakat
اِتْوَحَّم,2itwa77am,2itwa77am,True,10,9,10-19,0-9,arabic_harakat
اِقْتِرَاح,2iqtiraa7,2iqtiraa7,True,10,9,10-19,0-9,arabic_harakat
بَوَِّّب,bawwib,bawwab,False,8,6,0-9,0-9,arabic_harakat
اِنْكِشِح,2inkishi7,2inkishi7,True,9,9,0-9,0-9,arabic_harakat
أَبْعَز لُه عَينَيه,2ba33izlo 3inee,2ab3azo leeno,False,19,15,10-19,10-19,arabic_harakat
دَهْوَس,dahwas,dahwas,True,7,6,0-9,0-9,arabic_harakat
تْعَمَّد,t3ammad,t3ammad,True,8,7,0-9,0-9,arabic_harakat
يِتْدَهْدَك,yiddahdak,yiddahdak,True,11,9,10-19,0-9,arabic_harakat
غَرْقَان لشوشتُه,gharqaan lashuushto,gharqaan 2ishshuuto,False,16,19,10-19,10-19,arabic_harakat
يِنْضُج,yinduj,yinduj,True,7,6,0-9,0-9,arabic_harakat
مْقَشَّر,mqashshar,mqashshar,True,8,9,0-9,0-9,arabic_harakat
يِتْعَزْرَن,yit3azran,yit3azran,True,11,9,10-19,0-9,arabic_harakat
مُحْبَط,mu7bat,mu7bat,True,7,6,0-9,0-9,arabic_harakat
مِتْلَحِّف,mitla77if,mitla77if,True,10,9,10-19,0-9,arabic_harakat
شَمَّاعَة,shammaa3a,shammaa3a,True,9,9,0-9,0-9,arabic_harakat
ذَايِق,daayiq,daayiq,True,6,6,0-9,0-9,arabic_harakat
مَعَابِد,ma3aabid,ma3aabid,True,8,8,0-9,0-9,arabic_harakat
اِتْجَوَّل,2itjawwal,2itjawwal,True,10,9,10-19,0-9,arabic_harakat
بِتْحوص وبِتْلوص,bit7uus wubitluus,bit7oos wubilt,False,16,17,10-19,10-19,arabic_harakat
فَجَر,fajar,fajar,True,5,5,0-9,0-9,arabic_harakat
عَشِّب,3ashshib,3ashshib,True,6,8,0-9,0-9,arabic_harakat
عُود الحْرَاث,3uud 2ili7raath,3uud 2il7araas,False,13,15,10-19,10-19,arabic_harakat
بُكَاء,bukaa2,bukaa2,True,6,6,0-9,0-9,arabic_harakat
يِسْرِع,yisri3,yisri3,True,7,6,0-9,0-9,arabic_harakat
حَوبَك,7oobak,7oobak,True,6,6,0-9,0-9,arabic_harakat
اِحْتِمِي,2i7timi,2i7timi,True,9,7,0-9,0-9,arabic_harakat
خَيَال خَصِب,khayaal khasib,khayaal 2isab,False,12,14,10-19,10-19,arabic_harakat
خِفّ عَلَينَا,khiff 3aleena,khiff 3aleen,False,13,13,10-19,10-19,arabic_harakat
خُون,khuun,khuun,True,4,5,0-9,0-9,arabic_harakat
خِطَاب,khitaab,khitaab,True,6,7,0-9,0-9,arabic_harakat
زي قَاضي معزول,zay qaadi ma3zuul,ziiq 2idam 3awali,False,14,17,10-19,10-19,arabic_harakat
سَحْسِل,sa7sil,sa7sil,True,7,6,0-9,0-9,arabic_harakat
مْنَوَّم,mnawwam,mnawwam,True,8,7,0-9,0-9,arabic_harakat
نَاقَش,naaqash,naaqash,True,6,7,0-9,0-9,arabic_harakat
إِجَت الدَّقَّة بْرَاسُه,2ijat 2iddaqqa braaso,2ijat 2iddaqqaso bra,False,24,21,20-29,20-29,arabic_harakat
يِتْرَمَّل,yitrammal,yitrammal,True,10,9,10-19,0-9,arabic_harakat
مْبَيِّن عَلَيه,mbayyin 3alee,mbayyin 3alee,True,15,13,10-19,10-19,arabic_harakat
عَتِّل,3attil,3attil,True,6,6,0-9,0-9,arabic_harakat
بَطْنَج,batnadj,batnaj,False,7,7,0-9,0-9,arabic_harakat
غِيث,ghiith,ghiith,True,4,6,0-9,0-9,arabic_harakat
رَسْمِيِّة,rasmiyye,rasmiyye,True,10,8,10-19,0-9,arabic_harakat
تْسَفَّط,tsaffat,tsaffat,True,8,7,0-9,0-9,arabic_harakat
يِجْرُم,yijrum,yijrum,True,7,6,0-9,0-9,arabic_harakat
ثِيرَان,tiiraan,tiiraan,True,7,7,0-9,0-9,arabic_harakat
يِعَقِّل,y3aqqil,y3aqqil,True,8,7,0-9,0-9,arabic_harakat
يِلْجَأ,yilja2,yilja2,True,7,6,0-9,0-9,arabic_harakat
آخِر طَرْز,2aakhir tarz,2aakhir tarz,True,10,12,10-19,10-19,arabic_harakat
شَرّ,sharr,sharr,True,4,5,0-9,0-9,arabic_harakat
يعِسّ,y3iss,y3iss,True,5,5,0-9,0-9,arabic_harakat
تْكَنْفَش,tkanfash,tkanfash,True,9,8,0-9,0-9,arabic_harakat
وَجِّع,wajji3,wajji3,True,6,6,0-9,0-9,arabic_harakat
كُتُب,kutub,kutub,True,5,5,0-9,0-9,arabic_harakat
الشَّارْدِة وَالوَارْدِة,2ishshaarde wilwaarde,2ishshaarde 2iddwaalde,False,24,21,20-29,20-29,arabic_harakat
صَهَر,sahar,sahar,True,5,5,0-9,0-9,arabic_harakat
خَشَّابِيِّة,khashshaabiyye,khashshaabiyye,True,12,14,10-19,10-19,arabic_harakat
عَظْمُه مِن ذَهَب,3admo min dahab,3admo min dabaha,False,17,15,10-19,10-19,arabic_harakat
وقعت برَاسُه,wiq3at braaso,wuqa3at braaso,False,12,13,10-19,10-19,arabic_harakat
يِتْبَهْمَن,yitbahman,yitbahman,True,11,9,10-19,0-9,arabic_harakat
قَشَّاطَة,qashshaata,qashshaata,True,9,10,0-9,10-19,arabic_harakat
رَبْرَوب,rabruub,rabroob,False,8,7,0-9,0-9,arabic_harakat
يِنْبِحِش,yinbi7ish,yinbi7ish,True,9,9,0-9,0-9,arabic_harakat
سَبْسَب,sabsab,sabsab,True,7,6,0-9,0-9,arabic_harakat
يوَسِّع,ywassi3,ywassi3,True,7,7,0-9,0-9,arabic_harakat
مُسْتَسْلِم,mustaslim,mustaslim,True,11,9,10-19,0-9,arabic_harakat
زَعْبُوبِة,za3buube,za3buube,True,10,8,10-19,0-9,arabic_harakat
اِتْحَسَّف,2it7assaf,2it7assaf,True,10,9,10-19,0-9,arabic_harakat
وِجِب,wijib,wijib,True,5,5,0-9,0-9,arabic_harakat
مْدَوَّن,mdawwan,mdawwan,True,8,7,0-9,0-9,arabic_harakat
شَوطَة,shoote,shoota,False,6,6,0-9,0-9,arabic_harakat
أَبُو العَكَّات,2abu 2il3akkaat,2abu 2il3akkat,False,15,15,10-19,10-19,arabic_harakat
تْجَرَّس,tjarras,tjarras,True,8,7,0-9,0-9,arabic_harakat
بَالحبلة طهر مقيلط,bil7abale tahhar mqaalit,bitaal7ablo mitrqiil 2ittahi,False,18,24,10-19,20-29,arabic_harakat
اِسِم,2isim,2isim,True,5,5,0-9,0-9,arabic_harakat
اِعْتَصَم,2i3tasam,2i3tasam,True,9,8,0-9,0-9,arabic_harakat
حَاكِي,7aaki,7aaki,True,6,5,0-9,0-9,arabic_harakat
تْوَصَّى,twassa,twassa,True,8,6,0-9,0-9,arabic_harakat
مَسَّك,massak,massak,True,6,6,0-9,0-9,arabic_harakat
فَلِّي,falli,falli,True,6,5,0-9,0-9,arabic_harakat
نَهَض,nahad,nahad,True,5,5,0-9,0-9,arabic_harakat
مْظَلِّم,mzallim,mzallim,True,8,7,0-9,0-9,arabic_harakat
ريته مَا يِبْلَى,reeto maa yibla,reeto maa yibla,True,16,15,10-19,10-19,arabic_harakat
بَنْكَيت,bankeet,bankeet,True,8,7,0-9,0-9,arabic_harakat
اِتْصَنَّف,2itsannaf,2itsannaf,True,10,9,10-19,0-9,arabic_harakat
نَمَارِيد,namaariid,namaariid,True,9,9,0-9,0-9,arabic_harakat
بَرَّاة,barraat,barraa,False,7,7,0-9,0-9,arabic_harakat
نَمّ,namm,namm,True,4,4,0-9,0-9,arabic_harakat
يِتْمَرْجَل,yitmarjal,yitmarjal,True,11,9,10-19,0-9,arabic_harakat
يِهْمِز,yihmiz,yihmiz,True,7,6,0-9,0-9,arabic_harakat
اِبْتِدِي,2ibtidi,2ibtidi,True,9,7,0-9,0-9,arabic_harakat
دَفِن,dafin,dafin,True,5,5,0-9,0-9,arabic_harakat
حبَاله قَصِيرِة,7baalo qasiire,7abaalo qasiire,False,15,14,10-19,10-19,arabic_harakat
حَرِيص,7ariis,7ariis,True,6,6,0-9,0-9,arabic_harakat
حَاسِم,7aasim,7aasim,True,6,6,0-9,0-9,arabic_harakat
يشَرْشِر,ysharshir,ysharshir,True,8,9,0-9,0-9,arabic_harakat
يِغْمَض,yighmad,yighmad,True,7,7,0-9,0-9,arabic_harakat
نَطْنَطَة,natnata,natnata,True,9,7,0-9,0-9,arabic_harakat
اِقْرُص,2iqrus,2iqrus,True,7,6,0-9,0-9,arabic_harakat
يِنْضِبِع,yindibi3,yindibi3,True,9,8,0-9,0-9,arabic_harakat
نَصْحَان,nas7aan,nas7aan,True,8,7,0-9,0-9,arabic_harakat
يُكْمُش,yukmush,yukmush,True,7,7,0-9,0-9,arabic_harakat
بَكِّك,bakkik,bakkik,True,6,6,0-9,0-9,arabic_harakat
رْغِيف,rghiif,rghiif,True,6,6,0-9,0-9,arabic_harakat
جَعْمَز,dja3maz,ja3maz,False,7,7,0-9,0-9,arabic_harakat
اِتْكَسَّب,2itkassab,2itkassab,True,10,9,10-19,0-9,arabic_harakat
اِطْعَن,2it3an,2it3an,True,7,6,0-9,0-9,arabic_harakat
رَعَّب,ra33ab,ra33ab,True,6,6,0-9,0-9,arabic_harakat
وَسَاع,wasaa3,wasaa3,True,6,6,0-9,0-9,arabic_harakat
بَلْكِم,balkim,balkim,True,7,6,0-9,0-9,arabic_harakat
عَبِيد,3abiid,3abiid,True,6,6,0-9,0-9,arabic_harakat
اِتْدَسْكَر,2iddaskar,2iddaskar,True,11,9,10-19,0-9,arabic_harakat
اِسْتَطْلَع,2istatla3,2istatla3,True,11,9,10-19,0-9,arabic_harakat
اِنْغَرّ,2ingharr,2ingharr,True,8,8,0-9,0-9,arabic_harakat
مْحَصَّن,m7assan,m7assan,True,8,7,0-9,0-9,arabic_harakat
حَلَاوَة,7alaawa,7alaawa,True,8,7,0-9,0-9,arabic_harakat
خُشِّة,khushshe,khushshe,True,6,8,0-9,0-9,arabic_harakat
رَائِع,raa2i3,raa2i3,True,6,6,0-9,0-9,arabic_harakat
اِتْلَعْبَك,2itla3bak,2itla3bak,True,11,9,10-19,0-9,arabic_harakat
مرَاق الطريق,marraaq 2ittariiq,maraq 2ilqatiir,False,12,17,10-19,10-19,arabic_harakat
دَقَّة,daqqa,daqqa,True,6,5,0-9,0-9,arabic_harakat
يطَقِّم,ytaqqim,ytaqqim,True,7,7,0-9,0-9,arabic_harakat
صَوَّم,sawwam,sawwam,True,6,6,0-9,0-9,arabic_harakat
مْمَسْلِغ,2immasligh,mmsalghil,False,9,10,0-9,10-19,arabic_harakat
يِنْصِرِع,yinsiri3,yinsiri3,True,9,8,0-9,0-9,arabic_harakat
يعُكّ,y3ukk,y3ukk,True,5,5,0-9,0-9,arabic_harakat
يؤجِّل,y2ajjil,y2ajjil,True,6,7,0-9,0-9,arabic_harakat
فِي,fii,fi,False,3,3,0-9,0-9,arabic_harakat
يعَثِّر,y3attir,y3attir,True,7,7,0-9,0-9,arabic_harakat
شَرْمُوحَة,sharmuu7a,sharmuu7a,True,10,9,10-19,0-9,arabic_harakat
مَعَاوِل,ma3aawil,ma3aawil,True,8,8,0-9,0-9,arabic_harakat
تَفَاعُل,tafaa3ul,tafaa3ul,True,8,8,0-9,0-9,arabic_harakat
ينَجِّي,ynajji,ynajji,True,7,6,0-9,0-9,arabic_harakat
يِكْسِر خَاطِر,yiksir khaatir,yiksir khaatir,True,14,14,10-19,10-19,arabic_harakat
اِسْتَغِلّ,2istaghill,2istaghill,True,10,10,10-19,10-19,arabic_harakat
حُصْرُم,7usrum,7usrum,True,7,6,0-9,0-9,arabic_harakat
حَرَّص,7arras,7arras,True,6,6,0-9,0-9,arabic_harakat
خَلَط,khalat,khalat,True,5,6,0-9,0-9,arabic_harakat
ظِلّ,dill,zill,False,4,4,0-9,0-9,arabic_harakat
حَذِّر,7azzir,7azzir,True,6,6,0-9,0-9,arabic_harakat
يمَخْوِل,ymakhwil,ymakhwil,True,8,8,0-9,0-9,arabic_harakat
يبَقْلِش,ybaqklish,ybaqklish,True,8,9,0-9,0-9,arabic_harakat
مُؤَرِّخ,mu2arrikh,mu2arrikh,True,8,9,0-9,0-9,arabic_harakat
اِنْزَرَع,2inzara3,2inzara3,True,9,8,0-9,0-9,arabic_harakat
نَشِّف,nashshif,nashshif,True,6,8,0-9,0-9,arabic_harakat
طَبِّع,tabbi3,tabbi3,True,6,6,0-9,0-9,arabic_harakat
لُغَة,lugha,lugha,True,5,5,0-9,0-9,arabic_harakat
كُرْكُم,kurkum,kurkum,True,7,6,0-9,0-9,arabic_harakat
نَهْنِه,nahnih,nahnih,True,7,6,0-9,0-9,arabic_harakat
اِتْسَامَح,2itsaama7,2itsaama7,True,10,9,10-19,0-9,arabic_harakat
يِتْلَبَّد,yitlabbad,yitlabbad,True,10,9,10-19,0-9,arabic_harakat
رفع عَتَب,rafi3 3atab,rafa3 3atab,False,9,11,0-9,10-19,arabic_harakat
مْبَزْرِق,2imbazriqk,mbazriqk,False,9,10,0-9,10-19,arabic_harakat
خُوث,khuut,khuuth,False,4,5,0-9,0-9,arabic_harakat
حَورِب,7oorib,7oorib,True,6,6,0-9,0-9,arabic_harakat
بَلَّم,ballam,ballam,True,6,6,0-9,0-9,arabic_harakat
المَنِيِّة ولَا الدَّنِيِّة,2almaniyye wala 2iddaniyye,2ilmane 2iddinye wila,False,27,26,20-29,20-29,arabic_harakat
فْحُول,f7uul,f7uul,True,6,5,0-9,0-9,arabic_harakat
صَايِة,saaye,saaye,True,6,5,0-9,0-9,arabic_harakat
وَعِّظ,wa33iz,wa33iz,True,6,6,0-9,0-9,arabic_harakat
عَصى,3asa,3asa,True,4,4,0-9,0-9,arabic_harakat
تْنَاهَز,tnaahaz,tnaahaz,True,8,7,0-9,0-9,arabic_harakat
عَكَم,3akam,3akam,True,5,5,0-9,0-9,arabic_harakat
بَاقِي,baaqi,baaqi,True,6,5,0-9,0-9,arabic_harakat
بَغَّل,baghghal,baghghal,True,6,8,0-9,0-9,arabic_harakat
سَأَل,sa2al,sa2al,True,5,5,0-9,0-9,arabic_harakat
بْلَاَد الله الوَاسْعَة,blaad 2alla 2ilwaas3a,blaade 2il3asoo,False,23,21,20-29,20-29,arabic_harakat
يكِدّ,ykidd,ykidd,True,5,5,0-9,0-9,arabic_harakat
لأَبُو مَوزِة,la2abu mooze,labu maziwe,False,13,12,10-19,10-19,arabic_harakat
حْلُوق,7luuq,7luuq,True,6,5,0-9,0-9,arabic_harakat
نَكَّد,nakkad,nakkad,True,6,6,0-9,0-9,arabic_harakat
يِتْوَغْوَش,yitwaghwash,yitwaghwash,True,11,11,10-19,10-19,arabic_harakat
سَافِر,saafir,saafir,True,6,6,0-9,0-9,arabic_harakat
يِنْرِدِم,yinridim,yinridim,True,9,8,0-9,0-9,arabic_harakat
بْخُوت,bkhuut,bkhuut,True,6,6,0-9,0-9,arabic_harakat
اِنْسَحِق,2insa7iq,2insa7iq,True,9,8,0-9,0-9,arabic_harakat
طِيب,tiib,tiib,True,4,4,0-9,0-9,arabic_harakat
تَأْخِير,ta2khiir,ta2khiir,True,8,8,0-9,0-9,arabic_harakat
فَجِّر,fajjir,fajjir,True,6,6,0-9,0-9,arabic_harakat
لُوط,luut,luut,True,4,4,0-9,0-9,arabic_harakat
سَلْطِن,saltin,saltin,True,7,6,0-9,0-9,arabic_harakat
أَشْهَر,2ashhar,2ashhar,True,7,7,0-9,0-9,arabic_harakat
مَدْرُوم,madruum,madruum,True,8,7,0-9,0-9,arabic_harakat
يِسْتَرْجَل,yistarjil,yistarjal,False,11,9,10-19,0-9,arabic_harakat
مَجْمُوعَة,majmuu3a,majmuu3a,True,10,8,10-19,0-9,arabic_harakat
يِقْزَع,yiqkza3,yiqza3,False,7,7,0-9,0-9,arabic_harakat
سَبَّق,sabbaq,sabbaq,True,6,6,0-9,0-9,arabic_harakat
كِيد,kiid,kiid,True,4,4,0-9,0-9,arabic_harakat
لَاحق ورَاك بعصَاية,laa7iq waraak b3asaaye,laa7aq wiraa bis3ak,False,19,22,10-19,20-29,arabic_harakat
سَكْوِك,sakwik,sakwik,True,7,6,0-9,0-9,arabic_harakat
رَبِط,rabt,rabit,False,5,4,0-9,0-9,arabic_harakat
أَرْكَن,2arkan,2arkan,True,7,6,0-9,0-9,arabic_harakat
كِلّ,kill,kill,True,4,4,0-9,0-9,arabic_harakat
حَمَّم,7ammam,7ammam,True,6,6,0-9,0-9,arabic_harakat
يِحْزَق,yi7zaq,yi7zaq,True,7,6,0-9,0-9,arabic_harakat
بَطِّة الإِجِر,battit 2il2idjir,battit 2il2ijir,False,14,16,10-19,10-19,arabic_harakat
مُكَعَّب,muka33ab,muka33ab,True,8,8,0-9,0-9,arabic_harakat
كَنَايِس,kanaayis,kanaayis,True,8,8,0-9,0-9,arabic_harakat
مْلَطَّخ,mlattakh,mlattakh,True,8,8,0-9,0-9,arabic_harakat
جُرُن,djurun,jurun,False,5,6,0-9,0-9,arabic_harakat
يِنْصَمِد,yinsamid,yinsamid,True,9,8,0-9,0-9,arabic_harakat
رَابُوص,raabuus,raabuus,True,7,7,0-9,0-9,arabic_harakat
يِتْدَاوَى,yiddaawa,yiddaawa,True,10,8,10-19,0-9,arabic_harakat
عُبْرَة,3ubra,3ubra,True,7,5,0-9,0-9,arabic_harakat
شَاقُوف,shaaquuf,shaaquuf,True,7,8,0-9,0-9,arabic_harakat
يِتْحَمَّل,yit7ammal,yit7ammal,True,10,9,10-19,0-9,arabic_harakat
فَعِّص,fa33is,fa33is,True,6,6,0-9,0-9,arabic_harakat
شُعَل,shu3al,shu3al,True,5,6,0-9,0-9,arabic_harakat
زَرْزِب,zarzib,zarzib,True,7,6,0-9,0-9,arabic_harakat
مَخْضُوض,makhduud,makhdu,False,8,8,0-9,0-9,arabic_harakat
زَيطَة وزَمْبَلَيطَة,zeeta wuzambaleeta,zeetoome zalbeet,False,20,18,20-29,10-19,arabic_harakat
تْسَمَّم,tsammam,tsammam,True,8,7,0-9,0-9,arabic_harakat
كَاكَا,kaaka,kaaka,True,6,5,0-9,0-9,arabic_harakat
مْحَولِب,m7oolib,m7oolib,True,8,7,0-9,0-9,arabic_harakat
تْكَسَّب,tkassab,tkassab,True,8,7,0-9,0-9,arabic_harakat
يشيِّك,yshayyik,yshayyik,True,6,8,0-9,0-9,arabic_harakat
خِلَال,khilaal,khilaal,True,6,7,0-9,0-9,arabic_harakat
أَخْرَاص,2akhraas,2akhraas,True,8,8,0-9,0-9,arabic_harakat
اِحْفَظ,2i7faz,2i7faz,True,7,6,0-9,0-9,arabic_harakat
يِتْجَاذَب,yitjaazab,yitdjaadhab,False,10,9,10-19,0-9,arabic_harakat
يجَوِّح,yjawwi7,yjawwi7,True,7,7,0-9,0-9,arabic_harakat
اِحْقِد,2i7qid,2i7qid,True,7,6,0-9,0-9,arabic_harakat
مَلَايِين,malaayiin,malaayin,False,9,9,0-9,0-9,arabic_harakat
اِسْتَوْفِي,2istawfi,2istawfi,True,11,8,10-19,0-9,arabic_harakat
اِتْوَفَّق,2itwaffaq,2itwaffaq,True,10,9,10-19,0-9,arabic_harakat
اِذْبَل,2idbal,2izbal,False,7,6,0-9,0-9,arabic_harakat
مَخْلُوطَة,makhluuta,makhluuta,True,10,9,10-19,0-9,arabic_harakat
فِعِل,fi3il,fi3il,True,5,5,0-9,0-9,arabic_harakat
يبَصِّم,ybassim,ybassim,True,7,7,0-9,0-9,arabic_harakat
عَبْعَب,3ab3ab,3ab3ab,True,7,6,0-9,0-9,arabic_harakat
غَمْزَت الصَّنَارة,ghamzat 2issanaara,ghamzat 2innasara,False,18,18,10-19,10-19,arabic_harakat
طَبِّل,tabbil,tabbil,True,6,6,0-9,0-9,arabic_harakat
اِتْحَجَّر,2it7ajjar,2it7ajjar,True,10,9,10-19,0-9,arabic_harakat
يُحْجُر,yu7jur,yu7jur,True,7,6,0-9,0-9,arabic_harakat
شَحَاحِيذ,sha7aa7iid,sha7aadii7,False,9,10,0-9,10-19,arabic_harakat
يِسْتَجْوِب,yistajwib,yistajwib,True,11,9,10-19,0-9,arabic_harakat
صُحْبِة,su7be,su7be,True,7,5,0-9,0-9,arabic_harakat
بَلَالِيع,balaalii3,balaalii3,True,9,9,0-9,0-9,arabic_harakat
خَلِّيط,khalliit,khalliit,True,7,8,0-9,0-9,arabic_harakat
يلَوِّح,ylawwi7,ylawwi7,True,7,7,0-9,0-9,arabic_harakat
دَبْدِب,dabdib,dabdib,True,7,6,0-9,0-9,arabic_harakat
اُؤْجَر,2u2jar,2u2jar,True,7,6,0-9,0-9,arabic_harakat
صُرْمَايِة,surmaaye,surmaaye,True,10,8,10-19,0-9,arabic_harakat
أَسِير,2asiir,2asiir,True,6,6,0-9,0-9,arabic_harakat
يفَبْرِك,yfabrik,yfabrik,True,8,7,0-9,0-9,arabic_harakat
بَالسَّلَامِة ان شَاء الله,bissalaame 2in shaalla,bissal 2ilmaa 2innasha,False,26,22,20-29,20-29,arabic_harakat
اِتْسَطَّر,2itsattar,2itsattar,True,10,9,10-19,0-9,arabic_harakat
مَقَاثِي,maqkaathi,maqaathi,False,8,9,0-9,0-9,arabic_harakat
أَجْنِحَة,2ajni7a,2ajni7a,True,9,7,0-9,0-9,arabic_harakat
عَتْمِة,3atme,3atme,True,7,5,0-9,0-9,arabic_harakat
يِتْمَرْيَس,yitmaryas,yitmaryas,True,11,9,10-19,0-9,arabic_harakat
حِدِق,7idiqg,7idiq,False,5,6,0-9,0-9,arabic_harakat
فَرَّازِة,farraaze,farraaze,True,9,8,0-9,0-9,arabic_harakat
يِتْرَأّف,yitra22af,yitra22af,True,9,9,0-9,0-9,arabic_harakat
مُنْفَعِل,munfa3il,munfa3il,True,9,8,0-9,0-9,arabic_harakat
فَيلَسُوف,faylasuuf,feelusaf,False,9,9,0-9,0-9,arabic_harakat
مْشَنْخَر,mshankhar,mshankhar,True,9,9,0-9,0-9,arabic_harakat
إِذَا بيكُح بيطلع معه مصَاري,2iza biku77 byitla3 ma3o masaari,2izaab yi3tikus mur 2il3a7ammiib leeto,False,28,32,20-29,30-39,arabic_harakat
لَاحِظ,laa7iz,laa7iz,True,6,6,0-9,0-9,arabic_harakat
طَوبَرْجِي,toobarji,tawabarji,False,10,8,10-19,0-9,arabic_harakat
صَدَى,sada,sada,True,5,4,0-9,0-9,arabic_harakat
اِتْسَفَّط,2itsaffat,2itsaffat,True,10,9,10-19,0-9,arabic_harakat
فَاشِل,faashil,faashil,True,6,7,0-9,0-9,arabic_harakat
غِمِق,ghimiq,ghimiq,True,5,6,0-9,0-9,arabic_harakat
تْغِرْبِل,tghirbil,tghirbil,True,9,8,0-9,0-9,arabic_harakat
فَايِض,faayid,faayid,True,6,6,0-9,0-9,arabic_harakat
رَفْرَف,rafraf,rafraf,True,7,6,0-9,0-9,arabic_harakat
لَاش,laash,laash,True,4,5,0-9,0-9,arabic_harakat
دَاء,daa2,daa2,True,4,4,0-9,0-9,arabic_harakat
يِجْلِس,yijlis,yijlis,True,7,6,0-9,0-9,arabic_harakat
يهِيش,yhiish,yhiish,True,5,6,0-9,0-9,arabic_harakat
طَرِي,tari,tari,True,5,4,0-9,0-9,arabic_harakat
اِنْقَبَع,2inqaba3,2inqaba3,True,9,8,0-9,0-9,arabic_harakat
مْفَحْكَش,mfa7kash,mfa7kash,True,9,8,0-9,0-9,arabic_harakat
يِرْمَح,yirma7,yirma7,True,7,6,0-9,0-9,arabic_harakat
يِتْحَطَّم,yit7attam,yit7attam,True,10,9,10-19,0-9,arabic_harakat
اِتْحَاقَر,2it7aaqar,2it7aaqar,True,10,9,10-19,0-9,arabic_harakat
يِنْشِخِل,yinshikhil,yinshikhil,True,9,10,0-9,10-19,arabic_harakat
يِقْحَط,yiq7at,yiq7at,True,7,6,0-9,0-9,arabic_harakat
تْصَفَّن,tsaffan,tsaffan,True,8,7,0-9,0-9,arabic_harakat
أَحَقِّيِّة,2a7aqqiyye,2a7aqqiyye,True,11,10,10-19,10-19,arabic_harakat
رِيعَة,rii3a,rii3a,True,6,5,0-9,0-9,arabic_harakat
يجَمِّد,yjammid,yjammid,True,7,7,0-9,0-9,arabic_harakat
حَرْوِل,7arwil,7arwil,True,7,6,0-9,0-9,arabic_harakat
سَمَا,sama,sama,True,5,4,0-9,0-9,arabic_harakat
اِخْضَرّ,2ikhdarr,2ikhdarr,True,8,8,0-9,0-9,arabic_harakat
أَكَم,2akam,2akam,True,5,5,0-9,0-9,arabic_harakat
عَشَرَة,3ashara,3ashara,True,7,7,0-9,0-9,arabic_harakat
اِغْلِق,2ighliq,2ighliq,True,7,7,0-9,0-9,arabic_harakat
زي قَاضي معزول,zayy qaadi ma3zuul,ziiq 2idam 3awali,False,14,18,10-19,10-19,arabic_harakat
حُبّ,7ubb,7ubb,True,4,4,0-9,0-9,arabic_harakat
جَوَاد,jawaad,jawaad,True,6,6,0-9,0-9,arabic_harakat
نَافِع,naafi3,naafi3,True,6,6,0-9,0-9,arabic_harakat
مُتْعَة,mut3a,mut3a,True,7,5,0-9,0-9,arabic_harakat
مْضَعْضَع,mda3da3,mda3da3,True,9,7,0-9,0-9,arabic_harakat
اِتْدَيَّن,2iddayan,2iddayyan,False,10,8,10-19,0-9,arabic_harakat
فَقَد,faqad,faqad,True,5,5,0-9,0-9,arabic_harakat
قَايِم بوَاجِبَاته,qaayim biwaajibaato,qaayim bwijhaat,False,18,19,10-19,10-19,arabic_harakat
حْوَيِّر,7wayyir,7wayyir,True,8,7,0-9,0-9,arabic_harakat
خَاطَر,khaatar,khaatar,True,6,7,0-9,0-9,arabic_harakat
يِنْحَاز,yin7aaz,yin7aaz,True,8,7,0-9,0-9,arabic_harakat
سَبِّك,sabbik,sabbik,True,6,6,0-9,0-9,arabic_harakat
يِشْغَل,yishghil,yishghal,False,7,8,0-9,0-9,arabic_harakat
كْرَونْدَيه,kroondee,krawnadi,False,11,8,10-19,0-9,arabic_harakat
زَوَارِيب,zawaariib,zawaariib,True,9,9,0-9,0-9,arabic_harakat
إِجَت بَرَكِتْهَا,2ijat barakitha,2ijat briktaah,False,17,15,10-19,10-19,arabic_harakat
مَشْرُوب,mashruub,mashruub,True,8,8,0-9,0-9,arabic_harakat
يعَرْكِس,y3arkis,y3arkis,True,8,7,0-9,0-9,arabic_harakat
مْعَبَّى,m3abba,m3abba,True,8,6,0-9,0-9,arabic_harakat
فُسْحَة,fus7a,fus7a,True,7,5,0-9,0-9,arabic_harakat
قِدّ,qkgidd,qidd,False,4,6,0-9,0-9,arabic_harakat
خَنَاشِير,khanaashiir,khanaashiir,True,9,11,0-9,10-19,arabic_harakat
مْوَنْكِر,mwankir,mwankir,True,9,7,0-9,0-9,arabic_harakat
لَمَز,lamaz,lamaz,True,5,5,0-9,0-9,arabic_harakat
اِسْتَنَّى,2istanna,2istana,False,10,8,10-19,0-9,arabic_harakat
أَخْبَار,2akhbaar,2akhbaar,True,8,8,0-9,0-9,arabic_harakat
كَرَامَيل,karamiil,karamaayil,False,9,8,0-9,0-9,arabic_harakat
أَجْهَد,2ajhad,2ajhad,True,7,6,0-9,0-9,arabic_harakat
غَمِّض,ghammid,ghammid,True,6,7,0-9,0-9,arabic_harakat
صَفَح,safa7,safa7,True,5,5,0-9,0-9,arabic_harakat
سَرْسَبِة,sarsabe,sarsabe,True,9,7,0-9,0-9,arabic_harakat
اِنْتِمَاء,2intimaa2,2intimaa2,True,10,9,10-19,0-9,arabic_harakat
تْجَيَّد,tjayyad,tjayyad,True,8,7,0-9,0-9,arabic_harakat
بِيرُدّ جَوَابَات,biyrudd jawaabaat,biirrud jawabit,False,17,17,10-19,10-19,arabic_harakat
تَجَارُب,tajaarub,tajaarub,True,8,8,0-9,0-9,arabic_harakat
تَفَكُّر,tafakkur,tafakkur,True,8,8,0-9,0-9,arabic_harakat
يِفْلِت,yiflit,yiflit,True,7,6,0-9,0-9,arabic_harakat
يشَخِّب,yshakhkhib,yshakhkhib,True,7,10,0-9,10-19,arabic_harakat
مُتَدَنِّي,mutadanni,mutadanni,True,10,9,10-19,0-9,arabic_harakat
تْيَسَّر,tyassar,tyassar,True,8,7,0-9,0-9,arabic_harakat
طَعْنُوزِة,ta3nuuze,ta3nuuze,True,10,8,10-19,0-9,arabic_harakat
زِيجِة,ziije,ziije,True,6,5,0-9,0-9,arabic_harakat
مَرَار,maraar,maraar,True,6,6,0-9,0-9,arabic_harakat
أَكِل,2akil,2akil,True,5,5,0-9,0-9,arabic_harakat
يِتْأَقْلَم,yit2aqlam,yit2aqlam,True,11,9,10-19,0-9,arabic_harakat
مِسْرَاة الدَّوَاب,misraat 2iddawaab,misraa 2iddoobe,False,18,17,10-19,10-19,arabic_harakat
تْذَلَّل,tzallal,tzallal,True,8,7,0-9,0-9,arabic_harakat
طِبْق,tibq,tibq,True,5,4,0-9,0-9,arabic_harakat
عَفْكَشِة,3afkashe,3afkashe,True,9,8,0-9,0-9,arabic_harakat
عَوَّض,3awwad,3awwad,True,6,6,0-9,0-9,arabic_harakat
مْحوِّر,m7awwir,m7awwir,True,7,7,0-9,0-9,arabic_harakat
حْوَاش,7waash,7waash,True,6,6,0-9,0-9,arabic_harakat
عَفَر,3afar,3afar,True,5,5,0-9,0-9,arabic_harakat
مْجَلِّد,mjallid,mjallid,True,8,7,0-9,0-9,arabic_harakat
تْفَهَّم,tfahham,tfahham,True,8,7,0-9,0-9,arabic_harakat
يِتْخَنْزَر,yitkhanzar,yitkhanzar,True,11,10,10-19,10-19,arabic_harakat
مْلَحِّق,mla77iq,mla77iq,True,8,7,0-9,0-9,arabic_harakat
بَرِّئ,barri2,barri2,True,6,6,0-9,0-9,arabic_harakat
مَصِر,masir,masir,True,5,5,0-9,0-9,arabic_harakat
اِفْهَق,2ifhaq,2ifhaq,True,7,6,0-9,0-9,arabic_harakat
اِعْتِل,2i3til,2i3til,True,7,6,0-9,0-9,arabic_harakat
حَطُّه تحت بَاطُه,7atto ta7it baato,7atto taabit bato,False,17,17,10-19,10-19,arabic_harakat
يدَاوِم,ydaawim,ydaawim,True,7,7,0-9,0-9,arabic_harakat
يجِيب,yjiib,yjiib,True,5,5,0-9,0-9,arabic_harakat
حَسِيب,7asiib,7asiib,True,6,6,0-9,0-9,arabic_harakat
اِلْبِد,2ilbud,2ilbid,False,7,6,0-9,0-9,arabic_harakat
صِنَاعَة,sinaa3a,sinaa3a,True,8,7,0-9,0-9,arabic_harakat
اُنْغُد,2unghud,2unghud,True,7,7,0-9,0-9,arabic_harakat
اِتْسَحَّر,2itsa77ar,2itsa77ar,True,10,9,10-19,0-9,arabic_harakat
اِعْطَب,2i3tab,2i3tab,True,7,6,0-9,0-9,arabic_harakat
يجَيِّف,yjayyif,yjayyif,True,7,7,0-9,0-9,arabic_harakat
كُود,kuud,kuud,True,4,4,0-9,0-9,arabic_harakat
يهَاهِي,yhaahi,yhaahi,True,7,6,0-9,0-9,arabic_harakat
اِتْنَقَّط,2itnaqqat,2itnaqqat,True,10,9,10-19,0-9,arabic_harakat
عُبُور,3ubuur,3ubuur,True,6,6,0-9,0-9,arabic_harakat
يِدْعِي,yid3i,yid3i,True,7,5,0-9,0-9,arabic_harakat
يِنِمْغِص,yinimghis,yinimghis,True,9,9,0-9,0-9,arabic_harakat
إِير,2iir,2iir,True,4,4,0-9,0-9,arabic_harakat
فِيض,fiid,fiid,True,4,4,0-9,0-9,arabic_harakat
اِنْقَشّ,2inqashsh,2inqashsh,True,8,9,0-9,0-9,arabic_harakat
غُدَد,ghudad,ghudad,True,5,6,0-9,0-9,arabic_harakat
رَسَّب,rassab,rassab,True,6,6,0-9,0-9,arabic_harakat
مْرَارَاة,mraaraa,mraaraa,True,9,7,0-9,0-9,arabic_harakat
تَوَاصُل,tawaasul,tawaasul,True,8,8,0-9,0-9,arabic_harakat
تْسَخْمَط,tsakhmat,tsakhmat,True,9,8,0-9,0-9,arabic_harakat
حَوف,7oof,7oof,True,4,4,0-9,0-9,arabic_harakat
قَرَاشِيل,2araashiil,qaraashiil,False,9,10,0-9,10-19,arabic_harakat
عَابِد,3aabid,3aabid,True,6,6,0-9,0-9,arabic_harakat
ثُمُن,tumun,thumun,False,5,5,0-9,0-9,arabic_harakat
يِنْضَخّ,yindakhkh,yindakhkh,True,8,9,0-9,0-9,arabic_harakat
اِتْحَفَّف,2it7affaf,2it7affaf,True,10,9,10-19,0-9,arabic_harakat
سَكْبِة,sakbe,sakbe,True,7,5,0-9,0-9,arabic_harakat
اِنْتَبَه,2intabah,2intabah,True,9,8,0-9,0-9,arabic_harakat
قَهْوِي,qahwigahwi,qahwi,False,7,10,0-9,10-19,arabic_harakat
تَغْطِيِة,taghtiye,taghtiye,True,9,8,0-9,0-9,arabic_harakat
يِرْزُق,yirzuq,yirzuq,True,7,6,0-9,0-9,arabic_harakat
يِنْلِدِغ,yinlidigh,yinlidigh,True,9,9,0-9,0-9,arabic_harakat
لِبّ,libb,libb,True,4,4,0-9,0-9,arabic_harakat
عَكْرَت,3akrat,3akrat,True,7,6,0-9,0-9,arabic_harakat
اِسْتَفْرِغ,2istafrigh,2istafrigh,True,11,10,10-19,10-19,arabic_harakat
بَلَّط,ballat,ballat,True,6,6,0-9,0-9,arabic_harakat
صَانْعَة,saan3a,saan3a,True,8,6,0-9,0-9,arabic_harakat
وَجَع,waja3,waja3,True,5,5,0-9,0-9,arabic_harakat
يفِيض,yfiid,yfiid,True,5,5,0-9,0-9,arabic_harakat
اُلْضُم,2uldum,2uldum,True,7,6,0-9,0-9,arabic_harakat
يِتْوَعَّك,yitwa33ak,yitwa33ak,True,10,9,10-19,0-9,arabic_harakat
يوَسِّخ,ywassikh,ywassikh,True,7,8,0-9,0-9,arabic_harakat
شَلّ أَمَلُه,shall 2amalo,shalla 2ammalo,False,12,12,10-19,10-19,arabic_harakat
سَايِب,saayib,saayib,True,6,6,0-9,0-9,arabic_harakat
يُقْلُح,yuqludj,yuqlu7,False,7,7,0-9,0-9,arabic_harakat
يسَتِّف,ysattif,ysattif,True,7,7,0-9,0-9,arabic_harakat
نَتِيجِة,natiije,natiije,True,8,7,0-9,0-9,arabic_harakat
يِتْجَرَّد,yitjarrad,yitjarrad,True,10,9,10-19,0-9,arabic_harakat
يِتِّقِي,yittiqi,yittiqi,True,8,7,0-9,0-9,arabic_harakat
عَاوَن,3aawan,3aawan,True,6,6,0-9,0-9,arabic_harakat
جَوَّف,jawwaf,jawwaf,True,6,6,0-9,0-9,arabic_harakat
أَعْلَاف,2a3laaf,2a3laaf,True,8,7,0-9,0-9,arabic_harakat
اِسْتَشْرَق,2istashraq,2istashraq,True,11,10,10-19,10-19,arabic_harakat
لَاوَد,laawad,laawad,True,6,6,0-9,0-9,arabic_harakat
مِلْعَقَة,mil3aqa,mil3aqa,True,9,7,0-9,0-9,arabic_harakat
يِتْقَطَّف,yitqattaf,yitqattaf,True,10,9,10-19,0-9,arabic_harakat
كَسَر,kasar,kasar,True,5,5,0-9,0-9,arabic_harakat
حَلِي,7ali,7ali,True,5,4,0-9,0-9,arabic_harakat
اِعْتَزَل,2i3tazal,2i3tazal,True,9,8,0-9,0-9,arabic_harakat
فَهْلَوِي,fahlawi,fahlawi,True,9,7,0-9,0-9,arabic_harakat
قَانْصَة,qaansa,qaansa,True,8,6,0-9,0-9,arabic_harakat
اِنْبَرِى,2inbari,2inbari,True,9,7,0-9,0-9,arabic_harakat
يكَتْكِت,ykatkit,ykatkit,True,8,7,0-9,0-9,arabic_harakat
يِضْغَط,yidghat,yidghat,True,7,7,0-9,0-9,arabic_harakat
اِكْذِب,2ikzib,2izkib,False,7,6,0-9,0-9,arabic_harakat
مَا أَسْقَع وجهه,maa 2asqa3 wijho,maa 2asqa3 wajho,False,16,16,10-19,10-19,arabic_harakat
لَفْحَة هوَا,laf7it hawa,laf7a wiha,False,12,11,10-19,10-19,arabic_harakat
مْكَعْمَش,mka3mash,mka3mash,True,9,8,0-9,0-9,arabic_harakat
يِفْرِد,yifrid,yifrid,True,7,6,0-9,0-9,arabic_harakat
طُبُر,tubur,tubur,True,5,5,0-9,0-9,arabic_harakat
تْظَاهَر,tzaahar,tzaahar,True,8,7,0-9,0-9,arabic_harakat
فَعَّال,fa33aal,fa33aal,True,7,7,0-9,0-9,arabic_harakat
يُلْبُط,yulbut,yulbut,True,7,6,0-9,0-9,arabic_harakat
اِنْغِصِب,2inghisib,2inghisib,True,9,9,0-9,0-9,arabic_harakat
بُطُء,butu2,butu2,True,5,5,0-9,0-9,arabic_harakat
مَرْكُوب,markuub,markuub,True,8,7,0-9,0-9,arabic_harakat
اِسْتَحَال,2ista7aal,2ista7aal,True,10,9,10-19,0-9,arabic_harakat
صَنِّف,sannif,sannif,True,6,6,0-9,0-9,arabic_harakat
تْفَلْسَف,tfalsaf,tfalsaf,True,9,7,0-9,0-9,arabic_harakat
اِتْحَمَّل,2it7ammal,2it7ammal,True,10,9,10-19,0-9,arabic_harakat
يِتْحَنْتَر,yit7antar,yit7antar,True,11,9,10-19,0-9,arabic_harakat
قَرِّي,qkgarri,qarri,False,6,7,0-9,0-9,arabic_harakat
ويَا دَار مَا دَخَلك شَر,wuyaa daar maa dakhkhalik sharr,wee daar maa shakhadak,False,24,31,20-29,30-39,arabic_harakat
فَنْتَزِيِّة,fantaziyye,fantaziyye,True,12,10,10-19,10-19,arabic_harakat
دَغْشِي,daghshi,daghshi,True,7,7,0-9,0-9,arabic_harakat
فُسْتَان,fustaan,fustaan,True,8,7,0-9,0-9,arabic_harakat
اِرْضَع,2irda3,2irda3,True,7,6,0-9,0-9,arabic_harakat
غُصّ,ghuss,ghuss,True,4,5,0-9,0-9,arabic_harakat
يُغْرُش,yughrush,yughrush,True,7,8,0-9,0-9,arabic_harakat
إِجت القدرة تعَاير المغرفة قَالت الهَا روحي يَا سمرة يَا مْقَحْلَفة من يوم يومك مجوفة,2idjat 2ilkidre t3aayir 2ilmaghrafe kaalatilha ruu7i yaa samra yaa mka7lafe min yoom yoomik mdjawwafe,2ijaa 2ilqarde wuqaallafye maa til7ra ma ya qaruushufe ma ma ma qkarafe matin yill7afe,False,85,101,80-89,100-109,arabic_harakat
طَالِع,taali3,taali3,True,6,6,0-9,0-9,arabic_harakat
اِتْبَرَّج,2itbarraj,2itbarraj,True,10,9,10-19,0-9,arabic_harakat
اُكْمُر,2ukmur,2ukmur,True,7,6,0-9,0-9,arabic_harakat
اِبْرَص,2ibras,2ibras,True,7,6,0-9,0-9,arabic_harakat
مَغْمُوم,maghmuum,maghmuum,True,8,8,0-9,0-9,arabic_harakat
يِرْشِي,yirshi,yirshi,True,7,6,0-9,0-9,arabic_harakat
مَنْفُوس,manfuus,manfuus,True,8,7,0-9,0-9,arabic_harakat
يفَلِّت,yfallit,yfallit,True,7,7,0-9,0-9,arabic_harakat
تْدَهْوَل عَلَى عَينُه,2iddahwal 3ala 3eeno,2iddahwal 3aleen,False,22,20,20-29,20-29,arabic_harakat
يخَمِّس,ykhammis,ykhammis,True,7,8,0-9,0-9,arabic_harakat
حِرَاك,7iraak,7iraak,True,6,6,0-9,0-9,arabic_harakat
يِنْهَى,yinha,yinha,True,7,5,0-9,0-9,arabic_harakat
صَافَح,saafa7,saafa7,True,6,6,0-9,0-9,arabic_harakat
جَامَع,jaama3,jaama3,True,6,6,0-9,0-9,arabic_harakat
تْقَرْدَن,tqardan,tqardan,True,9,7,0-9,0-9,arabic_harakat
وِنِس,winis,winis,True,5,5,0-9,0-9,arabic_harakat
يِتْصَحَّح,yitsa77a7,yitsa77a7,True,10,9,10-19,0-9,arabic_harakat
اِسْكَالِة,2iskaale,2iskaale,True,10,8,10-19,0-9,arabic_harakat
بَاص,baas,baas,True,4,4,0-9,0-9,arabic_harakat
تْبَجَّح,tbajja7,tbadjdja7,False,8,7,0-9,0-9,arabic_harakat
يَسْمُو,yismu,yasmu,False,7,5,0-9,0-9,arabic_harakat
أَشِيل لُه بِزْرِة عَينِيه,2ashiillo bizrit 3inee,2ashiilo la binize,False,26,22,20-29,20-29,arabic_harakat
تَعْتَس,ta3tas,ta3tas,True,7,6,0-9,0-9,arabic_harakat
حُزَم,7uzam,7uzam,True,5,5,0-9,0-9,arabic_harakat
مْعَطْبِن,m3atbin,m3atbin,True,9,7,0-9,0-9,arabic_harakat
نَاك,naak,naak,True,4,4,0-9,0-9,arabic_harakat
خَجْلَان,khajlaan,khajlaan,True,8,8,0-9,0-9,arabic_harakat
يِتْفَضَّل,yitfaddal,yitfaddal,True,10,9,10-19,0-9,arabic_harakat
حَاجَج,7aajaj,7aajaj,True,6,6,0-9,0-9,arabic_harakat
اِتْطَابَش,2ittaabash,2ittaabash,True,10,10,10-19,10-19,arabic_harakat
اِتْعَاقَد,2it3aaqad,2it3aaqad,True,10,9,10-19,0-9,arabic_harakat
صَيَاعَة,sayaa3a,sayaa3a,True,8,7,0-9,0-9,arabic_harakat
طَايِل,taayil,taayil,True,6,6,0-9,0-9,arabic_harakat
كَوفَرْجِي,koofirji,koofarji,False,10,8,10-19,0-9,arabic_harakat
يِتْفَكَّك,yitfakkak,yitfakkak,True,10,9,10-19,0-9,arabic_harakat
وَبَّخ,wabbakh,wabbakh,True,6,7,0-9,0-9,arabic_harakat
يِخْرَس,yikhras,yikhras,True,7,7,0-9,0-9,arabic_harakat
أَكَل رَاسي,2akal raasi,2akal raasi,True,11,11,10-19,10-19,arabic_harakat
اِرْفُض,2irfud,2irfud,True,7,6,0-9,0-9,arabic_harakat
يِنْكَبّ,yinkabb,yinkabb,True,8,7,0-9,0-9,arabic_harakat
اِنْقَبَض,2inqabad,2inqabad,True,9,8,0-9,0-9,arabic_harakat
صِلِح,sili7,sili7,True,5,5,0-9,0-9,arabic_harakat
ثَقَّف,saqqaf,saqqaf,True,6,6,0-9,0-9,arabic_harakat
عَفَاف,3afaaf,3afaaf,True,6,6,0-9,0-9,arabic_harakat
أَكَلوَا وِجْهُه,2akalu wijho,2akal wijho,False,16,12,10-19,10-19,arabic_harakat
اِتْرَعْرَع,2itra3ra3,2itra3ra3,True,11,9,10-19,0-9,arabic_harakat
يِنْدِمِل,yindimil,yindimil,True,9,8,0-9,0-9,arabic_harakat
اِنْشِرِح,2inshiri7,2inshiri7,True,9,9,0-9,0-9,arabic_harakat
يِنْفِصِل,yinfisil,yinfisil,True,9,8,0-9,0-9,arabic_harakat
مَقْعَد,maq3ad,maq3ad,True,7,6,0-9,0-9,arabic_harakat
لَوَّع,lawwa3,lawwa3,True,6,6,0-9,0-9,arabic_harakat
يِتْكَايَف,yitkaayaf,yitkaayaf,True,10,9,10-19,0-9,arabic_harakat
كَوت,koot,koot,True,4,4,0-9,0-9,arabic_harakat
تْكَلَّف,tkallaf,tkallaf,True,8,7,0-9,0-9,arabic_harakat
يِتْنَقَّى,yitnaqqa,yitnaqqa,True,10,8,10-19,0-9,arabic_harakat
زِخِم,zikhim,zikhim,True,5,6,0-9,0-9,arabic_harakat
يثُور,ysuur,ysuur,True,5,5,0-9,0-9,arabic_harakat
قد طيز العقربَا,qadd tiiz 2il3aqrabe,qadd yizaa3 2ilqarb,False,15,20,10-19,20-29,arabic_harakat
عَلَى أُمّ,3ala 2umm,3ala 2ammu,False,10,9,10-19,0-9,arabic_harakat
قَابَل,qaabal,qaabal,True,6,6,0-9,0-9,arabic_harakat
مْصَومَع,msoomi3,msooma3,False,8,7,0-9,0-9,arabic_harakat
أَجْسَام,2ajsaam,2ajsaam,True,8,7,0-9,0-9,arabic_harakat
نُوَّاب,nuwwaab,nuwwaab,True,7,7,0-9,0-9,arabic_harakat
لُطّ,lutt,lutt,True,4,4,0-9,0-9,arabic_harakat
حِثِل,7ithil,7ithil,True,5,6,0-9,0-9,arabic_harakat
جَعْلَص,ja3las,ja3las,True,7,6,0-9,0-9,arabic_harakat
يْكَبِّر,ykabbir,ykabbir,True,8,7,0-9,0-9,arabic_harakat
اِتْرَيَّض,2itrayyad,2itrayyad,True,10,9,10-19,0-9,arabic_harakat
يحَنْدِق,y7andiq,y7andiq,True,8,7,0-9,0-9,arabic_harakat
يِطْحَش,yit7ash,yit7ash,True,7,7,0-9,0-9,arabic_harakat
بَخَّت,bakhkhat,bakhkhat,True,6,8,0-9,0-9,arabic_harakat
يِتْفَرْعَن,yitfar3an,yitfar3an,True,11,9,10-19,0-9,arabic_harakat
قَلَج,qaladj,qaladj,True,5,6,0-9,0-9,arabic_harakat
سردَاحي مِرْدَاحِي,sirdaa7i mirdaa7i,sirdaa7i mriid7i,False,18,17,10-19,10-19,arabic_harakat
مَنْشَر,manshar,manshar,True,7,7,0-9,0-9,arabic_harakat
اِلْحَس تتنعس,2il7as tatin3as,2il7ast tana3s,False,13,15,10-19,10-19,arabic_harakat
مُسْتَجَاب,mustajaab,mustajaab,True,10,9,10-19,0-9,arabic_harakat
يشَهِّد,yshahhid,yshahhid,True,7,8,0-9,0-9,arabic_harakat
تْدَقْلَج,2iddaqladj,2iddaqladj,True,9,10,0-9,10-19,arabic_harakat
دَمَّل,dammal,dammal,True,6,6,0-9,0-9,arabic_harakat
فَعَص,fa3as,fa3as,True,5,5,0-9,0-9,arabic_harakat
اِنْتِرِس,2intiris,2intiris,True,9,8,0-9,0-9,arabic_harakat
نَقْرِز,naqkriz,naqriz,False,7,7,0-9,0-9,arabic_harakat
هَبِّل,habbil,habbil,True,6,6,0-9,0-9,arabic_harakat
سَولَفِة,soolafe,soolafe,True,8,7,0-9,0-9,arabic_harakat
فَشِّق,fashshiq,fashshiq,True,6,8,0-9,0-9,arabic_harakat
كَرَّم,karram,karram,True,6,6,0-9,0-9,arabic_harakat
كُتَّاب,kuttaab,kuttaab,True,7,7,0-9,0-9,arabic_harakat
اِنْمِرِش,2inmirish,2inmirish,True,9,9,0-9,0-9,arabic_harakat
مَلَل,malal,malal,True,5,5,0-9,0-9,arabic_harakat
وَلَاوِل,walaawil,walaawil,True,8,8,0-9,0-9,arabic_harakat
اِسْحَل,2is7al,2is7al,True,7,6,0-9,0-9,arabic_harakat
نَجِّح,najji7,najji7,True,6,6,0-9,0-9,arabic_harakat
اِسْتَسْخِف,2istaskhif,2istaskhif,True,11,10,10-19,10-19,arabic_harakat
دِفّ,diff,diff,True,4,4,0-9,0-9,arabic_harakat
يِلْزَم,yilzam,yilzam,True,7,6,0-9,0-9,arabic_harakat
تَعْبِير,ta3biir,ta3biir,True,8,7,0-9,0-9,arabic_harakat
خُبْزِة,khubze,khubze,True,7,6,0-9,0-9,arabic_harakat
اِتْسَخَّط,2itsakhkhat,2itsakhkhat,True,10,11,10-19,10-19,arabic_harakat
جَخِّم,djakhkhim,jakhkhim,False,6,9,0-9,0-9,arabic_harakat
بَعْبِل,ba3bil,ba3bil,True,7,6,0-9,0-9,arabic_harakat
عِرْبَان,3irbaan,3irbaan,True,8,7,0-9,0-9,arabic_harakat
خَلَاص,khalaas,khalaas,True,6,7,0-9,0-9,arabic_harakat
يصِرّ,ysirr,ysirr,True,5,5,0-9,0-9,arabic_harakat
دَلَّع,dalla3,dalla3,True,6,6,0-9,0-9,arabic_harakat
مَزَّز,mazzaz,mazzaz,True,6,6,0-9,0-9,arabic_harakat
يِسْرِف,yisrif,yisrif,True,7,6,0-9,0-9,arabic_harakat
اِثْنِي,2ithni,2itni,False,7,6,0-9,0-9,arabic_harakat
عَاصِص,3aasis,3aasis,True,6,6,0-9,0-9,arabic_harakat
يِحْدِف,yi7dif,yi7dif,True,7,6,0-9,0-9,arabic_harakat
خْشَاش,khshaash,khshaash,True,6,8,0-9,0-9,arabic_harakat
يِنْصِدِم,yinsidim,yinsidim,True,9,8,0-9,0-9,arabic_harakat
اِتْمَرْقَط,2itmarqat,2itmarqat,True,11,9,10-19,0-9,arabic_harakat
اِبْرَخ,2ibrakh,2ibrakh,True,7,7,0-9,0-9,arabic_harakat
يدَشِّب,ydashshib,ydashshib,True,7,9,0-9,0-9,arabic_harakat
اِسْتَفِيد,2istafiid,2istafiid,True,10,9,10-19,0-9,arabic_harakat
اِنْبَرَش,2inbarash,2inbarash,True,9,9,0-9,0-9,arabic_harakat
حُصْرُص,7usrus,7usrus,True,7,6,0-9,0-9,arabic_harakat
مْخَمَّرَة,mkhammara,mkhammara,True,10,9,10-19,0-9,arabic_harakat
ينَهِّج,ynahhidj,ynahhidj,True,7,8,0-9,0-9,arabic_harakat
اِتْقَطَّم,2itqattam,2itqattam,True,10,9,10-19,0-9,arabic_harakat
قَوَام,2awaam,qawaam,False,6,6,0-9,0-9,arabic_harakat
يلَغْمِط,ylaghmit,ylaghmit,True,8,8,0-9,0-9,arabic_harakat
سَلَقْلَق,sala2la2,salqal,False,9,8,0-9,0-9,arabic_harakat
تْمَصْلَح,tmasla7,tmasla7,True,9,7,0-9,0-9,arabic_harakat
خَمَرْجِي,khamarji,khamarji,True,9,8,0-9,0-9,arabic_harakat
عَوَر,3awar,3oorar,False,5,5,0-9,0-9,arabic_harakat
مِتْكَتِّل,mitkattil,mitkattil,True,10,9,10-19,0-9,arabic_harakat
طْحِين,t7iin,t7iin,True,6,5,0-9,0-9,arabic_harakat
اُصْرُك,2usruk,2usruk,True,7,6,0-9,0-9,arabic_harakat
مَتِين,matiin,matiin,True,6,6,0-9,0-9,arabic_harakat
اِنْخَطَب,2inkhatab,2inkhatab,True,9,9,0-9,0-9,arabic_harakat
حَيِّح,7ayyi7,7ayyi7,True,6,6,0-9,0-9,arabic_harakat
شْدَاد,shdaad,shdaad,True,6,6,0-9,0-9,arabic_harakat
جَلَاجِل,jalaajil,jalaajil,True,8,8,0-9,0-9,arabic_harakat
نَكْشِة,nakshe,nakshe,True,7,6,0-9,0-9,arabic_harakat
بَخَّر,bakhkhar,bakhkhar,True,6,8,0-9,0-9,arabic_harakat
يِتْغَضَّب,yitghaddab,yitghaddab,True,10,10,10-19,10-19,arabic_harakat
يغَزِّز,yghazziz,yghazziz,True,7,8,0-9,0-9,arabic_harakat
تْتَلْمَذ,2ittalmaz,tzalmat,False,9,9,0-9,0-9,arabic_harakat
عَذْرَاء,3azraa2,3azraa2,True,8,7,0-9,0-9,arabic_harakat
سُوسِة البَلَا,suusit 2ilbala,suusit 2ilbala,True,14,14,10-19,10-19,arabic_harakat
كَامِل,kaamil,kaamil,True,6,6,0-9,0-9,arabic_harakat
يبَوبِز,yboobiz,yboobiz,True,7,7,0-9,0-9,arabic_harakat
اِتْشَرْدَق,2itshardaq,2itshardaq,True,11,10,10-19,10-19,arabic_harakat
مُمْكِن,mumkin,mumkin,True,7,6,0-9,0-9,arabic_harakat
جَاي,jaay,jaay,True,4,4,0-9,0-9,arabic_harakat
نَاشِف,naashif,naashif,True,6,7,0-9,0-9,arabic_harakat
تَنْظِير,tanziir,tanziir,True,8,7,0-9,0-9,arabic_harakat
فَوَارِيع,fawaarii3,fawaarii3,True,9,9,0-9,0-9,arabic_harakat
يِتْلَفَّظ,yitlaffaz,yitlaffaz,True,10,9,10-19,0-9,arabic_harakat
أَخَذ وِجِه على,2akhad wijih 3ala,2akhad wijih 3ala,True,15,17,10-19,10-19,arabic_harakat
رَذِيل,raziil,raziil,True,6,6,0-9,0-9,arabic_harakat
مْسَجِّح,msadjdji7,msajji7,False,8,9,0-9,0-9,arabic_harakat
نَكَّاشِة ذنين,nakkaashit dineen,nakkaashit diniyye,False,14,17,10-19,10-19,arabic_harakat
سَرْج,sarj,sarj,True,5,4,0-9,0-9,arabic_harakat
اِفْحَت,2if7at,2if7at,True,7,6,0-9,0-9,arabic_harakat
قَلْقَز,qalqaz,qalqaz,True,7,6,0-9,0-9,arabic_harakat
رِخُو,rikhu,rikhu,True,5,5,0-9,0-9,arabic_harakat
جَنِين,janiin,janiin,True,6,6,0-9,0-9,arabic_harakat
مِحْمَاس,mi7maas,mi7maas,True,8,7,0-9,0-9,arabic_harakat
يرَيِّل,yrayyil,yrayyil,True,7,7,0-9,0-9,arabic_harakat
اِبْنِي,2ibni,2ibni,True,7,5,0-9,0-9,arabic_harakat
الجَايَّات أَكْثَر مِن الرَّايْحَات,2iljaayyaat 2aktar min 2irraay7aat,2ittayyaat 2ittarjak 2il2in7amar 2il2ayyaaar,False,35,34,30-39,30-39,arabic_harakat
قُذَل,qudhal,qudhal,True,5,6,0-9,0-9,arabic_harakat
اِغْنَم,2ighnam,2ighnam,True,7,7,0-9,0-9,arabic_harakat
يفَغِّص,yfaghghis,yfaghghis,True,7,9,0-9,0-9,arabic_harakat
بيمُوت بدَبَادِيبها,bimuut bidabaadiibha,byimmuuto badaayib,False,19,20,10-19,20-29,arabic_harakat
اِتْرَبَّى,2itrabba,2itrabba,True,10,8,10-19,0-9,arabic_harakat
مَطَارَة,mataara,mataara,True,8,7,0-9,0-9,arabic_harakat
يِتْعَبْقَر,yit3abqar,yit3abqar,True,11,9,10-19,0-9,arabic_harakat
إِحْسَان,2i7saan,2i7saan,True,8,7,0-9,0-9,arabic_harakat
اُزْلُط,2uzlut,2uzlut,True,7,6,0-9,0-9,arabic_harakat
مَلَاحِم,malaa7im,malaa7im,True,8,8,0-9,0-9,arabic_harakat
بَحْرَة,ba7ra,ba7ra,True,7,5,0-9,0-9,arabic_harakat
وِضِح,widi7,widi7,True,5,5,0-9,0-9,arabic_harakat
رَاجَع,raaja3,raaja3,True,6,6,0-9,0-9,arabic_harakat
أَشَين,2asheen,2asheen,True,6,7,0-9,0-9,arabic_harakat
اِطْحَش,2it7ash,2it7ash,True,7,7,0-9,0-9,arabic_harakat
مَرْشُوش,marshuush,marshuush,True,8,9,0-9,0-9,arabic_harakat
اِنْجَعَم,2inja3am,2inja3am,True,9,8,0-9,0-9,arabic_harakat
يِتْخَرْبَط,yitkharbat,yitkharbat,True,11,10,10-19,10-19,arabic_harakat
أَنْتَخ,2antakh,2antakh,True,7,7,0-9,0-9,arabic_harakat
تَفْصِيص,tafsiis,tafsiis,True,8,7,0-9,0-9,arabic_harakat
اِتْهَدَّد,2ithaddad,2ithaddad,True,10,9,10-19,0-9,arabic_harakat
يِتْكَرَّم,yitkarram,yitkarram,True,10,9,10-19,0-9,arabic_harakat
عَرْمَط,3armat,3armat,True,7,6,0-9,0-9,arabic_harakat
حَظِر,7azir,7azir,True,5,5,0-9,0-9,arabic_harakat
رُؤيَا,ru2ya,ru2ya,True,6,5,0-9,0-9,arabic_harakat
يؤدِّي,y2addi,y2addi,True,6,6,0-9,0-9,arabic_harakat
بَالِة,baale,baale,True,6,5,0-9,0-9,arabic_harakat
اِسْتَأْسَد,2ista2sad,2ista2sad,True,11,9,10-19,0-9,arabic_harakat
مَنْطَرَة,mantara,mantara,True,9,7,0-9,0-9,arabic_harakat
يِجْبِر,yijbir,yijbir,True,7,6,0-9,0-9,arabic_harakat
طَنَّز,tannaz,tannaz,True,6,6,0-9,0-9,arabic_harakat
وَرِد,warid,warid,True,5,5,0-9,0-9,arabic_harakat
يِهْتِك,yihtik,yihtik,True,7,6,0-9,0-9,arabic_harakat
اِتْصَومَع,2itsooma3,2itsooma3,True,10,9,10-19,0-9,arabic_harakat
طُلُق,tuluq,tuluq,True,5,5,0-9,0-9,arabic_harakat
خَالِف,khaalif,khaalif,True,6,7,0-9,0-9,arabic_harakat
اِسْتَدْرَج,2istadraj,2istadraj,True,11,9,10-19,0-9,arabic_harakat
اِتْلَجَّم,2itlajjam,2itlajjam,True,10,9,10-19,0-9,arabic_harakat
يِتْمَدَّن,yitmaddan,yitmaddan,True,10,9,10-19,0-9,arabic_harakat
اِنْحَزَر,2in7azar,2in7azar,True,9,8,0-9,0-9,arabic_harakat
على نَار,3ala naar,3ala naara,False,8,9,0-9,0-9,arabic_harakat
اِنْذُر,2indhur,2inzur,False,7,7,0-9,0-9,arabic_harakat
تْعَرْقَص,t3arqas,t3arqas,True,9,7,0-9,0-9,arabic_harakat
حَشْوِة خَارُوف,7ashwit kharuuf,7ashwit kharufe,False,15,15,10-19,10-19,arabic_harakat
رَوتَش,rootash,rootash,True,6,7,0-9,0-9,arabic_harakat
دَبَشِة,dabashe,dabashe,True,7,7,0-9,0-9,arabic_harakat
مْجَبِّل,mjabbil,mjabbil,True,8,7,0-9,0-9,arabic_harakat
سَمُّونِة,sammuune,sammuune,True,9,8,0-9,0-9,arabic_harakat
اِنْحِنِي,2in7ini,2in7ini,True,9,7,0-9,0-9,arabic_harakat
تْصَوَّر,tsawwar,tsawwar,True,8,7,0-9,0-9,arabic_harakat
اِتْعَزَّز,2it3azzaz,2it3azzaz,True,10,9,10-19,0-9,arabic_harakat
جَاهِر,jaahir,jaahir,True,6,6,0-9,0-9,arabic_harakat
جُوع الشهرة,juu3 2ishshuhra,juu3 2ishshara,False,11,15,10-19,10-19,arabic_harakat
اِسْتِعْمَال,2isti3maal,2isti3maal,True,12,10,10-19,10-19,arabic_harakat
تْوَسَّخ,twassakh,twassakh,True,8,8,0-9,0-9,arabic_harakat
يِفْحَج,yif7aj,yif7aj,True,7,6,0-9,0-9,arabic_harakat
جَعَط,dja3at,ja3at,False,5,6,0-9,0-9,arabic_harakat
يِسْتَعِير,yista3iir,yista3iir,True,10,9,10-19,0-9,arabic_harakat
قَاع,qaa3,qaa3,True,4,4,0-9,0-9,arabic_harakat
تْفَعَّل,tfa33al,tfa33al,True,8,7,0-9,0-9,arabic_harakat
اِنْقَرَم,2inqaram,2inqaram,True,9,8,0-9,0-9,arabic_harakat
مَلْهُوف,malhuuf,malhuuf,True,8,7,0-9,0-9,arabic_harakat
تِرَك,tirak,tirak,True,5,5,0-9,0-9,arabic_harakat
يِتْرَوَّق,yitrawwa2,yitrawwaq,False,10,9,10-19,0-9,arabic_harakat
اِلُه عَينَين بْرَاس,2ilo 3ineen braas,2illo 3een beraas,False,20,17,20-29,10-19,arabic_harakat
تِفِل,tifil,tifil,True,5,5,0-9,0-9,arabic_harakat
بَلِّة,balle,balle,True,6,5,0-9,0-9,arabic_harakat
شَوِّط,shawwit,shawwit,True,6,7,0-9,0-9,arabic_harakat
مْبَوِّش,mbawwish,mbawwish,True,8,8,0-9,0-9,arabic_harakat
يِحْتِرِم,yi7tirim,yi7tirim,True,9,8,0-9,0-9,arabic_harakat
يِنْهِجِم,yinhijim,yinhijim,True,9,8,0-9,0-9,arabic_harakat
زِيت,ziit,ziit,True,4,4,0-9,0-9,arabic_harakat
مَرَّاق,marraaq,marraaq,True,7,7,0-9,0-9,arabic_harakat
زَرَد,zarad,zarad,True,5,5,0-9,0-9,arabic_harakat
حَاكِر,7aakir,7aakir,True,6,6,0-9,0-9,arabic_harakat
أَجِنَّة,2ajinna,2ajinne,False,8,7,0-9,0-9,arabic_harakat
بْرِشْت,brisht,brisht,True,7,6,0-9,0-9,arabic_harakat
شَخْصَنِة,yshakhsane,shakhsane,False,9,10,0-9,10-19,arabic_harakat
خِدْمِة,khidme,khidme,True,7,6,0-9,0-9,arabic_harakat
مِتْحَيوِن,mit7eewin,mit7ooyin,False,10,9,10-19,0-9,arabic_harakat
تْمَلَّط,tmallat,tmallat,True,8,7,0-9,0-9,arabic_harakat
عَالعُمُوم,3al 3umuum,3aal3uum,False,10,10,10-19,10-19,arabic_harakat
تْنَافَر,tnaafar,tnaafar,True,8,7,0-9,0-9,arabic_harakat
قد البلد,qadd 2ilbalad,qadd 2ilbad,False,8,13,0-9,10-19,arabic_harakat
رَايِح,raayi7,raayi7,True,6,6,0-9,0-9,arabic_harakat
تْشَاهَد,tshaahad,tshaahad,True,8,8,0-9,0-9,arabic_harakat
قَطُّوسِة,qattuuse,qattuuse,True,9,8,0-9,0-9,arabic_harakat
مْنَشِّن,mnashshin,mnashshin,True,8,9,0-9,0-9,arabic_harakat
صَبَابَة,sabaaba,sabaaba,True,8,7,0-9,0-9,arabic_harakat
بُنْبُط,bunbut,bunbut,True,7,6,0-9,0-9,arabic_harakat
تَعْقِيد,ta3qiid,ta3qiid,True,8,7,0-9,0-9,arabic_harakat
غَمَز,ghamaz,ghamaz,True,5,6,0-9,0-9,arabic_harakat
مُخْتَلِس,mukhtalis,mukhtalis,True,9,9,0-9,0-9,arabic_harakat
اِنْخِلِط,2inkhilit,2inkhilit,True,9,9,0-9,0-9,arabic_harakat
يبَعْوِق,yba3wik,yba3wiq,False,8,7,0-9,0-9,arabic_harakat
يُرْشُق,yurshuq,yurshuq,True,7,7,0-9,0-9,arabic_harakat
أَفْشَى,2afsha,2afsha,True,7,6,0-9,0-9,arabic_harakat
حَسَاسِيِّة,7asaasiyye,7asaasiyye,True,11,10,10-19,10-19,arabic_harakat
يِتْطَاعَش,yittaa3ash,yittaa3ash,True,10,10,10-19,10-19,arabic_harakat
يسْتَعْجِل,yista3jil,yista3jil,True,10,9,10-19,0-9,arabic_harakat
مُخَيَّمْجِيِّة,mukhayyamjiyye,mukhayyamjiye,False,15,14,10-19,10-19,arabic_harakat
طَرَف خَيط,taraf kheet,taraf kheet,True,10,11,10-19,10-19,arabic_harakat
اِسْتَبْعِد,2istab3id,2istab3id,True,11,9,10-19,0-9,arabic_harakat
تَعْتَسِة,ta3tase,ta3tase,True,9,7,0-9,0-9,arabic_harakat
اِتْرَقَّب,2itraqqab,2itraqqab,True,10,9,10-19,0-9,arabic_harakat
اِتْمَايَع,2itmaaya3,2itmaaya3,True,10,9,10-19,0-9,arabic_harakat
حَلْمِز,7almiz,7almiz,True,7,6,0-9,0-9,arabic_harakat
تْرَاب,traab,traab,True,6,5,0-9,0-9,arabic_harakat
كَحْنِك,tsha7nitsh,ka7nik,False,7,10,0-9,10-19,arabic_harakat
شَعَر البَنَات,sha3r 2ilbanaat,sha3ar 2ilbanat,False,14,15,10-19,10-19,arabic_harakat
مُعْلَاق,mu3laaq,mu3laaq,True,8,7,0-9,0-9,arabic_harakat
لَدْوَع,ladwa3,ladwa3,True,7,6,0-9,0-9,arabic_harakat
قِطَار,qitaar,qitaar,True,6,6,0-9,0-9,arabic_harakat
تَفْرِيعَة,tafrii3a,tafrii3a,True,10,8,10-19,0-9,arabic_harakat
شَحِم,sha7im,sha7im,True,5,6,0-9,0-9,arabic_harakat
فُكُح,fuku7,fuku7,True,5,5,0-9,0-9,arabic_harakat
إِذاً,2izan,2izan,True,5,5,0-9,0-9,arabic_harakat
بَنَاطِيل,banaatiil,banaatiil,True,9,9,0-9,0-9,arabic_harakat
قَاعِد,qaa3id,qaa3id,True,6,6,0-9,0-9,arabic_harakat
يِنْزِنِق,yinziniq,yinziniq,True,9,8,0-9,0-9,arabic_harakat
هَزْهَزِة,hazhaze,hazhaze,True,9,7,0-9,0-9,arabic_harakat
حَوبِس,7oobis,7oobis,True,6,6,0-9,0-9,arabic_harakat
غَمِّز,ghammiz,ghammiz,True,6,7,0-9,0-9,arabic_harakat
اِتْكَثَّف,2itkassaf,2itkassaf,True,10,9,10-19,0-9,arabic_harakat
غُرَف,ghuraf,ghuraf,True,5,6,0-9,0-9,arabic_harakat
خِدَع,khida3,khida3,True,5,6,0-9,0-9,arabic_harakat
يِنْقِرِض,yinqirid,yinqirid,True,9,8,0-9,0-9,arabic_harakat
تْبَخْتَر,tbakhtar,tbakhtar,True,9,8,0-9,0-9,arabic_harakat
اِلْتِهِي,2iltihi,2iltihi,True,9,7,0-9,0-9,arabic_harakat
كُسْتُك,kustuk,kustuk,True,7,6,0-9,0-9,arabic_harakat
اِتْلَاحَق,2itlaa7aq,2itlaa7aq,True,10,9,10-19,0-9,arabic_harakat
عَصْلِج,3aslij,3aslij,True,7,6,0-9,0-9,arabic_harakat
شَعَر البَطِن,sha3ar 2ilbatin,sha3ar 2ilbatin,True,13,15,10-19,10-19,arabic_harakat
اُفْلُق,2ifluq,2ufluq,False,7,6,0-9,0-9,arabic_harakat
فَايِد,faayid,faayid,True,6,6,0-9,0-9,arabic_harakat
اِنْضَرَب,2indarab,2indarab,True,9,8,0-9,0-9,arabic_harakat
ولَا عُمرُه بيعَمِّر ولَا بيثَمِّر,wala 3umro bi3ammir wala bithammir,walaa3o mruu bitti3am bbirawa3,False,34,34,30-39,30-39,arabic_harakat
اُنْبُض,2unbud,2unbud,True,7,6,0-9,0-9,arabic_harakat
لَطْخَة,latkha,latkha,True,7,6,0-9,0-9,arabic_harakat
مِخْطِر,mikhtir,mikhtir,True,7,7,0-9,0-9,arabic_harakat
تَأْيِيد,ta2yiid,ta2yiid,True,8,7,0-9,0-9,arabic_harakat
اِتْسَطَّح,2itsatta7,2itsatta7,True,10,9,10-19,0-9,arabic_harakat
تْهَبِّكْش هم,thabbikish hamm,thabbik shimto,False,13,15,10-19,10-19,arabic_harakat
تْنَاقَل,tnaaqal,tnaaqal,True,8,7,0-9,0-9,arabic_harakat
جِرْسَة,jirsa,jirsa,True,7,5,0-9,0-9,arabic_harakat
مَرْمَطَة,marmata,marmata,True,9,7,0-9,0-9,arabic_harakat
اِحْتِرِم,2i7tirim,2i7tirim,True,9,8,0-9,0-9,arabic_harakat
غَمِيق,ghamiiq,ghamiiq,True,6,7,0-9,0-9,arabic_harakat
تْدَفَّى,2iddaffa,2iddaffa,True,8,8,0-9,0-9,arabic_harakat
يُكْمُن,yukmun,yukmun,True,7,6,0-9,0-9,arabic_harakat
حَمِيِّة,7amiyye,7amiyye,True,8,7,0-9,0-9,arabic_harakat
بَرْنُوطِة,barnuute,barnuute,True,10,8,10-19,0-9,arabic_harakat
اِسْتَمْوَت,2istamwat,2istamwat,True,11,9,10-19,0-9,arabic_harakat
فَنِّن,fannin,fannin,True,6,6,0-9,0-9,arabic_harakat
هم وغَم,hamm wughamm,hum wughamm,False,7,12,0-9,10-19,arabic_harakat
شْعِير,sh3iir,sh3iir,True,6,6,0-9,0-9,arabic_harakat
اِسْتَذْئِب,2istaz2ib,2istaz2ib,True,11,9,10-19,0-9,arabic_harakat
كِبْدِة,kibde,kibde,True,7,5,0-9,0-9,arabic_harakat
ضَاربهَا طَبَنْجَة,daaribha tabanja,daarabo taanjbe,False,18,16,10-19,10-19,arabic_harakat
اِنْغِلِق,2inghiliq,2inghiliq,True,9,9,0-9,0-9,arabic_harakat
يَا قَوْم,yaa qawm,yaa qwam,False,9,8,0-9,0-9,arabic_harakat
جَرْبَا,jarba,jarba,True,7,5,0-9,0-9,arabic_harakat
مْقُور,2imqkuur,mquur,False,6,8,0-9,0-9,arabic_harakat
مَمْسَك,mamsak,mamsak,True,7,6,0-9,0-9,arabic_harakat
بَيَّع,bayya3,bayya3,True,6,6,0-9,0-9,arabic_harakat
فْتِيل,ftiil,ftiil,True,6,5,0-9,0-9,arabic_harakat
لَزْوِع,lazwi3,lazwi3,True,7,6,0-9,0-9,arabic_harakat
اِتْدَهْدَك,2iddahdak,2iddahdak,True,11,9,10-19,0-9,arabic_harakat
المحمر وَالمشمر,2ilim7ammar wilimshammar,2ilma7mar willaashimr,False,15,24,10-19,20-29,arabic_harakat
وِرْد,wird,wird,True,5,4,0-9,0-9,arabic_harakat
تْبَعْبَل,tba3bal,tba3bal,True,9,7,0-9,0-9,arabic_harakat
حَلْبِة,7albe,7albe,True,7,5,0-9,0-9,arabic_harakat
شَبِّة,shabbe,shabbe,True,6,6,0-9,0-9,arabic_harakat
طَرِّح,tarri7,tarri7,True,6,6,0-9,0-9,arabic_harakat
فَاحَج,faa7aj,faa7aj,True,6,6,0-9,0-9,arabic_harakat
فَاقِس,faaqis,faaqis,True,6,6,0-9,0-9,arabic_harakat
مَفْجُوع,mafjuu3,mafjuu3,True,8,7,0-9,0-9,arabic_harakat
يغَرِّد,ygharrid,ygharrid,True,7,8,0-9,0-9,arabic_harakat
أُذُونَات,2uzuunaat,2uduunaat,False,9,9,0-9,0-9,arabic_harakat
قَلْبُه مْعَمَّل,qalbo m3ammal,qalbo m3all,False,16,13,10-19,10-19,arabic_harakat
اِتْحَوَّج,2it7awwaj,2it7awwaj,True,10,9,10-19,0-9,arabic_harakat
مش مِتْهَنِّى بلقمته,mish mithanni bluqmito,mish mithin 2ilqabit milla,False,20,22,20-29,20-29,arabic_harakat
فَتَحِت صَوتِي عَلَيه,fata7it sooti 3alee,fa3a7it sawaleet,False,21,19,20-29,10-19,arabic_harakat
اِكْنُز,2iknuz,2iknuz,True,7,6,0-9,0-9,arabic_harakat
سُفُن,sufun,sufun,True,5,5,0-9,0-9,arabic_harakat
اِخْتَفَى,2ikhtafa,2ikhtafa,True,9,8,0-9,0-9,arabic_harakat
نِيلِي,niili,niili,True,6,5,0-9,0-9,arabic_harakat
حَثِيمِة,7athiime,7athiime,True,8,8,0-9,0-9,arabic_harakat
قَرْض,qard,qard,True,5,4,0-9,0-9,arabic_harakat
رَذَالِة,razaale,razaale,True,8,7,0-9,0-9,arabic_harakat
يِسْتَعْبِد,yista3bid,yista3bid,True,11,9,10-19,0-9,arabic_harakat
يِتْنَازَل,yitnaazal,yitnaazal,True,10,9,10-19,0-9,arabic_harakat
سَلَاطِين,salaatiin,salaatiin,True,9,9,0-9,0-9,arabic_harakat
مِسْتَرْوِح,mistarwi7,mistarwi7,True,11,9,10-19,0-9,arabic_harakat
تَفْلِيخ,tafliikh,tafliikh,True,8,8,0-9,0-9,arabic_harakat
سَبَّل,sabbal,sabbal,True,6,6,0-9,0-9,arabic_harakat
نَحَب,na7ab,na7ab,True,5,5,0-9,0-9,arabic_harakat
خَنْتَرِيش,khantariish,khantariish,True,10,11,10-19,10-19,arabic_harakat
تْفَرْطَح,tfarta7,tfarta7,True,9,7,0-9,0-9,arabic_harakat
كَشِّش,kashshish,kashshish,True,6,9,0-9,0-9,arabic_harakat
غَنَمِة مَجْدُوعَة,ghaname majduu3a,ghaname maduu3a,False,18,16,10-19,10-19,arabic_harakat
زَنْدَف,zandaf,zandaf,True,7,6,0-9,0-9,arabic_harakat
يِتْسَلْبَط,yitsalbat,yitsalbat,True,11,9,10-19,0-9,arabic_harakat
هَلّ,hall,hall,True,4,4,0-9,0-9,arabic_harakat
تْغَنْدَر,tghandar,tghandar,True,9,8,0-9,0-9,arabic_harakat
حَذَّر,7azzar,7azzar,True,6,6,0-9,0-9,arabic_harakat
بَوَايِك,bawaayik,bawaayik,True,8,8,0-9,0-9,arabic_harakat
بَلْبُول,balbuul,balbuul,True,8,7,0-9,0-9,arabic_harakat
بُوكَيه,buukee,buukeeh,False,7,6,0-9,0-9,arabic_harakat
خَوَنِة,khawane,khoona,False,7,7,0-9,0-9,arabic_harakat
عوِّي,3awwi,3awwi,True,5,5,0-9,0-9,arabic_harakat
زُرْدُمِّة,zurdumme,zurdumme,True,10,8,10-19,0-9,arabic_harakat
عَاوِد,3aawid,3aawid,True,6,6,0-9,0-9,arabic_harakat
دَعْدَر,da3dar,da3dar,True,7,6,0-9,0-9,arabic_harakat
صَمَد,samad,samad,True,5,5,0-9,0-9,arabic_harakat
مِتْخَوِّش,mitkhawwish,mitkhawwish,True,10,11,10-19,10-19,arabic_harakat
مَقَادِير,maqaadiir,maqaadiir,True,9,9,0-9,0-9,arabic_harakat
فَطِين,fatiin,fatiin,True,6,6,0-9,0-9,arabic_harakat
يِقْدَح,yiqda7,yiqda7,True,7,6,0-9,0-9,arabic_harakat
قَحْمِز,ka7miz,qa7miz,False,7,6,0-9,0-9,arabic_harakat
يبَرِّئ,ybarri2,ybarri2,True,7,7,0-9,0-9,arabic_harakat
يِنْقَاد,yinqaad,yinqaad,True,8,7,0-9,0-9,arabic_harakat
تَمَادِي,tamaadi,tamaadi,True,8,7,0-9,0-9,arabic_harakat
تْرَكَّب,trakkab,trakkab,True,8,7,0-9,0-9,arabic_harakat
هِبِي,hibi,hibi,True,5,4,0-9,0-9,arabic_harakat
الله أخذ ودَاعته,2alla 2akhad wadaa3to,2alla 2akhduud wuda3atha,False,16,21,10-19,20-29,arabic_harakat
كَرَش,karash,karash,True,5,6,0-9,0-9,arabic_harakat
أَخُو أخته,2akhu 2ukhto,2akho 2akhto,False,10,12,10-19,10-19,arabic_harakat
يِحْزَن,yi7zan,yi7zan,True,7,6,0-9,0-9,arabic_harakat
تَحْنِين,ta7niin,ta7niin,True,8,7,0-9,0-9,arabic_harakat
مَدْلُوق,madluuq,madluuq,True,8,7,0-9,0-9,arabic_harakat
تَرويحِة السَّرح,tarwii7it 2issar7,taruu7it 2issara7,False,16,17,10-19,10-19,arabic_harakat
رُمُوز,rumuuz,rumuuz,True,6,6,0-9,0-9,arabic_harakat
بَرِيء,barii2,barii2,True,6,6,0-9,0-9,arabic_harakat
يِعْدَم,yi3dam,yi3dam,True,7,6,0-9,0-9,arabic_harakat
فَايْدِة,faayde,faayde,True,8,6,0-9,0-9,arabic_harakat
جِعْدِة,ji3de,ji3de,True,7,5,0-9,0-9,arabic_harakat
يِبْطَر,yibtar,yibtar,True,7,6,0-9,0-9,arabic_harakat
يكَرِّس,ykarris,ykarris,True,7,7,0-9,0-9,arabic_harakat
سَهْمِد,sahmid,sahmid,True,7,6,0-9,0-9,arabic_harakat
اِصْفَى,2isfa,2isfa,True,7,5,0-9,0-9,arabic_harakat
تَفَاقُم,tafaaqum,tafaaqum,True,8,8,0-9,0-9,arabic_harakat
بَيت المَي,beet 2ilmay,beet 2ilmay,True,10,11,10-19,10-19,arabic_harakat
فَاوِض,faawid,faawid,True,6,6,0-9,0-9,arabic_harakat
رُسُوب,rusuub,rusuub,True,6,6,0-9,0-9,arabic_harakat
مِتْخَنْصِر,mitkhansir,mitkhansir,True,11,10,10-19,10-19,arabic_harakat
دَبِّك,dabbik,dabbik,True,6,6,0-9,0-9,arabic_harakat
مِرْتِبِك,mirtibik,mirtibik,True,9,8,0-9,0-9,arabic_harakat
اِغْفَى,2ighfa,2ighfa,True,7,6,0-9,0-9,arabic_harakat
سِهِر,sihir,sihir,True,5,5,0-9,0-9,arabic_harakat
اِنْذَار,2inzaar,2indaar,False,8,7,0-9,0-9,arabic_harakat
يِتْجَسَّد,yitjassad,yitjassad,True,10,9,10-19,0-9,arabic_harakat
جَدَع,jada3,jada3,True,5,5,0-9,0-9,arabic_harakat
رَقَبِة,raqabe,raqabe,True,7,6,0-9,0-9,arabic_harakat
يِتْنَفَّخ,yitnaffakh,yitnaffakh,True,10,10,10-19,10-19,arabic_harakat
بَارَك,baarak,baarak,True,6,6,0-9,0-9,arabic_harakat
بُقْلِة,buqkle,buqle,False,7,6,0-9,0-9,arabic_harakat
تْعَبَّد,t3abbad,t3abbad,True,8,7,0-9,0-9,arabic_harakat
أَدَّي,2addi,2adde,False,6,5,0-9,0-9,arabic_harakat
تَبِّل,tabbil,tabbil,True,6,6,0-9,0-9,arabic_harakat
يِطْفَش,yitfash,yitfash,True,7,7,0-9,0-9,arabic_harakat
طَاب,taab,taab,True,4,4,0-9,0-9,arabic_harakat
قَمَع,qama3,qama3,True,5,5,0-9,0-9,arabic_harakat
كَيلِة,keele,keele,True,6,5,0-9,0-9,arabic_harakat
مْحَلْتِم,m7altim,m7altim,True,9,7,0-9,0-9,arabic_harakat
أَلْوَاح,2alwaa7,2alwaa7,True,8,7,0-9,0-9,arabic_harakat
يِتْعَرَّم,yit3arram,yit3arram,True,10,9,10-19,0-9,arabic_harakat
يِضْبُط,yidbut,yidbut,True,7,6,0-9,0-9,arabic_harakat
مُحْرَج,mu7raj,mu7raj,True,7,6,0-9,0-9,arabic_harakat
اِبْتِهَال,2ibtihaal,2ibtihaal,True,10,9,10-19,0-9,arabic_harakat
بَاحِث,baa7is,baa7is,True,6,6,0-9,0-9,arabic_harakat
اِنْبِعِث,2inbi3it,2inbi3it,True,9,8,0-9,0-9,arabic_harakat
يتْشَكَّك,yitshakkak,yitshakkak,True,9,10,0-9,10-19,arabic_harakat
مِغْمَقَان,mighmakaan,mighmaqaan,False,10,10,10-19,10-19,arabic_harakat
صَادَر,saadar,saadar,True,6,6,0-9,0-9,arabic_harakat
حَقِّق,7aqqiq,7aqqiq,True,6,6,0-9,0-9,arabic_harakat
يرَاعِي,yraa3i,yraa3i,True,7,6,0-9,0-9,arabic_harakat
يِنْبَخّ,yinbakhkh,yinbakhkh,True,8,9,0-9,0-9,arabic_harakat
اِتْشَفَّر,2itshaffar,2itshaffar,True,10,10,10-19,10-19,arabic_harakat
