source,target,prediction,exact_match,source_length,target_length,source_length_bucket,target_length_bucket
zarzib,زرزب,زرزب,True,6,4,0-9,0-9
2il kikh 2akhu 2ilkhara,الكخ أخو الخرا,الخ إخالكر,False,23,14,20-29,10-19
maqlab,مقلب,مقلب,True,6,4,0-9,0-9
2ikda7,اكدح,اكدح,True,6,4,0-9,0-9
batrakh,بطرخ,بطرخ,True,7,4,0-9,0-9
ya22is,يئس,يؤئس,False,6,3,0-9,0-9
qa7at,قحط,قحط,True,5,3,0-9,0-9
jariimit sharaf,جريمة شرف,جريمة شراف,False,15,9,10-19,0-9
waffiq,وفق,وفق,True,6,3,0-9,0-9
7izib,حزب,حذب,False,5,3,0-9,0-9
2infitim,انفطم,انفطم,True,8,5,0-9,0-9
khawaabi,خوابي,خوابي,True,8,5,0-9,0-9
nawaaqis,نواقص,نواقس,False,8,5,0-9,0-9
yrab3in,يربعن,يربعن,True,7,5,0-9,0-9
nawaashif,نواشف,نواشف,True,9,5,0-9,0-9
shkhaar,شخار,شخار,True,7,4,0-9,0-9
yinkabb,ينكب,ينكب,True,7,4,0-9,0-9
qabadit,قبضت,قبادت,False,7,4,0-9,0-9
leewa,ليوا,ليوة,False,5,4,0-9,0-9
sara7,سرح,صرح,False,5,3,0-9,0-9
wada3,وضع,ودع,False,5,3,0-9,0-9
mabtuu7,مبطوح,مبطوح,True,7,5,0-9,0-9
tarri7,ترح,ترح,True,6,3,0-9,0-9
ma2luuf,مألوف,مؤلوف,False,7,5,0-9,0-9
2itfaaja2,اتفاجأ,اتفاجأ,True,9,6,0-9,0-9
shaa3iri,شاعري,شاعير,False,8,5,0-9,0-9
waalid,والد,والد,True,6,4,0-9,0-9
yilwi7,يلوح,يلوح,True,6,4,0-9,0-9
mta77ish,مطحش,مطحش,True,8,4,0-9,0-9
faad,فاض,فاد,False,4,3,0-9,0-9
tu7fe,تحفة,طحفة,False,5,4,0-9,0-9
2injirid,انجرد,انجرد,True,8,5,0-9,0-9
tqahwatgahwa,تقهوى,تقهوى,True,12,5,10-19,0-9
laa raqiib wala 7asiib,لا رقيب ولا حسيب,لا رقي بيص صاحبيل,False,22,16,20-29,10-19
2i3taqad,اعتقد,اعتقد,True,8,5,0-9,0-9
jaa3,جاع,جاع,True,4,3,0-9,0-9
yiqni3,يقنع,يقنع,True,6,4,0-9,0-9
2istadrit,استضرط,استضرط,True,9,6,0-9,0-9
ytiff,يتف,يتف,True,5,3,0-9,0-9
kilme,كلمة,كلمة,True,5,4,0-9,0-9
2in3aash,إنعاش,انعاش,False,8,5,0-9,0-9
booshit mili7,بوشة ملح,بيشته ملحو,False,13,8,10-19,0-9
tnaasal,تناسل,تناصل,False,7,5,0-9,0-9
zahab,ذهب,زهب,False,5,3,0-9,0-9
tnassal,تنصل,تنصل,True,7,4,0-9,0-9
2unghuz,انغز,انغز,True,7,4,0-9,0-9
mtabbi3,مطبع,مطبع,True,7,4,0-9,0-9
ziyaara,زيارة,زيارة,True,7,5,0-9,0-9
7allaq,حلق,حلق,True,6,3,0-9,0-9
khaddir,خدر,خدر,True,7,3,0-9,0-9
mshafshaf,مشفشف,مشفشف,True,9,5,0-9,0-9
2ikhtishi,اختشى,اختشي,False,9,5,0-9,0-9
2aqtab,أقتب,أقطب,False,6,4,0-9,0-9
taqaariir,تقارير,تقارير,True,9,6,0-9,0-9
zukaam,زكام,ذكام,False,6,4,0-9,0-9
mkammil,مكمل,مكمل,True,7,4,0-9,0-9
twatwat,توتوت,توتوت,True,7,5,0-9,0-9
msharrish,مشرش,مشرش,True,9,4,0-9,0-9
7daade,حدادة,حدادة,True,6,5,0-9,0-9
mfabrak,مفبرك,مفبرك,True,7,5,0-9,0-9
khaan 2il3ishre,خان العشرة,خنا العشرة,False,15,10,10-19,10-19
m7azzir,محذر,محظر,False,7,4,0-9,0-9
talhiine,طلهينة,تلهينة,False,8,6,0-9,0-9
tlaqwaj,تلقوج,تلقوج,True,7,5,0-9,0-9
3a blata,عبلاطة,عبل طاطة,False,8,6,0-9,0-9
bighamdit 3een,بغمضة عين,بغمة دني,False,14,9,10-19,0-9
madaabi7,مذابح,مضابح,False,8,5,0-9,0-9
min rii7it,من ريحة,من ريحت,False,10,7,10-19,0-9
tlayyaf,تليف,تليف,True,7,4,0-9,0-9
2awaadim,أوادم,أوادم,True,8,5,0-9,0-9
mnooqir,منوقر,منوقر,True,7,5,0-9,0-9
qarsa,قرصة,قرصة,True,5,4,0-9,0-9
3attab,عطب,عطب,True,6,3,0-9,0-9
3asali,عسلي,عصالي,False,6,4,0-9,0-9
namiime,نميمة,نميمة,True,7,5,0-9,0-9
basaabiis,بسابيس,بصابيص,False,9,6,0-9,0-9
niil,نيل,نيل,True,4,3,0-9,0-9
khayyar,خير,خير,True,7,3,0-9,0-9
qubbe,قبة,قبة,True,5,3,0-9,0-9
shafii3,شفيع,شفيع,True,7,4,0-9,0-9
yighraq,يغرق,يغرق,True,7,4,0-9,0-9
2itghaaba,اتغابى,اتغابى,True,9,6,0-9,0-9
rakad,ركض,ركض,True,5,3,0-9,0-9
laqaf,لقف,لقف,True,5,3,0-9,0-9
ta3aariif,تعاريف,تعاريف,True,9,6,0-9,0-9
yishkhat,يشخت,يشخط,False,8,4,0-9,0-9
2ir2as,ارأس,ارأس,True,6,4,0-9,0-9
2itmassak,اتمسك,اتمسك,True,9,5,0-9,0-9
hadhrib,هذرب,هذرب,True,7,4,0-9,0-9
2itkhoona2,اتخونق,اتخونق,True,10,6,10-19,0-9
raqas,رقص,رقص,True,5,3,0-9,0-9
2iido wilkaf,إيده والكف,إيده وكلف,False,12,10,10-19,10-19
khweetme,خويتمة,خويتم,False,8,6,0-9,0-9
tannish,طنش,طنش,True,7,3,0-9,0-9
khaafi2,خافق,خافئ,False,7,4,0-9,0-9
sabarda7a,سبردحة,سبردحة,True,9,6,0-9,0-9
dawaahi,دواهي,دواهي,True,7,5,0-9,0-9
2i3lu,اعلو,اعلو,True,5,4,0-9,0-9
yitnaafas,يتنافس,يتنافس,True,9,6,0-9,0-9
2uushim,اوشم,اوشم,True,7,4,0-9,0-9
yitnammar,يتنمر,يتنمر,True,9,5,0-9,0-9
dmuu3 2ilfara7,دموع الفرح,دموع الفارح,False,14,10,10-19,10-19
2abu nuss lsaan,أبو نص لسان,أبو نصل سلان,False,15,11,10-19,10-19
ysuur,يثور,يسور,False,5,4,0-9,0-9
buruud,برود,بروض,False,6,4,0-9,0-9
yitzayyan,يتزين,يتزين,True,9,5,0-9,0-9
yirtadd,يرتد,يرتد,True,7,4,0-9,0-9
qattuum,قطوم,قطوم,True,7,4,0-9,0-9
ramaadi,رمادي,رماضي,False,7,5,0-9,0-9
ylaqqib,يلقب,يلقب,True,7,4,0-9,0-9
ydjalghif,يجلغف,يجلغف,True,9,5,0-9,0-9
2i3jaaz,إعجاز,اعجاز,False,7,5,0-9,0-9
rabrib,ربرب,ربرب,True,6,4,0-9,0-9
maqbuul,مقبول,مقبول,True,7,5,0-9,0-9
mza33il,مزعل,مزعل,True,7,4,0-9,0-9
taltiish,تلطيش,تلطيش,True,8,5,0-9,0-9
yitqabbas,اتقبص,يتقبص,False,9,5,0-9,0-9
2itwaata,اتواطى,اتواطى,True,8,6,0-9,0-9
2i3laq,اعلق,اعلق,True,6,4,0-9,0-9
kabaabiit,كبابيت,كبابيت,True,9,6,0-9,0-9
2isqil,اصقل,اسقل,False,6,4,0-9,0-9
minshiki7,منشكح,منشكح,True,9,5,0-9,0-9
wasle,وصلة,وصلة,True,5,4,0-9,0-9
2iriyaa7,رياح,إرياح,False,8,4,0-9,0-9
7kaaye,حكاية,حكاية,True,6,5,0-9,0-9
darat,ضرط,درط,False,5,3,0-9,0-9
taqtiq,طقطق,طقطق,True,6,4,0-9,0-9
2aazir,آزر,آذر,False,6,3,0-9,0-9
yzaqriq,يزقرق,يزقرق,True,7,5,0-9,0-9
nakira,نكرة,نكرة,True,6,4,0-9,0-9
tfakhfakh,تفخفخ,تفخفخ,True,9,5,0-9,0-9
3adam 3aqlo,عدم عقله,عظم عقله,False,11,8,10-19,0-9
3udu,عضو,عدو,False,4,3,0-9,0-9
yjassim,يجسم,يجسم,True,7,4,0-9,0-9
ta3aayush,تعايش,تعايش,True,9,5,0-9,0-9
yin7ashsh,ينحش,ينحش,True,9,4,0-9,0-9
2itwaalaf,اتوالف,اتوالف,True,9,6,0-9,0-9
t3allab,تعلب,تعلب,True,7,4,0-9,0-9
naqi,نقي,نقي,True,4,3,0-9,0-9
broos,بروس,بروص,False,5,4,0-9,0-9
3atme,عتمة,عتمة,True,5,4,0-9,0-9
qarmaz,قرمز,قرمز,True,6,4,0-9,0-9
jildo mkalkil,جلده مكلكل,جلد مكله,False,13,10,10-19,10-19
tartuushe,طرطوشة,طرطوشة,True,9,6,0-9,0-9
yiqk7af,يقحف,يقحف,True,7,4,0-9,0-9
yqkannish,يقنش,يقنش,True,9,4,0-9,0-9
sduura,سدورة,صدورة,False,6,5,0-9,0-9
tafkiik,تفكيك,تفكيك,True,7,5,0-9,0-9
yboobi3,يبوبع,يبوبع,True,7,5,0-9,0-9
yinghamm,ينغم,ينغم,True,8,4,0-9,0-9
sheemil,شيمل,شيمل,True,7,4,0-9,0-9
khiss,خس,خص,False,5,2,0-9,0-9
2aswa2,أسوأ,أسوى,False,6,4,0-9,0-9
ysa77ib,يسحب,يصحب,False,7,4,0-9,0-9
dju3eede,جعيدة,جعيد,False,8,5,0-9,0-9
shakhsiyye,شخصية,شخصية,True,10,5,10-19,0-9
tmalla7,تملح,تملح,True,7,4,0-9,0-9
mibhij,مبهج,مبهج,True,6,4,0-9,0-9
yinkhitif,ينخطف,ينخطف,True,9,5,0-9,0-9
m7ayrin,محيرن,محيرن,True,7,5,0-9,0-9
shaayidh,شايذ,شايذ,True,8,4,0-9,0-9
baqqir,بقر,بقر,True,6,3,0-9,0-9
laa shaghle wlaa mashghale,لا شغلة ولا مشغلة,لا شغلة ولامة,False,26,17,20-29,10-19
2itkawwar,اتكور,اتكور,True,9,5,0-9,0-9
m3aarid,معارض,معارض,True,7,5,0-9,0-9
yii 3alee,يي عليه,يييييع عليه,False,9,7,0-9,0-9
2afkh,أفخ,أفخ,True,5,3,0-9,0-9
darrin,درن,درن,True,6,3,0-9,0-9
muta3ajrif,متعجرف,متعجرف,True,10,6,10-19,0-9
malhuuf,ملهوف,ملهوف,True,7,5,0-9,0-9
nakkaashit dineen,نكاشة ذنين,نكاشة سندين,False,17,10,10-19,10-19
tnaaqar,تناقر,تناقر,True,7,5,0-9,0-9
2ittaffal,تطفل,اتطفل,False,9,4,0-9,0-9
ta3aawun,تعاون,تعاون,True,8,5,0-9,0-9
ma7aq,محق,محق,True,5,3,0-9,0-9
djurun,جرن,جرن,True,6,3,0-9,0-9
sharaayit,شرايط,شرايط,True,9,5,0-9,0-9
yfarrish,يفرش,يفرش,True,8,4,0-9,0-9
munkhul,منخل,منخل,True,7,4,0-9,0-9
tjaddad,تجدد,تجدد,True,7,4,0-9,0-9
yjaari,يجاري,يجاري,True,6,5,0-9,0-9
y7ammis,يحمس,يحمص,False,7,4,0-9,0-9
wijho mitil qaa3 2ittanjara,وجهه مثل قاع الطنجرة,وجهه مثل تناقرة العت,False,27,20,20-29,20-29
sabbaak,سباك,سباك,True,7,4,0-9,0-9
2im3at,امعط,امعط,True,6,4,0-9,0-9
tafash,طفش,طفش,True,6,3,0-9,0-9
yit3antaz,يتعنطز,يتعنطز,True,9,6,0-9,0-9
nkuuf,نكوف,نكوف,True,5,4,0-9,0-9
mastuum,مسطوم,مسطوم,True,7,5,0-9,0-9
2idha 7azzak 3daam qariqto,إذا حظك عظام قرقطه,الظه حزامق عرقته,False,26,18,20-29,10-19
2iltafa7,التفح,التفح,True,8,5,0-9,0-9
tkaddas,تكدس,تكدس,True,7,4,0-9,0-9
yinkhibit,ينخبط,ينخبط,True,9,5,0-9,0-9
niik,نيك,نيك,True,4,3,0-9,0-9
khatiiti braqibtak,خطيتي برقبتك,خطيت برقاب,False,18,12,10-19,10-19
yitsaabaq,يتسابق,يتسابق,True,9,6,0-9,0-9
taaqiq shirsh 2il7aya,طاقق شرش الحياء,طاق شرح الايح,False,21,15,20-29,10-19
ziyy,زي,زي,True,4,2,0-9,0-9
maali7,مالح,مالح,True,6,4,0-9,0-9
mfakkir,مفكر,مفكر,True,7,4,0-9,0-9
2i7tashim,احتشم,احتشم,True,9,5,0-9,0-9
kayyaf,كيف,كيف,True,6,3,0-9,0-9
2ajwaa2,أجواء,أجواء,True,7,5,0-9,0-9
ykaafi7,يكافح,يكافح,True,7,5,0-9,0-9
2ibkha3,ابخع,ابخع,True,7,4,0-9,0-9
2itsatshwa7,اتسكوح,اتسكوح,True,11,6,10-19,0-9
yshaqlib,يشقلب,يشقلب,True,8,5,0-9,0-9
manni7,منح,منح,True,6,3,0-9,0-9
2anta,أنت,أنطى,False,5,3,0-9,0-9
bakkaash,بكاش,بكاش,True,8,4,0-9,0-9
tasriib,تسريب,تسريب,True,7,5,0-9,0-9
2ibriiq,إبريق,ابرق,False,7,5,0-9,0-9
yitqanna3,يتقنع,يتقنع,True,9,5,0-9,0-9
makhzuuq,مخزوق,مخزوق,True,8,5,0-9,0-9
saaruukhi,صاروخي,ساروخي,False,9,6,0-9,0-9
kasaafe,كثافة,كسافة,False,7,5,0-9,0-9
yfassi7,يفصح,يفسح,False,7,4,0-9,0-9
mazaabil,مزابل,مزابل,True,8,5,0-9,0-9
lammis,لمس,لمس,True,6,3,0-9,0-9
marba7,مربح,مربح,True,6,4,0-9,0-9
3araqo maraqo,عرقه مرقه,عرقه ماره,False,13,9,10-19,0-9
gruub,جروب,رقوب,False,5,4,0-9,0-9
mba3jir,مبعجر,مبعجر,True,7,5,0-9,0-9
ykarrim,يكرم,يكرم,True,7,4,0-9,0-9
yiqtisid,يقتصد,يقتصد,True,8,5,0-9,0-9
haay wijhi,هاي وجهي,هاي وجهي,True,10,8,10-19,0-9
broosh,بروش,بروش,True,6,4,0-9,0-9
y3arrit,يعرط,يعرط,True,7,4,0-9,0-9
7ifi,حفي,حفي,True,4,3,0-9,0-9
dabbal,ذبل,دبل,False,6,3,0-9,0-9
3attaal battaal,عطال بطال,عطال بطال,True,15,9,10-19,0-9
kazdir,كزدر,كزدر,True,6,4,0-9,0-9
nihaa2i,نهائي,نهائي,True,7,5,0-9,0-9
zooba3a 2il2abyad,زوبعة الأبيض,زيبع أضله,False,17,12,10-19,10-19
qalb,قلب,قلب,True,4,3,0-9,0-9
yshabbik,يشبك,يشبك,True,8,4,0-9,0-9
baraawiiz,براويز,براويز,True,9,6,0-9,0-9
mazaahir,مظاهر,مزاهر,False,8,5,0-9,0-9
yshanshil,يشنشل,يشنشل,True,9,5,0-9,0-9
qawaaniin,قوانين,قوانين,True,9,6,0-9,0-9
zakkam,زكم,زكم,True,6,3,0-9,0-9
yi3jaz,يعجز,يعجز,True,6,4,0-9,0-9
7oo7i,حوحي,حوحي,True,5,4,0-9,0-9
yinriwi,ينروي,ينروي,True,7,5,0-9,0-9
yitsallal,يتسلل,يتسلل,True,9,5,0-9,0-9
dfuur,دفور,دفور,True,5,4,0-9,0-9
balligh,بلغ,بلغ,True,7,3,0-9,0-9
qirtalle,قرطلة,قرطلة,True,8,5,0-9,0-9
2u3fus,اعفص,اعفص,True,6,4,0-9,0-9
3urf,عرف,عرف,True,4,3,0-9,0-9
tafsiir,تفسير,تفسير,True,7,5,0-9,0-9
7amash,حمش,حمش,True,6,3,0-9,0-9
2itna33am,اتنعم,اتنعم,True,9,5,0-9,0-9
yiskha,يسخى,يسخى,True,6,4,0-9,0-9
yinkifit,ينكفت,ينكفت,True,8,5,0-9,0-9
yquul,يقول,يقول,True,5,4,0-9,0-9
y7at7it,يحتحت,يحطحط,False,7,5,0-9,0-9
yfadfid,يفضفض,يفضفض,True,7,5,0-9,0-9
yshalbik,يشلبك,يشلبك,True,8,5,0-9,0-9
2inkabb,انكب,انكب,True,7,4,0-9,0-9
nassi,نسي,نسي,True,5,3,0-9,0-9
batno diribakke,بطنه دربكة,بطنيده بركة,False,15,10,10-19,10-19
3ishriin,عشرين,عشرين,True,8,5,0-9,0-9
dalhim,دلهم,دلهم,True,6,4,0-9,0-9
2itghadda,اتغدى,اتغدى,True,9,5,0-9,0-9
2assal,أصل,أصل,True,6,3,0-9,0-9
ywakhkhir,يوخر,يوخر,True,9,4,0-9,0-9
tkhawwat,تخوث,تخوث,True,8,4,0-9,0-9
mka7ki7,مكحكح,مكحكح,True,7,5,0-9,0-9
mindjahaatlak,منجهاتلك,منجالط,False,13,8,10-19,0-9
ysaddi3,يصدع,يصدع,True,7,4,0-9,0-9
rattal,رطل,رطل,True,6,3,0-9,0-9
y2ashshir,يؤشر,يؤشر,True,9,4,0-9,0-9
7abbit shaame,حبة شامة,حبة شما,False,13,8,10-19,0-9
qadar,قدر,قدر,True,5,3,0-9,0-9
2irbot lsaanak mlii7 laa bidmi wala biqii7,اربط لسانك مليح لابيدمي ولا بيقيح,اربط للاحما وا من بيدك بيلا صي بي بي رحه,False,42,33,40-49,30-39
matbakh,مطبخ,مطبخ,True,7,4,0-9,0-9
ydalbi7,يدلبح,يدلبح,True,7,5,0-9,0-9
maskane,مسكنة,مسكنة,True,7,5,0-9,0-9
musawwir,مصور,مسور,False,8,4,0-9,0-9
2arbi3aa2,أربعاء,أربعاء,True,9,6,0-9,0-9
ma7rame,محرمة,محرمة,True,7,5,0-9,0-9
mghaadir,مغادر,مغادر,True,8,5,0-9,0-9
khawwan,خون,خون,True,7,3,0-9,0-9
yurdum,يردم,يردم,True,6,4,0-9,0-9
tbakkat,تبكت,تبكت,True,7,4,0-9,0-9
banaani,بناني,بناني,True,7,5,0-9,0-9
shaqqa,شقة,شقة,True,6,3,0-9,0-9
tha3be,ثعبة,ثعبة,True,6,4,0-9,0-9
laasi3,لاسع,لاسع,True,6,4,0-9,0-9
2izghil,ازغل,ازغل,True,7,4,0-9,0-9
2ijat 2iddaqqa braaso,إجت الدقة براسه,إجاط الدق بسراسه,False,21,15,20-29,10-19
muhtamm,مهتم,مهتم,True,7,4,0-9,0-9
jaariye,جارية,جارية,True,7,5,0-9,0-9
yka3kish,يكعكش,يكعكش,True,8,5,0-9,0-9
bikriyye,بكرية,بكرية,True,8,5,0-9,0-9
7azaaliit,حزاليط,حزاليط,True,9,6,0-9,0-9
ysha77ir,يشحر,يشحر,True,8,4,0-9,0-9
wi7yaat hanni3me,وحياة هالنعمة,وحياتهت عالمنية,False,16,13,10-19,10-19
2it3allaq,اتعلق,اتعلق,True,9,5,0-9,0-9
m7aqq22a,محقة,محققق,False,8,4,0-9,0-9
taqliim,تقليم,تقليم,True,7,5,0-9,0-9
7baalo tawiile,حباله طويلة,حباله طويلة,True,14,11,10-19,10-19
nammar,نمر,نمر,True,6,3,0-9,0-9
mu7tafiz,محتفظ,محتفظ,True,8,5,0-9,0-9
bu7uur,بحور,بحور,True,6,4,0-9,0-9
naddaabe,ندابة,ندابة,True,8,5,0-9,0-9
2ifti3il,افتعل,افتعل,True,8,5,0-9,0-9
lisseene,لسينة,لسين,False,8,5,0-9,0-9
ykhaffid,يخفض,يخفض,True,8,4,0-9,0-9
makhaamiish,مخاميش,مخاميش,True,11,6,10-19,0-9
2a7kaam,أحكام,أحكام,True,7,5,0-9,0-9
fatte,فتة,فتة,True,5,3,0-9,0-9
tammi3,طمع,طمع,True,6,3,0-9,0-9
balqish,بلقش,بلقش,True,7,4,0-9,0-9
mfaddil,مفضل,مفضل,True,7,4,0-9,0-9
3aqlo bittars,عقله بالترس,عقل بطره,False,13,11,10-19,10-19
mamaasik,مماسك,مماسك,True,8,5,0-9,0-9
2a3maq,أعمق,أعمق,True,6,4,0-9,0-9
yitsahwan,يتصهون,يتصهون,True,9,6,0-9,0-9
yfarkish,يفركش,يفركش,True,8,5,0-9,0-9
salli,سلي,سلي,True,5,3,0-9,0-9
tawwir,طور,طور,True,6,3,0-9,0-9
2ikram,اكرم,اكرم,True,6,4,0-9,0-9
yirtaa7,يرتاح,يرتاح,True,7,5,0-9,0-9
2itqayyam,اتقيم,اتقيم,True,9,5,0-9,0-9
shooro min raaso,شوره من راسه,شور من راسه,False,16,12,10-19,10-19
2i7mid,احمد,احمد,True,6,4,0-9,0-9
2itjannas,اتجنس,اتجنس,True,9,5,0-9,0-9
msammi,مسمي,مسمي,True,6,4,0-9,0-9
2ikhraf,اخرف,اخرف,True,7,4,0-9,0-9
daffash,دفش,دفش,True,7,3,0-9,0-9
yitnahhad,يتنهد,يتنهد,True,9,5,0-9,0-9
qarse,قرصة,قرصة,True,5,4,0-9,0-9
jaar,جار,جار,True,4,3,0-9,0-9
yifruq,يفرق,يفرق,True,6,4,0-9,0-9
yulqu bi2aydiihum 2ila 2ittahluka,يلقوا بأيديهم إلى التهلكة,يلقوب الضخايام,False,33,25,30-39,20-29
2ulfe,ألفة,ألفة,True,5,4,0-9,0-9
y3asqkid,يعسقد,يعسقد,True,8,5,0-9,0-9
mdalda2,مدلدق,مدلدق,True,7,5,0-9,0-9
7aad,حاد,حاد,True,4,3,0-9,0-9
namle,نملة,نملة,True,5,4,0-9,0-9
dalghas,دلغص,دلغص,True,7,4,0-9,0-9
2ihbish,اهبش,اهبش,True,7,4,0-9,0-9
7awaas,حواس,حواس,True,6,4,0-9,0-9
yitshaffa3,يتشفع,يتشفع,True,10,5,10-19,0-9
seef,صيف,سيف,False,4,3,0-9,0-9
tmakkan,تمكن,تمكن,True,7,4,0-9,0-9
shaqiiqa,شقيقة,شقيقة,True,8,5,0-9,0-9
latiif,لطيف,لطيف,True,6,4,0-9,0-9
katkit,كتكت,كتكت,True,6,4,0-9,0-9
3awaatif,عواطف,عواطف,True,8,5,0-9,0-9
riikha,ريخة,ريخة,True,6,4,0-9,0-9
biddi,بدي,بدي,True,5,3,0-9,0-9
2inwisif,انوصف,انوصف,True,8,5,0-9,0-9
yinfishikh,ينفشخ,ينفشخ,True,10,5,10-19,0-9
yidbik,يدبك,يدبك,True,6,4,0-9,0-9
tastase,طسطسة,تستسة,False,7,5,0-9,0-9
yrassi3,يرصع,يرصع,True,7,4,0-9,0-9
maakin,ماكن,ماكن,True,6,4,0-9,0-9
3ashaan khaatrak,عشان خاطرك,عشانك ترهاسك,False,16,10,10-19,10-19
makhtar,مختر,مختر,True,7,4,0-9,0-9
rahrit,رهرط,رهرط,True,6,4,0-9,0-9
taskiite,تسكيتة,تسكيتة,True,8,6,0-9,0-9
2ilghaaye tubarrir 2ilwasiile,الغاية تبرر الوسيلة,الغايبة والتراللصارة,False,29,19,20-29,10-19
gheebe,غيبة,غيب,False,6,4,0-9,0-9
yuhlut,يهلط,يهلط,True,6,4,0-9,0-9
yitbalbas,يتبلبص,يتبلبص,True,9,6,0-9,0-9
mutasahyin,متصهين,متصهين,True,10,6,10-19,0-9
kharfish,خرفش,خرفش,True,8,4,0-9,0-9
3arnuus,عرنوص,عرنوس,False,7,5,0-9,0-9
shalash,شلش,شلش,True,7,3,0-9,0-9
nahash,نهش,نهش,True,6,3,0-9,0-9
yinwihib,ينوهب,ينوهب,True,8,5,0-9,0-9
raas 2il3abid,راس العبد,راس العبد,True,13,9,10-19,0-9
2inlatt,انلط,انلط,True,7,4,0-9,0-9
ghadwe,غدوة,غدوة,True,6,4,0-9,0-9
kidd,كد,كد,True,4,2,0-9,0-9
2it7alla,اتحلى,اتحلى,True,8,5,0-9,0-9
muuqad,موقد,مقود,False,6,4,0-9,0-9
shawwaata,شواطة,شواطة,True,9,5,0-9,0-9
ratt,رط,رت,False,4,2,0-9,0-9
yikhtisir,يختصر,يختصر,True,9,5,0-9,0-9
yfassil,يفصل,يفصل,True,7,4,0-9,0-9
suur,ثور,سور,False,4,3,0-9,0-9
sab3an,سبعن,صبعن,False,6,4,0-9,0-9
daawa,داوى,داوى,True,5,4,0-9,0-9
mawaa3iid,مواعيد,مواعيد,True,9,6,0-9,0-9
nabbah,نبه,نبه,True,6,3,0-9,0-9
tarab,طرب,طرب,True,5,3,0-9,0-9
barshe,برشة,برشة,True,6,4,0-9,0-9
shoosha7a,شوشحة,شوشاح,False,9,5,0-9,0-9
2iddabbal,اتذبل,تدبل,False,9,5,0-9,0-9
sh7uuf,شحوف,شحوف,True,6,4,0-9,0-9
naafiz,نافذ,نافذ,True,6,4,0-9,0-9
msharram,مشرم,مشرم,True,8,4,0-9,0-9
tasdiir,تصدير,تصدير,True,7,5,0-9,0-9
talaa2i3,طلائع,تلائع,False,8,5,0-9,0-9
tiijaan,تيجان,تيجان,True,7,5,0-9,0-9
2ighdab,اغضب,اغضب,True,7,4,0-9,0-9
7awwit,حوط,حوط,True,6,3,0-9,0-9
ma3aarik,معارك,معارك,True,8,5,0-9,0-9
hammil,همل,همل,True,6,3,0-9,0-9
tanaatiir,طناطير,تناطير,False,9,6,0-9,0-9
tabaashi,طباشي,طباشي,True,8,5,0-9,0-9
ybaghghil,يبغل,يبغل,True,9,4,0-9,0-9
diikoor,ديكور,ديكور,True,7,5,0-9,0-9
tlaghmat,تلغمط,تلغمط,True,8,5,0-9,0-9
saqqaf,ثقف,سقف,False,6,3,0-9,0-9
hajjin,هجن,هجن,True,6,3,0-9,0-9
talmii7,تلميح,تلميح,True,7,5,0-9,0-9
dbii7it 2ilkhumsaan,ذبيحة الخمسان,بدحة المناشك,False,19,13,10-19,10-19
ja3a,جعى,جعى,True,4,3,0-9,0-9
balaalii3,بلاليع,بلاليع,True,9,6,0-9,0-9
maqaadi,مقاضي,مقادي,False,7,5,0-9,0-9
jakhaamiish,جخاميش,جخاميش,True,11,6,10-19,0-9
maashi 3abeed,ماشي عبيض,ماش عبيد,False,13,9,10-19,0-9
faasle,فاصلة,فاصلة,True,6,5,0-9,0-9
nakhkh,نخ,نخ,True,6,2,0-9,0-9
du7ke,ضحكة,ضحكة,True,5,4,0-9,0-9
sqiife,سقيفة,سقيفة,True,6,5,0-9,0-9
2urbus,اربص,اربص,True,6,4,0-9,0-9
baghil,بغل,بغل,True,6,3,0-9,0-9
ykhaarij,يخارج,يخارج,True,8,5,0-9,0-9
m7azzame,محزمة,محزمة,True,8,5,0-9,0-9
tabbab,طبب,طبب,True,6,3,0-9,0-9
2istahlak,استهلك,استهلك,True,9,6,0-9,0-9
7iyaad,حياد,حياد,True,6,4,0-9,0-9
3amar,عمر,عمر,True,5,3,0-9,0-9
daafuukh,دافوخ,دافوخ,True,8,5,0-9,0-9
z3eetmaan,زعيتمان,زعيتمان,True,9,7,0-9,0-9
jaawar,جاور,جاور,True,6,4,0-9,0-9
daafuur,دافور,دافور,True,7,5,0-9,0-9
2it7arrak,اتحرك,اتحرك,True,9,5,0-9,0-9
balba7a,بلبحة,بلبحة,True,7,5,0-9,0-9
yinqirid,ينقرض,ينقرض,True,8,5,0-9,0-9
shaghab,شغب,شغب,True,7,3,0-9,0-9
2abqaar,أبقار,أبقار,True,7,5,0-9,0-9
banaadiiqk,بناديق,بناديق,True,10,6,10-19,0-9
wa7iid 2ahlo,وحيد أهله,وحيد أهلو,False,12,9,10-19,0-9
tamriir,تمرير,تمرير,True,7,5,0-9,0-9
yitmattar,يتمتر,يتمتر,True,9,5,0-9,0-9
3aqlaato 3ala batte wunuss,عقلاته على بتة ونص,عقلت طعت بوسلانه,False,26,18,20-29,10-19
msarsab,مسرسب,مسرسب,True,7,5,0-9,0-9
fassakh,فسخ,فسخ,True,7,3,0-9,0-9
2ista7lif,استحلف,استحلف,True,9,6,0-9,0-9
2itlaghgham,اتلغم,اتلغم,True,11,5,10-19,0-9
2a7daan,أحضان,أحدان,False,7,5,0-9,0-9
mu2akkad,مؤكد,مؤكد,True,8,4,0-9,0-9
2unkhuz,انخز,انخز,True,7,4,0-9,0-9
batno mkazziz,بطنه مقزز,بطن مزكزه,False,13,9,10-19,0-9
rawwab,روب,روب,True,6,3,0-9,0-9
naam 3ala wijho tabb,نام على وجهه طب,نام على هوجنبت,False,20,15,20-29,10-19
yinlibikh,ينلبخ,ينلبخ,True,9,5,0-9,0-9
yitkanfash,يتكنفش,يتكنفش,True,10,6,10-19,0-9
3aarad,عارض,عارض,True,6,4,0-9,0-9
ysalli,يصلى,يسلي,False,6,4,0-9,0-9
sukk,سك,سك,True,4,2,0-9,0-9
2ikhzi,اخزي,اخذي,False,6,4,0-9,0-9
makhruut,مخروط,مخروط,True,8,5,0-9,0-9
niff,نف,نف,True,4,2,0-9,0-9
2irqus,ارقص,ارقص,True,6,4,0-9,0-9
min djoorat 2il3asal,من جورة العسل,من جري العسلته,False,20,13,20-29,10-19
zallaaqka,زلاقة,زلاقة,True,9,5,0-9,0-9
ydarwikh,يدروخ,يدروخ,True,8,5,0-9,0-9
miin,مين,مين,True,4,3,0-9,0-9
wijih na7as,وجه نحس,وجه ناحس,False,11,7,10-19,0-9
madaas,مداس,مداس,True,6,4,0-9,0-9
baqbiq,بقبق,بقبق,True,6,4,0-9,0-9
tayyuun,طيون,تيون,False,7,4,0-9,0-9
ysabbi7,يصبح,يصبح,True,7,4,0-9,0-9
hazar,هزر,هزر,True,5,3,0-9,0-9
djazaawi,جزاوي,جزاوي,True,8,5,0-9,0-9
7jaab,حجاب,حجاب,True,5,4,0-9,0-9
y7ashshi,يحشي,يحشي,True,8,4,0-9,0-9
yiltiwi,يلتوي,يلتوي,True,7,5,0-9,0-9
sanakii7,سناكيح,سناكيح,True,8,6,0-9,0-9
yi3bitsh,يعبك,يعبك,True,8,4,0-9,0-9
qarshe,قرشة,قرشة,True,6,4,0-9,0-9
yrammil,يرمل,يرمل,True,7,4,0-9,0-9
tis7aaye,تصحاية,تسحاية,False,8,6,0-9,0-9
mjaaraa,مجاراة,مجارة,False,7,6,0-9,0-9
maat,مات,ماط,False,4,3,0-9,0-9
yinhilik,ينهلك,ينهلك,True,8,5,0-9,0-9
2istibdaad,استبداد,استبداد,True,10,7,10-19,0-9
2irja7,ارجح,ارجح,True,6,4,0-9,0-9
ba3as,بعص,بعص,True,5,3,0-9,0-9
naghghish,نغش,نغش,True,9,3,0-9,0-9
2itwaqqa3,اتوقع,اتوقع,True,9,5,0-9,0-9
qutur,قطر,قطور,False,5,3,0-9,0-9
2ila,إلى,إلا,False,4,3,0-9,0-9
2itjarras,اتجرس,اتجرس,True,9,5,0-9,0-9
ysuun,يصون,يسون,False,5,4,0-9,0-9
7ariiqa,حريقة,حريقة,True,7,5,0-9,0-9
huwwa,هوا,هوى,False,5,3,0-9,0-9
sultaan,سلطان,سلطان,True,7,5,0-9,0-9
fakkak,فكك,فكك,True,6,3,0-9,0-9
baqkradj,بقرج,بقرج,True,8,4,0-9,0-9
2inifjir,انفجر,انفجر,True,8,5,0-9,0-9
tjarra3,تجرع,تجرع,True,7,4,0-9,0-9
ywa77id,يوحد,يوحد,True,7,4,0-9,0-9
fsuulha 2innaaqsa,فصولها الناقصة,فسلها النقة,False,17,14,10-19,10-19
tamre,تمرة,طمرة,False,5,4,0-9,0-9
3atiyye,عطية,عطية,True,7,4,0-9,0-9
yusfut,يسفط,يصفط,False,6,4,0-9,0-9
yqushsh,يقش,يقش,True,7,3,0-9,0-9
sa7aa7iir,سحاحير,سحاحير,True,9,6,0-9,0-9
2inshatab,انشطب,انشطب,True,9,5,0-9,0-9
juu7,جوح,جوح,True,4,3,0-9,0-9
sha22ar,شقر,شقر,True,7,3,0-9,0-9
thaman,ثمن,تهمن,False,6,3,0-9,0-9
qash3ar badani,قشعر بدني,قشعر بدني,True,14,9,10-19,0-9
2itfarrak,اتفرك,اتفرك,True,9,5,0-9,0-9
2itnaafar,اتنافر,اتنافر,True,9,6,0-9,0-9
mla3la3,ملعلع,ملعلع,True,7,5,0-9,0-9
yiftiris,يفترس,يفترس,True,8,5,0-9,0-9
maa btinball btimmo fuule,ما بتنبل بثمه فولة,ما بيتن بله بلمتفة,False,25,18,20-29,10-19
7imaar wa7shi,حمار وحشي,حمر واشي,False,13,9,10-19,0-9
nahhaq,نهق,نهق,True,6,3,0-9,0-9
2ihtar,اهتر,اهتر,True,6,4,0-9,0-9
farri3,فرع,فرع,True,6,3,0-9,0-9
lakhme,لخمة,لخمة,True,6,4,0-9,0-9
bizzoor,بالزور,بزور,False,7,6,0-9,0-9
zayy,زي,زي,True,4,2,0-9,0-9
rammad,رمد,رمض,False,6,3,0-9,0-9
2ukhluq,اخلق,اخلق,True,7,4,0-9,0-9
2ulkum,الكم,الكم,True,6,4,0-9,0-9
yraqqiq,يرقق,يرققق,False,7,4,0-9,0-9
ymattir,يمتر,يمطر,False,7,4,0-9,0-9
y3udd,يعض,يعد,False,5,3,0-9,0-9
3add,عض,عد,False,4,2,0-9,0-9
kaafi2,كافئ,كافئ,True,6,4,0-9,0-9
ydayyi3,يضيع,يضيع,True,7,4,0-9,0-9
gharriz,غرز,غرز,True,7,3,0-9,0-9
shlikhta,شلختا,شلخط,False,8,5,0-9,0-9
yaa daakhil been 2ilbasale wuqishritha maa binuubak gheer rii7itha,يا داخل بين البصلة وقشرتها مابينوبك غير ريحتها,يا دخر باللللللحيا من وقطايا برشاية براق صياياينيا براق يا براقها يا يا يا يا يا يا,False,66,46,60-69,40-49
2itshakhla3,اتشخلع,اتشخلع,True,11,6,10-19,0-9
yifja3,يفجع,يفجع,True,6,4,0-9,0-9
majnuun yi7ki wu3aaqil yisma3,مجنون يحكي وعاقل يسمع,مجنوني ينعك وسك والحيجعك,False,29,21,20-29,20-29
fattat,فتت,فتت,True,6,3,0-9,0-9
tuham,تهم,طهم,False,5,3,0-9,0-9
subb,صب,صب,True,4,2,0-9,0-9
shhuur,شهور,شهور,True,6,4,0-9,0-9
rayya7,ريح,ريح,True,6,3,0-9,0-9
2intirik,انترك,انترك,True,8,5,0-9,0-9
2itkarkaz,اتكركز,اتكركز,True,9,6,0-9,0-9
2inbakhkh,انبخ,انبخ,True,9,4,0-9,0-9
mhaawi,مهاوي,مهاوي,True,6,5,0-9,0-9
7abaabiis,حبابيس,حبابيص,False,9,6,0-9,0-9
saakin,ساكن,ساكن,True,6,4,0-9,0-9
2in7iriq,انحرق,انحرق,True,8,5,0-9,0-9
yaa doob taaza,يادوب طازا,يا دبوزات,False,14,10,10-19,10-19
mfastiq,مفستق,مفستق,True,7,5,0-9,0-9
2ikmal,اكمل,اكمل,True,6,4,0-9,0-9
yu7ruk,يحرك,يحرك,True,6,4,0-9,0-9
nafs,نفس,نفس,True,4,3,0-9,0-9
tzaanakh,تزانخ,تزانخ,True,8,5,0-9,0-9
huu,هو,هو,True,3,2,0-9,0-9
2ittaffal,اتطفل,اتطفل,True,9,5,0-9,0-9
juzu2,جزء,جزأ,False,5,3,0-9,0-9
2is7,اصحى,اصح,False,4,4,0-9,0-9
2inza3,انزع,انزع,True,6,4,0-9,0-9
jiiz,جيز,جيز,True,4,3,0-9,0-9
sharbuu7 2ilmiqiikthaa,شربوح المقثاة,شرب الحمقيط,False,22,13,20-29,10-19
7abambam,حبمبم,حبمبم,True,8,5,0-9,0-9
2immarmagh,ممرمغ,امرمغ,False,10,5,10-19,0-9
joora,جورة,جورة,True,5,4,0-9,0-9
da77i,ضحي,دحي,False,5,3,0-9,0-9
2inqaas,انقاس,انقاص,False,7,5,0-9,0-9
nwaa7,نواح,نواح,True,5,4,0-9,0-9
damaane,ضمانة,دمانة,False,7,5,0-9,0-9
tadhkiir,تذكير,تدخير,False,8,5,0-9,0-9
ghassaale,غسالة,غسالة,True,9,5,0-9,0-9
3ayyit,عيط,عيط,True,6,3,0-9,0-9
7andjas,حنجص,حنجص,True,7,4,0-9,0-9
2i7shid,احشد,احشد,True,7,4,0-9,0-9
yinzif,ينزف,ينزف,True,6,4,0-9,0-9
2itnaazah,اتنازه,اتنازه,True,9,6,0-9,0-9
faqqish,فقش,فقش,True,7,3,0-9,0-9
ytoobir,طوبر,يطوبر,False,7,4,0-9,0-9
7arrad,حرض,حرد,False,6,3,0-9,0-9
khama3,خمع,خمع,True,6,3,0-9,0-9
nata3,نتع,نتع,True,5,3,0-9,0-9
2immaala7a,ممالحة,مممالحة,False,10,6,10-19,0-9
traanziit,ترانزيت,ترانيز,False,9,7,0-9,0-9
danna,دنا,دنى,False,5,3,0-9,0-9
dnaab,ذناب,ذناب,True,5,4,0-9,0-9
yziid,يزيد,يزيد,True,5,4,0-9,0-9
yqadjqidj,يقجقج,يقجقج,True,9,5,0-9,0-9
maariq,مارق,مارق,True,6,4,0-9,0-9
3ashti,عشتي,عشط,False,6,4,0-9,0-9
sakbe,سكبة,سكبة,True,5,4,0-9,0-9
dagg khshuum,دق خشوم,دا خصم,False,12,7,10-19,0-9
tjammal,تجمل,تجمل,True,7,4,0-9,0-9
mdaadaa,مداداة,مداداة,True,7,6,0-9,0-9
marra,مرة,مرى,False,5,3,0-9,0-9
ghabbar,غبر,غبر,True,7,3,0-9,0-9
2i7mali,احملي,احملي,True,7,5,0-9,0-9
kassab,كسب,كسب,True,6,3,0-9,0-9
ylaahith,يلاهث,يلاهث,True,8,5,0-9,0-9
y3attin,يعطن,يعطن,True,7,4,0-9,0-9
yitbannat,يتبنت,يتبنط,False,9,5,0-9,0-9
kharbuuta,خربوطة,خربوطة,True,9,6,0-9,0-9
3een 2il3aqil,عين العقل,عين العقلي,False,13,9,10-19,0-9
di3aaye,دعاية,دعاية,True,7,5,0-9,0-9
mwazzam,موزم,موزم,True,7,4,0-9,0-9
nabaq,نبق,نبق,True,5,3,0-9,0-9
filim ru3ub,فلم رعب,فلم عرب,False,11,7,10-19,0-9
ytawwiq,يطوق,يطوق,True,7,4,0-9,0-9
darbit 7azz,ضربة حظ,دربط حزحز,False,11,7,10-19,0-9
balbuus,بلبوص,بلبوص,True,7,5,0-9,0-9
2adaa,أداة,أداة,True,5,4,0-9,0-9
2uskut,اسكت,اسكت,True,6,4,0-9,0-9
wala3,ولع,ولع,True,5,3,0-9,0-9
dabak,دبك,دبك,True,5,3,0-9,0-9
2inshihir,انشهر,انشهر,True,9,5,0-9,0-9
tnashnash,تنشنش,تنشنش,True,9,5,0-9,0-9
ghuus,غوص,غوص,True,5,3,0-9,0-9
tbaa7as,تباحث,تباحث,True,7,5,0-9,0-9
mahrajaan,مهرجان,مهرجان,True,9,6,0-9,0-9
mirbik,مربك,مربك,True,6,4,0-9,0-9
2intibish,انطبش,انتبش,False,9,5,0-9,0-9
tashshash,طشش,طشش,True,9,3,0-9,0-9
mukhkho kbiir,مخه كبير,مخه بخر,False,13,8,10-19,0-9
zakka,زكى,زكى,True,5,3,0-9,0-9
3atwe,عطوة,عطوة,True,5,4,0-9,0-9
2imsa7,امسح,امسح,True,6,4,0-9,0-9
narfuuz,نرفوز,نرفوز,True,7,5,0-9,0-9
harbij,هربج,هربج,True,6,4,0-9,0-9
qawariit,قواريط,قواريط,True,8,6,0-9,0-9
shabaayih,شبايه,شبايه,True,9,5,0-9,0-9
ysawwiq,يسوق,يسوق,True,7,4,0-9,0-9
sadiiq saduuq,صديق صدوق,صديق صقوق,False,13,9,10-19,0-9
mitwaqqi3,متوقع,متوقع,True,9,5,0-9,0-9
tamkiin,تمكين,تمكين,True,7,5,0-9,0-9
yikshif,يكشف,يكشف,True,7,4,0-9,0-9
sab3aawi,سبعاوي,سبعاوي,True,8,6,0-9,0-9
duwal,دولة,دول,False,5,4,0-9,0-9
masraf,مصرف,مصرف,True,6,4,0-9,0-9
mnaffid,منفذ,منفض,False,7,4,0-9,0-9
7ukm 2ilhudhud,حكم الهدهد,حكم الهده,False,14,10,10-19,10-19
yraawid,يراود,يراود,True,7,5,0-9,0-9
7am7im,حمحم,حمحم,True,6,4,0-9,0-9
kimikh,كمخ,كمخ,True,6,3,0-9,0-9
bashat,بشت,بشت,True,6,3,0-9,0-9
2ashkara,أشكرا,أسخار,False,8,5,0-9,0-9
mqabbis,مقبص,مقبص,True,7,4,0-9,0-9
yitsaddad,يتسدد,يتصدد,False,9,5,0-9,0-9
yitraafaq,يترافق,يترافق,True,9,6,0-9,0-9
kahrabji,كهربجي,كهربج,False,8,6,0-9,0-9
2insili7,انصلح,انسلح,False,8,5,0-9,0-9
2in3iwij,انعوج,انعوج,True,8,5,0-9,0-9
manzuu3 2iddasam,منزوع الدسم,منزوع الدسم,True,16,11,10-19,10-19
qaawa7,قاوح,قاوح,True,6,4,0-9,0-9
sufar,سفر,سفر,True,5,3,0-9,0-9
yinsif,ينسف,ينسف,True,6,4,0-9,0-9
2a3saab,أعصاب,أعصاب,True,7,5,0-9,0-9
khud3a,خدعة,خدعة,True,6,4,0-9,0-9
qadd 2ilbalad,قد البلد,قد البله,False,13,8,10-19,0-9
ma7ya,محيا,محيا,True,5,4,0-9,0-9
shahri,شهري,شهري,True,6,4,0-9,0-9
yitkhassas,يتخصص,يتخص,False,10,5,10-19,0-9
ydaayin,يداين,يضاين,False,7,5,0-9,0-9
zirr,زر,زر,True,4,2,0-9,0-9
kabbib,كبب,كبب,True,6,3,0-9,0-9
saafikh,سافخ,سافخ,True,7,4,0-9,0-9
dawa,ضوى,دوا,False,4,3,0-9,0-9
suff,صف,سف,False,4,2,0-9,0-9
nadir,نذر,ندر,False,5,3,0-9,0-9
bushneeqka,بشنيقة,بشنيقة,True,10,6,10-19,0-9
2il kikhkh 2akhu 2ilkhara,الكخ أخو الخرا,الخ خالخ ارخ,False,25,14,20-29,10-19
hinaak,هناك,هناك,True,6,4,0-9,0-9
ybi77,يبح,يبح,True,5,3,0-9,0-9
yghuss,يغص,يغص,True,6,3,0-9,0-9
takaaliif,تكاليف,تكاليف,True,9,6,0-9,0-9
dahdak,دهدك,دهدك,True,6,4,0-9,0-9
tayyar,طير,طير,True,6,3,0-9,0-9
ynaqqis,ينقص,ينقص,True,7,4,0-9,0-9
2indi3is,اندعس,اندعس,True,8,5,0-9,0-9
buuz,بوز,بوز,True,4,3,0-9,0-9
yinfinis,ينفنس,ينفنس,True,8,5,0-9,0-9
3aash,عاش,عاش,True,5,3,0-9,0-9
t7arsam,تحرسم,تحرسم,True,7,5,0-9,0-9
3arqaan,عرقان,عرقان,True,7,5,0-9,0-9
tna7na7,تنحنح,تنحنح,True,7,5,0-9,0-9
lawa,لوى,لوى,True,4,3,0-9,0-9
2iftata7,افتتح,افتتاح,False,8,5,0-9,0-9
2intikis,انتكس,انتكس,True,8,5,0-9,0-9
mawsim,موسم,موسم,True,6,4,0-9,0-9
mshanniq,مشنق,مشنق,True,8,4,0-9,0-9
shabbik,شبك,شبك,True,7,3,0-9,0-9
yundhur,ينذر,ينذر,True,7,4,0-9,0-9
suun,صون,سون,False,4,3,0-9,0-9
khalla,خلى,خلى,True,6,3,0-9,0-9
2ihzim,اهزم,اهزم,True,6,4,0-9,0-9
2asari,أثري,أسري,False,6,4,0-9,0-9
keeka7,كيكح,كيكح,True,6,4,0-9,0-9
kimmaade,كمادة,كمادة,True,8,5,0-9,0-9
raaghib,راغب,راغب,True,7,4,0-9,0-9
marraaq 2ittariiq,مراق الطريق,مراقة الطريق,False,17,11,10-19,10-19
tamakkun,تمكن,تمكن,True,8,4,0-9,0-9
meeraamiyye,ميرامية,ميرامية,True,11,7,10-19,0-9
tsallat,تسلط,تسلط,True,7,4,0-9,0-9
2ishar,اسهر,اصهر,False,6,4,0-9,0-9
yunqur,ينقر,ينقر,True,6,4,0-9,0-9
2alla yrammil 2ilyahuud,الله يرمل اليهود,الله يرما الللضول,False,23,16,20-29,10-19
7anash,حنش,حنش,True,6,3,0-9,0-9
2akam,أكم,أكم,True,5,3,0-9,0-9
wa33az,وعظ,وعظ,True,6,3,0-9,0-9
yistahlik,يستهلك,يستهلك,True,9,6,0-9,0-9
la2ijri,لإجري,لأجير,False,7,5,0-9,0-9
2inqaal,انقال,انقال,True,7,5,0-9,0-9
3attib,عتب,عطب,False,6,3,0-9,0-9
salla,سلى,سلى,True,5,3,0-9,0-9
baashar,باشر,باشر,True,7,4,0-9,0-9
tsaawab,تصاوب,تساوب,False,7,5,0-9,0-9
2iqaame,إقامة,إقامة,True,7,5,0-9,0-9
jinni 2illi yirkabak,جن اللي يركبك,جنين الللكاب بركالك,False,20,13,20-29,10-19
fantaziyye,فنتزية,فنتزية,True,10,6,10-19,0-9
2inhab,انهب,انهب,True,6,4,0-9,0-9
yusjud,يسجد,يسجد,True,6,4,0-9,0-9
taabiq,طابق,طابق,True,6,4,0-9,0-9
masa3,مصع,مصع,True,5,3,0-9,0-9
saffil,سفل,سفل,True,6,3,0-9,0-9
silis,سلس,سلس,True,5,3,0-9,0-9
2arsal,أرسل,أرصل,False,6,4,0-9,0-9
tshaarak,تشارك,تشارك,True,8,5,0-9,0-9
khaabiz,خابز,خابز,True,7,4,0-9,0-9
laahith,لاهث,لاهث,True,7,4,0-9,0-9
mashaaghil,مشاغل,مشاغل,True,10,5,10-19,0-9
2ukhbut raasak bil7eet,اخبط راسك بالحيط,اخبط راسك حيط,False,22,16,20-29,10-19
7ajj,حج,حج,True,4,2,0-9,0-9
mkalkil,مكلكل,مكلكل,True,7,5,0-9,0-9
yqoori7,يقورح,يقورح,True,7,5,0-9,0-9
2ighmis,اغمس,اغمس,True,7,4,0-9,0-9
dal3oona,دلعونة,دلعونة,True,8,6,0-9,0-9
3aadal,عادل,عادل,True,6,4,0-9,0-9
thaawa,تهاوى,تهاوى,True,6,5,0-9,0-9
2istaqdam,استقدم,استقدم,True,9,6,0-9,0-9
3aalil,عالل,عالل,True,6,4,0-9,0-9
jiqim,جقم,جقم,True,5,3,0-9,0-9
2ataafiil,أطافيل,أتافيل,False,9,6,0-9,0-9
3aar,عار,عار,True,4,3,0-9,0-9
ywaddi,يودي,يودي,True,6,4,0-9,0-9
sha7taf,شحتف,شحتف,True,7,4,0-9,0-9
2ajall,أجل,أجل,True,6,3,0-9,0-9
2ishaarit muruur,اشارة مرور,الشارة مور,False,16,10,10-19,10-19
2itfakhan,اتفكهن,اتفخن,False,9,6,0-9,0-9
yinsidim,ينصدم,ينصدم,True,8,5,0-9,0-9
khinn,خن,خن,True,5,2,0-9,0-9
dwaam,دوام,دوام,True,5,4,0-9,0-9
mdablaj,مدبلج,مدبلج,True,7,5,0-9,0-9
fiiraan,فيران,فيران,True,7,5,0-9,0-9
mazruub,مزروب,مزروب,True,7,5,0-9,0-9
mit7affiz,متحفظ,متحفظ,True,9,5,0-9,0-9
yi7zan,يحزن,يحزن,True,6,4,0-9,0-9
sultaani,سلطاني,سلطاني,True,8,6,0-9,0-9
mish mithanni bluqmito,مش متهني بلقمته,مش مثل هنقيلب,False,22,15,20-29,10-19
2ishkhat,اشخت,اشخط,False,8,4,0-9,0-9
draas,دراس,دراس,True,5,4,0-9,0-9
3awwid,عود,عود,True,6,3,0-9,0-9
3abeed,عبيض,عبيد,False,6,4,0-9,0-9
2ikhs 3aleek,إخص عليك,اخش عليك,False,12,8,10-19,0-9
beet kharaab,بيت خراب,بيت خارب,False,12,8,10-19,0-9
7ammaale,حمالة,حمالة,True,8,5,0-9,0-9
2itsharra7,اتشرح,اتشرح,True,10,5,10-19,0-9
2iddayyaf,تضيف,تديف,False,9,4,0-9,0-9
y3aatis,يعاطس,يعاطس,True,7,5,0-9,0-9
mitkattil,متكتل,متكتل,True,9,5,0-9,0-9
yitbaaha,يتباهى,يتباهى,True,8,6,0-9,0-9
fazza3,فزع,فزع,True,6,3,0-9,0-9
kharbuushe,خربوشة,خربوشة,True,10,6,10-19,0-9
2a3yaad,أعياد,أعياد,True,7,5,0-9,0-9
2inlihid,انلهد,انلهد,True,8,5,0-9,0-9
2id7ak b3ibbak,اضحك بعبك,اضحك بعب,False,14,9,10-19,0-9
ri2if,رئف,رئف,True,5,3,0-9,0-9
mufiid,مفيد,مفيد,True,6,4,0-9,0-9
yimtili,يمتلي,يمتلي,True,7,5,0-9,0-9
ytarmikh,يطرمخ,يطرمخ,True,8,5,0-9,0-9
y7al7il zaradhum,يحلحل زردهم,يحلحل زردهم,True,16,11,10-19,10-19
2uhzur,اهزر,اهزر,True,6,4,0-9,0-9
3aayif,عايف,عايف,True,6,4,0-9,0-9
ta3maa qatle,طعماه قتلة,طعماة قلة,False,12,10,10-19,10-19
2itsarra7,اتصرح,اتسرح,False,9,5,0-9,0-9
yitfarta7,يتفرطح,يتفرطح,True,9,6,0-9,0-9
shalla7,شلح,شلح,True,7,3,0-9,0-9
khaalif tu3raf,خالف تعرف,خالف عطرف,False,14,9,10-19,0-9
mrakki,مركي,مركي,True,6,4,0-9,0-9
suura,صورة,سورة,False,5,4,0-9,0-9
lam,لم,لم,True,3,2,0-9,0-9
ydaqmiq,يدقمق,يدقمق,True,7,5,0-9,0-9
2i7lib,احلب,احلب,True,6,4,0-9,0-9
2ajwaad,أجواد,أجواد,True,7,5,0-9,0-9
yfuuq,يفوق,يفوق,True,5,4,0-9,0-9
sayyi2a,سيئة,سيئة,True,7,4,0-9,0-9
fookhar,فوخر,فوخر,True,7,4,0-9,0-9
naza3,نزع,نزع,True,5,3,0-9,0-9
faraz,فرز,فرز,True,5,3,0-9,0-9
2alf,ألف,ألف,True,4,3,0-9,0-9
2iftar,افطر,افطر,True,6,4,0-9,0-9
yidmul,يدمل,يدمل,True,6,4,0-9,0-9
yikfal,يكفل,يكفل,True,6,4,0-9,0-9
qaffil,قفل,قفل,True,6,3,0-9,0-9
yidrus,يدرس,يدرس,True,6,4,0-9,0-9
2ajzaa2,أجزاء,أجزاء,True,7,5,0-9,0-9
2itwaghwash,اتوغوش,اتوغوش,True,11,6,10-19,0-9
yfar3in,يفرعن,يفرعن,True,7,5,0-9,0-9
ymakhtir,يمختر,يمختر,True,8,5,0-9,0-9
wasat,وسط,وسط,True,5,3,0-9,0-9
7aaki,حاكي,حاكي,True,5,4,0-9,0-9
2istarja3,استرجع,استرجع,True,9,6,0-9,0-9
ybakkish,يبكس,يبكش,False,8,4,0-9,0-9
yinqaad,ينقاد,ينقاد,True,7,5,0-9,0-9
mkhaawaa,مخاواة,مخاواة,True,8,6,0-9,0-9
ribi7,ربح,ربح,True,5,3,0-9,0-9
2awbi2a,أوبئة,أوبيقة,False,7,5,0-9,0-9
yijhal,يجهل,يجهل,True,6,4,0-9,0-9
barid,برد,برد,True,5,3,0-9,0-9
2iftaras,افترس,افترس,True,8,5,0-9,0-9
ynatnit,ينطنط,ينطنط,True,7,5,0-9,0-9
la77aam,لحام,لحام,True,7,4,0-9,0-9
2uqlut,اقلط,اقلط,True,6,4,0-9,0-9
laa lissade wlaa lilhadde wlaa la3athraat 2izzaman,لا للسدة ولا للهدة ولا لعثرات الزمن,لا سلا مشدرة ولا علا تها تن اها علللها ولأرضها,False,50,35,50-59,30-39
darri,دري,دري,True,5,3,0-9,0-9
khitaab,خطاب,خطاب,True,7,4,0-9,0-9
yitrassad,يترصد,يترصد,True,9,5,0-9,0-9
2utrud,اطرد,اطرد,True,6,4,0-9,0-9
2itfa3kash,اتفعكش,اتفعكش,True,10,6,10-19,0-9
maakhid 2i7tiyaato,ماخذ احتياطه,ماخذ الحطياة,False,18,12,10-19,10-19
7awaaliish,حواليش,حواليش,True,10,6,10-19,0-9
2ishlish,اشلش,اشلش,True,8,4,0-9,0-9
2indirim,اندرم,اندرم,True,8,5,0-9,0-9
3alamaat 2ittarqiim,علامات الترقيم,علامط الطاقم,False,19,14,10-19,10-19
tooshe,طوشة,طوشة,True,6,4,0-9,0-9
7eef,حيف,حيف,True,4,3,0-9,0-9
2ibrad,ابرد,ابرد,True,6,4,0-9,0-9
7araf,حرف,حرف,True,5,3,0-9,0-9
yitwattad,يتوتد,يتوتد,True,9,5,0-9,0-9
2insakhat,انسخط,انسخط,True,9,5,0-9,0-9
7alqa,حلقة,حلقة,True,5,4,0-9,0-9
yitza33am,يتزعم,يتزعم,True,9,5,0-9,0-9
2itra77al,اترحل,اترحل,True,9,5,0-9,0-9
turshaaq,طرشاق,ترشاق,False,8,5,0-9,0-9
2akraad,أكراد,أكراد,True,7,5,0-9,0-9
qini3,قنع,قنع,True,5,3,0-9,0-9
mnaata3a,مناتعة,مناطعة,False,8,6,0-9,0-9
2inqishaa3,انقشاع,انقشاع,True,10,6,10-19,0-9
qayluule,قيلولة,قيلولة,True,8,6,0-9,0-9
yit3afshak,يتعفشك,يتعفشك,True,10,6,10-19,0-9
farwe,فروة,فروة,True,5,4,0-9,0-9
tyaab,ثياب,طياب,False,5,4,0-9,0-9
jaqkar,جقر,جقر,True,6,3,0-9,0-9
dashshib,دشب,دشب,True,8,3,0-9,0-9
kurkamme,كركمة,كركمة,True,8,5,0-9,0-9
yistaw3ib,يستوعب,يستوعب,True,9,6,0-9,0-9
2aanisa,آنسة,آنسة,True,7,4,0-9,0-9
ydafdif,يدفدف,يدفدف,True,7,5,0-9,0-9
waq3a sukhne,وقعة سخنة,وقع شكين,False,12,9,10-19,0-9
yustu,يسطو,يسطو,True,5,4,0-9,0-9
2ithattik,اتهتك,اتهتك,True,9,5,0-9,0-9
mirtizi,مرتزي,مرتزي,True,7,5,0-9,0-9
twaqqat,توقت,توقت,True,7,4,0-9,0-9
ykarwit,يكروت,يكروت,True,7,5,0-9,0-9
yusfuq,يسفق,يسفق,True,6,4,0-9,0-9
yi3di,يعدي,يعدي,True,5,4,0-9,0-9
tghayyab,تغيب,تغيب,True,8,4,0-9,0-9
2istantaj,استنتج,استنتج,True,9,6,0-9,0-9
yhajjir,يهجر,يهجر,True,7,4,0-9,0-9
2ishhir,اشهر,اشهر,True,7,4,0-9,0-9
yinta7,ينطح,ينطح,True,6,4,0-9,0-9
yit2awwah,يتأوه,يتأوه,True,9,5,0-9,0-9
mish 3aajbak ruu7 2intif 7awaadjbak,مش عاجبك روح انتف حواجبك,مش عاجبك روفح اناسك بانالحت,False,35,24,30-39,20-29
2arhaq,أرهق,أرهق,True,6,4,0-9,0-9
2indala7,اندلح,اندلح,True,8,5,0-9,0-9
soobin,صوبن,سوبن,False,6,4,0-9,0-9
yrahrit,يرهرط,يرهرط,True,7,5,0-9,0-9
shakhbat,شخبط,شخبط,True,8,4,0-9,0-9
2araagiil,أراجيل,أراجيل,True,9,6,0-9,0-9
2ifti3aal,افتعال,افتعال,True,9,6,0-9,0-9
laaziz,لازز,لاز,False,6,4,0-9,0-9
qara,قرا,قرى,False,4,3,0-9,0-9
tamalluq,تملق,تملق,True,8,4,0-9,0-9
kustuk,كستك,كستك,True,6,4,0-9,0-9
2ijzim,اجزم,اجزم,True,6,4,0-9,0-9
kaafi,كافي,كافي,True,5,4,0-9,0-9
yirbik,يربك,يربك,True,6,4,0-9,0-9
farraame,فرامة,فرامة,True,8,5,0-9,0-9
dammar,دمر,دمر,True,6,3,0-9,0-9
makhtuuf,مخطوف,مخطوف,True,8,5,0-9,0-9
shammaa3a,شماعة,شماعة,True,9,5,0-9,0-9
2in3ataf,انعطف,انعطف,True,8,5,0-9,0-9
khnaa2a,خناقة,خناء,False,7,5,0-9,0-9
mitkaddir,متكدر,متكدر,True,9,5,0-9,0-9
yindugh,يندغ,يندغ,True,7,4,0-9,0-9
basim,بصم,بصم,True,5,3,0-9,0-9
mubaaraze,مبارزة,مبارزة,True,9,6,0-9,0-9
biddo,بدو,بدود,False,5,3,0-9,0-9
kalaamo zayy hubbaal 2ittabiikh,كلامه زي هبال الطبيخ,كلامه زيته بخايتهب,False,31,20,30-39,20-29
faash,فاش,فاش,True,5,3,0-9,0-9
3amaala,عمالة,عمالة,True,7,5,0-9,0-9
saafin,صافن,سافن,False,6,4,0-9,0-9
3usi,عصي,عصي,True,4,3,0-9,0-9
ghasal,غسل,غسل,True,6,3,0-9,0-9
ydiim,يديم,يديم,True,5,4,0-9,0-9
nammir,نمر,نمر,True,6,3,0-9,0-9
waazan,وازن,وازن,True,6,4,0-9,0-9
ghalbaan,غلبان,غلبان,True,8,5,0-9,0-9
khaam,خام,خام,True,5,3,0-9,0-9
yzarzirr,يزرزر,يزرزر,True,8,5,0-9,0-9
shawaadir,شوادر,شوادر,True,9,5,0-9,0-9
tansiif,تنسيف,تنصيف,False,7,5,0-9,0-9
nijim,نجم,نجم,True,5,3,0-9,0-9
yitlaa2am,يتلائم,يتلائم,True,9,6,0-9,0-9
byuut,بيوت,بيوت,True,5,4,0-9,0-9
7as7as,حصحص,حسحس,False,6,4,0-9,0-9
2itkarfat,اتكرفت,اتكرفت,True,9,6,0-9,0-9
yfashkil,يفشكل,يفشكل,True,8,5,0-9,0-9
2irta3ab,ارتعب,ارتعب,True,8,5,0-9,0-9
2ista7yin,استحين,استحين,True,9,6,0-9,0-9
mbannis,مبنص,مبنس,False,7,4,0-9,0-9
qu3fur,قعفر,قعفر,True,6,4,0-9,0-9
3attash,عطش,عطش,True,7,3,0-9,0-9
yisfa,يصفى,يصفى,True,5,4,0-9,0-9
yitmasmar,يتمسمر,يتمسمر,True,9,6,0-9,0-9
manquuqman2uu2,منقوق,منقوم,False,14,5,10-19,0-9
7ammal 2ahli jmiile,حمل أهلي جميلة,حمل أهلي جميلة,True,19,14,10-19,10-19
fanajiil,فناجيل,فناجيل,True,8,6,0-9,0-9
tghassal,تغسل,تغسل,True,8,4,0-9,0-9
3iraagiyye,عراقية,عراقية,True,10,6,10-19,0-9
keeki7,كيكح,كيكح,True,6,4,0-9,0-9
mratrit,مرطرط,مرطرط,True,7,5,0-9,0-9
t7oomar,تحومر,تحومر,True,7,5,0-9,0-9
yjaljil,يجلجل,يجلجل,True,7,5,0-9,0-9
baqlawa,بقلاوة,بقلوة,False,7,6,0-9,0-9
2islakh,اسلخ,اسلخ,True,7,4,0-9,0-9
2azme 2iqtisaadiyye,أزمة اقتصادية,أزمة الصيدة,False,19,13,10-19,10-19
2ismo bil2ard,اسمه بالأرض,اسم بالأرض,False,13,11,10-19,10-19
rass,رص,رص,True,4,2,0-9,0-9
7almiz,حلمز,حلمز,True,6,4,0-9,0-9
7abkit 2ilqissa,حبكة القصة,حبكة السقة,False,15,10,10-19,10-19
yit3ajraf,يتعجرف,يتعجرف,True,9,6,0-9,0-9
yitshaa2am,يتشائم,يتشائم,True,10,6,10-19,0-9
rukuu3,ركوع,ركوع,True,6,4,0-9,0-9
3asruune,عصرونة,عصرونة,True,8,6,0-9,0-9
yitmazza3,يتمزع,يتمزع,True,9,5,0-9,0-9
7awwiit,حويط,حويط,True,7,4,0-9,0-9
mashtal,مشتل,مشتل,True,7,4,0-9,0-9
yustul,يسطل,يسطل,True,6,4,0-9,0-9
2i7dif,احدف,احدف,True,6,4,0-9,0-9
bunduq,بندق,بندق,True,6,4,0-9,0-9
faarish,فارش,فارش,True,7,4,0-9,0-9
mutakhaffi,متخفي,متكهفي,False,10,5,10-19,0-9
y3uuf,يعوف,يعوف,True,5,4,0-9,0-9
maa btiiji ghurze fiiki,ما بتيجي غرزة فيك,ما بيت غجيفك رك,False,23,17,20-29,10-19
7amilha 3aziiz,حملها عزيز,حملها عزيز,True,14,10,10-19,10-19
witi,وطي,وتي,False,4,3,0-9,0-9
qaati3 2iido wushaa7id 3aleeha,قاطع إيده وشاحد عليها,قاطع اليده وشاحدها,False,30,21,30-39,20-29
3abba raaso,عبى راس,عبابر ساسه,False,11,7,10-19,0-9
ghammad,غمض,غمض,True,7,3,0-9,0-9
3ala 2alla,على الله,على أله,False,10,8,10-19,0-9
maa zanneeti,ما ظنيتي,مازنة نيت,False,12,8,10-19,0-9
krukke,قرقة,كركة,False,6,4,0-9,0-9
shoote,شوطة,شوتة,False,6,4,0-9,0-9
2itlaqqa,اتلقى,اتلقى,True,8,5,0-9,0-9
7laashe,حلاشة,حلاشة,True,7,5,0-9,0-9
tbaawas,تباوس,تباوص,False,7,5,0-9,0-9
maghghat,مغط,مغط,True,8,3,0-9,0-9
miit marsha7a,مية مرشحة,ميتم مشرحة,False,13,9,10-19,0-9
7anaayin,حناين,حناين,True,8,5,0-9,0-9
yit7armas,يتحرمص,يتحرمص,True,9,6,0-9,0-9
2insata7,انسطح,انسطح,True,8,5,0-9,0-9
yittawal,يتطول,يتطول,True,8,5,0-9,0-9
fa3at,فعط,فعط,True,5,3,0-9,0-9
tkarkaz,تكركز,تكركز,True,7,5,0-9,0-9
yii 3alyahuud,يي عاليهود,يوعلى هالدي,False,13,10,10-19,10-19
yintifid,ينتفض,ينتفض,True,8,5,0-9,0-9
ghabbir,غبر,غبر,True,7,3,0-9,0-9
tahhir,طهر,طهر,True,6,3,0-9,0-9
daashi3,داشع,داشع,True,7,4,0-9,0-9
ta7bish,طحبش,طحبش,True,7,4,0-9,0-9
yistafhim,يستفهم,يستفهم,True,9,6,0-9,0-9
quud,قود,قود,True,4,3,0-9,0-9
daayan,داين,داين,True,6,4,0-9,0-9
3uqur,عقر,عقر,True,5,3,0-9,0-9
sa3aadiin,سعادين,سعادين,True,9,6,0-9,0-9
2istaf7al,استفحل,استفحل,True,9,6,0-9,0-9
yshaahid,يشاهد,يشاهد,True,8,5,0-9,0-9
2istahwan,استهون,استهون,True,9,6,0-9,0-9
mazz,مز,مز,True,4,2,0-9,0-9
2itgharbal,اتغربل,اتغربل,True,10,6,10-19,0-9
2itkhabba,اتخبا,اتخبى,False,9,5,0-9,0-9
3afak,عفق,عفك,False,5,3,0-9,0-9
talq,طلق,طلق,True,4,3,0-9,0-9
y7annis,يحنص,يحنص,True,7,4,0-9,0-9
2inlidigh,انلدغ,انلدغ,True,9,5,0-9,0-9
qutub,قتب,قطب,False,5,3,0-9,0-9
mawaadii3,مواضيع,مواديع,False,9,6,0-9,0-9
tab7iira,تبحيرة,تبحيرة,True,8,6,0-9,0-9
ysha7bir,يشحبر,يشحبر,True,8,5,0-9,0-9
yiiy2as,ييأس,يييييييئس,False,7,4,0-9,0-9
yittarraf,يتطرف,يتطرف,True,9,5,0-9,0-9
nashwe,نشوة,نشوة,True,6,4,0-9,0-9
nata7,نطح,نتح,False,5,3,0-9,0-9
2irsakh,ارسخ,ارسخ,True,7,4,0-9,0-9
7ilim,حلم,حلم,True,5,3,0-9,0-9
7aasim,حاسم,حاصم,False,6,4,0-9,0-9
naata7,ناطح,ناطح,True,6,4,0-9,0-9
masaa7iiq 2ittajmiil,مساحيق التجميل,مساحيق التمجام,False,20,14,20-29,10-19
nasaj,نسج,نسج,True,5,3,0-9,0-9
2inda3ik,اندعك,اندعك,True,8,5,0-9,0-9
na3was,نعوس,نعوس,True,6,4,0-9,0-9
daafash,دافش,دافش,True,7,4,0-9,0-9
kull zeet wu2inta7 2il7eet,كل زيت وانطح الحيط,كل زيتون الحيط,False,26,18,20-29,10-19
taase wa7de,طاسة وحده,طاسة وحدة,False,11,9,10-19,0-9
wassa3,وسع,وسع,True,6,3,0-9,0-9
zikrayaat,ذكريات,زكرايت,False,9,6,0-9,0-9
7ijaab,حجاب,حجاب,True,6,4,0-9,0-9
2alf ra7me wunuur,ألف رحمة ونور عليه,ألف رمحو ورونة,False,17,18,10-19,10-19
baaquura,باقورة,باقورة,True,8,6,0-9,0-9
mkalli7,مكلح,مكلح,True,7,4,0-9,0-9
baa3ad,باعد,باعد,True,6,4,0-9,0-9
2istasghar,استصغر,استصغر,True,10,6,10-19,0-9
yitshalla7,يتشلح,يتشلح,True,10,5,10-19,0-9
yjaawir,يجاور,يجاور,True,7,5,0-9,0-9
nisyaan,نسيان,نسيان,True,7,5,0-9,0-9
yighmad,يغمض,يغمض,True,7,4,0-9,0-9
gargara,قرقرة,قرارة,False,7,5,0-9,0-9
qaram,قرم,قرم,True,5,3,0-9,0-9
khawwil,خول,خول,True,7,3,0-9,0-9
yahuud,يهود,يهود,True,6,4,0-9,0-9
lseene,لسينة,لسين,False,6,5,0-9,0-9
garsoon,جرسون,قرصون,False,7,5,0-9,0-9
yitsabba7,يتسبح,يتسبح,True,9,5,0-9,0-9
yziidha 3alee,يزيدها عليه,زيدها عليه,False,13,11,10-19,10-19
nuskha,نسخة,نسخة,True,6,4,0-9,0-9
2irqa3,ارقع,ارقع,True,6,4,0-9,0-9
2akhad,أخذ,أخذ,True,6,3,0-9,0-9
fikk,فك,فك,True,4,2,0-9,0-9
tawwij,توج,طوج,False,6,3,0-9,0-9
sirdaa7i mirdaa7i,سرداحي مرداحي,سرداحي ميريح,False,17,13,10-19,10-19
tnammar,تنمر,تنمر,True,7,4,0-9,0-9
sinsaal,سنسال,سنسال,True,7,5,0-9,0-9
ytaabiq,يطابق,يطابق,True,7,5,0-9,0-9
yulqut,يلقط,يلقط,True,6,4,0-9,0-9
si7ri,سحري,صحري,False,5,4,0-9,0-9
tashriib,تشريب,تشريب,True,8,5,0-9,0-9
djardja7,جرجح,جرجح,True,8,4,0-9,0-9
rakhawi,رخوي,رخوي,True,7,4,0-9,0-9
2inhibil,انهبل,انهبل,True,8,5,0-9,0-9
taba3,طبع,طبع,True,5,3,0-9,0-9
bittafsiil 2ilmumill,بالتفصيل الممل,بتفصيل الميلم,False,20,14,20-29,10-19
faati7 batno,فاتح بطنه,فاتح بطنه,True,12,9,10-19,0-9
3awra,عورة,عورة,True,5,4,0-9,0-9
zakki,زكي,زكي,True,5,3,0-9,0-9
tarwiise,ترويسة,ترويسة,True,8,6,0-9,0-9
fasil,فصل,فصل,True,5,3,0-9,0-9
2immasligh,ممسلغ,امسلغ,False,10,5,10-19,0-9
taala3,طالع,طالع,True,6,4,0-9,0-9
filfil 2aswad,فلفل أسود,فلف السود,False,13,9,10-19,0-9
7awaaf,حواف,حواف,True,6,4,0-9,0-9
yinkhiris,ينخرس,ينخرس,True,9,5,0-9,0-9
2annis,أنث,أنث,True,6,3,0-9,0-9
dahaadiish,دهاديش,دهاديش,True,10,6,10-19,0-9
mashshit,مشط,مشط,True,8,3,0-9,0-9
waasi3,واسع,واسع,True,6,4,0-9,0-9
ta3arruj,تعرج,تعرج,True,8,4,0-9,0-9
2ann,أن,أن,True,4,2,0-9,0-9
2istandif,استنظف,استنظف,True,9,6,0-9,0-9
yitsharra3,يتشرع,يتشرع,True,10,5,10-19,0-9
mfaddil 3araasi min fooq,مفضل عراسي من فوق,مفضي لعراسه من فيق,False,24,17,20-29,10-19
waghwish,وغوش,وغوش,True,8,4,0-9,0-9
2iqtiraa7,اقتراح,اقتراح,True,9,6,0-9,0-9
hazaa2im,هزائم,هزائم,True,8,5,0-9,0-9
khajjal,خجل,خجل,True,7,3,0-9,0-9
7akiim,حكيم,حكيم,True,6,4,0-9,0-9
mahzuur,مهزور,مهزور,True,7,5,0-9,0-9
2awfad,أوفد,أوفد,True,6,4,0-9,0-9
shawwash,شوش,شوش,True,8,3,0-9,0-9
ydeewin,يديون,يديون,True,7,5,0-9,0-9
mirkaas,مركاس,مركاس,True,7,5,0-9,0-9
tmalla,تملى,تملى,True,6,4,0-9,0-9
faraay7i,فرايحي,فرايح,False,8,6,0-9,0-9
tqassa,تقصى,تقصى,True,6,4,0-9,0-9
2intifis,انطفس,انتفس,False,8,5,0-9,0-9
2ahwan bala,أهون بلا,أهوان بلا,False,11,8,10-19,0-9
muwaatane,مواطنة,مواتنة,False,9,6,0-9,0-9
qarqid,قرقد,قرقض,False,6,4,0-9,0-9
yitba33az,يتبعز,يتبعز,True,9,5,0-9,0-9
2u3tus,اعطس,اعطس,True,6,4,0-9,0-9
namliyye,نملية,نملية,True,8,5,0-9,0-9
yulqi 2illoom,يلقي اللوم,يلقي الهموم,False,13,10,10-19,10-19
mahmiz,مهمز,مهمز,True,6,4,0-9,0-9
thazzaz,تهزز,تهزز,True,7,4,0-9,0-9
ytaawi3,يطاوع,يطاوع,True,7,5,0-9,0-9
3ali,علي,علي,True,4,3,0-9,0-9
yi7tarif,يحترف,يحترف,True,8,5,0-9,0-9
yinifrim,ينفرم,ينفرم,True,8,5,0-9,0-9
sawaa7il,سواحل,سواحل,True,8,5,0-9,0-9
hattiike,هتيكة,هتيكة,True,8,5,0-9,0-9
2abuus 2iidak,أبوس إيدك,أبو سيدك,False,13,9,10-19,0-9
2irtawa,ارتوى,ارتوى,True,7,5,0-9,0-9
mahaabiish,مهابيش,مهابيش,True,10,6,10-19,0-9
7akaawi,حكاوي,حكاوي,True,7,5,0-9,0-9
dist,دست,دست,True,4,3,0-9,0-9
tuudaaye,توداية,توضاية,False,8,6,0-9,0-9
wugheero,وغيره,وغيرة,False,8,5,0-9,0-9
bart 7oome,برط حومة,برط حمومة,False,10,8,10-19,0-9
shaytaani,شيطاني,شيطاني,True,9,6,0-9,0-9
khatiyye,خطية,خطية,True,8,4,0-9,0-9
tsaffan,تصفن,تسفن,False,7,4,0-9,0-9
samuum,سموم,سموم,True,6,4,0-9,0-9
maktab,مكتب,مكتب,True,6,4,0-9,0-9
2itnaafas,اتنافس,اتنافس,True,9,6,0-9,0-9
las3a,لسعة,لسعة,True,5,4,0-9,0-9
halqeet,هلقيت,هالقيط,False,7,5,0-9,0-9
yitwaqqa3,يتوقع,يتوقع,True,9,5,0-9,0-9
haafit,هافت,هافت,True,6,4,0-9,0-9
miswaata,مسواطة,مسواطة,True,8,6,0-9,0-9
shaqi,شقي,شقي,True,5,3,0-9,0-9
ta7arri,تحري,تحاري,False,7,4,0-9,0-9
sannat,صن,سنط,False,6,2,0-9,0-9
toobin,طوبن,طوبن,True,6,4,0-9,0-9
waati,واطي,واطي,True,5,4,0-9,0-9
2abyad,أبيض,أبيض,True,6,4,0-9,0-9
manaa7il,مناحل,مناحل,True,8,5,0-9,0-9
karr,كر,كر,True,4,2,0-9,0-9
ta7riir,تحرير,تحرير,True,7,5,0-9,0-9
ynaazi3,ينازع,ينازع,True,7,5,0-9,0-9
draase,دراسة,دراسة,True,6,5,0-9,0-9
fattaa7a,فتاحة,فتاحة,True,8,5,0-9,0-9
2istas3ab,استصعب,استصعب,True,9,6,0-9,0-9
dineen,ذنين,دنين,False,6,4,0-9,0-9
ykhadkhid,يخضخض,يخضخض,True,9,5,0-9,0-9
2almaniyye wala 2iddaniyye,المنية ولا الدنية,ألمنيا ويديا,False,26,17,20-29,10-19
balba3a,بلبعة,بلبعة,True,7,5,0-9,0-9
2inlatash,انلطش,انلطش,True,9,5,0-9,0-9
yilfit,يلفت,يلفت,True,6,4,0-9,0-9
sahlil,صهلل,سهلل,False,6,4,0-9,0-9
2asfar,أصفر,أسفر,False,6,4,0-9,0-9
mkhannim,مخنم,مخنم,True,8,4,0-9,0-9
3izzaabi,عزابي,عزابي,True,8,5,0-9,0-9
bukum,بكم,بكم,True,5,3,0-9,0-9
khayy,خي,خي,True,5,2,0-9,0-9
7aaba,حابى,حابا,False,5,4,0-9,0-9
hammit,همط,همط,True,6,3,0-9,0-9
ydakkin,يدكن,يدكن,True,7,4,0-9,0-9
2uknuz,اكنز,اكنز,True,6,4,0-9,0-9
2ajaaz,أجاز,أجاز,True,6,4,0-9,0-9
midrik,مدرك,مدرك,True,6,4,0-9,0-9
bsuum,بسوم,بصوم,False,5,4,0-9,0-9
tshardaq,تشردق,تشردق,True,8,5,0-9,0-9
faqse,فقسة,فقسة,True,5,4,0-9,0-9
zaayi7,زايح,زايح,True,6,4,0-9,0-9
2imlaa2,إملاء,إملاء,True,7,5,0-9,0-9
saltin,سلطن,سلطن,True,6,4,0-9,0-9
batin,بطن,بطن,True,5,3,0-9,0-9
yitkhazzan,يتخزن,يتخزن,True,10,5,10-19,0-9
khassar,خسر,خصر,False,7,3,0-9,0-9
jumuud,جمود,جمود,True,6,4,0-9,0-9
2itkharsham,اتخرشم,اتخرشم,True,11,6,10-19,0-9
ysalli,يسلي,يسلي,True,6,4,0-9,0-9
2itsaafa,اتصافى,اتصافى,True,8,6,0-9,0-9
2ustuura,أسطورة,استورا,False,8,6,0-9,0-9
2il7as,الحس,الحس,True,6,4,0-9,0-9
duuz,دوز,دوز,True,4,3,0-9,0-9
rakhaa2,رخاء,رخاء,True,7,4,0-9,0-9
yitdjabdjab,يتجبجب,يتجبجب,True,11,6,10-19,0-9
matruus,متروس,مطروس,False,7,5,0-9,0-9
masmas,مصمص,مسمس,False,6,4,0-9,0-9
3aadi,عادي,عادي,True,5,4,0-9,0-9
madruub b7ajar faadi,مضروب بحجركبير,مدروب بحافر,False,20,14,20-29,10-19
mqabbis,مقبس,مقبص,False,7,4,0-9,0-9
shukhuus,شخوص,شخوص,True,8,4,0-9,0-9
masmasa,مصمصة,مسمساس,False,7,5,0-9,0-9
t3azzaz,تعزز,تعزز,True,7,4,0-9,0-9
kazzaabkadhdhaab,كذاب,كزابخ,False,16,4,10-19,0-9
tshakkak,تشكك,تشكك,True,8,4,0-9,0-9
2irtabak,ارتبك,ارتبك,True,8,5,0-9,0-9
fusseediyye,فسيدية,فسيدية,True,11,6,10-19,0-9
gklaade,قلادة,قلادة,True,7,5,0-9,0-9
2ishtarak,اشترك,اشترك,True,9,5,0-9,0-9
2intaqa3,انتقع,انتقع,True,8,5,0-9,0-9
yitballat,يتبلط,يتبلط,True,9,5,0-9,0-9
dyaab,ذياب,ضياب,False,5,4,0-9,0-9
furshaaye,فرشاية,فرشاية,True,9,6,0-9,0-9
khutuut,خطوط,خطوط,True,7,4,0-9,0-9
yunbu3,ينبع,ينبع,True,6,4,0-9,0-9
mushut,مشط,مشوط,False,6,3,0-9,0-9
mshawwash,مشوش,مشوش,True,9,4,0-9,0-9
y7aatif,يحاتف,يحاتف,True,7,5,0-9,0-9
naad,ناد,ناد,True,4,3,0-9,0-9
yitqattam,يتقطم,يتقطم,True,9,5,0-9,0-9
2il3irsaan tawaabiir,العرسان طوابير,العراس وابينات,False,20,14,20-29,10-19
laam,لام,لام,True,4,3,0-9,0-9
fuq3a,فقعة,فقعة,True,5,4,0-9,0-9
2abu 2il3abid,أبو العبد,أبو العديب,False,13,9,10-19,0-9
2it3an,اطعن,اطعن,True,6,4,0-9,0-9
yqgarmit,يقرمط,يقرمط,True,8,5,0-9,0-9
3iqaab,عقاب,عقاب,True,6,4,0-9,0-9
taajir diin,تاجر دين,طاجر دين,False,11,8,10-19,0-9
nashir,نشر,نشر,True,6,3,0-9,0-9
7allaas,حلاس,حلاس,True,7,4,0-9,0-9
dooshka,دوشكة,دوشك,False,7,5,0-9,0-9
tlaakam,تلاكم,تلاكم,True,7,5,0-9,0-9
tsalla7,تسلح,تسلح,True,7,4,0-9,0-9
waajih,واجه,واجه,True,6,4,0-9,0-9
saliime,سليمة,سليمة,True,7,5,0-9,0-9
tballat,تبلط,تبلط,True,7,4,0-9,0-9
makhmuu3,مخموع,مخموع,True,8,5,0-9,0-9
mnaa7ara,مناحرة,مناحرة,True,8,6,0-9,0-9
yistaqti3,يستقطع,يستقطع,True,9,6,0-9,0-9
faara,فارة,فارى,False,5,4,0-9,0-9
daris,درس,درس,True,5,3,0-9,0-9
taj7iishe,تجحيشة,تجحيشة,True,9,6,0-9,0-9
saako,ساكو,ساكو,True,5,4,0-9,0-9
sahhi,سهي,سهي,True,5,3,0-9,0-9
yushnuf,يشنف,يشنف,True,7,4,0-9,0-9
2aqzaam,أقزام,أقزام,True,7,5,0-9,0-9
2itma3,اطمع,اطمع,True,6,4,0-9,0-9
talle,طلة,طلة,True,5,3,0-9,0-9
na7iib,نحيب,نحيب,True,6,4,0-9,0-9
yistab3id,يستبعد,يستبعد,True,9,6,0-9,0-9
yitqattab,يتقطب,يتقطب,True,9,5,0-9,0-9
taqqi3,طقع,طقع,True,6,3,0-9,0-9
muna 3eeni,منى عيني,من عينة,False,10,8,10-19,0-9
2indah,انده,انده,True,6,4,0-9,0-9
saffit snaan,صفة سنان,سفة سنان,False,12,8,10-19,0-9
baraamij,برامج,برامج,True,8,5,0-9,0-9
zalat,زلط,زلط,True,5,3,0-9,0-9
kimin,كمن,كمن,True,5,3,0-9,0-9
mzakkim,مزكم,مزكم,True,7,4,0-9,0-9
doorit 2il7araami,دورة الحرامي,دورة الحمارة,False,17,12,10-19,10-19
tghaafal,تغافل,تغافل,True,8,5,0-9,0-9
2itbarbadj,اتبربج,اتبربج,True,10,6,10-19,0-9
shumbur,شنبر,شمبر,False,7,4,0-9,0-9
2itsakhmat,اتسخمط,اتسخمط,True,10,6,10-19,0-9
daqam,دقم,دقم,True,5,3,0-9,0-9
lusum,لثم,لصم,False,5,3,0-9,0-9
qita3,قطع,قطع,True,5,3,0-9,0-9
2a3idj,أعج,أعج,True,6,3,0-9,0-9
raqa3at di7ke,رقعت ضحكة,رقعت ضحيك,False,13,9,10-19,0-9
ba3aabiiz,بعابيز,بعابيذ,False,9,6,0-9,0-9
yba7liq,يبحلق,يبحلق,True,7,5,0-9,0-9
barduh,برضه,برده,False,6,4,0-9,0-9
2istirjaal,استرجال,استرجال,True,10,7,10-19,0-9
maqaas,مقاس,مقاس,True,6,4,0-9,0-9
yin7aqq,ينحق,ينحق,True,7,4,0-9,0-9
haziime,هزيمة,هزيمة,True,7,5,0-9,0-9
t7arqas,تحرقص,تحرقص,True,7,5,0-9,0-9
maa3uun,ماعون,ماعون,True,7,5,0-9,0-9
shala3,شلع,شلع,True,6,3,0-9,0-9
mqattish,مقطش,مقطش,True,8,4,0-9,0-9
ydharri,يذري,يدهري,False,7,4,0-9,0-9
shalfat,شلفط,شلفط,True,7,4,0-9,0-9
msannim,مصنم,مسنم,False,7,4,0-9,0-9
yrattib,يرطب,يرطب,True,7,4,0-9,0-9
ysarri3,يسرع,يسرع,True,7,4,0-9,0-9
ma7juur,محجور,محجور,True,7,5,0-9,0-9
2istaghmaq,استغمق,استغمق,True,10,6,10-19,0-9
2amin,أمن,أمن,True,5,3,0-9,0-9
2itmahhal,اتمهل,اتمهل,True,9,5,0-9,0-9
yidghash,يدغش,يدغش,True,8,4,0-9,0-9
ysaffif,يصفف,يصففف,False,7,4,0-9,0-9
zihiq,زهق,زهق,True,5,3,0-9,0-9
2ifzi3,افزع,افزع,True,6,4,0-9,0-9
2a7sa,أحصى,أحسى,False,5,4,0-9,0-9
yijbid,يجبد,يجبد,True,6,4,0-9,0-9
yza7liq,يزحلق,يزحلق,True,7,5,0-9,0-9
2irdi,ارضي,ارضي,True,5,4,0-9,0-9
2akhad maddo,أخذ مجده,أخذ مده,False,12,8,10-19,0-9
lattaaye,لطاية,لطاية,True,8,5,0-9,0-9
faatak nuss 3umrak,فاتك نص عمرك,فاتك نسم عرك,False,18,12,10-19,10-19
smaat,سماط,سماط,True,5,4,0-9,0-9
sa3aq,صعق,سعق,False,5,3,0-9,0-9
shaaliish,شاليش,شاليش,True,9,5,0-9,0-9
2istaysar,استيسر,استيسر,True,9,6,0-9,0-9
ra7ra7,رحرح,رحرح,True,6,4,0-9,0-9
marsuum,مرسوم,مرصوم,False,7,5,0-9,0-9
mdja3rin,مجعرن,مجعرن,True,8,5,0-9,0-9
yil7im,يلحم,يلحم,True,6,4,0-9,0-9
yit7ammas,يتحمس,يتحمس,True,9,5,0-9,0-9
tamhiidi,تمهيدي,تمهيد,False,8,6,0-9,0-9
fuqur,فقر,فقر,True,5,3,0-9,0-9
3ama,عمى,عمى,True,4,3,0-9,0-9
shaambo,شامبو,شامبو,True,7,5,0-9,0-9
2inshall,انشل,انشل,True,8,4,0-9,0-9
yitjaazab,يتجاذب,يتجاذب,True,9,6,0-9,0-9
yitmassad,يتمسد,يتمسد,True,9,5,0-9,0-9
yithaddam,يتهضم,يتهضم,True,9,5,0-9,0-9
mbawwim,مبوم,مبوم,True,7,4,0-9,0-9
yrakhrikh,يرخرخ,يرخرخ,True,9,5,0-9,0-9
tlaasha,تلاشى,تلاشى,True,7,5,0-9,0-9
haddi,هدي,هدي,True,5,3,0-9,0-9
yuhjur,يهجر,يهجر,True,6,4,0-9,0-9
7atta,حتى,حطة,False,5,3,0-9,0-9
bardaan,بردان,بردان,True,7,5,0-9,0-9
2imtadd,امتد,امتد,True,7,4,0-9,0-9
7ashsha,حشى,حشى,True,7,3,0-9,0-9
2unqul,انقل,انقل,True,6,4,0-9,0-9
2inkashaf,انكشف,انكشف,True,9,5,0-9,0-9
see3a,ساعة,سيعة,False,5,4,0-9,0-9
mikniz,مكنز,مكنز,True,6,4,0-9,0-9
gharrab,غرب,غرب,True,7,3,0-9,0-9
balaabil,بلابل,بلابل,True,8,5,0-9,0-9
sajan,سجن,سجن,True,5,3,0-9,0-9
m7azziz,محزز,محزز,True,7,4,0-9,0-9
khadaar,خضار,خضار,True,7,4,0-9,0-9
2itwa77ash,اتوحش,اتوحش,True,10,5,10-19,0-9
faaz,فاز,فاز,True,4,3,0-9,0-9
2istabar,اصطبر,استبر,False,8,5,0-9,0-9
barra2,برأ,برأ,True,6,3,0-9,0-9
2ishbih,اشبه,اشبه,True,7,4,0-9,0-9
tawaafiir,طوافير,توافير,False,9,6,0-9,0-9
yda3bil,يدعبل,يدعبل,True,7,5,0-9,0-9
y7azzif,يحذف,يحذف,True,7,4,0-9,0-9
yiddalda2,يتدلدق,يتدلدق,True,9,6,0-9,0-9
tballak,تبلك,تبلك,True,7,4,0-9,0-9
saqal,صقل,سقل,False,5,3,0-9,0-9
duuj,ضوج,دوج,False,4,3,0-9,0-9
fiid,فيد,فيد,True,4,3,0-9,0-9
za7me,زحمة,زحمة,True,5,4,0-9,0-9
ghutt,غط,غط,True,5,2,0-9,0-9
y7ajjir,يحجر,يحجر,True,7,4,0-9,0-9
2istiqraar,استقرار,استقرار,True,10,7,10-19,0-9
bawaa3iid,بواعيض,بواعيد,False,9,6,0-9,0-9
yistahdi,يستهدي,يستهدي,True,8,6,0-9,0-9
2i3tibaar,اعتبار,اعتبار,True,9,6,0-9,0-9
sharqi,شرقي,شرقي,True,6,4,0-9,0-9
2istaqbal,استقبل,استقبل,True,9,6,0-9,0-9
kharraf,خرف,خرف,True,7,3,0-9,0-9
3ashshim,عشم,عشم,True,8,3,0-9,0-9
sallakh,سلخ,سلخ,True,7,3,0-9,0-9
2itmaswa3,اتمصوع,اتمصوع,True,9,6,0-9,0-9
2inshi2,انشئ,انشئ,True,7,4,0-9,0-9
yistakfi,يستكفي,يستكفي,True,8,6,0-9,0-9
tahliil,تهليل,تهليل,True,7,5,0-9,0-9
3aqil 2irra7maan,عقل الرحمن,عقل الرحمانا,False,16,10,10-19,10-19
yinqasa3,ينقصع,ينقصع,True,8,5,0-9,0-9
y3abbir,يعبر,يعبر,True,7,4,0-9,0-9
baali3 raadyo,بالع راديو,بالعلي عرضه,False,13,10,10-19,10-19
yitshajja3,يتشجع,يتشجع,True,10,5,10-19,0-9
2i3tidi,اعتدي,اعتدي,True,7,5,0-9,0-9
mazluum,مظلوم,مزلوم,False,7,5,0-9,0-9
2antaj,أنتج,أنتج,True,6,4,0-9,0-9
ta7jiim,تحجيم,تحجيم,True,7,5,0-9,0-9
yinbilif,ينبلف,ينبلف,True,8,5,0-9,0-9
yinqaal,ينقال,ينقال,True,7,5,0-9,0-9
raafaq,رافق,رافق,True,6,4,0-9,0-9
mukhkho qkundara,مخه قندرة,مخه قندره,False,16,9,10-19,0-9
saalik,سالك,سالك,True,6,4,0-9,0-9
yitsawwaq,يتسوق,يتسوق,True,9,5,0-9,0-9
7alfash,حلفش,حلفش,True,7,4,0-9,0-9
yij3as,يجعص,يجعص,True,6,4,0-9,0-9
bsaa3,بساع,بصاع,False,5,4,0-9,0-9
tantif,تنتف,تنتف,True,6,4,0-9,0-9
buur,بور,بور,True,4,3,0-9,0-9
tarahhul,ترهل,طرهل,False,8,4,0-9,0-9
2iqtari3,اقترع,اقترع,True,8,5,0-9,0-9
halmane,هلمنة,هلمنة,True,7,5,0-9,0-9
doorakhe,دورخة,دورخة,True,8,5,0-9,0-9
tawjiih,توجيه,توجيه,True,7,5,0-9,0-9
yinjid,ينجد,ينجد,True,6,4,0-9,0-9
yitsharnakh,يتشرنخ,يتشرنخ,True,11,6,10-19,0-9
yista7dir,يستحضر,يستحضر,True,9,6,0-9,0-9
ysarbi3,يصربع,يسربع,False,7,5,0-9,0-9
tasaaru3,تصارع,تسارع,False,8,5,0-9,0-9
kaaki,كاكي,كاكي,True,5,4,0-9,0-9
fariid,فريد,فريض,False,6,4,0-9,0-9
tfarkash,تفركش,تفركش,True,8,5,0-9,0-9
hatak 3ard,هتك عرض,هتك عرض,True,10,7,10-19,0-9
majaariir,مجارير,مجارير,True,9,6,0-9,0-9
law 2iysiiruu 2ijreek fooq wraasak lata7at,لو يصيروا اجريك فوق وراسك تحت,لو يصيروا اجريك فوق وراسك تحت,True,42,29,40-49,20-29
ykhawwin,يخون,يخون,True,8,4,0-9,0-9
2ufrum,افرم,افرم,True,6,4,0-9,0-9
yistamwit,يستموت,يستموت,True,9,6,0-9,0-9
ywarwir,يورور,يورور,True,7,5,0-9,0-9
fuu7,فوح,فوح,True,4,3,0-9,0-9
2iddaaqaq,اتداقق,تداقق,False,9,6,0-9,0-9
manaam,منام,منام,True,6,4,0-9,0-9
7aqqiq,حقق,حقق,True,6,3,0-9,0-9
2u7sur,احصر,احصر,True,6,4,0-9,0-9
tmankar,تمنكر,تمنكر,True,7,5,0-9,0-9
taayi7,طايح,طايح,True,6,4,0-9,0-9
shawwaafe,شوافة,شوافة,True,9,5,0-9,0-9
mutlaa3,مطلاع,مطلاع,True,7,5,0-9,0-9
turraa7a,طراحة,تراحة,False,8,5,0-9,0-9
madaakhil,مداخل,مداخل,True,9,5,0-9,0-9
dabbir,دبر,دبر,True,6,3,0-9,0-9
2ilbis,البس,البس,True,6,4,0-9,0-9
baasboor,باسبور,باصبور,False,8,6,0-9,0-9
tbaa3ad,تباعد,تباعد,True,7,5,0-9,0-9
kannas,كنس,كنس,True,6,3,0-9,0-9
jaaruushe,جاروشة,جاروشة,True,9,6,0-9,0-9
yitrabbas,يتربص,يتربص,True,9,5,0-9,0-9
qaati3,قاطع,قاطع,True,6,4,0-9,0-9
2amaani,أماني,أماني,True,7,5,0-9,0-9
3all qalbi,عل قلبي,عل قلبي,True,10,7,10-19,0-9
wisikh,وسخ,وسخ,True,6,3,0-9,0-9
yjaaqkir,يجاقر,يجاقر,True,8,5,0-9,0-9
yinkitim,ينكتم,ينكتم,True,8,5,0-9,0-9
2irwash,اروش,اروش,True,7,4,0-9,0-9
tshakkar,تشكر,تشكر,True,8,4,0-9,0-9
qassaariyye,قصارية,قصارية,True,11,6,10-19,0-9
fassil,فصل,فصل,True,6,3,0-9,0-9
2i3had,اعهد,اعهد,True,6,4,0-9,0-9
mazliq,مزلق,مزلق,True,6,4,0-9,0-9
rii7 yinfukh batnak,ريح ينفخ بطنك,ريحة نفخبط,False,19,13,10-19,10-19
ysattif,يستف,يسطف,False,7,4,0-9,0-9
yu3sur mukhkho,يعصر مخه,يعصر مخه,True,14,8,10-19,0-9
shamit,شمط,شمط,True,6,3,0-9,0-9
lawwii7,لويح,لويح,True,7,4,0-9,0-9
faltaan,فلتان,فلتان,True,7,5,0-9,0-9
ra7ri7,رحرح,رحرح,True,6,4,0-9,0-9
mkabrit,مكبرت,مكبرت,True,7,5,0-9,0-9
2in3amash,انعمش,انعمش,True,9,5,0-9,0-9
qawaalib,قوالب,قوالب,True,8,5,0-9,0-9
yitqaa3ad,يتقاعد,يتقاعد,True,9,6,0-9,0-9
tmardagh,تمردغ,تمردغ,True,8,5,0-9,0-9
nadwe,نضوة,ندوة,False,5,4,0-9,0-9
ydahwis,يدهوس,يدهوس,True,7,5,0-9,0-9
saaq,ساق,ساق,True,4,3,0-9,0-9
mattir,مطر,مطر,True,6,3,0-9,0-9
safrin,صفرن,سفرن,False,6,4,0-9,0-9
fusa7,فسح,فصح,False,5,3,0-9,0-9
2inqabil,انقبل,انقبل,True,8,5,0-9,0-9
mitwaalif,متوالف,متوالف,True,9,6,0-9,0-9
simsaariyye,سمسارية,سمسارية,True,11,7,10-19,0-9
yitshalbak,يتشلبك,يتشلبك,True,10,6,10-19,0-9
labbi7,لبح,لبح,True,6,3,0-9,0-9
laa 7aya wala khajal,لا حياء ولا خجل,لا حيا ولا جهك,False,20,15,20-29,10-19
2iltafit,التفت,التفت,True,8,5,0-9,0-9
yhadhrib,يهذرب,يهذرب,True,8,5,0-9,0-9
qaddaa7a,قداحة,قداحة,True,8,5,0-9,0-9
rataane,رطانة,رطانة,True,7,5,0-9,0-9
yitwa33a,اتوعى,يتوعى,False,8,5,0-9,0-9
7ab7ib,حبحب,حبحب,True,6,4,0-9,0-9
2aksir rijlik,أكسر رجلك,أكسر جلك,False,13,9,10-19,0-9
yuujib,يوجب,يوجب,True,6,4,0-9,0-9
shilib,شلب,شلب,True,6,3,0-9,0-9
yighli,يغلي,يغلي,True,6,4,0-9,0-9
2awtaad,أوتاد,أوتاد,True,7,5,0-9,0-9
yintasi7,ينتصح,ينتصح,True,8,5,0-9,0-9
2iz3ij,ازعج,ازعج,True,6,4,0-9,0-9
loon,لون,لون,True,4,3,0-9,0-9
faalij,فالج,فالج,True,6,4,0-9,0-9
tamtame,طمطمة,تمتمة,False,7,5,0-9,0-9
biir,بير,بير,True,4,3,0-9,0-9
tmanyak,تمنيك,تمنيك,True,7,5,0-9,0-9
yihdi,يهدي,يهدي,True,5,4,0-9,0-9
mraqqam,مرقم,مرقم,True,7,4,0-9,0-9
salaq,سلق,سلق,True,5,3,0-9,0-9
samm 2ilhaari,سم الهاري,سم الهر,False,13,9,10-19,0-9
baab,باب,باب,True,4,3,0-9,0-9
mitza3zi3,متزعزع,متزعزع,True,9,6,0-9,0-9
yitlajjam,يتلجم,يتلجم,True,9,5,0-9,0-9
yitrayyad,يتريض,يتريض,True,9,5,0-9,0-9
7yaane,حيانة فيه,حيانة,False,6,9,0-9,0-9
tshawwash,تشوش,تشوش,True,9,4,0-9,0-9
farkish,فركش,فركش,True,7,4,0-9,0-9
yghazzi,يغذي,يغزي,False,7,4,0-9,0-9
7asram,حصرم,حصرم,True,6,4,0-9,0-9
jihim,جهم,جهم,True,5,3,0-9,0-9
mufaaja2a,مفاجأة,مفاجأة,True,9,6,0-9,0-9
2inzitim,انزطم,انزطم,True,8,5,0-9,0-9
kafkaf,كفكف,كفكف,True,6,4,0-9,0-9
2akil qatle,أكل قتلة,أكل قلة,False,11,8,10-19,0-9
qinnaara,قنارة,قنارة,True,8,5,0-9,0-9
kallaf,كلف,كلف,True,6,3,0-9,0-9
sajaajiid,سجاجيد,سجاجيد,True,9,6,0-9,0-9
sraafe,صرافة,صرافة,True,6,5,0-9,0-9
2inqataf,انقطف,انقطف,True,8,5,0-9,0-9
yitmaayas,يتمايص,يتمايس,False,9,6,0-9,0-9
naaqid,ناقض,ناقض,True,6,4,0-9,0-9
2istawda3,استودع,استودع,True,9,6,0-9,0-9
mwarnash,مورنش,مورنش,True,8,5,0-9,0-9
ja3al,جعل,جعل,True,5,3,0-9,0-9
ysaayis,يسايس,يسايس,True,7,5,0-9,0-9
7akk,حك,حك,True,4,2,0-9,0-9
2indahash,اندهش,اندهش,True,9,5,0-9,0-9
ba7ra,بحرة,بحرة,True,5,4,0-9,0-9
tkamkam,تكمكم,تكمكم,True,7,5,0-9,0-9
salli,صلى,سلي,False,5,3,0-9,0-9
ghaaz,غاظ,غاز,False,5,3,0-9,0-9
zayy 2ili7saan,زي الحصان,زي الصحني,False,14,9,10-19,0-9
qafwe,قفوة,قفوة,True,5,4,0-9,0-9
ma3ti wijih,معطي وجه,معطي وجهي,False,11,8,10-19,0-9
mballal,مبلل,مبلل,True,7,4,0-9,0-9
sullam,سلم,سلم,True,6,3,0-9,0-9
yistaqsi,يستقصي,يستقصي,True,8,6,0-9,0-9
2ityattam,اتيتم,اتيتم,True,9,5,0-9,0-9
t3ammad,تعمد,تعمد,True,7,4,0-9,0-9
yma77ir,يمحي,يمحر,False,7,4,0-9,0-9
tiqdaaye,تقضاية,تقضاية,True,8,6,0-9,0-9
ymazliq,يمزلق,يمزلق,True,7,5,0-9,0-9
yitkaffaf,يتكفف,يتكفف,True,9,5,0-9,0-9
nafso danii2a,نفسه دنيئة,نفسه داني,False,13,10,10-19,10-19
3iish yaa kdiish,عيش يا كديش,عيش خايدس,False,16,11,10-19,10-19
7iit,حيط,حيط,True,4,3,0-9,0-9
nayyam 2ilibdaa3a,نيم البضاعة,نيام البيادع,False,17,11,10-19,10-19
ytuss,يطس,يطس,True,5,3,0-9,0-9
yrawwi7,يروح,يروح,True,7,4,0-9,0-9
qanaa3a,قناعة,قناعة,True,7,5,0-9,0-9
waafaqa,موافقة,وافقة,False,7,6,0-9,0-9
na3a,نعى,نعى,True,4,3,0-9,0-9
3uzri,عذري,عذري,True,5,4,0-9,0-9
tbahbat,تبهبط,تبهبط,True,7,5,0-9,0-9
twallad,تولد,تولد,True,7,4,0-9,0-9
yqaswil,يقصول,يقصول,True,7,5,0-9,0-9
3afas,عفص,عفص,True,5,3,0-9,0-9
twaffar,توفر,توفر,True,7,4,0-9,0-9
mudaa3af,مضاعف,مضاعف,True,8,5,0-9,0-9
ygoobi3,يقوبع,يقوبع,True,7,5,0-9,0-9
yitrakkab,يتركب,يتركب,True,9,5,0-9,0-9
y7allil,يحلل,يحلل,True,7,4,0-9,0-9
sakhkhan,سخن,سخن,True,8,3,0-9,0-9
yitlaakam,يتلاكم,يتلاكم,True,9,6,0-9,0-9
dmuu3 2ittamaasii7,دموع التماسيح,دموع التماسيح,True,18,13,10-19,10-19
ysahhi,يسهي,يسهى,False,6,4,0-9,0-9
7awaariiq,حواريق,حواريق,True,9,6,0-9,0-9
2irju,ارجو,ارجو,True,5,4,0-9,0-9
laghgham,لغم,لغم,True,8,3,0-9,0-9
yitkashsha7,يتكشح,يتكشح,True,11,5,10-19,0-9
7ill 3an wijhi,حل عن وجهي,حل عن وجه,False,14,10,10-19,10-19
2idrij,ادرج,ادرج,True,6,4,0-9,0-9
mayyal,ميل,ميل,True,6,3,0-9,0-9
kan3ashe,كنعشة,كنعشة,True,8,5,0-9,0-9
mitlaqqi7,متلقح,متلقح,True,9,5,0-9,0-9
qiitaan,قيطان,قيطان,True,7,5,0-9,0-9
nawaafiikh,نوافيخ,نوافيخ,True,10,6,10-19,0-9
2iiqaa3,ايقاع,إيقاع,False,7,5,0-9,0-9
2alla laa yi7rimni minnak,الله لايحرمني منك,الله لا ينحر من كرين,False,25,17,20-29,10-19
2it7arwad,اتحرود,اتحرود,True,9,6,0-9,0-9
mhallabiyye,مهلبية,مهلبية,True,11,6,10-19,0-9
yijtahid,يجتهد,يجتهد,True,8,5,0-9,0-9
dunu,دنو,دنو,True,4,3,0-9,0-9
2itsha3bat,اتشعبط,اتشعبط,True,10,6,10-19,0-9
faati7 sidro,فاتح صدره,فاتح صريده,False,12,9,10-19,0-9
dayaasa,دياثة,دياسة,False,7,5,0-9,0-9
zaa7im,زاحم,زاحم,True,6,4,0-9,0-9
miri7,مرح,مرح,True,5,3,0-9,0-9
2istafsir,استفسر,استفسر,True,9,6,0-9,0-9
shayyak,شيك,شيك,True,7,3,0-9,0-9
mutaarade,مطاردة,متاردة,False,9,6,0-9,0-9
yraafis,يرافس,يرافس,True,7,5,0-9,0-9
ywarji,يورجي,يورجي,True,6,5,0-9,0-9
yqa77it,يقحط,يقحط,True,7,4,0-9,0-9
2uqtub,اقطب,اقطب,True,6,4,0-9,0-9
lafa3,لفع,لفع,True,5,3,0-9,0-9
2itkhashshat,اتخشط,اتخشط,True,12,5,10-19,0-9
jaa7id,جاحد,جاحد,True,6,4,0-9,0-9
nishif,نشف,نشف,True,6,3,0-9,0-9
ymaa7ik,يماحك,يماحك,True,7,5,0-9,0-9
malaaqit,ملاقط,ملاقط,True,8,5,0-9,0-9
y3armit,يعرمط,يعرمط,True,7,5,0-9,0-9
2illi sabaq shamm 2il7abaq,اللي سبق شم الحبق,اللللله سبح مقل مالحب,False,26,17,20-29,10-19
2idda3bab,تدعبب,تدعبب,True,9,5,0-9,0-9
ka3kooz,كعكوز,كعكوز,True,7,5,0-9,0-9
faaraq,فارق,فارق,True,6,4,0-9,0-9
yna3nish,ينعنش,ينعنش,True,8,5,0-9,0-9
waraq,ورق,ورق,True,5,3,0-9,0-9
naati3,ناتع,ناطع,False,6,4,0-9,0-9
2ashjaar2asjaar,أشجار,أشجارة,False,15,5,10-19,0-9
naaghriyye,ناغرية,ناغرية,True,10,6,10-19,0-9
fuwat,فوط,فوت,False,5,3,0-9,0-9
yinqimis,ينقمص,ينقمص,True,8,5,0-9,0-9
y3aqqib,يعقب,يعقب,True,7,4,0-9,0-9
y7ayyif,يحيف,يحيف,True,7,4,0-9,0-9
yinkhifi,ينخفي,ينخفي,True,8,5,0-9,0-9
2akal raaso 2ishsheeb,أكل راسه الشيب,أكل راسه الشبي,False,21,14,20-29,10-19
fala3,فلع,فلع,True,5,3,0-9,0-9
tanaatiish,طناطيش,تناطيش,False,10,6,10-19,0-9
2ihmat,اهمط,اهمط,True,6,4,0-9,0-9
wisiq,وثق,وثق,True,5,3,0-9,0-9
yamm,يم,يم,True,4,2,0-9,0-9
la77,لح,لح,True,4,2,0-9,0-9
2aw7a,أوحى,أوحى,True,5,4,0-9,0-9
mahaam,مهام,مهام,True,6,4,0-9,0-9
qarsito wilqabir,قرصته والقبر,قرسته والقبر,False,16,12,10-19,10-19
yistaqall,يستقل,يستقل,True,9,5,0-9,0-9
tah2aan,طهقان,تأهان,False,7,5,0-9,0-9
mqarqit,مقرقط,مقرقط,True,7,5,0-9,0-9
mattir,متر,مطر,False,6,3,0-9,0-9
2i3faa2,إعفاء,إعفاء,True,7,5,0-9,0-9
hishis,هسهس,هسهس,True,6,4,0-9,0-9
yfannid,يفند,يفند,True,7,4,0-9,0-9
2istad3i,استدعي,استدعي,True,8,6,0-9,0-9
3al 7iffe,عالحفة,علح فيف,False,9,6,0-9,0-9
jarrib,جرب,جرب,True,6,3,0-9,0-9
tsa33ab,تصعب,تسعب,False,7,4,0-9,0-9
nammat,نمط,نمط,True,6,3,0-9,0-9
2i7tiqin,احتقن,احتقن,True,8,5,0-9,0-9
2uqtur,اقطر,اقطر,True,6,4,0-9,0-9
y2akkid,يؤكد,يؤكد,True,7,4,0-9,0-9
tawahaan,توهان,تواهن,False,8,5,0-9,0-9
2abu surra,أبو صرة,أبو صرا,False,10,7,10-19,0-9
2induj,انضج,انضج,True,6,4,0-9,0-9
3alma,علما,علما,True,5,4,0-9,0-9
3abaata,عباطة,عباطة,True,7,5,0-9,0-9
rootash,روتش,روطش,False,7,4,0-9,0-9
ywassi3,يوسع,يوسع,True,7,4,0-9,0-9
farfa7a,فرفحة,فرفحة,True,7,5,0-9,0-9
mukawwan,مكون,مكون,True,8,4,0-9,0-9
3ashsham,عشم,عشم,True,8,3,0-9,0-9
yitnaasal,يتناسل,يتناسل,True,9,6,0-9,0-9
kattaf,كتف,كتف,True,6,3,0-9,0-9
raa7 heek wuheek,راح هيك ولا هيك,راحه خير,False,16,15,10-19,10-19
2usluk,اسلك,اسلك,True,6,4,0-9,0-9
2inkhazal,انخذل,انخزل,False,9,5,0-9,0-9
y3aayin,يعاين,يعاين,True,7,5,0-9,0-9
t2annaq,تأنق,تأنق,True,7,4,0-9,0-9
yilhim,يلهم,يلهم,True,6,4,0-9,0-9
ja3aan,جعان,جعان,True,6,4,0-9,0-9
2in7at,انحت,انحت,True,6,4,0-9,0-9
2itqattam,اتقطم,اتقطم,True,9,5,0-9,0-9
t7ashshar,تحشر,تحشر,True,9,4,0-9,0-9
tmarjal,تمرجل,تمرجل,True,7,5,0-9,0-9
qarwase,قروصة,قروصة,True,7,5,0-9,0-9
mastariim,مصطريم,مستريم,False,9,6,0-9,0-9
madiid,مديد,مديد,True,6,4,0-9,0-9
2if7im,افحم,افحم,True,6,4,0-9,0-9
tii3,طيع,طيع,True,4,3,0-9,0-9
yifriz,يفرز,يفرز,True,6,4,0-9,0-9
yitjayyad,يتجيد,يتجيد,True,9,5,0-9,0-9
rootish,روتش,روتش,True,7,4,0-9,0-9
jayyid,جيد,جيد,True,6,3,0-9,0-9
bil3aade,بالعادة,بالعدة,False,8,7,0-9,0-9
taqyiilit 2irru3yaan,تقييلة الرعيان,طقيلة العرونا,False,20,14,20-29,10-19
mukhayyam,مخيم,مخيم,True,9,4,0-9,0-9
2il7ayye maa bitsiir khayye,الحية مابتصير خية,الحية مشيربة يتك,False,27,17,20-29,10-19
2ish ma3na,إيش معنى,اشم عني,False,10,8,10-19,0-9
wufuud,وفود,وفود,True,6,4,0-9,0-9
samman,سمن,سمن,True,6,3,0-9,0-9
bahje,بهجة,بهجة,True,5,4,0-9,0-9
tshalla3,تشلع,تشلع,True,8,4,0-9,0-9
fawaa2id,فوائد,فوائد,True,8,5,0-9,0-9
2itshabba3,اتشبع,اتشبع,True,10,5,10-19,0-9
qasab,قصب,قصب,True,5,3,0-9,0-9
kasaala,كسالى,كسالة,False,7,5,0-9,0-9
yifza3,يفزع,يفزع,True,6,4,0-9,0-9
2inlaza3,انلزع,انلزع,True,8,5,0-9,0-9
2itnashshan,اتنشن,اتنشن,True,11,5,10-19,0-9
qimam,قمم,قمام,False,5,3,0-9,0-9
yi7ram,يحرم,يحرم,True,6,4,0-9,0-9
2infirid,انفرد,انفرد,True,8,5,0-9,0-9
khaatar,خاطر,خاطر,True,7,4,0-9,0-9
yiq7as,يقحص,يقحص,True,6,4,0-9,0-9
yifghar,يفغر,يفغر,True,7,4,0-9,0-9
yirda3,يردع,يردع,True,6,4,0-9,0-9
khasaf,خسف,خصف,False,6,3,0-9,0-9
7aabib,حابب,حابب,True,6,4,0-9,0-9
tawwab,طوب,طوب,True,6,3,0-9,0-9
7ilu,حلو,حلو,True,4,3,0-9,0-9
tqardan,تقردن,تقردن,True,7,5,0-9,0-9
na7ir,نحر,نحر,True,5,3,0-9,0-9
majaaniin,مجانين,مجانين,True,9,6,0-9,0-9
mayyaato m3aalyaat,مياته معاليات,مياة معلى لياته,False,18,13,10-19,10-19
massa7,مسح,مسح,True,6,3,0-9,0-9
jaraadiin,جرادين,جرادين,True,9,6,0-9,0-9
2itrakhkhas,اترخص,اترخص,True,11,5,10-19,0-9
7aafiz,حافظ,حافظ,True,6,4,0-9,0-9
2iddahwal 3ala 3eeno,تدهول على عينه,الدها ولعين,False,20,14,20-29,10-19
na3nashe,نعنشة,نعنشة,True,8,5,0-9,0-9
bataabit,بطابط,بطابط,True,8,5,0-9,0-9
yilda3,يلدع,يلدع,True,6,4,0-9,0-9
ka3ke,كعكة,كعكة,True,5,4,0-9,0-9
nussiyye,نصية,نسية,False,8,4,0-9,0-9
naghnagh,نغنغ,نغنغ,True,8,4,0-9,0-9
yushbut,يشبط,يشبط,True,7,4,0-9,0-9
matluub,مطلوب,مطلوب,True,7,5,0-9,0-9
yib7as,يبحث,يبحث,True,6,4,0-9,0-9
7asbin,حسبن,حسبن,True,6,4,0-9,0-9
qaari7,قارح,قارح,True,6,4,0-9,0-9
2inhajar,انهجر,انهجر,True,8,5,0-9,0-9
ydallil,يدلل,يدلل,True,7,4,0-9,0-9
2ishrik,اشرك,اشرك,True,7,4,0-9,0-9
qaarab,قارب,قارب,True,6,4,0-9,0-9
3izraan,عزران,عزران,True,7,5,0-9,0-9
mujaahid,مجاهد,مجاهد,True,8,5,0-9,0-9
2imzaqriq,مزقرق,مزقر,False,9,5,0-9,0-9
2ilbisse btookil 3ashaa,البسة بتوكل عشاه,البسة شبعكلاك,False,23,16,20-29,10-19
thaddam,تهضم,تهضم,True,7,4,0-9,0-9
thamara,ثمرة,تهامرة,False,7,4,0-9,0-9
durr,در,در,True,4,2,0-9,0-9
basta,بسطة,بسطة,True,5,4,0-9,0-9
basbis,بسبس,بصبص,False,6,4,0-9,0-9
mdahhab,مذهب,مذهب,True,7,4,0-9,0-9
tafaaqum,تفاقم,تفاقم,True,8,5,0-9,0-9
fitih,فتح,فته,False,5,3,0-9,0-9
7aamil batno 3adahro,حامل بطنه عظهره,حامله بطن عرضه,False,20,15,20-29,10-19
mustaslim,مستسلم,مستسلم,True,9,6,0-9,0-9
naahi,ناهي,ناهي,True,5,4,0-9,0-9
dajjal,دجل,دجل,True,6,3,0-9,0-9
faqqi3,فقع,فقع,True,6,3,0-9,0-9
tqattab,تقطب,تقطب,True,7,4,0-9,0-9
naakaf,ناكف,ناكف,True,6,4,0-9,0-9
7alas,حلس,حلس,True,5,3,0-9,0-9
yidrik,يدرك,يدرك,True,6,4,0-9,0-9
laqqi7,لقح,لقح,True,6,3,0-9,0-9
yimtadd,يمتد,يمتض,False,7,4,0-9,0-9
daarib,ضارب,دارب,False,6,4,0-9,0-9
7araq raaso,حرق راسه,حرق راسه,True,11,8,10-19,0-9
makhkhat,مخط,مخط,True,8,3,0-9,0-9
moote,موتة,موتة,True,5,4,0-9,0-9
zara3,زرع,زرع,True,5,3,0-9,0-9
yka3wish,يكعوش,يكعوش,True,8,5,0-9,0-9
7ujjaaj,حجاج,حجاج,True,7,4,0-9,0-9
qattaa3,قطاع,قطاع,True,7,4,0-9,0-9
nathar,نثر,نثر,True,6,3,0-9,0-9
maghaatis,مغاطس,مغاطس,True,9,5,0-9,0-9
yinkisi7,ينكسح,ينكسح,True,8,5,0-9,0-9
sa3daan,سعدان,سعدان,True,7,5,0-9,0-9
yitsaafa,يتصافى,يتصافى,True,8,6,0-9,0-9
jaazi3,جازع,جازع,True,6,4,0-9,0-9
2ifshi,افشي,افشي,True,6,4,0-9,0-9
3iidiyye,عيدية,عيدية,True,8,5,0-9,0-9
fluus 7alaal,فلوس حلال,فلسوح حاله,False,12,9,10-19,0-9
naqqa7,نقح,نقح,True,6,3,0-9,0-9
ydayyi7,يديح,يضيح,False,7,4,0-9,0-9
habb,هب,هب,True,4,2,0-9,0-9
sukkar,سكر,سكر,True,6,3,0-9,0-9
ta7iyye,تحية,تحية,True,7,4,0-9,0-9
yi7lif,يحلف,يحلف,True,6,4,0-9,0-9
2il3adu maa bisiir 7abiib wili7maar maa bisiir tabiib,العدو مابيصير حبيب والحمار مابيصير طبيب,العدو مابصير حب والحمار بير وابسيبير بيبسير بيبير طبيب,False,53,39,50-59,30-39
labbikh,لبخ,لبخ,True,7,3,0-9,0-9
ma3muul,معمول,معمول,True,7,5,0-9,0-9
za3muut,زعموط,زعموط,True,7,5,0-9,0-9
2itta33am,اتطعم,اتطعم,True,9,5,0-9,0-9
tzahram,تزهرم,تزهرم,True,7,5,0-9,0-9
2itlaqqaf,اتلقف,اتلقف,True,9,5,0-9,0-9
2idbish,ادبش,ادبش,True,7,4,0-9,0-9
raaq,راق,راق,True,4,3,0-9,0-9
mam7uun,ممحون,ممحمون,False,7,5,0-9,0-9
rooshaan,روشان,روشان,True,8,5,0-9,0-9
khattab,خطب,خطب,True,7,3,0-9,0-9
mafnuus,مفنوس,مفنوس,True,7,5,0-9,0-9
nakaf,نكف,نكف,True,5,3,0-9,0-9
yisrif,يصرف,يسرف,False,6,4,0-9,0-9
suufiyye,صوفية,صوفية,True,8,5,0-9,0-9
t7askan,تحسكن,تحسكن,True,7,5,0-9,0-9
tfallakh,تفلخ,تفلخ,True,8,4,0-9,0-9
rida,رضا,رضى,False,4,3,0-9,0-9
mitshaa2im,متشائم,متشائم,True,10,6,10-19,0-9
sayyaarit 2ilkhunfasa,سيارة الخنفساء,سيارة الشكفين,False,21,14,20-29,10-19
tnaadaf,تناظف,تناظف,True,7,5,0-9,0-9
yqaawil,يقاول,يقاول,True,7,5,0-9,0-9
naqrashe,نقرشة,نقرشة,True,8,5,0-9,0-9
2it7as7as,اتحصحص,اتحسح,False,9,6,0-9,0-9
mkhammar mkhammar,كعك مخمر,مخمر مخمر,False,17,8,10-19,0-9
manaabit,منابت,منابط,False,8,5,0-9,0-9
yiddardab,يتدردب,يتدردب,True,9,6,0-9,0-9
mitil 2ilmaalik 2il7aziin,مثل المالك الحزين,مثل المن الحكيز,False,25,17,20-29,10-19
muruur,مرور,مرور,True,6,4,0-9,0-9
yikhda3,يخدع,يخدع,True,7,4,0-9,0-9
twarrad,تورد,تورد,True,7,4,0-9,0-9
yit7aamal,يتحامل,يتحامل,True,9,6,0-9,0-9
qirab,قرب,قرب,True,5,3,0-9,0-9
zahhaqni 3iishti,زهقني عيشتي,زهانيق عيشتي,False,16,11,10-19,10-19
khammij,خمج,خمج,True,7,3,0-9,0-9
2imlik,املك,املك,True,6,4,0-9,0-9
tanakkuri,تنكري,تنكري,True,9,5,0-9,0-9
lawwis,لوص,لوص,True,6,3,0-9,0-9
khammash,خمش,خمش,True,8,3,0-9,0-9
yitkharraq,يتخرق,يتخرق,True,10,5,10-19,0-9
2inraqq,انرق,انرق,True,7,4,0-9,0-9
2istighaabe,استغابة,استغابة,True,11,7,10-19,0-9
2itqaa3ad,اتقاعد,اتقاعد,True,9,6,0-9,0-9
tza33am,تزعم,تزعم,True,7,4,0-9,0-9
2inhaq,انهق,انهق,True,6,4,0-9,0-9
taqsiib,تقصيب,تقصيب,True,7,5,0-9,0-9
7arraf,حرف,حرف,True,6,3,0-9,0-9
jnaaze,جنازة,جنازة,True,6,5,0-9,0-9
2azaa3,أذاع,أزاع,False,6,4,0-9,0-9
yitqaatab,يتقاطب,يتقاطب,True,9,6,0-9,0-9
ytabbikh,يطبخ,يطبخ,True,8,4,0-9,0-9
2istaqsid,استقصد,استقصد,True,9,6,0-9,0-9
taarir,طارر,طارر,True,6,4,0-9,0-9
tiin,طين,طين,True,4,3,0-9,0-9
yinshib,ينشب,ينشب,True,7,4,0-9,0-9
2atwaal,أطوال,أطوال,True,7,5,0-9,0-9
yfarrik,يفرك,يفرك,True,7,4,0-9,0-9
yi7sim,يحسم,يحسم,True,6,4,0-9,0-9
shamaal,شمال,شمال,True,7,4,0-9,0-9
2it3attar,اتعثر,اتعثر,True,9,5,0-9,0-9
ydalhim,يدلهم,يدلهم,True,7,5,0-9,0-9
2ijreen,إجرين,اجرين,False,7,5,0-9,0-9
twa33ak,توعك,توعك,True,7,4,0-9,0-9
7abaariiq,حباريق,حباريق,True,9,6,0-9,0-9
kurreese,كريصة,كريسة,False,8,5,0-9,0-9
t3akkar,تعكر,تعكر,True,7,4,0-9,0-9
yitsarsab,يتسرسب,يتسرسب,True,9,6,0-9,0-9
saa7ib masla7a,صاحب مصلحة,صاحب مصاح,False,14,10,10-19,10-19
2ithajjar,اتهجر,اتهجر,True,9,5,0-9,0-9
tawwa3,طوع,طوع,True,6,3,0-9,0-9
ka7aariit,كحاريت,كحاريت,True,9,6,0-9,0-9
mamsuu3,ممصوع,مممصوع,False,7,5,0-9,0-9
mukhrij,مخرج,مخرج,True,7,4,0-9,0-9
shiqi,شقي,شقي,True,5,3,0-9,0-9
yurjum,يرجم,يرجم,True,6,4,0-9,0-9
yitwassat,يتوسط,يتوسط,True,9,5,0-9,0-9
madda,مضى,مدى,False,5,3,0-9,0-9
tantaf,تنتف,تنتف,True,6,4,0-9,0-9
faafi,فافي,فافي,True,5,4,0-9,0-9
2uzuune,أذونة,أزونة,False,7,5,0-9,0-9
yumrus,يمرص,يمرص,True,6,4,0-9,0-9
2iqtini,اقتني,اقتني,True,7,5,0-9,0-9
law tuuqaf 2iljaaje 3a 2ijir,لو توقف الجاجة عإجر,لو تقف العا إجارة,False,28,19,20-29,10-19
2irtibaat,ارتباط,ارتباط,True,9,6,0-9,0-9
nataf,نتف,نتف,True,5,3,0-9,0-9
wijih 2ilimkhadde,وجه المخدة,وجه المدخدة,False,17,10,10-19,10-19
2inhi,انهي,انهي,True,5,4,0-9,0-9
dalaal,دلال,دلال,True,6,4,0-9,0-9
3ajruum,عجروم,عجروم,True,7,5,0-9,0-9
ma7zuuf,محذوف,محظوف,False,7,5,0-9,0-9
mhargil,مهرجل,مهرجل,True,7,5,0-9,0-9
mukhawwal,مخول,مخول,True,9,4,0-9,0-9
2uulif,اولف,اولف,True,6,4,0-9,0-9
sii2,سيئ,سيئ,True,4,3,0-9,0-9
jalwe,جلوة,جلوة,True,5,4,0-9,0-9
2issane wara 2ilbaab,السنة ورا الباب,إصان وربالب صابي,False,20,15,20-29,10-19
rajaa2,رجاء,رجاء,True,6,4,0-9,0-9
m7ajjab,محجب,محجب,True,7,4,0-9,0-9
yjardim,يجردم,يجردم,True,7,5,0-9,0-9
2isti7maal,استحمال,استحمال,True,10,7,10-19,0-9
tifta7ish 3alay baab,تفتحش علي باب,طفتح شعلي بالب,False,20,13,20-29,10-19
daawam,داوم,داوم,True,6,4,0-9,0-9
ynaffis,ينفس,ينفس,True,7,4,0-9,0-9
shaayib,شايب,شايب,True,7,4,0-9,0-9
2istamar,استمر,استمر,True,8,5,0-9,0-9
khuss,خص,خص,True,5,2,0-9,0-9
2az3am,أزعم,أزعم,True,6,4,0-9,0-9
tqaawa,تقاوى,تقاوى,True,6,5,0-9,0-9
manzuur,منظور,منظور,True,7,5,0-9,0-9
2istir7aam,استرحام,استرحام,True,10,7,10-19,0-9
da3di3,ضعضع,دعدع,False,6,4,0-9,0-9
mam3uus,ممعوص,ممعوس,False,7,5,0-9,0-9
7ukmil hudhud,حكم الهدهد,حكم الهدهد,True,13,10,10-19,10-19
2inhamid,انهمض,انهمض,True,8,5,0-9,0-9
2af3aal,أفعال,أفعال,True,7,5,0-9,0-9
naam 3ala ghimro,نام على غمره,نام على غمره,True,16,12,10-19,10-19
lawwish,لوش,لوش,True,7,3,0-9,0-9
jumal,جمل,جمل,True,5,3,0-9,0-9
3ama dawwo,عمى ضوه,عمادوه,False,10,7,10-19,0-9
gharado mush shariif,غرضه مش شريف,غرضه مشرفيه,False,20,12,20-29,10-19
kharaabiish jaaj,خرابيش جاج,خرابيش جاه,False,16,10,10-19,10-19
kaayid,كايد,كايد,True,6,4,0-9,0-9
yiddaskar,يتدسكر,يتدسكر,True,9,6,0-9,0-9
ka7wish,كحوش,كحوش,True,7,4,0-9,0-9
fuush,فوش,فوش,True,5,3,0-9,0-9
kanaz,كنز,كنز,True,5,3,0-9,0-9
tashliikh,تشليخ,تشليخ,True,9,5,0-9,0-9
ytarghil,يترغل,يطرغل,False,8,5,0-9,0-9
2imrannakh,مرنخ,امرنخ,False,10,4,10-19,0-9
sha77at,شحط,شحط,True,7,3,0-9,0-9
safra,صفرا,سفرة,False,5,4,0-9,0-9
yitmattat,يتمطط,يتمت,False,9,5,0-9,0-9
du3afaa2,ضعفاء,دعفاء,False,8,5,0-9,0-9
kikhkh,كخ,كه,False,6,2,0-9,0-9
talaamiiz,تلاميذ,تلاميز,False,9,6,0-9,0-9
mshaltif,مشلطف,مشلطف,True,8,5,0-9,0-9
2ukhut,أخت,اخط,False,6,3,0-9,0-9
yitfakhan,يتفكهن,يتفخن,False,9,6,0-9,0-9
nahib,نهب,نهب,True,5,3,0-9,0-9
khabbar,خبر,خبر,True,7,3,0-9,0-9
wanjiq,ونجق,ونجق,True,6,4,0-9,0-9
nafid,نفض,نفض,True,5,3,0-9,0-9
dannis,دنس,دنس,True,6,3,0-9,0-9
mrattab,مرتب,مرطب,False,7,4,0-9,0-9
shwaat,شواط,شواط,True,6,4,0-9,0-9
loolab,لولب,لولب,True,6,4,0-9,0-9
twaghwash,توغوش,توغوش,True,9,5,0-9,0-9
faqis,فقس,فقس,True,5,3,0-9,0-9
fuut,فوت,فوت,True,4,3,0-9,0-9
tashrii7,تشريح,تشريح,True,8,5,0-9,0-9
yinfirim,ينفرم,ينفرم,True,8,5,0-9,0-9
2awfiyaa2,أوفياء,أوفياء,True,9,6,0-9,0-9
2insafiq,انسفق,انسفق,True,8,5,0-9,0-9
7rayyim,حريم,حريم,True,7,4,0-9,0-9
yghallif,يغلف,يغلف,True,8,4,0-9,0-9
zarzirr,زرزر,زرزر,True,7,4,0-9,0-9
qazaayiz,قزايز,قزايز,True,8,5,0-9,0-9
2ista7laf,استحلف,استحلف,True,9,6,0-9,0-9
kheel,خيل,خيل,True,5,3,0-9,0-9
qarqar,قرقر,قرقر,True,6,4,0-9,0-9
2ittawwa3,تطوع,اتطوع,False,9,4,0-9,0-9
yfalfil,يفلفل,يفلفل,True,7,5,0-9,0-9
2itjarjar,اتجرجر,اتجرجر,True,9,6,0-9,0-9
2i7wi,احوي,احوي,True,5,4,0-9,0-9
manawi,منوي,مناوي,False,6,4,0-9,0-9
3inbe,عنبة,عنبة,True,5,4,0-9,0-9
fa33al,فعل,فعل,True,6,3,0-9,0-9
2iz3at,ازعط,ازعط,True,6,4,0-9,0-9
hiim,هيم,هيم,True,4,3,0-9,0-9
tsarmadj,تسرمج,تسرمج,True,8,5,0-9,0-9
2i7taaj,احتاج,احتاج,True,7,5,0-9,0-9
kaahin,كاهن,كاهن,True,6,4,0-9,0-9
yitlaqqan,يتلقن,يتلقن,True,9,5,0-9,0-9
m7ayyi,محيي,محي,False,6,4,0-9,0-9
t7addar,تحضر,تحضر,True,7,4,0-9,0-9
sajad,سجد,سجد,True,5,3,0-9,0-9
2iddakhmas,اتدخمس,اتدخمس,True,10,6,10-19,0-9
yighfa,يغفى,يغفى,True,6,4,0-9,0-9
2itlaasha,اتلاشى,اتلاشى,True,9,6,0-9,0-9
2itjannad,اتجند,اتجند,True,9,5,0-9,0-9
qarnabiit,قرنبيط,قرنابيط,False,9,6,0-9,0-9
saa7il,ساحل,ساحل,True,6,4,0-9,0-9
2itshamtshar,اتكمكر,اتشمكر,False,12,6,10-19,0-9
shummaam,شمام,شمام,True,8,4,0-9,0-9
2ukmur,اكمر,اكمر,True,6,4,0-9,0-9
qkannash,قنش,قنش,True,8,3,0-9,0-9
khilaal,خلال,خلال,True,7,4,0-9,0-9
2arkan,أركن,أركن,True,6,4,0-9,0-9
laadid,لادد,لادد,True,6,4,0-9,0-9
2irkun,اركن,اركن,True,6,4,0-9,0-9
yshaawir,يشاور,يشاور,True,8,5,0-9,0-9
ghalabe,غلبة,غلابة,False,7,4,0-9,0-9
hafhafe,هفهفة,هفهفة,True,7,5,0-9,0-9
jaww,جو,جو,True,4,2,0-9,0-9
baraatish,براطش,براطش,True,9,5,0-9,0-9
la2aakhir nafas,لآخر نفس,لا خرفسان,False,15,8,10-19,0-9
2inkisi7,انكسح,انكسح,True,8,5,0-9,0-9
mun7all,منحل,منحل,True,7,4,0-9,0-9
looj,لوج,لوج,True,4,3,0-9,0-9
farraq,فرق,فرق,True,6,3,0-9,0-9
zaabin,زابن,زابن,True,6,4,0-9,0-9
miqtini3,مقتنع,مقتنع,True,8,5,0-9,0-9
yhaddid wuyir3id,يهدد ويرعد,يهدد ودعري,False,16,10,10-19,10-19
2ishaal,اسهال,إشال,False,7,5,0-9,0-9
faraasha,فراشة,فراشة,True,8,5,0-9,0-9
nadhaa2ir,نظائر,نظائر,True,9,5,0-9,0-9
yitlaqqa7,يتلقح,يتلقح,True,9,5,0-9,0-9
middarib,متدرب,متدرب,True,8,5,0-9,0-9
tabkha,طبخة,طبخة,True,6,4,0-9,0-9
ynaffir,ينفر,ينفر,True,7,4,0-9,0-9
zaraaq,زراق,زراق,True,6,4,0-9,0-9
2iddarwash,تدروش,تدروش,True,10,5,10-19,0-9
yinlisi3,ينلسع,ينلسع,True,8,5,0-9,0-9
fahqa,فهقة,فهقة,True,5,4,0-9,0-9
jawaariir,جوارير,جوارير,True,9,6,0-9,0-9
kaza,كذا,كزى,False,4,3,0-9,0-9
tbazlat,تبزلط,تبزلط,True,7,5,0-9,0-9
jardim,جردم,جردم,True,6,4,0-9,0-9
diiqadii2a,ضيقة,ديقادي,False,10,4,10-19,0-9
qalbi qaamisni,قلبي قامصني,قلبي قمانص,False,14,11,10-19,10-19
2inta3ash,انتعش,انتعش,True,9,5,0-9,0-9
mkhashshib,مخشب,مخشب,True,10,4,10-19,0-9
djulbaatuu,جلباطو,جلباطة,False,10,6,10-19,0-9
kazzabkadhdhab,كذب,كزبخ,False,14,3,10-19,0-9
ba3ba3,بعبع,بعبع,True,6,4,0-9,0-9
maasi7,ماسح,ماسح,True,6,4,0-9,0-9
2ikbar,اكبر,اكبر,True,6,4,0-9,0-9
2ana 2amiir winta 2amiir wumiin sawwaaq 2il7amiir,أنا أمير وانت أمير ومين سواق الحمير,أنام ورا من وسيحمير ومن قيلار,False,49,35,40-49,30-39
yit3arqas,يتعرقص,يتعرقص,True,9,6,0-9,0-9
mkaayade,مكايدة,مكايدة,True,8,6,0-9,0-9
7awwir,حور,حور,True,6,3,0-9,0-9
ghafuur,غفور,غفور,True,7,4,0-9,0-9
2itkhassas,اتخصص,اتخصص,True,10,5,10-19,0-9
7asban,حسبن,حسبن,True,6,4,0-9,0-9
2uslub,اصلب,اصلب,True,6,4,0-9,0-9
yinjighim,ينجغم,ينجغم,True,9,5,0-9,0-9
mkhallat,مخلط,مخلط,True,8,4,0-9,0-9
mtshamtshar,مكمكر,مكمكر,True,11,5,10-19,0-9
burtuqaal 2abu surra,برتقال أبو سرة,برطق البوسرة,False,20,14,20-29,10-19
2itwakkal,اتوكل,اتوكل,True,9,5,0-9,0-9
sa3aw,سعو,سعو,True,5,3,0-9,0-9
hiil,هيل,هيل,True,4,3,0-9,0-9
2intasa,انتسى,انتصى,False,7,5,0-9,0-9
mushut 3adim,مشط عظم,مشت عظمي,False,12,7,10-19,0-9
warde,وردة,وردة,True,5,4,0-9,0-9
waddi7,وضح,وضح,True,6,3,0-9,0-9
3inee biqda7in 3alee,عينيه بيقدحن عليه,عين بقدي عحاليني,False,20,17,20-29,10-19
2ishtub,اشطب,اشطب,True,7,4,0-9,0-9
yliiq,يليق,يليق,True,5,4,0-9,0-9
2infirid,انفرض,انفرد,False,8,5,0-9,0-9
shaa3uub,شاعوب,شاعوب,True,8,5,0-9,0-9
ysiff,يسف,يسف,True,5,3,0-9,0-9
fagham,فغم,فغم,True,6,3,0-9,0-9
tdabba7,تذبح,تذبح,True,7,4,0-9,0-9
jannit,جنط,جنط,True,6,3,0-9,0-9
2insihir,انصهر,انسهر,False,8,5,0-9,0-9
2itbaklash,اتبكلش,اتبكلش,True,10,6,10-19,0-9
zanaakha,زناخة,زناخة,True,8,5,0-9,0-9
2uhrub,اهرب,اهرب,True,6,4,0-9,0-9
fasha,فشى,فشى,True,5,3,0-9,0-9
mizrab,مزرب,مزرب,True,6,4,0-9,0-9
msaffi7,مسفح,مصفح,False,7,4,0-9,0-9
darwin,درون,درون,True,6,4,0-9,0-9
thaqkab,ثقب,تهقب,False,7,3,0-9,0-9
yit7alla,يتحلى,يتحلى,True,8,5,0-9,0-9
mi7maas,محماس,محماس,True,7,5,0-9,0-9
sharqa,شرقة,شرقة,True,6,4,0-9,0-9
qabbis,قبص,قبص,True,6,3,0-9,0-9
3al2akhiir,عالأخير,عالقهير,False,10,7,10-19,0-9
mbaarik,مبارك,مبارك,True,7,5,0-9,0-9
2inqahar,انقهر,انقهر,True,8,5,0-9,0-9
2iddawwash,اتدوش,تدوش,False,10,5,10-19,0-9
mawwil,مول,مول,True,6,3,0-9,0-9
lahlib,لهلب,لهلب,True,6,4,0-9,0-9
2ijriin,اجرين,اجرن,False,7,5,0-9,0-9
3umra,عمرة,عمرة,True,5,4,0-9,0-9
2itbarraj,اتبرج,اتبرج,True,9,5,0-9,0-9
yitshaara3,يتشارع,يتشارع,True,10,6,10-19,0-9
la7uu7,لحوح,لحوح,True,6,4,0-9,0-9
2azme maaliyye,أزمة مالية,أزمة مايلية,False,14,10,10-19,10-19
qahwaji,قهوجي,قهوجي,True,7,5,0-9,0-9
mkoobij,مكوبج,مكوبج,True,7,5,0-9,0-9
badal,بدل,بدل,True,5,3,0-9,0-9
mshalla7,مشلح,مشلح,True,8,4,0-9,0-9
yi3qid,يعقد,يعقد,True,6,4,0-9,0-9
yindaghit,ينضغط,يندغط,False,9,5,0-9,0-9
2ahlan wa sahlan,أهلا وسهلا,أهل نوا سل,False,16,10,10-19,10-19
tafraan,طفران,تفران,False,7,5,0-9,0-9
ba3ir,بعر,بعر,True,5,3,0-9,0-9
dayyiqdayyi2,ضيق,ضيق,True,12,3,10-19,0-9
musalli,مسلي,مسلي,True,7,4,0-9,0-9
ka7yaan,كحيان,كحيان,True,7,5,0-9,0-9
diinaar,دينار,دينار,True,7,5,0-9,0-9
kallim,كلم,كلم,True,6,3,0-9,0-9
2iido wil 2ilkaff,ايده والكف,الدوي ولفك,False,17,10,10-19,10-19
shiitaan,شيطان,شيطان,True,8,5,0-9,0-9
7ufar,حفر,حفر,True,5,3,0-9,0-9
3irif,عرف,عرف,True,5,3,0-9,0-9
2illi maalo 7az laa yit3ab wala yishqa,اللي ماله حظ لايتعب ولا يشقى,الللللي ما مالح بيا وا بشيلقع لا وللا ه,False,38,28,30-39,20-29
yis3ab,يصعب,يسعب,False,6,4,0-9,0-9
2iftaar,افطار,افتار,False,7,5,0-9,0-9
2infalaq,انفلق,انفلق,True,8,5,0-9,0-9
masligh,مسلغ,مسلغ,True,7,4,0-9,0-9
2i7taqan,احتقن,احتقن,True,8,5,0-9,0-9
wazzam,وزم,وزم,True,6,3,0-9,0-9
2irshi,ارشي,ارشي,True,6,4,0-9,0-9
2in7asad,انحسد,انحصد,False,8,5,0-9,0-9
tarkhiis,ترخيص,ترخيص,True,8,5,0-9,0-9
sibyaan,صبيان,سبيان,False,7,5,0-9,0-9
zambiil,زنبيل,زمبيل,False,7,5,0-9,0-9
hajiin,هجين,هجين,True,6,4,0-9,0-9
2it3ahhad,اتعهد,اتعهد,True,9,5,0-9,0-9
mughayyib,مغيب,مغيب,True,9,4,0-9,0-9
ysaqqif,يسقف,يسقف,True,7,4,0-9,0-9
baltaloon,بلطلون,بلطون,False,9,6,0-9,0-9
tkashsha7,تكشح,تكشح,True,9,4,0-9,0-9
majra 2ilmayy,مجرى المي,مجرى المي,True,13,9,10-19,0-9
mustajaab,مستجاب,مستجاب,True,9,6,0-9,0-9
yhafhif,يهفهف,يهفهف,True,7,5,0-9,0-9
2itmarqat,اتمرقط,اتمرقط,True,9,6,0-9,0-9
biwaasi b7aalo,بيواسي بحاله,بيواس بحاله,False,14,12,10-19,10-19
mjaawir,مجاور,مجاور,True,7,5,0-9,0-9
kall,كل,كل,True,4,2,0-9,0-9
fashshaar,فشار,فشار,True,9,4,0-9,0-9
shuu jaab 2ilghuraab lammo,شو جاب الغراب لإمه,شو جاب الغراب الامه,False,26,18,20-29,10-19
yirtikin,يرتكن,يرتكن,True,8,5,0-9,0-9
zaayigh,زايغ,زايغ,True,7,4,0-9,0-9
faqash,فقش,فقش,True,6,3,0-9,0-9
ka3kuuz,كعكوز,كعكوز,True,7,5,0-9,0-9
3assam,عصم,عصم,True,6,3,0-9,0-9
yil7aq,يلحق,يلحق,True,6,4,0-9,0-9
2a3dam,أعدم,أعظم,False,6,4,0-9,0-9
3aab,عاب,عاب,True,4,3,0-9,0-9
mdaayiq,مضايق,مدايق,False,7,5,0-9,0-9
2inmighidj,انمغج,انمغج,True,10,5,10-19,0-9
zargin,زرقن,زرقن,True,6,4,0-9,0-9
ratrat,رطرط,رطرط,True,6,4,0-9,0-9
katab,كتب,كتب,True,5,3,0-9,0-9
tshammad,كمد,تشمد,False,8,3,0-9,0-9
ziibaar,زيبار,زيبار,True,7,5,0-9,0-9
faal 2alla wala faalak,فال الله ولا فالك,فال أله اللللللللللللللللله وا ك,False,22,17,20-29,10-19
naaqash,ناقش,ناقش,True,7,4,0-9,0-9
yitnamrad,يتنمرد,يتنمرد,True,9,6,0-9,0-9
kaase,كاسة,كاسة,True,5,4,0-9,0-9
t7aalaa,تحالى,تحالى,True,7,5,0-9,0-9
2istajwiz,استجوز,استجوز,True,9,6,0-9,0-9
sharshuu7,شرشوح,شرشوح,True,9,5,0-9,0-9
kabbaas,كباس,كباس,True,7,4,0-9,0-9
yinziwi,ينزوي,ينزوي,True,7,5,0-9,0-9
2ilkheer 3alkheer,الخير عالخير,الخير علير,False,17,12,10-19,10-19
baddaa3a,بداعة,بداعة,True,8,5,0-9,0-9
7aali,حالي,حالي,True,5,4,0-9,0-9
yunbud,ينبض,ينبض,True,6,4,0-9,0-9
heebe,هيبة,هيب,False,5,4,0-9,0-9
2ishhaq,اشهق,اشهق,True,7,4,0-9,0-9
masal,مثل,مصل,False,5,3,0-9,0-9
darabiil,درابيل,درابيل,True,8,6,0-9,0-9
msalwi2,مسلوق,مسلوء,False,7,5,0-9,0-9
2ilyoom,اليوم,اليوم,True,7,5,0-9,0-9
yit3as,يتعس,يتعس,True,6,4,0-9,0-9
y2ayyid,يؤيد,يؤيد,True,7,4,0-9,0-9
shilaliyye,شللية,شليلية,False,10,5,10-19,0-9
ydiin,يدين,يدين,True,5,4,0-9,0-9
t3attar,تعطر,تعثر,False,7,4,0-9,0-9
2inqirid,انقرض,انقرض,True,8,5,0-9,0-9
kull,كل,كل,True,4,2,0-9,0-9
jiib,جيب,جيب,True,4,3,0-9,0-9
tabanni,تبني,طبني,False,7,4,0-9,0-9
yilhaj,يلهج,يلهج,True,6,4,0-9,0-9
taafuur,طافور,طافور,True,7,5,0-9,0-9
2iwlaad,إولاد,اولاد,False,7,5,0-9,0-9
2a3daa2,أعضاء,أعداء,False,7,5,0-9,0-9
mnamnim,منمنم,منمنم,True,7,5,0-9,0-9
ka3a,كعى,كعى,True,4,3,0-9,0-9
2istad3af,استضعف,استدعف,False,9,6,0-9,0-9
yisfa7,يسفح,يصفح,False,6,4,0-9,0-9
2inbata7,انبطح,انبطح,True,8,5,0-9,0-9
zamm,ذم,زم,False,4,2,0-9,0-9
7iyi,حيي,حي,False,4,3,0-9,0-9
fata7 braaso shaari3,فتح براسه شارع,فتح براسه,False,20,14,20-29,10-19
sha77aad wimsharrit,شحاذ و مشرط,شحاذ ومشرط,False,19,11,10-19,10-19
khubz wumili7,خبز وملح,خبز وملح,True,13,8,10-19,0-9
qaamat 2ilghathbara,قامت الغثبرة,قامط الغطابرة,False,19,12,10-19,10-19
yikhtaar,يختار,يختار,True,8,5,0-9,0-9
shoofe,شوفة,شوفة,True,6,4,0-9,0-9
yla33in,يلعن,يلعن,True,7,4,0-9,0-9
muuqin,موقن,مقين,False,6,4,0-9,0-9
tbakhkhan,تبخن,تبخن,True,9,4,0-9,0-9
hindi,هندي,هندي,True,5,4,0-9,0-9
kashshish,كشش,كشش,True,9,3,0-9,0-9
maqsuud,مقصود,مقصود,True,7,5,0-9,0-9
sufraji,سفرجي,سفرجي,True,7,5,0-9,0-9
kookaz,قوقز,كوكز,False,6,4,0-9,0-9
2ijbid,إجبد,اجبد,False,6,4,0-9,0-9
kurr,كر,كر,True,4,2,0-9,0-9
yi2luz,يقلز,يؤلز,False,6,4,0-9,0-9
kutayyib,كتيب,كتيب,True,8,4,0-9,0-9
taltal,طلطل,تلتل,False,6,4,0-9,0-9
yibakbak,يتبكبك,يتبكبك,True,8,6,0-9,0-9
watriz,وطرز,وطرز,True,6,4,0-9,0-9
qatar,قطر,قطر,True,5,3,0-9,0-9
2iddaarak,تدارك,تدارك,True,9,5,0-9,0-9
mwaakhaze,مواخذة,مواخذة,True,9,6,0-9,0-9
2ittalmaz,اتتلمذ,اتطلمز,False,9,6,0-9,0-9
shaashe,شاشة,شاشة,True,7,4,0-9,0-9
2azwaaq,أذواق,أزواق,False,7,5,0-9,0-9
mhalhal,مهلهل,مهلهل,True,7,5,0-9,0-9
2itfalwat,اتفلوت,اتفلوط,False,9,6,0-9,0-9
2itshaatar,اتشاطر,اتشاطر,True,10,6,10-19,0-9
yitfa33as,يتفعص,يتفعص,True,9,5,0-9,0-9
taffish,طفش,طفش,True,7,3,0-9,0-9
yli77,يلح,يلح,True,5,3,0-9,0-9
yin7ilib,ينحلب,ينحلب,True,8,5,0-9,0-9
2iftiris,افترس,افترس,True,8,5,0-9,0-9
yiddaara,يتدارى,يتدارى,True,8,6,0-9,0-9
dakhmis,دخمس,دخمس,True,7,4,0-9,0-9
nassaab,نصاب,نصاب,True,7,4,0-9,0-9
mihne,مهنة,مهنة,True,5,4,0-9,0-9
doobal,دوبل,دوبل,True,6,4,0-9,0-9
2idma3,ادمع,ادمع,True,6,4,0-9,0-9
jarraafe,جرافة,جرافة,True,8,5,0-9,0-9
thandaz,تهندز,تهندز,True,7,5,0-9,0-9
muntij,منتج,منتج,True,6,4,0-9,0-9
mwartish,مورتش,مورتش,True,8,5,0-9,0-9
tghamgham,تغمغم,تغمغم,True,9,5,0-9,0-9
2i7faz,احفظ,احفظ,True,6,4,0-9,0-9
2itka77al,اتكحل,اتكحل,True,9,5,0-9,0-9
khulqo diyyiq,خلقه ضيق,خلقه ضيق,True,13,8,10-19,0-9
mirid,مرض,مرض,True,5,3,0-9,0-9
yitnaabaz,يتنابز,يتنابز,True,9,6,0-9,0-9
kasal,كسل,كسل,True,5,3,0-9,0-9
3azzam,عظم,عزم,False,6,3,0-9,0-9
mahir,مهر,مهر,True,5,3,0-9,0-9
2illi byis3ab 3aleek byifqirak,اللي بيصعب عليك بيفقرك,اللي بيصي بعليك فيرق بة,False,30,22,30-39,20-29
2it7ajjar,اتحجر,اتحجر,True,9,5,0-9,0-9
dooshaqka,دوشقة,دوشاقة,False,9,5,0-9,0-9
dibsiyye,دبسية,دبسية,True,8,5,0-9,0-9
sa3ad 2is3uud,سعد السعود,سعد العود,False,13,10,10-19,10-19
luukg,لوك,لوك,True,5,3,0-9,0-9
raka3,ركع,ركع,True,5,3,0-9,0-9
sarsara,ثرثرة,سرسرة,False,7,5,0-9,0-9
ma7u 2ummiyye,محو أمية,محيومة المية,False,13,8,10-19,0-9
yitsharrad,يتشرد,يتشرد,True,10,5,10-19,0-9
7att 2il7uzun bildjurun,حط الحزن بالجرن,حطول الحزن بالجرن,False,23,15,20-29,10-19
suu3aan,صوعان,سوعان,False,7,5,0-9,0-9
ynashshir,ينشر,ينشر,True,9,4,0-9,0-9
3ad3ad,عضعض,عضعض,True,6,4,0-9,0-9
ysiigh,يصيغ,يسيغ,False,6,4,0-9,0-9
dabbal,دبل,دبل,True,6,3,0-9,0-9
2iddabbar,تدبر,تدبر,True,9,4,0-9,0-9
djibab,جبب,جببب,False,6,3,0-9,0-9
ma7suummakhsuum,محسوم,محسومخة,False,15,5,10-19,0-9
2itghattas,اتغطس,اتغطس,True,10,5,10-19,0-9
2i3sa,اعصى,اعصى,True,5,4,0-9,0-9
tantaf,طنطف,تنتف,False,6,4,0-9,0-9
faddil,فضل,فضل,True,6,3,0-9,0-9
tshartshar,كركر,تشركر,False,10,4,10-19,0-9
sammad,صمد,سمد,False,6,3,0-9,0-9
3arja,عرجا,عرجة,False,5,4,0-9,0-9
karmish,كرمش,كرمش,True,7,4,0-9,0-9
tbakkam,تبكم,تبكم,True,7,4,0-9,0-9
traqqaq,ترقق,ترققق,False,7,4,0-9,0-9
musta3si,مستعصي,مستعصي,True,8,6,0-9,0-9
muzayyaf,مزيف,مزيف,True,8,4,0-9,0-9
tkharbash,تخربش,تخربش,True,9,5,0-9,0-9
7uzme,حزمة,حزمة,True,5,4,0-9,0-9
haat,هات,هات,True,4,3,0-9,0-9
leesta,ليسته,ليسطة,False,6,5,0-9,0-9
shawwib,شوب,شوب,True,7,3,0-9,0-9
yhadjdjidj,يهجج,يهج,False,10,4,10-19,0-9
ylaffi3,يلفع,يلفع,True,7,4,0-9,0-9
fatt,فت,فت,True,4,2,0-9,0-9
rahbaani,رهباني,رهباني,True,8,6,0-9,0-9
tannuura,تنورة,تنورة,True,8,5,0-9,0-9
sakhmat,سخمط,سخمط,True,7,4,0-9,0-9
2iflij,افلج,افلج,True,6,4,0-9,0-9
yzabbit,يضبط,يزبط,False,7,4,0-9,0-9
ra2iis,رئيس,رئيس,True,6,4,0-9,0-9
tana,ثنى,طنى,False,4,3,0-9,0-9
2ishtaaq,اشتاق,اشتاق,True,8,5,0-9,0-9
mharbij,مهربج,مهربج,True,7,5,0-9,0-9
7alwish,حلوش,حلوش,True,7,4,0-9,0-9
yinfihim,ينفهم,ينفهم,True,8,5,0-9,0-9
simmaawi,سماوي,سماوي,True,8,5,0-9,0-9
sattat,ستت,ستت,True,6,3,0-9,0-9
la7m ktaafi min kheerak,لحم كتافي من خيرك,لحمة كثان فيرك محم,False,23,17,20-29,10-19
murhaq,مرهق,مرهق,True,6,4,0-9,0-9
tawaghghul,توغل,توغل,True,10,4,10-19,0-9
2immaasi,مماسي,إماسي,False,8,5,0-9,0-9
kankuuze,كنكوزة,كنكوزة,True,8,6,0-9,0-9
lakhkhas,لخص,لخص,True,8,3,0-9,0-9
2istanqis,استنقص,استنقص,True,9,6,0-9,0-9
khashim,خشم,خشم,True,7,3,0-9,0-9
yghashshim,يغشم,يغشم,True,10,4,10-19,0-9
kanaakiiz,كناكيز,كناكيز,True,9,6,0-9,0-9
maghruum,مغروم,مغروم,True,8,5,0-9,0-9
yghaali,يغالي,يغالي,True,7,5,0-9,0-9
qalaqaan,قلقان,قلقان,True,8,5,0-9,0-9
rii7aan,ريحان,ريحان,True,7,5,0-9,0-9
mu3ayyan,معين,معين,True,8,4,0-9,0-9
qassiire,قصيرة,قصيرة,True,8,5,0-9,0-9
qubu7,قبح,قبح,True,5,3,0-9,0-9
bannaaye,بناية,بنانية,False,8,5,0-9,0-9
2urqus,ارقص,ارقص,True,6,4,0-9,0-9
2i3wadj,إعوج,اعوج,False,7,4,0-9,0-9
2adrak,أدرك,أدرك,True,6,4,0-9,0-9
khaafa2,خافق,خافقة,False,7,4,0-9,0-9
shawaabik,شوابك,شوابك,True,9,5,0-9,0-9
khardaq,خردق,خردق,True,7,4,0-9,0-9
yati2,يطئ,يطئ,True,5,3,0-9,0-9
7ayyi7,حيح,حيح,True,6,3,0-9,0-9
tsattar,تسطر,تستر,False,7,4,0-9,0-9
saa7ib,صاحب,صاحب,True,6,4,0-9,0-9
2i7tajj,احتج,احتج,True,7,4,0-9,0-9
kashaf,كشف,كشف,True,6,3,0-9,0-9
qayyil,قيل,قيل,True,6,3,0-9,0-9
yibtisim,يبتسم,يبتسم,True,8,5,0-9,0-9
saakhi,ساخي,ساخي,True,6,4,0-9,0-9
ghaala,غالى,غالى,True,6,4,0-9,0-9
tamshiit,تمشيط,تمشيط,True,8,5,0-9,0-9
jarr 2ijro,جر إجره,جر الروجر,False,10,7,10-19,0-9
7araqaan,حرقان,حرقان,True,8,5,0-9,0-9
baatinjaane,باذنجانة,باطنجانة,False,11,8,10-19,0-9
yitnaqqash,يتنقش,يتنقش,True,10,5,10-19,0-9
sabbaq,سبق,سبق,True,6,3,0-9,0-9
mu7aawale,محاولة,محاولة,True,9,6,0-9,0-9
yinhad,ينهض,ينهد,False,6,4,0-9,0-9
baraaziq,برازق,برازق,True,8,5,0-9,0-9
2iddahdak,اتدهدك,تدهدك,False,9,6,0-9,0-9
nujuum,نجوم,نجوم,True,6,4,0-9,0-9
yighla,يغلى,يغلى,True,6,4,0-9,0-9
ydayyin,يدين,يدين,True,7,4,0-9,0-9
haanat,هانت,هانط,False,6,4,0-9,0-9
yik7ash,يكحش,يكحش,True,7,4,0-9,0-9
mistaksil,مستكسل,مستكسل,True,9,6,0-9,0-9
taayil,طايل,طايل,True,6,4,0-9,0-9
ka3wish,كعوش,كعوش,True,7,4,0-9,0-9
2imranda7,مرندح,امرندح,False,9,5,0-9,0-9
fashaq,فشق,فشق,True,6,3,0-9,0-9
yistatibb,يستتب,يستطب,False,9,5,0-9,0-9
zawwij,زوج,زوج,True,6,3,0-9,0-9
taraabiis,ترابيس,ترابيص,False,9,6,0-9,0-9
darr,در,در,True,4,2,0-9,0-9
3eeno faargha,عينه فارغة,عينه فارغة,True,13,10,10-19,10-19
baab wifiq,باب الوفق,باب وفق,False,10,9,10-19,0-9
jirsa,جرسة,جرسى,False,5,4,0-9,0-9
3amraan,عمران,عمران,True,7,5,0-9,0-9
ykarrir,يكرر,يكرر,True,7,4,0-9,0-9
nawwi3,نوع,نوع,True,6,3,0-9,0-9
hayaafe,هيافة,هيافة,True,7,5,0-9,0-9
tarsh,طرش,طرش,True,5,3,0-9,0-9
2unfud bijildak,انفذ بجلدك,انفض بالجك,False,15,10,10-19,10-19
balgha,بلغة,بلغة,True,6,4,0-9,0-9
y3arqil,يعرقل,يعرقل,True,7,5,0-9,0-9
2ikhtatam,اختتم,اختتم,True,9,5,0-9,0-9
2ista3mir,استعمر,استعمر,True,9,6,0-9,0-9
ksuus,كسوس,كسوس,True,5,4,0-9,0-9
y7iff,يحف,يحف,True,5,3,0-9,0-9
2itnaasab,اتناسب,اتناسب,True,9,6,0-9,0-9
2inrafa3,انرفع,انرفع,True,8,5,0-9,0-9
batrin,بطرن,بطرن,True,6,4,0-9,0-9
wi33,وع,وع,True,4,2,0-9,0-9
2ittamtam,اتطمطم,اتطمطم,True,9,6,0-9,0-9
2itbahdal,اتبهدل,اتبهدل,True,9,6,0-9,0-9
yindaqim,يندقم,يندقم,True,8,5,0-9,0-9
yghuzz,يغز,يغز,True,6,3,0-9,0-9
3akkar,عكر,عكر,True,6,3,0-9,0-9
talfin,تلفن,تلفن,True,6,4,0-9,0-9
2idhish,ادهش,ادهش,True,7,4,0-9,0-9
maazi3,مازع,مازع,True,6,4,0-9,0-9
yu7ruth,يحرث,يحرث,True,7,4,0-9,0-9
dja33it,جعط,جعط,True,7,3,0-9,0-9
yinghimir,ينغمر,ينغمر,True,9,5,0-9,0-9
msaayara,مسايرة,مسايرة,True,8,6,0-9,0-9
fdii7a bjalaajil,فضيحة بجلاجل,فجيح بالال,False,16,12,10-19,10-19
mqan3ar,مقنعر,مقنعر,True,7,5,0-9,0-9
tsha33ab,تشعب,تشعب,True,8,4,0-9,0-9
ymassikh,يمسخ,يمسخ,True,8,4,0-9,0-9
maadde,مادة,مادة,True,6,4,0-9,0-9
yitkabbar,يتكبر,يتكبر,True,9,5,0-9,0-9
2inifqis,انفقس,انفقس,True,8,5,0-9,0-9
hubuut 2ittiraari,هبوط اضطراري,هبوة الطراري,False,17,12,10-19,10-19
yistahbil,يستهبل,يستهبل,True,9,6,0-9,0-9
qub3a,قبعة,قبعة,True,5,4,0-9,0-9
taraabiish,طرابيش,ترابيش,False,10,6,10-19,0-9
dili3 2i3waj,ضلع إعوج,جلع الوع,False,12,8,10-19,0-9
ydiif,يضيف,يضيف,True,5,4,0-9,0-9
2indaba7,انذبح,انضبح,False,8,5,0-9,0-9
2inkhabal,انخبل,انخبل,True,9,5,0-9,0-9
khudur,خضر,خدر,False,6,3,0-9,0-9
2imda7,امدح,امدح,True,6,4,0-9,0-9
mqarrin,مقرن,مقرن,True,7,4,0-9,0-9
2itka3bash,اتكعبش,اتكعبش,True,10,6,10-19,0-9
qumsaan,قمصان,قمصان,True,7,5,0-9,0-9
taayir,طاير,طاير,True,6,4,0-9,0-9
ykharmish,يخرمش,يخرمش,True,9,5,0-9,0-9
kaadir,كادر,كادر,True,6,4,0-9,0-9
yindah,ينده,ينده,True,6,4,0-9,0-9
tagha,طغى,طغى,True,5,3,0-9,0-9
2itraaqab,اتراقب,اتراقب,True,9,6,0-9,0-9
2ibdjar,ابجر,ابجر,True,7,4,0-9,0-9
khibra,خبرة,خبرة,True,6,4,0-9,0-9
khalanj,خلنج,خلنج,True,7,4,0-9,0-9
mshaqlab,مشقلب,مشقلب,True,8,5,0-9,0-9
2istimirr,استمر,استمر,True,9,5,0-9,0-9
yiltagh,يلتغ,يلتغ,True,7,4,0-9,0-9
taswiit,تصويت,تسويط,False,7,5,0-9,0-9
rammid,رمد,رمض,False,6,3,0-9,0-9
shukk,شك,شك,True,5,2,0-9,0-9
2ishtim,اشتم,اشتم,True,7,4,0-9,0-9
2iqtiri7,اقترح,اقترح,True,8,5,0-9,0-9
sawwaaq,سواق,سواق,True,7,4,0-9,0-9
ymahhid,يمهد,يمهد,True,7,4,0-9,0-9
ba7az,بحز,بحز,True,5,3,0-9,0-9
naam maa qaam,نام ما قام,نام ماقام,False,13,10,10-19,10-19
washa,وشى,وشى,True,5,3,0-9,0-9
namme,نمة,نمة,True,5,3,0-9,0-9
disk,دسك,دسك,True,4,3,0-9,0-9
mqaabiil,مقابيل,مقابيل,True,8,6,0-9,0-9
2ashdaf,أشدف,أشدف,True,7,4,0-9,0-9
2injann win7ann,انجن وانحن,انجن وحن,False,15,10,10-19,10-19
yitwarrat,يتورط,يتورط,True,9,5,0-9,0-9
qkalaayid,قلايد,قلايد,True,9,5,0-9,0-9
haamit,هامط,هامط,True,6,4,0-9,0-9
yithajjam,يتهجم,يتهجم,True,9,5,0-9,0-9
qadiyye,قضية,قدية,False,7,4,0-9,0-9
baladiyyaat,بلديات,بلايد,False,11,6,10-19,0-9
2a3ta,أعطى,أعطى,True,5,4,0-9,0-9
hadam,هضم,هدم,False,5,3,0-9,0-9
tra77am,ترحم,ترحم,True,7,4,0-9,0-9
yitzahram,يتزهرم,يتزهرم,True,9,6,0-9,0-9
jibaal,جبال,جبال,True,6,4,0-9,0-9
garaamii3,قراميع,قراميع,True,9,6,0-9,0-9
raaba,رابى,رابى,True,5,4,0-9,0-9
ytarqi3,يطرقع,يطرقع,True,7,5,0-9,0-9
3asabi,عصبي,عصابي,False,6,4,0-9,0-9
hooshe,هوشة,هوشة,True,6,4,0-9,0-9
saabaq,سابق,سابق,True,6,4,0-9,0-9
makhnuuq,مخنوق,مخنوق,True,8,5,0-9,0-9
maluul,ملول,ملول,True,6,4,0-9,0-9
2aanas,آنس,آنس,True,6,3,0-9,0-9
nasakh,نسخ,نسخ,True,6,3,0-9,0-9
majaari,مجاري,مجاري,True,7,5,0-9,0-9
yitsalbat,يتسلبط,يتسلبط,True,9,6,0-9,0-9
2itnabba2,اتنبأ,اتنبأ,True,9,5,0-9,0-9
2iltakh,الطخ,الطخ,True,7,4,0-9,0-9
midwad 2ittaawle,مدود الطاولة,مدودة التولة,False,16,12,10-19,10-19
yimghadj,يمغج,يمغج,True,8,4,0-9,0-9
2ammin,أمن,أمن,True,6,3,0-9,0-9
khawwar,خور,خور,True,7,3,0-9,0-9
2ishra7,اشرح,اشرح,True,7,4,0-9,0-9
daghghish,دغش,دغش,True,9,3,0-9,0-9
tsaaqat,تساقط,تساقط,True,7,5,0-9,0-9
tmittiqk2,تمتق,تمتق,True,9,4,0-9,0-9
2itlabbak,اتلبك,اتلبك,True,9,5,0-9,0-9
ykhartish,يخرطش,يخرطش,True,9,5,0-9,0-9
2itsharrat,اتشرط,اتشرط,True,10,5,10-19,0-9
7ammis,حمس,حمص,False,6,3,0-9,0-9
lawaq,لوق,لوق,True,5,3,0-9,0-9
2izhad,ازهد,ازهد,True,6,4,0-9,0-9
2itfallal,اتفلل,اتفلل,True,9,5,0-9,0-9
2it3ammad,اتعمد,اتعمد,True,9,5,0-9,0-9
naqqa,نقى,نقى,True,5,3,0-9,0-9
takran,تكرن,تكرن,True,6,4,0-9,0-9
mawwin,مون,مون,True,6,3,0-9,0-9
shayyi3,شيع,شيع,True,7,3,0-9,0-9
siraat,سراط,سراط,True,6,4,0-9,0-9
nadab,نضب,ندب,False,5,3,0-9,0-9
2iddaafash,اتدافش,تدافش,False,10,6,10-19,0-9
yqa7mish,يقحمش,يقحمش,True,8,5,0-9,0-9
yitghammas,يتغمس,يتغمس,True,10,5,10-19,0-9
2ahhal,أهل,أهل,True,6,3,0-9,0-9
toobaz,طوبز,طوبز,True,6,4,0-9,0-9
3arbid,عربد,عربد,True,6,4,0-9,0-9
2ilqandiil 2issafari,القنديل السفري,القند الصفار,False,20,14,20-29,10-19
7amm,حم,حم,True,4,2,0-9,0-9
ma33ik,معك,معك,True,6,3,0-9,0-9
mtabbaqaaniyye,مطبقانية,متباقنية,False,14,8,10-19,0-9
waasi,واسي,واسي,True,5,4,0-9,0-9
ysha7nik,يشحنك,يشحنك,True,8,5,0-9,0-9
rsiif,رصيف,رصيف,True,5,4,0-9,0-9
yjaaliqk,يجالق,يجالق,True,8,5,0-9,0-9
2aq7am,أقحم,أقحم,True,6,4,0-9,0-9
du7daal,دحدال,دحدال,True,7,5,0-9,0-9
2isduf,اصدف,اصدف,True,6,4,0-9,0-9
mardagha,مردغة,مردغة,True,8,5,0-9,0-9
3arraat,عراط,عراط,True,7,4,0-9,0-9
fakhkhaar,فخار,فخار,True,9,4,0-9,0-9
mizraaqk,مزراق,مزراق,True,8,5,0-9,0-9
jayyir,جير,جير,True,6,3,0-9,0-9
ymaani3,يمانع,يمانع,True,7,5,0-9,0-9
2itla3bak,اتلعبك,اتلعبك,True,9,6,0-9,0-9
qatti3,قطع,قطع,True,6,3,0-9,0-9
trawwa2,تروق,تروق,True,7,4,0-9,0-9
2ishqi,اشقي,اشقي,True,6,4,0-9,0-9
2abu 7arad,أبو حرد,أبو حضرة,False,10,7,10-19,0-9
bahaariij,بهاريج,بهاريج,True,9,6,0-9,0-9
ba33ar,بعر,بعر,True,6,3,0-9,0-9
mirgabe,مرقبة,مرقبة,True,7,5,0-9,0-9
za3tar skhuuri,زعتر صخوري,زعتر شكر,False,14,10,10-19,10-19
walaawil,ولاول,ولاول,True,8,5,0-9,0-9
2ishaara,إشارة,إشارة,True,8,5,0-9,0-9
yqkashfil,يقشفل,يقشفل,True,9,5,0-9,0-9
bazraqk,بزرق,بزرق,True,7,4,0-9,0-9
waqaa2i3,وقائع,وقائع,True,8,5,0-9,0-9
yluudh,يلوذ,يلوذ,True,6,4,0-9,0-9
2ightisaab,اغتصاب,اغتصاب,True,10,6,10-19,0-9
7aayis,حايص,حايس,False,6,4,0-9,0-9
jaaqim,جاقم,جاقم,True,6,4,0-9,0-9
kizib,كذب,كذب,True,5,3,0-9,0-9
fattar,فطر,فتر,False,6,3,0-9,0-9
2infilit,انفلت,انفلت,True,8,5,0-9,0-9
ta3liimi,تعليمي,تعليم,False,8,6,0-9,0-9
3usso musso,عصه مصه,عص مصوص,False,11,7,10-19,0-9
2iddalghas,تدلغص,اتدلغص,False,10,5,10-19,0-9
2isti3laam,استعلام,استعلام,True,10,7,10-19,0-9
laqqa7,لقح,لقح,True,6,3,0-9,0-9
qard,قرض,قرد,False,4,3,0-9,0-9
sar7,سرح,صرح,False,4,3,0-9,0-9
tarbuush,طربوش,طربوش,True,8,5,0-9,0-9
daara,دارى,دارى,True,5,4,0-9,0-9
2ijaar,إيجار,إجار,False,6,5,0-9,0-9
shakhkh,شخ,شخ,True,7,2,0-9,0-9
2ubsum,ابصم,ابصم,True,6,4,0-9,0-9
yitmahmat,يتمهمط,يتمهمط,True,9,6,0-9,0-9
mu2aamara,مؤامرة,مؤامرة,True,9,6,0-9,0-9
qka7lif,قحلف,قحلف,True,7,4,0-9,0-9
muzrabbe,مزربة,مزربة,True,8,5,0-9,0-9
tashaqquq,تشقق,تشققق,False,9,4,0-9,0-9
ynaahiq,يناهق,يناهق,True,7,5,0-9,0-9
mba3zaq,مبعزق,مبعزق,True,7,5,0-9,0-9
darbis,دربس,دربس,True,6,4,0-9,0-9
ghumuud,غموض,غمود,False,7,4,0-9,0-9
qabid,قبض,قبض,True,5,3,0-9,0-9
ymarmigh,يمرمغ,يمرمغ,True,8,5,0-9,0-9
7abbit dawa,حبة دوا,حبة ذوا,False,11,7,10-19,0-9
bayyan,بين,بين,True,6,3,0-9,0-9
tfa3kash,تفعكش,تفعكش,True,8,5,0-9,0-9
2im7in,امحن,امحن,True,6,4,0-9,0-9
yinfil,ينفل,ينفل,True,6,4,0-9,0-9
rashshaash,رشاش,رشاش,True,10,4,10-19,0-9
qaashi3,قاشع,قاشع,True,7,4,0-9,0-9
qaawal,قاول,قاول,True,6,4,0-9,0-9
2it7annas,اتحنص,اتحنص,True,9,5,0-9,0-9
2idjat 2ilkidre t3aayir 2ilmaghrafe kaalatilha ruu7i yaa samra yaa mka7lafe min yoom yoomik mdjawwafe,إجت القدرة تعاير المغرفة قالت الها روحي يا سمرة يا مقحلفة من يوم يومك مجوفة,الجت ميا فوراسك اللللللغرا تعفية من وداليا يارحمر وها يا يا يا يومجوها يومن يومرحمن يا يومن يومرحمرحمن يك يا يا يودفة,False,101,75,100-109,70-79
tasjiil,تسجيل,تسجيل,True,7,5,0-9,0-9
mitil maa ghanna 2ilimghanni,مثل ما غنى المغني,مثل من غالني,False,28,17,20-29,10-19
2inrakan,انركن,انركن,True,8,5,0-9,0-9
y3ayyish,يعيش,يعيش,True,8,4,0-9,0-9
2ista3jal,استعجل,استعجل,True,9,6,0-9,0-9
2awsaat,أوساط,أوساط,True,7,5,0-9,0-9
yinmi3is,ينمعص,ينمعص,True,8,5,0-9,0-9
tqa77at,تقحط,تقحط,True,7,4,0-9,0-9
rama tuqlit dammo,رمى ثقلة دمه,رمى ثقول دمه,False,17,12,10-19,10-19
yitlaa7am,يتلاحم,يتلاحم,True,9,6,0-9,0-9
khaayil,خايل,خايل,True,7,4,0-9,0-9
nattaq,نطق,نطق,True,6,3,0-9,0-9
2injali,انجلي,انجلي,True,7,5,0-9,0-9
yinmi3ik,ينمعك,ينمعك,True,8,5,0-9,0-9
saffir,صفر,سفر,False,6,3,0-9,0-9
zayy 2ishshu3le,زي الشعلة,زي الشعلية,False,15,9,10-19,0-9
2is7ak,اصحك,اسحك,False,6,4,0-9,0-9
btuun,بطون,بطن,False,5,4,0-9,0-9
2as2ile,أسئلة,أسقلة,False,7,5,0-9,0-9
2inmu,انمو,انمو,True,5,4,0-9,0-9
fajir,فجر,فجر,True,5,3,0-9,0-9
watta,وطى,وتا,False,5,3,0-9,0-9
tanaaqul,تناقل,تناقل,True,8,5,0-9,0-9
2istakshaf,استكشف,استكشف,True,10,6,10-19,0-9
mayy bitnamnim,مي بتنمنم,مي بطنم,False,14,9,10-19,0-9
sheeb,شيب,شيب,True,5,3,0-9,0-9
darda3,دردع,دردع,True,6,4,0-9,0-9
2irqgkud,ارقد,ارقد,True,8,4,0-9,0-9
damiiro si7i,ضميره صحي,دمير سيحي,False,12,9,10-19,0-9
fii,في,فيه,False,3,2,0-9,0-9
mzayyit,مزيت,مزيط,False,7,4,0-9,0-9
boomale,بوملي,بوملة,False,7,5,0-9,0-9
lattif,لطف,لطف,True,6,3,0-9,0-9
2iltiwiq,التوق,التوق,True,8,5,0-9,0-9
y3allim,يعلم,يعلم,True,7,4,0-9,0-9
qarram,قرم,قرم,True,6,3,0-9,0-9
baltak,بلطق,بلطك,False,6,4,0-9,0-9
y3aabit,يعابط,يعابط,True,7,5,0-9,0-9
zaarna 2innabi,زارنا النبي,زارن البني,False,14,11,10-19,10-19
tadyiiqtadyii2,تضييق,تديقي,False,14,5,10-19,0-9
7ayyar,حير,حير,True,6,3,0-9,0-9
mbarmaj,مبرمج,مبرمج,True,7,5,0-9,0-9
sakhta tiskhatak,سخطة تسخطك,سخط شخط,False,16,10,10-19,10-19
saawi,ساوي,ساوي,True,5,4,0-9,0-9
raqsa,رقصة,رقصة,True,5,4,0-9,0-9
mam3uut,ممعوط,معموط,False,7,5,0-9,0-9
shraa3,شراع,شراع,True,6,4,0-9,0-9
3usmus,عصمص,عصمص,True,6,4,0-9,0-9
farriz,فرز,فرز,True,6,3,0-9,0-9
2iftiqir,افتقر,افتقر,True,8,5,0-9,0-9
midbara wufaa3at,مدبرة وفاعت,مضبرة وفعة,False,16,11,10-19,10-19
2istanfi3,استنفع,استنفع,True,9,6,0-9,0-9
2iskamle,إسكملة,إسكملة,True,8,6,0-9,0-9
3aatife,عاطفة,عاطفة,True,7,5,0-9,0-9
ballo qatle,بله قتلة,بله قتلة,True,11,8,10-19,0-9
shallit,شلط,شلط,True,7,3,0-9,0-9
qasqas jnaa7aatha,قصقص جناحاتها,قشقص جناحت,False,17,13,10-19,10-19
ta7affuz,تحفظ,تحفظ,True,8,4,0-9,0-9
sooja,صوجا,سوجا,False,5,4,0-9,0-9
baa7as,باحص,باحث,False,6,4,0-9,0-9
gharaz,غرز,غرز,True,6,3,0-9,0-9
2azraq,أزرق,أزرق,True,6,4,0-9,0-9
zallal,ظلل,زلل,False,6,3,0-9,0-9
duqqa,دقة,دقة,True,5,3,0-9,0-9
yistankif,يستنكف,يستنكف,True,9,6,0-9,0-9
tghatta,تغطى,تغطى,True,7,4,0-9,0-9
mikhtir,مخطر,مختر,False,7,4,0-9,0-9
si3ir,سعر,سعر,True,5,3,0-9,0-9
3atas,عطس,عطس,True,5,3,0-9,0-9
2itqaadam,اتقادم,اتقادم,True,9,6,0-9,0-9
yista7mil,يستحمل,يستحمل,True,9,6,0-9,0-9
yithmir,يثمر,يثمر,True,7,4,0-9,0-9
yit3azran,يتعزرن,يتعزرن,True,9,6,0-9,0-9
tanqiib,تنقيب,تنقيب,True,7,5,0-9,0-9
khoof 2alla,خوف الله,خوف اله,False,11,8,10-19,0-9
yirja3,يرجع,يرجع,True,6,4,0-9,0-9
nashshaab,نشاب,نشاب,True,9,4,0-9,0-9
muraasil,مراسل,مراسل,True,8,5,0-9,0-9
wahhat,وهت,وهت,True,6,3,0-9,0-9
2a3shaar,أعشار,أعشار,True,8,5,0-9,0-9
kurama,كرماء,كرامة,False,6,5,0-9,0-9
shwaal,شوال,شوال,True,6,4,0-9,0-9
daayim,دايم,دايم,True,6,4,0-9,0-9
sajjil,سجل,سجل,True,6,3,0-9,0-9
zaghaariib,زغاريب,زغاريب,True,10,6,10-19,0-9
qkanshi3,قنشع,قنشع,True,8,4,0-9,0-9
2irkab,اركب,اركب,True,6,4,0-9,0-9
ka3aakiil,كعاكيل,كعاكيل,True,9,6,0-9,0-9
t7ammas,تحمس,تحمص,False,7,4,0-9,0-9
2amadd,أمد,أمد,True,6,3,0-9,0-9
warash,ورش,ورش,True,6,3,0-9,0-9
tluu3,طلوع,طلوع,True,5,4,0-9,0-9
yifnis,يفنس,يفنس,True,6,4,0-9,0-9
yilfuz,يلفظ,يلفظ,True,6,4,0-9,0-9
yikhtitim,يختتم,يختتم,True,9,5,0-9,0-9
qusur nazar,قصر نظر,قصر نظر,True,11,7,10-19,0-9
3anqir,عنقر,عنقر,True,6,4,0-9,0-9
la3la3,لعلع,لعلع,True,6,4,0-9,0-9
mustatatibb,مستتب,مستطب,False,11,5,10-19,0-9
yballis,يبلص,يبلص,True,7,4,0-9,0-9
la3an,لعن,لعن,True,5,3,0-9,0-9
qarfaan,قرفان,قرفان,True,7,5,0-9,0-9
yboobir,يبوبر,يبوبر,True,7,5,0-9,0-9
2istakfa,استكفى,استكفى,True,8,6,0-9,0-9
yba33iz,يبعز,يبعز,True,7,4,0-9,0-9
yduukh,يدوخ,يضوخ,False,6,4,0-9,0-9
3umi,عمي,عمي,True,4,3,0-9,0-9
yidhak,يدهك,يدهك,True,6,4,0-9,0-9
yitghattas,يتغطس,يتغطس,True,10,5,10-19,0-9
yinghuz,ينغز,ينغز,True,7,4,0-9,0-9
qasale,قصلة,قصلة,True,6,4,0-9,0-9
3asal,عسل,عصل,False,5,3,0-9,0-9
2it7abbak,اتحبك,اتحبك,True,9,5,0-9,0-9
2istalzim,استلزم,استلزم,True,9,6,0-9,0-9
2ishnuq,اشنق,اشنق,True,7,4,0-9,0-9
ri2aase,رئاسة,رئاسة,True,7,5,0-9,0-9
y3abbi,يعبي,يعبي,True,6,4,0-9,0-9
juwwaani,جواني,جواني,True,8,5,0-9,0-9
majjad,مجد,مجد,True,6,3,0-9,0-9
far7aan,فرحان,فرحان,True,7,5,0-9,0-9
m3assim,معصم,معصم,True,7,4,0-9,0-9
7urdjaaye,حرجاية,حرجاية,True,9,6,0-9,0-9
2ibki,ابكي,ابكي,True,5,4,0-9,0-9
satta7,سطح,سطح,True,6,3,0-9,0-9
wil7abil jarraar,والحبل جرار,ولحب الرجار,False,16,11,10-19,10-19
t7antar,تحنتر,تحنتر,True,7,5,0-9,0-9
khayyam,خيم,خيم,True,7,3,0-9,0-9
ykhaafi2,يخافق,يخافئ,False,8,5,0-9,0-9
kheekham,خيخم,خيخم,True,8,4,0-9,0-9
mkhaatara,مخاطرة,مخاطرة,True,9,6,0-9,0-9
qaa3ida,قاعدة,قاعدة,True,7,5,0-9,0-9
2insikhit,انسخط,انسخط,True,9,5,0-9,0-9
2uhjum,اهجم,اهجم,True,6,4,0-9,0-9
nammal,نمل,نمل,True,6,3,0-9,0-9
daqmash,دقمش,دقمش,True,7,4,0-9,0-9
raanikh,رانخ,رانخ,True,7,4,0-9,0-9
tbayyan,تبين,تبين,True,7,4,0-9,0-9
ma3juun,معجون,معجون,True,7,5,0-9,0-9
buzz,بظ,بز,False,4,2,0-9,0-9
mufattish,مفتش,مفتتش,False,9,4,0-9,0-9
rshuuf,رشوف,رشوف,True,6,4,0-9,0-9
msa2si2,مسقسق,مسقسق,True,7,5,0-9,0-9
djarma3,جرمع,جرمع,True,7,4,0-9,0-9
toomiyye,ثومية,طومية,False,8,5,0-9,0-9
ta3liiq,تعليق,تعليق,True,7,5,0-9,0-9
mlaadi,ملادي,ملادي,True,6,5,0-9,0-9
2aakhir tarz,آخر طرز,آخرة ذر,False,12,7,10-19,0-9
shari3,شرع,شرع,True,6,3,0-9,0-9
maa byitla3 2izzeet 2illa min kutr 2il3asir,ما بيطلع الزيت إلا من كثر العصر,ما بيتعلى اللللمن الزير أس أخل ال,False,43,31,40-49,30-39
tlabbad,تلبد,تلبد,True,7,4,0-9,0-9
ywaari,يواري,يواري,True,6,5,0-9,0-9
yikzib,يكذب,يكذب,True,6,4,0-9,0-9
sharwat,شروط,شروط,True,7,4,0-9,0-9
siyaane,صيانة,سيانة,False,7,5,0-9,0-9
khushash,خشش,خششاش,False,8,3,0-9,0-9
zii3,ذيع,زيع,False,4,3,0-9,0-9
ru2a,رؤى,رؤاء,False,4,3,0-9,0-9
bahwar,بهور,بهور,True,6,4,0-9,0-9
2ilmasjid 2ilaqsa,المسجد الأقصى,المسج القال,False,17,13,10-19,10-19
yurbut,يربط,يربط,True,6,4,0-9,0-9
yib7ash,يبحش,يبحش,True,7,4,0-9,0-9
tasbiile,تسبيلة,تسبيلة,True,8,6,0-9,0-9
tisaa3,تساع,تساع,True,6,4,0-9,0-9
tsaamaj,تسامج,تسامج,True,7,5,0-9,0-9
za3wiqk,زعوق,زعوق,True,7,4,0-9,0-9
yin7isim,ينحسم,ينحسم,True,8,5,0-9,0-9
wirik,ورك,ورك,True,5,3,0-9,0-9
diir baalak 3alee,دير بالك عليه,ضير بالك عليه,False,17,13,10-19,10-19
sheekh 2ilma7shi,شيخ المحشي,شيخ المشح,False,16,10,10-19,10-19
yista3lim,يستعلم,يستعلم,True,9,6,0-9,0-9
yijrush,يجرش,يجرش,True,7,4,0-9,0-9
toof,طوف,طوف,True,4,3,0-9,0-9
sanaame,سنامة,صنامة,False,7,5,0-9,0-9
2ilwalad 2il3aatil biksir 2ilkhaatir,الولد العاطل بكسر الخاطر,اله لدا وطرشك بالعك,False,36,24,30-39,20-29
7albe,حلبة,حلبة,True,5,4,0-9,0-9
2itwassal,اتوصل,اتوصل,True,9,5,0-9,0-9
maakina,ماكنة,ماكنة,True,7,5,0-9,0-9
fawwaashe,فواشة,فواشة,True,9,5,0-9,0-9
mahbuul,مهبول,مهبول,True,7,5,0-9,0-9
3abbir,عبر,عبر,True,6,3,0-9,0-9
2ibtali,ابتلي,ابتلي,True,7,5,0-9,0-9
2abnaa2,أبناء,أبناء,True,7,5,0-9,0-9
suwar,صور,سور,False,5,3,0-9,0-9
niigaara,نيجارا,نيارة,False,8,6,0-9,0-9
ybarrir,يبرر,يبرر,True,7,4,0-9,0-9
sittiin niile,ستين نيلة,ستين نيلة,True,13,9,10-19,0-9
ra77al,رحل,رحل,True,6,3,0-9,0-9
ywabbikh,يوبخ,يوبخ,True,8,4,0-9,0-9
bidaa2i,بدائي,بدائي,True,7,5,0-9,0-9
2istadfa,استدفى,استضفى,False,8,6,0-9,0-9
magaati3,مقاطع,مقاطع,True,8,5,0-9,0-9
7arrid,حرض,حرد,False,6,3,0-9,0-9
2ista7saan,استحسان,استحسان,True,10,7,10-19,0-9
sharraf,شرف,شرف,True,7,3,0-9,0-9
ghaab,غاب,غاب,True,5,3,0-9,0-9
nafakh,نفخ,نفخ,True,6,3,0-9,0-9
qurqee3kurkee3,قرقيع,قرقيع,True,14,5,10-19,0-9
daarab,ضارب,دارب,False,6,4,0-9,0-9
2in3ish,انعش,انعش,True,7,4,0-9,0-9
2inkawa,انكوى,انكوى,True,7,5,0-9,0-9
yitbaklash,يتبكلش,يتبكلش,True,10,6,10-19,0-9
yinrifi3,ينرفع,ينرفع,True,8,5,0-9,0-9
2ij3i,إجعي,اجعي,False,5,4,0-9,0-9
ka3aakiish,كعاكيش,كعاكيش,True,10,6,10-19,0-9
tuqtuq,طقطق,طقطق,True,6,4,0-9,0-9
raghghib,رغب,رغب,True,8,3,0-9,0-9
balakiin,بلاكين,بلكين,False,8,6,0-9,0-9
2it3abba,اتعبى,اتعبى,True,8,5,0-9,0-9
2iddashdash,تدشدش,اتدشدش,False,11,5,10-19,0-9
tamm,طم,طم,True,4,2,0-9,0-9
yighsib,يغصب,يغصب,True,7,4,0-9,0-9
7assan,حصن,حسن,False,6,3,0-9,0-9
2i7li,احلي,احلي,True,5,4,0-9,0-9
2ikhsha3,اخشع,اخشع,True,8,4,0-9,0-9
riish,ريش,ريش,True,5,3,0-9,0-9
laqqat,لقط,لقط,True,6,3,0-9,0-9
masaarwe,مصاروة,مساورة,False,8,6,0-9,0-9
duqme,دقمة,دقمة,True,5,4,0-9,0-9
yintili,ينطلي,ينطلي,True,7,5,0-9,0-9
dubb,ضب,دب,False,4,2,0-9,0-9
ysallik,يسلك,يسلك,True,7,4,0-9,0-9
sughra,صغرة,صغرة,True,6,4,0-9,0-9
t3allam,تعلم,تعلم,True,7,4,0-9,0-9
y2ajjil,يؤجل,يأجل,False,7,4,0-9,0-9
qatba,قتبا,قطبة,False,5,4,0-9,0-9
ta3uddud,تعدد,تعدود,False,8,4,0-9,0-9
shatir,شطر,شطر,True,6,3,0-9,0-9
mish maali 3een,مش مالي عين,مش مالي عين,True,15,11,10-19,10-19
yitfaqqah,يتفقه,يتفقه,True,9,5,0-9,0-9
nazle,نزلة,نزلة,True,5,4,0-9,0-9
wijho makhtuuf,وجهه مخطوف,وجههه مختف,False,14,10,10-19,10-19
ghanam,غنم,غنم,True,6,3,0-9,0-9
7assaale,حصالة,حصالة,True,8,5,0-9,0-9
2in7iraaf,إنحراف,انحراف,False,9,6,0-9,0-9
khilaaf,خلاف,خلاف,True,7,4,0-9,0-9
ta3biir,تعبير,تعبير,True,7,5,0-9,0-9
2i7zif,احذف,احذف,True,6,4,0-9,0-9
yitkhayyab,يتخيب,يتخيب,True,10,5,10-19,0-9
qulal,قلل,قلل,True,5,3,0-9,0-9
tawaariikh,تواريخ,تواريخ,True,10,6,10-19,0-9
yizram,يزرم,يزرم,True,6,4,0-9,0-9
mistandif,مستنظف,مستنظف,True,9,6,0-9,0-9
yoom 2itta7ne,يوم الطحنة,يوم الطحينة,False,13,10,10-19,10-19
2istalaqqa,استلقى,استلقى,True,10,6,10-19,0-9
2inkishi7,انكشح,انكشح,True,9,5,0-9,0-9
habu,هبو,هبو,True,4,3,0-9,0-9
2insimit,انسمط,انسمط,True,8,5,0-9,0-9
tlaa7am,تلاحم,تلاحم,True,7,5,0-9,0-9
3ajjaz,عجز,عجز,True,6,3,0-9,0-9
bazzaaze,بزازة,بزازة,True,8,5,0-9,0-9
khuusa,خوصة,خوصة,True,6,4,0-9,0-9
7raath,حراث,حراث,True,6,4,0-9,0-9
saayir mitil 2ilballoone,صاير مثل البلونة,صاير مثل الللللبونة,False,24,16,20-29,10-19
daani,داني,داني,True,5,4,0-9,0-9
2itfarraz,اتفرز,اتفرز,True,9,5,0-9,0-9
saabuune naabulsiyye,صابونة نابلسية,سابونة صايلية,False,20,14,20-29,10-19
twa33ad,توعد,توعد,True,7,4,0-9,0-9
3ataaya,عطايا,عطايا,True,7,5,0-9,0-9
yhabbit,يهبط,يهبط,True,7,4,0-9,0-9
yi3lin,يعلن,يعلن,True,6,4,0-9,0-9
yibqa,يبقى,يبقى,True,5,4,0-9,0-9
zayy 2ilbafte,زي البفتة,زي البطفة,False,13,9,10-19,0-9
subbaat,سباط,سبات,False,7,4,0-9,0-9
3aqlo byuuzin balad,عقله بيوزن بلد,عقل بيوزن بيده,False,19,14,10-19,10-19
karkar,كركر,كركر,True,6,4,0-9,0-9
yuntush,ينتش,ينطش,False,7,4,0-9,0-9
y7alqim,يحلقم,يحلقم,True,7,5,0-9,0-9
nuud,نود,نود,True,4,3,0-9,0-9
2awghaad,أوغاد,أوغاد,True,8,5,0-9,0-9
safliq,سفلق,سفلق,True,6,4,0-9,0-9
2irzuq,ارزق,ارزق,True,6,4,0-9,0-9
ybakhkhit,يبخت,يبخت,True,9,4,0-9,0-9
sakhkhif,سخف,سخف,True,8,3,0-9,0-9
zallam,ظلم,زلم,False,6,3,0-9,0-9
ta2khiir,تأخير,تأخير,True,8,5,0-9,0-9
yinfirij,ينفرج,ينفرج,True,8,5,0-9,0-9
yma77ir,يمحر,يمحر,True,7,4,0-9,0-9
silki,سلكي,سلكي,True,5,4,0-9,0-9
shaayit,شايط,شايط,True,7,4,0-9,0-9
2iddarwan,اتدرون,تدرون,False,9,6,0-9,0-9
yra77il,يرحل,يرحل,True,7,4,0-9,0-9
mujtama3,مجتمع,مجتمع,True,8,5,0-9,0-9
qusseeb,قصيب,قصيب,True,7,4,0-9,0-9
tsattar,تستر,تستر,True,7,4,0-9,0-9
yil7ash,يلحش,يلحش,True,7,4,0-9,0-9
3attin,عطن,عطن,True,6,3,0-9,0-9
2itsalbat,اتسلبط,اتسلبط,True,9,6,0-9,0-9
2irtibaak,ارتباك,ارتباك,True,9,6,0-9,0-9
tarmiish,ترميش,ترميش,True,8,5,0-9,0-9
kwaaz,كواز,كواز,True,5,4,0-9,0-9
yit7aama,يتحامى,يتحامى,True,8,6,0-9,0-9
t7azlat,تحزلط,تحزلط,True,7,5,0-9,0-9
bitaaqa,بطاقة,بطاقة,True,7,5,0-9,0-9
kalaakii3,كلاكيع,كلاكيع,True,9,6,0-9,0-9
labkha,لبخة,لبخة,True,6,4,0-9,0-9
2ilghaa2,إلغاء,الغاء,False,8,5,0-9,0-9
jawaari,جواري,جواري,True,7,5,0-9,0-9
siiniyye,صينية,سينية,False,8,5,0-9,0-9
2irtabat,ارتبط,ارتبط,True,8,5,0-9,0-9
2adyaan,أديان,أضيان,False,7,5,0-9,0-9
y3atris,يعترس,يعترس,True,7,5,0-9,0-9
2ushkur,اشكر,اشكر,True,7,4,0-9,0-9
mit7ammim,متحمم,متحمم,True,9,5,0-9,0-9
2ufqush,افقش,افقش,True,7,4,0-9,0-9
shafta,شفطة,شفطة,True,6,4,0-9,0-9
zargal,زرقل,زرقل,True,6,4,0-9,0-9
mikhti2,مخطئ,مخطئ,True,7,4,0-9,0-9
sabt,سبت,سبت,True,4,3,0-9,0-9
2itsanfar,اتسنفر,اتسنفر,True,9,6,0-9,0-9
kutur,كثر,كثر,True,5,3,0-9,0-9
7oolib,حولب,حولب,True,6,4,0-9,0-9
tsh3eetshli,كعيكلي,كعيكلة,False,11,6,10-19,0-9
seeba3a,صيبعة,سيبعة,False,7,5,0-9,0-9
takhalla,تخلى,تخلى,True,8,4,0-9,0-9
daftar khartuush,دفتر خرطوش,دفتر خرخس,False,16,10,10-19,10-19
7iffe,حفة,حفة,True,5,3,0-9,0-9
2itdjadhmar,اتجذمر,اتجذمر,True,11,6,10-19,0-9
2ajwide,أجودة,أجودة,True,7,5,0-9,0-9
2istaqar,استحقر,استقر,False,8,6,0-9,0-9
meetan,ميطن,ميطن,True,6,4,0-9,0-9
mitwaffi,متوفي,متوفي,True,8,5,0-9,0-9
yuufid,يوفد,يوفد,True,6,4,0-9,0-9
maa3indo diqin 2immashshatta,ماعنده ذقن ممشطة,ماعنده الشماتقين,False,28,16,20-29,10-19
ykhalli3,يخلع,يخلع,True,8,4,0-9,0-9
faqa,فقى,فقى,True,4,3,0-9,0-9
bdaa3a,بضاعة,بداعة,False,6,5,0-9,0-9
farjaaha 2il3ajab,فرجاها العجب,فرجاه العباب,False,17,12,10-19,10-19
musaab,مصاب,مصاب,True,6,4,0-9,0-9
tarbiq,طربق,طربق,True,6,4,0-9,0-9
yu7juz,يحجز,يحجز,True,6,4,0-9,0-9
2awwal 2irruqees 7adjalaan,أول الرقيص حجلان,أولال الرجرة ون وسقالحا,False,26,16,20-29,10-19
shakhbit,شخبط,شخبط,True,8,4,0-9,0-9
jaa7,جاح,جاح,True,4,3,0-9,0-9
faarid sidro,فارد صدره,فارد سره,False,12,9,10-19,0-9
2ibla3,ابلع,ابلع,True,6,4,0-9,0-9
2itkhalwa3,اتخلوع,اتخلوع,True,10,6,10-19,0-9
ymattin,يمتن,يمتن,True,7,4,0-9,0-9
dibs 2irrumaan,دبس الرمان,دبس الرمانا,False,14,10,10-19,10-19
2u2jar,اؤجر,أجر,False,6,4,0-9,0-9
suffaara,صفارة,سفارة,False,8,5,0-9,0-9
2asra,أسرى,أسرة,False,5,4,0-9,0-9
fajjar,فجر,فجر,True,6,3,0-9,0-9
ysammid,يسمد,يسمد,True,7,4,0-9,0-9
ysa3din,يسعدن,يسعدن,True,7,5,0-9,0-9
2itmankar,اتمنكر,اتمنكر,True,9,6,0-9,0-9
yitjannad,يتجند,يتجند,True,9,5,0-9,0-9
bitlitt wubti3jin,بتلت وبتعجن,بتلت وبتنجع,False,17,11,10-19,10-19
nshuuf wijih rabnaa,نشوف وجه ربنا,نشوف وجها برا,False,19,13,10-19,10-19
ta7ziir,تحذير,تحزير,False,7,5,0-9,0-9
yfarfit,يفرفط,يفرفط,True,7,5,0-9,0-9
2arbaa7,أرباح,أرباح,True,7,5,0-9,0-9
laa yifqah shii,لا يفقه شي,لا يفيق شي,False,15,10,10-19,10-19
fahlaqa,فهلقة,فهلقة,True,7,5,0-9,0-9
shahhad,شهد,شهد,True,7,3,0-9,0-9
2ukrush,اكرش,اكرش,True,7,4,0-9,0-9
2ilzam,الزم,الزم,True,6,4,0-9,0-9
yittaawaq,يتطاوق,يتطاوق,True,9,6,0-9,0-9
masruuf,مصروف,مصروف,True,7,5,0-9,0-9
ysaffih,يسفه,يصفه,False,7,4,0-9,0-9
yfattis,يفطس,يفطس,True,7,4,0-9,0-9
ghayraan,غيران,غيران,True,8,5,0-9,0-9
2itghashman,اتغشمن,اتغشمن,True,11,6,10-19,0-9
qitaali,قتالي,قتالي,True,7,5,0-9,0-9
yitraafa3,يترافع,يترافع,True,9,6,0-9,0-9
majjid,مجد,مجد,True,6,3,0-9,0-9
ydayyik,يديك,يديك,True,7,4,0-9,0-9
jalta,جلطة,جلطة,True,5,4,0-9,0-9
2itwaddad,اتودد,اتوضد,False,9,5,0-9,0-9
yitta33am,يتطعم,يتطعم,True,9,5,0-9,0-9
mka7miz,مقحمز,مقحمز,True,7,5,0-9,0-9
tafriiz,تفريز,تفريز,True,7,5,0-9,0-9
rimaal,رمال,رمال,True,6,4,0-9,0-9
2u7zur,احظر,احزر,False,6,4,0-9,0-9
7aqaa2iq,حقائق,حقائق,True,8,5,0-9,0-9
3eeb 3ashawaarbo,عيب عشواربه,عيبه عشروا,False,16,11,10-19,10-19
yqkgarri,يقري,يقرقر,False,8,4,0-9,0-9
salla3,صلع,سلع,False,6,3,0-9,0-9
2in7aqq,انحق,انحق,True,7,4,0-9,0-9
zaabil,زابل,زابل,True,6,4,0-9,0-9
jamrit 2ilmayy,جمرة المي,جمرة المي,True,14,9,10-19,0-9
2it7azzab,اتحزب,اتحذب,False,9,5,0-9,0-9
2asnaan,أسنان,أسنان,True,7,5,0-9,0-9
2akhta2,أخطأ,أخطأ,True,7,4,0-9,0-9
koom la7im,كوم لحم,كوم حمل,False,10,7,10-19,0-9
2isti3saam,استعصام,استعصام,True,10,7,10-19,0-9
ghimi,غمي,غيم,False,5,3,0-9,0-9
2a3shaash,أعشاش,أعشاش,True,9,5,0-9,0-9
7buub 2illuqaa7,حبوب اللقاح,حبو القاح,False,15,11,10-19,10-19
yjawwid,يجود,يجود,True,7,4,0-9,0-9
naqqi,نقي,نقي,True,5,3,0-9,0-9
2immardigh,ممردغ,امردغ,False,10,5,10-19,0-9
dana,ضنى,دنى,False,4,3,0-9,0-9
dbii7it 2il2asaas,ذبيحة الأساس,دبحة السا,False,17,12,10-19,10-19
faluuti,فلوتي,فلوطي,False,7,5,0-9,0-9
ykaabir,يكابر,يكابر,True,7,5,0-9,0-9
y7uus,يحوس,يحوص,False,5,4,0-9,0-9
2inkhataf,انخطف,انخطف,True,9,5,0-9,0-9
ta7wiish,تحويش,تحويش,True,8,5,0-9,0-9
ysattir,يستر,يسطر,False,7,4,0-9,0-9
yishfi,يشفي,يشفي,True,6,4,0-9,0-9
ka3bal,كعبل,كعبل,True,6,4,0-9,0-9
zarqa,زرقا,زرقة,False,5,4,0-9,0-9
subbaarit barake,صبارة بركة,سبارة بركة,False,16,10,10-19,10-19
sharrid,شرد,شرد,True,7,3,0-9,0-9
2it3aazam,اتعازم,اتعازم,True,9,6,0-9,0-9
y3idjdj,يعج,يعج,True,7,3,0-9,0-9
fsuus,فصوص,فصوص,True,5,4,0-9,0-9
2iqraar,إقرار,اقرار,False,7,5,0-9,0-9
khunfasa,خنفساء,خنفاص,False,8,6,0-9,0-9
mnawwir,منور,منور,True,7,4,0-9,0-9
tlawwaq,تلوق,تلوق,True,7,4,0-9,0-9
saa7a,ساحة,صاحة,False,5,4,0-9,0-9
makhbaz,مخبز,مخبز,True,7,4,0-9,0-9
yitkashshaf,يتكشف,يتكشف,True,11,5,10-19,0-9
yijhar,يجهر,يجهر,True,6,4,0-9,0-9
ghaabe,غابة,غابة,True,6,4,0-9,0-9
2islaa7i,إصلاحي,اسلاحي,False,8,6,0-9,0-9
ysarkit,يسرقط,يسرقط,True,7,5,0-9,0-9
haadi,هاذي,هادي,False,5,4,0-9,0-9
2istajaar,استجار,استجار,True,9,6,0-9,0-9
rdaan,ردان,ردان,True,5,4,0-9,0-9
2is2al mjarrib wala tis2al khabiir,اسأل مجرب ولا تسأل خبير,الأصلم جرب ولا ا ابيتسأرك,False,34,23,30-39,20-29
2iflam,افلم,افلم,True,6,4,0-9,0-9
2itfannash,اتفنش,اتفنش,True,10,5,10-19,0-9
2inshakhal,انشخل,انشخل,True,10,5,10-19,0-9
danqir,دنقر,دنقر,True,6,4,0-9,0-9
yistaysir,يستيسر,يستسير,False,9,6,0-9,0-9
ytaqtiq,يطقطق,يطقطق,True,7,5,0-9,0-9
yzawwi3,يزوع,يزوع,True,7,4,0-9,0-9
2imsakh,امسخ,امسخ,True,7,4,0-9,0-9
maakil,ماكل,ماكل,True,6,4,0-9,0-9
2aqlam,أقلم,أقلم,True,6,4,0-9,0-9
dabaabiir,دبابير,دبابير,True,9,6,0-9,0-9
kalaamo byitthaqqal bidhdhahab,كلامه بيتثقل بالذهب,كلامه بتهب قدها لذهب,False,30,19,30-39,10-19
2atrab,أطرب,أطرب,True,6,4,0-9,0-9
3aqil,عقل,عقل,True,5,3,0-9,0-9
3iish,عيش,عيش,True,5,3,0-9,0-9
7oose,حوسة,حوصة,False,5,4,0-9,0-9
b7ood na3na3,بحوض نعنع,بحدنه عنه,False,12,9,10-19,0-9
y3aaqib,يعاقب,يعاقب,True,7,5,0-9,0-9
jildit raaso khmiile,جلدة راسه خميلة,جلدة راسه خميلة,True,20,15,20-29,10-19
bitqallab biqabro,بتقلب بقبره,بتقلب بي بقبره,False,17,11,10-19,10-19
khansar,خنصر,خنصر,True,7,4,0-9,0-9
liss,لس,لس,True,4,2,0-9,0-9
baraa2a,براءة,براءة,True,7,5,0-9,0-9
3eeno mish 2immalla7a,عينه مش مملحة,عينه مش الحمام,False,21,13,20-29,10-19
fayya3,فيع,فيع,True,6,3,0-9,0-9
3aajin,عاجن,عاجن,True,6,4,0-9,0-9
7atto ta7it baato,حطه تحت باطه,حط طوطب,False,17,12,10-19,10-19
2iddaawa,تداوى,تداوى,True,8,5,0-9,0-9
tajyiir,تجيير,تجييير,False,7,5,0-9,0-9
y7as7is,يحسحس,يحصحص,False,7,5,0-9,0-9
2inla7am,انلحم,انلحم,True,8,5,0-9,0-9
masaayib,مصايب,مسايب,False,8,5,0-9,0-9
2infi,انفي,انفي,True,5,4,0-9,0-9
masaakhiit,مساخيط,مساخيط,True,10,6,10-19,0-9
3azzam 2allaa 2ajrakum,عظم الله أجركم,عزم ألجمرة,False,22,14,20-29,10-19
2a7ibba,أحبة,أحباب,False,7,4,0-9,0-9
2albaan,ألبان,ألبان,True,7,5,0-9,0-9
2ifrid wijhak,افرد وجهك,افرد وجهك,True,13,9,10-19,0-9
nahadj,نهج,نهج,True,6,3,0-9,0-9
2i3tiq,اعتق,اعتق,True,6,4,0-9,0-9
2adgham,أدغم,أدغم,True,7,4,0-9,0-9
maani3,مانع,مانع,True,6,4,0-9,0-9
y2aayis,يآيس,يآيس,True,7,4,0-9,0-9
2itqaatal,اتقاتل,اتقاطل,False,9,6,0-9,0-9
qaswal,قصول,قصول,True,6,4,0-9,0-9
tghazzaz,تغزز,تغذى,False,8,4,0-9,0-9
rushte,رشتة,رشتة,True,6,4,0-9,0-9
yrassib,يرسب,يرصب,False,7,4,0-9,0-9
sduur,سدور,صدور,False,5,4,0-9,0-9
7iil,حيل,حيل,True,4,3,0-9,0-9
qarqid,قرقض,قرقض,True,6,4,0-9,0-9
3abatsh,عبك,عبك,True,7,3,0-9,0-9
thanaa2,ثناء,تهناء,False,7,4,0-9,0-9
da33if,ضعف,دعف,False,6,3,0-9,0-9
2i7tifil,احتفل,احتفل,True,8,5,0-9,0-9
sakaasiik,سكاسيك,سكاسيك,True,9,6,0-9,0-9
nakhkhakh,نخخ,نخخ,True,9,3,0-9,0-9
taqyiim,تقييم,تقييم,True,7,5,0-9,0-9
ghala,غلى,غلى,True,5,3,0-9,0-9
traasal,تراسل,تراصل,False,7,5,0-9,0-9
2istaltif,استلطف,استلطف,True,9,6,0-9,0-9
la7la7,لحلح,لحلح,True,6,4,0-9,0-9
y3allik,يعلك,يعلك,True,7,4,0-9,0-9
2infiri,انفري,انفري,True,7,5,0-9,0-9
ybaltik,يبلطق,يبلطك,False,7,5,0-9,0-9
2insaab,انصاب,انساب,False,7,5,0-9,0-9
min waraak,من وراك,من ورك,False,10,7,10-19,0-9
2istaqtil,استقتل,استقتل,True,9,6,0-9,0-9
laaghi,لاغي,لاغي,True,6,4,0-9,0-9
yitwa33ak,يتوعك,يتوعك,True,9,5,0-9,0-9
2ammil,أمل,أمل,True,6,3,0-9,0-9
msaayase,مسايسة,مسايسة,True,8,6,0-9,0-9
qamle,قملة,قملة,True,5,4,0-9,0-9
sa7be,سحبة,صحبة,False,5,4,0-9,0-9
minkhaar,منخار,منخار,True,8,5,0-9,0-9
jarad,جرد,جرد,True,5,3,0-9,0-9
2itwaaqa,اتواقى,اتواقى,True,8,6,0-9,0-9
3ayyi,عيي,عيي,True,5,3,0-9,0-9
yjaawil,يجاول,يجاول,True,7,5,0-9,0-9
3umde,عمدة,عمدة,True,5,4,0-9,0-9
yitsharra,يتشرى,يتشرى,True,9,5,0-9,0-9
2amsile,أمثلة,أمصلة,False,7,5,0-9,0-9
2ulquf,القف,القف,True,6,4,0-9,0-9
2alze,قلزة,ألزة,False,5,4,0-9,0-9
kaffuu 2iido,كفوا إيده,كفو إيده,False,12,9,10-19,0-9
2i7mid rabbak,احمد ربك,احمض برك,False,13,8,10-19,0-9
y3ashshiq,يعشق,يعشق,True,9,4,0-9,0-9
fayyal,فيل,فيل,True,6,3,0-9,0-9
yaa qawm,يا قوم,يا قوم,True,8,6,0-9,0-9
bara,برى,برى,True,4,3,0-9,0-9
kartuun,كرتون,كرتون,True,7,5,0-9,0-9
deef tqiil,ضيف ثقيل,ذيف ثقلة,False,10,8,10-19,0-9
ykarmish,يكرمش,يكرمش,True,8,5,0-9,0-9
sakat,سكت,سكت,True,5,3,0-9,0-9
lamaz,لمز,لمز,True,5,3,0-9,0-9
makmuur,مكمور,مكمور,True,7,5,0-9,0-9
farfid,فرفد,فرفد,True,6,4,0-9,0-9
2intabaq,انطبق,انطبق,True,8,5,0-9,0-9
3abat,عبط,عبط,True,5,3,0-9,0-9
2ifqah,افقه,افقه,True,6,4,0-9,0-9
yitlakhkhas,يتلخص,يتلخص,True,11,5,10-19,0-9
mughlaq,مغلق,مغلق,True,7,4,0-9,0-9
batti2,بطئ,بطئ,True,6,3,0-9,0-9
yirtikiz,يرتكز,يرتكز,True,8,5,0-9,0-9
7iwi,حوي,حوي,True,4,3,0-9,0-9
ysawwir,يصور,يسور,False,7,4,0-9,0-9
fahliq,فهلق,فهلق,True,6,4,0-9,0-9
7imlat,حملت,حملط,False,6,4,0-9,0-9
7an7in,حنحن,حنحن,True,6,4,0-9,0-9
qaraatiif,قراطيف,قراطيف,True,9,6,0-9,0-9
daada,دادى,دادى,True,5,4,0-9,0-9
fawdawi,فوضوي,فوضوي,True,7,5,0-9,0-9
madfuus,مدفوس,مدفوس,True,7,5,0-9,0-9
fassa7,فصح,فصح,True,6,3,0-9,0-9
yrutt,يرط,يرط,True,5,3,0-9,0-9
2istighlaali,استغلالي,استغلالي,True,12,8,10-19,0-9
2itghaddab,اتغضب,اتغضب,True,10,5,10-19,0-9
mqarbit,مقربط,مقربط,True,7,5,0-9,0-9
2utmus,اطمس,اطمس,True,6,4,0-9,0-9
mbarjil,مبرجل,مبرجل,True,7,5,0-9,0-9
ykawwin,يكون,يكون,True,7,4,0-9,0-9
ybarris,يبرص,يبرص,True,7,4,0-9,0-9
ghayaar,غيار,غيار,True,7,4,0-9,0-9
yirda3,يرضع,يردع,False,6,4,0-9,0-9
ynaqqil,ينقل,ينقل,True,7,4,0-9,0-9
tfannash,تفنش,تفنش,True,8,4,0-9,0-9
ygharbil,يغربل,يغربل,True,8,5,0-9,0-9
yinkhimi3,ينخمع,ينخمع,True,9,5,0-9,0-9
7arkashe,حركشة,حركشة,True,8,5,0-9,0-9
2ahtar,أهتر,أهتر,True,6,4,0-9,0-9
taslii7,تصليح,تسليح,False,7,5,0-9,0-9
2ajmal,أجمل,أجمل,True,6,4,0-9,0-9
qarfis,قرفص,قرفص,True,6,4,0-9,0-9
m2aanase,مآنسة,مآنسة,True,8,5,0-9,0-9
ysaadif,يصادف,يصادف,True,7,5,0-9,0-9
slaa7,سلاح,سلاح,True,5,4,0-9,0-9
faadi 2ilbaal,فاضي البال,فاضي البل,False,13,10,10-19,10-19
mboodjir,مبوجر,مبوجر,True,8,5,0-9,0-9
rassit snaan,رصة سنان,رسة سنان,False,12,8,10-19,0-9
tgharrab,تغرب,تغرب,True,8,4,0-9,0-9
mataa3iis,متاعيس,متاعيس,True,9,6,0-9,0-9
t7azzam,تحزم,تحزم,True,7,4,0-9,0-9
3adhrat,عظرت,عظرت,True,7,4,0-9,0-9
hadim,هدم,هضم,False,5,3,0-9,0-9
2itkhaddar,اتخدر,اتخدر,True,10,5,10-19,0-9
faghim,فغم,فغم,True,6,3,0-9,0-9
7ajar 2il3een,حجر العين,حجر العين,True,13,9,10-19,0-9
tadjdje,طجة,تجة,False,7,3,0-9,0-9
3akfe,عكفة,عكفة,True,5,4,0-9,0-9
ydujj,يضج,يضج,True,5,3,0-9,0-9
dhaabi7,ظابح,ذابح,False,7,4,0-9,0-9
lattan,لتن,لتن,True,6,3,0-9,0-9
yfanjir,يفنجر,يفنجر,True,7,5,0-9,0-9
warris,ورث,ورث,True,6,3,0-9,0-9
minkhirit,منخرط,منخرط,True,9,5,0-9,0-9
2akal 7aqqo,أكل حقه,أكل حقه,True,11,7,10-19,0-9
raffah,رفه,رفه,True,6,3,0-9,0-9
yitkassaf,يتكثف,يتكثف,True,9,5,0-9,0-9
qa7qi7ka7ki7,قحقح,قحقح,True,12,4,10-19,0-9
sunduuq 2iseesam,صندوق السيسم,صندوق السما,False,16,12,10-19,10-19
taqqilta22ilthaggil,ثقل,تقلقث,False,19,3,10-19,0-9
3aqar,عقر,عقر,True,5,3,0-9,0-9
2akal maqlab,أكل مقلب,أكل مقلب,True,12,8,10-19,0-9
2irghi,ارغي,ارغي,True,6,4,0-9,0-9
2idmaan,إدمان,اتضمان,False,7,5,0-9,0-9
shurta,شرطة,شرطة,True,6,4,0-9,0-9
fi33,فع,فع,True,4,2,0-9,0-9
yqalqil,يقلقل,يقلقل,True,7,5,0-9,0-9
tma77ak,تمحك,تمحك,True,7,4,0-9,0-9
tla77af,تلحف,تلحف,True,7,4,0-9,0-9
liblib,لبلب,لبلب,True,6,4,0-9,0-9
koot,كوت,كوت,True,4,3,0-9,0-9
nahnih,نهنه,نهنه,True,6,4,0-9,0-9
yzarri3,يزرع,يزرع,True,7,4,0-9,0-9
7unneerak wiljaaje tunqur 3eenak,حنيرك والجاجة تنقر عينك,حنير وكا عجرين,False,32,23,30-39,20-29
3aknan,عكنن,عكننن,False,6,4,0-9,0-9
2itma3mal,اتمعمل,اتمعمل,True,9,6,0-9,0-9
yqkgaddid,يقدد,يقدد,True,9,4,0-9,0-9
2indabb,انضب,انضب,True,7,4,0-9,0-9
jassas,جصص,جسس,False,6,3,0-9,0-9
yistahtir,يستهتر,يستهتر,True,9,6,0-9,0-9
tlaffaz,تلفظ,تلفظ,True,7,4,0-9,0-9
7aajib,حاجب,حاجب,True,6,4,0-9,0-9
yitdja33am,يتجعم,يتجعم,True,10,5,10-19,0-9
2istak7il,استكحل,استكحل,True,9,6,0-9,0-9
reet,ريت,ريت,True,4,3,0-9,0-9
7annat,حنط,حنط,True,6,3,0-9,0-9
taarad,طارد,طارد,True,6,4,0-9,0-9
yitbakhtar,يتبختر,يتبختر,True,10,6,10-19,0-9
mfarwil,مفرول,مفرول,True,7,5,0-9,0-9
qamil,قمل,قمل,True,5,3,0-9,0-9
mamaasi7,مماسح,ممماسح,False,8,5,0-9,0-9
mistantiq,مستنطق,مستنطق,True,9,6,0-9,0-9
laza3,لزع,لزع,True,5,3,0-9,0-9
tjaawab,تجاوب,تجاوب,True,7,5,0-9,0-9
mashwir,مشور,مشور,True,7,4,0-9,0-9
dikke,دكة,دكة,True,5,3,0-9,0-9
dammayye,دماية,دمية,False,8,5,0-9,0-9
faq3at ma3i,فقعت معي,فقعت معي,True,11,8,10-19,0-9
tarras,ترس,ترس,True,6,3,0-9,0-9
nammuura,نمورة,نمورة,True,8,5,0-9,0-9
mhargal,مهرجل,مهرجل,True,7,5,0-9,0-9
kurat salle,كرة سلة,كرت صلة,False,11,7,10-19,0-9
fitir,فطر,فتر,False,5,3,0-9,0-9
kashshif,كشف,كشف,True,8,3,0-9,0-9
kizbi,كذبي,كذب,False,5,4,0-9,0-9
yinmisik,ينمسك,ينمسك,True,8,5,0-9,0-9
mumtaaz,ممتاز,مممضطاز,False,7,5,0-9,0-9
wall,ول,ول,True,4,2,0-9,0-9
skhuul,سخول,سخل,False,6,4,0-9,0-9
nidim,ندم,ندم,True,5,3,0-9,0-9
2itsadda7,اتسدح,اتصدح,False,9,5,0-9,0-9
2idfa,ادفا,ادفى,False,5,4,0-9,0-9
tla3ban,تلعبن,تلعبن,True,7,5,0-9,0-9
3utqi,عتقي,عتقي,True,5,4,0-9,0-9
ruzz khabaabiis,رز خبابيص,رذيك بهاسي,False,15,9,10-19,0-9
sikhi,سخي,سخي,True,5,3,0-9,0-9
2ijdib,اجدب,اجدب,True,6,4,0-9,0-9
ba3it,بعث,بعط,False,5,3,0-9,0-9
yista3rid,يستعرض,يستعرض,True,9,6,0-9,0-9
khallaat,خلاط,خلاط,True,8,4,0-9,0-9
2as3ab,أصعب,أسعب,False,6,4,0-9,0-9
middooli2,متدولق,متدولق,True,9,6,0-9,0-9
2im3as,امعص,امعص,True,6,4,0-9,0-9
sawaatiir,سواطير,سواطير,True,9,6,0-9,0-9
tanna,ثنى,طنى,False,5,3,0-9,0-9
yu3tus,يعطس,يعطس,True,6,4,0-9,0-9
t7adda,تحدى,تحدى,True,6,4,0-9,0-9
yikhsha3,يخشع,يخشع,True,8,4,0-9,0-9
ysaari3,يصارع,يصارع,True,7,5,0-9,0-9
masil,مصل,مصل,True,5,3,0-9,0-9
baarid,بارد,بارد,True,6,4,0-9,0-9
daashi3 mush qaashi3,داشع مش قاشع,داش عمشقة,False,20,12,20-29,10-19
qattir,قتر,قطر,False,6,3,0-9,0-9
brisht,برشت,برشط,False,6,4,0-9,0-9
7issas,حصص,حسس,False,6,3,0-9,0-9
khamiis,خميس,خميص,False,7,4,0-9,0-9
2ihbid,اهبد,اهبد,True,6,4,0-9,0-9
qalli3,قلع,قلع,True,6,3,0-9,0-9
kibriite,كبريتة,كبريتة,True,8,6,0-9,0-9
tlaqqa,تلقى,تلقى,True,6,4,0-9,0-9
3asalaamto,عسلامته,عصلامته,False,10,7,10-19,0-9
msansin,مصنصن,مسنسن,False,7,5,0-9,0-9
ykhammis,يخمس,يخمس,True,8,4,0-9,0-9
yit3ayyad,يتعيد,يتعيد,True,9,5,0-9,0-9
2aflaam kartuun,أفلام كرتون,أفلامك مرون,False,15,11,10-19,10-19
mtarriz,مطرز,مطرز,True,7,4,0-9,0-9
sifir,صفر,سفر,False,5,3,0-9,0-9
muruur 2ilkiraam,مرور الكرام,مرور الكرام,True,16,11,10-19,10-19
2ilwalad 2il3aatil biksir 2ilkhaatir,الولد العاطل بيكسر الخاطر,اله لدا وطرشك بالعك,False,36,25,30-39,20-29
7ayyir,حير,حير,True,6,3,0-9,0-9
yitsharba7,يتشربح,يتشربح,True,10,6,10-19,0-9
2itjallakh,اتجلخ,اتجلخ,True,10,5,10-19,0-9
nool,نول,نول,True,4,3,0-9,0-9
yitbakhkhas,يتبخس,يتبخس,True,11,5,10-19,0-9
2istaghill,استغل,استغل,True,10,5,10-19,0-9
yghiff,يغف,يغف,True,6,3,0-9,0-9
tamtam,تمتم,تمتم,True,6,4,0-9,0-9
mu3aarid,معارض,معارض,True,8,5,0-9,0-9
ysaawi,يساوي,يساوي,True,6,5,0-9,0-9
3akeef kayyuufak,عكيف كيوفك,عكفوف يكايفي,False,16,10,10-19,10-19
booba3,بوبع,بوبع,True,6,4,0-9,0-9
tashrii3i,تشريعي,تشريع,False,9,6,0-9,0-9
muhje,مهجة,مهجة,True,5,4,0-9,0-9
jyaab,جياب,جياب,True,5,4,0-9,0-9
yunzur,ينظر,ينظر,True,6,4,0-9,0-9
tnaffaz,تنفذ,تنفذ,True,7,4,0-9,0-9
furun,فرن,فرن,True,5,3,0-9,0-9
yilmis,يلمس,يلمس,True,6,4,0-9,0-9
2itwazzam,اتوزم,اتوزم,True,9,5,0-9,0-9
2irtizi,ارتزي,ارتزي,True,7,5,0-9,0-9
mas7uub min lsaano,مسحوب من لسانه,مسحوب مناسه,False,18,14,10-19,10-19
nuul,نول,نول,True,4,3,0-9,0-9
sarsari,سرسري,صرصري,False,7,5,0-9,0-9
2infiraad,انفراد,انفراد,True,9,6,0-9,0-9
2itqanna3,اتقنع,اتقنع,True,9,5,0-9,0-9
2istaradd,استرد,استرد,True,9,5,0-9,0-9
talbat ruu7o 2iljanne,طلبت روحه الجنة,طلبت روحه الجنة,True,21,15,20-29,10-19
7ummusaaye,حمصاية,حموصاية,False,10,6,10-19,0-9
zabaayin,زباين,زباين,True,8,5,0-9,0-9
banna,بنى,بنى,True,5,3,0-9,0-9
jaab wu7att,جاب وحط,جاب وحط,True,11,7,10-19,0-9
qarrit,قرط,قرط,True,6,3,0-9,0-9
faar,فار,فار,True,4,3,0-9,0-9
3afikra,عفكرة,عفكرة,True,7,5,0-9,0-9
dabaabiis,دبابيس,دبابيس,True,9,6,0-9,0-9
yinrajj,ينرج,ينرج,True,7,4,0-9,0-9
2itmalyat,اتمليط,اتمليط,True,9,6,0-9,0-9
2a3jab,أعجب,أعجب,True,6,4,0-9,0-9
yista7sin,يستحسن,يستحسن,True,9,6,0-9,0-9
mizmaar,مزمار,مزمار,True,7,5,0-9,0-9
lsaanak maa yijiish 3alsaani,لسانك مايجيش علساني,لسانك مكيع يلسان جين,False,28,19,20-29,10-19
bi7aar,بحار,بحار,True,6,4,0-9,0-9
yitwikis,يتوكس,يتوكس,True,8,5,0-9,0-9
2ukht rjaal,أخت رجال,أخطر جل,False,11,8,10-19,0-9
shayyil,شيل,شيل,True,7,3,0-9,0-9
tarrad,طرد,ترض,False,6,3,0-9,0-9
2inrasad,انرصد,انرصد,True,8,5,0-9,0-9
yitdja3mas,يتجعمص,يتجعمص,True,10,6,10-19,0-9
2istakhrij,استخرج,استخرج,True,10,6,10-19,0-9
y2antik,يأنتك,يأنتك,True,7,5,0-9,0-9
2istafdhi3,استفظع,استفظع,True,10,6,10-19,0-9
thattal,تهطل,تهطل,True,7,4,0-9,0-9
kashif,كشف,كشف,True,6,3,0-9,0-9
2a3sar,أعسر,أعصر,False,6,4,0-9,0-9
2ibin 2ilma7zuuza,ابن المحظوظة,ابن الحامز,False,17,12,10-19,10-19
yirba7,يربح,يربح,True,6,4,0-9,0-9
y2addi,يؤدي,يؤدي,True,6,4,0-9,0-9
baalak,بالك,بالك,True,6,4,0-9,0-9
2asiir,أسير,أسير,True,6,4,0-9,0-9
tnaghghas,تنغص,تنغص,True,9,4,0-9,0-9
djabashe,جبشة,جابشة,False,8,4,0-9,0-9
tuwash,طوش,طوش,True,6,3,0-9,0-9
wasiyye,وصية,وصية,True,7,4,0-9,0-9
hazza2,هزأ,هزأ,True,6,3,0-9,0-9
ydubb,يضب,يضب,True,5,3,0-9,0-9
tanaabiiz,طنابيز,تنابيز,False,9,6,0-9,0-9
khalak,خلق,خلق,True,6,3,0-9,0-9
2istidraar,استدرار,استدرار,True,10,7,10-19,0-9
2istalaz,استلذ,استلذ,True,8,5,0-9,0-9
mazat,مزط,مزط,True,5,3,0-9,0-9
yit7azwat,يتحزوط,يتحزوط,True,9,6,0-9,0-9
haajid,هاجد,هاجد,True,6,4,0-9,0-9
minshafe,منشفة,منشفة,True,8,5,0-9,0-9
yi3zil,يعزل,يعزل,True,6,4,0-9,0-9
2it7aasha,اتحاشى,اتحاشى,True,9,6,0-9,0-9
roo7a bala raj3a,روحة بلا رجعة,روحه بالعرجة,False,16,13,10-19,10-19
dabaayi2,دبايق,دبايئ,False,8,5,0-9,0-9
jabbal,جبل,جبل,True,6,3,0-9,0-9
ysanfir,يسنفر,يصنفر,False,7,5,0-9,0-9
t7awwaj,تحوج,تحوج,True,7,4,0-9,0-9
siigha,صيغة,سيغة,False,6,4,0-9,0-9
3ushub,عشب,عشب,True,6,3,0-9,0-9
2itjahhaz,اتجهز,اتجهز,True,9,5,0-9,0-9
jawwaf,جوف,جوف,True,6,3,0-9,0-9
3aniif,عنيف,عنيف,True,6,4,0-9,0-9
waa3i,واعي,واعي,True,5,4,0-9,0-9
farad,فرد,فرد,True,5,3,0-9,0-9
tja3las,تجعلص,تجعلص,True,7,5,0-9,0-9
ghudde,غدة,غدة,True,6,3,0-9,0-9
ykibb,يكب,يكب,True,5,3,0-9,0-9
faqa 2iddumale,فقى الدملة,فقاد الدمة,False,14,10,10-19,10-19
yaa daakhil been 2ilbasale wuqishritha maa ynuubak gheer rii7itha,يا داخل بين البصلة وقشرتها ماينوبك غير ريحتها,يا دخر باللللللحيا ميا وقرا صبة منايايا صيايايا بقرة وغرايرة,False,65,45,60-69,40-49
layyin,لين,لين,True,6,3,0-9,0-9
2itruk,اترك,اترك,True,6,4,0-9,0-9
nashshaf riiqi,نشف ريقي,نشف ريق,False,14,8,10-19,0-9
tghirbil,تغربل,تغربل,True,8,5,0-9,0-9
taffal,تفل,تفل,True,6,3,0-9,0-9
balal,بلل,بلل,True,5,3,0-9,0-9
yitshayyakh,يتشيخ,يتشيخ,True,11,5,10-19,0-9
ybawwish,يبوش,يبوش,True,8,4,0-9,0-9
yit7arram,يتحرم,يتحرم,True,9,5,0-9,0-9
hashsham,هشم,هشم,True,8,3,0-9,0-9
su2aal,سؤال,سؤال,True,6,4,0-9,0-9
yimtass,يمتص,يمتس,False,7,4,0-9,0-9
2abu mizraaqk,أبو مزراق,أبو مزرقة,False,13,9,10-19,0-9
jildo bi7ukko,جلده بيحكه,جلد بحكي,False,13,10,10-19,10-19
tjannan,تجنن,تجنن,True,7,4,0-9,0-9
burus,برص,برص,True,5,3,0-9,0-9
shidfaawi,شدفاوي,شدفاوي,True,9,6,0-9,0-9
tkhaazal,تخاذل,تخاذل,True,8,5,0-9,0-9
7ayaaya,حيايا,حياية,False,7,5,0-9,0-9
tmawwal,تمول,تمول,True,7,4,0-9,0-9
yi3ni,يعني,يعني,True,5,4,0-9,0-9
naqad,نقض,نقض,True,5,3,0-9,0-9
bi7ki labalad,بيحكي لبلد,بحكل بالضة,False,13,10,10-19,10-19
murii7,مريح,مريح,True,6,4,0-9,0-9
tashwiish,تشويش,تشويش,True,9,5,0-9,0-9
qafar,قفر,قفر,True,5,3,0-9,0-9
yitnazzam,يتنظم,يتنظم,True,9,5,0-9,0-9
saabuun 2iljali,صابون الجلي,سابون الجال,False,15,11,10-19,10-19
ni7if,نحف,نحف,True,5,3,0-9,0-9
2in3ikis,انعكس,انعكس,True,8,5,0-9,0-9
ghaawye,غاوية,غاوية,True,7,5,0-9,0-9
khilis,خلص,خلص,True,6,3,0-9,0-9
khala3,خلع,خلع,True,6,3,0-9,0-9
yba3qish,يبعقش,يبعقش,True,8,5,0-9,0-9
qalam rasaas,قلم رصاص,قلمارة سا,False,12,8,10-19,0-9
faatin,فاطن,فاتن,False,6,4,0-9,0-9
yit7assas,يتحسس,يتحسس,True,9,5,0-9,0-9
ytaftif,يطفطف,يطفطف,True,7,5,0-9,0-9
2issawa 3al3ada,السوا عالعدا,اسسسواع دع,False,15,12,10-19,10-19
ydibb,يدب,يضب,False,5,3,0-9,0-9
ytushsh,يطش,يطش,True,7,3,0-9,0-9
ba3deen,بعدين,بعدين,True,7,5,0-9,0-9
ta3ta3,تعتع,طعطع,False,6,4,0-9,0-9
raqa3,رقع,رقع,True,5,3,0-9,0-9
najjis,نجس,نجس,True,6,3,0-9,0-9
7alyaan,حليان,حليان,True,7,5,0-9,0-9
tarbas,تربس,تربص,False,6,4,0-9,0-9
kreek,كريك,كريك,True,5,4,0-9,0-9
tshaghnaf,تشغنف,تشغنف,True,9,5,0-9,0-9
yit3ammad,يتعمد,يتعمد,True,9,5,0-9,0-9
lata3,لطع,لطع,True,5,3,0-9,0-9
2iqk3ash,اقعش,اقعش,True,8,4,0-9,0-9
faram,فرم,فرم,True,5,3,0-9,0-9
shakhsan,شخصن,شخصن,True,8,4,0-9,0-9
yfallil,يفلل,يفلل,True,7,4,0-9,0-9
2izan,إذا,إذن,False,5,3,0-9,0-9
bannaq,بنق,بنق,True,6,3,0-9,0-9
2mqalqiz,مقلقز,مقلقز,True,8,5,0-9,0-9
2izhaq,ازهق,ازهق,True,6,4,0-9,0-9
yhanni,يهني,يهني,True,6,4,0-9,0-9
mu7bat,محبط,محبط,True,6,4,0-9,0-9
2ighwaa2,إغواء,اغوى,False,8,5,0-9,0-9
kaarizma,كاريزما,كارزمة,False,8,7,0-9,0-9
mightaas,مغطاس,مغتاس,False,8,5,0-9,0-9
2inkhizil,انخذل,انخزل,False,9,5,0-9,0-9
2inqirim,انقرم,انقرم,True,8,5,0-9,0-9
bakhkhaakh,بخاخ,بخة,False,10,4,10-19,0-9
mattar,متر,مطر,False,6,3,0-9,0-9
ka3aakil,كعاكل,كعاكل,True,8,5,0-9,0-9
laswa3,لسوع,لسوع,True,6,4,0-9,0-9
2isti3taaf,استعطاف,استعطاف,True,10,7,10-19,0-9
batno kbiir,بطنه كبير,بطن كبره,False,11,9,10-19,0-9
yfahhi,يفهي,يفهي,True,6,4,0-9,0-9
qattit,قتت,قطط,False,6,3,0-9,0-9
dalaayli,ضلايلي,دلايل,False,8,6,0-9,0-9
thammar,ثمر,تهمر,False,7,3,0-9,0-9
na77if,نحف,نحف,True,6,3,0-9,0-9
ylaghwis,يلغوص,يلغوص,True,8,5,0-9,0-9
khutta,خطة,خططة,False,6,3,0-9,0-9
2iir,إير,إير,True,4,3,0-9,0-9
2ilmalaafiz sa3id,الملافظ سعد,الملاف زاعصدي,False,17,11,10-19,10-19
harbaje,هربجة,هربجة,True,7,5,0-9,0-9
nahad,نهض,نهد,False,5,3,0-9,0-9
yjarris,يجرس,يجرس,True,7,4,0-9,0-9
tmadmad,تمضمض,تمضمض,True,7,5,0-9,0-9
2in7aram,انحرم,انحرم,True,8,5,0-9,0-9
2ighaathe,إغاثة,إغاثة,True,9,5,0-9,0-9
ydaaqish,يداقش,يداقش,True,8,5,0-9,0-9
mikyaal,مكيال,مكيال,True,7,5,0-9,0-9
7ambit,حنبط,حنبط,True,6,4,0-9,0-9
birwaaz,برواز,برواز,True,7,5,0-9,0-9
nataa2ij,نتائج,نتاجئ,False,8,5,0-9,0-9
faa2id,فائض,فائد,False,6,4,0-9,0-9
ghayyir,غير,غير,True,7,3,0-9,0-9
yitshaghnaf,يتشغنف,يتشغنف,True,11,6,10-19,0-9
dhubbeel,ذبيل,ذبيل,True,8,4,0-9,0-9
yka77it,يكحت,يكحت,True,7,4,0-9,0-9
yitra7,يطرح,يطرح,True,6,4,0-9,0-9
yighma,يغمى,يغمى,True,6,4,0-9,0-9
wakbar,وكبر,وكبر,True,6,4,0-9,0-9
mjarrab,مجرب,مجرب,True,7,4,0-9,0-9
yitmankar,يتمنكر,يتمنكر,True,9,6,0-9,0-9
ma2lase,مقلسة,مقلسة,True,7,5,0-9,0-9
been,بين,بين,True,4,3,0-9,0-9
fawaakhiir,فواخير,فواخير,True,10,6,10-19,0-9
ylazliz,يلظلظ,يلذلظ,False,7,5,0-9,0-9
2idhak,ادهك,ادهك,True,6,4,0-9,0-9
tshankhar,تشنخر,تشنخر,True,9,5,0-9,0-9
twassal,توصل,توصل,True,7,4,0-9,0-9
baa3it,باعث,باعط,False,6,4,0-9,0-9
7alab,حلب,حلب,True,5,3,0-9,0-9
yshaabit,يشابط,يشابط,True,8,5,0-9,0-9
mataariiq,مطاريق,مطاريق,True,9,6,0-9,0-9
2istafrad,استفرد,استفرد,True,9,6,0-9,0-9
flaa7a,فلاحة,فلاحة,True,6,5,0-9,0-9
far7a,فرحة,فرحة,True,5,4,0-9,0-9
maghsuub,مغصوب,مغصوب,True,8,5,0-9,0-9
2uzuunaat,أذونات,اوزنات,False,9,6,0-9,0-9
tqammat,تقمط,تقمط,True,7,4,0-9,0-9
m7awwid,محود,محود,True,7,4,0-9,0-9
wajad,وجد,وجد,True,5,3,0-9,0-9
siir,صير,سير,False,4,3,0-9,0-9
lu2ama,لؤمة,لؤامى,False,6,4,0-9,0-9
2isqi,اسقي,اسقي,True,5,4,0-9,0-9
mustakhlas,مستخلص,مستخلص,True,10,6,10-19,0-9
yithaddam,يتهدم,يتهضم,False,9,5,0-9,0-9
7awaajib,حواجب,حواجب,True,8,5,0-9,0-9
biddi 2ajiib qurmiito,بدي أجيب قرميته,بدي أجابير مي قبروم,False,21,15,20-29,10-19
miritzi,مرتزي,مرتزي,True,7,5,0-9,0-9
3itt,عت,عت,True,4,2,0-9,0-9
nassib,نصب,نصب,True,6,3,0-9,0-9
2itsalqat,اتسلقط,اتسلقط,True,9,6,0-9,0-9
roo7an,روحن,روحن,True,6,4,0-9,0-9
fanne 2ijdiide,فنة جديدة,فنة الجديدة,False,14,9,10-19,0-9
sajde,سجدة,سجدة,True,5,4,0-9,0-9
mitnaazil,متنازل,متنازل,True,9,6,0-9,0-9
khaanis,خانس,خانس,True,7,4,0-9,0-9
farraamit mluukhiyye,فرامة ملوخية,فرامة تمثلك هية,False,20,12,20-29,10-19
klaab,كلاب,كلاب,True,5,4,0-9,0-9
jadali,جدلي,جدالي,False,6,4,0-9,0-9
zahri,زهري,زهري,True,5,4,0-9,0-9
sal3uus,سلعوس,سلعوس,True,7,5,0-9,0-9
yhiim,يهيم,يهيم,True,5,4,0-9,0-9
ghayyan,غين,غين,True,7,3,0-9,0-9
7azaf,حذف,حذف,True,5,3,0-9,0-9
labeen,لبين,لبين,True,6,4,0-9,0-9
bala7a,بلحة,بلاحة,False,6,4,0-9,0-9
ybawwim,يبوم,يبوم,True,7,4,0-9,0-9
2akhyakh,أخيخ,أخيخ,True,8,4,0-9,0-9
yghubb,يغب,يغب,True,6,3,0-9,0-9
yitzarraq,يتزرق,يتزرق,True,9,5,0-9,0-9
ghabbash,غبش,غبش,True,8,3,0-9,0-9
yid3as,يدعس,يدعس,True,6,4,0-9,0-9
2ishadj,اصهج,اشج,False,7,4,0-9,0-9
mikhwil,مخول,مخول,True,7,4,0-9,0-9
yistaqirr,يستقر,يستقر,True,9,5,0-9,0-9
faqazfakas,فقز,فقزفس,False,10,3,10-19,0-9
qareed 2il3ishsh,قريد العش,قريد العش,True,16,9,10-19,0-9
kgaari7,قارح,قارح,True,7,4,0-9,0-9
2abriyaa2,أبرياء,أبرياء,True,9,6,0-9,0-9
ka2ann,كأن,كأن,True,6,3,0-9,0-9
mamzuu3,ممزوع,مممزوع,False,7,5,0-9,0-9
yirka3,يركع,يركع,True,6,4,0-9,0-9
har3iito,هرعيتو,هرعيطة,False,8,6,0-9,0-9
yuushim,يوشم,يوشم,True,7,4,0-9,0-9
kassir,كسر,كسر,True,6,3,0-9,0-9
2akhu 2ukhto,أخو أخته,أخو أخته,True,12,8,10-19,0-9
7saab bilbank,حساب بالبنك,حساب بلكن,False,13,11,10-19,10-19
2in7ani,انحني,انحني,True,7,5,0-9,0-9
2iddallal,اتدلل,تدلل,False,9,5,0-9,0-9
2asra3,أسرع,أسرع,True,6,4,0-9,0-9
rumm,رم,رم,True,4,2,0-9,0-9
tbarbadj,تبربج,تبربج,True,8,5,0-9,0-9
3arrid,عرد,عرض,False,6,3,0-9,0-9
yqattit,يقتت,يقتت,True,7,4,0-9,0-9
ja33ad,جعد,جعد,True,6,3,0-9,0-9
mbatrikh,مبطرخ,مبطرخ,True,8,5,0-9,0-9
2iktasa7,اكتسح,اكتسح,True,8,5,0-9,0-9
2ibin saa3to,ابن ساعته,ابن ساعته,True,12,9,10-19,0-9
yismut,يصمت,يسمط,False,6,4,0-9,0-9
yitfalfal,يتفلفل,يتفلفل,True,9,6,0-9,0-9
baat,بات,باط,False,4,3,0-9,0-9
qabil,قبل,قبل,True,5,3,0-9,0-9
2irsum,ارسم,ارسم,True,6,4,0-9,0-9
yitkhanfas,يتخنفس,يتخنفس,True,10,6,10-19,0-9
dibluumaasiyye,دبلوماسية,دبلوماسية,True,14,9,10-19,0-9
2itrattab,اترتب,اترطب,False,9,5,0-9,0-9
tghammas,تغمس,تغمس,True,8,4,0-9,0-9
2iswadd,اسود,اسود,True,7,4,0-9,0-9
yinsha3,ينشع,ينشع,True,7,4,0-9,0-9
yjassir,يجسر,يجسر,True,7,4,0-9,0-9
2itjad3an,اتجدعن,اتجدعن,True,9,6,0-9,0-9
ra22it,رقط,رقط,True,6,3,0-9,0-9
nuqrus,نقرس,نقرص,False,6,4,0-9,0-9
barraam,برام,برام,True,7,4,0-9,0-9
baqlaawi,بقلاوي,بقلاوي,True,8,6,0-9,0-9
ta3tiir,تعثير,تعتير,False,7,5,0-9,0-9
2addi,أدي,أدي,True,5,3,0-9,0-9
bittabin wu bitkarreb,بتبن و بتكرب,بتين بيت ورك بتربببببببببببببببببببببب,False,21,12,20-29,10-19
tullaab,طلاب,تلاب,False,7,4,0-9,0-9
yzunn,يظن,يزن,False,5,3,0-9,0-9
quushe,قوشة,قوشة,True,6,4,0-9,0-9
laa7iq,لاحق,لاحق,True,6,4,0-9,0-9
7ilis,حلس,حلس,True,5,3,0-9,0-9
matiin,متين,مطين,False,6,4,0-9,0-9
yinbaa3u bil3aza,ينباعوا بالعزا,ينباع لى بعزاز,False,16,14,10-19,10-19
daraayib,ضرايب,درايب,False,8,5,0-9,0-9
harradj,حرج,هرج,False,7,3,0-9,0-9
bahaaliil,بهاليل,بهاليل,True,9,6,0-9,0-9
2itbaa7as,اتباحث,اتباحث,True,9,6,0-9,0-9
yib3at,يبعث,يبعط,False,6,4,0-9,0-9
2inshilish,انشلش,انشلش,True,10,5,10-19,0-9
yghiith,يغيث,يغيث,True,7,4,0-9,0-9
sarra7,صرح,صرح,True,6,3,0-9,0-9
mi7tiqin,محتقن,محتقن,True,8,5,0-9,0-9
raffish,رفش,رفش,True,7,3,0-9,0-9
mabkhara,مبخرة,مبخرة,True,8,5,0-9,0-9
2ishqa7,اشقح,اشقح,True,7,4,0-9,0-9
