source,target,prediction,exact_match,source_length,target_length,source_length_bucket,target_length_bucket,candidate_rank
أَجِزّ,2ajjiz,2ajjiz,True,6,6,0-9,0-9,4
يَوحِل,ywa77il,ywa77il,True,6,7,0-9,0-9,4
خُمَرْجي,khamarji,khamarji,True,8,8,0-9,0-9,3
شِيد,shayyid,shayyad,False,4,7,0-9,0-9,1
يِزْرَم,yizram,yizram,True,7,6,0-9,0-9,3
مِسْك,masak,massak,False,5,5,0-9,0-9,4
يْرَهْرِط,yrahrit,yrahrit,True,9,7,0-9,0-9,2
شَغَّلهَا تِجَارِي,shughilha tijaari,shughulha tijaari,False,18,17,10-19,10-19,5
شَيَّذ,shayyidh,shayyidh,True,6,8,0-9,0-9,1
عُشُش,3ashshish,3ashshish,True,5,9,0-9,0-9,5
غَصِب,ghassib,ghassib,True,5,7,0-9,0-9,4
نَام عليطة تحكي,naamat 3aleek 7eeta,naamat 3aleek 7eeta,True,15,19,10-19,10-19,1
وَلَع لِيك,wall 3aleek,wall 3aleek,True,10,11,10-19,10-19,4
حِيلِة,7iile,7iile,True,6,5,0-9,0-9,2
بِيَارَة,bayyaara,bayyaara,True,8,8,0-9,0-9,3
أَهْوَن بَلَا,2ahwan bala,2ahwan bala,True,13,11,10-19,10-19,1
كَعَك مْخَمَر,ka3ik mkhammar,ka3ik mkhammar,True,13,14,10-19,10-19,5
آب,2aabaa2,2aab,False,2,7,0-9,0-9,4
خَرْقَة,khirka,khirqka,False,7,6,0-9,0-9,2
يِتْسَاجَم,yitsaamaj,yitsaamaj,True,10,9,10-19,0-9,2
تْهَازَم,thaamaz,thaazam,False,8,7,0-9,0-9,4
مْقَمَّط,mqammat,mqammat,True,8,7,0-9,0-9,1
غُيب,ghayyib,ghayyib,True,4,7,0-9,0-9,5
قَلُّوز,2alwaz,2alwiz,False,7,6,0-9,0-9,5
شِفَعَاء,shufa3aa2,shufa3aa2,True,8,9,0-9,0-9,3
فَتْنِة,fitne,fatne,False,7,5,0-9,0-9,1
اِتْغَنْشَم,2itghashman,2itghashman,True,11,11,10-19,10-19,3
حِمِد,7amad,7ammid,False,5,5,0-9,0-9,5
شَيِّن,shayyan,shayyan,True,6,7,0-9,0-9,2
مْسَاهَمِة,musaahame,musaahame,True,10,9,10-19,0-9,3
اِتْبَلْكَم,2itbalkam,2itbalkam,True,11,9,10-19,0-9,2
يخَطِّو,yikhtu,yikhtu,True,7,6,0-9,0-9,4
بَحْزِة,ba7aze,ba7ze,False,7,6,0-9,0-9,2
حَزْمِة,7uzme,7izme,False,7,5,0-9,0-9,2
يُلْطُم,ylattim,yultum,False,7,7,0-9,0-9,1
اِعْلَن,2i3lin,2i3lin,True,7,6,0-9,0-9,4
دَرَّب,darrab,darrab,True,6,6,0-9,0-9,3
اِتْجَحَّر,2it7ajjar,2it7ajjar,True,10,9,10-19,0-9,2
يِدْمِج,yidmij,yidmij,True,7,6,0-9,0-9,1
إِن,2inn,2inn,True,3,4,0-9,0-9,2
اُحْرُن,2i7ran,2i7rin,False,7,6,0-9,0-9,3
أَسْنان,2asnaan,2asnaan,True,7,7,0-9,0-9,5
فُتْرِي,fatri,fatri,True,7,5,0-9,0-9,4
تَمَالُح,tmaala7,tmaala7,True,8,7,0-9,0-9,4
صَيَانِة,siyaane,siyaane,True,8,7,0-9,0-9,4
أَرْغِفَة,2arghife,2arghife,True,9,8,0-9,0-9,1
يِسْحَر,yis7ar,ysa77ir,False,7,6,0-9,0-9,1
يتْخَنْزَر,yitkhanzar,yitkhanzar,True,10,10,10-19,10-19,3
سَطَح,sata7,satti7,False,5,5,0-9,0-9,1
شِدِد,shaddad,shaddid,False,5,7,0-9,0-9,4
يِلْتِئِج,yiltaji2,yiltiji2,False,9,8,0-9,0-9,2
اِتَنَافَر,2itnaafar,2itnaafar,True,10,9,10-19,0-9,5
جَعْجَولِة,dja3djuule,dja3djuule,True,10,10,10-19,10-19,5
رَاضِع حَلِيب سَابع,raadi3 7aliib sbaa3,raadi3 7aliib sbaa3,True,19,19,10-19,10-19,3
اُدْهُن,2idhan,2idhan,True,7,6,0-9,0-9,5
خَافِف,khaaf,khaafif,False,6,5,0-9,0-9,5
صَوبَّة,sooba,sooba,True,7,5,0-9,0-9,4
تَالَي,taali,taali,True,6,5,0-9,0-9,5
سِلْسِلِة,silsile,silsile,True,9,7,0-9,0-9,3
اُلْغِي,2ilghi,2ilghi,True,7,6,0-9,0-9,4
ثَمَّن,thammin,thamman,False,6,7,0-9,0-9,1
ذَبَل,dibal,dabbil,False,5,5,0-9,0-9,4
مُنْفِصِل,munfasil,munfasil,True,9,8,0-9,0-9,3
يُهْجُص,yhadjdjis,yhadjdjis,True,7,9,0-9,0-9,3
جِدَبَا,jadba,jadba,True,7,5,0-9,0-9,3
يِتْفَارَق,yitfaaqar,yitfaaqar,True,10,9,10-19,0-9,3
اِنْصِنِع,2insana3,2insana3,True,9,8,0-9,0-9,1
شَقْرِم,shaqkrim,shaqkram,False,7,8,0-9,0-9,2
يحِشّ,y7ishsh,y7ishsh,True,5,7,0-9,0-9,1
أُمِّة لَا إِله إِلَا الله,2ummit laa 2ilaha 2illa 2allaa,2ummit laa 2ilaha 2illa 2ila 2ilala,False,26,30,20-29,30-39,1
اِسْتَهْوَي,2istahwi,2istahwi,True,11,8,10-19,0-9,3
اِبن الضرة ممنوش مسرَّة,2ibin 2iddurra maminuush masarra,2ibin 2iddurra minuush masarra,False,23,32,20-29,30-39,1
يزَعْبِر,yza3bir,yza3bir,True,8,7,0-9,0-9,1
لَحِق,la77aq,la77aq,True,5,6,0-9,0-9,4
بُرْجُم,barjam,barjam,True,7,6,0-9,0-9,3
مَخِّط,makhkhit,makhkhat,False,6,8,0-9,0-9,3
قَتَب,qattab,qattab,True,5,6,0-9,0-9,3
الحْزَام الرَّاني,2ili7zaam 2innaari,2ili7zaam 2irraani,False,17,18,10-19,10-19,5
وَجِه,wijih,wajjah,False,5,5,0-9,0-9,5
مُنَاقِس,manaaqis,manaaqis,True,8,8,0-9,0-9,5
اِتَقْرَع,2itqarqa3,2itqarra3,False,9,9,0-9,0-9,3
أَنيْسُون,2aanisuun,2aanisuun,True,9,9,0-9,0-9,4
يَحَافِظ,y7aafiz,y7aafiz,True,8,7,0-9,0-9,5
يِدْمَل,yidmul,yidmul,True,7,6,0-9,0-9,4
لَضَّى,lada,lada,True,6,4,0-9,0-9,2
لِعِب برَاس,li3ib biraas,li3ib biraas,True,11,12,10-19,10-19,2
اِلْتَقَح,2ilta7aq,2ilti7iq,False,9,8,0-9,0-9,4
مُغَيِّن,mghayyin,mghayyin,True,8,8,0-9,0-9,4
اِتْوِسِل,2itwassal,2itwassal,True,9,9,0-9,0-9,3
تْجَرَّع,tjarra3,tjarra3,True,8,7,0-9,0-9,1
ينُوح,ynuu7,ynawwi7,False,5,5,0-9,0-9,2
حِيد,7ayyad,7ayyid,False,4,6,0-9,0-9,3
ينَقْصِف,yinqasif,yinqisif,False,8,8,0-9,0-9,5
يْبَصِّم,yubsum,ybassim,False,8,6,0-9,0-9,5
لِجَايِة,ludjdjaaye,ludjdjaaye,True,8,10,0-9,10-19,2
اِسْتَفْسَر,2istafsir,2istafsir,True,11,9,10-19,0-9,2
عَصْبِيِّة,3asabiyye,3asabiyye,True,10,9,10-19,0-9,3
شْرَيعَة,sharii3a,sharii3a,True,8,8,0-9,0-9,5
جُعَط,dja3at,dja33at,False,5,6,0-9,0-9,5
فَصَّل,fasal,fassil,False,6,5,0-9,0-9,1
جِبْهَة,jabha,jabha,True,7,5,0-9,0-9,4
نَيم البضَاعَة,nayyam 2ilibdaa3a,nayyam 2ilibdaa3a,True,14,17,10-19,10-19,5
مْمَعْوِط,mam3uut,mam3uut,True,9,7,0-9,0-9,2
مَنْظَرَة,manzara,manzara,True,9,7,0-9,0-9,1
غَمَّر,ghimer,ghammir,False,6,6,0-9,0-9,1
فَوَّر لِي دَمِّي,fawwar li dammi,fawwarli dammi,False,17,15,10-19,10-19,1
يِتْحَنَّك,yit7annak,yit7annak,True,10,9,10-19,0-9,1
اِنَصَن,2insini3,2insanat,False,7,8,0-9,0-9,5
يِنْسَحَر,yinsi7ir,yinsi7ir,True,9,8,0-9,0-9,5
فُوز,fawwaz,fuuz,False,4,6,0-9,0-9,2
اِنْسَخ,2insakh,2insakh,True,7,7,0-9,0-9,2
كَرِج,karraj,karrij,False,5,6,0-9,0-9,5
مْلَاوَد,mlaawid,mlaawid,True,8,7,0-9,0-9,5
يِتْفَنَّد,yitfannad,yitfannad,True,10,9,10-19,0-9,1
سَقِيفِة,sqiife,sqiife,True,8,6,0-9,0-9,2
زُرَّيبِة,zriibe,zriibe,True,9,6,0-9,0-9,4
أَحْط بذمتي,2a7ot bzimti,2a7ot bzimti,True,11,12,10-19,10-19,5
دَقَّق,daqqaq,daqqiq,False,6,6,0-9,0-9,2
أَوكِي,2ookee,2ookee,True,6,6,0-9,0-9,2
عَظْمِة لْسَاني,3admit lsaani,3admit lsaani,True,15,13,10-19,10-19,2
اِخْوَل,2ikhwil,2ikhwil,True,7,7,0-9,0-9,2
كُنُز,kanz,kanniz,False,5,4,0-9,0-9,4
مُهَسِّس,mhashis,mhassis,False,8,7,0-9,0-9,5
اِكْسِر الشُّرّ,2uksir 2ishshar,2uksir 2ishshar,True,15,15,10-19,10-19,5
طَاسِة الخَفِة,taasit 2ilkhiffe,taasit 2ilkhiffe,True,14,16,10-19,10-19,5
يِرْبَح,yirba7,yrabbi7,False,7,6,0-9,0-9,4
اِتْشَهّد,2itshahhad,2itshahhad,True,9,10,0-9,10-19,4
يِلْتَهَب,yiltihib,yiltihib,True,9,8,0-9,0-9,3
مَحْيَرَنِة,m7ayrane,m7ayrane,True,11,8,10-19,0-9,2
شَبَص,shabbis,shabbis,True,5,7,0-9,0-9,3
اِتْلَبَّس,2itlabbas,2itlabbas,True,10,9,10-19,0-9,1
يفَلِّت,yfallit,yiflit,False,7,7,0-9,0-9,4
يُخْرُج,yukhruj,yukhruj,True,7,7,0-9,0-9,4
اِتْزَعَّع,2itza3za3,2it3azzaz,False,10,9,10-19,0-9,5
يِزْغِز,yzaghzigh,yzaghzigh,True,7,9,0-9,0-9,5
إِشِي وشْوَاتِي,2ishi wishwayyaat,2ishi wishwayyaat,True,15,17,10-19,10-19,5
يحَتْرِس,yi7taris,yi7taris,True,8,8,0-9,0-9,3
مْبَرْقَع,2imbarqa3,mbarqi3,False,9,9,0-9,0-9,3
طَاحِش,taa7ish,taa7ish,True,6,7,0-9,0-9,1
تْفَوَّيت,tafwiit,tafwiit,True,9,7,0-9,0-9,3
يَحَاكِي,y7aaki,y7aaki,True,8,6,0-9,0-9,4
اِتْكَتْرَف,2itkarfat,2itkarfat,True,11,9,10-19,0-9,4
وَخْوَخ,wakhwikh,wakhwikh,True,7,8,0-9,0-9,1
أَزَّال,2azaal,2azaal,True,7,6,0-9,0-9,2
عِوَائِل,3awaa2il,3awaa2il,True,8,8,0-9,0-9,4
يِنْضِوِع,yinwidi3,yinwidi3,True,9,8,0-9,0-9,3
وِحْوِح,wa7wa7,wa7wi7,False,7,6,0-9,0-9,4
عَائِّق,3aa2iq,3aa2iq,True,7,6,0-9,0-9,4
تَمْتِم,tamtim,tamtim,True,7,6,0-9,0-9,3
أِنّ,2ann,2ann,True,4,4,0-9,0-9,4
نُقُر,naqir,naqqar,False,5,5,0-9,0-9,5
حَقِر,7aqqir,7aqqir,True,5,6,0-9,0-9,5
يِعْطَب,yu3tub,y3attib,False,7,6,0-9,0-9,5
يِطْوِف,ytawwif,ytuuf,False,7,7,0-9,0-9,3
النَاس بتِحْلِف بحَاتُهي,2innaas bti7lif b7ayaato,2innaas bti7lif b7ayaato,True,24,24,20-29,20-29,3
يكِفّ,ykuff,ykiff,False,5,5,0-9,0-9,2
دَبَّب,dubab,dabbib,False,6,5,0-9,0-9,2
طُنْجِير,tandjiir,tanjiir,False,8,8,0-9,0-9,2
طِيب,tayyib,tiib,False,4,6,0-9,0-9,2
عِطْوِة,3atwe,3atwe,True,7,5,0-9,0-9,4
مِحْلُو,mi7law,mi7law,True,7,6,0-9,0-9,2
لُطُف,lattif,lattif,True,5,6,0-9,0-9,5
حَوِّد,7awwad,7awwad,True,6,6,0-9,0-9,2
نِفْسُه عَزِيزِة,nifso 3aziize,nifso 3aziize,True,16,13,10-19,10-19,5
نَطِّح,nata7,nata7,True,6,5,0-9,0-9,3
بَارْحَة,baar7a,baar7a,True,8,6,0-9,0-9,1
إِخَوِة,2ikhwe,2ikhwe,True,7,6,0-9,0-9,5
مُتَفَوِّق,mutafawwiq,mitfawwiq,False,10,10,10-19,10-19,1
اُسْوَارَة,2iswaara,2iswaara,True,10,8,10-19,0-9,2
يِخْف,ykhiff,ykhiff,True,5,6,0-9,0-9,4
زِنّ,nizz,nazz,False,4,4,0-9,0-9,1
تَعْيِين,ta3yiin,ta3yiin,True,8,7,0-9,0-9,1
شَوَاطِئ,shawaati2,shawaati2,True,8,9,0-9,0-9,1
طَرُومْبِة,trombe,trombe,True,10,6,10-19,0-9,3
فَوق بَعِض,fooq ba3ad,fooq ba3ad,True,10,10,10-19,10-19,5
دَوَاهِي,dawaahi,dawaahi,True,8,7,0-9,0-9,1
زِقَة,zuqqazukkazu22a,zuqqazukkazu22a,True,5,15,0-9,10-19,4
عَقْصَة,3uqsa,3uqsa,True,7,5,0-9,0-9,3
طُرْقُع,tarqa3,tarqi3,False,7,6,0-9,0-9,3
يِسْلَط,ysallit,ysallit,True,7,7,0-9,0-9,5
اِسْتَقْفَد,2istafqid,2istafqad,False,11,9,10-19,0-9,5
يِتَنْفَل,yitnaffal,yitnaffal,True,9,9,0-9,0-9,4
مْثَقَّف,musaqqaf,musaqqaf,True,8,8,0-9,0-9,2
اِعْيِش,3aayish,3aayish,True,7,7,0-9,0-9,3
يَا رَيّ,yaa reet,yaa ree,False,8,8,0-9,0-9,4
المحممر وَالشمر,2ilim7ammar wilimshammar,2ilim7ammar wilimshammar,True,15,24,10-19,20-29,4
قَادوِس,qaaduus,qaaduus,True,7,7,0-9,0-9,4
مْتَعْرِب,mit3arbish,mit3arbish,True,9,10,0-9,10-19,5
رِكِض,rakkad,rakkad,True,5,6,0-9,0-9,4
وَكَّر,wakar,wakkir,False,6,5,0-9,0-9,1
بَخَّل,bikhil,bakhkhil,False,6,6,0-9,0-9,2
فُقَّيد,faqiid,faqiid,True,7,6,0-9,0-9,4
أُزَّال,2azaal,2azaal,True,7,6,0-9,0-9,3
اِرْبُك,2irbik,2irbik,True,7,6,0-9,0-9,5
يتْحَصَّن,yit7assan,yit7annas,False,9,9,0-9,0-9,5
يُلْطُش,ylattish,ylattish,True,7,8,0-9,0-9,3
يِنْلَزِع,yinlizi3,yinlizi3,True,9,8,0-9,0-9,4
كِفْرِيَّات,kafriyyaat,kafriyyaat,True,11,10,10-19,10-19,4
حَرِيقَة,7ariiqa,7ariiqa,True,8,7,0-9,0-9,1
يِنْخَتَن,yinkhitin,yinkhitin,True,9,9,0-9,0-9,3
منعم ومكرم,min3im wumikrim,min3im wumikrim,True,10,15,10-19,10-19,1
اِتْوَالَف,2itwaalaf,2itwaalaf,True,10,9,10-19,0-9,1
شَبَّب,shabbib,shabbib,True,6,7,0-9,0-9,2
اِتْطَحْطَش,2itsha7tat,2itsha7tat,True,11,10,10-19,10-19,4
ذَان من طين وذَان معجين,dhaan min tiin wudhaan min 3adjiin,daan min tiin wudaan min 3adjiin,False,23,34,20-29,30-39,2
إِلُه عمر,2ilo 3umur,2ilo 3umur,True,9,10,0-9,10-19,2
إِيد خَفِيفِة,2iido khafiife,2iido khafiife,True,13,14,10-19,10-19,2
وقع قَلْبي,wiqi3 qalbi,wiqi3 qalbi,True,10,11,10-19,10-19,3
لبَيت خَالْيِت,labeet khaalti,labeet khaalti,True,14,14,10-19,10-19,3
تْكَاسَل,tkaasal,tkaasal,True,8,7,0-9,0-9,1
نَفَخ,naffakh,naffakh,True,5,7,0-9,0-9,1
نَفَل,naffil,naffil,True,5,6,0-9,0-9,2
عَنّ,3ann,3inn,False,4,4,0-9,0-9,2
عَظِّيم,3aziim,3adiim,False,7,6,0-9,0-9,3
صَوَّب,soob,soob,True,6,4,0-9,0-9,3
خِدِر,khadar,khaddir,False,5,6,0-9,0-9,4
دَرْب يسِدّ مَا يرد,darbi ysidd maa yridd,darbi ysidd maa yridd,True,19,21,10-19,20-29,4
يتَزُّر,yitzarrar,yitzarrar,True,7,9,0-9,0-9,5
اُتْرُس,2utrus,2utrus,True,7,6,0-9,0-9,3
سَبَّح,sibi7,sabbi7,False,6,5,0-9,0-9,2
بُرُر,barrar,barrir,False,5,6,0-9,0-9,5
يِرْجُع,yrajji3,yirja3,False,7,7,0-9,0-9,5
شَبِر,shabbar,shabbar,True,5,7,0-9,0-9,5
أُخَذ مَجْدُه,2akhad maddo,2akhad maddo,True,13,12,10-19,10-19,4
اِحْصُل,2u7sul,2i7sal,False,7,6,0-9,0-9,4
هَرَّش,hirish,harrish,False,6,6,0-9,0-9,2
مُشَارِيب,mashaariib,mashaariib,True,9,10,0-9,10-19,5
بيهَطْلَع,byitla3lo,byitla3lo,True,9,9,0-9,0-9,5
جُهَّاد,jihaad,jihaad,True,7,6,0-9,0-9,5
يُفْطُس,yuftus,yuftus,True,7,6,0-9,0-9,4
اِتْوَرْشَع,2itwarsha3,2itwarsha3,True,11,10,10-19,10-19,1
قَبَّع,quba3,qabbi3,False,6,5,0-9,0-9,4
اِنْبُنِي,2inbini,2inbini,True,9,7,0-9,0-9,5
عَدَى,3adda,3adda,True,5,5,0-9,0-9,1
أَشْخَاص,2ashkhaas,2ashkhaas,True,8,9,0-9,0-9,1
شَقَق,shuqaq,shaqqiq,False,5,6,0-9,0-9,3
بُتِّة,batte,batte,True,6,5,0-9,0-9,3
يُلْحُط,yla77it,yla77it,True,7,7,0-9,0-9,3
اِحْفِن,2i7fin,2i7fin,True,7,6,0-9,0-9,2
مَا صَدِّقِت عَالله,maa saddaqit 3a2alla,maa saddaqit 3a2alla,True,19,20,10-19,20-29,1
بَابْجُو,babuuj,babuuj,True,8,6,0-9,0-9,3
خِسّ,khiss,khass,False,4,5,0-9,0-9,2
يخَرِّم,ykharrim,yikhram,False,7,8,0-9,0-9,1
عِجَاح,3adjaadj,3adjaadj,True,6,8,0-9,0-9,4
شِنَادِير,shanaadiir,shanaadiir,True,9,10,0-9,10-19,5
غَمِّق,ghammiq,ghammiq,True,6,7,0-9,0-9,2
طَحِّن,ta77an,ta77in,False,6,6,0-9,0-9,3
كُوفَل,koofal,koofil,False,6,6,0-9,0-9,4
يِنْمَسَخ,yinmisikh,yinmisikh,True,9,9,0-9,0-9,4
قِلِق,qiliq,qallaq,False,5,5,0-9,0-9,4
قلبي من عليهَا,qalbi malyaan 3alee,qalbi min 3aleeha,False,14,19,10-19,10-19,2
يِدْعَم,yda33im,yda33im,True,7,7,0-9,0-9,1
يْؤزِّم,y2azzim,y2azzim,True,7,7,0-9,0-9,3
لَوِّج,looj,lawwij,False,6,4,0-9,0-9,3
يِزِم,yzimm,yzimm,True,5,5,0-9,0-9,3
صَوَف,suuf,sawwif,False,5,4,0-9,0-9,5
يِسْتِهِلّ,yistahill,yistahill,True,10,9,10-19,0-9,4
يِنِشْلِش,yinshilish,yinishlish,False,9,10,0-9,10-19,5
عَمِل فِيه البُدَع,3imil fii 2ilbuda3,3imil fii 2ilbuda3,True,18,18,10-19,10-19,4
اللي أمه في البيت خبوكل الزِّيت,2illi 2immo filbeet bookil khubze wuzeet,2illi 2immo filbeet bookil khubze wuzeet,True,31,40,30-39,40-49,4
يحَتِّج,yi7tajj,yi7tajj,True,7,7,0-9,0-9,2
أَيَد,2ayyid,2ayyad,False,5,6,0-9,0-9,4
سَبْسَب,sabsab,sabsib,False,7,6,0-9,0-9,1
يسَطِّل,yustul,yustul,True,7,6,0-9,0-9,2
يِتْمَتَّق,yitmattaqk2,yitmattaqk2,True,10,11,10-19,10-19,1
رَدَح,radi7,rada7,False,5,5,0-9,0-9,1
اِنْجَبَر,2injibir,2injibir,True,9,8,0-9,0-9,1
وَقّف عرَاسه,waqqaf 3araaso,waqqaf 3araaso,True,12,14,10-19,10-19,2
سَحَالِي,sa7aali,sa7aali,True,8,7,0-9,0-9,1
عينُه زَايْغَة,3eeno zaaygha,3eeno zaaygha,True,14,13,10-19,10-19,4
دَلَّح,dali7,dala7,False,6,5,0-9,0-9,3
سَهَم,sahmid,sahim,False,5,6,0-9,0-9,5
اِجْرِة الحَمَام,2ijir 2il7amaame,2ijir 2il7amaame,True,16,16,10-19,10-19,4
يِلْتَحِق,yilti7iq,yilti7iq,True,9,8,0-9,0-9,3
رَكَن,rukun,rakan,False,5,5,0-9,0-9,3
اِخْنُق,khaana2,2ikhnuq,False,7,7,0-9,0-9,3
مَقَاذِيع,magaadhii3,magaadhii3,True,9,10,0-9,10-19,1
خَسْفِة,khasfe,khasfe,True,7,6,0-9,0-9,1
تدهول على عيه,2iddahwal 3ala 3eeno,2iddahwal 3ala 3ee,False,13,20,10-19,20-29,3
تَشِيع,tshayya3,tshayya3,True,6,8,0-9,0-9,4
كِرَاز,karraaz,kraaz,False,6,7,0-9,0-9,5
اِسْتَدْعَل,2istadli3,2istadli3,True,11,9,10-19,0-9,5
اِنْبَغ,2inbugh,2inbugh,True,7,7,0-9,0-9,4
أَرَشِّف,2arshaf,2arshaf,True,8,7,0-9,0-9,5
بَرْنَيطَة,burneeta,burneeta,True,10,8,10-19,0-9,5
اِشْتَقَا,2ishtaaq,2ishtaaq,True,9,8,0-9,0-9,2
حَاج,7aajij,7aaj,False,4,6,0-9,0-9,4
يْمَاثِل,ymaasil,ymaasil,True,8,7,0-9,0-9,2
مْفَرَّط,mfarrat,mfarrat,True,8,7,0-9,0-9,2
اِتِّطْوَال,2ittaawal,2ittaawal,True,11,9,10-19,0-9,5
آخذ,2aakhaz,2aakhiz,False,3,7,0-9,0-9,5
دَارِج,daarij,daarij,True,6,6,0-9,0-9,1
اِسْتَهْتِر,2istahtar,2istahtar,True,11,9,10-19,0-9,4
لَغِّم,laghgham,laghghim,False,6,8,0-9,0-9,2
مِحْتَال,mu7taal,mi7taal,False,8,7,0-9,0-9,1
فُرْكَحَة,farka7a,farka7a,True,9,7,0-9,0-9,3
يضَمِّن,ydammin,yidman,False,7,7,0-9,0-9,1
خَرَزِة البَير,kharazit 2ilbiir,kharazit 2ilbiir,True,14,16,10-19,10-19,3
صِاح,saa7,saa7,True,4,4,0-9,0-9,2
بَعِز,ba33iz,ba33az,False,5,6,0-9,0-9,2
اِصْرُف,2isrif,2isrif,True,7,6,0-9,0-9,3
بَنْدُورَة,banduura,banadoora,False,10,8,10-19,0-9,2
اِتْسَبَّر,2itsarrab,2itsarrab,True,10,9,10-19,0-9,4
سِتْرَة,sutra,sutra,True,7,5,0-9,0-9,4
ضَم,dumm,dumm,True,3,4,0-9,0-9,4
اِحْتِشِم,2i7tashim,2i7tasham,False,9,9,0-9,0-9,3
طْرُودِة,truude,truude,True,8,6,0-9,0-9,1
خُنُوص,khannuus,khannuus,True,6,8,0-9,0-9,3
مْعَنْتَر,m3antir,m3antir,True,9,7,0-9,0-9,3
مْفَبْرَك,mfabrak,mfabrak,True,9,7,0-9,0-9,1
تْزَوَّم,twazzam,twazzam,True,8,7,0-9,0-9,3
اِتْبَقْرَط,2itbarqat,2itbarqat,True,11,9,10-19,0-9,4
بُرُتْقَانِة,burut2gaane,burut2gaane,True,12,11,10-19,10-19,2
بِال,baal,baal,True,4,4,0-9,0-9,3
عَرَض,3arrid,3arrad,False,5,6,0-9,0-9,1
دَوز,duuz,duuz,True,4,4,0-9,0-9,1
كُرْهُب,karhab,karhib,False,7,6,0-9,0-9,5
ينَصِّبا,yinsaab,yinsaab,True,8,7,0-9,0-9,5
يِتْجِعْلِص,yitja3las,yitja3las,True,11,9,10-19,0-9,4
مَصَاحِف,masaa7if,masaa7if,True,8,8,0-9,0-9,1
خَيَّال,khayaal,khayyaal,False,7,7,0-9,0-9,2
فَسَخ,fassikh,fassikh,True,5,7,0-9,0-9,1
عِنْوَانِي,3anaawiin,3anaawiin,True,10,9,10-19,0-9,5
يِغْلِق,yighliq,yighliq,True,7,7,0-9,0-9,4
اِسْتَقَرّ,2istaqirr,2istaqarr,False,10,9,10-19,0-9,5
اِسْطو,2ustu,2ustu,True,6,5,0-9,0-9,4
اِقْتِصِد,2iqtisid,2iqtisid,True,9,8,0-9,0-9,1
يفَسْقِل,yfasqil,yfasqil,True,8,7,0-9,0-9,1
يِتْشَمَّس,yitshammas,yitshammas,True,10,10,10-19,10-19,1
يِتْجَلَّط,yitjallat,yitjallat,True,10,9,10-19,0-9,1
يَولِف,yuulaf,yuulif,False,6,6,0-9,0-9,5
يِنِدْهِس,yindihis,yindihis,True,9,8,0-9,0-9,4
يتْمَشْكَل,yitmashkal,yitmashkal,True,10,10,10-19,10-19,2
شَخّر,shakhkhar,shakhkhir,False,5,9,0-9,0-9,5
بُخُلَاء,bukhala,bukhala,True,8,7,0-9,0-9,1
فَطْفَط,fatfat,fatfit,False,7,6,0-9,0-9,4
يِنْرِفِع,yinrifi3,yinrifi3,True,9,8,0-9,0-9,1
يِخْتَشَى,yikhtishi,yikhtishi,True,9,9,0-9,0-9,2
سِفِع,safa3,saffa3,False,5,5,0-9,0-9,5
أَجْهَدّ,2ajhad,2ajhad,True,8,6,0-9,0-9,4
تَخَوُّث,tkhawwat,tkhawwat,True,8,8,0-9,0-9,2
اِتْحَمَّل,2it7ammal,2it7ammal,True,10,9,10-19,0-9,2
يصَنْصِن,ysansin,ysansin,True,8,7,0-9,0-9,1
مَعْشَش,m3ashshish,m3ashshish,True,7,10,0-9,10-19,5
يفَتِّن,yfattin,yfattin,True,7,7,0-9,0-9,3
مَرَّار,maraar,maraar,True,7,6,0-9,0-9,4
هَشِم,hashsham,hashsham,True,5,8,0-9,0-9,4
اِتَّلَك,2itlakkak,2itlakkak,True,8,9,0-9,0-9,2
سُفْرُطَاس,safirtaas,safirtaas,True,10,9,10-19,0-9,4
فَودَس,foodas,foodis,False,6,6,0-9,0-9,2
إِجْبِيرَا,2ijbaari,2ijbiyaar,False,10,8,10-19,0-9,4
جَرْجَر,jarjar,jarjar,True,7,6,0-9,0-9,1
اِنْقَسَام,2inqisaam,2inqisaam,True,10,9,10-19,0-9,3
مْلَقِّب,mlaqqab,mlaqqab,True,8,7,0-9,0-9,2
نِدْبِة,nadbe,nadbe,True,7,5,0-9,0-9,5
اِتْمَاسَح,2itsaama7,2itmaasa7,False,10,9,10-19,0-9,5
صُون,sawwin,sawwan,False,4,6,0-9,0-9,3
مُهَم,muhimm,mahim,False,5,6,0-9,0-9,4
يتَوَتُّر,yitwattar,yitwattar,True,9,9,0-9,0-9,3
فُودِس,foodis,foodis,True,6,6,0-9,0-9,5
مَرْوِح,mirwi7,mrawwi7,False,7,6,0-9,0-9,5
نَام على لوجه طب,naam 3ala wijho tabb,naam 3ala wijho tab,False,16,20,10-19,20-29,4
سِجَادِة,sijjaade,sijjaade,True,8,8,0-9,0-9,3
قُلْقَان,qalaqaan,qalqaan,False,8,8,0-9,0-9,2
حَبِّة دَمَّل,7abbit dummal,7abbit dummal,True,13,13,10-19,10-19,1
مرفع عنُّه القَلَم,marfuu3 3anno 2ilqalam,marfa3 3anno 2ilqalam,False,18,22,10-19,20-29,4
صَحُو,si7u,sa7u,False,5,4,0-9,0-9,1
شَوَى,shawa,shawa,True,5,5,0-9,0-9,1
مْخَوَّل,mikhwil,mkhawwil,False,8,7,0-9,0-9,2
اِتْنَشَّن,2itnashshan,2itnashshan,True,10,11,10-19,10-19,1
جَاجِة حفرِت عرَاسهَا,jaaje 7afrit 3araasha 3afrit,jaaje 7afrit 3araasha,False,21,28,20-29,20-29,1
تِحْفِف,t7affaf,t7affaf,True,7,7,0-9,0-9,3
خُتَّان,khitaan,khitaan,True,7,7,0-9,0-9,5
يِنْهِجِر,ynahridj,yinhijir,False,9,8,0-9,0-9,1
اُوصِف,2uusif,2uusif,True,6,6,0-9,0-9,2
اُفْسُق,2ufsuq,2ifsuq,False,7,6,0-9,0-9,2
اِتْخَرَّق,2itkharraq,2itkharraq,True,10,10,10-19,10-19,4
ذُاب,daab,daab,True,4,4,0-9,0-9,4
اِتْزَهَّز,2ithazzaz,2ithazzaz,True,10,9,10-19,0-9,3
مْكَلْكَع,mkalka3,mkalka3,True,9,7,0-9,0-9,1
وَشَاوَش,washaawish,washaawish,True,8,10,0-9,10-19,3
قَارَع,qaari3,qaari3,True,6,6,0-9,0-9,2
يَسَابِق,ysaabiq,ysaabiq,True,8,7,0-9,0-9,5
وَرَث,wiris,warris,False,5,5,0-9,0-9,1
اِتْعَرْكَس,2it3arkas,2it3arkas,True,11,9,10-19,0-9,1
يتَبَكُّس,yitbakkas,yitbakkas,True,9,9,0-9,0-9,4
ينَخْلِع,yinkhili3,yinkhili3,True,8,9,0-9,0-9,5
تَخِيب,tkhayyab,tkhayyab,True,6,8,0-9,0-9,3
اَتْمَسَى,2itmassa,2itmassa,True,9,8,0-9,0-9,4
يتَنَافُس,yitnaafas,yitnaafas,True,9,9,0-9,0-9,3
يَرْهِد,yrahdil,yrahhid,False,7,7,0-9,0-9,4
يحَشِّم,yi7shim,yi7shim,True,7,7,0-9,0-9,2
تَبَرْرِير,tabriir,tabriir,True,10,7,10-19,0-9,5
اِخْتِفَى,2ikhtafa,2ikhtafa,True,9,8,0-9,0-9,4
يِجْنَس,yjannis,yjannis,True,7,7,0-9,0-9,5
جِمْجِمِة,jumjume,jumjume,True,9,7,0-9,0-9,3
كَعْوِش,ka3wish,ka3wish,True,7,7,0-9,0-9,2
يِقْذَى,yqkadhdhi,yiqkdha,False,7,9,0-9,0-9,1
فِشِر,fashir,fashshir,False,5,6,0-9,0-9,4
يْقَطِّر,yuqtur,yqattir,False,8,6,0-9,0-9,5
قَلْعِط,qal3at,qal3at,True,7,6,0-9,0-9,3
أَزْمِة عَائلِيِّة,2azme 3aa2iliyye,2azme 3aa2iliyye,True,18,16,10-19,10-19,3
أَكَلته منفوسة,2akilto manfuuse,2akilto manfuuse,True,14,16,10-19,10-19,2
حُودَاث,7awaadis,7awaadis,True,7,8,0-9,0-9,5
يِنْبِت,yunbut,yinbut,False,7,6,0-9,0-9,5
تَوَاسِخ,twaasakh,twaasakh,True,8,8,0-9,0-9,4
اِغْلَط,2ighlat,ghaalit,False,7,7,0-9,0-9,1
غَطْرَش,ghatrash,ghatrash,True,7,8,0-9,0-9,1
قَشْرِة الرَّاس,qishrit 2irraas,qishrit 2irraas,True,15,15,10-19,10-19,2
اَنْشَأ,2insha2,2insha2,True,7,7,0-9,0-9,4
دَبَّر,dabbir,dabbir,True,6,6,0-9,0-9,2
كْبِرْتِي,kibriit,kibriit,True,9,7,0-9,0-9,5
دِسْك,disk,dasak,False,5,4,0-9,0-9,4
كَلَامُه بْيِتْثَقَّل بَالذَّب,kalaamo byitthaqqal bidhdhahab,kalaamo byitthaqqal bidhdhdhahab,False,30,30,30-39,30-39,2
سَكُّوت,sukuut,sukuut,True,7,6,0-9,0-9,5
مُمْزَع,2immaza3,2immazza3,False,7,8,0-9,0-9,3
يسَتْنِج,yistantij,yistanjir,False,8,9,0-9,0-9,4
يِنْكَشَف,yinikshif,yinikshif,True,9,9,0-9,0-9,4
رَهْرِط,rahrit,rahrit,True,7,6,0-9,0-9,3
اِنْقَزِع,2inqkizi3,2inqkaza3,False,9,9,0-9,0-9,4
قُرَّاحَة,qkurraa7a,qkgraa7a,False,9,9,0-9,0-9,1
اِنْكِشِف,2inkashaf,2inkashaf,True,9,9,0-9,0-9,4
عَاد,3aad,3aad,True,4,4,0-9,0-9,1
قَايمِة قَاعدة,qaayme qaa3de,qaayme qaa3de,True,14,13,10-19,10-19,4
زُقْزَيقَة,zu2zee2a,zu2zee2a,True,10,8,10-19,0-9,4
زَنَابِيل,zanaabiil,zanaabiil,True,9,9,0-9,0-9,1
بْنَات,banaat,banaat,True,6,6,0-9,0-9,3
عُنُص,3unsur,3annas,False,5,6,0-9,0-9,4
يِفْتِفِت,yfatfit,yfatfit,True,9,7,0-9,0-9,2
بكل عرس الهم فيه قَص,bikull 3urus 2ilhum fii qurus,bikull 3urus 2ilhum fiih qus,False,20,29,20-29,20-29,4
اِسْتَجَم,2istajim,2istajam,False,9,8,0-9,0-9,5
دِام,daam,daam,True,4,4,0-9,0-9,3
كَبْكِب,kabkab,kabkib,False,7,6,0-9,0-9,2
سَيِّط,siit,sayyat,False,6,4,0-9,0-9,4
يْحَلِّي,y7alli,yi7li,False,8,6,0-9,0-9,3
ينُوِي,yinwi,yinwi,True,6,5,0-9,0-9,5
عَالبَر,3albarr,3albarr,True,7,7,0-9,0-9,1
صِرْمَايَاتي,surmaayaati,surmaayaati,True,12,11,10-19,10-19,1
يِتْبِعْبِز,yitba3baz,yitba3baz,True,11,9,10-19,0-9,3
يتَهَافِي,yithaayaf,yithaayaf,True,9,9,0-9,0-9,2
ينَحْوِل,yin7iwil,yin7iwil,True,8,8,0-9,0-9,3
حَشَا السَّامِيع,7asha 2issaam3iin,7asha 2issaamii3,False,16,17,10-19,10-19,3
أُوعَى,2aw3a,2aw3a,True,6,5,0-9,0-9,2
اِتْدَاقَر,2iddaaqar,2iddaaqar,True,10,9,10-19,0-9,1
عِوَائِق,3awaa2iq,3awaa2iq,True,8,8,0-9,0-9,4
المَل السَّبْعَة القَارِي بْس,2ilmaal 2issaayib bi3allim 2issirqa,2ilmaal 2issaayib bi3allim 2issirqa,True,29,35,20-29,30-39,4
اِتَّهْفَت,2ithaffat,2ithaffat,True,10,9,10-19,0-9,5
أَهَدْفَاف,2ahdaaf,2ahdaaf,True,10,7,10-19,0-9,3
اِتَدَاوُل,2iddaawal,2iddaawal,True,10,9,10-19,0-9,5
جَلّ,jill,jill,True,4,4,0-9,0-9,4
فَصِّل,fasal,fassil,False,6,5,0-9,0-9,2
مُتَدَدِّيل,middali,middaldi,False,11,7,10-19,0-9,5
ينَلْغِي,yinlighi,yinlighi,True,8,8,0-9,0-9,5
مَصْمَصَة,masmasa,masmasa,True,9,7,0-9,0-9,2
اُخْطُر,khaatir,2ukhtur,False,7,7,0-9,0-9,3
يُشْتِي,yshatti,yshatti,True,7,7,0-9,0-9,3
تَنَهُّم,tanhum,tnahnam,False,8,6,0-9,0-9,2
يلُوش,yluush,ylawwish,False,5,6,0-9,0-9,2
يْبَكِّي الحَجَر,ybakki 2il7ajar,ybakki 2il7ajar,True,16,15,10-19,10-19,1
جَدَادِيِل,jadaadiil,jadaadiil,True,10,9,10-19,0-9,2
سَرَّع,sarri3,sarri3,True,6,6,0-9,0-9,1
يِسْتَخْسِف,yistaskhif,yistakhsif,False,11,10,10-19,10-19,5
يِتْكَبَّس,yitbakkas,yitkassab,False,10,9,10-19,0-9,3
وَاقِع,waaqi3,waaqi3,True,6,6,0-9,0-9,1
مَا بحيط ولَا دَيط,maa bi7utt waati la7ada,maa ba7utt waati la7ada,False,18,23,10-19,20-29,2
زَبِل,zabbal,zabbil,False,5,6,0-9,0-9,5
يِنْرِصِد,yinrisid,yinrisid,True,9,8,0-9,0-9,2
وبَعْدِين,wuba3deen,wuba3deen,True,9,9,0-9,0-9,2
يسَتْلِم,yistilim,yistalim,False,8,8,0-9,0-9,4
شِجْرِة العلي,shajarit 2il3eele,shajarit 2il3eele,True,13,17,10-19,10-19,3
اِنْبَنَي,2inbini,2inbini,True,9,7,0-9,0-9,4
اِنْتَرَى,2intasa,2intara,False,9,7,0-9,0-9,5
بُظَّين,badhiin,badhiin,True,7,7,0-9,0-9,5
يُشْرُع,yishra3,ysharri3,False,7,7,0-9,0-9,3
زُهْرَمَان,zahramaan,zahramaan,True,10,9,10-19,0-9,3
مَعِيق,mu3iiq,mu3iiq,True,6,6,0-9,0-9,5
اِتْخَلَّل,2itkhallal,2itkhallal,True,10,10,10-19,10-19,2
يِسْتَحي,yista7i,yista7i,True,8,7,0-9,0-9,4
دَقّ خَشُوم,dagg khshuum,dagg khshuum,True,11,12,10-19,10-19,5
حُمَايِل,7amaayil,7amaayil,True,8,8,0-9,0-9,5
يُطْقُق,ytaqqiq,ytaqqiq,True,7,7,0-9,0-9,3
يِنْدُب,yundub,yindub,False,7,6,0-9,0-9,3
يِتْعَاطَل,yit3aatal,yit3aatal,True,10,9,10-19,0-9,1
مْزَقْمِق,mzaqziq,mzaqmiq,False,9,7,0-9,0-9,5
اِخْتَشِى,2ikhtishi,2ikhtasha,False,9,9,0-9,0-9,4
نَوَّبِة,noobe,noobe,True,8,5,0-9,0-9,4
طِلْعَش عَرَس العَين,tili3 sha3ar 3alsaani,tili3 sha3ar 3alsaani,True,20,21,20-29,20-29,3
فَرّ,furr,furr,True,4,4,0-9,0-9,4
حِلْتَم,7altim,7altam,False,7,6,0-9,0-9,5
يعَرِّج,yi3ruj,y3arrij,False,7,6,0-9,0-9,1
يْأَرْجِل,y2argil,y2argil,True,9,7,0-9,0-9,2
شُرَامِيط,sharaamiit,sharaamiit,True,9,10,0-9,10-19,2
كَدَّيش,kdiish,kdiish,True,7,6,0-9,0-9,2
رُطّ,ratt,rutt,False,4,4,0-9,0-9,1
يِثْقُل,ytaqqil,ytaqqil,True,7,7,0-9,0-9,3
اِتْنَحْرَت,2it7antar,2it7antar,True,11,9,10-19,0-9,5
قَرْطِم,qartim,qartam,False,7,6,0-9,0-9,4
شْوَحْشِة,shoosha7a,shoosha7a,True,9,9,0-9,0-9,4
يعَنِّف,y3affin,y3annif,False,7,7,0-9,0-9,1
شُان,shaan,shaan,True,4,5,0-9,0-9,4
كعك بسِمْدِي,ka3ik bismiid,ka3ik 2ibsimdi,False,12,13,10-19,10-19,2
سُمْسُم,simsim,samsam,False,7,6,0-9,0-9,4
حَسُّون,7assuun,7assuun,True,7,7,0-9,0-9,2
اِسْتَصْلَح,2istasli7,2istasli7,True,11,9,10-19,0-9,4
سُوَّاط,swaat,swaat,True,7,5,0-9,0-9,4
اِفْخَر,2ifkhar,2ifkhar,True,7,7,0-9,0-9,1
يخَبِّط,ykhabbit,yukhbut,False,7,8,0-9,0-9,2
بَلْبِح,balbi7,balba7,False,7,6,0-9,0-9,3
رَتَب,rutab,rattib,False,5,5,0-9,0-9,3
تْبَهْدَل,tbahdal,tbahdal,True,9,7,0-9,0-9,2
أَبُو دُغَّام,2abu daaghuum,2abu daaghuum,True,13,13,10-19,10-19,4
يْتَأْخِر,yita2akhkhar,yita2akhkhar,True,9,12,0-9,10-19,4
ينَكِّف,yinfakk,yinkuf,False,7,7,0-9,0-9,4
خَامِس,khaamis,khaamis,True,6,7,0-9,0-9,1
حليبهم فسد,7aliibhum fasad,7aliibhum fasad,True,10,15,10-19,10-19,1
عِكِم,3akam,3akkam,False,5,5,0-9,0-9,5
سَهِر,sihir,sahhir,False,5,5,0-9,0-9,3
خَرَّب,kharran,kharrib,False,6,7,0-9,0-9,2
اِتْصَانَح,2itnaasa7,2itsaana7,False,10,9,10-19,0-9,3
يتْبَقْرَن,yitbaqran,yitbaqran,True,10,9,10-19,0-9,2
تُحْشُم,t7ashsham,t7ashsham,True,7,9,0-9,0-9,4
اِتْفَلََّى,2itfalla,2itfalla,True,11,8,10-19,0-9,3
يِنْزَعَج,yinzi3ij,yinzi3ij,True,9,8,0-9,0-9,5
بَوَاز,bwaaz,bwaaz,True,6,5,0-9,0-9,3
يِتْضَمَّم,yitmadmad,yitmadmad,True,10,9,10-19,0-9,2
اِتْفَنّد,2itfannad,2itfannad,True,9,9,0-9,0-9,3
فُسْقَلِة,fasqale,fasqale,True,9,7,0-9,0-9,2
بِيرْفُس النِّعمِة,birfus 2inni3me,birfus 2inni3me,True,18,15,10-19,10-19,3
شَارِد الذُّه,shaarid 2izzihin,shaarid 2izzo,False,13,16,10-19,10-19,2
دِعْبِب,da3bab,da3bab,True,7,6,0-9,0-9,5
يريِّح,yrayyi7,yrayyi7,True,6,7,0-9,0-9,3
يحَرِّق حَرِيشَك,yi7riq 7ariishak,yi7riq 7ariishak,True,16,16,10-19,10-19,1
يِنِقْرِف,yinqirif,yinqirif,True,9,8,0-9,0-9,2
يْحَرْوِق,y7arwiq,y7arwiq,True,9,7,0-9,0-9,2
مُجُوز,muujaz,mjawwiz,False,6,6,0-9,0-9,3
صَيح,sayyi7,sii7,False,4,6,0-9,0-9,4
كَسَد,kassad,kassid,False,5,6,0-9,0-9,3
حَاجَز,7aajiz,7aajiz,True,6,6,0-9,0-9,2
يعَاهِد,y3aahid,y3aahid,True,7,7,0-9,0-9,1
رَكْبِة,rukbe,rukbe,True,7,5,0-9,0-9,3
طَشَّش,tashshish,tashshash,False,6,9,0-9,0-9,1
عُرُوش,3uruush,3uruush,True,6,7,0-9,0-9,2
اِتْنَظَّمَ,2itnazzam,2itnazzam,True,11,9,10-19,0-9,4
خَطَاب,khitaab,khuttaab,False,6,7,0-9,0-9,3
جَبِّر,jabbar,jabbir,False,6,6,0-9,0-9,1
ثَعْلَبِة,sa3labe,sa3labe,True,9,7,0-9,0-9,1
فِلْسِفِة,falsafe,falsafe,True,9,7,0-9,0-9,3
عَظْمِة لسَاني,3admit lsaani,3admit lsaani,True,14,13,10-19,10-19,4
تَلِّم,tilim,tallam,False,6,5,0-9,0-9,1
يفَنِّد,yfannid,yfannid,True,7,7,0-9,0-9,1
يُنْجُح,ynajji7,yinja7,False,7,7,0-9,0-9,4
شِرْمَاطِي,sharaamiit,sharaamiit,True,10,10,10-19,10-19,5
مَغْلُوب عَلى أَمْرُه,maghluub 3ala 2amro,maghluub 3ala 2amro,True,21,19,20-29,10-19,1
يسَلِّب,yislib,yislib,True,7,6,0-9,0-9,1
كُلْكَاعِي,kalaakii3,kalaakii3,True,10,9,10-19,0-9,3
يِفْسَف,yfasfis,yfasfis,True,7,7,0-9,0-9,5
سِاهِم,saahim,saahim,True,6,6,0-9,0-9,4
رِقِي,riqii,raqi,False,5,5,0-9,0-9,1
بَل,bill,ball,False,3,4,0-9,0-9,4
اِتْلَجَّم,2itlajjam,2itlajjam,True,10,9,10-19,0-9,1
رَاوِي,2irwi,raawi,False,6,5,0-9,0-9,5
ضَيَّاع,dayaa3,dayaa3,True,7,6,0-9,0-9,3
كْرُكْفِة,tshirtshaffe,kurkuffe,False,9,12,0-9,10-19,3
مْوَاضِع,mawaadi3,mawaadi3,True,8,8,0-9,0-9,5
أَربَعْتَك عطِيتك,2arba3tak ta3tiik,2arba3tak ti3tiik,False,17,17,10-19,10-19,4
قِلِّة قِيمِة,qillit qiime,qillit qiime,True,13,12,10-19,10-19,1
قَرْط,qarat,qarrit,False,5,5,0-9,0-9,4
اِنَبَع,2inba3at,2inbu3,False,7,8,0-9,0-9,5
اِرْتَجَال,2irtijaal,2irtijaal,True,10,9,10-19,0-9,2
اِنِقْمِع,2inqama3,2inqimi3,False,9,8,0-9,0-9,3
يُرْتُب,yrattib,yrattib,True,7,7,0-9,0-9,5
يليِّح,ylii7,ylii7,True,6,5,0-9,0-9,3
فَرْفَش,farfish,farfash,False,7,7,0-9,0-9,1
حَاوْيِة,7aawye,7aawye,True,8,6,0-9,0-9,1
يِتْقَوقَع,yitqooqa3,yitqooqa3,True,10,9,10-19,0-9,1
دَيمْرُوج,deemaruuj,deemaruuj,True,9,9,0-9,0-9,1
اِخْطَوّ,2ikhtu,2ikhtu,True,8,6,0-9,0-9,5
نَخَز,nakhkhaz,nakhkhiz,False,5,8,0-9,0-9,2
مَطْرَز,mtarraz,mtarriz,False,7,7,0-9,0-9,1
بَيِّعَة,bee3a,bee3a,True,8,5,0-9,0-9,5
هَطِل,hattal,hattil,False,5,6,0-9,0-9,4
حِصَار,7isaar,7aasir,False,6,6,0-9,0-9,4
سَفَّح,safa7,saffi7,False,6,5,0-9,0-9,2
ذُوق,duuq,dawwiq,False,4,4,0-9,0-9,2
يُنْشُز,ynashshiz,yunshuz,False,7,9,0-9,0-9,2
تَسَوُّل,tasawwul,tsawwal,False,8,8,0-9,0-9,3
اِتْجَحَّم,2it7ajjam,2it7ajjam,True,10,9,10-19,0-9,2
دِلِس,dallis,dallas,False,5,6,0-9,0-9,4
خَطَّف,khataf,khataf,True,6,6,0-9,0-9,2
خَبز أَسْمَر,khubiz 2asmar,khubiz 2asmar,True,12,13,10-19,10-19,3
اِتْبَحَّر,2itba77ar,2itba77ar,True,10,9,10-19,0-9,1
اِنْفَجَع,2inifji3,2inifji3,True,9,8,0-9,0-9,3
مْرَاسِيم,maraasiim,maraasiim,True,9,9,0-9,0-9,4
اْقَذِّف,2ikdhif,2iqzif,False,8,7,0-9,0-9,5
يْوَاخِير,yawaakhiir,yawaakhiir,True,9,10,0-9,10-19,4
يْلَاوِد,ylaawid,ylaawid,True,8,7,0-9,0-9,2
يِعْنَاق,y3aaniq,y3aaniq,True,8,7,0-9,0-9,3
يَمْلِي,yimli,ymalli,False,7,5,0-9,0-9,4
مْعَنْتِر,m3antir,m3antir,True,9,7,0-9,0-9,2
تَمَرُّد,tmarrad,tmarrad,True,8,7,0-9,0-9,4
يِسْتَهْبَل,yistahbil,yistahbil,True,11,9,10-19,0-9,2
يدير,ydiir,ydiir,True,4,5,0-9,0-9,4
اُسْطُح,2ista7,2ista7,True,7,6,0-9,0-9,4
يِنْسِكِب,yinsakib,yinsikib,False,9,8,0-9,0-9,2
مْطَمَّة,matmata,matme,False,8,7,0-9,0-9,4
يِهْرِب,yihrub,yharbij,False,7,6,0-9,0-9,5
يِهْبِب,yhabbib,yhabbib,True,7,7,0-9,0-9,4
يِغْرِم,ygharrim,ygharrim,True,7,8,0-9,0-9,3
فَرَّم الخَبَع طَو,farkh 2ilbatt 3awwaam,farkh 2ilbatt 3awwaam,True,18,21,10-19,20-29,2
قَالُوش,qkaaluush,qkaaluush,True,7,9,0-9,0-9,1
اِفْتَقِد,2iftaqid,2iftaqad,False,9,8,0-9,0-9,3
لَحْم رَخِيص,la7im rkhiis,la7im rkhiis,True,12,12,10-19,10-19,2
مَوَال,mawwaal,mawwaal,True,6,7,0-9,0-9,1
صَدِع,sadda3,saddi3,False,5,6,0-9,0-9,5
دَيم,diim,diim,True,4,4,0-9,0-9,4
هَيلَمِة,heelame,heelame,True,8,7,0-9,0-9,1
اِجْزِف,jaazaf,2ijzif,False,7,6,0-9,0-9,3
مَوجِة ضَوئِيِّة,mooje daw2iyye,mooje daw2iyye,True,16,14,10-19,10-19,3
يطَمْطِم,ytamtim,ymatmit,False,8,7,0-9,0-9,1
فَتّ,tiff,fitt,False,4,4,0-9,0-9,5
هِدِم,hadam,haddim,False,5,5,0-9,0-9,5
قَانْصَة,qaansa,qaansa,True,8,6,0-9,0-9,2
مْنَاقَرَة,mnaaqara,mnaaqara,True,10,8,10-19,0-9,2
قْهُوِّة,tshahwa,qahwe,False,8,7,0-9,0-9,5
يِتْبَرْوَز,yitbarwaz,yitbarwaz,True,11,9,10-19,0-9,1
شَلَف,shallaf,shallif,False,5,7,0-9,0-9,1
يقَرِّم,yqarrim,yuqrum,False,7,7,0-9,0-9,3
جَبِّل,jabbal,jabbil,False,6,6,0-9,0-9,1
يِعْلَق,y3alliq,y3alliq,True,7,7,0-9,0-9,3
شَكْشِك,shakshik,shakshak,False,7,8,0-9,0-9,2
يجَرِّي,yijri,yijri,True,7,5,0-9,0-9,1
بُرْمَجِة,barmaje,barmaje,True,9,7,0-9,0-9,5
خَفِيف,khafiif,khafiif,True,6,7,0-9,0-9,1
اِنْسِلِخ,2insilikh,2insilikh,True,9,9,0-9,0-9,4
اُشْخُط,2ishkhat,2ishkhat,True,7,8,0-9,0-9,2
مُقْدَمِة,mqaddame,muqaddame,False,9,8,0-9,0-9,5
مَفْغوُص,mafghuus,mafghuus,True,8,8,0-9,0-9,3
لَابسة و متلسبة,laabsew mitlabse,laabsew mitlabse,True,15,16,10-19,10-19,3
يِسْتَنْتِج,yistantij,yistantij,True,11,9,10-19,0-9,1
يُوزِن,yuuzin,ywazzin,False,6,6,0-9,0-9,3
يِهْبَلّ,yhabbil,yhabbil,True,8,7,0-9,0-9,2
يجَادِل,yjaadil,yjaadil,True,7,7,0-9,0-9,1
اِسْتَجْرَا,2istajaar,2istajra,False,11,9,10-19,0-9,2
تَهَنْدَم,thandam,thandam,True,9,7,0-9,0-9,4
يدَهْوِس,ydahwis,ydahwis,True,8,7,0-9,0-9,1
ينَشِّفي,yinshifi,yinshifi,True,8,8,0-9,0-9,5
اُرْشُم,2urshum,2urshum,True,7,7,0-9,0-9,1
حَيَادِيِّة,7iyaadiyye,7iyaadiyye,True,11,10,10-19,10-19,2
لَاهْي,laahi,laahi,True,6,5,0-9,0-9,5
قِدْحِيِّة,qkud7iyye,qkud7iyye,True,10,9,10-19,0-9,4
لَوَذ,luudh,lawwadh,False,5,5,0-9,0-9,4
يِجْلُط,yujlut,yjallit,False,7,6,0-9,0-9,3
يْمَرْدِح,ymardi7,ymardi7,True,9,7,0-9,0-9,2
اِتْمَاشَغ,2itghaasham,2itghaasham,True,10,11,10-19,10-19,4
اِعْطَس,2u3tus,2u3tus,True,7,6,0-9,0-9,4
يْبَشِّر,yibshur,yibshur,True,8,7,0-9,0-9,4
اِنْصَفّ,2insif,2insif,True,8,6,0-9,0-9,2
جَوَّع,wajji3,wajji3,True,6,6,0-9,0-9,2
دُوَّالِة,dawaale,dawaale,True,9,7,0-9,0-9,4
تْمَشَّس,tshammas,tmashshas,False,8,8,0-9,0-9,4
يسَنْتِهِف,yistanhif,yistanhif,True,10,9,10-19,0-9,3
يخَرْوِط,ykharwit,ykharwit,True,8,8,0-9,0-9,1
يِنِكْفِي,yinkifi,yinkifi,True,9,7,0-9,0-9,2
حَرَف,7iraf,7arrif,False,5,5,0-9,0-9,2
يِشْمِس,yishmis,yishmis,True,7,7,0-9,0-9,2
اُمْرُج,2umruj,2umruj,True,7,6,0-9,0-9,1
حُرْمَان,7irmaan,7armaan,False,8,7,0-9,0-9,5
نِظَار,naadhir,naddhaar,False,6,7,0-9,0-9,5
يِتْوَاحَى,yitwaa7a,yitwaa7a,True,10,8,10-19,0-9,1
جُرُح,juru7,jarri7,False,5,5,0-9,0-9,4
مَتْرِح,mtarri7,mtarri7,True,7,7,0-9,0-9,3
تَنْح,tanni7,tanni7,True,5,6,0-9,0-9,5
اِنْطِزِع,2intizi3,2initzi3,False,9,8,0-9,0-9,3
غَشِم,ghashshim,ghashsham,False,5,9,0-9,0-9,5
اِسْتِرْدَاد,2istirdaad,2istirdaad,True,12,10,10-19,10-19,4
يطَارِد,ytaarid,ytaarid,True,7,7,0-9,0-9,1
دُبَق,dibiq,dabbiq,False,5,5,0-9,0-9,5
مِتْوَفِّر,mutawaffir,mitwaffir,False,10,10,10-19,10-19,1
اِشَقَع,2ishqa3,2ishqa3,True,7,7,0-9,0-9,3
حَسَكِة,7asake,7asake,True,7,6,0-9,0-9,2
هٰشّ,hishsh,hishsh,True,4,6,0-9,0-9,5
لَبَّادِة,lbaade,lbaade,True,9,6,0-9,0-9,2
تُمْهَل,tmahhal,tmahhal,True,7,7,0-9,0-9,5
اُنْقُز,2inquz,2inquz,True,7,6,0-9,0-9,1
شَيَّش,shayyish,shayyash,False,6,8,0-9,0-9,2
هَنْدِم,handam,handam,True,7,6,0-9,0-9,3
دَبْلِة,dible,dable,False,7,5,0-9,0-9,4
دَمَاعِين,damaasiin,damaa3iin,False,9,9,0-9,0-9,4
يِعْفِف,y3affif,y3affif,True,7,7,0-9,0-9,3
يعَفِّس,yi3fis,yi3fis,True,7,6,0-9,0-9,1
يِتَصَارَح,yitsaara7,yitsaara7,True,10,9,10-19,0-9,2
طَوبَر,toobar,toobar,True,6,6,0-9,0-9,1
اُصْرُع,saari3,2isra3,False,7,6,0-9,0-9,4
جَمِيع,jamii3,jamii3,True,6,6,0-9,0-9,1
سَبِّح,sibi7,sabbi7,False,6,5,0-9,0-9,1
نَيل,niil,nayyal,False,4,4,0-9,0-9,4
اِغْسَل,2ighsil,2ighsil,True,7,7,0-9,0-9,3
سَخْطَة تِسْخَطَك,sakhta tiskhatak,sakhta tiskhatak,True,17,16,10-19,10-19,2
يِتْزَبَّل,yitzabbal,yitzabbal,True,10,9,10-19,0-9,2
اُورْش,2uurish,2uurish,True,6,7,0-9,0-9,3
رَوَايِح,rawaayi7,rawaayi7,True,8,8,0-9,0-9,1
اِتْوِسَّع,2itwassa3,2itwassa3,True,10,9,10-19,0-9,5
فرقهَا عيد,fraaqo 3iid,farqa 3iid,False,10,11,10-19,10-19,5
مُفَرِّع,mfarri3,mfarri3,True,8,7,0-9,0-9,5
مُحْجِب,m7ajjab,m7ajjib,False,7,7,0-9,0-9,5
رَش,rashsh,rashsh,True,3,6,0-9,0-9,4
دَرِس,daras,darris,False,5,5,0-9,0-9,4
أَسْرَجْم,2sarmaj,2sarmaj,True,9,7,0-9,0-9,3
جْرَايِد,jaraayid,jaraayid,True,8,8,0-9,0-9,5
دُرْدُكِّة,dardake,dardake,True,10,7,10-19,0-9,3
مَحْيَرَنِة,m7ayrane,m7ayrane,True,11,8,10-19,0-9,1
مَلْهِب,mlahlib,mlahlab,False,7,7,0-9,0-9,4
طَوَس,tuus,toos,False,5,4,0-9,0-9,5
يِنْضِرِب,yindirib,yinidrib,False,9,8,0-9,0-9,1
تَفَرُّز,tfarraz,tfarraz,True,8,7,0-9,0-9,2
اِسْتَرَدّ,2istaradd,2istaradd,True,10,9,10-19,0-9,2
جَلِّق,djallak,djallik,False,6,7,0-9,0-9,2
دَاعَر,daa3ir,daa3ir,True,6,6,0-9,0-9,2
فِشِر,fashshar,fashshir,False,5,8,0-9,0-9,4
سِكِّين,sikkiin,sakiin,False,7,7,0-9,0-9,3
اِرْتَقى,2irtaqa,2irtaqa,True,8,7,0-9,0-9,2
غِيب,ghiib,ghayyib,False,4,5,0-9,0-9,3
تَشَقُّق,tshaqqaq,tshaqqaq,True,8,8,0-9,0-9,3
طُنْجُر,tanjar,tanjar,True,7,6,0-9,0-9,3
يِدْك,ydikk,ydikk,True,5,5,0-9,0-9,4
لُخْبُط,lakhbat,lakhbit,False,7,7,0-9,0-9,5
دَوْرَة الجَرَاس,doorit 2israadj,doorit 2iljaras,False,16,15,10-19,10-19,3
سَدُّورَة,sduura,sduura,True,9,6,0-9,0-9,3
يِتَمْسَر,yitmasmar,yitmaaras,False,9,9,0-9,0-9,3
اِنْحَطَّم,2in7atam,2in7atam,True,10,8,10-19,0-9,5
مَقْصِب,mqassab,mqassab,True,7,7,0-9,0-9,4
يِشْرُك,yishrik,ysharrik,False,7,7,0-9,0-9,5
نْقَاق,naqqaaq,naqqaaq,True,6,7,0-9,0-9,2
مْسَلْوَع,msalwi3,masluu3,False,9,7,0-9,0-9,3
تْبِنِّس,tbannas,tbannas,True,8,7,0-9,0-9,5
عَنِّب,3unub,3unub,True,6,5,0-9,0-9,2
تْوَاقَح,twaaqa7,twaaqa7,True,8,7,0-9,0-9,1
أَنْفُق,2anfaq,2anfaq,True,7,6,0-9,0-9,4
اِتَّقي,2ittiqi,2ittiqi,True,7,7,0-9,0-9,4
عُتُب,3itib,3attab,False,5,5,0-9,0-9,5
لَاذّ,laadh,laadh,True,5,5,0-9,0-9,2
جَيَّف,jiyaf,jayyaf,False,6,5,0-9,0-9,2
رَطَّب,rattib,rattib,True,6,6,0-9,0-9,1
سِفْلِت,saflit,saflit,True,7,6,0-9,0-9,5
مَطِّر,mattar,mattar,True,6,6,0-9,0-9,3
أَفْحِم,2af7am,2af7am,True,7,6,0-9,0-9,3
بَادِّي,baadi,baadi,True,7,5,0-9,0-9,3
تْجَاحَش,tjaa7ash,tjaa7ash,True,8,8,0-9,0-9,1
صَصَامِيم,samaasiim,samaasiim,True,9,9,0-9,0-9,2
حَالِت,7aalit,7aalit,True,6,6,0-9,0-9,1
شَحْطَط,sha7tit,sha7tit,True,7,7,0-9,0-9,1
عَيَّط,3ayyit,3ayyit,True,6,6,0-9,0-9,5
رِفِش,raffish,raffish,True,5,7,0-9,0-9,5
رَقَعَت ضَحْكِة,raqa3at di7ke,raqa3at di7ke,True,15,13,10-19,10-19,5
خِتْيَرَة,khatyara,khatyara,True,9,8,0-9,0-9,5
تَجَحّش,tja77ash,tja77ash,True,7,8,0-9,0-9,3
بَعْبَش,ba3bish,ba3bish,True,7,7,0-9,0-9,1
رَصَاصِة بنُص صَبَاحُه,rasaase bnuss sabaa7o,rasaase bnuss sabaa7o,True,22,21,20-29,20-29,2
دَعْوِس,da3was,da3wis,False,7,6,0-9,0-9,1
يزَهِّد,yizhad,yizhad,True,7,6,0-9,0-9,1
اِتْوِحِش,2itwa77ash,2itwa77ash,True,9,10,0-9,10-19,3
بْنِيقَة,binneeqa,bneeqa,False,8,8,0-9,0-9,5
زَهَق,zahhaq,zahhaq,True,5,6,0-9,0-9,1
يِنْعِدِل,yin3idil,yin3idil,True,9,8,0-9,0-9,1
قَطَع,qatti3,qatti3,True,5,6,0-9,0-9,1
اِتْمَلْخَع,2itmakhla3,2itmalkha3,False,11,10,10-19,10-19,4
صَهِج,sahadj,sahadj,True,5,6,0-9,0-9,4
مْعَرْكَس,m3arkas,m3arkas,True,9,7,0-9,0-9,1
تْلَبَس,tlabbas,tlabbas,True,7,7,0-9,0-9,5
لِس,lass,liss,False,3,4,0-9,0-9,5
اِتْبَوَّج,2itwajjab,2itbawwaj,False,10,9,10-19,0-9,5
يقَسْقِس,ysa2si2,yqasqisykas,False,8,7,0-9,0-9,2
اِسْتِوْفَاء,2istiwfaa2,2istiwfaa2,True,12,10,10-19,10-19,1
تْرَتَّبِي,tartiib,tartiib,True,10,7,10-19,0-9,5
رَاجِع,raaja3,raaji3,False,6,6,0-9,0-9,1
جَبَار,jabbaar,jbaar,False,6,7,0-9,0-9,4
مُتَصَرْبِع,mitsarbi3,mitsarbi3,True,11,9,10-19,0-9,3
مُقْنِب,mqkannab,mqkannib,False,7,8,0-9,0-9,3
كَسَر نَعْسِتُه,kasar na3sito,kasar na3sito,True,15,13,10-19,10-19,1
فُور,foor,fawwar,False,4,4,0-9,0-9,2
شُخُور,shakhwir,shakhwar,False,6,8,0-9,0-9,3
مْعَمَّل,ma3mal,m3ammil,False,8,6,0-9,0-9,1
مِنْطِفِيل,muntufli,muntufli,True,10,8,10-19,0-9,2
يِنْجَلَد,yinjilid,yinjilid,True,9,8,0-9,0-9,3
لْسَانُه حلُو,lsano 7ilu,lsano 7ilu,True,13,10,10-19,10-19,5
سَرَق,saraq,saraq,True,5,5,0-9,0-9,1
السَّاكِت عن الحق شيط,2issaakit 3an 2il7aqq shaytaan 2akhras,2issaakit 3an 2il7aqqit shaytaqq,False,21,38,20-29,30-39,5
فَلَّص,fallis,fallis,True,6,6,0-9,0-9,1
سَتِّر,satar,sattir,False,6,5,0-9,0-9,3
دَفَائِي,fidaa2i,difaa2i,False,8,7,0-9,0-9,4
سَؤَال,su2aal,su2aal,True,6,6,0-9,0-9,1
اِكْبُش,2ikbish,2ikbish,True,7,7,0-9,0-9,5
اُدْفُش,2idfash,2idfashsh,False,7,7,0-9,0-9,5
يُرْجُل,yrajjil,yrajjil,True,7,7,0-9,0-9,3
اِتْدَدْحَل,2idda7dal,2idda7dal,True,11,9,10-19,0-9,3
وِجَاهَة,waajha,wajaaha,False,8,6,0-9,0-9,4
حِضِر,7idir,7addir,False,5,5,0-9,0-9,5
مِسْتَبْيِع,mistabyi3,mistabii3,False,11,9,10-19,0-9,1
يِكْهَرِب,ykahrib,ykahrib,True,9,7,0-9,0-9,3
عَطّ البَلَاط,3attaal battaal,3att 2ilbalaat,False,13,15,10-19,10-19,1
اِنْغِرِم,2inghirim,2ingharam,False,9,9,0-9,0-9,4
خِلْسِة,khilse,khilse,True,7,6,0-9,0-9,3
دَبِّر رَاسَك,dabbir raasak,dabbar raasak,False,13,13,10-19,10-19,2
نِشَاز,nashaaz,nashshaaz,False,6,7,0-9,0-9,4
فَصْعُون,fas3uun,fas3uun,True,8,7,0-9,0-9,2
رِسِخ,risikh,rassikh,False,5,6,0-9,0-9,4
حَبَّات,7abbaat,7abbaat,True,7,7,0-9,0-9,1
جَمَايِل,jamaayil,jamaayil,True,8,8,0-9,0-9,1
حَفَرْتَلِي,7afartali,7afartali,True,11,9,10-19,0-9,1
يكَيِّل,ykayyal,ykayyil,False,7,7,0-9,0-9,1
دِرَافِيل,daraafiil,daraafiil,True,9,9,0-9,0-9,2
لِام,laam,laam,True,4,4,0-9,0-9,3
مْشَنْوَق,mashnuuq,mashnuuq,True,9,8,0-9,0-9,3
يِصْهَل,ysahlil,ysahhil,False,7,7,0-9,0-9,3
حِزِم,7izam,7azzim,False,5,5,0-9,0-9,4
اِتْثَعْبَر,2itba3tar,2itba3tar,True,11,9,10-19,0-9,3
اِنْتَهِي,2intihi,2intihi,True,9,7,0-9,0-9,2
دَنْق,dannag,dannig,False,5,6,0-9,0-9,5
حَجَر الأسَاس,7ajar 2il2asaas,7ajar 2il2asaas,True,13,15,10-19,10-19,2
عَصَّر,3assar,3assar,True,6,6,0-9,0-9,1
يِلْوَد,ylawwid,ylawwid,True,7,7,0-9,0-9,5
خَنِّة,khanne,khanne,True,6,6,0-9,0-9,1
يِحْرِس,yu7rus,yu7rus,True,7,6,0-9,0-9,2
شَبْرَحَة,shabra7a,shabra7a,True,9,8,0-9,0-9,1
اِتَشَرَّح,2itsharra7,2itsharra7,True,10,10,10-19,10-19,3
يِهْدَر,yuhdur,yuhdur,True,7,6,0-9,0-9,5
جِلِق,djallik,djallik,True,5,7,0-9,0-9,4
اِشْمِر,2ushmur,2ushmur,True,7,7,0-9,0-9,3
كَبَس,kabbas,kabbis,False,5,6,0-9,0-9,3
اِتْفَقّد,2itfaqqad,2itfaqqad,True,9,9,0-9,0-9,2
جُخّ,jakhkh,jakhkh,True,4,6,0-9,0-9,1
من فَارِيل علَامِة,manaara fil3ilim,min firaa 3alamiit 2ilmaal,False,18,16,10-19,10-19,2
حَمَامِة,7amaame,7amaame,True,8,7,0-9,0-9,1
مَدَارَاة,mdaaraa,mdaaraa,True,9,7,0-9,0-9,5
أَضْلَاع,2adlaa3,2adlaa3,True,8,7,0-9,0-9,1
اِجْفِي,2ijfi,2ijfi,True,7,5,0-9,0-9,1
طَابَّق,taabiq,taabiq,True,7,6,0-9,0-9,5
جَنَس,jannas,jannas,True,5,6,0-9,0-9,4
بَقِلّ بَور,bqalb wurab,bqalb wurabb,False,11,11,10-19,10-19,3
اِنْتَخِب,2intakhab,2intikhib,False,9,9,0-9,0-9,3
اُوشِش,waashish,2uushish,False,6,8,0-9,0-9,5
مْحَشِّش,m7ashshish,m7ashshish,True,8,10,0-9,10-19,1
يِلْهَمِد,ylahmid,ylahmid,True,9,7,0-9,0-9,5
جُنُط,jant,jannit,False,5,4,0-9,0-9,4
اِتْقَاتَل,2itqaatal,2itqaatal,True,10,9,10-19,0-9,1
يتْطَاحَن,yittaa7an,yittaa7an,True,9,9,0-9,0-9,2
يسيِّر,ysayyir,ysiir,False,6,7,0-9,0-9,4
أَوْت,2awwit,2awwit,True,5,6,0-9,0-9,5
قَدَّر,qaddir,qaddir,True,6,6,0-9,0-9,2
نُقُوش,nquush,nquush,True,6,6,0-9,0-9,3
تَقْوِل,tqawwal,tqawwal,True,7,7,0-9,0-9,5
اِنْجو,2inju,2inju,True,6,5,0-9,0-9,3
تَوَاطُأ,twaata2,twaata2,True,8,7,0-9,0-9,2
شَرْمِط,sharmit,sharmit,True,7,7,0-9,0-9,2
صَرْبَع,sarba3,sarbi3,False,7,6,0-9,0-9,2
اِنْضِج,2induj,2induj,True,7,6,0-9,0-9,4
عَجِّة,3ijje,3ijje,True,6,5,0-9,0-9,1
اِقْلِش,2aalish,2aalish,True,7,7,0-9,0-9,4
دِيوَنْجِي,deewanji,deewanji,True,10,8,10-19,0-9,2
يِخْرِنِف,ykharfin,ykharfin,True,9,8,0-9,0-9,4
دَلْدَل,daldal,daldal,True,7,6,0-9,0-9,1
خُبُط,khabbit,khabbit,True,5,7,0-9,0-9,4
بِيت,beet,beet,True,4,4,0-9,0-9,2
حَزِّق,7azaq,7azaq,True,6,5,0-9,0-9,1
صَفّ,fass,suff,False,4,4,0-9,0-9,1
قَدَّاح,qdaa7,qdaa7,True,7,5,0-9,0-9,1
وَعَد,wa3ad,wa33id,False,5,5,0-9,0-9,2
يِتَشَبَّك,yitshabbak,yitshabbak,True,10,10,10-19,10-19,5
سُمْعَة منيحة,sum3a mnii7a,sum3a mnii7a,True,13,12,10-19,10-19,2
بَابِد العِس,baab 2issa3id,baab 2il3asad,False,12,13,10-19,10-19,4
مَنَح,mana7,manna7,False,5,5,0-9,0-9,1
يطَبِّق,yutbuq,ytabbiq,False,7,6,0-9,0-9,2
يقَرِّق,yqarriq,yuqruq,False,7,7,0-9,0-9,2
حَصِّح,7as7as,7as7as,True,6,6,0-9,0-9,4
تَذَكْرَة,tazkara,tazkara,True,9,7,0-9,0-9,4
اِسْتَنِب,2istanbat,2istanbar,False,9,9,0-9,0-9,5
وَذِن,wadhdhan,wadhdhin,False,5,8,0-9,0-9,4
تَحْمِيلَة,ta7miile,ta7miile,True,10,8,10-19,0-9,4
عِمِل,3imil,3ammil,False,5,5,0-9,0-9,4
حَلَت,7altim,7alat,False,5,6,0-9,0-9,4
يحَجِّم,y7ajjim,y7ajjim,True,7,7,0-9,0-9,3
سَلَّح,salla7,salli7,False,6,6,0-9,0-9,2
مْرَارَاة,mraaraa,mraaraa,True,9,7,0-9,0-9,1
كَدَمِة,kadme,kadme,True,7,5,0-9,0-9,1
فُرْفُح,farfi7,farfi7,True,7,6,0-9,0-9,4
اُصْمُت,saamit,2ismut,False,7,6,0-9,0-9,3
يضَعْضِع,y3ad3id,yda3di3,False,8,7,0-9,0-9,2
اُوخَذ,waakhaz,2uukhiz,False,6,7,0-9,0-9,5
بَلَغ,ballagh,balligh,False,5,7,0-9,0-9,1
شَقَّف,shaqqaf,shaqqif,False,6,7,0-9,0-9,1
رُمّ,rumm,ramm,False,4,4,0-9,0-9,2
بَنْشَد فِيه الظَّهِر,binshadd fii 2iddahir,binshadd fii 2iddahir,True,21,21,20-29,20-29,2
مْعَمَّرَة,m3ammara,ma3mara,False,10,8,10-19,0-9,2
زَرَافِيل,zaraafiil,zaraafiil,True,9,9,0-9,0-9,2
اُفْقُس,faagis,2ufqus,False,7,6,0-9,0-9,5
تَلَّا,tala,tala,True,6,4,0-9,0-9,3
مَعّ,ma3,ma3,True,4,3,0-9,0-9,3
يْبَحِّز,yib7az,yba77iz,False,8,6,0-9,0-9,4
دُعَّاسِة,da33aase,da33aase,True,9,8,0-9,0-9,2
لَمِّس,lamis,lammis,False,6,5,0-9,0-9,3
يِتْفَهْمَن,yitfahman,yitfahman,True,11,9,10-19,0-9,1
زُقَّايِق,zaqk2aayiqk2,zaqk2aayiqk2,True,9,12,0-9,10-19,5
يِرْفِه,yraffih,yraffih,True,7,7,0-9,0-9,3
صَاغِس ليم,saagh saliim,saagh saliim,True,10,12,10-19,10-19,3
تُلَّال,tlaal,tlaal,True,7,5,0-9,0-9,5
مسَافِة الطِّير,masaafit 2ittariiq,msaafe 2ittariyye,False,15,18,10-19,10-19,5
يُسْمِي,ysammi,ysammi,True,7,6,0-9,0-9,3
قْوَاد,qgawwaad,qgawwaad,True,6,8,0-9,0-9,3
سولَافِة,soolaafe,sawaalife,False,8,8,0-9,0-9,5
اُنْغُل,2inghall,2unghul,False,7,8,0-9,0-9,2
بعرض النور,bi3ard 2innawar,bi3ard 2innawar,True,10,15,10-19,10-19,1
اِحْتِضَار,2i7tidaar,2i7tidaar,True,10,9,10-19,0-9,2
اِخْتَصَار,2ikhtisaar,2ikhtisaar,True,10,10,10-19,10-19,2
يِفَرْطِح,yfarti7,yfarti7,True,9,7,0-9,0-9,5
خَشَط,khushut,khashshit,False,5,7,0-9,0-9,3
فَائِج,faaji2,faaji2,True,6,6,0-9,0-9,4
وَظَائَف,wazaa2if,wazaa2if,True,8,8,0-9,0-9,5
مَرْمِغ,marmagh,marmagh,True,7,7,0-9,0-9,2
اِنِكْشِح,2inkasha7,2inkasha7,True,9,9,0-9,0-9,5
لَحِد,la7add,la77ad,False,5,6,0-9,0-9,5
لَزَّق,lazziq,lazziq,True,6,6,0-9,0-9,2
سَكِين,sikkiin,sakkiin,False,6,7,0-9,0-9,1
كَرِع,karra3,karri3,False,5,6,0-9,0-9,4
عُيشِة,3iishe,3iishe,True,6,6,0-9,0-9,3
اِتْصَبَّى,2itsaaba,2itsabba,False,10,8,10-19,0-9,5
يُشْفُط,yushfut,yshaffit,False,7,7,0-9,0-9,4
عُتْرُس,3atris,3atras,False,7,6,0-9,0-9,3
فُوتِة,foote,foote,True,6,5,0-9,0-9,3
شَتْوِة المَسَّاطِيح,shatwit 2ilmasaatii7,shatwit 2ilmasaatii7,True,20,20,20-29,20-29,5
يعِيد مأسَاة,y3iid ma2saat,y3iid ma2saat,True,12,13,10-19,10-19,1
عَبَّس,3abbas,3abbis,False,6,6,0-9,0-9,1
مُسَخَّرَة,maskhara,maskhara,True,10,8,10-19,0-9,5
طِفِش,tafash,taffish,False,5,6,0-9,0-9,4
فَضْفِض,fadfad,fadfad,True,7,6,0-9,0-9,1
صَبَاح اليَاس مني,sabaa7 2ilyaasmiin,sabaa7 2ilyaasmiin,True,17,18,10-19,10-19,5
كَاحَش,kaa7ish,kaa7ish,True,6,7,0-9,0-9,2
يطُين,ytayyin,ytayyin,True,5,7,0-9,0-9,4
خُصْلِة,khusle,khusle,True,7,6,0-9,0-9,2
غَلِّيسِيِّة,ghaliisiyye,ghaliisiyye,True,12,11,10-19,10-19,2
قَرْفَصِة,qarfasa,qarfasa,True,9,7,0-9,0-9,4
مِكْنِك,mkankin,mkankin,True,7,7,0-9,0-9,5
خَلَّص,khilis,khallis,False,6,6,0-9,0-9,2
يُورْد,ywarrid,ywarrid,True,6,7,0-9,0-9,4
عَقَّب,3aqqab,3ugub,False,6,6,0-9,0-9,2
طَيرَان,tayaraan,tayaraan,True,7,8,0-9,0-9,3
مْضَبْوَب,madbuub,madbuub,True,9,7,0-9,0-9,5
يصَدِّي,ysaddi,ysaddi,True,7,6,0-9,0-9,2
بُرَّيص,brees,brees,True,7,5,0-9,0-9,4
اِسْتَوْسَخ,2istawsakh,2istawsikh,False,11,10,10-19,10-19,4
يتْيَيَّس,yityassar,yityassas,False,9,9,0-9,0-9,4
تْلَقَّط,tlaqqat,tlaqqat,True,8,7,0-9,0-9,1
طَسْطَسِة,tastase,tastase,True,9,7,0-9,0-9,1
يِتْنَخَّمَ,yitkhannam,yitkhannam,True,11,10,10-19,10-19,5
اِعْـتِدَام,2i3timaad,2i3timaad,True,11,9,10-19,0-9,5
يمَتْلِي,yimtili,yimtili,True,8,7,0-9,0-9,3
اِتْدَوَّع,2itwadda3,2itwa33ad,False,10,9,10-19,0-9,5
مَشْحوُر,msha7war,msha7wir,False,8,8,0-9,0-9,5
بَظ,buzz,bazz,False,3,4,0-9,0-9,4
تْبِرْعِم,tbar3am,tbar3am,True,9,7,0-9,0-9,4
اِمَّغِّج,2imghadj,2imghadj,True,9,8,0-9,0-9,5
دَرَب,darrib,darrab,False,5,6,0-9,0-9,1
اِفْقُس,2ufqus,2ufqus,True,7,6,0-9,0-9,2
يجُوع,yjawwi3,yjawwi3,True,5,7,0-9,0-9,2
جِزّ,jazzaz,jazz,False,4,6,0-9,0-9,2
يِرْطَل,yrattil,yrattil,True,7,7,0-9,0-9,4
طَبَّر,tabbir,tabbir,True,6,6,0-9,0-9,2
مَتْعِب,mut3ib,mta33ib,False,7,6,0-9,0-9,5
حَلْحِل,7al7il,7al7al,False,7,6,0-9,0-9,4
مَهْبُول,mahbuul,mahbuul,True,8,7,0-9,0-9,1
اِنْدِفِس,2indifis,2indafas,False,9,8,0-9,0-9,4
نِيل,nayyal,nayyal,True,4,6,0-9,0-9,2
اِنْطِرِم,2intaram,2intaram,True,9,8,0-9,0-9,4
اِنْجَغِم,2injagham,2injagham,True,9,9,0-9,0-9,5
اِنْشَعِط,2insha3at,2inshi3it,False,9,9,0-9,0-9,5
نَبِت,nabbat,nabbat,True,5,6,0-9,0-9,4
لِحِس,la77is,la77as,False,5,6,0-9,0-9,5
يِتْغَلَّب,yitghallab,yitghallab,True,10,10,10-19,10-19,2
اِجْعَلُوهَا عَودِة,2ij3aluuha b3oode,2ij3aluuha b3oode,True,19,17,10-19,10-19,1
تَعَتِّيم,ta3tiim,ta3tiim,True,9,7,0-9,0-9,2
مِتْشَائِم,mitshaa2im,mitshaa2im,True,10,10,10-19,10-19,4
اُمْكُن,maakin,2imkin,False,7,6,0-9,0-9,4
كَيِّش,kayyash,kayyish,False,6,7,0-9,0-9,2
شِتْلِة,shatle,shatle,True,7,6,0-9,0-9,5
ينَقْرِم,yinqirim,yinqirim,True,8,8,0-9,0-9,5
تْخَشَبّب,tkhashshab,tkhashshab,True,9,10,0-9,10-19,4
تَسَلُّكي,tasliik,tasliik,True,9,7,0-9,0-9,3
تَفَنْدِي,tafniid,tafniid,True,9,7,0-9,0-9,4
اِسْتَدْسِم,2istadsam,2istadsam,True,11,9,10-19,0-9,4
يِرْبُط,yurbut,yurbut,True,7,6,0-9,0-9,2
قبَاقِيب,qabaaqiib2abaa2iib,qabaaqiib2abaa2iiba2aba2i,False,8,18,0-9,10-19,4
أَضَحِّى,2ad7a,2ad7a,True,8,5,0-9,0-9,5
خُمَّيل,khmiil,khamiil,False,7,6,0-9,0-9,3
يِغْرِش,yughrush,yughrush,True,7,8,0-9,0-9,3
تَنَقَّى,tnaqqa,tnaqqa,True,8,6,0-9,0-9,3
شَحَذ,shi7id,sha77id,False,5,6,0-9,0-9,1
حِسّ,7iss,7ass,False,4,4,0-9,0-9,2
عَرَّف,3irif,3arrif,False,6,5,0-9,0-9,1
ظَن,zann,zunn,False,3,4,0-9,0-9,4
مَقَّاس,maqaas,maqaas,True,7,6,0-9,0-9,5
هِوْشِة,hooshe,hooshe,True,7,6,0-9,0-9,3
مِسْتَكَة,mistika,mistika,True,9,7,0-9,0-9,5
نْصَاب,nassaab,nassaab,True,6,7,0-9,0-9,3
قَشِع,qashshi3,qashshi3,True,5,8,0-9,0-9,5
هَبَّك,habbak,habbik,False,6,6,0-9,0-9,2
مَورَشْت,mwartish,mwartish,True,8,8,0-9,0-9,4
سَمَن,simin,sammin,False,5,5,0-9,0-9,3
رِعْيَان,ri3yaan,ra3yaan,False,8,7,0-9,0-9,1
أَرْبِع,2arba3,2arba3,True,7,6,0-9,0-9,4
مُوتِد,mwattid,mwattid,True,6,7,0-9,0-9,2
مُتَرَاجِع,mitraaji3,mitraaji3,True,10,9,10-19,0-9,2
جَرَن,jarin,jurun,False,5,5,0-9,0-9,3
يِنِرْبِط,yinribit,yinribit,True,9,8,0-9,0-9,2
اِسْتِرْقَار,2istiqraar,2istiqraar,True,12,10,10-19,10-19,3
خٰنّ,khinn,khann,False,4,5,0-9,0-9,5
تَجْأِيل,ta2jiil,taj2iil,False,8,7,0-9,0-9,2
طِبَاخ,tabbaakh,tabbaakh,True,6,8,0-9,0-9,5
مَا كَذَّب خَبَّر,maa kazzab khabar,maa kadhdhab khabar,False,17,17,10-19,10-19,2
طَرِّش,tarash,tarash,True,6,6,0-9,0-9,3
اُكْعُش,2ik3ash,2ik3ash,True,7,7,0-9,0-9,3
عَرَاضَة,3araada,3araada,True,8,7,0-9,0-9,1
تَجَنُّب,tjannab,tjannab,True,8,7,0-9,0-9,2
توَاجَد,twaajad,twaajad,True,7,7,0-9,0-9,4
فَسَق,fasaq,fassiq,False,5,5,0-9,0-9,3
زْقُوم,zquum,zquum,True,6,5,0-9,0-9,1
الرِّيحة بتُقتُل,2irrii7a btuqtul,2irrii7a btuqtul,True,16,16,10-19,10-19,3
وَذَنَين,wadaniin,wadaniin,True,8,8,0-9,0-9,1
يُلْتِجِئ,yiltaji2,yiltiji2,False,9,8,0-9,0-9,5
نَافش حَالُه مثل النيص,naafish 7aalo mitil 2inniis,naafish 7aalo mithil 2inniis,False,22,27,20-29,20-29,5
قَزْقِز,qazqiz,qazqaz,False,7,6,0-9,0-9,1
قَنِّص,qans,qannis,False,6,4,0-9,0-9,2
مْقَنَّش,mqkannish,mqkannish,True,8,9,0-9,0-9,2
تَلُوق,tlawwaq,tlawwaq,True,6,7,0-9,0-9,4
اِجْعُط,2idj3at,2idj3at,True,7,7,0-9,0-9,2
يُزْكِي,yzakki,yzakki,True,7,6,0-9,0-9,3
اِتْصَحَّح,2itsa77a7,2it7as7as,False,10,9,10-19,0-9,1
شَمَل,shimil,shammil,False,5,6,0-9,0-9,3
يجَنِّد,ynajjid,yinjid,False,7,7,0-9,0-9,4
اِتْبَرْبَك,2itbarbak,2itbarbak,True,11,9,10-19,0-9,2
حَنْحَن,7an7in,7an7an,False,7,6,0-9,0-9,1
يقَهْوِي,yqahwiygahwi,yqahwiygahwi,True,8,12,0-9,10-19,1
يسَدِّد,ysaddid,ysaddid,True,7,7,0-9,0-9,1
مُحَاجِر,ma7aajir,ma7aajir,True,8,8,0-9,0-9,4
فَايِد,faayid,faayid,True,6,6,0-9,0-9,1
مُسْتَخْلِص,mustakhlas,mistakhlis,False,11,10,10-19,10-19,1
يكَوِّي,yikwi,yikwi,True,7,5,0-9,0-9,2
يزيِّل,yziil,yziil,True,6,5,0-9,0-9,3
وِحْشِة,wa7she,wa7she,True,7,6,0-9,0-9,2
جُمَّاع,jimaa3,jamaa3,False,7,6,0-9,0-9,4
تَخَرُّج,takharruj,tkharraj,False,8,9,0-9,0-9,2
يْدَرْبِس,ydarbis,ydarbis,True,9,7,0-9,0-9,3
يأَهِّل,y2ahhil,y2ahhil,True,7,7,0-9,0-9,1
كَرَة قَدَم,kurat qadam,karat qadamm,False,11,11,10-19,10-19,2
مُقْلِق,muqliq,mqalliq,False,7,6,0-9,0-9,3
رَادَّم,raadim,raadim,True,7,6,0-9,0-9,3
أَتَعْتِس,2ata3tas,2ata3tas,True,9,8,0-9,0-9,3
اِنْفَع,2infa3,2infa3,True,7,6,0-9,0-9,1
يُنْفُت,yinfatt,yinfatt,True,7,7,0-9,0-9,4
نِزِل عَلَيه مِثِل القُرَّاع,nizil 3alee 2ilkhabar mitil 2issaa3iqa,nizil 3alee 2ilkhamithir 2ilqaa3,False,28,38,20-29,30-39,3
مَرِّش,marish,marash,False,6,6,0-9,0-9,5
مُدَافِيش,madaafiish,madaafiish,True,9,10,0-9,10-19,3
خَلَافِة,khilaafe,khilaafe,True,8,8,0-9,0-9,1
يُهْرُش,yharrish,yuhrush,False,7,8,0-9,0-9,1
اِنْزَحَم,2inzi7im,2inzi7im,True,9,8,0-9,0-9,1
قُرَابِيز,2araabiiz,2araabiiz,True,9,9,0-9,0-9,2
مَنْمُوع,mamnuu3,manmuu3,False,8,7,0-9,0-9,2
اِنْبُشّ,2inbush,2inbush,True,8,7,0-9,0-9,5
كَرْبَل,karbil,karbil,True,7,6,0-9,0-9,1
صَاهِج,2ishadj,2ishadj,True,6,7,0-9,0-9,4
بَرْمِل,barmil,barmil,True,7,6,0-9,0-9,2
حُكَّيم,7akiim,7akiim,True,7,6,0-9,0-9,2
يقَلْفِق,yshalfiq,yqalfiq,False,8,8,0-9,0-9,4
مُرَاكَيس,maraakiis,maraakiis,True,9,9,0-9,0-9,4
يِنِطْرِم,yintarim,yintirim,False,9,8,0-9,0-9,3
جَعَّى,ja3a,ja3a,True,6,4,0-9,0-9,2
رَمَع,rammi3,rammi3,True,5,6,0-9,0-9,1
اِحَتْفَال,2i7tifaal,2i7tifaal,True,10,9,10-19,0-9,5
اِتْشَرَّد,2itsharrad,2itsharrad,True,10,10,10-19,10-19,2
شَذّ,shizz,shizz,True,4,5,0-9,0-9,1
اِنْحَسَب,2in7isib,2in7asab,False,9,8,0-9,0-9,2
مَوْكَب,mawkib,mwakbik,False,7,6,0-9,0-9,4
آثَر,2aathir,2aathir,True,4,7,0-9,0-9,1
عَصَايِة,3asaaye,3isaaye,False,8,7,0-9,0-9,1
اِرْقي,2irqi,2irqi,True,6,5,0-9,0-9,4
ثُلُج,talij,tallij,False,5,5,0-9,0-9,2
اِتْمَعَّط,2itma33at,2itma33at,True,10,9,10-19,0-9,1
اُعْفُق,2u3fuq,2i3fik,False,7,6,0-9,0-9,1
عَامْيِة,3aamiyye,3aamye,False,8,8,0-9,0-9,1
يعَقِّد,y3aqqid,y3akkid,False,7,7,0-9,0-9,3
أَنْفَق,2anfaq,2anfaq,True,7,6,0-9,0-9,1
بَلْبَحِة,balba7a,balba7a,True,9,7,0-9,0-9,5
يتْمَاسَك,yitmaasak,yitmaasak,True,9,9,0-9,0-9,2
يتْحَادَق,yit7aadaqg,yit7aadaqg,True,9,10,0-9,10-19,3
اِسْتَقْطِب,2istaqtib,2istaqtab,False,11,9,10-19,0-9,4
كَتَمَان,kitmaan,katmaan,False,8,7,0-9,0-9,5
أَرْدُن,2urdun,2ardun,False,7,6,0-9,0-9,4
مُعَالَجِة,mu3aalaja,mu3aalaja,True,10,9,10-19,0-9,1
غَامِض,ghaamid,ghaamid,True,6,7,0-9,0-9,1
دَعْبُوب,da3buub,da3buub,True,8,7,0-9,0-9,1
مُجْفِل,mjaffil,mjaffal,False,7,7,0-9,0-9,5
نَقِز,naqaz,naqqaz,False,5,5,0-9,0-9,5
شَي,shii,shayy,False,3,4,0-9,0-9,4
بُوت,boot,bawwat,False,4,4,0-9,0-9,2
اِسْتَهْجَنّ,2istahjan,2istahjan,True,12,9,10-19,0-9,3
قَطَف,qattif,qattif,True,5,6,0-9,0-9,1
شَبْشَب,shibshib,shabshib,False,7,8,0-9,0-9,3
زَمَارَة,zummaara,zummaara,True,8,8,0-9,0-9,2
حَبِّة شَمِّة,7abbit shaame,7abbit shamme,False,13,13,10-19,10-19,3
قَيِّم,qayyim,qayyam,False,6,6,0-9,0-9,1
يدَرِّر,ydarrir,ydarrir,True,7,7,0-9,0-9,1
تِنّ,tann,tann,True,4,4,0-9,0-9,2
جَمَالِي,majaali,jamaali,False,8,7,0-9,0-9,1
مَرْدَح,mardi7,marda7,False,7,6,0-9,0-9,2
هَرَمَان,harmaan,harmaan,True,8,7,0-9,0-9,4
غَبْرَة,ghabara,ghabra,False,7,7,0-9,0-9,1
نيته صَافْيِة,niito saafye,niito saafye,True,13,12,10-19,10-19,2
اِعْفِس,2i3fis,2i3fis,True,7,6,0-9,0-9,1
عَسَر,3usur,3assir,False,5,5,0-9,0-9,4
مْسَيْبِن,msaybin,msaybin,True,9,7,0-9,0-9,1
شَلْبَك,shalbik,shalbak,False,7,7,0-9,0-9,1
اِسْتَعْظِف,2istafdhi3,2istafdhi3,True,11,10,10-19,10-19,5
بَارُك,baarak,baarik,False,6,6,0-9,0-9,4
اللي فيه مَسَلِّة بتنزُه,2illi fii masalle btinghazo,2illi fii masalle btinghazo,True,24,27,20-29,20-29,3
يَبْهُور,ybahwir,ybahwir,True,8,7,0-9,0-9,5
صَفَر عَالشمَال,sifir 3ashmaal,sifir 3ashmaal,True,15,14,10-19,10-19,2
شَوْكَرَان,shookaraan,shookaraan,True,10,10,10-19,10-19,4
بدل فَاقِد,badal faaqid,badal faaqid,True,10,12,10-19,10-19,1
مَرَق,miriq,marraq,False,5,5,0-9,0-9,1
عُفُر,3affar,3affir,False,5,6,0-9,0-9,5
حُمَّاطَة,7amata,7amaata,False,9,6,0-9,0-9,4
ثْقِيل دَم,tqiil damm,tqiil damm,True,10,10,10-19,10-19,2
اِنْخِفِق,2inkhifiq,2inkhafaq,False,9,9,0-9,0-9,4
حْسِيب,7asiib,7asiib,True,6,6,0-9,0-9,3
نَشْرَة,nashra,nashra,True,7,6,0-9,0-9,2
تْبَرْقَط,tbarqat,tbarqat,True,9,7,0-9,0-9,1
أَجْراس,2ajraas,2ajraas,True,7,7,0-9,0-9,2
جْرَاب,jraab,jraab,True,6,5,0-9,0-9,1
يِنْضِرِب,yindirib,yinidrib,False,9,8,0-9,0-9,2
يِحْلِتِم,y7altim,y7altim,True,9,7,0-9,0-9,2
يَيتَم,yiitam,yiitam,True,6,6,0-9,0-9,2
تَاهِي,taayih,taahi,False,6,6,0-9,0-9,5
تَرَاكْوِي,taraawiik,taraawiik,True,10,9,10-19,0-9,3
اُلْقَى,2ilqa,2ilqa,True,7,5,0-9,0-9,2
يِشْبِه,yishbih,yshabbih,False,7,7,0-9,0-9,3
سِكّ,sakk,sukk,False,4,4,0-9,0-9,3
مَفَاهِيم,mafaahiim,mafaahiim,True,9,9,0-9,0-9,1
يِتْعَفَّر,yit3arraf,yit3arraf,True,10,9,10-19,0-9,3
يِنْسَرَق,yinsiriq,yinsiriq,True,9,8,0-9,0-9,3
يخُسّ,ykhiss,ykhiss,True,5,6,0-9,0-9,3
دِعْبِس,da3bas,da3bis,False,7,6,0-9,0-9,5
قَيَادِة,qiyaade,qiyaade,True,8,7,0-9,0-9,4
بَدَنِي,badani,badani,True,7,6,0-9,0-9,1
اُبْطُح,2ibta7,2ibta7,True,7,6,0-9,0-9,3
حَنْجَور,7andjuur,7andjuur,True,8,8,0-9,0-9,4
يْنَقِّط,yinqatt,yinqatt,True,8,7,0-9,0-9,5
قَرْقَطَة,qarqata,qarqata,True,9,7,0-9,0-9,1
اِتَّهْتَك,2ithattik,2ithattak,False,10,9,10-19,0-9,4
يسْتَخْرِج,yistakhrij,yistakhrij,True,10,10,10-19,10-19,4
يعَنْقَر,y3anqir,y3anqir,True,8,7,0-9,0-9,5
تَمَم,tammam,tammim,False,5,6,0-9,0-9,4
مَسِخ,maskh,massakh,False,5,5,0-9,0-9,5
طَقِع,takgi3,tagga3,False,5,6,0-9,0-9,4
مُحَمَّض,m7ammid,m7ammid,True,8,7,0-9,0-9,2
مْطَقَّعَة,mitqa3a,mitqa3a,True,10,7,10-19,0-9,3
يشَرِّح,ysharri7,yishra7,False,7,8,0-9,0-9,1
يِتْذَغَّى,yitghazza,yitghazza,True,10,9,10-19,0-9,4
يزَعِّق,yza33iqk,yiz3aqk,False,7,8,0-9,0-9,4
نَخَز,nakhaz,nakhkhiz,False,5,6,0-9,0-9,2
أَقْطُم,2aqtam,2aqtam,True,7,6,0-9,0-9,2
نَافِلِة,naafile,naafile,True,8,7,0-9,0-9,2
قَائِمِّة,qaa2ime,qaa2ime,True,9,7,0-9,0-9,4
اِنْحَذَف,2in7izif,2in7azaf,False,9,8,0-9,0-9,4
اِتْقَطْرَس,2itqartas,2itqartas,True,11,9,10-19,0-9,4
شَاقَع,shaaqi3,shaaqi3,True,6,7,0-9,0-9,2
صَنِّص,sansin,sansan,False,6,6,0-9,0-9,5
حَب,7ubb,7abb,False,3,4,0-9,0-9,4
لَبَّالِب,labaalib,labaalib,True,9,8,0-9,0-9,4
يِتْدَرْكَم,yiddartsham,yiddartsham,True,11,11,10-19,10-19,2
اِنْخِرِس,2inkharas,2inkhiris,False,9,9,0-9,0-9,3
أَوْجَاع,2awjaa3,2awjaa3,True,8,7,0-9,0-9,1
يشَوِّك,yshawwik,yshawwik,True,7,8,0-9,0-9,1
غُمّ,ghamm,ghimm,False,4,5,0-9,0-9,2
يخَنِّت,ykhattin,ykhantir,False,7,8,0-9,0-9,5
وَاقِف,waaquf,waaquf,True,6,6,0-9,0-9,2
يِزْهِز,yzahzih,yzahzih,True,7,7,0-9,0-9,2
مِقْلِتَة,ma2late,ma2late,True,9,7,0-9,0-9,5
فطسنَا من الضحك,fatasna min 2idde7ik,fatasna min 2idde7ik,True,15,20,10-19,20-29,1
مُغِيم,mghayyim,mughayyim,False,6,8,0-9,0-9,5
اِعْيَش,3aayish,3aayish,True,7,7,0-9,0-9,5
اِنْدِلِح,2indala7,2indala7,True,9,8,0-9,0-9,1
يُحْبُك,yi7bik,y7abbik,False,7,6,0-9,0-9,3
يخُطّ,ykhatit,ykhutt,False,5,7,0-9,0-9,5
شَرْقِي,sharqi,sharqi,True,7,6,0-9,0-9,2
نَدِم,nadam,naddim,False,5,5,0-9,0-9,4
صْبَابَا,sabaaba,sabaaba,True,8,7,0-9,0-9,5
يْقَيِّش,yqayyish,yqayyish,True,8,8,0-9,0-9,3
تَقَبْبِيح,taqbii7,taqbii7,True,10,7,10-19,0-9,5
يسَحِّق,yis7aq,yis7aq,True,7,6,0-9,0-9,3
رَفْقَة,rifqa,rafaqa,False,7,5,0-9,0-9,2
حَرَف,7arf,7arrif,False,5,4,0-9,0-9,2
يِتْرَصَّب,yitrabbas,yitrabbas,True,10,9,10-19,0-9,2
اِتَخَالَف,2itkhaalaf,2itkhaalaf,True,10,10,10-19,10-19,3
رَادّ,raad,raad,True,5,4,0-9,0-9,2
اِتْحوَجَّ,2it7awwaj,2it7awwaj,True,10,9,10-19,0-9,3
اُفْعُط,2if3at,2if3at,True,7,6,0-9,0-9,4
يِخْطُو,yikhtu,yikhtu,True,7,6,0-9,0-9,2
حَشْوِة أَنْسَان,7ashwit 2asnaan,7ashwit 2asnaan,True,16,15,10-19,10-19,3
اِفْرَط,2ifrut,2ifrut,True,7,6,0-9,0-9,4
اِنْزِرِع,2inziri3,2inzara3,False,9,8,0-9,0-9,2
سَبِل,subul,sabbal,False,5,5,0-9,0-9,5
لَطِش,lattish,lattish,True,5,7,0-9,0-9,4
كَارِت,kaarit,kaarit,True,6,6,0-9,0-9,1
بُحْبُوح,ba7buu7,ba7buu7,True,8,7,0-9,0-9,5
قَالَوش,qkaaluush,qkaaluush,True,7,9,0-9,0-9,2
اِتْزِحْلَط,2itza7lat,2itza7lat,True,11,9,10-19,0-9,5
فضيحة العنزة السودَا,fadii7it 2il3anze 2issooda,fadii7it 2il3anze 2issooda,True,20,26,20-29,20-29,1
حَصَّة,7issa,7assa,False,6,5,0-9,0-9,1
فَرِّم الخَبِع طَو,farkh 2ilbatt 3awwaam,faram 2ilbakh 3attuun,False,18,21,10-19,20-29,5
ذَهَب,zahab,dahhab,False,5,5,0-9,0-9,1
جُرَّافِة,graafe,jarraafe,False,9,6,0-9,0-9,4
اُقْرُع,2iqra3,2iqra3,True,7,6,0-9,0-9,2
اِخْرَق,2ukhruq,2ukhruq,True,7,7,0-9,0-9,4
مُنْطُقِي,mantiqi,mantiqi,True,9,7,0-9,0-9,3
يعَلِّق,y3alliq,yi3laq,False,7,7,0-9,0-9,2
كَشَر,kashshar,kashshar,True,5,8,0-9,0-9,3
مَدَاوِر,madaawir,mdaawir,False,8,8,0-9,0-9,4
اِتْرَاجَع,2itraaja3,2itraaja3,True,10,9,10-19,0-9,1
يَتْلَاقَى,yitlaaqa,yitlaaqa,True,10,8,10-19,0-9,5
شَرِح,shiri7,sharri7,False,5,6,0-9,0-9,5
قِرْيَبَا,qariiban,qariiba,False,9,8,0-9,0-9,5
قَزَح,qaza7,kazzi7,False,5,5,0-9,0-9,1
نَحِّيب,na7iib,na7iib,True,7,6,0-9,0-9,3
تَهَوُّر,thawwar,thawwar,True,8,7,0-9,0-9,2
طُلّ,tall,tall,True,4,4,0-9,0-9,3
اِطَّزَع,2itza3,2itza3,True,8,6,0-9,0-9,3
يِنْبَخِع,yinbikhi3,yinbikhi3,True,9,9,0-9,0-9,5
يْوَارِب,ywaarib,ywaarib,True,8,7,0-9,0-9,2
صَفَحِت كَسَودَا,saf7itak sooda,saf7itak sooda,True,16,14,10-19,10-19,3
اِنْعِزِم,2in3azam,2in3izim,False,9,8,0-9,0-9,1
كُرْدَانِي,karaadiin,karaadiin,True,10,9,10-19,0-9,4
لَبَنِة دَحَابِير,labane da7aabiir,labane da7aabiir,True,17,16,10-19,10-19,1
خَيرِة و بَرَك,kheer wubarake,kheer wubarake,True,14,14,10-19,10-19,5
لَبْلَب,liblib,lablab,False,7,6,0-9,0-9,3
لَعْلِع,la3la3,la3la3,True,7,6,0-9,0-9,3
كَمْبِر,kambar,kambar,True,7,6,0-9,0-9,4
مْخَطْوَب,makhtuub,makhtuub,True,9,8,0-9,0-9,3
تَجْعِيدِة,taja3iide,taj3iide,False,10,9,10-19,0-9,1
اُرْجُح,2irja7,2irja7,True,7,6,0-9,0-9,5
يْرَصِّع,yrassi3,yrassi3,True,8,7,0-9,0-9,4
طَقَم,taqqam,taqqam,True,5,6,0-9,0-9,1
يليِّس,ylayyis,ylayyis,True,6,7,0-9,0-9,2
يِرِيح,yrayyi7,yrayyi7,True,6,7,0-9,0-9,5
عليه جَار,3alee 2ijri,3alee 2ijra,False,9,11,0-9,10-19,1
يعُصّ,y3uss,y3uss,True,5,5,0-9,0-9,2
اِكْسَح,2iksa7,2iksa7,True,7,6,0-9,0-9,1
عَلَيش,3aleesh,3aleesh,True,6,7,0-9,0-9,3
شَخْبط,shakhbit,shakhbat,False,6,8,0-9,0-9,5
إِصْبِع,2isba3,2isba3,True,7,6,0-9,0-9,2
مْبَاعِر,mabaa3ir,mabaa3ir,True,8,8,0-9,0-9,5
مَهْرِش,mharrish,mharrish,True,7,8,0-9,0-9,4
اُقْتُنُص,2iqtinis,2iqtinis,True,9,8,0-9,0-9,4
مْشَمِّش,shamshim,mishmish,False,8,8,0-9,0-9,5
تَصَارُع,tsaara3,tsaara3,True,8,7,0-9,0-9,3
بَيكَفِي,bikaffi,bikafi,False,8,7,0-9,0-9,5
اُعْزُف,3aazif,2i3zif,False,7,6,0-9,0-9,4
طَسْطِس,tastis,tastis,True,7,6,0-9,0-9,3
يِنْبَطّ,ynabbit,yinbut,False,8,7,0-9,0-9,4
أَمِدّ,2amad,2amadd,False,6,5,0-9,0-9,5
يخُطُو,yikhtu,yikhtu,True,6,6,0-9,0-9,3
يثَوِّر,ythawwir,ysuur,False,7,8,0-9,0-9,1
مْلَعْلَب,mla3lab,mla3lab,True,9,7,0-9,0-9,1
غَلَّث,ghallith,ghallith,True,6,8,0-9,0-9,5
يرَكْتِن,yirtikin,yraktin,False,8,8,0-9,0-9,2
على مَهْلَك,3ala mahlak,3ala mahlak,True,11,11,10-19,10-19,1
بُوزه شِبِيرِن,buuzo shibreen,buuzo shibreen,True,14,14,10-19,10-19,5
اِتْمَشْطَط,2itshamtat,2itmashshat,False,11,10,10-19,10-19,3
أَسِف,2aasif,2asaf,False,5,6,0-9,0-9,2
كَعِك أَسَوَار,ka3ik 2asaawir,ka3ik 2asaawir,True,14,14,10-19,10-19,4
زُكَّام,zukaam,zukaam,True,7,6,0-9,0-9,3
يِسْبِب,ysabbib,ysabbib,True,7,7,0-9,0-9,3
مِسْتَجَاب,mustajaab,mustajaab,True,10,9,10-19,0-9,2
اِهْوِش,haawish,haawash,False,7,7,0-9,0-9,3
أَتْعَت,2ata3tas,2at3at,False,7,8,0-9,0-9,4
يِتْمَسَّح,ytamsi7,yitmassa7,False,10,7,10-19,0-9,1
حَفَّر,7afar,7affir,False,6,5,0-9,0-9,1
اِعْصِف,2u3fus,2u3fus,True,7,6,0-9,0-9,2
يِدْلَع,yidla3,ydalli3,False,7,6,0-9,0-9,1
مْوَخْوَخ,mwakhwikh,mwakhwikh,True,9,9,0-9,0-9,3
رَغْرِغ,raghrigh,raghragh,False,7,8,0-9,0-9,1
شَلَّن,shilin,shallin,False,6,6,0-9,0-9,2
فلِترقُد رَاسُه بحلم,faltarqud roo7o bisalaam,faltarqad raaso bil7aam,False,20,24,20-29,20-29,5
مَلْقَط بَطِي,malqat tibbi,malqat tibbi,True,13,12,10-19,10-19,1
عَكَسِي,3aksi,3aksi,True,7,5,0-9,0-9,3
اِتْلَاَطف,2itlaataf,2itlaataf,True,10,9,10-19,0-9,3
سَاهي,saahi,saahi,True,5,5,0-9,0-9,3
مَسَكِة,maske,maske,True,7,5,0-9,0-9,4
حَطّ الحُزُن بَالجُرُن,7att 2il7uzun bildjurun,7att 2il7uzun biljurun,False,22,23,20-29,20-29,2
يِنْبُع,yinbu3,yinbu3,True,7,6,0-9,0-9,2
يِلْهَي,ylahhi,ylahhi,True,7,6,0-9,0-9,3
لِوز,looz,luuz,False,4,4,0-9,0-9,5
طَفَّش,tifish,taffish,False,6,6,0-9,0-9,2
دَبْسَاتُه جَمَادِين,dibsaato jaamdiin,dibsaato jaamdiin,True,20,17,20-29,10-19,3
مَطَّر,matar,mattar,False,6,5,0-9,0-9,1
تْبَالَد,tbaalad,tbaalad,True,8,7,0-9,0-9,1
لَبَس,labbas,labbis,False,5,6,0-9,0-9,4
اِقْحَم,2iq7im,2iq7im,True,7,6,0-9,0-9,1
غَشَامِة,ghashaame,ghashaame,True,8,9,0-9,0-9,1
اِسْتَحْضَر,2ista7dir,2ista7dir,True,11,9,10-19,0-9,1
سِمَار,samaar,samaar,True,6,6,0-9,0-9,5
اِتَوَلْدَن,2itwaldan,2itwaldan,True,11,9,10-19,0-9,4
قَاني,qaani,qaani,True,5,5,0-9,0-9,3
بيعرفش يِقْلِي بِة,byi3rifish yiqli beeda,byi3rifish yiqli bee,False,18,22,10-19,20-29,4
فَطِر,fattar,fattir,False,5,6,0-9,0-9,4
فَاشَل,faashil,faashil,True,6,7,0-9,0-9,2
شَبَرَخَة,shabrakha,shabrakha,True,9,9,0-9,0-9,4
يَوم الطَّحْمِيهَا,yoom 2itta7aan yoomo,yoom 2itta77aan yoomo,False,18,20,10-19,20-29,3
تْصَيَّد,tsayyad,tsayyad,True,8,7,0-9,0-9,1
نَسَّق,nassaq,nassiq,False,6,6,0-9,0-9,1
حَمِّيد,7amiid,7amiid,True,7,6,0-9,0-9,4
اِمْدَح,2imda7,2imda7,True,7,6,0-9,0-9,1
يْسَرِّط,yusrut,yusrut,True,8,6,0-9,0-9,4
ضِمِن,damman,dammin,False,5,6,0-9,0-9,3
مْحَافَظَة,mu7aafaza,mu7aafaza,True,10,9,10-19,0-9,3
يِتْنَقَّر,yitnaqrash,yitnaqqar,False,10,10,10-19,10-19,4
لَصُوص,lusuus,lusuus,True,6,6,0-9,0-9,5
يِنْدَغّ,yundugh,yindugh,False,8,7,0-9,0-9,3
صَمِدِي,msaddi,samadi,False,7,6,0-9,0-9,5
رِجَاد,raajad,rujjaad,False,6,6,0-9,0-9,5
دِشْدَاشِة,dishdaashe,dishdaashe,True,10,10,10-19,10-19,1
وِكِر,wakar,wakkir,False,5,5,0-9,0-9,3
يِسْتَحَلّ,yista7ill,yista7ill,True,10,9,10-19,0-9,3
مَفْزُور,mafzuur,mafzuur,True,8,7,0-9,0-9,1
دَمَّل,dummal,dammil,False,6,6,0-9,0-9,1
يِنْشِلِش,yinishlish,yinishlish,True,9,10,0-9,10-19,1
اِتَشْيَن,2itshaytan,2itshayyan,False,9,10,0-9,10-19,4
بَحَّص,ba7as,ba7as,True,6,5,0-9,0-9,2
يهَبِّد,yihbid,yihbid,True,7,6,0-9,0-9,2
كُذَا,kaza,kaza,True,5,4,0-9,0-9,4
مَصَامِيغ,mamaaghiis,mamaasiigh,False,9,10,0-9,10-19,5
مْنَجِّل,manjal,manjal,True,8,6,0-9,0-9,1
اُكْرُف,2ukruf,2ukruf,True,7,6,0-9,0-9,1
اِنْتَشَال,2intishaal,2intishaal,True,10,10,10-19,10-19,3
لُدَغ,ladagh,ludugh,False,5,6,0-9,0-9,5
حَشَّاشِة,7ashshaashe,7ashshaashe,True,9,11,0-9,10-19,1
طَبِّر,tubur,tabbir,False,6,5,0-9,0-9,1
دَمُّه بْرَاد,dammo baarid,dammo baarid,True,13,12,10-19,10-19,4
جُرْجُرَة,jarjara,jarjara,True,9,7,0-9,0-9,3
رَيَّش,rayyish,rayyash,False,6,7,0-9,0-9,1
حِسَس,7assis,7assis,True,5,6,0-9,0-9,5
عِائِق,3aa2iq,3aa2iq,True,6,6,0-9,0-9,3
صُيَّع,sayya3,sii3,False,6,6,0-9,0-9,4
مَهْمَز,mahmaz,mahmiz,False,7,6,0-9,0-9,1
يُخْرُم,yikhram,yikhram,True,7,7,0-9,0-9,3
مْقَرِّع,mqarri3,mqarri3,True,8,7,0-9,0-9,2
تَمْتَمِة,tamtame,tamtame,True,9,7,0-9,0-9,1
وِحْدِة,wa7de,wa7de,True,7,5,0-9,0-9,3
يتَنْبَأ,yitnabba2,yitnabba2,True,8,9,0-9,0-9,2
مْنَكَّد,mnakkid,mnakkid,True,8,7,0-9,0-9,2
طَفَح,taffi7,taffi7,True,5,6,0-9,0-9,1
فَرَّى مَاسَاتُه,fara masaato,fara masaato,True,16,12,10-19,10-19,5
تَنَقِّيَّاة,tinqaaye,tinqaaye,True,12,8,10-19,0-9,5
اَرْجُو,2irju,2irju,True,7,5,0-9,0-9,5
تَشَعْوَط,tsha3wat,tsha3wat,True,9,8,0-9,0-9,4
فَخَّة,fakhkha,fakhkha,True,6,7,0-9,0-9,1
بِاب,baab,baab,True,4,4,0-9,0-9,3
ضَوَاحِي,dawaa7i,dawaa7i,True,8,7,0-9,0-9,1
لَوَيش,laweesh,laweesh,True,6,7,0-9,0-9,1
تْحَزْلَط,t7azlat,t7azlat,True,9,7,0-9,0-9,2
يِسْتَقَرّ,yistaqirr,yistaqirr,True,10,9,10-19,0-9,5
بَرْقَع,barqa3,burgu3,False,7,6,0-9,0-9,3
فَنَاجِيل,fanajiil,fanajiil,True,9,8,0-9,0-9,1
زَنِّز,nazzaz,nazzaz,True,6,6,0-9,0-9,4
يقَمِّع,yigma3,yiqma3,False,7,6,0-9,0-9,3
اِسْفِح,2isfa7,2isfa7,True,7,6,0-9,0-9,3
اِتْخَمَّر,2itkharraq,2itkhammar,False,10,10,10-19,10-19,3
يِدْفَشّ,ydaffish,yidfashsh,False,8,8,0-9,0-9,4
عِتّ,3att,3itt,False,4,4,0-9,0-9,1
طَعِن فَي قَرَار,ta3in fii qaraar,ta3in fii qaraar,True,16,16,10-19,10-19,2
سَلِيم معْفَى,saliim mu3aafa,saliim mu3afa,False,13,14,10-19,10-19,5
أَحِيَاء,2a7yaa2,2a7yaa2,True,8,7,0-9,0-9,2
ضِبِب,dabbab,dabbib,False,5,6,0-9,0-9,4
نِيرِة,niira,niira,True,6,5,0-9,0-9,3
بَلْحَة,bala7a,bala7a,True,7,6,0-9,0-9,2
رَابِور,raaboor,raaboor,True,7,7,0-9,0-9,5
يُطْلُق,ytalliq,ytalliq,True,7,7,0-9,0-9,4
ينَشْرِم,yinshirim,yinshirim,True,8,9,0-9,0-9,5
رِوِح,rawwa7,rawwi7,False,5,6,0-9,0-9,5
سِطِح,sata7,satti7,False,5,5,0-9,0-9,5
قُرُق,qarriq,qarriq,True,5,6,0-9,0-9,4
نَشّ,nishsh,nashsh,False,4,6,0-9,0-9,1
رَزّ,ruzz,razz,False,4,4,0-9,0-9,1
يْنَبِّط,ynabbit,yinbut,False,8,7,0-9,0-9,5
شَرِّيعَة,sharii3a,sharii3a,True,9,8,0-9,0-9,4
فَلَج,falaj,falaj,True,5,5,0-9,0-9,1
اِعْئِد,3aa2id,3aa2id,True,7,6,0-9,0-9,5
قِرَاب,qraab,qraab,True,6,5,0-9,0-9,5
مَعَّانَاة,mu3aanaa,mu3aanaa,True,10,8,10-19,0-9,5
لَخْبَطِة,lakhbata,lakhbata,True,9,8,0-9,0-9,5
اِتْدَاقَق,2iddaaqaq,2iddaaqaq,True,10,9,10-19,0-9,1
أَيْلُول ذَيلُه مَبْل,2ayluul deelo mabluul,2ayluul deelo mabluul,True,21,21,20-29,20-29,5
خُشّ بطِيزي,khushsh 2ibtiizi,khushsh btiizi,False,11,16,10-19,10-19,1
اِنِقَاس,2inqaas,2inqaas,True,8,7,0-9,0-9,2
مْلَتْوَت,maltuut,maltuut,True,9,7,0-9,0-9,4
يَأْجَز,y2ajjiz,y2ajjiz,True,7,7,0-9,0-9,4
قَنَّص,qanas,qannis,False,6,5,0-9,0-9,1
جَرَّب,jarab,jarrib,False,6,5,0-9,0-9,3
زَرْزَب,zarzib,zarzab,False,7,6,0-9,0-9,4
تَحَاكُم,t7aakam,t7aakam,True,8,7,0-9,0-9,4
ضِحِّي,da77i,da77i,True,6,5,0-9,0-9,4
فَتِح,fata7,fatti7,False,5,5,0-9,0-9,5
اِتْمَغْمَغ,2itghamgham,2itghamgham,True,11,11,10-19,10-19,2
مَنِّيِّة,maniyye,maniyye,True,9,7,0-9,0-9,3
رَحِم,ra7im,ra7im,True,5,5,0-9,0-9,4
نِفْسُه سَادة,nifso saadde,nifso saadde,True,13,12,10-19,10-19,2
بَرْنَس,burnus,barnis,False,7,6,0-9,0-9,1
يِسْتَمْلِح,yistamli7,yistamli7,True,11,9,10-19,0-9,2
كَبِّش,kabsh,kabash,False,6,5,0-9,0-9,3
اِلْتَمَسّ,2iltamas,2iltimis,False,10,8,10-19,0-9,4
كَادَح,kaadi7,kaadi7,True,6,6,0-9,0-9,2
دَحَر,da7ar,da7ir,False,5,5,0-9,0-9,1
مُتَطَرْمِخ,mittarmikh,mittarmikh,True,11,10,10-19,10-19,2
بَكْبِك,bitshbitsh,bakbak,False,7,10,0-9,10-19,2
اِتْوَهْوَن,2itwajhan,2itwahwan,False,11,9,10-19,0-9,5
اِتآخَر,2ita2akhkhar,2it2aakhar,False,7,12,0-9,10-19,2
اُرْخُص,2irkhas,2irkhas,True,7,7,0-9,0-9,2
أَقْعِش,2aqk3ash,2aqk3ash,True,7,8,0-9,0-9,2
أَلْزِم,2alzam,2alzam,True,7,6,0-9,0-9,4
تَهَنُّى,thanna,thanna,True,8,6,0-9,0-9,3
اِسْتَطْرَدّ,2istatrid,2istatrad,False,12,9,10-19,0-9,5
مَمُّوض,2immawwad,2immawwad,True,7,9,0-9,0-9,3
يِنْذُر,yundhur,yindhir,False,7,7,0-9,0-9,2
جَيِّب,jayyab,jayyib,False,6,6,0-9,0-9,1
يِهْجَع,yihdja3,yihdja3,True,7,7,0-9,0-9,1
نَشَلِة,nashle,nashle,True,7,6,0-9,0-9,4
فَسِّخ,fassakh,fassikh,False,6,7,0-9,0-9,3
اِتْحَكَم,2it7akkam,2it7akkam,True,9,9,0-9,0-9,4
مِسْرَاة الدَّوبَا,misraat 2iddawaab,misraat 2iddawaab,True,18,17,10-19,10-19,4
شَايِح فَاله,shaayif 7aalo,shaayi7 faalo,False,12,13,10-19,10-19,5
اِتْخَشْخَر,2itkharkhash,2itkharkhash,True,11,12,10-19,10-19,5
مُسْتَحَارِيِّة,msa77araatiyye,msa77araatiyye,True,15,14,10-19,10-19,1
كَنِّز,kanz,kanniz,False,6,4,0-9,0-9,2
قَهَر,qahir,qahar,False,5,5,0-9,0-9,1
اِنْلَطَش,2inlatash,2inlatash,True,9,9,0-9,0-9,2
تْوَرْشَع,twarsha3,twarsha3,True,9,8,0-9,0-9,2
مِزْنَكِيِّة,mzannakiyye,mzannakiyye,True,12,11,10-19,10-19,4
عَرُوبِة,3uruube,3ruube,False,8,7,0-9,0-9,3
يِهْوِر,yhawwir,yhawwir,True,7,7,0-9,0-9,3
جُوَد,juud,jawwid,False,5,4,0-9,0-9,4
مُتَعَتِّس,2imta3tas,mta3tis,False,10,9,10-19,0-9,5
يوَطِّى,yuuta,yuuta,True,7,5,0-9,0-9,1
دَاقِر,daaqir,daaqir,True,6,6,0-9,0-9,1
اِعْهِد,2i3had,2i3had,True,7,6,0-9,0-9,2
رَاحَة الصَّوب,raa7it 2issabuu7,raa7it 2issabuu7,True,14,16,10-19,10-19,4
يِعْتَق,yi3tiq,yi3tiq,True,7,6,0-9,0-9,2
بَنَابِيت,nabaabiit,banaabiit,False,9,9,0-9,0-9,3
تَنَظِّيم,tanziim,tanziim,True,9,7,0-9,0-9,2
غَمَامِة,ghamaame,ghamaame,True,8,8,0-9,0-9,1
تْفَوَّط,tfawwat,tfawwat,True,8,7,0-9,0-9,1
زُقْرُت,zgurt,zgurt,True,7,5,0-9,0-9,4
يِنِمْسِك,yinimsik,yinmisik,False,9,8,0-9,0-9,4
ينَدْفِش,yindifish,yindifish,True,8,9,0-9,0-9,5
صَيِّف,sayyaf,sayyaf,True,6,6,0-9,0-9,3
تَشَائُم,tashaa2um,tshaa2am,False,8,9,0-9,0-9,4
اِنْبَحَت,2inbi7it,2inba7at,False,9,8,0-9,0-9,2
تَزَمُّري,tazmiir,tazmiir,True,9,7,0-9,0-9,3
مَوَاضِع,mawaadi3,mawaadi3,True,8,8,0-9,0-9,2
عَلَي الطَّرُوبِش,3alay 2ittarbuush,3alay 2ittarbuush,True,17,17,10-19,10-19,5
فَتَات,futaat,fattaat,False,6,6,0-9,0-9,2
يبَنْطِج,ybatnidj,ybantidj,False,8,8,0-9,0-9,2
مَتَن,mitin,mattan,False,5,5,0-9,0-9,3
إِرَهَاب,2irhaab,2irhaab,True,8,7,0-9,0-9,5
لِزْعَة,laz3a,laz3a,True,7,5,0-9,0-9,3
أَكَارِب,2akaabir,2akaarib,False,8,8,0-9,0-9,4
تْبِرْبِج,tbarbadj,tbarbadj,True,9,8,0-9,0-9,4
قَرِب,qurb,qarrib,False,5,4,0-9,0-9,4
يِنْلِحِم,yinli7im,yinli7im,True,9,8,0-9,0-9,1
اِنْمِعِص,2inma3as,2inma3as,True,9,8,0-9,0-9,1
إِجَت سَاعَتُه,2ijat saa3to,2ijat saa3to,True,14,12,10-19,10-19,4
اِتْجَرْذَم,2itdjadhmar,2itdjardham,False,11,11,10-19,10-19,3
اِتْنِكِس,2itnakkas,2itnakkas,True,9,9,0-9,0-9,3
رُزْقَة,rizqa,rizqa,True,7,5,0-9,0-9,4
ظُرُفَاء,zurafa,zurafa,True,8,6,0-9,0-9,4
اِخْتِرَا,2ikhtaar,2ikhtaar,True,9,8,0-9,0-9,2
قَرَص,qarras,qarris,False,5,6,0-9,0-9,1
رَعَّب,ra33ib,ra33ab,False,6,6,0-9,0-9,2
رَكَّى,rakka,raka,False,6,5,0-9,0-9,2
بِدِل,baddil,baddil,True,5,6,0-9,0-9,5
تَلَمِيح,talmii7,talmii7,True,8,7,0-9,0-9,3
صُغُر,szighir,szaghghar,False,5,7,0-9,0-9,4
رَفَّس,rafas,raffis,False,6,5,0-9,0-9,1
أَيَانِيم,2ayaamiin,2ayaamiin,True,9,9,0-9,0-9,5
يِتْسَيَّج,yitsayyaj,yitsayyaj,True,10,9,10-19,0-9,1
غَرِّم,gharrim,gharram,False,6,7,0-9,0-9,3
تَهَوُّر,tahawwur,thawwar,False,8,8,0-9,0-9,2
بَرْطوشِة,bartuushe,bartuushe,True,9,9,0-9,0-9,4
يِبَادِل,ybaadil,ybaadil,True,8,7,0-9,0-9,4
سِهْمِد,sahmid,sahmid,True,7,6,0-9,0-9,3
جَبَال,jibaal,jbaal,False,6,6,0-9,0-9,5
يِعْيَق,y3iiq,y3iiq,True,7,5,0-9,0-9,4
اِتْلَفَّى,2itfalla,2itlaffa,False,10,8,10-19,0-9,4
وِجْهُه بينقِّط سَمّ,wijho binaqqit samm,wijho binaqqit samm,True,20,19,20-29,10-19,5
تْوَرَّد,twarrad,twarrad,True,8,7,0-9,0-9,1
ذَكَّر,dhakar,zakkir,False,6,6,0-9,0-9,1
اِعْمُش,2i3mish,2i3mish,True,7,7,0-9,0-9,4
قَعْوِد,qk3uud,qk3uud,True,7,6,0-9,0-9,5
اِتْجَعْصَم,2itdja3mas,2itdja3mas,True,11,10,10-19,10-19,4
هَدِّر,haddar,haddir,False,6,6,0-9,0-9,3
أَضْحِيِة,2ud7iye,2ud7iye,True,9,7,0-9,0-9,1
حُصَد,7asad,7asad,True,5,5,0-9,0-9,5
تَنَشُّط,tnashshat,tnashshat,True,8,9,0-9,0-9,2
يِتْعَبْرَق,yit3abqar,yit3abqar,True,11,9,10-19,0-9,3
سُرْعَة,sur3a,sar3a,False,7,5,0-9,0-9,1
حَوبَشَة,7oobashe,7oobashe,True,8,8,0-9,0-9,5
خَرْمَوشِة,kharmuushe,kharmuushe,True,10,10,10-19,10-19,4
يِنْطَوِي,yintiwi,yintiwi,True,9,7,0-9,0-9,4
يْلَحِّط,yla77it,yla77it,True,8,7,0-9,0-9,5
اِتْعَبَّذ,2it3azzab,2it3azzab,True,10,9,10-19,0-9,3
حَصْرِم,7asram,7usrum,False,7,6,0-9,0-9,5
نُقْمِة,naqme,naqme,True,7,5,0-9,0-9,3
كَعِّك,ka33ak,ka33ik,False,6,6,0-9,0-9,2
مَشْؤُوم,mash2uum,mash2uum,True,8,8,0-9,0-9,1
مْسَمَّط,msammit,msammat,False,8,7,0-9,0-9,2
سَجَلَونِة,sadjloone,sadjloone,True,10,9,10-19,0-9,4
مُدْفِع,madfa3,midfa3,False,7,6,0-9,0-9,4
هْيُوتِي,hayyuuti,hayyuuti,True,8,8,0-9,0-9,5
دَوَالِة,dawaale,dawaale,True,8,7,0-9,0-9,2
جَذَاب,jazzaab,jazzaab,True,6,7,0-9,0-9,2
تَسَلْسَل,tsalsal,tsalsal,True,9,7,0-9,0-9,4
يِتْشَفَّى,yitshaffa,yitshaffa,True,10,9,10-19,0-9,1
كَسْحَة,kas7a,kas7a,True,7,5,0-9,0-9,1
مَكْتَف,mkattaf,muktaff,False,7,7,0-9,0-9,3
عَرِّي,3iri,3arri,False,6,4,0-9,0-9,1
فَرَّج,farrij,farrij,True,6,6,0-9,0-9,1
ضِلّ,dall,dall,True,4,4,0-9,0-9,3
اِتْتَلْذَم,2ittalmaz,2ittalmaz,True,11,9,10-19,0-9,3
اِتْذوَّق,2itdawwaq,2itdawwaq,True,9,9,0-9,0-9,2
اِحْلَمّ,2i7lam,2i7lam,True,8,6,0-9,0-9,5
سَاكَك,saakik,saakik,True,6,6,0-9,0-9,4
دْبَاق,dbaa2,dbaa2,True,6,5,0-9,0-9,1
يِسْتَاهِل,yistaahal,yistaahil,False,10,9,10-19,0-9,2
مَسِّح,massi7,massa7,False,6,6,0-9,0-9,3
يطَقِّق,ytaqqiq,ytaqqiq,True,7,7,0-9,0-9,1
نَاصِع,naasi3,naasi3,True,6,6,0-9,0-9,1
دَهْرَب,dahrab,dahrib,False,7,6,0-9,0-9,3
اِنْلِحِس,2inli7is,2inla7as,False,9,8,0-9,0-9,2
بُصْبُص,basbas,basbis,False,7,6,0-9,0-9,3
رَمِش,rimish,rammish,False,5,6,0-9,0-9,4
جُلْعُم,jal3am,jal3am,True,7,6,0-9,0-9,5
يُسْلِي,ysalli,ysalli,True,7,6,0-9,0-9,3
سَبَيطَار,sbeetaar,sbeetaar,True,9,8,0-9,0-9,5
يعَمِّل,yi3mal,yi3mal,True,7,6,0-9,0-9,2
أَرَدِّن,2ardun,2ardun,True,8,6,0-9,0-9,5
اِتْسَقْرَط,2itsarkat,2itsarkat,True,11,9,10-19,0-9,2
اِنْدِهِش,2indihish,2indahash,False,9,9,0-9,0-9,2
طِين,tayyin,tayyin,True,4,6,0-9,0-9,1
اِبْعَث,2ib3at,2ib3at,True,7,6,0-9,0-9,2
يدَومِح,ydoomi7,ydoomi7,True,7,7,0-9,0-9,1
دَبِس,dabbis,dabbis,True,5,6,0-9,0-9,5
يِتْهَطَّل,yithattal,yithattal,True,10,9,10-19,0-9,1
تْهَبْيَر,tahbiir,tahbiir,True,9,7,0-9,0-9,3
حَطِّيت العَجَرَك,7atteet 2iidak 3al juru7,7atteet 2iil3ajrak,False,17,24,10-19,20-29,3
يِتْصَيَّع,yitsayya3,yitsayya3,True,10,9,10-19,0-9,1
قَارِش,2aarish,2aarish,True,6,7,0-9,0-9,1
يِكْعِب,yka3bish,yka33ib,False,7,8,0-9,0-9,5
فَنِّش,fannish,fannash,False,6,7,0-9,0-9,2
يُهْبُك,yhabbik,yihbik,False,7,7,0-9,0-9,3
صُرُك,sarak,sarak,True,5,5,0-9,0-9,4
اِتَّيم,2ityattam,2ityattam,True,7,9,0-9,0-9,2
مِحْرِب,m7arbish,m7arrab,False,7,8,0-9,0-9,5
يِنْحَي,yna77i,yin7i,False,7,6,0-9,0-9,3
مْجَرْوَد,majruud,majruud,True,9,7,0-9,0-9,4
دَابِش,daabish,daabish,True,6,7,0-9,0-9,1
اِتْسَنَّد,2itsannad,2itsannad,True,10,9,10-19,0-9,2
أُسْطُوح,2ustuu7,2ustuu7,True,8,7,0-9,0-9,2
سِرْدَاحِي,sirdaa7i,sirdaa7i,True,10,8,10-19,0-9,1
كَعَك,ka33ak,ka33ik,False,5,6,0-9,0-9,1
اُنْبُح,2inba77,2inba77,True,7,7,0-9,0-9,3
قَرْمِز,qarmiz,qarmiz,True,7,6,0-9,0-9,3
اِنْتَبَخ,2intakhab,2intabakh,False,9,9,0-9,0-9,5
يِنْتَحَر,yinta7ir,yinti7ir,False,9,8,0-9,0-9,3
هِطِل,hutul,hattil,False,5,5,0-9,0-9,5
زي عَالى مُعَى,zayy 2il3ama,zayy 3ala 2ilma3a,False,14,12,10-19,10-19,5
اِنْــتَصَر,2intasar,2intasar,True,11,8,10-19,0-9,4
قَمَّاقِير رَاسِي,qamaqiir raasi,qamaqiir raasi,True,17,14,10-19,10-19,5
اِتْرَطَبّب,2itrattab,2itrattab,True,11,9,10-19,0-9,5
فَوِّت,fuut,fawwit,False,6,4,0-9,0-9,3
سُورَق,sooraq,sooriq,False,6,6,0-9,0-9,3
يٍتْعَمَّد,yit3ammad,yit3ammad,True,10,9,10-19,0-9,4
قَمْقَر,mqarqish,qamqir,False,7,8,0-9,0-9,5
كُرَّكِة,krukke,krukke,True,8,6,0-9,0-9,4
قْوَالِب,qawaalib,qawaalib,True,8,8,0-9,0-9,3
اِنْرَدّ,2inradd,2inradd,True,8,7,0-9,0-9,1
مْفُورَة,mfawwara,mfawwara,True,8,8,0-9,0-9,2
مَنَاشِف,manaashif,manaashif,True,8,9,0-9,0-9,1
تْصَيَّع,tsayya3,tsayya3,True,8,7,0-9,0-9,1
تْهَتَّه,tahtih,tahtih,True,8,6,0-9,0-9,3
بِصْبَاص,basbaas,basbaas,True,8,7,0-9,0-9,5
بكل عرس الهم فيه قَصِر,bikull 3urus 2ilhum fii qurus,bikull 3urus 2ilhum fiih qurus,False,22,29,20-29,20-29,5
اِبْعَط,2ib3at,2ib3at,True,7,6,0-9,0-9,1
اِنْرَعَب,2inra3ab,2inri3ib,False,9,8,0-9,0-9,4
يسَقِّع,ysaqqkki3,ysaqqkki3,True,7,9,0-9,0-9,2
بَعْدِين,ba3deen,ba3deen,True,8,7,0-9,0-9,2
شَلَّط,shallit,shallit,True,6,7,0-9,0-9,2
عُصُر,3asar,3assar,False,5,5,0-9,0-9,5
سَلْطَان,sultaan,sultaan,True,8,7,0-9,0-9,2
سُرَّاج,sraaj,sraaj,True,7,5,0-9,0-9,4
حْرُوق,7arwaq,7ruuq,False,6,6,0-9,0-9,1
قَلِج,qaladj,qaladj,True,5,6,0-9,0-9,4
أَذْوَنِة,2uzuune,2uzuune,True,9,7,0-9,0-9,3
مُفَرِّط,mfarrat,mfarrat,True,8,7,0-9,0-9,5
زُوم,wazzim,zoom,False,4,6,0-9,0-9,5
تْزِنِّخ,tzannakh,tzannakh,True,8,8,0-9,0-9,5
عَتَرْيِس,3atriis,3atriis,True,9,7,0-9,0-9,5
حَشّى,7ashsha,7asha,False,5,7,0-9,0-9,4
يتْقَنَّد,yitkannad,yitkannad,True,9,9,0-9,0-9,3
شَقْلِيب,shuqleeb,shuqleeb,True,8,8,0-9,0-9,1
كِثِر,kutur,kattar,False,5,5,0-9,0-9,5
بيِحْكِي لَبَل,bi7ki labalad,bi7ki labalab,False,14,13,10-19,10-19,5
مثل المَالك الحزين,mitil 2ilmaalik 2il7aziin,mitil 2ilmaalik 2il7aziin,True,18,25,10-19,20-29,1
قَزْوَلِة,2azwale,2azwale,True,9,7,0-9,0-9,1
مَحْلوُش,m7alwish,m7alwish,True,8,8,0-9,0-9,4
يصِير,ysiir,ysiir,True,5,5,0-9,0-9,1
سَولَف,soolif,soolif,True,6,6,0-9,0-9,1
صُيَّع,sayyi3,sii3,False,6,6,0-9,0-9,4
بَزَاقَة,bzaaqa,bazzaaqa,False,8,6,0-9,0-9,4
تَقْبِيلِة سخونِة,taqbiilit skhuune,taqbiilit skhuune,True,17,17,10-19,10-19,1
لَفَاع,lfaa3,lfaa3,True,6,5,0-9,0-9,3
اِنْفَثّ,2unfus,2unfus,True,8,6,0-9,0-9,3
بِجَاحَة,bajaa7a,bijaa7a,False,8,7,0-9,0-9,4
يجَبِّن,yjabbin,yjabbin,True,7,7,0-9,0-9,1
تُاجّ,taaj,taaj,True,5,4,0-9,0-9,5
رِجَال,rjaal,rijjaal,False,6,5,0-9,0-9,3
يِتَسْطِير,yitsaytar,yitsaytar,True,10,9,10-19,0-9,2
يْتَكِّر,yitkarrar,ytakkir,False,8,9,0-9,0-9,5
شَنْغَل,shangkil,shangkal,False,7,8,0-9,0-9,1
تَغَمُّيس,taghmiis,taghmiis,True,9,8,0-9,0-9,5
يذُون,ywadhdhin,ydawwin,False,5,9,0-9,0-9,5
مْعَنْكِش,m3ankish,m3ankish,True,9,8,0-9,0-9,1
سَهِي,sihi,sahhi,False,5,4,0-9,0-9,3
شَمَاحيِط,shamaa7iit,shamaa7iit,True,9,10,0-9,10-19,4
خَرُوم,khruum,khruum,True,6,6,0-9,0-9,2
يُطْرُش,ytartish,yitrashsh,False,7,8,0-9,0-9,5
يِنْزَطَم,yinzitim,yinzitim,True,9,8,0-9,0-9,3
رِخِص,rukhus,rakhkhis,False,5,6,0-9,0-9,4
طَنِّز,tanniz,tannaz,False,6,6,0-9,0-9,2
اِشْيَل,shaayil,shaayil,True,7,7,0-9,0-9,4
يِتْعَاقَد,yit3aaqad,yit3aaqad,True,10,9,10-19,0-9,1
يحُوم,y7uum,y7awwim,False,5,5,0-9,0-9,2
مَلَازِم,malaazim,malaazim,True,8,8,0-9,0-9,2
جَرّ نَحِل,jurun na7il,jurun na7il,True,10,11,10-19,10-19,3
صَانْعِة,saan3a,saan3a,True,8,6,0-9,0-9,3
تُفْرُك,tfarrak,tfarrak,True,7,7,0-9,0-9,3
اِسْتَنِق,2istanqis,2istanqa3,False,9,9,0-9,0-9,3
اِتْلَصّفَص,2itlassas,2itlassaf,False,11,9,10-19,0-9,5
لَابسة و مَلْبَسِة,laabsew mitlabse,laabsew mitlabse,True,18,16,10-19,10-19,4
خُمَّيس,khamiis,khamiis,True,7,7,0-9,0-9,4
أَكِّيد,2akiid,2akiid,True,7,6,0-9,0-9,3
شِبْرَخ,shabrikh,shabrikh,True,7,8,0-9,0-9,5
مِشْقَالِي,mashaaqkiil,mashaaqkiil,True,10,11,10-19,10-19,5
عَابَت,3aatab,3aabit,False,6,6,0-9,0-9,4
كُثَّافِة,kasaafe,kasaafe,True,9,7,0-9,0-9,2
أَبو مُزْرَاق,2abu mizraaqk,2abu mizraaqk,True,13,13,10-19,10-19,4
يحَكِّم,y7akkim,y7akkim,True,7,7,0-9,0-9,2
اِسْتَاهِل,2istaahal,2istaahal,True,10,9,10-19,0-9,3
يعَشِّم,y3ashshim,y3ashshim,True,7,9,0-9,0-9,1
عِتْرِيس,3atriis,3atriis,True,8,7,0-9,0-9,3
نَعَر,na3ar,na33ar,False,5,5,0-9,0-9,1
عَتَّم,3attam,3attim,False,6,6,0-9,0-9,1
زَعِّع,za3zi3,3azzi3,False,6,6,0-9,0-9,3
قَرَّنِة,qurne,qurne,True,8,5,0-9,0-9,5
اِلْعَب,2il3ab,2il3ab,True,7,6,0-9,0-9,2
يْلَقِّي,yulqi,yilqi,False,8,5,0-9,0-9,4
بَلِّع,bali3,balla3,False,6,5,0-9,0-9,1
يتَحْمِم,yit7ammam,yit7ammam,True,8,9,0-9,0-9,4
شَيَّف,sheef,shayyaf,False,6,5,0-9,0-9,3
يِتْسَلَّل,yitsallal,yitsallal,True,10,9,10-19,0-9,1
تُعْمُم,t3ammim,t3ammam,False,7,7,0-9,0-9,4
بَارِز,baaraz,baariz,False,6,6,0-9,0-9,1
أَقْيَل,2aqiil,2aqiil,True,7,6,0-9,0-9,2
شَارْط,shaarit,shaarit,True,6,7,0-9,0-9,5
يِسْوِء,ysuu2,ysuu2,True,7,5,0-9,0-9,3
يِنْطَاح,ynaati7,yintaa7,False,8,7,0-9,0-9,3
اُحْرُص,2i7ris,2i7ris,True,7,6,0-9,0-9,1
يخَطِّف,yukhtuf,yukhtuf,True,7,7,0-9,0-9,4
تِبَاكَى,tbaaka,tbaaka,True,8,6,0-9,0-9,4
اِنْلِخِم,2inlikhim,2inlakham,False,9,9,0-9,0-9,3
دِبُور,dabaabiir,dabbuur,False,6,9,0-9,0-9,4
يِخْمِج,ykhammij,ykhammij,True,7,8,0-9,0-9,3
بَالتَقْسِيط الرحمي,bittaqsiit 2ilmurii7,bittaqsiit 2ilmurii7,True,19,20,10-19,20-29,1
شُخَص,shakhkhas,shakhkhis,False,5,9,0-9,0-9,5
هِرِس,haris,haras,False,5,5,0-9,0-9,5
دَمَّع,dami3,dammi3,False,6,5,0-9,0-9,2
يِتْعَوَّى,2itwa33a,yitwa33a,False,10,8,10-19,0-9,3
مِنْتَشِي,mintishi,muntashi,False,9,8,0-9,0-9,3
وِتِد,wattid,wattid,True,5,6,0-9,0-9,4
شَخْشُوخ,shakhshuukh,shakhshuukh,True,8,11,0-9,10-19,1
اِتْشِفْشِف,2itshafshaf,2itshafshaf,True,11,11,10-19,10-19,4
مْضَايِق,mdaayiq,mdaayiq,True,8,7,0-9,0-9,4
مَبْرُوك,mabruuk,mabruuk,True,8,7,0-9,0-9,1
مثل حُمُّصَة الكَيّ,mitil 7ummustil kayy,mitil 7ummustil kayy,True,19,20,10-19,20-29,1
يمَقْبِل,ymaqlib,ymaqbil,False,8,7,0-9,0-9,2
يتْوَاسَط,yitwaasat,yitwaasat,True,9,9,0-9,0-9,4
قُلْعَة,qal3a,qal3a,True,7,5,0-9,0-9,5
سُقَّاطَة,saqqaata,saqqaata,True,9,8,0-9,0-9,3
يِتْشَعَّب,yitsha33ab,yitsha33ab,True,10,10,10-19,10-19,1
مْكَالِب,makaalib,makaalib,True,8,8,0-9,0-9,5
مْسَكَّر,msakkar,msakkir,False,8,7,0-9,0-9,2
يفُوت,yfawwit,yfawwit,True,5,7,0-9,0-9,2
فَتَّح,fatta7,fatti7,False,6,6,0-9,0-9,3
مَهَام,mahaam,mahaam,True,6,6,0-9,0-9,2
بَوَابير,bawaabiir,bawaabiiri,False,8,9,0-9,0-9,2
مُجَبَّل,mjabbil,mjabbil,True,8,7,0-9,0-9,4
نَقْرِز,naqkraz,naqkraz,True,7,7,0-9,0-9,2
اِسْتِرْدَاج,2istadraaj,2istirjaad,False,12,10,10-19,10-19,3
يْوَلِّع,yuula3,ywalli3,False,8,6,0-9,0-9,4
أَثِر,2assar,2assar,True,5,6,0-9,0-9,5
أَجَرَة,2ujra,2ujra,True,7,5,0-9,0-9,4
اِنْلُق,2inlaqq,2inlaqq,True,7,7,0-9,0-9,3
مْحَبَّط,mu7bat,m7abbit,False,8,6,0-9,0-9,2
يِرْقَاب,yraaqib,yraaqib,True,8,7,0-9,0-9,5
كُفُلَاء,kufalaa2,kufalaa2,True,8,8,0-9,0-9,5
شَلِّخ,shallikh,shallakh,False,6,8,0-9,0-9,2
شِنْشَار,shanaashir,shunshaar,False,8,10,0-9,10-19,2
تْحَرَش,t7arrash,t7arrash,True,7,8,0-9,0-9,5
تْزِلْقِم,tzalqam,tzalqam,True,9,7,0-9,0-9,4
خَنَازْيِر,khanaaziir,khanaaziir,True,10,10,10-19,10-19,5
اِجْهَر,jaahir,jaahir,True,7,6,0-9,0-9,3
يِتْشِخْلَع,yitshakhla3,yitshakhla3,True,11,11,10-19,10-19,5
قُصَل,qasal,qasal,True,5,5,0-9,0-9,5
لَعْلَع,la3li3,la3la3,False,7,6,0-9,0-9,1
يُطْبُش,ytabbish,yutbush,False,7,8,0-9,0-9,3
مْحَمِّر,m7ammar,m7ammar,True,8,7,0-9,0-9,2
عَامل السَّبْعَة وذَامته,3aamil 2issab3aw zimmitha,3aamil 2issab3a wuzimmitha,False,24,25,20-29,20-29,2
ضِيَّق,dayyaqdayya2,dayyiqdayyi2,False,6,12,0-9,10-19,4
هَزِّء,hazzi2,hazzi2,True,6,6,0-9,0-9,1
عُرَاض,3raad,3raad,True,6,5,0-9,0-9,4
اِتْمَقْتَل,2itma2lat,2itma2lat,True,11,9,10-19,0-9,2
خُنَّاصِي,khanaaniis,khanaasi,False,9,10,0-9,10-19,5
يغَرِّز,ygharriz,ygharriz,True,7,8,0-9,0-9,1
يِقْرَع,yqarri3,yiqra3,False,7,7,0-9,0-9,2
يتَوُّت,yitwattad,ytawwit,False,7,9,0-9,0-9,5
تْرَزَّق,trazzaq,trazzaq,True,8,7,0-9,0-9,1
اِنْبَلَف,2inbilif,2inbalaf,False,9,8,0-9,0-9,3
نَبَز,nabbiz,nabbiz,True,5,6,0-9,0-9,1
يسَلِّوع,ysalwi3,ysalwi3,True,8,7,0-9,0-9,4
كَشَر,kishir,kashshar,False,5,6,0-9,0-9,3
بَلَاسِيت,blaastik,balaasiit,False,9,8,0-9,0-9,1
تَهَاوُن,thaawan,thaawan,True,8,7,0-9,0-9,3
قَرْقَعَة,qurqa3akurka3a,qurqa3akurka3a,True,9,14,0-9,10-19,1
مَرِيح,mrayyi7,mrayyi7,True,6,7,0-9,0-9,4
تْوَصَّف,twassaf,twassaf,True,8,7,0-9,0-9,2
يِسْتَكِس,yistaksil,yistaksil,True,9,9,0-9,0-9,4
صَنَّن,sansin,sansan,False,6,6,0-9,0-9,2
بَيِّض,beed,bayyad,False,6,4,0-9,0-9,3
عَرَّض,3ard,3arrad,False,6,4,0-9,0-9,4
اِتْفَشْخَر,2itfashkhar,2itfashkhar,True,11,11,10-19,10-19,2
يْمَرْمِر,ymarmir,ymarmir,True,9,7,0-9,0-9,2
تَقَادِير,taqaadiir,taqaadiir,True,9,9,0-9,0-9,1
بترَاب المصَاري,bitraab 2ilmasaari,bitraab 2ilmasaari,True,15,18,10-19,10-19,1
اِفْتَشّ,faatash,2iftash,False,8,7,0-9,0-9,5
مُلْحَط,mla77at,mla77it,False,7,7,0-9,0-9,5
دَسَائِس,dasaa2is,dasaa2is,True,8,8,0-9,0-9,1
قَمِص,qamas,qammis,False,5,5,0-9,0-9,4
تَشْتِيت,tashtiit,tashtiit,True,8,8,0-9,0-9,1
سُخُفَاء,sukhafaa2,sukhafaa2,True,8,9,0-9,0-9,2
مْعَابِد,ma3aabid,ma3aabid,True,8,8,0-9,0-9,5
مَطْرَب,mutrib,mtarbikh,False,7,6,0-9,0-9,3
تَنَاغُم,tanaaghum,tnaagham,False,8,9,0-9,0-9,4
يْكِتّ,ykitt,ykitt,True,6,5,0-9,0-9,4
مِسْمَار في العنت,musmaar fil 3untara,musmaar fi 3aleenaat,False,17,19,10-19,10-19,3
أَبو نِيِّة سَار و أبو نيّيت,2abu niyye saar w2abu niiteen 2i7taar,2abu niyye saar w2abu niiteen 2irr,False,28,37,20-29,30-39,2
وَاصْلِة مَعِي لسَّمَال,waasle ma3i lassama,waasle ma3i lassama,True,23,19,20-29,10-19,5
فَزَّع,fazza3,fazzi3,False,6,6,0-9,0-9,3
رْذَيل,raziil,raziil,True,6,6,0-9,0-9,4
يِفْتَر,yiftar,yiftar,True,7,6,0-9,0-9,3
يِنْشِحِن,yinshi7in,yinshi7in,True,9,9,0-9,0-9,1
يِلْطُف,ylattif,yultuf,False,7,7,0-9,0-9,5
اِحوِل,2i7wil,2i7wil,True,6,6,0-9,0-9,2
غِمَازِة,ghammaaze,ghammaaze,True,8,9,0-9,0-9,5
مْخَرْبِشّ,mkharbash,mkharbish,False,10,9,10-19,0-9,5
مَغْلِب,mghallab,mghallab,True,7,8,0-9,0-9,3
سَخِم,sakhkham,sakhkham,True,5,8,0-9,0-9,5
نَحَاسِي,nu7aasi,nu7aasi,True,8,7,0-9,0-9,1
اِشْهِر,2ishhir,2ishhir,True,7,7,0-9,0-9,5
يِتْفَادى,yitfaada,yitfaada,True,9,8,0-9,0-9,3
يتْحَسَّف,yit7assaf,yit7assaf,True,9,9,0-9,0-9,2
يِنْهِجِم,yinhijim,yinhijim,True,9,8,0-9,0-9,1
دَمُّوع التَّمَاسِيح,dumuu3 2ittamaasii7,dmuu3 2ittamaasii7,False,20,19,20-29,10-19,2
مُقَاطِع,maqaati3,magaati3,False,8,8,0-9,0-9,4
إِمُّلَاء,2imlaa2,2imlaa2,True,9,7,0-9,0-9,4
يِدْعَم,yda33im,yda33im,True,7,7,0-9,0-9,2
يِتَطَوَّع,yittawwa3,yittawwa3,True,10,9,10-19,0-9,5
فَسَقَة,fasaqa,fasaqa,True,7,6,0-9,0-9,1
مُنْسِل,mnassil,mnassil,True,7,7,0-9,0-9,5
يِرْبى,yirba,yirba,True,6,5,0-9,0-9,4
بَاع العِشْرَة,baa3 2il3ishra,baa3 2il3ishra,True,14,14,10-19,10-19,1
مْعَتْوَه,ma3tuuh,ma3tuuh,True,9,7,0-9,0-9,5
يتَعْمِم,yit3ammim,yit3ammam,False,8,9,0-9,0-9,4
مَا بيترجي غزفة,maa btiiji ghurze fiiki,maa btiiji ghurze fiigha,False,15,23,10-19,20-29,1
جَزَر,juzur,jazar,False,5,5,0-9,0-9,3
يِسْكَتِر,ysaktir,ysaktir,True,9,7,0-9,0-9,4
طُرِّيقَك خَضْرَا,tariiqak khadra,tariiqak khadra,True,17,15,10-19,10-19,5
تْعَدَل,t3addal,t3addal,True,7,7,0-9,0-9,5
اِتَلَذ,2itlazzaz,2itlazzaz,True,7,9,0-9,0-9,4
اِتْجَوَّب,2itwajjab,2itwajjab,True,10,9,10-19,0-9,1
تَلْقِين,talqiin,talqiin,True,8,7,0-9,0-9,1
سوَالِيف,sawaaliif,sawaaliif,True,8,9,0-9,0-9,2
أَرَض بَعِل,2ard ba3il,2ard ba3il,True,11,10,10-19,10-19,4
مَدِّد,maddid,maddad,False,6,6,0-9,0-9,3
اِبْحَزّ,2ib7az,2ib7az,True,8,6,0-9,0-9,4
قَطْوَم,qattuum,qattuum,True,7,7,0-9,0-9,5
غَامِر,ghaamir,ghaamir,True,6,7,0-9,0-9,1
اِنْجَبَا,2injaab,2injaab,True,9,7,0-9,0-9,4
ينَشِّط,ynashshit,yinshat,False,7,9,0-9,0-9,2
أَزَامِيل,2azaamiil,2azaamiil,True,9,9,0-9,0-9,1
مُحْتَكَر,mi7tikir,mu7takir,False,9,8,0-9,0-9,3
مُتَشَائِم,mitshaa2im,mitshaa2im,True,10,10,10-19,10-19,2
هُدَى,hada,hadda,False,5,4,0-9,0-9,5
يبَرْمِل,ybarmil,ybarmil,True,8,7,0-9,0-9,1
اِنْت مِثِل القُرّ فِشّ عَسَك مِن الثَرِّي,2inta mithil 2ilqurr fishsh shi 3asnaanak murr,2inta mithil 2ilqurr fishsh 3asnak miinanak murrrras,False,42,46,40-49,40-49,5
الله لَا يتيرلك,2alla laa ytiir lak,2alla laa ytiir lak,True,15,19,10-19,10-19,2
طَقَّم,taqim,taqqim,False,6,5,0-9,0-9,3
خُشَّابيِّة,khashshaabiyye,khashshaabiyye,True,11,14,10-19,10-19,5
إِسِّئْتِذَان,2isti2zaan,2isti2zaan,True,13,10,10-19,10-19,5
حَوَادِث,7awaadis,7awaadis,True,8,8,0-9,0-9,1
تَسْعِيرَة,tas3iira,tas3iire,False,10,8,10-19,0-9,2
مثل الشَّعْرِة مِن العجينة,mitil 2ishsha3ra min 2il3ajiine,mitil 2ishsha3ra min 2al3ajiine,False,26,31,20-29,30-39,3
يْلَحِّم,yla77im,yil7im,False,8,7,0-9,0-9,4
مَرْدِف,mardif,mardaf,False,7,6,0-9,0-9,5
يهَوِّل,yhawwil,yhawwil,True,7,7,0-9,0-9,1
طَّاقِم,taaqam,taaqim,False,7,6,0-9,0-9,5
يِسْبِك,ysabbik,ysabbik,True,7,7,0-9,0-9,4
شَاطِئ,shaati2,shaati2,True,6,7,0-9,0-9,1
قُرْطُمِّة,qartame,qartame,True,10,7,10-19,0-9,2
اِسْتَغِلّ,2istaghill,2istaghall,False,10,10,10-19,10-19,3
بَغَال,bghaal,bghaal,True,6,6,0-9,0-9,3
صَامُت,saamit,saamit,True,6,6,0-9,0-9,4
مُعَطَّل,m3attil,m3attil,True,8,7,0-9,0-9,5
حَوَّش,7awwash,7awwash,True,6,7,0-9,0-9,3
هَاوِي,haawi,haawi,True,6,5,0-9,0-9,1
وَافِّي,waafi,waafi,True,7,5,0-9,0-9,5
اِهْلُك,2ihlak,2ihlik,False,7,6,0-9,0-9,4
يِتوَاطَل,yittaawal,yittaawal,True,9,9,0-9,0-9,4
صَفَّف,saffif,fasfas,False,6,6,0-9,0-9,1
كَزّ,kizz,kazz,False,4,4,0-9,0-9,2
مَسْوَغ,musawwigh,msawwigh,False,7,9,0-9,0-9,3
دَرِن,darrin,darrin,True,5,6,0-9,0-9,5
يتْجَدْعَن,yitjad3an,yitjad3an,True,10,9,10-19,0-9,3
مْرَفَّل,mraffil,mraffal,False,8,7,0-9,0-9,1
مِتْقَنْدَر,mitqkandir,mitqkandir,True,11,10,10-19,10-19,4
ضَعَّف,da33if,da33if,True,6,6,0-9,0-9,4
قَرُّوصَة,qarwase,qarwase,True,9,7,0-9,0-9,3
يْبَرِّخ,yibrakh,yibrakh,True,8,7,0-9,0-9,4
نَوِّح,nawwa7,nawwa7,True,6,6,0-9,0-9,2
زَقْوَمِة,zquume,zquume,True,9,6,0-9,0-9,4
عَاكْس,3aakas,3aakis,False,6,6,0-9,0-9,5
اِنْتِحِر,2inta7ir,2inta7ar,False,9,8,0-9,0-9,1
صَرَّف,sarf,sarrif,False,6,4,0-9,0-9,1
شُبَابِيك,shabaabiik,shabaabiik,True,9,10,0-9,10-19,2
يِحْبِي,yi7bi,yi7bi,True,7,5,0-9,0-9,2
تَرْبَى,trabba,trabba,True,7,6,0-9,0-9,2
عَفَر,3affir,3affir,True,5,6,0-9,0-9,3
ثَائَب,saa2ab,saa2ab,True,6,6,0-9,0-9,2
يسُمُّو,yismu,yismu,True,7,5,0-9,0-9,1
عَرِّض,3arrad,3arrad,True,6,6,0-9,0-9,3
بُلْعُط,bal3it,bal3at,False,7,6,0-9,0-9,5
فِتِت,fattit,fattit,True,5,6,0-9,0-9,4
يِرْضِي,yirdi,yrayyid,False,7,5,0-9,0-9,1
طَنْبَوز,tambuuz,tambuuz,True,8,7,0-9,0-9,4
مُحْظُوظ,ma7zuuz,ma7zuuz,True,8,7,0-9,0-9,4
يتَكْوِن,yitkawwan,yitkawwan,True,8,9,0-9,0-9,2
اِتْرَأَّف,2itra22af,2itra22af,True,10,9,10-19,0-9,2
تَفَّل,tifil,taffil,False,6,5,0-9,0-9,1
بَطَّال,battaal,battaal,True,7,7,0-9,0-9,1
عَصَبِي,3asabi,3asabi,True,7,6,0-9,0-9,2
كَسَر,kassar,kassir,False,5,6,0-9,0-9,3
عَشَّا,3asha,3asha,True,6,5,0-9,0-9,3
نَورِي,nuuri,nawari,False,6,5,0-9,0-9,3
اِنْسَلَخ,2insalakh,2insilikh,False,9,9,0-9,0-9,1
كَوَانِي,kawaaniin,kawaayin,False,8,9,0-9,0-9,2
شَهِير,shahiir,shahiir,True,6,7,0-9,0-9,1
يْبَزِّم,ybazzim,ybazzim,True,8,7,0-9,0-9,5
اِتْقَطَّش,2itqashshat,2itqashshat,True,10,11,10-19,10-19,3
تْفِغِص,tfaghghas,tfaghghas,True,7,9,0-9,0-9,4
يِتْسَكَّل,yitsallak,yitsallak,True,10,9,10-19,0-9,4
تِلْثَم,tlassam,tlassam,True,7,7,0-9,0-9,3
أَعَاق,2a3aaq,2a3aaq,True,6,6,0-9,0-9,1
اِعْـتِقَال,2i3tiqaal,2i3tiqaal,True,11,9,10-19,0-9,3
فِشِل,fashshil,fashshil,True,5,8,0-9,0-9,5
فَعَص,fa3as,fa33as,False,5,5,0-9,0-9,1
صَفِيل سِيَاسِي,fasiil siyaasi,fasiil siyaasi,True,15,14,10-19,10-19,3
أُبَارِيق,2abaariiq,2abaariiq,True,9,9,0-9,0-9,5
اِتَنْقَود,2itnaqwad,2itnaqwad,True,10,9,10-19,0-9,2
شَرِّح,sharri7,sharri7,True,6,7,0-9,0-9,3
اِسْتَعْصَام,2isti3saam,2isti3saam,True,12,10,10-19,10-19,2
ضُخّ,dakhkh,dukhkh,False,4,6,0-9,0-9,3
يِتْشَمْطَط,yitshamtat,yitshamtat,True,11,10,10-19,10-19,1
لْوَحَة,loo7a,loo7a,True,7,5,0-9,0-9,4
مِطْبَع,mtabbi3,mtabbi3,True,7,7,0-9,0-9,5
بَدِل,baddal,baddil,False,5,6,0-9,0-9,4
تُبْحِيرِة,tab7iira,tab7iira,True,10,8,10-19,0-9,4
رَيِّش,rayyish,rayyash,False,6,7,0-9,0-9,2
اِجْدُع,2ijda3,2ijda3,True,7,6,0-9,0-9,5
مْشَاعِر,mashaa3ir,mashaa3ir,True,8,9,0-9,0-9,5
إِعْلَامِي,2i3laami,2i3laami,True,10,8,10-19,0-9,2
تَرْجَمِة,tarjame,turjume,False,9,7,0-9,0-9,1
يُرْكُب,yirkab,yirkab,True,7,6,0-9,0-9,5
رَتَب,rattab,rattib,False,5,6,0-9,0-9,3
مُقْنِن,mqannin,mqannin,True,7,7,0-9,0-9,4
طَاسِة الجَرَف,taasit 2irrajfe,taasit 2irrajfe,True,14,15,10-19,10-19,4
اِسْتَنِيم,2istamni,2istamni,True,10,8,10-19,0-9,4
عُقَد,3uqud,3aqqid,False,5,5,0-9,0-9,5
هِلْهَل,halhal,halhal,True,7,6,0-9,0-9,4
يِنِغْصِب,yinghisib,yinghisib,True,9,9,0-9,0-9,4
اِسْتَبْزِل,2istazbil,2istazbal,False,11,9,10-19,0-9,5
قَرْمِط,qgarmat,qgarmat,True,7,7,0-9,0-9,3
آثِّر,2aathir,2aathir,True,5,7,0-9,0-9,4
عِزْلِة,3uzle,3izle,False,7,5,0-9,0-9,1
مَرْقِص,marqas,mraqqas,False,7,6,0-9,0-9,4
اِتْمِغِّط,2itmaghghat,2itmaghghat,True,10,11,10-19,10-19,4
شِجِر,shajar,shajjar,False,5,6,0-9,0-9,5
لَيِّن,liin,layyin,False,6,4,0-9,0-9,3
اِنْسِفِق,2insafaq,2insafaq,True,9,8,0-9,0-9,3
نَعَّم,ni3im,na33am,False,6,5,0-9,0-9,3
أَجَاوُد,2ajaawid,2ajwaad,False,8,8,0-9,0-9,4
تْوِسْخِن,twaskhan,twaskhan,True,9,8,0-9,0-9,3
جَوَا,juwwa,jawa,False,5,5,0-9,0-9,1
هَبْهَب,habhib,habhib,True,7,6,0-9,0-9,2
مْسَلْفَق,msalfiq,msalfiq,True,9,7,0-9,0-9,4
خَمِّل,khumul,khammil,False,6,6,0-9,0-9,2
عِاجِب,3aajib,3aajib,True,6,6,0-9,0-9,4
سَنِة التِّكِّنِة,sanit 2ittanake,sanit 2ittanake,True,17,15,10-19,10-19,5
سَوَّاط,swaat,swaat,True,7,5,0-9,0-9,2
حَبَل,7abbil,7abbal,False,5,6,0-9,0-9,1
مِتْهَنْدِز,mithandiz,mithandiz,True,11,9,10-19,0-9,1
قَطَاط,2taat,qtaat,False,6,5,0-9,0-9,4
يِتْدِعْبِب,yidda3bab,yidda3bab,True,11,9,10-19,0-9,5
يِصْفَى,ysaffi,yisfa,False,7,6,0-9,0-9,3
قَوش,qkawwish,qkawwash,False,4,8,0-9,0-9,5
ذِان,daan,daan,True,4,4,0-9,0-9,3
اُنْبُت,2unbut,2inbut,False,7,6,0-9,0-9,2
اِنِلْفِع,2inlafa3,2inlafa3,True,9,8,0-9,0-9,5
مقلع سنَانه,mqalle3 snaano,mqalle3 snaano,True,11,14,10-19,10-19,2
جَادِح,jaa7id,jaadi7,False,6,6,0-9,0-9,4
طَوَاشي,tawaashi,tawaashi,True,7,8,0-9,0-9,2
زَمِّع,maza3,mazza3,False,6,5,0-9,0-9,4
يطيب,ytiib,ytiib,True,4,5,0-9,0-9,3
يفَشْفِش,yfashfish,yfashfish,True,8,9,0-9,0-9,1
تُوتَاي,tootya,tuutaani,False,7,6,0-9,0-9,3
يتَفَعُّل,yitfa33al,yitfa33al,True,9,9,0-9,0-9,5
أَبُو جُعْرَان,2abu ju3raan,2abu ju3raan,True,14,12,10-19,10-19,4
اِتْغَمَّط,2itmaghghat,2itmaghghat,True,10,11,10-19,10-19,2
طَافِي,2itfi,taafi,False,6,5,0-9,0-9,5
هَفَّف,hafhaf,haffaf,False,6,6,0-9,0-9,5
وَّرّ,warr,wirr,False,5,4,0-9,0-9,4
يِنْعَزِم,yin3izim,yin3izim,True,9,8,0-9,0-9,4
حَلَق,7alqim,7alliq,False,5,6,0-9,0-9,5
خَبِيزِة,khubbeeze,khubbeeze,True,8,9,0-9,0-9,2
مُخِيط,mkhayyit,mkhayyit,True,6,8,0-9,0-9,4
مْطَبَّخ,matbakh,matbakh,True,8,7,0-9,0-9,4
مضروب بحجرك ربير,madruub b7ajar kbiir,madruub b7ajar kbiir,True,16,20,10-19,20-29,3
أَمَن,2amin,2ammin,False,5,5,0-9,0-9,3
جَعَص,ja33as,ja33as,True,5,6,0-9,0-9,1
وَازَع,waazi3,waazi3,True,6,6,0-9,0-9,3
قَصْوِل,qaswil,qaswal,False,7,6,0-9,0-9,2
خَزِّن,khazzin,khazzin,True,6,7,0-9,0-9,1
يِحْمَط,yi7mut,yi7mut,True,7,6,0-9,0-9,5
عَكْرُوت,3akruut,3akruut,True,8,7,0-9,0-9,2
اِنْغَصَب,2inghasab,2inghasab,True,9,9,0-9,0-9,4
بْيَات,bayaat,bayyaat,False,6,6,0-9,0-9,1
حَنَك,7annak,7annik,False,5,6,0-9,0-9,3
سِمِك,sammik,sammik,True,5,6,0-9,0-9,4
مْقَوقَح,mqooqi7mkooki7,mqooqi7mkooki7,True,8,14,0-9,10-19,5
تَرَّاس,tarraas,tarraas,True,7,7,0-9,0-9,3
يِنْعَي,yin3i,yin3i,True,7,5,0-9,0-9,5
حَصَّل,7asal,7assil,False,6,5,0-9,0-9,2
دَمِّع,dammi3,dammi3,True,6,6,0-9,0-9,3
أَبُو خْنَانِة,2abu khnaane,2abu khnaane,True,14,12,10-19,10-19,2
اِتْنَهَّك,2itnakkah,2itnahnak,False,10,9,10-19,0-9,5
يتْدَرْدَح,yiddarda7,yiddarda7,True,10,9,10-19,0-9,3
هُبَى,haba,haba,True,5,4,0-9,0-9,4
شَلْفِق,shalfaq,shalfaq,True,7,7,0-9,0-9,1
رَاصُوب,raabuus,raasuub,False,7,7,0-9,0-9,4
نَقَّد,naqid,naqid,True,6,5,0-9,0-9,2
اِتْقِرْوِص,2itqarwas,2itqarwas,True,11,9,10-19,0-9,4
تْفَرَغ,tfarragh,tfarragh,True,7,8,0-9,0-9,5
يِنْتِف,yintif,yintif,True,7,6,0-9,0-9,4
دُوس,duus,dawwis,False,4,4,0-9,0-9,2
كَبْكَب,kabkib,kabkib,True,7,6,0-9,0-9,3
مُخُّه صْغِير,mukhkho zghiir,mukhkho zghiir,True,13,14,10-19,10-19,1
يَوقِع,yuuqa3,ywaqqi3,False,6,6,0-9,0-9,5
جِفِص,jaffis,jaffas,False,5,6,0-9,0-9,4
اِخْتِرِق,2ikhtaraq,2ikhtaraq,True,9,9,0-9,0-9,3
مْشَرِّت,msharrit,msharrat,False,8,8,0-9,0-9,2
مش ولَا بَدّ,mish wala bud,mish wala bud,True,12,13,10-19,10-19,3
مَقَالِش,m2aalish,m2aalish,True,8,8,0-9,0-9,2
شِيشْبَرَك,shiishbarak,shiishbarak,True,10,11,10-19,10-19,1
تَمْلِيك,matliik,tamliik,False,8,7,0-9,0-9,3
يِحْصِم,y7ammis,y7ammis,True,7,7,0-9,0-9,3
مْمَارِق,mamaariq,mamaariq,True,8,8,0-9,0-9,3
نَبَّز,nabbaz,nabbiz,False,6,6,0-9,0-9,2
أَكَيِّل,2akkiil,2akkiil,True,8,7,0-9,0-9,3
يكَبْهِو,ybahwik,ykabhu,False,8,7,0-9,0-9,5
صِنْدَاقِي,sanaadiiq,sanaadiiq,True,10,9,10-19,0-9,5
سِابِع,saabi3,saabi3,True,6,6,0-9,0-9,5
يِلْسِع,yilsa3,ylassi3,False,7,6,0-9,0-9,5
تْبَرَّأ,tbarra2,tbarra2,True,8,7,0-9,0-9,1
مُدَارَاة,mdaaraa,mdaaraa,True,9,7,0-9,0-9,2
مُهْتِم,muhtamm,muhtamm,True,7,7,0-9,0-9,4
بَصَّارَة,bassaara,busaara,False,9,8,0-9,0-9,1
حَنَانِيح,na7aanii7,7anaanii7,False,9,9,0-9,0-9,5
فَصَّاليِّة,fussaaliyye,fussaaliyye,True,11,11,10-19,10-19,4
فَرَى مَاسَاتُه,fara masaato,fara masaato,True,15,12,10-19,10-19,1
جُرَازِي,jaraazi,jaraazi,True,8,7,0-9,0-9,2
مْرَبْوَع,marbuu3,marbuu3,True,9,7,0-9,0-9,3
نُبَّيل,nabiil,nabiil,True,7,6,0-9,0-9,5
اِتْنَاهَف,2itnaahaf,2itnaahaf,True,10,9,10-19,0-9,2
عَدّ,3idd,3idd,True,4,4,0-9,0-9,1
حَاطَط,7aatat,7aatit,False,6,6,0-9,0-9,2
يِنْخَطِب,yinkhatab,yinkhitib,False,9,9,0-9,0-9,3
فَتِّت,fattat,fattit,False,6,6,0-9,0-9,2
وَقَائِع,waqaa2i3,waqaa2i3,True,8,8,0-9,0-9,1
سَوَّا,sawa,sawa,True,6,4,0-9,0-9,2
أَقْصَى,2aqsa,2aqsa,True,7,5,0-9,0-9,1
مِتْوَرِّط,mitwarrit,mitwarrit,True,10,9,10-19,0-9,1
اِؤْمَرّ,2u2mur,2u2mur,True,8,6,0-9,0-9,5
صَفْرَا,safra,safra,True,7,5,0-9,0-9,1
شَبَّل,shibil,shabbal,False,6,6,0-9,0-9,1
إِنْشِة,2inshaa2,2inshaa2,True,7,8,0-9,0-9,4
اِتْشَقَّر,2itshaqqar,2itshaqqar,True,10,10,10-19,10-19,2
اِقْصِف,2uksuf,2uqsuf,False,7,6,0-9,0-9,2
ذَرَّايِة,duraaye,duraaye,True,9,7,0-9,0-9,1
كَمَمِة,kamkame,kamme,False,7,7,0-9,0-9,5
اِعْرِم,2u3rum,2u3rum,True,7,6,0-9,0-9,3
ضِيف ثقيل,deef tqiil,deef tqiil,True,9,10,0-9,10-19,1
يْزَكِّي,yzakki,yzakki,True,8,6,0-9,0-9,4
قَمَاط,qmaat,qmaat,True,6,5,0-9,0-9,3
يُقْلُد,yqallid,yqallid,True,7,7,0-9,0-9,3
وَرَطَة,warta,warta,True,7,5,0-9,0-9,2
ينَكِّل,ynakkil,ynakkil,True,7,7,0-9,0-9,1
اِنْسَطَم,2insimit,2insatam,False,9,8,0-9,0-9,5
سَنْد,sannad,sannad,True,5,6,0-9,0-9,4
فُقُع,faqa3,faqqa3,False,5,5,0-9,0-9,4
صَايِم,saayim,saayim,True,6,6,0-9,0-9,1
يِسْتَعْبِش,yistabshi3,yista3bish,False,11,10,10-19,10-19,5
اِنْقَرِف,2inqirif,2inqaraf,False,9,8,0-9,0-9,4
ثُقْبِة,thuqkbe,thuqkbe,True,7,7,0-9,0-9,2
سَحَّالِي,sa7aali,sa7aali,True,9,7,0-9,0-9,5
بيلُقّ بَقِيل,biluqq laqq,biluqq biluq,False,13,11,10-19,10-19,1
اِحْشي,2i7shi,2i7shi,True,6,6,0-9,0-9,2
اِتَقَنْدَر,2itqkandar,2itqkandar,True,11,10,10-19,10-19,2
اِبْتِهَل,2ibtahil,2ibtahal,False,9,8,0-9,0-9,4
وَعَظ,wa3iz,wa33az,False,5,5,0-9,0-9,2
مْفَظِّع,mfazzi3,mfazzi3,True,8,7,0-9,0-9,1
اِسْتَعْلَام,2isti3maal,2isti3laam,False,12,10,10-19,10-19,4
دُبْدُوب,dabduub,dabduub,True,8,7,0-9,0-9,4
بَرَّط حَومِة,bart 7oome,bart 7oome,True,13,10,10-19,10-19,4
صُدَّيرِي,sdeeri,sdeeri,True,9,6,0-9,0-9,5
مْشَلَّط,mshallit,mshallit,True,8,8,0-9,0-9,2
الله يِنْعِم عليك,2alla yin3im 3aleek,2alla yin3im 3aleek,True,17,19,10-19,10-19,1
يتْشَاهَد,yitshaahad,yitshaahad,True,9,10,0-9,10-19,2
اِبْرَشّ,2ubrush,2ubrush,True,8,7,0-9,0-9,4
صُغّ,ghuss,ghuss,True,4,5,0-9,0-9,1
فَاتِح,faata7,faati7,False,6,6,0-9,0-9,1
يوِدّ,ywidd,ywidd,True,5,5,0-9,0-9,1
بَجِر,budjur,bajjir,False,5,6,0-9,0-9,4
مِذْبِحَة,madba7a,madba7a,True,9,7,0-9,0-9,3
يكَيكِح,ykeeki7,ykeeki7,True,7,7,0-9,0-9,2
تَطْحَب,2itta7bash,2itta77ab,False,7,10,0-9,10-19,5
حَسْكِن,7iskin,7askin,False,7,6,0-9,0-9,1
يِتْنَقَّش,yitshanna2,yitnaqqash,False,10,10,10-19,10-19,3
سَفِر,safar,saffir,False,5,5,0-9,0-9,5
ظْهُور,zuhuur,dhuur,False,6,6,0-9,0-9,1
سَوَّاق,sawwaaq,swaaq,False,7,7,0-9,0-9,2
اِفْتَح,2ifta7,2ifta7,True,7,6,0-9,0-9,1
اِحذر عدوك مرة وصَاحبك مية مرة,2i7zar 3aduuwak marra wusaa7bak miit marra,2i7zar 3aduuwak marra wusa7bak miit marra,False,30,42,30-39,40-49,3
إِسْأَل مْجَرَّب ولَا تِسْأَل خَبِير,2is2al mjarrib wala tis2al khabiir,2is2al mjarrib wala tis2al khabiir,True,36,34,30-39,30-39,3
يِحْلِوِش,y7alwish,y7alwish,True,9,8,0-9,0-9,4
أَتْعَس مِن حَمِير الرَّون,2at3as min 7amiir 2innawar,2at3as min 7amiir 2innawar,True,26,26,20-29,20-29,1
يصَرِّك,yusruk,yusruk,True,7,6,0-9,0-9,4
مْكَوَّن,mukawwan,mkawwin,False,8,8,0-9,0-9,3
عُزَا,3aza,3aza,True,5,4,0-9,0-9,5
تِنِن,tannan,tannin,False,5,6,0-9,0-9,4
اِخْتِفِي,2ikhtifi,2ikhtifi,True,9,8,0-9,0-9,1
يِعْوَق,y3awwiq,y3awwiq,True,7,7,0-9,0-9,4
اِلْفِع,2ilfa3,2ilfa3,True,7,6,0-9,0-9,4
هِنْدِس,handas,handis,False,7,6,0-9,0-9,3
أَمْصِي,2amyas,2amsi,False,7,6,0-9,0-9,4
قَّارِق,qaaraq,qaariq,False,7,6,0-9,0-9,5
خَشَب,khashab,khashshib,False,5,7,0-9,0-9,3
عِمْلَاق,3imlaaq,3imlaaq,True,8,7,0-9,0-9,4
وِجِه مَخْطُوف,wijho makhtuuf,wijho makhtuuf,True,14,14,10-19,10-19,3
يْتَلْفِت,yitlaffat,yitlaffat,True,9,9,0-9,0-9,5
اِتَدَلَّع,2iddala3,2iddala3,True,10,8,10-19,0-9,4
صَبْيَان,sibyaan,sabyaan,False,8,7,0-9,0-9,1
يِلْفِف,ylaffif,ylaffif,True,7,7,0-9,0-9,4
أَرَدِّن,2urdun,2ardun,False,8,6,0-9,0-9,5
يِنْفَرّ,yinfur,ynaffir,False,8,6,0-9,0-9,4
عُرّ,3arr,3arr,True,4,4,0-9,0-9,2
وَظِف,wazzaf,wazzif,False,5,6,0-9,0-9,4
مَاجْسِير,maajistiir,majsiir,False,9,10,0-9,10-19,5
كْسُول,kasuul,kasuul,True,6,6,0-9,0-9,1
بُلُغ,balagh,ballagh,False,5,6,0-9,0-9,4
عَشَبِة,3ishbe,3ishbe,True,7,6,0-9,0-9,4
حُصْمَايِة,7ummusaaye,7ummusaaye,True,10,10,10-19,10-19,1
اِسْتَرْزَق,2istarziq,2istarzaq,False,11,9,10-19,0-9,2
يصَوِّن,ysawwin,ysawwin,True,7,7,0-9,0-9,1
هْرُبِّة,hrubbe,hurbe,False,8,6,0-9,0-9,4
اُكْزُز,kaaziz,2ukzuk,False,7,6,0-9,0-9,4
بَيَاخَة,bayaakha,bayaakha,True,8,8,0-9,0-9,2
حَشْفِشِة,7ashfishe,7ashfish,False,9,9,0-9,0-9,4
سَلَطَانِي,sultaani,sultaani,True,10,8,10-19,0-9,4
دَورَخَة,doorakhe,doorakhe,True,8,8,0-9,0-9,1
تْعَصْرَق,t3arqas,t3arqas,True,9,7,0-9,0-9,4
اِسْتَمْجَر,2istajmar,2istajmir,False,11,9,10-19,0-9,5
دَلَّع,dili3,dalli3,False,6,5,0-9,0-9,3
اِسْتَمْلِح,2istamla7,2istamli7,False,11,9,10-19,0-9,2
عَامُوم طَامِم,3aamim wutaamim,3aamuum taamim,False,14,15,10-19,10-19,4
حَقِير,7aqiir,7aqiir,True,6,6,0-9,0-9,1
طُفْسِة,tafse,tafse,True,7,5,0-9,0-9,5
أَعْرَب,2a3rab,2a3rab,True,7,6,0-9,0-9,1
مُلَاتِيت,malaatiit,malaatiit,True,9,9,0-9,0-9,4
مَنِّح,mina7,manna7,False,6,5,0-9,0-9,3
ضَمْنُوم,madmuun,madmuun,True,8,7,0-9,0-9,2
مَجْفِف,mjaffaf,mjaffaf,True,7,7,0-9,0-9,5
يتَفْسِح,yitfassa7,yitfassa7,True,8,9,0-9,0-9,4
شَعْوَط,sha3wat,sha3wit,False,7,7,0-9,0-9,1
خْشَاش,khshaash,khshaash,True,6,8,0-9,0-9,2
يمَطِّط,ymattit,ymattit,True,7,7,0-9,0-9,4
اِدْعِي,2i3di,2id3i,False,7,5,0-9,0-9,5
تَبَكُّم,tbakkam,tbakkam,True,8,7,0-9,0-9,2
مَطْبِة,matabbe,matabbe,True,7,7,0-9,0-9,3
صَيْنِيِّة,siniyye,siiniyye,False,10,7,10-19,0-9,2
مُزْهِز,mzahzih,mzahzih,True,7,7,0-9,0-9,3
يِصْمَدّ,ysammid,yismud,False,8,7,0-9,0-9,5
قَبّ عوجه الدنيَا,qabb 3awijih 2iddinya,qabb 3awijih 2iddinya,True,17,21,10-19,20-29,1
مُطَابَشِة,mtaabashe,mtaabashe,True,10,9,10-19,0-9,4
قُضِّي,qaddi,qaddi,True,6,5,0-9,0-9,4
شَبْرَخَة,shabrakha,shabrakha,True,9,9,0-9,0-9,2
تَجْمِيل,tajmiili,tajmiil,False,8,8,0-9,0-9,3
شِمْطِط,shamtit,shamtit,True,7,7,0-9,0-9,3
اِنْغَدَر,2inghidir,2inghadar,False,9,9,0-9,0-9,1
مِنْسَف,minsaf,mnassif,False,7,6,0-9,0-9,5
شَخْخ,shakhkhikh,shakhkhikh,True,5,10,0-9,10-19,5
مْدَمِّن,mudmin,mudmin,True,8,6,0-9,0-9,1
حَنِّي طُزَك,7anni tiizak,7anni tiizak,True,12,12,10-19,10-19,5
أَخِذ,2akhad,2akhid,False,5,6,0-9,0-9,2
قَرَارْطِي,qaraariit,qaraariit,True,10,9,10-19,0-9,5
بَلَك,blukk,ballak,False,5,5,0-9,0-9,2
تَرَامُس,taraamis,traamas,False,8,8,0-9,0-9,4
كُئَّيب,ka2iib,ka2iib,True,7,6,0-9,0-9,5
يِشْتِعِل,yishti3il,yishti3il,True,9,9,0-9,0-9,1
نَغَاشِة,naghaashe,naghaashe,True,8,9,0-9,0-9,2
فَخَارَة,fakhkhaara,fakhkhaara,True,8,10,0-9,10-19,2
شَدِد,shaddad,shaddid,False,5,7,0-9,0-9,5
شَرِح,shara7,sharri7,False,5,6,0-9,0-9,5
وَّنّ,winn,wann,False,5,4,0-9,0-9,5
إِجَّابِة,2ijaabe,2ijaabe,True,9,7,0-9,0-9,2
مَوَافِق,mwaafiq,mwaafiq,True,8,7,0-9,0-9,2
مُكُوث,mukuuth,mukuuth,True,6,7,0-9,0-9,2
تَرَبْرُب,trabrab,trabrab,True,9,7,0-9,0-9,4
اِسْتِعْلام,2isti3laam,2isti3laam,True,11,10,10-19,10-19,5
مَعَرْفُو,ma3ruuf,ma3ruuf,True,9,7,0-9,0-9,5
يِهْبُط,yhabbit,yuhbut,False,7,7,0-9,0-9,3
نفسُه مْحَمْضَة,nifso m7aamda,nifso m7amda,False,15,13,10-19,10-19,5
يلِتّ,ylitt,ylitt,True,5,5,0-9,0-9,1
سُطَّى,sata,sata,True,6,4,0-9,0-9,5
أَطْباق,2atbaaq,2atbaaq,True,7,7,0-9,0-9,4
اِنْجَبَّد,2injabad,2injabad,True,10,8,10-19,0-9,5
سَابِع,saabi3,saabi3,True,6,6,0-9,0-9,1
أَطِبَاء,2atibbaa2,2atibbaa2,True,8,9,0-9,0-9,5
يِخْطُب,yikhtub,yukhtub,False,7,7,0-9,0-9,5
فُوئَاد,fawaa2id,fawaa2id,True,7,8,0-9,0-9,2
قَيل,qayyal,qayyal,True,4,6,0-9,0-9,3
كُرُك,tshartshir,karkir,False,5,10,0-9,10-19,5
مَنَاهَقَة,mnaahaqa,mnaahaqa,True,10,8,10-19,0-9,5
مَلْطَس,maltis,maltas,False,7,6,0-9,0-9,1
صِلِع,sulu3,salla3,False,5,5,0-9,0-9,4
اِقْحَط,2iq7at,2iq7at,True,7,6,0-9,0-9,2
اِفْس,faas,faas,True,5,4,0-9,0-9,3
يِسْتَعيب,yista3yib,yista3yib,True,9,9,0-9,0-9,4
شَخْبَطَة,shakhbata,shakhbata,True,9,9,0-9,0-9,2
الله يِنْتِعِك بَالسَّلَمِة,2alla yinta3ik bissalaame,2alla yinta3ik bissalaame,True,27,25,20-29,20-29,5
اِتْعَكْرَت,2i3akrat,2i3akrat,True,11,8,10-19,0-9,1
إِنِسَان,2insaan,2insaan,True,8,7,0-9,0-9,2
يهَفْهِف,yhafhif,yhafhif,True,8,7,0-9,0-9,1
يِكْتَفِي,yiktafi,yiktafi,True,9,7,0-9,0-9,3
اِنْدِهِش,2indahash,2indahash,True,9,9,0-9,0-9,1
اِضْطَاهِد,2ittihaad,2ittihaad,True,10,9,10-19,0-9,4
عَين,3ayyan,3ayyin,False,4,6,0-9,0-9,4
يتْسَلْبَط,yitsalbat,yitsalbat,True,10,9,10-19,0-9,2
مُعَالِق,ma3aaliq,ma3aaliq,True,8,8,0-9,0-9,4
يِلْدَن,yladdin,yladdin,True,7,7,0-9,0-9,3
فُرْصَة ذهبية,fursa laa dahabiyye,fursa laa dahabiyye,True,13,19,10-19,10-19,2
يِتْجَبْزَب,yitzabzab,yitjazbab,False,11,9,10-19,0-9,5
طَوف,toof,tawwif,False,4,4,0-9,0-9,4
تَوَحُّم,twa77am,twa77am,True,8,7,0-9,0-9,2
دَمِل,dimmal,dammil,False,5,6,0-9,0-9,4
بَعَزِة,ba3ze,ba3ze,True,7,5,0-9,0-9,5
أُقْصَاف,2aqfaas,2aqsaaf,False,8,7,0-9,0-9,3
لَخْلَخ,lakhlakh,lakhlikh,False,7,8,0-9,0-9,2
جَلِّق,jalaqk,djallik,False,6,6,0-9,0-9,2
مَنَاخِر,munkhaar,manaakhir,False,8,8,0-9,0-9,5
بُهْدَال,bahaadil,buhdaal,False,8,8,0-9,0-9,4
يُقْطَاع,yqaati3,yqaati3,True,8,7,0-9,0-9,5
اِلْتَغى,2iltagha,2iltagha,True,8,8,0-9,0-9,3
بْيِخْتِرِة عَالذَّر,byikhtiri3 2izzarra,byikhtiri3 2izzarre,False,20,19,20-29,10-19,3
فَطَّس,fattis,fattis,True,6,6,0-9,0-9,1
بَذْرِة خَير,bazrat kheer,bazrit kheer,False,12,12,10-19,10-19,4
كَافِأ,kaafa2,kaafa2,True,6,6,0-9,0-9,2
عَوَّر,3awwir,3awwir,True,6,6,0-9,0-9,1
بلَا صُغَرَة,bala zughra,bala zughra,True,12,11,10-19,10-19,4
دِبِّة,dabbe,dabbe,True,6,5,0-9,0-9,3
صْيَبْعَة,seeba3a,seeba3a,True,9,7,0-9,0-9,5
كَنَب,kanab,kanab,True,5,5,0-9,0-9,1
بَاض,baad,baad,True,4,4,0-9,0-9,1
لَعَّن,la3an,la33an,False,6,5,0-9,0-9,2
تَحْضِين,ta7diin,ta7diin,True,8,7,0-9,0-9,1
مْدِير,mudiir,mdayyir,False,6,6,0-9,0-9,5
مْوَرَّق,mooraqk,mooriqk,False,8,7,0-9,0-9,2
يصِيَب,ysiib,ysiib,True,6,5,0-9,0-9,5
مُنْشَار,minshaar,minshaar,True,8,8,0-9,0-9,1
اِتْحَاقَد,2it7aadaqg,2it7aadaqg,True,10,10,10-19,10-19,2
نَغَّش,naghghish,naghghish,True,6,9,0-9,0-9,2
نَفَايِتَا,nufaayaat,nufaayaat,True,10,9,10-19,0-9,5
مُبْسَتِّر,mbastar,mbastir,False,10,7,10-19,0-9,5
زُرْدُمِّة,zurdumme,zurdumme,True,10,8,10-19,0-9,2
بْسُكْتَلِي,baskaleet,baskatli,False,11,9,10-19,0-9,4
مْدَحْدَل,2imda7dil,mda7dil,False,9,9,0-9,0-9,2
قْهِيوِة,2itshheewa,qahwiye,False,8,10,0-9,10-19,5
تْهَامَس,thaamas,thaamas,True,8,7,0-9,0-9,2
اُنْفُذ,naafidh,2unfud,False,7,7,0-9,0-9,3
مَلْكَان,malakaan,malakaan,True,8,8,0-9,0-9,4
هِبِد,habid,habad,False,5,5,0-9,0-9,5
اِدْشَع,daashi3,2idsha3,False,7,7,0-9,0-9,5
اِتْرَوجَح,2itrooja7,2itrooja7,True,10,9,10-19,0-9,1
يدَعْبَس,yda3bis,yda3bis,True,8,7,0-9,0-9,2
جَيِّب,jayyib,jayyib,True,6,6,0-9,0-9,1
سُحْلِيِّة,si7liyye,si7liyye,True,10,8,10-19,0-9,3
غُلِّي,ghalli,ghalli,True,6,6,0-9,0-9,5
يِفْرِز,yifriz,yfarriz,False,7,6,0-9,0-9,3
بِين نَارَين,been naareen,been naareen,True,12,12,10-19,10-19,4
بُزّ,bizz,bizz,True,4,4,0-9,0-9,5
يِتْصَفَّن,yitsannaf,yitsaffan,False,10,9,10-19,0-9,4
يِتْزَعْزَع,yitza3za3,yitza3za3,True,11,9,10-19,0-9,1
اِتْبَوهَق,2itbahwagkq,2itbahwagkq,True,10,11,10-19,10-19,3
ذمته وَاسعة,zimto waas3a,zimto waas3a,True,11,12,10-19,10-19,1
يِتْجَمَّع,yitjamma3,yitjamma3,True,10,9,10-19,0-9,1
مُرْتَبَان,murtabaan,murtabaan,True,10,9,10-19,0-9,1
تْصِومَع,tsooma3,tsooma3,True,8,7,0-9,0-9,5
اِسْتَنْهِج,2istahjin,2istahjan,False,11,9,10-19,0-9,5
ضَرَّة,durra,durra,True,6,5,0-9,0-9,2
هِبْدِة,habde,habde,True,7,5,0-9,0-9,5
شِبِع نِمّ,shibi3 noom,shibi3 nim,False,10,11,10-19,10-19,5
شَنَّق,shanniq,shannaq,False,6,7,0-9,0-9,1
رَاحة شربة الصب,raa7it shurbit 2issabuu7,raa7it shurbit 2issabil,False,15,24,10-19,20-29,3
أَطَيِّر مي,2atayyir mayy,2atayyir mayy,True,11,13,10-19,10-19,3
يِمْرُص,yumrus,ymarris,False,7,6,0-9,0-9,5
خِيَّال,khayyaal,khayyaal,True,7,8,0-9,0-9,5
مَجْلِد,mjallid,mjallid,True,7,7,0-9,0-9,5
بُزَّاز,bazzaaz,bzaaz,False,7,7,0-9,0-9,5
تَشَحْبَر,tsha7bar,tsha7bar,True,9,8,0-9,0-9,5
يِتْقِي,yittiqi,yittiqi,True,7,7,0-9,0-9,3
يِتْشَنْوَخ,yitsharnakh,yitshakhwan,False,11,11,10-19,10-19,5
حْلَال,7alaal,7allaal,False,6,6,0-9,0-9,1
اِقْرَضّ,2iqrid,2iqrid,True,8,6,0-9,0-9,4
اِسْتَوْلَى,2istawla,2istawla,True,11,8,10-19,0-9,2
دِبْكِة,dabke,dabke,True,7,5,0-9,0-9,3
حَصِل,7assal,7assil,False,5,6,0-9,0-9,4
قِصَارَة,qksaara,qksaara,True,8,7,0-9,0-9,3
شَنْغِل,shangkil,shangkal,False,7,8,0-9,0-9,3
مَا حدَا بسَع ميه الرَّطَع,maa 7ada bitla3 ma3o braas,maa 7ada bitla3 ma3o masar,False,26,26,20-29,20-29,5
حَصَّى البَان,7asa 2ilbaan,7asa 2ilbaan,True,13,12,10-19,10-19,5
اِسْتَذْأَن,2ista2zin,2ista2zin,True,11,9,10-19,0-9,3
تْطَاحَن,2ittaa7an,2ittaa7an,True,8,9,0-9,0-9,2
فِرْفَكِة,farfake,farfake,True,9,7,0-9,0-9,2
مَهْرِج,mhargal,mhargil,False,7,7,0-9,0-9,4
يقوَاح,yqaawi7,yqaawi7,True,6,7,0-9,0-9,5
يتْفَقَّد,yiftiqid,yitfaqqad,False,9,8,0-9,0-9,5
سَمُّوم,sumuum,sumuum,True,7,6,0-9,0-9,4
عَكَش,3akkish,3akkish,True,5,7,0-9,0-9,3
يِتْعَفَّس,yit3assaf,yit3assaf,True,10,9,10-19,0-9,3
اِتْجَعْرَم,2itdja3ram,2itdja3ram,True,11,10,10-19,10-19,1
كَعْكِش,ka3kish,ka3kash,False,7,7,0-9,0-9,4
قِضَايَا,qadaaya,qadaaya,True,8,7,0-9,0-9,3
تْكَلْبَن,tkalban,tkalban,True,9,7,0-9,0-9,1
مَا أسوع ذمتك,maa 2awsa3 zimto,maa 2aswuma3 zimto,False,13,16,10-19,10-19,3
تَقْيِم,tqayyam,tqayyam,True,7,7,0-9,0-9,4
أَهْدْفَاف,2ahdaaf,2ahdaaf,True,10,7,10-19,0-9,5
شَحْوَط,sha7wit,sha7wit,True,7,7,0-9,0-9,1
بِلَاعِين,bala3iin,bala3iin,True,9,8,0-9,0-9,5
شَنَاشِيل,shanaashiil,shanaashiil,True,9,11,0-9,10-19,1
تْبِلْعِط,tbal3at,tbil3it,False,9,7,0-9,0-9,4
رَاضِى,raada,raada,True,6,5,0-9,0-9,3
بعد مَا شَاب ودوه الكتَّا,ba3id maa shaab wadduu 2ilkuttaab,ba3id maa shaab wadduu 2ilkutttaab,False,25,33,20-29,30-39,4
رَطْرَط,ratrat,ratrat,True,7,6,0-9,0-9,1
يِتْحَدْرَن,yit7ardan,yit7andar,False,11,9,10-19,0-9,3
أَصْنَاص,2ansaas,2asnaas,False,8,7,0-9,0-9,2
اِطْقَشّ,2itq2ash,2itq2ash,True,8,8,0-9,0-9,3
يْرَبّط,yurbut,yurbut,True,7,6,0-9,0-9,5
اُقْصُد,2iqsid,2iqsid,True,7,6,0-9,0-9,2
عِمْيَا,3amya,3amya,True,7,5,0-9,0-9,4
مُبَاشِر,mubaashir,mabaashir,False,8,9,0-9,0-9,5
مُتَدَولِق,middooli2,middooli2,True,10,9,10-19,0-9,2
كَبَّار,kbaar,kbaar,True,7,5,0-9,0-9,1
مِهْدُوم,mahduum,mahduum,True,8,7,0-9,0-9,5
اِتْفَخَخ,2itfakhkhakh,2itfakhkhakh,True,9,12,0-9,10-19,4
عَزِّى,3azza,3azza,True,6,5,0-9,0-9,3
سِافِر,saafir,saafir,True,6,6,0-9,0-9,3
هِبِر,habbir,habbar,False,5,6,0-9,0-9,5
اِنْقُر,naaqir,2unqur,False,7,6,0-9,0-9,4
يِثْقُف,ysaqqif,yusquf,False,7,7,0-9,0-9,5
على وُضَوء,3ala wuduu2,3ala wuduu2,True,10,11,10-19,10-19,2
إِلْوَاد,2iwlaad,2ilwaad,False,8,7,0-9,0-9,3
يَا خَبِفِت مِن زَيرُو,yaa bakht min zaar wukhaffaf,yaa khabamin tiiz wukharrit,False,22,28,20-29,20-29,1
عُور,3awar,3awwir,False,4,5,0-9,0-9,2
اِتْشَحْوَح,2itsha7wad,2itsha7wa7,False,11,10,10-19,10-19,2
مِحْسِن,mu7sin,m7assin,False,7,6,0-9,0-9,5
يتَوُّقَت,yitwaqqat,yitwaqqat,True,9,9,0-9,0-9,2
يِحْجُب,y7ajjib,y7ajjib,True,7,7,0-9,0-9,4
خُنَادَق,khanaadiq,khanaadiq,True,8,9,0-9,0-9,4
فُور,fuur,fawwar,False,4,4,0-9,0-9,2
اِجْرُب,2ijrab,2ijrabb,False,7,6,0-9,0-9,3
صْلَاة,salaa,salaa,True,6,5,0-9,0-9,4
يْحَافِظ,y7aafiz,y7aafiz,True,8,7,0-9,0-9,2
اِسْتَعْبِد,2ista3bid,2ista3bad,False,11,9,10-19,0-9,3
تْلَوَّن,tlawwan,tlawwan,True,8,7,0-9,0-9,1
اِنْدَعَس,2indi3is,2inda3as,False,9,8,0-9,0-9,2
اِتْصَوَّر,2itsawwar,2itsawwar,True,10,9,10-19,0-9,1
اِتَّحَارَب,2it7aarab,2it7aarab,True,11,9,10-19,0-9,3
زُعَانِيب,za3aaniib,za3aaniib,True,9,9,0-9,0-9,4
مِتْرَاقِب,mitraaqab,mitraaqab,True,10,9,10-19,0-9,3
يُقْمُل,yqammil,yqammil,True,7,7,0-9,0-9,3
اِنْسَلَب,2insalab,2insilib,False,9,8,0-9,0-9,2
رَبْعَن,rab3an,rab3in,False,7,6,0-9,0-9,2
وَثَّق,wisiq,wassaq,False,6,5,0-9,0-9,1
حِظِر,7azar,7azzar,False,5,5,0-9,0-9,5
يْدَبْدِب,ydabdib,ydabdib,True,9,7,0-9,0-9,2
كَاسِر,kaasir,kaasir,True,6,6,0-9,0-9,1
اِتْشَيآطَن,2itshaytan,2itshaytan,True,11,10,10-19,10-19,5
دِرَاب,durraab,draab,False,6,7,0-9,0-9,5
جَلِّي,jali,jalli,False,6,4,0-9,0-9,1
رِجْفِة,rajfe,rajfe,True,7,5,0-9,0-9,4
مَضَغ,madigh,madagh,False,5,6,0-9,0-9,1
اِتَقْوَع,2itqooqa3,2itqooqa3,True,9,9,0-9,0-9,3
يهُجّ,yhidjdj,yhidjdj,True,5,7,0-9,0-9,2
جَعْمِص,dja3mas,dja3mis,False,7,7,0-9,0-9,4
يْنَاظِر,ynaadhir,ynaadhir,True,8,8,0-9,0-9,3
يِسْتَزْهِئ,yistahzi2,yistahzi2,True,11,9,10-19,0-9,4
يِشْرِف,ysharrif,ysharrif,True,7,8,0-9,0-9,5
سَمْكَرِي,samkari,samkari,True,9,7,0-9,0-9,1
مَهْوِد,mhawwid,mhawwid,True,7,7,0-9,0-9,5
زَّاوِد,zaawid,zaawad,False,7,6,0-9,0-9,5
وِسْخَاة,wasaakha,wiskhaa,False,8,8,0-9,0-9,5
طَقَّش,taqq22ish,taqq22ash,False,6,9,0-9,0-9,1
هْرَابِة,harabe,haraaba,False,8,6,0-9,0-9,1
يِمْهِط,ymahmit,ymahhit,False,7,7,0-9,0-9,5
اُهْدَى,2ihda,2ihda,True,7,5,0-9,0-9,2
يِتَبَقْبَق,yitbaqbaq,yitbaqbaq,True,11,9,10-19,0-9,5
يِفْرِع,yfarri3,yfarri3,True,7,7,0-9,0-9,3
لُهَث,lahith,lahath,False,5,6,0-9,0-9,5
اِصْمَت,2ismut,2ismut,True,7,6,0-9,0-9,4
كُحْيَان,ka7yaan,ka7yaan,True,8,7,0-9,0-9,4
حِاس,7aas,7aas,True,4,4,0-9,0-9,3
اِصْدَقّ,2usduq,2usduq,True,8,6,0-9,0-9,5
كِيدي,kaydi,kiidi,False,5,5,0-9,0-9,4
قَايله بإِشَي,qaayillo b2eesh,qaayillo b2eesh,True,13,15,10-19,10-19,4
اِفْلِت,2iflat,2iflit,False,7,6,0-9,0-9,1
نُشَّاط,nashaat,nashshaat,False,7,7,0-9,0-9,5
يتْقَاتَل,yitqaatal,yitqaatal,True,9,9,0-9,0-9,2
يِنْهَضّ,yinhad,yinhad,True,8,6,0-9,0-9,3
تْلِفِع,tlaffa3,tlaffa3,True,7,7,0-9,0-9,3
قَتِل,qatil,qattal,False,5,5,0-9,0-9,4
مَبْعِط,mba33at,mba33it,False,7,7,0-9,0-9,5
تَرَقُّعِي,tarqii3,tarqii3,True,10,7,10-19,0-9,5
مَلَاح,mlaa7,malaa7,False,6,5,0-9,0-9,1
جَرَّم,jaram,jarram,False,6,5,0-9,0-9,2
دَانْي,daani,daani,True,6,5,0-9,0-9,2
اُنْعَاش,2in3aash,2in3aash,True,8,8,0-9,0-9,4
مِخْتَابِر,mukhaabaraat,mukhtaabir,False,10,12,10-19,10-19,4
حِادّ,7aad,7aadd,False,5,4,0-9,0-9,5
يتَهِّت,ytahtih,ytahtih,True,7,7,0-9,0-9,5
اِتْبَشْبَش,2itshabshab,2itshabshab,True,11,11,10-19,10-19,3
ذَنِّب,zanb,zanab,False,6,4,0-9,0-9,5
يْخَزْوِق,ykhazwig,ykhooziq,False,9,8,0-9,0-9,5
تَجْوِيه,tawjiihi,tawjiih,False,8,8,0-9,0-9,5
اِهْبَدّ,2ihbid,2ihbid,True,8,6,0-9,0-9,5
جَازِم,2ijzim,jaazim,False,6,6,0-9,0-9,5
مِسْرَاة البودَا,misraat 2iddawaab,misraat 2ilbooda,False,16,17,10-19,10-19,3
قَبُّور,qbuur,qbuur,True,7,5,0-9,0-9,2
يْرَكِّض,yirkud,yirkud,True,8,6,0-9,0-9,3
كِرْشِة,karshe,karshe,True,7,6,0-9,0-9,4
عَمِل حَالُه,3imil 7aalo,3imil 7aalo,True,12,11,10-19,10-19,3
طَارِي,taayir,taari,False,6,6,0-9,0-9,3
اِنْصَمَد,2insamid,2insamad,False,9,8,0-9,0-9,1
بَيت مْعَتَّم,beet m3attim,beet m3attim,True,13,12,10-19,10-19,1
بَزْرَق,bazriqk,bazriqk,True,7,7,0-9,0-9,3
سَلَّاسِل,salaasil,salaasil,True,9,8,0-9,0-9,5
دْهُوشِة,dahduushe,dahwashe,False,8,9,0-9,0-9,3
غَف,ghaff,ghiff,False,3,5,0-9,0-9,4
سَدِّد,sidad,saddad,False,6,5,0-9,0-9,3
يِتَمْهَط,yitmahmat,yitmahmat,True,9,9,0-9,0-9,5
دَبَسِة,dabase,dabse,False,7,6,0-9,0-9,1
سِخِم,sakhkhim,sakhkham,False,5,8,0-9,0-9,4
قَلِيل أصل,qaliil 2asil,qaliil 2asil,True,10,12,10-19,10-19,4
اِتْوَحَّد,2itwa77ad,2itwa77ad,True,10,9,10-19,0-9,1
يَسِّى,yiskha,yisa,False,6,6,0-9,0-9,4
مِخْرَاز,mikhraaz,mikhraaz,True,8,8,0-9,0-9,1
اِطلع من رَاسي,2itla3 min raasi,2itla3 min raasi,True,14,16,10-19,10-19,1
تَعَالِى,t3aala,t3aala,True,8,6,0-9,0-9,5
غَنِّج,ghanaj,ghannij,False,6,6,0-9,0-9,2
يِسْطُم,yustum,yustum,True,7,6,0-9,0-9,5
يحرِق صْفَاح الللي خلَّفك,yi7riq sfaa7 2illi khallafak,yi7riq sfaa7 2illi khallafak,True,25,28,20-29,20-29,4
مِن السَّمَا,min 2issama,min 2issama,True,12,11,10-19,10-19,1
مَجْحَش,mja77ish,mja77ish,True,7,8,0-9,0-9,5
بَنِيد آم,bani 2aadam,bani 2aadam,True,9,11,0-9,10-19,1
اِجْتَمَع,2ijtama3,2ijtama3,True,9,8,0-9,0-9,1
فَلِّين,falliin,falliin,True,7,7,0-9,0-9,1
شَطْرِج,shatranj,shatraj,False,7,8,0-9,0-9,5
قَذِل,qudhal,qudhal,True,5,6,0-9,0-9,1
اِتْمَشْدَق,2itmashdaq,2itmashdaq,True,11,10,10-19,10-19,1
حَشِيش,7ashiish,7ashiish,True,6,8,0-9,0-9,1
تْحَالَى,t7aalaa,t7aalaa,True,8,7,0-9,0-9,1
يُودِي,ywaddi,ywaddi,True,6,6,0-9,0-9,2
مُهْرُش,mharrish,mharrish,True,7,8,0-9,0-9,5
هَوَّا,huwwa,hawa,False,6,5,0-9,0-9,2
نِعِر,na3ar,na33ar,False,5,5,0-9,0-9,5
اِنْقِص,2inqas,2inqas,True,7,6,0-9,0-9,5
يُطْبُز,yutbuz,yutbuz,True,7,6,0-9,0-9,3
يٍتْنَمَّر,yitnammar,yitnammar,True,10,9,10-19,0-9,5
اُنْصُر,2inrass,2unsur,False,7,7,0-9,0-9,3
سَقْف التّوقُّعَات,saqf 2ittawaqu3aat,saqf 2ittawaqu3aat,True,18,18,10-19,10-19,3
شيع,shayya3,shayyi3,False,3,7,0-9,0-9,5
اِنِخْشِط,2inkhishit,2inkhashat,False,9,10,0-9,10-19,5
مش متهنى بلقمته,mish mithanni bluqmito,mish mithanni bluqmito,True,15,22,10-19,20-29,4
رَخَّص,rukhas,rakhkhis,False,6,6,0-9,0-9,1
اِنْتَفَّض,2intafad,2intafad,True,10,8,10-19,0-9,5
نَهْوَض,nuhuud,nuhuud,True,7,6,0-9,0-9,3
يجَمِّد,yijmid,yijmid,True,7,6,0-9,0-9,2
سَلِق,saliq,salliq,False,5,5,0-9,0-9,5
يِنْتَزِع,yintizi3,yintizi3,True,9,8,0-9,0-9,3
تِرْهَل,trahhal,trahhal,True,7,7,0-9,0-9,5
مَحْلِي,ma7alli,ma7alli,True,7,7,0-9,0-9,1
كَبْرَة,kabra,kabra,True,7,5,0-9,0-9,1
اِحْتِمِى,2i7tama,2i7tama,True,9,7,0-9,0-9,5
نُوقَرَة,nooqara,nooqara,True,8,7,0-9,0-9,2
عَكَارْتِي,3akaariit,3akaariit,True,10,9,10-19,0-9,5
يْهَبِّك,yhabbik,yihbik,False,8,7,0-9,0-9,4
تْقَاوَى,tqaawa,tqaawa,True,8,6,0-9,0-9,2
رَطَّانِة,rataane,rataane,True,9,7,0-9,0-9,2
يتْأَكَّد,yit2akkad,yit2akkad,True,9,9,0-9,0-9,2
يُلْبُح,ylabbi7,ylabbi7,True,7,7,0-9,0-9,4
ليِّس,layyas,layyas,True,5,6,0-9,0-9,5
يشَمِّل,yishmal,yishmal,True,7,7,0-9,0-9,1
يِحْوِج,yi7wij,y7awwij,False,7,6,0-9,0-9,3
دَوَّن,dawwin,dawwan,False,6,6,0-9,0-9,1
اِسْعُل,2is3al,2is3al,True,7,6,0-9,0-9,5
يقَروِط,yqarwit,yqarwit,True,7,7,0-9,0-9,4
نَثِّر,nathar,nathir,False,6,6,0-9,0-9,3
تَدَاوُل,2iddaawal,2iddaawal,True,8,9,0-9,0-9,2
يُضْبُع,ydabbi3,ydabbi3,True,7,7,0-9,0-9,3
قِرْيَا,qureera,qarya,False,7,7,0-9,0-9,4
بَصِّم,basam,bassim,False,6,5,0-9,0-9,1
شَقْرَم,shaqkram,shaqkram,True,7,8,0-9,0-9,1
زي قَالمَع ضِيزُو,zay qaadi ma3zuul,zay qaadi ma3zuul,True,17,17,10-19,10-19,1
نِفْسُه مْفُوتِة,nifso maftuu7a,nifso maftuune,False,16,14,10-19,10-19,4
مَنْدِيل,mandiil,mandiil,True,8,7,0-9,0-9,1
شَغَل,shughul,shaghghil,False,5,7,0-9,0-9,3
يِتْجَبْرَح,yitdjarba7,yitdjarba7,True,11,10,10-19,10-19,2
بيشيب الشِّر عرَاس,bishayyib sha3ir 2irraas,bishayyib 2ishsha3ir 2irraas,False,18,24,10-19,20-29,3
سَتْيَانِة,sityaane,sityaane,True,10,8,10-19,0-9,3
مَقْصُوم,maqmuus,maqsuum,False,8,7,0-9,0-9,2
يِنْخِمِش,yinkhashim,yinkhimish,False,9,10,0-9,10-19,5
تُعَف,t3affaf,ta3af,False,5,7,0-9,0-9,5
يِصْرَخ,ysarrikh,yusrukh,False,7,8,0-9,0-9,3
نُهْضَة,nahda,nahda,True,7,5,0-9,0-9,4
أَنْجَب,2anjab,2anjab,True,7,6,0-9,0-9,1
سَبْسَب,sabsib,sabsib,True,7,6,0-9,0-9,1
يجَرِّر,yjarjir,yjarrir,False,7,7,0-9,0-9,3
اِجْئِر,jaa2ir,jaa2ir,True,7,6,0-9,0-9,3
نَعَم,na3am,na33am,False,5,5,0-9,0-9,1
اِسْكِب,2uskub,2uskub,True,7,6,0-9,0-9,4
لَبَّس,labbas,labbis,False,6,6,0-9,0-9,1
فَقِّد,faqqid,faqqid,True,6,6,0-9,0-9,3
يِنْمَعِك,yinmi3ik,yinmi3ik,True,9,8,0-9,0-9,5
زِلِق,ziliq,zallaq,False,5,5,0-9,0-9,5
اِجْدِل,jaadil,2ijdil,False,7,6,0-9,0-9,3
نِسِخ,nasakh,nassikh,False,5,6,0-9,0-9,4
طَهْوِر,thuur,thuur,True,7,5,0-9,0-9,2
اِتْهَاشَم,2itshaaham,2ithaasham,False,10,10,10-19,10-19,3
أَوقِيِّة,2uuqiyye,2uuqiyye,True,9,8,0-9,0-9,4
اِهْبِل,2ihball,2ihball,True,7,7,0-9,0-9,2
اِجْهَضّ,2ijhid,2ijhid,True,8,6,0-9,0-9,5
يتَمْتِر,yitmattar,yitmattar,True,8,9,0-9,0-9,2
نِسْمِة,nisme,nisme,True,7,5,0-9,0-9,4
يِخْصَر,ykhassir,ykhassir,True,7,8,0-9,0-9,5
خُبَص,khabas,khabbas,False,5,6,0-9,0-9,5
اِشْل,shaal,shaal,True,5,5,0-9,0-9,5
تَدَهْوُر,tadahwur,2iddahwar,False,9,8,0-9,0-9,4
يِتْمَايَل,yitmaayal,yitmaayal,True,10,9,10-19,0-9,1
جُرُن,djurun,jurun,False,5,6,0-9,0-9,4
يِجْرِب,yijrabb,yijrabb,True,7,7,0-9,0-9,2
حِرْدَان,7ardaan,7aradaan,False,8,7,0-9,0-9,1
دَولار,dolar,dolar,True,6,5,0-9,0-9,2
سَقَط مَن عَينِي,siqit min 3eeni,siqit min 3eeni,True,16,15,10-19,10-19,4
مُخْتَرَع,mikhtiri3,mukhtari3,False,9,9,0-9,0-9,5
يشَيِّد,yshayyid,yshayyid,True,7,8,0-9,0-9,1
مْجَبْوَر,majbuur,majbuur,True,9,7,0-9,0-9,3
فُرَّاوْلِة,faraawle,faraawle,True,11,8,10-19,0-9,5
نُقُودِة,naqwade,naqwade,True,8,7,0-9,0-9,4
نَقِّل,naqal,naqqil,False,6,5,0-9,0-9,1
رِكِض,rakid,rakkad,False,5,5,0-9,0-9,4
عِيرنَا سكَوتَك,3iirna skuutak,3iirna skuutak,True,15,14,10-19,10-19,3
أُقُومَا,2aqwaam,2aqwaam,True,8,7,0-9,0-9,5
حَجِر الدْرَاس,7ajar 2idraas,7ajar 2idraas,True,14,13,10-19,10-19,4
يجَيِّد,yjiid,yjiid,True,7,5,0-9,0-9,1
يِنْتِحِر,yinti7ir,yinti7ir,True,9,8,0-9,0-9,1
اِدْفِع,2idfa3,2idfa3,True,7,6,0-9,0-9,2
شِدّ,shadd,shidd,False,4,5,0-9,0-9,3
دِبْلُومَاسيِّة,dibluumaasiyye,dibluumaasiyye,True,15,14,10-19,10-19,4
هِايِش,haayish,haayish,True,6,7,0-9,0-9,4
مْدَهْدِك,mdahdak,mdahdik,False,9,7,0-9,0-9,1
مُحِير,m7ayyar,m7ayyir,False,6,7,0-9,0-9,3
مُحَذَّر,m7azzir,m7azzir,True,8,7,0-9,0-9,3
جلدة رَاسُه خميلِة,jildit raaso khmiile,jildet raaso khmiile,False,18,20,10-19,20-29,1
رَيد,riid,rayyid,False,4,4,0-9,0-9,4
تَكَى,takka,takka,True,5,5,0-9,0-9,2
يِطْوِع,ytawwi3,ytawwi3,True,7,7,0-9,0-9,4
حَاصَر,7aasar,7aasir,False,6,6,0-9,0-9,2
مُسْتَهَال,mistaahil,mustaahal,False,10,9,10-19,0-9,4
حِين,7ayyin,7ayyin,True,4,6,0-9,0-9,3
تْهَزَّز,thazzaz,thazzaz,True,8,7,0-9,0-9,1
اِبْتَهِج,2ibtahij,2ibtahij,True,9,8,0-9,0-9,5
وِرِك,wirik,warrik,False,5,5,0-9,0-9,3
يتَغْسِل,yitghassal,yitghassal,True,8,10,0-9,10-19,3
اِنِسْدِح,2insada7,2insada7,True,9,8,0-9,0-9,4
لَخَّص,lakhkhas,lakhkhis,False,6,8,0-9,0-9,1
اِبْتِسِم,2ibtasam,2ibtasam,True,9,8,0-9,0-9,1
يشَهِّل,yshahhil,yshahhil,True,7,8,0-9,0-9,1
شْيَلِة,sheele,sheele,True,7,6,0-9,0-9,5
اِتْمَرْمَج,2itmarjal,2itmarja7,False,11,9,10-19,0-9,5
شَطِب,shatib,shattib,False,5,6,0-9,0-9,4
مُتَسَلْبِط,mitsalbit,mitsalbit,True,11,9,10-19,0-9,3
يِغْنِي,yighni,yghanni,False,7,6,0-9,0-9,2
تُكْرُن,takran,takrin,False,7,6,0-9,0-9,5
بُسْتَانِي,basaatiin,bustaani,False,10,9,10-19,0-9,2
يبَلِّع,yibla3,yballi3,False,7,6,0-9,0-9,2
اِتْعَتْعَر,3it3atras,2it3atra3,False,11,9,10-19,0-9,5
تْنَاجَئ,nataa2ij,tnaaja2,False,8,8,0-9,0-9,3
دَحَّل,da7al,da7al,True,6,5,0-9,0-9,3
اِتَنَاحَر,2itnaa7ar,2itnaa7ar,True,10,9,10-19,0-9,2
خَالِف عَتَر,khaalif tu3raf,khaalif tu3raf,True,12,14,10-19,10-19,3
حَمْحِم,7am7am,7am7im,False,7,6,0-9,0-9,3
يِسْتَعْرِيض,yistardi,yista3riid,False,12,8,10-19,0-9,5
تْكَرَّر,tkarrar,tkarrar,True,8,7,0-9,0-9,1
حِصِح,7as7as,7as7as,True,5,6,0-9,0-9,3
يُوسَع,ywassi3,ywassi3,True,6,7,0-9,0-9,2
سُفَرْجيِّة,sufrajiyye,sufrajiyye,True,11,10,10-19,10-19,5
مُحْتَال,mu7taal,mi7taal,False,8,7,0-9,0-9,2
مِفْهِي,mfahhi,mfahhi,True,7,6,0-9,0-9,4
اِنْكِب,2inkib,2inkabb,False,7,6,0-9,0-9,4
يِسْتَغْرَق,yistaghriq,yistaghriq,True,11,10,10-19,10-19,2
يَضَارِب,ydaarib,ydaarib,True,8,7,0-9,0-9,4
مَاعي,maa3i,maa3i,True,5,5,0-9,0-9,2
دَيِّر,diir,diir,True,6,4,0-9,0-9,3
يِتْنَفْسَر,yitsanfar,yitnafras,False,11,9,10-19,0-9,4
يِنْفِر,ynaffir,yinfur,False,7,7,0-9,0-9,5
تْحَرْحَش,t7ar7ash,t7ar7ash,True,9,8,0-9,0-9,1
اِحْتَارِم,2i7tiram,2i7tiraam,False,10,8,10-19,0-9,5
هَزِيمِة,haziime,haziime,True,8,7,0-9,0-9,1
رِسَالِة,risaale,risaale,True,8,7,0-9,0-9,2
يِتقَطَّع,yitqatta3,yitqatta3,True,9,9,0-9,0-9,3
أَبُو هَذَلَان,2abu hadlaan,2abu hadlaan,True,14,12,10-19,10-19,5
صَابُون الجلي,saabuun 2iljali,saabuun 2iljali,True,13,15,10-19,10-19,5
تَقَلَّى,tqalla,tqalla,True,8,6,0-9,0-9,2
رَاكَع,raaki3,raaki3,True,6,6,0-9,0-9,2
يُنْود,ynuud,ynawwid,False,6,5,0-9,0-9,5
وَدَع,wadda3,waddi3,False,5,6,0-9,0-9,3
حَصَن,7isin,7assin,False,5,5,0-9,0-9,3
دِاحِل,daa7il,daa7il,True,6,6,0-9,0-9,5
اِتْقَى,2ittaqa,2ittaqqa,False,7,7,0-9,0-9,3
كَرَب,karib,karrib,False,5,5,0-9,0-9,1
يِسْتَطْرِي,yistatri,yistatri,True,11,8,10-19,0-9,1
حَنْظَلِة,7andala,7andala,True,9,7,0-9,0-9,1
يِسْتَقْلِل,yistaqall,yistaqlil,False,11,9,10-19,0-9,5
نَشَّز,nashshiz,nashshiz,True,6,8,0-9,0-9,1
يصِيف,ysayyif,ysiif,False,5,7,0-9,0-9,1
حْمَايِل,7amaayil,7amaayil,True,8,8,0-9,0-9,3
يِسْتَسْوِخ,yistawsikh,yistawsikh,True,11,10,10-19,10-19,2
خْزُوق,khazwig,khazwag,False,6,7,0-9,0-9,1
وَجِّع,wajji3,wajji3,True,6,6,0-9,0-9,5
يِشْخُص,yshakhkhis,yshakhkhis,True,7,10,0-9,10-19,4
تَعَرْقَل,t3arqal,t3arqal,True,9,7,0-9,0-9,5
تَصَارُح,tsaara7,tsaara7,True,8,7,0-9,0-9,4
قَبَ,qabb,qabb,True,4,4,0-9,0-9,5
جَهَاد,jihaad,jihaad,True,6,6,0-9,0-9,1
صَرْبَع,sarbi3,sarbi3,True,7,6,0-9,0-9,1
مْوَكِّب,mawkib,mwakkib,False,8,6,0-9,0-9,1
تَعَرِّيد,ta3riid,ta3riid,True,9,7,0-9,0-9,2
اِسْتَحْلِى,2ista7la,2ista7la,True,11,8,10-19,0-9,3
أُقْلَام,2aqlaam,2aqlaam,True,8,7,0-9,0-9,3
عَافِق,2u3fuq,3aafiq,False,6,6,0-9,0-9,5
تِسْلِيم,tasliim,tasliim,True,8,7,0-9,0-9,5
اِرْتَأى,2irta2a,2irta2a,True,8,7,0-9,0-9,1
كَفْحَا,fak7a,kuf7a,False,7,5,0-9,0-9,5
صَمَدِي,msaddi,samadi,False,7,6,0-9,0-9,2
لْسَانه بيُقْطُر قَطِر,lsaano byuqtur qatir,lsano binaqqit raqit,False,22,20,20-29,20-29,1
إِدَّاغَم,2idghaam,2idghaam,True,9,8,0-9,0-9,5
صَاحِب مَصْلَحَة,saa7ib masla7a,saa7ib masla7a,True,16,14,10-19,10-19,1
مْهَجِّن,mhajjan,mhajjan,True,8,7,0-9,0-9,1
مَمْصُوع,mam3uus,mamsuu3,False,8,7,0-9,0-9,2
طَبَاليج,tabaaliij,tabaaliij,True,8,9,0-9,0-9,3
أَجْزَاء,2ajzaa2,2ajzaa2,True,8,7,0-9,0-9,1
اِلْتَوِح,2iltiwi7,2iltiwi7,True,9,8,0-9,0-9,3
أَرْض بُور,2ard buur,2ard buur,True,10,9,10-19,0-9,5
دَاعِب,daabi3,daa3ib,False,6,6,0-9,0-9,3
أُرَّى,2ara,2ara,True,6,4,0-9,0-9,5
تَكَفْكَف,tkafkaf,tkafkaf,True,9,7,0-9,0-9,3
يلَطِّش,yultush,ylattish,False,7,7,0-9,0-9,1
بَوَّش,boosh,bawwash,False,6,5,0-9,0-9,2
عُطِّيِّة,3atiyye,3atiyye,True,9,7,0-9,0-9,3
عِينُه بَارْحَة,3eeno baar7a,3eeno baar7a,True,15,12,10-19,10-19,3
زَمَني,zamani,zamani,True,6,6,0-9,0-9,5
يِحْبَس,yi7bis,y7abbis,False,7,6,0-9,0-9,4
صِفِّيحَة,sfii7a,sfii7a,True,9,6,0-9,0-9,5
مْفَلِّخ,mfallikh,mfallikh,True,8,8,0-9,0-9,1
تَرِح,tarra7,tarri7,False,5,6,0-9,0-9,5
لَعْيِة,la3ye,la3ye,True,7,5,0-9,0-9,1
طَبّ,tubb,tubb,True,4,4,0-9,0-9,1
اِتْطَلَّف,2ittaffal,2itlattaf,False,10,9,10-19,0-9,3
حَاله المَايِل,7aalo maayil,7aalo maayil,True,14,12,10-19,10-19,4
مَضَخَّة,madakhkha,madakhkha,True,8,9,0-9,0-9,1
رُضَوِّة,rawda,rawda,True,8,5,0-9,0-9,4
فش حدَا الي عليه ضربة لَازمي,fishsh 7ada 2ili 3alee darbit laazim,fishsh 7ada 2ili 3alee darbit lazim,False,28,36,20-29,30-39,4
مْرَابِط,maraabit,muraabit,False,8,8,0-9,0-9,3
طبوَا الديوك عبَض,tabbu 2idyuuk 3aba3ad,tabbu 2idyuuk 3aba3ad,True,17,21,10-19,20-29,5
عَفَق,3afaq,3affiq,False,5,5,0-9,0-9,3
بَلْفُون,balafoon,balafoon,True,8,8,0-9,0-9,2
لَوَّذ,lawwadh,lawwidh,False,6,7,0-9,0-9,2
دَفَع دَمّ قَلْبُه,dafa3 damm qalbo,dafa3 damm qalbo,True,18,16,10-19,10-19,1
يِنِجْوِع,yinwiji3,yinwiji3,True,9,8,0-9,0-9,3
اِنْخِذِل,2inkhazal,2inkhizil,False,9,9,0-9,0-9,1
كَيَّف,keef,kayyaf,False,6,4,0-9,0-9,3
حِفِّي,7ifi,7affi,False,6,4,0-9,0-9,4
وَقَّف,waqqaf,waqqif,False,6,6,0-9,0-9,1
يِتْغَسَّل,yitghassal,yitghassal,True,10,10,10-19,10-19,4
تْفَكَّر,tafakkur,tfakkar,False,8,8,0-9,0-9,5
جَيَّاب,jyaab,jyaab,True,7,5,0-9,0-9,4
يُوزِم,ywazzim,ywazzim,True,6,7,0-9,0-9,3
أُخْضَرَانِي,3akhdaraani,2akhdaraani,False,12,11,10-19,10-19,4
تَوْكَيل,tawkiil,tawkiil,True,8,7,0-9,0-9,3
غُنُوج,ghannuuj,ghannuuj,True,6,8,0-9,0-9,2
نَهِّف,nahhif,nahhaf,False,6,6,0-9,0-9,3
وَجَّع,waja3,wajji3,False,6,5,0-9,0-9,4
جُرْجُق,djardjaqk,djardjik,False,7,9,0-9,0-9,3
تْفَلْوَت,tfalwat,tfalwat,True,9,7,0-9,0-9,1
غَفْلِة,ghafle,ghafle,True,7,6,0-9,0-9,2
هْوَيلُه,hawwiilo,hawiilo,False,8,8,0-9,0-9,3
اِتْسَبَّح,2itsabba7,2itsabba7,True,10,9,10-19,0-9,2
يِسْتَهِيد,yistahdi,yistahdi,True,10,8,10-19,0-9,4
قُفُل,qafal,qaffil,False,5,5,0-9,0-9,5
مَجْمَد,mjammad,mjammad,True,7,7,0-9,0-9,4
نَشّ,shinn,nashsh,False,4,5,0-9,0-9,4
يحَقِّق,y7aqqiq,y7aqqiq,True,7,7,0-9,0-9,1
زُخّ,zakhkh,zikhkh,False,4,6,0-9,0-9,3
يِقْبُض,yqabbid,yqabbid,True,7,7,0-9,0-9,5
مُعَمِّر,mu3ammir,m3ammir,False,8,8,0-9,0-9,5
شَنْدَل,shandil,shandal,False,7,7,0-9,0-9,2
اِسْتَوْرِد,2istawrid,2istawrad,False,11,9,10-19,0-9,4
يِجَاوِل,yjaawil,yjaawil,True,8,7,0-9,0-9,2
اِسْتَنْظِف,2istandaf,2istandif,False,11,9,10-19,0-9,2
اِسْتَقْطَب,2istaqtab,2istaqtab,True,11,9,10-19,0-9,2
يِنْدَفَع,yindifi3,yindifi3,True,9,8,0-9,0-9,4
فَخَار,fakhkhaar,fakhkhaar,True,6,9,0-9,0-9,3
صَفَّر,saffar,saffir,False,6,6,0-9,0-9,1
تَفَصْلِي,tafliis,tafsiil,False,9,7,0-9,0-9,5
مُتَسَبِّب,mutasabbib,mutasabbib,True,10,10,10-19,10-19,2
جَسْدِي,jasadi,jasadi,True,7,6,0-9,0-9,3
شَم,shimm,shimm,True,3,5,0-9,0-9,4
اِقْعَش,qkaa3ish,2iqk3ash,False,7,8,0-9,0-9,3
بَزَم,bazzim,bazzam,False,5,6,0-9,0-9,3
يِعْوِف,y3awwif,y3awwif,True,7,7,0-9,0-9,3
يِغْرِز,yighriz,ygharriz,False,7,7,0-9,0-9,3
اِسْتَعْلي,2ista3li,2ista3li,True,10,8,10-19,0-9,3
جَد,jadd,jadd,True,3,4,0-9,0-9,5
صُرَص,sirs,sarris,False,5,4,0-9,0-9,5
تَنْفِخ,tnaffakh,tnaffakh,True,7,8,0-9,0-9,4
اِتْهَبْوَق,2ithabwaqk,2ithabwaqk,True,11,10,10-19,10-19,1
شَلَال,shallaal,shlaal,False,6,8,0-9,0-9,3
كَتَم,katim,katam,False,5,5,0-9,0-9,3
نَعْكِشِة,na3kashe,na3kashe,True,9,8,0-9,0-9,3
يْبَحْبِص,yba7bis,yba7bis,True,9,7,0-9,0-9,2
ذَنُوب,zunuub,zunuub,True,6,6,0-9,0-9,3
يِطْعَج,yit3aj,yit3aj,True,7,6,0-9,0-9,1
أُجْبَان,2ajbaan,2ajbaan,True,8,7,0-9,0-9,3
اِبْتَدَا,2ibtada,2ibtada,True,9,7,0-9,0-9,2
أَهَلّ,2ahhal,2ahhil,False,6,6,0-9,0-9,5
يُخْمُش,yikhmish,yikhmish,True,7,8,0-9,0-9,5
أَصْدُقَاء,2asdiqaa2,2asdiqaa2,True,10,9,10-19,0-9,5
يتْغَاب,yightaab,yitghaab,False,7,8,0-9,0-9,3
صَرَاف,sarraaf,sraaf,False,6,7,0-9,0-9,2
يِئِس,yi2is,y2iss,False,5,5,0-9,0-9,1
طَرِّز,tarz,tarraz,False,6,4,0-9,0-9,3
عِلْكِة بثِمَّال عَالم,3ilke btimm 2il3aalam,3ilke btimm 2il3aalam,True,22,21,20-29,20-29,5
حُطّ حْطَاط,7att 7taat,7att 7taat,True,11,10,10-19,10-19,4
اِسْتَرْخَج,2istakhrij,2istakhraj,False,11,10,10-19,10-19,5
قُلَى,qalla,qalla,True,5,5,0-9,0-9,4
طُرْف خَيط,taraf kheet,taraf kheet,True,10,11,10-19,10-19,2
اِتْكَلْنَب,2itkalban,2itkalban,True,11,9,10-19,0-9,5
شَورْطُبّ,shoortubb,shoortubb,True,9,9,0-9,0-9,1
مْلَان,mallaan,mallaan,True,6,7,0-9,0-9,3
يْفَقِّي,yifqi,yifqi,True,8,5,0-9,0-9,5
بَوَس,buus,bawwis,False,5,4,0-9,0-9,5
اِحْتَقَن,2i7tiqin,2i7taqan,False,9,8,0-9,0-9,2
دَنْدَرَمِة,dindarma,dandarame,False,11,8,10-19,0-9,1
تْخَرَّج,tkharraj,takharruj,False,8,8,0-9,0-9,1
فَرْشُوحَة,farshuu7a,farshuu7a,True,10,9,10-19,0-9,2
اِنْفِجِع,2inifji3,2inifji3,True,9,8,0-9,0-9,1
طَجّ,tujj,tajj,False,4,4,0-9,0-9,2
تَأَوُّه,ta2awwuh,t2awwah,False,8,8,0-9,0-9,2
بَالْي,baali,baali,True,6,5,0-9,0-9,4
قْحَاب,qg7aab,qg7aab,True,6,6,0-9,0-9,1
عَمَم,3ammim,3ammim,True,5,6,0-9,0-9,3
عَيِّيش,3ayyiish,3ayyiish,True,7,8,0-9,0-9,1
مِتْدَهْوَر,middahwir,middahwir,True,11,9,10-19,0-9,4
مِتْحَوبَش,mit7oobish,mit7oobish,True,10,10,10-19,10-19,4
يُخْدُر,yikhdarr,yikhdarr,True,7,8,0-9,0-9,4
يِدْرَر,ydarrir,ydarrir,True,7,7,0-9,0-9,5
يِذْهَب,ydahhib,yizhab,False,7,7,0-9,0-9,2
مَعِك,ma3ik,ma33ak,False,5,5,0-9,0-9,3
حَوِّم,7uum,7awwam,False,6,4,0-9,0-9,3
يْأَسِّل,yis2al,yis2al,True,8,6,0-9,0-9,5
اِنْتِفِع,2intafa3,2intafa3,True,9,8,0-9,0-9,4
لَوَّع,lawwa3,lawwi3,False,6,6,0-9,0-9,1
دُنِّيِّة,daniyye,daniyye,True,9,7,0-9,0-9,5
قَفِي,qaffi,qaffi,True,5,5,0-9,0-9,2
نَاطِق,naatiq,naatiq,True,6,6,0-9,0-9,1
يِنِشْطِب,yinshitib,yinshitib,True,9,9,0-9,0-9,5
تَلْفِت,tlaffat,tlaffat,True,7,7,0-9,0-9,3
عْسَيلي,3seeli,3seeli,True,7,6,0-9,0-9,5
يمَنِّع,yimna3,yimna3,True,7,6,0-9,0-9,3
كَرَاع,kraa3,kraa3,True,6,5,0-9,0-9,2
أَهْل الخير,2ahl 2ilkheer,2ahl 2ilkheer,True,11,13,10-19,10-19,2
اِتْبَقَّع,2itbaqqa3,2itbaqqa3,True,10,9,10-19,0-9,2
شَعَث,sha3ith,sha3ith,True,5,7,0-9,0-9,1
قُجْقُج,qadjqadj,qadjqidj,False,7,8,0-9,0-9,3
اِتْمَاكَل,2itmaalak,2itmaalak,True,10,9,10-19,0-9,5
قصقص جنَاحَاته,qasqas jnaa7aatha,qass jnaa7aato,False,14,17,10-19,10-19,2
تْعَرَّط,t3attar,t3arrat,False,8,7,0-9,0-9,3
اِنْبَرَى,2inbari,2inbara,False,9,7,0-9,0-9,1
وَحِل,wa7il,wa77il,False,5,5,0-9,0-9,5
اِتْدَحْرَج,2idda7raj,2idda7raj,True,11,9,10-19,0-9,2
اِتْوَاصَب,2itsaawab,2itsaawab,True,10,9,10-19,0-9,4
تَطْفِيش,tatfiish,tatfiish,True,8,8,0-9,0-9,1
تْيَاسِة,tayaase,tayaase,True,8,7,0-9,0-9,4
أَتْراح,2atraa7,2atraa7,True,7,7,0-9,0-9,5
شَخَل,shakhal,shakhal,True,5,7,0-9,0-9,2
يطَابِح,ybaati7,ytaabi7,False,7,7,0-9,0-9,5
مَنَاقِس,manaaqis,manaaqis,True,8,8,0-9,0-9,2
مَجْرَى النَّفَس,majra 2innafas,majra 2innafas,True,16,14,10-19,10-19,3
عُنْصُرِيِّة,3unsuriyye,3unsuriyye,True,12,10,10-19,10-19,1
تَغَاشُم,tghaasham,tghaasham,True,8,9,0-9,0-9,3
عَصَا موسى,3asa muusa,3asa muusa,True,10,10,10-19,10-19,2
رَاصْبُو,raabuus,raasuub,False,8,7,0-9,0-9,5
مَقَاثِي,maqkaathi,maqkaathi,True,8,9,0-9,0-9,3
فِصِل,fasal,fassil,False,5,5,0-9,0-9,5
يوَخِّذ,yookhid,yookhidh,False,7,7,0-9,0-9,1
اِقْحَر,2iq7ar,2iq7ar,True,7,6,0-9,0-9,1
مَغْلِف,mughallaf,mghallif,False,7,9,0-9,0-9,5
يِرْقُص,yraqqis,yurqus,False,7,7,0-9,0-9,3
بَطِنْهَا طُولْهَا,batinha tuulha,batinha tuulha,True,18,14,10-19,10-19,2
وَفِّى,waffa,waffa,True,6,5,0-9,0-9,3
اِتْدَهَّد,2ithaddad,2ithaddad,True,10,9,10-19,0-9,4
يِتْشَيَّب,yitshabbab,yitshabbab,True,10,10,10-19,10-19,4
لُوع,lawwi3,lawwi3,True,4,6,0-9,0-9,3
يِنِكْفِت,yinkifit,yinkifit,True,9,8,0-9,0-9,5
خُرْخُشيِّة,khurkheeshe,khurkheeshe,True,11,11,10-19,10-19,5
اِنِلْقِط,2inlaqat,2inlaqat,True,9,8,0-9,0-9,4
مْقَالِش,m2aalish,m2aalish,True,8,8,0-9,0-9,4
جُرُدُون,jardoon,jardoon,True,8,7,0-9,0-9,5
حَوَاليِش,7awaaliish,7awaaliish,True,9,10,0-9,10-19,1
يتْأَقْلَم,yit2aqlam,yit2aqlam,True,10,9,10-19,0-9,3
تَحَرُّك,t7arrak,t7arrak,True,8,7,0-9,0-9,2
يْتَكْتِح,yitka7tat,yitka7tat,True,9,9,0-9,0-9,5
يُعْطُش,y3attish,y3attish,True,7,8,0-9,0-9,5
سَوِّى,sawwa,sawwa,True,6,5,0-9,0-9,3
مُسَلِّة,masalle,masalle,True,8,7,0-9,0-9,5
مُزْعِب,mza3bar,mza3bal,False,7,7,0-9,0-9,5
قْوَقْعَة,qooqa3a,qooqa3a,True,9,7,0-9,0-9,4
أَقَصّ لْسَانُه,2aquss lsaano,2aquss lsaano,True,15,13,10-19,10-19,2
قِتْلِة,qatle,qatle,True,7,5,0-9,0-9,5
اِخْنَس,2ikhnis,2ikhnis,True,7,7,0-9,0-9,2
اِتْهَمَّد,2ithaddam,2itmahhad,False,10,9,10-19,0-9,4
يطَقْطِق,ytaqtiq,ytaqtiq,True,8,7,0-9,0-9,1
سِيبني بحَالِي,siibni b7aali,saybiin bil7aali,False,14,13,10-19,10-19,5
غَرْبَال,ghurbaal,ghirbaal,False,8,8,0-9,0-9,3
يِشْخَبِط,yshakhbit,yshakhbit,True,9,9,0-9,0-9,5
حَلْتَمِة,7altame,7altame,True,9,7,0-9,0-9,2
هِسَا,hassa,hassa,True,5,5,0-9,0-9,2
أُمْوَاس,2amwaas,2amwaas,True,8,7,0-9,0-9,2
يِتْعَلَّب,yit3allab,yit3allab,True,10,9,10-19,0-9,5
قَابْة,qaabe,qaabe,True,6,5,0-9,0-9,5
صَوفِيِّة,suufiyye,suufiyye,True,9,8,0-9,0-9,2
فَزَاعَة,fazzaa3a,fazzaa3a,True,8,8,0-9,0-9,3
قُرّ,ruqq,qurr,False,4,4,0-9,0-9,4
يقَرِّف عيشتُه,yiqrif 3iishto,yiqrif 3iishto,True,14,14,10-19,10-19,3
اِتْدَنَّس,2iddannas,2iddannas,True,10,9,10-19,0-9,2
اِعْتِنِق,2i3tanaq,2i3tiniq,False,9,8,0-9,0-9,2
مَرْيِس,mrayyis,mrayyis,True,7,7,0-9,0-9,5
يِمْحَق,yim7aq,yim7aq,True,7,6,0-9,0-9,1
الله يْرَمِّل الهَود,2alla yrammil 2ilyahuud,2alla yrammil 2ilyahuud,True,20,23,20-29,20-29,4
اِسْتَطْعِي,2istatii3,2istatii3,True,11,9,10-19,0-9,2
اِنْرَسَم,2inrasam,2inrisim,False,9,8,0-9,0-9,2
اِخْتِيَاري,2ikhtiyaari,2ikhtiyaari,True,11,11,10-19,10-19,2
مِحْيَرَنِة,m7ayrane,m7ayrane,True,11,8,10-19,0-9,5
اِتْشَقْبَل,2itshaqlib,2itshaqlib,True,11,10,10-19,10-19,4
اِنْتَخَى,2intakha,2intakha,True,9,8,0-9,0-9,1
يِدْلِبِش,ydalbish,ydalbish,True,9,8,0-9,0-9,4
يتَيِّم,yiitam,yatiim,False,7,6,0-9,0-9,4
يسَفِّخ,yisfakh,yisfakh,True,7,7,0-9,0-9,1
أُمْجَاد,2amjaad,2amjaad,True,8,7,0-9,0-9,3
اِضْطِهَاد,2ittihaad,2ittihaad,True,10,9,10-19,0-9,1
اُخْرَا,2ikhra,2ikhra,True,7,6,0-9,0-9,2
حَدَبِة,7adabe,7adbe,False,7,6,0-9,0-9,1
تْشَخْلَع,tshakhla3,tshakhla3,True,9,9,0-9,0-9,1
اِتْجَنَّش,2itshannaj,2itshannaj,True,10,10,10-19,10-19,3
جِدّ,dajj,jidd,False,4,4,0-9,0-9,2
مْعَبِّق,m3abbiq,m3abbiq,True,8,7,0-9,0-9,1
سَيَّاحة نَيَّاحة,sayyaa7a nayyaa7a,sayyaa7a nayyaa7a,True,17,17,10-19,10-19,3
يِلْطَخ,yiltakh,ylattikh,False,7,7,0-9,0-9,4
هَدَاك الضِّرِم,hadaak 2ilmarad,hadaak 2ilmarad,True,15,15,10-19,10-19,5
مِطِر,matar,mattar,False,5,5,0-9,0-9,5
مَوَّس,muus,mawwis,False,6,4,0-9,0-9,3
جُمَاعِي,jamaa3i,jamaa3i,True,8,7,0-9,0-9,2
يْحَنْجِص,y7andjis,y7andjis,True,9,8,0-9,0-9,2
يْتَخْرِج,yitkharraj,yitkharraj,True,9,10,0-9,10-19,4
حَفِظ,7ifiz,7affad,False,5,5,0-9,0-9,5
مْعَفِّق,m3affiq,m3affiq,True,8,7,0-9,0-9,1
سِلِيم معَافَى,saliim mu3aafa,saliim mu3aafa,True,14,14,10-19,10-19,3
يعيِّق,y3iiq,y3iiq,True,6,5,0-9,0-9,3
تَذَوُّق,tadawwuq,tdawwaq,False,8,8,0-9,0-9,2
اِرْحِل,2ir7al,2ir7al,True,7,6,0-9,0-9,3
دُرُم,daram,darram,False,5,5,0-9,0-9,5
كْبَارَة,kabbaara,kubbaara,False,8,8,0-9,0-9,3
بيحسِدُوَا الوَاحد عهم,byi7sidu 2ilwaa7ad 3ahammo,byi7sidu 2ilwaa7ad 3ahammo,True,22,26,20-29,20-29,4
طِحِش,ta77ash,ta77ash,True,5,7,0-9,0-9,5
ينْطَاق,yintaaq,yintaaq,True,7,7,0-9,0-9,4
يُفْرُش,yufrush,yfarrish,False,7,7,0-9,0-9,5
دَسِّيسِة,dasiisa,dasiisa,True,9,7,0-9,0-9,4
سِلَى,salla,salla,True,5,5,0-9,0-9,4
لَاحِس,laa7is,laa7is,True,6,6,0-9,0-9,1
يدَلِّس,ydallis,ydallis,True,7,7,0-9,0-9,2
يِتوَحَّش,yitwa77ash,yitwa77ash,True,9,10,0-9,10-19,5
اُوضَح,2uuda7,2uuda7,True,6,6,0-9,0-9,2
مُبْزَرَة,mabzara,mabzara,True,9,7,0-9,0-9,5
يِنْحَت,yin7at,yin7at,True,7,6,0-9,0-9,3
مَحَارِيس,ma7aariis,ma7aariis,True,9,9,0-9,0-9,1
لَغْمَصَة,laghmasa,laghmasa,True,9,8,0-9,0-9,2
أَنَس,2uns,2ans,False,5,4,0-9,0-9,5
قَمَط,qammat,qammat,True,5,6,0-9,0-9,1
رُوَائِع,rawaa2i3,rawaa2i3,True,8,8,0-9,0-9,4
تَعْجَب,t3ajjab,t3ajjab,True,7,7,0-9,0-9,4
وَعَر,wi3ir,wa33ar,False,5,5,0-9,0-9,4
يِفْحِر,yif7ar,yif7ar,True,7,6,0-9,0-9,5
شَرْبِة,shurbe,shirbe,False,7,6,0-9,0-9,1
لِعْنِة,la3ne,la3ne,True,7,5,0-9,0-9,5
يِسْتَحْكَم,yista7kim,yista7kim,True,11,9,10-19,0-9,5
طَفْسِة,tafse,tafse,True,7,5,0-9,0-9,1
يضَافِع,ydaa3if,ydaafi3,False,7,7,0-9,0-9,4
عَسَلي,3asali,3asali,True,6,6,0-9,0-9,2
اِلْمِس,2ilmas,2ilmis,False,7,6,0-9,0-9,1
هِجَج,hadjdjidj,hadjdjidj,True,5,9,0-9,0-9,5
اِقْلُع,2iqla3,2iqla3,True,7,6,0-9,0-9,4
يِسْخَمِط,ysakhmit,ysakhmit,True,9,8,0-9,0-9,4
يِنْتَمِي,yintami,yintimi,False,9,7,0-9,0-9,2
دَحِش,da7ash,da77ash,False,5,6,0-9,0-9,4
يكَاتِب,ykaatib,ykaatib,True,7,7,0-9,0-9,1
اِسْتَلْطِف,2istaltif,2istaltaf,False,11,9,10-19,0-9,3
قَشْعَر بَدَنِي,qash3ar badani,qash3ar badani,True,15,14,10-19,10-19,1
اِفْتَرَض,2iftarid,2iftarad,False,9,8,0-9,0-9,2
رِكِب,rakkab,rakkib,False,5,6,0-9,0-9,5
اِسْتَقْعَد,2istaq3ad,2istaq3id,False,11,9,10-19,0-9,1
بتحصحصم وبتصمص,bit7as7is wubitmasmis,bit7as7is wubitmasmis,True,14,21,10-19,20-29,3
بتقيس مروَا بلشبرتهَا,bitqiis mruwwitha bishshibir,bitqiis mruwwitha bishshibir,True,21,28,20-29,20-29,5
حِلِّي,7ili,7alli,False,6,4,0-9,0-9,4
إِجت القدرة تعَاير المغرفة قَالت الهَا روحي يَا يَا سمن يوم مجوفة,2idjat 2ilkidre t3aayir 2ilmaghrafe kaalatilha ruu7i yaa samra yaa mka7lafe min yoom yoomik mdjawwafe,2ijat 2ilqidre t3ayir 2ilmaghrafe qkaalatilha ruu7i yaaa samra ya7la yoomik yomraf,False,65,101,60-69,100-109,3
بْصَارَة,bassaara,busaara,False,8,8,0-9,0-9,3
كَمَّد,tshammad,kammid,False,6,8,0-9,0-9,1
مْحَصْوِل,ma7suul,ma7suul,True,9,7,0-9,0-9,2
دَعَك,da3ik,da3ak,False,5,5,0-9,0-9,1
هَتَّر,hutur,hattir,False,6,5,0-9,0-9,1
نَسِي,nisi,nassi,False,5,4,0-9,0-9,2
تَعّ,ta33,ti33,False,4,4,0-9,0-9,1
مِتْشَائِم,mitshaa2im,mitshaa2im,True,10,10,10-19,10-19,3
قَصَاد,qaasid,qaasid,True,6,6,0-9,0-9,4
نَدَب,nadab,nadab,True,5,5,0-9,0-9,1
قَلِّل,qulal,qallil,False,6,5,0-9,0-9,1
نَاطِح,naata7,naati7,False,6,6,0-9,0-9,1
تَلَاعُب,tlaa3ab,tlaa3ab,True,8,7,0-9,0-9,3
طِزْعَة,taz3a,taz3e,False,7,5,0-9,0-9,4
يُسْفُح,yisfa7,yisfa7,True,7,6,0-9,0-9,5
قُوَايَا,qawaaya,qawaaya,True,8,7,0-9,0-9,5
يكَفِّي,yikfi,yikfi,True,7,5,0-9,0-9,2
رَفَّع عَتَب,rafi3 3atab,rafi3 3atab,True,12,11,10-19,10-19,3
يَائِس,yaa2is,yaa2is,True,6,6,0-9,0-9,1
فَقَه,fiqih,faqqah,False,5,5,0-9,0-9,3
جَمِّل,jammal,jammil,False,6,6,0-9,0-9,1
اِعْكِش,3aakish,2i3kish,False,7,7,0-9,0-9,3
صَلِيب,saliib,saliib,True,6,6,0-9,0-9,1
لُهُوج,lahwadj,lahwadj,True,6,7,0-9,0-9,3
شُو جَاب الغُرُه إِمَّاب,shuu jaab 2ilghuraab lammo,shuu jaab 2ilghuraab lammo,True,24,26,20-29,20-29,5
عَوِي,3awwi,3awwi,True,5,5,0-9,0-9,2
دَغِّيم,dgheem,dgheem,True,7,6,0-9,0-9,2
اِحْتِفَايِل,2i7tifaali,2i7tifaali,True,12,10,10-19,10-19,4
حَبَّالِة ولَّادِة,7abbaale wallaade,7baale wallaade,False,18,17,10-19,10-19,5
اِسْتَخِدّ,2istakhdam,2istakhdaq,False,10,10,10-19,10-19,5
يفَتْرِس,yiftiris,yiftiris,True,8,8,0-9,0-9,3
عُطُف,3atif,3attif,False,5,5,0-9,0-9,5
مْطَعْوَم,mat3uum,mat3uum,True,9,7,0-9,0-9,4
اِفْتَش,faatish,2iftash,False,7,7,0-9,0-9,4
مُحْتَقِن,mi7tiqin,mu7taqin,False,9,8,0-9,0-9,1
يضَيِّع,ydayyi3,ydii3,False,7,7,0-9,0-9,2
تَشَبُّص,tshabbas,tshabbas,True,8,8,0-9,0-9,4
قَرِّر,qarrar,qarrir,False,6,6,0-9,0-9,2
غِطَّة,ghatta,ghatta,True,6,6,0-9,0-9,5
غَلْطَة,ghalta,ghalta,True,7,6,0-9,0-9,1
تَكَعْبَل,tka3bal,tka3bal,True,9,7,0-9,0-9,5
تَوِّه,tawwah,tawwah,True,6,6,0-9,0-9,2
مُتَرَوِّك,matruuk,mitrawwik,False,10,7,10-19,0-9,2
مُتَنَقِّد,mitkannid,mitnaqqid,False,10,9,10-19,0-9,3
خُنِّيث,khaniith,khaniith,True,7,8,0-9,0-9,2
سْقَيم,saqiim,saqiim,True,6,6,0-9,0-9,4
دَسْتِة,daste,daste,True,7,5,0-9,0-9,2
مَبْعوط,mab3uut,mab3uut,True,7,7,0-9,0-9,5
السَّوَاع العدَا,2issawa 3al3ada,2issawa 3al3ada,True,16,15,10-19,10-19,1
قِرِّيقَة,qurreeqa,qurreeqa,True,9,8,0-9,0-9,5
رَبِح,rabbi7,rabbi7,True,5,6,0-9,0-9,5
قُرْمَعَة,qkgarma3a,qkgarma3a,True,9,9,0-9,0-9,3
خُرَارِيق,kharaariiqk,kharaariiqk,True,9,11,0-9,10-19,3
بَرِّخ,barakh,barrikh,False,6,6,0-9,0-9,2
أَنْدَاد,2andaad,2andaad,True,8,7,0-9,0-9,1
عَمِيق,3amiiq,3amiiq,True,6,6,0-9,0-9,1
يِحْرِر,y7arrir,y7arrir,True,7,7,0-9,0-9,5
صِفْرِن,safrin,safran,False,7,6,0-9,0-9,4
خَوِّخ,khawwakh,khawwakh,True,6,8,0-9,0-9,1
اِطْلَع,2ittala3,2ittala3,True,7,8,0-9,0-9,1
هَفِّت,haffit,haffit,True,6,6,0-9,0-9,2
بَعِّر,ba33ir,ba33ir,True,6,6,0-9,0-9,2
يِنْكِس,ynakkis,ynakkis,True,7,7,0-9,0-9,1
طُرُودِة,truude,truude,True,8,6,0-9,0-9,4
مِكْسَوح,maksuu7,maksuu7,True,8,7,0-9,0-9,4
مِدَافِيش,madaafiish,madaafiish,True,9,10,0-9,10-19,4
لَفِة,laffe,laffe,True,5,5,0-9,0-9,4
اِسْتَقْصي,2istaqsi,2istaqsi,True,10,8,10-19,0-9,5
ينَضِّج,yinduj,yindij,False,7,6,0-9,0-9,4
اِنْكَيّ,2inki,2inki,True,8,5,0-9,0-9,3
يِتْمَدَّس,yitmassad,yitmassad,True,10,9,10-19,0-9,4
تَطَابِش,2ittaabash,2ittaabash,True,8,10,0-9,10-19,5
طُمُر,tamir,tammir,False,5,5,0-9,0-9,5
هَدَّف نَبِيل,hadaf nabiil,hadaf nabiil,True,13,12,10-19,10-19,3
شَعِر,sha3ar,sha33ar,False,5,6,0-9,0-9,4
عَقَدِة,3aqkde,3uqde,False,7,6,0-9,0-9,2
يِجْهَر,yijhar,yjahrin,False,7,6,0-9,0-9,1
تَفَضُّل,tfaddal,tfaddal,True,8,7,0-9,0-9,2
تَقَزُّم,taqazzum,tqazzam,False,8,8,0-9,0-9,2
تُعْتُس,ta3tas,ta3tis,False,7,6,0-9,0-9,4
اِسْتِعْشَار,2istish3aar,2istish3aar,True,12,11,10-19,10-19,3
أَبُو رجل مَسْلُوخَة,2abu rijil masluukha,2abu rijil masluukha,True,20,20,20-29,20-29,5
يِتْنَعَّم,yitmanna3,yitna33am,False,10,9,10-19,0-9,3
سْنَان,snaan,snaan,True,6,5,0-9,0-9,3
اِخْطِي,2ikhti,2ikhti,True,7,6,0-9,0-9,1
أَسَّر,2asir,2asarr,False,6,5,0-9,0-9,5
قَطَّع,qita3,qatti3,False,6,5,0-9,0-9,2
يِنْشَنّ,ynashshin,ynashshin,True,8,9,0-9,0-9,2
مْبَارِك,mbaarik,mbaarik,True,8,7,0-9,0-9,3
يِغْنِي,yghanni,yghanni,True,7,7,0-9,0-9,1
أَنْفَس,2anfus,2anfus,True,7,6,0-9,0-9,2
اِتْوِقِت,2itwaqqat,2itwaqqat,True,9,9,0-9,0-9,5
نَشْوِيَّات,nashawiyyaat,nashawiyyaat,True,11,12,10-19,10-19,2
يهُمّ,yhimm,yhimm,True,5,5,0-9,0-9,4
يشَعِّب,yisha33ib,yisha33ib,True,7,9,0-9,0-9,1
مْخَيخِم,mkheekhim,mkheekhim,True,8,9,0-9,0-9,1
يِطْنِج,yutnuj,ytanjir,False,7,6,0-9,0-9,5
يٍتْخَمْخَم,yitkhamkham,yitkhamkham,True,11,11,10-19,10-19,4
خَنِيث,khaniith,khaniith,True,6,8,0-9,0-9,1
يتْلَعَّم,yitlamma3,yitlamma3,True,9,9,0-9,0-9,5
يجَعْعِج,yja3ji3,yja3ji3,True,8,7,0-9,0-9,4
اِتْقَصَّى,2itqassa,2itqassa,True,10,8,10-19,0-9,1
اِتْنَازَب,2itnaabaz,2itnaabaz,True,10,9,10-19,0-9,3
دَلِح,dali7,dala7,False,5,5,0-9,0-9,4
قَنْشِع,qkanshi3,qkansha3,False,7,8,0-9,0-9,4
مْبَرْوَمِة,mabruume,mabruume,True,11,8,10-19,0-9,2
بُرْتُقَانِي,burut2gaani,burut2gaani,True,12,11,10-19,10-19,3
يِنِغْدِر,yinghidir,yinghidir,True,9,9,0-9,0-9,4
يَور,ywirr,ywirr,True,4,5,0-9,0-9,5
مْخَيِّل,mkhayyil,mkhayyil,True,8,8,0-9,0-9,1
عَصَا موسَى,3asa muusa,3asa muusa,True,11,10,10-19,10-19,4
أَيمْتَا,2eemta,2eemta,True,8,6,0-9,0-9,1
يصَاعِر,ysaari3,y3aasir,False,7,7,0-9,0-9,4
اِتْعَلَب,2it3allab,2it3allab,True,9,9,0-9,0-9,4
صَمْلِي,msalli,samli,False,7,6,0-9,0-9,5
مْعَبَّر,mu3abbir,m3abbar,False,8,8,0-9,0-9,2
لُولِب,lawlab,loolab,False,6,6,0-9,0-9,3
اِنْطِرِد,2intarad,2intarad,True,9,8,0-9,0-9,3
نَبِّح,naba7,naba7,True,6,5,0-9,0-9,3
وَافِق,waafaq,waafiq,False,6,6,0-9,0-9,1
ضَرَط,darat,darrit,False,5,5,0-9,0-9,1
بَارَخ,baarikh,baarikh,True,6,7,0-9,0-9,2
عِنْدناً,3inna,3inna,True,8,5,0-9,0-9,2
ينَعْزِل,yin3izil,yin3izil,True,8,8,0-9,0-9,2
بَخْنِس,bakhnas,bakhnis,False,7,7,0-9,0-9,1
أَحْمِر,2a7mar,2a7mar,True,7,6,0-9,0-9,2
يِتَعْدَى,yit3adda,yit3adda,True,9,8,0-9,0-9,3
أَسَيخَا,syaakh,2asyaakh,False,8,6,0-9,0-9,2
تَلَخِّيص,talkhiis,talkhiis,True,9,8,0-9,0-9,2
أَسْفِل,2asfal,2asfal,True,7,6,0-9,0-9,4
بيرُدّ جَوَابَات,biyrudd jawaabaat,biyrudd jawaabaat,True,16,17,10-19,10-19,3
قُطُن,qattan,qattan,True,5,6,0-9,0-9,4
اِسْتَمْتَع,2istamti3,2istamta3,False,11,9,10-19,0-9,2
خَوخ,khawwakh,khawwikh,False,4,8,0-9,0-9,5
شَايِ,shaay,shaay,True,5,5,0-9,0-9,2
فوق روسهم,fooq ruushum,fooq ruushum,True,9,12,0-9,10-19,3
بَالبَلْبَوص,bil balbuus,bil balbuus,True,12,11,10-19,10-19,2
ثَوِّم,toom,toom,True,6,4,0-9,0-9,4
يطُنّ,ytinn,ytinn,True,5,5,0-9,0-9,1
يِتَنَافُس,yitnaafas,yitnaafas,True,10,9,10-19,0-9,5
بُورِد,boorad,boorid,False,6,6,0-9,0-9,4
قَرَاميع,garaamii3,qkgaraamii3,False,8,9,0-9,0-9,5
وَاعَظ,waa3iz,waa3iz,True,6,6,0-9,0-9,4
ضِعْفَاء,du3afaa2,du3afaa2,True,8,8,0-9,0-9,5
دَلِع,dalla3,dalla3,True,5,6,0-9,0-9,4
ضلع قَاصِر,dili3 qaasir,dili3 qaasir,True,10,12,10-19,10-19,2
يِرْبِر,yrabrib,yrabrib,True,7,7,0-9,0-9,4
مْثَقَّوب,mathquub,mathquub,True,9,8,0-9,0-9,4
ضَفَى,fadda,fadda,True,5,5,0-9,0-9,5
زُمَّيل,zamiil,zmiil,False,7,6,0-9,0-9,3
توَاسَخ,twaasakh,twaasakh,True,7,8,0-9,0-9,3
بَضَايِع,badaayi3,badaayi3,True,8,8,0-9,0-9,1
مْأَنْتَخ,m2antikh,m2antikh,True,9,8,0-9,0-9,2
دَابِّع,daabi3,daabi3,True,7,6,0-9,0-9,5
حَطْنِي بِبُوز المِدْف,7atni bibuuz 2ilmidfa3,7atni bibuuz 2ilmidfuda,False,22,22,20-29,20-29,5
شَمَنَات,shamtaan,shamanaat,False,8,8,0-9,0-9,5
لُزُق,lazziq,lazziq,True,5,6,0-9,0-9,5
إِعْلِيمَا,2i3laami,2i3liimaan,False,10,8,10-19,0-9,4
حْمَام,7amaam,7ammaam,False,6,6,0-9,0-9,2
يُنْضُغ,yindaghit,yindaghgh,False,7,9,0-9,0-9,5
حُقْرَة,7uqara,7uqra,False,7,6,0-9,0-9,3
مُرِيش,mrayyish,mrayyish,True,6,8,0-9,0-9,3
غُرُبَّال,ghurbaal,ghirbaal,False,9,8,0-9,0-9,5
رِقْيِة,ruqya,raqiyye,False,7,5,0-9,0-9,5
خَالَع,khaali3,khaali3,True,6,7,0-9,0-9,2
عَينُه كْرِيمِة,3eeno kariime,3eeno kariime,True,15,13,10-19,10-19,3
اِنْفَخ,2unfukh,2unfukh,True,7,7,0-9,0-9,4
يحَصِّد,yi7sid,yu7sud,False,7,6,0-9,0-9,4
يِرْتِعِب,yirta3ib,yirti3ib,False,9,8,0-9,0-9,1
يُفْجُر,yfajjir,yufjur,False,7,7,0-9,0-9,5
حِل,7ill,7ill,True,3,4,0-9,0-9,5
يِبْعِص,yba3bis,yba3bis,True,7,7,0-9,0-9,4
مَرْكِي,mrakki,mrakki,True,7,6,0-9,0-9,1
اِسْتَوْرَد,2istawrid,2istawrad,False,11,9,10-19,0-9,1
نَقَّاق,naqqaaq,naqqaaq,True,7,7,0-9,0-9,1
مَحَدَّدِة,mi7dade,mi7dade,True,10,7,10-19,0-9,3
حَذِف,7azaf,7azzif,False,5,5,0-9,0-9,4
يحُقّ,y7iqq,y7iqq,True,5,5,0-9,0-9,2
وَرْتِش,wartash,wartish,False,7,7,0-9,0-9,4
خَذَاهَا عقِدِّة,khudha qaa3ida,khudha qaa3ida,True,16,14,10-19,10-19,5
طَول بَاله,tawwal baalo,tawwal baalo,True,10,12,10-19,10-19,2
يِتْدَعْلَب,yiddal3ab,yidda3bal,False,11,9,10-19,0-9,5
لِخّ,lukhkh,lukhkh,True,4,6,0-9,0-9,3
فَاقَي,faaqki,faaqi,False,6,6,0-9,0-9,5
زُيت,zeet,zayyit,False,4,4,0-9,0-9,5
وَرْقَة,waraqa,waraqa,True,7,6,0-9,0-9,3
مَشْرَف,mushrif,msharraf,False,7,7,0-9,0-9,3
تْنَجَّر,tnajjar,tnajjar,True,8,7,0-9,0-9,1
يِسْلِم,yislim,ysallim,False,7,6,0-9,0-9,3
أَقْفَاص,2aqfaas,2aqfaas,True,8,7,0-9,0-9,2
تْمَطْوَع,mutatawwi3,mittawwi3,False,9,10,0-9,10-19,5
مُوَاعِين,mawaa3iin,mawaa3iin,True,9,9,0-9,0-9,2
مَرَاقِب,mraaqib,mraaqab,False,8,7,0-9,0-9,1
بَلْكِة,blukke,blukke,True,7,6,0-9,0-9,1
دَحْدَر,da7dar,da7dar,True,7,6,0-9,0-9,1
مْثَوَّر,mthawwir,mthawwir,True,8,8,0-9,0-9,2
مُتَزَحْزِح,mitza7zi7,mitza7zi7,True,11,9,10-19,0-9,3
وَقَع,waqqa3,waqqi3,False,5,6,0-9,0-9,5
يِعْلِب,y3allib,y3allib,True,7,7,0-9,0-9,4
طُوف,tawwaf,tawwif,False,4,6,0-9,0-9,2
سَحَب,su7ub,sa77ib,False,5,5,0-9,0-9,1
يسَهِّر,yishar,yishar,True,7,6,0-9,0-9,1
شِيخ الخَبَاب,sheekh 2ishshabaab,sheekh 2ilkhabaab,False,13,18,10-19,10-19,3
شَخْشَخ,shakhshikh,shakhshakh,False,7,10,0-9,10-19,1
مَخْرِز,makhraz,mikhraz,False,7,7,0-9,0-9,4
فَال جَالع تَال,faalij laa t3aalij,faalij laa t3aalij,True,15,18,10-19,10-19,5
اِرْتِعِب,2irta3ib,2irta3ab,False,9,8,0-9,0-9,4
جَهَد,jihid,juhud,False,5,5,0-9,0-9,1
حَلِّس,7allis,7allis,True,6,6,0-9,0-9,1
رَحَم,2ir7am,ra7im,False,5,6,0-9,0-9,1
شُوبَر,shoobir,shoobar,False,6,7,0-9,0-9,3
يِتْجَدَّب,yitjabbad,yitjabbad,True,10,9,10-19,0-9,4
فَقَّر,faqir,faqqir,False,6,5,0-9,0-9,1
ينُوه,ynawwih,ynawwih,True,5,7,0-9,0-9,2
مْتَنِّب,mitbin,mtannib,False,8,6,0-9,0-9,5
تْحَوبِش,t7oobash,t7oobash,True,8,8,0-9,0-9,4
فَخْفَخِة,fakhfakha,fakhfakha,True,9,9,0-9,0-9,4
يِلْد,ylidd,ylidd,True,5,5,0-9,0-9,4
يْغَطْرِش,yghatrish,yghatrish,True,9,9,0-9,0-9,3
اُشْفُط,2ushfut,2ushfut,True,7,7,0-9,0-9,2
مْنَكْوَب,mankuub,mankuub,True,9,7,0-9,0-9,5
يتَوَفُّر,yitwaffar,yitwaffar,True,9,9,0-9,0-9,4
مْقَيِّل العجَّال,maqiil 2il3adjdjaal,mqayyil 3adjdjaal,False,17,19,10-19,10-19,4
زَوِّر,ziwir,zawwar,False,6,5,0-9,0-9,2
هِوِي,hiwi,hawwi,False,5,4,0-9,0-9,5
حْبِيب,7abiib,7abiib,True,6,6,0-9,0-9,5
جُخَامِيش,jakhaamiish,jakhaamiish,True,9,11,0-9,10-19,2
سِلْبَطَة,salbata,salbata,True,9,7,0-9,0-9,3
يِنْحِبِس,yin7abis,yin7ibis,False,9,8,0-9,0-9,1
قَبَ,qibb,qabb,False,4,4,0-9,0-9,5
دَنُّو,dunu,dunu,True,6,4,0-9,0-9,3
تْكَاسَي,takaasi,takaasi,True,8,7,0-9,0-9,3
بِرْدِن عزَاه,barradin 3azaah,bardin 3azaah,False,13,15,10-19,10-19,4
عُقُد,3akkad,3aqqid,False,5,6,0-9,0-9,4
عَزَّز,3azzaz,3azziz,False,6,6,0-9,0-9,2
مْخْتَلِف,mukhtalif,mukhtalif,True,9,9,0-9,0-9,1
اِنْجَرَح,2injara7,2injara7,True,9,8,0-9,0-9,2
فِشّ,fish,fishsh,False,4,4,0-9,0-9,2
لَطَّ,lutt,latt,False,5,4,0-9,0-9,5
تِلْفِت,tlaffat,tlaffat,True,7,7,0-9,0-9,5
خُجَل,khajal,khajjal,False,5,6,0-9,0-9,5
على نْرَا,3ala naar,3ala naar,True,9,9,0-9,0-9,5
زَوَابِع,zawaabi3,zawaabi3,True,8,8,0-9,0-9,1
عُلُب,3allab,3allib,False,5,6,0-9,0-9,5
جُعْلُص,ja3las,ja3lis,False,7,6,0-9,0-9,5
يصُبّ الزَّيت عَالنَّار,ysubb 2izzeet 3annaar,ysubb 2izzeet 3annaar,True,23,21,20-29,20-29,2
رَشْرَشِة,rashrashe,rashrashe,True,9,9,0-9,0-9,2
خُصُر,khassar,khassir,False,5,7,0-9,0-9,3
مْغَلَّوب,maghluub,maghluub,True,9,8,0-9,0-9,3
اِبْتَهَج,2ibtahij,2ibtahij,True,9,8,0-9,0-9,4
مُحْنَجِص,m7andjis,m7andjis,True,9,8,0-9,0-9,4
مُتَعَرِّض,muta3arrad,muta3arrid,False,10,10,10-19,10-19,1
مَلَاحِم,malaa7im,malaa7im,True,8,8,0-9,0-9,2
يِرْتَبَط,yirtibit,yirtibit,True,9,8,0-9,0-9,3
تْقِصِع,tqassa3,tqassa3,True,7,7,0-9,0-9,3
ضَلْوِع,dluu3,dluu3,True,7,5,0-9,0-9,5
يفَتّ حَبِّيت,yifta7 beet,yifta7 beet,True,13,11,10-19,10-19,4
سُطُل,sattal,sattil,False,5,6,0-9,0-9,5
يِتْسَيَّح,yitsayya7,yitsayya7,True,10,9,10-19,0-9,1
وَرَّط,wirit,warrit,False,6,5,0-9,0-9,1
يِبْتَهَل,yibtahil,yibtahil,True,9,8,0-9,0-9,4
يِسْمِرّ,ysamsir,ysammir,False,8,7,0-9,0-9,5
ذَاكِرَة ذَابنِة,zaakirat dubbaane,zaakirat dubbaane,True,16,17,10-19,10-19,5
رِهْبَان,ruhbaan,rahbaan,False,8,7,0-9,0-9,2
أْزَال,2azaal,2azaal,True,6,6,0-9,0-9,5
اِبْدُع,2ibdi3,2ibdi3,True,7,6,0-9,0-9,5
يُلْقُط,yulqut,yulqut,True,7,6,0-9,0-9,3
مِعْرِكِة,ma3rake,ma3rake,True,9,7,0-9,0-9,4
تْفَرَّك,tfarrak,tfarrak,True,8,7,0-9,0-9,1
تَلْفِيل,tafliil,talfiil,False,8,7,0-9,0-9,4
شَعِّب,shu3ab,sha33ib,False,6,6,0-9,0-9,2
مْحَارِب,mu7aarib,m7aarib,False,8,8,0-9,0-9,3
أَلْدَغ,2aldagh,2aldagh,True,7,7,0-9,0-9,1
يتْسوَّس,yitsawwas,yitsawwas,True,8,9,0-9,0-9,4
كْعَاكِيز,ka3aakiiz,ka3aakiiz,True,9,9,0-9,0-9,3
صِيَاد,sayyaad,syaad,False,6,7,0-9,0-9,3
مْتَهْتِه,mtahtih,mtahtih,True,9,7,0-9,0-9,1
بَاذَنْجَانِة,baatinjaane,baatinjaane,True,13,11,10-19,10-19,5
حَِائِر,7aa2ir,7aa2ir,True,7,6,0-9,0-9,4
مُهَان,muhaan,mahaan,False,6,6,0-9,0-9,3
يِفَاتِش,yfaatish,yfaatish,True,8,8,0-9,0-9,4
اِنْلِقِط,2inlaqat,2inlaqat,True,9,8,0-9,0-9,2
مْفَزْوِع,mafzuu3,mafzuu3,True,9,7,0-9,0-9,2
نَوَّادِي,nawaadi,nawaayid,False,9,7,0-9,0-9,5
مَلَاعِيب,malaa3iib,malaa3iib,True,9,9,0-9,0-9,2
هِرِج,harrij,harraj,False,5,6,0-9,0-9,5
اِنْبُح,2inba77,2inba77,True,7,7,0-9,0-9,4
عُدَاوِة,3adaawa,3adaawa,True,8,7,0-9,0-9,5
يغَشِّم,yghashshim,yghashshim,True,7,10,0-9,10-19,2
يِسْتَعيَم,yista3mi,yista3mi,True,10,8,10-19,0-9,5
مْرَافَعَة,muraafa3a,muraafa3a,True,10,9,10-19,0-9,3
وِسِيع,2uwsii3,wasii3,False,6,7,0-9,0-9,3
خَفَشِة,khafshe,khafshe,True,7,7,0-9,0-9,3
عِظَام,3daam,3daam,True,6,5,0-9,0-9,5
هَتْوِر,hatwar,hatwar,True,7,6,0-9,0-9,2
يِشْخَش,yshakhshikh,yishkhash,False,7,11,0-9,10-19,4
كَون,koon,kawwin,False,4,4,0-9,0-9,4
اِتْشَارَط,2itshaatar,2itshaatar,True,10,10,10-19,10-19,2
اِجْدَبّ,2ijdib,2ijdib,True,8,6,0-9,0-9,4
مُرَقَبِة,mirgabe,marqabe,False,9,7,0-9,0-9,4
اِفْشِل,2ifshal,2ifshal,True,7,7,0-9,0-9,2
مَلْقَط أَكّ,malqat 2akil,malqat 2akil,True,12,12,10-19,10-19,5
صَدِّر,saddir,saddir,True,6,6,0-9,0-9,3
يِبْخَت,ybakhkhit,ybakhkhit,True,7,9,0-9,0-9,2
يِتْتَلْذَم,yittalmaz,yittalmaz,True,11,9,10-19,0-9,3
سَاعَة شيط,saa3it shaytaan,saa3it sheet,False,10,15,10-19,10-19,4
يِخْبَر,ykhabbir,ykhabbir,True,7,8,0-9,0-9,4
يِتْصَهْنَص,yitsahsan,yitsahsan,True,11,9,10-19,0-9,2
اِتْوَرَّس,2itrawwas,2itwassar,False,10,9,10-19,0-9,5
دُشَادِيش,dashaadiish,dashaadiish,True,9,11,0-9,10-19,4
اِنْسَطَل,2insatal,2insatal,True,9,8,0-9,0-9,2
قَنْقَز,qanqizkankiz,qanqazkankaz,False,7,12,0-9,10-19,2
مْدَلْدَل,mdaldal,mdaldal,True,9,7,0-9,0-9,1
أَصْفِر,2asfar,2asfar,True,7,6,0-9,0-9,3
دَلْمِس,dalmas,dalmis,False,7,6,0-9,0-9,1
سَوِّد,suud,sawwad,False,6,4,0-9,0-9,3
يِسْهَر,yishar,yishar,True,7,6,0-9,0-9,3
مْكَرْوِه,makruuh,makruuh,True,9,7,0-9,0-9,2
اِسْتَغِلّ,2istaghill,2istaghall,False,10,10,10-19,10-19,4
صَفَّع,safa3,fasa3,False,6,5,0-9,0-9,2
وَرِق,waraq,warriq,False,5,5,0-9,0-9,5
تْحَنَّص,t7annas,t7annas,True,8,7,0-9,0-9,1
مْخَدَّر,mukhaddir,mkhaddar,False,8,9,0-9,0-9,2
تَنَاوُل,tnaawal,tnaawal,True,8,7,0-9,0-9,2
غَوِّى,ghawa,ghawa,True,6,5,0-9,0-9,3
يِلَاغِي,ylaaghi,ylaaghi,True,8,7,0-9,0-9,5
نَفِع,nifi3,naffi3,False,5,5,0-9,0-9,5
آخِر العندُوق,2aakhir 2il3anquud,2aakhir 2il3anquud,True,13,18,10-19,10-19,4
اِتْحَبْوَش,2it7oobash,2it7oobash,True,11,10,10-19,10-19,2
يِتَلَطُّش,yitlattash,yitlattash,True,10,10,10-19,10-19,3
إِلْتَوِح,2iltawa7,2iltawa7,True,9,8,0-9,0-9,3
رَدَادِي,radaayid,radaadi,False,8,8,0-9,0-9,4
حِلَل,7allil,7allil,True,5,6,0-9,0-9,3
لَولَا,loola,loola,True,6,5,0-9,0-9,2
سُور,suur,sawwir,False,4,4,0-9,0-9,1
مَدَادَاة,mdaadaa,mdaadaa,True,9,7,0-9,0-9,4
عْقِيقَة,3qiiqa,3qiiqa,True,8,6,0-9,0-9,1
فَقِس,faqis,faqqas,False,5,5,0-9,0-9,4
جَرَد,jurud,jarrad,False,5,5,0-9,0-9,1
فَتَش,fattish,fattish,True,5,7,0-9,0-9,2
مَسِح,masa7,massa7,False,5,5,0-9,0-9,4
مُعوَّات,mu3awwidhaat,mi3waat,False,8,12,0-9,10-19,4
نُقُر,naqkriz,naqqar,False,5,7,0-9,0-9,5
تَبَنُّخ,tbikhkhin,tbakhkhan,False,8,9,0-9,0-9,5
يِشْتَبِك,yishtibik,yishtibik,True,9,9,0-9,0-9,2
جَهْجِه,jahjih,jahjah,False,7,6,0-9,0-9,2
اِجِر الحَمَامِة,2ijir 2il7amaame,2ijir 2il7amaame,True,16,16,10-19,10-19,1
تَنَمُّطِي,tanmiit,tanmiit,True,10,7,10-19,0-9,4
شِعْلِل,sha3lal,sha3lil,False,7,7,0-9,0-9,5
ضَرْوَرَة,daruura,daruura,True,9,7,0-9,0-9,5
مِعْتِصِم,mi3tasim,mu3tasim,False,9,8,0-9,0-9,5
آثَار جَانِبِيِّة,2aasaar jaanibiyye,2aasaar jaanibiyye,True,17,18,10-19,10-19,4
يِعْتِرِس,y3atris,y3atris,True,9,7,0-9,0-9,2
ثَنَّايِة,thnaaye,thnaaye,True,9,7,0-9,0-9,3
اِنْقَبَر,2inqabar,2inqibir,False,9,8,0-9,0-9,2
أَيْمَا,2ayyaam,2eema,False,7,7,0-9,0-9,3
مُسْتَرْجِل,mustarjil,mustarjil,True,11,9,10-19,0-9,2
فَرَّد,farid,farrad,False,6,5,0-9,0-9,2
حَزَّم,7uzam,7azzim,False,6,5,0-9,0-9,1
اِفْضَى,2ifda,2ifda,True,7,5,0-9,0-9,1
حُومِش,7oomish,7oomash,False,6,7,0-9,0-9,5
يفِيق,yfayyiq,yfiiq,False,5,7,0-9,0-9,1
دَقّ نَاقُوس الخَطِر,daqq naaquus 2ilkhatar,daqq naaquus 2ilkhatar,True,20,22,20-29,20-29,1
كُنِّة,kinne,kanne,False,6,5,0-9,0-9,3
يِلْتَهَم,yiltihim,yiltihim,True,9,8,0-9,0-9,5
لَطَّ,latt,latt,True,5,4,0-9,0-9,5
لَعِن,la33an,la33an,True,5,6,0-9,0-9,4
رُوَاب,rwaab,rwaab,True,6,5,0-9,0-9,4
بَرْدَعَة,barda3a,barda3a,True,9,7,0-9,0-9,1
يزَرْنِق,yzargin,yzargin,True,8,7,0-9,0-9,2
أَعْلِم,2a3lam,2a3lam,True,7,6,0-9,0-9,3
تْخَنْدَق,tkhandaq,tkhandaq,True,9,8,0-9,0-9,1
يِسْكُن,yuskun,ysakkin,False,7,6,0-9,0-9,4
يقُرّ عليهَا,yiqra 3alee,yiqra 3aleeha,False,12,11,10-19,10-19,2
طَهْبَج,tahbaj,tahbij,False,7,6,0-9,0-9,3
يرَحِّب,yra77ib,yra77ib,True,7,7,0-9,0-9,2
تَنْقُل,tnaqqal,tnaqqal,True,7,7,0-9,0-9,4
صحي عحَاله,si7i 3a7aalo,si7i 3a7aalo,True,10,12,10-19,10-19,5
اِنْبَتّ,2unbut,2unbut,True,8,6,0-9,0-9,3
يِنْفِجِر,yinifjir,yinfijir,False,9,8,0-9,0-9,2
رَاكَي,raaki,raaki,True,6,5,0-9,0-9,2
مُخُّه نْظيف,mukhkho ndiif,mukhkho ndiif,True,12,13,10-19,10-19,2
تْجَلْتَن,tjaltan,tjaltan,True,9,7,0-9,0-9,2
زُغَارِيت,zaghaariit,zaghaariit,True,9,10,0-9,10-19,2
سَفَن,sufun,safan,False,5,5,0-9,0-9,3
لَسَّعَة,las3a,las3a,True,8,5,0-9,0-9,5
خَلِيلي,khaliili,khaliili,True,7,8,0-9,0-9,2
كَتَّب,kattib,kattab,False,6,6,0-9,0-9,1
اِنْقَطَاع,2inqitaa3,2inqitaa3,True,10,9,10-19,0-9,2
دَقَش,daqash,daqash,True,5,6,0-9,0-9,1
تْلَاشِي,talaashi,talaashi,True,8,8,0-9,0-9,4
بَيت مَضْوِي,beet madwi,beet madwi,True,12,10,10-19,10-19,5
بَسْمَل,basmil,basmil,True,7,6,0-9,0-9,2
وْلُول,walwil,walwil,True,6,6,0-9,0-9,5
أُسْطُورة,2ustuura,2ustuura,True,9,8,0-9,0-9,4
إِدْمَا,2idaam,2idmaam,False,7,6,0-9,0-9,3
مْقَلِّع سنَانُه,mqalli3 snaano,mqalle3 snaano,False,16,14,10-19,10-19,5
ينُوي,yinwi,ynawwi,False,5,5,0-9,0-9,3
تَزِين,tzayyan,tzayyan,True,6,7,0-9,0-9,4
وَلِع,wala3,walli3,False,5,5,0-9,0-9,5
أُرْجِيلِة,2argiile,2argiile,True,10,8,10-19,0-9,2
يِنْقَلّ,yunqul,ynaqqil,False,8,6,0-9,0-9,3
مُخْلِص,mukhlis,mkhallis,False,7,7,0-9,0-9,4
يتْخَابَر,yitkhaabar,yitkhaabar,True,9,10,0-9,10-19,2
تَبَنَّى,tbanna,tbanna,True,8,6,0-9,0-9,2
اِتْعَنَّي,2it3ayyan,2it3ayyan,True,10,9,10-19,0-9,2
حَيح,7ayyi7,7ayyi7,True,4,6,0-9,0-9,4
فَلِّة,villa,fulle,False,6,5,0-9,0-9,1
سِلْقِل,sala2la2,salqil,False,7,8,0-9,0-9,5
لِفْلَفِة,laflafe,laflafe,True,9,7,0-9,0-9,4
اِنْفَعّ,naafi3,2infa3,False,8,6,0-9,0-9,4
تَعْتِس,ta3tas,ta3tis,False,7,6,0-9,0-9,2
نِار,naar,naar,True,4,4,0-9,0-9,3
دُوَاجِن,dawaajin,dawaajin,True,8,8,0-9,0-9,4
تْفَرْعَن,tfar3an,tfar3an,True,9,7,0-9,0-9,1
يَنْحَط,yin7att,yin7att,True,7,7,0-9,0-9,5
غِدِر,ghadir,ghadar,False,5,6,0-9,0-9,5
مَعَجْنُون,ma3juun,ma3juun,True,10,7,10-19,0-9,5
زَرُوف,zruuf,zruuf,True,6,5,0-9,0-9,2
وَافَق,waafiq,waafiq,True,6,6,0-9,0-9,3
مَنْدِيل مُعَطَر,mandiil mu3attar,mandiil mu3attar,True,16,16,10-19,10-19,5
عَقَش,3aqqkkash,3aqqkkash,True,5,9,0-9,0-9,3
أَكَمَّن,2akammin,2akman,False,8,8,0-9,0-9,4
اُنْضُخ,2indakhkh,2indakhkh,True,7,9,0-9,0-9,2
اِحْزِق,2i7zaq,2i7ziq,False,7,6,0-9,0-9,4
شَرْطِي,shurti,sharati,False,7,6,0-9,0-9,1
يقَنِّص,yuqnus,yqannis,False,7,6,0-9,0-9,1
تْطُوح,2ittawwa7,2ittawwa7,True,6,9,0-9,0-9,3
اُكْنُم,2ukmun,2ukmun,True,7,6,0-9,0-9,4
نَقْوِش,nquush,nquush,True,7,6,0-9,0-9,4
هذَاف وِجِه الضِّي,hada wijih 2iddeef,hada wijih 2iddeef,True,18,18,10-19,10-19,5
دِاس,daas,daas,True,4,4,0-9,0-9,3
لِيلَخ,leelikh,leelakh,False,6,7,0-9,0-9,5
قِلِد,qallid,qallad,False,5,6,0-9,0-9,5
عِلّ قَلْبِي,3al qalbi,3al qalbi,True,12,9,10-19,0-9,2
رِشِح,rashsha7,rashshi7,False,5,8,0-9,0-9,5
أَلَف,2alif,2allif,False,5,5,0-9,0-9,4
طُرْمَا,tarma,tarma,True,7,5,0-9,0-9,4
اِتْقَصَف,2itqassaf,2itqassaf,True,9,9,0-9,0-9,2
يعَكِّر,y3akkir,yu3kur,False,7,7,0-9,0-9,2
يقَمْزِب,yqkambiz,yqkambiz,True,8,8,0-9,0-9,5
اِكْكَى,kaaka,2ika,False,7,5,0-9,0-9,4
يِتْشَفَّط,yitshaffat,yitshaffat,True,10,10,10-19,10-19,1
يلَفِّق,ylaffiq,ylaffiq,True,7,7,0-9,0-9,1
تْشَعْنَن,tsha3nan,tsha3nan,True,9,8,0-9,0-9,1
تْجَسَّد,tjassad,tjassad,True,8,7,0-9,0-9,1
أَجِسَاد,2ajsaad,2ajsaad,True,8,7,0-9,0-9,5
بَرَج,burj,barraj,False,5,4,0-9,0-9,3
صُرُخ,sarrakh,sarrikh,False,5,7,0-9,0-9,4
اِجْفي,2ijfi,2ijfi,True,6,5,0-9,0-9,5
مَلْحُوق,mal7uuq,mal7uuq,True,8,7,0-9,0-9,1
يِتْحَزَب,yit7azzab,yit7azzab,True,9,9,0-9,0-9,4
أَجَيَّال,2ajyaal,2ajyaal,True,9,7,0-9,0-9,3
مِشْتِعِل,mushta3il,mishti3il,False,9,9,0-9,0-9,5
قَايِم عليهَا,qaayim 3aleeha,qaayim 3aleeha,True,13,14,10-19,10-19,1
يُنْسُف,yinsaff,ynassif,False,7,7,0-9,0-9,4
اِسْتَرْجِع,2istarji3,2istarja3,False,11,9,10-19,0-9,4
مُحَاقِين,ma7aaqiin,ma7aaqiin,True,9,9,0-9,0-9,4
اِشْخَرّ,2ishkhar,2ishkhar,True,8,8,0-9,0-9,5
تْعَيَّق,3atiiq,t3ayyaq,False,8,6,0-9,0-9,5
وَشِّى,washa,washa,True,6,5,0-9,0-9,3
يِرْسِب,yirsub,yirsub,True,7,6,0-9,0-9,3
اِدْغَشّ,2idghash,2idghash,True,8,8,0-9,0-9,1
جَودَل,djoodal,joodal,False,6,7,0-9,0-9,1
اِنْبِرِى,2inbara,2inbara,True,9,7,0-9,0-9,4
مُسْتَوْطَن,mustawtin,mustawtin,True,11,9,10-19,0-9,4
تُسَعُّر,tsa33ar,tsa33ar,True,8,7,0-9,0-9,3
ضِلِع قَارِص,dili3 qaasir,dili3 qaaris,False,12,12,10-19,10-19,4
تَمْرِيجِة,tamarjiyye,tamriije,False,10,10,10-19,10-19,1
يزَاعِل,yzaa3il,yzaa3il,True,7,7,0-9,0-9,1
أُعَان,2a3aan,2a3aan,True,6,6,0-9,0-9,5
لَبَّخ,labakh,labbikh,False,6,6,0-9,0-9,1
طُقّ,2utt,tuqq,False,4,4,0-9,0-9,4
مِتْجَذْوِر,mitdjadhwir,mitdjadhwir,True,11,11,10-19,10-19,1
جِرِيمِة شَرَف,jariimit sharaf,jariimit sharaf,True,14,15,10-19,10-19,5
قَيِّم,qiim,qayyam,False,6,4,0-9,0-9,1
صَرْتُه مِثِل سَالُه,surut mithil 2ilhishise,surut mithil 2ilhishise,True,20,23,20-29,20-29,1
مَالْه,maalo,maalo,True,6,5,0-9,0-9,4
أَجرة إِيدُه,2ujrit 2iido,2ujrit 2iido,True,12,12,10-19,10-19,2
ضِيف,diif,dayyaf,False,4,4,0-9,0-9,1
صَنَّص,nassis,nassas,False,6,6,0-9,0-9,4
مْكَسَّر,mkassar,mkassar,True,8,7,0-9,0-9,1
أَفِخ,2afkh,2afkh,True,5,5,0-9,0-9,5
تْمَتَّر,tmattar,tmattar,True,8,7,0-9,0-9,1
بُنُوص,bnuus,bnuus,True,6,5,0-9,0-9,2
مَلْقَط حْوَاجِب,malqat 7awaajib,malqat 7awaajib,True,16,15,10-19,10-19,2
يقَرْقَع,yqarqi3,yqarqi3ykarki3,False,8,7,0-9,0-9,2
يِطْعَش,yit3ash,yit3ash,True,7,7,0-9,0-9,2
مْحَرُّوم,ma7ruum,ma7ruum,True,9,7,0-9,0-9,4
اِتِّصْرَاح,2itsaara7,2itsaara7,True,11,9,10-19,0-9,3
زَهَاب,zhaab,zhaab,True,6,5,0-9,0-9,1
اِنْبِت,2inbut,2unbut,False,7,6,0-9,0-9,4
يِنْبَزّ,ynabbiz,ynabbiz,True,8,7,0-9,0-9,5
الطَّايِح رَايح,2ittaayi7 raayi7,2ittaayi7 raayi7,True,15,16,10-19,10-19,5
كَوَاليش,kawaaliish,kawaaliish,True,8,10,0-9,10-19,1
ضِمِيرُه نَايِم,damiiro naayim,damiiro naayim,True,15,14,10-19,10-19,2
تْكَهْرَب,tkahrab,tkahrab,True,9,7,0-9,0-9,2
طَلّ,tull,tall,False,4,4,0-9,0-9,1
مَلْوَن,mlawwan,mloonik,False,7,7,0-9,0-9,1
صَبَغَة,sabgha,sabgha,True,7,6,0-9,0-9,4
طِرَاطِيف,taraatiif,taraatiif,True,9,9,0-9,0-9,3
اِجْتَزَع,2itjazza3,2itjazza3,True,9,9,0-9,0-9,4
يِتْلَهَّف,yitlahhaf,yitlahhaf,True,10,9,10-19,0-9,1
اِتْفَجَّر,2itfajjar,2itfarraj,False,10,9,10-19,0-9,2
تْشِفْشِف,tshafshaf,tshifshif,False,9,9,0-9,0-9,3
يِتَدَاوُل,yiddaawal,yiddaawal,True,10,9,10-19,0-9,4
جَلِس,jallis,jallas,False,5,6,0-9,0-9,5
حوَامِل,7awaamil,7awaamil,True,7,8,0-9,0-9,2
قَصِّيب,qusseeb,qasiib,False,7,7,0-9,0-9,2
ينْقَال,yinqaal,yinqaal,True,7,7,0-9,0-9,4
حَبَس,7abas,7abbis,False,5,5,0-9,0-9,3
تْجَدْوَل,tjadwal,tjadwal,True,9,7,0-9,0-9,1
تِجَارِي,tijaari,tajaari,False,8,7,0-9,0-9,3
مِعْلَاَط,mu3laat,mu3laat,True,9,7,0-9,0-9,2
يدَغِّم,ydaghghim,yidghim,False,7,9,0-9,0-9,1
قُوَاد,qgawwaad,qgawwaad,True,6,8,0-9,0-9,5
يمَكِّر,yumkur,yumkur,True,7,6,0-9,0-9,3
وْسِيع,wasii3,wasii3,True,6,6,0-9,0-9,4
وَظِّف,wazzaf,wazzif,False,6,6,0-9,0-9,1
اِسْتَعْمَل,2ista3mal,2ista3mal,True,11,9,10-19,0-9,1
نَحِّب,na7ab,na77ab,False,6,5,0-9,0-9,3
مُقْدَح,mqaddi7,mqaddi7,True,7,7,0-9,0-9,4
اِتْنَفْغَن,2itnaghnaf,2itnaghnaf,True,11,10,10-19,10-19,5
مَاسِح,maasi7,maasi7,True,6,6,0-9,0-9,1
تَفَايُح,tafafii7,tafafii7,True,8,8,0-9,0-9,5
فَجْوِة,fajwe,fajwe,True,7,5,0-9,0-9,5
ضَلْعَان,dul3aan,dul3aan,True,8,7,0-9,0-9,2
شَمَع,shamma3,shammi3,False,5,7,0-9,0-9,2
بَرْجَم,barjim,barjam,False,7,6,0-9,0-9,1
دِهَان,dhaan,dhaan,True,6,5,0-9,0-9,3
تَزّ,tazz,tazz,True,4,4,0-9,0-9,5
يِنْهَرّ,yinhar,yinhar,True,8,6,0-9,0-9,3
عَالمَظَْاهِر,3almazaahir,3almazaahir,True,13,11,10-19,10-19,1
بغَمْضِة عين,bighamdit 3een,bighamdit 3een,True,12,14,10-19,10-19,2
تَنْشَن,tnashshan,tnashshan,True,7,9,0-9,0-9,4
نَطْنِط,natnat,natnit,False,7,6,0-9,0-9,2
حَزَّم,7izam,7azzim,False,6,5,0-9,0-9,1
اِتْشَرْبَق,2itshabraq2,2itshabraq2,True,11,11,10-19,10-19,5
يجَهِّز,yjahhiz,yjahhiz,True,7,7,0-9,0-9,4
يِفْطَن,yfattin,yfattin,True,7,7,0-9,0-9,5
يفَرِّغ,yifragh,yifragh,True,7,7,0-9,0-9,4
يِجْرُم,yijrum,yijrim,False,7,6,0-9,0-9,3
هَطْبَل,hatbil,hatbil,True,7,6,0-9,0-9,1
جِبِل,jabbil,jabbil,True,5,6,0-9,0-9,4
اِتْفَغَّر,2itfarragh,2itfarragh,True,10,10,10-19,10-19,2
تَنَقْوُد,tniqwid,tniqwid,True,9,7,0-9,0-9,4
فَرَش,farrash,farrish,False,5,7,0-9,0-9,1
دَحْدَل,da7dil,da7dal,False,7,6,0-9,0-9,2
اِنْفَلَم,2infilim,2infilim,True,9,8,0-9,0-9,2
لُمَا,lammalamman,lammalammman,False,5,11,0-9,10-19,5
لُحْمِة,lu7me,la7me,False,7,5,0-9,0-9,4
كَبَّب,kabbib,kabbib,True,6,6,0-9,0-9,1
هٰذَاك,haddaak,haddaak,True,6,7,0-9,0-9,4
زْفُورَة,fazzuura,zaffuura,False,8,8,0-9,0-9,2
نَوِّم,nawwim,nawwam,False,6,6,0-9,0-9,3
شوَاريط,shawaariit,shawaariit,True,7,10,0-9,10-19,5
يِشْرَع,ysharri3,ysharri3,True,7,8,0-9,0-9,2
يأَسّ,ya22as,ya22as,True,5,6,0-9,0-9,2
ضُبَّاب,dabaab,dabaab,True,7,6,0-9,0-9,2
يصُفّ حَالدَّاس منَا,yaa ma7aasin 2issudaf,ysuff 7aadan 2issamaan,False,20,21,20-29,20-29,1
يِتْصَاحَر,yitsaara7,yitsaara7,True,10,9,10-19,0-9,4
يُحْلُب,yi7lib,yi7lib,True,7,6,0-9,0-9,4
دَوِّر,dawwar,dawwar,True,6,6,0-9,0-9,3
قَهَّار,qahhaar,qahhaar,True,7,7,0-9,0-9,3
عَلْقَم,3alqam,3alqam,True,7,6,0-9,0-9,2
كَيد,kiid,keed,False,4,4,0-9,0-9,1
تَعَقْبِيِّة,ta3qiibe,ta3qiibe,True,12,8,10-19,0-9,4
اِسْتَعْلَي,2ista3li,2ista3li,True,11,8,10-19,0-9,4
اِنْشِهِر,2inshahar,2inshahar,True,9,9,0-9,0-9,2
يتَعَقُّد,yit3aqqad,yit3aqqad,True,9,9,0-9,0-9,5
حَبَلِة,7ible,7abale,False,7,5,0-9,0-9,1
يِدْشُر,yudshur,ydashshir,False,7,7,0-9,0-9,3
اِتْذَلَّل,2itzallal,2itzallal,True,10,9,10-19,0-9,5
رَمِع,ramma3,rammi3,False,5,6,0-9,0-9,4
مَبْنَص,mbannis,mbannis,True,7,7,0-9,0-9,3
دَوبَح,dooba7,doobi7,False,6,6,0-9,0-9,1
شَعَر البَنَات,sha3r 2ilbanaat,sha3ar 2ilbanaat,False,14,15,10-19,10-19,1
يِخْرُق,yukhruq,yukhruq,True,7,7,0-9,0-9,4
يحَمِّس,y7ammis,yi7mis,False,7,7,0-9,0-9,1
نَعْنَون,na3nuu3,na3nuu3,True,8,7,0-9,0-9,5
مْدَوَّرَة,midwara,midwara,True,10,7,10-19,0-9,1
اِنِلْوِى,2inliwi,2inliwi,True,9,7,0-9,0-9,5
مَجْرَى الدَّعَم,majra 2iddami3,majra 2iddami3,True,16,14,10-19,10-19,1
كَثَر,kattar,kattar,True,5,6,0-9,0-9,4
شَوِي,shawi,shawi,True,5,5,0-9,0-9,1
تَخْزِين,takhziin,takhziin,True,8,8,0-9,0-9,1
اِتْفَلْوَت,2itfalwat,2itfalwat,True,11,9,10-19,0-9,1
يِعْفِق,yu3fuq,y3affiq,False,7,6,0-9,0-9,3
عَدَن,3addin,3addin,True,5,6,0-9,0-9,2
يُنْحُر,yin7ar,yin7ar,True,7,6,0-9,0-9,4
قَطْقَط,qatqitkatkit,qatqatkatkatkat,False,7,12,0-9,10-19,1
اِتْطَبَّر,2itbattar,2ittarrab,False,10,9,10-19,0-9,5
نِهِق,nahhiq,nahhaq,False,5,6,0-9,0-9,5
بَدَّ,bidd,badd,False,5,4,0-9,0-9,4
مِسْكَون,maskuun,maskuun,True,8,7,0-9,0-9,4
طْوِبِز,toobaz,toobiz,False,7,6,0-9,0-9,5
تْخَشَّط,tshakhkhat,tkhashshat,False,8,10,0-9,10-19,3
حَصَن,7assin,7assin,True,5,6,0-9,0-9,3
خِرَافِي,khuraafi,khuraafi,True,8,8,0-9,0-9,4
مْفَودِس,mfoodis,mafduus,False,8,7,0-9,0-9,5
دَعْبَب,da3bab,da3bab,True,7,6,0-9,0-9,2
اِتَسَلَّل,2itsallal,2itsallal,True,10,9,10-19,0-9,2
مُهَرْمِن,mharman,mharmin,False,9,7,0-9,0-9,4
اِرْتِجَا,2irtijaaj,2irtijaaj,True,9,9,0-9,0-9,3
يِتْمَرْجَل,yitmarjal,yitmarjal,True,11,9,10-19,0-9,1
اِسْتَعْمَار,2isti3maar,2isti3maar,True,12,10,10-19,10-19,2
حَلَس,7allis,7allis,True,5,6,0-9,0-9,3
شِيشْبَرَك,shiishbarak,shiishbarak,True,10,11,10-19,10-19,2
الأصُول إِنه,2il2usuul 2inno,2il2usuul 2inno,True,12,15,10-19,10-19,4
مَجْوِر,mjawwar,mjawwar,True,7,7,0-9,0-9,4
اِسْتَعْفى,2ista3fa,2ista3fa,True,10,8,10-19,0-9,2
تْهَبَّل,thabbal,thabbal,True,8,7,0-9,0-9,1
يكَرْهِب,ykarhib,ykarhib,True,8,7,0-9,0-9,1
قَرِّص,qurus,qarris,False,6,5,0-9,0-9,3
مُحَمْرِط,m7amrit,m7amrit,True,9,7,0-9,0-9,4
صَايِر مثل البُونِة,saayir mitil 2ilballoone,saayir mitil 2ilbaloone,False,19,24,10-19,20-29,4
اِسْتَعْظِم,2ista3dhim,2ista3dhim,True,11,10,10-19,10-19,3
ميِّل,mayyil,mayyal,False,5,6,0-9,0-9,5
نَهُوض,nuhuud,nuhuud,True,6,6,0-9,0-9,5
شِتِل,shattil,shatal,False,5,7,0-9,0-9,4
ضَبّ حَالك,dubb 7aalak,dubb 7aalak,True,10,11,10-19,10-19,5
شَغَف,shaghaf,shaghaf,True,5,7,0-9,0-9,1
جَعْمِز,dja3miz,dja3miz,True,7,7,0-9,0-9,2
يدَلِّف,yidlif,ydallif,False,7,6,0-9,0-9,2
قَاتَل,qaatal,qaatil,False,6,6,0-9,0-9,2
حِجَار,7jaar,7jaar,True,6,5,0-9,0-9,5
مِسْحُول,msa7wil,msa7wil,True,8,7,0-9,0-9,5
يُقْمُر,yqammir,yqammir,True,7,7,0-9,0-9,3
يِجْدِوِل,yjadwil,yjadwil,True,9,7,0-9,0-9,4
عَفْتَش,fa3tash,3aftash,False,7,7,0-9,0-9,5
نِسِي,nisi,nassi,False,5,4,0-9,0-9,3
نُقَّاب,niqaab,niqaab,True,7,6,0-9,0-9,4
تَجَذْوُر,tdjadhwar,tdjadhwar,True,9,9,0-9,0-9,3
مْدَعْدِر,mda3dir,mda3dar,False,9,7,0-9,0-9,1
يقَلِّح,yuqludj,yqalli7,False,7,7,0-9,0-9,3
خِام,khaam,khaam,True,4,5,0-9,0-9,4
زَعِط,za33at,za33at,True,5,6,0-9,0-9,4
مْطَيَّع,mutii3,mtayyi3,False,8,6,0-9,0-9,3
جِدِّي,jaddi,jaddi,True,6,5,0-9,0-9,4
اِنِلْحِق,2inli7iq,2inla7aq,False,9,8,0-9,0-9,5
مُشَرْمَح,msharma7,msharma7,True,9,8,0-9,0-9,3
يِفْرِفِح,yfarfi7,yfarfi7,True,9,7,0-9,0-9,3
إِن قفى إِيدهَا,min qafa 2iidha,2in qafa 2iidha,False,15,15,10-19,10-19,4
يفَصْفِص,yfasfis,yfasfis,True,8,7,0-9,0-9,1
مْتَلْبِس,mitlabbis,mitlabbis,True,9,9,0-9,0-9,3
اِنْفِجِل,2infilij,2infijil,False,9,8,0-9,0-9,5
يِقْتَلِع,yiqtili3,yiqtili3,True,9,8,0-9,0-9,2
اِنْعِزِم,2in3izim,2in3izim,True,9,8,0-9,0-9,1
اِنْدَعِك,2inda3ak,2inda3ak,True,9,8,0-9,0-9,5
يُؤلِّم,y2allim,y2allim,True,7,7,0-9,0-9,4
اِبْتَدَائِي,2ibtidaa2i,2ibtidaa2i,True,12,10,10-19,10-19,3
مِشْنِتِر,mshantir,mshantir,True,9,8,0-9,0-9,3
مَعَايِن,m3aayin,ma3aayiin,False,8,7,0-9,0-9,4
فَقْفِق,faqfaqfa2fa2,faqfiqfa2fi2,False,7,12,0-9,10-19,1
تْقَبَّل,taqabbul,tqabbal,False,8,8,0-9,0-9,1
تْفَلْسَف,tfilsif,tfilsif,True,9,7,0-9,0-9,2
رَكَّاب,rikaab,rkaab,False,7,6,0-9,0-9,1
تْلَولَب,tloolab,tloolab,True,8,7,0-9,0-9,1
دُخُلَاء,dukhalaa2,dukhalaa2,True,8,9,0-9,0-9,2
تْكَالَب,tkaalab,tkaalab,True,8,7,0-9,0-9,1
يِكْرِتِن,ykartin,ykartin,True,9,7,0-9,0-9,5
مِتْطَوَّر,mutatawwir,mutatawwir,True,10,10,10-19,10-19,3
مِفَاهِيم,mafaahiim,mafaahiim,True,9,9,0-9,0-9,4
كَرَامِيل,karamiil,karaamiil,False,9,8,0-9,0-9,1
جَوعِة الشَّهِر,juu3 2ishshuhra,juu3it 2ishshuhr,False,15,15,10-19,10-19,5
سِمِي,sammi,sammi,True,5,5,0-9,0-9,3
رِيشِة,riishe,riishe,True,6,6,0-9,0-9,1
فَاشَيِّة,faashiyye,faashiyye,True,9,9,0-9,0-9,5
صَبُّوح,sabbuu7,sabbuu7,True,7,7,0-9,0-9,1
اِنْحِشِم,2in7ishim,2in7asham,False,9,9,0-9,0-9,3
يِتْشَدّد,yitshaddad,yitshaddad,True,9,10,0-9,10-19,4
نَحَت بَالصَّخَر,na7at bissakhir,na7at bissakhir,True,16,15,10-19,10-19,3
اِشْطِب,2ishtub,2ishtub,True,7,7,0-9,0-9,4
اِسْتَقْوى,2istaqwa,2istaqwa,True,10,8,10-19,0-9,2
اِنْهَزَم,2inhazam,2inhazam,True,9,8,0-9,0-9,2
شِرْطِط,shartat,shartit,False,7,7,0-9,0-9,5
اِدَّهِش,2idhish,2idhish,True,8,7,0-9,0-9,5
زَب,zibb,zibb,True,3,4,0-9,0-9,4
يهِرّ,yhurr,yhurr,True,5,5,0-9,0-9,4
مُهَد,mahhad,mahhad,True,5,6,0-9,0-9,3
ضَبَّط,zibit,zabbit,False,6,5,0-9,0-9,3
تَقَاعُد,tqaa3ad,tqaa3ad,True,8,7,0-9,0-9,4
حَضِر,7addar,7addir,False,5,6,0-9,0-9,4
على أحر من الجَمَر,3ala 2a7arr min 2iljamir,3ala 2a7arr min 2iljamar,False,18,24,10-19,20-29,1
تْدِلْدِق,2iddalda2,2iddalda2,True,9,9,0-9,0-9,3
دُغْدَغَة,daghdaghe,daghdaghe,True,9,9,0-9,0-9,4
مْجَاقَرَة,mjaaqkara,mjaaqkara,True,10,9,10-19,0-9,3
رِدِي,radi,radi,True,5,4,0-9,0-9,2
رِطَال,rtaal,rtaal,True,6,5,0-9,0-9,3
اِتْبَلَك,2itballak,2itballak,True,9,9,0-9,0-9,4
عَوَل,3awwil,3awwil,True,5,6,0-9,0-9,5
بْرَاجِة,barraaje,barraaje,True,8,8,0-9,0-9,2
بَيت الشِّع,beet 2ishsha3ar,beet 2ishsha3al,False,11,15,10-19,10-19,4
مَعَاطَة,ma33aata,m3aata,False,8,8,0-9,0-9,4
اِبْتِهِج,2ibtahij,2ibtahij,True,9,8,0-9,0-9,1
يتَنَفُّس,ytanfis,yitnaffas,False,9,7,0-9,0-9,3
عْقَاب,3iqaab,3gaab,False,6,6,0-9,0-9,2
اِرَدَح,2irda7,2irda7,True,7,6,0-9,0-9,3
كَاتَح,kaa7it,kaa7it,True,6,6,0-9,0-9,4
صُوبِن,soobin,soobin,True,6,6,0-9,0-9,3
تَدَمُّرِي,tadmiir,tadmiir,True,10,7,10-19,0-9,3
العوف,2il3afu,2il3afu,True,5,7,0-9,0-9,4
توَازَن,twaazan,twaazan,True,7,7,0-9,0-9,4
جْدَاد,jdaad,djdaad,False,6,5,0-9,0-9,1
تْفَكْهَن,tfakhan,tfakhan,True,9,7,0-9,0-9,1
خِلَفَاء,khulafaa2,khulafaa2,True,8,9,0-9,0-9,3
اِنقِطَاع,2inqitaa3,2inqitaa3,True,9,9,0-9,0-9,3
حَاشِر,7aashar,7aashir,False,6,7,0-9,0-9,2
جَمَل,jumal,jammil,False,5,5,0-9,0-9,3
اِنْزَحِم,2inza7am,2inzi7im,False,9,8,0-9,0-9,5
تُعَدُّل,t3addal,t3addal,True,8,7,0-9,0-9,4
رُخُو,rikhu,rakhu,False,5,5,0-9,0-9,2
يِتْسَفَّق,yitsaqqaf,yitsaqqaf,True,10,9,10-19,0-9,5
وُرْتَشِّة,wartashe,wartashe,True,10,8,10-19,0-9,5
يِنْتَصَب,yintasib,yintasib,True,9,8,0-9,0-9,5
يِفْقَع,yifqa3,yfaqqi3,False,7,6,0-9,0-9,2
عُصِّي,3assi,3assi,True,6,5,0-9,0-9,5
بَنِّت,bannit,bannit,True,6,6,0-9,0-9,1
اِنْبَخِع,2inbikhi3,2inbakha3,False,9,9,0-9,0-9,5
لَمَّز,lamaz,lammiz,False,6,5,0-9,0-9,3
تْوَاحَى,twaa7a,twaa7a,True,8,6,0-9,0-9,1
يِلْوِم,yluum,yluum,True,7,5,0-9,0-9,3
يِتْصَانَح,yitnaasa7,yitsaana7,False,10,9,10-19,0-9,4
كنيسة القيَامة,kaniisit 2ilqiyaame,kaniisit 2ilqiyaame,True,14,19,10-19,10-19,3
قَدّ خُزُق العَقْرَب,qadd khuzq 2il3aqrab,qadd khuzq 2il3aqrab,True,20,20,20-29,20-29,2
يتْعَكَّف,yi3tikif,yit3akkaf,False,9,8,0-9,0-9,5
يِنْصِنِع,yinsini3,yinsini3,True,9,8,0-9,0-9,1
جِيش,jayyish,jayyash,False,4,7,0-9,0-9,3
أَكِل هَم,2akal hamm,2akal hamm,True,9,10,0-9,10-19,3
يَوم السَّاعة,yoom 2issaa3a,yoom 2issaa3a,True,13,13,10-19,10-19,3
اِتْنَهّد,2itnahhad,2itnahhad,True,9,9,0-9,0-9,3
فَلِي,falli,falli,True,5,5,0-9,0-9,3
تْشَعَب,tsha33ab,tsha33ab,True,7,8,0-9,0-9,5
مُنْظَمّ,munazzam,munazzam,True,8,8,0-9,0-9,5
مِتْطَوِّع,mutatawwi3,mutatawwi3,True,10,10,10-19,10-19,2
مَرِن,marran,marrin,False,5,6,0-9,0-9,4
نَاهَق,naahiq,naahaq,False,6,6,0-9,0-9,2
اِدْقِم,2idqum,2idqum,True,7,6,0-9,0-9,4
سْمُوم,sumuum,sumuum,True,6,6,0-9,0-9,2
اِنْسِحَاب,2insi7aab,2insi7aab,True,10,9,10-19,0-9,1
يِتْشَرَّف,yitsharraf,yitsharraf,True,10,10,10-19,10-19,1
يسَفْلِت,ysaflit,ysaflit,True,8,7,0-9,0-9,1
اِنْقَرَض,2inqarad,2inqarad,True,9,8,0-9,0-9,3
تْشَطَّر,tsharrat,tshattar,False,8,8,0-9,0-9,4
زَوَى,zawa,zawa,True,5,4,0-9,0-9,1
مَحَاشْرَة,m7aashara,m7aashara,True,10,9,10-19,0-9,4
تُجَرُّع,tjarra3,tjarra3,True,8,7,0-9,0-9,4
اِنْخِشِط,2inkhishit,2inkhashat,False,9,10,0-9,10-19,2
قَسِّى,qassa,qassa,True,6,5,0-9,0-9,3
اِتْفَسَر,2itfassar,2itfassar,True,9,9,0-9,0-9,4
طْاوِع,taawa3,taawi3,False,6,6,0-9,0-9,3
يِنْحِرِف,yin7irif,yin7irif,True,9,8,0-9,0-9,2
إِسْرِفَا,2israaf,2israaf,True,9,7,0-9,0-9,2
يتَجِّه,yittijih,ytajjih,False,7,8,0-9,0-9,2
حُين,7iin,7ayyin,False,4,4,0-9,0-9,5
اِجْرَمْعَنْهَن,2idjrimin3anno,2ijrama3no,False,15,14,10-19,10-19,4
مْسَمْوِع,masmuu3,masmuu3,True,9,7,0-9,0-9,2
بَلْهِد,balhad,balhad,True,7,6,0-9,0-9,2
يتْضَبَّب,yiddabbab,yiddabbab,True,9,9,0-9,0-9,2
اللِّي مَالُه حَظّ لَايِتْعَب ولَا يِشْقَى,2illi maalo 7az laa yit3ab wala yishqa,2illi maalo 7az laa yit3ab wala yishqa,True,42,38,40-49,30-39,3
تُعَلُّل,t3allal,t3allal,True,8,7,0-9,0-9,5
جْالِق,jaaliqk,djaalik,False,6,7,0-9,0-9,5
مْبَرَّد,mbarrad,mbarrad,True,8,7,0-9,0-9,1
شِبِّيه,shabiih,shabiih,True,7,7,0-9,0-9,5
أَحَقَاد,2a7qaad,2a7qaad,True,8,7,0-9,0-9,3
لَغِّي,ghili,laghi,False,6,5,0-9,0-9,4
تْغَنَى,tghanna,tghanna,True,7,7,0-9,0-9,5
زَعِق,za33aqk,za33aqk,True,5,7,0-9,0-9,4
مَكْوِيج,mikwaji,mikwaji,True,8,7,0-9,0-9,3
بَالذمة,bizzimme,bizzimme,True,7,8,0-9,0-9,5
مْوَضْوِع,mawduu3,mawduu3,True,9,7,0-9,0-9,2
مْفَصَّل,mfallis,mfassil,False,8,7,0-9,0-9,4
عَضّ,3udd,3add,False,4,4,0-9,0-9,1
يتَمْوِج,yitmawwaj,yitmawwaj,True,8,9,0-9,0-9,4
سَرْسَبِة,sarsabe,sarsabe,True,9,7,0-9,0-9,1
شَنْطَة,shantiita,shanta,False,7,9,0-9,0-9,1
مَعْوَق,mu3awwaq,m3awwaq,False,7,8,0-9,0-9,2
اُنْطَاق,2intaaq,2intaaq,True,8,7,0-9,0-9,2
غَلِي قَلَبِي,ghili qalbi,ghali qalbi,False,13,11,10-19,10-19,3
قَايِض,qaayid,qaayad,False,6,6,0-9,0-9,1
مُصَارِي,masaari,masaari,True,8,7,0-9,0-9,4
شَرُوخ,sharuukh,shruukh,False,6,8,0-9,0-9,4
مِتْمَرْيَس,mitmaryis,mitmaryis,True,11,9,10-19,0-9,3
تَنَكُّر,tnakkur,tnakkar,False,8,7,0-9,0-9,2
اِتْعَشْمَق,2it3amshaq,2it3amshaq,True,11,10,10-19,10-19,3
اُنْوِش,2inwish,2inwish,True,7,7,0-9,0-9,3
غَلَق,ghallig,ghallag,False,5,7,0-9,0-9,4
شَحِّط,sha77it,sha77at,False,6,7,0-9,0-9,3
صَحَح,sa77i7,sa77a7,False,5,6,0-9,0-9,4
حُنِّيرَك ولَاجِة تنقُع,7unneerak wiljaaje tunqur 3eenak,7aniirak wiljaaje tunqu3at 2il3e,False,23,32,20-29,30-39,2
بَزْمِة,buzme,buzme,True,7,5,0-9,0-9,2
سُوق الجُمْعَة,sooq 2iljum3a,sooq 2iljum3a,True,14,13,10-19,10-19,1
بَدِر,baddir,baddir,True,5,6,0-9,0-9,5
اِنْشِفِط,2inshafat,2inshafat,True,9,9,0-9,0-9,3
مروه نَب,marhuun bi,muro hanab,False,8,10,0-9,10-19,5
عَيَّان,3ayyaan,3iyaan,False,7,7,0-9,0-9,1
جَرْجَر,jarjir,jarjar,False,7,6,0-9,0-9,1
اِسْتَرِقّ,2istiriq,2istaraqq,False,10,8,10-19,0-9,2
صَوَت,sawwit,sawwat,False,5,6,0-9,0-9,5
قَرَع,quru3,qarri3,False,5,5,0-9,0-9,1
جِرْجِق,djardjaqk,djardjik,False,7,9,0-9,0-9,4
عَرَقُه مرقه,3araqo maraqo,3araqo maraqo,True,12,13,10-19,10-19,2
سَلِم,sallim,sallam,False,5,6,0-9,0-9,5
دَرْدَبِة,dardabe,dardabe,True,9,7,0-9,0-9,1
مْحَصِّن,m7assin,m7assin,True,8,7,0-9,0-9,1
مَنْصِح,mnassi7,mnassi7,True,7,7,0-9,0-9,5
يٍتْطَمْطَم,yittamtam,yittamtam,True,11,9,10-19,0-9,5
مَلْفُوف,malfuuf,malfuuf,True,8,7,0-9,0-9,1
مْجَسَّم,mjassim,mjassim,True,8,7,0-9,0-9,2
أَخَذ وِجِهَا,2akhad wijihha,2akhad wijihha,True,13,14,10-19,10-19,2
نَطِف,nataf,nataf,True,5,5,0-9,0-9,4
يِلْزُق,yilzaq,ylazziq,False,7,6,0-9,0-9,5
خَاطْرَة,khaatira,khaatira,True,8,8,0-9,0-9,3
صُغُر,szaghghir,szaghghar,False,5,9,0-9,0-9,4
دَيَك,dayyik,dayyik,True,5,6,0-9,0-9,5
إِضَافة,2idaafa,2idaafa,True,7,7,0-9,0-9,5
يكُدّ,ykidd,ykidd,True,5,5,0-9,0-9,2
أَصْحَانِيب,2as7aabiin,2as7aaniib,False,11,10,10-19,10-19,4
رِهْيَنِة,rahiine,rahiine,True,9,7,0-9,0-9,5
اِقْشَع,2iqsha3,2iqsha3,True,7,7,0-9,0-9,2
أَوَائَل,2awaa2il,2awaa2il,True,8,8,0-9,0-9,4
مِدْلَبَح,mdalbi7,mdalbi7,True,9,7,0-9,0-9,5
يكَنْكِن,ykankin,ykankin,True,8,7,0-9,0-9,1
صَخْمُوم,makhsuum,sakhmuum,False,8,8,0-9,0-9,4
عَلْمَانِيِّة,3ilmaaniyye,3ilmaaniyye,True,13,11,10-19,10-19,4
اِنْعَطَف,2in3itif,2in3ataf,False,9,8,0-9,0-9,2
كَرِت,karat,karat,True,5,5,0-9,0-9,4
صِغِر مُخُّه,zaghghar mukhkho,zaghghar mukhkho,True,12,16,10-19,10-19,3
قَمَل,qamil,qammil,False,5,5,0-9,0-9,2
اِعْتَرِف,2i3tirif,2i3tirif,True,9,8,0-9,0-9,5
مْبَعِّش,mibsha33,mba33ish,False,8,8,0-9,0-9,4
تْجَيَّش,tajyiish,tajyiish,True,8,8,0-9,0-9,4
تْبَرْمَج,tbarmaj,tbarmaj,True,9,7,0-9,0-9,1
أُسْلُوب,2usluub,2usluub,True,8,7,0-9,0-9,2
مُخْلِع,mkhalla3,mkhalla3,True,7,8,0-9,0-9,5
مَقْحَق,mka7ki7,mka7ki7,True,7,7,0-9,0-9,5
قُطُب,qattib,qattab,False,5,6,0-9,0-9,4
ثَقَّل,taqqilta22ilthaggil,tiqil,False,6,19,0-9,10-19,4
تْحِرْمِن,t7arman,t7arman,True,9,7,0-9,0-9,5
حَجِل,7ajal,7ajjil,False,5,5,0-9,0-9,4
شِبْرَحَة,shabra7a,shabra7a,True,9,8,0-9,0-9,5
بَلَص,ballas,ballas,True,5,6,0-9,0-9,3
كِنْكِنِة,kankane,kankane,True,9,7,0-9,0-9,4
صَنْصَن,sansin,sansan,False,7,6,0-9,0-9,1
البوجة وَالعج,2ilbooja 2il3ooja,2ilbooja 2il3ooja,True,13,17,10-19,10-19,4
يهَوِّم,yuuhim,yhawwim,False,7,6,0-9,0-9,5
يطَشِّش,ytashshish,ytashshish,True,7,10,0-9,10-19,1
مَرِح,mara7,marra7,False,5,5,0-9,0-9,3
فَرْفُوش,farfuush,farfuush,True,8,8,0-9,0-9,1
تْيَتَّم,tyattam,tyattam,True,8,7,0-9,0-9,1
جْوَازِة,jwaaze,jawwaaze,False,8,6,0-9,0-9,2
تَشَقُّق,tashaqquq,tshaqqaq,False,8,9,0-9,0-9,4
بُقْجِة,buqkdje,buqkdje,True,7,7,0-9,0-9,1
أَنْجُل,2anjal,2anjal,True,7,6,0-9,0-9,5
مُبَيَّض,mubayyid,mubayyid,True,8,8,0-9,0-9,5
يمَقِّت,yimqut,yumqut,False,7,6,0-9,0-9,5
تَجَمْمِيل,tajmiil,tajmiil,True,10,7,10-19,0-9,2
مَخْرَوش,mkharwish,mkharwish,True,8,9,0-9,0-9,4
حْرُوق,7arwiq,7ruuq,False,6,6,0-9,0-9,1
يِلَمِّح,yilma7,yilma7,True,8,6,0-9,0-9,4
حُوص,7oos,7uus,False,4,4,0-9,0-9,2
يِتْشَايَط,yitshaatar,yitshaatar,True,10,10,10-19,10-19,5
قَحَّب,qga77ib,qga77ib,True,6,7,0-9,0-9,3
هَمَج,hammij,hammij,True,5,6,0-9,0-9,5
يخَرْبِش,ykharbish,ykharbish,True,8,9,0-9,0-9,1
صِمِغ,sammigh,sammagh,False,5,7,0-9,0-9,4
ذَكِّر,zakar,zakkir,False,6,5,0-9,0-9,2
سَكُّوكِة,sakwake,sakwake,True,9,7,0-9,0-9,5
مَاعنده ذِقِن ممشطَّة,maa3indo diqin 2immashshatta,maa 3indiqin 2immashshatta,False,21,28,20-29,20-29,2
يُقْلُط,yqallit,yuqlut,False,7,7,0-9,0-9,1
اُسْكُر,2iskar,2iskar,True,7,6,0-9,0-9,2
اِسْتَقِذِّر,2istaqzar,2istaqzir,False,12,9,10-19,0-9,4
تَجَنْزُر,tjanzar,tjanzar,True,9,7,0-9,0-9,4
مَنْفَس,manfas,mnaffis,False,7,6,0-9,0-9,5
جُدُوعِيِّة,djaduu3iyye,djaduu3iyye,True,11,11,10-19,10-19,1
يِتْبَعْزَق,yitba3zaq,yitba3zaq,True,11,9,10-19,0-9,1
يِبْكِش,ybakkish,ybakkish,True,7,8,0-9,0-9,4
رَاتِب,raatib,raatib,True,6,6,0-9,0-9,1
قِرِق,qarriq,qarriq,True,5,6,0-9,0-9,5
يفُرْوِل,yfarwil,yfarwil,True,8,7,0-9,0-9,3
مَخَاطِب,mukhaatab,makhaatib,False,8,9,0-9,0-9,2
سُنْفُر,sanfar,sanfar,True,7,6,0-9,0-9,5
عَضَة,3adda,3adda,True,5,5,0-9,0-9,3
ضَايَق,daayiq,daayaq,False,6,6,0-9,0-9,2
اِتْمَسْخَر,2itmaskhar,2itmaskhar,True,11,10,10-19,10-19,1
اِخْمُش,2ikhmish,2ikhmish,True,7,8,0-9,0-9,5
نُوفَاذ,nawaafiz,nuufaaz,False,7,8,0-9,0-9,5
حَنَّانِي,7anaayin,7anaayin,True,9,8,0-9,0-9,3
تْدَلْعَن,2iddal3an,2iddal3an,True,9,9,0-9,0-9,1
أَعِدّ,2a3add,2a3add,True,6,6,0-9,0-9,2
لُحْظَة شيطَان,la7zit shiitaan,la7zit shiitaan,True,14,15,10-19,10-19,3
يقَيِّم,yqayyim,yqiim,False,7,7,0-9,0-9,1
مْنَيَّكِة,manyake,manyake,True,10,7,10-19,0-9,3
يِنْرِفِز,ynarfiz,yinrifiz,False,9,7,0-9,0-9,1
اِنْفَهَم,2infihim,2infihim,True,9,8,0-9,0-9,3
حَوَار,7iwaar,7waar,False,6,6,0-9,0-9,3
اِتَطَعَّم,2itta33am,2itta33am,True,10,9,10-19,0-9,5
طَحَّش,ta7ash,ta77ash,False,6,6,0-9,0-9,2
اِتْفَخَخّخ,2itfakhkhakh,2itfakhkhakh,True,11,12,10-19,10-19,3
يِعَافِر,y3aafir,y3aafir,True,8,7,0-9,0-9,5
اِنْدَلَق,2indiliq,2indaliq,False,9,8,0-9,0-9,1
اُشْطُح,ishta7,2ishta7,False,7,6,0-9,0-9,3
مْصَالَحَة,musaal7a,musaal7a,True,10,8,10-19,0-9,4
خَلَّف,khallaf,khallif,False,6,7,0-9,0-9,3
طِهِق,tihi2,tahha2,False,5,5,0-9,0-9,5
زِقْزِق,zaqziq,zaqziq,True,7,6,0-9,0-9,5
اِنِرْكِن,2inrakan,2inrakan,True,9,8,0-9,0-9,5
دَرْبَاس,dirbaas,dirbaas,True,8,7,0-9,0-9,2
يلوِّم,yluum,yluum,True,6,5,0-9,0-9,4
خَيَّس,khayyas,khayyas,True,6,7,0-9,0-9,3
يِضْيَف,ydayyif,ydayyif,True,7,7,0-9,0-9,4
بَصَم,basim,bassim,False,5,5,0-9,0-9,2
تْلَامَس,tlaamas,tlaamas,True,8,7,0-9,0-9,2
حَرَّب,7urub,7arrib,False,6,5,0-9,0-9,1
اِسْتَظِرّ,2istazraf,2istazraf,True,10,9,10-19,0-9,5
تْسَرْمَج,tsarmadj,tsarmadj,True,9,8,0-9,0-9,2
صَمَغ,sammagh,sammagh,True,5,7,0-9,0-9,1
أُمُوَّات,2amwaat,2amwaat,True,9,7,0-9,0-9,2
اِتْنَقَّل,2itnaqqal,2itnaqqal,True,10,9,10-19,0-9,1
حَجَاج,7ujjaaj,7jaaj,False,6,7,0-9,0-9,4
مُعْلِم,m3allim,m3allim,True,7,7,0-9,0-9,3
مَدَالِيك,madaaliik,madaaliik,True,9,9,0-9,0-9,1
أُنْشُف,2anshaf,2anshaf,True,7,7,0-9,0-9,5
طُبَالِيج,tabaaliij,tabaaliij,True,9,9,0-9,0-9,2
اِتَدَرُّس,2iddarras,2iddarras,True,10,9,10-19,0-9,5
شِرِّيك,shariik,shariik,True,7,7,0-9,0-9,5
مُعَاقَب,mu3aaqab,mu3aaqab,True,8,8,0-9,0-9,4
مَطْمِط,matmat,matmat,True,7,6,0-9,0-9,2
وِنْجِق,wanjiq,wanjaq,False,7,6,0-9,0-9,5
اِحْتِشِم,2i7tasham,2i7tasham,True,9,9,0-9,0-9,4
زْغَالِة,ghazaale,ghazaale,True,8,8,0-9,0-9,3
يِتقَطَّف,yitqattaf,yitqattaf,True,9,9,0-9,0-9,3
صَخْرَة,sakhra,sakhra,True,7,6,0-9,0-9,2
قَوَمِي,qawmi,quumi,False,7,5,0-9,0-9,5
اِثْنِي,taani,2itni,False,7,5,0-9,0-9,2
يْحَمِّش,yi7mish,yi7mish,True,8,7,0-9,0-9,5
عَذِّب,3azzib,3azzib,True,6,6,0-9,0-9,3
مُبْعَل,mba3bal,mba3bal,True,7,7,0-9,0-9,4
نِبْعَة,nab3a,nab3a,True,7,5,0-9,0-9,5
تَمَرُّد,tamarrud,tmarrad,False,8,8,0-9,0-9,3
مَطْبُوق,matbuuq,matbuuq,True,8,7,0-9,0-9,1
اِخْدَع,2ikhda3,2ikhda3,True,7,7,0-9,0-9,1
حَرَث علي,7arath 3alay,7arath 3alay,True,9,12,0-9,10-19,1
تْعَايَط,ta3aati,ta3aayut,False,8,7,0-9,0-9,5
غِيّ,ghayy,ghayy,True,4,5,0-9,0-9,3
وَاكَب,waakib,waakib,True,6,6,0-9,0-9,4
قَدَّاح بَلَابِل,qaddaa7 balaabil,qaddaa7 balaabil,True,16,16,10-19,10-19,1
يفَوِّر,yfawwir,yfuur,False,7,7,0-9,0-9,1
أَرْق,2araq,2arriq,False,5,5,0-9,0-9,5
نَكِّه,nakkih,nakkah,False,6,6,0-9,0-9,2
تُلْقُط,tlaqqat,tlaqqat,True,7,7,0-9,0-9,3
يِنْخَوِت,yinkhiwit,yinkhiwit,True,9,9,0-9,0-9,4
يِغْمَض,yghammid,yghammid,True,7,8,0-9,0-9,1
يْفَلِّخ,yfallikh,yiflakh,False,8,8,0-9,0-9,5
يسْتَعْمِل,yista3mil,yista3mil,True,10,9,10-19,0-9,5
فَشِّر,fashshar,fashshir,False,6,8,0-9,0-9,3
اِسْتِشْرَاق,2istishraaq,2istishraaq,True,12,11,10-19,10-19,1
اِنْكِرِب,2inkirib,2inkarab,False,9,8,0-9,0-9,3
عَمِّر,3ammir,3ammir,True,6,6,0-9,0-9,3
تِقْدِم,tqaddam,tqaddam,True,7,7,0-9,0-9,5
آخِر الدِّنْيَا,2aakhir 2iddinya,2aakhir 2iddinya,True,15,16,10-19,10-19,4
الدِّفْتِرَام القَدِيِّة,2iddafaatir 2ilqadiime,2iddaffaatir 2ilmayye daqa,False,24,22,20-29,20-29,5
خَرْفَنِة,kharfane,kharfane,True,9,8,0-9,0-9,2
اِنْبَسَط,2inbisit,2inbasat,False,9,8,0-9,0-9,4
اِنْلَغَد,2inladagh,2inlaghad,False,9,9,0-9,0-9,5
اِنْطِعِش,2inti3ish,2inta3ash,False,9,9,0-9,0-9,3
كُحْرُوت,ka7ruut,ka7ruut,True,8,7,0-9,0-9,2
بَصَارَة,bassaara,busaara,False,8,8,0-9,0-9,4
أَبُو هَالُوك,2abu haaluuk,2abu haaluuk,True,13,12,10-19,10-19,1
جَغَم,jagham,jughum,False,5,6,0-9,0-9,2
دَغْدِغ,daghdagh,daghdigh,False,7,8,0-9,0-9,2
زِيم,yzimm,ziim,False,4,5,0-9,0-9,5
صَمَغ,samigh,sammagh,False,5,6,0-9,0-9,1
يِفْتِش,yfattish,yfattish,True,7,8,0-9,0-9,4
سَفَر,sufar,saffir,False,5,5,0-9,0-9,3
أُرْحَام,2ar7aam,2ar7aam,True,8,7,0-9,0-9,2
ولَا ذَرِّة أخلَاق,wala zarrit 2akhlaaq,wala zarrit 2akhlaaq,True,18,20,10-19,20-29,1
اِتْعَوَّج,2itwajja3,2itwajja3,True,10,9,10-19,0-9,4
اِحْمُر,2i7marr,2i7marr,True,7,7,0-9,0-9,5
زُوجَا,zawaaj,zawaaj,True,6,6,0-9,0-9,5
طَفَّح الكيل,tafa7 2ilkeel,tafa7 2ilkeel,True,12,13,10-19,10-19,2
دِرَّة,durra,durra,True,6,5,0-9,0-9,3
تُزَّاوُر,tzaawar,tzaawar,True,9,7,0-9,0-9,4
حَقِّر,7aqqar,7aqqir,False,6,6,0-9,0-9,2
فَاسِي,faasi,faasi,True,6,5,0-9,0-9,1
طَنْزَع,tanza3,tanzi3,False,7,6,0-9,0-9,1
رُمْرُم,ramrim,ramrim,True,7,6,0-9,0-9,3
يِتَشَرْنَق,yitsharnaq,yitsharnaq,True,11,10,10-19,10-19,5
طَحَش,ta77ash,ta77ash,True,5,7,0-9,0-9,1
مَدْخِن,mudakhkhin,mudakhkhin,True,7,10,0-9,10-19,5
مِنْخَرَا,minkhaar,munkhaar,False,9,8,0-9,0-9,4
يْتَلِّف,yitlaf,yitlaf,True,8,6,0-9,0-9,3
سَوَح,suu7,sawwi7,False,5,4,0-9,0-9,5
يِبْلَش,yiblash,yiblash,True,7,7,0-9,0-9,3
كُل,kul,kull,False,3,3,0-9,0-9,4
اُزْقُح,2izqka7,2izqka7,True,7,7,0-9,0-9,2
يِرْقُط,yra22it,yra22it,True,7,7,0-9,0-9,2
لُتْغَة,latgha,latgha,True,7,6,0-9,0-9,3
مِتّ,mutt,matt,False,4,4,0-9,0-9,4
اِعْمِل,2i3mal,2i3mal,True,7,6,0-9,0-9,1
نْجَارَة,njaara,najjaara,False,8,6,0-9,0-9,1
يِعْبَس,yi3bis,y3abbis,False,7,6,0-9,0-9,4
تَطْوِير,tatwiir,tatwiir,True,8,7,0-9,0-9,1
كَاعَى,2ik3a,kaa3a,False,6,5,0-9,0-9,3
سَبَايِك,sbaayki,sbaayki,True,8,7,0-9,0-9,5
اِنْجَرِح,2injiri7,2injara7,False,9,8,0-9,0-9,5
تَمْجِير,tamarji,tamjiir,False,8,7,0-9,0-9,3
يِتْحَشّشَم,yit7ashsham,yit7ashsham,True,11,11,10-19,10-19,5
تْفَرْفَك,tfarfak,tfarfak,True,9,7,0-9,0-9,1
اِخْتَلَس,2ikhtalas,2ikhtalis,False,9,9,0-9,0-9,3
أَعْطَاه بند,2a3taa badan,2a3taa badan,True,12,12,10-19,10-19,2
شَعِّيرَة,sh3iire,sh3iire,True,9,7,0-9,0-9,5
يجَنْقِل,yinjiliqk,yinjiliqk,True,8,9,0-9,0-9,5
مُتَزَاوِل,mitzaawil,mitzaawil,True,10,9,10-19,0-9,2
يِنْقَرّ,yunqur,ynaqqir,False,8,6,0-9,0-9,4
يِشْبَع,yshabbi3,yshabbi3,True,7,8,0-9,0-9,3
جَعَّم,dja3am,dja3am,True,6,6,0-9,0-9,2
قَزْقِز,qazqaz,qazqaz,True,7,6,0-9,0-9,1
حُثَالِة القهوة,7uthaalit 2ilqahwe,7uthaalit 2ilqahwe,True,15,18,10-19,10-19,4
أَنْشُودِة,2unshuude,2unshuude,True,10,9,10-19,0-9,2
لَاشّ,laash,laash,True,5,5,0-9,0-9,2
لَغْمِط,laghmat,laghmit,False,7,7,0-9,0-9,4
تَشَلِّع,tshalla3,tshalla3,True,8,8,0-9,0-9,4
مْعَنْكَش,m3ankish,m3ankish,True,9,8,0-9,0-9,4
بَحْبَش,ba7bash,ba7bish,False,7,7,0-9,0-9,2
مْقَلِّم,mqallam,muqlim,False,8,7,0-9,0-9,1
ضُبَّاع,dbaa3,dbaa3,True,7,5,0-9,0-9,2
اِمْتِهِنَا,2imtihaan,2imtihaan,True,11,9,10-19,0-9,4
تْشَوَّيش,tashwiish,tashwiish,True,9,9,0-9,0-9,3
أَسْنَف,2asfan,2asfan,True,7,6,0-9,0-9,5
يِنْبَع,yinbu3,yinbu3,True,7,6,0-9,0-9,1
سِلِي,salli,salli,True,5,5,0-9,0-9,2
اِنْحَسَم,2in7isim,2in7asam,False,9,8,0-9,0-9,2
يُشْتُرِي,yishtiri,yishtiri,True,9,8,0-9,0-9,4
صِحِح,sa77i7,sa77a7,False,5,6,0-9,0-9,3
يِحْرُث,yu7ruth,yu7ruth,True,7,7,0-9,0-9,3
لَادِد,laadid,laadid,True,6,6,0-9,0-9,1
جُدُد,jaddad,jaddid,False,5,6,0-9,0-9,4
يِتْخَلََّى,yitkhalla,yitkhalla,True,11,9,10-19,0-9,5
يقُول,yqawwil,yquul,False,5,7,0-9,0-9,1
قَرْيَار,qureera,qaryaar,False,8,7,0-9,0-9,5
مْقَرِّف,mqarfis,mqarrif,False,8,7,0-9,0-9,5
دَبَّب,dabbib,dabbib,True,6,6,0-9,0-9,2
اِتْوَصَّل,2itwalla,2itwassal,False,10,8,10-19,0-9,2
مُلْفُق,mlaffaq,mlaffaq,True,7,7,0-9,0-9,3
آسِّف,2aasif,2aasif,True,5,6,0-9,0-9,5
رَوَس,ruus,rawwis,False,5,4,0-9,0-9,5
حَمَاصَة,7ammaasa,7ammaasa,True,8,8,0-9,0-9,2
تْلَأْمَن,tla2man,tla2man,True,9,7,0-9,0-9,1
كُيل,kiil,kayyil,False,4,4,0-9,0-9,5
مُحْكَمِة,ma7kame,ma7kame,True,9,7,0-9,0-9,5
شَوِّف,shuuf,shawwaf,False,6,5,0-9,0-9,3
اِتْمَعَّن,2itmanna3,2itma33an,False,10,9,10-19,0-9,5
أَدْنَا,2adaan,2adaan,True,7,6,0-9,0-9,3
مَشْكَلِة,mushkile,mashkale,False,9,8,0-9,0-9,1
رَاضِع حَلَيب سْبَاع,raadi3 7aliib sbaa3,raadi3 7aliib sbaa3,True,20,19,20-29,10-19,4
مَوَاقِف,mawaaqif,mawaaqif,True,8,8,0-9,0-9,1
من ببرَامهَا بحَالهَا,min baabha lami7raabha,min baabha lami7raabha 2illa,False,21,22,20-29,20-29,2
اِتْزَرْكَش,2itzarkash,2itzarkash,True,11,10,10-19,10-19,1
اِنْصَرّ,2unsur,2unsur,True,8,6,0-9,0-9,3
طُزّ,tazz,tazz,True,4,4,0-9,0-9,3
اِنِقْوِس,naaquus,2inqawas,False,9,7,0-9,0-9,5
يُكْبُس,yikbis,ykabbis,False,7,6,0-9,0-9,4
مُزْمَار,mizmaar,mizmaar,True,8,7,0-9,0-9,3
مَرْجَلِة,marjale,marjale,True,9,7,0-9,0-9,1
خَيَات,khayta,khiyaat,False,6,6,0-9,0-9,5
عَين ومَا صَلَّبِي,3een wumaa sallat 3annabi,3een wumaa sali,False,18,25,10-19,20-29,4
يِشْبُص,yshabbis,yshabbis,True,7,8,0-9,0-9,3
بَنَادْوِل,bnaadool,banaadool,False,10,8,10-19,0-9,4
يُحْجُج,y7ajjij,y7ajjij,True,7,7,0-9,0-9,3
تَسَامُر,tsaamar,tsaamar,True,8,7,0-9,0-9,3
ينَحْنِي,yin7ani,yin7ini,False,8,7,0-9,0-9,3
مُجَقِّم,mjaqqam,mjaqqam,True,8,7,0-9,0-9,4
عِضُو,3udu,3udu,True,5,4,0-9,0-9,4
هَنْدِي,hindi,hindi,True,7,5,0-9,0-9,2
يِتْلَوَّى,yitlawwa,yitlawwa,True,10,8,10-19,0-9,1
هَدِم,hadim,haddim,False,5,5,0-9,0-9,4
فَيِّع,fayyi3,fii3,False,6,6,0-9,0-9,2
مِتْرَوجِح,mitrooji7,mitrooji7,True,10,9,10-19,0-9,1
جَبِّن,jabbin,jabbin,True,6,6,0-9,0-9,1
قَمِر,qammar,qammir,False,5,6,0-9,0-9,4
يْفَهْلِق,yfahliq,yfahliq,True,9,7,0-9,0-9,2
يِتْعَذَّر,yit3azzar,yit3azzar,True,10,9,10-19,0-9,1
يُطْحُن,yit7an,yta77in,False,7,6,0-9,0-9,5
يِفْوَح,yfawwi7,yfuu7,False,7,7,0-9,0-9,3
خُوَّاث,khoota,khoota,True,7,6,0-9,0-9,5
يْكَلْهِس,ykalhis,ykalhis,True,9,7,0-9,0-9,3
يجَهْنِم,ydjahnim,ydjahnim,True,8,8,0-9,0-9,1
يذُوب,ydawwib,ydawwib,True,5,7,0-9,0-9,2
مَرْنُوح,mroo7in,marnuu7,False,8,7,0-9,0-9,2
اِسْتَصْعِي,2ista3si,2ista3si,True,11,8,10-19,0-9,2
زَاقِّي,zaak2i,zaak2i,True,7,6,0-9,0-9,5
جِفِن,jifin,jafan,False,5,5,0-9,0-9,3
يحَورَب,y7oorib,y7oorib,True,7,7,0-9,0-9,5
مَعْسَق,m3asqkid,m3assiq,False,7,8,0-9,0-9,5
يْزَحْزِح,yza7zi7,yza7zi7,True,9,7,0-9,0-9,3
نَافِذ,naafidh,naafiz,False,6,7,0-9,0-9,1
مَجَارِي,mjaari,majaari,False,8,6,0-9,0-9,1
يَحْفِي,yi7affi,yi7affi,True,7,7,0-9,0-9,5
اِمِن,maan,2imin,False,5,4,0-9,0-9,4
يَرَاجِع,yraaji3,yraaji3,True,8,7,0-9,0-9,5
اِسْتَغْرَق,2istaghriq,2istaghraq,False,11,10,10-19,10-19,2
خْيَرِي,kheeri,kheeri,True,7,6,0-9,0-9,4
اِنْحَلِب,2in7alab,2in7alab,True,9,8,0-9,0-9,5
تَجَمُّق,tmadjdjaq,tjammaq,False,8,9,0-9,0-9,5
شَالِع,shaali3,shaali3,True,6,7,0-9,0-9,1
تَدَرُّج,2iddarraj,2iddarraj,True,8,9,0-9,0-9,2
مْفَلْسِع,mfalsi3,mfalsi3,True,9,7,0-9,0-9,2
مْسَال خَير,masa 2ilkheer,masa 2ilkheer,True,11,13,10-19,10-19,4
سَقِّي,saqi,siqi,False,6,4,0-9,0-9,3
اِتوَافَد,2itwaafad,2itwaafad,True,9,9,0-9,0-9,2
مِتْسَدَّح,mitsaddi7,mitsaddi7,True,10,9,10-19,0-9,4
أُزْرَار,2azraar,2azraar,True,8,7,0-9,0-9,2
صَوَن,suun,sawwan,False,5,4,0-9,0-9,5
شَلْبِي,shalabi,shalabi,True,7,7,0-9,0-9,3
تَنَغُّز,tnaghghaz,tnaghghaz,True,8,9,0-9,0-9,2
صَمْصُوم,samsuum,mamsuus,False,8,7,0-9,0-9,1
قْلُوز,2alwiz,2alwaz,False,6,6,0-9,0-9,3
مْنَفِّى,manfa,manfa,True,8,5,0-9,0-9,4
شَطِّل,shatal,shatal,True,6,6,0-9,0-9,3
مْسَوَّد,miswadd,miswadd,True,8,7,0-9,0-9,4
مَرَاهِم,maraahim,maraahim,True,8,8,0-9,0-9,1
اِنْقِرِف,2inqaraf,2inqaraf,True,9,8,0-9,0-9,2
خُطُوبِة,khutuube,khutuube,True,8,8,0-9,0-9,3
يِبْوِس,ybawwis,ybawwis,True,7,7,0-9,0-9,3
مْجَاوِر,mujaawir,mjaawir,False,8,8,0-9,0-9,2
وُحُوح,wa7wa7,wa7wi7,False,6,6,0-9,0-9,3
مُكَنَّع,mtshanna3,mtshanni3,False,8,9,0-9,0-9,5
مَنَاشِر,manaashir,manaashir,True,8,9,0-9,0-9,2
اِسْتَبِحّ,2istabaa7,2istaba7,False,10,9,10-19,0-9,5
زِار,zaar,zaar,True,4,4,0-9,0-9,3
اُقْحُش,2ik7ash,2iq7ash,False,7,7,0-9,0-9,3
نَهْنِهَة,nahnaha,nahnaha,True,9,7,0-9,0-9,3
لَسُّوع,laswi3,laswi3,True,7,6,0-9,0-9,5
اِمْضِي,maadi,2imdi,False,7,5,0-9,0-9,3
زَرَّب,zarab,zarrab,False,6,5,0-9,0-9,2
يِنْوِل,ynawwil,ynawwil,True,7,7,0-9,0-9,3
يْصَرِّح,ysarri7,ysarri7,True,8,7,0-9,0-9,5
لَحْلَحِة,la7la7e,la7la7e,True,9,7,0-9,0-9,1
طَمَل,tammal,tammil,False,5,6,0-9,0-9,3
توَاقِيع,tawaaqii3,tawaaqii3,True,8,9,0-9,0-9,2
هُجُومِي,hujuumi,hujuumi,True,8,7,0-9,0-9,1
سَتِّف,sattaf,sattif,False,6,6,0-9,0-9,1
عَنْطَزِة,3antaza,3antaza,True,9,7,0-9,0-9,1
أَعْوِر,2a3war,2a3war,True,7,6,0-9,0-9,3
وُعُود,wu3uud,wu3uud,True,6,6,0-9,0-9,1
تْشَيَّخ,tshayyakh,tshayyakh,True,8,9,0-9,0-9,1
نُجَّار,najjaar,njaar,False,7,7,0-9,0-9,4
خَرَايِف,kharariif,kharaayif,False,8,9,0-9,0-9,3
قَوَارَب,qawaarib,qawaarib,True,8,8,0-9,0-9,5
حَلَش,7alash,7alash,True,5,6,0-9,0-9,1
حَومِة,7oome,7oome,True,6,5,0-9,0-9,1
الإِبْرِة غلبت الحَايِك,2il2ibre ghalbat 2il7aayik,2il2ibre ghalbat 2il7aayik,True,23,26,20-29,20-29,1
تْزَهَّر,tzahhir,tzahhar,False,8,7,0-9,0-9,3
اِنِزْنِق,2inziniq,2inzaniq,False,9,8,0-9,0-9,5
اِجْوِل,jaawil,jaawal,False,7,6,0-9,0-9,5
يِعْصِي,y3assi,y3assi,True,7,6,0-9,0-9,4
مُؤلِّف,m2allif,m2allif,True,7,7,0-9,0-9,1
أَبْطَا,2abaat,2abta,False,7,6,0-9,0-9,3
مُتَوَرَّم,mitwarrim,mitwarrim,True,10,9,10-19,0-9,5
أَبُو هِذْلَان,2abu hadlaan,2abu hadlaan,True,14,12,10-19,10-19,3
قَتِل,qatal,qattal,False,5,5,0-9,0-9,4
تَقْصُوع,tqaswa3,tqiswi3,False,8,7,0-9,0-9,3
مِتْهَنْدِز,mithandiz,mithandiz,True,11,9,10-19,0-9,2
مْدَارَاة,mdaaraa,mdaaraa,True,9,7,0-9,0-9,1
يطول ظُفُرْهَا,ytuul dufurha,ytuul dufurha,True,14,13,10-19,10-19,1
يحَبِّب,y7abbib,y7abbib,True,7,7,0-9,0-9,1
وْقَايِة,wiqaaya,wiqaaya,True,8,7,0-9,0-9,4
اِنْحِنِى,2in7ana,2in7ana,True,9,7,0-9,0-9,4
يلَاحِظ,ylaa7iz,ylaa7iz,True,7,7,0-9,0-9,1
مستشفى المصدَاق,mustashfa 2ilmaqaasid,mustashfa 2ilmaqaasid,True,15,21,10-19,20-29,3
بُحْرِي,ba7ri,ba7ri,True,7,5,0-9,0-9,5
تَسَرُّع,tsarra3,tsarra3,True,8,7,0-9,0-9,3
فَوَر لِي دَمِّي,fawwar li dammi,fawwarli dammi,False,16,15,10-19,10-19,5
صحَّة وهَونَا,sa77a wuhana,sa77a wuhana,True,13,12,10-19,10-19,5
أُبْطَال,2abtaal,2abtaal,True,8,7,0-9,0-9,3
رَيعَة,2irii3a,rii3a,False,6,7,0-9,0-9,2
اِلْدَع,2ilda3,2ilda3,True,7,6,0-9,0-9,1
عَظْرَت,3adhrit,3adhrit,True,7,7,0-9,0-9,3
مَحْصَل,m7assil,m7assil,True,7,7,0-9,0-9,3
عَيل,3ayyil,3ayyil,True,4,6,0-9,0-9,3
بُدُودِة,badduude,badduude,True,8,8,0-9,0-9,3
يضوِّي,yidwi,ydawwi,False,6,5,0-9,0-9,5
يِتْبَبْحَح,yitba7ba7,yitba7ba7,True,11,9,10-19,0-9,5
يصَمِّع,yimsa3,yimsa3,True,7,6,0-9,0-9,3
اِرْهُن,2irhin,2irhin,True,7,6,0-9,0-9,4
مُتَعَتِّس,mta3tis,mta3tis,True,10,7,10-19,0-9,5
اِسْتَهِين,2istahiin,2istahiin,True,10,9,10-19,0-9,1
مُكْلَبِة,maklabe,maklabe,True,9,7,0-9,0-9,5
اِشتغل مية شغلة مثل حلَاقة القُرْعَان,2ishtaghal miit shaghle mitil 7laaqit 2ilqur3aan,2ishtaghal miit shaghle 7aa 3alaqit 2illla min 2ilqura,False,37,48,30-39,40-49,1
يِرَحَل,yra77il,yir7al,False,7,7,0-9,0-9,3
يِنْبِت,ynabbit,yinbut,False,7,7,0-9,0-9,5
كْيَاس,kyaas,kyaas,True,6,5,0-9,0-9,1
مُش سَائِل,mush saa2il,mush saa2il,True,10,11,10-19,10-19,1
يِتْجَرْعَم,yitdjarma3,yitdjarma3,True,11,10,10-19,10-19,4
بِسْبِس,basbas,basbas,True,7,6,0-9,0-9,5
سَنِة سَدِيد سي,sanit siid siidi,sane sadiid siidi,False,15,16,10-19,10-19,5
يتَكَوُّر,yitkawwar,yitkawwar,True,9,9,0-9,0-9,3
قَلَّط,qalat,qallit,False,6,5,0-9,0-9,2
قَمْقَش,qkamqkish,qkamqkash,False,7,9,0-9,0-9,1
سُقْسُق,sa2sa2,sa2si2,False,7,6,0-9,0-9,4
عَوَيل,3awiil,3weel,False,6,6,0-9,0-9,4
نِبَاهَة,nabaaha,nabaaha,True,8,7,0-9,0-9,3
أَجَل,2ajjil,2ajjill,False,5,6,0-9,0-9,3
اِتْوَارَه,2itwaahar,2itwaahar,True,10,9,10-19,0-9,5
سقطت ورقته,saqtat waraqto,saqtat waraqto,True,10,14,10-19,10-19,1
حُوبَشِة,7oobashe,7oobashe,True,8,8,0-9,0-9,3
يِتْفَشَّش,yitfashshash,yitfashshash,True,10,12,10-19,10-19,1
أَجْنَاس,2ajnaas,2ajnaas,True,8,7,0-9,0-9,1
جَدِيِّة,jiddiye,jiddiye,True,8,7,0-9,0-9,1
اِسْتَفْحِل,2istaf7al,2istaf7il,False,11,9,10-19,0-9,3
مْقَرْقِش,mqarqish,mqarqish,True,9,8,0-9,0-9,1
اُفْقُم,2ifqam,2ifqam,True,7,6,0-9,0-9,2
يرَبِّى,yirba,yirba,True,7,5,0-9,0-9,2
فَخُّوخ,fkhuukh,fkhuukh,True,7,7,0-9,0-9,4
قُبَاقِيب,qabaaqiib2abaa2iib,qabaaqiib2abaa2iib,True,9,18,0-9,10-19,2
فَرْفَرَة,farfara,farfara,True,9,7,0-9,0-9,1
اِفْزُر,2ufzur,2ifzur,False,7,6,0-9,0-9,4
تَلَقُّن,tlaqqan,tlaqqan,True,8,7,0-9,0-9,2
اِنْكِسِر,2inkasar,2inkasar,True,9,8,0-9,0-9,1
مَتْلِم,mtallam,mtallim,False,7,7,0-9,0-9,5
لُوق,luuq,lawwaq,False,4,4,0-9,0-9,1
طَجّ,tajj,tajj,True,4,4,0-9,0-9,1
تَرَازِيت,traanziit,taraaziit,False,9,9,0-9,0-9,4
هْوَاجِس,hawaajis,hawaajis,True,8,8,0-9,0-9,5
قَرْدَن,qardin,qardan,False,7,6,0-9,0-9,1
خَافّ,khaaf,khaaf,True,5,5,0-9,0-9,2
بَطِينِي,2ibteeni,bateeni,False,8,8,0-9,0-9,1
خَوَّيتَمِة الحْيَايَا,khweetmit 2il7ayaaya,khweetmit 2il7ayaayaya,False,22,20,20-29,20-29,5
عْشُوِّة,3ashwe,3ashwe,True,8,6,0-9,0-9,4
عَالحَدِيدة,3al7adiide,3al7adiide,True,11,10,10-19,10-19,5
اِنْكَفي,2inkifi,2inkifi,True,8,7,0-9,0-9,5
كُمْكَرَة,tshamtshara,tshamtshara,True,9,11,0-9,10-19,4
مِطْرَحَك يَا بَايت,matra7ak yaa baayit,matra7ak yaa baayit,True,19,19,10-19,10-19,5
مَطَر,matar,mattar,False,5,5,0-9,0-9,2
يتْمَدَّن,yitmaddan,yitmaddan,True,9,9,0-9,0-9,3
اِقْتَنِص,2iqtinis,2iqtinis,True,9,8,0-9,0-9,3
يضُمّ,ydumm,ydumm,True,5,5,0-9,0-9,1
طَحَان,ta77aan,ta77aan,True,6,7,0-9,0-9,3
يِفْصَال,yfaasil,yfaasil,True,8,7,0-9,0-9,4
يِتْخَصَّب,yitkhabbas,yitkhabbas,True,10,10,10-19,10-19,2
شَرِّخ,sharakh,sharkh,False,6,7,0-9,0-9,3
يِخْتَلِس,yikhtilis,yikhtilis,True,9,9,0-9,0-9,2
يُنْفُق,yunfuq,yinfiq,False,7,6,0-9,0-9,2
يصَبِّر,ysabbir,yusbur,False,7,7,0-9,0-9,1
مْجَلْتِن,mjaltin,mjaltin,True,9,7,0-9,0-9,1
سَلِّع,salla3,salli3,False,6,6,0-9,0-9,3
وُصَايَا,wasaaya,wasaaya,True,8,7,0-9,0-9,5
مِهَان,muhaan,mahaan,False,6,6,0-9,0-9,2
اِنْقَرَص,2inqiris,2inqaras,False,9,8,0-9,0-9,1
يتَنْوِر,yitnawwar,yitnawwar,True,8,9,0-9,0-9,2
بَنْبَط,bunbut,bunbut,True,7,6,0-9,0-9,1
خَرْبَط,kharbit,kharbit,True,7,7,0-9,0-9,1
خَرْبِش,kharbash,kharbish,False,7,8,0-9,0-9,3
يعِبِّي,y3abbi,y3abbi,True,7,6,0-9,0-9,5
اِنْدَمِج,2indamaj,2indamaj,True,9,8,0-9,0-9,5
مْصَاب,musaab,massaab,False,6,6,0-9,0-9,2
مَمْصُوع,mamsuu3,mamsuu3,True,8,7,0-9,0-9,2
فَلِّك,fallak,fallik,False,6,6,0-9,0-9,2
اِنْطِلَاق,2intilaaq,2intilaaq,True,10,9,10-19,0-9,2
بَلْبِح,balba7,balba7,True,7,6,0-9,0-9,4
يِنِفْجِع,yinifji3,yinifji3,True,9,8,0-9,0-9,4
غَلْبِة,ghalabe,ghalabe,True,7,7,0-9,0-9,2
يَتْنَاسَى,yitnaasa,yitnaasa,True,10,8,10-19,0-9,3
أَقْمَا,2aqaam,2aqma,False,7,6,0-9,0-9,4
سَيَّب,siyab,siib,False,6,5,0-9,0-9,2
يُضْبُط,yizbat,yidbut,False,7,6,0-9,0-9,5
يعَدِّل,y3addil,yi3dil,False,7,7,0-9,0-9,2
يِحْلَج,yi7lij,yi7lij,True,7,6,0-9,0-9,5
دَمّ,madd,damm,False,4,4,0-9,0-9,4
مْخَوِّل,makhwil,mikhwil,False,8,7,0-9,0-9,1
يصَحِّى,yis7a,yis7a,True,7,5,0-9,0-9,4
اِتْوَاقَف,2itwaafaq,2itwaafaq,True,10,9,10-19,0-9,3
يِضْبَع,ydabbi3,ydabbi3,True,7,7,0-9,0-9,2
سُلْطُن,saltan,saltin,False,7,6,0-9,0-9,3
يْكَبِّس,yikbis,ykabbis,False,8,6,0-9,0-9,5
يِنْخِلِط,yinkhilit,yinkhilit,True,9,9,0-9,0-9,2
اِتْقَصَد,2itqassad,2itqassad,True,9,9,0-9,0-9,2
يِتفَرْفَد,yitfarfad,yitfarfad,True,10,9,10-19,0-9,5
طَقَّاعَة,taqaa3a,taqaa3a,True,9,7,0-9,0-9,1
جَعِّع,ja3ja3,ja3ja3,True,6,6,0-9,0-9,5
لُعَى,la33a,la33a,True,5,5,0-9,0-9,4
شُخَب,shakhab,shakhkhib,False,5,7,0-9,0-9,4
شِيد,shiid,shayyad,False,4,5,0-9,0-9,1
فَنْجَال,finjaal,finjaal,True,8,7,0-9,0-9,2
هُرْهُر,harhar,harhir,False,7,6,0-9,0-9,3
طَور,toor,tawwir,False,4,4,0-9,0-9,4
عَوَاطْلِي,3awaatli,3awaatli,True,10,8,10-19,0-9,2
يُسْتَحْسِن إِنُّه,yusta7san 2inno,yusta7san 2inno,True,18,15,10-19,10-19,3
اِنْعِزِل,2in3azal,2in3izil,False,9,8,0-9,0-9,2
كَامِيرا,kamira,2ikmiraar,False,8,6,0-9,0-9,2
يِتْنَاوَل,yitnaawal,yitnaawal,True,10,9,10-19,0-9,1
اِتْقَاعَد,2itqaa3ad,2itqaa3ad,True,10,9,10-19,0-9,1
يتْحَرَّك,yit7arrak,yit7arrak,True,9,9,0-9,0-9,3
يَسِّر,yassir,ysirr,False,6,6,0-9,0-9,4
يدَوزَن,ydoozin,ydoozin,True,7,7,0-9,0-9,2
سَلَّع,salla3,salli3,False,6,6,0-9,0-9,2
بْتَفْلَج,btiflij,btiflij,True,9,7,0-9,0-9,3
حَّاحَا,7aa7a,7aa7a,True,7,5,0-9,0-9,4
اِنْصِهِر,2insahar,2insahar,True,9,8,0-9,0-9,1
اِنْخَنِق,2inkhanaq,2inkhanaq,True,9,9,0-9,0-9,5
حْوَرَب,7oorab,7oorab,True,7,6,0-9,0-9,5
بَرْقِع,burqu3,burgu3,False,7,6,0-9,0-9,1
حْلُوس,7alwis,7luus,False,6,6,0-9,0-9,1
غَلَط,ghallit,ghallat,False,5,7,0-9,0-9,1
يحَوِّش,y7awwish,y7awwish,True,7,8,0-9,0-9,1
خُزَّين,khaziin,khaziin,True,7,7,0-9,0-9,3
اِنْطَج,2intajj,2intajj,True,7,7,0-9,0-9,4
مْحَادَثِة,mu7aadase,mu7aadase,True,10,9,10-19,0-9,3
يتَكَنُّع,yitshanna3,yitshanna3,True,9,10,0-9,10-19,5
صَيِّغَة,siigha,siigha,True,8,6,0-9,0-9,5
فُوَالِة,fawaale,fawwaale,False,8,7,0-9,0-9,5
نِفْسُه طيرة,nifso tariyye,nifso tariyye,True,12,13,10-19,10-19,1
مُنْفِر,munaffir,munaffir,True,7,8,0-9,0-9,4
حَبّ عَزِيز,7abb 3aziiz,7abb 3aziiz,True,11,11,10-19,10-19,1
رِيل,rayyil,rayyal,False,4,6,0-9,0-9,3
كَرْش,karrish,karsh,False,5,7,0-9,0-9,5
يِدْبُر,ydabbir,ydabbir,True,7,7,0-9,0-9,3
اُكْسِي,2iksi,2iksi,True,7,5,0-9,0-9,5
فَرْكَش,farkish,farkish,True,7,7,0-9,0-9,1
حِدِق,7idiq,7adaq,False,5,5,0-9,0-9,4
يِقَايِش,yqaayish,yqaayish,True,8,8,0-9,0-9,3
دِمَاسِين,damaasiin,damaasiin,True,9,9,0-9,0-9,5
حِصُو,7oos,7usuus,False,5,4,0-9,0-9,3
خَوَن,khawwin,khawwin,True,5,7,0-9,0-9,5
يُوتَر,yuutir,ywattir,False,6,6,0-9,0-9,3
يفَسِّق,yifsuq,yufsuq,False,7,6,0-9,0-9,2
تْدَاقَر,2iddaaqar,2iddaaqar,True,8,9,0-9,0-9,1
تْسَوَّق,tsawwaq,tsawwaq,True,8,7,0-9,0-9,1
شَحِّط,sha7t,sha77at,False,6,5,0-9,0-9,3
نَصِيب,nasiib,nasiib,True,6,6,0-9,0-9,2
اُوثُق,2uusaq,2uusaq,True,6,6,0-9,0-9,3
اِفْسِق,2ifsiq,2ifsuq,False,7,6,0-9,0-9,3
عَكِّة,3akke,3akke,True,6,5,0-9,0-9,1
لَغْمَص,laghmis,laghmis,True,7,7,0-9,0-9,1
يْعَاقِش,y3aaqkish,y3aaqkish,True,8,9,0-9,0-9,2
دَبِّة,dibaba,dabbe,False,6,6,0-9,0-9,2
دَلْعَب,dal3ib,dal3ib,True,7,6,0-9,0-9,3
سَلَامِة سَلَمَك,salaamit silmak,salaamit silmak,True,16,15,10-19,10-19,3
طَبْطِب,tabtab,tabtib,False,7,6,0-9,0-9,1
يُرْصُد,yirsud,yrassid,False,7,6,0-9,0-9,3
وَذَف,widhif,wadhaf,False,5,6,0-9,0-9,5
اِتْرَأّفَس,2itra22as,2itra22as,True,11,9,10-19,0-9,4
سَنِة كبيسِة,sane kabiise,sane kabiise,True,12,12,10-19,10-19,1
طُفُولِي,tufuuli,tufuuli,True,8,7,0-9,0-9,3
يِسْتَعير,yista3iir,yista3iir,True,9,9,0-9,0-9,5
تْسَحْسَل,tsa7sal,tsa7sal,True,9,7,0-9,0-9,2
يِتْغِمْغِم,yitghamgham,yitghamgham,True,11,11,10-19,10-19,5
تْفَصَّع,tfa33as,tfa33as,True,8,7,0-9,0-9,3
بَايَخ,baayikh,baayikh,True,6,7,0-9,0-9,2
زَارْنَا البَين,zaarna 2innabi,zaarna 2ilbeen,False,15,14,10-19,10-19,2
اِطْنَع,2it3an,2it3an,True,7,6,0-9,0-9,3
كِب العدسَات,kabb 2il3adasaat,kabb 2il3adasaat,True,12,16,10-19,10-19,3
يْوَرِّط,yuurat,ywarrit,False,8,6,0-9,0-9,4
يبَيِّد,ybiid,ybiid,True,7,5,0-9,0-9,1
اِرْسِل,2irsil,2irsil,True,7,6,0-9,0-9,1
اُمْهُق,2imhaqk,2imhaqk,True,7,7,0-9,0-9,3
ضِيَّاق,dayaaq,dyaaq,False,7,6,0-9,0-9,5
اِتَّعْجَل,2it3ajjal,2it3ajjal,True,10,9,10-19,0-9,5
اِنْشِلِع,2ishala3,2inshili3,False,9,8,0-9,0-9,2
مُنَافَسِة,munaafase,mnaafase,False,10,9,10-19,0-9,1
دَوَائِع,wadaa2i3,dawaa2i3,False,8,8,0-9,0-9,5
سيُوف,syuuf,syuuf,True,5,5,0-9,0-9,4
جَسَّر,jassir,jassar,False,6,6,0-9,0-9,1
مُرْتَدّ,murtadd,murtadd,True,8,7,0-9,0-9,1
اِتْشَبَب,2itshabshab,2itshabbab,False,9,11,0-9,10-19,4
نَجَّح,niji7,najja7,False,6,5,0-9,0-9,2
سَطَل,sattal,sattil,False,5,6,0-9,0-9,3
صَمْدِي,msaddi,samadi,False,7,6,0-9,0-9,4
سِرِع,sarri3,sarri3,True,5,6,0-9,0-9,4
يِغَار,yghaar,yghaar,True,6,6,0-9,0-9,5
جُلَّاخ,jallaakh,jlaakh,False,7,8,0-9,0-9,5
اِتْتَوْتَو,2itwatwat,2itwatwat,True,11,9,10-19,0-9,4
وِهِر,wahhir,wahhir,True,5,6,0-9,0-9,2
عقد إِجرَاي,3aqid 2iijaar,3aqid 2ijaari,False,11,13,10-19,10-19,1
مْفَرْفِشّ,mfarfish,mfarfish,True,10,8,10-19,0-9,5
يُقْزُم,yqazzim,yqazzim,True,7,7,0-9,0-9,4
اِنْسَفَق,2insafiq,2insafaq,False,9,8,0-9,0-9,1
اُعْرُب,2i3rib,2i3rib,True,7,6,0-9,0-9,1
يصِيَغ,ysiigh,ysiigh,True,6,6,0-9,0-9,4
اِتْنَشَّف,2itnashshaf,2itnashshaf,True,10,11,10-19,10-19,1
لِاهِث,laahath,laahith,False,6,7,0-9,0-9,5
أَخْطَر,2akhtar,2akhtar,True,7,7,0-9,0-9,1
مَتَابِع,mtaabi3,mutaabi3,False,8,7,0-9,0-9,3
كِلّ مِن دَبّ ولُه,kull man habb wadabb,kull min hadd wabbillo,False,18,20,10-19,20-29,5
زَهْرِة شَبَّاب,zahrit shabaab,zahrit shabaab,True,15,14,10-19,10-19,1
أَكْسَنْجِي,2uksijiin,2uksijiin,True,11,9,10-19,0-9,3
صَيِّح,sayyi7,sii7,False,6,6,0-9,0-9,3
مْحَبْحَب,m7ab7ib,m7ab7ib,True,9,7,0-9,0-9,2
اِسْتَمْثَر,2istathmar,2istathmir,False,11,10,10-19,10-19,5
شَبَب,shabbab,shabbib,False,5,7,0-9,0-9,3
تَوَعُّى,twa33a,twa33a,True,8,6,0-9,0-9,3
عْظِيم,3aziim,3adiim,False,6,6,0-9,0-9,2
أَنَدِيِّة,2andiye,2andiye,True,10,7,10-19,0-9,5
اِقْرَصّ,2uqrus,2iqrus,False,8,6,0-9,0-9,5
اِنْمِغِج,2inmaghadj,2inmaghadj,True,9,10,0-9,10-19,2
أَلف رُوح مَرْعَة ولَيه,2alf ra7me wunuur,2alf ra7me wunuur,True,23,17,20-29,10-19,3
جْفُول,fajwal,fajwil,False,6,6,0-9,0-9,1
زَبْدِيِّة,zibdiyye,zibdiyye,True,10,8,10-19,0-9,3
رُزُق,riziq,razaq,False,5,5,0-9,0-9,5
مُزْغَل,2imzaghlil,mzaghlil,False,7,10,0-9,10-19,3
عَامَل,3aamil,3aamil,True,6,6,0-9,0-9,2
اِنْدَهَاش,2indihaash,2indihaash,True,10,10,10-19,10-19,4
يغَطِّس,yghattis,yughtus,False,7,8,0-9,0-9,2
مَقْتَب,mqattib,mqattib,True,7,7,0-9,0-9,4
نَاسّ,naas,naas,True,5,4,0-9,0-9,2
ذَبَّل,dabbal,dibil,False,6,6,0-9,0-9,3
شَايِب عَايِب,shaayib 3aayib,shaayib 3aayib,True,13,14,10-19,10-19,1
دَوَّنِيِّة,duuniyye,duuniyye,True,11,8,10-19,0-9,1
يصَادَر,ysaadir,ysaadir,True,7,7,0-9,0-9,3
رَزِّز,razzaz,razziz,False,6,6,0-9,0-9,2
اِسْتَحْقَر,2istaqar,2ista7qir,False,11,8,10-19,0-9,2
مَصْطَبِة,mastabe,mastabe,True,9,7,0-9,0-9,1
اِتْمَشْكَل,2itmashkal,2itmashkal,True,11,10,10-19,10-19,1
اُفْسُد,2ifsid,2ifsid,True,7,6,0-9,0-9,3
قَعْفِر,qu3fur,qu3fur,True,7,6,0-9,0-9,3
يِنْسِجِن,yinsijin,yinsijin,True,9,8,0-9,0-9,1
لَو تْحُطّ اِجْرَيك,law t7ut 2ijreek bil7eet,law t7ut 2ijreek l7eet,False,19,24,10-19,20-29,3
بَايِن عَلَيه,baayin 3alee,baayin 3alee,True,13,12,10-19,10-19,5
اِكْرَم,2ikram,2ikram,True,7,6,0-9,0-9,4
شْوَارِب,shawaarib,shawaarib,True,8,9,0-9,0-9,4
أَبو خَيمِة زَرْقَا,2abu khiime zarqa,2abu khiime zarqa,True,19,17,10-19,10-19,1
تَنَظُّم,tnazzam,tnazzam,True,8,7,0-9,0-9,2
اِرْتَزَى,2irtaza,2irtaza,True,9,7,0-9,0-9,1
يِتْصَايَفَى,yitsaafa,yitsaafa,True,12,8,10-19,0-9,3
أَقُصَّى مَا عَمِلَّر اله,2aqsa maa 3ammar 2alla,2aqsa maa 3ammar 2alla,True,25,22,20-29,20-29,4
صَمّ,summ,samm,False,4,4,0-9,0-9,1
خَيِّب,khiib,khayyib,False,6,5,0-9,0-9,2
إِرْبُط الحْمَا مَطْرُه بَالح مَك,2irbit 2ili7maar matra7 ma biqullak saa7bo,2irbit 2ili7maalat mara7 ma biqullak saa7bo,False,33,42,30-39,40-49,1
فَرِّم,faram,farram,False,6,5,0-9,0-9,3
اِزْفَع,2ifza3,2izfa3,False,7,6,0-9,0-9,4
عَسَرَاوِي,3asraawi,3asraawi,True,10,8,10-19,0-9,3
تْخَرْفَن,tkharfan,tkharfan,True,9,8,0-9,0-9,2
اِسْتَلْبَس,2istalbis,2istalbas,False,11,9,10-19,0-9,1
مْسَمَّع,masma3,msammi3,False,8,6,0-9,0-9,1
كُلُّه مْحَصَّع بَلَك,kullo m7assil ba3do,kullo m7assil ba3ak,False,21,19,20-29,10-19,5
بتحوص وبتلصو,bit7uus wubitluus,bit7uus wubitluus,True,12,17,10-19,10-19,4
جَدَّال,jidaal,jaddaal,False,7,6,0-9,0-9,2
حْرُوجِة,7ruudje,7ruudje,True,8,7,0-9,0-9,1
شَقْرَا,shaqra,shaqra,True,7,6,0-9,0-9,1
موَاخِير,mawaakhiir,mawaakhiir,True,8,10,0-9,10-19,2
وِثِق,wisiq,wassaq,False,5,5,0-9,0-9,3
كَسِّل,kassil,kassil,True,6,6,0-9,0-9,2
بِسَاس,bsaas,bsaas,True,6,5,0-9,0-9,4
اِزْرَب,2uzrub,2uzrub,True,7,6,0-9,0-9,4
خَصِل,khassil,khassil,True,5,7,0-9,0-9,5
فَسِيدِيِّة,fusseediyye,fusseediyye,True,11,11,10-19,10-19,1
أَعطيته الي فيه النَّصِيب,2a3teeto 2illi fii 2innasiib,2a3teeto 2illi fii 2innasiib,True,25,28,20-29,20-29,3
مَمَارِق,mamaariq,mamaariq,True,8,8,0-9,0-9,2
اِتْسَافَل,2itsaafal,2itsaafal,True,10,9,10-19,0-9,1
زَبْت بْحُوه زَمَيتُر,tzabzabat wuhii 7usrum,zabzabat bza7uuhu tramiir,False,21,22,20-29,20-29,3
شُطْفِة,shatfe,shatfe,True,7,6,0-9,0-9,5
كَبَر,kabbar,kabbir,False,5,6,0-9,0-9,3
مُبْخَبّج,2imbakhbidj,mbakhbidj,False,9,11,0-9,10-19,5
قِلِز,qalqaz,2alaz,False,5,6,0-9,0-9,5
غَوى,ghawa,ghawa,True,4,5,0-9,0-9,4
مُهْمَل,muhmil,mhammil,False,7,6,0-9,0-9,4
مَضْخَة,madakhkha,madakhkha,True,7,9,0-9,0-9,3
مُسَلِّغ,masligh,maslagh,False,8,7,0-9,0-9,4
نَظِّيف,ndiif,ndiif,True,7,5,0-9,0-9,4
يلعن أبو اللي نفضك,yil3an 2abu 2illi nafadak,yil3an 2abu 2illi nafadak,True,18,25,10-19,20-29,2
مِحْشِي,ma7shi,ma7shi,True,7,6,0-9,0-9,4
يِلْحَمِس,yla7mis,yla7mis,True,9,7,0-9,0-9,4
قِيل,qaylil,qayyal,False,4,6,0-9,0-9,5
خْوِيتْمِة,khweetme,khweetme,True,10,8,10-19,0-9,3
سَيجَر,siiraj,sayyar,False,6,6,0-9,0-9,1
صِدِق,saddiqsaddi2,saddaqsadda2,False,5,12,0-9,10-19,4
خُضْرَة,khudra,khudra,True,7,6,0-9,0-9,2
أَجِلّ,2ajall,2ajjill,False,6,6,0-9,0-9,5
دُخَّلَاء,dukhalaa2,dukhalaa2,True,9,9,0-9,0-9,5
تَبَطُّر,tbattar,tbattar,True,8,7,0-9,0-9,2
يدَرْدِك,ydardik,ydardik,True,8,7,0-9,0-9,1
يِنْغَمّ,yinghamm,yinghamm,True,8,8,0-9,0-9,1
يعَلِّك,yi3lik,yi3lik,True,7,6,0-9,0-9,1
سَاوَم,saawam,saawim,False,6,6,0-9,0-9,3
يحَرِّق,yi7riq,y7arriq,False,7,6,0-9,0-9,2
يهَوِّر,ywahhir,yhawwir,False,7,7,0-9,0-9,5
يِغْلِي,yghalli,yghalli,True,7,7,0-9,0-9,1
كُحُن,tsha7natsh,tsha7nitsh,False,5,10,0-9,10-19,3
دَمّ الزَّغْلُول,damm 2izzaghluul,damm 2izzaghluul,True,16,16,10-19,10-19,1
مِتْرَهَّل,mitrahhil,mitrahhil,True,10,9,10-19,0-9,4
يِزْوِبِع,yzoobi3,yzoobi3,True,9,7,0-9,0-9,3
مُسْتَسْهِل,mistashil,mustasahhil,False,11,9,10-19,0-9,2
رَبْطت السَّمَا,rabtat 2issama,rabtat 2issama,True,15,14,10-19,10-19,3
تْبَارَز,tbaariz,tbaariz,True,8,7,0-9,0-9,1
مَلْدَوع,malduu3,malduu3,True,8,7,0-9,0-9,4
لَاوُق,laawiq,laawaq,False,6,6,0-9,0-9,4
يبَعِّث,yib3at,yba33it,False,7,6,0-9,0-9,2
لِو,law,law,True,3,3,0-9,0-9,3
عَطِف,3atif,3attif,False,5,5,0-9,0-9,4
سِلْطَان,sultaan,sultaan,True,8,7,0-9,0-9,5
نُقَز,naqqiz,naqqiz,True,5,6,0-9,0-9,4
دَقّ خْشُوم,dagg khshuum,dagg khshuum,True,11,12,10-19,10-19,2
تْشَرْمَط,tsharmat,tsharmat,True,9,8,0-9,0-9,1
تُغْيَر,taghayyur,tghayyar,False,7,9,0-9,0-9,5
اِسْتَنْكَف,2istankif,2istankif,True,11,9,10-19,0-9,1
اِنْحِرِج,2in7araj,2in7araj,True,9,8,0-9,0-9,1
اُشْفِي,2ishfi,2ishfi,True,7,6,0-9,0-9,2
اِنْتَزَّع,2intizi3,2intaza3,False,10,8,10-19,0-9,4
شُرَّابُه خُرُج,shurraabo khuruj,shurraabo khuruj,True,15,16,10-19,10-19,1
يلَتِّحِي,yilti7i,yilti7i,True,9,7,0-9,0-9,5
هَان,haan,haan,True,4,4,0-9,0-9,1
أَرْجَلِيِّة,2argiile,2argiile,True,12,8,10-19,0-9,4
مَشَّد,mashad,mashshad,False,6,6,0-9,0-9,2
لَلَيش,laleesh,laleesh,True,6,7,0-9,0-9,1
يْبَرِّز,yibruz,ybarriz,False,8,6,0-9,0-9,5
جْمَال,jammaal,jmaal,False,6,7,0-9,0-9,1
مْخَبِّص,mkhabbis,mkhabbis,True,8,8,0-9,0-9,1
سَحَل,sa7al,sa7al,True,5,5,0-9,0-9,1
نَقِص,naqqis,naqqas,False,5,6,0-9,0-9,5
صُمَّادِة,samade,sammade,False,9,6,0-9,0-9,3
يِكْرُش,yikrush,yukrush,False,7,7,0-9,0-9,3
يْكَايِد,ykaayid,ykaayid,True,8,7,0-9,0-9,2
كِدَّان,kiddaan,kaddaan,False,7,7,0-9,0-9,5
اِتْكَنَّز,2itkannaz,2itkannaz,True,10,9,10-19,0-9,1
اِسْتَرْحَم,2istar7am,2istar7im,False,11,9,10-19,0-9,2
مش وِجِه نعة,mish wijih ni3me,mish wijih ni3me,True,12,16,10-19,10-19,3
ثَنِّيِّة,tanye,tanye,True,9,5,0-9,0-9,3
يتَنَكُّه,yitnakkah,yitnakkah,True,9,9,0-9,0-9,2
حِتْفَلِة,7atfale,7atfale,True,9,7,0-9,0-9,5
تَضْيَف,2iddayyaf,2iddayyaf,True,7,9,0-9,0-9,3
يتَكَسُّر,yitkassar,yitkassar,True,9,9,0-9,0-9,5
عُكُش,3akkash,3akkish,False,5,7,0-9,0-9,5
مُرْقَبِة,mirgabe,marqabe,False,9,7,0-9,0-9,5
تْفَلْيَخ,tafliikh,tafliikh,True,9,8,0-9,0-9,5
خَالّ,khaal,khaal,True,5,5,0-9,0-9,2
تَثْبيت,tasbiit,tasbiit,True,7,7,0-9,0-9,3
أَدْمَغَة,2admaghe,2admaghe,True,9,8,0-9,0-9,5
خِمِيس,khamiis,khamiis,True,6,7,0-9,0-9,5
خْلَال,khilaal,khlaal,False,6,7,0-9,0-9,3
بذْيَال,bidyaal,bidyaal,True,7,7,0-9,0-9,1
اِتْشَرْنَق,2itsharnaq,2itsharnaq,True,11,10,10-19,10-19,2
أَوْقَات,2awqaat,2awqaat,True,8,7,0-9,0-9,2
يعطيك العَافة,ya3tiikil 3aafye,ya3tiikil 3aafa,False,13,16,10-19,10-19,5
يَرْضَى,yirda,yirda,True,7,5,0-9,0-9,3
فَسِّد,fassid,fassid,True,6,6,0-9,0-9,3
كلَامه زي هُبَّال الطَّبِيخ,kalaamo zayy hubbaal 2ittabiikh,kalaamo zayy hubbaal 2ittabiikh,True,27,31,20-29,30-39,5
مَحْنِي,ma7ni,m7anni,False,7,5,0-9,0-9,1
اُلْهَل,2alla,2ilhal,False,7,5,0-9,0-9,5
يكَرِّب,yikrib,ykarrib,False,7,6,0-9,0-9,2
طَشّ,tashsh,tushsh,False,4,6,0-9,0-9,1
يِعْتِمِد,yi3timid,yi3timid,True,9,8,0-9,0-9,1
شُخْبَطَة,shakhbata,shakhbata,True,9,9,0-9,0-9,4
قَرْفَصَة,qarfasa,qarfasa,True,9,7,0-9,0-9,1
يِنِصْعِق,yinis3iq,yinsi3iq,False,9,8,0-9,0-9,3
أَسَو,2aswad,2aswa2,False,5,6,0-9,0-9,5
الصِّيد الصَّارِج,2isseed 2iljaa2ir,2isseed 2issiddaar,False,17,17,10-19,10-19,5
قَرْبَعَة,karba3a,karba3a,True,9,7,0-9,0-9,2
اِخْتَلَس,2ikhtilis,2ikhtalis,False,9,9,0-9,0-9,3
يِجْزِي,yjazzi,yijzi,False,7,6,0-9,0-9,3
يُهْل,yhill,yhill,True,5,5,0-9,0-9,4
يِتْهَاوَش,yithaawash,yithaawash,True,10,10,10-19,10-19,1
يِزْقَح,yizqka7,yizqka7,True,7,7,0-9,0-9,2
يِشْعَر,yish3ir,yish3ur,False,7,7,0-9,0-9,3
يتَعْجِل,yit3ajjal,yit3ajjal,True,8,9,0-9,0-9,3
المحمر وَالشمر,2ilim7ammar wilimshammar,2ilim7ammar wilimshammar,True,14,24,10-19,20-29,1
حَوَاف,7awaaf,7awaaf,True,6,6,0-9,0-9,2
يِسَايِس,ysaayis,ysaayis,True,8,7,0-9,0-9,4
يُحْبُط,y7abbit,yi7bit,False,7,7,0-9,0-9,3
خَرْبَان,kharbaan,kharbaan,True,8,8,0-9,0-9,4
مَشْحَور,msha7war,mash7uur,False,8,8,0-9,0-9,4
اِعْزَل,2i3zil,2i3zil,True,7,6,0-9,0-9,4
إِِيد,2iid,2iid,True,5,4,0-9,0-9,4
يُعْبُد,yu3bud,y3abbid,False,7,6,0-9,0-9,5
يِنْفَلّ,ynaffil,yinfil,False,8,7,0-9,0-9,3
اِجْلِس,2ijlis,jaalis,False,7,6,0-9,0-9,1
شْذُوذ,shuzuuz,shuzuuz,True,6,7,0-9,0-9,3
تْرَغَّل,targhal,targhil,False,8,7,0-9,0-9,1
مْشَمَّر,mshammar,mshammar,True,8,8,0-9,0-9,1
طَهْبَج,tahbaj,tahbij,False,7,6,0-9,0-9,4
يتَحَالِي,yit7aayal,yit7aayal,True,9,9,0-9,0-9,5
اِغْرِف,2ighrif,2ighrif,True,7,7,0-9,0-9,2
طَعُّوج,ta3wij,ta3waj,False,7,6,0-9,0-9,5
جَبِل,jabal,jabbil,False,5,5,0-9,0-9,5
فَحِت,fa77at,fa77it,False,5,6,0-9,0-9,4
يشَاوِر,yshaawir,yshaawir,True,7,8,0-9,0-9,1
مُحْمَل,m7ammal,m7ammil,False,7,7,0-9,0-9,4
جِزَادِين,jazadiindazadiin,jazadiindazadiin,True,9,16,0-9,10-19,4
اِمْبَارَح,2imbaari7,2imbaari7,True,10,9,10-19,0-9,2
يِتْذَبَّل,yiddabbal,yiddabbal,True,10,9,10-19,0-9,1
غُرَامِة,gharaame,gharaame,True,8,8,0-9,0-9,4
مَتَّر,mattir,mattar,False,6,6,0-9,0-9,1
نَامْي,naami,naami,True,6,5,0-9,0-9,4
اِخْلَطّ,2ikhlut,2ikhlut,True,8,7,0-9,0-9,5
رَشُوط,rashwat,rashwit,False,6,7,0-9,0-9,5
بَرْيِعْص,bree3si,bree3s,False,9,7,0-9,0-9,5
إِمْلَط,2imlat,2imlat,True,7,6,0-9,0-9,1
ذُرَّة,zarre,zarre,True,6,5,0-9,0-9,1
اِنْلِهِط,2inlihit,2inlahat,False,9,8,0-9,0-9,1
بِنْصَا,bansa,bansa,True,7,5,0-9,0-9,3
اُقْرُق,qaariq,2uqruq,False,7,6,0-9,0-9,4
مِرِي,muri,marri,False,5,4,0-9,0-9,3
يؤرْشِف,y2arshif,y2arshif,True,7,8,0-9,0-9,1
كَمَش,kamash,kamash,True,5,6,0-9,0-9,2
عَصْلِج,3aslaj,3aslij,False,7,6,0-9,0-9,4
حَفَنِة,7afne,7afne,True,7,5,0-9,0-9,4
تْبَزَّع,tba33az,tbazza3,False,8,7,0-9,0-9,4
يِشْتِكِب,yishtibik,yishtibik,True,9,9,0-9,0-9,5
مُوَالِي,mawaali,mawaali,True,8,7,0-9,0-9,2
اِنْتَقِع,2intiqi3,2intaqa3,False,9,8,0-9,0-9,5
مْلَهَّى,malha,malha,True,8,5,0-9,0-9,2
مْرَشِّح,murashshi7,murashsha7,False,8,10,0-9,10-19,2
قِزِع,qkazza3,qkazzi3,False,5,7,0-9,0-9,4
ينَجِّر,yinjarr,yinjur,False,7,7,0-9,0-9,3
يَا شَايِف الخَير البَا ولجَاي,yaa shaayif 2izzool yaa khaayib 2irraja,yaa shaayif 2izzool yaa khaayib 2irradja,False,30,39,30-39,30-39,4
يِتْمِقْطِع,yitmaqta3,yitmaqta3,True,11,9,10-19,0-9,4
اِتْرَفَّط,2itfarrat,2itfarrat,True,10,9,10-19,0-9,5
اِتْلَوبَل,2itloolab,2itloolab,True,10,9,10-19,0-9,2
اُحْصِي,2i7si,2i7si,True,7,5,0-9,0-9,2
إِخْتَوَا,2ikhwaat,2ikhwaat,True,9,8,0-9,0-9,2
يْفَرِّح,yifra7,yfarri7,False,8,6,0-9,0-9,5
غَمِي,ghimi,ghammi,False,5,5,0-9,0-9,1
خُزُوق,khooziq,khazwag,False,6,7,0-9,0-9,4
بِيع,bayyi3,bayyi3,True,4,6,0-9,0-9,1
شَهْى,shahha,shahha,True,5,6,0-9,0-9,4
تَوَاقُح,twaaqa7,twaaqa7,True,8,7,0-9,0-9,2
مَلْزَمِة,malzame,malzame,True,9,7,0-9,0-9,1
يحوِّش,y7uush,y7awwish,False,6,6,0-9,0-9,4
دُلَل,dallil,dallal,False,5,6,0-9,0-9,4
دْفُوف,dfuuf,dfuuf,True,6,5,0-9,0-9,1
مُتَزَوِّج,mutazawwij,mitzawwij,False,10,10,10-19,10-19,4
يِعْمِي,yi3mi,yi3mi,True,7,5,0-9,0-9,2
يِنْحَاز,yin7aaz,yin7aaz,True,8,7,0-9,0-9,1
يْوَتِّر,yuutir,ywattir,False,8,6,0-9,0-9,5
اِلْزُم,2ilzim,2ilzim,True,7,6,0-9,0-9,5
بَابِد العَس,baab 2issa3id,baab 2il3asad,False,12,13,10-19,10-19,1
مِن فَرَايِة علَال,manaara fil3ilim,min firaat 2il3alaaye,False,18,16,10-19,10-19,1
جَرَادِي,jaraayid,jaraadi,False,8,8,0-9,0-9,4
عَطِّب,3attib,3attab,False,6,6,0-9,0-9,3
هُمِّي,hummi,hammi,False,6,5,0-9,0-9,4
فِتِش,fattash,fattash,True,5,7,0-9,0-9,4
مَرِّع,mara3,mari3,False,6,5,0-9,0-9,4
عِطْشَان,3atshaan,3atshaan,True,8,8,0-9,0-9,4
اُطْرُش,2itrash,2itrashsh,False,7,7,0-9,0-9,1
حِكَمَاء,7ukamaa2,7ukamaa2,True,8,8,0-9,0-9,5
عَاش,3aash,3aash,True,4,5,0-9,0-9,1
قَرِيد العَشَع,qareed 2il3ishsh,qareed 2il3ishsh,True,14,16,10-19,10-19,5
دَهِن,dahhin,dahhin,True,5,6,0-9,0-9,4
اِتْجَاه,2ttijaah,2ittijaah,False,8,8,0-9,0-9,3
يِنْكَتِم,yinkitim,yinkitim,True,9,8,0-9,0-9,4
طِرْفَان,turfaan,turfaan,True,8,7,0-9,0-9,5
يتْرَقَّى,yitraqqa,yitraqqa,True,9,8,0-9,0-9,2
بُرْنَيطَة,burneeta,burneeta,True,10,8,10-19,0-9,2
يي عَلَيه,yii 3alee,yii 3alee,True,9,9,0-9,0-9,1
اِنْسَفّ,2insaff,2insif,False,8,7,0-9,0-9,1
رَشْوِط,rashwit,rashwit,True,7,7,0-9,0-9,4
يأَزِّم,yit2azzam,y2azzim,False,7,9,0-9,0-9,3
يفوِّح,yfawwi7,yfuu7,False,6,7,0-9,0-9,5
مْشَكْوِر,mashkuur,mashkuur,True,9,8,0-9,0-9,2
فِنَاجِيل,fanajiil,fanajiil,True,9,8,0-9,0-9,3
مَفْلُوع,mafluu3,mafluu3,True,8,7,0-9,0-9,1
خَوف اله,khoof 2alla,khoof 2alla,True,8,11,0-9,10-19,3
بَاع حَاله,baa3 7aalo,baa3 7aalo,True,10,10,10-19,10-19,1
اِنْقُط,2inqatt,2inqatt,True,7,7,0-9,0-9,3
كَحَيَان,ka7yaan,ka7yaan,True,8,7,0-9,0-9,3
عَطْبَن,3atbin,3atbin,True,7,6,0-9,0-9,3
جُمْهُورِيِّة,jumhuuriyye,jumhuuriyye,True,13,11,10-19,10-19,2
أَرْصَدِة,2arside,2arside,True,9,7,0-9,0-9,4
عَصِي,3assi,3assi,True,5,5,0-9,0-9,1
اِنْكِمِش,2inkimish,2inkamash,False,9,9,0-9,0-9,4
يِتْدَرْدَب,yiddardab,yiddardab,True,11,9,10-19,0-9,1
مْدَاس,madaas,madaas,True,6,6,0-9,0-9,1
اِفْرَض,2ifrid,2ifrid,True,7,6,0-9,0-9,2
شوَاكَل,shawaakil,shawaakil,True,7,9,0-9,0-9,5
تَزَمُّت,tzammat,tzammat,True,8,7,0-9,0-9,2
اِسْتَعْجَل,2ista3jil,2ista3jil,True,11,9,10-19,0-9,2
اِنِلْحِس,2inli7is,2inla7as,False,9,8,0-9,0-9,5
قُرْقَار,qaraaqir,qarqaar,False,8,8,0-9,0-9,5
لَغَى,ghala,lagha,False,5,5,0-9,0-9,4
مَسْطَوح,mastuu7,mastuu7,True,8,7,0-9,0-9,5
اِتْمَلَى,2itmalla,2itmalla,True,9,8,0-9,0-9,4
زَوّ,wazz,wazz,True,4,4,0-9,0-9,3
تْخَشَّب,tkhashshab,tkhashshab,True,8,10,0-9,10-19,1
اِسْتَشَيخ,2istishyikh,2istashyakh,False,10,11,10-19,10-19,5
مَخْطَوب,makhtuub,makhtuub,True,8,8,0-9,0-9,4
وِرْق لْسَان,waraq lsaan,waraq lsaan,True,12,11,10-19,10-19,2
يفَهِّم,yifham,yifham,True,7,6,0-9,0-9,1
يوَصِّف,ywassif,yuusif,False,7,7,0-9,0-9,3
أُخْرَى كَمان,2ukhra kamaan,2ukhra kamaan,True,13,13,10-19,10-19,2
تْمِرْمِغ,tmarmagh,tmarmagh,True,9,8,0-9,0-9,3
يَدِّق,yduqq,yduqq,True,6,5,0-9,0-9,5
عَزَم,3azam,3azzim,False,5,5,0-9,0-9,3
أُسُس,2assas,2assas,True,5,6,0-9,0-9,5
نَام على ذَانُه,naam 3ala daano,naam 3ala daano,True,15,15,10-19,10-19,2
قَنَع,qanni3,qanni3,True,5,6,0-9,0-9,3
اِكْرِف,2ukruf,2ukruf,True,7,6,0-9,0-9,3
مُخَدِّة,mkhadda,makhadda,False,8,7,0-9,0-9,5
روَاسَب,rawaasib,rawaasib,True,7,8,0-9,0-9,4
يطَعِّم,yit3im,yit3im,True,7,6,0-9,0-9,1
تْشَهَّد,tashahhud,tshahhad,False,8,9,0-9,0-9,1
رُصّ,rass,russ,False,4,4,0-9,0-9,2
قَصَّابيِّة,qassaabiyye,qassaabiyye,True,11,11,10-19,10-19,1
بُزُز,bazzaz,bazziz,False,5,6,0-9,0-9,5
يشَتِّل,yshattil,yishtil,False,7,8,0-9,0-9,1
يِسْتِقْذِر,yistaqzir,yistaqzir,True,11,9,10-19,0-9,5
نَبَعَت,nab3at,nab3at,True,7,6,0-9,0-9,2
خَضْخِض,khadkhad,khadkhid,False,7,8,0-9,0-9,1
خِرْطِش,khartish,khartish,True,7,8,0-9,0-9,4
أُصْدُقَاء,2asdiqaa2,2asdiqaa2,True,10,9,10-19,0-9,4
أَشْعَاب,2a3shaab,2ash3aab,False,8,8,0-9,0-9,4
الجِدّ الفَار,2iljidaar 2ilfaasil,2iljidaar 2ilfaar,False,13,19,10-19,10-19,2
شَوفَانِيِّة,shuufaaniyye,shuufaaniyye,True,12,12,10-19,10-19,2
يُنْشُل,yinshil,yinshil,True,7,7,0-9,0-9,4
اِتْشَطَّر,2itshattar,2itshattar,True,10,10,10-19,10-19,2
كَهْرَبا,kahraba,kahraba,True,8,7,0-9,0-9,2
مِهْتَوِر,mhatwir,mhatwir,True,9,7,0-9,0-9,5
دُوش,dawash,dawwash,False,4,6,0-9,0-9,4
اِنْصَم,2insamm,2insamm,True,7,7,0-9,0-9,5
مُؤَتِّم,mu2tamar,mu2tamam,False,8,8,0-9,0-9,4
اِتْصَنَّف,2itsaffan,2itsaffan,True,10,9,10-19,0-9,2
سَمَنِة,sumne,samne,False,7,5,0-9,0-9,2
تُرْقُع,traqqa3,traqqa3,True,7,7,0-9,0-9,3
يأَسّ,ya2s,ya22as,False,5,4,0-9,0-9,2
بُغْلِة,bghala,bghala,True,7,6,0-9,0-9,4
فُسْقَة,fasaqa,fasaqa,True,7,6,0-9,0-9,3
كَشْوَك,kshuuk,kshuuk,True,7,6,0-9,0-9,4
تِثْقَال,tthaaqal,ttthaaqal,False,8,8,0-9,0-9,5
مش عَاجبك روح رَاسك بَالحيط,mish 3aadjbak ruu7 2inta7 raasak bil7eet,mish 3aajbak ruu7 2il7ab rasak bil7eet,False,27,40,20-29,40-49,1
كبر البَاذنجَان وتدندنت أجرَاسه ونسي قُفِّة الي الزبَالة تنكَاسه,kibir 2ilbaatinjaan widdandanat 2ajraaso wunisi quffit 2izbaale 2illi kaanat tinkabb 3araaso,kibir 2ilbaatinjaan widdandandat 2ajraaso wunisi quffit 2izbaale kanati 2inkabbbb,False,64,92,60-69,90-99,1
حَاسَس,7aasis,7aasis,True,6,6,0-9,0-9,2
طُرْبُش,tarbash,tarbash,True,7,7,0-9,0-9,5
صِيَام,syaam,syaam,True,6,5,0-9,0-9,4
جَاقِم,jaaqim,jaaqim,True,6,6,0-9,0-9,1
اِتْلَثَّم,2itlassam,2itlassam,True,10,9,10-19,0-9,1
يقَتْلِع,yiqtili3,yiqtili3,True,8,8,0-9,0-9,3
يِفْوِر,yfuur,yfuur,True,7,5,0-9,0-9,3
قُرُم,qarrim,qarrim,True,5,6,0-9,0-9,5
حُضُن,7udun,7addan,False,5,5,0-9,0-9,4
إِشِّي,2ishi,2ishi,True,6,5,0-9,0-9,3
أَطْرِب,2atrab,2atrab,True,7,6,0-9,0-9,4
شَلِّيلِة,shilaliyye,shaliile,False,9,10,0-9,10-19,4
اِتْكَدَّر,2itkarrar,2itkaddar,False,10,9,10-19,0-9,3
جَمَمْعُوعَة,majmuu3a,majmuu3a,True,12,8,10-19,0-9,5
مْصَرِّف,musraf,masraf,False,8,6,0-9,0-9,4
صِحِب دنك,sa77 badanak,sa77 badanak,True,9,12,0-9,10-19,4
تَبْذِير,tabziir,tabziir,True,8,7,0-9,0-9,1
هَالحْنِي,hal7iin,hal7iin,True,9,7,0-9,0-9,4
اِتْرَاجَع,2itraaja3,2itraaja3,True,10,9,10-19,0-9,2
رِهِن,rahin,rahan,False,5,5,0-9,0-9,5
فَخَم,fakhkham,fakhkhim,False,5,8,0-9,0-9,3
يِسْتَحِي,yisti7i,yista7i,False,9,7,0-9,0-9,1
مُوَانِع,mawaani3,mawaani3,True,8,8,0-9,0-9,4
تُزَامُن,tzaaman,tzaaman,True,8,7,0-9,0-9,4
أَعْطِتُه عين,2a3tato 3een,2a3tato 3een,True,13,12,10-19,10-19,4
اِبْتَلى,2ibtala,2ibtala,True,8,7,0-9,0-9,2
اِسْتَإِذْأَب,2istaz2ab,2istaz2ab,True,13,9,10-19,0-9,5
قَتَل,qatil,qattal,False,5,5,0-9,0-9,3
الرُّوح بالرُّوح,2irroo7 birroo7,2irroo7 birroo7,True,16,15,10-19,10-19,5
يُجْلُب,yijlib,yijlib,True,7,6,0-9,0-9,5
اِتَحَسَّف,2it7assaf,2it7assaf,True,10,9,10-19,0-9,5
يِمْهَد,ymahhid,yimhad,False,7,7,0-9,0-9,1
مُنْفَس,manfas,mnaffis,False,7,6,0-9,0-9,2
اِشْيَف,shaayif,shaayif,True,7,7,0-9,0-9,4
فَرُودِة,fruude,fruude,True,8,6,0-9,0-9,2
صَلِّب,sulb,salb,False,6,4,0-9,0-9,3
دَقَّة العَدَس,duqqkkit 2il3adas,duqqkkit 2il3adas,True,14,17,10-19,10-19,4
قُلْعُط,qal3it,qal3it,True,7,6,0-9,0-9,5
خَايَل,khaayal,khaayil,False,6,7,0-9,0-9,2
ينَعْزِم,yin3izim,yin3izim,True,8,8,0-9,0-9,3
دُوعِر,doo3ir,doo3ir,True,6,6,0-9,0-9,5
أُحَال,2a7aal,2a7aal,True,6,6,0-9,0-9,5
فُخّ,khaff,fakhkh,False,4,5,0-9,0-9,5
يسَتِّب,yistatibb,ysattib,False,7,9,0-9,0-9,3
مُجْتَهِد,mujtahid,mujtahid,True,9,8,0-9,0-9,2
جَحِّش,ja7ish,ja77ash,False,6,6,0-9,0-9,4
قُبَح,qabba7,qabbi7,False,5,6,0-9,0-9,4
اِكْنِز,2iknuz,2uknuz,False,7,6,0-9,0-9,3
يُحْرُص,y7arris,y7arris,True,7,7,0-9,0-9,1
يِرَقَع,yraqqi3,yirqa3,False,7,7,0-9,0-9,4
يحَزِّر,yi7zar,y7azzir,False,7,6,0-9,0-9,1
صُوَر,sawwir,sawwar,False,5,6,0-9,0-9,4
يِسْتَخْمِد,yistakhdim,yistakhdim,True,11,10,10-19,10-19,4
اِتْمَلَّق,2itmallaq,2itmallaq,True,10,9,10-19,0-9,1
قَلْعِط,qal3it,qal3at,False,7,6,0-9,0-9,4
اِرْتِكِز,2irtikiz,2irtikiz,True,9,8,0-9,0-9,2
نَعِم,ni3am,na33am,False,5,5,0-9,0-9,2
تَنَاقُل,tanaaqul,tnaaqal,False,8,8,0-9,0-9,3
يطَنِّق,yuntuq,ytanniq,False,7,6,0-9,0-9,4
زَيِّن,yzinn,zayyin,False,6,5,0-9,0-9,3
حْصَاوِي,7asaawi,7asaawi,True,8,7,0-9,0-9,2
اِصْعَقَة,saa3iqa,saa3iqa,True,9,7,0-9,0-9,4
يِرْمُش,yrammish,yrammish,True,7,8,0-9,0-9,2
اِعْتِفَار,2i3tiraaf,2i3tifaar,False,10,9,10-19,0-9,3
تَعْرِيد,ta3riid,ta3riid,True,8,7,0-9,0-9,1
سِهِل,sahil,sahhil,False,5,5,0-9,0-9,5
على رَاسِي من فُوق,3ala raasi min fooq,3ala raasi min fooq,True,18,19,10-19,10-19,5
يْفَرْشِي,yfarshi,yfarshi,True,9,7,0-9,0-9,2
يتَفْتَف,ytaftif,yitfatfat,False,8,7,0-9,0-9,5
تِزْهَر,tzahhir,tzahhar,False,7,7,0-9,0-9,5
شٰاع,shaa3,shaa3,True,4,5,0-9,0-9,5
كلمة ورَا غطهَا,kilme wuradd ghataaha,kilmew rad ghataaha,False,15,21,10-19,20-29,4
اِنْخَسَف,2inkhasaf,2inkhisif,False,9,9,0-9,0-9,1
أَخذت من أثره,2akhdat min 2asaro,2akhdat min 2asaro,True,13,18,10-19,10-19,1
يِتْجَوَّل,yitjawwal,yitjawwal,True,10,9,10-19,0-9,1
ذَكِّر,zakkar,zakkir,False,6,6,0-9,0-9,2
عَقْوِق,3uquuq,3uquuq,True,7,6,0-9,0-9,5
يِبْعَد,yba33id,yib3id,False,7,7,0-9,0-9,3
أَرْغِفَة,2arghife,2arghife,True,9,8,0-9,0-9,2
مْطَمِّط,matmit,matmat,False,8,6,0-9,0-9,4
معدته شَيِّة,mi3idto shiyye,mi3idto shiyye,True,12,14,10-19,10-19,2
مْدَلِّع,mdalla3,mdalla3,True,8,7,0-9,0-9,2
اِعْتَكِف,2i3tikif,2i3takaf,False,9,8,0-9,0-9,3
اِتْخَشَّم,2itkhammash,2itkhashsham,False,10,11,10-19,10-19,2
يجَرْجِح,ydjardji7,ydjardji7,True,8,9,0-9,0-9,1
اِنْحَرِث,2in7arath,2in7arath,True,9,9,0-9,0-9,5
جَنُوب,januub,januub,True,6,6,0-9,0-9,3
مْرَايِل,marayiil,maraayil,False,8,8,0-9,0-9,3
تْبِرْبِط,tbarbat,tbarbat,True,9,7,0-9,0-9,4
يِتَسَاهَل,yitsaahal,yitsaahal,True,10,9,10-19,0-9,3
طَعْوِج,ta3waj,ta3waj,True,7,6,0-9,0-9,1
يسَعِّر,ysa33ir,ysa33ir,True,7,7,0-9,0-9,1
دُوشَك,dooshak,dooshak,True,6,7,0-9,0-9,5
اِتْجَهْمَن,2itdjahnam,2itdjahnam,True,11,10,10-19,10-19,3
يِتَجَعُّد,yitja33ad,yitja33ad,True,10,9,10-19,0-9,5
كِينَا,kayaan,kiina,False,6,6,0-9,0-9,4
زَّاعِل,zaa3al,zaa3il,False,7,6,0-9,0-9,4
عْوَار,3oora,3waar,False,6,5,0-9,0-9,4
مِذْكَرَة,muzakkira,mizkara,False,9,9,0-9,0-9,2
اِنِفْشِخ,2infashakh,2infashakh,True,9,10,0-9,10-19,5
خَشِّم,khasham,khasham,True,6,7,0-9,0-9,3
دَوَافِع,dawaafi3,dawaafi3,True,8,8,0-9,0-9,1
يلِحّ,y7ill,yli77,False,5,5,0-9,0-9,4
كَتِّف,kattaf,kattaf,True,6,6,0-9,0-9,2
قْرَاب,qraab,qraab,True,6,5,0-9,0-9,1
فَشِر,fashshar,fashshir,False,5,8,0-9,0-9,5
طَقَم,taqim,taqqam,False,5,5,0-9,0-9,1
اِسْتَفْظِع,2istafdhi3,2istafdhi3,True,11,10,10-19,10-19,2
بُنَانِيق,banaaniiq,banaaniiq,True,9,9,0-9,0-9,2
ضْعَيف,d3iif,da3iif,False,6,5,0-9,0-9,3
تْجِلْبِب,tjalbab,tjalbab,True,9,7,0-9,0-9,4
فُوخِر,fookhar,fookhir,False,6,7,0-9,0-9,4
قِلَادِة,gklaade,qkilaade,False,8,7,0-9,0-9,4
شَيخ,shiikh,sheekh,False,4,6,0-9,0-9,1
جِرْزَايِة,jurzaaye,jirzaaye,False,10,8,10-19,0-9,1
يقَصِّف,yuksuf,yuksuf,True,7,6,0-9,0-9,3
اِدْرَس,2idrus,2idrus,True,7,6,0-9,0-9,3
مْزَيَّج,maziij,maziij,True,8,6,0-9,0-9,2
أَولَانِي,2awwalaani,2awwalaani,True,9,10,0-9,10-19,1
سُاء,saa2,saa2,True,4,4,0-9,0-9,3
يِزَاعِل,yzaa3il,yzaa3il,True,8,7,0-9,0-9,2
مِنْكِفِي,minkifi,minkifi,True,9,7,0-9,0-9,3
اِسْفُط,2usfut,2usfut,True,7,6,0-9,0-9,3
ذِمِّة,zimme,zimme,True,6,5,0-9,0-9,4
فَارَة,faara,faara,True,6,5,0-9,0-9,1
على الهِسِّة,3al hisse,3ala hisse,False,12,9,10-19,0-9,1
مثل المَسَّاورَة,mitil 2ilmaasuura,mitil 2ilmaasuura,True,16,17,10-19,10-19,4
طُنْجَرِي,tandjiir,tunjuri,False,9,8,0-9,0-9,3
تْثَبَّت,tsabbat,tsabbat,True,8,7,0-9,0-9,1
طُنْجُرِي,tanjiir,tunjuri,False,9,7,0-9,0-9,4
خُرْبُطَة,kharbata,kharbata,True,9,8,0-9,0-9,3
يتْسَوَّل,yitsawwal,yitsawwal,True,9,9,0-9,0-9,5
مْشَرْطِط,mshartit,mshartit,True,9,8,0-9,0-9,1
يِتْثَاقَل,yitthaaqal,yitthaaqal,True,10,10,10-19,10-19,1
هَنَاء,hanaa2,hinaa2,False,6,6,0-9,0-9,1
اِتْصَغَّف,2itfaghghas,2itfaghghas,True,10,11,10-19,10-19,5
تْوِفِر,twaffar,twaffar,True,7,7,0-9,0-9,3
اُورُط,2uurat,2uurat,True,6,6,0-9,0-9,4
غَاويِة,ghaawye,ghaawye,True,7,7,0-9,0-9,4
تْخَلَّى,tkhalla,tkhalla,True,8,7,0-9,0-9,1
ضحكة عَنْزِة عب من السخب,di7kit 3anze 3abaab maslakh,di7kit 3anze 3abab maslakh,False,24,27,20-29,20-29,3
اِتَنَوَّر,2itnawwar,2itnawwar,True,10,9,10-19,0-9,2
اِتْقَنَّم,2itnaggam,2itmannaq,False,10,9,10-19,0-9,4
يِسْتَفْغِر,yistaghfir,yistafrigh,False,11,10,10-19,10-19,4
يفوِّط,yfawwit,yfawwit,True,6,7,0-9,0-9,5
يِتْبَرَّح,yitba77ar,yitba77ar,True,10,9,10-19,0-9,5
هَرَج,haradj,harraj,False,5,6,0-9,0-9,1
أَعْطَى كِلْمِة,2i3ta kilme,2a3ta kilme,False,15,11,10-19,10-19,1
مَقْذَوع,magdhuu3,magdhuu3,True,8,8,0-9,0-9,3
تَمِم,tammim,tammim,True,5,6,0-9,0-9,5
أِدَاة,2adaa,2adaa,True,6,5,0-9,0-9,5
مَشْلُوح مَبِلَّح,mshalla7 wimballa7,mshalla7 wimballa7,True,17,18,10-19,10-19,3
دِحِق,da77ig,da77ig,True,5,6,0-9,0-9,5
طَعَط,ta33it,ta33at,False,5,6,0-9,0-9,4
اِوْدَع,2uudi3,2uudi3,True,7,6,0-9,0-9,3
بَهَادِل,bahaadil,bahaadil,True,8,8,0-9,0-9,1
عَفِّش,3afish,3affish,False,6,6,0-9,0-9,3
اِنْدَفَن,2indafan,2indafan,True,9,8,0-9,0-9,2
يِنْتَفّ,yintif,ynattif,False,8,6,0-9,0-9,3
يِبْسِب,ybasbis,ybasbis,True,7,7,0-9,0-9,4
يخَوزِق,ykhooziq,ykhooziq,True,7,8,0-9,0-9,2
مَبْعُوط,mab3uut,mab3uut,True,8,7,0-9,0-9,1
يُفْتُح,yifta7,yifta7,True,7,6,0-9,0-9,4
كَتِيب,kutayyib,katiib,False,6,8,0-9,0-9,1
عَبَين,3abeen,3abeen,True,6,6,0-9,0-9,2
اُعْصُر,2u3sur,2u3sur,True,7,6,0-9,0-9,2
يِرْوَح,yrawwi7,yruu7,False,7,7,0-9,0-9,4
يِنِطْرِم,yintirim,yintirim,True,9,8,0-9,0-9,4
اُعْبُط,2u3but,2u3but,True,7,6,0-9,0-9,1
رُسُخ,rassakh,rassikh,False,5,7,0-9,0-9,5
تْجَنَّس,tnajjas,tjannas,False,8,7,0-9,0-9,4
صَدَرِيِّة,sidriyye,sidriyye,True,10,8,10-19,0-9,1
لَادُد,laadid,laadid,True,6,6,0-9,0-9,5
أَسَرَّة,2asirra,2usra,False,8,7,0-9,0-9,4
اُغْتَال,2ightaal,2ightaal,True,8,8,0-9,0-9,4
قِصْعَة,qas3e,qus3a,False,7,5,0-9,0-9,3
اِجْذِب,2ijzib,2ijzib,True,7,6,0-9,0-9,1
خَفَّق,khafaq,khaffaq,False,6,6,0-9,0-9,3
عَظْمِة لسيَان,3admit lsaani,3admit lsaani,True,14,13,10-19,10-19,5
اِظِيل,daayil,daayil,True,6,6,0-9,0-9,4
قَرْوِش,qruush,qruush,True,7,6,0-9,0-9,3
عَول,3awwil,3awwil,True,4,6,0-9,0-9,4
اِخْتِيَار,2ikhtiyaar,2ikhtiyaar,True,10,10,10-19,10-19,1
بْوَجَّا,booja,booja,True,8,5,0-9,0-9,5
شَفِّط,shaffat,shaffat,True,6,7,0-9,0-9,3
هَوِّيِّة,hawiyye,hawiyye,True,9,7,0-9,0-9,2
يبَيِّس,yiibas,ybayyis,False,7,6,0-9,0-9,2
اِلْتَقَط,2iltaqat,2iltiqit,False,9,8,0-9,0-9,1
مْرَاوَبِة,mraawbe,mraawbe,True,10,7,10-19,0-9,5
غَدَر,ghadar,ghadar,True,5,6,0-9,0-9,1
بِنَاطِيل,banaatiil,banaatiil,True,9,9,0-9,0-9,2
شَنْدِل,shandil,shandal,False,7,7,0-9,0-9,3
عَرْقِيِّة,3irqiyye,3arqiyye,False,10,8,10-19,0-9,4
كتكتكتوَا عني الغبرة,katkatuu 3anni 2ilghabara,katkatuu 3anni 2ilghabara,True,20,25,20-29,20-29,2
يِنِسْجِم,yinsijim,yinsijim,True,9,8,0-9,0-9,5
نَحَّاسِي,nu7aasi,nu7aasi,True,9,7,0-9,0-9,5
شَابُط,shaabit,shaabit,True,6,7,0-9,0-9,5
اِنْتَقَم,2intaqam,2intaqam,True,9,8,0-9,0-9,2
يُطْمُع,ytammi3,ytammi3,True,7,7,0-9,0-9,5
خُمْرَة,khamra,khamra,True,7,6,0-9,0-9,4
رُدّ,radd,rudd,False,4,4,0-9,0-9,4
نَوَر,nawwir,nawwar,False,5,6,0-9,0-9,4
اِنْتِلِي,2itnayyal,2intili,False,9,9,0-9,0-9,4
اِنْتِهي,2intahi,2intihi,False,8,7,0-9,0-9,4
غَيَّبَت الدَّنَاي,ghayyabat 2iddinya,ghayyabat 2iddinya,True,18,18,10-19,10-19,5
شَتِت,shattat,shattit,False,5,7,0-9,0-9,5
يْؤسِّس,y2assis,y2assis,True,7,7,0-9,0-9,3
مفتحت العودَاة,miftaa7 2il3oode,mifta7it 2il3awdaa,False,14,16,10-19,10-19,5
صَبَّر,sabbir,sabbar,False,6,6,0-9,0-9,1
طَشْتَة,tishte,tashte,False,7,6,0-9,0-9,3
سْطُولِة,stuule,stuule,True,8,6,0-9,0-9,1
خُلْطَة,khalta,khalta,True,7,6,0-9,0-9,3
عَبّى رَاس,3abba raaso,3abba raaso,True,10,11,10-19,10-19,3
اِتْلَاقَى,2itlaaqa,2itlaaqa,True,10,8,10-19,0-9,1
يِتَدَلْدَق,yiddalda2,yiddalda2,True,11,9,10-19,0-9,3
اِسْتَعْلَم,2ista3lim,2ista3lam,False,11,9,10-19,0-9,1
يهَوهِو,yhawhiw,yhawhiw,True,7,7,0-9,0-9,4
دَبَّك,dabbik,dabbik,True,6,6,0-9,0-9,2
يتْلَائَم,yitlaa2am,yitlaa2am,True,9,9,0-9,0-9,2
اِدْفُش,2idfish,2idfashsh,False,7,7,0-9,0-9,4
مش عَاجبك روح اِنْطح رَاسك لحيط,mish 3aadjbak ruu7 2inta7 raasak bil7eet,mish 3aajbak ruu7 2inta7 lsawak bil7eet,False,31,40,30-39,40-49,3
قَلَادِة العصملي,qgilaadit 2il3ismalli,qgilaadit 2il3ismalli,True,16,21,10-19,20-29,5
طَوَال,twaal,twaal,True,6,5,0-9,0-9,3
أَضْرِب,2adrab,2adrab,True,7,6,0-9,0-9,5
يبَهْبَط,ybahbit,ybahbit,True,8,7,0-9,0-9,5
شَاب شعر رَاسِي,shaab sha3ir raasi,shaab sha3ir raasi,True,15,18,10-19,10-19,2
وَاجِى,waaja,waaja,True,6,5,0-9,0-9,5
مْلَعْوَن,mal3uun,mal3uun,True,9,7,0-9,0-9,5
اِنْـتَصِر,2intasar,2intasar,True,10,8,10-19,0-9,3
مَنُوي,manawi,manawi,True,6,6,0-9,0-9,5
يتْشَعْلَق,yitsha3laq,yitsha3laq,True,10,10,10-19,10-19,2
سِبِق,sabaqq,sabbaqk,False,5,6,0-9,0-9,4
مْقَرْوَنِة,maqruune,maqruune,True,11,8,10-19,0-9,2
وِحْوَح,wa7wa7,wa7wi7,False,7,6,0-9,0-9,5
تَفَسُّدي,tafsiid,tafsiid,True,9,7,0-9,0-9,2
تَذْبَل,2iddabbal,2iddabbal,True,7,9,0-9,0-9,5
يمَرِّش,yumrush,yumrush,True,7,7,0-9,0-9,2
اِنْعَزِم,2in3izim,2in3izim,True,9,8,0-9,0-9,5
مُلّ,mill,mill,True,4,4,0-9,0-9,3
اِلْزِم,2ilzim,2ilzim,True,7,6,0-9,0-9,2
يْبَقْوِر,ybaqwir,ybaqwir,True,9,7,0-9,0-9,2
نِفّ,naff,niff,False,4,4,0-9,0-9,2
تَجَبُّح,tbajja7,tjabba7,False,8,7,0-9,0-9,4
سِيبِن,saybin,saybin,True,6,6,0-9,0-9,4
خْاسِع,khaasi3,khaasi3,True,6,7,0-9,0-9,5
دَارَع,daara3,daari3,False,6,6,0-9,0-9,2
بَاع العِشْرِة,baa3 2il3ishra,baa3 2il3ishre,False,14,14,10-19,10-19,2
مَبْرَك وعَى الكَسَوّ,mabruuk 3ala siwaak,mabruuk 3ala siwaak,True,21,19,20-29,10-19,5
اِسْتَرِقّ,2istaraqq,2istaraqq,True,10,9,10-19,0-9,2
يحَتْحِت,y7at7it,y7at7it,True,8,7,0-9,0-9,1
يتْصَيَّد,yitsayyad,yitsayyad,True,9,9,0-9,0-9,2
اِدْحَر,2id7ar,2id7ar,True,7,6,0-9,0-9,1
يشَمِّت,yishmit,yishmit,True,7,7,0-9,0-9,1
اِخْطَف,2ukhtuf,2ukhtuf,True,7,7,0-9,0-9,4
يِتْجَلْعَص,yitja3las,yitdjal3as,False,11,9,10-19,0-9,2
رَكُّود,rukuud,rukuud,True,7,6,0-9,0-9,5
هَوَّا,hawa,hawa,True,6,4,0-9,0-9,2
مَسْكِن,musakkin,musakkin,True,7,8,0-9,0-9,2
مِتْعَمْشَق,mit3amshiq,mit3amshiq,True,11,10,10-19,10-19,5
مَقْطَف,maqtaf,mqattif,False,7,6,0-9,0-9,5
بَالذمِة,bizzimme,bizzimme,True,8,8,0-9,0-9,3
اِتْخَبَّص,2itkhabbas,2itkhabbas,True,10,10,10-19,10-19,1
خُبِز عَوصِي,khubiz 3awiis,khubiz 3awiis,True,12,13,10-19,10-19,4
مُسْتَقْتَل,mistaqtil,mustaqtil,False,11,9,10-19,0-9,1
جَقِّر,jaqar,jaqkar,False,6,5,0-9,0-9,3
كَائِبَات,2ikti2aab,2ikti2aab,True,9,9,0-9,0-9,3
يْوَقِّف,ywaqqif,yuuqaf,False,8,7,0-9,0-9,4
زَيِّة قُفّ الدهوة,zayy qkuffit 2iddahwe,zayy qkuffit 2iddahwe,True,18,21,10-19,20-29,5
تَفَاوُض,tfaawad,tfaawad,True,8,7,0-9,0-9,2
سِلِف,sallif,sallaf,False,5,6,0-9,0-9,4
قَلَع,qala3,qalla3,False,5,5,0-9,0-9,1
يطُشّ,ytushsh,ytushsh,True,5,7,0-9,0-9,1
يِحَتْفِل,yit7atfil,yi7tifil,False,9,9,0-9,0-9,5
بُوَاجِيب,bawaabiij,bawaajiib,False,9,9,0-9,0-9,5
مَسْلِخ,maslakh,msallikh,False,7,7,0-9,0-9,4
أُوَائِل,2awaa2il,2awaa2il,True,8,8,0-9,0-9,3
ينَتِّش,ynattish,yintish,False,7,8,0-9,0-9,1
مْحَسوم,ma7suummakhsuum,ma7suum,False,7,15,0-9,10-19,4
طَور,tawwar,tawwir,False,4,6,0-9,0-9,4
تَمْخُر,tmakhtar,tmakhkhar,False,7,8,0-9,0-9,4
جَدَعْنِة,jad3ane,jad3ane,True,9,7,0-9,0-9,4
خِنَانِيص,khanaaniis,khanaaniis,True,9,10,0-9,10-19,2
تْبَسَّط,tbassat,tbassat,True,8,7,0-9,0-9,1
تِسْقَاط,tsaaqat,tsaaqat,True,8,7,0-9,0-9,5
تْوَسْوَس,twaswas,twaswas,True,9,7,0-9,0-9,1
سَكْوِك,sakwak,sakwik,False,7,6,0-9,0-9,2
اِرْعِش,2ir3ish,2ir3ish,True,7,7,0-9,0-9,1
يْكَلْكِع,ykalki3,ykalki3,True,9,7,0-9,0-9,2
عْوَامِة,3awwame,3awwame,True,8,7,0-9,0-9,3
تَجَبُّد,tjabbad,tjabbad,True,8,7,0-9,0-9,2
فُوق فَوق,fooq fooq,fooq fooq,True,9,9,0-9,0-9,2
شَيْطَان,shaytaan,shaytaan,True,8,8,0-9,0-9,2
يْعَايي,y3aayi,y3aayi,True,7,6,0-9,0-9,5
تَهَرُّبِي,tahriib,tahriib,True,10,7,10-19,0-9,5
يِنْقَصَف,yinqisif,yinqisif,True,9,8,0-9,0-9,4
يتَزْفِت,yitzaffat,yitzaffat,True,8,9,0-9,0-9,2
هَنْدِم,handim,handam,False,7,6,0-9,0-9,3
تِحْسَاب,ta7assuban,ta7assuban,True,8,10,0-9,10-19,1
جَحْرَة,ja7ra,ja7ra,True,7,5,0-9,0-9,2
يعَنِّف,y3anfis,y3annif,False,7,7,0-9,0-9,3
اِنْحِرِق,2in7araq,2in7araq,True,9,8,0-9,0-9,4
نَشِّل,nashal,nashshil,False,6,6,0-9,0-9,4
شَلَفِة,shalfe,shalfe,True,7,6,0-9,0-9,2
ينَهِّف,ynahhif,yinhaf,False,7,7,0-9,0-9,1
جَاهّ,jaah,jaah,True,5,4,0-9,0-9,3
حَبَّر,7abbir,7abbar,False,6,6,0-9,0-9,1
يعَطِّل,y3attil,y3attil,True,7,7,0-9,0-9,2
اِنْتِظِر,2intizir,2intazar,False,9,8,0-9,0-9,2
تُرْجُمِة,tarjame,turjume,False,9,7,0-9,0-9,2
تَمَاثِيل,tamaasiil,tamaasiil,True,9,9,0-9,0-9,1
مْبَرْمَط,mbartim,mbarmit,False,9,7,0-9,0-9,5
عبَاب الله,3abaab 2alla,3abaab 2alla,True,10,12,10-19,10-19,1
مْشَرْقَم,mshaqkram,msharqim,False,9,9,0-9,0-9,5
يتْعَجَّل,yit3ajjal,yit3ajjal,True,9,9,0-9,0-9,2
يبْدَا,yibda,yibda,True,6,5,0-9,0-9,4
حُجّة,7ijje,7ijje,True,5,5,0-9,0-9,5
اِسْتَنْهَف,2istanhif,2istanhaf,False,11,9,10-19,0-9,1
أَكَمِّن,2amkan,2akman,False,8,6,0-9,0-9,4
اِرِتْبَاط,2irtibaat,2irtibaat,True,10,9,10-19,0-9,5
يُخْلُف,yikhlaf,yikhlif,False,7,7,0-9,0-9,4
اِسْتَغْمَق,2istaghmaq,2istaghmiq,False,11,10,10-19,10-19,2
عَصّى,3asa,3asa,True,5,4,0-9,0-9,5
قَوِّش,quush,qkawwash,False,6,5,0-9,0-9,2
اِتْلَقّفَن,2itlaqqan,2itlaqqan,True,11,9,10-19,0-9,3
حَبّ,7ubb,7ibb,False,4,4,0-9,0-9,1
ذَاهِب,2izhab,2izhab,True,6,6,0-9,0-9,4
تْقَرْدَن,tqardan,tqardan,True,9,7,0-9,0-9,1
ينَطْبِل,yintibil,yintibil,True,8,8,0-9,0-9,5
حَلَّش,7alash,7alash,True,6,6,0-9,0-9,2
يِنْحِب,yin7abb,yin7abb,True,7,7,0-9,0-9,5
تَنْخِيل,tankhiil,tankhiil,True,8,8,0-9,0-9,1
يَتْشَفَى,yitshaffa,yitshaffa,True,9,9,0-9,0-9,4
كُمَّاك,kamaaki,kamaaki,True,7,7,0-9,0-9,4
لَغْمَصَة,laghmasa,laghmasa,True,9,8,0-9,0-9,1
يِتْجَافَش,yiddaafash,yitjaafash,False,10,10,10-19,10-19,5
اِنْشِطِب,2inshatab,2inshatab,True,9,9,0-9,0-9,4
سُعْوَة,s3awa,s3awa,True,7,5,0-9,0-9,5
يِتَعَازَم,yit3aazam,yit3aazam,True,10,9,10-19,0-9,4
يقَرِّص,yuqrus,yiqrus,False,7,6,0-9,0-9,3
هُبُوط اِضْطِرَارِيّ,hubuut 2ittiraari,hubuut 2ittiraari,True,20,17,20-29,10-19,1
مْعَازِيم,ma3aaziim,ma3aaziim,True,9,9,0-9,0-9,3
نَحْوِر,nu7uur,nu7uur,True,7,6,0-9,0-9,3
نَضْوِة,nadwe,nadwe,True,7,5,0-9,0-9,1
تَكْرِن,takrin,takrin,True,7,6,0-9,0-9,3
مْخَرِّز,makhraz,mikhraz,False,8,7,0-9,0-9,2
تَشَجُّع,tshajja3,tshajja3,True,8,8,0-9,0-9,2
أَرَاجْلِي,2araagiil,2araagiil,True,10,9,10-19,0-9,2
يسْتَعْجِل,yista3jil,yista3jil,True,10,9,10-19,0-9,3
بَيت خُرَاب,beet kharaab,beet kharaab,True,11,12,10-19,10-19,3
جَمْرِة القِيم,jamrit 2ilmayy,jamrit 2ilqiime,False,14,14,10-19,10-19,5
تْمِضْمِض,tmadmad,tmadmad,True,9,7,0-9,0-9,4
أَبُو طَاحُونِة,2abu taa7uune,2abu taa7uune,True,15,13,10-19,10-19,2
طَابْو,taabo,taabo,True,6,5,0-9,0-9,4
سَكْنَاج,saknaaj,saknaaj,True,8,7,0-9,0-9,1
اِنْقُش,2inqashsh,2unqush,False,7,9,0-9,0-9,3
يعَلِّن,yi3lin,y3allin,False,7,6,0-9,0-9,2
عَلِّق,3allaq,3alliq,False,6,6,0-9,0-9,1
اُشْعُط,2ish3at,2ish3at,True,7,7,0-9,0-9,2
مْسَمَّكِة,mismake,masmake,False,10,7,10-19,0-9,3
دَكَتْرَة,daktara,daktara,True,9,7,0-9,0-9,5
شْهُرِّيِّة,shahriyye,shahriyye,True,11,9,10-19,0-9,4
يْحَرِّم,yi7ram,yi7ram,True,8,6,0-9,0-9,5
مَزْطَم,mzattam,mzattam,True,7,7,0-9,0-9,3
اِتْعَاَط,2it3aataf,2it3aatash,False,9,9,0-9,0-9,5
اِنْفَرَض,2infarad,2infirid,False,9,8,0-9,0-9,3
صَمِيرُه حَيض,damiiro si7i,samiiro 7ariid,False,13,12,10-19,10-19,2
اِتْبَلَّح,2itballa7,2itballa7,True,10,9,10-19,0-9,2
مْرُوح,mrawwi7,mrawwi7,True,6,7,0-9,0-9,3
خَجّ,jukhkh,jakhkh,False,4,6,0-9,0-9,5
يِزْعَل,yiz3al,yza33il,False,7,6,0-9,0-9,3
قَرْط,qarrat,qarrit,False,5,6,0-9,0-9,4
يِخْرُق,yikhruq,yukhruq,False,7,7,0-9,0-9,4
تَوَّه,tawwih,tawwah,False,6,6,0-9,0-9,1
جَقَر,jaqkar,jaqkar,True,5,6,0-9,0-9,2
رَبَي,rabbi,rabbi,True,5,5,0-9,0-9,5
مَمْرِق,2immarriq,2immarraq,False,7,9,0-9,0-9,4
بِدّ,bidd,badd,False,4,4,0-9,0-9,2
اِحْتَضَان,2i7tidaan,2i7tidaan,True,10,9,10-19,0-9,3
بيشتري سكوته,byishtiri skuuto,byishtiri skuuto,True,12,16,10-19,10-19,4
اِنْغِمِر,2inghimir,2inghamar,False,9,9,0-9,0-9,3
شِيخ,sheekh,sheekh,True,4,6,0-9,0-9,2
يِغْنَم,yighnam,yghannim,False,7,7,0-9,0-9,4
فُسَّاد,fasaad,fassaad,False,7,6,0-9,0-9,5
اِبْزَرّ,2ubzur,2ubzur,True,8,6,0-9,0-9,5
يجَرِّس,yjarris,yjarris,True,7,7,0-9,0-9,2
فُكُح,faka7,fakka7,False,5,5,0-9,0-9,5
كُرْمَشِة,karmashe,karmashe,True,9,8,0-9,0-9,3
مْتَنِّن,mtannin,mtannin,True,8,7,0-9,0-9,1
تْحَسَّر,t7assar,t7assar,True,8,7,0-9,0-9,1
لَبِس,labbas,labbis,False,5,6,0-9,0-9,5
دَهِن,dahhan,dahhin,False,5,6,0-9,0-9,4
لَغْمَط,laghmit,laghmit,True,7,7,0-9,0-9,2
كَبْشِة,kabshe,kabshe,True,7,6,0-9,0-9,1
نُفُوذ,nufuuz,nufuuz,True,6,6,0-9,0-9,1
فُطَّير,ftiir,ftiir,True,7,5,0-9,0-9,3
يثَبِّت,ysabbit,yisbit,False,7,7,0-9,0-9,2
اِتَدَهْلَز,2iddahlaz,2iddahlaz,True,11,9,10-19,0-9,2
غَالَى,ghaala,ghaala,True,6,6,0-9,0-9,2
طَاطي,taati,taati,True,5,5,0-9,0-9,2
يطَفِّش,ytaffish,ytaffish,True,7,8,0-9,0-9,3
مْعَالِيط,ma3aaliit,ma3aaliit,True,9,9,0-9,0-9,5
وُصُولِيِّة,wusuuliyye,wusuuliyye,True,11,10,10-19,10-19,1
عُمِّي,3umi,3umi,True,6,4,0-9,0-9,5
اِشْحَط,2ish7at,2ish7at,True,7,7,0-9,0-9,1
حِصَاوِي,7asaawi,7asaawi,True,8,7,0-9,0-9,5
اُنْكُح,2inka7,2inka7,True,7,6,0-9,0-9,3
عَالِق,2i3laq,3aaliq,False,6,6,0-9,0-9,5
غزَالته سَارحة,ghazaalto saar7a,ghazaalto saar7a,True,14,16,10-19,10-19,2
يِمْعَس,yim3as,yim3as,True,7,6,0-9,0-9,2
تَاخُل عظمُك,titkhalkhal 3dhaamak,taakhil 3azamak,False,12,20,10-19,20-29,3
مْدَهْوِش,madhuush,madhuush,True,9,8,0-9,0-9,2
اِتْعَكَز,2it3akkaz,2it3akkaz,True,9,9,0-9,0-9,5
تْضَبَّع,tbadda3,2iddabba3,False,8,7,0-9,0-9,4
مِصْلَحَة,musla7a,masla7a,False,9,7,0-9,0-9,3
عَشَا الميت,3asha 2ilmiyyit,3asha 2ilmiyyit,True,11,15,10-19,10-19,2
حَجَم,7ajjam,7ajjim,False,5,6,0-9,0-9,3
تْقُصَف,tqassaf,tqassaf,True,7,7,0-9,0-9,5
عَزِّم,3azzam,3azzim,False,6,6,0-9,0-9,2
اِفْزِر,2ifzur,2ifzur,True,7,6,0-9,0-9,3
يشُقّ,yshuqq,yshuqq,True,5,6,0-9,0-9,1
دَامِر الغَور,daamir 2ilghoor,daamir 2ilghoor,True,13,15,10-19,10-19,1
اِضْطِرِيَّار,2ittiraari,2ittiraari,True,13,10,10-19,10-19,5
يِسْتَقْيَم,yistaqiim,yistaqiim,True,11,9,10-19,0-9,4
تَسْعَة,tis3a,tis3a,True,7,5,0-9,0-9,1
يصَبْصِب عَرَق,ysabsib 3araq,ysabsib 3araq,True,14,13,10-19,10-19,1
مْفَطْوَم,maftuum,maftuum,True,9,7,0-9,0-9,5
يِمْسِد,ymassid,ymassid,True,7,7,0-9,0-9,4
يِتْفَضَى,yitfadda,yitfadda,True,9,8,0-9,0-9,4
نَخِر,nakhar,nakhkhir,False,5,6,0-9,0-9,4
اِتَشَغَّل,2itshaghghal,2itshaghghal,True,10,12,10-19,10-19,2
رَوِّش,riwish,rawwash,False,6,6,0-9,0-9,2
مْهَرْوَس,mahruus,mahruus,True,9,7,0-9,0-9,3
ضَيَّاق,dayaaq,dyaaq,False,7,6,0-9,0-9,1
اِتْرَصَّب,2itrabbas,2itrabbas,True,10,9,10-19,0-9,3
زُفّ,zaff,ziff,False,4,4,0-9,0-9,3
نَسَّف,nassaf,nassif,False,6,6,0-9,0-9,3
اِسْتَشِير,2istashiir,2istashiir,True,10,10,10-19,10-19,1
يِتْبَجْبَر,yitbarbadj,yitbarbadj,True,11,10,10-19,10-19,4
يقَلْقِش,ybalqish,yqkalqish,False,8,8,0-9,0-9,5
زَيَّت,zeeti,zeet,False,6,5,0-9,0-9,5
يُقَالِب,yqaalib,yqaalib,True,8,7,0-9,0-9,5
بَلْقِع,balqi3,balqa3,False,7,6,0-9,0-9,4
يغَمِّض,yighmad,yghammid,False,7,7,0-9,0-9,3
اُقْصُم,qaamis,2iqmis,False,7,6,0-9,0-9,5
طَبْعَة,tub3a,tab3a,False,7,5,0-9,0-9,1
يَا حَلَاوِة,yaa 7alaawa,yaa 7alaawa,True,12,11,10-19,10-19,1
يرَقِّط,yqarrit,yra22it,False,7,7,0-9,0-9,5
صَلْطَم,saltim,saltam,False,7,6,0-9,0-9,1
فَوَاتِير,fawaatiir,fawaatiir,True,9,9,0-9,0-9,1
رِبْحَان,rab7aan,rab7aan,True,8,7,0-9,0-9,2
نِحَاس,na77aas,nu7aas,False,6,7,0-9,0-9,4
اُعْوَر,2i3wir,2i3wir,True,7,6,0-9,0-9,5
تْسِرْسِح,tsarsa7,tsarsa7,True,9,7,0-9,0-9,4
سَمُّه عقَد,sama3o 3aqaddo,sammo 3aqaddo,False,11,14,10-19,10-19,4
كَاحِش,kaa7ish,kaa7ish,True,6,7,0-9,0-9,1
اِتْفَبْرَك,2itfabrak,2itfabrak,True,11,9,10-19,0-9,2
نَقِّط,naqqat,nuqat,False,6,6,0-9,0-9,2
بَيَّع,bii3,bayyi3,False,6,4,0-9,0-9,2
طُاز,taaz,taaz,True,4,4,0-9,0-9,4
بَوِّج,buwaj,buwaj,True,6,5,0-9,0-9,2
رَوَّض,rawwid,rawwad,False,6,6,0-9,0-9,1
مَدَّح,maddi7,mada7,False,6,6,0-9,0-9,2
لْسَانه بينقِّط سَمّ,lsano binaqqit samm,lsano binaqqit samm,True,20,19,20-29,10-19,1
يِكْبِك,ykabkib,ykabkib,True,7,7,0-9,0-9,2
يْؤجِّل,y2ajjil,y2ajjil,True,7,7,0-9,0-9,4
طُنُش,tannash,tannish,False,5,7,0-9,0-9,5
هَدَد,haddid,haddid,True,5,6,0-9,0-9,3
يِسْتَقْبَل,yistaqbil,yistaqbil,True,11,9,10-19,0-9,2
تِدْرَع,2iddara3,2iddara3,True,7,8,0-9,0-9,5
دَوهِش,doohish,doohish,True,6,7,0-9,0-9,2
مْقَتَّر,mqattir,mqattir,True,8,7,0-9,0-9,1
كَرِم,karram,karram,True,5,6,0-9,0-9,5
تْوَهَان,tawahaan,tawahaan,True,8,8,0-9,0-9,4
مْقَلَّوبِة,maqluube,maqluube,True,11,8,10-19,0-9,4
مْسَوَّس,msawwis,msawwis,True,8,7,0-9,0-9,4
جَفَّر,fajjir,fajjar,False,6,6,0-9,0-9,1
اِنْعَس,2in3as,2in3as,True,7,6,0-9,0-9,1
إِسْلِمَا,2islaam,2islaam,True,9,7,0-9,0-9,2
يِنْدَلّ,yindall,yindall,True,8,7,0-9,0-9,1
مَدَاوَاة,mudaawa,mudaawaa,False,9,7,0-9,0-9,4
يْبُخّ,ybukhkh,ybukhkh,True,6,7,0-9,0-9,3
يِنْبَرِق,yinbiriq,yinbiriq,True,9,8,0-9,0-9,3
خُزَّى,khaza,khazza,False,6,5,0-9,0-9,5
زَعَب,3izab,za33ab,False,5,5,0-9,0-9,5
دَوَّخ,duukh,dawwakh,False,6,5,0-9,0-9,1
اِرْكَض,2irkud,2irkud,True,7,6,0-9,0-9,4
أَوْفى,2awfa,2awfa,True,6,5,0-9,0-9,3
دُوَاهِي,dawaahi,dawaahi,True,8,7,0-9,0-9,5
شِبِح,shabbi7,shabbi7,True,5,7,0-9,0-9,5
رَكَّز,rikiz,rakkaz,False,6,5,0-9,0-9,1
تَكَون,tkawwan,tkawwan,True,6,7,0-9,0-9,5
وِحْوَح,wa7wi7,wa7wi7,True,7,6,0-9,0-9,5
حُصَا,7aas,7aas,True,5,4,0-9,0-9,5
مْبَحِّط,mba77it,mba77it,True,8,7,0-9,0-9,1
سَخْوِل,skhuul,skhuul,True,7,6,0-9,0-9,4
وَنْوِن,wanwan,wanwan,True,7,6,0-9,0-9,2
رِشِم,rasham,rasham,True,5,6,0-9,0-9,5
يمَطِّر,yimtir,ymattir,False,7,6,0-9,0-9,4
مَسْمَى,musamma,musamma,True,7,7,0-9,0-9,1
اِسْتَهْتِر,2istahtir,2istahtar,False,11,9,10-19,0-9,3
اِنْقِرِم,2inqirim,2inqirim,True,9,8,0-9,0-9,3
تُنْكُد,tnakkad,tnakkad,True,7,7,0-9,0-9,5
شَمِّل,shimil,shammil,False,6,6,0-9,0-9,2
مْسَاكِن,masaakin,masaakin,True,8,8,0-9,0-9,4
زَتّ,tazz,zitt,False,4,4,0-9,0-9,3
اِتَّيَتَّم,2ityattam,2ityattam,True,11,9,10-19,0-9,3
أُصْحَابِين,2as7aabiin,2as7aabiin,True,11,10,10-19,10-19,5
فَكّ,fikk,fakk,False,4,4,0-9,0-9,2
أَبو صُرَّة,2abu surra,2abu surra,True,11,10,10-19,10-19,2
أَدْغِم,2adgham,2adgham,True,7,7,0-9,0-9,5
سِفِرْطَاس,safirtaas,safirtaas,True,10,9,10-19,0-9,5
غَبِّر,ghubur,ghabbir,False,6,6,0-9,0-9,1
يِتَنَابُز,yitnaabaz,yitnaabaz,True,10,9,10-19,0-9,5
اِلْتَهِب,2iltihib,2iltihib,True,9,8,0-9,0-9,3
عَرُّوسِة,3aruuse,3aruuse,True,9,7,0-9,0-9,5
أُلُوَّاح,2alwaa7,2alwaa7,True,9,7,0-9,0-9,4
صَفَح,saf7,fassa7,False,5,4,0-9,0-9,1
يِقَاهِر,yqaahir,yqaahir,True,8,7,0-9,0-9,4
فَرِّم,farim,farram,False,6,5,0-9,0-9,3
اِنْخِفِي,2inkhifi,2inkhifi,True,9,8,0-9,0-9,1
مْعَلَّب,m3allab,m3allab,True,8,7,0-9,0-9,1
اِتْلَوَّق,2itlawwaq,2itlawwaq,True,10,9,10-19,0-9,1
عَلَى قَلْبُه أَحْلَى مِن العَس,3ala qalbo 2a7la min 2il3asal,3ala qalbo 2a7la min 2il3asal,True,31,29,30-39,20-29,3
يجَبِّر خَاطِر,yijbur khaatir,yijbur khaatir,True,14,14,10-19,10-19,5
أَمْجَاد,2amjaad,2amjaad,True,8,7,0-9,0-9,2
حَيْوَان,7ayawaan,7aywaan,False,8,8,0-9,0-9,1
اُسُم,2usum,2isim,False,5,5,0-9,0-9,2
فُقْسِة,faqse,faqse,True,7,5,0-9,0-9,2
يِتْسَرَّع,yitsarra3,yitsarra3,True,10,9,10-19,0-9,1
خُنْطُلِّة,khantale,khantale,True,10,8,10-19,0-9,4
أُصُوَّات,2aswaat,2aswaat,True,9,7,0-9,0-9,2
تْذَبَل,2iddabbal,2iddabbal,True,7,9,0-9,0-9,3
تُحْرُم,t7arram,t7arram,True,7,7,0-9,0-9,3
سْيُطُر,saytar,saytir,False,7,6,0-9,0-9,4
خِلَايَا,khalaaya,khalaaya,True,8,8,0-9,0-9,2
طَوَب,tawwab,tawwab,True,5,6,0-9,0-9,5
شَنِّص,shans,shannis,False,6,5,0-9,0-9,3
مِتْطَفَّل,mutataffil,mutataffil,True,10,10,10-19,10-19,3
طَبْقَة,tabaqa,tabaqa,True,7,6,0-9,0-9,4
يِظْلَل,yzallil,yzallil,True,7,7,0-9,0-9,5
حُجِّة بحَاجِة,7ujje b7aaje,7ujje b7aaje,True,14,12,10-19,10-19,1
يْبَحْلِق,yba7liq,yba7liq,True,9,7,0-9,0-9,2
قْرُوص,qarwas,qarwis,False,6,6,0-9,0-9,4
عَايِّي,3aayi,3aayi,True,7,5,0-9,0-9,4
اُهْلُص,2ihlas,2uhlus,False,7,6,0-9,0-9,2
أَجَل,2ajjal,2ajjill,False,5,6,0-9,0-9,3
يتْعَاطَى,yit3aata,yit3aata,True,9,8,0-9,0-9,2
مَسْأَلَة,mas2ale,mas2ale,True,9,7,0-9,0-9,5
اِسْلُم,2islam,2islim,False,7,6,0-9,0-9,3
بْطّ,butt,butt,True,4,4,0-9,0-9,5
يبِلْعِط,ybal3it,ybal3it,True,8,7,0-9,0-9,4
صِبِح,subi7,sabbi7,False,5,5,0-9,0-9,5
قَيش,qayyish,qayyash,False,4,7,0-9,0-9,4
يتَسَلُّف,yitsallaf,yitsallaf,True,9,9,0-9,0-9,3
لِحِش,la7ash,la77ash,False,5,6,0-9,0-9,5
اِتْمَسْخَط,2itsakhmat,2itmaskhat,False,11,10,10-19,10-19,5
اِشْفَع,2ishfa3,2ishfa3,True,7,7,0-9,0-9,1
خَبَط,khabat,khabbit,False,5,6,0-9,0-9,1
آخْرَة,2aakhre,2aakhre,True,6,7,0-9,0-9,3
بَلْبَع,balbi3,balba3,False,7,6,0-9,0-9,1
اِحْـتِلَام,2i7tilaam,2i7tilaam,True,11,9,10-19,0-9,4
مُصْلَطِم,msaltim,msaltim,True,9,7,0-9,0-9,4
تَهَزُّز,thazzaz,thazzaz,True,8,7,0-9,0-9,2
بَقْعَة,buq3a,buq3a,True,7,5,0-9,0-9,2
سَيَّر,sayyir,siir,False,6,6,0-9,0-9,2
رِشِح,rashi7,rashshi7,False,5,6,0-9,0-9,5
اِسْتَوْطَى حَيطك,2istawti 7eetak,2istawti 7eetak,True,17,15,10-19,10-19,3
بِدِع,buda3,baddi3,False,5,5,0-9,0-9,4
يْزَرْقِن,yzargin,yzargin,True,9,7,0-9,0-9,3
أَكلته منفوسة,2akilto manfuuse,2akilto manfuuse,True,13,16,10-19,10-19,1
مَرِش,marash,marash,True,5,6,0-9,0-9,2
طَنِة ورنِة,tanne wranne,tanne wranne,True,11,12,10-19,10-19,2
اِمْرَقّ,2umruq,2umruq,True,8,6,0-9,0-9,5
بِكَاء,bukaa2,bukaa2,True,6,6,0-9,0-9,3
هَمَش,hammish,hammash,False,5,7,0-9,0-9,1
قِصْقِص,qasqis,qasqis,True,7,6,0-9,0-9,4
غَبْغِبِة,ghabghabe,ghabghabe,True,9,9,0-9,0-9,5
ربطتله,rabatatlo,rabatatlo,True,6,9,0-9,0-9,1
مَجْرُوح,majruu7,majruu7,True,8,7,0-9,0-9,1
مْتَنَّن,mtannin,mtannin,True,8,7,0-9,0-9,2
ينَتِّش,yuntush,yintish,False,7,7,0-9,0-9,1
يِتْفَعَّر,yitfarra3,yitfarra3,True,10,9,10-19,0-9,4
فُنَادَق,fanaadiq,fanaadiq,True,8,8,0-9,0-9,5
يِلْفَع,ylaffi3,yilfa3,False,7,7,0-9,0-9,2
الخَالِق النَّقَاطِق,2ilkhaaliq 2innaatiq,2ilkhaaliq 2innaatiq,True,20,20,20-29,20-29,4
زَعَّق,3azak,za33aqk,False,6,5,0-9,0-9,5
مْرَهْدِل,mrahdal,mrahdal,True,9,7,0-9,0-9,2
نَسِق,nasaq,nassiq,False,5,5,0-9,0-9,5
يِقْلَح,yuqludj,yqalli7,False,7,7,0-9,0-9,2
بُوبّ,bawwib,bawwib,True,5,6,0-9,0-9,5
يِغْبَر,yghabbir,yghabbir,True,7,8,0-9,0-9,5
عَوِّد,3awwid,3awwid,True,6,6,0-9,0-9,2
نُشَّافِة,nashshaafe,nashshaafe,True,9,10,0-9,10-19,5
رَجَّال,rijjaal,rijjaal,True,7,7,0-9,0-9,2
كِيكِة,keeka,keeka,True,6,5,0-9,0-9,2
يِنْصُر,ynassir,yinsur,False,7,7,0-9,0-9,2
يحَيِّح,y7ayyi7,y7ayyi7,True,7,7,0-9,0-9,3
طُزّ,tuzz,tazz,False,4,4,0-9,0-9,4
حُرْقَان,7araqaan,7araqaan,True,8,8,0-9,0-9,2
يِقْحِم,yqa7mish,yiq7im,False,7,8,0-9,0-9,5
اِنْزِبِع,2inzaba3,2inzaba3,True,9,8,0-9,0-9,4
نَكَّشِة رَاس,nakshit raas,nakshit raas,True,13,12,10-19,10-19,2
مُتَعَزِّر,mit3azrin,mit3azzir,False,10,9,10-19,0-9,4
رَشْتَة,rushte,rushte,True,7,6,0-9,0-9,4
اِتْبَنَّأ,2itnabba2,2itbanna2,False,10,9,10-19,0-9,4
كَوَنِي,kawni,kawni,True,7,5,0-9,0-9,3
بْيَارَة,byaara,bayyaara,False,8,6,0-9,0-9,2
أَنْفَاق,2anfaaq,2anfaaq,True,8,7,0-9,0-9,1
إِيده بركة,2iido barake,2iido birke,False,10,12,10-19,10-19,4
اِتْكَشَّح,2itkashsha7,2itkashsha7,True,10,11,10-19,10-19,4
سَامَع,saami3,saami3,True,6,6,0-9,0-9,4
يِتْمَصْوَع,yitmaswa3,yitmaswa3,True,11,9,10-19,0-9,2
اِفْتَقَر,2iftiqir,2iftaqir,False,9,8,0-9,0-9,2
إِسْعَافَات أوَّلِيِّة,2is3aafaat 2awwaliyye,2is3aafaat 2awwaliyye,True,22,21,20-29,20-29,1
يِنْعِم,yin3im,yin3am,False,7,6,0-9,0-9,3
بُدُأ,bada2,bada2,True,5,5,0-9,0-9,5
هِجِع,hadja3,hadjdji3,False,5,6,0-9,0-9,4
عُوقِي,3awqi,3awqi,True,6,5,0-9,0-9,1
يخَوِّش,ykhawwish,ykhawwish,True,7,9,0-9,0-9,1
كُز,kizz,kazz,False,3,4,0-9,0-9,5
عَالِج,3aalij,3aalij,True,6,6,0-9,0-9,1
اِحْلِش,2i7lish,2i7lish,True,7,7,0-9,0-9,1
دْمُوس,dmuus,dmuus,True,6,5,0-9,0-9,1
يشَبِّط,yushbut,yishbut,False,7,7,0-9,0-9,1
زَمَّط,zamat,zamat,True,6,5,0-9,0-9,2
عِجْرَامِي,3ajaariim,3ajaariim,True,10,9,10-19,0-9,4
يغَثْبِر,yghathbir,yghathbir,True,8,9,0-9,0-9,1
الدُّنْيَا زْمْيطَة,2iddinya zmiita,2iddinya zmiita,True,19,15,10-19,10-19,3
اِعْتَبِر,2i3tabar,2i3tabar,True,9,8,0-9,0-9,5
تْشَرْدَق,tshardaq,tshardaq,True,9,8,0-9,0-9,2
مش معروف قَرْعِة أبوهَا من وين,mish ma3ruuf qar3it 2abuuha min ween,mish ma3ruuf qar3it 2abuuha min ween,True,30,36,30-39,30-39,1
عَالشُّقُّوب,3ashshaqluub,3ashshaqluub,True,12,12,10-19,10-19,5
اِنْخَطَب,2inkhatab,2inkhatab,True,9,9,0-9,0-9,2
دَب,dabb,dubb,False,3,4,0-9,0-9,4
أُعْوَج,2a3waj,2a3waj,True,7,6,0-9,0-9,4
صَعِب,si3ib,sa33ab,False,5,5,0-9,0-9,4
يتَنَقُّر,yitnaqqar,yitnaqqar,True,9,9,0-9,0-9,4
يقَرقِع,yqarqi3ykarki3,yqarqi3ykarki3,True,7,14,0-9,10-19,4
قلبي نْطَاف,qalbi naatif,qalbi naatif,True,11,12,10-19,10-19,2
تِقْصَارِي,takaasiir,taqaasiir,False,10,9,10-19,0-9,4
خُطَّيب,khatiib,khatiib,True,7,7,0-9,0-9,2
شَايَل,shaayil,shaayil,True,6,7,0-9,0-9,2
مْعُوق,mu3awwaq,ma3wuuq,False,6,8,0-9,0-9,5
يزَكِّم,yzakkim,yzakkim,True,7,7,0-9,0-9,2
مْزَلَّق,mazliq,mazlaq,False,8,6,0-9,0-9,2
رَابِى,raaba,raaba,True,6,5,0-9,0-9,5
بتَاخْذَك عَالبِحَر وبِتْرَجْعَك عَطْشَان,btaakhdak 3alba7ar wubitraj3ak 3atshaan,btaakhdak 3alba7ar wubitraj3ak 3atshan,False,41,39,40-49,30-39,2
قِزْعَة,q2uz3a,q2uz3a,True,7,6,0-9,0-9,3
يُصْمُت,yismut,yismut,True,7,6,0-9,0-9,3
هَيْهَم,hayhum,hayhum,True,7,6,0-9,0-9,2
حَمِّيط,7amiit,7amiit,True,7,6,0-9,0-9,3
اِتْوِكِس,2itwikis,2itwakas,False,9,8,0-9,0-9,3
يكَدِّم,yikdim,ykaddim,False,7,6,0-9,0-9,4
تِدْفَح عَقَارِة,tidfa3 baqarat ju7a,tidfa7 3aqara,False,16,19,10-19,10-19,2
صَوَّر,suwar,sawwar,False,6,5,0-9,0-9,1
يتْضَخَّم,yitdakhkham,yitdakhkham,True,9,11,0-9,10-19,5
مْيَوِّل,muyuul,mayyuul,False,8,6,0-9,0-9,3
مْدَخِّل,madkhal,mudakhkhil,False,8,7,0-9,0-9,1
غِبْغِب,ghabghib,ghabghib,True,7,8,0-9,0-9,4
يِغَالِي,yghaali,yghaali,True,8,7,0-9,0-9,3
فَاشيِّة,faashiyye,faashiyye,True,8,9,0-9,0-9,3
يِتْجَاوَد,yitwaajad,yitjaawad,False,10,9,10-19,0-9,2
حَزَّن,7uzun,7azzin,False,6,5,0-9,0-9,2
يرَكِّض,yirkud,yrakkid,False,7,6,0-9,0-9,2
رَاسُه وأَلِف سَيف,raaso wu2alf seef,raaso wu2alf seef,True,18,17,10-19,10-19,3
يغَيِّم,yghayyim,yghayyim,True,7,8,0-9,0-9,1
عَطِّل,3attal,3attal,True,6,6,0-9,0-9,2
تَحْفِي الآقُر,ta7fiiz 2ilqur2aan,ta7fiif 2ilqur2aan,False,14,18,10-19,10-19,2
اِسْتَعْلِم,2ista3lam,2ista3lam,True,11,9,10-19,0-9,3
يِنْسَفِخ,yinsifikh,yinsifikh,True,9,9,0-9,0-9,2
مُقَدِّم,muqaddam,muqaddam,True,8,8,0-9,0-9,3
جَوَّانِح,jawaani7,jawaani7,True,9,8,0-9,0-9,3
زِمّ,mazz,zimm,False,4,4,0-9,0-9,3
اِنْسِجِن,2insijan,2insijin,False,9,8,0-9,0-9,2
لِدِن,laddin,laddan,False,5,6,0-9,0-9,4
كَرْهَب,karhab,karhib,False,7,6,0-9,0-9,1
كْوَفَّل,koofal,koofil,False,8,6,0-9,0-9,5
أَلَيِّم,2aliim,2aliim,True,8,6,0-9,0-9,5
هَوَّل,hawwil,hawwil,True,6,6,0-9,0-9,2
اِنِمْزِج,2inmizij,2inmizij,True,9,8,0-9,0-9,5
تَلَا,tala,tala,True,5,4,0-9,0-9,1
فش حدَا الي عليه ضربة لَازِم,fishsh 7ada 2ili 3alee darbit laazim,fishsh 7ada 2ili 3alee darbit lazim,False,28,36,20-29,30-39,1
كِفِت,kaffit,kaffat,False,5,6,0-9,0-9,4
لَبى,labba,labba,True,4,5,0-9,0-9,3
مْهَمَّوم,mahmuum,mahmuum,True,9,7,0-9,0-9,2
مَحْجوُر,ma7juur,ma7juur,True,8,7,0-9,0-9,4
يِتْعَوَّث,yitwassaq,yitwassa3,False,10,9,10-19,0-9,5
أَقده لعبي وأطلع منه,2aqiddo la3ibbiw 2atla3 minno,2aqkiddo la3ibbbi wu2atla3 minno,False,20,29,20-29,20-29,1
اِتْنَاوَه,2ithaawan,2itnaawah,False,10,9,10-19,0-9,3
شَور,shuur,shawwar,False,4,5,0-9,0-9,1
مَحَن,mi7an,ma7an,False,5,5,0-9,0-9,1
مِتْوَازِن,mutawaazin,mutawaazin,True,10,10,10-19,10-19,4
اِعْبُد,2i3bud,2u3bud,False,7,6,0-9,0-9,1
شَفَاعَة,shafaa3a,shaffaa3a,False,8,8,0-9,0-9,2
شَقَق,shu2a2,shaqqiq,False,5,6,0-9,0-9,3
قَطَايِش,qataayish,qataayish,True,8,9,0-9,0-9,1
عَيَّنُه,3ayyine,3ayyine,True,8,7,0-9,0-9,5
حَوِّح,7awwa7,7awwi7,False,6,6,0-9,0-9,1
أَنَيق,2aniiq,2aniiq,True,6,6,0-9,0-9,4
هَرَش,harish,harrish,False,5,6,0-9,0-9,1
اِتَّحَرَّر,2it7arrar,2it7arrar,True,11,9,10-19,0-9,2
تْدَرْوَن,2iddarwan,2iddarwan,True,9,9,0-9,0-9,1
قَطِّر,qattir,qattar,False,6,6,0-9,0-9,3
بَدِّر,badir,baddir,False,6,5,0-9,0-9,1
عِكِم,3akkim,3akkam,False,5,6,0-9,0-9,5
غَمَق,ghammaq,ghammiq,False,5,7,0-9,0-9,3
اِتَعَدَّم,2it3ammad,2it3ammad,True,10,9,10-19,0-9,5
أَجَرّ,2ajjir,2ajjar,False,6,6,0-9,0-9,5
اِلْتَفِح,2iltafi7,2iltafa7,False,9,8,0-9,0-9,5
أَجَّل,2ajall,2ajjil,False,6,6,0-9,0-9,2
لَقَّن,laqqan,laqgkan,False,6,6,0-9,0-9,1
جَاوَب,jaawib,jaawib,True,6,6,0-9,0-9,3
اُنْقَال,2inqaal,2inqaal,True,8,7,0-9,0-9,2
أَعَّد,2a3idd,2a3add,False,6,6,0-9,0-9,3
اُفْرُق,faariq,2ifruq,False,7,6,0-9,0-9,3
حَجُورَة,7djuura,7djuura,True,8,7,0-9,0-9,3
وِجْهُه عَاقَب,wijho 3aabiq,wijho 3aaqib,False,14,12,10-19,10-19,5
اِمْقَت,2umqut,2umqut,True,7,6,0-9,0-9,3
قَحْقَح,qa7qi7ka7ki7,ka7ka7,False,7,12,0-9,10-19,2
ينَعِّس,yin3as,yin3as,True,7,6,0-9,0-9,2
شَقِّر,sha22ir,sha22ar,False,6,7,0-9,0-9,2
اِنْكَسَح,2inkisi7,2inkasa7,False,9,8,0-9,0-9,4
قُيمِة,qiime,qiime,True,6,5,0-9,0-9,3
ذَنَّب,zanb,danab,False,6,4,0-9,0-9,3
تَأَمُّر,t2ammar,t2ammar,True,8,7,0-9,0-9,2
بَايَت,baayit,baayit,True,6,6,0-9,0-9,2
يِشْفُط,yushfut,yshaffit,False,7,7,0-9,0-9,5
يِتْنَطْوَن,yitwattan,yitwattan,True,11,9,10-19,0-9,3
يُخْرُق,yikhruq,yukhruq,False,7,7,0-9,0-9,2
مِذْبَحَة,madba7a,madba7a,True,9,7,0-9,0-9,1
جَسِر,jassir,jassar,False,5,6,0-9,0-9,5
وَهَم,waham,wahhim,False,5,5,0-9,0-9,4
لَمَم,lammam,lammim,False,5,6,0-9,0-9,3
اِنْفَجَع,2infaja3,2inifji3,False,9,8,0-9,0-9,3
يتَيِّن,ytayyin,ytayyin,True,7,7,0-9,0-9,1
طَبَّق,tabbaq,tabbaq,True,6,6,0-9,0-9,3
اِنْسَجَن,2insijan,2insijin,False,9,8,0-9,0-9,3
لَمَز,lamiz,lammiz,False,5,5,0-9,0-9,1
اِتْحَلَّب,2it7abbar,2it7allab,False,10,9,10-19,0-9,4
سْنَافِر,sanaafir,sanaafir,True,8,8,0-9,0-9,3
غَنَّاء,ghinaa2,ghinaa2,True,7,7,0-9,0-9,5
عِضَة,3udda,3adda,False,5,5,0-9,0-9,5
فَور,foor,fawwar,False,4,4,0-9,0-9,4
يِتْسَاقَط,yitsaaqat,yitsaaqat,True,10,9,10-19,0-9,1
سَلَط,sallat,sallit,False,5,6,0-9,0-9,1
مَسَاكُوي,masaawiik,masaawiik,True,9,9,0-9,0-9,4
اُنْتُف,2intaff,2intif,False,7,7,0-9,0-9,3
مُصْلَع,msalli3,msalli3,True,7,7,0-9,0-9,3
دِيمَامِة,diimaame,diimaame,True,9,8,0-9,0-9,1
اِتْمَغَّس,2itghammas,2itghammas,True,10,10,10-19,10-19,2
زَنْوِة,nazwe,nazwe,True,7,5,0-9,0-9,3
مْظَاهَرَة,muzaahara,muzaahara,True,10,9,10-19,0-9,3
تَكَسُّب,tkassab,tkassab,True,8,7,0-9,0-9,2
مْفَرْوِم,mafruum,mafruum,True,9,7,0-9,0-9,2
بْطَاطَايِة,bataataaye,battaataaye,False,11,10,10-19,10-19,5
مْنَقَّذ,munqiz,minqiz,False,8,6,0-9,0-9,4
يُقُصّ لْسَان العَمَال,yquss lsaan lsaan 2il3aalam,yquss lsaan lsaan 2il3aalam,True,22,27,20-29,20-29,1
اِفْتِي,2ifti,2ifti,True,7,5,0-9,0-9,1
تْزَلْمَن,tzalman,tzalman,True,9,7,0-9,0-9,2
شُخُب,shakhab,shakhkhib,False,5,7,0-9,0-9,5
يسَار,yasaar,yasaar,True,5,6,0-9,0-9,3
هَجَّع,hadja3,hadjdji3,False,6,6,0-9,0-9,2
جُعْرُمِة,dja3rame,dja3rame,True,9,8,0-9,0-9,4
يِتْكَفْرَت,yitkarfat,yitkarfat,True,11,9,10-19,0-9,5
اِحْتِرِف,2i7tirif,2i7taraf,False,9,8,0-9,0-9,3
ذَهِب,dahhab,dahhib,False,5,6,0-9,0-9,4
بَشَّت,bashat,basht,False,6,6,0-9,0-9,3
غُدْوِة,ghadwe,ghadwe,True,7,6,0-9,0-9,2
سَبِّل,sabal,sabbal,False,6,5,0-9,0-9,2
تْسَلْبَط,tsalbat,tsalbat,True,9,7,0-9,0-9,1
ذل أهلي,zall 2ahli,zall 2ahli,True,7,10,0-9,10-19,2
عُزُومِة,3azuume,3azuume,True,8,7,0-9,0-9,1
يُرْضُع,yirda3,yirda3,True,7,6,0-9,0-9,5
يِهْوَدّ,yhawwid,yhawwid,True,8,7,0-9,0-9,5
يْتَحْرِش,yit7ar7ash,yit7arrash,False,9,10,0-9,10-19,4
عَلَى أُمّ,3ala 2umm,3ala 2umm,True,10,9,10-19,0-9,1
مَنْحَل,mun7all,mun7all,True,7,7,0-9,0-9,4
مْبَهْبِط,mbahbat,mbahbat,True,9,7,0-9,0-9,1
حَزَونِة,7azwane,7azwane,True,8,7,0-9,0-9,5
خَشَب,khashshib,khashshib,True,5,9,0-9,0-9,3
اِنِبْطَاح,2inbitaa7,2inbitaa7,True,10,9,10-19,0-9,3
يهِين,yhiin,yhiin,True,5,5,0-9,0-9,1
يِتوَافَذ,yitwaadhaf,yitwaadhaf,True,9,10,0-9,10-19,3
إِجَاك الموت يَا تَارصلكة,2idjaak 2ilmoot yaa taarik 2issalaa,2idjaak 2ilmoot yaa taarik 2issalaa,True,25,35,20-29,30-39,4
شُحَّاطَة,sha77aata,shu77aata,False,9,9,0-9,0-9,2
اِتْهَوَّضَى,2itwadda,2itwadda,True,12,8,10-19,0-9,3
نِاك,naak,naak,True,4,4,0-9,0-9,4
صَارِيل سَنَك بِيحَة,saarli sane ba7kiilak,saarli sane ba7kiine,False,20,21,20-29,20-29,5
دُمّ الزَّغْلُول,damm 2izzaghlool,damm 2izzaghluul,False,16,16,10-19,10-19,2
اِدْقُش,2idqashsh,2idqush,False,7,9,0-9,0-9,1
يِقْحَف,yiqk7af,yiqk7af,True,7,7,0-9,0-9,2
تْعَثَّر,t3attar,t3attar,True,8,7,0-9,0-9,1
تْعِقِد,t3aqqad,t3aqqad,True,7,7,0-9,0-9,3
يِنْسِحِق,yinsa7iq,yinsi7iq,False,9,8,0-9,0-9,2
مْرَجَّح,marji7,marji7,True,8,6,0-9,0-9,1
جَلْجَلِة,jaljale,jaljale,True,9,7,0-9,0-9,1
عَرّ,3irr,3arr,False,4,4,0-9,0-9,1
اِتَبَنُّس,2itbannas,2itbannas,True,10,9,10-19,0-9,4
نُشُوق,nshuuq,nshuuq,True,6,6,0-9,0-9,2
صَدَر,sadir,saddir,False,5,5,0-9,0-9,1
يقَلِّم,yqallim,yqallim,True,7,7,0-9,0-9,2
يتْوَكَّس,yitwikis,yitwakas,False,9,8,0-9,0-9,5
اِقْعَش,2iqsha3,2iqk3ash,False,7,7,0-9,0-9,5
يتآلَف,yit2aalaf,yit2aalaf,True,6,9,0-9,0-9,3
يِتْفَتَّل,yitfallat,yitfallat,True,10,9,10-19,0-9,4
اِنْرُص,2inrass,2inrass,True,7,7,0-9,0-9,5
مَرْوِح,mrawwi7,mrawwi7,True,7,7,0-9,0-9,5
اِسْتَزِيك,2istazki,2istazki,True,10,8,10-19,0-9,3
بَلْبَلِة,balbale,bulbule,False,9,7,0-9,0-9,1
تْبَلَّك,tballak,tballak,True,8,7,0-9,0-9,1
لَقِّيطَة,luqqeeta,luqqeeta,True,9,8,0-9,0-9,4
مْشَطِّب,mshattab,mshattib,False,8,8,0-9,0-9,2
بَابَور,baabuur,babboor,False,7,7,0-9,0-9,2
يِتَخَرْدَق,yitkhardaq,yitkhardaq,True,11,10,10-19,10-19,5
صَبِّر,sabbir,sabbar,False,6,6,0-9,0-9,2
يلَاغِي,ylaaghi,ylaaghi,True,7,7,0-9,0-9,2
اِعْكَر,2u3kur,2u3kur,True,7,6,0-9,0-9,3
اِذْمُه حَاقِينِب,2imsa7ha bdaqni,2imsa7ha bdaqni,True,17,15,10-19,10-19,5
اُقْلُط,2uqlut,2uqlut,True,7,6,0-9,0-9,1
أَعْصَب ميَّات مشة,2a3saabi mish mit7amle,2a3saabi mish mittaayye,False,18,22,10-19,20-29,2
عَاري,3aari,3aari,True,5,5,0-9,0-9,2
عِنَاوِين,3anaawiin,3anaawiin,True,9,9,0-9,0-9,2
صَعَّب,si3ib,sa33ab,False,6,5,0-9,0-9,2
يِسْتَخَفّ,yistakhiff,yistakhiff,True,10,10,10-19,10-19,4
أَجْمُل,2ajmal,2ajmal,True,7,6,0-9,0-9,5
اِتْدَوّش,2iddawash,2iddawwash,False,9,9,0-9,0-9,3
لَقَب,laqqib,laqqib,True,5,6,0-9,0-9,1
جَيِّن,jiinz,jiin,False,6,5,0-9,0-9,3
اُخْمُل,2ikhmal,2ikhmal,True,7,7,0-9,0-9,3
مَشْكُور,mashkuur,mashkuur,True,8,8,0-9,0-9,1
مْبَطِّح,mbatta7,mbatta7,True,8,7,0-9,0-9,2
جَرَن,jurun,jurun,True,5,5,0-9,0-9,3
اِتَنَقُّط,2itnaqqat,2itnaqqat,True,10,9,10-19,0-9,5
اِدْبِش,2idbish,2idbish,True,7,7,0-9,0-9,1
حَلَى,7alla,7alla,True,5,5,0-9,0-9,1
يِسْتَجْعِم,yistajmi3,yistajmi3,True,11,9,10-19,0-9,3
تَمَاقِيض,mitdaayiqmiddaayi2,tamaaqiid,False,9,18,0-9,10-19,5
سِد بوزَك,sidd buuzak,sidd buuzak,True,9,11,0-9,10-19,1
اِغْزَو,2ighzu,ghaawiz,False,7,6,0-9,0-9,5
طْوِشِة,tooshe,tooshe,True,7,6,0-9,0-9,4
مْخَاوِر,makhuur,mkhaawir,False,8,7,0-9,0-9,3
جَدْبَا,jadba,jadba,True,7,5,0-9,0-9,2
رَحِم,2ir7am,ra7im,False,5,6,0-9,0-9,4
عَيش يَا كْدِيش,3iish yaa kdiish,3iish yaa kdiish,True,15,16,10-19,10-19,4
اِتْنَغَّج,2itghannaj,2itghannaj,True,10,10,10-19,10-19,4
تَنْفِذ,tnaffaz,tnaffaz,True,7,7,0-9,0-9,5
مقطعه حَالبَاة,mqat3a 7baalha,mqat3o 7baala,False,14,14,10-19,10-19,2
سُخُن,sikhin,sakhkhan,False,5,6,0-9,0-9,4
رِبِي,rabbi,rabbi,True,5,5,0-9,0-9,3
مَلِّط,malit,malt,False,6,5,0-9,0-9,3
اِنْتِقِي,2intiqi,2intiqi,True,9,7,0-9,0-9,2
يشَفِّط,yishfut,yshaffit,False,7,7,0-9,0-9,1
طُبَّاعَة,tibaa3a,tabbaa3a,False,9,7,0-9,0-9,3
فَلِّخ,fallakh,fallakh,True,6,7,0-9,0-9,1
اِتَّكَل,2ittikal,2ittikil,False,8,8,0-9,0-9,3
اِعْطَيهَا غبرة,2i3tiiha ghabara,2i3tiiha ghabara,True,15,16,10-19,10-19,3
يِفْكُر,yfakkir,yfakkir,True,7,7,0-9,0-9,5
اِتوَكَّل,2itwakkal,2itwakkal,True,9,9,0-9,0-9,4
تَمَنُّه,tamanno,tmahhan,False,8,7,0-9,0-9,2
كَعِب الرُّجل,ka3ib 2irrijil,ka3ib 2irrijil,True,13,14,10-19,10-19,5
تَرِّس,taris,tarris,False,6,5,0-9,0-9,3
بَجَاحَة,bajaa7a,bijaa7a,False,8,7,0-9,0-9,3
بِكَا,buka,bakka,False,5,4,0-9,0-9,4
بَحْطُه فَوق رَاسِي,ba7utto fooq raasi,ba7utto fooq raasi,True,19,18,10-19,10-19,4
بَفّ,baff,biff,False,4,4,0-9,0-9,1
رَكَّاضَة,rakkaada,rakkaada,True,9,8,0-9,0-9,1
هَوَّيلُه,hawwiilo,hawwiilo,True,9,8,0-9,0-9,2
نَوْنِيِّة,nuuniyye,nuuniyye,True,10,8,10-19,0-9,3
طَبَازي,tabaazi,tabaazi,True,7,7,0-9,0-9,3
مِلْدَمْسِي,mildimsi,mildimsi,True,11,8,10-19,0-9,5
يقوِّم,yquum,yquum,True,6,5,0-9,0-9,5
تْجَاوَب,tjaawab,tjaawab,True,8,7,0-9,0-9,2
خَشَّب,khashshab,khashshib,False,6,9,0-9,0-9,5
عَكّ,3ukk,3akk,False,4,4,0-9,0-9,2
اِفْقُش,2ufqush,2ufqush,True,7,7,0-9,0-9,2
قْرَافِيِّة,qarraafiyye,qarraafiyye,True,11,11,10-19,10-19,4
مُوح,moo7,mawwi7,False,4,4,0-9,0-9,2
يُطُز,ytuzz,ytuzz,True,5,5,0-9,0-9,4
اِنْبُت,2inbut,2inbut,True,7,6,0-9,0-9,1
الزِّيت عمود البيت,2izzeet 3amuud 2ilbeet,2izzeet 3amuud 2ilbeet,True,18,22,10-19,20-29,1
اِسْتِعْمِر,2ista3mar,2ista3mar,True,11,9,10-19,0-9,5
اِسْتِخْلَاص,2istikhlaas,2istikhlaas,True,12,11,10-19,10-19,2
سِنِة كبيسِة,sane kabiise,sane kabiise,True,12,12,10-19,10-19,3
يتَهَضُّم,yithaddam,yithaddam,True,9,9,0-9,0-9,5
قْرَيِّف,qarriif,qaryif,False,8,7,0-9,0-9,4
أَرَكَان,2arkaan,2arkaan,True,8,7,0-9,0-9,4
شِلَّا,shala,shala,True,6,5,0-9,0-9,5
اِتْكَفْهَن,2itfakhan,2itkahfan,False,11,9,10-19,0-9,5
زَبِّن,zaban,zaban,True,6,5,0-9,0-9,2
سَرْحَان,sar7aan,sar7aan,True,8,7,0-9,0-9,2
تِطْلِيعَة,tatlii3a,tatlii3e,False,10,8,10-19,0-9,5
خْرُوط,kharwit,kharwat,False,6,7,0-9,0-9,1
يِطْفَح,yitfa7,ytaffi7,False,7,6,0-9,0-9,2
غَسَل,ghassil,ghassil,True,5,7,0-9,0-9,3
زَابْل,zaabil,zaabil,True,6,6,0-9,0-9,5
يِسْتَوْطَن,yistawtin,yistawtin,True,11,9,10-19,0-9,5
صْلَاح,salaa7,salaa7,True,6,6,0-9,0-9,1
مُصْبِعَانِيَّات,musba3aaniyyaat,musba3aaniyyaat,True,16,15,10-19,10-19,3
مَرْعَب,mur3ib,mur3ib,True,7,6,0-9,0-9,4
خُورَفِة,khoorafe,khoorafe,True,8,8,0-9,0-9,3
يتْفَعَّل,yifti3il,yitfa33al,False,9,8,0-9,0-9,5
أَلْغْمَا,2alghaam,2alghaam,True,9,8,0-9,0-9,5
صَفْنِة,safne,safne,True,7,5,0-9,0-9,2
عَكِّس,3akas,3aks,False,6,5,0-9,0-9,1
هِجِد,hajad,hajjad,False,5,5,0-9,0-9,4
يْشَبْرِح,yshabri7,yshabri7,True,9,8,0-9,0-9,3
اِتَّسَاهَل,2itsaahal,2itsaahal,True,11,9,10-19,0-9,4
تَوبِّة,toobe,toobe,True,7,5,0-9,0-9,3
بَكَّى,baka,bakka,False,6,4,0-9,0-9,2
يكُون,ykuun,ykawwin,False,5,5,0-9,0-9,2
حَمَام زَيت,7ammaam zeet,7ammaam zeet,True,11,12,10-19,10-19,4
قِوْطَة,quuta,quuta,True,7,5,0-9,0-9,4
يُنْتُشِر,yintishir,yintishir,True,9,9,0-9,0-9,3
اِطعم البنك زِيت وَارميه في البيت,2it3am 2ibnak zeet wu2irmii filbeet,2it3am 2ilbeen kubir zeet wu2illi miina fiilbeet,False,33,35,30-39,30-39,5
عُمِّة,3amme,3imme,False,6,5,0-9,0-9,3
اِنْقِض,2unqud,2unqud,True,7,6,0-9,0-9,4
يْدَلْبِح,ydalbi7,ydalbi7,True,9,7,0-9,0-9,3
يْشَارِك,yshaarik,yshaarik,True,8,8,0-9,0-9,2
وْلَاعَة,wallaa3a,walaa3a,False,8,8,0-9,0-9,4
دَوَّس,duus,duus,True,6,4,0-9,0-9,1
مُدَافَشِة,mdaafashe,mdaafashe,True,10,9,10-19,0-9,3
بَرْكَدَن,barkadan,barkadan,True,9,8,0-9,0-9,3
اِرْسِال,2irsaal,2irsaal,True,8,7,0-9,0-9,3
يِنْبُز,ynabbiz,ynabbiz,True,7,7,0-9,0-9,1
اِرْعِد,2ir3id,2ir3id,True,7,6,0-9,0-9,2
يِنْخَرَس,yinkhiris,yinkhiris,True,9,9,0-9,0-9,2
الغَايِة تُبَرِّر الوَسِيلِة,2ilghaaye tubarrir 2ilwasiile,2ilghaaye tubarrir 2ilwasile,False,28,29,20-29,20-29,1
يصُنّ,tsunn,ynuss,False,5,5,0-9,0-9,1
دِبِر,dabbar,dabbar,True,5,6,0-9,0-9,4
حَكَّايِة,7ikaaye,7kaaye,False,9,7,0-9,0-9,1
إِحَبَّاط,2i7baat,2i7baat,True,9,7,0-9,0-9,2
اِنْتَح,2in7at,2inta7,False,7,6,0-9,0-9,5
بَخِت,bakht,bakhkhit,False,5,5,0-9,0-9,4
مْبَحْوَح,mab7uu7,mab7uu7,True,9,7,0-9,0-9,3
عُرِّيض,3ariid,3ariid,True,7,6,0-9,0-9,3
لُظْلُوظ,lazluuz,lazluuz,True,8,7,0-9,0-9,4
فَشْفَش,fashfish,fashfish,True,7,8,0-9,0-9,4
مُعَشْرَانِي,mi3sharaani,mu3asharaani,False,12,11,10-19,10-19,2
تْبِشْنِق,tbashnaqk,tbashnaqk,True,9,9,0-9,0-9,4
اُشْلُش,2ishlish,2ishlish,True,7,8,0-9,0-9,3
يبَكْبِك,ybakbik,ybakbik,True,8,7,0-9,0-9,1
اِتْبَدَّد,2ibaddad,2itbaddad,False,10,8,10-19,0-9,4
اِنْسَحِل,2insi7il,2insa7al,False,9,8,0-9,0-9,5
اِخْيِس,khaayis,khaayis,True,7,7,0-9,0-9,4
صَيْدِلِي,saydali,saydali,True,9,7,0-9,0-9,4
مْتَكْتِف,mitkattif,mitkattif,True,9,9,0-9,0-9,2
اِنْقَحَش,2inka7ash,2inki7ish,False,9,9,0-9,0-9,1
طِرْشَان,turshaan,turshaan,True,8,8,0-9,0-9,3
نَفْتَز,fantaz,naftaz,False,7,6,0-9,0-9,5
عَفَكْعُوش,3afkuush,3afkuush,True,10,8,10-19,0-9,4
يُعْوِر,y3awwir,y3awwir,True,7,7,0-9,0-9,5
يُؤَزِّم,y2azzim,y2azzim,True,8,7,0-9,0-9,5
أَبُو البَخْتُو,2abu 2ilibkhuut,2abu 2ilibkhuut,True,15,15,10-19,10-19,3
عِمِل حْجَابَات,3imil 7jaabaat,3imil 7jaabaat,True,15,14,10-19,10-19,1
قَزْمِة,qizam,qizam,True,7,5,0-9,0-9,3
تَسَلْلِيمِة,tasliime,tasliime,True,12,8,10-19,0-9,2
دُوحَس,doo7is,doo7as,False,6,6,0-9,0-9,3
فِدِّيِّة,fidye,fidye,True,9,5,0-9,0-9,1
يِحْوِف,y7uuf,y7uuf,True,7,5,0-9,0-9,3
اِنْلَط,2inlatt,2inlatt,True,7,7,0-9,0-9,4
عَدَّل,3adal,3addil,False,6,5,0-9,0-9,2
تَيَّمَن,tyamman,tyamman,True,8,7,0-9,0-9,5
غِطّ,ghutt,ghutt,True,4,5,0-9,0-9,5
اِسْتَفْدى,2istadfa,2istadfa,True,10,8,10-19,0-9,5
طِيوِر,tyuur,tyuur,True,6,5,0-9,0-9,5
يِتَجَحّش,yitja77ash,yitja77ash,True,9,10,0-9,10-19,3
مَضْرُوب ب جرَافِيح,madruub b7ajar faadi,madruub b7ajar faadi,True,19,20,10-19,20-29,3
لَحَّق,li7iq,la77aq,False,6,5,0-9,0-9,3
عَادُوم,3aamuud,3aaduum,False,7,7,0-9,0-9,2
عَطِّش,3attish,3attish,True,6,7,0-9,0-9,3
عُظُم,3adim,3addim,False,5,5,0-9,0-9,4
جَزْدَان,juzdaanduzdaan,juzdaanduzdaan,True,8,14,0-9,10-19,3
فِتّ,fatt,fitt,False,4,4,0-9,0-9,4
اِسْتَحْلِف,2ista7lif,2ista7lif,True,11,9,10-19,0-9,2
يُطْمُع,yitma3,ytammi3,False,7,6,0-9,0-9,5
حَلِّيَان,7alyaan,7alyaan,True,9,7,0-9,0-9,5
هَبِط,habbat,habbit,False,5,6,0-9,0-9,4
يتَعِّس,yit3is,yit3is,True,7,6,0-9,0-9,1
بَارَد,baarid,baarid,True,6,6,0-9,0-9,2
يُشْرُك,ysharrik,ysharrik,True,7,8,0-9,0-9,1
تَهْلَيل,tahliil,tahliil,True,8,7,0-9,0-9,5
شَكَّل,shakal,shakkil,False,6,6,0-9,0-9,2
يتْوَالَف,yitwaalaf,yitwaalaf,True,9,9,0-9,0-9,5
يتَجْلَى,yitjalla,yitjalla,True,8,8,0-9,0-9,4
أَمْخَذ,ma2khaz,2amkhaz,False,7,7,0-9,0-9,4
لَيْوَان,liiwaan,liiwaan,True,8,7,0-9,0-9,2
غِنِيمِة,ghaniime,ghaniime,True,8,8,0-9,0-9,5
بَوَّابِة,bawwaabe,bawwaabe,True,9,8,0-9,0-9,1
اُعْزُف,2i3zif,2i3zif,True,7,6,0-9,0-9,3
رَبَّط,rabt,rabat,False,6,4,0-9,0-9,1
رْطُوبِة,rutuube,rutuube,True,8,7,0-9,0-9,1
يِتْلَتّتَل,ytaltil,ytaltil,True,11,7,10-19,0-9,5
كَل,kill,kull,False,3,4,0-9,0-9,5
أَفْنِى,2afna,2afna,True,7,5,0-9,0-9,5
يِتْلَفَّح,yitla77af,yitla77af,True,10,9,10-19,0-9,4
كِفْكِف,kafkif,kafkaf,False,7,6,0-9,0-9,3
رِيَش,riyash,rayyash,False,5,6,0-9,0-9,4
يبَعِّط,yib3at,yib3at,True,7,6,0-9,0-9,2
مْهَيَّون,mahyuun,mahyuun,True,9,7,0-9,0-9,4
تَلَفُّق,tlaffaq,tlaffaq,True,8,7,0-9,0-9,2
اِسْتَثْنَى,2istasna,2istasna,True,11,8,10-19,0-9,1
نَمِل,nammal,nammil,False,5,6,0-9,0-9,4
اِتْلَخَّم,2itlakhkham,2itlakhkham,True,10,11,10-19,10-19,1
شَرْمَط,sharmuut,sharmit,False,7,8,0-9,0-9,4
يِسْتَرْيِخ,yistarkhi,yistarkhi,True,11,9,10-19,0-9,5
غَبِّي,ghabi,ghabi,True,6,5,0-9,0-9,2
مَتَّن,mattan,mattan,True,6,6,0-9,0-9,2
وَسَّاخَة,wasaakha,wasaakha,True,9,8,0-9,0-9,3
يِنْفَعّ,yinfa3,yinfa3,True,8,6,0-9,0-9,4
تَأَنْيِب,ta2niib,ta2niib,True,9,7,0-9,0-9,5
يَنَافِخ,ynaafikh,ynaafikh,True,8,8,0-9,0-9,4
ينَسِّخ,yinsakh,ynassikh,False,7,7,0-9,0-9,2
طُور,tawwir,tawwir,True,4,6,0-9,0-9,3
خَنْجَر بِقْلِي,khanjar biqalbi,khanjar biqalbi,True,15,15,10-19,10-19,5
اِنِقْبِع,2inqibi3,2inqaba3,False,9,8,0-9,0-9,4
يِتْنَازَه,yitnaahaf,yitnaazah,False,10,9,10-19,0-9,4
بِرِيء,barii2,barii2,True,6,6,0-9,0-9,4
يِسْتَضْخِم,yistadkhim,yistadkhim,True,11,10,10-19,10-19,2
أَوَاخَر,2awaakhir,2awaakhir,True,8,9,0-9,0-9,2
يِنْتَقِم,yintaqim,yintiqim,False,9,8,0-9,0-9,3
اِنْعِدِى,2in3ada,2in3ada,True,9,7,0-9,0-9,2
اِزْلَط,2izlut,2uzlut,False,7,6,0-9,0-9,5
غَمَر,ghumur,ghammir,False,5,6,0-9,0-9,2
اُنْضَح,2inda7,2inda7,True,7,6,0-9,0-9,4
حَدَّد,7addid,7addid,True,6,6,0-9,0-9,1
قُرْمُزِّة,qarmaze,qarmaze,True,10,7,10-19,0-9,5
أَرْشِيف,2arshiif,2arshiif,True,8,8,0-9,0-9,1
أَرْصَفِة,2arsife,2arsife,True,9,7,0-9,0-9,5
حُرْقَان,7araqaan,7araqaan,True,8,8,0-9,0-9,1
اِطْفَح,2itfa7,2itfa7,True,7,6,0-9,0-9,2
خَطَايَا عَابَاد,khataaya 3ibaad,khataaya 3ibaad,True,16,15,10-19,10-19,5
مُلِيص,malliis,mlayyis,False,6,7,0-9,0-9,4
قَرْقَوم,qarquum,qarquumkarkuum,False,8,7,0-9,0-9,2
اِنْخَرِس,2inkhiris,2inkhiris,True,9,9,0-9,0-9,5
تَسَلُّع,tsalla3,tsalla3,True,8,7,0-9,0-9,2
زَلَّق,zallaq,zalliq,False,6,6,0-9,0-9,2
مُخَمَّر,mkhammar,mkhammar,True,8,8,0-9,0-9,4
يِلْس,yliss,yliss,True,5,5,0-9,0-9,3
لَفْلَف,laflif,laflaf,False,7,6,0-9,0-9,2
يِمْكِن,yimkin,ymakkin,False,7,6,0-9,0-9,4
مَلْعُوب,mal3uub,mla3wab,False,8,7,0-9,0-9,1
يشَيطِن,yshaytin,yshaytin,True,7,8,0-9,0-9,5
اِعْفِق,2u3fuq,2i3fik,False,7,6,0-9,0-9,2
طَعِن بِالمَاك,ta3in bilkalaam,ta3in bilkalaam,True,14,15,10-19,10-19,5
وِشّ,wishsh,wishsh,True,4,6,0-9,0-9,2
اِتآنَاظ,2itnaadaf,2itnaazaf,False,8,9,0-9,0-9,4
اِتَلَفَّع,2itlaffa3,2itlaffa3,True,10,9,10-19,0-9,3
نَام عَذِنْهَا,naam 3adaano,naam 3adaano,True,14,12,10-19,10-19,4
يِتْغَبَس,yitghabbas,yitghabbas,True,9,10,0-9,10-19,5
مْلَغِّي,malghi,malghi,True,8,6,0-9,0-9,4
بُسْت طِيزُه,busit tiizo,busit tiizo,True,12,11,10-19,10-19,2
رَاكِي,2irki,raaki,False,6,5,0-9,0-9,4
وَارِي,waari,waari,True,6,5,0-9,0-9,1
اِنْتَحَل,2inti7il,2inta7al,False,9,8,0-9,0-9,2
اِخْذِل,2ikhzil,2ikhzil,True,7,7,0-9,0-9,1
اُزْرُك,2uzrutsh,2uzrutsh,True,7,8,0-9,0-9,1
لِمْعَة,lam3a,lam3a,True,7,5,0-9,0-9,2
اِسْتَدَال,2istidlaal,2istadaal,False,10,10,10-19,10-19,3
اِعْبُط,3aabit,2u3but,False,7,6,0-9,0-9,5
كُلْكُول,kalkuul,kalkuul,True,8,7,0-9,0-9,4
يقَنِّز,ynaqqiz,yuqnuz,False,7,7,0-9,0-9,5
زَعَّق,za3aqk,za33aqk,False,6,6,0-9,0-9,2
ضْلَال,dalaal,dlaal,False,6,6,0-9,0-9,1
يِتْمَنْيَك,yitmanyak,yitmanyak,True,11,9,10-19,0-9,1
اِنْرَبَط لسيَان,2inrabat lsaani,2inrabat lsaani,True,16,15,10-19,10-19,1
يِنْشَعِط,yinshi3it,yinshi3it,True,9,9,0-9,0-9,3
اِتْشَنَّج,2itshannaj,2itshannaj,True,10,10,10-19,10-19,1
هُذُكُو,hadhakuu,hadhakuu,True,7,8,0-9,0-9,3
عَفَّش,3afish,3affish,False,6,6,0-9,0-9,2
ثَوَّر,thawwir,thawwar,False,6,7,0-9,0-9,3
تَبْوِيب,tabwiib,tabwiib,True,8,7,0-9,0-9,1
مْوَائَمِة,muwaa2ame,muwaa2ame,True,10,9,10-19,0-9,4
مَسْنِد,masnad,musannid,False,7,6,0-9,0-9,5
وَاقَعَة,waaqi3a,waaqi3a,True,8,7,0-9,0-9,2
يِسْتَوْحِش,yistaw7ish,yistaw7ish,True,11,10,10-19,10-19,1
لُجَّايِة,ludjdjaaye,ludjdjaaye,True,9,10,0-9,10-19,5
سَرَّارِي,saraayir,saraayir,True,9,8,0-9,0-9,5
اِفْحِج,faa7aj,2if7aj,False,7,6,0-9,0-9,5
زِبَاب,zbaab,zbaab,True,6,5,0-9,0-9,5
تِسْوِيِة,taswiye,taswiye,True,9,7,0-9,0-9,2
مْغَطِّس,maghtas,mghattis,False,8,7,0-9,0-9,1
هَنَابِة,hnaabe,hnaabe,True,8,6,0-9,0-9,2
يِتْفَهْنَم,yitfahman,yitfahman,True,11,9,10-19,0-9,2
جَوزِة الحَلِق,joozit 2il7aliq,joozit 2il7aliq,True,14,15,10-19,10-19,1
جَمُّود,jumuud,mjawwid,False,7,6,0-9,0-9,3
تْجَرْمَع,tdjarma3,tdjarma3,True,9,8,0-9,0-9,2
يِسْتَنْدِج,yistanjid,yistanjid,True,11,9,10-19,0-9,3
بْزُقَّة,bazqa,buzqa,False,8,5,0-9,0-9,5
لَبّ,libb,lubb,False,4,4,0-9,0-9,1
مُسْتَقْطِع,mustaqta3,mustaqta3,True,11,9,10-19,0-9,1
فَنَّن,fannin,fannin,True,6,6,0-9,0-9,2
مَقْحَاف,miqk7aaf,miqk7aaf,True,8,8,0-9,0-9,3
بَلْدِيِّة,baladiyye,baladiyye,True,10,9,10-19,0-9,2
هَاذي,haadi,haadhi,False,5,5,0-9,0-9,2
دَبَلِة,dable,dable,True,7,5,0-9,0-9,2
طَوِّيل,tawiil,tawiil,True,7,6,0-9,0-9,2
بُرُتْقَانِي,burut2gaani,burut2gaani,True,12,11,10-19,10-19,1
يتْمَقْتَل,yitma2lat,yitma2lat,True,10,9,10-19,0-9,4
مَرْمُوس,mroomis,marmuus,False,8,7,0-9,0-9,2
عَن,3inn,3inn,True,3,4,0-9,0-9,3
شَبِّع,shabbi3,shabbi3,True,6,7,0-9,0-9,2
اِتْخَنَّسَ,2itkhannas,2itkhannas,True,11,10,10-19,10-19,4
أَنْجِل,2anjal,2anjal,True,7,6,0-9,0-9,2
اِصْعِي,2i3si,2is3i,False,7,5,0-9,0-9,3
اِكْمَش,2ikmish,2ukmush,False,7,7,0-9,0-9,3
حَبّ عزيز,7abb 3aziiz,7abb 3aziiz,True,9,11,0-9,10-19,4
بَادِي,baadi,baadi,True,6,5,0-9,0-9,1
قَنَب,2umbur,qkannib,False,5,6,0-9,0-9,5
رُهَّان,rihaan,rihaan,True,7,6,0-9,0-9,5
أَنْعُش,2an3ash,2an3ash,True,7,7,0-9,0-9,4
الحَيوَان المَنِي,2il7ayawaan 2ilmanawi,2il7ayawaan 2ilmanawi,True,17,21,10-19,20-29,2
يخَبِّط,ykhabbit,yukhbut,False,7,8,0-9,0-9,1
دَنِّس,dannis,dannis,True,6,6,0-9,0-9,2
أَكَمْمَا,2akmaam,2akmaam,True,9,7,0-9,0-9,3
اِسْتَوْرَد,2istawrad,2istawrad,True,11,9,10-19,0-9,1
تَوَقِيف,tawqiif,tawqiif,True,8,7,0-9,0-9,4
اِتْعَالَج,2it3aalaj,2it3aalaj,True,10,9,10-19,0-9,1
يِنْهَاق,ynaahiq,ynaahiq,True,8,7,0-9,0-9,2
جَلْعَم,jal3am,jal3am,True,7,6,0-9,0-9,4
رَمَل,rammal,rammil,False,5,6,0-9,0-9,3
حَبّك بَرْص,7abbak burs,7abbak burs,True,11,11,10-19,10-19,3
يَتْمَشَى,yitmashsha,yitmashsha,True,9,10,0-9,10-19,4
مَوَج,mawwij,mawwij,True,5,6,0-9,0-9,4
يِتْنَفَّل,yitnaffal,yitnaffal,True,10,9,10-19,0-9,1
يؤجِّر,yu2jar,y2ajjir,False,6,6,0-9,0-9,1
يتَنْكِر,yitnakkar,yitnakkar,True,8,9,0-9,0-9,2
وَاسَى,waasa,waasa,True,6,5,0-9,0-9,1
اِنْدِسَاس,2indaas,2indisaas,False,10,7,10-19,0-9,5
غَارِة,ghaara,ghaara,True,6,6,0-9,0-9,2
اِمْتِهَان,2imtihaan,2imtihaan,True,10,9,10-19,0-9,1
مَطْبَعَة,matba3a,mitba3a,False,9,7,0-9,0-9,1
ينَبَّاس,yinbaas,yinbaas,True,8,7,0-9,0-9,4
شِعْلِل,sha3lil,sha3lil,True,7,7,0-9,0-9,5
نَعَق,na3aq,na33aq,False,5,5,0-9,0-9,1
مَطَاوِل,mtaawal,mtaawal,True,8,7,0-9,0-9,1
حَبَلِة,7abale,7abale,True,7,6,0-9,0-9,1
يمَنِّح,yimna7,ymanni7,False,7,6,0-9,0-9,2
يِنْرَزِع,yinrizi3,yinrizi3,True,9,8,0-9,0-9,5
صِنِع,sanna3,sanni3,False,5,6,0-9,0-9,4
يُحْتَار,yi7taar,yi7taar,True,8,7,0-9,0-9,4
اِتَعَمَّم,2it3ammim,2it3ammam,False,10,9,10-19,0-9,4
اِكْتَسَّح,2iktisi7,2iktasa7,False,10,8,10-19,0-9,4
قَشِّف,qashshif,qashshif,True,6,8,0-9,0-9,3
اِتَمْشَد,2itmashdaq,2itmashdad,False,9,10,0-9,10-19,5
مَنْتَشِي,mintishi,muntashi,False,9,8,0-9,0-9,4
اِلْزِع,2ilza3,2ilza3,True,7,6,0-9,0-9,2
فَزَر اللي يِفْزُرك,fazar 2illi yufzurak,fazar 2illi yufzurak,True,19,20,10-19,20-29,2
يِسْتَهْدِف,yistahdif,yistahdif,True,11,9,10-19,0-9,1
مَهْلِة,muhle,muhle,True,7,5,0-9,0-9,1
قُرْقُض,qarqid,qarqad,False,7,6,0-9,0-9,3
مْرَنْدِح,2imranda7,mrandi7,False,9,9,0-9,0-9,4
أَشْدِف,2ashdaf,2ashdaf,True,7,7,0-9,0-9,2
يُطْبُر,ytabbir,ytabbir,True,7,7,0-9,0-9,4
يِنْقَحَط,yinqi7it,yinqi7it,True,9,8,0-9,0-9,4
شَهِى,shahha,shahha,True,5,6,0-9,0-9,5
يغِيب,yghiib,yghayyib,False,5,6,0-9,0-9,2
مِتْنَفَّس,mtanfis,mtanfis,True,10,7,10-19,0-9,5
يِتْعَهَّد,yit3ahhad,yit3ahhad,True,10,9,10-19,0-9,1
مِسِخ,massakh,massakh,True,5,7,0-9,0-9,4
يِغْرَق,yighraq,ygharriq,False,7,7,0-9,0-9,4
شَهَّر,shahar,shahhar,False,6,6,0-9,0-9,1
كَعَك بزَيت,ka3ik bzeet,ka3ik bzeet,True,11,11,10-19,10-19,3
أَمَانْي,2amaani,2amaani,True,8,7,0-9,0-9,5
لَبَّط,labat,labbat,False,6,5,0-9,0-9,2
ذِهْبَان,dhuhbaan,dhuhbaan,True,8,8,0-9,0-9,4
حَمِّي,7ammi,7ammi,True,6,5,0-9,0-9,1
دُرُج,darraj,darraj,True,5,6,0-9,0-9,4
عُلْقُم,3alqam,3alqam,True,7,6,0-9,0-9,5
مَوَالي,mawaali,mawaali,True,7,7,0-9,0-9,4
يسَمِّط,ysammit,yusmut,False,7,7,0-9,0-9,1
زَاحِم,maazi7,zaa7im,False,6,6,0-9,0-9,5
قَحَّايِب,qga7aayib,qga7aayib,True,9,9,0-9,0-9,2
مْعَدَّير,ma3deer,mu3deer,False,9,7,0-9,0-9,5
حَشَّد,7ashd,7ashshid,False,6,5,0-9,0-9,2
يِنْجِرِح,yinjiri7,yinjiri7,True,9,8,0-9,0-9,1
ضِيَّق,dayyiqdayyi2,dayyiqdayyi2,True,6,12,0-9,10-19,4
يِتْطَاحَن,yittaa7an,yittaa7an,True,10,9,10-19,0-9,1
يُزْقُح,yizqka7,yizqka7,True,7,7,0-9,0-9,5
غَش,ghushsh,ghashsh,False,3,7,0-9,0-9,5
رَسُّوب,rusuub,rusuub,True,7,6,0-9,0-9,4
قِفِي,qaffi,qaffi,True,5,5,0-9,0-9,3
تَرَكُّى,trakka,trakka,True,8,6,0-9,0-9,4
فَطْعَة,fut3a,fat3a,False,7,5,0-9,0-9,2
تِسِع,tassi3,tassi3,True,5,6,0-9,0-9,3
حَوَّش,7uush,7awwash,False,6,5,0-9,0-9,3
وَلَدْنِة,waldane,waldane,True,9,7,0-9,0-9,5
يِتَّفِح,ytaffi7,ytaffi7,True,8,7,0-9,0-9,5
تَشَيْطَن,tshaytan,tshaytan,True,9,8,0-9,0-9,5
عَوْقِي,3awqi,3awqi,True,7,5,0-9,0-9,2
رَطْرَط,ratrat,ratrat,True,7,6,0-9,0-9,2
اِحْزَق,2u7zuk,2i7ziq,False,7,6,0-9,0-9,1
تْخِلْخِل,tkhalkhal,tkhalkhal,True,9,9,0-9,0-9,3
فَخِخ,fakhkhakh,fakhkhikh,False,5,9,0-9,0-9,5
اِنْعَمّ,naa3im,2in3am,False,8,6,0-9,0-9,5
اِتْفَلَخ,2itfallakh,2itfallakh,True,9,10,0-9,10-19,2
دَعِم,da33im,da33am,False,5,6,0-9,0-9,4
فَخِّم,fikhim,fakhkhim,False,6,6,0-9,0-9,2
عَلِّيق,3aliiq,3aliiq,True,7,6,0-9,0-9,2
يِحْدَث,y7addis,y7addis,True,7,7,0-9,0-9,4
مِلْتِحِي,multa7i,multa7i,True,9,7,0-9,0-9,2
مَجَاوِر,mujaawir,mjaawir,False,8,8,0-9,0-9,4
تَصْرُب,tsarba3,tsarrab,False,7,7,0-9,0-9,5
توَرَّد,twarrad,twarrad,True,7,7,0-9,0-9,5
اِتَّهَجَّم,2ithajjam,2ithajjam,True,11,9,10-19,0-9,4
اِجْتَلَق,2ijtalaq,2ijtalaq,True,9,8,0-9,0-9,3
خَبِّر,khabbar,khabbir,False,6,7,0-9,0-9,2
هَبَدِة,habde,habde,True,7,5,0-9,0-9,3
تَحْيُون,t7eewan,t7eewan,True,8,7,0-9,0-9,1
شَخَب,shakhkhib,shakhkhib,True,5,9,0-9,0-9,1
يُقْوِش,yquush,yqkawwish,False,7,6,0-9,0-9,3
اِلْتِقِط,2iltaqat,2iltiqit,False,9,8,0-9,0-9,4
جَدَلِي,jadali,jadali,True,7,6,0-9,0-9,2
يِمْيَص,ymayyis,ymayyis,True,7,7,0-9,0-9,4
طِيَّارَة,tayyaara,tayyaara,True,9,8,0-9,0-9,5
كِدَّيَانِة,kidyaane,kidyaane,True,11,8,10-19,0-9,2
حِرِش,7arash,7arrish,False,5,6,0-9,0-9,4
لَحَط,la77at,la77it,False,5,6,0-9,0-9,1
بَعْلَيلِة,bu3leele,bu3leele,True,10,8,10-19,0-9,2
قَشَاقيش,qashaaqiish,qashaaqiish,True,8,11,0-9,10-19,5
مْخَايِج,makhaayij,makhaayij,True,8,9,0-9,0-9,3
قِسِي,qisi,qassi,False,5,4,0-9,0-9,3
يِفْلِك,yfallik,yfallik,True,7,7,0-9,0-9,3
اِنْعَوَر,2in3iwir,2in3iwir,True,9,8,0-9,0-9,4
من ببرَامهَا بَالحهَا,min baabha lami7raabha,min baabha lami7raabha,True,21,22,20-29,20-29,5
ذْبِيحَة القبر,dhabii7it 2ilqabir,dbii7it 2ilqabir,False,14,18,10-19,10-19,5
تَنُّورَة,tannuura,tannuura,True,9,8,0-9,0-9,1
شَين,sheen,shayyan,False,4,5,0-9,0-9,4
اِنْضِبِط,2indabat,2indabat,True,9,8,0-9,0-9,3
مِلْحَة,mil7a,mal7a,False,7,5,0-9,0-9,2
إِخْضَر,2ikhdar,2ikhdar,True,7,7,0-9,0-9,1
دِبْسِيِّة,dibsiyye,dibsiyye,True,10,8,10-19,0-9,1
دَهْلَز,dahliz,dahlaz,False,7,6,0-9,0-9,4
اِنْشَقّ,2inshaqq,2unshuq,False,8,8,0-9,0-9,2
يقَنْشِط,yqashnit,yqashnit,True,8,8,0-9,0-9,4
حَرَج,harradj,7arradj,False,5,7,0-9,0-9,2
حَضَّر,7addar,7addir,False,6,6,0-9,0-9,1
مْصَرِّي,masri,masri,True,8,5,0-9,0-9,5
يتْغَثْبَر,yitghathbar,yitghathbar,True,10,11,10-19,10-19,2
هَلِك,halak,halak,True,5,5,0-9,0-9,5
اِتْمَنْكَس,2itmaskan,2itmankas,False,11,9,10-19,0-9,4
بَعْبُول,ba3buul,ba3buul,True,8,7,0-9,0-9,1
اِسْتَضْحَر,2ista7dar,2ista7dar,True,11,9,10-19,0-9,5
وَرّ,warr,wirr,False,4,4,0-9,0-9,1
اِبْرَك,2ubruk,2ubruk,True,7,6,0-9,0-9,5
يُتْقَسَّط,yitqassat,yitqassat,True,10,9,10-19,0-9,4
اِبْلَق,2ibluq,2ibluq,True,7,6,0-9,0-9,3
صِدِي,sidi,saddi,False,5,4,0-9,0-9,3
بِذْرَة خَير,bazrat kheer,bazrit kheer,False,12,12,10-19,10-19,5
خُنْفَسَاء,khunfasa,khunfasa,True,10,8,10-19,0-9,2
سِرْسَرَة,sarsara,sarsara,True,9,7,0-9,0-9,3
سِن أَلَاسِي,sinn 2ilya2s,sinn 2ilya2s,True,12,12,10-19,10-19,1
العدو مَابصير حبيب,2il3adu maa bisiir 7abiib wili7maar maa bisiir tabiib,2il3adu maa bisiir 7abiib,False,18,53,10-19,50-59,1
اِنْتِهِبَا,2intibaah,2intibaah,True,11,9,10-19,0-9,5
يِرْسَخ,yrassikh,yirsakh,False,7,8,0-9,0-9,1
بَالكْرِي,bil kreek,bil kreek,True,9,9,0-9,0-9,3
دِفِن,dafin,dafan,False,5,5,0-9,0-9,4
خَبَر,khabbir,khabbir,True,5,7,0-9,0-9,3
يِسْتَقْرِص,yistaqsir,yistaqsir,True,11,9,10-19,0-9,4
اُعْيَى,2i3ya,2i3ya,True,7,5,0-9,0-9,4
مْوَاد,mawaad,mawaad,True,6,6,0-9,0-9,3
ثِلِج,talj,tallij,False,5,4,0-9,0-9,4
عَود الحَرَاث,3uud 2ili7raath,3uud 2ili7raath,True,13,15,10-19,10-19,3
تَخَيُّل,tkhayyil,tkhayyal,False,8,8,0-9,0-9,2
رَاحَة الغَدَا,raa7it 2ighada,raa7it 2ilghada,False,14,14,10-19,10-19,1
قَاشَع,qaashi3,qaashi3,True,6,7,0-9,0-9,2
اِكْبِد,kaabad,2ikbid,False,7,6,0-9,0-9,4
يِتْبَعَّع,yitba3,yitba33at,False,10,6,10-19,0-9,5
تْفَتَّح,tfatta7,tfatta7,True,8,7,0-9,0-9,1
اِسْتَشْهَاد,2istishhaad,2istishhaad,True,12,11,10-19,10-19,1
يطَرْمِخ,ytarmikh,ytarmikh,True,8,8,0-9,0-9,1
اِتْحَلَّم,2it7ammal,2it7ammal,True,10,9,10-19,0-9,4
بَرَغِي,burghi,burghi,True,7,6,0-9,0-9,5
طَلِيعَة,talii3a,talii3a,True,8,7,0-9,0-9,1
طِنّ,tann,tann,True,4,4,0-9,0-9,3
تْخَلَّم عْظَاتَك,titkhalkhal 3dhaamak,titkhallam 3dhaak,False,17,20,10-19,20-29,5
يٍتْمَزَّم,yitmazmaz,yitmazzaz,False,10,9,10-19,0-9,5
مَدْفُون,madfuun,madfuun,True,8,7,0-9,0-9,1
تِسْمَع,tsamma3,tsamma3,True,7,7,0-9,0-9,5
تَكْتِل,tkattal,tkattal,True,7,7,0-9,0-9,4
شَرْبُوح,sharbuu7,sharbuu7,True,8,8,0-9,0-9,2
طُشُش,tashshish,tashshash,False,5,9,0-9,0-9,5
يدَجِّل,ydajjil,ydajjil,True,7,7,0-9,0-9,1
يِسْتَطْبِي,yistatyib,yistatyib,True,11,9,10-19,0-9,4
جَيَف,jayyaf,jayyaf,True,5,6,0-9,0-9,5
تْنَقْوِد,tnaqwad,tniqwid,False,9,7,0-9,0-9,5
فَلْفِل,falfil,falfal,False,7,6,0-9,0-9,3
دِبَابِير,dabaabiir,dabaabiir,True,9,9,0-9,0-9,5
قَيْلُولِة,qayluule,qayluule,True,10,8,10-19,0-9,1
مَحَر كَشَار,mi7raak sharr,mi7raak shar,False,12,13,10-19,10-19,3
حَنِّك,7anak,7annak,False,6,5,0-9,0-9,2
يطَفِّي,yitfi,yitfi,True,7,5,0-9,0-9,1
مْدَرَّك,midrik,midrik,True,8,6,0-9,0-9,2
مُكُوع,mkawwi3,mkawwi3,True,6,7,0-9,0-9,5
دِعْكِش,da3kish,da3kish,True,7,7,0-9,0-9,5
إِبِن المَار بَطِز,2ibin 2ittabbaal zammaar,2ibin 2ilmaar bizat,False,18,24,10-19,20-29,2
تُجَبُّر,tjabbar,tjabbar,True,8,7,0-9,0-9,5
أَنْسَب,2ansab,2ansab,True,7,6,0-9,0-9,1
اِتوَرْشَع,2itwarsha3,2itwarsha3,True,10,10,10-19,10-19,5
قُرَاءَة,qiraa2a,qiraa2a,True,8,7,0-9,0-9,1
وَشَم,washim,washam,False,5,6,0-9,0-9,1
نِجَاة,najaa,najaa,True,6,5,0-9,0-9,4
اِعوِي,2i3wi,2i3wi,True,6,5,0-9,0-9,2
شَتِم,shatam,shattim,False,5,6,0-9,0-9,5
حرق رَاسه,7araq raaso,7araq raaso,True,9,11,0-9,10-19,3
نِكْشِة,nakshe,nakshe,True,7,6,0-9,0-9,5
فُقْفُق,faqfaqfa2fa2,faqfiqfa2fi2,False,7,12,0-9,10-19,4
خُصَّوِّة,khuusa,khuswe,False,9,6,0-9,0-9,4
سَبَق,sabbiq,sabbaqk,False,5,6,0-9,0-9,1
نَاصَر,naasir,naasir,True,6,6,0-9,0-9,2
رَمْرَم,ramrim,ramrim,True,7,6,0-9,0-9,1
دَوَاهَا عندي,dawaaha 3indi,dawaaha 3indi,True,13,13,10-19,10-19,1
لْعُوبِة,la3wabe,la3wabe,True,8,7,0-9,0-9,5
فَضّ,fudd,fadd,False,4,4,0-9,0-9,2
بَايِع وطِنُه,baayi3 watano,baayi3 watano,True,13,13,10-19,10-19,5
مَحْسَن,mu7sin,m7assin,False,7,6,0-9,0-9,3
قُرْنِيِّة,kgurniyye,kgurniyye,True,10,9,10-19,0-9,1
نَتَّل,natal,natil,False,6,5,0-9,0-9,3
لَثِّم,lusum,lusum,True,6,5,0-9,0-9,4
أَنْتَ,2anta,2anti,False,6,5,0-9,0-9,1
كَعِّى,ka3a,ka3a,True,6,4,0-9,0-9,3
يجَدّ,yajid,yjidd,False,5,5,0-9,0-9,3
يَا بَعْدي,yaa ba3di,yaa ba3di,True,10,9,10-19,0-9,4
تْغَزَّز,tghazzaz,tghazzaz,True,8,8,0-9,0-9,1
اُطْرُب,2itrib,2itrib,True,7,6,0-9,0-9,1
أُضَاف,2adaaf,2adaaf,True,6,6,0-9,0-9,3
اِسْتِدْرَايَك,2istidraaki,2istidraaki,True,14,11,10-19,10-19,4
يِقْزَح,yiqza7,yiqza7,True,7,6,0-9,0-9,2
يِطْعَم,yta33im,yit3am,False,7,7,0-9,0-9,4
يْتَبِّع,yitba3,ytabbi3,False,8,6,0-9,0-9,3
كَمِّين,kamiin,kamiin,True,7,6,0-9,0-9,4
الأحْوَال مَدَنِيِّة,2il2a7waal 2ilmadaniyye,2il2a7waal 2ilmadaniyye,True,20,23,20-29,20-29,4
يِتْخَرْبَط,yitkharbat,yitkharbat,True,11,10,10-19,10-19,1
رَيّ,rayy,rayy,True,4,4,0-9,0-9,1
قِلِم,qallam,qallam,True,5,6,0-9,0-9,5
دَعْبَس,da3bas,da3bis,False,7,6,0-9,0-9,1
اِطْقَع,taaqi3,2itga3,False,7,6,0-9,0-9,3
قَارِب,qaarab,qaarib,False,6,6,0-9,0-9,1
جَبَل,jabal,jabbil,False,5,5,0-9,0-9,2
عَشِنُّه,3ashinno,3ashinno,True,8,8,0-9,0-9,3
ضِلِل,dallal,dallal,True,5,6,0-9,0-9,3
يِحْتَفِل,y7aftil,yi7tifil,False,9,7,0-9,0-9,4
سَهِّل,sahhal,sahhil,False,6,6,0-9,0-9,1
إِبَّوِة,2ibwe,2ibwe,True,8,5,0-9,0-9,5
وَجِّه,wijih,wajjah,False,6,5,0-9,0-9,1
البِين يطُسَّك,2ilbeen ytussak,2ilbeen ytussak,True,14,15,10-19,10-19,5
اِخْتَلَاس,2ikhtilaas,2ikhtilaas,True,10,10,10-19,10-19,2
بيقَبِّى,bikba,biqba,False,8,5,0-9,0-9,1
يَحِّس,y7iss,y7iss,True,6,5,0-9,0-9,4
اِرْصُد,2irsud,2irsud,True,7,6,0-9,0-9,2
مَشَاع,mashaa3,mashaa3,True,6,7,0-9,0-9,1
لُغْمُط,laghmit,laghmit,True,7,7,0-9,0-9,5
يفَرِّش,yufrush,yfarrish,False,7,7,0-9,0-9,2
نَهَب,nahab,nahab,True,5,5,0-9,0-9,1
حَبُوب,7ubuub,7buub,False,6,6,0-9,0-9,4
يشَتِّم,yishtim,yishtim,True,7,7,0-9,0-9,2
يِمْلِج,yumludj,ymallidj,False,7,7,0-9,0-9,4
كَنْكَوزِة,kankuuze,kankuuze,True,10,8,10-19,0-9,3
بَلَفَون,balafoon,balafoon,True,8,8,0-9,0-9,3
نِكِس,nakas,nakkas,False,5,5,0-9,0-9,5
يِتْدَلْبَع,yiddal3ab,yiddalba3,False,11,9,10-19,0-9,2
دَحَانِي,da7aaniin,da7aani,False,8,9,0-9,0-9,2
اُتْمُر,2itmattar,2itmattar,True,7,9,0-9,0-9,3
يِبْنِي,yibni,ybanni,False,7,5,0-9,0-9,1
حَق,7aqq,7aqq,True,3,4,0-9,0-9,4
يِنْدَحَش,yindi7ish,yindi7ish,True,9,9,0-9,0-9,3
اِضْطَاهَد,2ittihaad,2ittihaad,True,10,9,10-19,0-9,3
جَاب وحُط,jaab wu7att,jaab wu7att,True,9,11,0-9,10-19,5
دَارَة,2idaara,daara,False,6,7,0-9,0-9,4
يْصَادِق,ysaadiq,ysaadiq,True,8,7,0-9,0-9,4
اُشْقَى,2ishqa,2ishqa,True,7,6,0-9,0-9,2
شَقِر,sha22ir,sha22ar,False,5,7,0-9,0-9,5
يلَحِّط,yla77it,yla77it,True,7,7,0-9,0-9,1
دَشَر,dashshar,dashshir,False,5,8,0-9,0-9,4
يطَومَل,ytoomil,ytoomil,True,7,7,0-9,0-9,4
زَوَّع,wazza3,zawwa3,False,6,6,0-9,0-9,1
أُوحَى,2aw7a,2aw7a,True,6,5,0-9,0-9,2
اِشْتَدّ,2ishtadd,2ishtadd,True,8,8,0-9,0-9,1
اِتْقَرْدَن,2itqardan,2itqardan,True,11,9,10-19,0-9,1
قِرّ,qurr,qurr,True,4,4,0-9,0-9,3
سُوف,sawwif,sawwaf,False,4,6,0-9,0-9,1
شَغْيِل,shaghghiil,shaghghiil,True,7,10,0-9,10-19,5
كْرِيشِة,kriishe,kriishe,True,8,7,0-9,0-9,1
تَسَيُّب,tsayyab,tsayyab,True,8,7,0-9,0-9,2
مْعَصِّم,m3ammis,m3ammis,True,8,7,0-9,0-9,1
يِزْفِت,yzaffit,yzaffit,True,7,7,0-9,0-9,4
دَحْرَجِيِّة,du7rudjiyye,du7rudjiyye,True,12,11,10-19,10-19,3
لَجِّنِة,lajne,lajne,True,8,5,0-9,0-9,5
فِخِم,fakhkhim,fakhkhim,True,5,8,0-9,0-9,4
تْمَسَّح,tamsi7,tmassa7,False,8,6,0-9,0-9,1
صَدِّق,sidiqsidi2,saddaqsadda2,False,6,10,0-9,10-19,3
مِتْخَتِّخ,mtakhtikh,mtakhtikh,True,10,9,10-19,0-9,4
سَخْسِخ,sakhsakh,sakhsikh,False,7,8,0-9,0-9,3
قَتِّل,qatil,qattal,False,6,5,0-9,0-9,2
زْفِيع,fazzii3,fazii3,False,6,7,0-9,0-9,3
سَمِح,simi7,sammi7,False,5,5,0-9,0-9,5
مَقْرَف,muqrif,mqarfish,False,7,6,0-9,0-9,5
جَبَّص,jabbas,jabbis,False,6,6,0-9,0-9,2
يِنْتَفَخ,yintifikh,yintifikh,True,9,9,0-9,0-9,3
الحَبَل جَرَّار,2il7abil jarraar,2il7abil jarraar,True,15,16,10-19,10-19,3
اِتَّحَاشَى,2it7aasha,2it7aasha,True,11,9,10-19,0-9,2
اِعْوِي,2i3wi,2i3wi,True,7,5,0-9,0-9,1
اِسْتَعْطَاف,2isti3taaf,2isti3taaf,True,12,10,10-19,10-19,5
تَشَرْتَح,tsharta7,tsharta7,True,9,8,0-9,0-9,2
اِطْرُش,2utrush,2itrashsh,False,7,7,0-9,0-9,2
عَفَاف,3afaaf,3afaaf,True,6,6,0-9,0-9,1
مُبْلَم,mballim,mballim,True,7,7,0-9,0-9,4
عتَّمت الدنيَا,3attamat 2iddinya,3attamat 2iddinya,True,14,17,10-19,10-19,1
سَاهُم,saahim,saahim,True,6,6,0-9,0-9,3
سَيئ,sayyi2,sii2,False,4,6,0-9,0-9,4
نِفْسُه طَيْبِة,nifso taybe,nifso taybe,True,15,11,10-19,10-19,4
يشَلْفِق,yshalfiq,yshalfiq,True,8,8,0-9,0-9,1
يْلَخْلِخ,ylakhlikh,ylakhlikh,True,9,9,0-9,0-9,2
حَافِظ,7aafaz,7aafiz,False,6,6,0-9,0-9,1
اِتْخَطَّب,2itkhabbat,2itkhabbat,True,10,10,10-19,10-19,4
يدَقِّش,yidqush,yidqush,True,7,7,0-9,0-9,1
دَرْوَع,druu3,druu3,True,7,5,0-9,0-9,3
يطُسُّه بْدَهْلِة,ytusso bahdale,ytusso bahdale,True,17,14,10-19,10-19,4
كَفَّر,kaffar,kaffir,False,6,6,0-9,0-9,1
نَصِر,nassir,nassir,True,5,6,0-9,0-9,3
تَدَلْفِيف,tadliif,tadliif,True,10,7,10-19,0-9,5
عِفِق,3afak,3affiq,False,5,5,0-9,0-9,4
مَجَارِي,majaari,majaari,True,8,7,0-9,0-9,1
طَوَّع,tawwi3,tawwi3,True,6,6,0-9,0-9,1
تْمِسْك,tmassak,tmaskar,False,7,7,0-9,0-9,4
هَدَّر,haddir,haddir,True,6,6,0-9,0-9,2
صَنْجَا,sanja,sanja,True,7,5,0-9,0-9,1
يُفْسُد,yfassid,yifsid,False,7,7,0-9,0-9,5
يمُضُو,ymawwid,ymawwid,True,6,7,0-9,0-9,3
يذَوِّب,ydawwib,ydawwib,True,7,7,0-9,0-9,1
مْخَايِج,makhaayij,makhaayij,True,8,9,0-9,0-9,4
مُون,muun,mawwin,False,4,4,0-9,0-9,2
شَحْنَك,sha7nik,sha7nik,True,7,7,0-9,0-9,1
مِسْلُول,masluul,masluul,True,8,7,0-9,0-9,4
اِتْلَاَزَم,2itlaamaz,2itlaamaz,True,11,9,10-19,0-9,3
سُمْقَة,samaga,samaga,True,7,6,0-9,0-9,5
خَاطِّئ,khaati2,khaati2,True,7,7,0-9,0-9,5
فُكَك,fakkik,fakkik,True,5,6,0-9,0-9,5
مِيّ,mayy,mayy,True,4,4,0-9,0-9,3
يعوِّد,y3awwid,y3awwid,True,6,7,0-9,0-9,4
حَمْرَط,7amrat,7amrat,True,7,6,0-9,0-9,1
عَقِب الدنك,3uqbaal 3indak,3aqab 2iddinak,False,11,14,10-19,10-19,3
هَجَن,hajjin,hajjan,False,5,6,0-9,0-9,3
قَشَاعَة,qkashshaa3a,qkashshaa3a,True,8,11,0-9,10-19,4
يبَسّ,yibis,ybiss,False,5,5,0-9,0-9,4
جَعَّع,ja3ji3,ja3ja3,False,6,6,0-9,0-9,4
شَدَافِيو,shidfaawi,shidfaawi,True,9,9,0-9,0-9,4
دَلَّاو,dlaaw,dlaaw,True,7,5,0-9,0-9,3
يَا حَلَوَاة,yaa 7alaawa,yaa 7alaawa,True,12,11,10-19,10-19,5
خَرُّوج,khruuj,khruuj,True,7,6,0-9,0-9,4
دْوَافِع,dawaafi3,dawaafi3,True,8,8,0-9,0-9,3
يتْرَحَّل,yitra77al,yitra77al,True,9,9,0-9,0-9,3
قَنْوَع,qanuu3,qanuu3,True,7,6,0-9,0-9,5
خْايِن,khaayin,khaayin,True,6,7,0-9,0-9,4
اِنْسِقِي,2insiqi,2insiqi,True,9,7,0-9,0-9,1
رَشَّح,rasha7,rashshi7,False,6,6,0-9,0-9,2
رْبَاط,rubbaat,rubbaat,True,6,7,0-9,0-9,1
مَعَامِل,ma3aamil,ma3aamil,True,8,8,0-9,0-9,2
دِلِغ,dalghas,dalghis,False,5,7,0-9,0-9,4
خُنْخُن,khankhan,khankhin,False,7,8,0-9,0-9,5
هَانَو,haawin,haawan,False,6,6,0-9,0-9,5
مُتَصَرْبِع,mitsarbi3,mitsarbi3,True,11,9,10-19,0-9,4
نَجَّر,najjir,najjar,False,6,6,0-9,0-9,2
فِرْجِة,furje,farje,False,7,5,0-9,0-9,5
يِرْدُد,yraddid,yraddid,True,7,7,0-9,0-9,2
تَرْحَم,tra77am,tra77am,True,7,7,0-9,0-9,3
فَتْفِت,fatfat,fatfit,False,7,6,0-9,0-9,2
نْتُوفِة,natwafe,natwafe,True,8,7,0-9,0-9,4
فُقَام,faqma,faqaam,False,6,5,0-9,0-9,2
قَوْمِي,qawmi,quumi,False,7,5,0-9,0-9,1
يِنْشَكّ,yinshakk,yinshakk,True,8,8,0-9,0-9,1
طِزّ,tuzz,tazz,False,4,4,0-9,0-9,5
مْصَدَّع,msaddi3,msaddi3,True,8,7,0-9,0-9,3
ثَمَّام,tmaam,tmaam,True,7,5,0-9,0-9,3
عِكْرِت,3akrit,3akrat,False,7,6,0-9,0-9,4
دَير,diir,diir,True,4,4,0-9,0-9,4
مُدَافِن,madaafin,madaafin,True,8,8,0-9,0-9,3
الَفْتَت,2iltafat,2iltafit,False,8,8,0-9,0-9,5
دْرُوس,druus,druus,True,6,5,0-9,0-9,1
قَالَت خُذُوَا,qaalat khudu,qaalat khudu,True,14,12,10-19,10-19,2
عَانِي,3aani,3aayin,False,6,5,0-9,0-9,1
مَكَائِد,makaa2id,makaa2id,True,8,8,0-9,0-9,1
يِتِّحِد,yitti7id,yitti7id,True,8,8,0-9,0-9,1
يزَعْوِق,yza3wiqk,yza3wiqk,True,8,8,0-9,0-9,1
قِلْفِة هَم,qillit fihim,qilfe nihm,False,11,12,10-19,10-19,5
يتْسَمَّم,yitsammam,yitsammam,True,9,9,0-9,0-9,2
مُورَق,mooriqk,mooraqk,False,6,7,0-9,0-9,3
غَرَق,gharraq,gharriq,False,5,7,0-9,0-9,1
أَذْوَاق,2azwaaq,2azwaaq,True,8,7,0-9,0-9,1
يعَرْنِص,y3arnis,y3arnis,True,8,7,0-9,0-9,1
لَاحق ورَاك عصَايبة,laa7iq waraak b3asaaye,laa7iq waraak b3asaaye,True,19,22,10-19,20-29,5
اِزرعهَا بذِقْنِي,2izra3ha bdiqni,2izra3ha bdiqni,True,17,15,10-19,10-19,5
مْقَيَّش,mqayyish,mqayyish,True,8,8,0-9,0-9,2
تَصْهِين,tsahyan,tashiin,False,8,7,0-9,0-9,1
مِالِح,maali7,maali7,True,6,6,0-9,0-9,5
اِنْظُر,naadhir,2unzur,False,7,7,0-9,0-9,4
تَبِيض,tabiid,tbayyad,False,6,6,0-9,0-9,3
شِيك,shiik,shayyak,False,4,5,0-9,0-9,1
هَجَد,hajjad,hajjad,True,5,6,0-9,0-9,3
رَكِّض,rakkad,rakkad,True,6,6,0-9,0-9,2
يِتْشَرَّد,yitsharrad,yitsharrad,True,10,10,10-19,10-19,1
يِطْبَع,yitba3,yitba3,True,7,6,0-9,0-9,3
حَبّ الشَّرَاد,7abb 2irrashaad,7abb 2irrashaad,True,14,15,10-19,10-19,3
دَاقِر,daaqar,daaqir,False,6,6,0-9,0-9,1
أَقَاليم,2aqaaliim,2aqaaliim,True,8,9,0-9,0-9,2
مَجْرَى,majra,majra,True,7,5,0-9,0-9,1
اِهْجِد,2uhjud,2uhjud,True,7,6,0-9,0-9,1
جَمْرَى الدَّم,majra 2iddam,majra 2iddam,True,14,12,10-19,10-19,2
غِمّ,ghamm,ghimm,False,4,5,0-9,0-9,3
مْتَمْسَك,mutamassik,mitmassik,False,9,10,0-9,10-19,4
يِتْقَهْوى,yitqahwayitgahwa,yitqahwayitgahwa,True,10,16,10-19,10-19,5
يِسْتَنْبِذ,yistaznib,yistaznib,True,11,9,10-19,0-9,4
يلُحّ,yli77,yli77,True,5,5,0-9,0-9,2
اِرْكُز,2irkaz,2irkaz,True,7,6,0-9,0-9,2
اِنْشِكِل,2inshikil,2inshakal,False,9,9,0-9,0-9,1
يجَلِّد,yjallid,yjallid,True,7,7,0-9,0-9,2
نَحَاسِة,n7aase,na7aase,False,8,6,0-9,0-9,3
يِفْرِط,yifrut,yfarrit,False,7,6,0-9,0-9,5
يِقْصِد,yiqsid,yiqsid,True,7,6,0-9,0-9,4
اِشْتِغِل,2ishtaghal,2ishtaghal,True,9,10,0-9,10-19,1
بَعِد,bi3id,ba33ad,False,5,5,0-9,0-9,3
ضَارِب,darib,daarib,False,6,5,0-9,0-9,1
ضَرَّط,darat,darrit,False,6,5,0-9,0-9,2
شِرّ,shurr,sharr,False,4,5,0-9,0-9,3
تْفَجَّر,tfajjar,tfajjar,True,8,7,0-9,0-9,1
مْوَدَّر,mwaddir,mwaddir,True,8,7,0-9,0-9,2
حَادَر,7aadir,7aadir,True,6,6,0-9,0-9,2
مْجَاوِر,mujaawir,mjaawir,False,8,8,0-9,0-9,1
تْحَضْيَن,ta7diin,ta7diin,True,9,7,0-9,0-9,4
ظُرَّاف,zraaf,zraaf,True,7,5,0-9,0-9,4
سْفَيه,safiih,safiih,True,6,6,0-9,0-9,4
اِنْعَزِل,2in3izil,2in3izil,True,9,8,0-9,0-9,5
وَسَائِل,wasaa2il,wasaa2il,True,8,8,0-9,0-9,1
مَرْمَط,marmat,marmat,True,7,6,0-9,0-9,1
تَنَهْرَز,tnahraz,tnahraz,True,9,7,0-9,0-9,2
قَدَد,qkgaddad,qkgaddad,True,5,8,0-9,0-9,3
بَيجُو وج,biwijj wajj,biwijj wajj,True,9,11,0-9,10-19,4
مَحْتَج,mi7tajj,mi7tajj,True,7,7,0-9,0-9,4
شُخْصي,shakhsi,shakhsi,True,6,7,0-9,0-9,5
اِخْتَفِى,2ikhtafa,2ikhtafa,True,9,8,0-9,0-9,5
يَحَبْحِب,y7ab7ib,y7ab7ib,True,9,7,0-9,0-9,4
جِنَّان,jinaan,janaan,False,7,6,0-9,0-9,5
اِنْهِبِل,2inhibil,2inhabal,False,9,8,0-9,0-9,1
زَرَّف,zarif,zaraf,False,6,5,0-9,0-9,2
زُرْبِيحَة,zarbii7a,zarbii7a,True,10,8,10-19,0-9,2
يُزْطُم,yzattim,yuztum,False,7,7,0-9,0-9,1
دَخِّيل,dakhiil,dakhiil,True,7,7,0-9,0-9,3
تَلَفِّيق,talfiiq,talfiiq,True,9,7,0-9,0-9,2
طُنْطُرَة,tantara,tantara,True,9,7,0-9,0-9,3
مْصَحِّف,mus7af,mus7af,True,8,6,0-9,0-9,1
يِضْطَهِد,yittahid,yittahid,True,9,8,0-9,0-9,1
قَطِط,2utat,qattit,False,5,5,0-9,0-9,4
يِنْهَى,yinha,yinha,True,7,5,0-9,0-9,1
حَلَّال عَلَيك,7alaal 3aleek,7alaal 3aleek,True,14,13,10-19,10-19,2
زْوُوز,zuuzu,zawwiz,False,6,5,0-9,0-9,4
دَايَر,daayir,daayir,True,6,6,0-9,0-9,2
هُرْجُل,hargal,hargil,False,7,6,0-9,0-9,5
غُرَّيب,ghariib,ghariib,True,7,7,0-9,0-9,3
خَرْمَنْجيِّة,kharamanjiyye,kharamanjiyye,True,13,13,10-19,10-19,4
يِتْجَرْعَم,yitdjarma3,yitdjarma3,True,11,10,10-19,10-19,3
مُجَعَّد,mja33ad,mja33ad,True,8,7,0-9,0-9,2
يِسْتَمْلِي,yistamiil,yistamiil,True,11,9,10-19,0-9,2
زَيت,zeet,zayyit,False,4,4,0-9,0-9,1
كَيِّد,keed,keed,True,6,4,0-9,0-9,3
نَهِّر,nahar,nahar,True,6,5,0-9,0-9,4
مُنْغَلَق,munghaliq,munghaliq,True,9,9,0-9,0-9,4
عَلى حَلّ شَعْرُه,3ala 7al sha3ro,3ala 7al sha3ro,True,17,15,10-19,10-19,2
يِتَعَارَف,yit3aaraf,yit3aaraf,True,10,9,10-19,0-9,4
شَارِد الذَّهن,shaarid 2izzihin,shaarid 2izzihin,True,14,16,10-19,10-19,3
حَلْوِش,7alwash,7alwash,True,7,7,0-9,0-9,4
تْوَصَّل,twassal,twassal,True,8,7,0-9,0-9,1
بُعْصَبِة,ba3basa,ba3sabe,False,9,7,0-9,0-9,4
اِتَّأَكّد,2it2akkad,2it2akkad,True,10,9,10-19,0-9,3
يِسْتَحْرِم,yista7rim,yista7rim,True,11,9,10-19,0-9,4
فَاضي,faadi,faadi,True,5,5,0-9,0-9,3
اِشْرُك,shaarik,2ishrik,False,7,7,0-9,0-9,4
يِتْمَكَّع,yitma33ak,yitma33ak,True,10,9,10-19,0-9,4
بيسود الوِجِه,bisawwid 2ilwijih,bisawwid 2ilwijih,True,13,17,10-19,10-19,1
اِنْتِوِر,2itnawwar,2intiwir,False,9,9,0-9,0-9,5
رِعْبِة,ra3be,ra3be,True,7,5,0-9,0-9,5
لَبِّد,labad,labbad,False,6,5,0-9,0-9,3
لَازْمُه شُدّ بَرَاغِي,laazmo shadd baraaghi,laazmo shadd baraaghi,True,22,21,20-29,20-29,4
عَوَايِف,3awaafi,3awaayif,False,8,7,0-9,0-9,5
يَرْغُول,yarghuul,yraghwil,False,8,8,0-9,0-9,3
شْوَاطَة,shawwaata,shawwaata,True,8,9,0-9,0-9,2
فُصَائِل,fasaa2il,fasaa2il,True,8,8,0-9,0-9,3
اِهْلِط,2ihlut,2uhlut,False,7,6,0-9,0-9,4
مُسْتَنْكَف,mustankif,mustankif,True,11,9,10-19,0-9,3
اِطْرَد,2utrud,2utrud,True,7,6,0-9,0-9,3
لَمَّس,lamis,lammis,False,6,5,0-9,0-9,2
يِخْتَبِر,yikhtibir,yikhtibir,True,9,9,0-9,0-9,2
شَبَّح,shabbi7,shabbi7,True,6,7,0-9,0-9,2
فَنَد,fannid,fannad,False,5,6,0-9,0-9,3
قَلْبِة,qalbe,qalbe,True,7,5,0-9,0-9,1
يِرْهِب,yrahhib,yrahhib,True,7,7,0-9,0-9,3
دَشَى,dashsha,dashsha,True,5,7,0-9,0-9,2
تِخْذَال,tkhaazal,tkhaazal,True,8,8,0-9,0-9,3
طُبْخَة,tabkha,tabkha,True,7,6,0-9,0-9,3
بَنَايِة,binaaye,binaaye,True,8,7,0-9,0-9,2
مُسْتَجِدّ,mustajidd,mustajidd,True,10,9,10-19,0-9,2
اُلْبُد,2ilbud,2ilbud,True,7,6,0-9,0-9,1
حَبُّوب,7abbuub,7buub,False,7,7,0-9,0-9,2
يِنْقِحِط,yinqi7it,yinqi7it,True,9,8,0-9,0-9,1
مُحْزَق,m7azziq,m7azziq,True,7,7,0-9,0-9,5
حُدُث,7adas,7addis,False,5,5,0-9,0-9,4
بْتِلْعَب عَالْحَبْلَين,btil3ab 3al7ableen,btil3ab 3al7ableen,True,23,18,20-29,10-19,3
اِعْزِف,2i3zif,2i3zif,True,7,6,0-9,0-9,2
اِنْقِطِم,2inqatam,2inqitim,False,9,8,0-9,0-9,2
يِتْعَنَّص,yitsanna3,yitsanna3,True,10,9,10-19,0-9,4
اِنقَزَع,2inqkizi3,2iniqkzi3,False,8,9,0-9,0-9,5
قَمَحيِّة,qam7iyye,qam7iyye,True,9,8,0-9,0-9,5
سْتَايِت,sittaati,sataayit,False,8,8,0-9,0-9,3
فَتَح,fatta7,fatti7,False,5,6,0-9,0-9,1
مُتَوَازي الأضلَاع,mutawaazi 2il2adlaa3,mutawaazi 2il2adlaa3,True,18,20,10-19,20-29,2
يِنْشِئ,yinshi2,ynashshi2,False,7,7,0-9,0-9,2
غَثْبِر,ghathbar,ghathbar,True,7,8,0-9,0-9,4
مَغْرِب,maghrib,mgharrab,False,7,7,0-9,0-9,3
اِسْتَمِيت,2istamiit,2istamiit,True,10,9,10-19,0-9,1
طْوَبَر,toobar,toobar,True,7,6,0-9,0-9,4
لَزِّق,liziq,lazziq,False,6,5,0-9,0-9,1
يتَلْيِف,yitlayyaf,yitlayyaf,True,8,9,0-9,0-9,2
حَسَب,7assab,7assab,True,5,6,0-9,0-9,1
لَجِّج,ladjdjidj,ladjdjidj,True,6,9,0-9,0-9,2
عَوقِي,3awqi,3awqi,True,6,5,0-9,0-9,3
اِتْوِقِف,2itwaqqaf,2itwaqqaf,True,9,9,0-9,0-9,5
حَمِّل,7amil,7ammil,False,6,5,0-9,0-9,3
غَادِر,ghaadir,ghaadir,True,6,7,0-9,0-9,1
اُعْرَى,2i3ra,2i3ra,True,7,5,0-9,0-9,3
كَسِّد,kisid,kassid,False,6,5,0-9,0-9,2
قُزْعَة,qaz3a,q2uz3a,False,7,5,0-9,0-9,5
يجَيِّب,yjiib,yjayyib,False,7,5,0-9,0-9,1
خَارَي,khaari,khaari,True,6,6,0-9,0-9,4
يِنِعْوِر,yin3iwir,yini3wir,False,9,8,0-9,0-9,3
اِتْأَسَّف,2it2assaf,2it2assaf,True,10,9,10-19,0-9,1
يجَسِّد,yjassid,yjassid,True,7,7,0-9,0-9,2
رَبَع,rab3,rab3an,False,5,4,0-9,0-9,1
اِنِقْرِف,2inqaraf,2inqaraf,True,9,8,0-9,0-9,3
اِظْهُو,dhaahuu,2izhaw,False,7,7,0-9,0-9,4
تَدَخُّني,tadkhiin,tadkhiin,True,9,8,0-9,0-9,4
اِحْصِد,2i7sid,2u7sud,False,7,6,0-9,0-9,1
زَنَخ,zinikh,zannakh,False,5,6,0-9,0-9,3
اُصْلُح,saali7,2isla7,False,7,6,0-9,0-9,4
اِتْعَنَّف,2it3affan,2it3affan,True,10,9,10-19,0-9,2
خَبَّازِة,khabaaze,khabbaaze,False,9,8,0-9,0-9,1
يِعْتِظِر,y3adhrit,yi3tizir,False,9,8,0-9,0-9,2
مْقَيِّش,mqayyish,mqayyish,True,8,8,0-9,0-9,1
يُرْكُض,yirkud,yirkud,True,7,6,0-9,0-9,4
مْدَرِّر,mdarrir,mdarrir,True,8,7,0-9,0-9,1
حَمِّل,7ammil,7ammil,True,6,6,0-9,0-9,3
بَنِي,bunni,banni,False,5,5,0-9,0-9,3
هَرَش,harrish,harrish,True,5,7,0-9,0-9,1
يُحْضُر,yi7dar,y7addir,False,7,6,0-9,0-9,3
فَاحَج,faa7ij,faa7ij,True,6,6,0-9,0-9,2
تْصَلَّح,tsalla7,tsalla7,True,8,7,0-9,0-9,1
اِسْتَوْحِش,2istaw7ish,2istaw7ash,False,11,10,10-19,10-19,4
غُرَاب البَين,ghraabil been,ghraab 2ilbeen,False,13,13,10-19,10-19,3
هَمَّش,hammish,hammash,False,6,7,0-9,0-9,2
يتَعَالُج,yit3aalaj,yit3aalaj,True,9,9,0-9,0-9,5
بِكْمَا,bakma,bukma,False,7,5,0-9,0-9,3
تَنَاطُح,tnaata7,tnaata7,True,8,7,0-9,0-9,2
تِقْصَع,tqassa3,tqassa3,True,7,7,0-9,0-9,5
لِطَايِة,lattaaye,lattaaye,True,8,8,0-9,0-9,4
تْشَبَّع,tsha33ab,tshabba3,False,8,8,0-9,0-9,3
قَبِّع,qabbi3,qabbi3,True,6,6,0-9,0-9,1
مَشَّط,mashshat,mashshat,True,6,8,0-9,0-9,1
أَنْسَب,2ansab,2ansab,True,7,6,0-9,0-9,2
بله وإِشرب ميَّاتهَا,bilha wu2ishrab mayyitha,billha wu2ishrab mayyitha,False,20,24,20-29,20-29,3
مِن إِبْرَه,min 2ibirto,min 2ibiro,False,11,11,10-19,10-19,3
ينَكِّش,ynakkish,ynakkish,True,7,8,0-9,0-9,3
دَمْعَتُه رْهَفِيِّة,dam3ito rhayfe,dam3ito rhayfe,True,20,14,20-29,10-19,4
اِفْقُم,2ifqam,2ifqam,True,7,6,0-9,0-9,4
نِهِج,nahadj,nahhadj,False,5,6,0-9,0-9,5
كَرْزَم,kirzim,karzim,False,7,6,0-9,0-9,1
كُلّ وَاحَد بِينَام عَالجَنْب اللِّي بِيرُه,kull waa7ad binaam 3aljamb 2illi biray7o,kull waa7ad binaam 3aljar biilli yabimay7o,False,43,40,40-49,40-49,2
كَبِّير,kbiir,kbiir,True,7,5,0-9,0-9,5
حَام,7aam,7aam,True,4,4,0-9,0-9,1
خِلْخَال,khulkhaal,khulkhaal,True,8,9,0-9,0-9,4
يوَنْجِق,ywandjiq,ywandjiq,True,8,8,0-9,0-9,1
كسر رَاسُه,kassar raaso,kasar raaso,False,10,12,10-19,10-19,3
فَقَس,faqqis,faqqas,False,5,6,0-9,0-9,1
اِتْلَأْمَن,2itla2man,2itla2man,True,11,9,10-19,0-9,1
أَنْضَج,2andaj,2andaj,True,7,6,0-9,0-9,1
اُقْشُع,2iqsha3,2iqsha3,True,7,7,0-9,0-9,4
وَازَن,waazin,waazin,True,6,6,0-9,0-9,4
اُجُود,2uujid,2uujid,True,6,6,0-9,0-9,3
جَمْرُوش,majruush,majruush,True,8,8,0-9,0-9,3
مُزَابِل,mazaabil,mazaabil,True,8,8,0-9,0-9,3
فَاتِح,faati7,faati7,True,6,6,0-9,0-9,1
دَرَر,darrir,darrir,True,5,6,0-9,0-9,3
حَمِّل,7ammal,7ammil,False,6,6,0-9,0-9,3
سَخَلِة,skhala,skhala,True,7,6,0-9,0-9,3
مْنَعْوِس,mna3wis,man3uus,False,9,7,0-9,0-9,2
فِتِّة,fatte,fatte,True,6,5,0-9,0-9,4
مَرَفُوض,marfuud,marfuud,True,8,7,0-9,0-9,4
حُنِّيِّة,7anye,7inniyye,False,9,5,0-9,0-9,5
ثُقَّيل,tqiilt2iilthgiil,tqiilt2iilt2iilthgiil,False,7,16,0-9,10-19,3
إِخَّص,2ikhs,2ikhs,True,6,5,0-9,0-9,3
بُهُور,bahwar,bahwar,True,6,6,0-9,0-9,4
اُجْرُب,2ijrab,2ijrabb,False,7,6,0-9,0-9,5
رَبَايِز,rabaayiz,rabaayiz,True,8,8,0-9,0-9,1
تْغُثْبَر,tghathbar,tghathbar,True,9,9,0-9,0-9,5
مَوْذِح,2imwadhdhi7,mwadhdhi7,False,7,11,0-9,10-19,2
مُسْتَثِمّ,mustasmir,mustasamm,False,10,9,10-19,0-9,5
نْوَقَرَة,nooqara,nooqara,True,9,7,0-9,0-9,4
حِلَمَنْتِيشِي,7alamantiishi,7alamantiishi,True,14,13,10-19,10-19,5
جَارِي,jaari,2ijri,False,6,5,0-9,0-9,1
فَلْسَع,falsi3,falsa3,False,7,6,0-9,0-9,1
اِنْفِرِض,2infarad,2infirid,False,9,8,0-9,0-9,2
قِلْقَلِة,qalqale,qalqale,True,9,7,0-9,0-9,5
لَطِّش,latish,lattish,False,6,6,0-9,0-9,3
خَطْرَة,khatra,khatra,True,7,6,0-9,0-9,1
اِعْكُش,3aakish,2i3kish,False,7,7,0-9,0-9,5
زُبّ,zibb,zibb,True,4,4,0-9,0-9,3
جَزَاء,jazaa2,jazaa2,True,6,6,0-9,0-9,1
تَغَابَى,tghaaba,tghaaba,True,8,7,0-9,0-9,2
تْدَرْوَش,2iddarwash,2iddarwash,True,9,10,0-9,10-19,1
عِرِق,3arraq,3arriq,False,5,6,0-9,0-9,5
سَطَّح,sati7,satti7,False,6,5,0-9,0-9,2
أَهل الذِّمِّة,2ahl 2izzimme,2ahl 2izzimme,True,14,13,10-19,10-19,1
اِنْقَهِر,2inqahar,2inqahar,True,9,8,0-9,0-9,3
يِتَصَوُّر,yitsawwar,yitsawwar,True,10,9,10-19,0-9,3
يِنْفُر,ynaffir,ynaffir,True,7,7,0-9,0-9,1
اُقْمُع,2iqma3,2iqma3,True,7,6,0-9,0-9,2
مَلَاقِط,malaaqit,malaaqit,True,8,8,0-9,0-9,2
خَوَاث,khoota,khoota,True,6,6,0-9,0-9,1
أَخضر الزيتون ولَا يَابس الحطب,3akhdar 2izzaytuun wala yaabis 2il7atab,2akhdar 2izzaytuun wala yaabis 2il7atab,False,30,39,30-39,30-39,1
رَذِل,razzal,razzil,False,5,6,0-9,0-9,4
تَحَلُّف,t7allaf,t7allaf,True,8,7,0-9,0-9,2
رَمْزُون,ramzoon,ramzoon,True,8,7,0-9,0-9,2
عَالجَهَون,3al jahjahuun,3al jahuun,False,10,13,10-19,10-19,4
مُسَرْسِب,msarsab,msarsab,True,9,7,0-9,0-9,4
مُسْتَغْرِب,mistaghrib,mistaghrib,True,11,10,10-19,10-19,2
اِقروَا عروحه الفَاته,2iqru 3aroo7o 2ilfaat7a,2iqru 3aroo7o 2ilfaat7a,True,21,23,20-29,20-29,3
لَعَّى,la33a,la33a,True,6,5,0-9,0-9,2
تَخَت,takht,takht,True,5,5,0-9,0-9,5
ذَحَك عَقِنْضُه,di7ik 3adiqno,di7ik 3adiqno,True,15,13,10-19,10-19,1
اِتْطَبَّش,2ittabbash,2ittabbash,True,10,10,10-19,10-19,1
يْلَاخِم,yilaakhim,ylaakhim,False,8,9,0-9,0-9,2
اِتْبِهْوِق,2itbahwagkq,2itbahwagkq,True,11,11,10-19,10-19,4
صُلْعَة,sal3a,sal3a,True,7,5,0-9,0-9,3
اِشْرَح,2ishra7,2ishra7,True,7,7,0-9,0-9,2
مُرَابَعَة,mraaba3a,muraaba3a,False,10,8,10-19,0-9,1
نِعْنِع,na3na3,na3na3,True,7,6,0-9,0-9,4
دْهُوس,dahwas,dahwis,False,6,6,0-9,0-9,3
مُعَاصِر,ma3aasir,ma3aasir,True,8,8,0-9,0-9,3
يِكَمْبِر,ykambir,ykambir,True,9,7,0-9,0-9,5
مِفْتَاح العودة,miftaa7 2il3awda,miftaa7 2il3oode,False,15,16,10-19,10-19,1
تُزْرُر,tzarrar,tzarrar,True,7,7,0-9,0-9,3
نَصِّر,nasir,nassir,False,6,5,0-9,0-9,2
تُوفِيق,tawfiiq,tawfiiq,True,7,7,0-9,0-9,2
جُول,djuul,jawwal,False,4,5,0-9,0-9,1
نَهَج,nahhadj,nahhadj,True,5,7,0-9,0-9,1
حَظِّر,7azar,7azzar,False,6,5,0-9,0-9,3
اِنْتَشَال,2intishaal,2intishaal,True,10,10,10-19,10-19,4
نَعَق,na33aq,na33aq,True,5,6,0-9,0-9,1
اِسْتَنْكَف,2istankaf,2istankif,False,11,9,10-19,0-9,2
أَصْهِرَة,2ashira,2ashira,True,9,7,0-9,0-9,3
تْأَلَّف,2atlaf,t2allaf,False,8,6,0-9,0-9,1
يُتْقَرَّب,yitqarrab,yitqarrab,True,10,9,10-19,0-9,5
مَشَاوِير,mashaawiir,mashaawiir,True,9,10,0-9,10-19,1
تَلَدَوع,tladwa3,tladwa3,True,8,7,0-9,0-9,2
اِتْوَغّدَل,2itwaghghal,2itwaghghad,False,11,11,10-19,10-19,5
اِتْوِفَّى,2itwaffa,2itwaffa,True,10,8,10-19,0-9,4
اُحْجُز,2i7jiz,2u7juz,False,7,6,0-9,0-9,4
دَقَّة,duqqa,daqqa,False,6,5,0-9,0-9,3
سِبِق,sabbiq,sabbaqk,False,5,6,0-9,0-9,4
مُفَاعِيص,mafaa3iis,mafaa3iis,True,9,9,0-9,0-9,2
اِتْذَحَّب,2iddabba7,2idda7bab,False,10,9,10-19,0-9,5
مُهْلِس,mhallis,mhallis,True,7,7,0-9,0-9,3
طْفَاط,taftaaf,tafaat,False,6,7,0-9,0-9,4
مْبَهْرِج,mbahraj,mbahrij,False,9,7,0-9,0-9,1
عَطَّر,3attir,3attir,True,6,6,0-9,0-9,1
هَدَى,hada,hadda,False,5,4,0-9,0-9,2
أَوليَاء اللله الصَالحي,2awliyaa2 2illa 2issaali7iin,2awliyaa2 2illa 2issaali7iilh,False,23,28,20-29,20-29,5
مْعَلَّومِة,ma3luuma,ma3luuma,True,11,8,10-19,0-9,3
لَاوِي بوزه,laawi buuzo,laawi buuzo,True,11,11,10-19,10-19,3
اِنِبْحِش,2inbi7ish,2inba7ash,False,9,9,0-9,0-9,3
مْفَطِّس,mfattis,mfattis,True,8,7,0-9,0-9,1
دِيَاثَة,dayaasa,dayaasa,True,8,7,0-9,0-9,5
غَصِّب,ghasib,ghassib,False,6,6,0-9,0-9,1
أُسْبوع,2usbuu3,2usbuu3,True,7,7,0-9,0-9,3
تَهْلِيلِة,tahliile,tahliile,True,10,8,10-19,0-9,1
قَاوِل,qaawil,qaawal,False,6,6,0-9,0-9,2
مُكَاتَبِي,makaatiib,makaatiib,True,10,9,10-19,0-9,4
إِدَارة,2idaara,2idaara,True,7,7,0-9,0-9,5
اُبْرِي,2ibri,2ibri,True,7,5,0-9,0-9,2
مَلْوَك,muluuk,mluuk,False,7,6,0-9,0-9,4
بينفشعن نَاسوَان,binfa3ish niswaan,binfa3ish niswaan,True,16,17,10-19,10-19,4
نَوَابِغ,nawaabigh,nawaabigh,True,8,9,0-9,0-9,1
نَدِه,nadah,naddah,False,5,5,0-9,0-9,5
يِتْفَلْفَل,yitfalfal,yitfalfal,True,11,9,10-19,0-9,1
بِرْطِل,bartil,bartil,True,7,6,0-9,0-9,4
عُنْقُرَة,3anqara,3anqara,True,9,7,0-9,0-9,3
يِتْغَفَّص,yitfaghghas,yitfaghghas,True,10,11,10-19,10-19,5
مُبَاعِر,mabaa3ir,mabaa3ir,True,8,8,0-9,0-9,4
تَنْصُوي,tanwiis,tanwiis,True,8,7,0-9,0-9,2
مْسَاعَدِة,musaa3ade,musaa3ade,True,10,9,10-19,0-9,4
طُهَّارَة,tahaara,tahaara,True,9,7,0-9,0-9,5
يِكْبَى,yitshbi,yitshbi,True,7,7,0-9,0-9,1
شَايِذ,shaayidh,shaayidh,True,6,8,0-9,0-9,1
حِرْبَايِة,7irbaaye,7irbaaye,True,10,8,10-19,0-9,2
عِلَامِة,3alaame,3allaame,False,8,7,0-9,0-9,4
يحَشِّر,y7ashshir,y7ashshir,True,7,9,0-9,0-9,2
حَامِل,7aamil,7aamil,True,6,6,0-9,0-9,2
كْيَال,kayyaal,kayyaal,True,6,7,0-9,0-9,2
اِصْطِفِل,2istifil,2istafal,False,9,8,0-9,0-9,2
قَلَى,qala,qalla,False,5,4,0-9,0-9,2
يتَوَحُّل,yitwa77al,yitwa77al,True,9,9,0-9,0-9,4
اِنْشِطِب,2inshitib,2inshatab,False,9,9,0-9,0-9,4
فَايِق و رَايق,faayiq wuraayiq,faayiq wuraayiq,True,14,15,10-19,10-19,3
مَشْتِت,mshattat,mshattit,False,7,8,0-9,0-9,4
قْاوِح,qaawi7,qaawa7,False,6,6,0-9,0-9,3
مُحْتَقِن,mi7tiqin,mu7taqin,False,9,8,0-9,0-9,2
سُدُود,sduud,sduud,True,6,5,0-9,0-9,2
مِنْخِرِط,minkhirit,minkhirit,True,9,9,0-9,0-9,2
يِتْنَعَّم,yitna33am,yitna33am,True,10,9,10-19,0-9,1
زُلْزَال,zilzaal,zalaazil,False,8,7,0-9,0-9,3
يُؤَمِّر,yu2mur,y2ammir,False,8,6,0-9,0-9,5
يُعْصُر,yu3sur,yu3sur,True,7,6,0-9,0-9,3
مَعِّط,ma33at,ma33at,True,6,6,0-9,0-9,3
مَقْيَسِة,mqeeqasemkeekase,mqeeqasemkeekase,True,9,16,0-9,10-19,3
مْحَدَّد,m7addid,mu7addad,False,8,7,0-9,0-9,3
شَفّى,shafa,shaffa,False,5,5,0-9,0-9,5
فْعُوص,fa3wis,fa3was,False,6,6,0-9,0-9,4
حِلْمِس,7almas,7almis,False,7,6,0-9,0-9,5
فِي بثُمَّك حَكِي,fii btimmak 7aki,fii btimmak 7aki,True,17,16,10-19,10-19,2
اِعْكُس,2i3kis,2i3kis,True,7,6,0-9,0-9,5
كَورِبِة,koorba,koorba,True,8,6,0-9,0-9,3
تَلَّت,taltal,taltil,False,6,6,0-9,0-9,5
اِتْدَعَّل,2iddala3,2iddala3,True,10,8,10-19,0-9,3
مِسْتَوْطِن,mustawtin,mustawtin,True,11,9,10-19,0-9,5
نِفِخ,naffikh,naffakh,False,5,7,0-9,0-9,4
مَكَان,makaan,makaan,True,6,6,0-9,0-9,1
اِحْصِد,2u7sud,2u7sud,True,7,6,0-9,0-9,1
غُيث,ghiith,ghiith,True,4,6,0-9,0-9,5
لَهْجِة,lahje,lahje,True,7,5,0-9,0-9,1
أَكِل زِفْت,2akal zift,2akal zift,True,11,10,10-19,10-19,4
قده معنيتر,qaddo 3amarteen,qaddo ma3aneet,False,10,15,10-19,10-19,2
مْقَهْوَر,maqhuur,maqhuur,True,9,7,0-9,0-9,3
اِرْغَب,2irghab,2irghab,True,7,7,0-9,0-9,1
ثِرْثَار,sarsaar,sarsaar,True,8,7,0-9,0-9,3
اِعْمَل,2i3mal,2i3mal,True,7,6,0-9,0-9,2
خَايَن,khaayin,khaayin,True,6,7,0-9,0-9,2
يِنْقَال,yinqaal,ynaaqil,False,8,7,0-9,0-9,1
مُتَدَهْوِر,middahwir,middahwir,True,11,9,10-19,0-9,2
حُنْجَرَة,7unjara,7anjara,False,9,7,0-9,0-9,3
قَعْدِيِّة,qku3diyye,qku3diyye,True,10,9,10-19,0-9,2
اِتْدَرَّد,2itraddad,2iddarrad,False,10,9,10-19,0-9,3
اِرْقَص,2irqus,2urqus,False,7,6,0-9,0-9,5
فَتْيِش,futteesh,futteesh,True,7,8,0-9,0-9,4
زَوَّغ,zawwagh,zawwagh,True,6,7,0-9,0-9,1
يِلْقَن,ylaqqin,ylaqqin,True,7,7,0-9,0-9,4
تْطِلِق,titlaq,2ittallaq,False,7,6,0-9,0-9,3
كَابوي,kaabooy,kaabooy,True,6,7,0-9,0-9,5
دَوش,dawash,dawwash,False,4,6,0-9,0-9,5
رِزّ,ruzz,razz,False,4,4,0-9,0-9,4
تَصْهُون,2itsahwan,tsahwan,False,8,9,0-9,0-9,4
فَقَّع,faqa3,faqqa3,False,6,5,0-9,0-9,3
هِرّ,harr,hurr,False,4,4,0-9,0-9,3
يتَبَلُّغ,yitballagh,yitballagh,True,9,10,0-9,10-19,5
عَجَّر,3ajar,3ajjar,False,6,5,0-9,0-9,1
سَفِّر,saffir,saffir,True,6,6,0-9,0-9,2
زَمْرَعَة,mazra3a,mazra3a,True,9,7,0-9,0-9,3
اِتْغَرَم,2itgharram,2itgharram,True,9,10,0-9,10-19,4
هِدْوِل,hadwal,hadwil,False,7,6,0-9,0-9,4
ذَئِّب,zi2ib,zi2ib,True,6,5,0-9,0-9,5
اِسْحِر,2is7ar,2is7ar,True,7,6,0-9,0-9,2
بِنَاء على,binaa2an 3ala,binaa2an 3ala,True,10,13,10-19,10-19,1
وَقَع,waqqi3,waqqi3,True,5,6,0-9,0-9,5
الحَيِّة مَابِتْصِير,2il7ayye maa bitsiir khayye,2il7ayye maa bitsiir,False,20,27,20-29,20-29,3
رَخَص,rakhkhis,rakhkhis,True,5,8,0-9,0-9,3
قَطْقُوط,qatquut,qatquut,True,8,7,0-9,0-9,1
اِنْحِطِم,2in7atam,2in7atam,True,9,8,0-9,0-9,2
مِنْوِي,manawi,manawi,True,7,6,0-9,0-9,2
رِوِع,rawwi3,rawwi3,True,5,6,0-9,0-9,5
صَاجّ,saaj,saaj,True,5,4,0-9,0-9,3
صَقَر,saqir,saqar,False,5,5,0-9,0-9,2
يِبِفّ,ybiff,ybiff,True,6,5,0-9,0-9,3
عَفْشَك,3afshik,3afshak,False,7,7,0-9,0-9,2
يِغْرَق,yighraq,ygharriq,False,7,7,0-9,0-9,3
تَشْيَك,yitshayyak,tshayyak,False,7,10,0-9,10-19,5
كَيكَح,keeka7,keeka7,True,6,6,0-9,0-9,1
لُمْحَة,lam7a,lam7a,True,7,5,0-9,0-9,3
يتَجَاوُز,yitjaawaz,yitjaawaz,True,9,9,0-9,0-9,4
بَالنَّاقِص,binnaaqis,binnaaqis,True,11,9,10-19,0-9,1
فَاتِح ثِمُّه و رَاخي بيضه,faati7 timmo wuraakhi beedo,faati7 timmo wuraakhi beedo,True,26,27,20-29,20-29,4
يِنْزِبِل,yinzibil,yinzibil,True,9,8,0-9,0-9,1
يُسْتُقِرّ,yistiqirr,yistaqirr,False,10,9,10-19,0-9,3
عَلَكِة,3ilke,3ilke,True,7,5,0-9,0-9,2
اِتْخَيَّب,2itkhayyab,2itkhayyab,True,10,10,10-19,10-19,1
حِسْنِة,7asane,7asane,True,7,6,0-9,0-9,4
مَانِع,maana3,maani3,False,6,6,0-9,0-9,1
يِفْعَط,yif3at,yif3at,True,7,6,0-9,0-9,2
أَخِر,2akhkhir,2akhkhar,False,5,8,0-9,0-9,5
أَنْتِ,2anta,2anti,False,6,5,0-9,0-9,2
يتْوَاجَد,yitwaajad,yitwaajad,True,9,9,0-9,0-9,5
اِلْتَقى,2iltaqa,2iltaqa,True,8,7,0-9,0-9,2
قُطْلِجِة,qatladje,qatladje,True,9,8,0-9,0-9,4
اِخْبُط رَاسك بَالحيط,2ukhbut raasak bil7eet,2ukhbut raasak bil7eet,True,21,22,20-29,20-29,1
بَكْرِج,bakradj,bakradj,True,7,7,0-9,0-9,1
عينه وَالقبر,3yuuno wilqabir,3eeno wilqabir,False,12,15,10-19,10-19,1
إِخَرَاج,2ikhraaj,2ikhraaj,True,8,8,0-9,0-9,3
يٍمْتَع,ymatti3,yimta3,False,7,7,0-9,0-9,5
سِيلَان,sayalaan,sayalaan,True,7,8,0-9,0-9,1
شَخْوِر,shakhwar,shakhwar,True,7,8,0-9,0-9,5
نَخِّز,nakhkhaz,nakhkhiz,False,6,8,0-9,0-9,3
اِتْعَطَّر,2it3attar,2it3attar,True,10,9,10-19,0-9,1
زَاتِّت,zaatit,2iztat,False,7,6,0-9,0-9,5
اِسْتَشْقَر,2istashriq,2istashraq,False,11,10,10-19,10-19,3
بَنْجَر,banjar,banjar,True,7,6,0-9,0-9,1
لَبْلَب,liblib,lablab,False,7,6,0-9,0-9,4
يسَبْسِب,ysabsib,ysabsib,True,8,7,0-9,0-9,1
رَجَّال,rjaal,rijjaal,False,7,5,0-9,0-9,2
مْوَفِّق,mwaffaq,mwaffaq,True,8,7,0-9,0-9,1
مْقَهَّى,maqha,mqahha,False,8,5,0-9,0-9,2
زِلِق,zalaq,zallaq,False,5,5,0-9,0-9,5
قُنْشَعَة,qkansha3e,qkansha3e,True,9,9,0-9,0-9,3
طَنِّط,tant,tant,True,6,4,0-9,0-9,3
أَبُو الحِنَّا,2abu 2il7inna,2abu 2il7inna,True,14,13,10-19,10-19,1
تَأْتِأ,ta2ta2,ta2ta2,True,7,6,0-9,0-9,2
مُشْنَف,mshannif,mshannif,True,7,8,0-9,0-9,4
قَشَّر,qashshar,qashshar,True,6,8,0-9,0-9,1
مْوَسِّى,muusa,muusa,True,8,5,0-9,0-9,4
يِلْبِي,ylabbi,ylabbi,True,7,6,0-9,0-9,2
حَكْحَكِة,y7ak7ake,7ak7ake,False,9,8,0-9,0-9,1
يِلْتَقِط,yiltiqit,yiltiqit,True,9,8,0-9,0-9,4
اِلْهِث,2ilhath,2ilhath,True,7,7,0-9,0-9,2
وِهِم,waham,wahhim,False,5,5,0-9,0-9,5
يِخَالِف,ykhaalif,ykhaalif,True,8,8,0-9,0-9,2
اُعْلُق,2i3laq,2i3laq,True,7,6,0-9,0-9,2
يطَمْشِط,yshamtit,ytamshit,False,8,8,0-9,0-9,4
طَش,tashsh,tushsh,False,3,6,0-9,0-9,5
كَنَّن,kannan,kannin,False,6,6,0-9,0-9,2
طُوبِر,ytoobir,toobar,False,6,7,0-9,0-9,5
دْبَاغ,dabbaagh,dbaagh,False,6,8,0-9,0-9,1
أَنِّب,2annib,2annab,False,6,6,0-9,0-9,2
عدنهَا,3addinha,3idna,False,6,8,0-9,0-9,1
شَزْلَون,2ishazloon,shazloon,False,8,10,0-9,10-19,1
مَا شَهِل من تضرأض,maa shilto min 2ardo,maa shilto min 2ardo,True,18,20,10-19,20-29,1
مْزَلَّط,mazlat,mazlat,True,8,6,0-9,0-9,3
قِطّ,qatt,qutt,False,4,4,0-9,0-9,3
إَفّ,2iff,2iff,True,4,4,0-9,0-9,5
دَقَمِة,daqme,duqme,False,7,5,0-9,0-9,3
لُول,loolas,lawwal,False,4,6,0-9,0-9,3
هَدَّر,hadar,haddir,False,6,5,0-9,0-9,2
نِقِش,naqqish,naqqash,False,5,7,0-9,0-9,5
قلبي من الحَامِض لوَاي,qalbi min 2il7aamid laawi,qalbi min 2il7amid waali,False,22,25,20-29,20-29,2
اِتْلَسَّع,2itsalla3,2itlassa3,False,10,9,10-19,0-9,5
جِزِر,jazar,jazar,True,5,5,0-9,0-9,4
اِتْعَفَّى,2it3aafa,2it3affa,False,10,8,10-19,0-9,5
العَتَب النُّقّ صَابُول,2il3atab saabuun 2ilqalb,2il3atab 2innuqqs lbaluul,False,23,24,20-29,20-29,3
فَظِيع,fadhii3,fadhii3,True,6,7,0-9,0-9,1
سِمَم,sammim,sammam,False,5,6,0-9,0-9,5
ظُرَفَاء,zurafa,zurafa,True,8,6,0-9,0-9,1
خَبِط,khabbat,khabbit,False,5,7,0-9,0-9,5
سَحِّيج,sa77iij,sa77iij,True,7,7,0-9,0-9,2
إِمْلَاء,2imlaa2,2imlaa2,True,8,7,0-9,0-9,1
وَاقْعَة,waaqi3a,waaqi3a,True,8,7,0-9,0-9,3
صُرّ,sirr,surr,False,4,4,0-9,0-9,2
شَمَّر,shamar,shammir,False,6,6,0-9,0-9,1
يصَرْفِن,ysafrin,ysarfin,False,8,7,0-9,0-9,5
مَلَّس,mallis,mallis,True,6,6,0-9,0-9,2
ثَمِر,thammar,thammar,True,5,7,0-9,0-9,5
خُبَص,khabbas,khabbas,True,5,7,0-9,0-9,5
اِسْتَعَدَاد,2isti3daad,2isti3daad,True,12,10,10-19,10-19,4
اِنْفِرِك,2infirik,2infarak,False,9,8,0-9,0-9,3
سِمَاط,smaat,smaat,True,6,5,0-9,0-9,5
جَمِّيلِة,jmiile,jmiile,True,9,6,0-9,0-9,4
تَعْيَش,t3iish,t3ayyash,False,7,6,0-9,0-9,5
ضَعِّف,da3if,da33af,False,6,5,0-9,0-9,2
لَغْمَط,laghmat,laghmit,False,7,7,0-9,0-9,1
فُودَاس,foodaas,foodaas,True,7,7,0-9,0-9,3
تْسَبَك,tsabbak,tsabbak,True,7,7,0-9,0-9,3
قَشِف,qashshaf,qashshif,False,5,8,0-9,0-9,4
شَيَّب,shayyab,shayyab,True,6,7,0-9,0-9,3
زَحْلَطَتُه سَارِيِّة,za7latato sayyaara,za7latato sayyaara,True,21,18,20-29,10-19,2
سوَاطِير,sawaatiir,sawaatiir,True,8,9,0-9,0-9,3
اِتْلَولَب,2itloolab,2itloolab,True,10,9,10-19,0-9,1
يِسْجُد,yusjud,yusjud,True,7,6,0-9,0-9,4
تْوَرَّص,watar,twarras,False,8,5,0-9,0-9,3
رَوِّي,riwi,riwi,True,6,4,0-9,0-9,1
قُرْمَطَة,qgarmata,qgarmata,True,9,8,0-9,0-9,3
بَذْرَة خَير,bazrat kheer,bazrit kheer,False,12,12,10-19,10-19,2
يِتَلَاَطَف,yitlaataf,yitlaataf,True,11,9,10-19,0-9,5
خَصَا,khassa,khassa,True,5,6,0-9,0-9,1
دَاءّ,daa2,daa2,True,5,4,0-9,0-9,5
مْحَتَّاج,mi7taaj,mi7taaj,True,9,7,0-9,0-9,4
رَاس الكوم,raas 2ilkoom,raas 2ilkoom,True,10,12,10-19,10-19,4
نعَامة ترفسك,na3aame turfusak,na3aame turfusak,True,12,16,10-19,10-19,1
زِرّ,zarr,zarr,True,4,4,0-9,0-9,2
ضُل,dall,dall,True,3,4,0-9,0-9,4
وُطَاوِة,wataawe,wataawe,True,8,7,0-9,0-9,4
نَحُور,nu7uur,nu7uur,True,6,6,0-9,0-9,5
كَورَة,koora,koora,True,6,5,0-9,0-9,1
عَالبْيَاب,3albaab,3albiyaab,False,10,7,10-19,0-9,3
مَيِّة,mayye,miyye,False,6,5,0-9,0-9,1
يْجَاوِب,yjaawib,yjaawib,True,8,7,0-9,0-9,3
تَكُّه,tkahhan,tkahhan,True,6,7,0-9,0-9,4
قَانَون,qaanuun,qaanuun,True,7,7,0-9,0-9,2
اِسْتَجْوَاب,2istijwaab,2istijwaab,True,12,10,10-19,10-19,3
رْهَيِّف,rhayyif,rhayyif,True,8,7,0-9,0-9,3
اِتْهَجَّز,2itjahhaz,2itjahhaz,True,10,9,10-19,0-9,2
سِال,saal,saal,True,4,4,0-9,0-9,3
مِتْمَرْدِغ,tmardagh,mitmardigh,False,11,8,10-19,0-9,5
يؤثِّث,y2aththith,y2aththith,True,6,10,0-9,10-19,1
يقَرْعِم,yqkgarmi3,yqkgarmi3,True,8,9,0-9,0-9,4
اِتْعَنَّص,2itsanna3,2itsanna3,True,10,9,10-19,0-9,5
حِبْسِة,7abse,7abse,True,7,5,0-9,0-9,5
يطَبِّل,ytabbil,yutbul,False,7,7,0-9,0-9,1
مَخْمَج,mkhammij,mkhammij,True,7,8,0-9,0-9,3
اِتْجَرْعَم,2itdjarma3,2itdja3ram,False,11,10,10-19,10-19,3
تَفَاح,tuffaa7,tuffaa7,True,6,7,0-9,0-9,3
يلَولِص,yloolis,yloolis,True,7,7,0-9,0-9,1
يِفْنِع,yfanni3,yfanni3,True,7,7,0-9,0-9,5
فِنَاء,fanaa2,fanaa2,True,6,6,0-9,0-9,2
تْعَاطَف,t3aataf,t3aataf,True,8,7,0-9,0-9,1
مَاخُور,makhuur,makhuur,True,7,7,0-9,0-9,1
دَرَابيس,daraabiis,daraabiis,True,8,9,0-9,0-9,5
اِسْتَرْوَح,2istarwi7,2istarwi7,True,11,9,10-19,0-9,4
أُوهَم,2awham,2awham,True,6,6,0-9,0-9,5
كُعُوب,k3uub,k3uub,True,6,5,0-9,0-9,5
كِسِت أخُك,kuss 2ukhtak,kusit 2ukhkha,False,10,12,10-19,10-19,4
طَوَّز,tooz,tooz,True,6,4,0-9,0-9,3
مِين,miin,mayyin,False,4,4,0-9,0-9,1
يِشْيَل,yshiil,yshayyil,False,7,6,0-9,0-9,5
رَعَّاة,ru3aat,ra3aat,False,7,6,0-9,0-9,3
حَجِر,7ajar,7ajjar,False,5,5,0-9,0-9,5
وُسُوسِة,waswase,waswase,True,8,7,0-9,0-9,2
فَقِّس,faqqis,faqqas,False,6,6,0-9,0-9,3
اِسْتَسْلِم,2istaslam,2istaslam,True,11,9,10-19,0-9,3
مْضِيِّي,maddi,madi,False,8,5,0-9,0-9,4
يِبْط,ybutt,ybutt,True,5,5,0-9,0-9,5
فِلِي,falli,falli,True,5,5,0-9,0-9,2
حَاشَي,7aashi,7aashi,True,6,6,0-9,0-9,4
عَفَارْتِي,3afaariit,3afaariit,True,10,9,10-19,0-9,3
مْوَرْتِش,mwartish,mwartish,True,9,8,0-9,0-9,1
يِبْنَق,ybanniq,ybanniq,True,7,7,0-9,0-9,5
عَكَارِيت,3akaariit,3akaariit,True,9,9,0-9,0-9,1
اُنْبُح,naabi7,2inba77,False,7,6,0-9,0-9,5
ميَّاته معَاليَات,mayyaato m3aalyaat,mayyaato m3aalyaat,True,17,18,10-19,10-19,1
هَطْبِل,hatbal,hatbil,False,7,6,0-9,0-9,3
ظْرُوفِة,zruufe,zruufe,True,8,6,0-9,0-9,1
يِتْكَهْبَر,yitkahrab,yitkahrab,True,11,9,10-19,0-9,2
يُجْرُف,yujruf,yjarrif,False,7,6,0-9,0-9,5
يِتْزِلْقِم,yitzalqam,yitzalqam,True,11,9,10-19,0-9,2
يِقْطَع,yqatti3,yiqta3,False,7,7,0-9,0-9,2
بَرْمِج,barmaj,barmij,False,7,6,0-9,0-9,3
تْهَتَّر,thattar,thattar,True,8,7,0-9,0-9,1
اِتْنَافَس,2itnaafas,2itnaasaf,False,10,9,10-19,0-9,1
طُبُق,tabaq,tabbaq,False,5,5,0-9,0-9,4
يهَنِّي,yhiin,yhanni,False,7,5,0-9,0-9,4
مُسَالِم,musaalim,musaalim,True,8,8,0-9,0-9,3
اِنْدِفِس,2indifis,2indafas,False,9,8,0-9,0-9,3
فَسِيديِّة,fusseediyye,fusseediyye,True,10,11,10-19,10-19,3
يسَوِّق,ysawwiq,ysawwiq,True,7,7,0-9,0-9,2
عَفِّس,3affis,3affis,True,6,6,0-9,0-9,2
الإِمتِحَان مَيّ,2il2imti7aan mayy,2il2imti7aan mayy,True,16,17,10-19,10-19,2
تَنْظَم,tnazzam,tnazzam,True,7,7,0-9,0-9,3
يْلَبِّح,ylabbi7,ylabbi7,True,8,7,0-9,0-9,5
خَنْدَق,khandaq,khandaq,True,7,7,0-9,0-9,2
تْوَسْنَخ,twaskhan,twaskhan,True,9,8,0-9,0-9,5
تَشَوِّيش,tashwiish,tashwiish,True,9,9,0-9,0-9,2
يقَلِّم,yqallim,yqallim,True,7,7,0-9,0-9,1
هَزَّر,hazar,hazar,True,6,5,0-9,0-9,1
عَادِّي,3aadi,3aadi,True,7,5,0-9,0-9,3
مُتَدَنِّي,mutadanni,middayyin,False,10,9,10-19,0-9,2
تَرَاتِيل,taraatiil,taraatiil,True,9,9,0-9,0-9,1
شَتَايِم,shataayim,shataayim,True,8,9,0-9,0-9,1
يلَمِّح,ylammi7,yilma7,False,7,7,0-9,0-9,2
يعَدِّم,yi3dam,yi3dim,False,7,6,0-9,0-9,1
كبيرُه,kbiiro,kbiiro,True,6,6,0-9,0-9,1
عِلّ قَلْبِي,3all qalbi,3al qalbi,False,12,10,10-19,10-19,2
رِصّ,rass,russ,False,4,4,0-9,0-9,5
مْقَرْمِز,mqarmiz,mqarmiz,True,9,7,0-9,0-9,1
أَفَّل,fa2al,2affal,False,6,5,0-9,0-9,4
مْضَعِّف,mda33if,mda33if,True,8,7,0-9,0-9,1
خَلَّى الحَدِيد قَدِيد,khalla 2il7adiid qadiid,khalla 2il7adiid qadiid,True,22,23,20-29,20-29,2
مُكَسْتَرَا,mkassaraat,mkassaraat,True,11,10,10-19,10-19,5
يِمْهَز,ymahmiz,ymahmiz,True,7,7,0-9,0-9,5
نِعِق,na33iq,na33aq,False,5,6,0-9,0-9,5
خُلُص,khallis,khallis,True,5,7,0-9,0-9,3
مَوْعَد غَرَامِي,maw3id gharaami,maw3id gharaami,True,16,15,10-19,10-19,2
يصَعِّب,yis3ab,yis3ab,True,7,6,0-9,0-9,2
يجَعِّع,yja3ji3,yij3an,False,7,7,0-9,0-9,5
خَبِّي قِرْشَك الأَبْيَض ليَومَك الأَسْوَد,khabbi qirshak 2il2abyad layoomak 2il2aswad,khabbi qirshak 2il2abyad wishak ladlak maliiswad,False,42,43,40-49,40-49,4
شَبَاري,shabaari,shabaari,True,7,8,0-9,0-9,2
خَزَّق,khazziq,khazzaq,False,6,7,0-9,0-9,4
خَبَّز,khabaz,khubuz,False,6,6,0-9,0-9,4
اِتْصَنَّغ,2itghannaj,2itnaghghas,False,10,10,10-19,10-19,5
جَرْجَوح,djardjuu7,djardjuu7,True,8,9,0-9,0-9,2
هَوشِة,hooshe,hooshe,True,6,6,0-9,0-9,1
اِنْقِحِط,2inqa7at,2inqa7at,True,9,8,0-9,0-9,4
يْنَام,ynaam,ynaam,True,6,5,0-9,0-9,3
عصه مُصُّه,3usso musso,3usso musso,True,10,11,10-19,10-19,4
يهُود,yahuud,yhawwid,False,5,6,0-9,0-9,2
يأَنْتِك,y2antik,y2antik,True,8,7,0-9,0-9,1
دليل إِنَادة,daliil 2idaane,daliil 2inaade,False,12,14,10-19,10-19,3
سَيَّج,sayyaj,sayyaj,True,6,6,0-9,0-9,1
صَبِي,sabi,sabbi,False,5,4,0-9,0-9,1
بُسْتُر,bastar,bastar,True,7,6,0-9,0-9,3
فَجْعَنِة,faj3ane,faj3ane,True,9,7,0-9,0-9,2
جَلَاخِة السكَاكين,jallaakhit 2issakaakiin,jallaakhit 2issakakiin,False,18,23,10-19,20-29,4
يِنْسَفِط,yinsifit,yinsifit,True,9,8,0-9,0-9,3
كُعْبُش,ka3bash,ka3bish,False,7,7,0-9,0-9,5
تُعَامُل,ta3aamul,t3aamal,False,8,8,0-9,0-9,5
خَسِّة,khasse,khisse,False,6,6,0-9,0-9,2
اِقْعِش,2iqk3ash,2iqk3ash,True,7,8,0-9,0-9,4
يِخْفَاف,ykhaaf,ykhaafif,False,8,6,0-9,0-9,5
اِجْهَد,jaahad,2ijhid,False,7,6,0-9,0-9,3
يِتْفَعْجَن,yitfaj3an,yitfaj3an,True,11,9,10-19,0-9,4
غُرَارَة,ghiraara,gharaara,False,8,8,0-9,0-9,5
نَطَق,nataq,nattiq,False,5,5,0-9,0-9,1
بَقَّالِة,baqqaale,baqqaale,True,9,8,0-9,0-9,1
صَحْصَح,sa7sa7,sa7si7,False,7,6,0-9,0-9,1
يطَابِق,ytaabiq,ytaabiq,True,7,7,0-9,0-9,1
رُصِّة سْنَان,rassit snaan,rassit snaan,True,13,12,10-19,10-19,3
مِية مْفَرِّع ومِية مِدَر,miit mfarri3 wumiit mdarri3,miit mfarri3 wumiit mdarri3,True,25,27,20-29,20-29,3
اِسْتَشْرِق,2istashriq,2istashraq,False,11,10,10-19,10-19,2
مِسْتَلِم,mistalim,mustalim,False,9,8,0-9,0-9,3
اِذْب,daab,daab,True,5,4,0-9,0-9,5
غَرَز,ghuraz,gharriz,False,5,6,0-9,0-9,1
يِنْسِدّ,yinsadd,yinsadd,True,8,7,0-9,0-9,5
سبع ولَا ضَبِع,sabi3 walla dabi3,sabi3 walla dabi3,True,14,17,10-19,10-19,5
زَوِّم,wazzim,wazzim,True,6,6,0-9,0-9,4
يشَخِّر,yishkhar,yishkhar,True,7,8,0-9,0-9,1
اِنْخَصِم,2inkhasam,2inkhasam,True,9,9,0-9,0-9,5
فَدِّيِّة,fidye,fidye,True,9,5,0-9,0-9,4
وْسَيِّع,wasii3,wasii3,True,8,6,0-9,0-9,5
نَسِّي,nassi,nassi,True,6,5,0-9,0-9,1
يُشْقُم,yushqiikgum,yushqiikgum,True,7,11,0-9,10-19,2
مِتْكَبِّر,mitkabbir,mitkabbir,True,10,9,10-19,0-9,1
هِنَى,hanna,hanna,True,5,5,0-9,0-9,4
قُطُر,qattir,qattar,False,5,6,0-9,0-9,5
زِنَازِين,zanaaziin,zanaaziin,True,9,9,0-9,0-9,2
اِتَرَاسُل,2itraasal,2itraasal,True,10,9,10-19,0-9,3
حِزِر فِزِر,7azzar fazzar,7azzar fazzar,True,11,13,10-19,10-19,4
لِحِن,la77in,la77in,True,5,6,0-9,0-9,5
فُطَّايِر,fataayir,fataayir,True,9,8,0-9,0-9,4
نُفْثِة,nafse,nafse,True,7,5,0-9,0-9,5
يسَمْسَر,ysamsir,ymasmir,False,8,7,0-9,0-9,3
يِتْقَطَّش,yitqashshat,yitqashshat,True,10,11,10-19,10-19,2
اِدْعِي,2id3i,2id3i,True,7,5,0-9,0-9,1
طَرِّف,taraf,taraf,True,6,5,0-9,0-9,3
اِتْغَدَّر,2itgharram,2itgharrad,False,10,10,10-19,10-19,5
يفَرِّع,yfarri3,yfarri3,True,7,7,0-9,0-9,2
زَعْرَبِة,za3rabe,za3rabe,True,9,7,0-9,0-9,2
أَعْوَج,2a3waj,2a3waj,True,7,6,0-9,0-9,1
يُحْرُم,yi7ram,yi7ram,True,7,6,0-9,0-9,4
ثَلِّج,tallaj,tallij,False,6,6,0-9,0-9,5
اِقْدُر,2iqdar,2iqdar,True,7,6,0-9,0-9,4
يِتْفَتْوَل,yitfatwal,yitfatwal,True,11,9,10-19,0-9,1
يُنْزُف,yinzif,yinzaff,False,7,6,0-9,0-9,4
جُذُورَة,djadhwara,djadhwara,True,8,9,0-9,0-9,3
رَبَا,riba,raba,False,5,4,0-9,0-9,1
يِسْتَقْحِر,yista7qir,yistaqir,False,11,9,10-19,0-9,2
يِتْعَبَّط,yitba33at,yit3abbat,False,10,9,10-19,0-9,4
لَغُّوص,laghwas,laghwis,False,7,7,0-9,0-9,4
اِرْتِبَاك,2irtibaak,2irtibaak,True,10,9,10-19,0-9,1
نَحِّي,na77i,na77i,True,6,5,0-9,0-9,2
مْلَعَّنِة,mal3ane,mal3ane,True,10,7,10-19,0-9,3
اِتَبَارَى,2itbaara,2itbaara,True,10,8,10-19,0-9,5
يِتْطَقَّم,yitqattam,yittaqqam,False,10,9,10-19,0-9,4
مُضَاعِف,mudaa3af,mudaa3af,True,8,8,0-9,0-9,1
قَول,quul,qawwil,False,4,4,0-9,0-9,4
عِن,3an,3inn,False,3,3,0-9,0-9,5
فَخِّر,fakhir,fakhkhir,False,6,6,0-9,0-9,2
اُوفِد,2uufid,2uufid,True,6,6,0-9,0-9,1
بَاحَص,baa7is,baa7is,True,6,6,0-9,0-9,3
جُنَّاب,janaab,janaab,True,7,6,0-9,0-9,5
خَصَّام,khaasam,khassaam,False,7,7,0-9,0-9,4
يصِرّ,ysurr,ysurr,True,5,5,0-9,0-9,2
مَسَلْعُوع,msalwi3,masluu3,False,10,7,10-19,0-9,5
اِتْنَخْلَط,2itkhantal,2itkhantal,True,11,10,10-19,10-19,2
تِوِج,tawwaj,tawwij,False,5,6,0-9,0-9,5
عَنْبِة,3inbe,3unbe,False,7,5,0-9,0-9,5
يُعْقُل,y3aqqil,yi3qal,False,7,7,0-9,0-9,5
مَعَدَير,ma3deer,mu3deer,False,8,7,0-9,0-9,1
عُمّ,3amm,3amm,True,4,4,0-9,0-9,4
هَذَولَاك,hadolaak,hadolaak,True,9,8,0-9,0-9,1
شَبِع,shabbi3,shabbi3,True,5,7,0-9,0-9,4
مَيَّل,meel,mayyal,False,6,4,0-9,0-9,3
اُورِب,waarib,2uurib,False,6,6,0-9,0-9,5
معبديتهَا عَالجل,m3abdiitha 2il3ijil,m3abdiitha 3aljaal,False,16,19,10-19,10-19,3
حَذِر,7azar,7azzir,False,5,5,0-9,0-9,4
قَرَّب,qarrab,qarrib,False,6,6,0-9,0-9,2
عِرْقَان,3arqaan,3irqaan,False,8,7,0-9,0-9,2
المَيِّة بتِمْشِي من تَحِت إِجْرِيه,2ilmayy btimshi min ta7it 2ijree,2ilmayy btimshi min tijiir 7it minee,False,35,32,30-39,30-39,1
يِتْعَدَّم,yit3ammad,yit3ammad,True,10,9,10-19,0-9,2
مُعوِّذِتَين,mu3awwidhatiin,mu3awwidhatiin,True,12,14,10-19,10-19,2
حَوَّم,7awwam,7awwam,True,6,6,0-9,0-9,1
قَتِّم,qattam,qattam,True,6,6,0-9,0-9,2
فِرِد,farrad,farrad,True,5,6,0-9,0-9,5
يِنْفِعِص,yinfi3is,yinfi3is,True,9,8,0-9,0-9,2
شَرْشَوبِة,sharshuube,sharshuube,True,10,10,10-19,10-19,3
لَقى,laqa,laqa,True,4,4,0-9,0-9,5
غُزَا,ghaza,ghaza,True,5,5,0-9,0-9,5
زِيط,zayyat,zayyat,True,4,6,0-9,0-9,4
هَس,huss,hiss,False,3,4,0-9,0-9,4
غِلِي,ghali,ghalli,False,5,5,0-9,0-9,1
قُتَت,qattat,qattat,True,5,6,0-9,0-9,5
رَدِع,rada3,raddi3,False,5,5,0-9,0-9,5
حَرُوق,7arwaq,7ruuq,False,6,6,0-9,0-9,5
مَا شتهر الزَّاة,maa shajra 2illa 2inhazzat,maa shahshara 2izzalaat,False,16,26,10-19,20-29,2
مُسَاوَاة,musaawaa,musaawaa,True,9,8,0-9,0-9,1
نَزَّل,nazzil,nazzil,True,6,6,0-9,0-9,1
كَبْوَش,kbuush,kbuush,True,7,6,0-9,0-9,4
مَسْدُود,masduud,masduud,True,8,7,0-9,0-9,1
لَقِيطَة,luqqeeta,luqqeeta,True,8,8,0-9,0-9,2
مَحَقَة,m7aqq22a,m7aqq22a,True,7,8,0-9,0-9,5
بْرِيد,barriide,barriid,False,6,8,0-9,0-9,3
توَذَّق,tdawwaq,tdawwaq,True,7,7,0-9,0-9,3
تْسُول,tasawwul,tsawwal,False,6,8,0-9,0-9,4
شْرَابِيح,sharaabii7,sharaabii7,True,9,10,0-9,10-19,5
مُعْتَصَم,mi3tasim,mu3tasim,False,9,8,0-9,0-9,3
مْقَابِيل,mqaabiil,maqaabiil,False,9,8,0-9,0-9,3
يتْعَقَّد,yi3taqid,yit3aqqad,False,9,8,0-9,0-9,5
مَطَابِخ,mataabikh,mataabikh,True,8,9,0-9,0-9,1
فُرْصَة ذهبية,fursa laa dahabiyye,fursa laa dahabiyye,True,13,19,10-19,10-19,1
بَرَكَبِة,barbake,barkabe,False,9,7,0-9,0-9,5
يِشْعَر,yish3ur,yish3ur,True,7,7,0-9,0-9,4
يِخْرَس,yikhris,yikhras,False,7,7,0-9,0-9,5
خِلَاف,khilaaf,khilaaf,True,6,7,0-9,0-9,4
رَكَّض,rakad,rakkad,False,6,5,0-9,0-9,3
ضِرْطَة,darta,darta,True,7,5,0-9,0-9,3
قُرْنُبِيط,qarnabiit,qarnabiit,True,10,9,10-19,0-9,3
يْحَسْحِس,y7as7is,y7as7is,True,9,7,0-9,0-9,2
جَاهَد,jaahid,jaahid,True,6,6,0-9,0-9,2
دَبَس الرُّمَّان,dibs 2irrumaan,dibs 2irrumaan,True,16,14,10-19,10-19,3
اِجْتَبَر,2itjabbar,2itjabbar,True,9,9,0-9,0-9,4
يْبَلِّى,yibla,yibla,True,8,5,0-9,0-9,3
تُورَم,twarram,twarram,True,6,7,0-9,0-9,3
يِهْلِك,yihlik,yihlik,True,7,6,0-9,0-9,1
مَتْلِة,matle,matle,True,7,5,0-9,0-9,1
يِلِف,yliff,yliff,True,5,5,0-9,0-9,3
دُوَامِر,dawaamir,dawaamir,True,8,8,0-9,0-9,5
مَنْبِز,mnabbiz,mnabbiz,True,7,7,0-9,0-9,5
اِسْتَعْبَد,2istab3ad,2ista3bad,False,11,9,10-19,0-9,5
يلَعِّن,yla33in,yla33in,True,7,7,0-9,0-9,2
شَقْبَع,shaqbi3,shaqba3,False,7,7,0-9,0-9,3
خْنِيث,khaniith,khaniith,True,6,8,0-9,0-9,4
يُنْتُف,yintif,yintif,True,7,6,0-9,0-9,5
يِلْيَن,ylayyin,ylayyin,True,7,7,0-9,0-9,5
ثْرَاء,tharaa2,tharaa2,True,6,7,0-9,0-9,4
يِبْعِز,yba3biz,yba33iz,False,7,7,0-9,0-9,3
مُظَاهِر,mazaahir,mazaahir,True,8,8,0-9,0-9,3
يِنِرْسِم,yinrisim,yinrisim,True,9,8,0-9,0-9,2
يُولِع,yuula3,ywalli3,False,6,6,0-9,0-9,3
مَحْوِل,m7oolib,mi7wil,False,7,7,0-9,0-9,5
اِعْفِش,2i3fish,2i3fish,True,7,7,0-9,0-9,1
اِقْلِي,2iqli,2iqli,True,7,5,0-9,0-9,1
هِبِك,habbak,habbik,False,5,6,0-9,0-9,5
مْشَلْفِط,mshalfit,mshalfit,True,9,8,0-9,0-9,1
شْهَامِة,shahaame,shahaame,True,8,8,0-9,0-9,2
مُغُج,maghghidj,maghghadj,False,5,9,0-9,0-9,4
تَلَف,tilif,talaf,False,5,5,0-9,0-9,3
قُبَّاب,qubqaab2ub2aab,qbaab,False,7,14,0-9,10-19,4
متوَازي أضلَاع,mutawaazi 2adlaa3,mutawaazi 2il2adlaa3,False,14,17,10-19,10-19,1
بَوْرِي,buuri,buuri,True,7,5,0-9,0-9,5
قَمَاش,qmaash,qmaash,True,6,6,0-9,0-9,3
طَفَس,tafas,tafas,True,5,5,0-9,0-9,1
تْكَى,takka,takka,True,5,5,0-9,0-9,3
اِعْكُم,3aakim,2u3kum,False,7,6,0-9,0-9,4
زُمُق,zimiq,zammiq,False,5,5,0-9,0-9,4
اِتَّزَيَّن,2itzayyan,2itzayyan,True,11,9,10-19,0-9,5
يِتْسَرْسَر,yitsarsar,yitsarsar,True,11,9,10-19,0-9,1
زَرْزَرّ,zarzarr,zarzirrr,False,8,7,0-9,0-9,1
مَبْوَر,mboobir,mbawwir,False,7,7,0-9,0-9,3
يُقُش,yqushsh,yqushsh,True,5,7,0-9,0-9,3
يِلْتِوِح,yiltiwi7,yiltiwi7,True,9,8,0-9,0-9,1
مُسْتَشْفَى المنيَاج,mustashfa 2ilmajaaniin,mustashfa 2ilmajaaniin,True,20,22,20-29,20-29,4
اُطْحُن,2it7an,2it7an,True,7,6,0-9,0-9,3
وِجْهَ خَير,wijih kheer,wijho kheer,False,11,11,10-19,10-19,4
نَقِض,naqd,naqd,True,5,4,0-9,0-9,4
اِسْتَنْزَف,2istanzaf,2istanzaf,True,11,9,10-19,0-9,2
بَعَر,ba33ar,ba33ir,False,5,6,0-9,0-9,1
رْدَادِة,raddaade,raddaade,True,8,8,0-9,0-9,4
رِبِيع,rabii3,rabii3,True,6,6,0-9,0-9,5
كِيد وبَال,kiid wubala,kiid wubaal,False,10,11,10-19,10-19,2
مُنَاقَرَة,mnaaqara,mnaaqara,True,10,8,10-19,0-9,4
صَغِير,zghiir,zghiir,True,6,6,0-9,0-9,3
إَصْرَار,2israar,2israar,True,8,7,0-9,0-9,4
سِلِق,salaq,salliq,False,5,5,0-9,0-9,3
اِنْتِهِك,2intahak,2intihik,False,9,8,0-9,0-9,4
أَنْتِك,2antik,2antik,True,7,6,0-9,0-9,4
يِفْزَر,yufzur,yifzur,False,7,6,0-9,0-9,3
كُولَاء,wukalaa2,kuulaa2,False,7,8,0-9,0-9,2
لَحَدَيت,la7addiit,la7addiit,True,8,9,0-9,0-9,5
إِنْسَّان,2insaan,2insaan,True,9,7,0-9,0-9,5
رَفَّاهيِّة,rafaahiyye,rafaahiyye,True,11,10,10-19,10-19,4
اِنْحَزَر,2in7izir,2in7izir,True,9,8,0-9,0-9,4
ضَرَر,darar,darrir,False,5,5,0-9,0-9,3
بَالُوط,baalto,baalto,True,7,6,0-9,0-9,4
اِنْلَطَّش,2inlitish,2inlatash,False,10,9,10-19,0-9,5
عَرَايِس,3araayis,3araaysi,False,8,8,0-9,0-9,1
يِنْهَزَر,ynahriz,yinhizir,False,9,7,0-9,0-9,5
بَعْبَع,ba3ba3,ba3bi3,False,7,6,0-9,0-9,2
تَسَتُّت,tsattat,tsattat,True,8,7,0-9,0-9,4
خَطَّب,khatab,khattab,False,6,6,0-9,0-9,2
يتَطْيِب,yittayyab,yittayyab,True,8,9,0-9,0-9,2
طَيِّن,tayyin,tayyin,True,6,6,0-9,0-9,2
اِنْهِلِك,2inhilik,2inhalak,False,9,8,0-9,0-9,4
جَلِّق,djallik,djallik,True,6,7,0-9,0-9,2
يتْجَانَس,yitjaanas,yitjaanas,True,9,9,0-9,0-9,4
زَرِّم,zirim,zarram,False,6,5,0-9,0-9,3
اِحْمَدّ رَبَّك,2i7mid rabbak,2i7mid rabbak,True,15,13,10-19,10-19,3
بَرْجَاوِي,bardjaawi,bardjaawi,True,10,9,10-19,0-9,1
زَارَع,zaari3,zaari3,True,6,6,0-9,0-9,2
ليلِة,leele,leele,True,5,5,0-9,0-9,5
صْغِير,zghiir,zghiir,True,6,6,0-9,0-9,1
هَرْبَج,harbaj,harbij,False,7,6,0-9,0-9,2
يذَلّ,yzill,yzill,True,5,5,0-9,0-9,3
خُزِّين,khaziin,khaziin,True,7,7,0-9,0-9,4
سَلِّم,silim,sallam,False,6,5,0-9,0-9,1
مَرَج,maraj,marraj,False,5,5,0-9,0-9,1
مْكَنَّسِة,mukunse,miknise,False,10,7,10-19,0-9,4
لَؤِّم,lu2um,lu2um,True,6,5,0-9,0-9,5
اِتَسَافَل,2itsaafal,2itsaafal,True,10,9,10-19,0-9,3
مُذُوق,mizwiq,mizwiq,True,6,6,0-9,0-9,4
قُتُب,qutub,qattab,False,5,5,0-9,0-9,4
كَسَّب,kisib,kassab,False,6,5,0-9,0-9,3
اِضْمِي,2imdi,daami,False,7,5,0-9,0-9,3
نِزِه,nazzah,nazzah,True,5,6,0-9,0-9,4
مَحْوِر,mi7war,m7awwir,False,7,6,0-9,0-9,5
يِتْمَلَّح,yitmalla7,yitmalla7,True,10,9,10-19,0-9,1
يِتْحَابَر,yit7aarab,yit7aarab,True,10,9,10-19,0-9,2
يِسْبَل,ysabbil,ysabbil,True,7,7,0-9,0-9,3
لِفِظ,lafaz,lafaz,True,5,5,0-9,0-9,4
يشَعِّر,yush3ur,ysha33ir,False,7,7,0-9,0-9,2
تَجَاحَش,tjaa7ash,tjaa7ash,True,8,8,0-9,0-9,4
مُتَمَرْيِس,mitmaryis,mitmaryis,True,11,9,10-19,0-9,4
هَرَّلُّه سْنَانُه,harrillo snaano,harralo snaano,False,18,15,10-19,10-19,2
يِخْيَس,ykhiis,ykhayyis,False,7,6,0-9,0-9,4
جَدَايَل,jadaayil,jadaayil,True,8,8,0-9,0-9,5
لُوق,lawwiq,lawwaq,False,4,6,0-9,0-9,1
صَمْصِمِة,masmasa,masmase,False,9,7,0-9,0-9,3
زَوِّة,wazze,wazze,True,6,5,0-9,0-9,4
مَفَكّ,mafakk,mafakk,True,6,6,0-9,0-9,1
كُعْبَلِة,ka3bale,ka3bale,True,9,7,0-9,0-9,3
تْنَاصَح,tnaasa7,tnaasa7,True,8,7,0-9,0-9,1
مْبَازِر,mabaazir,mabaazir,True,8,8,0-9,0-9,5
فْرُول,farwil,farwal,False,6,6,0-9,0-9,1
نَطّ,nutt,natt,False,4,4,0-9,0-9,2
شْدَاف,shadfa,shaddaaf,False,6,6,0-9,0-9,4
اِتْهَجَّن,2ithajjan,2ithajjan,True,10,9,10-19,0-9,2
اُفْقُم,faaqim,2ifqam,False,7,6,0-9,0-9,3
سَلَعَة,sil3a,sal3a,False,7,5,0-9,0-9,5
منظَرُه بيشَه,manzaro bishahhi,minzaro bishahhi,False,13,16,10-19,10-19,2
اِتَعْلَب,2it3allab,2it3allab,True,9,9,0-9,0-9,5
تْفَاقَر,tfaaqar,tfaaqar,True,8,7,0-9,0-9,1
طَعِن بْلَاس,ta3in binnasab,ta3in binnaas,False,12,14,10-19,10-19,3
زَي,ziyy,zayy,False,3,4,0-9,0-9,4
قْطِيشِة,qatiishe,qatiishe,True,8,8,0-9,0-9,4
تَهْشِيم,tahshiim,tahshiim,True,8,8,0-9,0-9,1
عَصَّم,3assam,3ammis,False,6,6,0-9,0-9,2
يِتْنَمْدَر,yitnamrad,yitnamrad,True,11,9,10-19,0-9,3
رِكِي,rakki,rakki,True,5,5,0-9,0-9,2
يُهْمُل,yihmil,yihmil,True,7,6,0-9,0-9,4
يِنْخَرِس,yinkhiris,yinkhiris,True,9,9,0-9,0-9,3
اِنْسَحِل,2insa7al,2insa7al,True,9,8,0-9,0-9,5
اِسْتَمَار,2istimraar,2istimraar,True,10,10,10-19,10-19,3
شَجَّاع,shujaa3,shujaa3,True,7,7,0-9,0-9,1
كَبَّرَت الخَسِة بْرَاسُه,kibrat 2ilkhasse braaso,kibrat 2ilkhasse braaso,True,25,23,20-29,20-29,4
طَلْوَع,taluu3,tluu3,False,7,6,0-9,0-9,4
مُحْزِق,m7azmig,m7azziq,False,7,7,0-9,0-9,5
وَرْوَر,wirwir,warwir,False,7,6,0-9,0-9,1
بَنَادُول,bnaadool,banaadool,False,9,8,0-9,0-9,2
جِلْدِة,jilde,jilde,True,7,5,0-9,0-9,3
يُوحَل,yuu7il,ywa77il,False,6,6,0-9,0-9,3
مْخَمْوَد,makhmuud,makhmuud,True,9,8,0-9,0-9,4
يِعْرِن,y3arnis,y3arrin,False,7,7,0-9,0-9,4
اِنْتَخَب,2intakhab,2intikhib,False,9,9,0-9,0-9,1
اِنْسِجِم,2insijim,2insijim,True,9,8,0-9,0-9,4
صِفِح,fassa7,fassi7,False,5,6,0-9,0-9,4
يِتوَفَّى,yitwaffa,yitwaffa,True,9,8,0-9,0-9,3
تْبِلْعَط,tbil3it,tbil3it,True,9,7,0-9,0-9,5
مِدِد,maddid,maddad,False,5,6,0-9,0-9,5
عِنْدنَا,3inna,3inda,False,8,5,0-9,0-9,4
أَمْتَاه,2ummahaat,2amtaah,False,8,9,0-9,0-9,3
سَقِّيطَة,sqkgiita,sqkgiita,True,9,8,0-9,0-9,4
قَسِّم,qassam,qassim,False,6,6,0-9,0-9,3
حَوَّر,7uwwar,7awwar,False,6,6,0-9,0-9,1
يِتْجَذْرَم,yitdjardham,yitdjardham,True,11,11,10-19,10-19,4
يُلَاقِي,ylaaqi,ylaaqi,True,8,6,0-9,0-9,4
بَارِيتنَا,batriina,birtiina,False,10,8,10-19,0-9,5
سَلَاكِة,sallatshe,slatshe,False,8,9,0-9,0-9,3
يْرَجِّم,yurjum,yurjum,True,8,6,0-9,0-9,5
اِسْتَحْمَل,2istamla7,2ista7mil,False,11,9,10-19,0-9,5
يْنَتِّش,yuntush,yintishir,False,8,7,0-9,0-9,5
لَيْمُون أَبُو صْفَرِي,laymuun 2abu sfeer,laymuun 2abu sfeer,True,22,18,20-29,10-19,2
يجُسّ,yjiss,yjiss,True,5,5,0-9,0-9,3
اِصْعَق,2is3aq,2is3aq,True,7,6,0-9,0-9,2
يتْسَنَّد,yitsannad,yitsannad,True,9,9,0-9,0-9,3
قَنَص,qanas,qans,False,5,5,0-9,0-9,3
يِنْصِدِم,yinsamid,yinsidim,False,9,8,0-9,0-9,2
عُفُق,3afaq,3affiq,False,5,5,0-9,0-9,5
أَجيَال,2ajyaal,2ajyaal,True,7,7,0-9,0-9,2
أَمِنْي,2amni,2amni,True,7,5,0-9,0-9,2
مِتْظَاهِر,mutazaahir,mutazaahir,True,10,10,10-19,10-19,2
اِتْثَلَّم,2itlassam,2itmassal,False,10,9,10-19,0-9,3
فَخَّخ,fakhkhakh,fakhkhikh,False,6,9,0-9,0-9,2
قَنْبُوطَة,kanbuuta,kanbuuta,True,10,8,10-19,0-9,2
اِتْوَعَّد,2itwadda3,2itwa33ad,False,10,9,10-19,0-9,2
أَسَد,2asad,2asad,True,5,5,0-9,0-9,1
يِنْمَحِي,yinmi7i,yinmi7i,True,9,7,0-9,0-9,3
مْرَاقِص,maraaqis,maraaqis,True,8,8,0-9,0-9,5
مُرَاهِم,maraahim,maraahim,True,8,8,0-9,0-9,4
اِنْخَرَط,2inkhirit,2inkharat,False,9,9,0-9,0-9,1
مُخَطَّئ,mikhti2,mikhti2,True,8,7,0-9,0-9,1
عَبَس,3abas,3abbis,False,5,5,0-9,0-9,2
ضِحِك,da77ak,di7ik,False,5,6,0-9,0-9,1
رَزّة,razze,razze,True,5,5,0-9,0-9,4
أَكُوَاخ,2akwaakh,2akwaakh,True,8,8,0-9,0-9,5
بَنْكَيت,bankeet,bankeet,True,8,7,0-9,0-9,3
حكم الهدهد,7ukmil hudhud,7ukmil hidhid,False,10,13,10-19,10-19,3
اِنِفْرِط,2infirit,2infarat,False,9,8,0-9,0-9,5
تَاسِيب,2itsayyab,2itsayyab,True,7,9,0-9,0-9,3
بَلَّكَونِة,balkoone,balakoone,False,11,8,10-19,0-9,4
اِنْتَل,2intil,2intil,True,7,6,0-9,0-9,5
وَفِّى,wafa,waffa,False,6,4,0-9,0-9,3
مِفْحِم,muf7im,mfa77im,False,7,6,0-9,0-9,5
سِفِخ,safikh,safakh,False,5,6,0-9,0-9,5
خَبْزِة,khubze,khubze,True,7,6,0-9,0-9,4
اِعْرَشّ,2u3rush,2u3rush,True,8,7,0-9,0-9,5
مْخَلْوِط,makhluut,makhluut,True,9,8,0-9,0-9,2
آنْس,2aanas,2aanis,False,4,6,0-9,0-9,5
اِسْتِتَتِبّ,2istatabb,2istatabb,True,12,9,10-19,0-9,5
شِرْكِة,shirke,shirke,True,7,6,0-9,0-9,2
يلُوط,ylawwit,ylawwit,True,5,7,0-9,0-9,2
يِنِحِنِي,yin7ini,yin7ini,True,9,7,0-9,0-9,5
اِشْتَهَيتلك هَالأَكْلِة,2ishtaheetlak hal2akle,2ishtaheetlak hal2akle,True,24,22,20-29,20-29,5
يِتْخَنْدَق,yitkhandaq,yitkhandaq,True,11,10,10-19,10-19,1
حُرَّيم,7rayyim,7ariim,False,7,7,0-9,0-9,3
مِقْلِتِة,ma2late,ma2late,True,9,7,0-9,0-9,4
عُظْمِة,3azame,3adme,False,7,6,0-9,0-9,5
هُنُود,hnuud,hnuud,True,6,5,0-9,0-9,1
اِتوَسَّخ,2itwassakh,2itwassakh,True,9,10,0-9,10-19,3
يِسْتَسْفِهِم,yistafhim,yistashif,False,13,9,10-19,0-9,5
زير طَافح,ziir tfaa7,ziir tfaa7,True,9,10,0-9,10-19,5
شَوَّش,shawwash,shawwash,True,6,8,0-9,0-9,1
أَجْوَاء,2ajwaa2,2ajwaa2,True,8,7,0-9,0-9,1
يتْكَرْمَش,yitkarmash,yitkarmash,True,10,10,10-19,10-19,4
اُشْرُط,2ushrut,2ushrut,True,7,7,0-9,0-9,2
يوَشِّم,yuushim,yuushim,True,7,7,0-9,0-9,2
سِبَاكِة,sbaake,sabbaake,False,8,6,0-9,0-9,4
دَهْدَك,dahdak,dahdak,True,7,6,0-9,0-9,1
صَبِع,sabba3,sabbi3,False,5,6,0-9,0-9,4
شِهِيد,shahiid,shahiid,True,6,7,0-9,0-9,4
لو يصيروَا اجريك فوق تحت,law ysiiruu 2ijreek fooq wuraasak lata7at,law 2iysiiruu 2ijreek fooq wraasak lata7a,False,24,41,20-29,40-49,2
عَلِّي,3ili,3ili,True,6,4,0-9,0-9,1
يِسْتَفْقِد,yistafqid,yistafqid,True,11,9,10-19,0-9,1
نَشِّق,nashaq,nashshaq,False,6,6,0-9,0-9,3
تْآمَر,t2aamar,t2aamar,True,6,7,0-9,0-9,1
جَظ,djudhdh,djadhdh,False,3,7,0-9,0-9,4
جَعْمِز,dja3maz,dja3miz,False,7,7,0-9,0-9,1
يكُتّ,ykitt,ykitt,True,5,5,0-9,0-9,2
الهوَا بيلعب للعب,2ilhawa byil3ab li3ib,2ilhawa byil3ab li3ab,False,17,21,10-19,20-29,5
نَقَص,naqqis,naqqas,False,5,6,0-9,0-9,3
حِدَايَا,7adaaya,7adaaya,True,8,7,0-9,0-9,3
جَعِص,ja3as,ja33as,False,5,5,0-9,0-9,4
خَيطِي ميطي,khiiti miiti,kheeti miiti,False,11,12,10-19,10-19,1
قَنَى,qana,qana,True,5,4,0-9,0-9,1
بَعْبِص,ba3bas,ba3bas,True,7,6,0-9,0-9,4
خَشْخِشِة,khashkhashe,khashkhashe,True,9,11,0-9,10-19,5
مُؤَجَّل,m2ajjal,m2ajjal,True,8,7,0-9,0-9,4
مْدَاوِر,madaawir,mdaawir,False,8,8,0-9,0-9,2
بْلَابِل,balaabil,balaabil,True,8,8,0-9,0-9,2
بْيَاع,bayyaa3,bayyaa3,True,6,7,0-9,0-9,1
صَلِّع,sala3,salla3,False,6,5,0-9,0-9,1
قْوَاعِد,qawaa3id,qkgawaa3id,False,8,8,0-9,0-9,5
دَوْرَة السَّجَار,doorit 2israadj,doorit 2israaj,False,17,15,10-19,10-19,4
قُنُوع,qanuu3,qanuu3,True,6,6,0-9,0-9,2
مَعِّط,ma3at,ma33at,False,6,5,0-9,0-9,3
مَطْقِم,mitqim,mtaqqim,False,7,6,0-9,0-9,4
يِنْكِب,yinkib,yinkib,True,7,6,0-9,0-9,5
هِمّ,hamm,himm,False,4,4,0-9,0-9,2
أَزَمَان,2azmaan,2azmaan,True,8,7,0-9,0-9,4
اِشْلِح,2ishla7,2ishla7,True,7,7,0-9,0-9,5
دُرُج,darrij,darraj,False,5,6,0-9,0-9,4
اِخْطَر,2ikhtur,2ukhtur,False,7,7,0-9,0-9,2
زَغْبِيرَة,zughubriyye,zughubriyye,True,10,11,10-19,10-19,2
مُفْلِك,mfallik,mfallik,True,7,7,0-9,0-9,3
يِنِضْرِب,yinidrib,yindirib,False,9,8,0-9,0-9,3
تُصَوُّر,tsawwar,tsawwar,True,8,7,0-9,0-9,4
اِنْتَصِر,2intisir,2intasar,False,9,8,0-9,0-9,3
دْرِيس,darriis,darriis,True,6,7,0-9,0-9,3
مُشْخَل,mshakhla3,mshakhla3,True,7,9,0-9,0-9,3
بْسَابيس,basaabiis,basaabiis,True,8,9,0-9,0-9,2
عَالسَّكِيت,3assukkeeti,3assukkeeti,True,11,11,10-19,10-19,5
سَلَام بإِيد,salaam bil2iid,salaam bil2iid,True,12,14,10-19,10-19,2
قُرُق,qarqi3,qarriq,False,5,6,0-9,0-9,5
قَرْطَف,qartaf,qartaf,True,7,6,0-9,0-9,1
تَرَقُّمِي,tarqiim,tarqiim,True,10,7,10-19,0-9,4
جَيرَة,jiire,jiire,True,6,5,0-9,0-9,3
نَصِير,nasiir,nasiir,True,6,6,0-9,0-9,1
بِطَالِة,bitaale,battaale,False,8,7,0-9,0-9,5
هَتُّور,hatwar,hatwar,True,7,6,0-9,0-9,3
هِيل,hiil,hayyal,False,4,4,0-9,0-9,2
مَخْصَر,mkhassar,mkhassar,True,7,8,0-9,0-9,2
حِثِل,7ithl,7ithl,True,5,5,0-9,0-9,3
مْكَاحِل,makaa7il,makaa7il,True,8,8,0-9,0-9,4
شَطَّارَة,shataara,shuttaara,False,9,8,0-9,0-9,1
حَورِور,7awarwar,7ooraw,False,7,8,0-9,0-9,5
تَفْرِيز,tafriiz,tafriiz,True,8,7,0-9,0-9,1
بَكَّى,baka,bakka,False,6,4,0-9,0-9,1
تُعْلُم,t3allam,t3allam,True,7,7,0-9,0-9,5
قَوَّى,qawwa,qawwa,True,6,5,0-9,0-9,2
تْشَائَم,tashaa2um,tshaa2am,False,8,9,0-9,0-9,1
شِار,shaar,shaar,True,4,5,0-9,0-9,3
عَطَّس,3atas,3attis,False,6,5,0-9,0-9,2
غَادَر,ghaadir,ghaadir,True,6,7,0-9,0-9,2
طَشَت,tushut,tashshat,False,5,6,0-9,0-9,3
يِقْرِف عيشتُه,yiqrif 3iishto,yiqrif 3iishto,True,14,14,10-19,10-19,1
مَدَح,mada7,mada7,True,5,5,0-9,0-9,1
هْوَاته عبَالوَاة,hwaato wil3abaa,hwaato 3abalaawa,False,17,15,10-19,10-19,5
مَطَّاطِي,mattaati,mataati,False,9,8,0-9,0-9,5
قَنْدَيل,qundiil,qandiil,False,8,7,0-9,0-9,4
يكُفّ,ykuff,ykuff,True,5,5,0-9,0-9,4
اِثْقُب,2uthqkub,2uthqkub,True,7,8,0-9,0-9,2
مُنْغَلِق,munghaliq,minghiliq,False,9,9,0-9,0-9,2
تْعِفَّف,t3affaf,t3affaf,True,8,7,0-9,0-9,3
يدَفِّن,yidfin,yidfin,True,7,6,0-9,0-9,1
حِرِق,7ariq,7arriq,False,5,5,0-9,0-9,4
تَكْتِك,taktak,taktik,False,7,6,0-9,0-9,1
مُؤَخِّر,m2akhkhir,m2akhkhir,True,8,9,0-9,0-9,3
جَاظُظ,djaadhidh,djaadhidh,True,6,9,0-9,0-9,3
بَرَّانِي,barrani,baraani,False,9,7,0-9,0-9,1
رَافِض,raafid,raafid,True,6,6,0-9,0-9,2
تَنِّح,tanni7,tanni7,True,6,6,0-9,0-9,1
زَحْزَح,za7za7,za7zi7,False,7,6,0-9,0-9,2
بِاط,baat,baat,True,4,4,0-9,0-9,3
شْوِبِر,shoobar,shoobar,True,7,7,0-9,0-9,4
يْنَكِّي,yinki,yinki,True,8,5,0-9,0-9,4
زُقْزِقَة,zaqzaqa,zaqzaqa,True,9,7,0-9,0-9,5
اِتوَفَّط,2itfawwat,2itfawwat,True,9,9,0-9,0-9,4
تْفَعَل,tfa33al,tfa33al,True,7,7,0-9,0-9,3
تَفْنِيد,tafniid,tafniid,True,8,7,0-9,0-9,1
كَمْرُوه,makruuh,kamruuh,False,8,7,0-9,0-9,4
خَايَب,khaayib,khaayib,True,6,7,0-9,0-9,4
حبَاله طويلة,7baalo tawiile,7baalo twiile,False,12,14,10-19,10-19,1
أَعْطَى كَلْمِة,2i3ta kilme,2a3ta kilme,False,15,11,10-19,10-19,4
فِيش,fiyash,fiish,False,4,6,0-9,0-9,1
يِبْعَص كَيف,yib3as keefi,yib3as keefi,True,12,12,10-19,10-19,3
اِطْبِل,2utbul,2utbul,True,7,6,0-9,0-9,3
يطَنِّز,yintuz,yuntuz,False,7,6,0-9,0-9,5
اُنْصُم,2insamm,2insamm,True,7,7,0-9,0-9,2
اِشْتَبِك,2ishtibik,2ishtibik,True,9,9,0-9,0-9,5
يَا خُبُوز فَيت من ارفَخ,yaa bakht min zaar wukhaffaf,yaa bakht min zar wukhaffaf,False,24,28,20-29,20-29,5
عَرَّض,3arrid,3arrad,False,6,6,0-9,0-9,4
بُهَايِم,bayaayim,bayaayim,True,8,8,0-9,0-9,4
اِنعمى قمَاري,2in3ama qmaari,2in3ama qmaari,True,13,14,10-19,10-19,1
أَسْوَأ,2aswa2,2aswa2,True,7,6,0-9,0-9,1
اِنْحِوِل,2in7iwil,2in7iwil,True,9,8,0-9,0-9,1
مْعَاش,ma3aash,m3aash,False,6,7,0-9,0-9,2
يِبْحَر,yba77ir,yba77ir,True,7,7,0-9,0-9,1
أَنْكَر,2ankar,2ankar,True,7,6,0-9,0-9,2
يِتَكَدَّر,yitkaddar,yitkaddar,True,10,9,10-19,0-9,4
تْآكَل,t2aakal,t2aakal,True,6,7,0-9,0-9,1
خَلِّف,khallif,khallif,True,6,7,0-9,0-9,2
رَاضى,raada,raada,True,5,5,0-9,0-9,2
يأَتْئِت,yta2ti2,yit2atta2,False,8,7,0-9,0-9,4
يِذْوِب,ydawwib,yduub,False,7,7,0-9,0-9,5
تْدِلْغِص,2iddalghas,2iddalghas,True,9,10,0-9,10-19,4
الحَبَل السُّرِّي,2il7abil 2issurri,2il7abil 2issurri,True,17,17,10-19,10-19,5
كَهَايِن,kahaayin,kahaayin,True,8,8,0-9,0-9,1
رجل أعْمَال,rajul 2a3maal,rajul 2a3maal,True,11,13,10-19,10-19,3
نَجَس,najas,najjas,False,5,5,0-9,0-9,5
أَمْواج,2amwaaj,2amwaaj,True,7,7,0-9,0-9,5
البن طَبْسَات,2ilbatin bustaan,2ilbatin bustaan,True,13,16,10-19,10-19,1
يهَاهِي,yhaahi,yhaahi,True,7,6,0-9,0-9,1
كبّ مِن الرُّبّ,kabb min 2irrab,kabb min 2irrab,True,15,15,10-19,10-19,5
يِبْتَرّ,yubtur,yubtur,True,8,6,0-9,0-9,5
فَطِم,fatam,fattim,False,5,5,0-9,0-9,5
طولهَا وعرضهَا وَاحد,tuulha wu3aridha waa7ad,tuulha wu3ardha waa7ad,False,20,23,20-29,20-29,1
يِقْحِز,yka7miz,yik7az,False,7,7,0-9,0-9,5
اِفْطَر,2aftir,2iftar,False,7,6,0-9,0-9,3
نَظَر,nazzir,nazzar,False,5,6,0-9,0-9,1
نَجَّارَة,njaara,njaara,True,9,6,0-9,0-9,2
أَعْيَن,2a3iin,2a3iin,True,7,6,0-9,0-9,4
لُود,lawwid,lawwid,True,4,6,0-9,0-9,1
يُحْرُث,yu7ruth,yu7ruth,True,7,7,0-9,0-9,5
جَوعَة الشَّهِر,juu3 2ishshuhra,juu3 2ishshuhra,True,15,15,10-19,10-19,2
اُجْعُص,2ij3as,2ij3as,True,7,6,0-9,0-9,3
اِتْجَغْلَف,2itjaghlaf,2itjaghlaf,True,11,10,10-19,10-19,1
يِسْتَزْمِل,yistalzim,yistazlim,False,11,9,10-19,0-9,5
نُقَّط عليهم الره,nqatti3 2ilmahir,nqatti3 2allaa yimmro,False,17,16,10-19,10-19,4
عَقْبَال,3uqbaal,3uqbaal,True,8,7,0-9,0-9,2
زَمَاجُه تْعَكَّر,mazaajo t3akkar,zamaajo t3akkkar,False,17,15,10-19,10-19,3
مْقَصْوِم,maqmuus,maqsuum,False,9,7,0-9,0-9,5
سَيِّر,seer,siir,False,6,4,0-9,0-9,3
مُتَلَبِّس,mitlabbis,mitlabbis,True,10,9,10-19,0-9,2
عَفِّر,3affir,3affir,True,6,6,0-9,0-9,2
مْكَاوِر,mkaawir,mkaawir,True,8,7,0-9,0-9,4
يَا وْلِيك,yaa weelak,yaa weelak,True,10,10,10-19,10-19,5
يزَلِّط,yuzlut,yuzlut,True,7,6,0-9,0-9,2
اِحْتَرِس,2i7taras,2i7taras,True,9,8,0-9,0-9,5
غَيَّم,ghayyam,ghayyam,True,6,7,0-9,0-9,2
تُكْبُر,takabbur,tkabbar,False,7,8,0-9,0-9,3
اِتْطَلَّف,2ittaffal,2itlattaf,False,10,9,10-19,0-9,4
يِرْجُح,yrajji7,yirja7,False,7,7,0-9,0-9,5
خَطْوَط,khutuut,khutuut,True,7,7,0-9,0-9,4
اِتْجَنَّر,2itjanzar,2itjanzar,True,10,9,10-19,0-9,3
مُتَقَثِّد,mitkgathrid,mitkgaddid,False,10,11,10-19,10-19,2
شَنَاشْرِي,shanashiir,shanaashiir,False,10,10,10-19,10-19,5
اِسْتَهْفَم,2istafhim,2istafhim,True,11,9,10-19,0-9,4
رَنَّخ,rannikh,rannakh,False,6,7,0-9,0-9,1
تِلِة,talle,talle,True,5,5,0-9,0-9,4
بخوت العِفْنَات بَالحَفْنَات وبخت الملَايِح بَالأرض طَايح,bkhuut 2il3ifnaat bil7afnaat wubakht 2ilmalaayi7 bil2ard taayi7,bkhuut 2il3ifnaat bil7afnaat wubakht 2ilmalaayi7 bil2ard tayi7,False,57,63,50-59,60-69,4
يِنْفُل,yinfil,yinfil,True,7,6,0-9,0-9,4
يبِيع,ybayyi3,ybii3,False,5,7,0-9,0-9,2
وَحِّيد,wa7iid,wa7iid,True,7,6,0-9,0-9,2
زَايِح,zaayi7,zaayi7,True,6,6,0-9,0-9,1
أَبُو الحِن,2abu 2il7inn,2abu 2il7inn,True,11,12,10-19,10-19,3
طَقَّة,taqqa,taqqa,True,6,5,0-9,0-9,1
لَقِح,laqqa7,laqqa7,True,5,6,0-9,0-9,4
يتَهْجِم,yithajjam,yithajjam,True,8,9,0-9,0-9,4
اِنِحِل,2in7all,2in7all,True,7,7,0-9,0-9,5
يِكْرَهِب,ykarhib,ykarhib,True,9,7,0-9,0-9,4
اِمْتِدّ,2imtadd,2imtadd,True,8,7,0-9,0-9,2
يِفْسَقِل,yfasqil,yfasqil,True,9,7,0-9,0-9,5
إِهْمَلَا,2ihmaal,2ihmaal,True,9,7,0-9,0-9,2
مَاخِذ بِحَالُه مَّقْل,maakhid bi7aalo maqlab,maakhid bi7aalo maqlab,True,22,22,20-29,20-29,3
فَور,fawwar,fawwar,True,4,6,0-9,0-9,4
تْحَصْرَم,t7asram,t7asram,True,9,7,0-9,0-9,1
اِلْغِي,2ilghi,2ilghi,True,7,6,0-9,0-9,1
اِدْوُش,2idwish,2idwish,True,7,7,0-9,0-9,4
سِهِر,sahhar,sahhir,False,5,6,0-9,0-9,5
يِنْكَه,ynakkih,ynakkih,True,7,7,0-9,0-9,2
طَوَّف,tawwif,tawwif,True,6,6,0-9,0-9,1
يِتْقَرْطَف,yitqartaf,yitqartaf,True,11,9,10-19,0-9,1
لَطُّوش,latwish,latwash,False,7,7,0-9,0-9,5
بَرْجِل,barjal,barjal,True,7,6,0-9,0-9,2
قِشِح,qasha7,qashshi7,False,5,6,0-9,0-9,5
سَعْرَان,sa3raan,sa3raan,True,8,7,0-9,0-9,2
مْفَرْفِد,mfarfid,mfarfid,True,9,7,0-9,0-9,1
عَاكِم,3aakim,3aakim,True,6,6,0-9,0-9,1
شَدّ,shidd,shidd,True,4,5,0-9,0-9,2
مْنَتْوَف,mantuuf,mantuuf,True,9,7,0-9,0-9,5
اِشْخِب,2ishkhab,2ishkhab,True,7,8,0-9,0-9,5
تِمِن,tamann,tamann,True,5,6,0-9,0-9,4
اُسْمُع,2isma3,2isma3,True,7,6,0-9,0-9,3
عَزَّر,3azzar,3azzir,False,6,6,0-9,0-9,1
غَطَّس,ghatis,ghattis,False,6,6,0-9,0-9,3
صَلَّى,salli,salla,False,6,5,0-9,0-9,1
مُتَمَاسِك,mutamaasik,mutamaasik,True,10,10,10-19,10-19,1
أَبُو كَمُّونِة,2abu kammuune,2abu kammuune,True,15,13,10-19,10-19,4
فَعْكَش,fa3kash,fa3kish,False,7,7,0-9,0-9,2
كلَامه زي البيخ الطب,kalaamo zayy hubbaal 2ittabiikh,kalaamo zayy 2ilbatukh,False,20,31,20-29,30-39,2
اِهْتُك,2ihtik,2ihtik,True,7,6,0-9,0-9,5
سْيَاحَة,siyaa7a,sayyaa7a,False,8,7,0-9,0-9,3
شَخِّص,shakhkhas,shakhkhis,False,6,9,0-9,0-9,2
خَوتَل,khootal,khootil,False,6,7,0-9,0-9,2
يُسْلُح,ysalli7,ysalli7,True,7,7,0-9,0-9,4
اِتَرَقُّق,2itraqqaq,2itraqqaq,True,10,9,10-19,0-9,4
وِّرّ,wirr,wirr,True,5,4,0-9,0-9,5
خُوَاشِيق,khawaashiiqk,khawaashiiqk,True,9,12,0-9,10-19,4
مِتوَرِّط,mitwarrit,mitwarrit,True,9,9,0-9,0-9,3
قَزِم,qazam,qazzim,False,5,5,0-9,0-9,4
تْلُكَّك,tlakkak,tlakkak,True,8,7,0-9,0-9,4
اِنْعَزَل,2in3azal,2in3izil,False,9,8,0-9,0-9,3
اِنْصُر,2inrass,2unsur,False,7,7,0-9,0-9,4
مْعَآتِم,mi3timir,mu3tamaz,False,8,8,0-9,0-9,3
غَفّ,ghiff,ghiff,True,4,5,0-9,0-9,1
يِسْتَعْظِم,yista3dhim,yista3dhim,True,11,10,10-19,10-19,1
جَفِّل,jaffal,jaffil,False,6,6,0-9,0-9,2
غِبِر,ghubur,ghabbir,False,5,6,0-9,0-9,5
طِشِت,tushut,tashshat,False,5,6,0-9,0-9,5
جُرُن,djarn,jurun,False,5,5,0-9,0-9,4
مِتْمَنْكِر,mimankir,mitmankir,False,11,8,10-19,0-9,1
حَزّت ببَالي,7azzat bibaali,7azzat baali,False,12,14,10-19,10-19,4
وَتَّر,witir,wattir,False,6,5,0-9,0-9,1
عَلّ قَلْبِي,3all qalbi,3al qalbi,False,12,10,10-19,10-19,1
عِزِر,3azzar,3azzar,True,5,6,0-9,0-9,4
يفَصِّح,yfassi7,yif7as,False,7,7,0-9,0-9,3
نَغَص,naghghas,naghghis,False,5,8,0-9,0-9,1
كلَام كله دَرَك,kalaamak kullo durar,kalaamak kullo durar,True,15,20,10-19,20-29,5
اِصْنِع,2isna3,2isna3,True,7,6,0-9,0-9,4
اِسْتَجْوِز,2istajwiz,2istajwiz,True,11,9,10-19,0-9,2
اِنقطع الخيط وفرطت المسبحة,2inqata3il kheet wfartat 2ilmisba7a,2inqata3 2ilkheet wfartat 2ilmisba7a,False,26,35,20-29,30-39,1
مْقَطْقِط,mqatqitmkatkit,mqatqitmkatkit,True,9,14,0-9,10-19,1
مُزْطُم,mzattam,mzattam,True,7,7,0-9,0-9,5
صَبَاحِيِّة,sabaa7iyye,sabaa7iyye,True,11,10,10-19,10-19,1
يَكِّت,ykitt,ykitt,True,6,5,0-9,0-9,3
تَنَسُّفِي,tansiif,tansiif,True,10,7,10-19,0-9,3
يدَرِّج,ydarrij,yidrij,False,7,7,0-9,0-9,2
كُلّ وَاحَد بِينَام عَالجَنْب اللِّيرُه,kull waa7ad binaam 3aljamb 2illi biray7o,kull waa7ad binaam 3aljar biilli y7amaano,False,39,40,30-39,40-49,3
نوَاقِيس,nawaaqiis,nawaaqiis,True,8,9,0-9,0-9,2
وَحَد الله,wa77id 2alla,wa77ad 2alla,False,10,12,10-19,10-19,1
كْحِيرِة,ka7iire,ka7iire,True,8,7,0-9,0-9,4
زَمِّيل,zamiil,zmiil,False,7,6,0-9,0-9,4
سَيَد,siid,siid,True,5,4,0-9,0-9,5
يجَبِّر,yjabbir,yjabbir,True,7,7,0-9,0-9,2
شَبَّر,shabbar,shabbar,True,6,7,0-9,0-9,1
مُحَيَّن,m7ayyin,m7ayyin,True,8,7,0-9,0-9,3
سَيجَارَة,sigaara,sigaara,True,9,7,0-9,0-9,2
كَفِّف,kaffaf,kaffif,False,6,6,0-9,0-9,1
نَاسي,naasi,naasi,True,5,5,0-9,0-9,3
قَول وَاحَد,qool waa7id,qool waa7id,True,11,11,10-19,10-19,4
مَقَّر,muqur,maqkir,False,6,5,0-9,0-9,2
رْجَال,rijaal,rijjaal,False,6,6,0-9,0-9,1
ظَنْوَن,zunuun,zunuun,True,7,6,0-9,0-9,5
اِكْتَشَف,2iktashaf,2iktashaf,True,9,9,0-9,0-9,2
ينَافِس,ynaafis,ynaafis,True,7,7,0-9,0-9,1
يْزَرْزِرّ,yzarzirr,yzarzirrr,False,10,8,10-19,0-9,3
مُهَابِيش,mahaabiish,mahaabiish,True,9,10,0-9,10-19,5
اِنْدِمِل,2indamal,2indamal,True,9,8,0-9,0-9,3
تِبْلِيط,tabliit,tabliit,True,8,7,0-9,0-9,5
اِتْصَاعَر,2itsaara3,2itsaara3,True,10,9,10-19,0-9,4
زي البَرْق,zayy 2ilbarq,zayy 2ilbarq,True,10,12,10-19,10-19,1
أَتَّاح,2ataa7,2ataa7,True,7,6,0-9,0-9,2
طَفِيف,tafiif,tafiif,True,6,6,0-9,0-9,1
اِتْنَعَّم,2itna33am,2itna33am,True,10,9,10-19,0-9,1
جَضَّة,dajje,dajje,True,6,5,0-9,0-9,2
مَرَادِيح,mirdaa7i,maraadii7,False,9,8,0-9,0-9,3
رِحْلايِة,ri7laaye,ri7laaye,True,9,8,0-9,0-9,2
يِسْتَلِم,yistilim,yistalim,False,9,8,0-9,0-9,1
يَبِّت,ybitt,ybitt,True,6,5,0-9,0-9,4
بردن عزَاه,barradin 3azaah,barradin 3azaa,False,10,15,10-19,10-19,1
يِحْصُو,y7uus,y7awwis,False,7,5,0-9,0-9,5
يخَزِّوق,ykhazwig,ykhooziq,False,8,8,0-9,0-9,4
يعَصِّر,yu3sur,yu3sur,True,7,6,0-9,0-9,1
بَؤَّر,bu2ar,bu2ar,True,6,5,0-9,0-9,4
جِعْجِكِة,dju3djukke,dju3djukke,True,9,10,0-9,10-19,5
جُذَّاب,jazzaab,jazzaab,True,7,7,0-9,0-9,3
اِسْتَظْفَر,2istazrif,2istazraf,False,11,9,10-19,0-9,3
يِتْجَقَّم,yitmadjdjaq,yitjaqqam,False,10,11,10-19,10-19,4
تَعَلُّم,t3allam,t3allam,True,8,7,0-9,0-9,2
زُبَّيبِة,zbiibe,zbiibe,True,9,6,0-9,0-9,3
مَضَبُّوب,madbuub,madbuub,True,9,7,0-9,0-9,4
أَخْرَيَّات,2ukhrayyaat,2ukhrayyaat,True,11,11,10-19,10-19,4
وَصِّل,wassil,wassil,True,6,6,0-9,0-9,2
يِصْهِل,ysahlil,ysahhil,False,7,7,0-9,0-9,2
تَسَحُّر,tsa77ar,tsa77ar,True,8,7,0-9,0-9,2
تَسَوُّفي,taswiif,taswiif,True,9,7,0-9,0-9,5
يتَأْمِر,yit2ammar,yit2ammar,True,8,9,0-9,0-9,3
يِجَابِر,yjaabir,yjaabir,True,8,7,0-9,0-9,2
يِجْوِد,yjawwid,yjuud,False,7,7,0-9,0-9,3
حَلْمِة,7alame,7alame,True,7,6,0-9,0-9,5
عَظَّم,3adim,3addim,False,6,5,0-9,0-9,1
فِيدْيَو,viidyoo,fiidyo,False,8,7,0-9,0-9,1
مَهِل,mahil,muhill,False,5,5,0-9,0-9,1
أُقُوَّال,2aqwaal,2aqwaal,True,9,7,0-9,0-9,4
جِهَاز,jihaaz,jhaaz,False,6,6,0-9,0-9,3
يِنْقِوِر,ynaqwir,ynooqir,False,9,7,0-9,0-9,1
خَشُّوع,khushuu3,khushuu3,True,7,8,0-9,0-9,2
عكن سَمَاي,3aknan samaay,3aknan samaay,True,10,13,10-19,10-19,4
عِرِد ولَا,3urr wulaad,3arad wala,False,10,11,10-19,10-19,1
يِخْتَن,yikhtin,ykhattin,False,7,7,0-9,0-9,4
حَنْجِل,7anjil,7anjal,False,7,6,0-9,0-9,4
يِتَزَهْمَر,yitzahmar,yitzahram,False,11,9,10-19,0-9,4
ثَقَل,taqqilta22ilthaggil,tiqil,False,5,19,0-9,10-19,2
وَطَي,witi,watti,False,5,4,0-9,0-9,5
مَدَّار,madaar,madaar,True,7,6,0-9,0-9,2
مَشْؤَوم,mash2uum,mash2uum,True,8,8,0-9,0-9,4
سَهِّل,sahhil,sahhil,True,6,6,0-9,0-9,1
صُمُود,sumuud,sumuud,True,6,6,0-9,0-9,1
سَحِج,sa77ij,sa77ij,True,5,6,0-9,0-9,5
رِجْعَت رَمَايق الدِّتْهَا,rij3at riima la3aaditha 2ilqadiime,rij3at riima qaadditha 2ilqadiime,False,26,34,20-29,30-39,1
فْكُوك,2ifkuuk,fkuuk,False,6,7,0-9,0-9,5
مَاخِذ اِحْتِيَاطُه,maakhid 2i7tiyaato,maakhid 2i7tiyaato,True,19,18,10-19,10-19,2
اِنِتْدَاب,2intidaab,2intidaab,True,10,9,10-19,0-9,3
ع,3iss,3ibb,False,1,4,0-9,0-9,5
جَهِّل,jahhil,jahhil,True,6,6,0-9,0-9,1
اِنْصَلِح,2insili7,2insala7,False,9,8,0-9,0-9,3
هَذَهَولَاك,hadolaak,hadhoolaak,False,11,8,10-19,0-9,5
جَوعَة الشَّهِر,juu3 2ishshuhra,juu3 2ishshuhra,True,15,15,10-19,10-19,1
يسرح فيني,yisra7 fiini,ysarri7 fiini,False,9,12,0-9,10-19,2
اِنْقَطِم,2inqatam,2inqitim,False,9,8,0-9,0-9,3
يِسْتَعْلِم,yista3mil,yista3lim,False,11,9,10-19,0-9,2
صُمَّادِة,sammade,sammade,True,9,7,0-9,0-9,3
ضَعَّف,di3if,da33if,False,6,5,0-9,0-9,4
اِسْتَوْسَخ,2istawsikh,2istawsikh,True,11,10,10-19,10-19,3
جَدَرِي,judari,judari,True,7,6,0-9,0-9,2
حَول,7awwal,7awwal,True,4,6,0-9,0-9,1
مْجَلْتَن,mjaltin,mjaltan,False,9,7,0-9,0-9,2
زي العِبْلِة,zayy 2illu3be,zayy 2illu3be,True,12,13,10-19,10-19,4
تْدَلَّع,2iddala3,2iddala3,True,8,8,0-9,0-9,1
يِشْمِس,yshammis,yishmis,False,7,8,0-9,0-9,2
خَورِفِة,khoorafe,khoorafe,True,8,8,0-9,0-9,4
تْكَرْتَف,tkarfatat,tkarfatat,True,9,9,0-9,0-9,4
تْوَاصَي,tawaasi,tawaasi,True,8,7,0-9,0-9,3
أُنْجِلِة,2anjale,2anjale,True,9,7,0-9,0-9,5
يِتْوَزَّع,yitwazza3,yitwazza3,True,10,9,10-19,0-9,1
يِنْمِتِج,ymantij,yinmitij,False,9,7,0-9,0-9,3
ينَطْزِع,yintizi3,yinitzi3,False,8,8,0-9,0-9,5
فَقِّيه,faqiih,faqiih,True,7,6,0-9,0-9,4
تْخَاذَل,tkhaazal,tkhaazal,True,8,8,0-9,0-9,1
رِمَّاي,rammaay,rammaay,True,7,7,0-9,0-9,5
صِفِح,fis7a,fassi7,False,5,5,0-9,0-9,4
قِيس,qayyas,qayyis,False,4,6,0-9,0-9,3
اِحْزَق,2i7ziq,2i7ziq,True,7,6,0-9,0-9,1
عَقْصَة,3uqsa,3uqsa,True,7,5,0-9,0-9,4
تَوَكِّيل,tawkiil,tawkiil,True,9,7,0-9,0-9,2
مُنْسَاس,minsaas,minsaas,True,8,7,0-9,0-9,3
قُزَى,qazza,qazza,True,5,5,0-9,0-9,4
اِتِّحْلَاف,2it7aalaf,2it7aalaf,True,11,9,10-19,0-9,4
عَصْمَص,3usmus,3amsas,False,7,6,0-9,0-9,1
مُهْيُوب,mahyuub,mahyuub,True,8,7,0-9,0-9,4
صَانُه بذِنت,daano bitsunn,daano bitsunn,True,12,13,10-19,10-19,1
يثَقِّل,ytaqqil,ytaqqil,True,7,7,0-9,0-9,1
يُوفَر,ywaffir,ywaffir,True,6,7,0-9,0-9,3
ينُود,ynuud,ynawwid,False,5,5,0-9,0-9,2
رَبَط الزلمة,rabat 2izzalame,rabat 2izzalame,True,12,15,10-19,10-19,1
مْعَرْمِط,m3armit,m3armit,True,9,7,0-9,0-9,4
مَا عَرَمِيش,maa 3umriish,maa 3umriish,True,12,12,10-19,10-19,2
يِقْلُط,yqallit,yuqlut,False,7,7,0-9,0-9,3
اِخْفِق,2ikhfiq,2ukhfuq,False,7,7,0-9,0-9,3
كل مَا دق الكوز بَالجُرَّة,kull maa daqq 2ilkuuz biljarra,kull maa daqq 2ilkuuz biljarra,True,26,30,20-29,30-39,4
نَجَاسِة,najaase,najjaase,False,8,7,0-9,0-9,5
حَقَد,7iqid,7aqad,False,5,5,0-9,0-9,1
اِطْيِش,taayish,2ityash,False,7,7,0-9,0-9,4
مْعَثَّث,m3aththith,m3aththith,True,8,10,0-9,10-19,1
تَنْقُم,tnaggam,tnaggam,True,7,7,0-9,0-9,4
اِمْلِخ,2imlakh,2imlakh,True,7,7,0-9,0-9,3
يفَرِّد,yfarrid,yfarrid,True,7,7,0-9,0-9,1
الدَّفَاتِر القَدِيمِة,2iddafaatir 2ilqadiime,2iddaffaatir 2ilqadiime,False,22,22,20-29,20-29,1
مْرَومَس,mroomis,mroomis,True,8,7,0-9,0-9,5
عَمَّالِة,3amaala,3amaale,False,9,7,0-9,0-9,2
يشَفِّط,yshaffit,yshaffit,True,7,8,0-9,0-9,1
تِفِح,taffa7,taffi7,False,5,6,0-9,0-9,3
حُجْلَان,7ajalaan,7ajalaan,True,8,8,0-9,0-9,5
جَلَسِة,jalse,jalse,True,7,5,0-9,0-9,3
هَفِّت,hafat,haffit,False,6,5,0-9,0-9,2
اِعْتِكَف,2i3takaf,2i3takaf,True,9,8,0-9,0-9,4
اِسْتَوْي,2istawi,2istawi,True,9,7,0-9,0-9,3
يبَقِّر,ybaqqir,ybaqqir,True,7,7,0-9,0-9,1
مُكَانِس,makaanis,makaanis,True,8,8,0-9,0-9,5
تْسَيَّر,tsayyar,tsayyar,True,8,7,0-9,0-9,1
وِنْس,winis,winis,True,5,5,0-9,0-9,5
اِجْتَاهِد,2ijtihaad,2ijtihaad,True,10,9,10-19,0-9,5
يِنْتَرِك,yintirik,yintirik,True,9,8,0-9,0-9,4
قَرْوِص,qarwas,qarwis,False,7,6,0-9,0-9,2
يزِين,yzayyin,yzayyin,True,5,7,0-9,0-9,2
هَوِّب,hawwab,hawwab,True,6,6,0-9,0-9,2
يحَزِّم,y7azzim,yi7zim,False,7,7,0-9,0-9,2
اِحْتِمَال,2i7timaal,2i7timaal,True,10,9,10-19,0-9,1
صَبَر,sabbar,sabbar,True,5,6,0-9,0-9,3
ميَّاته خْصُولَا,mayyaato khilsuu,mayyaato khilsuu,True,16,16,10-19,10-19,2
تْشَعْبَط,tsha3bat,tsha3bat,True,9,8,0-9,0-9,1
بَاص,baas,baas,True,4,4,0-9,0-9,1
فَتِّيشِة,futteeshe,futteeshe,True,9,9,0-9,0-9,1
صَمُّوم,samsuum,masmuum,False,7,7,0-9,0-9,2
يِسْوِر,ysawwir,ysawwir,True,7,7,0-9,0-9,3
يَّائِس,yaa2is,yaa2is,True,7,6,0-9,0-9,3
يِتْصَنَّق,yitnaqqas,yitnaqqas,True,10,9,10-19,0-9,3
تَشَرْعِيع,tashrii3,tashrii3,True,10,8,10-19,0-9,5
مَرِج,marj,marraj,False,5,4,0-9,0-9,3
يتْهَاجَم,yithaajam,yithaajam,True,9,9,0-9,0-9,3
كِرْفِع,karfa3,karfi3,False,7,6,0-9,0-9,4
هَيلِم,heelam,heelim,False,6,6,0-9,0-9,2
أَخَوّ,2akhu,2akhu,True,6,5,0-9,0-9,3
شَرْبَوح,sharbuu7,sharbuu7,True,8,8,0-9,0-9,3
عَمْوَم,3umuum,3umuum,True,7,6,0-9,0-9,5
اِتَشَاغَل,2itshaaghal,2itshaaghal,True,10,11,10-19,10-19,2
يعَوِّظ,yuu3iz,y3awwiz,False,7,6,0-9,0-9,5
مُرْتَفِع,mirtafi3,mirtafi3,True,9,8,0-9,0-9,1
اِنِكْحِش,2inka7ash,2inka7ash,True,9,9,0-9,0-9,5
يِتْعَفْكَش,yit3afshak,yit3afshak,True,11,10,10-19,10-19,2
مِن جَمِيع الحَيَوَان,min jamii3 2innawaa7i,min jamii3 2innawaa7i,True,21,21,20-29,20-29,5
اِتَنْشَل,2itshanshal,2itshanshal,True,9,11,0-9,10-19,3
مْوَرِّق,mooraqk,mooriqk,False,8,7,0-9,0-9,1
تَخَلُّق,tkhallaq,tkhallaq,True,8,8,0-9,0-9,2
تِبِن,tabban,tabbin,False,5,6,0-9,0-9,4
أَجْهَم,2ajham,2ajham,True,7,6,0-9,0-9,2
كَرْكُوبِة,karkuube,karkuube,True,10,8,10-19,0-9,1
يذُوق,yduuq,ydawwiq,False,5,5,0-9,0-9,2
عَور,3awwir,3awwir,True,4,6,0-9,0-9,5
يِلْبَس,yilbis,ylabbis,False,7,6,0-9,0-9,5
مَا ظَنِيت,maa zanneeti,maa zanneeti,True,10,12,10-19,10-19,4
ذَاكِرَة الجه,zaakirat 2iljihaaz,zaakirat 2iljih,False,13,18,10-19,10-19,2
يدْيُون,ydeewin,ydeewin,True,7,7,0-9,0-9,5
مَنَّام,manaam,manaam,True,7,6,0-9,0-9,5
نَقْض,naqad,naqd,False,5,5,0-9,0-9,5
يِسْهَر,ysahhir,yishar,False,7,7,0-9,0-9,4
حَلْفِش,7alfish,7alfash,False,7,7,0-9,0-9,4
آخِر طَرْز,2aakhir tarz,2aakhir tarz,True,10,12,10-19,10-19,2
اِتْعَرَّف,2itraffa3,2it3arraf,False,10,9,10-19,0-9,2
حُدَا,7ada,7ada,True,5,4,0-9,0-9,5
رَحى,ra7a,ra7a,True,4,4,0-9,0-9,4
اِتَقَزُّز,2itqazzaz,2itqazzaz,True,10,9,10-19,0-9,3
يبَلْبَع,ybalbi3,ybalbi3,True,8,7,0-9,0-9,4
قَاوَل,qaawil,qaawil,True,6,6,0-9,0-9,3
بِدْعَة,bida3,bid3a,False,7,5,0-9,0-9,4
اِسْتَغْفِر,2istafrigh,2istaghfir,False,11,10,10-19,10-19,5
مُزْرِز,mzarzirr,mzarzirrr,False,7,8,0-9,0-9,4
يغَرِّق,ygharriq,ygharriq,True,7,8,0-9,0-9,2
طَشْمِة الوِثِة,tashshit 2ittoome,tashshit 2ittoome,True,15,17,10-19,10-19,4
اِتْوَرَّض,2itrawwad,2itwarrad,False,10,9,10-19,0-9,4
مْكَلْكِع,mkalka3,mkalki3,False,9,7,0-9,0-9,2
اِخْلِف,3ikhlif,2ikhlif,False,7,7,0-9,0-9,2
يِنْبُش,yinbush,yinbush,True,7,7,0-9,0-9,1
مُؤَكَّد,mu2akkad,mu2akkad,True,8,8,0-9,0-9,1
شَمَر,shamar,shammir,False,5,6,0-9,0-9,2
عهَالشَّارِب,3ahashshaarib,3ahashshaarib,True,12,13,10-19,10-19,1
يتْوَاقَح,yitwaaqa7,yitwaaqa7,True,9,9,0-9,0-9,3
تَفَرْرِيز,tafriiz,tafriiz,True,10,7,10-19,0-9,2
بُرَاعِم,baraa3im,baraa3im,True,8,8,0-9,0-9,5
دَرْب يسِدّ مَا يرد,darb ysidd maa yridd,darbi ysidd maa yridd,False,19,20,10-19,20-29,4
بَخَت,bakhit,bakhkhit,False,5,6,0-9,0-9,3
قَوم,quum,qawwim,False,4,4,0-9,0-9,5
عَسْكَر,3askar,3askar,True,7,6,0-9,0-9,2
شَقِّر,shuqur,sha22ar,False,6,6,0-9,0-9,2
تَسَحُّب,tsa77ab,tsa77ab,True,8,7,0-9,0-9,4
يِتْطَبَش,yittabbash,yittabbash,True,9,10,0-9,10-19,5
عُكُر,3akar,3akkar,False,5,5,0-9,0-9,4
زُحْلَيقَة,zu7leeqa,zu7leeqa,True,10,8,10-19,0-9,1
صُفْرَا,safra,safra,True,7,5,0-9,0-9,3
اِجْلي,2ijli,2ijli,True,6,5,0-9,0-9,5
بَيرُو,biiro,byuur,False,6,5,0-9,0-9,2
حَصِر إِرْث,7asar 2irs,7asir 2irth,False,11,10,10-19,10-19,4
صَوف,suuf,suuf,True,4,4,0-9,0-9,4
رَاكِع,raaki3,raaki3,True,6,6,0-9,0-9,1
حَطِّيت عَالجرك,7atteet 2iidak 3al juru7,7atteet 3aljak 2ir,False,15,24,10-19,20-29,2
طَلْهِينِة,talhiine,talhiine,True,10,8,10-19,0-9,2
يِتْدِلْعِن,yiddal3an,yiddal3an,True,11,9,10-19,0-9,4
اُتْسُت,2itsattat,2itsattat,True,7,9,0-9,0-9,3
مْوَكَّب,mawkib,mwakkib,False,8,6,0-9,0-9,2
يجَهِّز,yjahhiz,yjahhiz,True,7,7,0-9,0-9,3
مَكْنَسِة,miknise,miknise,True,9,7,0-9,0-9,1
وَيلي,weeli,weeli,True,5,5,0-9,0-9,4
اُنْهُر,2inhar,2inhar,True,7,6,0-9,0-9,3
صَحْصَحِة,sa7sa7a,sa7sa7a,True,9,7,0-9,0-9,3
عَطَّر,3attar,3attir,False,6,6,0-9,0-9,1
مَعْمِل,ma3mal,m3ammil,False,7,6,0-9,0-9,5
فَقِر,faqqar,faqqir,False,5,6,0-9,0-9,4
دَفَع,daffa3,daffi3,False,5,6,0-9,0-9,1
يِرْعِش,yir3ish,yir3ish,True,7,7,0-9,0-9,1
عَصْعُوص,3as3uus,3as3uus,True,8,7,0-9,0-9,1
يتْوَرَّم,yitwarram,yitwarram,True,9,9,0-9,0-9,3
يِحْكَام,y7aakim,y7aakim,True,8,7,0-9,0-9,3
لُغُط,laghat,laghghit,False,5,6,0-9,0-9,5
يدَحِّش,yda77ish,yid7ash,False,7,8,0-9,0-9,2
حَنِّك,7annik,7annak,False,6,6,0-9,0-9,2
اِتِّصِل,2ittasal,2ittasil,False,8,8,0-9,0-9,1
سَيرَج,siiraj,siiraj,True,6,6,0-9,0-9,5
عَافِّي,3aafi,3aafi,True,7,5,0-9,0-9,5
اِدِّعِي,2id3i,2id3i,True,8,5,0-9,0-9,5
اِتْلَاسَن,2itlaasan,2itlaasan,True,10,9,10-19,0-9,1
اِنْعُم,2in3am,2in3am,True,7,6,0-9,0-9,5
مِسَاوَاة,musaawaa,musaawaa,True,9,8,0-9,0-9,3
شَقِّع,shaqqa3,shaqqa3,True,6,7,0-9,0-9,3
طُوف,toof,tawwif,False,4,4,0-9,0-9,2
مَوْرَن,mwarnash,mwarrin,False,7,8,0-9,0-9,3
اِخْتَاصِر,2ikhtisaar,2ikhtisaar,True,10,10,10-19,10-19,5
مُحْلَب,mi7lab,m7albish,False,7,6,0-9,0-9,5
اِتْلَقَّى,2itqalla,2itlaqqa,False,10,8,10-19,0-9,2
ظَاهِو,dhaahuu,dhaahuu,True,6,7,0-9,0-9,5
زِي,zayy,zayy,True,3,4,0-9,0-9,2
شَبِع نَوم,shibi3 noom,shibi3 noom,True,10,11,10-19,10-19,4
يِدْشَي,ydashshi,ydashshi,True,7,8,0-9,0-9,3
ضُبّ لسَانَك,dubb lsaanak,dubb lsaanak,True,12,12,10-19,10-19,3
حصِر إِرْث,7asar 2irs,7asir 2irth,False,10,10,10-19,10-19,3
أُمْطُر,2amtar,2amtar,True,7,6,0-9,0-9,4
تْعَارَيف,ta3aariif,ta3aariif,True,9,9,0-9,0-9,3
اِسْتَشِيخ,2istashyakh,2istashyakh,True,10,11,10-19,10-19,3
اِرْغَب,raaghib,2irghab,False,7,7,0-9,0-9,5
اِتْسَبْلَط,2itsalbat,2itsalbat,True,11,9,10-19,0-9,3
يِتْفَائَل,yitfaa2al,yitfaa2al,True,10,9,10-19,0-9,1
خَشْخِش,khashkhish,khashkhash,False,7,10,0-9,10-19,3
مْفَجْفَجّ,mfadjfidjdj,mfadjfidjdjdj,False,10,11,10-19,10-19,3
نَكَلِة,nikgle,nakle,False,7,6,0-9,0-9,3
كَمَال,kamaal,kammaal,False,6,6,0-9,0-9,1
بَهْوَك,bahwak,bahwik,False,7,6,0-9,0-9,2
مَسَّخ,massakh,massakh,True,6,7,0-9,0-9,2
يِعْرِي,y3arri,y3arri,True,7,6,0-9,0-9,2
خِلَّايِل,khalaayil,khalaayil,True,9,9,0-9,0-9,5
اِتْجَفّف,2itjaffaf,2itjaffaf,True,9,9,0-9,0-9,2
تَفْنِيش,tafniish,tafniish,True,8,8,0-9,0-9,1
هُوَّا,huwwa,hawa,False,6,5,0-9,0-9,3
اِنْهَرّ,2inhar,2inhar,True,8,6,0-9,0-9,2
خُلَّيل,khaliil,khaliil,True,7,7,0-9,0-9,3
تَحَّت,ta77at,ta77it,False,6,6,0-9,0-9,2
تَقْيِيم,taqyiim,taqyiim,True,8,7,0-9,0-9,1
يُفْقُر,yfaqqir,yifqar,False,7,7,0-9,0-9,2
شَطَّف,shatif,shattif,False,6,6,0-9,0-9,2
قَطَف,qattaf,qattif,False,5,6,0-9,0-9,1
مْعَنْقِر,m3anqir,m3anqir,True,9,7,0-9,0-9,2
اِنْزَطَم,2inzitim,2inzatam,False,9,8,0-9,0-9,2
عُلُو,3ilu,3alu,False,5,4,0-9,0-9,4
مِتْوَحَّم,mitwa77im,mitwa77im,True,10,9,10-19,0-9,3
يتْثَاوَب,yittaawab,yittaawab,True,9,9,0-9,0-9,2
كَمَّخ,kimikh,kamkh,False,6,6,0-9,0-9,2
غَنَائِي,ghinaa2i,ghinaa2i,True,8,8,0-9,0-9,2
مْزَاوِد,mazaawid,mazaawid,True,8,8,0-9,0-9,4
يْشَرْمِط,ysharmit,ysharmit,True,9,8,0-9,0-9,2
شَلْطَفِة,shalfata,shaltafe,False,9,8,0-9,0-9,3
تُطْلِيعَة,tatlii3a,tatlii3e,False,10,8,10-19,0-9,4
يِنِهْفِي,yinhafi,yinhifi,False,9,7,0-9,0-9,4
طَابِة,taabe,taabe,True,6,5,0-9,0-9,1
يُقْرُم,yqarrim,yuqrum,False,7,7,0-9,0-9,2
يِبْدَأ,yibda2,yibda2,True,7,6,0-9,0-9,1
صْرَاف,sarraaf,sraaf,False,6,7,0-9,0-9,1
قَزْوِل,2azwil,2azwal,False,7,6,0-9,0-9,2
يِنْعَجَن,yin3ijin,yin3ijin,True,9,8,0-9,0-9,3
عَزَابي,3azzaabi,3azzaabi,True,7,8,0-9,0-9,4
يتْهَبَّر,yithabbar,yithabbar,True,9,9,0-9,0-9,2
اِفْطَار,2iftaar,2iftaar,True,8,7,0-9,0-9,1
أُقْرُض,2aqrad,2aqrad,True,7,6,0-9,0-9,5
يلَغْصِم,ylaghmis,ylaghmis,True,8,8,0-9,0-9,2
شُفَّاعَة,shafaa3a,shafaa3a,True,9,8,0-9,0-9,3
مَرْضِي,mardi,mardi,True,7,5,0-9,0-9,1
عِتِم,3attim,3attim,True,5,6,0-9,0-9,4
اِضْغُط,2idghat,2idghat,True,7,7,0-9,0-9,3
بُرْجَاوِي,bardjaawi,bardjaawi,True,10,9,10-19,0-9,5
يِتْكَمْرَش,yitkarmash,yitkarmash,True,11,10,10-19,10-19,3
شَنَص,shannas,shannis,False,5,7,0-9,0-9,4
يِشْكُك,yshakkik,yshakkik,True,7,8,0-9,0-9,3
مَوْسُوعَة,mawsuu3a,mawsuu3a,True,10,8,10-19,0-9,1
يزَقْزِق,yzaqziq,yzaqziq,True,8,7,0-9,0-9,1
يِنْقَص,yinqas,ynaqqis,False,7,6,0-9,0-9,4
اِقْرُص,2uqrus,2iqrus,False,7,6,0-9,0-9,2
يِتِّصَاهَر,yitsaahar,yitsaahar,True,11,9,10-19,0-9,5
يِعْبُر,y3abbir,y3abbir,True,7,7,0-9,0-9,3
اِلْفَع,2ilfa3,2ilfa3,True,7,6,0-9,0-9,2
اِسْتِعْمَايِر,2isti3maari,2isti3maari,True,14,11,10-19,10-19,5
يِزْبِد,yzabbid,yzabbid,True,7,7,0-9,0-9,3
يصَمِّت,yismut,yismut,True,7,6,0-9,0-9,1
كُرْنَودِيه,kroondee,kroondee,True,11,8,10-19,0-9,5
اِكْتَئَب,2ikti2ib,2ikta2ab,False,9,8,0-9,0-9,4
سُوَّاقَة,swaaqa,swaaqa,True,9,6,0-9,0-9,3
اِنْفُك,2infakk,2infakk,True,7,7,0-9,0-9,4
مُبَارَكِة,mbaarake,mbaarake,True,10,8,10-19,0-9,4
يبَسّ,yabbas,ybiss,False,5,6,0-9,0-9,4
الجَوبُه عَالفَس طَنَار,2iljawaab 3ataraf lsaano,2iljawabo 3ataraf lsaano,False,23,24,20-29,20-29,3
فَاقَم,faaqam,faaqim,False,6,6,0-9,0-9,2
يِخْطَر,yukhtur,yikhtur,False,7,7,0-9,0-9,5
اِتْكَدَّر,2iddaktar,2itkaddar,False,10,9,10-19,0-9,5
يفَوِّت,yfawwit,yfuut,False,7,7,0-9,0-9,1
سَمِط,samat,sammit,False,5,5,0-9,0-9,4
يدَعِّر,yid3ar,yid3ar,True,7,6,0-9,0-9,2
اُفْتُر,2iftar,2iftar,True,7,6,0-9,0-9,3
الله يخزيك خزوة الكَاب,2alla yikhziik khazwit 2iliklaab,2alla yikhziik khazwit klaab,False,22,32,20-29,30-39,3
عَاهْرِة,3aahre,3aahre,True,8,6,0-9,0-9,1
طُرْقَات,turuqaat,turuqaat,True,8,8,0-9,0-9,2
كَرَّف,karf,karf,True,6,4,0-9,0-9,2
تْجَعَّم,tdja33am,tdja33am,True,8,8,0-9,0-9,1
عَدَّل,3addil,3addil,True,6,6,0-9,0-9,2
خِنَاث,khinaath,khinaath,True,6,8,0-9,0-9,2
يجَرِّف,yjarrif,yijrif,False,7,7,0-9,0-9,1
نَشَز,nashshaz,nashshiz,False,5,8,0-9,0-9,3
يعَدِّم,yi3dim,yi3dim,True,7,6,0-9,0-9,2
مَرِن,marin,marrin,False,5,5,0-9,0-9,4
جِنَايِن,janaayin,janaayin,True,8,8,0-9,0-9,2
يِعْشِش,y3ashshish,y3ashshish,True,7,10,0-9,10-19,4
يشَتِّهي,yishtihi,yishtihi,True,8,8,0-9,0-9,5
ذِابِح,daabi7,daabi7,True,6,6,0-9,0-9,4
يِتْبَقْوَه,yitbahwagkq,yitbahwagkq,True,11,11,10-19,10-19,2
إِحَالِّة,2i7aale,2i7aale,True,9,7,0-9,0-9,5
جُلْبُط,jalbat,jalbat,True,7,6,0-9,0-9,5
اِحْتَفّ,7aataf,2i7taff,False,8,6,0-9,0-9,5
عُبَى,3abba,3abba,True,5,5,0-9,0-9,5
يِجْلِط,yujlut,yjallit,False,7,6,0-9,0-9,5
نَكِت,nakat,nakkit,False,5,5,0-9,0-9,4
بَالحِفِظ وَالصُّون,bil7ifiz wissoon,bil7ifiz wissoon,True,19,16,10-19,10-19,3
أُسْلُم,2aslam,2aslam,True,7,6,0-9,0-9,2
مْمَنْتَج,2immantaj,mumantaj,False,9,9,0-9,0-9,1
يِنْكِف,yinkuf,yinkuf,True,7,6,0-9,0-9,4
رُذَّيلِة,raziile,raziile,True,9,7,0-9,0-9,3
يِحْزَر,y7azzir,y7azzir,True,7,7,0-9,0-9,2
بُقُج,buqkadj,buqkadj,True,5,7,0-9,0-9,4
اِتْغَازَم,2itghaamaz,2itghaamaz,True,10,10,10-19,10-19,4
أَنَدَاد,2andaad,2andaad,True,8,7,0-9,0-9,4
وجه نحس,wijih na7as,wijih na7as,True,7,11,0-9,10-19,3
صَحِي,si77i,si7i,False,5,5,0-9,0-9,3
وَلّ عَلِيك,wall 3aleek,wall 3aleek,True,11,11,10-19,10-19,2
اِتْفَشَل,2itfashshal,2itfashshal,True,9,11,0-9,10-19,3
طَاط,taata,taat,False,4,5,0-9,0-9,4
مُشْتَرَك,mushtarik,mishtirik,False,9,9,0-9,0-9,5
شَوَّال,shwaal,shwaal,True,7,6,0-9,0-9,2
وَاصْلِة مَعِي لسَّلَام,waasle ma3i lassama,waasle ma3i lassama,True,23,19,20-29,10-19,1
جَوزْتَين بْخُرُج,joozteen bkhuruj,joozteen bkhuruj,True,17,16,10-19,10-19,1
اِنْشَكَاح,2inshikaa7,2inshikaa7,True,10,10,10-19,10-19,5
يُهْلُط,yihlut,yihlut,True,7,6,0-9,0-9,4
مْكَمْكِر,mtshamtshar,mtshamtshir,False,9,11,0-9,10-19,2
أَجَّاوِد,2ajaawid,2ajwaad,False,9,8,0-9,0-9,5
يِتْزَحَّر,yit7azzar,yitzarra7,False,10,9,10-19,0-9,5
تَخْجِيل,takhjiil,takhjiil,True,8,8,0-9,0-9,1
اِجْتَعَد,2itja33ad,2ijta3ad,False,9,9,0-9,0-9,3
دَبْلَجِة,dablaje,dablaje,True,9,7,0-9,0-9,2
يتْجَنَّن,yitjannan,yitjannan,True,9,9,0-9,0-9,4
جَنِينِة,jneene,jneene,True,8,6,0-9,0-9,1
صَلِّح,sili7,salli7,False,6,5,0-9,0-9,2
أَجَانِب,2ajaanib,2ajaanib,True,8,8,0-9,0-9,2
تَلَاحُق,tlaa7aq,tlaa7aq,True,8,7,0-9,0-9,3
تَجَار,tujjaar,tajaar,False,6,7,0-9,0-9,2
دَوَّش,dawash,dawwash,False,6,6,0-9,0-9,1
يُحْسُد,yi7sid,yi7sid,True,7,6,0-9,0-9,3
اِتِّئْلَام,2itlaa2am,2itlaa2am,True,11,9,10-19,0-9,5
اِتَدَهْوَل,2iddahwal,2iddahwal,True,11,9,10-19,0-9,3
يشَرِّد,ysharrid,yushrud,False,7,8,0-9,0-9,2
اِتْكَالَي,2ittikaali,2ittikaalak,False,10,10,10-19,10-19,4
يتْمَيَّز,yitmayyaz,yitmayyaz,True,9,9,0-9,0-9,5
مُحْرِم,m7arram,m7arram,True,7,7,0-9,0-9,2
اِتْخَنَّوق,2itkhoona2,2itkhoona2,True,11,10,10-19,10-19,3
عِفِس,3afas,3affas,False,5,5,0-9,0-9,5
تَمْشَد,tmashdaq,tmashshad,False,7,8,0-9,0-9,3
رُنْخ,rannikh,rannikh,True,5,7,0-9,0-9,4
شِرّ,sharr,sharr,True,4,5,0-9,0-9,3
بَلِّك,blukk,ballak,False,6,5,0-9,0-9,1
لِبِط,labbat,labbat,True,5,6,0-9,0-9,4
يْوَسْوِس,ywaswis,ywaswis,True,9,7,0-9,0-9,5
تِشْكِي وتِبْكِي,tishki wutibki,tishki wutibki,True,16,14,10-19,10-19,1
يِشْنِف,yushnuf,yshannif,False,7,7,0-9,0-9,5
اِسْتَلْخَف,2istakhlaf,2istakhlif,False,11,10,10-19,10-19,5
يْبُوش,ybawwish,ybawwish,True,6,8,0-9,0-9,5
بَرَح,bira7,barra7,False,5,5,0-9,0-9,1
سَمَّع,simi3,sammi3,False,6,5,0-9,0-9,1
يِنْسَنَح,yinsini7,yinsini7,True,9,8,0-9,0-9,4
لَحى,lu7a,la77a,False,4,4,0-9,0-9,5
بَرْمِل,barmal,barmil,False,7,6,0-9,0-9,2
مَكَالِب,makaalib,makaalib,True,8,8,0-9,0-9,1
وَرَّط,warrit,warrit,True,6,6,0-9,0-9,1
يهِب,yhibb,yhibb,True,4,5,0-9,0-9,5
خَازِي,2ikhzi,khaazi,False,6,6,0-9,0-9,5
تُزَّان,tzaanakh,tzaanan,False,7,8,0-9,0-9,5
طَوِّب,tawwib,tawwab,False,6,6,0-9,0-9,2
مَدَافِع,madaafi3,madaafi3,True,8,8,0-9,0-9,1
اِخْتِشِى,2ikhtasha,2ikhtishi,False,9,9,0-9,0-9,2
مُخِيم,mukhayyam,mkhayyim,False,6,9,0-9,0-9,4
أَعْدِم,2a3dam,2a3dam,True,7,6,0-9,0-9,4
بِيئَة,bii2a,bii2a,True,6,5,0-9,0-9,1
يِفْلِح,yifla7,yifla7,True,7,6,0-9,0-9,3
اِتَسَطُّح,2itsatta7,2itsatta7,True,10,9,10-19,0-9,3
تْحَسَّب,ta7assub,t7assab,False,8,8,0-9,0-9,5
يِنْحِطِم,yin7atim,yin7itim,False,9,8,0-9,0-9,1
أَحَّال,2a7aal,2a7aal,True,7,6,0-9,0-9,2
اِتْفَرَد,2itfarrad,2itfarrad,True,9,9,0-9,0-9,2
نِمِن,namnim,namnim,True,5,6,0-9,0-9,4
يِنْضَخّ,yinkhadd,yindakhkh,False,8,8,0-9,0-9,4
بَابْرُور,baabuur,babboor,False,9,7,0-9,0-9,4
يَا حَسَرْتي,yaa 7asirti,yaa 7asirti,True,12,11,10-19,10-19,3
يِجْعَص,yja33is,yja33is,True,7,7,0-9,0-9,4
تَكَر,tkarrar,takkar,False,5,7,0-9,0-9,4
صُفّ,suff,suff,True,4,4,0-9,0-9,3
يوَابِر,ywaarib,ywaabir,False,7,7,0-9,0-9,4
اِسْتَرْخَص,2istarkhas,2istarkhas,True,11,10,10-19,10-19,1
نَقْشِة,naqshe,naqshe,True,7,6,0-9,0-9,1
بَخِّت,bakht,bakhkhit,False,6,5,0-9,0-9,1
يِتوَتّد,yitwattad,yitwattad,True,8,9,0-9,0-9,3
يدَنِّي,ydanni,ydanni,True,7,6,0-9,0-9,1
اُحْصُد,2i7sid,2u7sud,False,7,6,0-9,0-9,2
مْكَنْعِش,mkan3ish,mkan3ish,True,9,8,0-9,0-9,2
تْمَرْطَم,tmarmat,tmarmat,True,9,7,0-9,0-9,3
تَنَاهُف,tnaahaf,tnaahaf,True,8,7,0-9,0-9,3
عِرْكِسِة,3arkase,3arkase,True,9,7,0-9,0-9,5
اِتْزَنْتَف,2itzaftan,2itzaftan,True,11,9,10-19,0-9,3
دَحْنَانِي,da7aaniin,da7aaniin,True,10,9,10-19,0-9,3
اِنْحِشي,2in7ishi,2in7ishi,True,8,8,0-9,0-9,3
اِسْبُق,2usbuq,2usbuq,True,7,6,0-9,0-9,1
مُسْتَاهِل,mistaahil,mustaahil,False,10,9,10-19,0-9,2
مَلْقَط أَكَل,malqat 2akil,malqat 2akil,True,13,12,10-19,10-19,3
لِمِم,lamam,lammim,False,5,5,0-9,0-9,4
يطَبِّخ,yutbukh,ytabbikh,False,7,7,0-9,0-9,1
صَمْت,samt,samt,True,5,4,0-9,0-9,5
أَكَرَّه,2akrah,2akrah,True,8,6,0-9,0-9,5
مَطَامِير,mataamiir,mataamiir,True,9,9,0-9,0-9,2
يُنْجُز,yinjiz,yinjiz,True,7,6,0-9,0-9,4
حْبَال,7abbaal,7baal,False,6,7,0-9,0-9,2
قَصِّص,qisas,qassis,False,6,5,0-9,0-9,2
إِيحِءَاء,2ii7aa2,2ii7aa2,True,9,7,0-9,0-9,3
ضْمُور,dumuur,mumawwir,False,6,6,0-9,0-9,1
يِرْتِعِد,yirti3id,yirti3id,True,9,8,0-9,0-9,2
لَعْنِة,la3ne,la3ne,True,7,5,0-9,0-9,2
مِسْخَر,maskhar,maskhar,True,7,7,0-9,0-9,5
أَضْحِيَة,2ud7iye,2ud7iye,True,9,7,0-9,0-9,4
تَدَخْنِي,tadkhiin,tadkhiin,True,9,8,0-9,0-9,5
مْتَنْفِس,mtanfis,mutanaffis,False,9,7,0-9,0-9,3
حِرِش,7arrash,7arrish,False,5,7,0-9,0-9,4
مَجْرَى النفَس,majra 2innafas,majra 2innafas,True,14,14,10-19,10-19,2
يِتْمَطَّع,yitma33at,yitma33at,True,10,9,10-19,0-9,3
غِمِض,ghimid,ghammid,False,5,6,0-9,0-9,4
اِسْتَعْفِى,2ista3fa,2ista3fa,True,11,8,10-19,0-9,4
مِتْغَيِّط,mitghatti,mitghatti,True,10,9,10-19,0-9,3
طِبِّي,tibbi,tabbi,False,6,5,0-9,0-9,4
كِان,kaan,kaan,True,4,4,0-9,0-9,3
اِحِّتَاط,2i7taat,2i7taat,True,9,7,0-9,0-9,5
يْبَرِّص,yibrass,yibrass,True,8,7,0-9,0-9,5
مْعَمُّول,ma3muul,ma3muul,True,9,7,0-9,0-9,4
دُوب,doob,doob,True,4,4,0-9,0-9,2
لَقِّب,laqab,laqqib,False,6,5,0-9,0-9,3
يخَوفِر,ykhoorif,ykhoofir,False,7,8,0-9,0-9,4
تَكَرْهُب,tkarhab,tkarhab,True,9,7,0-9,0-9,5
مَنَاوْبِة,munaawabe,munaawabe,True,10,9,10-19,0-9,3
زُرْقُل,zargal,zargil,False,7,6,0-9,0-9,5
أَشهر من نَار على على,2ashhar min naar 3ala 3alam,2ashhar min naar 3ala 3ala,False,21,27,20-29,20-29,1
بَحَار,bi7aar,ba77aar,False,6,6,0-9,0-9,3
شَحُّوف,sh7uuf,sh7uuf,True,7,6,0-9,0-9,4
يُعْقُد,y3akkid,yu3qud,False,7,7,0-9,0-9,1
يُسْتَنْهِف,yistanhif,yistanhif,True,11,9,10-19,0-9,5
بَزِّق,bazziq,bazzaq,False,6,6,0-9,0-9,1
يِدْقَشّ,yidqashsh,yidqush,False,8,9,0-9,0-9,3
اُوصي,2uusi,2uusi,True,5,5,0-9,0-9,5
جُار,jaar,jaar,True,4,4,0-9,0-9,4
اُنْقُر,2unqur,2inqarash,False,7,6,0-9,0-9,1
اِعْجَق,2u3juq,2u3juq,True,7,6,0-9,0-9,5
اِتْسَحَّر,2itsarra7,2itsa77ar,False,10,9,10-19,0-9,4
يتَعْلِب,yit3allab,yit3allab,True,8,9,0-9,0-9,3
بَصِر,bassir,bassir,True,5,6,0-9,0-9,1
يغَلِّي,yighli,yghalli,False,7,6,0-9,0-9,2
سَلَّط,sallit,sallit,True,6,6,0-9,0-9,2
زَوَّال,zawaal,zawaal,True,7,6,0-9,0-9,1
وُخَامِة,wakhaame,wakhaame,True,8,8,0-9,0-9,3
يْلَتْوِح,yiltiwi7,yiltiwi7,True,9,8,0-9,0-9,5
زَرْكَش,zarkish,zarkash,False,7,7,0-9,0-9,2
تْهَامَز,thaamaz,thaamaz,True,8,7,0-9,0-9,2
اِتَعْوَض,2it3awwad,2it3awwad,True,9,9,0-9,0-9,5
رَجَشِة,ragashe,ragashe,True,7,7,0-9,0-9,2
يتْنَشَّط,yitnashshat,yitnashshat,True,9,11,0-9,10-19,2
لَدْوَع,ladwi3,ladwi3,True,7,6,0-9,0-9,1
اِنِفْرِد,2infarad,2infarad,True,9,8,0-9,0-9,5
يلَفِّت,yilfit,yilfit,True,7,6,0-9,0-9,2
دْوَبَل,doobal,doobil,False,7,6,0-9,0-9,5
يِقْمَع,yqammi3,yiqma3,False,7,7,0-9,0-9,2
اِتَّصَدَّى,2itsadda,2itsadda,True,11,8,10-19,0-9,3
اِحْتُج,2i7tajj,2i7tajj,True,7,7,0-9,0-9,5
لَخْلِخ,lakhlikh,lakhlikh,True,7,8,0-9,0-9,4
شَيوِخ,shyuukh,shyuukh,True,6,7,0-9,0-9,4
بيت الخَارِج,beet 2ilkhaarij,beet 2ilkhaaridj,False,12,15,10-19,10-19,5
فَكَح,fakki7,fakka7,False,5,6,0-9,0-9,1
مُحْنَجَص,m7andjis,m7andjis,True,9,8,0-9,0-9,3
بُقّ,baqq,buqq,False,4,4,0-9,0-9,2
اِتْمَاحَن,2itmaana7,2itmaana7,True,10,9,10-19,0-9,4
اِتْدَبْعَب,2idda3bab,2idda3bab,True,11,9,10-19,0-9,4
ينَحْزِر,yin7izir,yin7izir,True,8,8,0-9,0-9,5
رَحَل,ra7al,ra77il,False,5,5,0-9,0-9,1
جَامَعَة,jaam3a,jaam3a,True,8,6,0-9,0-9,3
زَهِّق,zahaq,zahhaq,False,6,5,0-9,0-9,3
يكِعّ,yku33,yku33,True,5,5,0-9,0-9,3
يِنْقَصَع,yinqasa3,yinqisi3,False,9,8,0-9,0-9,4
أَخَّر,2akhkhar,2akhkhar,True,6,8,0-9,0-9,4
صُفّ,saff,suff,False,4,4,0-9,0-9,4
عَرَوَاق,3arawaaq,3arawaaq,True,8,8,0-9,0-9,4
رْقِيب,raqiib,raqiib,True,6,6,0-9,0-9,1
اِنْتَتَر,2intatir,2intatar,False,9,8,0-9,0-9,2
اِنقطَع نَفَسِي,2inqata3 nafasi,2inqata3 nafasi,True,15,15,10-19,10-19,4
مَلَقْوَج,mlaqwaj,malquuj,False,9,7,0-9,0-9,4
اِسْتَنِّى,2istanna,2istanna,True,10,8,10-19,0-9,4
مْدَلَّه,mdalhim,mdalhil,False,8,7,0-9,0-9,5
اِشَفِّع,2ishfa3,2ishfa3,True,8,7,0-9,0-9,5
جَهْجَه,jahjih,jahjah,False,7,6,0-9,0-9,1
هَبْرَج,habraj,habrij,False,7,6,0-9,0-9,2
اُهْلُص,2uhlus,2uhlus,True,7,6,0-9,0-9,1
مْصَوَّلِة,msuule,msuule,True,10,6,10-19,0-9,5
بُلْفِة,balfe,balfe,True,7,5,0-9,0-9,4
لَظَالِيل,lazaaliiz,lazaaliiz,True,9,9,0-9,0-9,5
تَحوِيش,ta7wiish,ta7wiish,True,7,8,0-9,0-9,5
شَاطِف,shaafit,shaatif,False,6,7,0-9,0-9,4
نْزَاهَة,nazaaha,nazaaha,True,8,7,0-9,0-9,4
طَلِّق,talq,talliq,False,6,4,0-9,0-9,3
مَفْتُوح,maftuu7,maftuu7,True,8,7,0-9,0-9,1
حَفَر,7afar,7affir,False,5,5,0-9,0-9,3
اِتْحَرَّم,2itra77am,2it7arram,False,10,9,10-19,0-9,3
أَرِض,2ard,2arid,False,5,4,0-9,0-9,2
اِتْصَدَّر,2itsaddar,2itsaddar,True,10,9,10-19,0-9,2
مْوَدِّر,mwaddir,mwaddir,True,8,7,0-9,0-9,1
يِتْقَتَّلى,yitqalla,yitqalla,True,11,8,10-19,0-9,5
شَايِف حَالُه,shaayif 7aalo,shaayif 7aalo,True,13,13,10-19,10-19,2
يُلْبُص,ylabbis,ylabbis,True,7,7,0-9,0-9,3
نَفِق,naffaq,naffiq,False,5,6,0-9,0-9,5
حَمْرِة البير,7ummarat 2ilbiir,7ummarat 2ilbiir,True,13,16,10-19,10-19,3
إِلْبَا,2ilba,2ilba,True,7,5,0-9,0-9,1
أَحَادِيث,2a7aadiis,2a7aadiis,True,9,9,0-9,0-9,1
عْلَاقَة,3alaaqa,3allaaqa,False,8,7,0-9,0-9,3
أَخِذ,2akhd,2akhid,False,5,5,0-9,0-9,2
اِنْكِبِت,2inkibit,2inkabat,False,9,8,0-9,0-9,4
لَّاقَى,laaqa,laaqa,True,7,5,0-9,0-9,3
حَوِّر,7awwir,7awwar,False,6,6,0-9,0-9,2
أَثَّث,2aththath,2aththath,True,6,9,0-9,0-9,1
مَلْدِمْسِي,mildimsi,mildimsi,True,11,8,10-19,0-9,3
يعَنِّس,y3annis,y3annis,True,7,7,0-9,0-9,2
عَاق,3aaqq,3aaq,False,4,5,0-9,0-9,1
شَرِير,shirriir,shariir,False,6,8,0-9,0-9,1
كَاسِِّة,kaase,koose,False,8,5,0-9,0-9,5
الفَّاعلة التَاركة,2ilfaa3le 2ittaarke,2ilfaa3le 2ittaarke,True,18,19,10-19,10-19,2
مْوَنْكَر,mwankir,mwankir,True,9,7,0-9,0-9,2
أَنْتَ,2anti,2anti,True,6,5,0-9,0-9,1
اِسْتَضْعِف,2istad3if,2istad3if,True,11,9,10-19,0-9,2
اِتْحَنْسَب,2it7asban,2it7asban,True,11,9,10-19,0-9,5
تَكَفُّل,tkaffal,tkaffal,True,8,7,0-9,0-9,2
اِلْتَسَم,2iltimis,2iltimis,True,9,8,0-9,0-9,5
غَمِّر,ghamar,ghammir,False,6,6,0-9,0-9,3
بَاعِح اله,baa3 7aalo,baa3i7ha 3ala,False,10,10,10-19,10-19,3
يِقْمَع,yigma3,yiqma3,False,7,6,0-9,0-9,1
جَوز كِلَام,jooz kalaam,jooz kalaam,True,11,11,10-19,10-19,3
اِنْسَجَم,2insijim,2insijim,True,9,8,0-9,0-9,1
اِنْخِفَى,2inkhafa,2inkhafa,True,9,8,0-9,0-9,4
سُقِّيِّة,sqiyye,sqiyye,True,9,6,0-9,0-9,5
قَلّى,qalla,qalla,True,5,5,0-9,0-9,5
رِيقَة ريقَة,riiqa riiqa,riiqa riiqa,True,12,11,10-19,10-19,5
قَسَّى,qassa,qassa,True,6,5,0-9,0-9,1
يِبْلَي,yibli,yballi,False,7,5,0-9,0-9,4
قَلَال,qlaal,qlaal,True,6,5,0-9,0-9,3
يِنْطَبِع,yintabi3,yintibi3,False,9,8,0-9,0-9,5
قمَاقِير رَاسِي,qamaqiir raasi,qamaqiir raasi,True,15,14,10-19,10-19,3
نَفِر,naffar,naffir,False,5,6,0-9,0-9,4
رَمَز,ramz,ramaz,False,5,4,0-9,0-9,1
مَسِح,massi7,massa7,False,5,6,0-9,0-9,4
عَنْطَبِيل,3antabiil,3antabiil,True,10,9,10-19,0-9,1
كَيس,kiis,kayyas,False,4,4,0-9,0-9,3
مْحَابِيس,ma7aabiis,ma7aabiis,True,9,9,0-9,0-9,4
اِنْدِقِر,2indiqir,2indaqar,False,9,8,0-9,0-9,4
رَمْضَان,ramadaan,ramadaan,True,8,8,0-9,0-9,3
اللله مْحي أَصْلَك,2alla m7ayyi 2aslak,2alla m7ayyi 2aslak,True,18,19,10-19,10-19,5
يصُطَّاد بَالميِّة العُكْرِة,yistaad bilmayye 2il3ikre,yistaad bilmayye 2il3ikre,True,28,25,20-29,20-29,5
يدَفِّش,yidfash,yidfashsh,False,7,7,0-9,0-9,1
تْجَاوَب,tjaawab,tjaawab,True,8,7,0-9,0-9,1
شَرَّاوِيل,sharaawiil,sharaawiil,True,10,10,10-19,10-19,5
نُمِّيمِة,namiime,namiime,True,9,7,0-9,0-9,4
إِفْتِرَاء,2iftiraa,2iftiraa,True,10,8,10-19,0-9,1
عَرَسِة,3irse,3irse,True,7,5,0-9,0-9,4
جِفَف,jaffaf,jaffif,False,5,6,0-9,0-9,5
مُنْسَدِح,minsidi7,minsidi7,True,9,8,0-9,0-9,1
يزَحِّق,yiz7aq,yiz7aq,True,7,6,0-9,0-9,3
يَأْسَم,yis2am,yis2am,True,7,6,0-9,0-9,4
اِغْصَب,2ighsib,ghaasib,False,7,7,0-9,0-9,5
شَرَاشِيب,sharaashiib,sharaashiib,True,9,11,0-9,10-19,2
أَنُّو,2anuu,2anuu,True,6,5,0-9,0-9,5
جُلْبَانِة,djilbaane,jalbaane,False,10,9,10-19,0-9,2
شَارِب,shaarib,shaarib,True,6,7,0-9,0-9,1
يشُوط,yshuut,yshawwit,False,5,6,0-9,0-9,2
يِتْزَعَّم,yitmazza3,yitza33am,False,10,9,10-19,0-9,4
حَلِس,7ilis,7allis,False,5,5,0-9,0-9,5
يدَنْدِل,yshandil,ydandil,False,8,8,0-9,0-9,4
اِنْدَوِش,2indiwish,2indawash,False,9,9,0-9,0-9,3
عَلَي الطَّرْشَاق,3alayy 2itturshaaq,3alayy 2ittarshaaq,False,17,18,10-19,10-19,5
مِسْلُوق,msalwi2,masluuq,False,8,7,0-9,0-9,4
رَصِّيف,rsiif,rsiif,True,7,5,0-9,0-9,4
اِنْشُق,2inshaqq,2unshuq,False,7,8,0-9,0-9,3
يتْسَطَّر,yitsattar,yitsattar,True,9,9,0-9,0-9,2
خَطِيت بِتْرَقَك,khatiiti braqibtak,khatiiti braqibtak,True,16,18,10-19,10-19,1
زَوَد,zawwid,zawwad,False,5,6,0-9,0-9,5
تَشَلُّح,tshalla7,tshalla7,True,8,8,0-9,0-9,3
زُقُومِة,zquume,zquume,True,8,6,0-9,0-9,2
كَوْلِة,tshuule,koole,False,7,7,0-9,0-9,3
اِسْتِجِدّ,2istajidd,2istajadd,False,10,9,10-19,0-9,5
مُتَدَرَوش,middarwish,middarwish,True,10,10,10-19,10-19,3
دَرَابْلِي,darabiil,daraabiil,False,10,8,10-19,0-9,5
نْشُوف وِجِه رَبْنَا,nshuuf wijih rabnaa,nshuuf wijih rabnaa,True,20,19,20-29,10-19,3
تَبَرْبَج,tbarbadj,tbarbadj,True,9,8,0-9,0-9,5
شَمْحُوط,sham7uut,sham7uut,True,8,8,0-9,0-9,1
زَهْزِه,zahzih,zahzah,False,7,6,0-9,0-9,2
رَاحة الصَّوب,raa7it 2issabuu7,raa7it 2issabuu7,True,13,16,10-19,10-19,2
يهَذْرِم,hadhrim,yhadhrim,False,8,7,0-9,0-9,1
عَسْقِد,3asqkid,3asqkid,True,7,7,0-9,0-9,1
فَرَز,farraz,farriz,False,5,6,0-9,0-9,2
يَلْعُوق,yla3wiq,yla3wiq,True,8,7,0-9,0-9,4
ذِوق,dawwaq,dawwiq,False,4,6,0-9,0-9,5
جِفَاصَة,jafaasa,jafaase,False,8,7,0-9,0-9,4
حَامِل مَحِمّ,7aamil m7ammal,7aamil m7amm,False,13,14,10-19,10-19,4
قْدَام,qdaam,quddaam,False,6,5,0-9,0-9,1
مِلِم,mulimm,malam,False,5,6,0-9,0-9,4
أُنْحُف,2an7af,2an7af,True,7,6,0-9,0-9,3
اِنْفَلَج,2infalaj,2infilij,False,9,8,0-9,0-9,3
عِتِل,3atal,3attil,False,5,5,0-9,0-9,4
عَالمَظَْْاهِر,3almazaahir,3almazaahir,True,14,11,10-19,10-19,2
كُهْرَبَاء,kahrabaa2,kahrabaa2,True,10,9,10-19,0-9,3
سَفِّح,safi7,saffi7,False,6,5,0-9,0-9,3
خْوَيف,khawwiif,khawwiif,True,6,8,0-9,0-9,2
سُخْطَة تِسْخَطَك,sakhta tiskhatak,sakhta tiskhatak,True,17,16,10-19,10-19,3
اِتْكَشَّف,2iktashaf,2itkashshaf,False,10,9,10-19,0-9,4
تقِرْقِع,tqarqa3,tqarqa3tkarka3,False,8,7,0-9,0-9,4
يِنْجَدّ,yinjid,yinjid,True,8,6,0-9,0-9,1
مْخَمُّود,makhmuud,makhmuud,True,9,8,0-9,0-9,3
يِنِرْفِع,yinrifi3,yinrifi3,True,9,8,0-9,0-9,2
طَعِّج,ta3aj,ta33aj,False,6,5,0-9,0-9,3
تْعَالَج,t3aalaj,t3aalaj,True,8,7,0-9,0-9,2
تَهْمِيد,tamhiid,tahmiid,False,8,7,0-9,0-9,5
بَوَش,bawwash,bawwash,True,5,7,0-9,0-9,5
قروَا ولَاد يعبد ولَا يجعلهم مَا قرَا,qaruu wlaad ya3bad willa yidj3alhum maa qaruu,qaruu wlaad ya3bad willa yidj3alhum qaruu,False,37,45,30-39,40-49,2
تَسَهْسِيل,tashiil,tashiil,True,10,7,10-19,0-9,4
شَرْبُوح المَاقَة,sharbuu7 2ilmiqiikthaa,sharbuu7 2ilmaqime,False,17,22,10-19,20-29,5
اِسْتَصْعِب,2istas3ab,2istas3ab,True,11,9,10-19,0-9,4
يِرْوِس,yrawwis,yrawwis,True,7,7,0-9,0-9,3
يتْكَالَب,yitkaalab,yitkaalab,True,9,9,0-9,0-9,2
اِفْلِت,2iflit,2iflit,True,7,6,0-9,0-9,2
وِجْهُه مخطوف,wijho makhtuuf,wijho makhtuuf,True,13,14,10-19,10-19,2
سِخِي,sikhi,sikhi,True,5,5,0-9,0-9,2
يفَرْفِرّ,yfarfir,yfarfir,True,9,7,0-9,0-9,5
شِرْشِر,sharshir,sharshir,True,7,8,0-9,0-9,5
طَشِّش,tashshash,tashshash,True,6,9,0-9,0-9,2
يِرْوِب,yrawwib,yrawwib,True,7,7,0-9,0-9,3
يِجْعَر,yij3ar,yij3ar,True,7,6,0-9,0-9,3
يِطْشِط,ytashtish,ytashshit,False,7,9,0-9,0-9,3
يِتوَسَّط,yitwassat,yitwassat,True,9,9,0-9,0-9,2
وَزِّم,wazzam,wazzim,False,6,6,0-9,0-9,2
اِنْتَعّ,2inta3,2inta3,True,8,6,0-9,0-9,2
تْطَقَسّط,2ittaqqas,2ittaqqas,True,9,9,0-9,0-9,5
قَرَد,qardin,qarrid,False,5,6,0-9,0-9,4
تْمَعَّط,tma33at,tma33at,True,8,7,0-9,0-9,1
زَنَقَة,zanqa,zanqa,True,7,5,0-9,0-9,5
رَسْمت عليه,rasmat 3alee,rasmat 3alee,True,11,12,10-19,10-19,1
جَاهَ,jaah,jaah,True,5,4,0-9,0-9,5
صَفِّر,saffar,saffir,False,6,6,0-9,0-9,2
لَتْوِق,latuuqa3,latwaq,False,7,8,0-9,0-9,3
نَبَّالِي,nbaali,nabaali,False,9,6,0-9,0-9,2
دَمْلِج,dimlij,dimlij,True,7,6,0-9,0-9,1
فَيَض,fiid,fiid,True,5,4,0-9,0-9,5
نَعْبَل,na3bal,na3bil,False,7,6,0-9,0-9,1
دُغْشي,daghshi,daghshi,True,6,7,0-9,0-9,3
يكَحِّى,yik7a,yik7a,True,7,5,0-9,0-9,2
اِتْسَخْطَخ,2itsakhkhat,2itsakhkhat,True,11,11,10-19,10-19,5
جَعَّب,ju3ab,ja33ab,False,6,5,0-9,0-9,3
مْكَاغَاة,mkaaghaa,mkaaghaa,True,9,8,0-9,0-9,1
مَطِر,mattir,mattar,False,5,6,0-9,0-9,4
خَيتَا,khayta,khayta,True,6,6,0-9,0-9,1
مُسْتَقْبِل,mustaqbal,mustaqbil,False,11,9,10-19,0-9,2
مَطَاعِيم,mataa3iim,mataa3iim,True,9,9,0-9,0-9,1
اِنْخِطِب,2inkhitib,2inkhatab,False,9,9,0-9,0-9,4
اِيبَس,2iibas,2iibas,True,6,6,0-9,0-9,1
يحَاشِر,y7aashir,y7aashir,True,7,8,0-9,0-9,1
أَتْسِيس,ta2siis,ta2siis,True,8,7,0-9,0-9,3
لَمِّة,lamme,lamme,True,6,5,0-9,0-9,1
جَير,jiir,jayyir,False,4,4,0-9,0-9,4
تْبَلْبَع,tbilbi3,tbilbi3,True,9,7,0-9,0-9,1
حَدَاء,7adaa2,7adaa2,True,6,6,0-9,0-9,1
يُورِث,yuuras,ywarris,False,6,6,0-9,0-9,5
اُنْسَخ,2insakh,2insakh,True,7,7,0-9,0-9,5
يِتْوَحَّد,yitwa77ad,yitwa77ad,True,10,9,10-19,0-9,1
جَلْوَة,jalwe,jalwe,True,7,5,0-9,0-9,5
مِلْتَوِح,miltiwi7,miltiwi7,True,9,8,0-9,0-9,4
زَوَّر,ziwir,zawwar,False,6,5,0-9,0-9,1
شِيخ القبَلِيِّة,sheekh 2ilqabiile,sheekh 2ilqabiile,True,16,17,10-19,10-19,5
مُرُج,marj,marraj,False,5,4,0-9,0-9,5
لِسِع,lasa3,lassi3,False,5,5,0-9,0-9,2
شِجِر النُّورَة,shajarit 2innuur,shajar 2innuura,False,15,16,10-19,10-19,4
فَصْوِل,fsuul,fsuul,True,7,5,0-9,0-9,2
يكَايِد,ykaayid,ykaayid,True,7,7,0-9,0-9,1
كُحُوش,ka7wish,ka7wash,False,6,7,0-9,0-9,4
وَرِي,warri,warri,True,5,5,0-9,0-9,3
تَدَهْوَر,2iddahwar,2iddahwar,True,9,9,0-9,0-9,5
يِنِمْغِج,yinmighidj,yinmighidj,True,9,10,0-9,10-19,3
دَاقين ببعض زي الكلَاب الصعرَانة,daaqqiin biba3ad mitil 2iliklaab 2issa3raane,daaqqiin biba3ad mitil 2iliklaab 2issa3raane,True,32,44,30-39,40-49,2
يُوقِف,ywaqqif,yuuqaf,False,6,7,0-9,0-9,3
جَنّ,jann,jann,True,4,4,0-9,0-9,1
بِقّ,baqq,buqq,False,4,4,0-9,0-9,3
اِنْدِي,naadi,2indi,False,7,5,0-9,0-9,2
نَفَّش,nafash,naffish,False,6,6,0-9,0-9,2
اُصْمُت,2ismut,2ismut,True,7,6,0-9,0-9,1
مَاعِنْدُه ذِقِن مشطَّة,maa3indo diqin 2immashshatta,maa3indo diqin 2immashshatta,True,23,28,20-29,20-29,4
مُفَكَّر,mfakkir,mfakkir,True,8,7,0-9,0-9,4
أَكَل بحَالُه,2akal b7aalo,2akal b7aalo,True,13,12,10-19,10-19,3
اِحْسَد,2i7sid,2i7sid,True,7,6,0-9,0-9,5
مُخّ,mukhkh,mukhkh,True,4,6,0-9,0-9,2
اِتْقَرَّم,2itqarram,2itraqqam,False,10,9,10-19,0-9,1
القِيل وَالقَّال,2ilqiil wilqaal,2ilqiil wilqaal,True,16,15,10-19,10-19,2
مُعْشَرَانِي,mi3sharaani,mu3asharaani,False,12,11,10-19,10-19,5
يِضْطَهَد,yittahid,yittahid,True,9,8,0-9,0-9,3
خَرْبَط,kharbat,kharbit,False,7,7,0-9,0-9,1
أَفَّخ,2afkh,2afkh,True,6,5,0-9,0-9,1
يِخْسِر,yikhsar,yikhsar,True,7,7,0-9,0-9,5
مُخَالِف,mkhaalif,makhaalif,False,8,8,0-9,0-9,5
قَدِّد,qkgaddid,qkgaddad,False,6,8,0-9,0-9,2
مْعَنْفَص,m3anfis,m3anfis,True,9,7,0-9,0-9,2
مْعِيشِة,ma3iishe,m3ayyashe,False,8,8,0-9,0-9,2
اِنْخُع,2inkha3,2inkha3,True,7,7,0-9,0-9,4
فَودْسَا,foodaas,foodaas,True,8,7,0-9,0-9,2
تَوَرُّط,twarrat,twarrat,True,8,7,0-9,0-9,2
مْزَيِّف,muzayyaf,muzayyaf,True,8,8,0-9,0-9,1
وَخْري,wakhri,wakhri,True,6,6,0-9,0-9,5
طِبِل,tabbil,tabbil,True,5,6,0-9,0-9,5
تَخْيَل,tkhayyil,tkhayyal,False,7,8,0-9,0-9,4
مُتَسَلْبِط,mitsalbit,mitsalbit,True,11,9,10-19,0-9,4
بَوَارِيك,bawaariik,bawaariik,True,9,9,0-9,0-9,1
شِقْفِة,shaqafe,shaqfe,False,7,7,0-9,0-9,5
سَقِّع,siqki3,saqqkka3,False,6,6,0-9,0-9,1
أَنْسَال,2ansaal,2ansaal,True,8,7,0-9,0-9,1
تَلَذ,tlazzaz,tlazzaz,True,5,7,0-9,0-9,3
كَنَبَّايِة,kanabaaye,kanabaaye,True,11,9,10-19,0-9,5
اِنْخَشِم,2inkhashim,2inkhasham,False,9,10,0-9,10-19,5
مْحَتِّل,mu7tall,mu7tall,True,8,7,0-9,0-9,1
تْرَافَع,traafa3,traafa3,True,8,7,0-9,0-9,1
يكَسِّد,yiksid,ykassid,False,7,6,0-9,0-9,5
صْلَاع,sal3a,salaa3,False,6,5,0-9,0-9,4
فَحَت,fa77at,fa77it,False,5,6,0-9,0-9,1
طولهَا وعرضهَا حد,tuulha wu3ardha waa7ad,tuulha wu3ardha waa7ad,True,17,22,10-19,20-29,3
يتْسَخَّف,yitsakhkhaf,yitsakhkhaf,True,9,11,0-9,10-19,2
تَعَّاسِة,ta3aase,ta3aase,True,9,7,0-9,0-9,2
أُصَاب,2asaab,2asaab,True,6,6,0-9,0-9,3
اِصْهَر,saahir,2ishar,False,7,6,0-9,0-9,3
آخُر,2aakhir,2aakhir,True,4,7,0-9,0-9,3
تِبَاحَث,tbaa7as,tbaa7as,True,8,7,0-9,0-9,5
فَحِّم,fa77am,fa77im,False,6,6,0-9,0-9,3
يِسْيَب,ysiib,ysiib,True,7,5,0-9,0-9,5
نُقُر,naqkraz,naqqar,False,5,7,0-9,0-9,5
اِنْجَرَف,2injirif,2injaraf,False,9,8,0-9,0-9,2
يصَوِّم,ysawwim,ysuum,False,7,7,0-9,0-9,1
بَوِّم,bawwam,bawwam,True,6,6,0-9,0-9,2
دَلْعِب,dal3ab,dal3ib,False,7,6,0-9,0-9,2
شِبِك,shabbik,shabbik,True,5,7,0-9,0-9,4
تَعْقِيبَة,ta3qiibe,ta3qiibe,True,10,8,10-19,0-9,3
يزَلِّق,yzalliq,yuzluq,False,7,7,0-9,0-9,5
تْبَعَّط,tba33at,tba33at,True,8,7,0-9,0-9,1
تَمَخْتَر,tmakhtar,tmakhtar,True,9,8,0-9,0-9,2
كُوَى,kawa,kawa,True,5,4,0-9,0-9,4
حَنْص,7annis,7annas,False,5,6,0-9,0-9,5
ذَبِيحَة,dbii7a,dbii7a,True,8,6,0-9,0-9,3
مِسْمُوم,masmuum,masmuum,True,8,7,0-9,0-9,4
اِتْحَرْقَص,2it7arqas,2it7arqas,True,11,9,10-19,0-9,2
يِتْمَغْدَر,yitmardagh,yitmardagh,True,11,10,10-19,10-19,3
مَقَاوِير,maq2aawiir,maq2aawiir,True,9,10,0-9,10-19,1
يِدْكُون,ydookin,ydookin,True,8,7,0-9,0-9,4
يِضْبُط,yizbat,yidbut,False,7,6,0-9,0-9,2
بَنَص,bannis,bannas,False,5,6,0-9,0-9,5
يرَخِّص,yrakhkhis,yrakhkhis,True,7,9,0-9,0-9,1
مَرِّص,maras,marris,False,6,5,0-9,0-9,4
اِنْدِمَاج,2indimaaj,2indimaaj,True,10,9,10-19,0-9,2
شِلِح,shili7,shalli7,False,5,6,0-9,0-9,4
اِنِمْرِع,2inmara3,2inmiri3,False,9,8,0-9,0-9,5
مْشَايِ,mashshaay,mashshaay,True,7,9,0-9,0-9,4
تَقَاطيُع,taqaatii3,taqaatii3,True,9,9,0-9,0-9,5
ذِكِر,dhakar,zakkar,False,5,6,0-9,0-9,4
كْفَاح,kifaa7,kuffaa7,False,6,6,0-9,0-9,2
يِنْهِرِي,yinhiri,yinhiri,True,9,7,0-9,0-9,1
اِتْسَلَع,2itsalla3,2itsalla3,True,9,9,0-9,0-9,4
تَلَزُّق,tlazzaq,tlazzaq,True,8,7,0-9,0-9,2
ضِرَّة,durra,durra,True,6,5,0-9,0-9,3
اِبْتِهِل,2ibtahal,2ibtahal,True,9,8,0-9,0-9,1
لَتْوَق,latuuqa3,latwaq,False,7,8,0-9,0-9,1
فَرَك,farik,farak,False,5,5,0-9,0-9,1
قُبُر,qabbar,qabbar,True,5,6,0-9,0-9,4
مِنْفَعَة,manfa3a,manfa3a,True,9,7,0-9,0-9,2
مُرْتَبِة,martabe,martabe,True,9,7,0-9,0-9,4
اِبْتِدَائِي,2ibtidaa2i,2ibtidaa2i,True,12,10,10-19,10-19,1
أَشْجَار,2ashjaar2asjaar,2ashjaar2asjaar,True,8,15,0-9,10-19,1
مُغَبَّش,mghabbish,mghabbish,True,8,9,0-9,0-9,5
يِتْسَنَّخ,yitsakhkhan,yitsakhkhan,True,10,11,10-19,10-19,1
مْتَانِة,mataane,mtaane,False,8,7,0-9,0-9,2
بَاهِر,baahir,baahir,True,6,6,0-9,0-9,1
اِتْنَايَط,2itnaayat,2itnaayat,True,10,9,10-19,0-9,1
يِنْغُم,yinghamm,yinghamm,True,7,8,0-9,0-9,5
أَغْلَق,2aghlaq,2aghlaq,True,7,7,0-9,0-9,1
اِتَّنَج,2itjannan,2itjannan,True,8,9,0-9,0-9,5
تْوَغْوَش,twaghwash,twaghwash,True,9,9,0-9,0-9,1
مْعَبَّر,ma3bar,m3abbar,False,8,6,0-9,0-9,2
يمَتْحِن,yimta7in,yimti7in,False,8,8,0-9,0-9,4
يتْشَمْطَط,yitshamtat,yitshamtat,True,10,10,10-19,10-19,4
يِنْفَصِم,yinfisim,yinfisim,True,9,8,0-9,0-9,5
مْشَلْوِل,mashluul,mashluul,True,9,8,0-9,0-9,2
مُدْبَلَج,mdablaj,mdablij,False,9,7,0-9,0-9,5
اِنْفُذ,2infaz,2unfud,False,7,6,0-9,0-9,2
يِتْمَشْوَر,yitmashwar,yitmashwar,True,11,10,10-19,10-19,1
يتَجَوُّل,yitjawwal,yitjawwal,True,9,9,0-9,0-9,3
بِرْد العَجُوز,bard 2il3ajuuz,bard 2il3ajuuz,True,14,14,10-19,10-19,3
يَهِتّ,yhitt,yhitt,True,6,5,0-9,0-9,4
شُقُر,sha22ar,sha22ar,True,5,7,0-9,0-9,4
على أُمّ,3ala 2umm,3ala 2umm,True,8,9,0-9,0-9,5
طِبِّيب,tabiib,tabiib,True,7,6,0-9,0-9,5
قَعْقَش,qa3qishka3kish,qa3qashka3kash,False,7,14,0-9,10-19,1
يِسْتَوْهِن,yistahwin,yistahwin,True,11,9,10-19,0-9,5
يتْكَتَّل,yitkattal,yitkattal,True,9,9,0-9,0-9,3
مْحَمْرَق,m7amriqk,m7amriqk,True,9,8,0-9,0-9,3
قُنَّادِر,qkanaadir,qkanaadir,True,9,9,0-9,0-9,3
بَارى,baara,baara,True,5,5,0-9,0-9,3
يَحِمّ,y7imm,y7imm,True,6,5,0-9,0-9,5
مُنْشَفِة,minshafe,minshafe,True,9,8,0-9,0-9,5
اِسْتِدْعَاء,2istid3aa2,2istid3aa2,True,12,10,10-19,10-19,1
زُقْرُق,zaqriq,zaqriq,True,7,6,0-9,0-9,3
مَصِّل,masil,massal,False,6,5,0-9,0-9,4
مَوَح,moo7,moo7,True,5,4,0-9,0-9,5
يُغْنَى,yighna,yighna,True,7,6,0-9,0-9,5
اِسْتِوْي,2istawi,2istawi,True,9,7,0-9,0-9,5
وَارَث,waarith,waaris,False,6,7,0-9,0-9,4
طِبِل,tabil,tabbil,False,5,5,0-9,0-9,5
مِسْتَكْثَر,mistaktir,mistaktar,False,11,9,10-19,0-9,4
حِزَّيط,7aziit,7aziit,True,7,6,0-9,0-9,5
يتآكِل,yit2aakal,yit2aakal,True,6,9,0-9,0-9,4
فَاقَس,faaqis,faaqis,True,6,6,0-9,0-9,2
قَفْوَلِة,qfuule,qfuule,True,9,6,0-9,0-9,4
اَرْضَى,2irda,2irda,True,7,5,0-9,0-9,4
أُعْمُش,2a3mash,2a3mash,True,7,7,0-9,0-9,5
يْحَثِّي,yi7thi,yi7thi,True,8,6,0-9,0-9,4
تْوِرِط,twarrat,twarrat,True,7,7,0-9,0-9,3
بَسْبُوس,basbuus,basbuus,True,8,7,0-9,0-9,1
أُرْجُل,2argal,2argil,False,7,6,0-9,0-9,3
قَصَّد,qasid,qasad,False,6,5,0-9,0-9,3
حَبَاله طويلة,7baalo tawiile,7baalo twiile,False,13,14,10-19,10-19,3
مَلَافِظ,malaafiz,malaafiz,True,8,8,0-9,0-9,1
يِرْأَس,yir2as,yir2as,True,7,6,0-9,0-9,1
إِيده مَاسكة,2iido maaske,2iido maaske,True,12,12,10-19,10-19,1
يِدْبُع,yidba3,ydabbi3,False,7,6,0-9,0-9,5
تْقِمِط,tqammat,tqammat,True,7,7,0-9,0-9,4
يتْأَبْلَس,yit2ablas,yit2ablas,True,10,9,10-19,0-9,2
زَيَّد,ziid,ziid,True,6,4,0-9,0-9,3
تَنْقُود,tniqwid,tniqwid,True,8,7,0-9,0-9,2
يِعْمَم,y3ammim,y3ammim,True,7,7,0-9,0-9,3
تَشَتُّتِي,tashtiit,tashtiit,True,10,8,10-19,0-9,4
نَغِش,nighish,naghghish,False,5,7,0-9,0-9,4
يِتَبَقْرَن,yitbaqran,yitbaqran,True,11,9,10-19,0-9,3
أَسَير,2asiir,2asiir,True,6,6,0-9,0-9,5
جُهُورَة,djhuura,jhuura,False,8,7,0-9,0-9,3
اِتْقِيح,2itqayyi7,2itqayyi7,True,8,9,0-9,0-9,5
يِتْرَطَّب,yitrattab,yitrattab,True,10,9,10-19,0-9,1
نَظَّف,nidif,naddif,False,6,5,0-9,0-9,2
عِبِين,3abeen,3abeen,True,6,6,0-9,0-9,3
يِتْرَبَّس,ytarbis,yitrabbas,False,10,7,10-19,0-9,1
يِتَعَاطَل,yit3aatal,yit3aatal,True,10,9,10-19,0-9,3
جُلَّال,jlaal,jlaal,True,7,5,0-9,0-9,5
اِتَرَهَّل,2itrahhal,2itrahhal,True,10,9,10-19,0-9,2
أيْوَا,2aywan,2aywa,False,6,6,0-9,0-9,3
نَسَم,nassam,nassim,False,5,6,0-9,0-9,1
حَرْقَان,7araqaan,7arqaan,False,8,8,0-9,0-9,5
اُرْهُن,2irhin,2irhin,True,7,6,0-9,0-9,3
تْصَادَم,tsaadam,tsaadam,True,8,7,0-9,0-9,2
يِتَفْتَف,yitfatfat,yitfatfat,True,9,9,0-9,0-9,5
نِفَاق,nifaaq,naffaaq,False,6,6,0-9,0-9,3
إِيده طَايلة,2iido taayle,2iido taayle,True,12,12,10-19,10-19,1
يِكْسَب من عَرَق جْبُه,yiksab min 3araq jbiino,yiksab min 3araq jbiino,True,22,23,20-29,20-29,4
يغَبْغِب,yghabghib,yghabghib,True,8,9,0-9,0-9,1
دُر,durr,durr,True,3,4,0-9,0-9,5
لَزَّم,lamiz,lazzam,False,6,5,0-9,0-9,2
مْحَلِّي,ma7alli,ma7alli,True,8,7,0-9,0-9,2
وِجْهُه مْرُود,wijho mwarrid,wijho mwarrid,True,14,13,10-19,10-19,5
مْسَاجِين,masaajiin,masaajiin,True,9,9,0-9,0-9,2
يِجْوَل,ydjuul,yjawwil,False,7,6,0-9,0-9,4
اِخْرُب,2ikhrab,2ikhrab,True,7,7,0-9,0-9,4
يغِفّ,yghiff,yghiff,True,5,6,0-9,0-9,1
يِتَعَلَّق,yit3allaq,yit3allaq,True,10,9,10-19,0-9,4
شْعُوط,sha3wat,sha3wit,False,6,7,0-9,0-9,3
لَبَّص,labbis,labbis,True,6,6,0-9,0-9,1
أَخْصَل,2akhlas,2akhlas,True,7,7,0-9,0-9,3
تْشَحْوَذ,tsha7wad,tsha7wad,True,9,8,0-9,0-9,1
عَكَّش,3akkash,3akkish,False,6,7,0-9,0-9,1
يحَرِّث,yu7ruth,yu7ruth,True,7,7,0-9,0-9,1
اِتْقِيد,2itqayyad,2itqayyad,True,8,9,0-9,0-9,4
اِمْلِص,2umlus,2umlus,True,7,6,0-9,0-9,3
نُصْرَانِيِّة,nasraaniyye,nasraaniyye,True,13,11,10-19,10-19,3
اِزْرِب,2uzrub,2uzrub,True,7,6,0-9,0-9,1
عُرُوض,3uruud,3uruud,True,6,6,0-9,0-9,1
يزَغِّط,yuzghut,yuzghut,True,7,7,0-9,0-9,4
فَرَح,firi7,farri7,False,5,5,0-9,0-9,1
أُرْزَاق,2arzaaq,2arzaaq,True,8,7,0-9,0-9,3
قُلُط,qallit,qallit,True,5,6,0-9,0-9,4
هَرْجَل,hargal,hargil,False,7,6,0-9,0-9,1
مَجْرَح,mjarra7,mdjardji7,False,7,7,0-9,0-9,4
اِتَعَمُّم,2it3ammim,2it3ammam,False,10,9,10-19,0-9,5
مِتْلَهْوَج,mitlahwidj,mitlahwidj,True,11,10,10-19,10-19,3
زَرْكَش,zarkish,zarkash,False,7,7,0-9,0-9,1
مَمْتَن,mumtann,mumtann,True,7,7,0-9,0-9,2
اِسْتَشْهَادي,2istishhaadi,2istishhaadi,True,13,12,10-19,10-19,2
كْسَر رَاسُه,kassar raaso,kassar raaso,True,12,12,10-19,10-19,5
طُوبَرْجِيِّة,toobarjiyye,toobarjiyye,True,13,11,10-19,10-19,2
تَكَحُّل,tka77al,tka77al,True,8,7,0-9,0-9,2
قُبُض,qabbid,qabbid,True,5,6,0-9,0-9,5
دَبَق,dibiq,dabbiq,False,5,5,0-9,0-9,1
أَوْرَاد,2awraad,2awraad,True,8,7,0-9,0-9,1
أَهْلِي بَحْمِيِّة,2ahliyye bim7aliyye,2ahliyye bim7aliyye,True,18,19,10-19,10-19,3
طَفَر,tifir,taffir,False,5,5,0-9,0-9,3
طُلْقَة,tilqka,talqa,False,7,6,0-9,0-9,3
يُبْرُش,yibrush,yibrush,True,7,7,0-9,0-9,2
رِسِخ,rassikh,rassikh,True,5,7,0-9,0-9,4
جْاوَل,jaawil,jaawil,True,6,6,0-9,0-9,4
حَلو,7ilu,7ilu,True,4,4,0-9,0-9,3
تَوَسُّط,twassat,twassat,True,8,7,0-9,0-9,2
غَرْبَا,gharba,gharba,True,7,6,0-9,0-9,1
يطَمّ,ytumm,ytumm,True,5,5,0-9,0-9,3
جَازِئ,jaa2iz,jaa2iz,True,6,6,0-9,0-9,5
فَرِد,farrid,farrad,False,5,6,0-9,0-9,4
مَرْضُوف,marfuud,marduuf,False,8,7,0-9,0-9,5
بْرُوز,barwiz,barwaz,False,6,6,0-9,0-9,1
اِفْتِح,2ifta7,2ifta7,True,7,6,0-9,0-9,2
يِتْعَمْقَش,yit3amshaq,yit3amshaq,True,11,10,10-19,10-19,4
تَلَقُّحي,talqii7,talqii7,True,9,7,0-9,0-9,4
تَسَارُع,tasaaru3,tsaara3,False,8,8,0-9,0-9,4
مِحْرِمِة,ma7rame,ma7rame,True,9,7,0-9,0-9,2
كُلُف,kalaf,kallif,False,5,5,0-9,0-9,4
مْلَمِّس,malmas,malmas,True,8,6,0-9,0-9,3
قِدْحِيِّة,qad7iyye,qkud7iyye,False,10,8,10-19,0-9,4
يحَرِّش,y7arrish,yu7rush,False,7,8,0-9,0-9,1
يدَنِّس,ydannis,ydannis,True,7,7,0-9,0-9,1
بَعْبِص,ba3bas,ba3bas,True,7,6,0-9,0-9,3
مُعْتَرِس,m3atris,m3atris,True,9,7,0-9,0-9,4
دَوشِكَة,dooshka,dooshka,True,8,7,0-9,0-9,3
تَحَسْكُن,t7askan,t7askan,True,9,7,0-9,0-9,4
خُسِّة,khasse,khisse,False,6,6,0-9,0-9,3
يِجَعِّط,ydja33it,yidj3at,False,8,8,0-9,0-9,5
لَمِح,lama7,lammi7,False,5,5,0-9,0-9,5
يتَجَحُّش,yitja77ash,yitja77ash,True,9,10,0-9,10-19,5
موَاعِيد,mawaa3iid,mawaa3iid,True,8,9,0-9,0-9,3
يِخْتِتِم,yikhtitim,yikhtitim,True,9,9,0-9,0-9,1
اِسْتِعْطَال,2istitlaa3,2isti3taal,False,12,10,10-19,10-19,4
عَطَى,3ata,3ata,True,5,4,0-9,0-9,2
ذَاقِي,daayiq,daayiq,True,6,6,0-9,0-9,5
تْوَاحى,twaa7a,twaa7a,True,7,6,0-9,0-9,4
حَنْدُوقَة,7andaqooq,7anduuqa,False,10,9,10-19,0-9,4
دُحَرْجِيِّة,du7rudjiyye,du7rudjiyye,True,12,11,10-19,10-19,4
اِجْمِد,jaamid,2ijmid,False,7,6,0-9,0-9,3
طَنّة,tanne,tanne,True,5,5,0-9,0-9,5
يهيِّم,yhiim,yhiim,True,6,5,0-9,0-9,3
يهَوِّد,yahuud,yhawwid,False,7,6,0-9,0-9,1
تَحْت جَنَاح,ta7t jnaa7,ta7t jnaa7,True,12,10,10-19,10-19,5
طُبِّة,tubbe,tabbe,False,6,5,0-9,0-9,2
غَلَّق,ghallig,ghallig,True,6,7,0-9,0-9,2
اِتَنَاطَح,2itnaata7,2itnaata7,True,10,9,10-19,0-9,4
كَفَّت,kafat,kaffit,False,6,5,0-9,0-9,2
يِتَّهْتِه,ytahtih,yithattat,False,10,7,10-19,0-9,4
اِتْلَكَّك,2itlakkak,2itlakkak,True,10,9,10-19,0-9,1
إِحَرَام,2i7raam,2i7raam,True,8,7,0-9,0-9,3
شَاشّ,shaash,shaash,True,5,6,0-9,0-9,2
سُتُر,satar,sattir,False,5,5,0-9,0-9,5
هِد ورَامه,hadaru dammo,hadar waamaro,False,10,12,10-19,10-19,3
تْمَدَّن,tmaddan,tmaddan,True,8,7,0-9,0-9,1
مْغَلْوِب,maghluub,maghluub,True,9,8,0-9,0-9,2
هِدَّاة,hadaat,hadaat,True,7,6,0-9,0-9,4
تَدَبُّس,2iddabbas,2iddabbas,True,8,9,0-9,0-9,2
دَوَّاج,dawwaadj,dwaadj,False,7,8,0-9,0-9,1
تَهَبْوُق,thabwaqk,thabwaqk,True,9,8,0-9,0-9,3
يطَرِّش,yutrush,yitrashsh,False,7,7,0-9,0-9,3
يصَيِّح,ysayyi7,ysii7,False,7,7,0-9,0-9,2
يِتْلَامَس,yitlaamas,yitlaamas,True,10,9,10-19,0-9,1
تْبَاكِي,tabaaki,tabaaki,True,8,7,0-9,0-9,4
يِئِّس,yi2is,y2iss,False,6,5,0-9,0-9,4
اِشَلَح,2ishla7,2ishla7,True,7,7,0-9,0-9,4
يُقْرُر,yqarrir,yqarrir,True,7,7,0-9,0-9,3
حَشِّد,7ashad,7ashshid,False,6,6,0-9,0-9,3
سَطَّو,satu,satu,True,6,4,0-9,0-9,4
كَرْش,karsh,karsh,True,5,5,0-9,0-9,5
تْسَرَّق,tsarraq,tsarraq,True,8,7,0-9,0-9,1
حَفِّر,7ufar,7affir,False,6,5,0-9,0-9,2
مَهْمِط,mahmit,mahmat,False,7,6,0-9,0-9,2
خِلِص,khilis,khallis,False,5,6,0-9,0-9,5
مَبْنَط,mbannit,mbannit,True,7,7,0-9,0-9,3
اِخَمَع,2ikhma3,2ikhma3,True,7,7,0-9,0-9,5
تَسَكُّكِّيتِة,taskiite,taskiite,True,14,8,10-19,0-9,5
كُعْشِة,ka3she,ka3she,True,7,6,0-9,0-9,3
اِتْشَكَّر,2itshakkar,2itshakkar,True,10,10,10-19,10-19,2
اِنْلِخِم,2inlikhim,2inlakham,False,9,9,0-9,0-9,4
أَشِّين,2asheen,2asheen,True,7,7,0-9,0-9,4
شَلَن,shilin,shallin,False,5,6,0-9,0-9,1
تَصْوِيلِة,tawsiile,taswiile,False,10,8,10-19,0-9,2
تْثَقَف,tsaqqaf,tsaqqaf,True,7,7,0-9,0-9,4
قْارِق,qaariq,qaariq,True,6,6,0-9,0-9,3
تْفِرْفِد,tfarfad,tfarfad,True,9,7,0-9,0-9,3
يْبُوح,ybuu7,ybuu7,True,6,5,0-9,0-9,5
يِخْبِل,yikhbil,yikhbil,True,7,7,0-9,0-9,4
كَرَم,kirim,karrim,False,5,5,0-9,0-9,1
رَفْعَة,raf3a,raf3a,True,7,5,0-9,0-9,1
يشَهِّر,yshahhir,yshahhir,True,7,8,0-9,0-9,1
اِتْمِزْلِط,2itmazlat,2itmazlat,True,11,9,10-19,0-9,4
اِلْتَحِق,2ilta7aq,2ilti7iq,False,9,8,0-9,0-9,3
تَعَطُّر,t3attar,t3attar,True,8,7,0-9,0-9,2
ذَاكِرَة سَمكِة,zaakirit samake,zaakirat samake,False,15,15,10-19,10-19,1
يخُصّ,ykhuss,ykhuss,True,5,6,0-9,0-9,1
اِنْسِكِن,2insakan,2insakan,True,9,8,0-9,0-9,2
طُرْطُوشِة,tartuushe,tartuushe,True,10,9,10-19,0-9,5
اِهْبَي,2ihbi,2ihbi,True,7,5,0-9,0-9,5
الشَّارْدِة وَالوَارْدِة,2ishshaarde wilwaarde,2ishshaarde wilwaarde,True,24,21,20-29,20-29,1
مُهْمِز,mahmiz,mahmiz,True,7,6,0-9,0-9,5
بِرَابِيش,baraabiish,baraabiish,True,9,10,0-9,10-19,3
هْمَالِة,hamaale,hamaale,True,8,7,0-9,0-9,3
تَوَحُّد,tawa77ud,twa77ad,False,8,8,0-9,0-9,2
قَرِص,qaris,qarris,False,5,5,0-9,0-9,4
يحَيْرِن,y7ayrin,y7ayrin,True,8,7,0-9,0-9,1
شَخِّل,shakhal,shakhal,True,6,7,0-9,0-9,3
اِتوَصَّف,2itwassaf,2itsawwaf,False,9,9,0-9,0-9,3
تَيَّار هُوَا,tayyaar hawa,tayyaar hawa,True,13,12,10-19,10-19,5
هِا,ha,haa,False,3,2,0-9,0-9,2
اِنْتِهَبَا,2intibaah,2intibaah,True,11,9,10-19,0-9,4
يكَتِّفِي,yiktafi,yiktafi,True,9,7,0-9,0-9,5
يقَرْمِع,yqkgarmi3,yqkgarmi3,True,8,9,0-9,0-9,2
اِنْفَقَس,2infaqas,2infiqis,False,9,8,0-9,0-9,3
فَصِيلِة,fasiile,fasiile,True,8,7,0-9,0-9,1
يهَذْمِر,yhadhrim,yhadhmir,False,8,8,0-9,0-9,3
مْعيَّط,m3ayyit,m3ayyit,True,7,7,0-9,0-9,2
دَنِّي,danii2,danni,False,6,6,0-9,0-9,4
زُكِّي,zakki,zakki,True,6,5,0-9,0-9,5
تَعْرِيفِة,ta3riife,ta3riife,True,10,8,10-19,0-9,1
يُحْمُر,yi7marr,y7ammir,False,7,7,0-9,0-9,5
اِفْلِح,2ifla7,2ifla7,True,7,6,0-9,0-9,4
لِوزِة,looze,looze,True,6,5,0-9,0-9,5
حَبَّس,7abas,7abbis,False,6,5,0-9,0-9,1
غَارَّة,ghaara,ghaara,True,7,6,0-9,0-9,4
غَسَّل,ghassal,ghassil,False,6,7,0-9,0-9,2
طَيَّارَة,tayyaara,tayyaara,True,9,8,0-9,0-9,1
كَعْوَش,ka3wash,ka3wish,False,7,7,0-9,0-9,1
عُقَارِب,3aqaarib,3aqaarib,True,8,8,0-9,0-9,4
حَرَفِة,7irfe,7urfe,False,7,5,0-9,0-9,3
مِعْلَاط,mu3laat,mu3laat,True,8,7,0-9,0-9,3
مَبْكَر,mbakkir,mbakkir,True,7,7,0-9,0-9,5
هَتَّك,hattik,hattik,True,6,6,0-9,0-9,1
يُؤْلِم,y2allim,y2allim,True,7,7,0-9,0-9,2
دَخَّلني بدَهَاليز,dakhkhalni 2ibdahaaliiz,dakhkhalni 2ibdahaaliiz,True,18,23,10-19,20-29,1
ترتحي بمنحوسك لَا جيكي أنحس منه,tarti7i bman7uusik laa yijiiki 2an7as minno,tarti7i bman7uusik laa yijiiki 2an7as minno,True,31,43,30-39,40-49,4
مْرَفْوِض,marfuud,marfuud,True,9,7,0-9,0-9,2
اِتْثَبَت,2itsabbat,2itsabbat,True,9,9,0-9,0-9,3
شَحِّط,sha77at,sha77at,True,6,7,0-9,0-9,3
حَلَّف,7ilif,7allif,False,6,5,0-9,0-9,2
شَرْطَط,shartat,shartit,False,7,7,0-9,0-9,2
صُفَا,safa,safa,True,5,4,0-9,0-9,5
اِتْلَطْوَط,2itlawwat,2itlawwat,True,11,9,10-19,0-9,2
كل زيت وَانطح الحيط,kull zeet wu2inta7 2il7eet,kull zeet wu2inta7 2il7eet,True,19,26,10-19,20-29,1
سَين بحَالي,siibni b7aali,sayyan ba7aali,False,11,13,10-19,10-19,4
جَلَّس,jalas,jallis,False,6,5,0-9,0-9,2
يقيِّد,yqayyid,yqayyid,True,6,7,0-9,0-9,5
نَفَش,naffish,naffish,True,5,7,0-9,0-9,1
حَزّت بببَالي,7azzat bibaali,7azzat bibaali,True,13,14,10-19,10-19,2
عَكَّز,3akkiz,3akkaz,False,6,6,0-9,0-9,1
اِغْبِر,2ighbur,2ighbur,True,7,7,0-9,0-9,4
يُؤْخُر,y2akhkhir,y2akhkhir,True,7,9,0-9,0-9,2
مْؤَخِّر,mu2akhkhar,m2akhkhir,False,8,10,0-9,10-19,4
طَوَاس,twaas,twaas,True,6,5,0-9,0-9,1
يتْوَرَّط,yitwarrat,yitwarrat,True,9,9,0-9,0-9,3
تَيسِة عَاره,tiis 3aahre,tees 3aahre,False,12,11,10-19,10-19,5
قَدّ حَلْهَا,qadd 7aalo,qadd 7aalo,True,12,10,10-19,10-19,5
مْغَرَّفِة,maghrafe,maghrafe,True,10,8,10-19,0-9,2
عِكِر,3akkir,3akkar,False,5,6,0-9,0-9,5
اِتوَارَز,2itzaawar,2itzaawar,True,9,9,0-9,0-9,3
نَوَّاسِة,nawwaase,nawwaase,True,9,8,0-9,0-9,1
صَلَّاة,salaa,salaa,True,7,5,0-9,0-9,2
خَرْفَش,kharfash,kharfish,False,7,8,0-9,0-9,1
جَهِل,jahhal,jahhil,False,5,6,0-9,0-9,4
طَرِّم,taram,taram,True,6,5,0-9,0-9,3
تْشِنْخِر,tshankhar,tshankhar,True,9,9,0-9,0-9,3
يُطْزُع,yitza3,yitza3,True,7,6,0-9,0-9,3
دَلْبَح,dalba7,dalba7,True,7,6,0-9,0-9,1
تَشَكِّة,tshukka,tashakke,False,8,7,0-9,0-9,1
يِنْلَحَس,yinli7is,yinli7is,True,9,8,0-9,0-9,3
اِسْتَزْيَد,2istaziid,2istaziid,True,11,9,10-19,0-9,3
نَكَّل,nakkil,nakkil,True,6,6,0-9,0-9,2
ثُبُت,sabbit,sabbit,True,5,6,0-9,0-9,5
زي قَالمَع ضِيزُو,zayy qaadi ma3zuul,zay qaadi ma3zuul,False,17,18,10-19,10-19,1
غُرْقَان بَالدَّونِي,gharqaan biddyuun,gharqaan biddyuun,True,20,17,20-29,10-19,3
مْوَاسَرْجِيِّة,mawaasirjiyye,mawaasirjiyye,True,15,13,10-19,10-19,5
مْطُوِّة,matwa,matwa,True,8,5,0-9,0-9,5
يصَعْصِع,y3as3is,y3as3is,True,8,7,0-9,0-9,2
نْوَافِيخ,nawaafiikh,nawaafiikh,True,9,10,0-9,10-19,5
يِزْهِد,yizhad,yizhad,True,7,6,0-9,0-9,5
شَبِّك,shabbak,shabbik,False,6,7,0-9,0-9,1
غَمْرَة,ghamra,ghamra,True,7,6,0-9,0-9,2
عَالمَظَْْْاهِر,3almazaahir,3almazaahir,True,15,11,10-19,10-19,3
مُمْكِن,mumkin,mumkin,True,7,6,0-9,0-9,5
وَحْدَانِي,wa7daani,wa7daani,True,10,8,10-19,0-9,1
تِمْرِيج,tamarji,tamriij,False,8,7,0-9,0-9,5
فيِّل,fayyal,fayyal,True,5,6,0-9,0-9,5
اِلْتِهِب,2iltahab,2iltihib,False,9,8,0-9,0-9,1
مْطُول,mtawwil,mtawwil,True,6,7,0-9,0-9,5
فْرَاوِي,faraawi,faraawi,True,8,7,0-9,0-9,3
يِقْتَنَص,yiqtinis,yiqtinis,True,9,8,0-9,0-9,5
اِبْشَعّ,2ibsha33,2ibsha33,True,8,8,0-9,0-9,2
كُلَّاكِيل,kalaakiil,tshalaakiil,False,10,9,10-19,0-9,5
اِتَّشَاهَد,2itshaahad,2itshaahad,True,11,10,10-19,10-19,3
سَرْوَال,sirwaal,sirwaal,True,8,7,0-9,0-9,2
اِتْدَبَر,2iddabbar,2iddabbar,True,9,9,0-9,0-9,4
تْوَالِي,tawaalii,tawaali,False,8,8,0-9,0-9,4
بَحَزِة,ba7aze,ba7aze,True,7,6,0-9,0-9,1
يُنْطُق,ynattiq,ynattiq,True,7,7,0-9,0-9,1
يِتْخَافَل,yitkhaalaf,yitkhaalaf,True,10,10,10-19,10-19,3
قَلّ,qall,qill,False,4,4,0-9,0-9,1
سَكْتِم,saktam,saktam,True,7,6,0-9,0-9,3
أَجْنَاب,2ajbaan,2ajaanib,False,8,7,0-9,0-9,2
إِجت سَاعْتُه,2ijat saa3to,2ijat saa3to,True,13,12,10-19,10-19,2
اِلْعُن,2il3an,2il3an,True,7,6,0-9,0-9,5
رِشِق,rashaq,rashshaq,False,5,6,0-9,0-9,4
مقَرْقِد,mqarqid,mqarqid,True,8,7,0-9,0-9,3
يتْلَولَب,yitloolab,yitloolab,True,9,9,0-9,0-9,5
اِتْمَرَّيس,2itmaryas,2itmaryas,True,11,9,10-19,0-9,5
ضَيُّوف,dyuuf,dyuuf,True,7,5,0-9,0-9,2
قَعِّد,qku3ud,qa33ad,False,6,6,0-9,0-9,3
اِتْطَافَس,2ittaafas,2ittaafas,True,10,9,10-19,0-9,1
اِتْهَبَّر,2ithabbar,2ithabbar,True,10,9,10-19,0-9,1
اِتْحَصَّن,2it7assan,2it7annas,False,10,9,10-19,0-9,2
مِيسْوِر,maysuur,maysuur,True,8,7,0-9,0-9,4
بَرْبَر,barbir,barbar,False,7,6,0-9,0-9,2
لِاحِق,laa7aq,laa7iq,False,6,6,0-9,0-9,4
اِنْحِلِق,2in7iliq,2in7alaq,False,9,8,0-9,0-9,1
يُكْبُر,ykabbir,ykabbir,True,7,7,0-9,0-9,3
جُعُب,ju3ab,ja33ab,False,5,5,0-9,0-9,4
يَدَلْدِل,ydaldil,ydaldil,True,9,7,0-9,0-9,4
مْحَاتِج,mu7taaj,ma7aatij,False,8,7,0-9,0-9,5
يحَدِّد,y7addid,y7addid,True,7,7,0-9,0-9,2
يْبَعْبِص,yba3bis,yba3bis,True,9,7,0-9,0-9,2
تَنَقُّبي,tanqiib,tanqiib,True,9,7,0-9,0-9,3
عَابّ,3aab,3aab,True,5,4,0-9,0-9,2
يعَنِّي,y3ayyin,y3anni,False,7,7,0-9,0-9,4
يتْبَاكَى,yitbaaka,yitbaaka,True,9,8,0-9,0-9,2
بَرْص,burs,barras,False,5,4,0-9,0-9,5
يُنْزُل,ynazzil,yinzil,False,7,7,0-9,0-9,4
يَام,yaama,yaam,False,4,5,0-9,0-9,3
قِلّ قِيمْتُه,qal qiimto,qal qiimto,True,13,10,10-19,10-19,3
خِيم,khiyam,khayyam,False,4,6,0-9,0-9,4
يرَسِّب,yrassib,yirsub,False,7,7,0-9,0-9,1
مَوِّل,mool,mawwal,False,6,4,0-9,0-9,3
يِسْتَعْظَم,yista3dhim,yista3dhim,True,11,10,10-19,10-19,4
اِتْسَرَّق,2itsarraq,2itsarraq,True,10,9,10-19,0-9,1
اِنْذَاق,2indaaq,2indaaq,True,8,7,0-9,0-9,3
أَبو الحَمَار,2abu 2ili7maar,2abu 2ili7maar,True,13,14,10-19,10-19,3
غُرُق,ghiriq,gharriq,False,5,6,0-9,0-9,5
خِسِف عَلَيك البَاب,khasaf 3aleek 2ilbaab,khasaf 3aleek 2ilbaab,True,19,21,10-19,20-29,2
اِتْلَفْلَف,2itfalfal,2itlaflaf,False,11,9,10-19,0-9,3
اِلْتِزَام,2iltizaam,2iltizaam,True,10,9,10-19,0-9,2
أَيْلُون,2ayluun,2ayluun,True,8,7,0-9,0-9,2
تَفْلِت,tfallat,tfallat,True,7,7,0-9,0-9,2
البنت بتحلم بَالزَّفِّة وهي بَالفِّة,2ilbinit bti7lam bizzaffe wuhii billaffe,2ilbinit bti7lam bizzaffe wuhii billaffe,True,36,40,30-39,40-49,1
زُعْبُوبِة,za3buube,za3buube,True,10,8,10-19,0-9,3
مِكْرُوه,makruuh,makruuh,True,8,7,0-9,0-9,5
اِخْزِق,2ikhzuq,2ikhzuq,True,7,7,0-9,0-9,3
يكَرْكِر,ytshartshir,ykarkir,False,8,11,0-9,10-19,1
يَهَذْرِم,hadhrim,yhadhrim,False,9,7,0-9,0-9,5
كَيَاس,kyaas,kyaas,True,6,5,0-9,0-9,2
تَشَخُّصِي,tashkhiis,tashkhiis,True,10,9,10-19,0-9,4
شُوشَح,shooshi7,shooshi7,True,6,8,0-9,0-9,5
رْكَاب,rikaab,rikaab,True,6,6,0-9,0-9,5
جَصَّص,jassas,jassis,False,6,6,0-9,0-9,2
يتْكَتَّم,yitkattam,yitkattam,True,9,9,0-9,0-9,3
مِتْكَدَّر,mitkaddir,mitkaddir,True,10,9,10-19,0-9,4
وَطَّن,watan,wattan,False,6,5,0-9,0-9,1
يدَورِع,ydoo3ir,ydoori3,False,7,7,0-9,0-9,4
نَمَادِير,namaariid,namaadiir,False,9,9,0-9,0-9,2
قَدِّس,qaddas,q2kuds,False,6,6,0-9,0-9,3
رَفَس,raffas,raffis,False,5,6,0-9,0-9,2
قْرَاقِيم,qaraqiim,qaraqiimkarakiim,False,9,8,0-9,0-9,4
اِنْخَفَض,2inkhifid,2inkhafad,False,9,9,0-9,0-9,2
يَمّ,yamm,yamm,True,4,4,0-9,0-9,1
حُكْحِة,y7ak7ake,7ak7ake,False,7,8,0-9,0-9,3
يزَقِّف,yizaqqif,yizaqqif,True,7,8,0-9,0-9,2
مَقَاوِير,maq2aawiir,maq2aawiir,True,9,10,0-9,10-19,2
رَمَايِة بِلَا,rammaayit bala,rammaayit bala,True,14,14,10-19,10-19,5
تُهَدُّد,thaddad,thaddad,True,8,7,0-9,0-9,3
كُيكَحَة,keeka7e,keeka7e,True,8,7,0-9,0-9,4
جَائِز,jaa2iz,jaa2iz,True,6,6,0-9,0-9,1
يِشْغَاب,yshaaghib,yshaaghib,True,8,9,0-9,0-9,3
مَطِيز,mtayyiz,mtayyiz,True,6,7,0-9,0-9,3
لِيمون,laymuun,laymuun,True,6,7,0-9,0-9,5
مَوَجِة,mooje,mooje,True,7,5,0-9,0-9,5
يِسْتَقْوِي,yistaqwi,yistaqwi,True,11,8,10-19,0-9,1
لَولَب,loolib,loolab,False,6,6,0-9,0-9,1
دَيَّك,diik,dayyik,False,6,4,0-9,0-9,2
خُطْبِة الجُمْعَة,khutbit 2iljum3a,khutbit 2iljum3a,True,17,16,10-19,10-19,1
بَقَّر,baqqar,baqqir,False,6,6,0-9,0-9,4
لَازْمُه شَدّ بَارِي,laazmo shadd baraaghi,laazmo shadd baraayid,False,20,21,20-29,20-29,3
مْهَافَتَة,mhaafate,mhaafate,True,10,8,10-19,0-9,4
يِتْلَطَّف,yitlattaf,yitlattaf,True,10,9,10-19,0-9,1
أَوْلَانِي,2awwalaani,2awwalaani,True,10,10,10-19,10-19,2
تْخِوزِق,tkhoozaq,tkhoozaq,True,8,8,0-9,0-9,3
بْوَجَا,booja,booja,True,7,5,0-9,0-9,3
يْدَعْبِب,yda3bib,yda3bib,True,9,7,0-9,0-9,5
حِصِل,7asal,7assil,False,5,5,0-9,0-9,5
يُشْرُق,yishraq,yishriq,False,7,7,0-9,0-9,1
نَعَش,na3ash,na3ash,True,5,6,0-9,0-9,1
زَنَانْبِي,zanaaniib,zanaaniib,True,10,9,10-19,0-9,2
يِسَمِّع,ysammi3,yisma3,False,8,7,0-9,0-9,4
فَرَّح,firi7,farri7,False,6,5,0-9,0-9,2
نَشويَّات,nashawiyyaat,nashawiyyaat,True,9,12,0-9,10-19,3
أَكوَاخ,2akwaakh,2akwaakh,True,7,8,0-9,0-9,4
يعَثِّب,yi3bas,y3attib,False,7,6,0-9,0-9,1
هَرِّب,harrib,harrab,False,6,6,0-9,0-9,3
عَحَطِّة إِيدك,3a7attit 2iidak,3a7attit 2iidak,True,14,15,10-19,10-19,4
فَرِّين,freen,freen,True,7,5,0-9,0-9,2
هَضِّم,hamad,haddim,False,6,5,0-9,0-9,5
نَفِّذ,naffaz,naffid,False,6,6,0-9,0-9,3
صَار قَلْبِي بِين إِجْرَيّ,saar qalbi been 2ijrayy,saar qalbi been 2ijrayy,True,26,23,20-29,20-29,3
رِضْفِة,radafe,radafe,True,7,6,0-9,0-9,5
دْبَاسِة,dabbaase,dabbaase,True,8,8,0-9,0-9,2
زُنَانِيب,zanaaniib,zanaaniib,True,9,9,0-9,0-9,4
تَمَتُّع,tmatta3,tmatta3,True,8,7,0-9,0-9,4
جِبْدِة,jabde,jabde,True,7,5,0-9,0-9,3
قَلّ قِيمْتُه,qall qiimto,qal qiimto,False,13,11,10-19,10-19,5
بَرَجِة مرْقَاب,burj muraaqabe,burj muraaqabe,True,15,14,10-19,10-19,2
مِغْدَارَة,mughaadara,mughdaara,False,10,10,10-19,10-19,5
خَيخَة,khiikha,kheekha,False,6,7,0-9,0-9,1
نُخْبِة النُّخْبِة,nukhbit 2innukhbe,nukhbit 2innukhbe,True,18,17,10-19,10-19,2
خَدِّر,khaddir,khaddir,True,6,7,0-9,0-9,3
نَقَاش,niqaash,niqaash,True,6,7,0-9,0-9,3
يثَائِب,ysaa2ib,ysaa2ib,True,7,7,0-9,0-9,1
اِنْكِشِح,2inkishi7,2inkasha7,False,9,9,0-9,0-9,1
فِيد,feed,fiid,False,4,4,0-9,0-9,1
أَمْرَا,2umara,2amra,False,7,6,0-9,0-9,1
اِسْتِجْرَال,2istirjaal,2istirjaal,True,12,10,10-19,10-19,4
أَفُوكَادُو,2avukaato,2avukaato,True,11,9,10-19,0-9,1
مْرَيَّلِة,maryale,maryale,True,10,7,10-19,0-9,5
مَقْذِي,mqkadhdhi,mqkadhdhi,True,7,9,0-9,0-9,3
اِنْتَمِّي,2intami,2intami,True,10,7,10-19,0-9,5
يِتَخَوُّث,yitkhawwat,yitkhawwat,True,10,10,10-19,10-19,5
بيِقْبِى,bikba,bikba,True,8,5,0-9,0-9,5
اِنْدَبّ,2indub,2indabb,False,8,6,0-9,0-9,1
يعَرْقِل,y3arqil,y3arqil,True,8,7,0-9,0-9,1
دْمُوع التَّمَاسيح,dmuu3 2ittamaasii7,dmuu3 2ittamaasii7,True,18,18,10-19,10-19,5
يتْسَكَّت,yitsakkat,yitsakkat,True,9,9,0-9,0-9,3
اِنْقَهَر,2inqahar,2inqahar,True,9,8,0-9,0-9,2
شَبَابِش,shabaashib,shabaabish,False,8,10,0-9,10-19,2
طَعْمِة القَتْه,ta3maa qatle,ta3maa qatle,True,15,12,10-19,10-19,5
اِتْأَسّف,2it2assaf,2it2assaf,True,9,9,0-9,0-9,2
اِمْعِي,maa3i,2im3i,False,7,5,0-9,0-9,3
تقَرْطَس,tqartas,tqartas,True,8,7,0-9,0-9,4
اِسم الصَّلِيب,2ism 2issaliib,2isim 2issaliib,False,14,14,10-19,10-19,5
يِتْصَرْمَح,yitsarma7,yitsarma7,True,11,9,10-19,0-9,1
كَهْرِب,kahrab,kahrab,True,7,6,0-9,0-9,2
سَحَابِة,sa7aabe,sa7aabe,True,8,7,0-9,0-9,4
يِنْضِم,yindamm,yindamm,True,7,7,0-9,0-9,4
اِحْكَى,7aaka,2i7ka,False,7,5,0-9,0-9,5
يِلْبَح,ylabbi7,ylabbi7,True,7,7,0-9,0-9,2
كُلْسَات,kilsaat,kilsaat,True,8,7,0-9,0-9,3
مَنْغِص,mnaghghas,mnaghghis,False,7,9,0-9,0-9,4
يشَيِّذ,yshayyidh,yshiidh,False,7,9,0-9,0-9,1
دَرِج,darraj,darraj,True,5,6,0-9,0-9,5
مَجَال,majaal,majjaal,False,6,6,0-9,0-9,5
يُرْمُز,yirmuz,yrammiz,False,7,6,0-9,0-9,5
مَوْسُوس,mwaswas,mwaswas,True,8,7,0-9,0-9,1
طُقَع,tagga3,tagga3,True,5,6,0-9,0-9,5
اِدَّشَع,2idsha3,2idsha3,True,8,7,0-9,0-9,3
رَهَب,rahhib,rahhib,True,5,6,0-9,0-9,3
كَسْوَل,kasuul,kasuul,True,7,6,0-9,0-9,5
طلبوهَا تْعَزَّزت تركوهَا دَّمن,talabuuha t3azzazat tarakuuha tnaddamat,talabuuha t3azzazazat tarakuuha tnaddamat,False,31,39,30-39,30-39,3
اُؤْجَر,2u2jar,2u2jar,True,7,6,0-9,0-9,1
اِنْشَعِط,2inshi3it,2inshi3it,True,9,9,0-9,0-9,5
اِشْفِي,2ishfi,2ishfi,True,7,6,0-9,0-9,1
شْالِع,shaali3,shaali3,True,6,7,0-9,0-9,5
نَقَّط,naqqat,nuqat,False,6,6,0-9,0-9,1
يِنْصَحّ,yinsa7,ynassi7,False,8,6,0-9,0-9,4
كِيَان,kayaan,kayaan,True,6,6,0-9,0-9,5
اِسْمُر,2ismar,2ismarr,False,7,6,0-9,0-9,4
يِنْسِل,ynassil,ynassil,True,7,7,0-9,0-9,3
حِبِك,7abbik,7abbik,True,5,6,0-9,0-9,4
قَنْقِز,qanqazkankaz,qanqazkankaz,True,7,12,0-9,10-19,4
يِنْفَطَم,yinfitim,yinfitim,True,9,8,0-9,0-9,5
اِسْكُن,2uskun,2uskun,True,7,6,0-9,0-9,1
سَمِي,sammi,sammi,True,5,5,0-9,0-9,2
هِدَى,hadda,hadda,True,5,5,0-9,0-9,4
أَقْوَى,2aqwa,2aqwa,True,7,5,0-9,0-9,1
يِنْحَب,yin7ab,yin7abb,False,7,6,0-9,0-9,3
اُدْمُج,2idmij,2idmij,True,7,6,0-9,0-9,4
ح,7abb,7imm,False,1,4,0-9,0-9,5
كُئُن,ka2inn,ka2inn,True,5,6,0-9,0-9,4
فُرْصَة,fursa,fursa,True,7,5,0-9,0-9,5
بَس,bass,biss,False,3,4,0-9,0-9,4
كُرَادِيش,tsharadiish,tsharadiish,True,9,11,0-9,10-19,5
حَنَاجير,7anaadjiir,7anaadjiir,True,8,10,0-9,10-19,4
اِبْرَم,2ubrum,2ubrum,True,7,6,0-9,0-9,2
عِار,3aar,3aar,True,4,4,0-9,0-9,3
خِاف,khaaf,khaaf,True,4,5,0-9,0-9,3
دُودِة,duude,dawde,False,6,5,0-9,0-9,2
مُشَاهِير,mashaahiir,mashaahiir,True,9,10,0-9,10-19,3
مُؤَذَّن,mu2adhdhin,mu2adhdhin,True,8,10,0-9,10-19,4
يِتْزَحْزَح,yitza7za7,yitza7za7,True,11,9,10-19,0-9,1
يِنْشَد,yinshid,yinshadd,False,7,7,0-9,0-9,5
مُؤَقَّت,mu2aqqat,mu2aqqat,True,8,8,0-9,0-9,1
تْعَوَّق,t3awwaqat,t3awwaq,False,8,9,0-9,0-9,4
رُقْبِة,rguba,raqabe,False,7,5,0-9,0-9,1
شُوفَانيِّة,shuufaaniyye,shuufaaniyye,True,11,12,10-19,10-19,3
لُزُوع,lazwa3,lazwi3,False,6,6,0-9,0-9,3
اِنْلَحِش,2inla7ash,2inla7ash,True,9,9,0-9,0-9,4
كَلْسُون,kalsuun,kalsuun,True,8,7,0-9,0-9,4
كْنُوز,kunuuz,kannuuz,False,6,6,0-9,0-9,2
مُهَام,mahmaa,mahaam,False,6,6,0-9,0-9,4
تْبَرَد,tbarrad,tbarrad,True,7,7,0-9,0-9,3
يقَدِّر,yiqdar,yqaddir,False,7,6,0-9,0-9,1
بَحْرِي,ba7ri,ba7ri,True,7,5,0-9,0-9,2
طَّاطَا,taata,taata,True,7,5,0-9,0-9,3
ولَا حدَا دَارِي عمنه,wala 7ada daari 3anhum,wala 7ada daari 3anhum,True,21,22,20-29,20-29,3
يُجَاقِم,yjaaqim,yjaaqim,True,8,7,0-9,0-9,4
دَحَاجِير,da7aariidj,da7aadiir,False,9,10,0-9,10-19,5
قَر,qurr,qurr,True,3,4,0-9,0-9,4
سُكَّة,sikke,sakke,False,6,5,0-9,0-9,4
زَلَّامِيِّة,zallaamiyye,zallaamiyye,True,12,11,10-19,10-19,2
اُبْدَأ,2ibda2,2ibda2,True,7,6,0-9,0-9,5
تَجَدْدِيد,tajdiid,tajdiid,True,10,7,10-19,0-9,4
اِدْلَح,2idla7,2idla7,True,7,6,0-9,0-9,1
يْحَصِّل,yi7sal,yi7sil,False,8,6,0-9,0-9,5
عُقْصَة,3uqsa,3uqsa,True,7,5,0-9,0-9,1
غَارِش,ghaarish,ghaarish,True,6,8,0-9,0-9,1
صَيرَة,siira,siira,True,6,5,0-9,0-9,4
خَطْبِة الجَمْعَة,khutbit 2iljum3a,khutbit 2iljum3a,True,17,16,10-19,10-19,5
مُتَرَوك,matruuk,matruuk,True,8,7,0-9,0-9,5
اِنِكِش,2unkush,2inkish,False,7,7,0-9,0-9,5
بَعَّق,ba3aq,ba33iq,False,6,5,0-9,0-9,3
غَلِّي,ghalli,ghalli,True,6,6,0-9,0-9,3
كْوَفْيِة,kuufiyye,kuufiyye,True,9,8,0-9,0-9,5
رَبَّاني,rabbaani,rabbaani,True,8,8,0-9,0-9,3
نُشْوِة,nashwe,nashwe,True,7,6,0-9,0-9,2
هَمِش,hammash,hammash,True,5,7,0-9,0-9,4
مُفْحَمِة,mif7ame,mif7ame,True,9,7,0-9,0-9,4
يِجْيِر,yjiir,yjayyir,False,7,5,0-9,0-9,5
كَرْخَانِة,karakhane,karakhane,True,10,9,10-19,0-9,5
بَالكْرَيك,bil kreek,bil kreek,True,10,9,10-19,0-9,1
بْطِيخَة,battiikha,battiikha,True,8,9,0-9,0-9,2
بَابُور الزِّيت,baabuur 2izzeet,baabuur 2izzeet,True,15,15,10-19,10-19,2
يِشْهِق,yishhaq,yishhaq,True,7,7,0-9,0-9,5
حَجِز,7ajaz,7ajaz,True,5,5,0-9,0-9,5
بدي مَا كَالتِّين,biddi 2iyyaak bkilimteen,biddi maa kkilyyiteen,False,17,24,10-19,20-29,2
فَتِّح,fatta7,fatti7,False,6,6,0-9,0-9,2
عِجِب,3ajjib,3ajjib,True,5,6,0-9,0-9,4
اِنْجَرَح,2injiri7,2injara7,False,9,8,0-9,0-9,2
كَافَأ,kaafa2,kaafa2,True,6,6,0-9,0-9,1
فُوتِة,foote,foote,True,6,5,0-9,0-9,4
نَهِق,nahhaq,nahhaq,True,5,6,0-9,0-9,4
اِنْكَتَم,2inkatam,2inkatam,True,9,8,0-9,0-9,2
كعك مخمر,mkhammar mkhammar,ka3ik mkhammar,False,8,17,0-9,10-19,2
اِتِّمْلَاح,2itmaala7,2itmaala7,True,11,9,10-19,0-9,5
مِكْيُود,makyuud,makyuud,True,8,7,0-9,0-9,4
حْزُورَة,7azzuura,7azzuura,True,8,8,0-9,0-9,1
وِجْهُه مثل المَايصِّة,wijho mitil 2issurmaaye,wijho mitil 2issurmaaye,True,22,23,20-29,20-29,1
تَبَارَى,tbaara,tbaara,True,8,6,0-9,0-9,2
تَهَرْرِيب,tahriib,tahriib,True,10,7,10-19,0-9,3
مِش مَعْظَط,mushut 3adim,mushut ma3dit,False,11,12,10-19,10-19,2
اِنْتِقَاد,2intiqaad,2intiqaad,True,10,9,10-19,0-9,1
مُمْنَتَّج,2immantaj,mumantaj,False,10,9,10-19,0-9,5
نَخْبِة النُّخْبِة,nukhbit 2innukhbe,nukhbit 2innukhbe,True,18,17,10-19,10-19,4
هَضْرِسِة,hadrase,hadrase,True,9,7,0-9,0-9,5
بِطَارِيِّة,battaariyya,battaariyye,False,11,11,10-19,10-19,5
حَرَّف,7arraf,7arrif,False,6,6,0-9,0-9,1
مُتَشَنِّج,mitshannij,mitshannij,True,10,10,10-19,10-19,3
سْتُودْيَو,studyoo,studyoo,True,10,7,10-19,0-9,1
رَاس العصوف,raas 2il3asfuur,raas 2il3asfuuf,False,11,15,10-19,10-19,4
عُزُوف,3uzuuf,3uzuuf,True,6,6,0-9,0-9,2
حَصِر,7asir,7asar,False,5,5,0-9,0-9,4
زُول,zuul,zawwal,False,4,4,0-9,0-9,2
أَقَنَّع,2aqna3,2aqna3,True,8,6,0-9,0-9,5
اِنْطِلَاق,2intilaaq,2intilaaq,True,10,9,10-19,0-9,1
رَبْرَب,rabrib,rabrab,False,7,6,0-9,0-9,2
نُرَّاز,narraaz,narraaz,True,7,7,0-9,0-9,5
وَقُّوف,wuquuf,wuquuf,True,7,6,0-9,0-9,5
تَهَنْدَز,thandaz,thandaz,True,9,7,0-9,0-9,3
اِغْتِرِب,2ightarab,2ightarab,True,9,9,0-9,0-9,1
على قَلْبُه أَحْلَى مِن العَس,3ala qalbo 2a7la min 2il3asal,3ala qalbo 2a7la min 2il3asal,True,29,29,20-29,20-29,4
يُسْكُن,ysakkin,ysakkin,True,7,7,0-9,0-9,5
تَوَج,tawwij,tawwij,True,5,6,0-9,0-9,4
زَبْرَوَاتي,zabrawaati,zabrawaati,True,11,10,10-19,10-19,4
مَخَابِرَات,mukhaabaraat,makhaabiraat,False,11,12,10-19,10-19,2
عُصْلُج,3aslaj,3aslij,False,7,6,0-9,0-9,5
حَايَس,7aayis,7aayis,True,6,6,0-9,0-9,3
تَدْقِيق لُغُو,tadqiiq lughawi,tadqiiq lughawi,True,14,15,10-19,10-19,5
أَرْحَام,2ar7aam,2ar7aam,True,8,7,0-9,0-9,1
اِتْسَعَّر,2itsa33ar,2itsarra3,False,10,9,10-19,0-9,2
سَيط,sayyat,sayyat,True,4,6,0-9,0-9,1
اِتْشَعَّط,2it3attash,2itsha33at,False,10,10,10-19,10-19,5
مُرَّة,marra,marra,True,6,5,0-9,0-9,4
البن بتَوَاس بعجه,2ilbanaat bsaba3 wujuuh,2ilbatin btibtisawaab 3ajha,False,17,23,10-19,20-29,4
بَقْرَج,baqkradj,baqkradj,True,7,8,0-9,0-9,1
قَرْطَم,qartam,qartam,True,7,6,0-9,0-9,1
يتْسَابَق,yitsaabaq,yitsaabaq,True,9,9,0-9,0-9,3
طَنْطَن,natnat,tantin,False,7,6,0-9,0-9,4
جِخِم,djakhkham,djakhkhim,False,5,9,0-9,0-9,5
عَجُول,3juul,3ajuul,False,6,5,0-9,0-9,1
شَلَع,shala3,shalli3,False,5,6,0-9,0-9,1
يخُوف,ykhawwif,ykhawwif,True,5,8,0-9,0-9,2
حَبْحَب,7ab7ab,7ab7ib,False,7,6,0-9,0-9,2
عِيلِة,3eele,3eele,True,6,5,0-9,0-9,1
فُكُح,fuku7,fakka7,False,5,5,0-9,0-9,5
قَنْقَز,qanqizkankiz,qanqazkankaz,False,7,12,0-9,10-19,1
يعَدّ,y3idd,y3idd,True,5,5,0-9,0-9,5
يُفْسُق,yifsuq,yifsuq,True,7,6,0-9,0-9,4
نَوَّاحِي,nawaa7i,nawaa7i,True,9,7,0-9,0-9,5
قُدَّيه,qaddee,qaddee,True,7,6,0-9,0-9,4
يُنْذُم,yinzamm,yinzamm,True,7,7,0-9,0-9,4
قْلِيل,qaliil,qaliil,True,6,6,0-9,0-9,4
اِحوِي,2i7wi,2i7wi,True,6,5,0-9,0-9,2
وَكَبَرَة,wakbara,wakbara,True,9,7,0-9,0-9,3
ينَحِّف,yin7af,yin7aff,False,7,6,0-9,0-9,2
حْدَاء,7adaa2,7adaa2,True,6,6,0-9,0-9,4
اِنْتَهِز,2intihiz,2intahaz,False,9,8,0-9,0-9,5
يِحْزَق,yi7zaq,y7azziq,False,7,6,0-9,0-9,4
تْأُنَّق,t2annaq,t2annaq,True,8,7,0-9,0-9,4
اِحْتَوي,2i7tiwi,2i7tiwi,True,8,7,0-9,0-9,4
يزَرِّم,yizram,yizram,True,7,6,0-9,0-9,2
اُنْقُع,2inqa3,2inqa3,True,7,6,0-9,0-9,2
يبَرِّد,yibrad,ybarrid,False,7,6,0-9,0-9,1
خُبَّيزِة,khubbeeze,khubbeeze,True,9,9,0-9,0-9,1
يسَبِّع,ysabbi3,ysabbi3,True,7,7,0-9,0-9,2
اِتْرَبَّص,2itrabbas,2itrabbas,True,10,9,10-19,0-9,1
هَاطَل,haalit,haalit,True,6,6,0-9,0-9,5
بَابَّا,baaba,baaba,True,7,5,0-9,0-9,2
تَحَفِّة,tu7fe,tu7fe,True,8,5,0-9,0-9,2
أَكَلِت رَعْبِة,2akalit ra3be,2akalit ra3be,True,15,13,10-19,10-19,2
بَعْلوُص,ba3luus,ba3luus,True,8,7,0-9,0-9,3
يُبْصُب,ybasbis,ybasbis,True,7,7,0-9,0-9,5
يِرَاضِي,yraadi,yraadi,True,8,6,0-9,0-9,3
تْفِقِه,tfaqqah,tfaqqah,True,7,7,0-9,0-9,3
يِفْضَح,yifda7,yfaddi7,False,7,6,0-9,0-9,1
عَمَل,3imil,3ammil,False,5,5,0-9,0-9,3
اِتِّقْدِي,2itqayyad,2itqayyad,True,10,9,10-19,0-9,5
نَقَّى,naqqa,naqa,False,6,5,0-9,0-9,2
يُلْطُف,ylattif,yultuf,False,7,7,0-9,0-9,3
وِحِل,wa77il,wa77il,True,5,6,0-9,0-9,3
اِنْفِتِل,2infatal,2infitil,False,9,8,0-9,0-9,3
يِتْشَبَّب,yitshabshab,yitshabbab,False,10,11,10-19,10-19,3
لَيَن,liin,layyin,False,5,4,0-9,0-9,5
مَا صَدِّقِت عَلَاه,maa saddaqit 3a2alla,maa saddaqit 3a2alla,True,19,20,10-19,20-29,5
يقَورِط,yqarwit,yqoorit,False,7,7,0-9,0-9,2
زَعَق,3azaqk,za33aqk,False,5,6,0-9,0-9,3
حَيِّد,7iid,7ayyid,False,6,4,0-9,0-9,1
اِصْبَر,saabir,2usbur,False,7,6,0-9,0-9,5
يِتوَافَد,yitwaafad,yitwaafad,True,9,9,0-9,0-9,2
يِكْفِف,ykaffif,ykaffif,True,7,7,0-9,0-9,2
ذَكَر,zakkar,zakkar,True,5,6,0-9,0-9,3
مَهْمِطَة,mahmata,mahmata,True,9,7,0-9,0-9,5
لِجَان,ljaan,ljaan,True,6,5,0-9,0-9,2
حَنِّن,7annan,7an7an,False,6,6,0-9,0-9,1
جَائْزِة,jaa2iza,jaa2iza,True,8,7,0-9,0-9,3
اِشْرَم,2ushrum,2ushrum,True,7,7,0-9,0-9,3
قَنْص,qanas,qans,False,5,5,0-9,0-9,5
تَشَفُّط,tshaffat,tshaffat,True,8,8,0-9,0-9,2
يُقْنُع,yqanni3,yiqna3,False,7,7,0-9,0-9,3
دَفِيع,daffii3,daffii3,True,6,7,0-9,0-9,2
طَاطْي,taati,taati,True,6,5,0-9,0-9,4
أَشْرِك,2ashrak,2ashrak,True,7,7,0-9,0-9,4
يسَفِّر,ysaffir,ysaffir,True,7,7,0-9,0-9,2
سَاقِي,2isqi,saaqi,False,6,5,0-9,0-9,4
صَدِّف,sadaf,sadaf,True,6,5,0-9,0-9,3
اِعْـتَقَد,2i3taqid,2i3taqad,False,10,8,10-19,0-9,5
اِسْتَطْلَع,2istatli3,2istatli3,True,11,9,10-19,0-9,2
يِنْطَقّ,yuntuq,ynattiq,False,8,6,0-9,0-9,2
قَلْقَل,qalqil,qalqil,True,7,6,0-9,0-9,2
عَود,3awwad,3awwid,False,4,6,0-9,0-9,4
سِحْسِل,sa7sil,sa7sal,False,7,6,0-9,0-9,5
تُرْحُم,tra77am,tra77am,True,7,7,0-9,0-9,5
اُنْظُر,naadhar,2unzur,False,7,7,0-9,0-9,3
مُهُوي,mhawwi,mhawwi,True,6,6,0-9,0-9,3
مْشَرْتِح,msharti7,msharti7,True,9,8,0-9,0-9,1
شُحْبَّار,shu7baar,shu7baar,True,9,8,0-9,0-9,4
صَحَّن,sa7in,sa7an,False,6,5,0-9,0-9,1
حْيَطَان,7iitaan,7iitaan,True,8,7,0-9,0-9,5
صَعَب,sa33ib,sa33ab,False,5,6,0-9,0-9,1
سَلْطَة,salata,salata,True,7,6,0-9,0-9,4
شِيعْوِي,shiyuu3i,shiyuu3i,True,8,8,0-9,0-9,3
اِوْعَد,2uu3id,2uu3id,True,7,6,0-9,0-9,4
خُبِز رِخُو,khubiz rikhuu,khubiz rikhuu,True,11,13,10-19,10-19,1
عِجِن,3ajjin,3ajjan,False,5,6,0-9,0-9,4
دَيرُوه,diiruu,deeruu,False,7,6,0-9,0-9,2
اِتْحَجَّب,2it7ajjab,2it7ajjab,True,10,9,10-19,0-9,1
عِلْهَاو,3alawwaa,3alhawa,False,8,8,0-9,0-9,5
دِوَاحِيس,dawaa7iis,dawaa7iis,True,9,9,0-9,0-9,5
حُمُوضَة,7muuda,7muuda,True,8,6,0-9,0-9,4
تُشَاوَف,tshaawaf,tshaawaf,True,8,8,0-9,0-9,5
حَضَانِة,7addaane,7addaane,True,8,8,0-9,0-9,2
خَضَار,khudaar,khudaar,True,6,7,0-9,0-9,2
ينَكْشِف,yinikshif,yinikshif,True,8,9,0-9,0-9,5
قَهْرِي,qahri,qahri,True,7,5,0-9,0-9,1
سِبِع ولَا ضَبِع,sabi3 walla dabi3,sabi3 walla dabi3,True,16,17,10-19,10-19,3
كَرَانِيب,karaaniib,karaaniib,True,9,9,0-9,0-9,1
يِسْتَحْمَر,yista7mir,yista7mir,True,11,9,10-19,0-9,3
مَعْجَق,m3ajjaqa,m3ajjaqa,True,7,8,0-9,0-9,5
زِير نَسَاء,ziir nisaa2,ziir nisaa2,True,11,11,10-19,10-19,5
اِكْبِس,2ikbis,2ikbis,True,7,6,0-9,0-9,1
مَخَاصِيم,makhaasiim,makhaasiim,True,9,10,0-9,10-19,1
خَاطَئ,khaati2,khaati2,True,6,7,0-9,0-9,2
يحَرِّض,y7arrid,y7arrid,True,7,7,0-9,0-9,1
بِنِي,bunni,banni,False,5,5,0-9,0-9,4
شِفّ,shaff,shiff,False,4,5,0-9,0-9,2
اِسْتَحْلَاة,2isti7aale,2isti7aale,True,12,10,10-19,10-19,4
سَخَمّ ولَطَم,sakhkham wulattam,sakhkham wulattam,True,13,17,10-19,10-19,5
تْجِمْهِر,tjamhar,tjamhar,True,9,7,0-9,0-9,2
يِتْصَنَّر,yitnassar,yitnassar,True,10,9,10-19,0-9,3
اِهْلَك,2ihlik,2ihlik,True,7,6,0-9,0-9,3
تَرْتَح,tarti7,tarti7,True,7,6,0-9,0-9,2
فَشْفِش,fashfash,fashfash,True,7,8,0-9,0-9,2
اِسْتَيْسِر,2istaysir,2istaysar,False,11,9,10-19,0-9,2
لُطُخ,lattakh,lattikh,False,5,7,0-9,0-9,5
زَحْمَان,za7maan,za7maan,True,8,7,0-9,0-9,4
اِشْرُوط,shaaruut,2ishruut,False,8,8,0-9,0-9,3
مُسْتَاهِل,mistaahil,mustaahil,False,10,9,10-19,0-9,1
يكَيِّش,ykayyish,ykayyish,True,7,8,0-9,0-9,1
تَلَقْوَط,tla2wat,tla2wat,True,9,7,0-9,0-9,2
مِلِح,mili7,malla7,False,5,5,0-9,0-9,3
كلب مَا دق الكوز الجَرَّة,kull maa daqq 2ilkuuz biljarra,kulb maa daqq 2ilkuuz 2iljarrra,False,25,30,20-29,30-39,3
يِغْلَث,yghallith,yghallith,True,7,9,0-9,0-9,3
كَيَّل,kayyil,kayyil,True,6,6,0-9,0-9,2
أَرْصِدِة,2arside,2arside,True,9,7,0-9,0-9,2
حِلْتِم,7altam,7altam,True,7,6,0-9,0-9,3
سُخْطَة,sakhata,sakhta,False,7,7,0-9,0-9,3
عُلُب,3ilab,3allib,False,5,5,0-9,0-9,5
هِمْشَرِيِّة,hamshariyye,hamshariyye,True,12,11,10-19,10-19,5
زَغَب,zughub,zaghab,False,5,6,0-9,0-9,1
مَعْنِص,m3ansil,m3annis,False,7,7,0-9,0-9,5
دَوبَح,doobi7,doobi7,True,6,6,0-9,0-9,1
مِتْجَذْمِر,mitdjardhim,mitdjadhmir,False,11,11,10-19,10-19,5
قَوَل,qawwil,qawwil,True,5,6,0-9,0-9,5
سَمَّعني حِيك,samma3ni 7aki,samma3ni 7aki,True,13,13,10-19,10-19,5
سُخَفَاء,sukhafaa2,sukhafaa2,True,8,9,0-9,0-9,1
يِنِتْحِل,yinti7il,yinti7il,True,9,8,0-9,0-9,4
سَخَّر,sakhkhir,sakhkhir,True,6,8,0-9,0-9,1
مَسَاكِن,masaakin,masaakin,True,8,8,0-9,0-9,2
طَبِّيب,tabiib,tabiib,True,7,6,0-9,0-9,3
تَبَخُّن,tbakhkhan,tbakhkhan,True,8,9,0-9,0-9,3
غُنَج,ghanaj,ghannaj,False,5,6,0-9,0-9,5
تِين,tiin,tayyin,False,4,4,0-9,0-9,3
دِرَاوِيش,darawiish,darawiish,True,9,9,0-9,0-9,2
جَيوَش,jyuush,jyuush,True,6,6,0-9,0-9,4
ينَوعِد,yinwi3id,yinwi3id,True,7,8,0-9,0-9,3
عَوَض,3awwid,3awwad,False,5,6,0-9,0-9,5
قَذِّف,qazif,qazaf,False,6,5,0-9,0-9,4
عَودِة,3oode,3oode,True,6,5,0-9,0-9,1
سَوَالِيف طَرْمَا,sawaaliif tarma,sawaaliif tarma,True,17,15,10-19,10-19,2
صَنْعَة,san3a,san3a,True,7,5,0-9,0-9,1
بَنِي,binni,banni,False,5,5,0-9,0-9,3
تَطْنِيز,tatniiz,tatniiz,True,8,7,0-9,0-9,1
إِصْفِر,2isfar,2isfar,True,7,6,0-9,0-9,2
زِهِب,zahhib,zahhib,True,5,6,0-9,0-9,5
جَعْلَصَة,ja3lase,ja3lasa,False,9,7,0-9,0-9,1
شَارِب من عَلَك,shaarib min kull nabi3,shaarib min kull nabi3,True,15,22,10-19,20-29,1
تْحَرَّي,ta7arri,ta7arri,True,8,7,0-9,0-9,3
مْكَهْرَب,mkahrab,mkahrab,True,9,7,0-9,0-9,2
يِتْعَلَّم,yit3allam,yit3allam,True,10,9,10-19,0-9,1
يْلَيِّن,ylayyin,ylayyin,True,8,7,0-9,0-9,4
عُبْلَاطَة,3a blata,3ablaata,False,10,8,10-19,0-9,4
تَعَقُّبي,ta3qiib,ta3qiib,True,9,7,0-9,0-9,3
قَرْقَد,qarqad,qarqid,False,7,6,0-9,0-9,1
قَرْقُوعَة,qarquu3akarkuu3a,qarquu3akarkuu3a,True,10,16,10-19,10-19,2
جَغْلِفِة,jaghlafe,jaghlafe,True,9,8,0-9,0-9,5
لَهُوج,lahwidj,lahwadj,False,6,7,0-9,0-9,5
اِزْمَط,2izmut,2uzmut,False,7,6,0-9,0-9,3
تَعْشَى,t3ashsha,t3ashsha,True,7,8,0-9,0-9,3
قَامْثِة الغَرَّب,qaamat 2ilghathbara,qaamat 2ilghathbar,False,17,19,10-19,10-19,5
يْبَدِّل,ybaddil,ybaddil,True,8,7,0-9,0-9,4
اِشْتَكى,2ishtaka,2ishtaka,True,8,8,0-9,0-9,3
تَنَهُّد,tnahhad,tnahhad,True,8,7,0-9,0-9,2
يِنْحَر,yin7ar,yin7ar,True,7,6,0-9,0-9,3
جُدَّال,jidaal,jaddaal,False,7,6,0-9,0-9,5
هَضِم,hadam,haddim,False,5,5,0-9,0-9,4
يحَلِّل حَومْسُه,y7al7il wisthum,y7al7il wismhuum,False,16,15,10-19,10-19,3
يِزْحَف,yiz7af,yiz7af,True,7,6,0-9,0-9,1
مَرْشَد,murshid,murshid,True,7,7,0-9,0-9,3
فَحِّر,fa7ar,fa7ar,True,6,5,0-9,0-9,3
بَقَالِيل,baqkaaliil,baqkaaliil,True,9,10,0-9,10-19,1
تْشَغَّل,tshaghghal,tshaghghal,True,8,10,0-9,10-19,1
حَبَاقِير,7abaariiq,7abaaqiir,False,9,9,0-9,0-9,3
مَضْرُوب بْحَجَرك,madruub b7ajar faadi,madruub b7ajar ka7an,False,17,20,10-19,20-29,2
فُرْسُومَان,farsamuuna,farsamuuna,True,11,10,10-19,10-19,3
جَلْجَل,jaljil,jaljal,False,7,6,0-9,0-9,1
جْمَيل,jamiil,jmiil,False,6,6,0-9,0-9,4
وَصَّف,wasif,wassif,False,6,5,0-9,0-9,2
يَضَع,yada3,ydi33,False,5,5,0-9,0-9,2
مُفَارِم,mafaarim,mafaarim,True,8,8,0-9,0-9,3
عَينُو,3yuun,3yuun,True,6,5,0-9,0-9,4
خَبْرَة,khibra,khabra,False,7,6,0-9,0-9,1
يِنْقُش,ynaqqish,yunqush,False,7,8,0-9,0-9,3
إِيدَك ومَاتَعْطِي,2iidak wumaa ta3ti,2iidak wumaa ta3ti,True,18,18,10-19,10-19,2
ضَبِع,dabbi3,dabi3,False,5,6,0-9,0-9,2
لَس,liss,liss,True,3,4,0-9,0-9,4
حَبْكِة القُصَّة,7abkit 2ilqissa,7abkit 2ilqissa,True,16,15,10-19,10-19,4
يتْزَنَّخ,yitzannakh,yitzannakh,True,9,10,0-9,10-19,2
يوَاجِي,ywaaji,ywaaji,True,7,6,0-9,0-9,1
تَخَّ,takhkh,takhkh,True,5,6,0-9,0-9,5
طلبت روحه المرحة,talbat roo7o 2irra7me,talbat roo7o 2irra7me,True,16,21,10-19,20-29,4
هَيُّوتُو,hayyuutu,hayyuutu,True,9,8,0-9,0-9,1
عَرِّس,3urus,3arris,False,6,5,0-9,0-9,3
قَتِّل,qattil,qattal,False,6,6,0-9,0-9,2
مْسَتْلِف,mistalif,mistalif,True,9,8,0-9,0-9,4
يِتْفَبْرَك,yitfarka7,yitfabrak,False,11,9,10-19,0-9,5
قَابُل,qaabil,qaabil,True,6,6,0-9,0-9,5
يسَفْلِق,ysafliq,ysafliq,True,8,7,0-9,0-9,1
يِشْرَح,ysharri7,ysharri7,True,7,8,0-9,0-9,4
سُقَع,saqqkki3,saqqkka3,False,5,8,0-9,0-9,5
يِجْوَع,yjuu3,yjawwi3,False,7,5,0-9,0-9,3
كْلَاب,klaab,klaab,True,6,5,0-9,0-9,1
يِسْتِدِلّ,yistadill,yistadill,True,10,9,10-19,0-9,2
سَفِق,safaq,saffaq,False,5,5,0-9,0-9,5
لْفَاع,lfaa3,lfaa3,True,6,5,0-9,0-9,1
يْوَسِّع,ywassi3,ywassi3,True,8,7,0-9,0-9,5
تَسَّع,tisi3,tassi3,False,6,5,0-9,0-9,2
تْرَأّس,tra22as,tra22as,True,7,7,0-9,0-9,5
بُعْبُل,ba3bil,ba3bal,False,7,6,0-9,0-9,5
قَرَر,qarrir,qarrir,True,5,6,0-9,0-9,3
زَقْلِة,zuqle,zuqle,True,7,5,0-9,0-9,2
اِنْدِبِش,2indibish,2indabash,False,9,9,0-9,0-9,4
ثُرَاء فَاح,tharaa2 faa7ish,tharaa2 faa7ish,True,11,15,10-19,10-19,5
يِتْفَرَّق,yitfarraq,yitfarraq,True,10,9,10-19,0-9,1
تْعَوَّد,t3awwad,t3awwad,True,8,7,0-9,0-9,1
عَسَّر,3isir,3assir,False,6,5,0-9,0-9,1
شَاوَي,shaawi,shaawi,True,6,6,0-9,0-9,3
مْنَحْوِل,mini7wil,min7iwil,False,9,8,0-9,0-9,4
خِير و بركة,kheer wubarake,kheer wubarake,True,11,14,10-19,10-19,3
شَطْوَط,shatwit,shatwat,False,7,7,0-9,0-9,1
يِنْدِب,yundub,yindabb,False,7,6,0-9,0-9,5
يوَاسي,ywaasi,ywaasi,True,6,6,0-9,0-9,5
مُبَرَّص,mbarris,mbarris,True,8,7,0-9,0-9,5
حَبِّة عَنِي,7abbit 3een,7abbit 3een,True,12,11,10-19,10-19,5
يطَوِّل,yitwal,ytawwil,False,7,6,0-9,0-9,1
تَجَدُّد,tjaddad,tjaddad,True,8,7,0-9,0-9,2
غَرِّيب,ghariib,ghariib,True,7,7,0-9,0-9,2
يِجْنِد,yjannid,yjannid,True,7,7,0-9,0-9,2
شَيِّخ,shiikh,sheekh,False,6,6,0-9,0-9,3
غِرَّة,ghurra,ghurra,True,6,6,0-9,0-9,3
تْعَاقَد,t3aaqad,t3aaqad,True,8,7,0-9,0-9,2
يِتْغَرْبَل,yitgharbal,yitgharbal,True,11,10,10-19,10-19,1
مْقَتِّب,mqattib,mqattib,True,8,7,0-9,0-9,1
بَلَّابِل,balaabil,balaabil,True,9,8,0-9,0-9,3
اِحْوِج,2i7wij,2i7wij,True,7,6,0-9,0-9,1
طَالَب,taalib,taalib,True,6,6,0-9,0-9,3
اِعْد,3aad,3aad,True,5,4,0-9,0-9,5
زُخّ,zikhkh,zikhkh,True,4,6,0-9,0-9,3
اِنفتحتله طَاقة القدر,2infata7atlo taaq2it 2ilq2adir,2infata7atlo taaq2it 2ilq2adir,True,21,30,20-29,30-39,1
يتْخَنْصَر,yitkhansar,yitkhansar,True,10,10,10-19,10-19,4
ينَرْبِط,yinribit,yinribit,True,8,8,0-9,0-9,5
يُكْسُب,yiksab,ykassib,False,7,6,0-9,0-9,4
نَايِم علي أَمِكْرِة,naayim 3a2akam leera,naayim 3a2akam leera,True,20,20,20-29,20-29,1
بِقْرِن,baqran,baqrin,False,7,6,0-9,0-9,5
سَفِّخ,safikh,safakh,False,6,6,0-9,0-9,2
تَايِه,taayih,taayih,True,6,6,0-9,0-9,1
يِتْفَحَّص,yitfa77as,yitfa77as,True,10,9,10-19,0-9,3
رَتْبِة,rutbe,rutbe,True,7,5,0-9,0-9,2
جَرْجَرَة,jarjara,jarjara,True,9,7,0-9,0-9,1
جِبِص,jabbas,jabbis,False,5,6,0-9,0-9,4
اِسْتَطْرَي,2istatra,2istatri,False,11,8,10-19,0-9,4
صِفْحَة,saf7a,saf7a,True,7,5,0-9,0-9,3
قُنَّينِة,kunniine,qanniine,False,9,8,0-9,0-9,4
مَصْفُول,mafsuul,mafsuul,True,8,7,0-9,0-9,2
اللِّي بْيِفْتَح بِلْهَا عَينْز بَلَيه,2illi bifta7 zambiilo kull 2innaas bit3abbi 3alee,2illi byifta7 zambiilo 3annee bilet,False,38,49,30-39,40-49,4
يجَلِّل,yjallil,yjallil,True,7,7,0-9,0-9,2
أَنَابْيَب,2anaabiib,2anaabiib,True,10,9,10-19,0-9,3
رَخِّيص,rkhiis,rkhiis,True,7,6,0-9,0-9,4
يِخْصِم,yikhsim,yikhsim,True,7,7,0-9,0-9,2
عَنَاد,3inaad,3inaad,True,6,6,0-9,0-9,1
يتْقَيَّح,yitqayyi7,yitqayyi7,True,9,9,0-9,0-9,4
هَلْبَح,halba7,halba7,True,7,6,0-9,0-9,2
اِنقَطَع نَفِيس,2inqata3 nafasi,2inqata3 nafasi,True,15,15,10-19,10-19,5
يِجْعِد,yja33id,yij3id,False,7,7,0-9,0-9,5
يَعِّس,y3iss,y3iss,True,6,5,0-9,0-9,5
نَحْنَاحِي,na7aanii7,na7aanii7,True,10,9,10-19,0-9,3
فَلِّل,fallal,fallal,True,6,6,0-9,0-9,2
دَبَسِيِّة,dibsiyye,dibsiyye,True,10,8,10-19,0-9,5
سَاعة الغَلْفِة,saa3it 2ilghafle,saa3it 2ilghalfe,False,15,16,10-19,10-19,5
مَخْضَر,mikhdarr,mukhaddar,False,7,8,0-9,0-9,1
فُش غُلُّه,fashsh ghullo,fashsh ghullo,True,10,13,10-19,10-19,5
يسَرِّب,ysarrib,yisrib,False,7,7,0-9,0-9,1
خَشْخَيشِة,khushkheeshe,khushkheeshe,True,10,12,10-19,10-19,5
إِرهَاب,2irhaab,2irhaab,True,7,7,0-9,0-9,2
رَكَّاكِة,rakaake,rakaake,True,9,7,0-9,0-9,1
ذْبِيحَة العَقِد,dbii7it 2il3aqid,dbii7it 2il3aqid,True,16,16,10-19,10-19,5
ثُرْثُر,sarsir,sarsar,False,7,6,0-9,0-9,4
يُصْرُف,yisrif,ysarrif,False,7,6,0-9,0-9,3
اِسْتَفْظَع,2istafdha3,2istafdhi3,False,11,10,10-19,10-19,3
مِش مَرَحَزِة,mish mi7irze,mish mi7irze,True,13,12,10-19,10-19,3
اُفْحُج,2if7aj,2if7aj,True,7,6,0-9,0-9,3
غُنْمِة,ghaname,ghaname,True,7,7,0-9,0-9,4
تَرَّح,tara7,tarri7,False,6,5,0-9,0-9,3
يتْوَضَّح,yitwadda7,yitwadda7,True,9,9,0-9,0-9,4
تَرَعْرَع,tra3ra3,tra3ra3,True,9,7,0-9,0-9,2
فَحَّص,fa7as,fa7as,True,6,5,0-9,0-9,2
اُسْلُب,2islib,2islib,True,7,6,0-9,0-9,4
مُبَطَّن,mbattan,mbattin,False,8,7,0-9,0-9,5
اِتْزَهْوَر,2itzarwaqk,2itzahwar,False,11,10,10-19,10-19,3
عَظْرِت,3adhrat,3adhrit,False,7,7,0-9,0-9,2
أَخْراص,2akhraas,2akhraas,True,7,8,0-9,0-9,4
اِنِفْعِص,2infi3is,2infi3is,True,9,8,0-9,0-9,5
تْخَارَج,tkhaaraj,tkhaaraj,True,8,8,0-9,0-9,2
يِتْدَشَّش,yiddashdash,yiddashshash,False,10,11,10-19,10-19,3
قَطَم,qattim,qattim,True,5,6,0-9,0-9,2
إِقْطَاعِي,2iqtaa3i,2iqtaa3i,True,10,8,10-19,0-9,1
مْحَرَّاث,mi7raath,mi7raath,True,9,8,0-9,0-9,4
سِكِت,sakkit,sakkat,False,5,6,0-9,0-9,5
يِسْتَنِج,yistanjid,yistanjir,False,9,9,0-9,0-9,5
لَازْمُه طَبِيق الغَر,laazmo taqq baraaghi,laazmo tabiiq laariiq,False,21,20,20-29,20-29,3
اِنْغَشّ,2inghashsh,2inghashsh,True,8,10,0-9,10-19,1
حَجِّل,7ajal,7ajjil,False,6,5,0-9,0-9,3
حَلِج,7alaj,7alaj,True,5,5,0-9,0-9,5
هَنِّي,hani,hanni,False,6,4,0-9,0-9,1
طَرِّق,turuq,tarriq,False,6,5,0-9,0-9,3
جَرْبَدَنِيِّة,djarabandiyye,jarbadiine,False,14,13,10-19,10-19,1
كَرَش,karrish,karrish,True,5,7,0-9,0-9,1
مُجَزِّز,mjazziz,mjazziz,True,8,7,0-9,0-9,4
وَلَايِة,wilaaye,wilaaye,True,8,7,0-9,0-9,1
اِسْتَخْلَف,2istakhlaf,2istakhlif,False,11,10,10-19,10-19,4
هُوِّي,hiwi,hawwi,False,6,4,0-9,0-9,4
لَوِّد,lawwad,lawwad,True,6,6,0-9,0-9,3
زَغْلَلَة,zaghlale,zaghlale,True,9,8,0-9,0-9,5
دْيَانِة,diyaane,diyaane,True,8,7,0-9,0-9,4
نَتِّج,nataj,nataj,True,6,5,0-9,0-9,3
جُرُن,jarin,jurun,False,5,5,0-9,0-9,4
رَوِّب,rawwab,rawwab,True,6,6,0-9,0-9,3
أَصْفَح,2afsa7,2afsa7,True,7,6,0-9,0-9,1
هَطِّل,hutul,hattil,False,6,5,0-9,0-9,3
تَذَكُّرَة,tazkara,tazkara,True,10,7,10-19,0-9,5
اِنْزَغّ,2inghazz,2inzaghgh,False,8,8,0-9,0-9,5
اِتْكَهْفَن,2itfakhan,2itkahfan,False,11,9,10-19,0-9,3
تْذَكَّر,tzdakkar,tzdakkar,True,8,8,0-9,0-9,1
يِتْلَتَّل,ytaltil,ytaltil,True,10,7,10-19,0-9,2
يَا هَادي,yaa haadi,yaa haadi,True,9,9,0-9,0-9,2
دُنُومِة,dnuume,dnuume,True,8,6,0-9,0-9,3
يْقَحِّش,yik7ash,yik7ash,True,8,7,0-9,0-9,5
تْفَهْنَم,tfahman,tfahman,True,9,7,0-9,0-9,4
يٍتْطَمَّن,yittamman,yittamman,True,10,9,10-19,0-9,5
يِنِعْجِن,yin3ijin,yin3ijin,True,9,8,0-9,0-9,4
بْزَاقَة,bzaaqa,bazzaaqa,False,8,6,0-9,0-9,2
أُمّ,2umm,2umm,True,4,4,0-9,0-9,2
تْأَفَّف,t2affaf,t2affaf,True,8,7,0-9,0-9,1
يِتْلَوبَّل,yitloolab,yitloolab,True,11,9,10-19,0-9,4
قَورِح,qoori7,qoori7,True,6,6,0-9,0-9,2
اِنْضَرَب,2indirib,2indarab,False,9,8,0-9,0-9,4
دَاقين بعض زي الكلَاب الصعرَانة,daaqqiin biba3ad mitil 2iliklaab 2issa3raane,daaqqiin biba3ad mitil 2iliklaab 2issa3raane,True,31,44,30-39,40-49,1
دَكُّوت,duktuur,dukuut,False,7,7,0-9,0-9,5
نَخّ,nikhkh,nakhkh,False,4,6,0-9,0-9,1
بْلُوعَة,balluu3a,balluu3a,True,8,8,0-9,0-9,2
رَسَم,rasam,rasam,True,5,5,0-9,0-9,1
اِطْعِج,2it3aj,2it3aj,True,7,6,0-9,0-9,3
مُوضَة,mooda,mooda,True,6,5,0-9,0-9,2
كُرُوتَنِة,kartuune,kartuune,True,10,8,10-19,0-9,5
يُوحَد,ywa77id,ywa77id,True,6,7,0-9,0-9,3
فَهَى,fahha,fahha,True,5,5,0-9,0-9,1
يِرْجَع,yrajji3,yirja3,False,7,7,0-9,0-9,1
نَعِّل,na3il,na33al,False,6,5,0-9,0-9,3
اِكْتِسِب,2iktisib,2iktisib,True,9,8,0-9,0-9,4
عُمّة,3amme,3imme,False,5,5,0-9,0-9,4
صَفَّح,safa7,fassa7,False,6,5,0-9,0-9,2
اِنْبَحِش,2inbi7ish,2inba7ash,False,9,9,0-9,0-9,4
هَون,hawwin,hawwin,True,4,6,0-9,0-9,3
نْصِيب,nasiib,nasiib,True,6,6,0-9,0-9,4
نِفِذ,naffiz,naffid,False,5,6,0-9,0-9,5
اِتْرَقَّوص,2itraqwas,2itraqwas,True,11,9,10-19,0-9,5
اِتْلِغْمَط,2itlaghmat,2itlaghmat,True,11,10,10-19,10-19,3
يِجْرُم,yjarrim,yijrim,False,7,7,0-9,0-9,3
تْلَوَّع,tlawwa3,tlawwa3,True,8,7,0-9,0-9,1
شَنَاغِل,shanaagkil,shanaagkil,True,8,10,0-9,10-19,2
مْعَاوِن,maa3uun,ma3aawin,False,8,7,0-9,0-9,4
ثَوب الحَق,toob 2il7aqq,thoob 2il7aqq,False,10,12,10-19,10-19,4
يْمَخْمِخ,ymakhmikh,ymakhmikh,True,9,9,0-9,0-9,4
يُمْسُخ,yimsakh,ymassikh,False,7,7,0-9,0-9,5
مِضْحَكِة,mad7ake,mad7ake,True,9,7,0-9,0-9,2
يِتْبَرْمَع,yitbar3am,yitbar3am,True,11,9,10-19,0-9,3
تَنَّاوُب,tnaawab,tnaawab,True,9,7,0-9,0-9,3
يغيِّظ,yghiiz,yghiiz,True,6,6,0-9,0-9,5
بِلِص,ballas,ballas,True,5,6,0-9,0-9,5
شَهْى,shahhi,shahha,False,5,6,0-9,0-9,4
قُرْمَدِي,qkarmiid,qkgarmiid,False,9,8,0-9,0-9,2
حِمِل,7ammal,7ammil,False,5,6,0-9,0-9,4
اِسْتَقْدَام,2istiqdaam,2istiqdaam,True,12,10,10-19,10-19,2
يُمْشِي,yimshi,ymashshi,False,7,6,0-9,0-9,3
اِتْحَورَم,2it7oomar,2it7oomar,True,10,9,10-19,0-9,2
يْبَارِك,ybaarik,ybaarik,True,8,7,0-9,0-9,2
مِلْخَامِي,malaakhiim,malaakhiim,True,10,10,10-19,10-19,5
شُلْفِة,shalfe,shalfe,True,7,6,0-9,0-9,4
أُنُث,2annis,2annis,True,5,6,0-9,0-9,5
اِسْتَجْمِر,2istajmar,2istajmir,False,11,9,10-19,0-9,4
غَير مَرْغُوف بْيه,gheer marghuub fii,gheer marghuub fii,True,18,18,10-19,10-19,5
تَرْيَض,trayyad,trayyad,True,7,7,0-9,0-9,2
يتَرَافُع,yitraafa3,yitraafa3,True,9,9,0-9,0-9,3
يْلَحِّق,yla77iq,yil7aq,False,8,7,0-9,0-9,5
هَلَّط,halat,halat,True,6,5,0-9,0-9,2
اِكْمُش,2ukmush,2ukmush,True,7,7,0-9,0-9,4
اُغْصُب,2ighsib,ghaasib,False,7,7,0-9,0-9,4
بْرَيمْسِر,briimus,breemus,False,10,7,10-19,0-9,4
مُمْرَق,2immarriq,2immarriq,True,7,9,0-9,0-9,5
اِقْدَم,2iqdam,2iqdam,True,7,6,0-9,0-9,1
ولَا بِيقْلِي ضَبِّة,wala byiqli beeda,wala biqli beeda,False,20,17,20-29,10-19,5
مْشَخْلَع,mshakhla3,mshakhla3,True,9,9,0-9,0-9,1
دَلَّس,dallas,dallis,False,6,6,0-9,0-9,3
هَمَجيِّة,hamajiyye,hamajiyye,True,9,9,0-9,0-9,2
يجِيب الدُبّ لكَرُمُّه,yjiib 2iddubb lakarmo,yjiib 2iddubb lakarmo,True,22,21,20-29,20-29,4
شِمَار,shmaar,shummaar,False,6,6,0-9,0-9,5
فَسَخ,fassakh,fassikh,False,5,7,0-9,0-9,1
سِتّ السَّتَّات,sitt 2issittaat,sitt 2issittaat,True,15,15,10-19,10-19,5
مُحَارِب,m7aarib,m7aarib,True,8,7,0-9,0-9,5
رَيَاح,2iriyaa7,ryaa7,False,6,8,0-9,0-9,4
تَبَلْلِيط,tabliit,tabliit,True,10,7,10-19,0-9,4
غَالِب,ghaalib,ghaalib,True,6,7,0-9,0-9,1
يشَبِّر,yshabbir,yshabbir,True,7,8,0-9,0-9,1
اِسْتَدِرّ,2istadirr,2istadirr,True,10,9,10-19,0-9,3
إِصْبَع,2isba3,2isba3,True,7,6,0-9,0-9,1
قُفَى,qafa,qafa,True,5,4,0-9,0-9,4
اِنْدَل,2indall,2indall,True,7,7,0-9,0-9,5
أَفْرَقَة,2afriqa,2afriqa,True,9,7,0-9,0-9,2
تْشَلَّيح,tashlii7,tashlii7,True,9,8,0-9,0-9,4
اِتَسَوُّس,2itsawwas,2itsawwas,True,10,9,10-19,0-9,4
تْنَصَر,tnassar,tnassar,True,7,7,0-9,0-9,4
اِتْمَاحَن,2itmaana7,2itmaana7,True,10,9,10-19,0-9,3
لَفِع,lufu3,laffi3,False,5,5,0-9,0-9,5
دَاعِر,daara3,daa3ir,False,6,6,0-9,0-9,4
فَقَع,faqqi3,faqqa3,False,5,6,0-9,0-9,1
حَامَل,7aamil,7aamil,True,6,6,0-9,0-9,4
ينَتْفِع,yintifi3,yintifi3,True,8,8,0-9,0-9,4
يطَغْرِش,yghatrish,ytaghrish,False,8,9,0-9,0-9,5
سُدُور,sduur,sduur,True,6,5,0-9,0-9,2
كُبْكَبِة,kabkabe,kabkabe,True,9,7,0-9,0-9,3
عَفَّش,3afash,3affish,False,6,6,0-9,0-9,2
مْمَصْعُوص,mam3uus,mam3uus,True,10,7,10-19,0-9,5
سَكْبِة,sakbe,sakbe,True,7,5,0-9,0-9,1
عَرْوِش,3ruush,3uruush,False,7,6,0-9,0-9,4
بَحِّر,ba77ar,ba77ir,False,6,6,0-9,0-9,4
نِشِيد,nashiid,nashiid,True,6,7,0-9,0-9,5
مُشْرِق,mashraqk,msharriq,False,7,8,0-9,0-9,5
تْغَمْيَس,taghmiis,taghmiis,True,9,8,0-9,0-9,4
يرَفِّع,yirfa3,yraffi3,False,7,6,0-9,0-9,2
ثَمِّة ورَاجِز,thamarit zawaaj,thamarit zawaaj,True,14,15,10-19,10-19,2
يْدَحْرِج,yda7rij,yda7rij,True,9,7,0-9,0-9,4
هَشّ,hashsh,hishsh,False,4,6,0-9,0-9,2
يٍتْكَتَّم,yitkattam,yitkattam,True,10,9,10-19,0-9,5
وِجْهُه مثل صَحْرَة من الصجدن,wijho mitil sa7in 2ilimjaddara,wijho mitil sa7in 2ilimjaddara,True,29,30,20-29,30-39,5
اِنْسِفِخ,2insifikh,2insafakh,False,9,9,0-9,0-9,2
صَوفِيّ,suufi,suufi,True,7,5,0-9,0-9,3
بَرِّق,barriq,barriq,True,6,6,0-9,0-9,1
غَطَاء,ghitaa2,ghitaa2,True,6,7,0-9,0-9,1
يتْلَوَّى,yitlawwa,yitlawwa,True,9,8,0-9,0-9,2
مُقْرِيِّة,muqkriyye,muqkriyye,True,10,9,10-19,0-9,2
سِرِح,siri7,sarri7,False,5,5,0-9,0-9,4
يِسْمِن,ysammin,yisman,False,7,7,0-9,0-9,4
شَفَق,shaffiq,shaffaq,False,5,7,0-9,0-9,1
مَهِن,mihan,muhin,False,5,5,0-9,0-9,2
مْنَسْنَس,mnasnis,mnasnis,True,9,7,0-9,0-9,2
أَقطِع رجل,2aqta3 rijil,2aqta3 rijil,True,10,12,10-19,10-19,3
مُسَرَّع,misri3,masri3,False,8,6,0-9,0-9,4
اِتْقَلَّب,2itqabbal,2itqallab,False,10,9,10-19,0-9,2
تَرْقَع,traqqa3,traqqa3,True,7,7,0-9,0-9,4
مْقَنْشِط,mqashnit,mqashnit,True,9,8,0-9,0-9,4
مَنْح,mina7,manna7,False,5,5,0-9,0-9,4
وِصِل,wassil,wassil,True,5,6,0-9,0-9,3
يدَقْلِج,ydaqlidj,ydaqlidj,True,8,8,0-9,0-9,1
بَهَر,bahhir,bahhir,True,5,6,0-9,0-9,1
يِنْهِبِد,yinhibid,yinhibid,True,9,8,0-9,0-9,1
بَخْبَخ,bakhbikh,bakhbikh,True,7,8,0-9,0-9,1
يِعْجِن,y3ajjin,y3ajjin,True,7,7,0-9,0-9,4
يضَطْهِد,yittahid,ytahdid,False,8,8,0-9,0-9,4
يفَرِّز,yifriz,yfarriz,False,7,6,0-9,0-9,1
حَزَاليط,7azaaliit,7azaaliit,True,8,9,0-9,0-9,5
اِتْسَحْسَل,2itsa7sal,2itsa7sal,True,11,9,10-19,0-9,1
يِكْتِل,ykattil,ykattil,True,7,7,0-9,0-9,3
انشَالله مَا بتِرْجَع إِلَّا عَخَشَبِة,2inshaalla maa btirja3 2illa 3akhashabe,2inshaalla maa btirja3 2illa 3akhashabe,True,38,39,30-39,30-39,4
مَشَاغِل,mashaaghil,mashaaghil,True,8,10,0-9,10-19,2
صَفَع,fusu3,fasa3,False,5,5,0-9,0-9,1
مْشَلِّع,mshalla3,mshalla3,True,8,8,0-9,0-9,2
وَبَر,wabbir,wabbar,False,5,6,0-9,0-9,4
حَابِون,7aabuun,7aabuun,True,7,7,0-9,0-9,5
نِيَاطَة,nayaata,niyaata,False,8,7,0-9,0-9,4
خَلَفي,khalfi,khalfi,True,6,6,0-9,0-9,5
الغَفَرَة التَرْجَاية,2ilghorfe 2ittijaariyye,2ilghorfe 2ittijaariyye,True,21,23,20-29,20-29,5
نَتِش,nattish,nattish,True,5,7,0-9,0-9,4
زَاكِيِة,zaakye,zaakye,True,8,6,0-9,0-9,2
لَوَّز,looz,luwaz,False,6,4,0-9,0-9,3
اِغْتِلَا,2ightaal,2ightaal,True,9,8,0-9,0-9,2
اِقْتَنَص,2iqtanas,2iqtinis,False,9,8,0-9,0-9,2
زَمِر,zammar,zammir,False,5,6,0-9,0-9,5
جَابْنِي عَمَلا وِجْهِي,jaabni 3amala wijhi,jaabni 3amala wijhi,True,23,19,20-29,10-19,1
مْنَشِّن,mnashshin,mnashshan,False,8,9,0-9,0-9,1
زُنَّانِة,zannane,zannane,True,9,7,0-9,0-9,5
نَهِّش,nahash,nahash,True,6,6,0-9,0-9,4
مَجَارِيد,majaariid,majaariid,True,9,9,0-9,0-9,2
عَوَّالِة,3awaale,3awaale,True,9,7,0-9,0-9,2
رَسَّب,rassab,rassib,False,6,6,0-9,0-9,3
يخَرِّم,yikhram,yikhram,True,7,7,0-9,0-9,1
بُكُم,bkam,bukum,False,5,4,0-9,0-9,4
جَوِّع,jawwi3,wajji3,False,6,6,0-9,0-9,2
يِسْوِدّ,ysawwid,yiswadd,False,8,7,0-9,0-9,4
اِنْشَخَط,2inshikhit,2inshikhit,True,9,10,0-9,10-19,3
مُرَة,marra,marra,True,5,5,0-9,0-9,3
وَحَد,wa77id,wa77ad,False,5,6,0-9,0-9,2
عَكَفّ عِفْرِيت,3akaff 3ifriit,3akaff 3afriit,False,15,14,10-19,10-19,1
يِنْخِدِع,yinkhidi3,yinkhidi3,True,9,9,0-9,0-9,1
طَمْبِيل,tambiil,tumbiil,False,8,7,0-9,0-9,2
يِنْقَرِم,yinqirim,yinqirim,True,9,8,0-9,0-9,4
كَعْمَش,ka3mish,ka3mish,True,7,7,0-9,0-9,1
خِشْخَشِة,khashkhashe,khashkhashe,True,9,11,0-9,10-19,4
يَنْحِي,yna77i,yin7i,False,7,6,0-9,0-9,5
حَتْرِف,7atrif,7atraf,False,7,6,0-9,0-9,4
اِنْجَرِد,2injirid,2injarad,False,9,8,0-9,0-9,5
مْحَطْحِط,m7at7itt,m7at7itt,True,9,8,0-9,0-9,4
يعَرِّب,yi3rib,y3arrib,False,7,6,0-9,0-9,2
بَكَم,bukum,bukum,True,5,5,0-9,0-9,3
غَذِّي,ghazzi,ghazzi,True,6,6,0-9,0-9,1
يُلْقُب,ylaqqib,ylaqqib,True,7,7,0-9,0-9,4
رِوِح,roo7,rawwi7,False,5,4,0-9,0-9,5
اُدْمُل,2idmil,2idmul,False,7,6,0-9,0-9,5
تْبَزْلَط,tbazlat,tbazlat,True,9,7,0-9,0-9,2
تْعَاَطَى,t3aata,t3aata,True,9,6,0-9,0-9,4
ثَلَج,talj,tallij,False,5,4,0-9,0-9,1
اِتَّلِف,2itlaf,2itlaf,True,8,6,0-9,0-9,5
بُدِّي,biddi,biddi,True,6,5,0-9,0-9,5
تُمْرِيج,tamriij,tamriij,True,8,7,0-9,0-9,4
تِعْرِيفِة,ta3riife,ta3riife,True,10,8,10-19,0-9,5
بيصلعب المَاربي,byil3ab bilmasaari li3ib,byil3ab 2ilmasaariib,False,15,24,10-19,20-29,1
يِتَخَشَّط,yitkhashshat,yitkhashshat,True,10,12,10-19,10-19,5
اِنْدَقَم,2indaqam,2indaqim,False,9,8,0-9,0-9,2
أَخْضَرَاني,3akhdaraani,2akhdaraani,False,11,11,10-19,10-19,2
اِيبَسّ,2iibas,2iibas,True,7,6,0-9,0-9,3
طُيب,tayyab,tiib,False,4,6,0-9,0-9,5
حَبُّوب,7buub,7buub,True,7,5,0-9,0-9,2
لَونُه مَاخِت,loono mittaakhid,loono mittaakhir,False,13,16,10-19,10-19,4
رَهْدُل,rahdal,rahdal,True,7,6,0-9,0-9,5
أَكَل رَاسِي,2akal raasi,2akal raasi,True,12,11,10-19,10-19,4
تَرْفِيه,tarfiihi,tarfiih,False,8,8,0-9,0-9,5
تَقْنِيِّة,taqniya,taqniya,True,10,7,10-19,0-9,1
تُرْدُد,taraddud,traddad,False,7,8,0-9,0-9,5
لَم,limm,lamm,False,3,4,0-9,0-9,4
يِتْجَهَّص,yithadjdjas,yithadjdjas,True,10,11,10-19,10-19,3
اِفْرُح,2ifra7,2ifra7,True,7,6,0-9,0-9,5
يِتوَادَع,yitwaa3ad,yitwaa3ad,True,9,9,0-9,0-9,5
خَيِّر,khayyir,khayyar,False,6,7,0-9,0-9,2
تَحْتَانِي,ta7taani,ta7taani,True,10,8,10-19,0-9,1
قَوَم,qawwam,qawwim,False,5,6,0-9,0-9,4
اِسْتَبْطَأ,2istabta2,2istabta2,True,11,9,10-19,0-9,1
عَصَع ذَبَنُه,3ass 3adanabo,3ass 3adabano,False,13,13,10-19,10-19,5
يِقْمَع,yiqma3,yiqma3,True,7,6,0-9,0-9,2
مِلْتِحِف,milti7if,milti7if,True,9,8,0-9,0-9,1
تَعَاوِيذ,ta3aawiiz,ta3aawiiz,True,9,9,0-9,0-9,1
يُعْطُب,yi3tab,y3attib,False,7,6,0-9,0-9,3
لُحُوح,la7uu7,la7uu7,True,6,6,0-9,0-9,4
زَطَم,zatam,zattam,False,5,5,0-9,0-9,2
لَحْلِح,la7la7,la7la7,True,7,6,0-9,0-9,4
يُمْطُر,yimtir,ymattir,False,7,6,0-9,0-9,1
دَرَابِير,daraariib,daraabiir,False,9,9,0-9,0-9,3
يِتْهَجَّر,yithajjar,yithajjar,True,10,9,10-19,0-9,1
غَرَضُه شعريف,gharado shariif,gharado sha3riif,False,13,15,10-19,10-19,4
جَمِد,jammid,jammid,True,5,6,0-9,0-9,4
قَتَّت,qattat,qattat,True,6,6,0-9,0-9,2
يِسْتَضْخِم,yistadkhim,yistadkhim,True,11,10,10-19,10-19,1
لَسِّن,lassan,lassin,False,6,6,0-9,0-9,2
اِصْيَب,saayb,saayb,True,7,5,0-9,0-9,4
مضروب بحجركبير,madruub b7ajar faadi,madruub b7ajar kbiir,False,14,20,10-19,20-29,3
جَرَّف,jaraf,jarrif,False,6,5,0-9,0-9,1
رَهْدَلِة,rahdale,rahdale,True,9,7,0-9,0-9,2
يِنْسَلِق,yinsiliq,yinsiliq,True,9,8,0-9,0-9,3
الصِيد الرَّاجِئ,2isseed 2iljaa2ir,2isseed 2iljaa2ir,True,16,17,10-19,10-19,1
يِتْجَرْوَذ,yitdjadhwar,yitdjadhwar,True,11,11,10-19,10-19,2
اِنْقِبِع,2inqibi3,2inqaba3,False,9,8,0-9,0-9,2
مْرَقَّم,mraqqam,mraqqam,True,8,7,0-9,0-9,1
يمَسِّخ,yimsakh,ymassikh,False,7,7,0-9,0-9,3
هَدُّولِة,hadwale,hadwale,True,9,7,0-9,0-9,5
أَسْتَاذ,2ustaaz,2ustaaz,True,8,7,0-9,0-9,1
اِقْصُل,2uqsul,2uqsul,True,7,6,0-9,0-9,4
أَقْصَفَا,2aqfaas,2aqsaaf,False,9,7,0-9,0-9,4
مْعَلُّوم,ma3luum,ma3luum,True,9,7,0-9,0-9,5
دَعْبِب,da3bib,da3bab,False,7,6,0-9,0-9,3
شِيخ المِسْجِد,sheekh 2ilmasjid,sheekh 2ilmasjid,True,14,16,10-19,10-19,3
اِلْتِحَى,2ilta7a,2ilta7a,True,9,7,0-9,0-9,4
بَعَد,ba33ad,ba33ad,True,5,6,0-9,0-9,1
جَاهَد,jaahad,jaahid,False,6,6,0-9,0-9,2
يعَاقِش,y3aaqkish,y3aaqkish,True,7,9,0-9,0-9,1
بلُوزِة خَنْق,bluuze khaniq,bluuze khaniq,True,13,13,10-19,10-19,5
سِفِك,safak,safak,True,5,5,0-9,0-9,4
بْطَينِي,2ibteeni,batiini,False,8,8,0-9,0-9,2
خَفِّض,khaffid,khaffad,False,6,7,0-9,0-9,3
اُجْلُد,2ijlid,2ijlid,True,7,6,0-9,0-9,4
حَفَف,7ifaf,7affif,False,5,5,0-9,0-9,3
اِسْتَقْصِد,2istaqsid,2istaqsad,False,11,9,10-19,0-9,3
مَخَامِيش,makhaamiish,makhaamiish,True,9,11,0-9,10-19,1
مْتَرْبِع,mitrabbi3,mitrabbi3,True,9,9,0-9,0-9,3
تْرُبِّة,turbe,turbe,True,8,5,0-9,0-9,5
يمَعّط,yim3at,yma33it,False,6,6,0-9,0-9,5
تْغَذَّى,tghazza,tghazza,True,8,7,0-9,0-9,1
اِنْدَفَع,2indifi3,2indafa3,False,9,8,0-9,0-9,2
نُحْفَان,na7faan,na7faan,True,8,7,0-9,0-9,1
أَكَّابِر,2akaabir,2akaabir,True,9,8,0-9,0-9,5
يِطْلِي,yitli,yitli,True,7,5,0-9,0-9,2
يِنَاظِر,ynaadhir,ynaadhir,True,8,8,0-9,0-9,5
دُوبَح,doobi7,doobi7,True,6,6,0-9,0-9,4
يتَفْلِت,yitfattal,yitfallat,False,8,9,0-9,0-9,5
يِتَفَائُل,yitfaa2al,yitfaa2al,True,10,9,10-19,0-9,5
يطَيِّب,ytiib,ytiib,True,7,5,0-9,0-9,2
يِنْهَدِى,yinhidi,yinhidi,True,9,7,0-9,0-9,3
يجَبِّل,yjabbil,yijbil,False,7,7,0-9,0-9,1
اِنْقِمِص,2inqimis,2inqimis,True,9,8,0-9,0-9,4
شْوَاقِيف,shawaaqiif,shawaaqiif,True,9,10,0-9,10-19,4
يِنْكَاف,ynaakif,ynaakif,True,8,7,0-9,0-9,3
فُتْرِينِة,vatriine,fatriine,False,10,8,10-19,0-9,4
قِدّ شعر رَاسَك,qadd sha3ar raasak,qadd sha3ar raasak,True,15,18,10-19,10-19,5
لَّاب,laab,laab,True,5,4,0-9,0-9,5
تُسَدُّد,tsaddad,tsaddad,True,8,7,0-9,0-9,3
دَافوُر,daafuur,daafuur,True,7,7,0-9,0-9,3
اِنْفَقَس,2inifqis,2infiqis,False,9,8,0-9,0-9,3
دَشَّر,dashar,dashshir,False,6,6,0-9,0-9,1
شَخْشِخ,shakhshikh,shakhshakh,False,7,10,0-9,10-19,4
شَمِيط,shamiit,shamiit,True,6,7,0-9,0-9,1
اِتَّخَانَق,2itkhaana2,2itkhaana2,True,11,10,10-19,10-19,2
يخَمِّن,ykhammin,ykhammin,True,7,8,0-9,0-9,4
ضَرْبِة شَمْس,darbit shamis,darbit shams,False,13,13,10-19,10-19,2
سَالِم غنَام,saalim ghaanim,saalim ghaanim,True,12,14,10-19,10-19,4
قَيْزَان,kiizaan,qiizaan,False,8,7,0-9,0-9,3
يِنْحِصِي,yin7isi,yin7isi,True,9,7,0-9,0-9,1
بُلْكُم,balkam,balkam,True,7,6,0-9,0-9,5
وْخَامِة,wakhaame,wakhaame,True,8,8,0-9,0-9,5
عِدْسِة,3adase,3adase,True,7,6,0-9,0-9,3
سَقْوِف,squuf,squuf,True,7,5,0-9,0-9,4
اِنْفِصِم,2infisim,2infasam,False,9,8,0-9,0-9,2
كَرْكَفِة,kurkuffe,kurkuffe,True,9,8,0-9,0-9,1
قَرِّب,qirab,qarrib,False,6,5,0-9,0-9,3
نَابْلِس,naablis,naabil s,False,8,7,0-9,0-9,5
تْشَدّد,tshaddad,tashaddud,False,7,8,0-9,0-9,4
يثَنِّي,yithni,yitni,False,7,6,0-9,0-9,4
يُهْجُع,yihdja3,yihdja3,True,7,7,0-9,0-9,5
خَيم,khayyim,khayyam,False,4,7,0-9,0-9,3
أَوَّتَيل,2ootel,2ootel,True,9,6,0-9,0-9,4
اِحْلَص,2i7lis,2i7lis,True,7,6,0-9,0-9,5
نَعِس,na3as,na33as,False,5,5,0-9,0-9,4
اِجْفَع,2ifja3,2ifja3,True,7,6,0-9,0-9,4
اِنْخِلِق,2inkhalaq,2inkhiliq,False,9,9,0-9,0-9,2
شَهِد,shahhad,shahhad,True,5,7,0-9,0-9,4
عَكَر,2ikir,3akkar,False,5,5,0-9,0-9,3
اِتْيَسَّب,2itsayyab,2ityabbas,False,10,9,10-19,0-9,2
إِذَا وقع الجمل بتكثر سيك,2iza wiqi3 2iljamal btiktar sakaakiino,2iza wiqi3 2iljamal btiktar sakakiir,False,25,38,20-29,30-39,4
اِتَنَفُّس,2itnaffas,2itnaffas,True,10,9,10-19,0-9,4
بَصَم,bassim,bassim,True,5,6,0-9,0-9,2
قَرُّوش,qruush,qruush,True,7,6,0-9,0-9,5
مش عَاجبك روح الحيط,mish 3aadjbak ruu7 2inta7 raasak bil7eet,mish 3aajbak ruu7 2il7attaayi,False,19,40,10-19,40-49,2
أَدْغَم,2adgham,2adgham,True,7,7,0-9,0-9,1
مَشَارِيق,mashaariiqk,mashaariiqk,True,9,11,0-9,10-19,1
ثَعْلِب,sa3lab,sa3lab,True,7,6,0-9,0-9,4
اِجْرَمّ,2ujrum,2ijrim,False,8,6,0-9,0-9,5
مَنِيكُو,manyuuk,manyuuk,True,8,7,0-9,0-9,3
اُنْزُل,2inzil,2inzil,True,7,6,0-9,0-9,3
اِتْسَبَّط,2ibassat,2itsabbat,False,10,8,10-19,0-9,3
درب يسد مَا يِرْد,darb ysidd maa yridd,darbi ysidd maa yridd,False,17,20,10-19,20-29,3
اِنْفَعَص,2infa3as,2infi3is,False,9,8,0-9,0-9,3
سَعَّد,sa3ad,sa3ad,True,6,5,0-9,0-9,2
هَادَي,haadi,haadi,True,6,5,0-9,0-9,4
نُوم خَفِيفُه,noomo khafiif,noom khafiif,False,13,13,10-19,10-19,4
وَاقعَة,waaqi3a,waaqi3a,True,7,7,0-9,0-9,5
نَطِّق,nattiq,nattiq,True,6,6,0-9,0-9,3
يِتْجَورَح,yitjarwa7,yitjarwa7,True,10,9,10-19,0-9,2
جَفِّف,jaffaf,jaffif,False,6,6,0-9,0-9,1
قَلْبِي نَاطِف,qalbi naatif,qalbi naatif,True,14,12,10-19,10-19,5
أَصَابَع,2asaabi3,2asaabi3,True,8,8,0-9,0-9,5
غِلِط,ghallit,ghallat,False,5,7,0-9,0-9,4
اِتَّعِس,2it3is,2it3is,True,8,6,0-9,0-9,4
رَيَّش,riish,rayyash,False,6,5,0-9,0-9,1
تَغْسِيل أموت,taghsiil 2amwaat,taghsiil 2amwat,False,13,16,10-19,10-19,5
ينَدِّغ,yindugh,yindugh,True,7,7,0-9,0-9,4
مِيَة,mayye,miyye,False,5,5,0-9,0-9,5
حُنْجَلِة,7anjale,7anjale,True,9,7,0-9,0-9,3
جَمْرِة الهَوَّا,jamrit 2ilhawa,jamrit 2ilhawa,True,16,14,10-19,10-19,4
تَوْصِيلِة,tawsiile,tawsiile,True,10,8,10-19,0-9,1
مَسَائِل,masaa2il,masaa2il,True,8,8,0-9,0-9,1
يُوقَع عَرَاسُه غَزّ,yuuqa3 3araaso ghazz,yuuqa3 3araaso ghazz,True,20,20,20-29,20-29,2
يْشَوشِح,yshooshi7,yshooshi7,True,8,9,0-9,0-9,3
مِتْوَازِن,mutawaazin,mutawaazin,True,10,10,10-19,10-19,3
قُطّ,2utt,qutt,False,4,4,0-9,0-9,1
صِرَاخ,sraakh,sraakh,True,6,6,0-9,0-9,5
يشَقْلِب,yshaqlib,yshaqlib,True,8,8,0-9,0-9,1
تَحْصِين,ta7siin,ta7siin,True,8,7,0-9,0-9,1
اِنْسَلِب,2insalab,2insalab,True,9,8,0-9,0-9,5
يتْلَقَّط,yitlaqqat,yitlaqqat,True,9,9,0-9,0-9,2
تَحَفْظِي,ta7fiiz,ta7fiiz,True,9,7,0-9,0-9,2
أَوْقَيِّة,2uuqiyye,2uuqiyye,True,10,8,10-19,0-9,5
أَنِيق,2aniiq,2aniiq,True,6,6,0-9,0-9,1
بْق,baqq,buqq,False,3,4,0-9,0-9,5
عْمِيق,3amiiq,3ummeeq,False,6,6,0-9,0-9,3
يخَرِّج,ykharrij,yikhrij,False,7,8,0-9,0-9,2
اِقَنْتَاع,2iqtinaa3,2iqtinaa3,True,10,9,10-19,0-9,3
رَادِر,raadaar,raadir,False,6,7,0-9,0-9,3
مَلِّيح,mlii7,malii7,False,7,5,0-9,0-9,4
شْفَاف,shaffaaf,shaffaaf,True,6,8,0-9,0-9,2
بَلْكُونِة,balakoone,balkoone,False,10,9,10-19,0-9,3
بْدُوي,bdawi,bidwi,False,6,5,0-9,0-9,5
يِنْغِفِر,yinghifir,yinghifir,True,9,9,0-9,0-9,2
جَمِيلْتَك عَحَالَك,jmiiltak 3a 7aalak,jmiiltak 3a 7aalak,True,19,18,10-19,10-19,3
أَفِنْدِي,2afandi,2afandi,True,9,7,0-9,0-9,4
خَرِيسْتُو,khriisto,khriisto,True,10,8,10-19,0-9,1
مِحِش,ma7ashsh,ma7ashsh,True,5,8,0-9,0-9,4
يِهْبَل,yihball,yhabbil,False,7,7,0-9,0-9,4
نَقَر,naqar,naqqar,False,5,5,0-9,0-9,3
يٍتْمَشَّط,yitmashshat,yitmashshat,True,10,11,10-19,10-19,3
عُمُش,3amash,3ammash,False,5,6,0-9,0-9,5
غِسِل,ghasal,ghassil,False,5,6,0-9,0-9,4
يِنْقِطِب,yinqitib,yinqitib,True,9,8,0-9,0-9,1
عِنْف,3annif,3annaf,False,5,6,0-9,0-9,3
مْسَهْوِل,mashuul,mashuul,True,9,7,0-9,0-9,2
اِطْرَش,2utrush,2itrashsh,False,7,7,0-9,0-9,5
اِتْكَرْكَس,2itkarsa7,2itkarkas,False,11,9,10-19,0-9,3
اِلْفُت,2ilfit,2ilfit,True,7,6,0-9,0-9,3
اِنْدَهَش,2indihish,2indahash,False,9,9,0-9,0-9,4
مَخْنَن,mkhannin,mkhannin,True,7,8,0-9,0-9,3
طَنْبِر,tumbur,tambar,False,7,6,0-9,0-9,3
تُلْحُم,tla77am,tla77am,True,7,7,0-9,0-9,4
اِتْبِنِّس,2itbannas,2itbannas,True,10,9,10-19,0-9,5
فَتَايِل,fataayil,fataayil,True,8,8,0-9,0-9,2
يُسْفُخ,yisfakh,yisfakh,True,7,7,0-9,0-9,5
لِجِوء سِيَاسِي,lujuu2 siyaasi,lujuu2 siyaasi,True,15,14,10-19,10-19,2
اِبْتِسَامِة,2ibtisaame,2ibtisaame,True,12,10,10-19,10-19,2
الجوز بَالبيت رحمة حتى كَان فَحْمِة,2iljooz bilbeet ra7me 7atta law kaan fa7me,2iljooz bilbeet ra7me 7atta law kaan fa7me,True,35,42,30-39,40-49,5
يِرْتَبّ,yrattib,yrattib,True,8,7,0-9,0-9,3
سَفِن,sufun,safan,False,5,5,0-9,0-9,5
هَو,huu,haww,False,3,3,0-9,0-9,4
سَاخِن,saakhin,saakhin,True,6,7,0-9,0-9,1
عِاق,3aaqq,3aaq,False,4,5,0-9,0-9,3
اِسْتَوْيِ,2istawi,2istawi,True,10,7,10-19,0-9,4
يِنْغَوِي,yinghiwi,yinghiwi,True,9,8,0-9,0-9,5
خِتِم,khattam,khattim,False,5,7,0-9,0-9,4
يُقْفُر,yiqfar,yiqfar,True,7,6,0-9,0-9,3
رُب,rabb,rabb,True,3,4,0-9,0-9,5
اِصْطَبِر,2istabir,2istabar,False,9,8,0-9,0-9,5
اِقْتِنِى,2iqtana,2iqtana,True,9,7,0-9,0-9,2
اِنِقْطِف,2inqitif,2inqataf,False,9,8,0-9,0-9,4
جُعْصُم,dja3mis,dja3mis,True,7,7,0-9,0-9,5
كْلُوِّة,kulwe,kulwe,True,8,5,0-9,0-9,4
خَيَاطَة,khyaata,khyaata,True,8,7,0-9,0-9,4
تَيمَت,tyattam,tyattam,True,6,7,0-9,0-9,3
دَغِّش,daghash,daghghish,False,6,7,0-9,0-9,2
تْسَهَل,tsahhal,tsahhal,True,7,7,0-9,0-9,5
مْبَجِّر,mbadjdjir,mbadjdjir,True,8,9,0-9,0-9,1
اِسْتَلَقّى,2istalaqqa,2istalaqqi,False,11,10,10-19,10-19,3
مَبْرَك وعلى السُّوك,mabruuk 3ala siwaak,mabruuk 3ala siwaak,True,20,19,20-29,10-19,1
طْهَابِيب,tahaabiib,tahaabiib,True,9,9,0-9,0-9,3
اِتْفَتْوَل,2itfalwat,2itfatwal,False,11,9,10-19,0-9,2
يِجْوِز,yjawwiz,yjawwiz,True,7,7,0-9,0-9,3
لْوَفَك,loofak,loofik,False,7,6,0-9,0-9,5
يتَعْسِر,yit3assar,yit3assar,True,8,9,0-9,0-9,3
ينَفِّس,yinfis,ynaffis,False,7,6,0-9,0-9,2
عَمَّى,3ama,3ama,True,6,4,0-9,0-9,2
اِنْفُث,2unfus,2unfus,True,7,6,0-9,0-9,2
يْأَمِّم,y2ammim,y2ammim,True,8,7,0-9,0-9,2
بْرِيصْعَة,breesa3a,breesa3a,True,10,8,10-19,0-9,4
جَدَر,jaddir,jaddir,True,5,6,0-9,0-9,1
أَجَرِّم,2ajram,2ajram,True,8,6,0-9,0-9,5
عَجَمِة,3ajame,3ajame,True,7,6,0-9,0-9,1
يصَلِّب,yuslub,yuslub,True,7,6,0-9,0-9,2
يِتْسَخَّف,yitsakhkhaf,yitsakhkhaf,True,10,11,10-19,10-19,1
اِهْجِر,2uhjur,2uhjur,True,7,6,0-9,0-9,4
يجَاقِل,yjaaliqk,yjaaliqk,True,7,8,0-9,0-9,4
اُخْطُب,2ukhtub,2ukhtub,True,7,7,0-9,0-9,1
اِنْمَلَع,2inmili3,2inmili3,True,9,8,0-9,0-9,4
اِتْمَلَّح,2itla77am,2itmalla7,False,10,9,10-19,0-9,3
قَشْقِش,qashqish,qashqash,False,7,8,0-9,0-9,3
دِبَاسِة,dabbaase,dabbaase,True,8,8,0-9,0-9,3
تْلِقْوِط,tla2wat,tla2wat,True,9,7,0-9,0-9,3
سِبْسِب,sabsib,sabsib,True,7,6,0-9,0-9,3
يِسْتَطْبِس,yistabsit,yistabsit,True,11,9,10-19,0-9,3
نَتَافِيت,nataatiif,nataafiit,False,9,9,0-9,0-9,3
يْرَجِّع,yrajji3,yirja3,False,8,7,0-9,0-9,4
رَسَب,rassab,rassib,False,5,6,0-9,0-9,1
اِتْقَطَّس,2ittaqqas,2itqassat,False,10,9,10-19,0-9,3
عُدَى,3ada,3adda,False,5,4,0-9,0-9,4
تْحِلِف,t7allaf,t7allaf,True,7,7,0-9,0-9,3
إِلِف,2ilif,2ilif,True,5,5,0-9,0-9,1
ضَعِّف,di3if,da33af,False,6,5,0-9,0-9,2
تَرَنُّخ,tarkhan,trannakh,False,8,7,0-9,0-9,5
مَدَّاوَاة,mudaawa,mdaawaa,False,10,7,10-19,0-9,5
مْبَهَّر,mbahhar,mbahhir,False,8,7,0-9,0-9,2
كِلِح,2ikla7,kalli7,False,5,6,0-9,0-9,4
فِيلِة,fiyala,fiyala,True,6,6,0-9,0-9,1
كَرَانِيت,karaatiin,karaaniit,False,9,9,0-9,0-9,3
فِخِر,fakhir,fakhkhir,False,5,6,0-9,0-9,4
نَجَّى,najja,naja,False,6,5,0-9,0-9,3
بِرِئ,barri2,barri2,True,5,6,0-9,0-9,2
يِعْبَع,y3ab3ib,y3ab3ib,True,7,7,0-9,0-9,5
أَبو مِحْرَز الإِحْمَر,2abu mi7riz 2il2a7mar,2abu mi7riz 2il2a7mar,True,22,21,20-29,20-29,4
يغُمّ,yghimm,yghimm,True,5,6,0-9,0-9,2
يِتْوَصَّل,yitwassal,yitwassal,True,10,9,10-19,0-9,2
يقَحِّص,yiq7as,yiq7as,True,7,6,0-9,0-9,4
جُرُبَان,jarbaan,jarbaan,True,8,7,0-9,0-9,4
اُبِن إِمُّه,2ibin 2immo,2ibin 2immo,True,12,11,10-19,10-19,2
إِفْشِءَاء,2ifshaa2,2ifshaa2,True,10,8,10-19,0-9,5
زَنَخَة,zanakha,zanakha,True,7,7,0-9,0-9,4
مْقَحْمِش,mqa7mish,mka7mish,False,9,8,0-9,0-9,1
بْرَانِيط المَسْكُوب,baraaniit 2ilmaskuub,baraaniit 2ilmaskuub,True,20,20,20-29,20-29,5
لَازْمُه شَدّ بَرَاغي,laazmo shadd baraaghi,laazmo shadd baraaghi,True,21,21,20-29,20-29,5
يزِيدْهَا عَلَيه,yziidha 3alee,yziidha 3alee,True,16,13,10-19,10-19,2
اِحْسِن,2i7sin,2i7sin,True,7,6,0-9,0-9,1
بَيكَار,biikaar,biikaar,True,7,7,0-9,0-9,2
أَخَذ وِجْهَا,2akhad wijihha,2akhad wijihha,True,13,14,10-19,10-19,3
مَنْحَة,min7a,man7a,False,7,5,0-9,0-9,1
هَفِت,hafat,haffit,False,5,5,0-9,0-9,4
يُسْلُق,yusluq,yisluq,False,7,6,0-9,0-9,3
رَمِح,rama7,rammi7,False,5,5,0-9,0-9,4
اُحْجُز,2u7juz,2u7juz,True,7,6,0-9,0-9,4
اِتْزَمْهَر,2itzahmar,2itzahram,False,11,9,10-19,0-9,5
يئَمّ,y2imm,y2imm,True,5,5,0-9,0-9,2
يعَتِّم,y3attim,y3attim,True,7,7,0-9,0-9,1
رِوِح,ruu7,rawwi7,False,5,4,0-9,0-9,5
مش عَاجبك الحَاجبك,mish 3aadjbak 2i7liq 7awaadjbak,mish 3aajbak 2il7aabak,False,18,31,10-19,30-39,1
اُتْمَطَّط,2itmattat,2itmattat,True,10,9,10-19,0-9,5
حَقِن,7uqan,7aqan,False,5,5,0-9,0-9,5
يمَطْمِطّ,ymatmit,ymatmit,True,9,7,0-9,0-9,4
لُدُغ,ladagh,ludugh,False,5,6,0-9,0-9,2
ح,7iss,7imm,False,1,4,0-9,0-9,5
مْدَوبِح,mdoobi7,mdoobi7,True,8,7,0-9,0-9,2
اِتْصَرْمَح,2itsarma7,2itsarma7,True,11,9,10-19,0-9,1
يِفْرُش,yifrish,yfarrish,False,7,7,0-9,0-9,4
يِفْوِح,yfuu7,yfuu7,True,7,5,0-9,0-9,4
يصَطَاد,yistaad,yistaad,True,7,7,0-9,0-9,3
يِسْتَنْحِس,yista7sin,yista7sin,True,11,9,10-19,0-9,2
بَيَاض,bayaad,bayaad,True,6,6,0-9,0-9,2
زُنَّاقَة,zannaaqka,zannaaqka,True,9,9,0-9,0-9,4
فُرُق,farq,farriq,False,5,4,0-9,0-9,5
كُبُوش,kbuush,kbuush,True,6,6,0-9,0-9,3
اِسْتَجْمِر,2istajmar,2istajmir,False,11,9,10-19,0-9,3
مُحْتَشَم,mu7tasham,mu7tashim,False,9,9,0-9,0-9,4
ملعقة مْشَلَّقِة,mil3aka mshallaka,mil3aqa mshallaka,False,16,17,10-19,10-19,2
يِغْلَب,yighlib,yghallib,False,7,7,0-9,0-9,5
يهَرْدِل,yrahdil,yhardil,False,8,7,0-9,0-9,3
طَيز,tiiz,tayyiz,False,4,4,0-9,0-9,4
يِسْتَنْقِش,yistanshiq,yistanshiq,True,11,10,10-19,10-19,3
اِزْرِك,2uzrutsh,2uzrutsh,True,7,8,0-9,0-9,3
اِرْتَمي,2irtimi,2iritmi,False,8,7,0-9,0-9,3
خُيخَة,khiikha,kheekha,False,6,7,0-9,0-9,3
شَقِح,shaqa7,shaqa7,True,5,6,0-9,0-9,4
يُعْجُز,yi3jiz,yi3jaz,False,7,6,0-9,0-9,5
يخَاطِب,ykhaatib,ykhaatib,True,7,8,0-9,0-9,1
مْبَقْلِل,mbaqklil,mbaqklil,True,9,8,0-9,0-9,1
قَطَّعت الأيَاس من,qata3it 2il2ayaas min,qata3it 2il2ayaas min,True,18,21,10-19,20-29,2
شِقَاء,shaqa,shiqa,False,6,5,0-9,0-9,2
يقَلْقِز,yqalqiz,yqalqiz,True,8,7,0-9,0-9,1
اِسْفُك,2isfik,2isfik,True,7,6,0-9,0-9,3
اِتْنَكَّح,2it7annak,2it7annak,True,10,9,10-19,0-9,3
يِنِعْكِس,yin3ikis,yin3ikis,True,9,8,0-9,0-9,2
حِمِد,7amd,7ammid,False,5,4,0-9,0-9,5
مْأَوَّى العَجَزِة,ma2wa 2il3ajaze,ma2wa 2il3ajaze,True,18,15,10-19,10-19,4
هَيَّن,hiin,hayyin,False,6,4,0-9,0-9,2
سُحْسَيلِة,su7seele,su7seele,True,10,8,10-19,0-9,2
رَدَّم,radim,radam,False,6,5,0-9,0-9,2
بقلّ بُور,bqalb wurabb,bqalb wurabb,True,9,12,0-9,10-19,5
سُجَنَاء,sujanaa2,sujanaa2,True,8,8,0-9,0-9,2
يَابَا,yaaba,yaaba,True,6,5,0-9,0-9,1
تِرْنَازِيت,traanziit,taraaniit,False,11,9,10-19,0-9,5
قَلْقِل,qalqal,qalqil,False,7,6,0-9,0-9,3
هِيشِة,hiishe,hiishe,True,6,6,0-9,0-9,1
اِنْقَش,2inqashsh,2unqush,False,7,9,0-9,0-9,5
قَانِع,2iqna3,qaani3,False,6,6,0-9,0-9,5
شَكَّم,shakam,shakam,True,6,6,0-9,0-9,2
يِرْتِكِن,yirtikin,yrattik,False,9,8,0-9,0-9,1
مْفَغْوِص,mafghuus,mafghuus,True,9,8,0-9,0-9,2
مُغْتَصِب,mughtasib,mughtasib,True,9,9,0-9,0-9,2
يِشْحَط,ysha7tit,yish7at,False,7,8,0-9,0-9,3
اِتْبَزْبَز,2itzabzab,2itbazbaz,False,11,9,10-19,0-9,3
يِسْتَعْلِم,yista3lim,yista3lim,True,11,9,10-19,0-9,1
زَرِع,zarri3,zarri3,True,5,6,0-9,0-9,4
يزَبِّل,yizbil,yzabbil,False,7,6,0-9,0-9,2
اِتَّهْوَت,2itwahhat,2itwahhat,True,10,9,10-19,0-9,4
يهَمِّس,yihmis,yihmis,True,7,6,0-9,0-9,1
يَهَا,yaah,yha,False,5,4,0-9,0-9,4
رَقِّط,ra22it,ra22at,False,6,6,0-9,0-9,2
يُصْلَى,ysalli,yisla,False,7,6,0-9,0-9,3
صُبَّارِة بركة,subbaarit barake,sabbaarit barake,False,14,16,10-19,10-19,3
اُزْوِر,2izwir,2izwir,True,7,6,0-9,0-9,5
فِنْجَالِي,fanajiil,fanajiil,True,10,8,10-19,0-9,2
يشَقْبِع,yshaqbi3,yshaqbi3,True,8,8,0-9,0-9,1
يْحَشِّي,y7ashshi,yi7shi,False,8,8,0-9,0-9,4
خَرْفَش,kharfish,kharfish,True,7,8,0-9,0-9,1
يِخْرِب,ykharrib,ykharrib,True,7,8,0-9,0-9,3
لَخْبِط,lakhbat,lakhbat,True,7,7,0-9,0-9,4
تَرْمِل,trammal,trammal,True,7,7,0-9,0-9,5
حِلْفِش,7alfash,7alfash,True,7,7,0-9,0-9,5
رَفَّاهِيِّة,rafaahiyye,rafaahiyye,True,12,10,10-19,10-19,2
فَال له اللكَوَا,faal 2alla wala faalak,faal 2alla kala,False,16,22,10-19,20-29,3
نَعَّافِة,na33aafe,na33aafe,True,9,8,0-9,0-9,2
فَرَامِة ملوخِيِّة,farraamit mluukhiyye,farraamit mluukhiyye,True,18,20,10-19,20-29,3
شِتْوِيِّة,shatawiyye,shatawiyye,True,10,10,10-19,10-19,2
يِتْشَحْوَح,yitsha7wad,yitsha7wa7,False,11,10,10-19,10-19,4
وَبِر,wabbar,wabbir,False,5,6,0-9,0-9,5
شُوَاقِيق,shawaaqiiq,shawaaqiiq,True,9,10,0-9,10-19,5
يِخْتَشى,yikhtishi,yikhtishi,True,8,9,0-9,0-9,4
اِنْفِتِح,2infiti7,2infata7,False,9,8,0-9,0-9,4
اِتْصَغَّر,2itszaghghar,2itszaghghar,True,10,12,10-19,10-19,1
يِجْعَر,yij3ar,yij3ar,True,7,6,0-9,0-9,4
كَرِّش,karrash,karrish,False,6,7,0-9,0-9,3
اِتْفَشَّع,2itshaffa3,2itshaffa3,True,10,10,10-19,10-19,4
يُزْرُر,yzarrir,yzarrir,True,7,7,0-9,0-9,4
بَوّ يِفْخَنَك بَطَن,baww yunfukh batnak,baww yifkhan batnak,False,20,19,20-29,10-19,5
اِجْعَل,2ij3al,2ij3al,True,7,6,0-9,0-9,1
يِسْتَقْتَل,yistaqtil,yistaqtil,True,11,9,10-19,0-9,2
نِبِلَاء,nubalaa2,nubalaa2,True,8,8,0-9,0-9,5
أوْسَط,2ustuu7,2awsat,False,6,7,0-9,0-9,5
شَنَّص,shans,shannis,False,6,5,0-9,0-9,2
طلع شعر لسَاني,tili3 sha3ar 3alsaani,tili3 sha3ar 3alsaani,True,14,21,10-19,20-29,1
رَشِّح,rashshi7,rashshi7,True,6,8,0-9,0-9,3
زُيد,ziid,ziid,True,4,4,0-9,0-9,5
اِنْقِمِص,2inqamas,2inqimis,False,9,8,0-9,0-9,4
عِجّ,3idjdj,3adjdj,False,4,6,0-9,0-9,2
مْؤَجِّر,m2ajjar,m2ajjir,False,8,7,0-9,0-9,2
يِنْمِحِق,yinmi7iq,yinmi7iq,True,9,8,0-9,0-9,2
حَلَبِة,7ilbe,7ilbe,True,7,5,0-9,0-9,5
حَرْمَصِة,7armase,7armase,True,9,7,0-9,0-9,1
يضَلّ,ydill,ydill,True,5,5,0-9,0-9,3
وَسِخ,wassakh,wassikh,False,5,7,0-9,0-9,5
أَنْعَم,2an3um,2an3um,True,7,6,0-9,0-9,2
سَعِّى,sa3a,sa3a,True,6,4,0-9,0-9,3
تُخَارُج,tkhaaraj,tkhaaraj,True,8,8,0-9,0-9,5
مَعْفِن,m3affin,m3affin,True,7,7,0-9,0-9,5
حَنْجُور,7andjuur,7andjuur,True,8,8,0-9,0-9,1
تَكِّي,takki,takki,True,6,5,0-9,0-9,1
يتَعْدِي,yi3tidi,yit3ayyad,False,8,7,0-9,0-9,5
أَصْحَبَانِي,2as7aabiin,2as7aabiin,True,12,10,10-19,10-19,3
سَلْعَدَا,sal3ada,sal3ada,True,9,7,0-9,0-9,1
بِلِش,ballash,ballash,True,5,7,0-9,0-9,5
اِزْقَح,2izqka7,2izqka7,True,7,7,0-9,0-9,1
تَمَتُّم,tamtam,tamtim,False,8,6,0-9,0-9,5
يِحْرِش,y7arrish,yu7rush,False,7,8,0-9,0-9,5
اِدَّهَن,2idhan,2idhan,True,8,6,0-9,0-9,4
اِتْخَجَّر,2itkharraj,2itkharraj,True,10,10,10-19,10-19,3
نَطْنَطَة,natnata,natnata,True,9,7,0-9,0-9,1
نَغَّى,ghanna,nagha,False,6,6,0-9,0-9,5
يُبْدُد,ybaddid,ybaddid,True,7,7,0-9,0-9,5
تْمَيَّن,mtayyin,tmayyan,False,8,7,0-9,0-9,5
دُبَّيك,dubbeek,dabbiik,False,7,7,0-9,0-9,4
أَسَيَّاد,2asyaad,2asyaad,True,9,7,0-9,0-9,5
تُعْبَان,ta3baan,ta3baan,True,8,7,0-9,0-9,2
تَشْدِيد أَمَنِي,tashdiid 2amni,tashdiid 2amni,True,16,14,10-19,10-19,4
اِفْصَع,2if3as,2if3as,True,7,6,0-9,0-9,4
نِتِع,natti3,natti3,True,5,6,0-9,0-9,5
مْحَورَب,m7oorib,m7oorib,True,8,7,0-9,0-9,3
مَبِيت,mabiit,mubiit,False,6,6,0-9,0-9,4
قَرْقَع,qarqa3karka3,qarqi3karki3,False,7,12,0-9,10-19,1
أَحْقِيِة,2a7aqqiyye,2a7aqqiyye,True,9,10,0-9,10-19,2
اِبْن العَمّ هُو اللِّي بينَزِّل عَرَفَس,2ibin 2il3amm huwwe 2illi binazzil 3an dahr 2ilfaras,2ibnil 3amm huwwe 2illi binazzil 3an dahr 2ilfaras,False,40,52,40-49,50-59,3
دَرْدِع,darda3,dardi3,False,7,6,0-9,0-9,3
ثْوِمِة,toome,toome,True,7,5,0-9,0-9,3
تْخَنْدَق,tkhandaq,tkhandaq,True,9,8,0-9,0-9,2
بسوَاش نكلة,biswaash nigle,biswaash kinshale,False,11,14,10-19,10-19,1
يِشْرَع,yishra3,ysharri3,False,7,7,0-9,0-9,2
اِتْلَاقَح,2itlaa7aq,2itlaaqa7,False,10,9,10-19,0-9,2
يِغْصِب,yighsib,yghassib,False,7,7,0-9,0-9,2
يِسْتَدِجّ,2istajidd,yistajidd,False,10,9,10-19,0-9,5
اُبْدُع,2ibdi3,2ibdi3,True,7,6,0-9,0-9,3
يِيسَر,2iyyassir,yiisar,False,6,9,0-9,0-9,4
يِنْسِحِن,yinsini7,yinsi7in,False,9,8,0-9,0-9,5
بَومْلَايِة,boomalaaye,boomalaaye,True,11,10,10-19,10-19,5
مَصَّاب,musaab,massaab,False,7,6,0-9,0-9,3
رِجِح,raja7,rajja7,False,5,5,0-9,0-9,4
زُرَّاقَة,zarraaka,zarraaka,True,9,8,0-9,0-9,3
إِجَاك مِين يِعْرَفَك يَوط,2ijaak miin yi3rifak yaa balluut,2ijaak miin yi3rifak yata3alam,False,26,32,20-29,30-39,4
مُعْمَل,ma3mal,m3ammil,False,7,6,0-9,0-9,4
سُن,sinn,sann,False,3,4,0-9,0-9,5
اِنْحِلِب,2in7ilib,2in7alab,False,9,8,0-9,0-9,3
دَقِيقَة,daqiiqa,daqiiqa,True,8,7,0-9,0-9,1
بُغْدُد,baghdad,baghdid,False,7,7,0-9,0-9,5
ثَقَّف,saqqaf,saqqif,False,6,6,0-9,0-9,2
مْسَافِر,msaafir,musaafir,False,8,7,0-9,0-9,4
يِسْتَعْبِد,yista3bid,yista3bid,True,11,9,10-19,0-9,2
اِرْبُط إِصْبَعَك مْلِيح لَا بْيِدْمِي ولَا بِيقِيقِيح,2irbut 2isba3ak mlii7 laa bidmi wala biqkii7,2irbut 2isba3ak mlii7 laa bidmi wala biqii7,False,54,44,50-59,40-49,3
يِتَمْلَطِي,yitmalyat,yitmalyat,True,11,9,10-19,0-9,4
بَايِع وَطَنُه,baayi3 watano,baayi3 watano,True,14,13,10-19,10-19,4
يجَعِّر,yij3ar,yij3ar,True,7,6,0-9,0-9,2
اِتْبَلَّغ,2itballagh,2itballagh,True,10,10,10-19,10-19,1
جَذُورَة,djadhwara,djadhwara,True,8,9,0-9,0-9,4
مِبْكِر,mbakkir,mbakkir,True,7,7,0-9,0-9,4
قَشِّر,qashshar,qashshar,True,6,8,0-9,0-9,2
يِنْخَتِم,yinkhitim,yinkhitim,True,9,9,0-9,0-9,3
دَعْبَس,da3bis,da3bis,True,7,6,0-9,0-9,2
يَلِّت,ylitt,ylitt,True,6,5,0-9,0-9,4
تْجِبْجِب,tdjabdjab,tdjabdjab,True,9,9,0-9,0-9,3
مُعَصَّب,m3assib,m3assib,True,8,7,0-9,0-9,5
يصَمِّم,ysammim,ysammim,True,7,7,0-9,0-9,1
تَرَبُّس,tarbas,trabbas,False,8,6,0-9,0-9,3
تَاجِر,taajar,taajir,False,6,6,0-9,0-9,2
يتْبَلَّك,yitballak,yitballak,True,9,9,0-9,0-9,2
اِسْتِحْضَار,2isti7daar,2isti7daar,True,12,10,10-19,10-19,2
تَنْجَر,tnajjar,tnajjar,True,7,7,0-9,0-9,3
عُنْصُري,3unsuri,3unsuri,True,8,7,0-9,0-9,4
طَرَاوِة,taraawe,taraawe,True,8,7,0-9,0-9,1
يخَصِّم,yikhsim,yikhsim,True,7,7,0-9,0-9,3
مُخْزِن,makhzan,makhzan,True,7,7,0-9,0-9,5
خَنَّص,khansar,khannis,False,6,7,0-9,0-9,5
خِنّ,khinn,khann,False,4,5,0-9,0-9,2
يِسْوِح,ysuu7,ysawwi7,False,7,5,0-9,0-9,4
مَفْلَى,mfalla,mfalla,True,7,6,0-9,0-9,2
نِفَى,nafa,nafa,True,5,4,0-9,0-9,4
يِبْحَث,yib7as,yba77is,False,7,6,0-9,0-9,1
دَوَاهي,dawaahi,dawaahi,True,7,7,0-9,0-9,4
يتْشَفَّى,yitshaffa,yitshaffa,True,9,9,0-9,0-9,2
يٍتْمَسَّح,ytamsi7,yitmassa7,False,10,7,10-19,0-9,4
يِتْمَثَّل,yitmassal,yitmassal,True,10,9,10-19,0-9,1
سَبَب,sabbab,sabbib,False,5,6,0-9,0-9,3
ينَمْرِس,yinmiris,yinmiris,True,8,8,0-9,0-9,5
اُقْرُش,2uqrush,2uqrush,True,7,7,0-9,0-9,1
مْبَشِّع,mbashshi3,mbashshi3,True,8,9,0-9,0-9,1
فُلَّاح,fallaa7,flaa7,False,7,7,0-9,0-9,5
رَمَى حَالُه عليهَا,rama 7aalo 3aleeha,rama 7aalo 3aleeha,True,19,18,10-19,10-19,4
هِنِي,hinne,hanni,False,5,5,0-9,0-9,4
اِنْتَمِّي,2intimi,2intami,False,10,7,10-19,0-9,5
تَرَتُّب,trattab,trattab,True,8,7,0-9,0-9,5
اُنْصُر,naasar,2unsur,False,7,6,0-9,0-9,3
يِتَسَلَّى,yitsalla,yitsalla,True,10,8,10-19,0-9,5
يتْدَشَّا,yiddashsha,yiddashsha,True,9,10,0-9,10-19,3
اِحْضُن,2u7dun,2u7dun,True,7,6,0-9,0-9,1
يخَير,ykhayyir,ykhayyir,True,5,8,0-9,0-9,3
شَغَّب,shaghab,shaghab,True,6,7,0-9,0-9,3
يُضْبُع,yidba3,ydabbi3,False,7,6,0-9,0-9,3
اُنْقُر,2inqirif,2inqarash,False,7,8,0-9,0-9,5
إِلِخ,2ila 2aakhirih,2ila 2aakhirih,True,5,14,0-9,10-19,2
عَوَّاكِة,3awatshe,3awwatshe,False,9,8,0-9,0-9,1
يُتْصَرَّف,yitsarraf,yitsarraf,True,10,9,10-19,0-9,5
قَاعِد عبَّنَك,qaa3id 3abank,qaa3id 3abank,True,14,13,10-19,10-19,5
تَعِّس,ti3is,ta33as,False,6,5,0-9,0-9,2
اِتْفَتَّت,2itfattat,2itfattat,True,10,9,10-19,0-9,3
عَشَاد البَرِيب,3ishsh 2iddabaabiir,3ishsh 2iddabaabiir,True,15,19,10-19,10-19,4
شَفَط,shaffat,shaffat,True,5,7,0-9,0-9,1
فَسْحَة,fus7a,fas7a,False,7,5,0-9,0-9,1
مَخَابِيط,makhaabiit,makhaabiit,True,9,10,0-9,10-19,1
مَكَّاكِة,makkaake,makkaake,True,9,8,0-9,0-9,1
خِمْخَمِة,khamkhame,khamkhame,True,9,9,0-9,0-9,3
هِمِز,hamaz,hamiz,False,5,5,0-9,0-9,5
خْلَيط,khalliit,khaliit,False,6,8,0-9,0-9,5
نَور,nawwir,nawwar,False,4,6,0-9,0-9,5
فَلَّم,falam,fallam,False,6,5,0-9,0-9,1
نُحُو,na7u,na7u,True,5,4,0-9,0-9,2
قَدِّم,qadam,qaddim,False,6,5,0-9,0-9,3
وَارَد,waarid,waarid,True,6,6,0-9,0-9,3
شَمِم,shammam,shammim,False,5,7,0-9,0-9,5
قُحْقُح,qa7qaka7ka7,ka7ka7,False,7,11,0-9,10-19,5
نَقْمِة,naqme,naqme,True,7,5,0-9,0-9,1
يتْرَبَّع,yitrabba3,yitrabba3,True,9,9,0-9,0-9,3
المِلِح مَا أثمر فيه,2ilmili7 maa 2atmar fii,2ilmili7 maa 2atmar fii,True,20,23,20-29,20-29,1
لحم كْتَافي من خيرك,la7m ktaafi min kheerak,la7m ktaafi min kheerak,True,19,23,10-19,20-29,1
اُعْتُز,2i3tazz,2i3tazz,True,7,7,0-9,0-9,4
رَقّ,raqq,raqq,True,4,4,0-9,0-9,2
مُسَافِر,msaafir,musaafir,False,8,7,0-9,0-9,5
لَظَّالِي,lazaaliiz,lazaaliiz,True,9,9,0-9,0-9,3
اِكْتِسَاب,2iktisaab,2iktisaab,True,10,9,10-19,0-9,1
أَجِّل,2ajal,2ajjill,False,6,5,0-9,0-9,1
اِسْتَكْحِل,2istak7al,2istak7il,False,11,9,10-19,0-9,2
فَوط,fuwat,fawwat,False,4,5,0-9,0-9,1
الله فَاتِح عَلِيه,2alla faati7 3aleeh,2alla faati7 3aleeh,True,18,19,10-19,10-19,3
يِرْتَعِد,yirti3id,yirti3id,True,9,8,0-9,0-9,3
شِكْشِكِة,shakshake,shakshake,True,9,9,0-9,0-9,4
يِسْقِي,yisqi,ysaqqi,False,7,5,0-9,0-9,2
أَصْدِق السُّوء,2asdiqaa2 2issuu2,2asdiqaa2 2issuu2,True,15,17,10-19,10-19,5
رَوح بَلَا طِبِح,ruu7 ballit 2ilba7ar,ruu7 ballit 2ilba7at,False,16,20,10-19,20-29,4
قرَاقِيش,qaraaqiish,qaraaqiish,True,8,10,0-9,10-19,5
هَاتِر,haatir,haatir,True,6,6,0-9,0-9,1
قَرْقِع,qarqa3,qarqi3karki3,False,7,6,0-9,0-9,2
وُرْجِي,warji,warji,True,7,5,0-9,0-9,3
أَهَّالِي,2ahaali,2ahaali,True,9,7,0-9,0-9,3
مْقَارَعَة,mqaara3a,muqaara3a,False,10,8,10-19,0-9,4
عِنْدَينا,3indiina,3indiina,True,9,8,0-9,0-9,4
اِعْطَل,2i3tal,2i3tal,True,7,6,0-9,0-9,1
اِفْتَقَد,2iftaqid,2iftaqad,False,9,8,0-9,0-9,2
لَغَّى,lagha,lagha,True,6,5,0-9,0-9,2
فِهْلِق,fahlaq,fahliq,False,7,6,0-9,0-9,5
اِتْلَطَّش,2itlattash,2itlattash,True,10,10,10-19,10-19,1
وَكِّيل,wakiil,wakiil,True,7,6,0-9,0-9,2
اِسْلِك,2isluk,2usluk,False,7,6,0-9,0-9,3
بَحَذِّر,bi7azar,bi7azar,True,8,7,0-9,0-9,3
كَالِ,kaal,kaal,True,5,4,0-9,0-9,5
ينَاسِب,ynaasib,ynaasib,True,7,7,0-9,0-9,1
عِنْد,3annad,3annid,False,5,6,0-9,0-9,3
طُبْلِة,table,table,True,7,5,0-9,0-9,5
مُصْحِف,mus7af,mus7af,True,7,6,0-9,0-9,4
اُصْمُد,saamid,2usmud,False,7,6,0-9,0-9,3
عَمَّايِل,3amaayil,3amaayil,True,9,8,0-9,0-9,3
مُفَطِّس,mfattis,mfattis,True,8,7,0-9,0-9,4
يِنْذَبَح,yindibi7,yindibi7,True,9,8,0-9,0-9,5
مْبَطِّئ,mbatti2,mbatti2,True,8,7,0-9,0-9,1
اِسْتَثْقُل,2istatqal2istat2al2istathgal,2istatqal2istat2istat2il2ist,False,11,28,10-19,20-29,5
يُهْشُل,yihshal,yihshal,True,7,7,0-9,0-9,5
نَمِّر,nammir,nammir,True,6,6,0-9,0-9,3
يِتوَازَى,yitwaaza,yitwaaza,True,9,8,0-9,0-9,4
يِتْجَلَط,yitjallat,yitjallat,True,9,9,0-9,0-9,5
صَعِّب,sa3ib,sa33ab,False,6,5,0-9,0-9,3
اِنْغَفَر,2inghafar,2inghifir,False,9,9,0-9,0-9,1
صِحَح,sa77i7,sa77a7,False,5,6,0-9,0-9,5
يِقْسَي,yqassi,yqassi,True,7,6,0-9,0-9,5
الكَثَافِة السُّكَّانيِة,2ilkathaafe 2issukkaaniyye,2ilkathaafe 2issukkaaniyye,True,24,26,20-29,20-29,5
عَامُود,3aamuud,3aamuud,True,7,7,0-9,0-9,1
فْحُول,f7uul,f7uul,True,6,5,0-9,0-9,1
غُدَّا,ghadaa2,ghada,False,6,7,0-9,0-9,2
اِتْغَرْبَل,2itgharbal,2itgharbal,True,11,10,10-19,10-19,2
صُبِّة,ssabbe,sabbe,False,6,6,0-9,0-9,4
كُرْمَال,kirmaal,kirmaal,True,8,7,0-9,0-9,3
لَسْوِع,laswa3,laswi3,False,7,6,0-9,0-9,2
بَاطَون,baatoon,batoon,False,7,7,0-9,0-9,1
حَرْدُون,7aardoon,7ardoon,False,8,8,0-9,0-9,3
اُغْدُر,2ughdur,ghaadir,False,7,7,0-9,0-9,1
مَسِيحِي,masii7i,msayyi7i,False,8,7,0-9,0-9,4
يْزَرْقِل,yzargil,yzargil,True,9,7,0-9,0-9,2
يِنْقِرِض,yinqirid,yinqirid,True,9,8,0-9,0-9,1
يِتْبَرْبَك,yitbarbak,yitbarbak,True,11,9,10-19,0-9,1
يُتْنَكَّر,yitnakkar,yitnakkar,True,10,9,10-19,0-9,5
مْجَالِس,majaalis,majaalis,True,8,8,0-9,0-9,3
يِجْعِم,ydja3mis,ydja33im,False,7,8,0-9,0-9,5
حَرَوِير,7ruuri,7ruuri,True,8,6,0-9,0-9,4
اِتْمَسَّح,2itmassa7,2itmassa7,True,10,9,10-19,0-9,2
يبَرِّز,yibruz,ybarriz,False,7,6,0-9,0-9,1
سَانِخ,saakhin,saanikh,False,6,7,0-9,0-9,5
اِدْوَش,2idwish,2idwish,True,7,7,0-9,0-9,2
أَصْوِج,2aswaj,2aswaj,True,7,6,0-9,0-9,3
دَبَّك بَطَبَنُه,dabbak bibatno,dabbak bibatno,True,16,14,10-19,10-19,4
وَاسِط,waasit,waasit,True,6,6,0-9,0-9,2
اِمْغِج,2imghadj,2imghadj,True,7,8,0-9,0-9,4
قَرْفَش,qkarfash,qkarfash,True,7,8,0-9,0-9,2
تَأَسْسِيس,ta2siis,ta2siis,True,10,7,10-19,0-9,2
حَقَّايِق,7aqaayiq,7aqaayiq,True,9,8,0-9,0-9,2
آثِار,2aasaar,2aathaar,False,5,7,0-9,0-9,4
يِجْنُط,yjannit,yjannit,True,7,7,0-9,0-9,2
اِتْعَرَّم,2it3arram,2it3ammar,False,10,9,10-19,0-9,1
تَوْطَنِي,tawtiin,tawtiin,True,9,7,0-9,0-9,5
يشَلِّح,yshalli7,yishla7,False,7,8,0-9,0-9,2
مْحَدِّب,m7addib,m7addib,True,8,7,0-9,0-9,1
يُطْفُش,yitfash,ytaffish,False,7,7,0-9,0-9,5
نَسَوِيِّة,nasawiyye,nasawiyye,True,10,9,10-19,0-9,2
عدي رجَالك عدي من الإِقرع للمصدي,3iddi rjaalik 3iddi min 2ilaqra3 lalimsaddi,3iddi rjaalik 3iddi min liqra3 lalimsaddi,False,32,43,30-39,40-49,1
كَيَّس,kiis,kiis,True,6,4,0-9,0-9,2
مْطَارَدِة,mutaarade,mtaarade,False,10,9,10-19,0-9,1
زَرَّق,zarraq,zarriq,False,6,6,0-9,0-9,1
مَشْتِرِي,mishtiri,mishtiri,True,9,8,0-9,0-9,5
سدَاح مَدَاح,sadaa7 madaa7,sadaa7 madaa7,True,12,13,10-19,10-19,1
هَتَّك,hattak,hattik,False,6,6,0-9,0-9,1
اِتْدَلْدَع,2iddal3an,2iddalda3,False,11,9,10-19,0-9,5
ظُلّ,dill,dall,False,4,4,0-9,0-9,3
صَمَر,musirr,masir,False,5,6,0-9,0-9,2
الصَّرَاحة رَاحَة,2issaraa7a raa7a,2issaraa7a raa7a,True,17,16,10-19,10-19,1
ينَفِّض,yunfud,ynaffid,False,7,6,0-9,0-9,3
مُرِير,mariir,mrayyir,False,6,6,0-9,0-9,1
سَاح,saa7,saa7,True,4,4,0-9,0-9,1
مِدْنُو,mdawwan,mdawwin,False,7,7,0-9,0-9,4
زَرِّب,zarab,zarrab,False,6,5,0-9,0-9,3
حُدَايِق,7adaayiq,7adaayiq,True,8,8,0-9,0-9,4
حَمَّا,7ama,7ama,True,6,4,0-9,0-9,2
مْحَاشِم,m7aashim,ma7aashim,False,8,8,0-9,0-9,3
عِزْلِة,3uzle,3izle,False,7,5,0-9,0-9,2
ضَبِّط,dabat,zabbit,False,6,5,0-9,0-9,1
شَرِّف,sharaf,sharrif,False,6,6,0-9,0-9,3
يمَعِّط,yim3at,yma33it,False,7,6,0-9,0-9,2
زِنّ,nazz,nazz,True,4,4,0-9,0-9,2
اِشْرِك,shaarik,2ishrik,False,7,7,0-9,0-9,5
رِحِل,ra77al,ra77al,True,5,6,0-9,0-9,5
شَاهَد,shaahid,shaahad,False,6,7,0-9,0-9,2
مْكَنَّع,mtshanna3,mkanni3,False,8,9,0-9,0-9,2
يقَرْطِف,yqartif,yqartif,True,8,7,0-9,0-9,1
اِبِن عَز,2ibin 3izz,2ibin 3izz,True,9,10,0-9,10-19,2
رَمَال,rmaal,rmaal,True,6,5,0-9,0-9,3
هَتِّك,hatak,hattik,False,6,5,0-9,0-9,2
يِنِكْحِش,yinki7ish,yinki7ish,True,9,9,0-9,0-9,3
اِقْمَعّ,2igma3,2iqma3,False,8,6,0-9,0-9,4
لَحْلَحَة,la7la7e,la7la7e,True,9,7,0-9,0-9,3
أَمْسَاوِي,ma2saawi,ma2saawi,True,10,8,10-19,0-9,2
يْغَايِل,yghaali,yghaayil,False,8,7,0-9,0-9,5
يحُوبِك,y7oobik,y7oobik,True,7,7,0-9,0-9,2
تْشَنْشَل,tshanshal,tshanshal,True,9,9,0-9,0-9,2
اِسْتَعْصِي,2ista3si,2ista3si,True,11,8,10-19,0-9,1
حَزَّر,7azzir,7azzir,True,6,6,0-9,0-9,1
قَمَّح,qam7,qam7,True,6,4,0-9,0-9,2
تُلْزُق,tlazzaq,tlazzaq,True,7,7,0-9,0-9,5
مِهْزِلِة,mahzale,mahzale,True,9,7,0-9,0-9,4
بَقَعَة,buq3a,buq3a,True,7,5,0-9,0-9,3
اِتْشَكو,2itshawwak,2itshawwak,True,8,10,0-9,10-19,5
تَجْلِيخ,tajliikh,tajliikh,True,8,8,0-9,0-9,1
دَرَّب,darrib,darrab,False,6,6,0-9,0-9,3
شَيوَخ,shyuukh,shyuukh,True,6,7,0-9,0-9,3
اِتْدَلْعَب,2iddalba3,2iddal3ab,False,11,9,10-19,0-9,3
وَلِع,walla3,walli3,False,5,6,0-9,0-9,5
بُحْلُقَة,ba7laqa,ba7laqa,True,9,7,0-9,0-9,4
كَحَّش,ka7ash,ka7ash,True,6,6,0-9,0-9,2
مْزَطَّم,mzattam,mzattam,True,8,7,0-9,0-9,1
فَعَص,fa33is,fa33as,False,5,6,0-9,0-9,1
مْشَقِّي,mashqi,mashqi,True,8,6,0-9,0-9,2
دَلَح,dali7,dala7,False,5,5,0-9,0-9,1
يِلْهِد,yilhad,yilhad,True,7,6,0-9,0-9,3
عُطُل,3itil,3attal,False,5,5,0-9,0-9,5
اِنْتِع,2inta3,2inta3,True,7,6,0-9,0-9,3
بَنَاتِي,bannaati,bannaati,True,8,8,0-9,0-9,1
كَتُّوت,katkuut,katkuut,True,7,7,0-9,0-9,4
هِت عرض,hatak 3ard,hatar 3ard,False,7,10,0-9,10-19,5
اِتَلَبَّس,2itlabbas,2itlabbas,True,10,9,10-19,0-9,5
يِنْغَمِر,yinghimir,yinghimir,True,9,9,0-9,0-9,3
لَئْنَمِة,la2mane,la2name,False,9,7,0-9,0-9,3
يدَوسِح,ydoo7is,ydoosi7,False,7,7,0-9,0-9,3
سُكّ طَلْبَان,sakan tullaab,sakat 2ilbana,False,13,13,10-19,10-19,3
مُخْلَالِيِّة,mkhallalaaye,mikhlaaliyye,False,13,12,10-19,10-19,3
مَزْلَق,mazliq,mazlaq,False,7,6,0-9,0-9,3
جِلْدِة عظِمِة,jilde 3ala 3adme,jilde 3azime,False,14,16,10-19,10-19,4
عدي رجَالك عدي من الإِقرع لمصدي,3iddi rjaalik 3iddi min 2ilaqra3 lalimsaddi,3iddi rjaalik 3iddi min liqra3 lalimsaddi,False,31,43,30-39,40-49,3
لُنّ,lan,linn,False,4,3,0-9,0-9,3
مُسَالِم,musaalim,musaalim,True,8,8,0-9,0-9,4
مُسَارِح,masaari7,masaari7,True,8,8,0-9,0-9,5
يِتْوَاحَق,yitwaaqa7,yitwaaqa7,True,10,9,10-19,0-9,5
اِتْشَحْبَر,2itsha7bar,2itsha7bar,True,11,10,10-19,10-19,2
تْسَبَّع,tsabba3,tsabba3,True,8,7,0-9,0-9,1
أَجْنَاف,2ajfaan,2ajnaaf,False,8,7,0-9,0-9,4
دَيِّن,dayyan,dayyin,False,6,6,0-9,0-9,2
لَطَف,lattaf,lattif,False,5,6,0-9,0-9,1
يُعْطُس,y3attis,yu3tus,False,7,7,0-9,0-9,3
سِتَّاري,sataayir,sataayir,True,8,8,0-9,0-9,4
طَبْلِج,tablaj,tablij,False,7,6,0-9,0-9,1
كْسَاس,ksaas,ksaas,True,6,5,0-9,0-9,1
وُغُوشِة,waghwashe,waghwashe,True,8,9,0-9,0-9,3
يِجْئِز,yjazzi2,yjazzi2,True,7,7,0-9,0-9,5
ثَمَّن,tumun,thamman,False,6,5,0-9,0-9,1
أَغْطِيِة,2aghtiye,2aghtiye,True,9,8,0-9,0-9,1
حَوِّل,7uul,7awwal,False,6,4,0-9,0-9,3
مْوَضْوَع,mawduu3,mawduu3,True,9,7,0-9,0-9,5
من قَبْة,min qabbit,min qabbit,True,8,10,0-9,10-19,5
يِتْحَمْرَن,yit7arman,yit7amran,False,11,9,10-19,0-9,5
بِرَايِة,barraaye,barraaye,True,8,8,0-9,0-9,3
يِلْزِم,ylazzim,yilzim,False,7,7,0-9,0-9,5
قِصْقِص,qasqas,qasqis,False,7,6,0-9,0-9,4
اِنْجَدَع,2injidi3,2injidi3,True,9,8,0-9,0-9,4
قَدَامَى,qudaama,qudaama,True,8,7,0-9,0-9,1
مَسَلْوِل,masluul,masluul,True,9,7,0-9,0-9,5
يتَنَفُّش,yitfannash,yitnaffash,False,9,10,0-9,10-19,5
مَكْتَبِة,maktabe,maktabe,True,9,7,0-9,0-9,1
سَمَّط,samat,sammit,False,6,5,0-9,0-9,2
اِتْكَعْبَل,2itka3bal,2itka3bal,True,11,9,10-19,0-9,2
عِدْوَين,3aduwwiin,3aduwwiin,True,8,9,0-9,0-9,4
يتْشَرْدَق,yitshardaq,yitshardaq,True,10,10,10-19,10-19,2
قَمَارِيق,qamaqiir,qamaqiir,True,9,8,0-9,0-9,3
جَنْكَاي,jankaay,jankaay,True,8,7,0-9,0-9,4
اِعْصَر,2u3sur,2u3sur,True,7,6,0-9,0-9,3
صَابَونِة,saabuune,saabuune,True,9,8,0-9,0-9,2
شو مَنَّحه,shuu manna7o,shuu manna7o,True,10,12,10-19,10-19,1
سَحْرِي,si7ri,si7ri,True,7,5,0-9,0-9,2
فُرَامِة,farraame,farraame,True,8,8,0-9,0-9,4
حَاَضَّر,7aadir,7aadar,False,8,6,0-9,0-9,5
مَوْضِع,mawdi3,mawdi3,True,7,6,0-9,0-9,2
جْهَاز,jihaaz,jhaaz,False,6,6,0-9,0-9,1
مِجْتَهِد,mujtahid,mujtahid,True,9,8,0-9,0-9,5
صِيت,sayyit,sayyat,False,4,6,0-9,0-9,3
مِضْغَوط,madghuut,madghuut,True,8,8,0-9,0-9,5
الوَضِع لَوز,2ilwadi3 looz,2ilwadi3 looz,True,12,13,10-19,10-19,1
دِحَادِيل,da7aadiil,da7aadiil,True,9,9,0-9,0-9,4
رْقَاب,rqaab,rqaab,True,6,5,0-9,0-9,1
اِسْتِنْفِر,2istanfar,2istanfar,True,11,9,10-19,0-9,4
خَيَّم,khayyam,kheekhim,False,6,7,0-9,0-9,2
جَعّ,3idjdj,ja33,False,4,6,0-9,0-9,4
شَوَاكِل,shawaakil,shawaakil,True,8,9,0-9,0-9,1
اِتْقَبَل,2itqabbal,2itqallab,False,9,9,0-9,0-9,3
اِنْكَرَب,2inkarab,2inkirib,False,9,8,0-9,0-9,2
بُشَاكِير,bashaakiir,bashaakiir,True,9,10,0-9,10-19,5
مِتْدَرْكِم,middartshim,middartshim,True,11,11,10-19,10-19,1
نَقِّز,naqqaz,naqqiz,False,6,6,0-9,0-9,2
اِتوَالَى,2itwaala,2itwaala,True,9,8,0-9,0-9,3
اِقْتَبِس,2iqtibis,2iqtibis,True,9,8,0-9,0-9,5
قَنْشَع,qkansha3,qkansha3,True,7,8,0-9,0-9,1
خُوَّان,khawwaan,khawwaan,True,7,8,0-9,0-9,4
مُؤَرَّق,m2arriq,m2arriq,True,8,7,0-9,0-9,3
يدَقِّش,yidqashsh,yidqush,False,7,9,0-9,0-9,1
عَمَال,3ummaal,3ammaal,False,6,7,0-9,0-9,1
نَذِر,nadir,nadhar,False,5,5,0-9,0-9,1
دَبَر رَاسَك,dabbir raasak,dabbar raasak,False,12,13,10-19,10-19,5
اِسْتَذْئَب,2istaz2ib,2istaz2ib,True,11,9,10-19,0-9,4
وِجِه البَلَد,wijhil balad,wijhil balad,True,13,12,10-19,10-19,2
دَهْدَك,dahdik,dahdak,False,7,6,0-9,0-9,2
تُمْرَة,tamre,tamre,True,7,5,0-9,0-9,1
خِدِع,khada3,khada3,True,5,6,0-9,0-9,5
اِنْبِنِى,2inbana,2inbana,True,9,7,0-9,0-9,3
اِلْتَغَى,2iltagha,2iltagha,True,9,8,0-9,0-9,1
تَلَائِم,tlaa2am,tlaa2am,True,8,7,0-9,0-9,5
رُمَّاح,rmaa7,rimaa7,False,7,5,0-9,0-9,4
يفَلِّي,yfalli,yfalli,True,7,6,0-9,0-9,2
يِخْلَي,ykhalli,ykhalli,True,7,7,0-9,0-9,5
تْسِتِّر,tasattur,tsattar,False,8,8,0-9,0-9,5
نَعِر,na3ar,na33ar,False,5,5,0-9,0-9,2
فْقُوسِة,faqquuse,faqquuse,True,8,8,0-9,0-9,3
يسَخِّى,yiskha,yiskha,True,7,6,0-9,0-9,2
ينَاكِف,ynaakif,ynaakif,True,7,7,0-9,0-9,1
هُدْهُد,hudhud,hidhid,False,7,6,0-9,0-9,3
خِرْبَطَة,kharbata,kharbata,True,9,8,0-9,0-9,5
اِشْرِي,shaari,2ishri,False,7,6,0-9,0-9,4
مْلَاطَشِة,mlaatashe,mlaatashe,True,10,9,10-19,0-9,4
مِحَى,ma77a,ma7a,False,5,5,0-9,0-9,4
مِش,mush,mish,False,3,4,0-9,0-9,2
يتْنَاحَر,yitnaa7ar,yitnaa7ar,True,9,9,0-9,0-9,3
تْقُول,tqawwal,tqawwal,True,6,7,0-9,0-9,3
فَنَّاء,fanaa2,fanaa2,True,7,6,0-9,0-9,4
اِنْسِقى,2insaqa,2insaqa,True,8,7,0-9,0-9,5
يْوَفِّر,ywaffir,ywaffir,True,8,7,0-9,0-9,5
خَرْخِش,kharkhash,kharkhish,False,7,9,0-9,0-9,3
مَلْدَمِسي,mildimsi,mildimsi,True,10,8,10-19,0-9,4
بْلُول,balbuul,balluul,False,6,7,0-9,0-9,4
كَاشّ,kaash,kaash,True,5,5,0-9,0-9,2
سَارّ,saar,saar,True,5,4,0-9,0-9,4
مَلْعَقَة,mal3aqa,mal3aqa,True,9,7,0-9,0-9,1
قَطَّط,2utat,2utat,True,6,5,0-9,0-9,1
تْسَلَّف,tsallaf,tsallaf,True,8,7,0-9,0-9,1
يْبَان,ybaan,ybaan,True,6,5,0-9,0-9,2
اِتْمِرْمِغ,2itmarmagh,2itmarmagh,True,11,10,10-19,10-19,5
يِكْحَك,yka7ki7,yka7ki7,True,7,7,0-9,0-9,4
اِتَّقِي,2ittiqi,2ittiqi,True,8,7,0-9,0-9,2
ضَاج,daaj,daaj,True,4,4,0-9,0-9,1
غَاصَص,ghaasis,ghaasis,True,6,7,0-9,0-9,2
قَصَّل,qasil,qasal,False,6,5,0-9,0-9,2
مِتْجَذْمِر,mitdjadhmir,mitdjadhmir,True,11,11,10-19,10-19,2
حَنَفيِّة,7anafiyye,7anafiyye,True,9,9,0-9,0-9,5
مْكَوَّث,mukuuth,mukuuth,True,8,7,0-9,0-9,4
سِرَّك بِبِبِبِير,sirrak bibiir,sirrak bibiir,True,17,13,10-19,10-19,2
يِتْبِن,ytabbin,ytabbin,True,7,7,0-9,0-9,3
حُلَّاجِة,7laaje,7laaje,True,9,6,0-9,0-9,5
حَيّ,7ayyi,7ayy,False,4,5,0-9,0-9,1
نُقْطَة عَالسَّطِر,nuqta 3assatir,nuqta 3assatir,True,18,14,10-19,10-19,2
أَشْدُف,2ashdaf,2ashdaf,True,7,7,0-9,0-9,3
اِنْصِوِف,2inwasaf,2inwisif,False,9,8,0-9,0-9,1
تَلِّح,talla7,talli7,False,6,6,0-9,0-9,2
فَغِّم,fagham,fagham,True,6,6,0-9,0-9,2
صُنْدُل,sandal,sandal,True,7,6,0-9,0-9,5
تَشَبْكِي,tashbiik,tashbiik,True,9,8,0-9,0-9,3
إِجَى يطُل أكل الكل,2aja ytull 2akal 2ilkull,2aja ytull 2akal 2ilkull,True,19,24,10-19,20-29,4
يُنْفُش,yunfush,yinfush,False,7,7,0-9,0-9,2
اِحلقلُه عَالنَّاش,2i7liqlo 3annaashif,2i7liqlo 3annaashil,False,18,19,10-19,10-19,5
هَنْدَم,handam,handam,True,7,6,0-9,0-9,1
عوَامِير,3awaamiir,3awaamiir,True,8,9,0-9,0-9,2
قَلَّل,qulal,qallil,False,6,5,0-9,0-9,2
اِتْثَعْبَر,2itba3tar,2itba3tar,True,11,9,10-19,0-9,4
طَهَابيب,tahaabiib,tahaabiib,True,8,9,0-9,0-9,5
نَعَمِة كَمِير,ni3mit kariim,na3mit kamiir,False,14,13,10-19,10-19,5
ينَزِّل,yinzil,yinzil,True,7,6,0-9,0-9,2
يِجْبِن,yjabbin,yjabbin,True,7,7,0-9,0-9,5
أَفْزَع,2afza3,2afza3,True,7,6,0-9,0-9,2
يٍتْنَطَّع,yitnatta3,yitnatta3,True,10,9,10-19,0-9,4
بَلَّل,ballil,ballal,False,6,6,0-9,0-9,2
كِنّ,kannin,kann,False,4,6,0-9,0-9,3
يِقْطُش,yuqtush,yqattish,False,7,7,0-9,0-9,5
جِنَان,jinaan,janaan,False,6,6,0-9,0-9,3
رَشَق,rashik,rashshaq,False,5,6,0-9,0-9,3
سُرْسَرِيِّة,sarsariyye,sarsariyye,True,12,10,10-19,10-19,1
شَوش,shawwish,shawwash,False,4,8,0-9,0-9,3
أَطين عيشته,2atayyin 3iishto,2atayyin 3iishto,True,11,16,10-19,10-19,3
كَنَع,tshanna3,tshanna3,True,5,8,0-9,0-9,3
العَقَلِة زين,2il3aqil ziine,2il3aqil ziine,True,13,14,10-19,10-19,5
مَطْفُوس,matfuus,matfuus,True,8,7,0-9,0-9,1
مِدْلُوق,madluuq,madluuq,True,8,7,0-9,0-9,4
تَجَمْمِيع,tajmii3,tajmii3,True,10,7,10-19,0-9,3
هَمَالِة,hamaale,hamaale,True,8,7,0-9,0-9,1
تَجْفِير,tafjiir,tafjiir,True,8,7,0-9,0-9,2
صَنَادِيح,sanaadii7,sanaadii7,True,9,9,0-9,0-9,1
كْشَاف,kashshaaf,kashshaaf,True,6,9,0-9,0-9,1
اِتْبَرْبَع,2itbarta3,2itbarba3,False,11,9,10-19,0-9,4
يَعِر,y3irr,y3irr,True,5,5,0-9,0-9,4
خُنْفَرَة,khanfara,khanfara,True,9,8,0-9,0-9,4
اِتْشَلْبَك,2itshalbak,2itshalbak,True,11,10,10-19,10-19,1
فِكّ,fikk,fakk,False,4,4,0-9,0-9,5
مَخْرَب,mkharbit,mkharrab,False,7,8,0-9,0-9,3
اِعْفِص,2u3fus,2u3fus,True,7,6,0-9,0-9,4
جَلَص,jallas,jallis,False,5,6,0-9,0-9,3
تَخَبَّا,tkhabba,tkhabba,True,8,7,0-9,0-9,5
يدَقْدِس,ydagmis,yda2dis,False,8,7,0-9,0-9,4
دَلَح,dala7,dala7,True,5,5,0-9,0-9,1
ضَع,da3,da33,False,3,3,0-9,0-9,2
كُبُود,kabbuud,kabbuud,True,6,7,0-9,0-9,2
عَشَرَة,3ashara,3ashara,True,7,7,0-9,0-9,5
اِتَعَقُّد,2it3aqqad,2it3aqqad,True,10,9,10-19,0-9,3
مْزَرْكَش,mzarkash,mzarkash,True,9,8,0-9,0-9,2
قَزْعَة,qaz3a,q2uz3a,False,7,5,0-9,0-9,1
يقَصِّر,yqassir,yiqsar,False,7,7,0-9,0-9,3
مُلَاحِم,malaa7im,malaa7im,True,8,8,0-9,0-9,5
تَمَلْسَع,tmalsa3,tmalsa3,True,9,7,0-9,0-9,5
فَرَز,faraz,farriz,False,5,5,0-9,0-9,2
مُسَافَة,masaafe,masaafe,True,8,7,0-9,0-9,1
يتْوَحَّم,yitwa77am,yitwa77am,True,9,9,0-9,0-9,3
زِرِع,zari3,zarri3,False,5,5,0-9,0-9,5
عَرِّيض,3ariid,3ariid,True,7,6,0-9,0-9,2
عْشَاق,3ushshaaq,3ushshaaq,True,6,9,0-9,0-9,2
اِنْدِك,2indakk,2indakk,True,7,7,0-9,0-9,4
سْمَاوِي,simmaawi,samaawi,False,8,8,0-9,0-9,2
يْبَزِّز,ybazziz,ybazziz,True,8,7,0-9,0-9,4
شَبْشِب,shibshib,shabshib,False,7,8,0-9,0-9,1
تَدَرُّس,2iddarras,2iddarras,True,8,9,0-9,0-9,2
يِتْجَسَّد,yitjassad,yitjassad,True,10,9,10-19,0-9,1
نْدَابِة,naddaabe,naddaabe,True,8,8,0-9,0-9,3
اِحْتِضِر,2i7tadar,2i7tadar,True,9,8,0-9,0-9,2
خْوِيف,khawwiif,khawwiif,True,6,8,0-9,0-9,3
مَاسَّخ,maasikh,maasikh,True,7,7,0-9,0-9,5
بَالْنُو,baaloon,baaloon,True,8,7,0-9,0-9,2
اِتْكَسَّب,2itkassab,2itkassab,True,10,9,10-19,0-9,1
قْوَمِي,qawmi,quumi,False,7,5,0-9,0-9,4
يتَنَافَى,yitnaafa,yitnaafa,True,9,8,0-9,0-9,3
هِات,haat,haat,True,4,4,0-9,0-9,3
عَصْرُونيِّة,3asruuniyye,3asruuniyye,True,12,11,10-19,10-19,4
كَرْتِن,kartan,kartin,False,7,6,0-9,0-9,4
طِرَاوِة,taraawe,taraawe,True,8,7,0-9,0-9,5
اِتْدَمْشَق,2itmashdaq,2iddashmaq,False,11,10,10-19,10-19,4
اُبَّادِة,2ibaade,2ibaade,True,9,7,0-9,0-9,2
أَحْزَن,2a7zan,2a7zan,True,7,6,0-9,0-9,1
هَمَّل,hammal,hammil,False,6,6,0-9,0-9,1
مَيَّل,mayyil,mayyal,False,6,6,0-9,0-9,3
نَطِق,nattaq,nattiq,False,5,6,0-9,0-9,4
صَيت,sayyit,sayyit,True,4,6,0-9,0-9,4
بَطَال,battaal,battaal,True,6,7,0-9,0-9,3
يخَرْبِط,ykharbit,ykharbit,True,8,8,0-9,0-9,1
تَفَكْكِيح,tafkii7,tafkii7,True,10,7,10-19,0-9,2
حُوَاس,7awaas,7awaas,True,6,6,0-9,0-9,4
هَذَاك الدَّور,hadaak 2iddoor,hadaak 2iddoor,True,14,14,10-19,10-19,1
يِنْتَخَب,yintikhib,yintikhib,True,9,9,0-9,0-9,3
رَايِح جَاي,raayi7 jaay,raayi7 jaay,True,11,11,10-19,10-19,1
يِتْلَوبَل,yitloolab,yitloolab,True,10,9,10-19,0-9,2
تَعَاطُل,t3aatal,t3aatal,True,8,7,0-9,0-9,4
جريمة شَرْف,jariimit sharaf,jariimit sharaf,True,11,15,10-19,10-19,3
اِنْفَرَج,2infajar,2infirij,False,9,8,0-9,0-9,5
بَصِّب,basbis,basbas,False,6,6,0-9,0-9,5
يِعْصِف,y3affis,y3affis,True,7,7,0-9,0-9,4
أُعْلَاف,2a3laaf,2a3laaf,True,8,7,0-9,0-9,4
حَفَر,7affar,7affir,False,5,6,0-9,0-9,3
اِنْجَز,2injiz,2injiz,True,7,6,0-9,0-9,5
تْدَرْدَب,2iddardab,2iddardab,True,9,9,0-9,0-9,2
أَقَفْلَا,2aqfaal,2aqfaal,True,9,7,0-9,0-9,3
دَرْدِك,dardak,dardak,True,7,6,0-9,0-9,3
اِحْتَفِل,2i7tifil,2i7tafal,False,9,8,0-9,0-9,5
حَلْمَزِة,7almaze,7almaze,True,9,7,0-9,0-9,2
زِلْزَال,zilzaal,zalaazil,False,8,7,0-9,0-9,1
يِتْهَتَّك,yithattik,yithattik,True,10,9,10-19,0-9,1
نِشِز,nashshiz,nashshiz,True,5,8,0-9,0-9,5
نَخْلَة,nakhle,nakhle,True,7,6,0-9,0-9,5
أَعطوس بَالذِّل من أخله,2a3uuzu billaa min 2issakht,2a3uuzu billaa min 2akhtil,False,23,27,20-29,20-29,4
تَشَيُّك,tshayyak,tshayyak,True,8,8,0-9,0-9,2
اِسْتِعْرَا,2ista3aar,2isti3raar,False,11,9,10-19,0-9,4
يُسْقُط,yisqut,ysaqqit,False,7,6,0-9,0-9,1
مَشَط,misht,mashshit,False,5,5,0-9,0-9,2
أُنْذُل,2andal,2andal,True,7,6,0-9,0-9,3
نِمّ,nimm,namm,False,4,4,0-9,0-9,2
غِيبِة,ghiibe,gheebe,False,6,6,0-9,0-9,3
يخَتْلِس,yikhtilis,yikhtilis,True,8,9,0-9,0-9,3
يِتْفَعْكَش,yitfa3kash,yitfa3kash,True,11,10,10-19,10-19,1
يِنْشَرّ,ynashshir,yunshur,False,8,9,0-9,0-9,4
يخَطِّب,ykhattib,yikhtub,False,7,8,0-9,0-9,2
يْرَمِّي,yrammi,yrammi,True,8,6,0-9,0-9,3
اِحْتَمى,2i7tama,2i7tama,True,8,7,0-9,0-9,2
نِصِر,nassir,nassir,True,5,6,0-9,0-9,5
اِشْطُف,2ushtuf,2ushtuf,True,7,7,0-9,0-9,4
يِزْحَق,yiz7aq,yiz7aq,True,7,6,0-9,0-9,2
اِنْتَهَك,2intahak,2intihik,False,9,8,0-9,0-9,2
شِيلِة,sheele,sheele,True,6,6,0-9,0-9,1
مْتَأْخِر,mit2akhkhir,mit2akhkhir,True,9,11,0-9,10-19,3
يُوخِذ,yookhidh,yookhidh,True,6,8,0-9,0-9,3
مُفَبْرَك,mfabrak,mfabrak,True,9,7,0-9,0-9,5
لَولَصَة,loolasa,loolasa,True,8,7,0-9,0-9,1
شَحْوَيطَة,shu7weeta,shu7weeta,True,10,9,10-19,0-9,2
اِسْتَفْرِغ,2istafragh,2istafrigh,False,11,10,10-19,10-19,2
اليوم,2ilyoom,2ilyoom,True,5,7,0-9,0-9,3
يِنْوَهِب,yinwihib,yinwihib,True,9,8,0-9,0-9,4
مِسْنِي,misni,misni,True,7,5,0-9,0-9,4
جَامَّع,jaama3,jaami3,False,7,6,0-9,0-9,5
لَوَّش,lawwish,lawwash,False,6,7,0-9,0-9,1
حَرِيم,7rayyim,7ariim,False,6,7,0-9,0-9,1
اِحْتَضَر,2i7tadar,2i7tadar,True,9,8,0-9,0-9,3
مْفَرْفِدّ,mfarfid,mfarfid,True,10,7,10-19,0-9,4
مُسَرِّف,musrif,musrif,True,8,6,0-9,0-9,3
اِحْتِطَاي,2i7tiyaat,2i7tiyaat,True,10,9,10-19,0-9,5
يرَيِّح,yrayyi7,yrayyi7,True,7,7,0-9,0-9,1
عَاهِرَة,3aahre,3aahre,True,8,6,0-9,0-9,3
عَرَاقِيِّة,3iraagiyye,3araaqiyye,False,11,10,10-19,10-19,3
اِفَّغَم,2ifgham,2ifgham,True,8,7,0-9,0-9,5
اللِّي خَلَّف مَا مَشَت,2illi khallaf maa matish,2illi khallaf maa matish,True,23,24,20-29,20-29,1
جِوز,jawwiz,jawwaz,False,4,6,0-9,0-9,5
خَصَّال,khisaal,khassaal,False,7,7,0-9,0-9,1
سِكِن,sakkan,sakkin,False,5,6,0-9,0-9,5
مْسَلْوَق,masluuq,masluuq,True,9,7,0-9,0-9,3
اِتْخَبَّس,2itbakhkhas,2itkhabbas,False,10,11,10-19,10-19,2
يِبْعِثِر,yba3tir,yba3tir,True,9,7,0-9,0-9,5
اِنْبَرِش,2inbirish,2inbarash,False,9,9,0-9,0-9,5
يُبْصُم بَالعَشَرِة,yubsum bil3ashra,yubsum bil3ashra,True,19,16,10-19,10-19,2
اِدْسِس,daasis,2idsis,False,7,6,0-9,0-9,3
غَمِض,ghimid,ghammid,False,5,6,0-9,0-9,5
طُسْطُسِة,tastase,tastase,True,9,7,0-9,0-9,2
يَرَاجِد,yraajid,yraajid,True,8,7,0-9,0-9,4
يوَرِّب,yuurib,ywarrib,False,7,6,0-9,0-9,1
اِنْشِد,2inshid,2inshadd,False,7,7,0-9,0-9,2
أُخُوث,2akhwat,2akhwat,True,6,7,0-9,0-9,2
بَرْوِش,broosh,broosh,True,7,6,0-9,0-9,3
يِمْلُك,yimlik,ymallik,False,7,6,0-9,0-9,4
بِلْوِة,balwe,balwe,True,7,5,0-9,0-9,4
يَوسِع,ywassi3,yuusa3,False,6,7,0-9,0-9,4
اِتَلَفُّظ,2itlaffaz,2itlaffaz,True,10,9,10-19,0-9,3
يهَوِّه,yhawhiw,yhawhiw,True,7,7,0-9,0-9,1
حَيلِة,7iile,7iile,True,6,5,0-9,0-9,3
أَخَّر,2akhkhir,2akhkhar,False,6,8,0-9,0-9,4
هَوِي,hawwi,hawwi,True,5,5,0-9,0-9,2
مُسَاهَمِة,musaahame,musaahame,True,10,9,10-19,0-9,1
اِسْتَحِّل,2ista7ill,2ista7all,False,10,9,10-19,0-9,5
مَلْيَن,malyin,malyin,True,7,6,0-9,0-9,1
المْشَقْلِة,2ilimshallaka,2ilimshallaka,True,11,13,10-19,10-19,5
اِسْتَرِيض,2istardi,2istardi,True,10,8,10-19,0-9,2
تْنَعْنَش,tna3nash,tna3nash,True,9,8,0-9,0-9,1
اِحْلِم,2i7lam,2i7lim,False,7,6,0-9,0-9,1
يِتْفِرْطِح,yitfarta7,yitfarta7,True,11,9,10-19,0-9,3
قَتَل,qattal,qattal,True,5,6,0-9,0-9,3
يِخْفَض,ykhaffid,ykhaffid,True,7,8,0-9,0-9,5
حَرَك,7irik,7arrik,False,5,5,0-9,0-9,1
طُوع,too3,tawwi3,False,4,4,0-9,0-9,3
اِرْتِدّ,2irtadd,2irtadd,True,8,7,0-9,0-9,3
أَصْلَاح,2islaa7,2aslaa7,False,8,7,0-9,0-9,5
تْسُول,tsawwal,tsawwal,True,6,7,0-9,0-9,4
يِقْبُر,yqabbir,yqabbir,True,7,7,0-9,0-9,3
حِقِل,7aqil,7aqil,True,5,5,0-9,0-9,5
يٍمْتِنِع,yimtani3,yimtani3,True,9,8,0-9,0-9,3
أَولاد إِمبَارح,2awlaad 2imbaari7,2awlaad 2imbaari7,True,15,17,10-19,10-19,3
اِنِعْوِر,2in3iwir,2in3iwir,True,9,8,0-9,0-9,5
جِلِس,jallis,jallis,True,5,6,0-9,0-9,4
يِتوَاعَد,yitwaa3ad,yitwaa3ad,True,9,9,0-9,0-9,4
فَاءَل,faa2al,faa2al,True,6,6,0-9,0-9,2
سِبَاع,sbaa3,sbaa3,True,6,5,0-9,0-9,5
رَفِّش,raffash,raffish,False,6,7,0-9,0-9,3
بَغْدِد,baghdid,baghdid,True,7,7,0-9,0-9,2
اِنْفَغَم,2infighim,2infagham,False,9,9,0-9,0-9,4
صَلَّب,salab,salb,False,6,5,0-9,0-9,2
بَخَّر,bakhkhir,bakhkhir,True,6,8,0-9,0-9,2
اِتوَآلَف,2it2aalaf,2itwaalaf,False,9,9,0-9,0-9,5
يقَرّ,yqurr,yqurr,True,5,5,0-9,0-9,5
مَطَارَدِة,mutaarade,mtaarade,False,10,9,10-19,0-9,4
حَوبِشِة,7oobashe,7oobashe,True,8,8,0-9,0-9,2
خِدُود,khuduud,khuduud,True,6,7,0-9,0-9,5
لَغْمَص,laghmis,laghmis,True,7,7,0-9,0-9,2
مَشْقُول,mashqkuul,mashqkuul,True,8,9,0-9,0-9,1
سَوَد,suud,sawwad,False,5,4,0-9,0-9,5
دِعِك,da3ik,da3ak,False,5,5,0-9,0-9,5
طَسَاس,tassaas,tassaas,True,6,7,0-9,0-9,3
عِلِّيقَة,3aliiqkga,3aliiqkga,True,9,9,0-9,0-9,5
جَعِينِة,3ajiine,dja3iine,False,8,7,0-9,0-9,5
يمَهْمِز,ymahmiz,ymahmiz,True,8,7,0-9,0-9,1
أَكَوَّان,2akwaan,2akwaan,True,9,7,0-9,0-9,3
اِنْطِبِش,2itabash,2intabash,False,9,8,0-9,0-9,4
آز,2aazir,2aaziz,False,2,6,0-9,0-9,5
يِنْطُر,yuntur,yuntur,True,7,6,0-9,0-9,2
خُنْتَرِيش,khantariish,khantariish,True,10,11,10-19,10-19,2
يِكْرِك,ytshartshir,ykarkir,False,7,11,0-9,10-19,3
رَسْمَة عين,rasmit 3een,rasmit 3een,True,11,11,10-19,10-19,5
خَبَرَة,khibra,khabra,False,7,6,0-9,0-9,3
عَتَّم,3attim,3attim,True,6,6,0-9,0-9,1
بَعْبَص,ba3bas,ba3bas,True,7,6,0-9,0-9,2
مْقَصْوَص,maqsuus,maqsuus,True,9,7,0-9,0-9,4
طُم,tamm,tumm,False,3,4,0-9,0-9,4
تَقْوَع,tqooqa3,tkuu3,False,7,7,0-9,0-9,2
شُوفِة,shoofe,shoofe,True,6,6,0-9,0-9,2
تَشَخُّصي,tashkhiis,tashkhiis,True,9,9,0-9,0-9,2
يُؤْسُس,y2assis,y2assis,True,7,7,0-9,0-9,2
أَصْفِر,2asfar,2asfar,True,7,6,0-9,0-9,4
قَرِّف,qarraf,qarrif,False,6,6,0-9,0-9,3
اِتَقَدَّم,2itqaddam,2itqaddam,True,10,9,10-19,0-9,2
سِائِل,saa2il,saa2il,True,6,6,0-9,0-9,5
يِتْمَرْسَم,yitmasmar,yitmarsa7,False,11,9,10-19,0-9,5
يدَبِّس,ydabbis,ydabbis,True,7,7,0-9,0-9,1
خِمِع,khama3,khammi3,False,5,6,0-9,0-9,4
فَهْلَق,fahlaq,fahlaq,True,7,6,0-9,0-9,2
دَايْة,daaye,daaye,True,6,5,0-9,0-9,5
مَصْرَان,musraan,musraan,True,8,7,0-9,0-9,5
شَيَّع,shii3,shayyi3,False,6,5,0-9,0-9,2
وِخْرِي,wakhri,wakhri,True,7,6,0-9,0-9,3
لَا من ثِمُّه ولَا مِن كُمُّه,laa min timmo wala min kimmo,laa min timmow la min kimmo,False,29,28,20-29,20-29,4
يِنْسَحِل,yinsi7il,yinsi7il,True,9,8,0-9,0-9,4
اِغْلَي,2ighli,2ighli,True,7,6,0-9,0-9,4
اُزْطُم,zaatam,2uztum,False,7,6,0-9,0-9,5
مْخَصِّص,mkhassas,mkhassas,True,8,8,0-9,0-9,1
يطَهْبَج,ytahbij,ytahbij,True,8,7,0-9,0-9,2
يْحَسِّن,y7assin,yi7sin,False,8,7,0-9,0-9,5
أَنْت قَدْهَا,2inta qadha,2inta qadha,True,13,11,10-19,10-19,1
عْوَالِة,3awaale,3awaale,True,8,7,0-9,0-9,3
يِتْضَبْيَب,yiddabdab,yiddabdab,True,11,9,10-19,0-9,2
اِتْبِلِح,2itballa7,2itballa7,True,9,9,0-9,0-9,5
اِشَحِّذ,2ish7ad,2ish7ad,True,8,7,0-9,0-9,5
نَقْزِة,nuqkze,nuqkze,True,7,6,0-9,0-9,1
اِنْكَحَش,2inka7ash,2inka7ash,True,9,9,0-9,0-9,1
قَرَّعَة,qar3a,qur3a,False,8,5,0-9,0-9,5
اِنْغُر,2ingharr,2ingharr,True,7,8,0-9,0-9,3
اِرْطُن,2irtun,2irtun,True,7,6,0-9,0-9,1
طَوريِّة,tuuriyye,tuuriyye,True,8,8,0-9,0-9,5
شَدَّاد,shdaad,shdaad,True,7,6,0-9,0-9,1
اِشْبُط,shaabat,2ushbut,False,7,7,0-9,0-9,4
طَاقِق شُرُش الحَيَاء,taaqiq shirsh 2il7aya,taaqiq shirsh 2il7aya,True,21,21,20-29,20-29,2
اِسْتَجْوَب,2istajwab,2istajwab,True,11,9,10-19,0-9,3
تَحَدُّى,t7adda,t7adda,True,8,6,0-9,0-9,3
اِنْفِزِع,2infizi3,2infizi3,True,9,8,0-9,0-9,1
حِوِي,7iwi,7awwi,False,5,4,0-9,0-9,3
اِلْمِز,2ilmiz,2ilmiz,True,7,6,0-9,0-9,2
أَجِزَّاء,2ajzaa2,2ajzaa2,True,9,7,0-9,0-9,5
يُسْقِي,yisqi,ysaqqi,False,7,5,0-9,0-9,3
وَكَل,wakkal,wakkil,False,5,6,0-9,0-9,4
يٍتْخَمَّش,yitkhammash,yitkhammash,True,10,11,10-19,10-19,4
تْفَرَّط,tfarrat,tfarrat,True,8,7,0-9,0-9,1
قَرْقَضَة,qarqada,qarqada,True,9,7,0-9,0-9,1
لَابِس,laabis,laabis,True,6,6,0-9,0-9,1
سَنَان,snaan,snaan,True,6,5,0-9,0-9,1
نَحِّف,na77af,na77if,False,6,6,0-9,0-9,3
يِتَشَطُّر,yitshattar,yitshattar,True,10,10,10-19,10-19,4
فْخَارَة,fakhkhaara,fakhkhaara,True,8,10,0-9,10-19,3
تُسَبُّع,tsabba3,tsabba3,True,8,7,0-9,0-9,5
رِادِد,raadid,raadid,True,6,6,0-9,0-9,5
لِدَن,laddin,laddan,False,5,6,0-9,0-9,5
يِتَجَاهَل,yitjaahal,yitjaahal,True,10,9,10-19,0-9,3
يِتْبَسَّط,yibassat,yitbassat,False,10,8,10-19,0-9,1
اِنِغْمَاس,2inghimaas,2inghimaas,True,10,10,10-19,10-19,5
مُبَنَّج,mbannaj,mbannaj,True,8,7,0-9,0-9,3
رَبَّع,rubu3,rab3an,False,6,5,0-9,0-9,3
شَوَّام,shawaam,shawaam,True,7,7,0-9,0-9,3
يِحْمَدّ,yi7mid,yi7mid,True,8,6,0-9,0-9,4
اِحْمِر,2i7marr,2i7marr,True,7,7,0-9,0-9,2
أَوْدَع,2awda3,2awda3,True,7,6,0-9,0-9,1
رجل أعمَال,rajul 2a3maal,rajul 2a3maal,True,10,13,10-19,10-19,1
غَرَض,gharad,gharrad,False,5,6,0-9,0-9,1
يِنْظَرّ,yinzur,yunzur,False,8,6,0-9,0-9,4
اِنْفَتَر كليت,2infarat kilyiti,2infarat kilyiti,True,14,16,10-19,10-19,4
نِقِح,naqqi7,naqqa7,False,5,6,0-9,0-9,5
شُرُكَاء,shurakaa2,shurakaa2,True,8,9,0-9,0-9,4
بيِلْعَب بْذِيلُه,byil3ab bdeelo,byil3ab bdeelo,True,17,14,10-19,10-19,3
تْجَغْلَف,tjaghlaf,tjaghlaf,True,9,8,0-9,0-9,1
حَلِق,7allaq,7allaq,True,5,6,0-9,0-9,5
عَرَم,3aram,3arram,False,5,5,0-9,0-9,2
دَمِج,damij,damaj,False,5,5,0-9,0-9,5
قطع الأزو قَالع أنَاطع,qati3 2il2a3naaq wala qati3 2il2arzaaq,qati3 2il2a3naaq wala qati3 2il2aa3,False,22,38,20-29,30-39,2
أُخْت زَلَام,2ukht zlaam,2ukht zlaam,True,12,11,10-19,10-19,3
تَصَرْمُح,tsarma7,tsarma7,True,9,7,0-9,0-9,3
تْجَارَب,tajaarub,tjaarab,False,8,8,0-9,0-9,1
مِشْخَالِة,mishkhaale,mishkhaale,True,10,10,10-19,10-19,2
تْجَبْجَب,tdjabdjab,tdjabdjab,True,9,9,0-9,0-9,2
النَّشِيد الطَّوَنِي,2innashiid 2ilwatani,2innashiid 2ilwatani,True,20,20,20-29,20-29,2
جَحِش,ja7ish,ja77ash,False,5,6,0-9,0-9,5
نُحُور,nu7uur,nu7uur,True,6,6,0-9,0-9,1
يِنِطْمِر,yintimir,yinitmir,False,9,8,0-9,0-9,4
نَخَّز,nakhkhiz,nakhkhiz,True,6,8,0-9,0-9,1
الدَّين مَا بتِدْهَك مِن الثِمَّك بَوه,2izzaytuune mitil maa biddak minha bidha minnak,2izzaytuune mitil maa biddak minha bidha mina bidha bin,False,38,47,30-39,40-49,5
جَدّ,jidd,jidd,True,4,4,0-9,0-9,1
بَحَّر,ba77ir,ba77ir,True,6,6,0-9,0-9,2
زير طُفَّاح,ziir tfaa7,ziir tfaa7,True,11,10,10-19,10-19,2
اِسْتَلْخَص,2istakhlis,2istakhlas,False,11,10,10-19,10-19,5
يِرْتُب,yrattib,yrattib,True,7,7,0-9,0-9,2
بَرَص,barras,barras,True,5,6,0-9,0-9,1
اِسْتِضَافَة,2istidaafe,2istidaafe,True,12,10,10-19,10-19,5
تْحَنْيَص,ta7niis,ta7niis,True,9,7,0-9,0-9,4
اِقْتَحَام,2iqti7aam,2iqti7aam,True,10,9,10-19,0-9,2
اِنْمِعِط,2inmi3it,2inma3at,False,9,8,0-9,0-9,2
قَتَّل,qattil,qattal,False,6,6,0-9,0-9,1
يعَتْرِس,y3atris,y3atris,True,8,7,0-9,0-9,1
وَلَّع,walli3,walli3,True,6,6,0-9,0-9,1
الجوز في البيت رحمة لو كَان فحمة,2iljooz filbeet ra7me 7atta law kaan fa7me,2iljooz filbeet ra7me 7atta law kaan fa7me,True,32,42,30-39,40-49,3
هُجُونِة,hoodjane,hoodjane,True,8,8,0-9,0-9,2
ضُوَى,dawwa,dawwi,False,5,5,0-9,0-9,4
تَرَمْمِيم,tarmiim,tarmiim,True,10,7,10-19,0-9,4
مْحَتْوِي,mi7tawi,mi7tawi,True,9,7,0-9,0-9,4
نَبَت,nabbat,nabbat,True,5,6,0-9,0-9,1
جْلَاخ,jallaakh,jlaakh,False,6,8,0-9,0-9,1
عَرَابِيد,3araabiid,3araabiid,True,9,9,0-9,0-9,1
يِنْخَصِم,yinkhisim,yinkhisim,True,9,9,0-9,0-9,4
مْجَلَّد,mjallad,mjallid,False,8,7,0-9,0-9,1
تَجَوُّل,tajawwul,tjawwal,False,8,8,0-9,0-9,2
رَوَّب,rawwib,rawwab,False,6,6,0-9,0-9,4
مُقَاضِي,maqaadi,maqaadi,True,8,7,0-9,0-9,3
شَرَف,sharaf,sharrif,False,5,6,0-9,0-9,1
تْهَايَف,thaayaf,thaayaf,True,8,7,0-9,0-9,1
يِرْنُخ,yrannikh,yrannikh,True,7,8,0-9,0-9,3
اُوزِن,2uuzin,2uuzin,True,6,6,0-9,0-9,1
كَنَّس,kannas,kannis,False,6,6,0-9,0-9,1
اِنْعِوِر,2in3awar,2in3iwir,False,9,8,0-9,0-9,2
فَشْكِل,fashkil,fashkal,False,7,7,0-9,0-9,2
مُبْعَثَر,mba3tar,mba3tar,True,9,7,0-9,0-9,5
اِنْفُق,2unfuq,2unfuq,True,7,6,0-9,0-9,2
غِرَاب البَين,ghraabil been,ghraab 2ilbeen,False,13,13,10-19,10-19,2
هِمِط,hamat,hammit,False,5,5,0-9,0-9,5
شَطَب,shattib,shattib,True,5,7,0-9,0-9,1
تْبِقْرِن,tbaqran,tbaqran,True,9,7,0-9,0-9,4
خيمة زَرْقَا,khiime zarqa,kheeme zarqa,False,12,12,10-19,10-19,2
دَلِّع,dala3,dalli3,False,6,5,0-9,0-9,2
عدو جدك مَابحبك حتى لو عبدته مثل ربك,3adu jiddak maa bi7ibbak 7atta law 3abadto mitil rabbak,3aduu jiddak maa bi7ibbak 7atta law 3abadto mitil rab,False,36,55,30-39,50-59,2
ثَمِين,samiin,tamiin,False,6,6,0-9,0-9,1
تْحَزَّف,t7affaz,t7affaz,True,8,7,0-9,0-9,2
يِنْدُغ,yindugh,yindugh,True,7,7,0-9,0-9,2
زَرَدِة,zarade,zarade,True,7,6,0-9,0-9,1
حَجَّز,7ajaz,7ajaz,True,6,5,0-9,0-9,2
اِنْوَعِد,2inwi3id,2inwi3id,True,9,8,0-9,0-9,5
صِلة الرَّحِم,silat 2arra7im,salat 2irra7im,False,13,14,10-19,10-19,5
قُعُود,qk3uud,qk3uud,True,6,6,0-9,0-9,1
طَرَق,tarqa3,tarriq,False,5,6,0-9,0-9,4
يْتَكْتِف,yitkattaf,yitkattaf,True,9,9,0-9,0-9,4
إِحِنَا,2i7na,2i7na,True,7,5,0-9,0-9,5
دَحَّ,da77,da77,True,5,4,0-9,0-9,5
يِنْخَرَب,ynakhrib,yinkhirib,False,9,8,0-9,0-9,5
لِمِح,lama7,lammi7,False,5,5,0-9,0-9,4
اِتَنْعَب,2itna3bal,2itna3bal,True,9,9,0-9,0-9,4
تَشْرِيع,tashrii3,tashrii3,True,8,8,0-9,0-9,1
يِطِئ,yati2,yati2,True,5,5,0-9,0-9,3
اِرْتِكِز,2irtakaz,2irtikiz,False,9,8,0-9,0-9,2
اِتْدِخْمِس,2iddakhmas,2iddakhmas,True,11,10,10-19,10-19,5
اِتَعَالَى,2it3aala,2it3aala,True,10,8,10-19,0-9,3
بَلَّع,bili3,balla3,False,6,5,0-9,0-9,3
تَكَرْرِي,takriir,takriir,True,9,7,0-9,0-9,2
لَعِّن,la33in,la33an,False,6,6,0-9,0-9,3
مَقَذْوِع,magdhuu3,magdhuu3,True,9,8,0-9,0-9,5
يِتَضَمُّن,yiddamman,yiddamman,True,10,9,10-19,0-9,3
مَخْوِل,mukhawwal,mkhawwil,False,7,9,0-9,0-9,3
البن بتوَاس بعجه,2ilbanaat bsaba3 wujuuh,2ilbatin btibtisawaab 3ajha,False,16,23,10-19,20-29,3
بَحْبَوح,ba7buu7,ba7buu7,True,8,7,0-9,0-9,4
يِفْجُر,yfajjir,yufjur,False,7,7,0-9,0-9,3
تْشِيخ,tshayyakh,tshayyakh,True,6,9,0-9,0-9,4
مْحِلْفِش,m7alfish,m7alfish,True,9,8,0-9,0-9,4
جِعْجِل,dju3djul,ja3jal,False,7,8,0-9,0-9,4
كَحِي,ki7i,ka77i,False,5,4,0-9,0-9,2
اِتَّخَرُّج,2itkharraj,2itkharraj,True,11,10,10-19,10-19,2
يِنْبَرّ,yunbur,yunbur,True,8,6,0-9,0-9,4
تَرْقَم,traqqam,traqqam,True,7,7,0-9,0-9,4
يِسْـتَأْصِل,yista2sil,yista2sil,True,12,9,10-19,0-9,3
مُتَرَوِّس,matruus,mitrawwis,False,10,7,10-19,0-9,2
خَنِّب,khanab,khanab,True,6,6,0-9,0-9,3
عَالعَفْيَاة,3al3aafye,3al3afyaaye,False,12,9,10-19,0-9,4
طَهْبِج,tahbij,tahbij,True,7,6,0-9,0-9,1
لِهْمِد,lahmad,lahmid,False,7,6,0-9,0-9,4
اُخْفُق,khaafi2,2ukhfuq,False,7,7,0-9,0-9,4
يِدَّشَع,yidsha3,yidsha3,True,8,7,0-9,0-9,4
مَوجِة وتِصِيِّة,mooje sawtiyye,mooje sawtiyye,True,16,14,10-19,10-19,5
نُرْفُوز,narfuuz,narfuuz,True,8,7,0-9,0-9,3
بَالع قُنْدَرَة بَالعرض,baali3 qkundara bil3ard,baali3 qkundara bil3ard,True,23,23,20-29,20-29,1
فُسُوق,fusuuq,fusuuq,True,6,6,0-9,0-9,1
اِتْبِلْطِن,2itbaltan,2itbaltan,True,11,9,10-19,0-9,3
قَحِف,qka77if,qka77af,False,5,7,0-9,0-9,4
حِلِب,7alab,7alab,True,5,5,0-9,0-9,2
مَرَّارَاة,mraaraa,mraaraa,True,10,7,10-19,0-9,4
غَلَف,ghallif,ghallif,True,5,7,0-9,0-9,1
لَمَع,lamma3,lammi3,False,5,6,0-9,0-9,1
مُهَذْرَب,mhadhrib,mhadhrib,True,9,8,0-9,0-9,4
رَهْدِل,rahdal,rahdal,True,7,6,0-9,0-9,3
رَاقْي,raaqi,raaqi,True,6,5,0-9,0-9,4
شُرَّيعَة,sharii3a,sharii3a,True,9,8,0-9,0-9,3
يفَاقِر,yfaariq,yfaaqir,False,7,7,0-9,0-9,2
وَسِع,wasa3,wassi3,False,5,5,0-9,0-9,5
عِجْبِة,3ijbe,3ijbe,True,7,5,0-9,0-9,1
رَفَّل,raffil,raffil,True,6,6,0-9,0-9,1
يلَزِّق,yilzaq,ylazziq,False,7,6,0-9,0-9,1
لِجِم,ladjam,ladjam,True,5,6,0-9,0-9,4
مُحَارِم,ma7aariim,ma7aariim,True,8,9,0-9,0-9,3
اِسْتَرْشَق,2istashriq,2istashraq,False,11,10,10-19,10-19,4
خَنْطَلِة,khantale,khantale,True,9,8,0-9,0-9,1
اِكْلِح,2ikla7,2ikla7,True,7,6,0-9,0-9,3
قُرْبُع,karba3,karbi3,False,7,6,0-9,0-9,3
الأوتَار الصَاية,2il2awtaar 2issawtiyye,2il2awtaar 2issaaye,False,16,22,10-19,20-29,4
بُقَّالِة,baqqaale,baqqaale,True,9,8,0-9,0-9,4
رَهِن,rahan,rahan,True,5,5,0-9,0-9,4
قَدِّر,qaddar,qaddir,False,6,6,0-9,0-9,3
أَشْرَقت ون,2ashraqat wu2anwarat,2ashraqat wu2anwar,False,11,20,10-19,20-29,4
فِرْفَرَة,farfara,farfara,True,9,7,0-9,0-9,3
يجَرِّح,yijra7,yijra7,True,7,6,0-9,0-9,1
اِعْتِذِر,2i3tizir,2i3tizir,True,9,8,0-9,0-9,1
يُمْكُث,yumkuth,yumkuth,True,7,7,0-9,0-9,1
تْلَغْصَم,tlaghmas,tlaghmas,True,9,8,0-9,0-9,5
أُمِّة لَا إِله إِلَا,2ummit laa 2ilaha 2illa 2allaa,2ummit laa 2ilaha 2ila 2ila,False,21,30,20-29,30-39,3
شَرْبُوح,sharbuu7,sharbuu7,True,8,8,0-9,0-9,1
تَمْسَك,tmassak,tmaskar,False,7,7,0-9,0-9,5
مَنْجِعِي,minji3i,munju3i,False,9,7,0-9,0-9,4
اِتَبَاوَس,2itbaawas,2itbaawas,True,10,9,10-19,0-9,2
نَام عَذَانه,naam 3adaano,naam 3adaano,True,12,12,10-19,10-19,3
يُحْبُك,y7abbik,y7abbik,True,7,7,0-9,0-9,3
تْعَالَق,t3aalaq,t3aalaq,True,8,7,0-9,0-9,2
نِفْسُه طيبة,nifso taybe,nifso taybe,True,12,11,10-19,10-19,1
اِعْزِم,3aazim,2i3zim,False,7,6,0-9,0-9,3
مِبْزِرَة,mabzara,mabzara,True,9,7,0-9,0-9,4
فَطِر,fattir,fattir,True,5,6,0-9,0-9,4
عَادِى,3aada,3aada,True,6,5,0-9,0-9,3
غِنِي,ghini,ghani,False,5,5,0-9,0-9,3
شَلْوَن,shloon,shloon,True,7,6,0-9,0-9,3
ذَاكِرَة الجهز,zaakirat 2iljihaaz,zaakirat 2iljihiz,False,14,18,10-19,10-19,4
أَرْوَح,2arwa7,2arwa7,True,7,6,0-9,0-9,1
مُحَارَة,m7aara,m7aara,True,8,6,0-9,0-9,1
سِرَاوِيل,saraawiil,saraawiil,True,9,9,0-9,0-9,3
مِسْتَنْزِف,mustanzaf,mustanzif,False,11,9,10-19,0-9,3
خَرَامِيش,kharaashiim,kharaamiish,False,9,11,0-9,10-19,2
عَين البَيَادِر,3een 2ilbayaadir,3een 2ilbayaadir,True,15,16,10-19,10-19,1
فَلَّاحِي,fallaa7i,fallaa7i,True,9,8,0-9,0-9,2
عَاشَت الأسمَاي,3aashat 2il2asaami,3aashat 2il2asaami,True,15,18,10-19,10-19,3
مِتَاع,mataa3,mataa3,True,6,6,0-9,0-9,5
اِتْشَبْقَر,2itshabraq2,2itshabraq2,True,11,11,10-19,10-19,3
لَوِّح,lawa7,lawwi7,False,6,5,0-9,0-9,4
عَكَفّ عَفِرِيت,3akaff 3ifriit,3akaff 3afriit,False,15,14,10-19,10-19,5
عُرَّاقِيِّة,3iraagiyye,3araaqiyye,False,12,10,10-19,10-19,4
يْتَسْتِت,yitsattat,yitsattat,True,9,9,0-9,0-9,3
اِعْئِق,3aa2iq,3aa2iq,True,7,6,0-9,0-9,5
اُنْهُش,2inhash,2inhash,True,7,7,0-9,0-9,4
حَثِل,7ithil,7ithl,False,5,6,0-9,0-9,5
زُعْرُبِة,za3rabe,za3rabe,True,9,7,0-9,0-9,5
قَدَّير,qadiir,qadiir,True,7,6,0-9,0-9,3
يُئْلُف,yi2laf,yi2laf,True,7,6,0-9,0-9,3
جُزّ,jazz,jazz,True,4,4,0-9,0-9,5
اُعْرُبا,2i3raab,2i3raab,True,8,7,0-9,0-9,5
مْعَنْتِر,m3antir,m3antir,True,9,7,0-9,0-9,1
يتِسِع,ytassi3,ytassi3,True,6,7,0-9,0-9,4
أَنَاب,2anaab,2anaab,True,6,6,0-9,0-9,1
تَقْحِيق,ta7qiiq,taq7iiq,False,8,7,0-9,0-9,5
اِنْغَفَل,2inghafal,2inghifil,False,9,9,0-9,0-9,2
اِقْرَقّ,2uqruq,2uqruq,True,8,6,0-9,0-9,5
فُنْجَالِي,fanajiil,fanajiil,True,10,8,10-19,0-9,4
يُثْقُف,ysaqqif,yusquf,False,7,7,0-9,0-9,4
اِسْتَدِرّ,2istadarr,2istadirr,False,10,9,10-19,0-9,3
أَوْشَك,2awshak,2awshak,True,7,7,0-9,0-9,1
بَدْعَة,bida3,bid3a,False,7,5,0-9,0-9,2
صَمَادِة,sammade,sammade,True,8,7,0-9,0-9,2
اِنْسَكِب,2insakib,2insakab,False,9,8,0-9,0-9,5
مْسَلَّخ,maslakh,msallikh,False,8,7,0-9,0-9,3
جَارّ,jaar,jaar,True,5,4,0-9,0-9,2
مَعْدَتُه شِيِّة,mi3idto shiyye,ma3dato shiyye,False,16,14,10-19,10-19,4
ظْرَافِة,zaraafe,zaraafe,True,8,7,0-9,0-9,3
اِتْجَعَّش,2itshajja3,2itshajja3,True,10,10,10-19,10-19,4
اِتْعَبْرَق,2it3abqar,2it3abqar,True,11,9,10-19,0-9,3
اِلْعِفو,2il3afu,2il3afu,True,8,7,0-9,0-9,5
اِنْقَهَر,2inqihir,2inqahar,False,9,8,0-9,0-9,2
تَسَنْفَر,tsanfar,tsanfar,True,9,7,0-9,0-9,2
تَهَايُف,thaayaf,thaayaf,True,8,7,0-9,0-9,3
اِنْخَنَق,2inkhiniq,2inkhanaq,False,9,9,0-9,0-9,1
تِجَاوُز,tjaawaz,tjaawaz,True,8,7,0-9,0-9,5
يِتْمَرَّن,yitmarran,yitmarran,True,10,9,10-19,0-9,1
فَرَحَان,far7aan,far7aan,True,8,7,0-9,0-9,4
يتْيَيَّمَن,yityamman,yityamman,True,11,9,10-19,0-9,3
مُسْتَهْلَك,mustahlik,mustahlik,True,11,9,10-19,0-9,2
غَرَم,gharram,gharram,True,5,7,0-9,0-9,2
صَلِّع,salla3,salla3,True,6,6,0-9,0-9,1
اُعْطِي,2i3ti,2i3ti,True,7,5,0-9,0-9,2
يأوِّي,yi2wi,yi2wi,True,6,5,0-9,0-9,1
حَشَد,7ashd,7ashshid,False,5,5,0-9,0-9,1
مْغَلَّف,mughallaf,mughlif,False,8,9,0-9,0-9,1
أَنْذُر,2anzar,2anzar,True,7,6,0-9,0-9,4
هَاوُش,haawash,haawash,True,6,7,0-9,0-9,5
اِحْزِم,2i7zim,2i7zim,True,7,6,0-9,0-9,1
وَقْتِيش,waqkgteesh,waqkgteesh,True,8,10,0-9,10-19,2
اِدْعَم,2id3am,2id3am,True,7,6,0-9,0-9,2
يَوم الطَّحْمِينُه,yoom 2itta77aan yoomo,yoom 2itta7aan yoomo,False,18,21,10-19,20-29,5
ثُقَف,saqqif,saqqif,True,5,6,0-9,0-9,4
مْبَيِّن علَيه,mbayyin 3alee,mbayyin 3alee,True,14,13,10-19,10-19,3
مُحَمْرَط,m7amrit,m7amrit,True,9,7,0-9,0-9,5
يتْرَخَّص,yitrakhkhas,yitrakhkhas,True,9,11,0-9,10-19,2
يثُور,ythawwir,ysuur,False,5,8,0-9,0-9,2
سَعْدَن,sa3dan,sa3dan,True,7,6,0-9,0-9,1
جِمِد,jammad,jammid,False,5,6,0-9,0-9,5
رَعَش,ra3ash,ra3ash,True,5,6,0-9,0-9,1
سِجْلَون,sajloon,sajloon,True,8,7,0-9,0-9,2
تِجْصِيص,tadjsiis,tadjsiis,True,8,8,0-9,0-9,5
طَرَى الجَوّ,tarra 2iljaww,tarra 2iljaww,True,12,13,10-19,10-19,1
اِتْزَمَّع,2itza33am,2itmazza3,False,10,9,10-19,0-9,4
عِمْرَة,3umra,3umra,True,7,5,0-9,0-9,5
اِتْغَنْغَن,2itnaghnagh,2itghanghan,False,11,11,10-19,10-19,4
ثَانِي,taani,taani,True,6,5,0-9,0-9,1
اِبَس,baas,baas,True,5,4,0-9,0-9,5
سِد نفسي,sadd nifsi,sidd nifsi,False,8,10,0-9,10-19,2
قَيَّس,qayyis,qayyas,False,6,6,0-9,0-9,2
أُقْسَاط,2aqsaat,2aqsaat,True,8,7,0-9,0-9,2
وَكْبَر,wakbar,wakbir,False,7,6,0-9,0-9,1
اِتْعَكْشَن,2it3ankash,2it3ankash,True,11,10,10-19,10-19,5
طِلِع مِن عيني,tili3 min 3eeni,tili3 min 3eeni,True,14,15,10-19,10-19,3
مِن سنة سيد سيدي,min sanit siid siidi,min sanit siid siidi,True,16,20,10-19,20-29,2
لَتِّر,litir,lattir,False,6,5,0-9,0-9,3
صَقَّر,saqir,saqar,False,6,5,0-9,0-9,3
مِتْفَاقَم,mutafaaqim,mutafaaqim,True,10,10,10-19,10-19,5
مْلَاضِم,malaadim,malaadim,True,8,8,0-9,0-9,5
دُنَانِير,danaaniir,danaaniir,True,9,9,0-9,0-9,3
زَقُّوت,zaqquut,zaqquut,True,7,7,0-9,0-9,2
وِجْهُه مَود,wijho mwarrid,wijho mwadd,False,12,13,10-19,10-19,1
إِيده بَرْكِة,2iido barake,2iido birke,False,13,12,10-19,10-19,5
طُوق,tooq,tawwaq,False,4,4,0-9,0-9,3
رَيِّح,rayya7,rii7,False,6,6,0-9,0-9,2
يِسْتَجْرِم,yistajmir,yistajmir,True,11,9,10-19,0-9,4
لَوَّم,luum,loom,False,6,4,0-9,0-9,3
غَرَّب,gharrib,gharrib,True,6,7,0-9,0-9,1
زَيتُون كَبِيس,zaytuun kabiis,zaytuun kabiis,True,14,14,10-19,10-19,3
اِجْتَلِق,2ijtalaq,2ijtalaq,True,9,8,0-9,0-9,5
عَمِل,3imil,3ammil,False,5,5,0-9,0-9,5
تْنَاجى,tnaaja,tnaaja,True,7,6,0-9,0-9,3
مُخْمَرَة,mkhammara,mkhammara,True,9,9,0-9,0-9,4
يِشَمِّع,yshammi3,yshammi3,True,8,8,0-9,0-9,3
شَعَب,sha3ib,sha33ab,False,5,6,0-9,0-9,1
يِتْقَرْوَص,yitraqwas,yitqarwas,False,11,9,10-19,0-9,4
يِرْفُل,yraffil,yraffil,True,7,7,0-9,0-9,4
اُقْصُل,2uqsul,2uqsul,True,7,6,0-9,0-9,1
يِتْنَقَّط,yitnaqqat,yitnaqqat,True,10,9,10-19,0-9,1
دِمَاغ,dmaagh,dmaagh,True,6,6,0-9,0-9,5
القَنْدَيل السَّفَرِي,2ilqandiil 2issafari,2ilqandiil 2issafari,True,21,20,20-29,20-29,5
وَن,winn,wann,False,3,4,0-9,0-9,4
مِفْتَح,mfatta7,mfatti7,False,7,7,0-9,0-9,4
فَنْجَر,fanjar,fanjar,True,7,6,0-9,0-9,1
فُرُك,farrik,farrik,True,5,6,0-9,0-9,5
يِتَضَبُّب,yiddabbab,yiddabbab,True,10,9,10-19,0-9,3
فَلْسَطِين,falastiin,falastiin,True,10,9,10-19,0-9,2
اله تَالضِّير عفك,2utrukha 3afeed 2alla,2utrukha 3afeed 2alla,True,17,21,10-19,20-29,1
صَرَّك,sarak,sarak,True,6,5,0-9,0-9,2
يِعْصِي,yi3si,y3assi,False,7,5,0-9,0-9,3
قُرْقُر,qarqar,karkar,False,7,6,0-9,0-9,5
اِنْدِفِش,2indifish,2indafash,False,9,9,0-9,0-9,3
مَشْقَول,mashqkuul,mashqkuul,True,8,9,0-9,0-9,5
يِحْمِرِط,y7amrit,y7amrit,True,9,7,0-9,0-9,5
اِبْعَدّ,2ib3id,2ib3id,True,8,6,0-9,0-9,5
طِايِح,taayi7,taayi7,True,6,6,0-9,0-9,3
اِتْحَنْدَر,2it7andar,2it7andar,True,11,9,10-19,0-9,2
يِسْتِرِقّ,yistariqq,yistariqq,True,10,9,10-19,0-9,4
يتْحَمَّس,yit7ammas,yit7ammas,True,9,9,0-9,0-9,2
يِبْرَئ,ybarri2,ybarri2,True,7,7,0-9,0-9,4
نَبِّع,nabi3,naba3,False,6,5,0-9,0-9,3
يِعْجِز,yi3jiz,yi3jaz,False,7,6,0-9,0-9,1
اِتْبَثَّت,2itsabbat,2itsabbat,True,10,9,10-19,0-9,2
اِقْزَح,2iqza7,2iqza7,True,7,6,0-9,0-9,1
حَنِّي طَيزَك,7anni tiizak,7anni tiizak,True,13,12,10-19,10-19,4
سَمَّع علينَا الحَارة,samma3 3aleena 2iljiiraan,samma3 3aleena 2iljiiraan,True,21,25,20-29,20-29,1
حُزَالِيط,7azaaliit,7azaaliit,True,9,9,0-9,0-9,2
مَوتِة رْبَان,mootit rabnaa,mootit rabnaa,True,13,13,10-19,10-19,5
يُعْرُش,y3arrish,yu3rush,False,7,8,0-9,0-9,4
يتْصَغَّر,yitszaghghar,yitszaghghar,True,9,12,0-9,10-19,2
مِتْعَلِّم,muta3allim,mit3allim,False,10,10,10-19,10-19,2
حَت,7itt,7itt,True,3,4,0-9,0-9,4
الجَايَّات أَكْثَر مِن الرَّايْحَات,2iljaayyaat 2aktar min 2irraay7aat,2iljaayyaat 2aktar min 2irray7aaat,False,35,34,30-39,30-39,2
تُلْمُع,tlamma3,tlamma3,True,7,7,0-9,0-9,4
اِطْبُز,2utbuz,2utbuz,True,7,6,0-9,0-9,3
رَوحِي بْرَاس مَنَاخِير,ruu7i braas manakhiiri,ruu7i braas manakhiiri,True,23,22,20-29,20-29,4
قَرْقَض,qarqid,qarqad,False,7,6,0-9,0-9,1
تْسَلَّل,tsallal,tsallal,True,8,7,0-9,0-9,2
لَاطُف,laatif,laatif,True,6,6,0-9,0-9,5
ينَفْعِل,yinfi3il,yinfi3il,True,8,8,0-9,0-9,5
دُكَّورَاتَة,dukturaa,dukkaraatu,False,12,8,10-19,0-9,5
يغَمِّر,yghammir,yghammir,True,7,8,0-9,0-9,1
ذِكِر,zakar,zakkar,False,5,5,0-9,0-9,4
تَمَشْمِيط,tamshiit,tamshiit,True,10,8,10-19,0-9,2
يِتوَرَّم,yit2aamar,yitwarram,False,9,9,0-9,0-9,4
بْلَكِّن,balkin,balkin,True,8,6,0-9,0-9,5
خَنْفَس,khanfas,khanfas,True,7,7,0-9,0-9,1
سِوِّي,siwi,siwi,True,6,4,0-9,0-9,3
اِنْشَفَط,2inshifit,2inshifit,True,9,9,0-9,0-9,1
تَشَاطُر,tshaatar,tshaatar,True,8,8,0-9,0-9,3
دَاخوِن,daakhuun,daakhuun,True,7,8,0-9,0-9,3
اُفْقَى,faaqka,2ifqa,False,7,6,0-9,0-9,5
خْصُوم,khsuum,khsuum,True,6,6,0-9,0-9,1
مَادِد بَوزُه,maadid buuzo,maadid buuzo,True,13,12,10-19,10-19,4
زَبْرَخ,zabrikh,zabrikh,True,7,7,0-9,0-9,2
خرزة زَرْقَا,kharaze zarqa,kharaze zarqa,True,12,13,10-19,10-19,4
بَالسَّرْقَة,bissirqa,bissirqa,True,12,8,10-19,0-9,1
قَاسْي,qaasi,qaasi,True,6,5,0-9,0-9,5
جُدْرَان,judraan,judraan,True,8,7,0-9,0-9,3
اُقْحَش,2ik7ash,2iq7ash,False,7,7,0-9,0-9,5
جِمَال,jamaal,jmaal,False,6,6,0-9,0-9,5
يلَبِّد,yilbad,yilbud,False,7,6,0-9,0-9,1
حُدّ,7idd,7idd,True,4,4,0-9,0-9,3
حَطّ مِحَطَّة,7att ma7attit,7att ma7attit,True,13,13,10-19,10-19,3
اِطْهَق,2itha2,2itha2,True,7,6,0-9,0-9,1
اِتْعَاطَل,2it3aatal,2it3aatal,True,10,9,10-19,0-9,1
يدَرِّس,yidrus,yidrus,True,7,6,0-9,0-9,1
عَطِّس,3ats,3attis,False,6,4,0-9,0-9,3
مِثِل,massil,massal,False,5,6,0-9,0-9,2
يِحْنَطّ,y7annit,y7annit,True,8,7,0-9,0-9,5
مَوكِرَة,muukara,muukara,True,8,7,0-9,0-9,5
شَفِع,shafa3,shafa3,True,5,6,0-9,0-9,4
يفُضّ,yfudd,yfudd,True,5,5,0-9,0-9,1
يفَاقِي,yfaaqki,yfaaqki,True,7,7,0-9,0-9,1
اِنِبْهَار,2inbihaar,2inbihaar,True,10,9,10-19,0-9,5
فْجُول,fajwal,fajwil,False,6,6,0-9,0-9,5
يِحْتِلِم,y7altim,yi7tilim,False,9,7,0-9,0-9,4
مَخْرَب,mkharbish,mkharrab,False,7,9,0-9,0-9,3
مُشَاط,mshaat,mashshaat,False,6,6,0-9,0-9,4
دَاشِع مِش قَاشع,daashi3 mush qaashi3,daashi3 mush qaashi3,True,16,20,10-19,20-29,5
اُنْتُل,2intil,2intil,True,7,6,0-9,0-9,4
سَيل,sayyal,seel,False,4,6,0-9,0-9,4
تَفَزُّر,tfazzar,tfazzar,True,8,7,0-9,0-9,4
اِنْبَرَم,2inbaram,2inbaram,True,9,8,0-9,0-9,3
مَنْتِج,muntij,mantij,False,7,6,0-9,0-9,5
تْوَرْشَع,twarsha3,twarsha3,True,9,8,0-9,0-9,1
يخَاف,ykhaaf,ykhaaf,True,5,6,0-9,0-9,1
غَطِّي,ghatti,ghatti,True,6,6,0-9,0-9,1
يُهْجُد,yhajjid,yuhjud,False,7,7,0-9,0-9,5
ضَمَّى,madda,mada,False,6,5,0-9,0-9,3
يُمْوِج,ymawwij,ymawwij,True,7,7,0-9,0-9,4
مَنْشِن,mnashshin,mnashshin,True,7,9,0-9,0-9,4
مَرَّة,mara,marra,False,6,4,0-9,0-9,1
اِسْتِقب القبلَالة,2istiqbaal 2ilqible,2istiqbaal 2ilqible,True,18,19,10-19,10-19,5
مْعَفْكِش,m3afkash,m3afkash,True,9,8,0-9,0-9,4
فَرَّم الخَبِع طَوَا,farkh 2ilbatt 3awwaam,farkh 2ilbatt 3awaab,False,20,21,20-29,20-29,4
بَعَّد,bi3id,ba33ad,False,6,5,0-9,0-9,4
اِنْسَدَّت مِنَافْسِي,2insaddat manaafsi,2insaddat manaafsi,True,21,18,20-29,10-19,5
اِبْخَع,2ibkha3,2ibkha3,True,7,7,0-9,0-9,1
مْتَفْتَح,mitfatti7,mitfatti7,True,9,9,0-9,0-9,3
يِدْبِل,ydabbil,ydabbil,True,7,7,0-9,0-9,4
بَكْرِيِّة,bikriyye,bikriyye,True,10,8,10-19,0-9,1
مْرَعْوِب,mar3uub,mar3uub,True,9,7,0-9,0-9,2
يِنْصُب,ynassib,yunsub,False,7,7,0-9,0-9,4
ذَايِق,daayiq,daayiq,True,6,6,0-9,0-9,1
أُطْرُونِة,2atroone,2atroone,True,10,8,10-19,0-9,1
يِحَاشِر,y7aashir,y7aashir,True,8,8,0-9,0-9,4
جَمِد,majjid,jammid,False,5,6,0-9,0-9,5
يقَحْقِح,yka7ki7,yqa7qi7yka7ki7,False,8,7,0-9,0-9,1
بَغْلَة,bghala,baghla,False,7,6,0-9,0-9,5
زُقُح,zaqka7,zaqka7,True,5,6,0-9,0-9,5
أَيَادِي,2ayaadi,2ayaadi,True,8,7,0-9,0-9,1
يُتْرُت,ytartir,ytartir,True,7,7,0-9,0-9,4
بَالكَرِي,bil kreek,bil kreek,True,9,9,0-9,0-9,4
مْرَهْرَط,2imrahrit,mrahrit,False,9,9,0-9,0-9,2
مَلَّى,malla,malla,True,6,5,0-9,0-9,2
يِشْطُف,yushtuf,yushtuf,True,7,7,0-9,0-9,5
تَمَرْرِين,tamriin,tamriin,True,10,7,10-19,0-9,2
بَطَّل,battal,battal,True,6,6,0-9,0-9,2
زُطْمِيِّة,zatmiyye,zatmiyye,True,10,8,10-19,0-9,4
بَطْنُه كْبِير,batno kbiir,batno kbiir,True,14,11,10-19,10-19,2
مْفَسْقَل,mfasqal,mfasqal,True,9,7,0-9,0-9,3
يئِمّ,y2imm,y2imm,True,5,5,0-9,0-9,1
حَاسِِّة,7aasse,7aasse,True,8,6,0-9,0-9,5
لّ,li,la,False,2,2,0-9,0-9,5
يْشَبْرِق,yshabriq2,yshabriq2,True,9,9,0-9,0-9,2
مْحَافَظَة,mu7aafaza,mu7aafaza,True,10,9,10-19,0-9,4
اِفْقَع,2ifqa3,faaqi3,False,7,6,0-9,0-9,2
لَا بيشبع ولَا بيقع,laa byishba3 wala byiqna3,laa byishba3 wala byiqni3,False,19,25,10-19,20-29,2
أَصْنَج,2asnaj,2asnaj,True,7,6,0-9,0-9,1
مُشْكُل,mashkal,mashkal,True,7,7,0-9,0-9,5
دَلْمَس,dalmas,dalmis,False,7,6,0-9,0-9,4
يِعْفِق,yi3fik,y3affiq,False,7,6,0-9,0-9,3
أَنَفَاق,2anfaaq,2anfaaq,True,8,7,0-9,0-9,3
لُزّ,lazz,lizz,False,4,4,0-9,0-9,5
بِرَا,barra,barra,True,5,5,0-9,0-9,3
مِتْكَنِّر,mtakrin,mitkannir,False,10,7,10-19,0-9,4
يِشَلِّع,yishla3,yishla3,True,8,7,0-9,0-9,3
مُزْعَز,mza3za3,mza3za3,True,7,7,0-9,0-9,3
اُكْمُش,kaamish,2ukmush,False,7,7,0-9,0-9,3
يرَجِّع,yirja3,yirja3,True,7,6,0-9,0-9,2
اِعْتَمَد,2i3tamid,2i3tamad,False,9,8,0-9,0-9,1
تَضْرُب بْهَالمَيود,tidrab bhalmoodeel,tidrab bhalmoodeel,True,19,18,10-19,10-19,3
يتَنِّح,ytanni7,ytanni7,True,7,7,0-9,0-9,1
يدَهْرَب,ydahrib,ydahrib,True,8,7,0-9,0-9,2
بَكَّى,bakka,bakka,True,6,5,0-9,0-9,1
يطَرِّي,ytarri,yitri,False,7,6,0-9,0-9,3
يزيد,yziid,yziid,True,4,5,0-9,0-9,4
مَخْنَب,mkhannib,mkhannib,True,7,8,0-9,0-9,3
سِلْبَطَة,salbata,salbata,True,9,7,0-9,0-9,4
حِلِش,7alash,7alash,True,5,6,0-9,0-9,4
يِنِوِضِع,yinwidi3,yinwidi3,True,9,8,0-9,0-9,2
جْيِيش,jeeshi,jyiish,False,6,6,0-9,0-9,3
هَجَّد,hajjad,hajjad,True,6,6,0-9,0-9,1
اِتْفَكْرَش,2itfarkash,2itfarkash,True,11,10,10-19,10-19,3
أَمْنَكَت,m2antak,2amnukit,False,9,7,0-9,0-9,5
يُهْرُج,yuhrudj,yharrij,False,7,7,0-9,0-9,4
صْفَار,safra,safaar,False,6,5,0-9,0-9,4
مِدَى,mada,mada,True,5,4,0-9,0-9,4
نَافورَة وفَتَحت,naafuura wufat7it,naafuura wufat7it,True,16,17,10-19,10-19,1
يِجَاهِر,yjaahir,yjaahir,True,8,7,0-9,0-9,2
حَرْمَان,7irmaan,7armaan,False,8,7,0-9,0-9,1
حَالِق,7aaliq,7aaliq,True,6,6,0-9,0-9,1
تَسَوُّس,tsawwas,tsawwas,True,8,7,0-9,0-9,3
خَنْفَرَة,khanfara,khanfara,True,9,8,0-9,0-9,2
مَشْهَور,mashhuur,mashhuur,True,8,8,0-9,0-9,4
عُصِّي,3usi,3assi,False,6,4,0-9,0-9,5
اِدْرَى,2idra,2idra,True,7,5,0-9,0-9,2
اِنْبِرِق,2inbiriq,2inbaraq,False,9,8,0-9,0-9,2
اِعْـتَذَر,2i3tazar,2i3tizir,False,10,8,10-19,0-9,5
يعَطِّر,y3attir,yu3tur,False,7,7,0-9,0-9,1
مِتْشَدِّد,mutashaddid,mitshaddid,False,10,11,10-19,10-19,1
يِتْجَدْنَع,yitjad3an,yitjad3an,True,11,9,10-19,0-9,4
عَينُه ضِيقَة,3eeno diiqa,3eeno diiqa,True,13,11,10-19,10-19,1
يقَوِّم,yquum,yqawwim,False,7,5,0-9,0-9,1
أَرْكَان,2arkaan,2arkaan,True,8,7,0-9,0-9,1
حَوِّف,7uuf,7oof,False,6,4,0-9,0-9,4
غْشَاش,ghashshaash,ghashshaash,True,6,11,0-9,10-19,5
صَارِع,2isra3,saari3,False,6,6,0-9,0-9,4
يطَوبَز,ytoobiz,ytoobiz,True,7,7,0-9,0-9,2
يعَدِّد,y3addid,y3addid,True,7,7,0-9,0-9,2
يِتْزَحْوَط,yit7azwat,yit7azwat,True,11,9,10-19,0-9,2
اِثْوِر,2uuras,saawir,False,7,6,0-9,0-9,3
خَشَّم,khasham,khasham,True,6,7,0-9,0-9,2
تْقَرَح,taqurru7,tqarra7,False,7,8,0-9,0-9,3
دَايِّة,daaye,daaye,True,7,5,0-9,0-9,3
تْبَدْوَر,tboodar,tboodar,True,9,7,0-9,0-9,2
مْرَقَّع,mraqqa3,mraqqa3,True,8,7,0-9,0-9,1
اِتِّنْيَاط,2itnaayat,2itnaayat,True,11,9,10-19,0-9,4
ثَرْثَر,sarsar,sarsar,True,7,6,0-9,0-9,1
جِرَافِة,graafe,jarraafe,False,8,6,0-9,0-9,5
اِنْغَدّ,2unghud,2unghud,True,8,7,0-9,0-9,2
أَمْوَاج,2amwaaj,2amwaaj,True,8,7,0-9,0-9,1
عُقْرُب,3aqrab,3aqrab,True,7,6,0-9,0-9,3
اِتْشَاقَى,2itshaaqa,2itshaaqa,True,10,9,10-19,0-9,1
بَاهْشَة,baahshe,baahshe,True,8,7,0-9,0-9,5
يُخْبُر,ykhabbir,yikhbur,False,7,8,0-9,0-9,5
تْغَافَل,tghaafal,tghaafal,True,8,8,0-9,0-9,2
اِتْوَعَّك,2itwa33ak,2itwa33ak,True,10,9,10-19,0-9,1
اِسْتَعْطَف,2ista3tif,2ista3tif,True,11,9,10-19,0-9,1
زَفِّر,fazir,fazzir,False,6,5,0-9,0-9,2
يْبَغِّل,ybaghghil,ybaghghil,True,8,9,0-9,0-9,4
سُبَب,sabab,sabbib,False,5,5,0-9,0-9,5
قَيِّد,qayyad,qayyad,True,6,6,0-9,0-9,3
صُحِّي,si77i,si7i,False,6,5,0-9,0-9,5
اُفْلُق,2ifluq,2ifluq,True,7,6,0-9,0-9,2
سَاخِر,saakhir,saakhir,True,6,7,0-9,0-9,2
عِدِد,3addad,3addid,False,5,6,0-9,0-9,4
فُاض,faad,faad,True,4,4,0-9,0-9,5
لَهِّث,lahith,lahath,False,6,6,0-9,0-9,4
رَشّ,rushsh,rashsh,False,4,6,0-9,0-9,1
تْدِلْدِق,2iddalda2,2iddalda2,True,9,9,0-9,0-9,4
تَفَرِّيق,tafriiq,tafriiq,True,9,7,0-9,0-9,4
اِرْطَن,2irtun,2irtun,True,7,6,0-9,0-9,5
ضَلَل,dallil,dallal,False,5,6,0-9,0-9,4
دْحَنُون,da7nuun,da7nuun,True,8,7,0-9,0-9,5
زَفَّت,zaffat,zaffit,False,6,6,0-9,0-9,1
اِسْتَبَاد,2istibdaad,2istibdaad,True,10,10,10-19,10-19,5
لِسَّينِة,lseene,lseene,True,9,6,0-9,0-9,4
نَرْفَوز,narfuuz,narfuuz,True,8,7,0-9,0-9,5
سِتّ رَاسَك,sitt raasak,sitt raasak,True,11,11,10-19,10-19,1
مَرِّق,maraqqmarakk,marraq,False,6,12,0-9,10-19,3
صِلِة الرَّحَم,silat 2arra7im,salat 2irra7me,False,14,14,10-19,10-19,3
ضَخَّم,dakhkham,dakhkhim,False,6,8,0-9,0-9,2
يِتْعَب,yta33ib,yit3ab,False,7,7,0-9,0-9,2
يِكْلَح,yikla7,ykalli7,False,7,6,0-9,0-9,1
اِدْوَى,daawa,daawa,True,7,5,0-9,0-9,4
اِحْتِقِر,2i7taqir,2i7taqir,True,9,8,0-9,0-9,2
اِخْطَف رِجْلَك,2ukhtuf rijlak,2ukhtuf rijlak,True,15,14,10-19,10-19,3
مَهْجُور,mahjuur,mahjuur,True,8,7,0-9,0-9,1
مْفَشْفِش,mshafshaf,mfashfish,False,9,9,0-9,0-9,5
جَهْنَم,djahnam,djahnim,False,7,7,0-9,0-9,3
يعَفِّر,y3affir,y3affir,True,7,7,0-9,0-9,2
اِصْعِق,2is3aq,2is3aq,True,7,6,0-9,0-9,5
يِتْحَصْرَق,yit7arqas,yit7arqas,True,11,9,10-19,0-9,3
تَاكل الكتَاب أكتَال,taakul 2iliktaab 2akil,taakul 2iliktaab 2akil,True,20,22,20-29,20-29,5
صَادَف,saadif,saadif,True,6,6,0-9,0-9,2
اِزْمَع,2imza3,2imza3,True,7,6,0-9,0-9,4
دَهْوَن,dhuun,dhuun,True,7,5,0-9,0-9,3
وِجِه خير,wijih kheer,wijih kheer,True,9,11,0-9,10-19,1
يذَرِّي,yidhri,ydharri,False,7,6,0-9,0-9,2
لِفَاع,lfaa3,lfaa3,True,6,5,0-9,0-9,4
مْنَقْوِع,manquu3,manquu3,True,9,7,0-9,0-9,3
زُخُم,zakham,zakham,True,5,6,0-9,0-9,4
اِنْفَرِي,2infiri,2infiri,True,9,7,0-9,0-9,2
اِسْتَغِلّ,2istaghall,2istaghall,True,10,10,10-19,10-19,3
مُكَاتِب,makaatib,makaatib,True,8,8,0-9,0-9,5
مُيسَر,myassar,meesir,False,6,7,0-9,0-9,5
مَنْفَوخ,manfuukh,manfuukh,True,8,8,0-9,0-9,5
زَلَّال,zilzaal,zlaal,False,7,7,0-9,0-9,5
اِفْحَج,faa7ij,2if7aj,False,7,6,0-9,0-9,3
يصَفِّى,yisfa,yisfa,True,7,5,0-9,0-9,2
شَيَك,shiik,shayyak,False,5,5,0-9,0-9,5
اِلْحَس طِيزي,2il7as tiizi,2il7as tiizi,True,13,12,10-19,10-19,2
فِطِر,fattar,fattir,False,5,6,0-9,0-9,5
دْوَبَل,doobil,doobil,True,7,6,0-9,0-9,5
يعَجِّن,yi3jin,y3ajjin,False,7,6,0-9,0-9,1
تْجَرْذَم,tdjardham,tdjardham,True,9,9,0-9,0-9,1
يحَرِّص,yi7ris,y7arris,False,7,6,0-9,0-9,2
اِتَحْطَم,2it7attam,2it7attam,True,9,9,0-9,0-9,3
كَشَّر,kishir,kashshar,False,6,6,0-9,0-9,1
يِذْوِب,yduub,yduub,True,7,5,0-9,0-9,5
عَرَّق,3irq,3arriq,False,6,4,0-9,0-9,1
اِتْجَاهَم,2ithaajam,2ithaajam,True,10,9,10-19,0-9,4
مُقَرْفِش,mqkarfish,mqkarfish,True,9,9,0-9,0-9,5
يِتْقَاشَى,yitshaaqa,yitqaasha,False,10,9,10-19,0-9,4
شَارِي,shaari,shaari,True,6,6,0-9,0-9,1
تِخْرِج,tkharraj,takharruj,False,7,8,0-9,0-9,4
سَكَر عينك,sakkir nii3ak,sakkir 3eenak,False,10,13,10-19,10-19,1
وِقْعَة سخنة,waq3a sukhne,waq3a sukhne,True,12,12,10-19,10-19,3
يِلْت,ylitt,ylitt,True,5,5,0-9,0-9,2
جَلْجَل,jaljal,jaljal,True,7,6,0-9,0-9,1
مِسْتَسْهِل,mistashil,mustasahhil,False,11,9,10-19,0-9,4
مِزْدِهِر,2izdihir,mzadhir,False,9,8,0-9,0-9,5
ضُبّ حَالَك,dubb 7aalak,dubb 7aalak,True,11,11,10-19,10-19,3
رَجَح,rajja7,rajja7,True,5,6,0-9,0-9,2
يكَوفِل,ykoofil,ykoofil,True,7,7,0-9,0-9,1
هَيَّن,hayyin,hayyin,True,6,6,0-9,0-9,2
إِجَبَّار,2ijbaar,2ijbaar,True,9,7,0-9,0-9,3
بِدْوِي,bdawi,bidwi,False,7,5,0-9,0-9,1
تَسَلَّى,tsalla,tsalla,True,8,6,0-9,0-9,2
يزَهِّق,yuzhiq,yizhaq,False,7,6,0-9,0-9,3
يغُبّ,yghubb,yghubb,True,5,6,0-9,0-9,2
أُلُم,2allam,2allim,False,5,6,0-9,0-9,5
يَوقِت,ywaqqit,ywaqqit,True,6,7,0-9,0-9,5
دَبَاسِة,dabbaase,dabbaase,True,8,8,0-9,0-9,5
فَغِّر,faghar,faghar,True,6,6,0-9,0-9,3
جَشَّع,jashi3,jasha3,False,6,6,0-9,0-9,3
يَاريت عْجَاب,yaa reet 3aajib,yaa reet 3aajib,True,13,15,10-19,10-19,3
يْسَلِّك,ysallik,ysallik,True,8,7,0-9,0-9,5
تَمْسَخ,tmaskhar,tmaskhar,True,7,8,0-9,0-9,3
أَنْبَوب,2unbuub,2unbuub,True,8,7,0-9,0-9,3
اِتْصَحْرَم,2it7asram,2it7armas,False,11,9,10-19,0-9,5
يِتْكَنْبَر,yitkarnab,yitkarnab,True,11,9,10-19,0-9,2
عِتْبَان,3atbaan,3atbaan,True,8,7,0-9,0-9,3
زَحِق,za7aq,za7aq,True,5,5,0-9,0-9,5
مِجْرُورَة,majruura,majruura,True,10,8,10-19,0-9,4
اِتَدْسَك,2iddaskar,2iddaska7,False,9,9,0-9,0-9,5
خَدَرَان,khadaraan,khadaraan,True,8,9,0-9,0-9,5
اِسْلَامِي,2islaami,2islaami,True,10,8,10-19,0-9,1
وَحْشِنِة,wa7shane,wa7shane,True,9,8,0-9,0-9,4
أُكْوَان,2akwaan,2akwaan,True,8,7,0-9,0-9,4
جِبَار,jabbaar,jbaar,False,6,7,0-9,0-9,5
جُنْزَرِي,janziir,janziir,True,9,7,0-9,0-9,5
فَود,food,food,True,4,4,0-9,0-9,1
جَرْبَنِيِّة,djarabandiyye,jarbiine,False,12,13,10-19,10-19,3
يُعْطُس,y3attis,yu3tus,False,7,7,0-9,0-9,4
نَمِّى,namma,namma,True,6,5,0-9,0-9,4
يبَنْخِس,ybakhnis,ybakhnis,True,8,8,0-9,0-9,2
سُمَّيك,smiik,smiik,True,7,5,0-9,0-9,4
تْيَوَّس,tyuus,tyuus,True,8,5,0-9,0-9,1
اِبُن نَاس,2ibin naas,2ibin naas,True,10,10,10-19,10-19,5
سَلَم,sallam,sallam,True,5,6,0-9,0-9,3
سِحَابِة,sa7aabe,sa7aabe,True,8,7,0-9,0-9,5
سْفِير,safiir,saffiir,False,6,6,0-9,0-9,2
شَرَّش,shirish,sharrish,False,6,7,0-9,0-9,2
الله لَا يكَسِّبَك,2alla laa kasbak,2alla laa kasbak,True,18,16,10-19,10-19,1
اِتَّهَم,2ittahim,2ittaham,False,8,8,0-9,0-9,1
يْضَعْضِع,yda3di3,yda3di3,True,9,7,0-9,0-9,4
اِتْكَشَّف,2itkashshaf,2itkashshaf,True,10,11,10-19,10-19,1
فْتِيل,ftiil,ftiil,True,6,5,0-9,0-9,2
خَتَم,khatim,khattim,False,5,6,0-9,0-9,3
مَاسْتِر,maastar,maastar,True,8,7,0-9,0-9,2
يِنْدَبَش,yindibish,yindibish,True,9,9,0-9,0-9,4
جَدَوعِيِّة,djaduu3iyye,djaduu3iyye,True,11,11,10-19,10-19,4
يتَنَكُّر,yitnakkar,yitnakkar,True,9,9,0-9,0-9,3
يتَدْلَى,yiddala,yiddala,True,8,7,0-9,0-9,4
يِتْحَرْوَم,yit7oomar,yit7oomar,True,11,9,10-19,0-9,4
ثُرْثَار,sarsaar,sarsaar,True,8,7,0-9,0-9,1
مَحَالِب,ma7aalib,ma7aalib,True,8,8,0-9,0-9,2
اُزْمُق,2izmaq,2izmaq,True,7,6,0-9,0-9,4
صِحِي عحَاله,si7i 3a7aalo,si7i 3a7aalo,True,12,12,10-19,10-19,3
بِيت المَيّ,beet 2ilmayy,beet 2ilmay,False,11,12,10-19,10-19,4
دَرْدَك,dardik,dardak,False,7,6,0-9,0-9,1
يِتْوَافَل,yitwaalaf,yitwaalaf,True,10,9,10-19,0-9,3
زَوَّل,zool,zool,True,6,4,0-9,0-9,4
مِذْلُول,mazluul,mazluul,True,8,7,0-9,0-9,4
تُرَابِيس,taraabiis,taraabiis,True,9,9,0-9,0-9,4
هَدِّة,hadde,hadde,True,6,5,0-9,0-9,3
اِنْخَبَل,2inkhibil,2inkhabal,False,9,9,0-9,0-9,4
قَلَايِد,qkalaayid,qkalaayid,True,8,9,0-9,0-9,1
يِغْلِق,yighliq,yighliq,True,7,7,0-9,0-9,3
اِنْتَظِر,2intazir,2intazar,False,9,8,0-9,0-9,5
مْشَرْبِك,msharbak,msharbak,True,9,8,0-9,0-9,2
يِنْحِرِش,yin7irish,yin7irish,True,9,9,0-9,0-9,2
طَلْعِي قُور,talla3li qruun,talla3li qruur,False,12,14,10-19,10-19,4
أَبُو العَكْتَا,2abul 3akkaat,2abu 2il3akkaat,False,15,13,10-19,10-19,5
سِيَاسِي,siyaasi,sayaasi,False,8,7,0-9,0-9,2
مْسَلَّغَة,maslagha,maslagha,True,10,8,10-19,0-9,3
اِنْقَهِر,2inqahir,2inqahar,False,9,8,0-9,0-9,3
حَرَامِيِّة,7araamiyye,7araamiyye,True,11,10,10-19,10-19,1
غُرَاب,ghuraab,ghraab,False,6,7,0-9,0-9,2
بَكِير,bakkiir,bakkiir,True,6,7,0-9,0-9,3
سِينِمَا,sinima,sinima,True,8,6,0-9,0-9,1
نْقِنِيق,nakniik,naqniik,False,8,7,0-9,0-9,5
مْبَسْوِط,mabsuut,mabsuut,True,9,7,0-9,0-9,2
اِنْشِخِط,2inshakhat,2inshakhat,True,9,10,0-9,10-19,2
مُبَسَّط,mbassit,mbassit,True,8,7,0-9,0-9,5
رُبَّازِي,rabaayiz,rabaayiz,True,9,8,0-9,0-9,4
دْفَاع,difaa3,dfaa3,False,6,6,0-9,0-9,2
طُرُقَات,turuqaat,turuqaat,True,8,8,0-9,0-9,4
حْرُوب,7uruub,7ruub,False,6,6,0-9,0-9,1
تْقَاسَم,tqaasam,tqaasam,True,8,7,0-9,0-9,1
جَغَّم,jagham,jughum,False,6,6,0-9,0-9,4
مْهَافَتِة,mhaafate,mhaafate,True,10,8,10-19,0-9,1
أَنْهِى,2anha,2anha,True,7,5,0-9,0-9,3
عِزِز,3azzaz,3azziz,False,5,6,0-9,0-9,4
يدُون,yidnu,ydawwin,False,5,5,0-9,0-9,3
اُطْعُش,2it3ash,2it3ash,True,7,7,0-9,0-9,3
اِتْجَرَّد,2iddarraj,2itjarrad,False,10,9,10-19,0-9,2
دَوَّش,dawwish,dawwash,False,6,7,0-9,0-9,1
صَمْدُوم,masmuud,masduum,False,8,7,0-9,0-9,4
اِتْعَسَّر,2it3assar,2it3assar,True,10,9,10-19,0-9,1
كَرِب,karrib,karrib,True,5,6,0-9,0-9,4
جَعْمَص,dja3mis,dja3mis,True,7,7,0-9,0-9,1
مْشَوَّط,mshawwit,mshawwit,True,8,8,0-9,0-9,3
تَوْجِيهِي,tawjiihi,tawjiihi,True,10,8,10-19,0-9,1
ريَاع,ryaa3,ryaa3,True,5,5,0-9,0-9,1
اْقَطِّف,2uqtuf,2uqtuf,True,8,6,0-9,0-9,5
اُلْحُس,2il7as,2il7as,True,7,6,0-9,0-9,3
أُوضَة,2ooda,2ooda,True,6,5,0-9,0-9,4
اِنْحَرِف,2in7araf,2in7araf,True,9,8,0-9,0-9,5
اِتْرُوس,2itrawwas,2itrawwas,True,8,9,0-9,0-9,3
اِتْعَب,2it3ab,2it3ab,True,7,6,0-9,0-9,1
فَطْفِط,fatfit,fatfit,True,7,6,0-9,0-9,1
دَعَس,da3as,da33as,False,5,5,0-9,0-9,1
إِيجَار,2ijaar,2iijaar,False,7,6,0-9,0-9,1
هَزَّأ,hazza2,hazza2,True,6,6,0-9,0-9,1
اِجْتِهِز,2itjahhaz,2itjahhaz,True,9,9,0-9,0-9,4
اِسْتَدْرِك,2istadrik,2istadrik,True,11,9,10-19,0-9,4
دْهَان,dhaan,dhaan,True,6,5,0-9,0-9,4
عَوَّض,3awad,3awwid,False,6,5,0-9,0-9,2
يجَسّ,yjiss,yjiss,True,5,5,0-9,0-9,4
صَبَّاب,sabbaab,sabbaab,True,7,7,0-9,0-9,1
يِحْلِق,y7alliq,yi7liq,False,7,7,0-9,0-9,1
عُرُق,3arqas,3arriq,False,5,6,0-9,0-9,5
يْبَرْبِر,ybarbir,ybarbir,True,9,7,0-9,0-9,2
كَرْكَم,kurkum,karkam,False,7,6,0-9,0-9,2
مَطْزَوع,matzuu3,matzuu3,True,8,7,0-9,0-9,4
يِكْتِف,ykattif,yiktif,False,7,7,0-9,0-9,3
مَوَّى,mawwa,mawwa,True,6,5,0-9,0-9,2
زير طْفَاح,ziir tfaa7,ziir tfaa7,True,10,10,10-19,10-19,1
قَرَر,qarrar,qarrir,False,5,6,0-9,0-9,3
ووَاو,waaw,waaw,True,5,4,0-9,0-9,5
أَكْثَر,2akthar,2akthar,True,7,7,0-9,0-9,1
يقَرْفِص,yqarfis,yqarfis,True,8,7,0-9,0-9,1
لِسَن,lassan,lassin,False,5,6,0-9,0-9,5
زِلَازِل,zalaazil,zalaazil,True,8,8,0-9,0-9,3
غِلّ,ghill,ghall,False,4,5,0-9,0-9,5
بُرْنَيطَة,burneeta,burneeta,True,10,8,10-19,0-9,1
صُفِّي,sifi,sifi,True,6,4,0-9,0-9,5
يُسْلُك,yusluk,ysallik,False,7,6,0-9,0-9,3
اِسْتَهْبَال,2istihbaal,2istihbaal,True,12,10,10-19,10-19,2
كِنّ,kinn,kann,False,4,4,0-9,0-9,1
اِتْشَغّشَل,2itshaghghal,2itshaghghal,True,11,12,10-19,10-19,4
يتْنَهْرَز,yitnahraz,yitnahraz,True,10,9,10-19,0-9,4
مْحَمْوِد,ma7muud,ma7muud,True,9,7,0-9,0-9,2
يُعْطُل,y3attil,y3attil,True,7,7,0-9,0-9,5
طُلَى,tala,tala,True,5,4,0-9,0-9,4
مُحَتَّاس,mi7taas,mi7taas,True,9,7,0-9,0-9,5
اِتَوَسَّخ,2itwassakh,2itwassakh,True,10,10,10-19,10-19,4
تْهَتَّه,tahtah,tahtih,False,8,6,0-9,0-9,3
مَعَيَّار,mi3yaar,mi3yaar,True,9,7,0-9,0-9,5
يطَمِّع,ytammi3,ytammi3,True,7,7,0-9,0-9,1
يُوَازِن,ywaazin,ywaazin,True,8,7,0-9,0-9,5
دَعْكِشِة,da3kashe,da3kashe,True,9,8,0-9,0-9,3
اِشْقي,2ishqi,2ishqi,True,6,6,0-9,0-9,5
يِطْعِم,yit3im,yit3am,False,7,6,0-9,0-9,5
يِسْتَهْوَن,yistahwin,yistahwin,True,11,9,10-19,0-9,3
مُهْرَجَان,mahrajaan,mahrajaan,True,10,9,10-19,0-9,1
يدَوبَح,ydoobi7,ydoobi7,True,7,7,0-9,0-9,2
مُنْفِذ,mnaffiz,mnaffid,False,7,7,0-9,0-9,2
رَيِّع,rayya3,rayyi3,False,6,6,0-9,0-9,3
مَلِّي,malli,malli,True,6,5,0-9,0-9,1
شُغْلَك مِثِل حْرَاث الجَمَّال,shughlak mitil 7raat 2iljammaal,shughlak mitil 7raath 2ildjammal,False,30,31,30-39,30-39,2
يِفْوِر,yfawwir,yfuur,False,7,7,0-9,0-9,3
يِحْقِن,yi7qun,y7aqqin,False,7,6,0-9,0-9,4
تَقَصُّب,tqabbas,tqassab,False,8,7,0-9,0-9,3
مْفَحْلِل,mfa7lal,mfa7lal,True,9,7,0-9,0-9,2
اِسْتَخْرِج,2istikhraj,2istakhraj,False,11,10,10-19,10-19,1
اُلْسُع,2ilsa3,2ilsa3,True,7,6,0-9,0-9,5
مْلَهْوِف,malhuuf,malhuuf,True,9,7,0-9,0-9,2
مِدِد,madad,maddad,False,5,5,0-9,0-9,5
اِسْتَضْرَط,2istadrat,2istadrit,False,11,9,10-19,0-9,2
يِتْوَعَّد,yitwadda3,yitwa33ad,False,10,9,10-19,0-9,2
نَقَّص,niqis,naqqas,False,6,5,0-9,0-9,1
قُطُوسِة,qattuuse,qattuuse,True,8,8,0-9,0-9,3
حْبَاس,7abbaas,7abbaas,True,6,7,0-9,0-9,2
شَوشْرَة,shooshara,shooshara,True,8,9,0-9,0-9,4
صَبَّاح الخير,sabaa7 2ilkheer,sabaa7 2ilkheer,True,13,15,10-19,10-19,1
يِفْصِل,yifsil,yfassil,False,7,6,0-9,0-9,4
مْتَرَّس,mtarras,mtarris,False,8,7,0-9,0-9,2
اِنْدَمَاج,2indimaaj,2indimaaj,True,10,9,10-19,0-9,4
رَابور,raaboor,raaboor,True,6,7,0-9,0-9,3
تْفَتَّا,tafta,tafta,True,8,5,0-9,0-9,3
نَفِّع,naffa3,naffi3,False,6,6,0-9,0-9,3
تَخَمُّش,tkhammash,tkhammash,True,8,9,0-9,0-9,2
مِنَاخِيل,manaakhiil,manaakhiil,True,9,10,0-9,10-19,4
اِمْت,maat,2imt,False,5,4,0-9,0-9,3
الوَلَد العَاطِل بْيِكْسِر الخَاطِر,2ilwalad 2il3aatil biksir 2ilkhaatir,2ilwalad 2il3aatil biksir 2ilkhaatir,True,35,36,30-39,30-39,3
وَسَط,wassit,wassit,True,5,6,0-9,0-9,1
رَكَّع,raka3,rakki3,False,6,5,0-9,0-9,2
بَوَّش,bawwish,bawwash,False,6,7,0-9,0-9,2
تَلَطِّيشِة,taltiishe,taltiishe,True,11,9,10-19,0-9,4
تُخّ,takhkh,tikhkh,False,4,6,0-9,0-9,3
اِحْلَشّ,2i7lish,2i7lish,True,8,7,0-9,0-9,5
يِتَدَسْكَر,yiddaskar,yiddaskar,True,11,9,10-19,0-9,4
كَاحَى,2ik7a,kaa7a,False,6,5,0-9,0-9,4
مْحَشْوَر,ma7shuur,ma7shuur,True,9,8,0-9,0-9,3
مَوْتَنَاج,muuntaaj,muutajaan,False,10,8,10-19,0-9,5
بَوِّس,buus,bawwis,False,6,4,0-9,0-9,3
مَهْدَوم,mahduum,mahduum,True,8,7,0-9,0-9,4
يِنْحِزِر,yin7izir,yin7izir,True,9,8,0-9,0-9,1
اِلْقَى,2ilqa,2ilqa,True,7,5,0-9,0-9,1
يُمْرُج,ymarrij,yumruj,False,7,7,0-9,0-9,1
يِسْتَوْطِن,yistawtin,yistawtin,True,11,9,10-19,0-9,1
اِذْهَب,2izhab,2izhab,True,7,6,0-9,0-9,1
غليت مَيَاتُه,ghilyat mayyaato,ghilyat mayyaato,True,13,16,10-19,10-19,4
رَكَب رَاسُه,rikib raaso,rikib raaso,True,12,11,10-19,10-19,1
تَخَيُّب,tkhayyab,tkhayyab,True,8,8,0-9,0-9,2
يوَمِّي,yoomi,yoomi,True,7,5,0-9,0-9,1
قرصته وَالقبر,qarsito wilqabir,qarsito wilqabir,True,13,16,10-19,10-19,1
اِتَّكِل,2ittikal,2ittikil,False,8,8,0-9,0-9,2
اِرْكُض,2irkud,2irkud,True,7,6,0-9,0-9,1
يِبْلِطِن,ybaltin,ybaltin,True,9,7,0-9,0-9,4
عرق ذَانه,3iriq daanu,3iriq daanu,True,9,11,0-9,10-19,1
يْقَرِّط,yuqrut,yqarrit,False,8,6,0-9,0-9,4
مُصَابِح,msaabi7,msaabi7,True,8,7,0-9,0-9,5
كَمْبَر,kambar,kambar,True,7,6,0-9,0-9,1
يُكْتُم,yiktim,yiktim,True,7,6,0-9,0-9,4
يِتْعِتِّس,yta3tis,yta3tis,True,10,7,10-19,0-9,5
دَبَّك عوِجْهُه,dabbak 3awijho,dabbak 3awijho,True,15,14,10-19,10-19,2
يِتْدَلْعَب,yiddal3ab,yidda3bal,False,11,9,10-19,0-9,1
يِعْنِد,y3annid,y3annid,True,7,7,0-9,0-9,4
نِاب,naab,naab,True,4,4,0-9,0-9,3
أَشوف العَمَى أولَا شوفه,2ashuuf 2il3ama wala 2ashuufo,2ashuuf 2il3ama wala 2ashuufo,True,24,29,20-29,20-29,3
يَلَّا,yalla,yla,False,6,5,0-9,0-9,5
اِنْهَض,naahad,2inhad,False,7,6,0-9,0-9,3
كِيَال,kayyaal,kayyaal,True,6,7,0-9,0-9,4
اِنْهَدَم,2inhidim,2inhadam,False,9,8,0-9,0-9,2
يكَرِّس,ykarris,ykarris,True,7,7,0-9,0-9,1
ذِهَاب,zahaab,dhaab,False,6,6,0-9,0-9,3
قَرَّض,qard,qarad,False,6,4,0-9,0-9,3
اِتْسَعَّر,2itsarra3,2itsarra3,True,10,9,10-19,0-9,2
غِرِز,gharraz,gharriz,False,5,7,0-9,0-9,5
عَظَم,3azzim,3addim,False,5,6,0-9,0-9,3
عَذَارِى,3azaara,3azaara,True,8,7,0-9,0-9,3
سَيَّب,siib,siib,True,6,4,0-9,0-9,2
مَنْتَجِة,mantaje,mantaje,True,9,7,0-9,0-9,1
يِجْزِم,yijzim,yijzim,True,7,6,0-9,0-9,4
تَوَزُّن,twazzan,twazzan,True,8,7,0-9,0-9,4
قَاضْي,qaadi,qaayid,False,6,5,0-9,0-9,5
يلَطِّخ,yiltakh,ylattikh,False,7,7,0-9,0-9,2
يِعْقَاش,y3aaqkish,y3aaqkish,True,8,9,0-9,0-9,3
بِلِم,ballim,ballam,False,5,6,0-9,0-9,5
اِتْبَرَّط,2itbattar,2itbattar,True,10,9,10-19,0-9,4
يَا هَادِي,yaa haadi,yaa haadi,True,10,9,10-19,0-9,3
تْوَاطى,twaata,twaata,True,7,6,0-9,0-9,5
اِتْوَرَّف,2itwaffar,2itwarraf,False,10,9,10-19,0-9,4
مَخَاطِب,mukhaatab,makhaatib,False,8,9,0-9,0-9,1
عَين قوية,3een qawiyye,3een qawiyye,True,9,12,0-9,10-19,5
اِتْخَوَّز,2itkhazzan,2itkhoozaq,False,10,10,10-19,10-19,5
تِقْرِب,tqarrab,tqarrab,True,7,7,0-9,0-9,4
يِتْشَقَّر,yitshaqqar,yitshaqqar,True,10,10,10-19,10-19,1
يِتْصَهَّين,yitsahyan,yitsahyan,True,11,9,10-19,0-9,2
اُوسِي,waasi,2uusi,False,6,5,0-9,0-9,3
جُنَايِز,janaayiz,janaayiz,True,8,8,0-9,0-9,5
مش شَفَّاي الفَضَا,mish shaayef 2ilfada,mish shaayif 2ilfada,False,18,20,10-19,20-29,4
تِدْرُس,2iddarras,2iddarras,True,7,9,0-9,0-9,5
حُمُّو,7amu,7amu,True,6,4,0-9,0-9,5
اِنْعَاش,2in3aash,2in3aash,True,8,8,0-9,0-9,1
اِخْسَرّ,2ikhsar,2ikhsar,True,8,7,0-9,0-9,5
يرَصِّب,yurbus,yrassib,False,7,6,0-9,0-9,4
عَتَّالِة,3taale,3taale,True,9,6,0-9,0-9,2
يِنْشَحِط,yinshi7it,yinshi7it,True,9,9,0-9,0-9,3
عَايِف,3aayif,3aayif,True,6,6,0-9,0-9,1
عَقَب,3aqqib,3ugub,False,5,6,0-9,0-9,4
يِتْلَثَّم,yitlassam,yitlassam,True,10,9,10-19,0-9,1
مْجَرَّم,mujrim,mujrim,True,8,6,0-9,0-9,1
يُشْرُب,yishrab,yishrab,True,7,7,0-9,0-9,4
يِتْشَوَّش,yitshawwash,yitshawwash,True,10,11,10-19,10-19,1
يْوَائِم,ywaa2im,ywaa2im,True,8,7,0-9,0-9,4
مَا بحرث الأرض إِلَاعجوله,maa bu7ruth 2il2ard 2illa 3juulha,maa bu7ruth 2il2ard 2illa 3djuulha,False,25,33,20-29,30-39,2
يِنْصِد,yinsadd,yinsadd,True,7,7,0-9,0-9,5
رَبِص,rabas,rabas,True,5,5,0-9,0-9,4
يطِمْطِم,ytamtim,ymatmit,False,8,7,0-9,0-9,5
عُطُبُن,3atban,3atbin,False,7,6,0-9,0-9,5
يِتَلَقْمَن,yitlaqman,yitlaqman,True,11,9,10-19,0-9,2
وَرْتِش,wartish,wartish,True,7,7,0-9,0-9,3
مْحَاوَلِة,mu7aawale,mu7aawale,True,10,9,10-19,0-9,2
تْخَرْدَق,tkhardaq,tkhardaq,True,9,8,0-9,0-9,2
عِشْرَة عمر,3ishrit 3umur,3ishrit 3umur,True,11,13,10-19,10-19,3
مَغَج,maghghadj,maghghadj,True,5,9,0-9,0-9,1
هَامَم,haamim,haamim,True,6,6,0-9,0-9,2
خِيَم,khayyim,kheekhim,False,5,7,0-9,0-9,5
ثْرَاث,sarsaar,sarsa,False,6,7,0-9,0-9,5
اِتْرَس,2utrus,2utrus,True,7,6,0-9,0-9,4
هَنْدَسّ,handas,handis,False,8,6,0-9,0-9,5
جَاجِة عقيت,djaadje 3utqiyye,djaadje 3utqiyye,True,11,16,10-19,10-19,2
جَاي عَالطِّرِيق,jaay 3attariiq,jaay 3attariiq,True,16,14,10-19,10-19,4
تْعَال,ta3aal,ta3aal,True,6,6,0-9,0-9,2
بَرْقَع,burgu3,burgu3,True,7,6,0-9,0-9,4
شْرُوق,shuruuq,shruuq,False,6,7,0-9,0-9,1
بَكَى,bakka,bakka,True,5,5,0-9,0-9,3
يتَشَلَّح,yitshalla7,yitshalla7,True,9,10,0-9,10-19,4
رِجْعَة,raj3a,raj3a,True,7,5,0-9,0-9,4
دَعَس,da33is,da33as,False,5,6,0-9,0-9,1
جِلِّة,djalle,djalle,True,6,6,0-9,0-9,2
تِحْمَل,ta7ammul,t7ammal,False,7,8,0-9,0-9,4
قِرْقِع,qarqa3karka3,qarqi3karki3,False,7,12,0-9,10-19,4
نَرَّاز,narraaz,narraaz,True,7,7,0-9,0-9,1
ذَحَك عَقَنْضُه,di7ik 3adiqno,di7ik 3adiqno,True,15,13,10-19,10-19,4
مَرَن,marrin,marrin,True,5,6,0-9,0-9,1
يْشَلْبِك,yshalbik,yshalbik,True,9,8,0-9,0-9,2
رَكَّز,rakkaz,rakkaz,True,6,6,0-9,0-9,1
تَكَّايِة,takkaaye,takkaaye,True,9,8,0-9,0-9,1
دَحْبَرَة,da7bara,da7bara,True,9,7,0-9,0-9,1
صَفَّحة ونَاطوت,saf7a wintawit,saf7a wintawit,True,15,14,10-19,10-19,4
بتن بوكت بر,bittabin wu bitkarrib,bittabin wu bitkarreb,False,11,21,10-19,20-29,5
اِخْرَمّ,2ikhram,2ukhrum,False,8,7,0-9,0-9,5
اِسْتَرِدّ,2istaridd,2istaradd,False,10,9,10-19,0-9,5
جُيَاب,jyaab,jyaab,True,6,5,0-9,0-9,5
تَقْصِيعِة,taqsii3a,taqsii3a,True,10,8,10-19,0-9,3
يِنِسْرِق,yinsiriq,yinsiriq,True,9,8,0-9,0-9,4
صَدَع,sadda3,saddi3,False,5,6,0-9,0-9,1
عَكَّك,3atshatsh,3akkik,False,6,9,0-9,0-9,2
فَرْطِيش,faratiish,faratiish,True,8,9,0-9,0-9,1
مُؤْتَمِر,mu2tamar,mu2tamir,False,9,8,0-9,0-9,2
ظَلَم,zallim,zallam,False,5,6,0-9,0-9,3
جَرَايِد,jaraayid,jaraayid,True,8,8,0-9,0-9,2
بُشْكِير,bashkiir,bashkiir,True,8,8,0-9,0-9,3
عَضَّة,3udda,3adda,False,6,5,0-9,0-9,1
أَوْكِل,2awkal,2awkal,True,7,6,0-9,0-9,2
يُتْسَاقَط,yitsaaqat,yitsaaqat,True,10,9,10-19,0-9,5
يْحَسْبِن,y7asbin,y7asbin,True,9,7,0-9,0-9,3
قَاطِع الرحم,qaati3 2irra7im,qaati3 2irra7im,True,12,15,10-19,10-19,5
يؤلِّم,y2allim,y2allim,True,6,7,0-9,0-9,1
شُوف,shuuf,shawwaf,False,4,5,0-9,0-9,2
يِتْعَس,yta33is,yta33is,True,7,7,0-9,0-9,3
اِتَسَدُّح,2itsadda7,2itsadda7,True,10,9,10-19,0-9,5
يِدْلُف,yidlif,yidlif,True,7,6,0-9,0-9,5
تَاع,taa3,taa3,True,4,4,0-9,0-9,1
أَوْجِز,2awjaz,2awjaz,True,7,6,0-9,0-9,3
خُمُش,khammish,khammash,False,5,8,0-9,0-9,5
يتَكْسِر,yitkassar,yitkassar,True,8,9,0-9,0-9,3
طْلِيعَة,talii3a,talii3a,True,8,7,0-9,0-9,2
طَوبِر,ytoobir,toobar,False,6,7,0-9,0-9,2
يِخْمِخ,ykhamkhim,ykhamkhim,True,7,9,0-9,0-9,2
تَشَفُّى,tshaffa,tshaffa,True,8,7,0-9,0-9,5
طَمِّة,matta,tamme,False,6,5,0-9,0-9,5
سِجِل مَا بْيِتْهَا,sajjal 2ilbeet b2isimha,sajjal 2ilbeet b2isimha,True,19,23,10-19,20-29,4
يفَدِّي,yifdi,yifdi,True,7,5,0-9,0-9,3
أَسَل,2aslam,2asal,False,5,6,0-9,0-9,5
مَنْزُوع الدِّسَم,manzuu3 2iddasam,manzuu3 2iddasam,True,17,16,10-19,10-19,4
رَيض,rayyid,rayyid,True,4,6,0-9,0-9,4
صَايْة,saaye,saaye,True,6,5,0-9,0-9,5
صُولِيِّة,wusuuliyye,suuliyye,False,9,10,0-9,10-19,4
مَاشِطَة,maashta,maashta,True,8,7,0-9,0-9,5
تْعِلِل,t3allal,t3allal,True,7,7,0-9,0-9,4
يسُرّ,ysurr,ysirr,False,5,5,0-9,0-9,1
مُتَشَنِّج,mitshannij,mitshannij,True,10,10,10-19,10-19,4
اِنْهَزِر,2inhizir,2inhizir,True,9,8,0-9,0-9,5
يجَدُّول,yjadwil,yjadwil,True,8,7,0-9,0-9,3
زَبَالِة,zbaale,zbaale,True,8,6,0-9,0-9,3
تْسَامَح,tsaama7,tsaama7,True,8,7,0-9,0-9,2
مَا حَيلتُه حَيلِة,maa 7iilto 7iile,maa 7iilto 7iile,True,18,16,10-19,10-19,3
وِجْهُه خيرَك,wijhik kheer,wijhik kheer 3aleena,False,13,12,10-19,10-19,5
قُلّة,qille,qulle,False,5,5,0-9,0-9,4
بَشَّارَة,bashshaara,bshaara,False,9,10,0-9,10-19,1
عَمَر,3ammir,3ammir,True,5,6,0-9,0-9,2
نْسَيَّج,nasiij,nasiij,True,8,6,0-9,0-9,5
تَعَب,ta33ab,ta33ab,True,5,6,0-9,0-9,3
ذِيَع,zii3,zii3,True,5,4,0-9,0-9,5
مُنَاطِير,manaatiir,manaatiir,True,9,9,0-9,0-9,2
يْلَاحِظ,ylaa7iz,ylaa7iz,True,8,7,0-9,0-9,2
شَارِب مِن عَلَك,shaarib min kull nabi3,shaarib min kull nabi3,True,16,22,10-19,20-29,4
اِثْرَي,2isri,2isri,True,7,5,0-9,0-9,3
يِرْحَل,yir7al,yra77il,False,7,6,0-9,0-9,1
كُلْسَانِي,kalaasiin,kalaasiin,True,10,9,10-19,0-9,5
اِنْغَمَر,2inghirim,2inghamar,False,9,9,0-9,0-9,5
جَمْرِة المِي,jamrit 2ilmayy,jamrit 2ilmayy,True,13,14,10-19,10-19,4
مِتْبَطِّر,mitbattir,mitbattir,True,10,9,10-19,0-9,1
بْلَاش,balaash,balaash,True,6,7,0-9,0-9,2
عَطْبِن,3atban,3atbin,False,7,6,0-9,0-9,1
اِعْتَكَف,2i3tikif,2i3takaf,False,9,8,0-9,0-9,2
يعَمِّش,yi3mish,yi3mish,True,7,7,0-9,0-9,1
طَرَاحَة,tarraa7a,tarraa7a,True,8,8,0-9,0-9,3
عُرُش,3arash,3arrish,False,5,6,0-9,0-9,4
كَنَى,naka,kana,False,5,4,0-9,0-9,5
نَغْزِة,naghze,naghze,True,7,6,0-9,0-9,1
أَطِين عيشتُه,2atayyin 3iishto,2atayyin 3iishto,True,13,16,10-19,10-19,4
صَرْف,sarraf,sarraf,True,5,6,0-9,0-9,4
تْحَزَّر,t7azzar,t7azzar,True,8,7,0-9,0-9,1
اِتْغَرَّم,2itghammar,2itghammar,True,10,10,10-19,10-19,2
اِنْخَزِق,2inkhiziq,2inkhiziq,True,9,9,0-9,0-9,5
تَلْقَن,tlaqqan,tlaqqan,True,7,7,0-9,0-9,3
بَصَّة,bassa,bassa,True,6,5,0-9,0-9,1
يْكَابِر,ykaabir,ykaabir,True,8,7,0-9,0-9,2
يَانِسِة,yaanse,yaanse,True,8,6,0-9,0-9,2
اِتْمَصْرَف,2itmasraf,2itmasraf,True,11,9,10-19,0-9,2
تْعَنْصَر,t3ansar,t3ansar,True,9,7,0-9,0-9,1
جَمْلِة,majalle,jumle,False,7,7,0-9,0-9,1
عَزَّى,3azza,3azza,True,6,5,0-9,0-9,1
نَشِّر,nashir,nashshir,False,6,6,0-9,0-9,3
لَوَذ,lawwadh,lawwadh,True,5,7,0-9,0-9,4
بدهَا تِدْحَشْهَا بمنَاخِيري,bidha tid7ashha bmanaakhiiri,bidha tid7ashha bmanaakhiiri,True,28,28,20-29,20-29,4
زْغَاوِي,ghazzaawi,ghazzaawi,True,8,9,0-9,0-9,3
طَايُش,taayish,taayish,True,6,7,0-9,0-9,5
خَمَّوم,khamkhuum,khmuum,False,7,9,0-9,0-9,5
وَعَظ,wa33iz,wa33az,False,5,6,0-9,0-9,2
زَيّ القُمُر,zayy 2ilqamar,zayy 2ilqamar,True,12,13,10-19,10-19,5
يْفَرِّج,yfarrij,yfarrij,True,8,7,0-9,0-9,5
دَلْعَوبِة,dal3uube,dal3uube,True,10,8,10-19,0-9,2
خَصْوِة,khuusa,khuswe,False,7,6,0-9,0-9,3
بيوَزِّع حْسَانَت,biywazzi3 7asanaat,biwazzi3 7asanaat,False,17,18,10-19,10-19,5
عوَى,3awwa,3awa,False,4,5,0-9,0-9,5
مْثَيَّل,masiil,masiil,True,8,6,0-9,0-9,4
اِتْبَجَّق,2itbadjdjaqk,2itbadjdjaqk,True,10,12,10-19,10-19,1
يُكْلُح,yikla7,ykalli7,False,7,6,0-9,0-9,3
تَنْتِي,tantani,tanti,False,7,7,0-9,0-9,1
جَزِيرَة,jaziira,jaziira,True,8,7,0-9,0-9,3
اِسْتَوْطِن,2istawtan,2istawtin,False,11,9,10-19,0-9,3
لَوِّذ,luudh,lawwidh,False,6,5,0-9,0-9,3
تَاخِخ,taakhikh,taakhikh,True,6,8,0-9,0-9,1
يِسْتَقِلّ,yistaqall,yistaqall,True,10,9,10-19,0-9,1
يِتْخَرْفَن,yitkharfan,yitkharfan,True,11,10,10-19,10-19,1
يَلْهُوج,ylahwidj,ylahwidj,True,8,8,0-9,0-9,4
فَرَق عَلُوز,furqu3 looz,faraq 3aluuz,False,12,11,10-19,10-19,1
يصَالِح,ysaali7,ysaali7,True,7,7,0-9,0-9,1
اِتَلَاسَن,2itlaasan,2itlaasan,True,10,9,10-19,0-9,4
مِسْتَكْسِل,mistaksil,mistaksil,True,11,9,10-19,0-9,2
يُرْتُل,yrattil,yrattil,True,7,7,0-9,0-9,5
اِنْحَنِى,2in7ana,2in7ana,True,9,7,0-9,0-9,5
يِخْتَلِس,yikhtalis,yikhtilis,False,9,9,0-9,0-9,2
ذِرِّي,dharri,dharri,True,6,6,0-9,0-9,5
تَقَوُّير,taq2wiir,taq2wiir,True,9,8,0-9,0-9,5
عِنِس,3annas,3annis,False,5,6,0-9,0-9,5
صحَّة وهَنَا,sa77a wuhana,sa77a wuhana,True,12,12,10-19,10-19,1
تْقَزَّم,taqazzum,tqazzam,False,8,8,0-9,0-9,1
صُرْمَايِة,surmaaye,surmaaye,True,10,8,10-19,0-9,1
سْوَيعَاتي,swee3aati,swee3aati,True,10,9,10-19,0-9,4
سْبَاط,subbaat,sbaat,False,6,7,0-9,0-9,1
عقلهَا بيتقوَال,3aqlaato biluqqu,3aqlo byuqtawal 3aaqal,False,15,16,10-19,10-19,3
أَرْوَاب,2arwaab,2arwaab,True,8,7,0-9,0-9,1
تَحَرْمَن,t7arman,t7arman,True,9,7,0-9,0-9,4
اِنْجَعَم,2inji3im,2inja3am,False,9,8,0-9,0-9,2
مَقَاعِد,maqaa3id,maqaa3id,True,8,8,0-9,0-9,2
زَعْمِيتَان,z3eetmaan,za3miitaan,False,11,9,10-19,0-9,4
خَرَّص,khurus,kharris,False,6,6,0-9,0-9,1
مْرَاجَدِة,mraajade,mraajade,True,10,8,10-19,0-9,4
أَجَر,2ajjir,2ajjar,False,5,6,0-9,0-9,1
حَقُّول,7quul,7quul,True,7,5,0-9,0-9,4
يِتْشَغَّل,yitshaghghal,yitshaghghal,True,10,12,10-19,10-19,1
صَلَاة الجُمْعَة,salaat 2iljum3a,salaat 2iljum3a,True,16,15,10-19,10-19,3
حَتَّم,7attim,7attim,True,6,6,0-9,0-9,1
اِبْعِد,baa3ad,2ib3id,False,7,6,0-9,0-9,4
مَلْهى,malha,malha,True,6,5,0-9,0-9,5
قَام الدنيَا عرَاسهَا,qaam 2iddunya 3araasha,qaam 2iddinya 3araasha,False,21,22,20-29,20-29,1
بسوَاش نَكْلِة,biswaash nigle,biswaash nikile,False,14,14,10-19,10-19,2
ينَضِّج,yunduj,yindij,False,7,6,0-9,0-9,4
يِتَلْحَل,yitla7la7,yitla7la7,True,9,9,0-9,0-9,3
آخذ بخَاطرهم,2akhud bkhaatirhum,2akhud bkhaatirhum,True,12,18,10-19,10-19,1
وُرَا,wara,wara,True,5,4,0-9,0-9,4
اِتْصَنّف,2itsannaf,2itsaffan,False,9,9,0-9,0-9,5
يِحْبِح,y7ab7ib,y7abbi7,False,7,7,0-9,0-9,3
جَودَان,wijdaan,juudaan,False,7,7,0-9,0-9,5
اِقْتَرَاح,2iqtiraa7,2iqtiraa7,True,10,9,10-19,0-9,2
مَتْرُوس,matruus,matruus,True,8,7,0-9,0-9,3
رَاهَب,raahib,raahib,True,6,6,0-9,0-9,2
حِسَاب,7saab,7saab,True,6,5,0-9,0-9,4
هَبِّر,habbar,habbar,True,6,6,0-9,0-9,2
يخَوتَل,ykhootil,ykhootil,True,7,8,0-9,0-9,4
إِمّ,2imm,2imm,True,4,4,0-9,0-9,1
يُنْشُط,ynashshit,yinshat,False,7,9,0-9,0-9,1
فَعُّوص,fa3wis,fa3was,False,7,6,0-9,0-9,5
اِنْصَوَف,2inwasaf,2inwisif,False,9,8,0-9,0-9,3
اِسْتَفْيَد,2istafiid,2istafiid,True,11,9,10-19,0-9,3
يُطْحَش,yit7ash,yta77ish,False,7,7,0-9,0-9,3
فَقْعَة,fuq3a,fuq3a,True,7,5,0-9,0-9,1
سَحْرَة,sa7ara,sa7ara,True,7,6,0-9,0-9,2
اِتْزَطْمَم,2itzattam,2itzatmat,False,11,9,10-19,0-9,4
نِاح,naa7,naa7,True,4,4,0-9,0-9,2
شَطِّر,shatir,shatir,True,6,6,0-9,0-9,3
سَهِل,sahhil,sahhil,True,5,6,0-9,0-9,3
يِتَوَشْوَش,yitwashwash,yitwashwash,True,11,11,10-19,10-19,4
بتِرْمِي سَمِيد,btirmi samiid,btirmi samiid,True,15,13,10-19,10-19,1
اِتوَازَل,2itzaawal,2itzaawal,True,9,9,0-9,0-9,3
اِتْغَزَّل,2itghazzal,2itghazzal,True,10,10,10-19,10-19,3
زَاقِى,zaak2a,zaak2a,True,6,6,0-9,0-9,3
صِحِي عحَالُه,si7i 3a7aalo,si7i 3a7aalo,True,13,12,10-19,10-19,4
يِمْرَق,yumruq,ymarriq,False,7,6,0-9,0-9,4
صُيحَة,see7a,see7a,True,6,5,0-9,0-9,5
شِبْرِق,shabriq2,shabraq2,False,7,8,0-9,0-9,3
يِتْرُس,ytarris,ytarris,True,7,7,0-9,0-9,2
طُقّ ومِت,tuqq wumuut,tuqq wumuut,True,9,11,0-9,10-19,4
لْحَاف,l7aaf,l7aaf,True,6,5,0-9,0-9,1
اِنْبَلَف,2inbalaf,2inbalaf,True,9,8,0-9,0-9,3
اَلّ,2il,2il,True,4,3,0-9,0-9,5
تْغَنْدَر,tghandar,tghandar,True,9,8,0-9,0-9,2
رِيح في بَطْنَك,rii7 yinfukh batnak,rii7 yinfukh batnak,True,15,19,10-19,10-19,2
فُشْفَاش,fishfaash,fishfaash,True,8,9,0-9,0-9,3
فَوَر,foor,fawwar,False,5,4,0-9,0-9,5
حِسْحِس,7as7as,7as7is,False,7,6,0-9,0-9,5
شِيخ البَقِيلِة,sheekh 2ilqabiile,sheekh 2ilqabiile,True,15,17,10-19,10-19,3
قِتِيل,qatiil,qatiil,True,6,6,0-9,0-9,4
نَيل,nayl,nayyal,False,4,4,0-9,0-9,4
تْكَالَب,tkaalab,tkaalab,True,8,7,0-9,0-9,2
وَرَقَة رُبحَاة,waraqa raabi7a,waraqa raba7a,False,15,14,10-19,10-19,3
تْفَرْطَح,tfarta7,tfarta7,True,9,7,0-9,0-9,1
فُتَّيل,ftiil,ftiil,True,7,5,0-9,0-9,4
شَفِّر,shaffir,shaffir,True,6,7,0-9,0-9,2
تْمَايَل,tamaasiil,tmaayal,False,8,9,0-9,0-9,2
جَوَاة,djuwwaat,juwwaat,False,6,8,0-9,0-9,2
جَدُول,jadwil,jadwal,False,6,6,0-9,0-9,3
اِتْقَشَّط,2itqashshat,2itqashshat,True,10,11,10-19,10-19,2
إِجَارين بَالفلقة سوَا,2ijreena bilfalqa sawa,2ijaariin bilfalqa 2ilwa safe,False,22,22,20-29,20-29,2
أِمْرَاس,2amraas,2amraas,True,8,7,0-9,0-9,4
وِتِد,wattad,wattid,False,5,6,0-9,0-9,4
تَمْوِين,tamwiin,tamwiin,True,8,7,0-9,0-9,1
تَاسِع,taasi3,taasi3,True,6,6,0-9,0-9,1
جَلَبَانِة,djilbaane,julbaane,False,10,9,10-19,0-9,4
عَبِّد,3abid,3abbid,False,6,5,0-9,0-9,3
بَخْنِس,bakhnis,bakhnis,True,7,7,0-9,0-9,1
يِنْبَكِم,yinbikim,yinbikim,True,9,8,0-9,0-9,4
تْنَقَّيح,tanqii7,tanqii7,True,9,7,0-9,0-9,3
اِسْتَكْمِل,2istakmal,2istakmil,False,11,9,10-19,0-9,2
اِتَفَاقُم,2itfaaqam,2itfaaqam,True,10,9,10-19,0-9,5
صُوَابِين,sawaabiin,sawaabiin,True,9,9,0-9,0-9,2
يِشِين,yshayyin,yshayyin,True,6,8,0-9,0-9,5
هَزْهَز,hazhiz,hazhaz,False,7,6,0-9,0-9,2
يَوهِم,yuuhim,ywahhim,False,6,6,0-9,0-9,4
حِجِر الأَسَاس,7ajar 2il2asaas,7ajar 2il2asaas,True,14,15,10-19,10-19,5
سَار,saar,saar,True,4,4,0-9,0-9,1
تَمَرْرِيس,tmaryas,tamriis,False,10,7,10-19,0-9,3
اِنْسَهَل,2insahil,2insahal,False,9,8,0-9,0-9,2
يِنْبِلِف,yinbilif,yinbilif,True,9,8,0-9,0-9,1
مْوَزَّم,mwazzam,mwazzam,True,8,7,0-9,0-9,2
وَكَّل,wakkal,wakkil,False,6,6,0-9,0-9,2
ينَظْتِر,yintazir,yintizir,False,8,8,0-9,0-9,5
بَرْحَة,bar7a,bar7a,True,7,5,0-9,0-9,1
كثير غلبة,ktiir ghalabe,kthiir ghalabe,False,9,13,0-9,10-19,1
دير بلَاك,diir baalak,diir baalak,True,9,11,0-9,10-19,5
وَصَى,wassa,wassa,True,5,5,0-9,0-9,3
مْمَاسِح,mamaasi7,mamaasi7,True,8,8,0-9,0-9,3
يتِيح,ytii7,ytii7,True,5,5,0-9,0-9,1
أَكَزَانِة,2akzakhaane,2akzaane,False,10,11,10-19,10-19,4
سْنُكُوح,sankuu7,sankuu7,True,8,7,0-9,0-9,5
آخّ,2aakh,2aakh,True,3,5,0-9,0-9,2
غَرَضُه شريف,gharado shariif,gharado shariif,True,12,15,10-19,10-19,1
سَخِم ولَطَم,sakhkham wulattam,sakhkham wulattam,True,12,17,10-19,10-19,3
شَبَه,shabah,shabbah,False,5,6,0-9,0-9,3
شِنَاطِي,shanaatiiti,shanaatiiti,True,8,11,0-9,10-19,3
عَشَان خَاطِرَك,3ashaan khaatrak,3ashaan khaatrak,True,15,16,10-19,10-19,4
وَرْقَة,waraqa,waraqa,True,7,6,0-9,0-9,4
الحَبّ لجَرَّار,2il7abil jarraar,2il7abil jarraar,True,15,16,10-19,10-19,1
اِتْفَظَّل,2itlaffaz,2itfazzal,False,10,9,10-19,0-9,4
يِنْفِتِح,yinfiti7,yinifti7,False,9,8,0-9,0-9,1
نَارْنِجِة,naarinje,naarinje,True,10,8,10-19,0-9,3
مْمَارَسِة,mumaarase,mumaarase,True,10,9,10-19,0-9,4
يْقَشِّر,yqashshir,yqashshir,True,8,9,0-9,0-9,5
فَنْجِر,fanjir,fanjar,False,7,6,0-9,0-9,4
دَاِيم,daayim,daayim,True,6,6,0-9,0-9,5
هُتُور,hatwir,hatwar,False,6,6,0-9,0-9,4
نَخِب أوِّل,nakhib 2awwal,nakhib 2awwal,True,11,13,10-19,10-19,1
لَا ترَافق الذَّلِيل بتذله مثل ولَا تنزل دَايم تهَا,laa traafiq 2izzaliil bitzill mitlo walaa tinzil daar 2ittahaayim tuthimi,laa traafiq 2izzaliil bitzill mitlo wala tinzil dar 2ittutahimimi,False,51,73,50-59,70-79,1
نَسَبِة,nisbe,nisbe,True,7,5,0-9,0-9,5
بِيبِّي,bebbi,bebbi,True,7,5,0-9,0-9,3
اِتْمَحَّك,2itma77ak,2itma77ak,True,10,9,10-19,0-9,1
أَنْدِر,2andar,2andar,True,7,6,0-9,0-9,4
وَارَث,waaris,waaris,True,6,6,0-9,0-9,3
اِتْصَفَّر,2itsarraf,2itfassar,False,10,9,10-19,0-9,2
خَضّ,khadd,khudd,False,4,5,0-9,0-9,2
اِنْذِر,2undhur,2inzir,False,7,7,0-9,0-9,4
كَرْنَودِيه,kroondee,kroondee,True,11,8,10-19,0-9,2
دَحُو,da7u,da7u,True,5,4,0-9,0-9,1
مَعَانِي,ma3aani,ma3aani,True,8,7,0-9,0-9,1
مْبَاشِيم,mabaashiim,mabaashiim,True,9,10,0-9,10-19,4
ينَخْفِي,yinkhifi,yinkhifi,True,8,8,0-9,0-9,5
فَسْقَل,fasqal,fasqal,True,7,6,0-9,0-9,1
يْخَرْخِش,ykharkhish,ykharkhish,True,9,10,0-9,10-19,2
سِمِم,sammim,sammam,False,5,6,0-9,0-9,3
زَمُّورِة الحَلِق,zammuurit 2il7alq,zammuurit 2il7alq,True,17,17,10-19,10-19,3
فِقِق,faqqiq,faqqiqfa2fa2fa2fa2fa2,False,5,6,0-9,0-9,4
مَعَابِر,ma3aabir,ma3aabir,True,8,8,0-9,0-9,1
مُسْتَحْلِي,musta7iil,mista7iil,False,11,9,10-19,0-9,5
مَات بْحَسْرِتُه,maat b7asrito,maat b7asrito,True,16,13,10-19,10-19,1
خَصِّر,khasir,khassar,False,6,6,0-9,0-9,5
مْطَبَّش,mtabbash,mtabbish,False,8,8,0-9,0-9,2
اِنْغَلَق,2inghalaq,2inghiliq,False,9,9,0-9,0-9,4
تَأَسَلُّم,t2aslam,t2aslam,True,10,7,10-19,0-9,4
حَاوُزُو,7aawuuz,7aawuuz,True,8,7,0-9,0-9,5
نُزْهَة,nuzha,nazha,False,7,5,0-9,0-9,4
صَمِد,sammad,sammid,False,5,6,0-9,0-9,4
يِلْهَج,yilhaj,yilhaj,True,7,6,0-9,0-9,1
سْوِلْفِة,soolafe,soolafe,True,9,7,0-9,0-9,5
حُبْحُب,7ab7ab,7ab7ib,False,7,6,0-9,0-9,4
فَور لِي دَمِّي,fawwarli dammi,fawwarli dammi,True,15,14,10-19,10-19,2
بُوبَر,boobir,boobar,False,6,6,0-9,0-9,4
اِسْتَفْحَل,2istaf7al,2istaf7il,False,11,9,10-19,0-9,2
صَبَّاح اليَاسْمِين,sabaa7 2ilyaasmiin,sabaa7 2ilyaasmiin,True,19,18,10-19,10-19,4
يِدَافِع,ydaafi3,ydaafi3,True,8,7,0-9,0-9,2
عَوَائِق,3awaa2iq,3awaa2iq,True,8,8,0-9,0-9,1
مِتْدَهْوِر,middahwir,middahwir,True,11,9,10-19,0-9,1
رَقَق,raqqaq,raqqiq,False,5,6,0-9,0-9,3
يِمْنَع,yimna3,yimna3,True,7,6,0-9,0-9,1
تَجَرُّد,tjarrad,tjarrad,True,8,7,0-9,0-9,2
بِنِج,bannaj,bannaj,True,5,6,0-9,0-9,5
قَلْبُه مْعَمِّل,qalbo m3ammal,qalbo m3ammal,True,16,13,10-19,10-19,3
غَلَب,ghallab,ghallab,True,5,7,0-9,0-9,1
أُسْفُن,2asfin,2asfan,False,7,6,0-9,0-9,3
نَعِّس,na33is,na33as,False,6,6,0-9,0-9,3
كَرَّع,karra3,karri3,False,6,6,0-9,0-9,3
بَرْقَع,burqu3,burgu3,False,7,6,0-9,0-9,3
خَمَّش,khamash,khammish,False,6,7,0-9,0-9,2
بحش عَالشَّور,ba7ash 3ashruush,ba7ash 3ashshuur,False,13,16,10-19,10-19,3
شَقِّع,shaqqi3,shaqqa3,False,6,7,0-9,0-9,3
يَا جَاي بلَا عزيمة يَا قل اليمة,yaa jaay bala 3aziime yaa qaliil 2ilqiime,yaa jaay bala 3aziime yaa qaliil 2ilqiiime,False,32,41,30-39,40-49,4
اِنْهَيَار,2inhiyaar,2inhiyaar,True,10,9,10-19,0-9,5
أُنْبَاء,2anbaa2,2anbaa2,True,8,7,0-9,0-9,5
كِسِر إِجْرُه,kasar 2ijro,kasar 2ijro,True,13,11,10-19,10-19,2
حَفَّظ,7ifiz,7affad,False,6,5,0-9,0-9,2
شَعَّب,shu3ab,sha33ib,False,6,6,0-9,0-9,3
هَبَّر,habbar,habbar,True,6,6,0-9,0-9,1
يِتْبَحَّج,yitbajja7,yitbajja7,True,10,9,10-19,0-9,4
رُخْصَة,rukhsa,rukhsa,True,7,6,0-9,0-9,3
أَفْرِج,2afraj,2afraj,True,7,6,0-9,0-9,4
سِايِق,saayiq,saayiq,True,6,6,0-9,0-9,5
مْلَقْوِج,mlaqwaj,malquuj,False,9,7,0-9,0-9,2
مَسْقَعَة,msaqqa3a,msaqqa3a,True,9,8,0-9,0-9,3
خَبَز,khabiz,khabaz,False,5,6,0-9,0-9,1
فَجْأَة,faj2a,faj2a,True,7,5,0-9,0-9,4
دَعِّم,da33im,da33am,False,6,6,0-9,0-9,3
رَوَش,riwish,rawwish,False,5,6,0-9,0-9,3
يُقْحُط,yqa77it,yiq7at,False,7,7,0-9,0-9,5
صَلْطِم,saltim,saltam,False,7,6,0-9,0-9,3
كْرُكْسِة,krukse,krukse,True,9,6,0-9,0-9,3
مُوَاسِير,mawaasiir,mawaasiir,True,9,9,0-9,0-9,4
مِتْرَنَّح,mitranni7,mitranni7,True,10,9,10-19,0-9,5
نِمِش,namash,nammash,False,5,6,0-9,0-9,5
شَلْبَك,shalbak,shalbak,True,7,7,0-9,0-9,2
عُاش,3aash,3aash,True,4,5,0-9,0-9,5
مَرْبِح,murbi7,marba7,False,7,6,0-9,0-9,4
اُعْقُش,3aaqkish,2u3qush,False,7,8,0-9,0-9,5
شَيُّوخ,shyuukh,shyuukh,True,7,7,0-9,0-9,2
من نْسَج الخيَال,min nasj 2ilkhayaal,min nasj 2ilkhayaal,True,16,19,10-19,10-19,2
يطَبِّق,ytabbiq,ytabbiq,True,7,7,0-9,0-9,2
عمل حْجَابَات,3imil 7jaabaat,3imil 7jaabaat,True,13,14,10-19,10-19,5
كَتَّف,kitif,kattif,False,6,5,0-9,0-9,1
دِينْوَجِي,deewanji,deewanji,True,10,8,10-19,0-9,4
سُورَة,suura,suura,True,6,5,0-9,0-9,1
وَ,wa,wa,True,2,2,0-9,0-9,3
أَليِّم,2aliim,2aliim,True,7,6,0-9,0-9,3
نَبِيه,mabiih,nabiih,False,6,6,0-9,0-9,1
عْذَاب,3azaab,3azaab,True,6,6,0-9,0-9,5
هَنَّاء,hanaa2,hinaa2,False,7,6,0-9,0-9,5
يدَسْكَر,ydaskir,ydaskir,True,8,7,0-9,0-9,4
اِحْكَى,2ik7a,2i7ka,False,7,5,0-9,0-9,5
سَاِيح,saayi7,saayi7,True,6,6,0-9,0-9,4
دَنْدَر,dandir,dandar,False,7,6,0-9,0-9,1
أَنَازيح,2anaazii7,2anaazii7,True,8,9,0-9,0-9,2
فَرْفِش,farfish,farfash,False,7,7,0-9,0-9,3
سَمَنْدَرَة,samandara,samandara,True,11,9,10-19,0-9,1
دَهَن,dahhan,dahhin,False,5,6,0-9,0-9,2
يِسْبَنِّع,ysab3in,ysab3in,True,10,7,10-19,0-9,5
يعَثِّب,yi3bas,y3attib,False,7,6,0-9,0-9,2
حَلْقَم,7alqam,7alqim,False,7,6,0-9,0-9,1
يِنْتَظِر,yintazir,yintizir,False,9,8,0-9,0-9,2
يفَنِّت,yfattin,yfantin,False,7,7,0-9,0-9,2
اُطْمُع,2itma3,2itma3,True,7,6,0-9,0-9,2
كُحّ,ka77,ku77,False,4,4,0-9,0-9,2
يرَافِس,yraafis,yraafis,True,7,7,0-9,0-9,1
فَرْنِينِة,furniine,furniine,True,10,8,10-19,0-9,2
عَالمَودَيل,3al moodeel,3al moodeel,True,11,11,10-19,10-19,1
مُقْدَحَة,miqda7a,miqda7a,True,9,7,0-9,0-9,4
اللِّي خَلَّف مَا مَاتِش,2illi khallaf maa matish,2illi khallaf maa matish,True,24,24,20-29,20-29,2
يِئْس,ya22is,y2iss,False,5,6,0-9,0-9,5
يِنْبَاس,yinbaas,yinbaas,True,8,7,0-9,0-9,2
خَاوِل,khaawil,khaawil,True,6,7,0-9,0-9,1
مُتَخَيِّل,mitkhayyil,mitkhayyil,True,10,10,10-19,10-19,2
يِسْعِد,yis3id,yis3id,True,7,6,0-9,0-9,5
اِتْبِلَّك,2itballak,2itballak,True,10,9,10-19,0-9,5
شَلَفَقَة,shalfaqa,shalfaqa,True,9,8,0-9,0-9,3
مْخَاطِب,mukhaatab,mukhaatab,True,8,9,0-9,0-9,3
مَلْيِخ,mleelikh,mleelikh,True,7,8,0-9,0-9,3
بَطِنْهَا بَحَطْشُوهَا,batinha bisha7witha,batinha bisha7witha,True,22,19,20-29,10-19,2
سِكْنِة,sukne,sukne,True,7,5,0-9,0-9,4
هَوَايِة,hiwaaye,hiwaaye,True,8,7,0-9,0-9,4
رَايِح,raayi7,raayi7,True,6,6,0-9,0-9,1
يعَارِي,y3aayir,y3aari,False,7,7,0-9,0-9,3
نَقِّى,naqqa,naqa,False,6,5,0-9,0-9,3
مِشّ,mush,mish,False,4,4,0-9,0-9,5
عقله بيوزن بَلَد,3aqlo byuuzin balad,3aqlo byuuzin balad,True,16,19,10-19,10-19,3
عرَف الدِّيك,3urf 2iddiik,3araf 2iddiik,False,12,12,10-19,10-19,5
اِتَّصَد,2itsadda,2itsaddad,False,8,8,0-9,0-9,2
بَدُّودِة,badduude,badduude,True,9,8,0-9,0-9,1
تَافُف,taafif,taafif,True,6,6,0-9,0-9,4
يخَشِّخ,yshakhkhikh,yikhshakh,False,7,11,0-9,10-19,4
عَفوَا,3afwan,3afwan,True,6,6,0-9,0-9,4
خَيَّس,khiis,khayyas,False,6,5,0-9,0-9,3
فَوَارِيز,fawaaziir,fawaariiz,False,9,9,0-9,0-9,4
يِزْمَط,yizmut,yumzut,False,7,6,0-9,0-9,4
مُخْلَاة,mikhlaa,mikhlaa,True,8,7,0-9,0-9,3
جُخَّة,jakhkha,jakhkha,True,6,7,0-9,0-9,4
طُنْجَرَة,tunjara,tanjara,False,9,7,0-9,0-9,3
مِلْحَوَظَة,mal7uuze,mal7uuze,True,11,8,10-19,0-9,3
هَبْلُول,bahluul,habluul,False,8,7,0-9,0-9,4
تَنَهَم,tanhum,tnahnam,False,7,6,0-9,0-9,3
اِنْفَعَص,2infa3as,2infi3is,False,9,8,0-9,0-9,4
يتْصَوَّى,yitwassa,yitwassa,True,9,8,0-9,0-9,3
يتْجَعْرَم,yitdja3ram,yitdja3ram,True,10,10,10-19,10-19,4
اِنْفِعِص,2inif3is,2infi3is,False,9,8,0-9,0-9,2
زَاد,zaad,zaad,True,4,4,0-9,0-9,1
اِسْتِمْوِت,2istamwat,2istamwit,False,11,9,10-19,0-9,5
يْثَرْثِر,ysarsir,ysarsir,True,9,7,0-9,0-9,4
اِبِن حِلَال,2ibin 7alaal,2ibin 7alaal,True,12,12,10-19,10-19,3
اِغْلَب,2ighlib,ghaalib,False,7,7,0-9,0-9,5
أَظَافَر,2adaafir,2adaafir,True,8,8,0-9,0-9,3
صَاب,baas,saab,False,4,4,0-9,0-9,4
يُحْكُم,yu7kum,y7akkim,False,7,6,0-9,0-9,3
مْلِيطَة,malyata,malyata,True,8,7,0-9,0-9,5
اِسْتَلْبَس,2istalbas,2istalbas,True,11,9,10-19,0-9,2
مَعْرَكِة,ma3rake,ma3rake,True,9,7,0-9,0-9,1
اُرْزُع,2irza3,2irza3,True,7,6,0-9,0-9,5
مَوتِة,moote,moote,True,6,5,0-9,0-9,1
يلَطِّش,ylattish,ylattish,True,7,8,0-9,0-9,2
اِلْطَع,2ilta3,2ilta3,True,7,6,0-9,0-9,1
خِدْرَان,khadaraan,khidraan,False,8,9,0-9,0-9,2
عَسَاعَة الهَمَاس,3asaa3it halmasa,3asaa3it halmasa,True,17,16,10-19,10-19,3
تَسَوْقِي,taswiiq,taswiiq,True,9,7,0-9,0-9,2
دَفَّى,fada,daffa,False,6,4,0-9,0-9,3
أَصْلُه وفَصِلُه,2aslo wufaslo,2aslo wufaslo,True,16,13,10-19,10-19,4
عِرْبَشِة,3arbashe,3arbashe,True,9,8,0-9,0-9,5
يِقْحَب,yqga77ib,yqga77ib,True,7,8,0-9,0-9,2
أَرُوبَا,2arwaab,2arwaab,True,8,7,0-9,0-9,5
اِغْرِش,ghaarish,2ughrush,False,7,8,0-9,0-9,3
صَاغِل سَمِي,saagh saliim,saaghil sami,False,12,12,10-19,10-19,1
اِتْنَقَّار,2itnaaqar,2itnaaqar,True,11,9,10-19,0-9,4
حَزِّق,7azziq,7azaq,False,6,6,0-9,0-9,1
شِرِش,sharrash,sharrish,False,5,8,0-9,0-9,5
خَصُّوم,khsuum,khsuum,True,7,6,0-9,0-9,4
طَبْوِل,tbuul,tabbuul,False,7,5,0-9,0-9,5
لُخْلُخ,lakhlakh,lakhlikh,False,7,8,0-9,0-9,5
بَرْطِع,barta3,barti3,False,7,6,0-9,0-9,1
كَحَّلِت عيوني بشوفتك,ka77alit 3yuuni bshooftak,ka77alit 3yuuni bshooftak,True,21,25,20-29,20-29,1
عَف,3iff,3aff,False,3,4,0-9,0-9,4
شَخْوَر,shakhwir,shakhwar,False,7,8,0-9,0-9,2
مَسِخ,massikh,massakh,False,5,7,0-9,0-9,5
مْكَفْوَت,makfuut,makfuut,True,9,7,0-9,0-9,5
بُسَاع,bsaa3,bsaa3,True,6,5,0-9,0-9,5
اِشْطَح,ishta7,2ishta7,False,7,6,0-9,0-9,2
يُبْخُس,ybakhkhis,ybakhkhis,True,7,9,0-9,0-9,5
يتْعَجْرَف,yit3ajraf,yit3ajraf,True,10,9,10-19,0-9,5
يِسْتَوْسَخ,yistawsikh,yistawsikh,True,11,10,10-19,10-19,4
هَيبِة,heebe,heebe,True,6,5,0-9,0-9,2
حَافي,7aafi,7aafi,True,5,5,0-9,0-9,2
اِتْأَمَّز,2it2azzam,2it2azzam,True,10,9,10-19,0-9,4
بَرَّاءَة,baraa2a,baraa2a,True,9,7,0-9,0-9,5
خَدِّم,khaddam,khaddam,True,6,7,0-9,0-9,3
ضُلّ,dallil,dall,False,4,6,0-9,0-9,5
سَكَرْبِينِة,skarbiine,skarbiine,True,12,9,10-19,0-9,4
تْدَهْلَز,2iddahlaz,2iddahlaz,True,9,9,0-9,0-9,1
مُخَابَرَات,mukhaabaraat,mukhaabaraat,True,11,12,10-19,10-19,1
الضرة مَرَّة,2iddurra murra,2iddurra murra,True,12,14,10-19,10-19,3
لُتْوقَع,latuuqa3,latwaqu3,False,8,8,0-9,0-9,4
اِتْفَقَّد,2iftiqid,2itfaqqad,False,10,8,10-19,0-9,4
اِنْحَدّ,2in7add,2in7add,True,8,7,0-9,0-9,1
اِتْحَرْوَم,2it7oomar,2it7oomar,True,11,9,10-19,0-9,3
شَخَط,shakhkhat,shakhkhit,False,5,9,0-9,0-9,2
حَوَّابِين,7awaabiin,7awaabiin,True,10,9,10-19,0-9,3
بْرِيق,brayyig,briiq,False,6,7,0-9,0-9,4
نِيش,nayshin,nayshin,True,4,7,0-9,0-9,3
تْمَرْدَغ,tmardagh,tmardagh,True,9,8,0-9,0-9,1
تَلَاكُم,tlaakam,tlaakam,True,8,7,0-9,0-9,4
ذُرَى,dharra,dhara,False,5,6,0-9,0-9,4
مْكَافِح,mukaafi7,mukaafi7,True,8,8,0-9,0-9,3
نِكْرَة,nakira,nakra,False,7,6,0-9,0-9,5
مَسْرِح,masra7,masra7,True,7,6,0-9,0-9,4
شُوح,shoosha7,shawi7,False,4,8,0-9,0-9,4
يِؤلِّف,y2allif,y2allif,True,7,7,0-9,0-9,5
يِتْوَفَّى,yitwaffa,yitwaffa,True,10,8,10-19,0-9,1
أَدِلِّة,2adille,2adalle,False,8,7,0-9,0-9,4
يْبَكِّي الحَجِر,ybakki 2il7ajar,ybakki 2il7ajar,True,16,15,10-19,10-19,2
نَابَق,naabiq,naabiq,True,6,6,0-9,0-9,2
قَرْقَر,karkar,karkar,True,7,6,0-9,0-9,1
مْلَيلِخ,mleelikh,mleelikh,True,8,8,0-9,0-9,1
هِرْهِر,harhar,harhar,True,7,6,0-9,0-9,4
يصيِّف,ysayyif,ysiif,False,6,7,0-9,0-9,3
قِحْلَفِة,qka7lafe,qka7lafe,True,9,8,0-9,0-9,5
اِتْحَتْفَل,2it7aftal,2it7aftal,True,11,9,10-19,0-9,4
أَمْلُوف,ma2luuf,2amluuf,False,8,7,0-9,0-9,5
وَرَاش الشَّم,wara 2ishshams,wara 2ishshams,True,13,14,10-19,10-19,1
يِنْحَرِث,yin7irith,yin7irith,True,9,9,0-9,0-9,3
يرَمِّش,yirmish,yrammish,False,7,7,0-9,0-9,1
يِعِف,y3iff,y3iff,True,5,5,0-9,0-9,5
يِتْأَمَّل,yit2ammal,yit2ammal,True,10,9,10-19,0-9,1
شْيِبِس,shibs,shibs,True,7,5,0-9,0-9,4
سْمُوم,samuum,sumuum,False,6,6,0-9,0-9,2
يدَرْبِل,ydarbil,ydarbil,True,8,7,0-9,0-9,1
يِحْرَدّ,y7arrid,yi7rad,False,8,7,0-9,0-9,5
قِضَاء,qadaa2,qadaa2,True,6,6,0-9,0-9,3
مُخُّه قُنْدَرُه,mukhkho qundara,mukhkho qundara,True,16,15,10-19,10-19,3
لو جُحَا بَدَّاد بَدَّاد كَان بلهه,law ju7a baddaad kaan baddad biblaado,law ju7a baddaad kaan baddad blaado,False,34,37,30-39,30-39,3
اِنِلْحِش,2inla7ash,2inla7ash,True,9,9,0-9,0-9,3
خُرُط,kharat,kharat,True,5,6,0-9,0-9,4
اِتْمِقْلِس,2itma2las,2itma2las,True,11,9,10-19,0-9,2
اِتْجَبّد,2itjabbad,2itjabbad,True,9,9,0-9,0-9,5
يتْشَكَّك,yitshakkak,yitshakkak,True,9,10,0-9,10-19,2
بِلْبِش,balbish,balbash,False,7,7,0-9,0-9,5
اِتْدَحَّى,2it7adda,2it7adda,True,10,8,10-19,0-9,3
اِقْبُل,2iqbal,2iqbal,True,7,6,0-9,0-9,4
دْوِمِح,dooma7,doomi7,False,7,6,0-9,0-9,5
اِسْتَبْطِئ,2istabti2,2istabti2,True,11,9,10-19,0-9,1
دَرِّي,darri,darri,True,6,5,0-9,0-9,1
نَزِّف,nazaf,nazaf,True,6,5,0-9,0-9,3
يرَتِّحَا,yirtaa7,yirtaa7,True,9,7,0-9,0-9,3
اِحْتَشَم,2i7tashim,2i7tasham,False,9,9,0-9,0-9,1
مَرَاقِص,maraaqis,maraaqis,True,8,8,0-9,0-9,2
اُفْرُط,2ifrut,2ifrut,True,7,6,0-9,0-9,1
أَحْفاد,2a7faad,2a7faad,True,7,7,0-9,0-9,5
يِتْرَكَّى,yitrakka,yitrakka,True,10,8,10-19,0-9,1
اِرْزَع,2irza3,2irza3,True,7,6,0-9,0-9,2
أَكَد,2akkid,2akkid,True,5,6,0-9,0-9,1
سَنُون,snuun,snuun,True,6,5,0-9,0-9,3
فَتَح ذِينك عمي,fatti7 dineek ma3i,fatti7 dineek ma3i,True,15,18,10-19,10-19,5
اِضْرِب,2udrub,daarib,False,7,6,0-9,0-9,1
يِتْنَكْوَت,yitnakwat,yitnakwat,True,11,9,10-19,0-9,1
يِغْزّ,yghuzz,yghuzz,True,6,6,0-9,0-9,5
مْلَوِّن,mlawwan,mlawwin,False,8,7,0-9,0-9,3
هَمِّش,hammish,hammash,False,6,7,0-9,0-9,3
تْفِخْفِخ,tfakhfakh,tfakhfakh,True,9,9,0-9,0-9,2
مَرَاقِب,muraaqib,mraaqab,False,8,8,0-9,0-9,1
يِنْطَرِم,yintirim,yintirim,True,9,8,0-9,0-9,5
ثَقَالِة,thaqaale,thaqaale,True,8,8,0-9,0-9,3
خُيط,kheet,khayyat,False,4,5,0-9,0-9,5
يكُفّ,ykuff,ykuff,True,5,5,0-9,0-9,3
يرَنْدَح,yrandi7,yrandi7,True,8,7,0-9,0-9,4
يِتْكَايَف,yitkaayaf,yitkaayaf,True,10,9,10-19,0-9,1
سَيْطَرَة,saytara,saytara,True,9,7,0-9,0-9,1
اِتَّلَوُّق,2itlawwaq,2itlawwaq,True,11,9,10-19,0-9,4
ذَيَّل,dayyil,dayyal,False,6,6,0-9,0-9,4
خِرِب,kharrib,kharrib,True,5,7,0-9,0-9,5
اِتَخْرِين,2itkharyan,2itkharyan,True,10,10,10-19,10-19,5
سَمِّيعَة,smee3a,smee3a,True,9,6,0-9,0-9,5
اِبْتَسَم,2ibtasam,2ibtisim,False,9,8,0-9,0-9,2
اُبْحُص,2ib7as,2ib7as,True,7,6,0-9,0-9,2
أَطْرَم,2atram,2atram,True,7,6,0-9,0-9,1
دْوَاكِن,dawaakin,dawaakin,True,8,8,0-9,0-9,3
كَاكَّا,kaaka,kakka,False,7,5,0-9,0-9,2
هَاوِش,haawish,haawash,False,6,7,0-9,0-9,1
سْلَبْوَد,salbuud,salbuud,True,9,7,0-9,0-9,5
اِتْغَال,2ightaal,2ightaal,True,8,8,0-9,0-9,3
يُبْقُق,ybaqqiq,ybaqqiq,True,7,7,0-9,0-9,2
عكنن سَمَاي,3aknan samaay,3aknan samaay,True,11,13,10-19,10-19,5
نقِّطنَا بسكوتَك,naqqitna biskuutak,naqqitna biskuutak,True,16,18,10-19,10-19,2
مُحَاوَلِة,mu7aawale,mu7aawale,True,10,9,10-19,0-9,1
اُنْزُت,2inzatt,2inzatt,True,7,7,0-9,0-9,2
جَاقِر,2ujqur,jaaqkir,False,6,6,0-9,0-9,4
بْذَيلَا,bidyaal,bidyaal,True,8,7,0-9,0-9,5
هَبِد,habid,habad,False,5,5,0-9,0-9,4
لَدَن,laddin,laddan,False,5,6,0-9,0-9,3
اُسْفُق,2usfuq,2usfuq,True,7,6,0-9,0-9,3
أَبُو الحْصَيني,2abu 2ili7seeni,2abu 2ili7seeni,True,15,15,10-19,10-19,2
اِتْجَرْعَم,2itdjarma3,2itdja3ram,False,11,10,10-19,10-19,4
فَرْحِتِي مَا بْطِيع لَاه,far7iti maa ba3tiiha la7ada,far7iti maa ba3tiiha la3ami,False,25,27,20-29,20-29,5
ميَال,mayyaal,mayyaal,True,5,7,0-9,0-9,5
فُقُد,faqad,faqqid,False,5,5,0-9,0-9,5
يِتْفَرَّس,yitfassar,yitfassar,True,10,9,10-19,0-9,4
تَغْسِيل أموتَا,taghsiil 2amwaat,taghsiil 2amwaat,True,15,16,10-19,10-19,3
يُرْدُد,yraddid,yraddid,True,7,7,0-9,0-9,3
يُضْعُف,yid3af,yda33if,False,7,6,0-9,0-9,4
دَعْكَش,da3kash,da3kish,False,7,7,0-9,0-9,1
مُرّ,murr,marr,False,4,4,0-9,0-9,1
شَلَب,shilib,shalab,False,5,6,0-9,0-9,1
صَلَّع,sulu3,salla3,False,6,5,0-9,0-9,3
فقر دَمّ,faqir damm,faqir damm,True,8,10,0-9,10-19,2
فَرّ,farr,furr,False,4,4,0-9,0-9,3
سَمْكِرِي,samkari,samkari,True,9,7,0-9,0-9,5
كُرَاهِيِّة,karaahiyye,karaahiyye,True,11,10,10-19,10-19,5
اِتْشَخّط,2itshakhkhat,2itshakhkhat,True,9,12,0-9,10-19,4
تَنْطَط,tnattat,tnattat,True,7,7,0-9,0-9,3
لَعَّب,la33ib,la33ab,False,6,6,0-9,0-9,3
مَنْسُوخ,mansuukh,mansuukh,True,8,8,0-9,0-9,1
يبُقّ,ybuqq,ybuqq,True,5,5,0-9,0-9,1
شُغْلَك مِثِل حْرَاث الجمَّال,shughlak mitil 7raat 2iljammaal,shughlak mitil 7raath 2ildjammal,False,29,31,20-29,30-39,3
عَرْبِد,3arbad,3arbid,False,7,6,0-9,0-9,3
سَكَرِي,sukkari,sikri,False,7,7,0-9,0-9,5
مَنَافِع,manaafi3,manaafi3,True,8,8,0-9,0-9,2
شَتَل,shattil,shatal,False,5,7,0-9,0-9,3
اِسْتَنْشَق,2istanshaq,2istanshaq,True,11,10,10-19,10-19,1
بَشِّع,bishi3,bashshi3,False,6,6,0-9,0-9,1
يْحَسِّب,y7assib,yi7sib,False,8,7,0-9,0-9,5
اِهْجِم,haajam,2uhjum,False,7,6,0-9,0-9,4
نَغِّص,naghghis,naghghis,True,6,8,0-9,0-9,3
قَوِّد,qawad,quud,False,6,5,0-9,0-9,3
يِشْعِب,yisha33ib,ysha33ib,False,7,9,0-9,0-9,3
قَول وَاحِد,qool waa7id,qool waa7id,True,11,11,10-19,10-19,2
رَمَانِيض,ramaadiin,ramaadiin,True,9,9,0-9,0-9,2
خَرُوج,khruuj,khruuj,True,6,6,0-9,0-9,3
غَلَمُوشِة,ghalmuushe,ghalmuushe,True,10,10,10-19,10-19,5
يِهْيَم,yhiim,yhayhim,False,7,5,0-9,0-9,5
بَسَّط,bassat,bassit,False,6,6,0-9,0-9,3
حَبّ الرَّشَاد,7abb 2irrashaad,7abb 2irrashaad,True,14,15,10-19,10-19,2
يلَوِّف,yluuf,yluuf,True,7,5,0-9,0-9,2
اُشْفُط,shaafit,2ushfut,False,7,7,0-9,0-9,3
صَنَع,sanni3,sanni3,True,5,6,0-9,0-9,3
حَلِش,7alash,7alash,True,5,6,0-9,0-9,5
يِتَشَارَك,yitshaarak,yitshaarak,True,10,10,10-19,10-19,4
غَاوَز,ghaawaz,ghaawiz,False,6,7,0-9,0-9,2
طَاسة وحَدْه,taase wa7de,taase wa7de,True,12,11,10-19,10-19,5
بِيحلِّن عن الشُّق بَلَحْمِة,bi7illin 3an 7ablil mashnaqa,byi7lin 3an 7ablil mashnaqa,False,28,28,20-29,20-29,5
مَطْلَق,mtallaq,mtalliq,False,7,7,0-9,0-9,2
صَنَّف,sanf,sannif,False,6,4,0-9,0-9,1
حِقِن,7aqan,7aqan,True,5,5,0-9,0-9,4
أَبْلَد,2ablad,2ablad,True,7,6,0-9,0-9,1
اِسْتَصْعِب,2istas3ab,2istas3ab,True,11,9,10-19,0-9,3
يحِيط,y7iit,y7ayyit,False,5,5,0-9,0-9,3
اِرْتَزي,2irtizi,2irtizi,True,8,7,0-9,0-9,5
أَفْضَل,2afdal,2afdal,True,7,6,0-9,0-9,2
أَيَد,2eed,2ayyad,False,5,4,0-9,0-9,4
فَرَّكِة ذَان,farkit daan,farkit daan,True,13,11,10-19,10-19,5
بِلْطَة,balta,balta,True,7,5,0-9,0-9,4
صَفِّح,safa7,fassa7,False,6,5,0-9,0-9,3
دِلْمَسِة,dalmase,dalmase,True,9,7,0-9,0-9,5
رِبِط الولد,rabat 2ilwalad,rabat 2ilwalad,True,11,14,10-19,10-19,3
اِفْيَد,faayid,faayid,True,7,6,0-9,0-9,4
كل زِيت وَانطح الحيط,kull zeet wu2inta7 2il7eet,kull zeet wu2inta7 2il7eet,True,20,26,20-29,20-29,2
اِنْخَدَع,2inkhidi3,2inkhidi3,True,9,9,0-9,0-9,1
يحِزّ,y7izz,y7izz,True,5,5,0-9,0-9,1
قَّاعِش,qkaa3ish,qkaa3ish,True,7,8,0-9,0-9,4
زَائَر,zaa2ir,zaa2ir,True,6,6,0-9,0-9,2
اِتَنَاذُل,2itnaadal,2itnaadal,True,10,9,10-19,0-9,5
اُعْشَى,2i3sha,2i3sha,True,7,6,0-9,0-9,2
يِتْأوَّه,yit2awwah,yit2awwah,True,9,9,0-9,0-9,3
وِجْهَك مِثِل مِدْفَاش الخَرَا,wijhak mitil midfaash 2ilkhara,wijhak mitil midfaashil khara,False,30,30,30-39,30-39,1
قَطْلِج,qatladj,qatlidj,False,7,7,0-9,0-9,3
كِبَائِر,kabaa2ir,kabaa2ir,True,8,8,0-9,0-9,3
تْقَسَّم,tqassam,tqassam,True,8,7,0-9,0-9,1
اِزْبُع,2izba3,2izba3,True,7,6,0-9,0-9,3
تَعَلُّقِي,ta3liiq,ta3liiq,True,10,7,10-19,0-9,3
اِنْعَزِم,2in3azam,2in3izim,False,9,8,0-9,0-9,5
اِصْرَع,saari3,2isra3,False,7,6,0-9,0-9,3
يِنْسَف,ynassif,yinsif,False,7,7,0-9,0-9,5
اِسْتَلْوِي,2istawli,2istawli,True,11,8,10-19,0-9,5
بيحلِّن عن الشبلة منقح,bi7illin 3an 7ablil mashnaqa,byi7lin 3an 2ishshabiliq msa7alle,False,22,28,20-29,20-29,2
مْقَشْبَر,mqkashbir,mqkashbir,True,9,9,0-9,0-9,3
اِنْطِبَاح,2inbitaa7,2intibaa7,False,10,9,10-19,0-9,4
يزَوِّع,ywazzi3,yzawwi3,False,7,7,0-9,0-9,2
يِكْمَر,yukmur,yikmar,False,7,6,0-9,0-9,3
سْنُون,snuun,snuun,True,6,5,0-9,0-9,1
سَايَق,saayiq,saayiq,True,6,6,0-9,0-9,2
تْجَافَص,tjaafas,tjaafas,True,8,7,0-9,0-9,1
اِنْشَلَش,2inshilish,2inishlish,False,9,10,0-9,10-19,2
يِنْتَقِل,yintiqil,yintiqil,True,9,8,0-9,0-9,4
زَلْمِة,zalame,zalame,True,7,6,0-9,0-9,2
اِسْتِمْجَار,2istijmaar,2istijmaar,True,12,10,10-19,10-19,3
تِدْرِيج,tadriij,tadriij,True,8,7,0-9,0-9,4
مَمِيع,mumayyi3,mumayyi3,True,6,8,0-9,0-9,2
يِقْتَنَع,yiqtini3,yiqtini3,True,9,8,0-9,0-9,5
يقَفِّل,yiqfil,yiqfil,True,7,6,0-9,0-9,1
نَيْشَن,nayshan,nayshin,False,7,7,0-9,0-9,1
يِتْمَشْكَل,yitmashkal,yitmashkal,True,11,10,10-19,10-19,1
تَشَاغُل,tshaaghal,tshaaghal,True,8,9,0-9,0-9,3
يِتْغَدَّى,yitghadda,yitghadda,True,10,9,10-19,0-9,1
رَحِّم,ra7im,ra7im,True,6,5,0-9,0-9,3
سَمعته بَالأَرْض,sumi3to bil2arid,sumi3to bil2arid,True,16,16,10-19,10-19,2
مُسَدِّس,musaddas,musaddas,True,8,8,0-9,0-9,5
حْطَاب,7attaab,7attaab,True,6,7,0-9,0-9,2
تْدَلَّى,2iddala,2iddala,True,8,7,0-9,0-9,1
دِمِل,dammal,dammil,False,5,6,0-9,0-9,5
سَهِّر,sihir,sahhar,False,6,5,0-9,0-9,2
مْدَحْبِر,mda7bar,mda7bar,True,9,7,0-9,0-9,2
يتْنَاهَف,yitnaahaf,yitnaahaf,True,9,9,0-9,0-9,2
قَر,qkurr,qurr,False,3,5,0-9,0-9,4
إِنْكَال,2inkala,2inkaal,False,8,7,0-9,0-9,3
زير نِسَاء,ziir nisaa2,ziir nisaa2,True,10,11,10-19,10-19,3
أَثَر,2asar,2assar,False,5,5,0-9,0-9,4
اِسْتَحِّى,2ista7a,2ista7a,True,10,7,10-19,0-9,4
سَلَقْطَة,salqata,salqata,True,9,7,0-9,0-9,5
عُظُم,3azzam,3addim,False,5,6,0-9,0-9,4
حَمِم,7ammam,7ammim,False,5,6,0-9,0-9,5
اُنْسُخ,2insakh,2insakh,True,7,7,0-9,0-9,3
لْوِيح,lawwii7,lawwii7,True,6,7,0-9,0-9,4
حِيَوَان,7aywaan,7aywaan,True,8,7,0-9,0-9,4
جْوَاق,wudjaag,jawwaaq,False,6,7,0-9,0-9,2
شِرَى,shara,shara,True,5,5,0-9,0-9,5
اِتْفَكْهَن,2itfakhan,2itfakhan,True,11,9,10-19,0-9,1
تْجَارَة,tijaara,tajaara,False,8,7,0-9,0-9,4
وَحْشِي,wa7shi,wa7shi,True,7,6,0-9,0-9,1
أَتْعَس,2at3as,2at3as,True,7,6,0-9,0-9,2
مَحَامِيس,ma7aamiis,ma7aamiis,True,9,9,0-9,0-9,1
فُظَّيع,fazii3,fadhii3,False,7,6,0-9,0-9,5
طُفُطَاف,taftaaf,tuftaaf,False,8,7,0-9,0-9,5
زَقَفِة,zaqfe,zaqfe,True,7,5,0-9,0-9,3
مْرَبَّعَانِيِّة,marba3aaniyye,marba3aaniyye,True,16,13,10-19,10-19,3
جُرَّيدِة,jariide,jariide,True,9,7,0-9,0-9,3
مْدَكْوَك,madkuuk,madkuuk,True,9,7,0-9,0-9,3
أَزْمِة منتصف العُر,2azmit muntasaf 2il3umur,2azmit muntasaf 2il3umur,True,19,24,10-19,20-29,2
يِطْلَع بَلَك,yitla3 bil3ak,yitla3 bilkil,False,13,13,10-19,10-19,3
صَافَى,2isfa,saafa,False,6,5,0-9,0-9,4
خَرَاج,khurraaj,khurraaj,True,6,8,0-9,0-9,3
كِمِل,kimil,kammil,False,5,5,0-9,0-9,4
يهَزِّر,yuhzur,yuhzur,True,7,6,0-9,0-9,4
مْدَلَّع,mdalla3,mdalla3,True,8,7,0-9,0-9,1
مُفَاقَاة,mfaaqkaat,mfaaqkaat,True,9,9,0-9,0-9,2
أُدْويِة,2adwiye,2adwiye,True,8,7,0-9,0-9,5
رَطْرِط,ratrat,ratrat,True,7,6,0-9,0-9,3
خَوزَق,khoozaq,khoozaq,True,6,7,0-9,0-9,1
مَدَح,madda7,mada7,False,5,6,0-9,0-9,1
تَلَاخِيص,talaakhiis,talaakhiis,True,9,10,0-9,10-19,1
الحَق,2il7aq,2il7aq,True,5,6,0-9,0-9,4
مُجْلَنِّت,mjaltin,mjaltin,True,10,7,10-19,0-9,4
يُوصَال,ywaasil,ywaasil,True,7,7,0-9,0-9,2
عَجِّب,3ajjab,3ajjib,False,6,6,0-9,0-9,2
مُلْحَمِة,mal7ame,mal7ame,True,9,7,0-9,0-9,4
يِتْخَمَّر,yitkharraq,yitkhammar,False,10,10,10-19,10-19,3
اِتَّيْسَر,2ityassar,2ityassar,True,10,9,10-19,0-9,5
أَرْق,2arriq,2arriq,True,5,6,0-9,0-9,5
ذَكَر,dzakar,zakkar,False,5,6,0-9,0-9,3
يِهْيِلِم,yheelim,yheelim,True,9,7,0-9,0-9,4
اِسْتَوْسِع,2istawsa3,2istawsi3,False,11,9,10-19,0-9,4
يِتوَكْسَح,yitsatshwa7,yitwashka7,False,10,11,10-19,10-19,5
جَرِب,jarrab,jarrib,False,5,6,0-9,0-9,5
هَلَكِي,halki,halki,True,7,5,0-9,0-9,4
يِسْمُط,ysammit,yusmut,False,7,7,0-9,0-9,5
أَمَم,2umam,2ammim,False,5,5,0-9,0-9,3
عَمَّال,3ummaal,3ammaal,False,7,7,0-9,0-9,3
يْفَهِّم,yfahhim,yifham,False,8,7,0-9,0-9,5
جَلِد,jallid,jallad,False,5,6,0-9,0-9,5
عَبُّوطَة,3abbuuta,3abbuuta,True,9,8,0-9,0-9,1
قَدَحِيِّة,qkud7iyye,qkud7iyye,True,10,9,10-19,0-9,3
دَام الغَرُور,daamir 2ilghoor,daam 2ilgharoor,False,13,15,10-19,10-19,5
مَخْطِر,mikhtir,mkhattar,False,7,7,0-9,0-9,4
يُوتِر,ywattir,ywattir,True,6,7,0-9,0-9,2
نَوَّص,nawwas,nawwas,True,6,6,0-9,0-9,1
تْقَابَط,tqaatab,tqaatab,True,8,7,0-9,0-9,5
اِعْـتِقَاد,2i3tiqaad,2i3tiqaad,True,11,9,10-19,0-9,5
شَبْلَكِة,shbilke,shbilke,True,9,7,0-9,0-9,1
حَوَّط,7awwit,7awwat,False,6,6,0-9,0-9,2
خَرَج,kharrij,kharraj,False,5,7,0-9,0-9,1
هَف,hiff,hiff,True,3,4,0-9,0-9,4
كَرَج,karraj,karrij,False,5,6,0-9,0-9,1
حَكّة,7akke,7akke,True,5,5,0-9,0-9,5
مَحْلِل,mu7allil,m7allal,False,7,8,0-9,0-9,4
سَمِّن,simin,sammin,False,6,5,0-9,0-9,2
مَرَض,marad,marrad,False,5,5,0-9,0-9,1
اِتْشَعَّر,2itsharra3,2itsharra3,True,10,10,10-19,10-19,4
طبوَا الديك عبعض,tabbu 2idyuuk 3aba3ad,tabbu 2idyuuk 3aba3ad,True,16,21,10-19,20-29,3
بَحْش عَشَرُوش,ba7ash 3ashruush,ba7ash 3ashruush,True,14,16,10-19,10-19,5
اِتْجَرَّى,2itrajja,2itrajja,True,10,8,10-19,0-9,2
شَيل القَمْح,sheel 2ilqam7,sheel 2ilqam7,True,12,13,10-19,10-19,2
يِسْتَعْوِل,yista3wil,yista3wil,True,11,9,10-19,0-9,1
حَرَم,7irim,7arram,False,5,5,0-9,0-9,1
رَبَحَان,rab7aan,rab7aan,True,8,7,0-9,0-9,4
يِسْتَحْضِم,yista7mid,yista7mid,True,11,9,10-19,0-9,4
يعَفِّق,y3affiq,yi3fik,False,7,7,0-9,0-9,2
دَوَاب,dawaab,dwaab,False,6,6,0-9,0-9,2
يُقْنُع,yiqni3,yiqna3,False,7,6,0-9,0-9,3
طُنْجَرَة,tanjara,tanjara,True,9,7,0-9,0-9,3
يِفْطُس,yfattis,yuftus,False,7,7,0-9,0-9,5
يقَلِّب,yqallib,yiqlib,False,7,7,0-9,0-9,2
طُرُش,tarash,tarash,True,5,6,0-9,0-9,4
ضَبَع,dabi3,dabbi3,False,5,5,0-9,0-9,3
أَكسر رِجْلَك,2aksir rijlik,2aksir rijlik,True,13,13,10-19,10-19,5
مَرْوِة,mruuwe,marwe,False,7,6,0-9,0-9,1
يُجْدُع,yijda3,yijda3,True,7,6,0-9,0-9,4
قَرْبَط,qarbit,qarbat,False,7,6,0-9,0-9,2
وَاقَى,waaqa,waaqa,True,6,5,0-9,0-9,1
اِنْصِوِف,2inwisif,2inwisif,True,9,8,0-9,0-9,1
يجِزّ,yjazziz,yjizz,False,5,7,0-9,0-9,4
اِصْفُن,2usfun,2usfun,True,7,6,0-9,0-9,4
هَايِن,haayin,haayin,True,6,6,0-9,0-9,1
يَا بَعَدِي,yaa ba3di,yaa ba3di,True,11,9,10-19,0-9,5
يِبْسِط,ybassit,ybassit,True,7,7,0-9,0-9,3
اِنْتَخِي,2intikhi,2intikhi,True,9,8,0-9,0-9,2
لَفَّح,lafa7,laffi7,False,6,5,0-9,0-9,2
مُرْتَزِي,mirtizi,miritzi,False,9,7,0-9,0-9,4
يتَوَائِم,yitwaa2am,yitwaa2am,True,9,9,0-9,0-9,3
شَخَب,shakhkhab,shakhkhib,False,5,9,0-9,0-9,1
خِاتِم,khaatim,khaatim,True,6,7,0-9,0-9,5
فِرّ,farr,furr,False,4,4,0-9,0-9,5
عُنْقُر,3anqar,3anqar,True,7,6,0-9,0-9,3
تَلَفَان,talfaan,talfaan,True,8,7,0-9,0-9,1
اِتْمِشْدِق,2itmashdaq,2itmashdaq,True,11,10,10-19,10-19,3
تْشَرْتَح,tsharta7,tsharta7,True,9,8,0-9,0-9,1
يِنْتِع,yinta3,yinta3,True,7,6,0-9,0-9,4
الحْزَام الرَّانِي,2ili7zaam 2innaari,2ili7zaam 2irraani,False,18,18,10-19,10-19,2
مْبَاشِر,mubaashir,mubaashir,True,8,9,0-9,0-9,4
جَفَاصَة,jafaasa,jafaase,False,8,7,0-9,0-9,3
تَرَهُّل,tarahhul,trahhal,False,8,8,0-9,0-9,2
مْخَبْوِل,makhbuul,makhbuul,True,9,8,0-9,0-9,2
حُولَب,7oolib,7oolab,False,6,6,0-9,0-9,4
اُجْزُع,2ijza3,2ijza3,True,7,6,0-9,0-9,5
يَمْرِغ,ymarmigh,ymarrigh,False,7,8,0-9,0-9,3
شِحِر,sha77ir,sha77ar,False,5,7,0-9,0-9,5
عسر هَمْض,3usur hadim,3asar hadm,False,9,11,0-9,10-19,3
يِشَبَح,yishbi7,yshabbi7,False,7,7,0-9,0-9,5
يِتْأَسَّف,yit2assaf,yit2assaf,True,10,9,10-19,0-9,1
حَيِّن,7ayyan,7ayyin,False,6,6,0-9,0-9,1
تُسَمُّم,tsammam,tsammam,True,8,7,0-9,0-9,3
عَقِّد,3uqud,3aqqid,False,6,5,0-9,0-9,3
يرَيِّل,yrayyil,yrayyil,True,7,7,0-9,0-9,1
اِتْطَلْوَط,2itlawwat,2itlawwat,True,11,9,10-19,0-9,5
يِسْتَغْرِقّ,yistaghriq,yistaghriq,True,12,10,10-19,10-19,3
مَخْوَل,mukhawwal,mkhawwil,False,7,9,0-9,0-9,4
أَزَع,2a3azz,2azza3,False,5,6,0-9,0-9,5
كْعَاكْلِي,ka3aakiil,ka3aakiil,True,10,9,10-19,0-9,5
وِنْوَنِة,wanwane,wanwane,True,9,7,0-9,0-9,3
مَهَّد,mahhid,mahhad,False,6,6,0-9,0-9,4
نَكْهَة,nakha,nakha,True,7,5,0-9,0-9,1
تَيِّس,tayyis,tayyas,False,6,6,0-9,0-9,1
خَاصِيِة,khaassiyye,khaassiyye,True,8,10,0-9,10-19,5
تِلْفَون,talafoon,tlafwan,False,8,8,0-9,0-9,4
يْمَرْمِط,ymarmit,ymarmit,True,9,7,0-9,0-9,3
يِعْوِم,y3uum,y3uum,True,7,5,0-9,0-9,3
اِنْقَمّ,naaqim,2inqum,False,8,6,0-9,0-9,3
جِمِق,madjaq,jammaqk,False,5,6,0-9,0-9,4
سْقِيفَة,sqiife,sqiife,True,8,6,0-9,0-9,5
مُتَفَرِّج,mutafarrij,mutafarrij,True,10,10,10-19,10-19,1
أَزَّم,2azzim,2azzim,True,6,6,0-9,0-9,1
اِتقَاسَم,2itqaasam,2itqaasam,True,9,9,0-9,0-9,4
يِكْذِب,yikzibyikdhib,yikzibyikdhib,True,7,13,0-9,10-19,1
اِروِي,2irwi,2irwi,True,6,5,0-9,0-9,2
وُنْكُر,wankar,wankar,True,7,6,0-9,0-9,3
عَصَاوِم,3awaasim,3asaawim,False,8,8,0-9,0-9,2
اِدْوِش,2idwish,2idwish,True,7,7,0-9,0-9,1
مُدْرَع,mdardi3,mdarri3,False,7,7,0-9,0-9,3
هَبِط,habat,habbit,False,5,5,0-9,0-9,4
مُحُور,mi7war,m7awwir,False,6,6,0-9,0-9,3
يْعَادِي,y3aadi,y3aadi,True,8,6,0-9,0-9,2
يِحْجِب,yi7jib,yi7jib,True,7,6,0-9,0-9,2
تْصَمْلَح,tmasla7,tmasla7,True,9,7,0-9,0-9,4
يدَنِّي,ydanni,ydanni,True,7,6,0-9,0-9,2
كْبُوت,kabbuut,kabbuut,True,6,7,0-9,0-9,2
سَتَر,sattar,sattir,False,5,6,0-9,0-9,4
كَسَر كِلْمِة,kasar kilme,kasar kilmit,False,13,11,10-19,10-19,1
يِنْتَجّ,yintuj,yintuj,True,8,6,0-9,0-9,5
مِشْنِكِح,mshanki7,mshanki7,True,9,8,0-9,0-9,5
قَاشَح,qaashi7,qaashi7,True,6,7,0-9,0-9,2
تْقَنَّد,tkannad,tkannad,True,8,7,0-9,0-9,1
يُلقطهَا عَالطَاير,yulqutha 3attaayir,yulqutha 3attaayir,True,18,18,10-19,10-19,1
مْشَبْشِبّ,mshabshib,mshabshib,True,10,9,10-19,0-9,3
تَوبِة,toobe,toobe,True,6,5,0-9,0-9,1
حَنُّون,7anuun,7anuun,True,7,6,0-9,0-9,2
مَغَرَة,maghra,maghra,True,7,6,0-9,0-9,2
تَعَدُّلي,ta3diil,ta3diil,True,9,7,0-9,0-9,3
اِحْيِش,7aayish,2i7yish,False,7,7,0-9,0-9,5
فُرَافِيش,faraafiish,faraafiish,True,9,10,0-9,10-19,2
كَسْوِة الكَعْبِة,kiswit 2ilka3be,kiswit 2ilka3be,True,17,15,10-19,10-19,3
لُكُم,lakam,lakam,True,5,5,0-9,0-9,4
اِلْتَهِى,2iltaha,2iltaha,True,9,7,0-9,0-9,5
أَقَلَام,2aqlaam,2aqlaam,True,8,7,0-9,0-9,4
مَحَالِب,ma7aalib,ma7aalib,True,8,8,0-9,0-9,1
شِبْكِة,shabke,shabke,True,7,6,0-9,0-9,3
جَزِّأ,jazza2,jazza2,True,6,6,0-9,0-9,4
مِلّ,mall,mill,False,4,4,0-9,0-9,2
اِتْضَبَع,2iddabba3,2iddabba3,True,9,9,0-9,0-9,3
مَاخَذ,meekhid,meekhid,True,6,7,0-9,0-9,2
شَوَّك,shook,shawwik,False,6,5,0-9,0-9,1
عَقَد,3uqad,3aqqid,False,5,5,0-9,0-9,1
جْعُوم,dja3ruum,dju3uum,False,6,8,0-9,0-9,4
مَكْعَوش,mka3wish,mka3wish,True,8,8,0-9,0-9,4
يخَبِّز,yikhbiz,yikhbiz,True,7,7,0-9,0-9,2
تَبْخِيرة,tabkhiira,tabkhiira,True,9,9,0-9,0-9,3
بَرْقَوق,barquuq,bar2uu2,False,8,7,0-9,0-9,2
جَعَص,ja3as,ja33as,False,5,5,0-9,0-9,1
حَوبَشِة,7oobashe,7oobashe,True,8,8,0-9,0-9,1
مَرْطَب,mrattib,mrattab,False,7,7,0-9,0-9,3
رَابْصُو,raabuus,raabuus,True,8,7,0-9,0-9,3
مْكَاسَرَة,mkaasara,mkaasara,True,10,8,10-19,0-9,4
مُصَاطِب,masaatib,masaatib,True,8,8,0-9,0-9,5
اِتْغَزَل,2itghazzal,2itghazzal,True,9,10,0-9,10-19,4
مْفَرِّي,mafri,mafri,True,8,5,0-9,0-9,1
طَوِّل,tiwil,tawwil,False,6,5,0-9,0-9,2
يِنْشَئ,ynashshi2,ynashshi2,True,7,9,0-9,0-9,4
سِمْرَا,samra,samra,True,7,5,0-9,0-9,5
يزَوِّر,yzuur,yzawwir,False,7,5,0-9,0-9,1
صَدِر,saddir,saddir,True,5,6,0-9,0-9,4
حَرَّاث,7raath,7raath,True,7,6,0-9,0-9,5
زُعْمَاطِي,za3aamiit,za3aamiit,True,10,9,10-19,0-9,3
يمَا,yamma,yamma,True,4,5,0-9,0-9,3
يِتْفِزْلَك,yitfazlak,yitfazlak,True,11,9,10-19,0-9,4
مَطْمِط,mtamtam,matmat,False,7,7,0-9,0-9,4
بِدِد,baddid,baddid,True,5,6,0-9,0-9,4
ينِيم,ynayyim,ynayyim,True,5,7,0-9,0-9,2
اِنْزَرَع,2inzara3,2inzara3,True,9,8,0-9,0-9,4
إِصْلِحَا,2islaa7,2islaa7,True,9,7,0-9,0-9,4
فُصُوص,fsuus,fsuus,True,6,5,0-9,0-9,1
تْقَاصَير,takaasiir,taqaasiir,False,9,9,0-9,0-9,3
مُعْقَد,m3aqqad,m3aqqad,True,7,7,0-9,0-9,4
اِتْعَدَّر,2iddara3,2it3arrad,False,10,8,10-19,0-9,5
قِلْزِة,2alze,2alze,True,7,5,0-9,0-9,3
اِكْتَئَب,2ikti2ib,2ikta2ab,False,9,8,0-9,0-9,3
جَضّ,dajj,dujj,False,4,4,0-9,0-9,2
وَاقَع,waaqa3,waaqi3,False,6,6,0-9,0-9,3
شَبَّاب,shabaab,shabbaab,False,7,7,0-9,0-9,2
اِنْقَطَف,2inqitif,2inqataf,False,9,8,0-9,0-9,1
عَوَانِس,3awaanis,3awaanis,True,8,8,0-9,0-9,1
مَكْوَجِي,mikwaji,mikwaji,True,9,7,0-9,0-9,2
يِتْلَقْمَن,yitlaqman,yitlaqman,True,11,9,10-19,0-9,1
اِسْتَقَبّ,2istabaq,2istaqabb,False,10,8,10-19,0-9,4
تَدَلْدَل,2iddaldal,2iddaldal,True,9,9,0-9,0-9,5
يِرْكَض,yirkud,yirkud,True,7,6,0-9,0-9,5
اِصْطَبِر,2istabar,2istabar,True,9,8,0-9,0-9,5
يزَرِّك,yuzrutsh,yizrutsh,False,7,8,0-9,0-9,1
مَسْجَون,masjuun,masjuun,True,8,7,0-9,0-9,4
يِتْنَفَّع,yitnaffa3,yitfanna3,False,10,9,10-19,0-9,1
اِنْهِي,2inhi,2inhi,True,7,5,0-9,0-9,1
يهَفِّت,yhaffit,yihfit,False,7,7,0-9,0-9,1
هَبِل,hubul,habbal,False,5,5,0-9,0-9,4
اِنْسِطِل,2insatal,2insatal,True,9,8,0-9,0-9,4
اِسْتَدَعّ,2ista3idd,2ista3add,False,10,9,10-19,0-9,4
يدَهْوِل,yhadwil,ydahwil,False,8,7,0-9,0-9,4
مش عَاجبك الحَاجْبَك,mish 3aadjbak 2i7liq 7awaadjbak,mish 3aajbak 2il7aabak,False,20,31,20-29,30-39,2
يِسْتَدْوِع,yistawdi3,yistawdi3,True,11,9,10-19,0-9,4
قَانِة,qaansa,qaane,False,6,6,0-9,0-9,5
اِنْدَك,2indakk,2indakk,True,7,7,0-9,0-9,5
اُنْقُلَا,2inqaal,2inqaal,True,9,7,0-9,0-9,3
اْشَكِّر,2ishkur,2ushkur,False,8,7,0-9,0-9,5
تَحَمِّيل,ta7miil,ta7miil,True,9,7,0-9,0-9,2
طِرَاشِة,traashe,traashe,True,8,7,0-9,0-9,5
يِذْبِح,ydabbi7,ydabbi7,True,7,7,0-9,0-9,3
زِي,ziyy,zayy,False,3,4,0-9,0-9,2
مَوجِة غُضَب,moojit ghadab,moojit ghadab,True,12,13,10-19,10-19,5
يِنْحَبَس,yin7abis,yin7ibis,False,9,8,0-9,0-9,3
تَهَكُّت,thattak,thattak,True,8,7,0-9,0-9,5
شِنَاشِيل,shanaashiil,shanaashiil,True,9,11,0-9,10-19,2
يِنْطَبِع,yintibi3,yintibi3,True,9,8,0-9,0-9,5
غَوِّيشِة,ghweeshe,ghweeshe,True,9,8,0-9,0-9,3
هَذْوَل,hadool,hadhool,False,7,6,0-9,0-9,5
كْبِيرَة,kabiira,kbiire,False,8,7,0-9,0-9,2
يتَبْرَأ,yitbarra2,yitbarra2,True,8,9,0-9,0-9,4
طِنْطَافِي,tanaatiif,tanaatiif,True,10,9,10-19,0-9,5
رَاقَد,raaqgkid,raaqgkid,True,6,8,0-9,0-9,2
تْسَرَّق,tsarraq,tsarraq,True,8,7,0-9,0-9,2
جَوَاريع,djawaarii3,djawaarii3,True,8,10,0-9,10-19,2
يحَسِّب,yi7sib,y7assib,False,7,6,0-9,0-9,1
قْضَايَا,qadaaya,qadaaya,True,8,7,0-9,0-9,4
اِتَلَاشَى,2itlaasha,2itlaasha,True,10,9,10-19,0-9,3
إِنْتِر,2intatar,2intirin,False,7,8,0-9,0-9,5
يِضْمَن,ydammin,yidman,False,7,7,0-9,0-9,3
أُحْزَان,2a7zaan,2a7zaan,True,8,7,0-9,0-9,2
يشَهِّد,yishhad,yishhad,True,7,7,0-9,0-9,2
خْايِل,khaayil,khaayil,True,6,7,0-9,0-9,4
جَازَع,jaazi3,jaazi3,True,6,6,0-9,0-9,2
اِسْتَجْيَر,2istajiir,2istajiir,True,11,9,10-19,0-9,4
بُسْتَنَا,bustaan,bustana,False,9,7,0-9,0-9,5
يِنْخَلِع,yinkhili3,yinkhili3,True,9,9,0-9,0-9,3
عَبْوَرَة,3abuura,3abuura,True,9,7,0-9,0-9,5
مْنَاخِير,manaakhiir,manaakhiir,True,9,10,0-9,10-19,3
يئَاس,yaa2is,yaa2is,True,5,6,0-9,0-9,4
خِرْخَشِة,khurkhushshe,kharkhashe,False,9,12,0-9,10-19,4
عينيه بيقدحل عيه,3inee biqda7in 3alee,3inee biqda7in 3alee,True,16,20,10-19,20-29,4
يِنْجو,yunju,ynawwij,False,6,5,0-9,0-9,5
عُين,3ayyan,3ayyin,False,4,6,0-9,0-9,5
تْفَايَل,fataayil,tafaayul,False,8,8,0-9,0-9,3
نَاكِر الفِضِل,naakir 2ilfadil,naakir 2ilfadil,True,14,15,10-19,10-19,2
اِمْسَخّ,2imsakh,2imsakh,True,8,7,0-9,0-9,4
يِشْلِش,yishlish,yishlish,True,7,8,0-9,0-9,3
اُقْطَع,2iqta3,2iqta3,True,7,6,0-9,0-9,5
يُؤْزُم,y2azzim,y2azzim,True,7,7,0-9,0-9,2
بَرْكِة,barake,barake,True,7,6,0-9,0-9,2
دَحِّش,da77ash,da77ash,True,6,7,0-9,0-9,3
زَعَلُه صَعِب,za3alo sa3ib,za3alo sa3ib,True,13,12,10-19,10-19,2
اِتَّرِيح,2itrayya7,2itrayya7,True,9,9,0-9,0-9,2
بَرَّاغِي,baraaghi,baraaghi,True,9,8,0-9,0-9,2
ذَبَّح,daba7,dabbi7,False,6,5,0-9,0-9,4
شُمَّام,shimmaam,shummaam,False,7,8,0-9,0-9,3
مِدْلَق,mdalda2,mdalda2,True,7,7,0-9,0-9,5
اُشْفُق,2ishfaq,2ishfaq,True,7,7,0-9,0-9,2
ينَكِّد,yindakk,ynakkid,False,7,7,0-9,0-9,3
مَعِّك,ma3ik,ma33ak,False,6,5,0-9,0-9,4
تِطْلَق,titlaq,2ittallaq,False,7,6,0-9,0-9,5
مُدْعَسِة,mid3ase,mid3ase,True,9,7,0-9,0-9,4
لَاوَص,laawas,laawis,False,6,6,0-9,0-9,2
اِغلهَاي,2ighliiha,2ighliiha,True,8,9,0-9,0-9,3
مَانْع,maani3,maani3,True,6,6,0-9,0-9,4
اِفْتَل,2iftil,2iftal,False,7,6,0-9,0-9,2
سَفْلَق,saflaq,safliq,False,7,6,0-9,0-9,1
اِتْعَافى,2it3aafa,2it3aafa,True,9,8,0-9,0-9,2
يَا قَشَير الس,yaa qkshiil raas,yaa qkshiil raas,True,14,16,10-19,10-19,5
عِكِف,3akaf,3akaf,True,5,5,0-9,0-9,5
شَفِّط,shaffit,shaffat,False,6,7,0-9,0-9,3
يِخْبُط,ykhabbit,yukhbut,False,7,8,0-9,0-9,5
عَكَّز,3akkaz,3akkaz,True,6,6,0-9,0-9,1
يتَسَلِّى,yitsalla,yitsalla,True,9,8,0-9,0-9,3
قَرَق,qarraq,qarriq,False,5,6,0-9,0-9,3
اِدْرِج,2idruj,2idrij,False,7,6,0-9,0-9,2
شُرْقَان,sharqaan,sharqaan,True,8,8,0-9,0-9,2
قَلَّاع,qilaa3,qlaa3,False,7,6,0-9,0-9,2
خُرَّاج,khurraaj,khurraaj,True,7,8,0-9,0-9,2
يسْتَكْشِف,yistakshif,yistakshif,True,10,10,10-19,10-19,5
تْمَوْلِي,tamwiil,tamwiil,True,9,7,0-9,0-9,5
قَرْصَة,qarse,qarsa,False,7,5,0-9,0-9,2
تْغَرَّم,tgharram,tgharram,True,8,8,0-9,0-9,1
اِتْكَاشَف,2iktishaaf,2itkaashaf,False,10,10,10-19,10-19,3
مْبَاشِر,mubaashir,mubaashir,True,8,9,0-9,0-9,3
يُنْفُذ,ynaffid,ynaffid,True,7,7,0-9,0-9,4
اِخْطَي,2ikhti,2ikhti,True,7,6,0-9,0-9,4
دَعُّوس,da3was,da3wis,False,7,6,0-9,0-9,3
أُجُود,2awjad,2ajwad,False,6,6,0-9,0-9,3
يتْمَسَّح,ytamsi7,yitmassa7,False,9,7,0-9,0-9,3
يِسْتَوْسَع,yistawsi3,yistawsi3,True,11,9,10-19,0-9,2
أَبوَج,2abwaj,2abwaj,True,6,6,0-9,0-9,5
يِنَام,ynaam,ynaam,True,6,5,0-9,0-9,4
شَمَت,shimit,shamat,False,5,6,0-9,0-9,2
زِهِق,zahaq,zahhaq,False,5,5,0-9,0-9,5
حُمُو,7amu,7amu,True,5,4,0-9,0-9,2
قَدِّح,qadi7,qada7,False,6,5,0-9,0-9,3
تَيَّار هَوَا,tayyaar hawa,tayyaar hawa,True,13,12,10-19,10-19,1
يضَوِّى,ydawwi,ydawwi,True,7,6,0-9,0-9,2
حَتِّم,7attam,7attim,False,6,6,0-9,0-9,2
تَسَاقُط,tsaaqat,tsaaqat,True,8,7,0-9,0-9,4
مَصَّل,misil,massal,False,6,5,0-9,0-9,3
بَعْبَز,ba3baz,ba3biz,False,7,6,0-9,0-9,1
زَفِّر,fazzar,fazzir,False,6,6,0-9,0-9,2
اِرْبِك,2irbik,2irbik,True,7,6,0-9,0-9,1
زِرَاقَة,zarraaka,zarraaka,True,8,8,0-9,0-9,5
عَائَد,3aa2id,3aa2id,True,6,6,0-9,0-9,2
مَا بإِسْهَا مثَر ايِمّ,maa baas timha gheer 2imha,maa baas timha gheer 2imha,True,23,26,20-29,20-29,2
مُدْهِر,mdahrib,mdahrikh,False,7,7,0-9,0-9,5
زَوِّل,zool,zool,True,6,4,0-9,0-9,3
اِنْجِذِب,2injizib,2injizib,True,9,8,0-9,0-9,2
يُلْقُح,ylaqqi7,ylaqqi7,True,7,7,0-9,0-9,3
مسَخَّم وملَطَّم,msakhkham wumlattam,msakhkham wumlattam,True,16,19,10-19,10-19,1
اِحْقُد,2i7qid,2i7qid,True,7,6,0-9,0-9,3
عَجْقَة,3ajqa,3ajqa,True,7,5,0-9,0-9,1
يطُوط,ytawwit,ytawwit,True,5,7,0-9,0-9,2
كِلِب,kalib,kalb,False,5,5,0-9,0-9,5
يِلْكِم,yulkum,yulkum,True,7,6,0-9,0-9,5
فُوطَة,fuuta,fuuta,True,6,5,0-9,0-9,2
اِنِمْغِج,2inmighidj,2inmaghadj,False,9,10,0-9,10-19,5
طَلَّق,tallaq,talliq,False,6,6,0-9,0-9,2
شَعْرَة,sha3ra,sha3ra,True,7,6,0-9,0-9,2
أَجْدَع,2ajda3,2ajda3,True,7,6,0-9,0-9,1
وقت مُسْتَقَّط,waqt mustaqta3,waqt mustaqta3,True,14,14,10-19,10-19,2
مُخُّه مْصَدِّي,mukhkho msaddi,mukhkho msaddi,True,15,14,10-19,10-19,1
مُخَاصِيم,makhaasiim,makhaasiim,True,9,10,0-9,10-19,4
حِمِّيط,7amiit,7amiit,True,7,6,0-9,0-9,5
مَهْمِش,mhammish,mhammish,True,7,8,0-9,0-9,4
تَرْشِح,trashsha7,trashsha7,True,7,9,0-9,0-9,4
يتَحَنْتِر,yit7antar,yit7antar,True,10,9,10-19,0-9,5
كَوِّع,koo3,kawwa3,False,6,4,0-9,0-9,3
ينَهْجِم,yinhijim,yinhijim,True,8,8,0-9,0-9,4
فِضِي,fidi,fiddi,False,5,4,0-9,0-9,2
اِتآفَل,2it2aalaf,2it2aalaf,True,7,9,0-9,0-9,3
فُيجُم,feejam,feejam,True,6,6,0-9,0-9,5
اِنْتَفِخ,2intifikh,2intifikh,True,9,9,0-9,0-9,3
حِيي,7iyi,7ayyi,False,4,4,0-9,0-9,3
دَفْدَفِة,dafdafe,dafdafe,True,9,7,0-9,0-9,1
يحَقِّد,yi7qid,yi7qid,True,7,6,0-9,0-9,4
طَمِر,tamir,tammir,False,5,5,0-9,0-9,4
اُنْكُب,2inkib,2inkabb,False,7,6,0-9,0-9,3
دِقْمِة,duqme,duqme,True,7,5,0-9,0-9,4
تْفِسِخ,tfassakh,tfassakh,True,7,8,0-9,0-9,4
اِفْشِي,2ifshi,2ifshi,True,7,6,0-9,0-9,1
يلَمِّح,yilma7,yilma7,True,7,6,0-9,0-9,2
يُزْلُق,yzalliq,yuzluq,False,7,7,0-9,0-9,2
اِتْرَابَق,2itraaqab,2itraaqab,True,10,9,10-19,0-9,5
اُثُر,saar,saar,True,5,4,0-9,0-9,5
اِتْخَرْمَش,2itkharsham,2itkharmash,False,11,11,10-19,10-19,4
اِنْحَلَب,2in7ilib,2in7alab,False,9,8,0-9,0-9,2
يتْحَالَف,yit7aalaf,yit7aalaf,True,9,9,0-9,0-9,3
اِنْطَرَب,2intarab,2intarab,True,9,8,0-9,0-9,1
من رَقَّعت مَا عِرْيت وَان دَرت,min raqqa3at maa 3iryat wa2in dabbarat maa jaa3at,min raqqa3at maa 3iryat wu2in dabbarat maa jaa3a,False,31,49,30-39,40-49,5
عُكَّازِة,3ukkaaze,3akkaaze,False,9,8,0-9,0-9,3
عِطْيِة,3atiyye,3atiyye,True,7,7,0-9,0-9,5
سَوق الرَابش,suuq 2irraabish,suuq 2irraabish,True,12,15,10-19,10-19,5
تُخْلُف,takhalluf,tkhallaf,False,7,9,0-9,0-9,5
اِقْحَف,2iqk7af,2iqk7af,True,7,7,0-9,0-9,1
عَدَّل,3addal,3addil,False,6,6,0-9,0-9,2
زَعَل,za3al,za33il,False,5,5,0-9,0-9,1
إِيظَوَاء,2iiwaa2,2iizaaw,False,9,7,0-9,0-9,5
حُصْرَمَايِة,7usrumaaye,7usrumaaye,True,12,10,10-19,10-19,4
مَسَك,masak,massak,False,5,5,0-9,0-9,1
اِتْشَائَم,2itshaa2am,2itshaa2am,True,10,10,10-19,10-19,1
اِقْنُع,2iqni3,2iqna3,False,7,6,0-9,0-9,4
اِنْقَرَص,2iniqris,2inqaras,False,9,8,0-9,0-9,2
هَذَّاي,haadi,hadhaayidh,False,7,5,0-9,0-9,4
يِحْتِرِس,yi7taris,yi7tiris,False,9,8,0-9,0-9,1
حُفَّاظَة,7affaada,7affaada,True,9,8,0-9,0-9,3
يعَجِّز,y3ajjiz,yi3jaz,False,7,7,0-9,0-9,3
فْرَعِي,far3i,far3i,True,7,5,0-9,0-9,5
فِقِر,faqir,faqqir,False,5,5,0-9,0-9,5
يجَرْمِد,yjardim,yjarmid,False,8,7,0-9,0-9,4
بْرَابِير,baraabiir,baraabiir,True,9,9,0-9,0-9,3
حَبَب,7ab7ab,7abbib,False,5,6,0-9,0-9,5
رَؤْيَا,ru2ya,ru2ya,True,7,5,0-9,0-9,5
دَكِّة,dikke,dikke,True,6,5,0-9,0-9,2
ضُب,dubb,dubb,True,3,4,0-9,0-9,5
يِتْفَرْفَد,yitfarfad,yitfarfad,True,11,9,10-19,0-9,1
يِجْعَع,yja3ji3,yja3ji3,True,7,7,0-9,0-9,3
عِجِب,3ijab,3ajjib,False,5,5,0-9,0-9,4
اِتْكَحَّت,2itka7tat,2itka77at,False,10,9,10-19,0-9,4
حَكّى,7akka,7akka,True,5,5,0-9,0-9,5
اِتْبَنّى,2itbanna,2itbanna,True,9,8,0-9,0-9,5
اِتَنْحَن,2itna7na7,2itna7na7,True,9,9,0-9,0-9,3
يدَقِّر,ydaqqir,yidqur,False,7,7,0-9,0-9,1
بِيبَان,biibaan,biibaan,True,7,7,0-9,0-9,1
يَحِلّ,y7ill,y7ill,True,6,5,0-9,0-9,3
يُشْجُر,yshajjir,yshajjir,True,7,8,0-9,0-9,2
يِعْتَم,y3attim,y3attim,True,7,7,0-9,0-9,4
تَنَّافَى,tnaafa,tnaafa,True,9,6,0-9,0-9,5
عَشْنَه,3ashinno,3ashinno,True,7,8,0-9,0-9,2
خَسَارَة,khasaara,khasaara,True,8,8,0-9,0-9,2
كَهْرَبِيجِة,kahrabjiyye,kahrabjiyye,True,12,11,10-19,10-19,2
تْسَلَف,tsallaf,tsallaf,True,7,7,0-9,0-9,4
يِنْقَطّ,ynaqqit,yinqatt,False,8,7,0-9,0-9,2
يِدْلُك,ydallik,ydallik,True,7,7,0-9,0-9,3
اتْبَكَّت,2itbakkat,2itbakkat,True,9,9,0-9,0-9,5
قُعُد,qku3ud,qa33ad,False,5,6,0-9,0-9,4
قَنْدَرَة ولَاقت أختهَا,qkundara wulaaqat 2ukhutha,qkundara wulaaqat 2ukhuthutha,False,23,26,20-29,20-29,2
تَنِيظُم,tanziim,tanyiz,False,8,7,0-9,0-9,5
زَنْتِل,zanzalakht,zanzalat,False,7,10,0-9,10-19,2
دِرِي,darri,darri,True,5,5,0-9,0-9,2
وَخْوَخِة,wakhwakha,wakhwakhe,False,9,9,0-9,0-9,3
حَصِّل,7asal,7assil,False,6,5,0-9,0-9,3
يحَرِّق,yi7riq,y7arriq,False,7,6,0-9,0-9,1
مْعَنْفِص,m3anfis,m3anfis,True,9,7,0-9,0-9,1
لِبْيَدِة,labiide,labiide,True,9,7,0-9,0-9,5
جُبِّة,djibbe,djibbe,True,6,6,0-9,0-9,3
مَمْغُوص,mamghuus,mamghuus,True,8,8,0-9,0-9,1
رْوَائِع,rawaa2i3,rawaa2i3,True,8,8,0-9,0-9,5
يِتْحوَجَّج,yit7awwaj,yit7awwaj,True,11,9,10-19,0-9,3
ضَرْبِة الزَّم,darbit laazim,darbit 2izzimme,False,14,13,10-19,10-19,3
يِزْحِم,yiz7am,yiz7am,True,7,6,0-9,0-9,4
طِزِع,tazzi3,tazzi3,True,5,6,0-9,0-9,4
مُسَحَّاة,mis7aa,mis7aa,True,9,6,0-9,0-9,4
يِكْبِت,yikbit,yikbit,True,7,6,0-9,0-9,3
سَيَّح,sayyi7,sayya7,False,6,6,0-9,0-9,3
عَابِر سَلِي,3aabir sabiil,3aabir sabiil,True,12,13,10-19,10-19,3
اِتْنَفَّع,2itnaffa3,2itnaffa3,True,10,9,10-19,0-9,1
سَفْلَت,saflat,saflat,True,7,6,0-9,0-9,4
جَرْزَايِة,jirzaaye,jirzaaye,True,10,8,10-19,0-9,4
يْلَهْلِب,ylahlib,ylahlib,True,9,7,0-9,0-9,2
طُشَاطِيش,tashaatiish,tashaatiish,True,9,11,0-9,10-19,4
كَعْبَوش,ka3buush,ka3buush,True,8,8,0-9,0-9,3
اِفْزَرّ,2ufzur,2ifzur,False,8,6,0-9,0-9,5
وُسَاخَة,wasaakha,wasaakha,True,8,8,0-9,0-9,4
يرَزِّق,yirzuq,yirzuq,True,7,6,0-9,0-9,1
اِلْتَحِف,2ilta7af,2ilta7af,True,9,8,0-9,0-9,5
جَعْمِز,dja3miz,dja3miz,True,7,7,0-9,0-9,1
طَقَع,taggi3,tagga3,False,5,6,0-9,0-9,1
مْحَصْحِص,m7as7is,m7as7is,True,9,7,0-9,0-9,1
دِشِب,dashshib,dashshib,True,5,8,0-9,0-9,4
اِنْتِرِك,2intirik,2intarak,False,9,8,0-9,0-9,1
حَوَف,7oof,7oof,True,5,4,0-9,0-9,5
اِنْقِد,naaqid,2inqadd,False,7,6,0-9,0-9,5
اِنْتِحَاري,2inti7aari,2inti7aari,True,11,10,10-19,10-19,1
دْوَرَق,dooraq,dooriq,False,7,6,0-9,0-9,5
يِخْطُط,ykhatit,ykhattit,False,7,7,0-9,0-9,3
يِسْرِح,ysarsi7,yisra7,False,7,7,0-9,0-9,5
كْهَرِّب,kahrab,kahrab,True,8,6,0-9,0-9,5
مَعْنُون,m3anwan,ma3nuun,False,8,7,0-9,0-9,1
يِكْثِر,ykattir,yiktar,False,7,7,0-9,0-9,4
يُلْخَص,lakhkhis,ylakhkhis,False,7,8,0-9,0-9,5
اِكْحى,2ik7a,2ik7a,True,6,5,0-9,0-9,2
اِتَنَفَّس,2itnaffas,2itnaffas,True,10,9,10-19,0-9,3
غَمْزِة التنصَّار,ghamzat 2issanaara,ghamze 2ittasanaar,False,17,18,10-19,10-19,3
بَرَّق,baraq,barriq,False,6,5,0-9,0-9,3
نَمِل,nammil,nammil,True,5,6,0-9,0-9,4
اِغْدَر,2ughdur,ghaadir,False,7,7,0-9,0-9,2
اِنْفَسّ,naafis,2infis,False,8,6,0-9,0-9,4
وَاشِي,waashi,waashi,True,6,6,0-9,0-9,1
أَكَّل,2akal,2akil,False,6,5,0-9,0-9,5
اِتْبَعَّى,2it3abba,2it3abba,True,10,8,10-19,0-9,2
يِجْحِد,yij7ad,yij7ad,True,7,6,0-9,0-9,5
هَيسْهِس,yhashis,hiishis,False,8,7,0-9,0-9,5
يِنْخَنِق,yinkhiniq,yinkhiniq,True,9,9,0-9,0-9,2
يِرْقُق,yraqqiq,yraqqiq,True,7,7,0-9,0-9,2
يُوصِل,yuusal,yuusil,False,6,6,0-9,0-9,2
حِفْتِل,7aftal,7aftal,True,7,6,0-9,0-9,5
دَقِيقَة مَصِت,daqiiqit samt,daqiiqit samt,True,14,13,10-19,10-19,3
اِنْطِز,2intazz,2intuz,False,7,7,0-9,0-9,5
أُمْلُس,2amlas,2amlas,True,7,6,0-9,0-9,4
اِنْعَمَش,2in3amash,2in3imish,False,9,9,0-9,0-9,4
اِفْجُر,2ufjur,2ufjur,True,7,6,0-9,0-9,2
لِبِس البَلَاطة,libisil balaata,libis 2ilbalaata,False,15,15,10-19,10-19,4
الكَثَافِة السُّكُّرَّانِيِّة,2ilkathaafe 2issukkaaniyye,2ilkathaafe 2issukkaariine,False,29,26,20-29,20-29,3
بَدَّر,badir,baddir,False,6,5,0-9,0-9,2
غِشِش,ghashshash,ghashshash,True,5,10,0-9,10-19,4
شَهِيد,shahiid,shahiid,True,6,7,0-9,0-9,1
قَمْقَشِة,qkamqkashe,qkamqkashe,True,9,10,0-9,10-19,1
قَرِن,yqarrin,qarrin,False,5,7,0-9,0-9,5
تْصَايَبَى,tsaaba,tsaaba,True,10,6,10-19,0-9,5
كَابِد,kaabad,kaabid,False,6,6,0-9,0-9,1
مْعَزَّز,m3azziz,m3azziz,True,8,7,0-9,0-9,2
عَدَل,3adal,3addil,False,5,5,0-9,0-9,1
تَنَفُّذ,tnaffaz,tnaffaz,True,8,7,0-9,0-9,2
اِشْتَغَل مِية شَغْلِة مِثِل حْلَاقَة القُرْعَان,2ishtaghal miit shaghle mitil 7laaqit 2ilqur3aan,2ishtaghal miit shaghle 3ale 2ilqin 7amaaale karaqk,False,48,48,40-49,40-49,2
اِنْقِرِص,2inqiris,2inqaras,False,9,8,0-9,0-9,3
بَالِ,baal,baal,True,5,4,0-9,0-9,4
قَسّط,qassit,qassat,False,5,6,0-9,0-9,3
لِعْبِة,li3be,lu3be,False,7,5,0-9,0-9,5
لَا حَمْد ولَا جْميلِة,laa 7amd wala jmiile,laa 7amd wala jmiile,True,22,20,20-29,20-29,1
اِنْسَكَب,2insakib,2insakab,False,9,8,0-9,0-9,1
مَخْوِل,mkhawwil,mkhawwil,True,7,8,0-9,0-9,3
إِجَاك مِين يعرفك يَا بلُّوط,2ijaak miin yi3rifak yaa balluut,2ijaak miin yi3rifak yaa balluut,True,28,32,20-29,30-39,3
يِفْرُق,yfarriq,yifruq,False,7,7,0-9,0-9,5
اِخْتَفي,2ikhtifi,2ikhtifi,True,8,8,0-9,0-9,4
غَوش,ghawwish,ghawwash,False,4,8,0-9,0-9,5
قَتْبَا,qatba,qatba,True,7,5,0-9,0-9,1
يِنْكَرّ,yinkir,yinkir,True,8,6,0-9,0-9,5
جِيِّة,jayye,jiyye,False,6,5,0-9,0-9,1
أَرض من عوج,2ard ma3juun,2ard min 3awajuu3,False,11,12,10-19,10-19,5
رِفِيق,rfiiq,rfiiq,True,6,5,0-9,0-9,4
يحَلِّل,y7allil,y7allil,True,7,7,0-9,0-9,1
جَوَّد,wajad,jawwid,False,6,5,0-9,0-9,2
عَوَّا,3iwa,3awa,False,6,4,0-9,0-9,4
يِنْسَفَط,yinsifit,yinsifit,True,9,8,0-9,0-9,5
اِتْقَطَّل,2ittallaq,2itqattal,False,10,9,10-19,0-9,4
يِتْجَرَّد,yiddarraj,yitjarrad,False,10,9,10-19,0-9,3
دَعَّس بَطْنُه,da33as bibatno,da33as bibatno,True,14,14,10-19,10-19,3
مْطَوِّل,mitwall,mtawwil,False,8,7,0-9,0-9,1
حُكَمَاء,7ukamaa2,7ukamaa2,True,8,8,0-9,0-9,1
اِرْتِبِط,2irtibit,2irtibit,True,9,8,0-9,0-9,3
مُشْتَعِل,mushta3il,mishti3il,False,9,9,0-9,0-9,1
يِهْبِي,yihbi,yihbi,True,7,5,0-9,0-9,1
ذِبْلِة,dible,dible,True,7,5,0-9,0-9,2
مِحْرِك,mu7arrik,mu7rik,False,7,8,0-9,0-9,5
يِذْكُر,yizkur,yzakkir,False,7,6,0-9,0-9,4
لإِِجْرِي,la2ijri,la2ijri,True,9,7,0-9,0-9,1
يِنْعِزِل,yin3izil,yin3izil,True,9,8,0-9,0-9,1
غَرْبِل,gharbal,gharbil,False,7,7,0-9,0-9,4
اِنْجِغِم,2injighim,2injagham,False,9,9,0-9,0-9,4
بتَاخْذَك عَالبَحَر وبَجْرَك عَطْشَان,btaakhdak 3alba7ar wubitraj3ak 3atshaan,btaakhdak 3alba7ar wubitraj3ak 3atshaan,True,37,39,30-39,30-39,3
خَطَّط,khattat,khattat,True,6,7,0-9,0-9,1
يِتْنَازَه,yitnaahaz,yitnaazah,False,10,9,10-19,0-9,1
يدُكّ,ydikk,ydikk,True,5,5,0-9,0-9,2
يكَلّ,ykill,ykill,True,5,5,0-9,0-9,4
يتَمْسَى,yitmassa,yitmassa,True,8,8,0-9,0-9,3
يُحْضُن,y7addin,yu7dun,False,7,7,0-9,0-9,3
قْرُفِّة,qirfe,qarfe,False,8,5,0-9,0-9,5
غَادَر,ghaadar,ghaadir,False,6,7,0-9,0-9,2
مُقَادِح,maqaadi7,maqaadi7,True,8,8,0-9,0-9,3
اِتَّهَتُّر,2ithattar,2ithattar,True,11,9,10-19,0-9,2
يِتْحَسَّب,yit7assab,yit7assab,True,10,9,10-19,0-9,1
يبَوبَع,yboobi3,yboobi3,True,7,7,0-9,0-9,4
عُرَّاط,3arraat,3raat,False,7,7,0-9,0-9,3
ثِيرَان,tiiraan,tiiraan,True,7,7,0-9,0-9,1
يَوِّفِي,ywaffi,yuufi,False,8,6,0-9,0-9,5
يِكَنْفِش,ykanfish,ykanfish,True,9,8,0-9,0-9,2
يُعْقُب,y3aqqib,y3aqqib,True,7,7,0-9,0-9,4
قِلِّة عقل,qillit 3aqil,qillit 3aqil,True,10,12,10-19,10-19,1
سَنِّد,sannad,sannad,True,6,6,0-9,0-9,2
نَوِّى,nawa,nawa,True,6,4,0-9,0-9,4
سُخْمَاط,sukhmaat,sukhmaat,True,8,8,0-9,0-9,1
اِقْوَح,qaawa7,qaawa7,True,7,6,0-9,0-9,5
اِزْلُق,2uzluq,2uzluq,True,7,6,0-9,0-9,1
بَكَّش,bakkish,bakkish,True,6,7,0-9,0-9,1
حَبِّي,7abi,7abbi,False,6,4,0-9,0-9,1
مَعْتَاد,mu3taad,mu3taad,True,8,7,0-9,0-9,3
كَابُوس,kaabuus,kaabuus,True,7,7,0-9,0-9,1
عِكِب,3akkab,3akkib,False,5,6,0-9,0-9,5
اِتْجَبْرَح,2itdjarba7,2itdjarba7,True,11,10,10-19,10-19,2
اِتْنَابَس,2itnaasab,2itnaasab,True,10,9,10-19,0-9,3
مَبَاشِر,mubaashir,mabaashir,False,8,9,0-9,0-9,2
اِسْتَفْرَد,2istafrid,2istafrad,False,11,9,10-19,0-9,2
لُظَالِي,lazaaliiz,lazaaliiz,True,8,9,0-9,0-9,4
وِحْشِيِّة,wa7shiyye,wa7shiyye,True,10,9,10-19,0-9,5
ذَرَّى,dharra,dhara,False,6,6,0-9,0-9,2
طَّاعَة,taa3a,taa3a,True,7,5,0-9,0-9,4
دَرِي,darri,darri,True,5,5,0-9,0-9,3
يضُخّ,ykhudd,ydukhkh,False,5,6,0-9,0-9,3
حَايْم,7aayim,7aayim,True,6,6,0-9,0-9,4
بُرُتْقَان,burutu2gaan,burutu2gaan,True,10,11,10-19,10-19,1
مَجْنُون يِحْكِي وعَاقِل يسَمَع,majnuun yi7ki wu3aaqil yisma3,majnuun yi7ki wu3aaqil yisma3,True,31,29,30-39,20-29,5
يِتْدَعْبَب,yidda3bab,yidda3bab,True,11,9,10-19,0-9,1
فَعَّص,fa33as,fa33as,True,6,6,0-9,0-9,2
يذَبِّل,yidbal,ydabbil,False,7,6,0-9,0-9,1
خَتِّير,khatyar,khatyir,False,7,7,0-9,0-9,2
يِتْلَعْوَس,yitlaswa3,yitlaswa3,True,11,9,10-19,0-9,5
اِتْفَنْجَع,2itfaj3an,2itfaj3an,True,11,9,10-19,0-9,3
مْقَرِّص,mqarras,mqarris,False,8,7,0-9,0-9,2
فَوتِة,foote,foote,True,6,5,0-9,0-9,1
يِفْهَي,yfahhi,yfahhi,True,7,6,0-9,0-9,2
نْقِضِي,naqiid,naqdi,False,7,6,0-9,0-9,5
سَافِل,saafil,saafil,True,6,6,0-9,0-9,1
وْسَيِّع,2uwsii3,wasii3,False,8,7,0-9,0-9,5
تَظْليُل,tazliil,tazliil,True,8,7,0-9,0-9,5
أَتْوَه,ta2awwuh,t2awwah,False,7,8,0-9,0-9,4
بَشِّر,bashshar,bashshir,False,6,8,0-9,0-9,3
يِنْغَفَل,yinghifil,yinghifil,True,9,9,0-9,0-9,3
يِتَنَاغُم,yitnaagham,yitnaagham,True,10,10,10-19,10-19,2
طِرِق,taraq,tarriq,False,5,5,0-9,0-9,5
سَخَّف,sakhkhif,sakhkhif,True,6,8,0-9,0-9,1
لَفْحَة,laf7a,laf7a,True,7,5,0-9,0-9,1
جَرْزَايِة,jurzaaye,jirzaaye,False,10,8,10-19,0-9,4
زُوَابِع,zawaabi3,zawaabi3,True,8,8,0-9,0-9,4
اِسْتِفْسَار,2istifsaar,2istifsaar,True,12,10,10-19,10-19,1
دِار,daar,daar,True,4,4,0-9,0-9,4
فَاتِح ثِمُّه مِثِل المَغْرَة,faati7 timmo mitil 2ilmaghaara,faati7 timmo mitil 2ilghura,False,29,30,20-29,30-39,5
يشَلْفِط,yshalfit,yshalfit,True,8,8,0-9,0-9,1
مُتَقَاضِي,mitdaayiqmiddaayi2,mutaqaadi,False,10,18,10-19,10-19,2
نَبَأ,naba2,nabba2,False,5,5,0-9,0-9,1
مُخَيَّل,mkhayyil,mkhayyil,True,8,8,0-9,0-9,5
يطُرّ,yturr,yturr,True,5,5,0-9,0-9,1
نُحَاسِة,n7aase,na7aase,False,8,6,0-9,0-9,5
اِتْعَزْرَن,2it3azran,2it3azran,True,11,9,10-19,0-9,1
بْلَاغ,balaagh,balaagh,True,6,7,0-9,0-9,2
السَّمِر التَّقِيط,2issiraat 2ilmustaqiim,2issiraat 2ilqatiim,False,18,22,10-19,20-29,1
أَزْقُف,2azqaf,2azqaf,True,7,6,0-9,0-9,2
اِتْبَرَّج,2itbarraj,2itbarraj,True,10,9,10-19,0-9,2
نِسِّي حَالُه,nisi 7aalo,nisi 7aalo,True,13,10,10-19,10-19,5
يِجْعَل يَومِي قَبّ,yij3al yoomi qabil yoomak,yij3al yoomi qabiil yoomab,False,19,25,10-19,20-29,1
اِتْلَلْوَب,2itloolab,2itloolab,True,11,9,10-19,0-9,5
يِنْتِظِر,yintazir,yintizir,False,9,8,0-9,0-9,1
اِتْهَامَس,2ithaamas,2ithaamas,True,10,9,10-19,0-9,2
عَثَرَة,3athara,3athara,True,7,7,0-9,0-9,2
اِطْعِم,2it3im,2it3im,True,7,6,0-9,0-9,4
سِجَايِر,sagaayir,sagaayir,True,8,8,0-9,0-9,2
مْتَسْلِط,mitsallit,mutasallit,False,9,9,0-9,0-9,4
مْنَاهَدِة,mnaahade,mnaahade,True,10,8,10-19,0-9,1
كُرَامِيل,karamiil,karaamiil,False,9,8,0-9,0-9,3
طَلِع مِن ثِمِّي,tili3 min timmi,tili3 min timmi,True,16,15,10-19,10-19,3
مَين قَدَّك,miin qaddik,miin qaddik,True,11,11,10-19,10-19,3
بيوكلوَا رَاس الحَية,booklu raas 2il7ayye,bookluu raas 2il7ayye,False,20,20,20-29,20-29,3
اِنْمِلِع,2inmili3,2inmala3,False,9,8,0-9,0-9,2
نَاشِب,naashib,naashib,True,6,7,0-9,0-9,1
كُرُومِة,kruume,kruume,True,8,6,0-9,0-9,3
كِمِر,kamar,kamir,False,5,5,0-9,0-9,5
اِنْلَدَّع,2inlidi3,2inlada3,False,10,8,10-19,0-9,5
شَدَّف,shuduf,shadaf,False,6,6,0-9,0-9,2
يقَذِّف,yikdhif,yikdhif,True,7,7,0-9,0-9,3
مْسَكْتَم,msakitm,msakitm,True,9,7,0-9,0-9,3
طَحَن,ta7an,ta77in,False,5,5,0-9,0-9,2
أَكلِت رُعْبِة,2akalit ra3be,2akalit ru3be,False,14,13,10-19,10-19,5
تْبِلْعِط,tbal3at,tbil3it,False,9,7,0-9,0-9,3
روَاسِي,rawaayis,rawaasi,False,7,8,0-9,0-9,4
يتَمَالُك,yitmaalak,yitmaalak,True,9,9,0-9,0-9,3
اِتْفَصَّح,2itfassa7,2itfassa7,True,10,9,10-19,0-9,3
اِرتَمَى بوجهي,2irtama bwijhi,2irtama bwijhi,True,14,14,10-19,10-19,5
تْخُوث,tkhawwat,tkhawwat,True,6,8,0-9,0-9,3
بَنَت إِمْبَارِح,bint 2imbaari7,bint 2imbaari7,True,16,14,10-19,10-19,4
تَصَلْطَح,tsalta7,tsalta7,True,9,7,0-9,0-9,3
اِبْتَهَج,2ibtahaj,2ibtahij,False,9,8,0-9,0-9,3
تَبَدُّد,tbaddad,tbaddad,True,8,7,0-9,0-9,4
شَاقققق الأَرْض وطَالع منهَا,shaaqiq 2il2ard wutaali3 minha,shaaqiq 2il2ard wutaali3 minha,True,28,30,20-29,30-39,4
يشَاهِد,yshaahid,yshaahid,True,7,8,0-9,0-9,1
رُأْفِة,ra2fe,ra2fe,True,7,5,0-9,0-9,4
جْنُوم,nujuum,jnuum,False,6,6,0-9,0-9,3
أَمي,2ummi,2ummi,True,4,5,0-9,0-9,3
يِرْشِد,yurshid,yurshid,True,7,7,0-9,0-9,2
خَنْقَة,khanqa,khanqa,True,7,6,0-9,0-9,2
مآسِي,ma2aasi,ma2aasi,True,5,7,0-9,0-9,1
اِقْبُع,2iqba3,2iqba3,True,7,6,0-9,0-9,3
يظَلِّم,yuzlum,yzallim,False,7,6,0-9,0-9,1
حْمَام,7ammaam,7ammaam,True,6,7,0-9,0-9,2
تَكَاسِي,takaasi,takaasi,True,8,7,0-9,0-9,1
اِسْتَرَدّ,2istaridd,2istaradd,False,10,9,10-19,0-9,1
يُشْكُر,yishkur,yushkur,False,7,7,0-9,0-9,1
عَمَّى ضَوُّه,3ama dawwo,3ama dawwo,True,13,10,10-19,10-19,4
اِرْتِمِي,2irtimi,2iritmi,False,9,7,0-9,0-9,1
يِتْعَنْصَر,yit3ansar,yit3ansar,True,11,9,10-19,0-9,1
سُتَت,sattat,sattat,True,5,6,0-9,0-9,5
اِنْمِغِص,2inmighis,2inmaghas,False,9,9,0-9,0-9,1
تْفِلْسِف,tfalsaf,tfilsif,False,9,7,0-9,0-9,3
ينَقْزِع,yiniqkzi3,yiniqkzi3,True,8,9,0-9,0-9,4
سَأْل,sa2al,sa2al,True,5,5,0-9,0-9,5
يِتْفَرْفَع,yitfar3an,yitfar3an,True,11,9,10-19,0-9,2
اِتْزَحْمَل,2itza7mal,2itza7mal,True,11,9,10-19,0-9,1
مَصْبِح,msabbi7,msabbi7,True,7,7,0-9,0-9,4
يِتْصَمْلَح,yitmasla7,yitmasla7,True,11,9,10-19,0-9,4
بَلِط,ballat,ballit,False,5,6,0-9,0-9,5
بتنقح عليهم كَامرتهم,btinqa7 3aleehum karaamithum,btinqa7 3aleehum karaamithum,True,20,28,20-29,20-29,3
جَرِّم,jarrim,jarram,False,6,6,0-9,0-9,3
سَلِيم,saliim,saliim,True,6,6,0-9,0-9,1
مْصَيِّر,masiir,masiir,True,8,6,0-9,0-9,3
رَوشَّيتَة,ruusheeta,ruusheeta,True,10,9,10-19,0-9,1
ظِابِح,dhaabi7,dhaabi7,True,6,7,0-9,0-9,5
مْخَتِّر,makhtar,makhtar,True,8,7,0-9,0-9,2
بُزَّاز,bzaaz,bzaaz,True,7,5,0-9,0-9,5
مْجَابِر,mjaabir,mjaabir,True,8,7,0-9,0-9,3
مَعِّي,ma33i,m3ayyi,False,6,5,0-9,0-9,2
مُكَحَّلِة,mik7ale,mik7ale,True,10,7,10-19,0-9,4
سَنِة خَير,sinit kheer,sinit kheer,True,10,11,10-19,10-19,1
يِتْسَعَّل,yitsalla3,yitsalla3,True,10,9,10-19,0-9,4
حَاح,7aa7,7aa7,True,4,4,0-9,0-9,1
صَاحِب فِضِل,saa7ib tfadil,saa7ib tfadil,True,12,13,10-19,10-19,5
اِعْلِج,3aalij,2i3lij,False,7,6,0-9,0-9,3
يعَفِّط,y3affit,y3affit,True,7,7,0-9,0-9,2
بَنَت الحَلَال,bint 2il7alaal,bint 2il7alaal,True,14,14,10-19,10-19,3
يِسْتَبِق,yistibiq,yistibiq,True,9,8,0-9,0-9,3
نُتُوف,natwaf,natwaf,True,6,6,0-9,0-9,5
تْضَبَبّب,2iddabbab,2iddabbab,True,9,9,0-9,0-9,4
هَدَّم,haddim,haddim,True,6,6,0-9,0-9,2
ثُقُل,thuqul,taqqil,False,5,6,0-9,0-9,1
يَتْحَاشَى,yit7aasha,yit7aasha,True,10,9,10-19,0-9,4
يِرْمُم,yrammim,yrammim,True,7,7,0-9,0-9,2
عَبَط,3abat,3abbit,False,5,5,0-9,0-9,3
فَرْوِق,furuuq,fruuq,False,7,6,0-9,0-9,4
عَمّ,3am,3amm,False,4,3,0-9,0-9,1
إِمَّسَاك,2imsaak,2imsaak,True,9,7,0-9,0-9,4
كْاحَش,kaa7ish,kaa7ish,True,6,7,0-9,0-9,5
تْبَقَّع,tbaqqa3,tbaqqa3,True,8,7,0-9,0-9,1
يِرْشُق,yurshuq,yrashshiq,False,7,7,0-9,0-9,3
قَرْقِش,qarqish,qarqash,False,7,7,0-9,0-9,4
فَوتَنِي بَالحَيط,fawwatni bil7eet,fawwatni bil7eet,True,17,16,10-19,10-19,5
بَلَّد,ballid,ballad,False,6,6,0-9,0-9,3
هَبْهَب,habhab,habhib,False,7,6,0-9,0-9,2
يِتَعَف,yit3affaf,yit3affaf,True,7,9,0-9,0-9,4
ذَنِّين,dineen,daniin,False,7,6,0-9,0-9,2
اِنْلَهِد,2inlahad,2inlahad,True,9,8,0-9,0-9,5
حَشُّوفِة خَارُو,7ashwit kharuuf,7ashwit kharuuf,True,16,15,10-19,10-19,4
هَمِي,hummi,hammi,False,5,5,0-9,0-9,1
يحَذْبِل,ydhabli7,ydha7bil,False,8,8,0-9,0-9,2
تْرَضَّى,tradda,tradda,True,8,6,0-9,0-9,1
يفَنِّس,yifnis,yfannis,False,7,6,0-9,0-9,1
اُسْفُح,2isfa7,2isfa7,True,7,6,0-9,0-9,5
نْقِيب,naqiib,naqiib,True,6,6,0-9,0-9,1
يِتْلَازَم,yitlaamaz,yitlaamaz,True,10,9,10-19,0-9,2
اِحْمِد الله,2i7mid 2alla,2i7mid 2alla,True,12,12,10-19,10-19,1
نَظَرُه بين إِجْرَيه,nazaro been 2ijree,nazaro been 2ijree,True,20,18,20-29,10-19,5
يِسْمِن,yisman,yisman,True,7,6,0-9,0-9,4
تَرْبِية,tarbiye,tarbiye,True,8,7,0-9,0-9,4
بَلْكَم,balkim,balkam,False,7,6,0-9,0-9,2
ينَقِّب,ynaqqib,yinqabb,False,7,7,0-9,0-9,2
اِنْسِلِق,2insiliq,2insalaq,False,9,8,0-9,0-9,1
قَرِيد العَشّ,qreed 2il3ishsh,qareed 2il3ishsh,False,13,15,10-19,10-19,2
اُغْزُل,2ighzil,2ighzil,True,7,7,0-9,0-9,5
نَاجي,naaji,naaji,True,5,5,0-9,0-9,2
مَنْفُوش,manfuush,manfuush,True,8,8,0-9,0-9,1
يتْهَجَّم,yithajjam,yithajjam,True,9,9,0-9,0-9,3
يِنْدَفَش,yindifish,yindifish,True,9,9,0-9,0-9,2
ضَمُّون,madmuun,dumuun,False,7,7,0-9,0-9,3
قَرَاريط,qaraariit,qaraariit,True,8,9,0-9,0-9,2
يِبْوِم,ybawwim,ybawwim,True,7,7,0-9,0-9,5
تَسَرْرِيح,tasrii7,tasrii7,True,10,7,10-19,0-9,4
مِتْطَلَّع,mittali3,mittalli3,False,10,8,10-19,0-9,3
جَوِّح,jawwa7,jawwi7,False,6,6,0-9,0-9,3
رَكَادِة,rakaade,rakkaade,False,8,7,0-9,0-9,2
عَزْقِين,3azakni,3azakni,True,8,7,0-9,0-9,2
عوِّي,3awwi,3awwi,True,5,5,0-9,0-9,5
يوَدِّع,ywaddi3,ywaddi3,True,7,7,0-9,0-9,1
بَعَّر,ba33ar,ba33ir,False,6,6,0-9,0-9,3
مِلْحِفِة,mil7afe,mil7afe,True,9,7,0-9,0-9,4
اُضْحَك,2id7ak,2id7ak,True,7,6,0-9,0-9,4
جِبْلِة,jable,jable,True,7,5,0-9,0-9,5
فُقُد,faqqad,faqqid,False,5,6,0-9,0-9,5
يِتْجِلْعِص,yitdjal3as,yitdjal3as,True,11,10,10-19,10-19,3
يِتْقَنَّف,yitkannaf,yitkannaf,True,10,9,10-19,0-9,1
أَزْنَخّ,2aznakh,2aznakh,True,8,7,0-9,0-9,5
مَشْمَر,mshammar,mshammar,True,7,8,0-9,0-9,3
صْنَايِن,sanaayin,sanaayin,True,8,8,0-9,0-9,4
يُصْغُر,yiszghar,yszaghghir,False,7,8,0-9,0-9,5
شِقَّة,shaqqa,shu22a,False,6,6,0-9,0-9,5
زْهَرِّي,zahri,zahri,True,8,5,0-9,0-9,5
يهَدّم,yhaddim,yhaddim,True,6,7,0-9,0-9,2
كلب مَا دق الكوز الجرَّة,kull maa daqq 2ilkuuz biljarra,kulb maa daqq 2ilkuuz 2iljarrra,False,24,30,20-29,30-39,5
رَشْرِش,rashrash,rashrash,True,7,8,0-9,0-9,2
اِسْتَرْجَع,2istarja3,2istarja3,True,11,9,10-19,0-9,1
صُدِّي,sidi,saddi,False,6,4,0-9,0-9,5
اِنْجَبَّر,2injabar,2injibir,False,10,8,10-19,0-9,5
يِنْطُز,ynattiz,yintuz,False,7,7,0-9,0-9,4
تْرَبَّع على عَر,trabba3 3ala 3arsh,trabba3 3ala 3arsh,True,16,18,10-19,10-19,2
مِفْلِك,mfallik,mfallik,True,7,7,0-9,0-9,4
سَرْسَح,sarsi7,sarsa7,False,7,6,0-9,0-9,2
دِخَان,dukhkhaan,dukhkhaan,True,6,9,0-9,0-9,5
يِنْشِفِط,yinshifit,yinshifit,True,9,9,0-9,0-9,1
دُبُور,dabaabiir,dabbuur,False,6,9,0-9,0-9,3
رَقَبِة,rguba,raqabe,False,7,5,0-9,0-9,5
رِوِع,rawwa3,rawwi3,False,5,6,0-9,0-9,5
زَاكْيِة,zaakye,zaakye,True,8,6,0-9,0-9,1
الحَبِل جَرَّار,2il7abil jarraar,2il7abil jarraar,True,15,16,10-19,10-19,2
دَمَاسِيس,damaayis,damaasiis,False,9,8,0-9,0-9,2
مَرْقُوبِيِّة,marquubiyye,marquubiyye,True,13,11,10-19,10-19,1
ذُنُب,danab,danab,True,5,5,0-9,0-9,2
نُكْبِة,nakbe,nakbe,True,7,5,0-9,0-9,4
يشَوِّر,yshuur,yshawwir,False,7,6,0-9,0-9,1
تِخْوَث,tkhawwat,tkhawwat,True,7,8,0-9,0-9,5
سَعِّر,si3ir,sa33ir,False,6,5,0-9,0-9,3
يغَرِّد,ygharrid,ygharrid,True,7,8,0-9,0-9,2
نَجَح,najja7,najja7,True,5,6,0-9,0-9,3
قَنَّب,qkannib,qkannib,True,6,7,0-9,0-9,1
يْرَقِّص,yurqus,yurqus,True,8,6,0-9,0-9,4
مْعِي,m3ayyi,m3ayyi,True,5,6,0-9,0-9,3
يلَبِّد,yilbad,yilbud,False,7,6,0-9,0-9,2
اِنْكِشِح,2inkasha7,2inkasha7,True,9,9,0-9,0-9,1
اِنْسَىّ,2insa,2insa,True,8,5,0-9,0-9,2
مفرُك خَاشِب,mufraak khashab,mufraak khashab,True,12,15,10-19,10-19,2
اُنْفُع,2infa3,2infa3,True,7,6,0-9,0-9,5
أَرْصِفِة,2arsife,2arsife,True,9,7,0-9,0-9,2
خَطِّيفِة,khtiife,khtiife,True,9,7,0-9,0-9,4
تَحِّت,ta77at,ta77it,False,6,6,0-9,0-9,1
ينَوِّل,ynawwil,ynawwil,True,7,7,0-9,0-9,1
طُقْمُش,tagmish,tagmish,True,7,7,0-9,0-9,5
سَكْتِم,saktim,saktam,False,7,6,0-9,0-9,4
اِتْلِك,2itlakkak,2itlakkak,True,7,9,0-9,0-9,5
مْسَلْفَق,msalfiq,msalfiq,True,9,7,0-9,0-9,3
مَلْجَأ أَيتَام,malja2 2aytaam,malja2 2aytaam,True,15,14,10-19,10-19,5
يتْظَاهَر,yitzaahar,yitzaahar,True,9,9,0-9,0-9,3
فِتّ,fatt,fitt,False,4,4,0-9,0-9,3
اِوَقَّع,2uuqa3,2uuqa3,True,8,6,0-9,0-9,5
يتْبَسَّط,yibassat,yitbassat,False,9,8,0-9,0-9,2
دُمَّيغ,dmeegh,dmeegh,True,7,6,0-9,0-9,3
ريِّس,rayyis,rayyas,False,5,6,0-9,0-9,4
تَحْسِيس,ta7siis,ta7siis,True,8,7,0-9,0-9,1
قَصَابِيِّة,qassaabiyye,qassaabiyye,True,11,11,10-19,10-19,4
يُخْشُط,ykhashshit,yikhshut,False,7,10,0-9,10-19,5
عَوَّم,3awwam,3awwim,False,6,6,0-9,0-9,2
اِنْعَرّ,2in3ar,2in3arr,False,8,6,0-9,0-9,1
اِسْتَئْصَال,2isti2saal,2isti2saal,True,12,10,10-19,10-19,3
اِنْبَلِف,2inbilif,2inbalaf,False,9,8,0-9,0-9,5
مُعَقِّد,m3aqqad,m3aqqad,True,8,7,0-9,0-9,5
كُنْفُش,kanfash,kanfash,True,7,7,0-9,0-9,5
يْتَخْلِل,yitkhallal,yitkhallal,True,9,10,0-9,10-19,5
طَابَون,taabuun,taabuun,True,7,7,0-9,0-9,2
زَعْنُوبِة,za3nuube,za3nuube,True,10,8,10-19,0-9,2
أُزْكَى,2azka,2azka,True,7,5,0-9,0-9,4
اِنِفْشِخ,2infishikh,2infashakh,False,9,10,0-9,10-19,5
اِتَصَدَّى,2itsadda,2itsadda,True,10,8,10-19,0-9,4
مَثْنِي,matni,matni,True,7,5,0-9,0-9,1
عَتَم,3attim,3attim,True,5,6,0-9,0-9,3
بَلَكِي,balki,balki,True,7,5,0-9,0-9,4
قَطُّوع,qtuu3,qtuu3,True,7,5,0-9,0-9,2
أَعْطي,2a3ti,2a3ti,True,6,5,0-9,0-9,3
شَرَاطِيّ,sharaatiit,sharaatiit,True,9,10,0-9,10-19,5
يقَنِّش,yqkannish,yqkannish,True,7,9,0-9,0-9,1
حْبُوب الُّقَال,7buub 2illuqaa7,7buub 2illuqaal,False,15,15,10-19,10-19,2
يِسْمَرّ,ysammir,ysammir,True,8,7,0-9,0-9,5
يِسْتَمِرّ,yistamrid,yistamirr,False,10,9,10-19,0-9,3
يِهْرِش,yharrish,yuhrush,False,7,8,0-9,0-9,4
عَطِّس,3attis,3attis,True,6,6,0-9,0-9,3
فَنَّد,fannid,fannad,False,6,6,0-9,0-9,1
شَحَط,sha77at,sha7at,False,5,7,0-9,0-9,1
شَخْوِص,shukhuus,shukhuus,True,7,8,0-9,0-9,4
مَفَارِش,mafaarish,mafaarish,True,8,9,0-9,0-9,1
إِرَّث,2irth,2irth,True,6,5,0-9,0-9,5
بتجوح بوتنوح,bitjuu7 wubitnuu7,bitjuu7 wubitnuu7,True,12,17,10-19,10-19,4
اِنْضُج,naadij,2induj,False,7,6,0-9,0-9,5
مَزْعَج,muz3ij,muz3ij,True,7,6,0-9,0-9,5
اِتْطَّلَع,2ittalla3,2ittalla3,True,10,9,10-19,0-9,5
سَاتَر,saatir,saatir,True,6,6,0-9,0-9,4
يعَذِّر,yu3zur,yu3zur,True,7,6,0-9,0-9,1
اِسْتَوْحِى,2istaw7a,2istaw7a,True,11,8,10-19,0-9,3
ه,huqq,himm,False,1,4,0-9,0-9,4
نَصِح,nassi7,nassi7,True,5,6,0-9,0-9,4
هِبِب,habbib,habbib,True,5,6,0-9,0-9,4
تْنِفِس,tanfas,tanfis,False,7,6,0-9,0-9,5
اِتْوَكَّم,2itkawwam,2itkawwam,True,10,9,10-19,0-9,5
اِنْقِذ,2inqiz,2inqiz,True,7,6,0-9,0-9,5
من كل جلد قرعة,min kull jilid ruq3a,min kull jild ruq3a,False,14,20,10-19,20-29,4
حَجَر,7ajjir,7ajjar,False,5,6,0-9,0-9,3
اِتْزَرْوَق,2itzarwaqk,2itzarwaqk,True,11,10,10-19,10-19,1
نَوَّمِة,noome,noome,True,8,5,0-9,0-9,4
اِقْتِلِع,2iqtala3,2iqtili3,False,9,8,0-9,0-9,2
مَخَابي,makhaabi,makhaabi,True,7,8,0-9,0-9,4
يْكَرِّت,yukrut,yukrut,True,8,6,0-9,0-9,4
جَاجِة,saaje,jaaje,False,6,5,0-9,0-9,5
يْكَشْكِش,ykashkish,ykashkish,True,9,9,0-9,0-9,2
مْتَلْكَش,mitlakkish,mitlakkish,True,9,10,0-9,10-19,5
نَتَفِة,nitfe,natfe,False,7,5,0-9,0-9,5
اِسْتَعْرِي,2istardi,2ista3ri,False,11,8,10-19,0-9,5
يتْجَاوَب,yitjaawab,yitjaawab,True,9,9,0-9,0-9,2
بَجَّد,bjadd,bjadd,True,6,5,0-9,0-9,3
اِنْتِجَا,2intaaj,2intaaj,True,9,7,0-9,0-9,2
أَبُو مِحْرِز الإِحِمَّر,2abu mi7riz 2il2a7mar,2abu mi7riz 2il2a7mar,True,24,21,20-29,20-29,3
بَدَأ,bada2,bada2,True,5,5,0-9,0-9,1
اُشْرُك,shaarak,2ishrik,False,7,7,0-9,0-9,3
فَصِيل سَايِس,fasiil siyaasi,fasiil siyaasi,True,13,14,10-19,10-19,5
دُنَاءَة,danaa2a,danaa2a,True,8,7,0-9,0-9,3
يعَدِّد,y3addid,y3addid,True,7,7,0-9,0-9,1
تَلَقُّيط,talqiit,talqiit,True,9,7,0-9,0-9,4
زَيَّن,yzinn,zayyin,False,6,5,0-9,0-9,4
بَعِث,ba3at,ba3it,False,5,5,0-9,0-9,2
جَدُول,jadwal,jadwal,True,6,6,0-9,0-9,3
يتْمَتَّق,yitmattaqk2,yitmattaqk2,True,9,11,0-9,10-19,2
عَرْقَص,3arqis,3arqis,True,7,6,0-9,0-9,1
نُضُوج,nuduuj,nuduuj,True,6,6,0-9,0-9,1
مَسْلُوق,masluuq,masluuq,True,8,7,0-9,0-9,1
يِتْطَرْوَر,yittawwar,yittarwat,False,11,9,10-19,0-9,5
يحَرْحِر,yra7ri7,y7ar7ir,False,8,7,0-9,0-9,3
اُطْزُع,2itza3,2itza3,True,7,6,0-9,0-9,2
هِلِص,halas,halas,True,5,5,0-9,0-9,4
اِتْكَمَّم,2itkamkam,2itkamkam,True,10,9,10-19,0-9,3
خَاتْمَة,khaatme,khaatme,True,8,7,0-9,0-9,5
نَحَت بَالصَّخِر,na7at bissakhir,na7at bissakhir,True,16,15,10-19,10-19,1
تَمَع,matti3,tammi3,False,5,6,0-9,0-9,5
أَفْتَى,2afta,2afta,True,7,5,0-9,0-9,1
مُحْمَاس,mi7maas,mi7maas,True,8,7,0-9,0-9,4
زَاموُر,zaazmuur,zaazmuur,True,7,8,0-9,0-9,4
آنَس,2aanis,2aanis,True,4,6,0-9,0-9,2
عِبْعِب,3ab3ab,3ab3ib,False,7,6,0-9,0-9,4
يِتَخَلْخَل,yitkhalkhal,yitkhalkhal,True,11,11,10-19,10-19,4
حْسَاس,7assaas,7saas,False,6,7,0-9,0-9,1
كَسَبهَا,kisibha,kisibha,True,8,7,0-9,0-9,5
عِال,3aal,3aal,True,4,4,0-9,0-9,3
أَرْصِدِة,2arside,2arside,True,9,7,0-9,0-9,1
ذَبَّح,dabba7,dabbi7,False,6,6,0-9,0-9,4
يحَتِّر,yi7tarr,yi7tarr,True,7,7,0-9,0-9,2
تْوَجَّه,tawajjuh,twajjah,False,8,8,0-9,0-9,1
اِنْصِمِع,2inmi3is,2inmasa3,False,9,8,0-9,0-9,5
اِنْجَعِم,2inja3am,2inja3am,True,9,8,0-9,0-9,5
بْرَمَّل,barmil,barmil,True,8,6,0-9,0-9,5
يِتْبِرْبِج,yitbarbadj,yitbarbadj,True,11,10,10-19,10-19,3
يتَبَلُّل,yitballal,yitballal,True,9,9,0-9,0-9,3
حَكِّم,7akam,7akkim,False,6,5,0-9,0-9,3
اِنْخَتِن,2inkhitin,2inkhatan,False,9,9,0-9,0-9,3
تْقَبَّيح,taqbii7,taqbii7,True,9,7,0-9,0-9,4
اِلْتَجَئ,2iltaji2,2iltaji2,True,9,8,0-9,0-9,3
يضُوِّي,yidwi,ydawwi,False,7,5,0-9,0-9,3
تْصَايَى,tsaafa,tsaaya,False,8,6,0-9,0-9,5
أُسْمَرَانِي,2asmaraani,2asmaraani,True,12,10,10-19,10-19,3
يْمَنِّح,yimna7,ymanni7,False,8,6,0-9,0-9,5
مْلَاحِف,malaa7if,malaa7if,True,8,8,0-9,0-9,3
يِنْتَشِر,yintishir,yintishir,True,9,9,0-9,0-9,2
مَرَي,miri,marri,False,5,4,0-9,0-9,5
تَوَأُّم,taw2am,twa22am,False,8,6,0-9,0-9,4
يَكَافِح,ykaafi7,ykaafi7,True,8,7,0-9,0-9,5
يِنْدَرِج,yindarij,yindirij,False,9,8,0-9,0-9,2
يَكَاتِب,ykaatib,ykaatib,True,8,7,0-9,0-9,5
اِنْيَط,naayit,naayit,True,7,6,0-9,0-9,3
تْحَمَّس,t7ammas,t7ammas,True,8,7,0-9,0-9,1
مُقِيم,muqiim,mqayyim,False,6,6,0-9,0-9,3
مْخَرْبِشّ,mkharbish,mkharbish,True,10,9,10-19,0-9,5
رَصِد,rassid,rassid,True,5,6,0-9,0-9,4
رْخَيص,rkhiis,rkhiis,True,6,6,0-9,0-9,3
قَانْصَة,qaansa,qaansa,True,8,6,0-9,0-9,1
كَاشْرِي,kaasheer,kaasheeri,False,8,8,0-9,0-9,2
اِسْتَخْلَاص,2istikhlaas,2istikhlaas,True,12,11,10-19,10-19,4
مُتُن,mattan,mattan,True,5,6,0-9,0-9,5
أَمِدِّ لي,2amiddilli,2amiddilli,True,10,10,10-19,10-19,2
كَرْسَنِّه,kirsanne,kirsanne,True,10,8,10-19,0-9,2
اِتْلَمَّس,2itlammas,2itlammas,True,10,9,10-19,0-9,1
فَلْتَان,faltaan,falataan,False,8,7,0-9,0-9,1
يِتْبَع,ytabbi3,ytabbi3,True,7,7,0-9,0-9,2
سلَّم الصِّيف عَالشِّتَا,sallam 2isseef 3ashshita,sallam 2isseef 3ashshita,True,24,24,20-29,20-29,1
يِبْتَسَم,yibtisim,yibtisim,True,9,8,0-9,0-9,4
يُحْشُش,y7ashshish,y7ashshish,True,7,10,0-9,10-19,3
مِيت,mayyit,mayyit,True,4,6,0-9,0-9,2
اِتْفَكَّل,2itkaffal,2itfallak,False,10,9,10-19,0-9,5
يَحْلُوس,y7alwish,y7alwish,True,8,8,0-9,0-9,3
بَاذِنْجِة,baatinjaane,baatinja,False,10,11,10-19,10-19,2
اِلْتَحي,2ilti7i,2ilti7i,True,8,7,0-9,0-9,4
اِنْزَرَع,2inzara3,2inzara3,True,9,8,0-9,0-9,3
لٰاك,laakg,laakg,True,4,5,0-9,0-9,3
اِنِصْنِع,2insini3,2insana3,False,9,8,0-9,0-9,4
اِغْظِي,ghaayiz,ghaayiz,True,7,7,0-9,0-9,5
مَورِت,mwartish,mwarrit,False,6,8,0-9,0-9,3
يِسْتَزْفِر,yistazfir,yistazfir,True,11,9,10-19,0-9,1
يِدْعِك,yid3ak,yda3dik,False,7,6,0-9,0-9,3
عُوض,3awad,3awwid,False,4,5,0-9,0-9,3
اِتْمَقْرَط,2itmarqat,2itmarqat,True,11,9,10-19,0-9,3
دِشَارَة,dashaara,dashshaara,False,8,8,0-9,0-9,5
نَفَّض,naffid,naffid,True,6,6,0-9,0-9,2
مَنَّاحَة,manaa7a,mnaa7a,False,9,7,0-9,0-9,4
يقَرْبِر,yqkashbir,yqarbir,False,8,9,0-9,0-9,4
تَفْرَيج,tafriij,tafriij,True,8,7,0-9,0-9,4
مَصْحَة,masa77a,mas7a,False,7,7,0-9,0-9,3
مُكَسَّر,mkassar,mkassar,True,8,7,0-9,0-9,5
تُسْتُر,tasattur,tsattar,False,7,8,0-9,0-9,4
يْمَرِّق,yumruq,ymarriq,False,8,6,0-9,0-9,5
زَغَاريِب,zaghaariib,zaghaariib,True,9,10,0-9,10-19,5
يجَهِّر,yijhar,yjahhir,False,7,6,0-9,0-9,4
اِسْتَطْمَع,2istat3im,2istat3am,False,11,9,10-19,0-9,5
مَسْلَط,msaltin,msallit,False,7,7,0-9,0-9,5
رِوبِة,roobe,roobe,True,6,5,0-9,0-9,3
مِسْكُوب,maskuub,maskuub,True,8,7,0-9,0-9,4
تْوِهِت,twahhat,twahhat,True,7,7,0-9,0-9,5
أَغْنِى,2aghna,2aghna,True,7,6,0-9,0-9,3
يمَرْمِر,ymarmir,ymarmir,True,8,7,0-9,0-9,1
دِرْدِبِة,dardabe,dardabe,True,9,7,0-9,0-9,5
يِسْتَعْدِل,yistadli3,yistadli3,True,11,9,10-19,0-9,5
إِسْتِئْذَان,2isti2zaan,2isti2zaan,True,12,10,10-19,10-19,1
مُشَاكِل,mashaakil,mashaakil,True,8,9,0-9,0-9,5
يِتْسَسْرَر,yitsarsar,yitsarsar,True,11,9,10-19,0-9,5
اِوْهِم,2uuhim,2uuhim,True,7,6,0-9,0-9,5
يِتَدَرْوَش,yiddarwash,yiddarwash,True,11,10,10-19,10-19,4
فِدَّا,fida,fada,False,6,4,0-9,0-9,4
يِتْمَصْمَل,yitmasla7,yitmasla7,True,11,9,10-19,0-9,5
اِدِّخِل,2udkhul,2idkhul,False,8,7,0-9,0-9,2
اِتقَطَّف,2itqattaf,2itqattaf,True,9,9,0-9,0-9,4
يِسْتَعْلَم,yista3lim,yista3lim,True,11,9,10-19,0-9,5
اِسْتَسْلِم,2istaslim,2istaslam,False,11,9,10-19,0-9,4
رِزَاق,razzaaq,razzaaq,True,6,7,0-9,0-9,4
يِتْنَسَّس,yitnasnas,yitnasnas,True,10,9,10-19,0-9,2
مْبَوَّز,mbawwiz,mbawwiz,True,8,7,0-9,0-9,2
قُشْفُل,qkashfal,qkashfal,True,7,8,0-9,0-9,5
فَرِيق,fariiq,friiq,False,6,6,0-9,0-9,1
قُرِّيعَة,karrii3a,qkgree3a,False,9,8,0-9,0-9,3
زَطْمِة,zatme,zatme,True,7,5,0-9,0-9,1
زَوَّن,wazan,wazzin,False,6,5,0-9,0-9,3
يِغْصَب الك,yghuss baalak,yghuss baalak,True,11,13,10-19,10-19,5
دوَاقِش,dawaashiqk,dawaashiqk,True,7,10,0-9,10-19,4
يِتَدَنُّس,yiddannas,yiddannas,True,10,9,10-19,0-9,5
بِدِّي أَجِيب قُرْمِتُه,biddi 2ajiib qurmiito,biddi 2ajiib qurmiito,True,23,21,20-29,20-29,5
مْخَرْدَق,mkhardaq,mkhardaq,True,9,8,0-9,0-9,1
يخَسِّف,yikhsif,yikhsif,True,7,7,0-9,0-9,4
أَهْد فَاف,2ahdaaf,2ahd faad,False,10,7,10-19,0-9,4
شَخَّب,shakhkhib,shakhkhib,True,6,9,0-9,0-9,2
عَالطَّالعة وَالنَازلة,3attaal3a winnaazle,3attaal3a winnaazle,True,22,19,20-29,10-19,2
يكِيد,ykiid,ykiid,True,5,5,0-9,0-9,1
اِتْغَنَّج,2itghannaj,2itghannaj,True,10,10,10-19,10-19,1
وِجْهَك مِثِل مِدْفَاش الخُرَا,wijhak mitil midfaash 2ilkhara,wijhak mitil midfaashil khara,False,30,30,30-39,30-39,4
يحَنِّن,y7annin,y7annin,True,7,7,0-9,0-9,1
رَتِّب,rattib,rattab,False,6,6,0-9,0-9,1
تْوَسَّل,twassal,twassal,True,8,7,0-9,0-9,1
اِتْجَافَل,2itjaalaf,2itjaalaf,True,10,9,10-19,0-9,2
صَافِح,saafi7,2isfa7,False,6,6,0-9,0-9,1
هَالِط,haalit,2ihlut,False,6,6,0-9,0-9,1
مِتْجَاوِز,mitjaawiz,mitjaawiz,True,10,9,10-19,0-9,2
سِاعَة,saa3a,see3a,False,6,5,0-9,0-9,4
شُقْرُمِة,shaqkrame,shaqkrame,True,9,9,0-9,0-9,3
شِبّ العرب عربينك,shabak 2il3arab 3arabeen,shibir 2il3arab 3arab 3inak,False,17,24,10-19,20-29,4
اُوزنهَا مَبَك,2uuzinha bmukhkhak,2uuzinha maa bikhak,False,14,18,10-19,10-19,5
اِتَّطَاوَل,2ittaawal,2ittaawal,True,11,9,10-19,0-9,3
دْوَار,dwaar,duwwaar,False,6,5,0-9,0-9,2
تْعِفْرِت,t3afrat,t3afrat,True,9,7,0-9,0-9,4
رَقَائِق,raqaa2iq,raqaa2iq,True,8,8,0-9,0-9,2
زَالِط,2izlut,2uzlut,False,6,6,0-9,0-9,3
صَان,saan,saan,True,4,4,0-9,0-9,1
حَرْوِق,7arwiq,7ruuq,False,7,6,0-9,0-9,4
مُخْمَخ,makhmakh,makhmakh,True,7,8,0-9,0-9,5
إِذَّا,2izan,2iza,False,6,5,0-9,0-9,2
يْعَرْقِب,y3arqkib,y3arqkib,True,9,8,0-9,0-9,4
مُخْتَرّ,makhtir,makhtar,False,8,7,0-9,0-9,5
مُعْتَآمِر,mi3timir,mu3tamir,False,10,8,10-19,0-9,4
يِبْتَسِم,yibtisim,yibtisim,True,9,8,0-9,0-9,2
اِبن الضرة منوش مسرَّة,2ibin 2iddurra maminuush masarra,2ibin 2iddurra minuush masarra,False,22,32,20-29,30-39,3
يْنَاهِد,ynaahid,ynaahid,True,8,7,0-9,0-9,3
يِعْصَى,yi3sa,yi3sa,True,7,5,0-9,0-9,1
تَشَيكِي,tashyiik,tashyiik,True,8,8,0-9,0-9,4
يُمْكُث,yumkuth,yumkuth,True,7,7,0-9,0-9,2
عَافِر,3aafir,3aafir,True,6,6,0-9,0-9,1
خِمْسِة,khamse,khamse,True,7,6,0-9,0-9,3
تَرْمِيج,tarmiij,tarmiij,True,8,7,0-9,0-9,1
تَنَايُط,tnaayat,tnaayat,True,8,7,0-9,0-9,3
اِتْقَلَّب,2itqallab,2itqallab,True,10,9,10-19,0-9,5
أَيَّام,2ayyaam,2ayaam,False,7,7,0-9,0-9,2
لْسَانُه مَبِتْرِي مَنُّه,lsano mitbarri minno,lsano mitbarro minno,False,25,20,20-29,20-29,5
دِلْهِم,dalham,dalhim,False,7,6,0-9,0-9,5
تَشَائِم,tshaa2am,tshaa2am,True,8,8,0-9,0-9,5
يِنِفْطِم,yinfitim,yinfitim,True,9,8,0-9,0-9,3
عَسَّى,3asa,3asa,True,6,4,0-9,0-9,2
اِدْكُن,daakin,2idkun,False,7,6,0-9,0-9,3
رَاسِب,2irsub,raasib,False,6,6,0-9,0-9,5
تَلَاقى,tlaaqa,tlaaqa,True,7,6,0-9,0-9,4
سِيَاسِة,siyaase,siyaase,True,8,7,0-9,0-9,1
مْسَطْوِل,mastuul,mastuul,True,9,7,0-9,0-9,2
يِنْدِعِس,yindi3is,yindi3is,True,9,8,0-9,0-9,1
يوَسِّخ,ywassikh,ywassikh,True,7,8,0-9,0-9,1
أُوْهَام,2awhaam,2awhaam,True,8,7,0-9,0-9,2
اِهْرِج,2uhrudj,2uhrudj,True,7,7,0-9,0-9,5
يِخْفِش,yikhfish,yikhfish,True,7,8,0-9,0-9,1
يِصْوِغ,ysuugh,ysuugh,True,7,6,0-9,0-9,4
حَسَبَنِة,7asbane,7asbane,True,9,7,0-9,0-9,4
يتَكَنُّز,yitkannaz,yitkannaz,True,9,9,0-9,0-9,4
إِنْذْرَا,2inzaar,2inzaar,True,9,7,0-9,0-9,4
اِظْلُم,2uzlum,2uzlum,True,7,6,0-9,0-9,3
صِنَادِيح,sanaadii7,sanaadii7,True,9,9,0-9,0-9,5
أَنَقَاض,2anqaad,2anqaad,True,8,7,0-9,0-9,5
قَدِر,qidir,qaddir,False,5,5,0-9,0-9,4
كَيّ,kayy,kayy,True,4,4,0-9,0-9,1
كُزْبَرَة,kuzbara,kizbara,False,9,7,0-9,0-9,4
يْنَشِّط,ynashshit,yinshat,False,8,9,0-9,0-9,5
شِرَكَاء,shurakaa2,shurakaa2,True,8,9,0-9,0-9,5
لإِِِجْرِي,la2ijri,la2ijri,True,10,7,10-19,0-9,3
عَطِب,3attib,3attab,False,5,6,0-9,0-9,5
كُزْدُر,kazdir,kazdar,False,7,6,0-9,0-9,5
أَبْهَج,2abhaj,2abhaj,True,7,6,0-9,0-9,1
اِعْيِب,3aayib,3aayib,True,7,6,0-9,0-9,3
حْلَال,7allaal,7allaal,True,6,7,0-9,0-9,1
نِبِض,nabad,nabid,False,5,5,0-9,0-9,5
تُمْرَة,tamre,tamre,True,7,5,0-9,0-9,2
تِخْصِص,tkhassas,tkhassas,True,7,8,0-9,0-9,3
يرَشِّق,yurshuq,yurshuq,True,7,7,0-9,0-9,1
بَالطُّقْعَة,bittaqgaa3a,bittaqgla3a,False,12,11,10-19,10-19,5
يِسْوِى,yiswa,yiswa,True,7,5,0-9,0-9,4
عَوِّد,3awwad,3awwid,False,6,6,0-9,0-9,2
يتَقْبِل,yitqabbal,yitqabbal,True,8,9,0-9,0-9,3
يتَاجِر,yittaajar,ytaajir,False,7,9,0-9,0-9,1
صَانَع,saani3,saani3,True,6,6,0-9,0-9,2
ينَجِّب,yinjib,yinjib,True,7,6,0-9,0-9,4
يَمْخُول,ymakhwil,ymakhwil,True,8,8,0-9,0-9,3
تَحْصِيم,ta7miis,ta7miis,True,8,7,0-9,0-9,2
اِنْفِغِص,2infighis,2infaghas,False,9,9,0-9,0-9,1
اِنْخَزِي,2inkhizi,2inkhizi,True,9,8,0-9,0-9,2
أُقْلِمِة,2aqlame,2aqlime,False,9,7,0-9,0-9,2
تَعْتِع,ta3ti3,ta3ti3,True,7,6,0-9,0-9,2
اِنْدَقَر,2indiqir,2indaqar,False,9,8,0-9,0-9,2
إِئْسَرّ,2i2sir,2i2sir,True,8,6,0-9,0-9,3
يجَلِّق,yjalliqk,yujluqk,False,7,8,0-9,0-9,1
حَابِي,7aabi,7aabi,True,6,5,0-9,0-9,1
لِبِط,labbit,labbat,False,5,6,0-9,0-9,4
شَرْبِك,sharbik,sharbak,False,7,7,0-9,0-9,4
يتَنْهِي,yintahi,yitnahhar,False,8,7,0-9,0-9,4
رَمَّاي,rammaay,rammaay,True,7,7,0-9,0-9,1
بَتِّر,batar,batar,True,6,5,0-9,0-9,1
تْكِرْمِش,tkarmash,tkarmash,True,9,8,0-9,0-9,3
دَاقَر,daaqir,daaqir,True,6,6,0-9,0-9,2
يتْهَمَّش,yithashsham,yithammash,False,9,11,0-9,10-19,5
يِتْكَنَّس,yitkannas,yitnakkas,False,10,9,10-19,0-9,1
اِتْسَيَّر,2itsayyar,2itsayyar,True,10,9,10-19,0-9,1
جُوَّاد,jawaad,jawaad,True,7,6,0-9,0-9,4
كَرْف,karaf,karf,False,5,5,0-9,0-9,5
يِطْلَع عَرَقِب,yitla3 3aqabri,yitla3 3araq,False,15,14,10-19,10-19,4
يقَسِّم,yqassim,yqassim,True,7,7,0-9,0-9,2
صُور,sawwir,sawwar,False,4,6,0-9,0-9,2
خُرَاطِيش,kharaatiish,kharaatiish,True,9,11,0-9,10-19,2
قُنُع,qini3,qanni3,False,5,5,0-9,0-9,4
بَهُّور,bahwir,bahwir,True,7,6,0-9,0-9,5
تْعَفَّل,tfa33al,t3affal,False,8,7,0-9,0-9,5
جَرَازي,jaraazi,jaraazi,True,7,7,0-9,0-9,5
يِفْيَض,yfiid,yfayyid,False,7,5,0-9,0-9,5
بُكْمَا,bakma,bukma,False,7,5,0-9,0-9,2
حَزْمَقَة,7azmaga,7azmaga,True,9,7,0-9,0-9,2
يِتَقْفَل,yitqaffal,yitqaffal,True,9,9,0-9,0-9,5
اِنِشْوِي,2inshiwi,2inshiwi,True,9,8,0-9,0-9,2
مُعَرِّم,m3arram,m3arram,True,8,7,0-9,0-9,4
نَزْوِة,nazwe,nazwe,True,7,5,0-9,0-9,2
جَهَّم,jahhim,jahhim,True,6,6,0-9,0-9,2
مُحْصِح,m7as7is,m7as7is,True,7,7,0-9,0-9,5
يبَقِّى,yibqa,yibqa,True,7,5,0-9,0-9,2
تِدْئَايِة,ti2daaye,tid2aaye,False,10,8,10-19,0-9,1
إِتعبي يَا خَايبة لغَايبة,2it3abi yaa khaybe lalghaaybe,2it3abi yaa khaybe laaybe lghaaybe,False,25,29,20-29,20-29,3
تْخَلَق,tkhallaq,tkhallaq,True,7,8,0-9,0-9,4
فِظِع,fazzi3,fazzi3,True,5,6,0-9,0-9,5
يسَوِّخ,ywassikh,ysawwikh,False,7,8,0-9,0-9,5
شَقَّر,shaqqar,sha22ar,False,6,7,0-9,0-9,1
تَلْبَك,tlabbak,tlabbak,True,7,7,0-9,0-9,4
مُقَذِّي,mqkadhdhi,mqkadhdhi,True,8,9,0-9,0-9,2
اِصْبُح,2isbi7,2isbi7,True,7,6,0-9,0-9,4
أَكَمَام,2akmaam,2akmaam,True,8,7,0-9,0-9,2
مَا بَين البَين,maa been 2ilbeen winnaya,maa been 2ilbeen benayn,False,15,24,10-19,20-29,3
اِتْمَشْطَط,2itshamtat,2itmashshat,False,11,10,10-19,10-19,4
اِشْعُر,2ish3ur,2ish3ur,True,7,7,0-9,0-9,3
اِبْيَض,2ibyadd,2ibyadd,True,7,7,0-9,0-9,2
قُرْقُض,qarqad,qarqad,True,7,6,0-9,0-9,3
بْشَاعَة,bashaa3a,bashaa3a,True,8,8,0-9,0-9,3
مَغْنِي,mghayyin,mghanni,False,7,8,0-9,0-9,5
تْجَدَّس,tjassad,tjassad,True,8,7,0-9,0-9,5
يِنْمَط,ynammit,yinmatt,False,7,7,0-9,0-9,5
شُغْلَك مِثِل حْرَاث الجَمَّا,shughlak mithil 7raath 2ildjammaal,shughlak mithil 7raath 2ildjammaal,True,29,34,20-29,30-39,5
يتْدَفَّى,yiddaffa,yiddaffa,True,9,8,0-9,0-9,2
يِمْكِن,ymakkin,ymakkin,True,7,7,0-9,0-9,4
يتْوَتَّد,yitwattad,yitwattad,True,9,9,0-9,0-9,4
عَفّ,fi33,3iff,False,4,4,0-9,0-9,5
خَيَال مَرِيض,khayaal mariid,khayaal mariid,True,13,14,10-19,10-19,1
يهَدِّد ويرْعِد,yhaddid wuyir3id,yhaddid wuyir3id,True,15,16,10-19,10-19,3
نَقْرِشِة,naqrashe,naqrashe,True,9,8,0-9,0-9,3
يتَسْيِر,yitsayyar,yitsayyar,True,8,9,0-9,0-9,2
بَغِّل,baghghal,baghghil,False,6,8,0-9,0-9,2
شَهِّير,shahiir,shahhiir,False,7,7,0-9,0-9,3
شَطْشَط,shatshat,shatshat,True,7,8,0-9,0-9,1
مَخْمُوع,makhmuu3,makhmuu3,True,8,8,0-9,0-9,1
ظَهْوِر,zuhuur,dhuur,False,7,6,0-9,0-9,4
مْعَكْوِس,ma3kuus,ma3kuus,True,9,7,0-9,0-9,2
يتِّصِل,yittasil,yittasil,True,7,8,0-9,0-9,3
جَبْهَة,jabha,jabha,True,7,5,0-9,0-9,1
اِرْأُف,2ir2af,2ir2af,True,7,6,0-9,0-9,2
اِتْشَبَّب,2itshabshab,2itshabbab,False,10,11,10-19,10-19,2
يِلْتَهِم,yiltihim,yiltihim,True,9,8,0-9,0-9,3
مْؤَدِّب,mu2addab,m2addib,False,8,8,0-9,0-9,3
يِطْقُش,yitq2ash,ytaqq22ish,False,7,8,0-9,0-9,4
اِتْحَمْوَر,2it7oomar,2it7oomar,True,11,9,10-19,0-9,4
مُطّ,mutt,matt,False,4,4,0-9,0-9,1
دِفِي,difi,daffi,False,5,4,0-9,0-9,2
اِنْطَقّ,naatiq,2untuq,False,8,6,0-9,0-9,3
مِسْمَار في التَّعْرِة,musmaar fil 3untara,musmaar fil 3umrta,False,22,19,20-29,10-19,5
عَطُّور,3utuur,3utuur,True,7,6,0-9,0-9,3
بيحوص وبيلوص,bi7uus wibiluus,bi7uus wibiluus,True,12,15,10-19,10-19,2
مَقْحَف,mqa77if,mqka77if,False,7,7,0-9,0-9,5
اُبْرُم,2ubrum,2ubrum,True,7,6,0-9,0-9,3
جُر,jarr,jurr,False,3,4,0-9,0-9,4
أَيْماً,2ayyaam,2eema,False,7,7,0-9,0-9,5
حَولاً,7oola,7oola,True,6,5,0-9,0-9,5
شَحَاحِيذ,sha7aa7iid,sha7aa7iid,True,9,10,0-9,10-19,1
عِشِم,3asham,3ashshim,False,5,6,0-9,0-9,4
يتْثَاوَر,yitwaaras,yitwaaras,True,9,9,0-9,0-9,5
اِسْتَحْكِم,2ista7kim,2ista7kam,False,11,9,10-19,0-9,4
اِنْحَرَم,2in7irim,2in7aram,False,9,8,0-9,0-9,1
يِقْفَر,yiqfar,yiqfar,True,7,6,0-9,0-9,5
فَاقِد,faaqid,faaqid,True,6,6,0-9,0-9,1
تْقِشِف,tqashshaf,tqashshaf,True,7,9,0-9,0-9,3
اِبْعَج,2ib3aj,2ib3aj,True,7,6,0-9,0-9,1
قَرَّع,qarra3,qarri3,False,6,6,0-9,0-9,3
مُتَنَخْصِر,mitkhansir,mitkhansir,True,11,10,10-19,10-19,4
صَيغَة,siigha,siigha,True,6,6,0-9,0-9,2
عَالحَمْل,3alla7im,3al 7iml,False,9,8,0-9,0-9,1
حَوَض الإِنْسَان,7ood 2il2insaan,7ood 2il2insaan,True,16,15,10-19,10-19,1
دَلِب,dalib,dalab,False,5,5,0-9,0-9,4
شَهَى,shahhi,shahha,False,5,6,0-9,0-9,1
مْنَاطِق,manaatiq,manaatiq,True,8,8,0-9,0-9,5
أَكَبَّر,2akbar,2akbar,True,8,6,0-9,0-9,5
تَنَقُّى,tnaqqa,tnaqqa,True,8,6,0-9,0-9,2
أُغْنِيَاء,2aghniyaa2,2aghniyaa2,True,10,10,10-19,10-19,2
اُشْطُر,shaatir,2ushtur,False,7,7,0-9,0-9,3
يِتَنَافَر,yitnaafar,yitnaafar,True,10,9,10-19,0-9,5
ديك مْفَرْعَن,diik mfar3in,diik mfar3in,True,13,12,10-19,10-19,4
صَار,saar,saar,True,4,4,0-9,0-9,1
لَاعَس,laasi3,laa3is,False,6,6,0-9,0-9,4
مَتَعَالِي,muta3aali,muta3aali,True,10,9,10-19,0-9,4
اِنْفِلِج,2infalaj,2infilij,False,9,8,0-9,0-9,1
مُتَقَلِّب,mitqabbil,mitqallib,False,10,9,10-19,0-9,5
يُجْلُد,yjallid,yjallid,True,7,7,0-9,0-9,5
اِنْشِفي,2inshifi,2inshifi,True,8,8,0-9,0-9,3
يكِيل,ykayyal,ykayyil,False,5,7,0-9,0-9,2
اِنْزَعَج,2inza3aj,2inzi3ij,False,9,8,0-9,0-9,3
تْلَاخَيص,talaakhiis,talaakhiis,True,9,10,0-9,10-19,2
فَرَاوْلِيِّة,faraawlaaye,faraawlaaye,True,13,11,10-19,10-19,3
نُكَّتِة,nukte,nakte,False,8,5,0-9,0-9,5
بأمَن اله,bi2amaan 2illaa,bi2amaan 2illaa,True,9,15,0-9,10-19,3
أَسْنَان,2asnaan,2asnaan,True,8,7,0-9,0-9,1
يْعَرِّف,y3arrif,y3arrif,True,8,7,0-9,0-9,5
اِفْسُخ,2ifsakh,2ifsakh,True,7,7,0-9,0-9,4
كِبَارَة,kubbaara,kubbaara,True,8,8,0-9,0-9,5
تْفِعْوِص,tfa3was,tfa3was,True,9,7,0-9,0-9,2
نَاغِيرَة,naaghriyye,naaghriyye,True,9,10,0-9,10-19,4
سُمُن,samman,sammin,False,5,6,0-9,0-9,5
إِن,2inna,2inn,False,3,5,0-9,0-9,2
خَلِّيِّة,khaliyye,khaliyye,True,9,8,0-9,0-9,3
بَلْكَم,balkim,balkam,False,7,6,0-9,0-9,1
يِتقَزَّع,yitqkazza3,yitqkazza3,True,9,10,0-9,10-19,4
زَغَل,zaghal,zaghal,True,5,6,0-9,0-9,1
سقطت ورقه,saqtat waraqto,saqtat waraqto,True,9,14,0-9,10-19,3
حَجَر الدَّاس,7ajar 2idraas,7ajar 2idraas,True,13,13,10-19,10-19,5
مَلْوِن,mlawwan,mloonik,False,7,7,0-9,0-9,2
سَبِّت,sabt,sabt,True,6,4,0-9,0-9,2
لَّاف,laaf,laaf,True,5,4,0-9,0-9,5
قَرَاحَة,qkurraa7a,qkurraa7a,True,8,9,0-9,0-9,5
شَتِّل,shatal,shattil,False,6,6,0-9,0-9,2
يْرَكِّع,yrakki3,yirka3,False,8,7,0-9,0-9,5
إِدَّارِة,2idaara,2idaara,True,9,7,0-9,0-9,4
تَلْيَص,tlayyas,tlayyas,True,7,7,0-9,0-9,5
نَفِّس,nafas,naffis,False,6,5,0-9,0-9,3
مِتْقَنْدِر,mitqkandir,mitqkandir,True,11,10,10-19,10-19,1
حَجَر الأَسَاس,7ajar 2il2asaas,7ajar 2il2asaas,True,14,15,10-19,10-19,1
تْسَفَّط,tsaffat,tsaffat,True,8,7,0-9,0-9,1
اِنْتِكَاسِة,2intikaase,2intikaase,True,12,10,10-19,10-19,1
هَسّ,huss,hiss,False,4,4,0-9,0-9,2
يِتْوِب,ytuub,ytawwib,False,7,5,0-9,0-9,4
مُكَمْكَم,mkamkam,mkamkam,True,9,7,0-9,0-9,3
مْخَزِّي,mukhzi,mukhzi,True,8,6,0-9,0-9,3
تْسَخْمَط,tsakhmat,tsakhmat,True,9,8,0-9,0-9,1
البِزّ الكَذَاب,2ilbizz 2ilkazzaab,2ilbiz 2ilkazzaab,False,15,18,10-19,10-19,2
طِلِق,taliq,tallaq,False,5,5,0-9,0-9,5
إِقلِيم,2iqliim,2iqliim,True,7,7,0-9,0-9,5
اِنْتَقَى,2intaqa,2intaqa,True,9,7,0-9,0-9,1
بِيتْمَسْكَن ليِتْمَكَّن,byitmaskan layitmakkan,byitmaskan layitmakkan,True,24,22,20-29,20-29,1
أَبُو الهْمَاي,2abu 2ilhamaayim,2abu 2ilhamaayim,True,14,16,10-19,10-19,3
مْرَدَّف,mardif,mardaf,False,8,6,0-9,0-9,1
لَاطِة,laata,laata,True,6,5,0-9,0-9,3
عَشْرَة,3ishre,3ashara,False,7,6,0-9,0-9,3
خَدَر,khadar,khaddir,False,5,6,0-9,0-9,1
يتَفْعِل,yitfa33al,yitfa33al,True,8,9,0-9,0-9,4
رِهْبَانِي,rahbaani,rahbaani,True,10,8,10-19,0-9,2
رَجَم,rajim,rajam,False,5,5,0-9,0-9,1
بَيَّش,beesh,beesh,True,6,5,0-9,0-9,4
مَسْبَك,msabbak,msabbik,False,7,7,0-9,0-9,3
اِنْضَبِع,2indaba3,2indaba3,True,9,8,0-9,0-9,5
مَجَلِّة,majalle,majalle,True,8,7,0-9,0-9,3
حْزُون,7azwan,7azwin,False,6,6,0-9,0-9,1
اِتْكَلَّف,2itkaffal,2itkallaf,False,10,9,10-19,0-9,4
يتَجَرُّس,yitjarras,yitjarras,True,9,9,0-9,0-9,4
بَقْوَرَة,baqquura,baqquura,True,9,8,0-9,0-9,3
مُزْدَاغ,mizdaagh,mizdaagh,True,8,8,0-9,0-9,2
نَوح,nawwi7,nawwi7,True,4,6,0-9,0-9,4
عَطَبِة,3utbe,3utbe,True,7,5,0-9,0-9,1
نَايِم بَالعسَل,naayim bil3asal,naayim bil3asal,True,15,15,10-19,10-19,3
شِنْبِر,shumbur,shanbar,False,7,7,0-9,0-9,3
حَصْرِم,7usrum,7usrum,True,7,6,0-9,0-9,5
رِفَاهِيِّة,rafaahiyye,rafaahiyye,True,11,10,10-19,10-19,5
مُتَوَازِي أضلَاع,mutawaazi 2adlaa3,mutawaazi 2adlaa3,True,17,17,10-19,10-19,3
فَوَضِي,fawdawi,fawdawi,True,7,7,0-9,0-9,3
فُسْقُلِّة,fasqale,fasqale,True,10,7,10-19,0-9,3
يُزْفُت,yzaffit,yzaffit,True,7,7,0-9,0-9,5
اِتْعَصَّب,2itsa33ab,2itsa33ab,True,10,9,10-19,0-9,3
خَفَافِيش,khafaafiish,khafaafiish,True,9,11,0-9,10-19,1
صِنِم,sanam,sanam,True,5,5,0-9,0-9,5
اِنفَتَل رَاسي,2infatal raasi,2infatal raasi,True,14,14,10-19,10-19,5
فَاقِس,faaqis,faaqis,True,6,6,0-9,0-9,1
سْرُطُوم,sartuum,sartuum,True,8,7,0-9,0-9,3
مِكْسَورَة,maksuura,maksuura,True,10,8,10-19,0-9,5
حَنَطِي,7inti,7inti,True,7,5,0-9,0-9,4
دَام,daam,daam,True,4,4,0-9,0-9,1
تَبْرِيئ,tabrii2,tabrii2,True,8,7,0-9,0-9,1
البنت بتحلم بَالزَّفِّة وهي بَالَّفِّة,2ilbint bti7lam bizzaffe wuhii billaffe,2ilbinit bti7lam bizzaffe wuhii billaffe,False,38,39,30-39,30-39,3
تْبَخَّر,tbakhkhar,tbakhkhar,True,8,9,0-9,0-9,1
يِسْتَنِف,yistanfiz,yistanfir,False,9,9,0-9,0-9,3
حَاميهَا حَرَامِيهَا,7aamiiha 7aramiiha,7aamiiha 7aramiiha,True,20,18,20-29,10-19,4
مَدْلِف,mdallif,mdallif,True,7,7,0-9,0-9,4
شَجَّر,shajjar,shajjar,True,6,7,0-9,0-9,1
مجنون رمى حجر بَالبير بده مية عَاقل طلعه,majnuun rama 7ajar bilbiir biddo miit 3aaqil ytal3o,majnuun rama 7ajar bilbiir biddo miit 3aqil ytal3o,False,40,51,40-49,50-59,5
هُمَجِيِّة,hamajiyye,hamajiyye,True,10,9,10-19,0-9,4
يِعْجَق,yu3juq,yu3juq,True,7,6,0-9,0-9,5
هَجُومِي,hujuumi,hujuumi,True,8,7,0-9,0-9,2
يزيهد العيه,yziidha 3alee,yziidha 2ala3i,False,11,13,10-19,10-19,4
قَذَارَة,qazaara,qazaara,True,8,7,0-9,0-9,2
اِيتَم,2iitam,2iitam,True,6,6,0-9,0-9,1
يِتَحَاسَب,yit7aasab,yit7aasab,True,10,9,10-19,0-9,5
هَرَّس,haris,haras,False,6,5,0-9,0-9,2
تْصُوف,tsawwaf,tsawwaf,True,6,7,0-9,0-9,3
يطَمِّع,yitma3,ytammi3,False,7,6,0-9,0-9,2
يِنْلِخِم,yinlikhim,yinlikhim,True,9,9,0-9,0-9,1
بِيحلِّن عن حبل المَشَقَة,bi7illin 3an 7ablil mashnaqa,byi7lin 3an 7abilil mashshaqa,False,25,28,20-29,20-29,4
تَمْجِيد,mitjayyid,tamjiid,False,8,9,0-9,0-9,3
رُؤُوف,ra2uuf,ra2uuf,True,6,6,0-9,0-9,1
دِفِّي,difi,daffi,False,6,4,0-9,0-9,4
سِنَّايِف,sanaayif,sanaayif,True,9,8,0-9,0-9,5
حَثَل,7ithil,7ithl,False,5,6,0-9,0-9,1
أَغَانِي,2aghaani,2aghaani,True,8,8,0-9,0-9,1
قَاوَح,qaawi7,qaawa7,False,6,6,0-9,0-9,2
يَأْمِل,y2ammil,y2ammil,True,7,7,0-9,0-9,4
عَحَطّ إِيدَكِة,3a7attit 2iidak,3a7att 2iidak,False,15,15,10-19,10-19,3
لعى وسَع,la3alla wa3asa,la3ala wa3asa,False,8,14,0-9,10-19,2
يِكْشِك,ykashkish,ykashkish,True,7,9,0-9,0-9,3
لَوَّح,loo7,lawwi7,False,6,4,0-9,0-9,2
مُثَال,maasal,misaal,False,6,6,0-9,0-9,4
اِعْتَرَض,2i3tarad,2i3tirid,False,9,8,0-9,0-9,4
يِدْعَس,yid3as,yid3as,True,7,6,0-9,0-9,2
ذَاكِرَة سَمكِة,zaakirat samake,zaakirat samake,True,15,15,10-19,10-19,1
قَصِر,qassar,qassir,False,5,6,0-9,0-9,3
رُؤيَا,ru2ya,ru2ya,True,6,5,0-9,0-9,1
مَنْجِيع,minji3i,munjii3,False,8,7,0-9,0-9,1
حَوش الغَنَّم,7oosh 2ilghanam,7oosh 2ilghanam,True,13,15,10-19,10-19,3
اِنِفْجَار,2infijaar,2infijaar,True,10,9,10-19,0-9,3
مْجَلِّخ,mjallikh,mjallikh,True,8,8,0-9,0-9,1
مَا أوسع متك,maa 2awsa3 zimto,maa 2awsa3 mak,False,12,16,10-19,10-19,2
فِضَاوِة,fadaawe,fadaawe,True,8,7,0-9,0-9,5
مِعْتَاز,mi3taaz,mu3taaz,False,8,7,0-9,0-9,3
مْلَاحِق,mulaa7aq,malaa7iq,False,8,8,0-9,0-9,4
اِنْتِذِب,2intabadh,2intazab,False,9,9,0-9,0-9,4
يؤنِّذ,y2addin,y2addin,True,6,7,0-9,0-9,3
مْشَلْوِش,mashluush,mashluush,True,9,9,0-9,0-9,2
بَحَتِيِّة,ba7tiyye,ba7tiyye,True,10,8,10-19,0-9,5
سِبِع,sabbi3,sabbi3,True,5,6,0-9,0-9,5
دَقْمِس,dagmis,dagmis,True,7,6,0-9,0-9,3
سِتَّالِي,staayl,sataali,False,9,6,0-9,0-9,4
اِنْسَدِح,2insada7,2insada7,True,9,8,0-9,0-9,3
تَحَاسُب,t7aasab,t7aasab,True,8,7,0-9,0-9,4
بِفْتِة,bafte,bafte,True,7,5,0-9,0-9,3
حُبَّاس,7abbaas,7abbaas,True,7,7,0-9,0-9,3
نَطَق,nattiq,nattiq,True,5,6,0-9,0-9,1
يِصْيَغ,ysiigh,ysiigh,True,7,6,0-9,0-9,5
طَعِم,ta33im,ta33am,False,5,6,0-9,0-9,4
سْبُوتِة,sbuute,sbuute,True,8,6,0-9,0-9,1
رَوح بَلَا طِبِلِح,ruu7 ballit 2ilba7ar,ruu7 ballit 2ilba7at,False,18,20,10-19,20-29,1
زَرَر,zarrir,zarrir,True,5,6,0-9,0-9,3
يخَاصَم,ykhaasim,ykhaasim,True,7,8,0-9,0-9,3
مَبِيد حَشَرِي,mubiid 7ashari,mubiid 7ashari,True,14,14,10-19,10-19,4
بَكْبَكِة,bakbake,bakbake,True,9,7,0-9,0-9,1
نْعِيق,na3iiq,na3iiq,True,6,6,0-9,0-9,2
قَيَّد,qayyid,qayyad,False,6,6,0-9,0-9,2
يِحْمِم,y7ammim,y7ammim,True,7,7,0-9,0-9,2
عَامَم,3aamim,3aamim,True,6,6,0-9,0-9,2
شُرُوق,shuruuq,shruuq,False,6,7,0-9,0-9,3
يصَعِّى,yi3sa,yi3sa,True,7,5,0-9,0-9,4
يقَحِّط,yiq7at,yiq7at,True,7,6,0-9,0-9,3
يبَغْدِد,ybaghdid,ybaghdid,True,8,8,0-9,0-9,1
اِسْتَنِخ,2istansikh,2istansakh,False,9,10,0-9,10-19,3
يِفْرُج,yifrij,yifrij,True,7,6,0-9,0-9,4
مَنْسَوخ,mansuukh,mansuukh,True,8,8,0-9,0-9,4
اِتْوِفِّى,2itwaffa,2itwaffa,True,10,8,10-19,0-9,3
سَولَار,soolaar,soolaar,True,7,7,0-9,0-9,2
خَوَف,khawwif,khawwaf,False,5,7,0-9,0-9,5
اِتْلَاَشَى,2itlaasha,2itlaasha,True,11,9,10-19,0-9,2
قِدّ خُرُم الإِبْرِة,qadd khurm 2il2ibre,qadd khurum 2il2ibre,False,20,19,20-29,10-19,2
بَيضَا,beeda,beeda,True,6,5,0-9,0-9,1
يُحْشُر,y7ashshir,yu7shur,False,7,9,0-9,0-9,3
حَشَى,7ashsha,7asha,False,5,7,0-9,0-9,2
تَمَارِين,tamaariin,tamaariin,True,9,9,0-9,0-9,1
طَوَّر,tuur,tawwir,False,6,4,0-9,0-9,1
صَنَادِل,sanaadil,sanaadil,True,8,8,0-9,0-9,2
عَشِّب,3ashshab,3ashshib,False,6,8,0-9,0-9,2
نِبِع,naba3,naba3,True,5,5,0-9,0-9,5
مُقِيد,mqayyad,mqayyid,False,6,7,0-9,0-9,3
مْخْتَرِع,mikhtiri3,mukhtari3,False,9,9,0-9,0-9,4
يزَغْلِل,yzaghlil,yzaghlil,True,8,8,0-9,0-9,1
جَزِّز,jazzaz,jazziz,False,6,6,0-9,0-9,1
بَرْوَاز,birwaaz,birwaaz,True,8,7,0-9,0-9,1
اِلْتِفِخِم,2iltakham,2iltakham,True,11,9,10-19,0-9,5
قَزْعِر,quz3ur,quz3ur,True,7,6,0-9,0-9,4
زِاعِل,zaa3il,zaa3il,True,6,6,0-9,0-9,5
تَكَالُب,tkaalab,tkaalab,True,8,7,0-9,0-9,4
نَتْوَش,natwash,natwash,True,7,7,0-9,0-9,1
دُعُوس,da3was,da3wis,False,6,6,0-9,0-9,5
مْكَمْكَم,mkamkam,mkamkam,True,9,7,0-9,0-9,1
يِلْبِك,ylabbik,ylabbik,True,7,7,0-9,0-9,2
خَف,khiff,khaff,False,3,5,0-9,0-9,4
يُوزَان,ywaazin,ywazzaan,False,7,7,0-9,0-9,2
اِشَّعَط,2ish3at,2ish3at,True,8,7,0-9,0-9,5
يُنْطُز,yuntuz,yintuz,False,7,6,0-9,0-9,1
مَكَاتِيب,makaabiit,makaatiib,False,9,9,0-9,0-9,3
اِكْذَب,2ikzib,2ikzib2ikdhib,False,7,6,0-9,0-9,2
جَمِّة,madjdje,jumme,False,6,7,0-9,0-9,3
غَبَش,ghabbash,ghabbish,False,5,8,0-9,0-9,3
تَنَقِّيَاة,tinqaaye,tinqaaye,True,11,8,10-19,0-9,4
عَاجَل,3aajil,3aajil,True,6,6,0-9,0-9,3
خَدَعَة,khid3a,khud3a,False,7,6,0-9,0-9,3
أَلْوِف مْألِفِة,2uluuf m2allafe,2uluuf m2allafe,True,16,15,10-19,10-19,4
ينَوِّع,ynawwi3,ynawwi3,True,7,7,0-9,0-9,1
فَرَاكِي,faraayik,faraayik,True,8,8,0-9,0-9,1
يرَفِّه,yraffih,yraffih,True,7,7,0-9,0-9,2
تَقْلِد خطيتهَا,tqallad khatiyyitha,tqallad khatiyyitha,True,15,19,10-19,10-19,2
اِلْتِقِي,2iltiqi,2iltiqi,True,9,7,0-9,0-9,1
اِفْرُم,2ufrum,2ufrum,True,7,6,0-9,0-9,4
تْمَشْطَح,mitsha7tit,tmashta7,False,9,10,0-9,10-19,4
تَخَجْلِي,takhjiil,takhjiil,True,9,8,0-9,0-9,5
تَقْطَب,tqattab,tqattab,True,7,7,0-9,0-9,4
حَلَاوَة,7alaawa,7laawa,False,8,7,0-9,0-9,4
مِلِس,milis,mallis,False,5,5,0-9,0-9,4
اِنْلِدِغ,2inlidigh,2inladagh,False,9,9,0-9,0-9,2
اِتَعْبَد,2it3abbad,2it3abbad,True,9,9,0-9,0-9,5
اِلْهِج,2ilhaj,2ilhaj,True,7,6,0-9,0-9,2
يِنْكَسِر,yinkisir,yinkisir,True,9,8,0-9,0-9,3
يِدَّوِخ,yduukh,ydawwikh,False,8,6,0-9,0-9,5
جُرْجَايِح,djaraadjii7,djaraadjii7,True,10,11,10-19,10-19,5
الإِموضُوع فيه إِنّ,2ilmawduu3 fii 2inna,2il2imm wu3afi 2inna,False,19,20,10-19,20-29,4
كَاتِب,kaatib,kaatib,True,6,6,0-9,0-9,1
مُقَاس,maqaas,maqaas,True,6,6,0-9,0-9,3
صِيَاعَة,sayaa3a,siyaa3a,False,8,7,0-9,0-9,2
يعِيد,y3iid,y3iid,True,5,5,0-9,0-9,2
مِتْعَاطِى,mit3aati,muta3aati,False,10,8,10-19,0-9,3
صَفْعَا,fas3a,fas3a,True,7,5,0-9,0-9,1
طَيب,tayyab,tiib,False,4,6,0-9,0-9,4
يِبْحِص,yba7bis,yib7as,False,7,7,0-9,0-9,4
حَاكْرُورَة,7aakuura,7aakuura,True,11,8,10-19,0-9,3
زَلِّع,zala3,zala3,True,6,5,0-9,0-9,3
سِفْرِيجِة,sufrajiyye,sufrajiyye,True,10,10,10-19,10-19,4
أَنْفِس,2anfus,2anfus,True,7,6,0-9,0-9,4
يحَوِّد,ywa77id,y7awwid,False,7,7,0-9,0-9,5
إِرْهَابِي,2irhaabi,2irhaabi,True,10,8,10-19,0-9,2
لو جُحَا بَدَّاد بَدَّاد كَان بلهُدَّادُّه,law ju7a baddaad kaan baddad biblaado,law ju7a baddaad kaan badd blaado,False,42,37,40-49,30-39,5
مْشَطْشِطّ,mshatshit,mshatshit,True,10,9,10-19,0-9,3
يدُجّ,ydijj,ydijj,True,5,5,0-9,0-9,3
يِتْكَتَّل,yitkattal,yitkattal,True,10,9,10-19,0-9,1
مُعْجَن,m3ajjin,m3ajjin,True,7,7,0-9,0-9,4
سَابَع,saabi3,saabi3,True,6,6,0-9,0-9,3
شَبَّابي,shabaabi,shabaabi,True,8,8,0-9,0-9,4
يُنْشُد,yinshadd,yinshadd,True,7,8,0-9,0-9,4
مَشْلَط,mshallit,mshallit,True,7,8,0-9,0-9,3
نكشة رَاس,nakshit raas,nakshit raas,True,9,12,0-9,10-19,1
يِنْبِخِع,yinibkhi3,yinbikhi3,False,9,9,0-9,0-9,1
صَحَح,sa7sa7,sa77a7,False,5,6,0-9,0-9,5
يُجْسُر,yjassir,yjassir,True,7,7,0-9,0-9,5
مَعْرِفِة,ma3rife,ma3rafe,False,9,7,0-9,0-9,1
هَادَف,haadif,haadif,True,6,6,0-9,0-9,2
دُلْدُل,daldal,daldal,True,7,6,0-9,0-9,5
طَفَايِر,fataayir,tafaayir,False,8,8,0-9,0-9,3
قَفَى,qaffa,qafa,False,5,5,0-9,0-9,2
لعِب الزِّهِر,li3ib 2izzahir,li3ib 2izzahir,True,13,14,10-19,10-19,5
طَرِّد,tarrid,tarrad,False,6,6,0-9,0-9,3
اِلْزَمّ,2ilzim,2ilzim,True,8,6,0-9,0-9,4
تَقَنِّيِّة,taqniya,taqniya,True,11,7,10-19,0-9,4
جَزّ,jazza2,jazz,False,4,6,0-9,0-9,3
اِدِّعِك,2id3ak,2id3ak,True,8,6,0-9,0-9,5
مُتَرَنِّخ,mtarkhin,mtarkhin,True,10,8,10-19,0-9,2
تَعَجُّل,t3ajjal,t3ajjal,True,8,7,0-9,0-9,2
تْرَاوَيح,taraawii7,taraawii7,True,9,9,0-9,0-9,2
رَقَم,raqqim,raqqam,False,5,6,0-9,0-9,1
ضَرِّط,darrit,darrit,True,6,6,0-9,0-9,3
لَبَنِة المُجْتَع,labanit 2ilmujtama3,labanit 2ilmujtama3,True,17,19,10-19,10-19,5
قَرَص,qarris,qarris,True,5,6,0-9,0-9,1
وَالحِب الرُّجُر,wil7abil jarraar,wil7abil jarraar,True,16,16,10-19,10-19,5
قُتُب,qattib,qattab,False,5,6,0-9,0-9,4
قُرْصَة,qarse,qarsa,False,7,5,0-9,0-9,4
يِذْهِب,ydahhib,yizhab,False,7,7,0-9,0-9,5
عَرْسِة,3irse,3irse,True,7,5,0-9,0-9,1
نَخَل,nakhkhil,nakhkhil,True,5,8,0-9,0-9,2
فَرْكِش,farkash,farkash,True,7,7,0-9,0-9,3
اِسْتَلْطَخ,2istaltakh,2istaltikh,False,11,10,10-19,10-19,1
أَغَنْيِة,2ughniyye,2ughniyye,True,9,9,0-9,0-9,4
دِهِك,dahak,dahak,True,5,5,0-9,0-9,5
بيطَلْعَلُه,byitla3lo,bitala3o,False,11,9,10-19,0-9,4
غَول,ghuul,ghawwil,False,4,5,0-9,0-9,2
بَشَاكِير,bashaakiir,bashaakiir,True,9,10,0-9,10-19,1
اِهْبِي,2ihbi,2ihbi,True,7,5,0-9,0-9,1
حَبْلَق,7ablaq,7abliq,False,7,6,0-9,0-9,1
بَرْبَش,barbish,barbash,False,7,7,0-9,0-9,2
تَفَلِّيل,tafliil,tafliil,True,9,7,0-9,0-9,2
يِنِحِنِي,yin7ani,yin7ini,False,9,7,0-9,0-9,5
تْهَمَّيش,tahmiish,tahmiish,True,9,8,0-9,0-9,2
دُقّ رَاسَك بَالحيط,duqq raasak bil7eet,duqq raasak bil7eet,True,19,19,10-19,10-19,4
مُنْتَحِل,minti7il,munta7il,False,9,8,0-9,0-9,3
لِعْيَان,la3ayaan,la3ayaan,True,8,8,0-9,0-9,4
حِلَاشِة,7laashe,7laashe,True,8,7,0-9,0-9,4
أَجِّز,2ajjiz,2ajjaz,False,6,6,0-9,0-9,2
يَرْدِل,yrandil,yraddil,False,7,7,0-9,0-9,5
اِتْخَلَّص,2itlakhkhas,2itkhallas,False,10,11,10-19,10-19,4
مْجَرْقِج,mdjardjik,mdjardjik,True,9,9,0-9,0-9,5
يذَوِّخ,yookhidh,ywadhdhikh,False,7,8,0-9,0-9,4
اِسْتَبْطَئ,2istabti2,2istabti2,True,11,9,10-19,0-9,3
عَوَق,3awwiq,3awwaq,False,5,6,0-9,0-9,5
مُعَسْقِد,m3asqkid,m3asqkid,True,9,8,0-9,0-9,3
تَبَرْوُز,tbarwaz,tbarwaz,True,9,7,0-9,0-9,3
مْكَرَّم,mikrim,mkarram,False,8,6,0-9,0-9,1
حِشِّي,7ashi,7ashshi,False,6,5,0-9,0-9,4
مْجَلِّس,majlis,mjallis,False,8,6,0-9,0-9,1
ظَلِّل,zallil,zallil,True,6,6,0-9,0-9,1
يُؤدِّب,y2addib,y2addib,True,7,7,0-9,0-9,2
قَزِّز,qazzaz,qazziz,False,6,6,0-9,0-9,1
يِحْنَط,y7annit,y7annit,True,7,7,0-9,0-9,2
بَوّ يِنْفَخَّك بَطَن,baww yunfukh batnak,baww yunfukh batnak,True,21,19,20-29,10-19,3
يِتْجَدَّل,yitjallad,yitjallad,True,10,9,10-19,0-9,3
وَطِي,watti,watti,True,5,5,0-9,0-9,1
كَرْكِيم,kurkumi,kurkumi,True,8,7,0-9,0-9,4
شْنَاط,shnaat,shnaat,True,6,6,0-9,0-9,2
شَلْوَط,shalwat,shalwit,False,7,7,0-9,0-9,3
بِذْمِتِك,bzimtak,bzimtak,True,9,7,0-9,0-9,2
اِحْتَقِر,2i7taqar,2i7taqir,False,9,8,0-9,0-9,3
بِقِّي,biqi,biqi,True,6,4,0-9,0-9,4
توَتّد,twattad,twattad,True,6,7,0-9,0-9,5
عَلَى مآقل علَاه,3allaq 2amaalo 3ala,3allaq 2amaalo 3ala,True,16,19,10-19,10-19,2
وِجِه هَاقفَش,wijho faaqish,wijho faaqish,True,13,13,10-19,10-19,3
أَدَب,2adab,2addab,False,5,5,0-9,0-9,1
رَقُودِة,rquude,rquude,True,8,6,0-9,0-9,5
إِمّ قْوَيقِي,2im 2wee2i,2imm 2wee2i,False,13,10,10-19,10-19,1
يحَوِّل,ya7uul,y7awwil,False,7,6,0-9,0-9,2
مِشْطَع مُظ,mushut 3adim,misht 3adim,False,11,12,10-19,10-19,5
زِمّ,mazz,zimm,False,4,4,0-9,0-9,4
يِلَقِّح,ylaqqi7,ylaqqi7,True,8,7,0-9,0-9,5
يخَشِّط,yikhshut,yikhshut,True,7,8,0-9,0-9,2
اِتْنَجَس,2itnajjas,2itjannas,False,9,9,0-9,0-9,5
اِنْلِحِم,2inli7im,2inla7am,False,9,8,0-9,0-9,2
يِنْغِلِب,yinghilib,yinghilib,True,9,9,0-9,0-9,1
شُخّ,shukhkh,shukhkh,True,4,7,0-9,0-9,3
نَكَّت,nukat,nakkit,False,6,5,0-9,0-9,2
يسَتِّر,ysattir,ysattir,True,7,7,0-9,0-9,1
عَامل السَّبْعَة وذَامتُه,3aamil 2issab3aw zimmitha,3aamil 2issab3a wuzimmitha,False,25,25,20-29,20-29,5
هَنَّابِة,hnaabe,hnaabe,True,9,6,0-9,0-9,3
يجَوِّز,yuujiz,yjawwiz,False,7,6,0-9,0-9,1
كِتِب,katab,kattab,False,5,5,0-9,0-9,5
يِتْسَافَل,yitsaafal,yitsaafal,True,10,9,10-19,0-9,1
يُنْفُق,ynaffiq,yinfiq,False,7,7,0-9,0-9,2
فْتُوش,fattuush,fattuush,True,6,8,0-9,0-9,3
زْمُورِة الحلق,zammuurit 2il7alq,zammuurit 2il7alq,True,14,17,10-19,10-19,5
فَشْفَش,fashfash,fashfish,False,7,8,0-9,0-9,4
أَصْيِل,2asli,2asli,True,7,5,0-9,0-9,5
اُصْدُف,saadaf,2usduf,False,7,6,0-9,0-9,3
عَلْمَا,3alma,3alma,True,7,5,0-9,0-9,1
يِطْمَع,yitma3,yitma3,True,7,6,0-9,0-9,4
كَحَت,ka77at,ka77it,False,5,6,0-9,0-9,3
أُخْت رْجَال,2ukht rjaal,2ukht rjaal,True,12,11,10-19,10-19,1
ضَعّ,da3,da33,False,4,3,0-9,0-9,1
خَيَّس,khayyis,khayyas,False,6,7,0-9,0-9,3
نَجِر,najjir,najjar,False,5,6,0-9,0-9,4
حتَى النُّخَاع,7atta 2innukhaa3,7atta 2innukhaa3,True,14,16,10-19,10-19,4
تُقْصِيعَة,taqsii3a,taqsii3a,True,10,8,10-19,0-9,5
اِجْتَلَط,2itjallat,2itjallat,True,9,9,0-9,0-9,5
جَلِق,jalaqk,djallik,False,5,6,0-9,0-9,5
يِتْمَهْمَط,yitmahmat,yitmahmat,True,11,9,10-19,0-9,1
مَدْبُوح,mdoobi7,mdoobi7,True,8,7,0-9,0-9,3
اِنْوِضِع,2inwada3,2inwada3,True,9,8,0-9,0-9,2
مَكَاوِر,mkaawir,mkaawir,True,8,7,0-9,0-9,1
زَعْوَق,za3wiqk,za3waqk,False,7,7,0-9,0-9,1
يآذِخ,y2aakhiz,y2aakhiz,True,5,8,0-9,0-9,3
طَقْطَقَة,taqtaqa,taqtaqa,True,9,7,0-9,0-9,2
بِع,ba33,bu33,False,3,4,0-9,0-9,5
تْدِرْكِم,2iddartsham,2iddartsham,True,9,11,0-9,10-19,3
يِنِقْتِل,yinqatal,yinqitil,False,9,8,0-9,0-9,5
تَوَضَّى,twadda,twadda,True,8,6,0-9,0-9,3
نُصْرَانِيِّة,nasraaniyye,nasraaniyye,True,13,11,10-19,10-19,4
مْدَاوِر,mdaawir,mdaawir,True,8,7,0-9,0-9,1
حَمِش,7imish,7ammash,False,5,6,0-9,0-9,4
فَعَّص,fa3as,fa33as,False,6,5,0-9,0-9,2
يِتْشَخَّط,yitshakhkhat,yitshakhkhat,True,10,12,10-19,10-19,1
طَقَّش,taq2ash,taqq22ash,False,6,7,0-9,0-9,1
تْبَيَّن,tbayyan,tbayyan,True,8,7,0-9,0-9,1
اِمْرَأَة,2imra2a,2imra2a,True,9,7,0-9,0-9,1
اِنْهَضَم,2inhidim,2inhadam,False,9,8,0-9,0-9,4
عَفَشَيكَا,3afshiika,3afshiika,True,10,9,10-19,0-9,5
اِنْفَصَم,2infasam,2infisim,False,9,8,0-9,0-9,4
أُسَد,2asad,2asad,True,5,5,0-9,0-9,5
مُهْفِت,mhaffat,mhaffat,True,7,7,0-9,0-9,3
كَلْهِس,kalhas,kalhis,False,7,6,0-9,0-9,4
اِنْدَلِق,2indaliq,2indalaq,False,9,8,0-9,0-9,5
تَنَطُّط,tnattat,tnattat,True,8,7,0-9,0-9,2
يِنْتِوِش,ynatwish,yintiwish,False,9,8,0-9,0-9,1
قَاوِل,qaawal,qaawal,True,6,6,0-9,0-9,1
اِتْشَطْمَط,2itshamtat,2itshamtat,True,11,10,10-19,10-19,5
حَقِّيقَة,7aqiiqa,7aqiiqa,True,9,7,0-9,0-9,5
مَلْيِس,mlayyas,mlayyas,True,7,7,0-9,0-9,5
فَاعَل,faa3il,faa3il,True,6,6,0-9,0-9,2
شَيْشِينِة,shishniyye,shishniyye,True,10,10,10-19,10-19,2
تْقِرْقِع,tqarqa3tkarka3,tqarqa3tkarka3,True,9,14,0-9,10-19,3
شِاطِئ,shaati2,shaati2,True,6,7,0-9,0-9,5
يتَعَرُّم,yit3arram,yit3arram,True,9,9,0-9,0-9,5
ينَقِّدَا,yinqaad,yinqaad,True,9,7,0-9,0-9,2
رَسْتَق,rastik2,rastak2,False,7,7,0-9,0-9,2
يِكَاغِي,ykaaghi,ykaaghi,True,8,7,0-9,0-9,3
سِعد الذَّابح,sa3ad 2idhdhaabi7,sa3ad 2idhdhaabi7,True,13,17,10-19,10-19,5
مُخَطِّئ,mikhti2,mikhti2,True,8,7,0-9,0-9,4
يِتْحَالَم,yit7aamal,yit7aamal,True,10,9,10-19,0-9,3
يِسْتَشِرّ,yistashriq,yistashirr,False,10,10,10-19,10-19,5
زَغْلَان,ghizlaan,ghuzlaan,False,8,8,0-9,0-9,3
يْجَاقِر,yjaaqkir,yjaaqkir,True,8,8,0-9,0-9,2
يجَسِّم,yjassim,yjassim,True,7,7,0-9,0-9,2
شَلْلِيِّة,shilaliyye,shalliyye,False,10,10,10-19,10-19,3
دِبِش,dabash,dabash,True,5,6,0-9,0-9,4
اِتْوَاقَى,2itwaaqa,2itwaaqa,True,10,8,10-19,0-9,1
يجَزِّئ,yjazzi2,yjazzi2,True,7,7,0-9,0-9,1
قِلْقَان,qalqaan,qalqaan,True,8,7,0-9,0-9,5
شَاري,shaari,shaari,True,5,6,0-9,0-9,2
نَسِم,nassim,nassim,True,5,6,0-9,0-9,5
بَوس,bawwas,bawwis,False,4,6,0-9,0-9,2
دَورِخَة,doorakhe,doorakhe,True,8,8,0-9,0-9,5
مْخَرْبِش,mkharbash,mkharbish,False,9,9,0-9,0-9,1
تَوكَل على اله,twakkal 3a2alla,twakkal 3a2alla,True,14,15,10-19,10-19,4
اِتَّعَاطَى,2it3aata,2it3aata,True,11,8,10-19,0-9,5
اِتْدَعَّل,2it3addal,2iddala3,False,10,9,10-19,0-9,4
دَمِس,dimis,damas,False,5,5,0-9,0-9,5
مَشْلَح,mshalla7,mshalla7,True,7,8,0-9,0-9,3
رَحْلِة,ri7le,ri7le,True,7,5,0-9,0-9,1
لَاحق ورَاك بعصَاية,laa7iq waraak b3asaaye,laa7iq waraak b3asaaye,True,19,22,10-19,20-29,1
لَعْبَك,la3bak,la3bik,False,7,6,0-9,0-9,2
شَطَّر,shatir,shatir,True,6,6,0-9,0-9,1
مِثِل القُجّة,mithil 2ilqudjdje,mithil 2ilqudjdje,True,13,17,10-19,10-19,5
خُدُر,khadar,khaddir,False,5,6,0-9,0-9,5
تُرْبِيِّة,tarbiye,tarbiye,True,10,7,10-19,0-9,2
حِلْبِة,7ilbe,7ilbe,True,7,5,0-9,0-9,4
رُؤَيَة,ru2ya,ru2ya,True,7,5,0-9,0-9,4
فُرْعِي,far3i,far3i,True,7,5,0-9,0-9,3
ينَكِّز,yunkuz,yinkuz,False,7,6,0-9,0-9,3
يمَدِّد,ymaddid,ymaddid,True,7,7,0-9,0-9,2
اِنقَزَع,2inqkaza3,2iniqkzi3,False,8,9,0-9,0-9,5
اِنْسَلِق,2insalaq,2insiliq,False,9,8,0-9,0-9,5
اِنَحَاش,2in7aash,2in7aash,True,8,8,0-9,0-9,5
قَرِّص,qarris,qarris,True,6,6,0-9,0-9,3
يعَمِّر,y3ammir,y3ammir,True,7,7,0-9,0-9,1
اِنْفَتَح منَاسِي,2infat7at manaafsi,2infat7at manaafsi,True,17,18,10-19,10-19,4
يتْسَرَّح,yitsarra7,yitsarra7,True,9,9,0-9,0-9,2
مِثِل البَزَّقَة,mitlil bazqa,mitil 2ilbazqa,False,16,12,10-19,10-19,5
اُحْزُق,2i7ziq,2i7ziq,True,7,6,0-9,0-9,3
مَهَّر,mahir,mahir,True,6,5,0-9,0-9,4
لَبِّك,labbak,labbik,False,6,6,0-9,0-9,2
خَشَم,khashim,khasham,False,5,7,0-9,0-9,1
بَرِد,barrad,barrad,True,5,6,0-9,0-9,4
خَوِّر,khawwar,khawwar,True,6,7,0-9,0-9,2
ينَبِّر,yunbur,yunbur,True,7,6,0-9,0-9,3
نِيك,neek,niik,False,4,4,0-9,0-9,2
يِحْرِق,yi7riq,y7arriq,False,7,6,0-9,0-9,4
مَشْفَر,mshaffar,mshaffir,False,7,8,0-9,0-9,5
نُقْرُس,nuqrus,nuqrus,True,7,6,0-9,0-9,5
مَرْكَز,mrakkiz,mrakkiz,True,7,7,0-9,0-9,2
نَادِّي,naadi,naadi,True,7,5,0-9,0-9,4
قَدِس,q2kuds,q2kuds,True,5,6,0-9,0-9,4
اِدْكُك,daakik,2idkak,False,7,6,0-9,0-9,3
اِتْشَنْغَف,2itshaghnaf,2itshaghnaf,True,11,11,10-19,10-19,3
عُرَاقِيل,3araaqiil,3araaqiil,True,9,9,0-9,0-9,5
آثَار جَانبِيِّة,2aasaar jaanibiyye,2aasaar jaanibiyye,True,16,18,10-19,10-19,2
دَاحَل,daa7il,daa7il,True,6,6,0-9,0-9,2
فُرْجِة,firje,farje,False,7,5,0-9,0-9,3
آدِمي,2aadami,2aadami,True,5,7,0-9,0-9,2
دَعْزَق,da3zaq,da3ziq,False,7,6,0-9,0-9,1
شِحَّاطَة,shu77aata,shu77aata,True,9,9,0-9,0-9,4
كِشِف حَسَبِي,kashaf 7asabi,kashaf 7asabi,True,13,13,10-19,10-19,5
اِفْطُر,2aftir,2iftar,False,7,6,0-9,0-9,5
تْنَتْوَر,tnatwar,tnatwar,True,9,7,0-9,0-9,1
دَرْدِك,dardak,dardak,True,7,6,0-9,0-9,4
يطَبّ,ytubb,ytubb,True,5,5,0-9,0-9,5
شُرَكَاء,shurakaa2,shurakaa2,True,8,9,0-9,0-9,1
جَمْقَة,madjqa,madjqa,True,7,6,0-9,0-9,2
يِمْضَغ,yumdugh,yumdugh,True,7,7,0-9,0-9,2
اِنْوَي,2inwi,2inwi,True,7,5,0-9,0-9,2
يهَذْرَم,hadhrim,yhadhrim,False,8,7,0-9,0-9,4
تْوَائَم,tawaa2im,twaa2am,False,8,8,0-9,0-9,4
غير مَرْغُوب فِيه,gheer marghuub fii,gheer marghuub fii,True,17,18,10-19,10-19,2
عَبِّر,3abir,3abbar,False,6,5,0-9,0-9,2
كَسُّوس,ksuus,ksuus,True,7,5,0-9,0-9,4
مْعَتِّم,m3attim,m3attim,True,8,7,0-9,0-9,1
تَسَرْسَب,tsarsab,tsarsab,True,9,7,0-9,0-9,5
سِحَارَة,sa77aara,sa77aara,True,8,8,0-9,0-9,5
يْفَسْفِس,yfasfis,yfasfis,True,9,7,0-9,0-9,4
مَجَارِيد,majaariid,majaariid,True,9,9,0-9,0-9,1
بْيَوتِن,beetuun,byuutin,False,8,7,0-9,0-9,4
كِيش,kayyash,kayyish,False,4,7,0-9,0-9,4
جُوَد,jawwid,jawwid,True,5,6,0-9,0-9,4
من أصركتله,mitnakkir la2aslo,min 2asritak,False,10,17,10-19,10-19,3
يِسْتَدْسِم,yistadsim,yistadsim,True,11,9,10-19,0-9,1
يلَوِّش,yluush,ylawwish,False,7,6,0-9,0-9,1
حَطُّوا عَصِدْرُه بَالطَّة,7attuu 3asidro balaata,7attu 3asidro balaata,False,26,22,20-29,20-29,3
فَيدَو,viidyoo,fyuud,False,6,7,0-9,0-9,3
إِجْرِة,2ijraa2,2ijre,False,7,7,0-9,0-9,4
قَطْوَسِة,qattuuse,qattuuse,True,9,8,0-9,0-9,4
اِسْتَغْرَب,2istaghrib,2istaghrab,False,11,10,10-19,10-19,2
ينَطْفِس,yintifis,yintifis,True,8,8,0-9,0-9,5
زَّاوَل,zaawil,zaawil,True,7,6,0-9,0-9,5
حَفِّن,7afan,7afan,True,6,5,0-9,0-9,2
قَبّ,qibb,qabb,False,4,4,0-9,0-9,1
تَوَصُّل,twassal,twassal,True,8,7,0-9,0-9,2
حَرَيش,7ariish,7ariish,True,6,7,0-9,0-9,5
هَبْرَجِة,habraje,habraje,True,9,7,0-9,0-9,2
يِسوَى,yiswa,yiswa,True,6,5,0-9,0-9,3
يِتْزَحْلَح,yitza7za7,yitza7za7,True,11,9,10-19,0-9,3
عُلُب,3allib,3allib,True,5,6,0-9,0-9,5
يِحْسِد,yi7sid,yi7sid,True,7,6,0-9,0-9,1
مُهْطَبِل,mhatbil,mhatbil,True,9,7,0-9,0-9,5
يِشْرِش,ysharshir,ysharrish,False,7,9,0-9,0-9,3
هَارُب,haarib,haarib,True,6,6,0-9,0-9,4
أَخَذ مَجْدُه,2akhad maddo,2akhad maddo,True,13,12,10-19,10-19,2
أُرْنَابِي,2araaniib,2araaniib,True,10,9,10-19,0-9,5
مُقْلِب,maqlab,maqlab,True,7,6,0-9,0-9,4
يْضَرِّط,ydarrit,yudrut,False,8,7,0-9,0-9,5
اِنِحْدِر,2in7adar,2in7adar,True,9,8,0-9,0-9,4
يِتْعَزَّز,yit3azzaz,yit3azzaz,True,10,9,10-19,0-9,1
موَاليو,mawaawiil,mawaali,False,7,9,0-9,0-9,5
بَرَقْوِق,barquuq,bar2uu2,False,9,7,0-9,0-9,5
رِصِد,rassad,rassid,False,5,6,0-9,0-9,5
يفَرِّق,yifruq,yifruq,True,7,6,0-9,0-9,1
شَرِّق,sharriq,sharriq,True,6,7,0-9,0-9,3
اِسْتَدْرِج,2istadrij,2istadraj,False,11,9,10-19,0-9,3
اِسْتَعْلَم,2ista3mal,2ista3lam,False,11,9,10-19,0-9,5
اِسْتِظْفَار,2istizraaf,2istizraaf,True,12,10,10-19,10-19,3
اِنْفَجَر,2infijir,2infijir,True,9,8,0-9,0-9,4
قُشْفَلِة,qkashfale,qkashfale,True,9,9,0-9,0-9,3
هَنْد,hind,hand,False,5,4,0-9,0-9,3
اِتْقِرْطِف,2itqartaf,2itqartaf,True,11,9,10-19,0-9,5
سَيَب,sayban,siib,False,5,6,0-9,0-9,5
خِرِف,kharrif,kharrif,True,5,7,0-9,0-9,4
ذبيحة القبر,dabii7it 2ildabir,dbii7it 2ilqabir,False,11,17,10-19,10-19,1
تْبَعْثَر,tba3tar,tba3tar,True,9,7,0-9,0-9,2
يِخْبِص,yukhbus,ykhabbis,False,7,7,0-9,0-9,3
بِرْنَامِج,barnaamaj,barnaamaj,True,10,9,10-19,0-9,5
ريَاضِي,riyaadi,rayaadi,False,7,7,0-9,0-9,5
هِل,hill,hill,True,3,4,0-9,0-9,5
تَشَعُّب,tsha33ab,tsha33ab,True,8,8,0-9,0-9,2
غَبْرَة,ghabara,ghabra,False,7,7,0-9,0-9,2
اِتوَظَّف,2itwazzaf,2itwazzaf,True,9,9,0-9,0-9,2
طُبُع,tabba3,tabbi3,False,5,6,0-9,0-9,5
يِتْسَلَّم,yitsallam,yitsallam,True,10,9,10-19,0-9,1
اُوفِي,2uufi,2uufi,True,6,5,0-9,0-9,1
عَانَو,3aawin,3aawan,False,6,6,0-9,0-9,5
جَرْجُوح,djardjuu7,djardjuu7,True,8,9,0-9,0-9,1
نُفْسَا,nafasa,nafsa,False,7,6,0-9,0-9,5
يِقْصِف عُمُر,yuqsuf 3umr,yuqsuf 3umr,True,13,11,10-19,10-19,4
اِقْتَل,2uqtul,2uqtul,True,7,6,0-9,0-9,5
غُرُز,gharaz,gharraz,False,5,6,0-9,0-9,4
عِفِن,3affan,3affin,False,5,6,0-9,0-9,4
عَفْكِش,3afkish,3afkish,True,7,7,0-9,0-9,4
مَلْخَل,mlakhlakh,mlakhlakh,True,7,9,0-9,0-9,3
أَخَفّ مِن رِيشْتَين عَلى جْمَل,2akhaff min riishteen 3ala jamal,2akhaff min riishteen 3ala jamal,True,31,32,30-39,30-39,2
يمَشِّط,ymashshit,ymashshit,True,7,9,0-9,0-9,2
يَادُوب طَازَا,yaa doob taaza,yaa doob taaza,True,14,14,10-19,10-19,3
حَرِّق,7ariq,7arriq,False,6,5,0-9,0-9,1
اِسْتَعْطِف,2ista3tif,2ista3tif,True,11,9,10-19,0-9,3
خَبَر,khabbar,khabbir,False,5,7,0-9,0-9,3
شَرْمَطَة,sharmata,sharmata,True,9,8,0-9,0-9,1
جُوَّانِب,jawaanib,jawaanib,True,9,8,0-9,0-9,3
مْنَفِّذ,mnaffiz,mnaffid,False,8,7,0-9,0-9,1
كَئِنّ,ka2inn,ka2inn,True,6,6,0-9,0-9,1
يِتْقَرَّش,yitqashshar,yitrashshaq,False,10,11,10-19,10-19,2
تْزَيَّن,tzayyan,tzayyan,True,8,7,0-9,0-9,1
مُدَافِن,madaafin,madaafin,True,8,8,0-9,0-9,4
يِلْمَع,ylammi3,yilma3,False,7,7,0-9,0-9,1
مْحَايِد,mu7aayid,ma7aayid,False,8,8,0-9,0-9,5
يِتْعَرْقَص,yit3arqas,yit3arqas,True,11,9,10-19,0-9,2
جَهَّاز,jhaaz,jhaaz,True,7,5,0-9,0-9,4
زُهْرَة,zahra,zahra,True,7,5,0-9,0-9,2
صَوَم,suum,sawwam,False,5,4,0-9,0-9,5
يْقَرْوِص,yqarwis,yqarwis,True,9,7,0-9,0-9,3
يَبِّق,ybuqq,ybuqq,True,6,5,0-9,0-9,5
يِتَلَفُّظ,yitlaffaz,yitlaffaz,True,10,9,10-19,0-9,4
خِلَايِل,khalaayil,khalaayil,True,8,9,0-9,0-9,3
دَرَّاس,draas,draas,True,7,5,0-9,0-9,2
جَشِّع,jasha3,jasha3,True,6,6,0-9,0-9,2
لَئِّيم,la2iim,la2iim,True,7,6,0-9,0-9,3
هُكْبَان,hatshbaan,hatshbaan,True,8,9,0-9,0-9,2
هَنَّى,hanna,hanna,True,6,5,0-9,0-9,2
دَحْدَر,da7dir,da7dar,False,7,6,0-9,0-9,2
نِفّ,naff,niff,False,4,4,0-9,0-9,1
جَوَاد,jawaad,jawaad,True,6,6,0-9,0-9,2
يِشْيَط,yshaytin,yshayyit,False,7,8,0-9,0-9,3
يدَومَح,ydoomi7,ydoomi7,True,7,7,0-9,0-9,2
يِتْكَنْفَش,yitkanfash,yitkanfash,True,11,10,10-19,10-19,1
اِتْطَقَّع,2itqatta3,2itqatta3,True,10,9,10-19,0-9,4
سَيْوَل,syuul,syuul,True,7,5,0-9,0-9,5
مُشْفِر,mshaffar,mshaffir,False,7,8,0-9,0-9,3
تْزَنْطَر,tzantar,tzantar,True,9,7,0-9,0-9,2
عُطَايَا,3ataaya,3ataaya,True,8,7,0-9,0-9,5
أَنْتَخ,2antakh,2antakh,True,7,7,0-9,0-9,2
دَقْلَج,daqladj,daqladj,True,7,7,0-9,0-9,4
حُصْرُمِة,7usrume,7usrume,True,9,7,0-9,0-9,1
اِنْغِرِم,2ingharam,2ingharam,True,9,9,0-9,0-9,4
يشَنِّق,yshanniq,yishnuq,False,7,8,0-9,0-9,1
جَاب وَحَط,jaab wu7att,jaab wu7att,True,10,11,10-19,10-19,4
مْجَلْبطِط,mjalbit,mjalbit,True,10,7,10-19,0-9,5
مْبَطْرَخ,mbatrikh,mbatrikh,True,9,8,0-9,0-9,2
رَاقَب,raaqab,raaqib,False,6,6,0-9,0-9,3
غُبْغُب,ghabghab,ghabghib,False,7,8,0-9,0-9,3
معبديتهَا العجل,m3abdiitha 2il3ijil,m3abdiitha 2il3ijil,True,15,19,10-19,10-19,1
اِشْتَغَل مِية شَغْلِة مِثِل حْلَاقُرْعَة القِن,2ishtaghal miit shaghle mitil 7laaqit 2ilqur3aan,2ishtaghal miit shaghle 3ale 7laqil 2ilqille man karumaqitha,False,47,48,40-49,40-49,3
قَجَّج,qudjadj,qadjdjidj,False,6,7,0-9,0-9,1
تِكْتِم,tkattam,tkattam,True,7,7,0-9,0-9,5
فَظِّع,fazzi3,fazzi3,True,6,6,0-9,0-9,1
يهَجِّن,yhajjin,yhajjin,True,7,7,0-9,0-9,1
كِسْرِة كِلْم,kasar kilmit,kasrit kilmit,False,13,12,10-19,10-19,5
يحَدِّف,yi7dif,yi7dif,True,7,6,0-9,0-9,3
مَحَاوِل,m7aawil,m7aawil,True,8,7,0-9,0-9,1
فُسْفُس,fasfas,fasfis,False,7,6,0-9,0-9,4
اِتَشْوَح,2itsha7wad,2itshawwa7,False,9,10,0-9,10-19,4
يِجْحَر,yij7ar,yij7ar,True,7,6,0-9,0-9,4
لِصّ,liss,liss,True,4,4,0-9,0-9,3
رِيَالِة,ryaale,ryaale,True,8,6,0-9,0-9,2
ذَائِب شربيِّة,zi2aab bashariyye,zi2aab bashariyye,True,14,17,10-19,10-19,4
يِكِب,ykibb,ykibb,True,5,5,0-9,0-9,5
خَالي,khaali,khaali,True,5,6,0-9,0-9,3
مَبْحِب,mba7ba7,mba7ba7,True,7,7,0-9,0-9,5
يِتْهَجَّز,yitjahhaz,yitjahhaz,True,10,9,10-19,0-9,4
اُزُون,2uuzin,2uuzin,True,6,6,0-9,0-9,5
يتْشَجَّع,yitshajja3,yitshajja3,True,9,10,0-9,10-19,2
كَعِّك,ka33ik,ka33ik,True,6,6,0-9,0-9,2
يِحْسِح,y7as7is,y7assi7,False,7,7,0-9,0-9,3
اِسْتِعْضَار,2isti3raad,2isti3raad,True,12,10,10-19,10-19,5
حَوَانِيب,7awaabiin,7awaaniib,False,9,9,0-9,0-9,5
مِيَال,mayyaal,mayyaal,True,6,7,0-9,0-9,3
طِرَادِة,tarraade,tarraade,True,8,8,0-9,0-9,5
سَيَط,sayyit,sayyat,False,5,6,0-9,0-9,5
هِنْدِم,handam,handam,True,7,6,0-9,0-9,5
سَاقّ,saaq,saaq,True,5,4,0-9,0-9,2
اُؤْجُر,2u2jar,2u2jar,True,7,6,0-9,0-9,4
يِنْوِضِع,yinwidi3,yinwidi3,True,9,8,0-9,0-9,1
إِبِن طَبَّال زَمَّار,2ibin 2ittabbaal zammaar,2ibin 2ittabbaal zammaar,True,21,24,20-29,20-29,2
يِنْعِكِش,yna3kish,yna3kish,True,9,8,0-9,0-9,1
يِتْطَمَّع,yitta33am,yitta33am,True,10,9,10-19,0-9,3
فَاضِي,faayid,faadi,False,6,6,0-9,0-9,3
بَلّ,bill,ball,False,4,4,0-9,0-9,1
اِتَجَخْرَق,2itdjakhraqk,2itdjakhraqk,True,11,12,10-19,10-19,4
غِدْوِة,ghadwe,ghadwe,True,7,6,0-9,0-9,3
اِرْتَفَع,2irtifi3,2irtafa3,False,9,8,0-9,0-9,1
مَلَاقِط,malaaqit,malaaqit,True,8,8,0-9,0-9,1
اِنْلِدِع,2inlidi3,2inlada3,False,9,8,0-9,0-9,1
مْجَنَّد,mjannad,mjannad,True,8,7,0-9,0-9,1
سُرْسَرِي,sarsari,sarsari,True,9,7,0-9,0-9,4
سْوَلَّف,soolaf,soolif,False,8,6,0-9,0-9,5
مَالَك,maalik,maalik,True,6,6,0-9,0-9,2
يُطْقُش,yitq2ash,ytaqq22ish,False,7,8,0-9,0-9,2
تْسَلْيَك,tasliik,tasliik,True,9,7,0-9,0-9,5
كَّاسِر,kaasar,kaasir,False,7,6,0-9,0-9,5
زَرِيبِة,zriibe,zriibe,True,8,6,0-9,0-9,2
مُوسِوس,mwaswas,mwaswas,True,7,7,0-9,0-9,4
سَحِق,sa7aq,sa7aq,True,5,5,0-9,0-9,5
يِكْعَى,yik3a,yik3a,True,7,5,0-9,0-9,2
تَضَبُّب,2iddabbab,2iddabbab,True,8,9,0-9,0-9,2
أَنْتِخ,2antakh,2antikh,False,7,7,0-9,0-9,3
ضحكة عَنْزِة عب الخمسب,di7kit 3anze 3abaab maslakh,di7kit 3anze 3abaab maslakh,True,22,27,20-29,20-29,2
حِلّ عَنِّي,7ill 3anni,7ill 3anni,True,11,10,10-19,10-19,2
مَطَّر,mattar,mattar,True,6,6,0-9,0-9,1
رَسِل,rusul,rassil,False,5,5,0-9,0-9,5
نَدَف,nadif,naddif,False,5,5,0-9,0-9,1
اِنْسَطِم,2insatam,2insatam,True,9,8,0-9,0-9,5
مْقَرْوِنِة,maqruune,maqruune,True,11,8,10-19,0-9,3
يِزْبِل,yizbil,yzabbil,False,7,6,0-9,0-9,3
فَقِّيد,faqiid,faqiid,True,7,6,0-9,0-9,5
اِتَعَاوَن,2it3aawan,2it3aawan,True,10,9,10-19,0-9,4
رَادُف,raadaf,raadif,False,6,6,0-9,0-9,4
صَرِّص,sirs,sarris,False,6,4,0-9,0-9,2
اِنْبَنِّي,2inbini,2inbini,True,10,7,10-19,0-9,3
قَعْفَور,qa3fuur,qa3fuur,True,8,7,0-9,0-9,4
ينَقْلِع,yinqili3,yinqili3,True,8,8,0-9,0-9,5
جَزِّم,jazam,jazam,True,6,5,0-9,0-9,1
عُمَّيل,3amiil,3amiil,True,7,6,0-9,0-9,2
تَبِّن,tibin,tabbin,False,6,5,0-9,0-9,1
اُخْبُز,2ikhbiz,2ikhbiz,True,7,7,0-9,0-9,3
تُحْتُم,t7attam,t7attam,True,7,7,0-9,0-9,5
اِتْعَرْقَص,2it3arqas,2it3arqas,True,11,9,10-19,0-9,1
يِسْتَدْوِر,yistawrid,yistawrid,True,11,9,10-19,0-9,3
أَسَّر,2asarr,2asarr,True,6,6,0-9,0-9,5
يشَرِّب,yishrab,ysharrib,False,7,7,0-9,0-9,1
اِمْرَص,2umrus,2umrus,True,7,6,0-9,0-9,4
اِلْزَق,2ilzaq,2ilzaq,True,7,6,0-9,0-9,3
صَار لهَا بيت وَابريق زِيت,saarilha beet wu2ibriiq zeet,saarilha beet wu2ibriiq zeet,True,26,28,20-29,20-29,1
يِصْمَدّ,yusmud,yismud,False,8,6,0-9,0-9,5
عَرْكَس,3arkas,3arkis,False,7,6,0-9,0-9,2
يِنْمَزِج,yinmizij,yinmizij,True,9,8,0-9,0-9,5
اُقْرُق,2uqruq,2uqruq,True,7,6,0-9,0-9,1
نَمِيمِة,namiime,namiime,True,8,7,0-9,0-9,1
اِبْرَدّ,2ibrad,2ibrad,True,8,6,0-9,0-9,5
بَلَطْلَون,baltaloon,baltaloon,True,10,9,10-19,0-9,2
يِنْطِزِع,yintizi3,yinitzi3,False,9,8,0-9,0-9,1
الله مَعْطِيه,2alla ma3tii,2alla ma3tii,True,13,12,10-19,10-19,1
لَقَّط,laqqat,laqqat,True,6,6,0-9,0-9,1
مَنُّوحَة,manuu7a,manuu7a,True,9,7,0-9,0-9,4
هَيَّنِي,hayni,hayni,True,8,5,0-9,0-9,5
تْلَغْمَط,tlaghmat,tlaghmat,True,9,8,0-9,0-9,2
يعطيك العَافية قد مَا مشت الجَاجة حَاجة,ya3tiik 2il3aafye qadd maa mashat 2iljaje 7aafye,ya3tiikil 3aafye qadd maa mashat 2ilje 7aaafye,False,39,48,30-39,40-49,5
جَلْغَم,djalgham,djalghim,False,7,8,0-9,0-9,1
يكَشْكِش,ykashkish,yshakshik,False,8,9,0-9,0-9,1
كُثِيف,kasiif,kasiif,True,6,6,0-9,0-9,5
إِكْرِهَا,2ikraah,2ikraah,True,9,7,0-9,0-9,2
يِحْتِج,yi7tajj,yi7tajj,True,7,7,0-9,0-9,3
عَشْرَين,3ishriin,3ishriin,True,8,8,0-9,0-9,2
يتْلَاشَى,yitlaasha,yitlaasha,True,9,9,0-9,0-9,2
اِنْسَجَم,2insijam,2insijim,False,9,8,0-9,0-9,2
يِنْصِرِف,yinsirif,yinsirif,True,9,8,0-9,0-9,1
مِسْتَفْيِع,mi2istayi3,mi2istayi3,True,11,10,10-19,10-19,2
لَغِّم,laghghim,laghghim,True,6,8,0-9,0-9,2
صِبَانِة,sabbaane,sabbaane,True,8,8,0-9,0-9,5
مْأَسَّلِة,mas2ale,ma2sile,False,10,7,10-19,0-9,2
طَنَاطْطِير,tanaatiir,tanaatiir,True,11,9,10-19,0-9,4
فَاتح ثمه مثل المَغْرَة,faati7 timmo mitil 2ilmaghaara,faati7 timmo mitil 2ilghara,False,23,30,20-29,30-39,3
طَرِيق,tariiq,tariiq,True,6,6,0-9,0-9,1
مَصْرِفْجِي,masrafji,masrafji,True,11,8,10-19,0-9,3
فَضْفَض,fadfid,fadfad,False,7,6,0-9,0-9,2
تْجِلْعِص,tdjal3as,tdjal3as,True,9,8,0-9,0-9,4
خْرَاب,kharraab,kharaab,False,6,8,0-9,0-9,3
عَنْبِة,3unbe,3unbe,True,7,5,0-9,0-9,5
يْؤَازِر,y2aazir,y2aazir,True,8,7,0-9,0-9,2
قَرِف,qaraf,qarrif,False,5,5,0-9,0-9,4
يِتْخَشَّط,yitshakhkhat,yitkhashshat,False,10,12,10-19,10-19,4
اِطْبَع,2itba3,2itba3,True,7,6,0-9,0-9,2
عمَاة القمَار,3amaat 2iliqmaar,3amaat 2iliqmaar,True,13,16,10-19,10-19,1
اِمْضِي,2imdi,2imdi,True,7,5,0-9,0-9,1
زُقُف,zaqqif,zaqqif,True,5,6,0-9,0-9,3
كَاشِف,kaashif,kaashif,True,6,7,0-9,0-9,1
اِنْخَلَق,2inkhalaq,2inkhiliq,False,9,9,0-9,0-9,4
طُرُد,tard,tarrad,False,5,4,0-9,0-9,5
لَبَى,labba,labba,True,5,5,0-9,0-9,1
بِنْت بْنُوت,bint bnuut,bint bnuut,True,12,10,10-19,10-19,1
مُجْزِز,mjazziz,mjazziz,True,7,7,0-9,0-9,2
يِتَعَرْقَل,yit3arqal,yit3arqal,True,11,9,10-19,0-9,2
تْحَرَّر,t7arrar,t7arrar,True,8,7,0-9,0-9,1
يِتْصَعْرَق,yit3arqas,yit3arqas,True,11,9,10-19,0-9,4
بتن بوكتبر,bittabin wu bitkarreb,bittabin wu bitkarrib,False,10,21,10-19,20-29,4
يِطْوِز,ytuuz,ytawwiz,False,7,5,0-9,0-9,3
يُهْرُب,yharrib,yharrib,True,7,7,0-9,0-9,2
هَجَنِة,hijne,hijne,True,7,5,0-9,0-9,2
يوَطْبِن,ytoobin,ywatbin,False,8,7,0-9,0-9,5
اِتْزِحْزِح,2itza7za7,2itza7za7,True,11,9,10-19,0-9,5
عَاطِفِة,3aatife,3aatife,True,8,7,0-9,0-9,2
اِتْشَخّشَط,2itshakhkhat,2itshakhkhat,True,11,12,10-19,10-19,5
يضُوج,yduuj,yduuj,True,5,5,0-9,0-9,1
رُكَّاب,rkaab,rkaab,True,7,5,0-9,0-9,2
فَحِر,fa7ar,fa7ar,True,5,5,0-9,0-9,4
هَجِّد,hajjad,hajjad,True,6,6,0-9,0-9,2
حشيشة قلبي ذَابلة,7ashiishit qalbi daable,7ashiishit qalbi daable,True,17,23,10-19,20-29,1
يُبْكُت,ybakkit,ybakkit,True,7,7,0-9,0-9,4
يشَنْشِل,yshanshil,yshanshil,True,8,9,0-9,0-9,1
اِدْفَش,2idfish,2idfashsh,False,7,7,0-9,0-9,3
مَحْلَب,mi7lab,m7albish,False,7,6,0-9,0-9,3
عَرِّط,3arrit,3arrit,True,6,6,0-9,0-9,2
خِرْشِمِة,kharshame,kharshame,True,9,9,0-9,0-9,4
قَزْعِر,quz3ur,quz3ur,True,7,6,0-9,0-9,3
إِصْلِيحا,2islaa7i,2islaa7i,True,9,8,0-9,0-9,4
عَالمَدَولِي,3al moodeel,3al moodeel,True,12,11,10-19,10-19,3
هَوَّاة مَوت,hwaat moot,hwaat moot,True,12,10,10-19,10-19,1
يِسْتَشْرِف,yistashrif,yistashrif,True,11,10,10-19,10-19,1
مِلِح,mulu7,malla7,False,5,5,0-9,0-9,3
حَرِب,7arib,7arrib,False,5,5,0-9,0-9,5
صَحِي,si7i,si7i,True,5,4,0-9,0-9,3
اِنِقْلَاب,2inqilaab,2inqilaab,True,10,9,10-19,0-9,3
تُرْكِة,tirke,tarake,False,7,5,0-9,0-9,3
قَرْطِس,qartis,qartis,True,7,6,0-9,0-9,4
فَلَافِل,falaafil,falaafil,True,8,8,0-9,0-9,1
ذْقُون,duquun,dquun,False,6,6,0-9,0-9,2
فَعَّط,fa3at,fa33at,False,6,5,0-9,0-9,3
اِسْتَلْطَف,2istaltaf,2istaltaf,True,11,9,10-19,0-9,2
يِتْهَدَّد,yithaddad,yithaddad,True,10,9,10-19,0-9,1
بتن بوكتبر,bittabin wu bitkarrib,bittabin wu bitkarrib,True,10,21,10-19,20-29,4
تَصَهْصَن,tsahsan,tsahsan,True,9,7,0-9,0-9,4
يموِّت,ymuut,ymawwit,False,6,5,0-9,0-9,4
اِفْحِت,2if7at,2if7at,True,7,6,0-9,0-9,3
مِدَاس,madaas,madaas,True,6,6,0-9,0-9,4
دِعِم,da3am,da33am,False,5,5,0-9,0-9,5
هِلْمَنِة,halmane,halmane,True,9,7,0-9,0-9,4
أَحِّد,2a7ad,2a7ad,True,6,5,0-9,0-9,4
اِتْهَاجَم,2ithaajam,2ithaajam,True,10,9,10-19,0-9,1
تْعَبَّد,t3abbad,t3abbad,True,8,7,0-9,0-9,1
بَيَّد,biid,biid,True,6,4,0-9,0-9,4
يعَلِّم,y3allim,y3allim,True,7,7,0-9,0-9,2
اِرَتَاح,2irtaa7,2irtaa7,True,8,7,0-9,0-9,3
لَزَم,lamiz,lazzam,False,5,5,0-9,0-9,5
شِطَارَة,shataara,shattaara,False,8,8,0-9,0-9,5
لَفْحَة,laf7a,laf7a,True,7,5,0-9,0-9,2
مَلْغُوم,malghuum,malghuum,True,8,8,0-9,0-9,1
يمَشْقِر,yshaqkrim,yshaqkrim,True,8,9,0-9,0-9,5
كُلْمِة,kilme,kilme,True,7,5,0-9,0-9,1
شَيب,shayyib,shayyib,True,4,7,0-9,0-9,2
اِتْقَارَب,2itqaatab,2itqaarab,False,10,9,10-19,0-9,5
اِنْعِطِف,2in3itif,2in3ataf,False,9,8,0-9,0-9,3
مُقْدَار,miqdaar,miqdaar,True,8,7,0-9,0-9,2
يِعْتَزِل,yi3tizil,yi3tizil,True,9,8,0-9,0-9,2
خِيب,khiib,khayyib,False,4,5,0-9,0-9,4
عَمِّر,3umur,3ammir,False,6,5,0-9,0-9,3
قَدّ حَالُه,qadd 7aalo,qadd 7aalo,True,11,10,10-19,10-19,1
رَمِّم,rammam,rammim,False,6,6,0-9,0-9,2
مَنْتِيش,mintishi,muntashi,False,8,8,0-9,0-9,5
يِنْدَبِش,yindibish,yindibish,True,9,9,0-9,0-9,5
أَبُو حَرْد,2abu 7arad,2abu 7arad,True,11,10,10-19,10-19,5
حِسْكِن,7iskin,7askin,False,7,6,0-9,0-9,3
غَطّ,ghatt,ghutt,False,4,5,0-9,0-9,2
يِتْبَعْلَط,yitbal3at,yitbal3at,True,11,9,10-19,0-9,3
شَرِّح,shara7,sharri7,False,6,6,0-9,0-9,3
مَطْرِح,mataari7,mutra7,False,7,8,0-9,0-9,4
يرَمِّز,yirmuz,yrammiz,False,7,6,0-9,0-9,2
شَاب,shaabb,shaab,False,4,6,0-9,0-9,1
بَّارَى,baara,baara,True,7,5,0-9,0-9,5
تْجِعْمِص,tdja3mas,tdja3mas,True,9,8,0-9,0-9,4
دُغْري,dughri,dughri,True,6,6,0-9,0-9,5
تْبِزْلِط,tbazlat,tbazlat,True,9,7,0-9,0-9,4
تَوَضَح,twadda7,twadda7,True,7,7,0-9,0-9,5
حَدِق,7idiqg,7adaq,False,5,6,0-9,0-9,5
الكِخّ أَخُو الخَرَا,2il kikh 2akhu 2ilkhara,2il kikhkh 2akhu 2ilkhara,False,20,23,20-29,20-29,1
اِنْقِلَاب,2inqilaab,2inqilaab,True,10,9,10-19,0-9,1
اِنْمَسَح,2inmisi7,2inmasa7,False,9,8,0-9,0-9,4
صَدِف,sadaf,sadaf,True,5,5,0-9,0-9,4
تَعْلَل,t3allal,t3allal,True,7,7,0-9,0-9,3
طُلْطَلِة,taltale,taltale,True,9,7,0-9,0-9,4
مِجْزَرَة,majzara,majzara,True,9,7,0-9,0-9,2
يؤْرِق,y2arriq,y2arriq,True,6,7,0-9,0-9,5
يصُبّ,ysubb,ysubb,True,5,5,0-9,0-9,1
بقلب بتقره,bitqallab biqabro,bqalbat biqabro,False,10,17,10-19,10-19,5
إِله مْعَر,2ilo 3umur,2ilo m3amro,False,10,10,10-19,10-19,4
خْلَايِف,khalaayif,khalaayif,True,8,9,0-9,0-9,4
طُوَّاق,twaaq,twaaq,True,7,5,0-9,0-9,4
لَجِج,ladjdjadj,ladjdjidj,False,5,9,0-9,0-9,5
اِتَّمَع,2itmatta3,2itma33at,False,8,9,0-9,0-9,5
التِّكْرَار بيعلَّاط المرَّش,2ittikraar bi3allim 2ishshuttaar,2ittikraar bi3allim 2ishshuttaar,True,28,32,20-29,30-39,5
يِشْرِد,ysharrid,yushrud,False,7,8,0-9,0-9,5
يجِيب الدُّبّ لكَرْمُه,yjiib 2iddubb lakarmo,yjiib 2iddubb lakarmo,True,22,21,20-29,20-29,5
كُرْنَبِة,karnabe,karnabe,True,9,7,0-9,0-9,4
وَحْوِح,wa7wi7,wa7wi7,True,7,6,0-9,0-9,2
إِلْتَوَح,2iltawa7,2iltawa7,True,9,8,0-9,0-9,1
فَايِع,faayi3,faayi3,True,6,6,0-9,0-9,1
نُوع,nawwa3,nawwa3,True,4,6,0-9,0-9,3
طَنِّش,tannash,tannish,False,6,7,0-9,0-9,2
الأَقَارِب عَقَارِب,2il2aqaarib 3aqaarib,2il2aqaarib 3aqaarib,True,19,20,10-19,20-29,4
إِجرينَا بَالفقة السوَا,2ijreena bilfalqa sawa,2ijreena bilfalqa 2issawa,False,23,22,20-29,20-29,5
يتْوَعَّى,2itwa33a,yitwa33a,False,9,8,0-9,0-9,2
نَمِّش,nammish,nammash,False,6,7,0-9,0-9,3
ذَهَب,dahhab,dahhab,True,5,6,0-9,0-9,1
زَهِق,zihiq,zahhaq,False,5,5,0-9,0-9,4
اِنْخِرِط,2inkhirit,2inkharat,False,9,9,0-9,0-9,4
عَنْتِر,3antir,3antar,False,7,6,0-9,0-9,3
حَرِم,7arram,7arram,True,5,6,0-9,0-9,5
قَلَّج,qalidj,qaladj,False,6,6,0-9,0-9,2
بُنْط,bannit,bannat,False,5,6,0-9,0-9,3
مَاكِل رَوح الخَلَال,maakil roo7il khal,maakil roo7 2ilkhall,False,20,18,20-29,10-19,3
فَبْرِيكِة,fabriike,fabriike,True,10,8,10-19,0-9,1
اِنْغَدِر,2inghidir,2inghadar,False,9,9,0-9,0-9,5
ذَبُّه من حَالقَّت,daba7o min 2ilqatil,daba7o min 2ilqatil,True,18,19,10-19,10-19,1
كَلَّف,kallif,kallif,True,6,6,0-9,0-9,2
اِهْتَمّ,2ihtamm,2ihtamm,True,8,7,0-9,0-9,1
يخَدِّع,yikhda3,yikhda3,True,7,7,0-9,0-9,2
صَيدَلَانِي,saydalaani,saydalaani,True,11,10,10-19,10-19,5
مَعْسُول,ma3suul,ma3suul,True,8,7,0-9,0-9,1
اِنْمِرِس,2inmaras,2inmiris,False,9,8,0-9,0-9,4
ينَفِّر,ynaffir,yinfur,False,7,7,0-9,0-9,3
اِسْتَخَار,2istakhaar,2istakhaar,True,10,10,10-19,10-19,1
مْطَنْطِر,mtantar,mtantar,True,9,7,0-9,0-9,4
يسَلِّف,ysallif,ysallif,True,7,7,0-9,0-9,2
اِتْعَزْرَن,2it3azran,2it3azran,True,11,9,10-19,0-9,2
اِسْتَغْبِي,2istaghbi,2istaghbi,True,11,9,10-19,0-9,1
يْخَافِق,ykhaafi2,ykhaafi2,True,8,8,0-9,0-9,3
تِخْلِص,tkhallas,tkhallas,True,7,8,0-9,0-9,5
مْحيِّط,mu7iit,m7ayyit,False,7,6,0-9,0-9,3
يقُوِّي,yqawwi,yqawwi,True,7,6,0-9,0-9,3
سِخْسِخ,sakhsakh,sakhsikh,False,7,8,0-9,0-9,5
ثِقِيل,tqiilt2iilthgiil,tqiilt2iilt2iilthgiil,False,6,16,0-9,10-19,4
رَقَّص,raqqas,raqqas,True,6,6,0-9,0-9,1
تْأَقْمَل,ta2aqlum,t2aqlam,False,9,8,0-9,0-9,5
سِرِع,sarra3,sarri3,False,5,6,0-9,0-9,4
يُخْفُق,yikhfuq,yikhfiq,False,7,7,0-9,0-9,1
اُدْقُش,2adqashsh,2idqush,False,7,9,0-9,0-9,3
مِخْلَالِيِّة,mkhallalaaye,mikhlaaliyye,False,13,12,10-19,10-19,2
صَمِّر,musirr,masir,False,6,6,0-9,0-9,4
تِرِس,tarris,tarris,True,5,6,0-9,0-9,5
كُبَب,kabbib,kabbib,True,5,6,0-9,0-9,5
نَايِم على البَلَاطة,naayim 3ala 2ilbalaata,naayim 3ala 2ilbalaata,True,20,22,20-29,20-29,2
حَصّة,7issa,7assa,False,5,5,0-9,0-9,5
يُجْعُص,yja33is,yja33is,True,7,7,0-9,0-9,5
مْرَمَّد,mrammid,mrammad,False,8,7,0-9,0-9,1
فَاصَلِة,faasle,faasle,True,8,6,0-9,0-9,4
مْوَنْشِر,mwarnash,mwanshir,False,9,8,0-9,0-9,5
شَفِّق,shaffaq,shaffaq,True,6,7,0-9,0-9,3
اِتْرَبْرَب,2itrabrab,2itrabrab,True,11,9,10-19,0-9,1
مَطَاوِع,mtaawi3,mtaawi3,True,8,7,0-9,0-9,4
دَحَش حَاله بَالنُّص,da7ash 7aalo binnus,da7ash 7aalo binnus,True,20,19,20-29,10-19,3
لَطَش,latish,lattish,False,5,6,0-9,0-9,1
تَفَافِيت,fataafiit,tafafiit,False,9,9,0-9,0-9,2
مْقَدَّم,muqaddim,muqaddam,False,8,8,0-9,0-9,2
اِتْشَرَّع,2itsharra3,2itsharra3,True,10,10,10-19,10-19,2
مَزْكَم,mzakkim,mzakkim,True,7,7,0-9,0-9,3
مِطْقَعَة,mitqa3a,mitqa3a,True,9,7,0-9,0-9,2
حْوِتِك,7oottak,7oottik,False,7,7,0-9,0-9,5
رُجْفِة,rajfe,rajfe,True,7,5,0-9,0-9,5
حَسَن صَبِي,7asan sabi,7asan sabi,True,11,10,10-19,10-19,2
آزِر,2aazir,2aazir,True,4,6,0-9,0-9,1
دُرَّاجِة,darraaje,draaje,False,9,8,0-9,0-9,3
عُطْبِة,3utbe,3utbe,True,7,5,0-9,0-9,5
اِسْتَشِرّ,2istashriq,2istashirr,False,10,10,10-19,10-19,5
اِعْدِم,2i3dim,2i3dim,True,7,6,0-9,0-9,1
شَبِع,shabba3,shabbi3,False,5,7,0-9,0-9,4
يِمْهِد,ymahhid,yimhad,False,7,7,0-9,0-9,5
تَوَاخِم,twaakham,twaakham,True,8,8,0-9,0-9,4
مَشْمِش,mishmish,mshamshim,False,7,8,0-9,0-9,5
عَفَّارِيت,3afaariit,3afaariit,True,10,9,10-19,0-9,5
اِنْدَهّ,2indah,2indah,True,8,6,0-9,0-9,3
يتَصْيِع,yitsayya3,yitsayya3,True,8,9,0-9,0-9,2
عَيِّب,3ayyib,3iib,False,6,6,0-9,0-9,3
يِقْحَف,yqka77if,yiqk7af,False,7,8,0-9,0-9,1
طَنَاجَر,tanaajir,tanaajir,True,8,8,0-9,0-9,5
تِطْرِي الجَوّ,2ittarri 2iljaw,2ittarri 2iljaw,True,14,15,10-19,10-19,4
وِرّ,warr,wirr,False,4,4,0-9,0-9,2
إِغْمَاء,2ighmaa2,2ighmaa2,True,8,8,0-9,0-9,1
حَضِّر,7addir,7addir,True,6,6,0-9,0-9,2
مُرَشَّح,murashshi7,murashsha7,False,8,10,0-9,10-19,3
اُخْطُئ,2ikhti2,2ikhti2,True,7,7,0-9,0-9,4
اُجُوب,2uujib,2uujib,True,6,6,0-9,0-9,3
خِلِع,khala3,khalla3,False,5,6,0-9,0-9,5
مْبَهِّج,mibhij,mbahhij,False,8,6,0-9,0-9,1
اِنْخَطَف,2inkhataf,2inkhitif,False,9,9,0-9,0-9,1
عيلة مَسْتُورِة,3eele mastuura,3eele mastuura,True,15,14,10-19,10-19,3
مُنْعَش,mna3nish,mna3nish,True,7,8,0-9,0-9,3
يُسْلُط العُضَى وء,ysallit 2iddoo2 3ala,ysallit 2iddoo2 3ala,True,18,20,10-19,20-29,2
يِتَّغِيب,yitghayyab,yitghayyab,True,9,10,0-9,10-19,4
زْنُبُوط,zambuut,zambuut,True,8,7,0-9,0-9,5
مَخَادِع,mukhaadi3,mukhaadi3,True,8,9,0-9,0-9,2
غِسِّيل,ghasiil,ghasiil,True,7,7,0-9,0-9,5
مِتْحَفِّظ,mit7affiz,mit7affiz,True,10,9,10-19,0-9,1
يفَجِّر,yufjur,yfajjir,False,7,6,0-9,0-9,1
طَافِي,taafi,taafi,True,6,5,0-9,0-9,1
يِسْتَمْسِح,yistasmi7,yistamsi7,False,11,9,10-19,0-9,5
دَيوِن,deewin,deewan,False,6,6,0-9,0-9,4
يِفْلِع,yifla3,yfalli3,False,7,6,0-9,0-9,5
بُعُو,ba3u,ba3u,True,5,4,0-9,0-9,2
تْبِلِط,tballat,tballat,True,7,7,0-9,0-9,2
بَشَارَة خَير,bshaarit kheer,bshaarit kheer,True,13,14,10-19,10-19,4
شَدّ الهَمِّة,shidd 2ilhimme,shidd 2ilhimme,True,13,14,10-19,10-19,5
تْحَطْيَم,ta7tiim,ta7tiim,True,9,7,0-9,0-9,5
تْعَنْطَز,t3antaz,t3antaz,True,9,7,0-9,0-9,1
يِتْبَاهَى,yitbaaha,yitbaaha,True,10,8,10-19,0-9,1
اِدْوَشّ,2idwish,2idwish,True,8,7,0-9,0-9,3
يِعْدِل,y3addil,yi3dil,False,7,7,0-9,0-9,4
عين كَاسوتَك,3iirna skuutak,3een kaasuutak,False,12,14,10-19,10-19,5
جَمَارِي,mjaari,jamaari,False,8,6,0-9,0-9,3
الكِخّ أَخُو الخَرَّا,2il kikh 2akhu 2ilkhara,2il kikhkh 2akhu 2ilkhara,False,21,23,20-29,20-29,4
يِتْبَلّ,ytabbil,ytabbil,True,8,7,0-9,0-9,4
دَقْمِش,daqmash,daqmash,True,7,7,0-9,0-9,3
اِسْتَكْثِر,2istaktar,2istaktar,True,11,9,10-19,0-9,3
جَلَّاخِة السكَاكِين,jallaakhit 2issakaakiin,jallaakhit 2issakaakiin,True,20,23,20-29,20-29,2
اِتَكْلَب,2itkalban,2itkalbal,False,9,9,0-9,0-9,4
يَوفِي,ywaffi,yuufi,False,6,6,0-9,0-9,3
سِتّ وغَطَر,sitir wughata,sitir wughata,True,11,13,10-19,10-19,4
نَهَّج,nahhadj,nahhadj,True,6,7,0-9,0-9,2
يِتْسَكْوَح,yitsatshwa7,yitsatshwa7,True,11,11,10-19,10-19,1
سَامِح,saami7,saami7,True,6,6,0-9,0-9,2
يِفْسَح,yfassi7,yifsi7,False,7,7,0-9,0-9,5
نَقِّص,naqqis,naqqas,False,6,6,0-9,0-9,2
رْمُوز,rumuuz,rmuuz,False,6,6,0-9,0-9,2
مِحَى,ma7a,ma7a,True,5,4,0-9,0-9,4
يِنْفَتَح,yinifti7,yinifti7,True,9,8,0-9,0-9,3
يُخْزُق,ykhazziq,yikhzuq,False,7,8,0-9,0-9,1
صَرْخَة,sarkha,sarkha,True,7,6,0-9,0-9,1
كَثَّف جهوده,kassaf jhuudo,kasaf jido,False,12,13,10-19,10-19,1
تَذَكُّر,tzdakkar,tzdakkar,True,8,8,0-9,0-9,2
اِغْرَش,ghaarish,ghaarish,True,7,8,0-9,0-9,5
اِنْحَوَل,2ini7iwil,2in7iwil,False,9,9,0-9,0-9,3
هَزْهَزِة,zahzaha,hazhaze,False,9,7,0-9,0-9,5
اُنْغُش,naaghash,2inghashsh,False,7,8,0-9,0-9,4
مْبَعْجِر,mba3jir,mba3jir,True,9,7,0-9,0-9,1
يِتْكَرَّم,yitkarram,yitkarram,True,10,9,10-19,0-9,1
طَابَّق,taabaq,taabiq,False,7,6,0-9,0-9,5
تُمَثُّل,tmassal,tmassal,True,8,7,0-9,0-9,4
شَجَاع,shujaa3,shujaa3,True,6,7,0-9,0-9,4
مش فيَاش الفَضَا,mish shaayef 2ilfada,mish faad 2ishshaal,False,16,20,10-19,20-29,3
بِدّ,budd,badd,False,4,4,0-9,0-9,2
تَغَمْغِيس,taghmiis,taghmiis,True,10,8,10-19,0-9,3
رَقَط,ra22it,ra22at,False,5,6,0-9,0-9,3
مِرَاتِي,maraatii,maraatii,True,8,8,0-9,0-9,4
يُزْبُل,yzabbil,yzabbil,True,7,7,0-9,0-9,5
دَرْدِع,dardi3,dardi3,True,7,6,0-9,0-9,3
اِسْتِشِف,2istashaff,2istashaff,True,9,10,0-9,10-19,3
حْصَانِة,7asaane,7asaane,True,8,7,0-9,0-9,3
فَرَّم,farram,farram,True,6,6,0-9,0-9,2
عَفَّص,3affis,3affas,False,6,6,0-9,0-9,1
يَشْلُوط,yshalwit,yshalwit,True,8,8,0-9,0-9,3
عَوِّيل,3awiil,3weel,False,7,6,0-9,0-9,2
مِشْ مَحْلُوب بْعَينُه,mish ma7luub b3eeno,mish ma7luub b3eeno,True,22,19,20-29,10-19,5
يكَفِّت,ykaffit,yikfit,False,7,7,0-9,0-9,1
قَتِّم,qattim,qattam,False,6,6,0-9,0-9,2
ثَقَل,taqqal,tiqil,False,5,6,0-9,0-9,2
اِسْتَغْيِب,2istaghbi,2istaghiib,False,11,9,10-19,0-9,2
زْمَامِير,zamaamiir,zamaamiir,True,9,9,0-9,0-9,3
عّ,3a,3ibb,False,2,2,0-9,0-9,5
لَو يصِيرُوَا اِجْرَيك فَوق تَورَاسَك تَحِت,law 2iysiiruu 2ijreek fooq wraasak lata7at,law 2iysiiruu 2ijreek fooq wraasak lata7at,True,43,42,40-49,40-49,5
مُنَاطِر,manaatir,manaatir,True,8,8,0-9,0-9,3
مَشْرُور,mshooshir,mashruur,False,8,9,0-9,0-9,3
شِمِس,shammis,shammis,True,5,7,0-9,0-9,4
تْلِعْبِك,tla3bak,tla3bak,True,9,7,0-9,0-9,4
يوَخِّر,ywakhkhir,ywakhkhir,True,7,9,0-9,0-9,1
سِد رَدّ,sadd radd,sadd radd,True,8,9,0-9,0-9,3
يؤشِّر,y2ashshir,y2ashshir,True,6,9,0-9,0-9,1
مْكَانِس,makaanis,makaanis,True,8,8,0-9,0-9,4
فِرْفَشِة,farfashe,farfashe,True,9,8,0-9,0-9,4
بْيَوض,byuud,byuud,True,6,5,0-9,0-9,5
دَب,dibb,dubb,False,3,4,0-9,0-9,4
شَعْوَر,sh3uur,sh3uur,True,7,6,0-9,0-9,2
يسَهْتُون,yistahwin,ysahtoon,False,9,9,0-9,0-9,4
طَابُز,taabiz,taabiz,True,6,6,0-9,0-9,3
خَان,khaan,khaan,True,4,5,0-9,0-9,1
اِسْتَخْرَج,2istakhrij,2istakhraj,False,11,10,10-19,10-19,3
مُلِي,malli,malli,True,5,5,0-9,0-9,4
بَنَانِي,banaani,banaani,True,8,7,0-9,0-9,1
دُرُوب,druub,druub,True,6,5,0-9,0-9,5
أَكَل لَاله الي في النُّصِيب,2akal 2illi fii 2innasiib,2akal 2illi fii 2innasiib,True,28,25,20-29,20-29,4
لَسْعَة,las3a,las3a,True,7,5,0-9,0-9,1
حَيِّة مِن تَحْت التَّبِت,7ayye min ti7t 2ittibin,7ayye min ti7t 2ittibitib,False,25,23,20-29,20-29,4
مَلَايِة السَّرِي,mlaayet 2isriir,mlaayet 2issurriyye,False,17,15,10-19,10-19,5
قَطَر,qattar,qattar,True,5,6,0-9,0-9,2
اِبْلَف,2iblif,2iblif,True,7,6,0-9,0-9,3
خُفَف,khaffaf,khaffaf,True,5,7,0-9,0-9,5
تْمَغَّج,tmaghghadj,tmaghghadj,True,8,10,0-9,10-19,2
اِتْعَلْقَن,2it3alqan,2it3alqan,True,11,9,10-19,0-9,1
إِمِّة كَونِم,2imm kammuune,2imm kanuume,False,13,13,10-19,10-19,2
قَلَّم,qalam,qallam,False,6,5,0-9,0-9,1
إِجى على طُولُه,2ija 3ala tuulo,2ija 3ala tuulo,True,15,15,10-19,10-19,1
يْوَطِّي,ywatti,yuuti,False,8,6,0-9,0-9,4
يِفْلَف,yfalfil,yfalfil,True,7,7,0-9,0-9,5
شَن,shann,shann,True,3,5,0-9,0-9,5
مُعِمِّي,ma3mi,ma3mi,True,8,5,0-9,0-9,5
يُنْكُز,yinkuz,yinkuz,True,7,6,0-9,0-9,1
يِنْخِفِض,yinkhifid,yinkhifid,True,9,9,0-9,0-9,1
شِدِّيد,shidiid,shadiid,False,7,7,0-9,0-9,5
مِهْجِة,muhje,mahje,False,7,5,0-9,0-9,4
يزِخّ,yzikhkh,yzikhkh,True,5,7,0-9,0-9,4
اِتْضَبَب,2iddabdab,2iddabbab,False,9,9,0-9,0-9,4
يِرْوَب,yrawwib,yrawwib,True,7,7,0-9,0-9,5
عَرْص,3ars,3arris,False,5,4,0-9,0-9,5
مَرْطِب,mrattib,mrattab,False,7,7,0-9,0-9,4
مُنْتَحَل,minti7il,munta7il,False,9,8,0-9,0-9,5
زَنِّخ,zannikh,zannakh,False,6,7,0-9,0-9,2
اِتْخَرْفَن,2itkharfan,2itkharfan,True,11,10,10-19,10-19,1
صِار,saar,saar,True,4,4,0-9,0-9,4
مُهَد,mahd,mahhad,False,5,4,0-9,0-9,3
يِتَسَاءَل,yitsaa2al,yitsaa2al,True,10,9,10-19,0-9,5
خَصِّل,khassal,khassil,False,6,7,0-9,0-9,2
مَا أَنْظَر مَا الخَته إِلَا أَخَب,maa 2adrat min 2ilkhaal 2illa 2ibin 2ukhto,maa 2adrat minil khaal 2illa 2ibin 2ukhto,False,34,42,30-39,40-49,5
حَوَاس,7awaas,7waas,False,6,6,0-9,0-9,1
مُرْبُط,mrabbat,mrabbit,False,7,7,0-9,0-9,5
كَتَل,kutal,kattil,False,5,5,0-9,0-9,3
يفَرْكِف,yfarfik,yfarfik,True,8,7,0-9,0-9,3
لَولَعَة,loo3a,loola3a,False,8,5,0-9,0-9,4
وِرْوَر,warwar,warwir,False,7,6,0-9,0-9,5
فَشَخ,fashakh,fashakh,True,5,7,0-9,0-9,1
بَقُورَة,baqquura,baqquura,True,8,8,0-9,0-9,5
رَصَّع,rassa3,rassa3,True,6,6,0-9,0-9,1
اِقْلَق,2iqlaq,2iqlaq,True,7,6,0-9,0-9,3
جَيَف,jiyaf,jayyaf,False,5,5,0-9,0-9,5
دَقِّم,daqam,daqam,True,6,5,0-9,0-9,2
صْدِيرِي,sdeeri,sdeeri,True,8,6,0-9,0-9,4
يِتْبَلْبَص,yitbalbas,yitbalbas,True,11,9,10-19,0-9,1
صَهَايْنِة,sahaayne,sahaayne,True,10,8,10-19,0-9,1
اِنْحَشِي,2in7ishi,2in7ishi,True,9,8,0-9,0-9,2
سِاهِي,saahi,saahi,True,6,5,0-9,0-9,4
غَدَا,ghadaa2,ghada,False,5,7,0-9,0-9,1
فْزُورَة,fazzuura,fazzuura,True,8,8,0-9,0-9,3
وِنّ,winn,wann,False,4,4,0-9,0-9,2
يِتْهَزَّه,yithazhaz,yithazhaz,True,10,9,10-19,0-9,3
اِنْقِصِع,2inqasi3,2inqasa3,False,9,8,0-9,0-9,4
سَوَاق,sawwaaq,swaaq,False,6,7,0-9,0-9,3
نِيل,niil,nayyal,False,4,4,0-9,0-9,2
مْحَنْبَط,m7ambit,m7ambit,True,9,7,0-9,0-9,3
مَشْرُوم,mashruum,mashruum,True,8,8,0-9,0-9,1
مْسَدْوَح,masduu7,masduu7,True,9,7,0-9,0-9,3
كَوسِة,wakse,kuuse,False,6,5,0-9,0-9,2
عَسِّل,3asal,3assil,False,6,5,0-9,0-9,2
حَرَب,7arib,7arrib,False,5,5,0-9,0-9,2
مُدِيرِيِّة,mudiiriyye,mudiiriyye,True,11,10,10-19,10-19,3
اِرْتَزِّع,2irtizi3,2irtaza3,False,10,8,10-19,0-9,5
نَعْكِش,na3kash,na3kish,False,7,7,0-9,0-9,3
قَرِّم,qarrim,qarrim,True,6,6,0-9,0-9,3
بَضَاعَة,bdaa3a,bdaa3a,True,8,6,0-9,0-9,2
اِتْلَغّفَم,2itlaghgham,2itlaghgham,True,11,11,10-19,10-19,2
مَّان,maan,maan,True,5,4,0-9,0-9,5
مَطَطّ,mattat,mattat,True,6,6,0-9,0-9,5
يِسْتَضْيَف,yistadiif,yistadiif,True,11,9,10-19,0-9,4
مُرَبِّي,mrabbi,mrabbi,True,8,6,0-9,0-9,5
يِتْرَبَّص,yitrabbas,yitrabbas,True,10,9,10-19,0-9,1
نَعْكَوش,na3kuush,na3kuush,True,8,8,0-9,0-9,3
يِتْخَارَج,yitkhaaraj,yitkhaaraj,True,10,10,10-19,10-19,1
جِسّ,jass,jiss,False,4,4,0-9,0-9,2
اِنْشِل,2inshall,2inshil,False,7,8,0-9,0-9,2
يِتْشَبَّط,yitshattab,yitshattab,True,10,10,10-19,10-19,4
يسَنْتِز,yistanzif,yistanzir,False,8,9,0-9,0-9,5
مُحْصِن,m7assan,m7assin,False,7,7,0-9,0-9,3
نِفِر,naffar,naffir,False,5,6,0-9,0-9,5
تْقَشَف,tqashshaf,tqashshaf,True,7,9,0-9,0-9,5
اِنْهِوِس,2inhawas,2inhiwis,False,9,8,0-9,0-9,2
اِلْتَزَمّ,2iltazam,2iltazam,True,10,8,10-19,0-9,5
بَنَادِيق,banaadiiqk,banaadiiqk,True,9,10,0-9,10-19,1
يُقْنُب,yqkannib,yqkannib,True,7,8,0-9,0-9,3
يُغْمُر,yghammir,yghammir,True,7,8,0-9,0-9,5
تْفَسَّخ,tfassakh,tfassakh,True,8,8,0-9,0-9,1
وَازَع,waazi3,waazi3,True,6,6,0-9,0-9,4
يِكْرِب,ykarbidj,ykarrib,False,7,8,0-9,0-9,5
مْفَلْفِس,mfalsaf,mfalfis,False,9,7,0-9,0-9,5
اُنْطُر,naatir,2untur,False,7,6,0-9,0-9,3
مْلَخْلِخ,mlakhlakh,mlakhlakh,True,9,9,0-9,0-9,2
يِتقَنْعَر,yitqan3ar,yitqan3ar,True,10,9,10-19,0-9,2
تْزَنْطِر,tzantar,tzantar,True,9,7,0-9,0-9,5
يتَذْبِل,yiddabbal,yiddabbal,True,8,9,0-9,0-9,5
لَاوِي بوزُه,laawi buuzo,laawi buuzo,True,12,11,10-19,10-19,4
تِبْنِي,tabanni,tabanni,True,7,7,0-9,0-9,4
مَوَانِع,mawaani3,mawaani3,True,8,8,0-9,0-9,2
اِنْضَخّ,2inkhadd,2indakhkh,False,8,8,0-9,0-9,3
بْرَاعِم,baraa3im,baraa3im,True,8,8,0-9,0-9,3
حَزَم,7azzam,7azzim,False,5,6,0-9,0-9,3
تَاوُح,taawi7,taawa7,False,6,6,0-9,0-9,5
اِلْزُم,2ilzam,2ilzim,False,7,6,0-9,0-9,5
رَقْعَة,ruq3a,raq3a,False,7,5,0-9,0-9,4
مُتَصَلْطِح,mitsalta7,mitsalti7,False,11,9,10-19,0-9,3
مِنْكَارِي,manaakiir,manaakiir,True,10,9,10-19,0-9,5
اِبْتَهِل,2ibtahal,2ibtahal,True,9,8,0-9,0-9,3
كَلَاب,klaab,klaab,True,6,5,0-9,0-9,2
يُتْخَرَّج,yitkharraj,yitkharraj,True,10,10,10-19,10-19,5
زَرِف,zarif,zaraf,False,5,5,0-9,0-9,5
صَيَح,sayya7,sii7,False,5,6,0-9,0-9,5
صَحْوِة,sa7we,sa7we,True,7,5,0-9,0-9,1
هِيَّ,hiyye,hii,False,5,5,0-9,0-9,3
دْهِين,dahhiin,dahhiin,True,6,7,0-9,0-9,3
يجَنِّي,ynajji,yinji,False,7,6,0-9,0-9,3
رَجَّح,rajji7,rajja7,False,6,6,0-9,0-9,1
أَثِّر,2assir,2assar,False,6,6,0-9,0-9,2
الجنة بدون نَاس مَابدنت,2iljanne biduun naas maa btindaas,2iljanne biduun naas maa btindaas,True,23,33,20-29,30-39,5
أَقْطَار,2aqtaar,2aqtaar,True,8,7,0-9,0-9,1
اِتْجَرَّس,2itjarras,2itjarras,True,10,9,10-19,0-9,1
جَرْدَون,jardoon,jardoon,True,8,7,0-9,0-9,2
تْفَكَّك,tfakkak,tfakkak,True,8,7,0-9,0-9,1
مْهَمَّطَة,mahmata,mahmata,True,10,7,10-19,0-9,2
شَرُوش,shruush,shruush,True,6,7,0-9,0-9,5
مْنَافِس,munaafis,manaafis,False,8,8,0-9,0-9,4
يِنْوِهِس,yinhiwis,yinwihis,False,9,8,0-9,0-9,5
مِرِح,miri7,marra7,False,5,5,0-9,0-9,5
عِرْف الدَّيك,3urf 2iddiik,3irf 2iddiik,False,13,12,10-19,10-19,4
ذَم,zimm,zimm,True,3,4,0-9,0-9,4
اِنْذَر,2indhur,2inzir,False,7,7,0-9,0-9,5
مَزْغُول,mzooghil,mzaghwil,False,8,8,0-9,0-9,3
اِتْنَصَل,2itnassal,2itnassal,True,9,9,0-9,0-9,4
تْشِطِب,tshattab,tshattab,True,7,8,0-9,0-9,5
يِنْدَعَك,yinda3ik,yinda3ik,True,9,8,0-9,0-9,3
القِيَاص وَالدَّانِي,2ilqaasi widdaani,2ilqiisaawid 2ilwiyaan,False,20,17,20-29,10-19,2
أَخْلَاق,2akhlaaq,2akhlaaq,True,8,8,0-9,0-9,1
كَسِّد,kassad,kassid,False,6,6,0-9,0-9,2
يطَنِّع,yit3an,ytanni3,False,7,6,0-9,0-9,2
سُمْكَرِي,samkari,samkari,True,9,7,0-9,0-9,3
سَاهْي,saahi,saahi,True,6,5,0-9,0-9,5
أَزَّامِيل,2azaamiil,2azaamiil,True,10,9,10-19,0-9,3
يِنْفِجِع,yinfiji3,yinifji3,False,9,8,0-9,0-9,1
بَرْبَيش,barbiish,barbiish,True,8,8,0-9,0-9,3
فَتَح,fitih,fatti7,False,5,5,0-9,0-9,1
يتْوَاقَى,yitwaaqa,yitwaaqa,True,9,8,0-9,0-9,2
اِشْتَبَاك,2ishtibaak,2ishtibaak,True,10,10,10-19,10-19,2
رِصَّة,rasse,rasse,True,6,5,0-9,0-9,4
بَرِش,barsh,barash,False,5,5,0-9,0-9,2
وَزَّم,wazzim,wazzim,True,6,6,0-9,0-9,1
مْكَنَّن,mkankin,mkannin,False,8,7,0-9,0-9,4
مْجَاوِر,mjaawir,mjaawir,True,8,7,0-9,0-9,1
بَشَّارَة خَير,bshaarit kheer,bshaarit kheer,True,14,14,10-19,10-19,3
اِتَّهَاوَش,2ithaawash,2ithaawash,True,11,10,10-19,10-19,4
اِنْتِصِح,2intasi7,2intasa7,False,9,8,0-9,0-9,2
هَانَت,haanat,haanit,False,6,6,0-9,0-9,4
نَفَس,nifis,naffis,False,5,5,0-9,0-9,1
مْحَسُّوبِيِّة,ma7suubiyye,ma7suubiyye,True,14,11,10-19,10-19,5
اِتْصَلَّب,2itsallab,2itsabbagh,False,10,9,10-19,0-9,1
اِتْسَحْلَس,2itsa7sal,2itsa7sal,True,11,9,10-19,0-9,4
جُزُء,juzu2,juzu2,True,5,5,0-9,0-9,1
نَشَف دمي,nashshaf dammi,nashshaf dammi,True,9,14,0-9,10-19,5
كَنَس,kannas,kannis,False,5,6,0-9,0-9,3
نَزَع مرَاقي,naza3 maraaqi,naza3 maraaqi,True,12,13,10-19,10-19,5
يضَحِّي,yda77i,yda77i,True,7,6,0-9,0-9,1
مْقَحْلِف,mqka7lif,mqka7lif,True,9,8,0-9,0-9,2
رُحْمِة,ra7me,ra7me,True,7,5,0-9,0-9,5
خَيبِة,khiibe,khiibe,True,6,6,0-9,0-9,2
عَزُومِة,3azuume,3azuume,True,8,7,0-9,0-9,2
اِضْوِي,daawi,daawi,True,7,5,0-9,0-9,3
رَاسُه يبَاس,raso yaabis,raaso yaabis,False,12,11,10-19,10-19,4
تَكْنَع,2itshanna3,tshanna3,False,7,10,0-9,10-19,3
سَيْنِمَا,sinima,sayamaan,False,9,6,0-9,0-9,3
حَرَض,7arrad,7arrid,False,5,6,0-9,0-9,1
حِبْحِب,7ab7ib,7ab7ib,True,7,6,0-9,0-9,3
يُكْثُر,ykattir,yiktar,False,7,7,0-9,0-9,3
إِخْلِصَا,2ikhlaas,2ikhlaas,True,9,8,0-9,0-9,2
مَخْرَوطِي,makhruuti,makhruuti,True,10,9,10-19,0-9,4
صِلِب,salb,salab,False,5,4,0-9,0-9,5
مِفْتَش,mufattish,mfattish,False,7,9,0-9,0-9,5
تْشُوش,tshawwash,tshawwash,True,6,9,0-9,0-9,3
خِيرَات الله,kheeraat 2alla,kheeraat 2alla,True,12,14,10-19,10-19,4
حَظِيرِة,7adhiira,7adhiira,True,8,8,0-9,0-9,2
نَهِّش,nahish,nahash,False,6,6,0-9,0-9,4
إِمْرَار,2imraar,2imraar,True,8,7,0-9,0-9,1
طِبّ,tabb,tubb,False,4,4,0-9,0-9,3
أَنِّس,2uns,2ans,False,6,4,0-9,0-9,4
عرقه مْرَقْه,3araqo maraqo,3araqo maraqo,True,12,13,10-19,10-19,5
يتَنْبِت,yitbannat,yitbannat,True,8,9,0-9,0-9,1
يتْحَسْبَن,yit7asban,yit7asban,True,10,9,10-19,0-9,2
خَرَّع,kharra3,kharri3,False,6,7,0-9,0-9,2
قُمُر,qamar,qammir,False,5,5,0-9,0-9,5
يلَمِّع,yilma3,yilma3,True,7,6,0-9,0-9,2
أَكلِت رَعْبِة,2akalit ra3be,2akalit ra3be,True,14,13,10-19,10-19,1
ضَرْبِة شَمِس,darbit shamis,darbit shamis,True,13,13,10-19,10-19,1
بْيِعْطِي مِثِل النَّافُورَة,bi3ayyit mitil 2innaafuura,bi3ayyit mitil 2innaafuura,True,28,26,20-29,20-29,3
مَلْصِم,mlassim,mlassim,True,7,7,0-9,0-9,4
اِتَّقَّى,2ittaqa,2ittaqa,True,9,7,0-9,0-9,5
دَبِّك,dabbak,dabbik,False,6,6,0-9,0-9,1
مُنْتَشِي,mintishi,muntashi,False,9,8,0-9,0-9,1
قَرْص,qaras,qarris,False,5,5,0-9,0-9,5
يتْرَزَّع,yirtizi3,yitrazza3,False,9,8,0-9,0-9,5
يِرْتَفَع,yirtifi3,yirtifi3,True,9,8,0-9,0-9,5
مُخّ بِيزُون دُه,mukhkho byuuzin balad,mukhkho byuuzin bad,False,16,21,10-19,20-29,1
دَرَر,durar,darrir,False,5,5,0-9,0-9,3
كَنَبَايِة,kanabaaye,kanabaaye,True,10,9,10-19,0-9,3
اِتْنَعْكَش,2it3ankash,2it3ankash,True,11,10,10-19,10-19,3
خِرِم,kharam,kharram,False,5,6,0-9,0-9,5
اُودَف,2uufid,2uudif,False,6,6,0-9,0-9,5
قُرَر,qarrar,qarrir,False,5,6,0-9,0-9,4
اِنْكَشَف,2inkishif,2inkashaf,False,9,9,0-9,0-9,1
شَورْبَة,shoorabe,shoorabe,True,8,8,0-9,0-9,2
اِتْمَلَح,2itmalla7,2itmalla7,True,9,9,0-9,0-9,2
مَتْرُوك,matruuk,matruuk,True,8,7,0-9,0-9,3
حَصَم,7ammas,7ammas,True,5,6,0-9,0-9,4
تَكِي,takki,takki,True,5,5,0-9,0-9,4
ينَيِّك,yniik,yniik,True,7,5,0-9,0-9,1
أَقْلام,2aqlaam,2aqlaam,True,7,7,0-9,0-9,2
شُرْقَا,sharqa,sharqa,True,7,6,0-9,0-9,2
دَسَم,dassim,dassim,True,5,6,0-9,0-9,1
جَفَرَة,fajara,fajara,True,7,6,0-9,0-9,3
تَرَاكِيو,taraawiik,taraaki,False,9,9,0-9,0-9,2
شِوِي,shwayy,shawi,False,5,6,0-9,0-9,3
يئَلِّف,yi2laf,yi2laf,True,7,6,0-9,0-9,5
اِتْجَرّد,2itjarrad,2itjarrad,True,9,9,0-9,0-9,3
مَشَاهِير,mashaahiir,mashaahiir,True,9,10,0-9,10-19,1
مِن كَلّ بَدّ سَبّ,min kull budd sabab,min kull bud ssababak,False,18,19,10-19,10-19,5
كبَّر رَاسُه,kibir raaso,kabbar raaso,False,12,11,10-19,10-19,2
قُدْمَانيِّة,quddamaaniyye,quddamaaniyye,True,12,13,10-19,10-19,2
شَارَط,shaarit,shaarit,True,6,7,0-9,0-9,2
كَمَل,kammal,kammil,False,5,6,0-9,0-9,3
اِتْفَحَّص,2itfa77as,2itfa77as,True,10,9,10-19,0-9,5
نَسَّر,nisir,nassir,False,6,5,0-9,0-9,2
اِسْتَنْكَف,2istankif,2istankif,True,11,9,10-19,0-9,2
دَهْرِي,dihri,dahri,False,7,5,0-9,0-9,1
صُلْعَا,sal3a,sal3a,True,7,5,0-9,0-9,2
اِتَلَقّح,2itlaqqa7,2itlaqqa7,True,9,9,0-9,0-9,3
اِتَحَشَّر,2it7ashshar,2it7ashshar,True,10,11,10-19,10-19,3
اِبْحِر,2ib7ir,2ib7ir,True,7,6,0-9,0-9,2
اِنْفِنِس,2infanas,2infinis,False,9,8,0-9,0-9,1
اِبْقى,2ibqa,2ibqa,True,6,5,0-9,0-9,3
مقلع سْنَانُه,mqalli3 snaano,mqalle3 snaano,False,13,14,10-19,10-19,4
لَيِّس,layyas,layyis,False,6,6,0-9,0-9,2
يِنِهْجِم,yinhijim,yinhijim,True,9,8,0-9,0-9,5
عَاقّ,3aaqq,3aaq,False,5,5,0-9,0-9,2
مُتَعَمْشِق,mit3amshiq,mit3amshiq,True,11,10,10-19,10-19,3
بَيَّت,bayyat,bayyit,False,6,6,0-9,0-9,4
زَوَافِن,zawafaan,zawaafin,False,8,8,0-9,0-9,3
اِشْتِبِك,2ishtibik,2ishtibik,True,9,9,0-9,0-9,1
قَلِد,qallid,qallad,False,5,6,0-9,0-9,4
خَلِيلِي,khaliili,khaliili,True,8,8,0-9,0-9,1
يُكْئُب,yik2ib,yik2ib,True,7,6,0-9,0-9,5
لَغَايِس,ghalaayis,laghaayis,False,8,9,0-9,0-9,4
اِنْفَلَق,2infalaq,2infiliq,False,9,8,0-9,0-9,3
مُجَمِّع,mujamma3,mjamma3,False,8,8,0-9,0-9,5
يتَكْتِف,yitkattaf,yitkattaf,True,8,9,0-9,0-9,3
قَسَي,qassi,qassi,True,5,5,0-9,0-9,4
زَطَم,zattim,zattam,False,5,6,0-9,0-9,2
اِسْتَمَّات,2istamaat,2istamaat,True,11,9,10-19,0-9,2
اُخْلُف,2ikhlif,2ikhlif,True,7,7,0-9,0-9,3
يِتْمِك,yatmak,ytammik,False,7,6,0-9,0-9,4
قَفَل,qaffil,qaffil,True,5,6,0-9,0-9,2
شَحْبَر,sha7bar,sha7bar,True,7,7,0-9,0-9,2
دَرَّج,darraj,darrij,False,6,6,0-9,0-9,2
يِتَقَشُّر,yitqashshar,yitqashshar,True,10,11,10-19,10-19,5
يُولَد,ywallid,yuulad,False,6,7,0-9,0-9,1
تْشَعْبَط,tsha3bat,tsha3bat,True,9,8,0-9,0-9,2
نَوَاش,nawwaash,nwaash,False,6,8,0-9,0-9,4
اِغْمِق,2ighmaq,2ighmaq,True,7,7,0-9,0-9,2
يِسْتَضْعِف,yistad3if,yistad3if,True,11,9,10-19,0-9,2
مُدْلَع,mdalla3,mdal3is,False,7,7,0-9,0-9,3
زَاوُد,zaawid,zaawad,False,6,6,0-9,0-9,4
اِكْتَئَب,2ikta2ab,2ikta2ab,True,9,8,0-9,0-9,3
سَلَّاسِة,salaase,salaase,True,9,7,0-9,0-9,1
تْرَاسَل,traasal,traasal,True,8,7,0-9,0-9,1
لَهَث,lahith,lahath,False,5,6,0-9,0-9,1
حَجّ,7ajj,7ijj,False,4,4,0-9,0-9,1
وَصْفِيِّة,suufiyye,wasfiyye,False,10,8,10-19,0-9,5
شَبِل,shibil,shabbal,False,5,6,0-9,0-9,5
شَرَاشِيح,sharaashii7,sharaashii7,True,9,11,0-9,10-19,1
اِتْطَفَّل,2ittaffal,2ittaffal,True,10,9,10-19,0-9,1
عِرْبِي,3arabi,3arabi,True,7,6,0-9,0-9,2
أَبُو رِجِل مَسْلُوخَة,2abu rijil masluukha,2abu rijil masluukha,True,22,20,20-29,20-29,2
كَايَد,kaayid,kaayid,True,6,6,0-9,0-9,2
شَيَب,shiib,shayyab,False,5,5,0-9,0-9,5
بُطْبُط,batbat,batbit,False,7,6,0-9,0-9,5
دَبْلَجِة,dablaje,dablaje,True,9,7,0-9,0-9,1
فَاس,faas,faas,True,4,4,0-9,0-9,1
زَارُوبِة,zaruube,zaruube,True,9,7,0-9,0-9,1
فُضّ,fadd,fudd,False,4,4,0-9,0-9,4
يشَخِّت,yishkhat,yishkhat,True,7,8,0-9,0-9,1
حُزَّيرَة,7uzzeeriyye,7uzzeera,False,9,11,0-9,10-19,3
اِضْحَك بَعَك,2id7ak b3ibbak,2id7ak b3ak,False,13,14,10-19,10-19,3
عَبِيض,3abeed,3abeed,True,6,6,0-9,0-9,1
اِسْتِنْجِد,2istanjid,2istanjad,False,11,9,10-19,0-9,4
خَمِس,khamas,khammis,False,5,6,0-9,0-9,5
شِبِه,shabbih,shabbah,False,5,7,0-9,0-9,4
قَرَّش,qarash,qarrish,False,6,6,0-9,0-9,2
حُصُر إِرث,7asar 2irs,7asar 2irth,False,10,10,10-19,10-19,2
اِنْفِزِع,2infaza3,2infizi3,False,9,8,0-9,0-9,1
جَعْرَن,dja3rin,dja3rin,True,7,7,0-9,0-9,3
ضَلَاع,dlaa3,dlaa3,True,6,5,0-9,0-9,3
فُغُم,fagham,fagham,True,5,6,0-9,0-9,4
مْشَقْوِح,mashquu7,mashquu7,True,9,8,0-9,0-9,2
يِجْدُد,yjaddid,yjaddid,True,7,7,0-9,0-9,5
مَلَا,mala,mala,True,5,4,0-9,0-9,1
شَوِّي,shawi,shawi,True,6,5,0-9,0-9,2
مَمَنْعُوع,mamnuu3,mam3uun,False,10,7,10-19,0-9,3
عَادَل,3aadil,3aadil,True,6,6,0-9,0-9,2
صُفْرُطَاس,safartaas,sufraat,False,10,9,10-19,0-9,5
سِمّ,simm,samm,False,4,4,0-9,0-9,2
يْبَارَك,ybaarik,ybaarik,True,8,7,0-9,0-9,5
حِلِت,7alit,7alat,False,5,5,0-9,0-9,4
بَيت المِي,beet 2ilmayy,beet 2ilmay,False,10,12,10-19,10-19,5
وِظِف,wazzif,wazzif,True,5,6,0-9,0-9,3
يِدْعَكَش,yda3kish,yda3kish,True,9,8,0-9,0-9,4
تَعْلِيمِي,ta3liimi,ta3liimi,True,10,8,10-19,0-9,2
مِحُو,ma7u,ma7u,True,5,4,0-9,0-9,2
عَبَء,3ibi3,3ubu3a2,False,5,5,0-9,0-9,3
مْنَحَّة,min7a,man7a,False,8,5,0-9,0-9,5
وَضْعيِّة,wad3iyye,wad3iyye,True,9,8,0-9,0-9,5
يِتْمَخْتَر,yitmakhtar,yitmakhtar,True,11,10,10-19,10-19,1
يتْجَفَّف,yitjaffaf,yitjaffaf,True,9,9,0-9,0-9,2
بَرِّص,baras,barras,False,6,5,0-9,0-9,4
خُبَّيزِة الجَمَال,khubbeezit 2ilijmaal,khubbeezit 2ilijmaal,True,18,20,10-19,20-29,3
هَنْكَوتِة,hankuuta,hankuuta,True,10,8,10-19,0-9,2
يِعْكِش,yi3kish,y3akkish,False,7,7,0-9,0-9,4
مْخَاوَاة,mkhaawaa,mkhaawaa,True,9,8,0-9,0-9,1
يجَالِد,yjaadil,yjaalid,False,7,7,0-9,0-9,5
يِنْدَغ,yundugh,yindugh,False,7,7,0-9,0-9,5
يْتَمْتِر,yitmattar,yitmattar,True,9,9,0-9,0-9,4
عَبِث,3abas,3abas,True,5,5,0-9,0-9,3
يْقَايِض,yqaayid,yqaayid,True,8,7,0-9,0-9,4
أَعْل امَام,2a3laam,2a3laam,True,11,7,10-19,0-9,5
هَرَش,harrash,harrish,False,5,7,0-9,0-9,1
بْرَاضِي عليك,biridaay 3aleek,baraadi 3aleek,False,13,15,10-19,10-19,5
أُجْدَاد,2ajdaad,2ajdaad,True,8,7,0-9,0-9,3
يِوْعَى,ywa33i,yuu3a,False,7,6,0-9,0-9,4
زُمِّة,zamme,zamme,True,6,5,0-9,0-9,3
مْخَاطِر,makhaatir,makhaatir,True,8,9,0-9,0-9,3
تْشَدَّر,tsharrad,tshaddar,False,8,8,0-9,0-9,3
قُلَل,qulal,qallil,False,5,5,0-9,0-9,4
مَوَاضِع,mawaadi3,mawaadi3,True,8,8,0-9,0-9,1
يِهْلَص,yihlas,yihlas,True,7,6,0-9,0-9,5
أَحْكِمَا,2a7kaam,2a7kaam,True,9,7,0-9,0-9,5
حِزِز,7azzaz,7azziz,False,5,6,0-9,0-9,4
عَلَي الطُّرْشَاق,3alayy 2itturshaaq,3alayy 2itturshaaq,True,17,18,10-19,10-19,1
يتْقَرَّم,yitqarram,yitqarram,True,9,9,0-9,0-9,2
تْقَنَّع,tqanna3,tqanna3,True,8,7,0-9,0-9,1
يُكْشُف,ykashshif,ykashshif,True,7,9,0-9,0-9,3
فُرْحَان,far7aan,far7aan,True,8,7,0-9,0-9,3
يْضَبِّع,yidba3,ydabbi3,False,8,6,0-9,0-9,4
مِسِد,massid,massad,False,5,6,0-9,0-9,5
أَتْهَل,t2ahhal,2athal,False,7,7,0-9,0-9,3
تَوَاصِل,tawaasul,twaasal,False,8,8,0-9,0-9,5
آنْسِة,2aanisa,2aanse,False,6,7,0-9,0-9,1
دَفْدِف,dafdaf,dafdif,False,7,6,0-9,0-9,1
الله وَيط الجَيب رحكة,2alla yjiibik ya toolit 2irroo7,2alla wijiih taa7ib 2illi karree,False,21,31,20-29,30-39,2
دَعْبَل,da3bal,da3bal,True,7,6,0-9,0-9,2
رَيق حَلُو,riiq 7iluu,riiq 7ilu,False,10,10,10-19,10-19,5
اُعْتُرَاف,2i3tiraaf,2i3tiraaf,True,10,9,10-19,0-9,5
اِتْفَعَّل,2ifti3il,2itfa33al,False,10,8,10-19,0-9,5
طِاوِع,taawi3,taawi3,True,6,6,0-9,0-9,4
يزيِّح,yzii7,yzii7,True,6,5,0-9,0-9,3
قوَاحِش,gkaa7uush,gkawaa7ish,False,7,9,0-9,0-9,5
يلَقِّي الضُّوء,yulqi 2iddoo2,yulqi 2iddoo2,True,15,13,10-19,10-19,4
كشكلشي,kashkashli,kashkashli,True,6,10,0-9,10-19,3
مِسْتَبْعِي,mistabyi3,mistab3i,False,11,9,10-19,0-9,5
مَحَل,ma7il,ma7all,False,5,5,0-9,0-9,3
يِخْلَص,ykhallis,ykhallis,True,7,8,0-9,0-9,5
هَنَاك,hinaak,hnaak,False,6,6,0-9,0-9,1
يِتْصَهَّن,yitsahyan,yitsahsan,False,10,9,10-19,0-9,5
لِعِن فَاطسُه,la3an faatso,la3an nifso,False,13,12,10-19,10-19,3
كَفَّايِة,kifaaye,kifaaye,True,9,7,0-9,0-9,1
عَانِى,3aana,3aana,True,6,5,0-9,0-9,2
تْدَمَّر,2iddammar,2iddammar,True,8,9,0-9,0-9,1
بَرَدِيِّة,bardiyye,bardiyye,True,10,8,10-19,0-9,5
مَدْعَر,mda3dir,mda3dar,False,7,7,0-9,0-9,5
عَوَاطِيل,3awaatli,3awaatiil,False,9,8,0-9,0-9,1
خَنَّق,khaniq,khanaq,False,6,6,0-9,0-9,1
كَدَّر,kadar,kaddir,False,6,5,0-9,0-9,1
مَثَل,misil,massal,False,5,5,0-9,0-9,4
تْوَاسَط,twaasat,twaasat,True,8,7,0-9,0-9,1
بَرَامِج,baraamij,baraamij,True,8,8,0-9,0-9,1
مَغْظِيو,maghyuuz,maghyuuz,True,8,8,0-9,0-9,2
شُطُولِة,shtuule,shtuule,True,8,7,0-9,0-9,4
اِتوَرَّس,2itrawwas,2itrawwas,True,9,9,0-9,0-9,4
مْطَعِّم,mat3am,mat3am,True,8,6,0-9,0-9,2
يِتْنَمَّر,yitnammar,yitnammar,True,10,9,10-19,0-9,1
تْوِحِّل,twa77al,twa77al,True,8,7,0-9,0-9,5
عَصَّب,3assib,3assib,True,6,6,0-9,0-9,2
بَكِّى,baka,bakka,False,6,4,0-9,0-9,4
بيحوص وبَلَي,bi7uus wibiluus,bi7uus wibiluus,True,12,15,10-19,10-19,4
يتْرَنَّح,yitranna7,yitranna7,True,9,9,0-9,0-9,3
لَاوَص,laawis,laawis,True,6,6,0-9,0-9,2
فَتَح ذِينك معي,fatti7 dineek ma3i,fatti7 dineek ma3i,True,15,18,10-19,10-19,4
نِجِح,najja7,najja7,True,5,6,0-9,0-9,4
حَصْحَص,7as7as,7as7is,False,7,6,0-9,0-9,1
عَيش,3ayyish,3ayyish,True,4,7,0-9,0-9,4
رَعَد,ra3id,ra3ad,False,5,5,0-9,0-9,1
اِتْحَرَّض,2it7arrad,2it7arrad,True,10,9,10-19,0-9,2
وَجَّه,wajjah,wajjah,True,6,6,0-9,0-9,2
تْعَطَّش,t3attash,t3attash,True,8,8,0-9,0-9,1
يصَفِّى,ysaffi,yisfa,False,7,6,0-9,0-9,1
كِرِه,kirih,karrah,False,5,5,0-9,0-9,4
وَحْشَنِة,wa7shane,wa7shane,True,9,8,0-9,0-9,1
تْعَاَطَف,t3aataf,t3aataf,True,9,7,0-9,0-9,3
غَلِّث,ghallath,ghallith,False,6,8,0-9,0-9,4
حُصُن,7assin,7assin,True,5,6,0-9,0-9,4
مُولَد,mawluud,mwallid,False,6,7,0-9,0-9,4
يجَلْجِل,yjaljil,yjaljil,True,8,7,0-9,0-9,1
مْكَار,makkaar,makkaar,True,6,7,0-9,0-9,4
يُلْطُف,ylattif,yultuf,False,7,7,0-9,0-9,4
ينَفِّذ,yunfud,ynaffid,False,7,6,0-9,0-9,2
مْرَصَّع,mrassa3,mrassa3,True,8,7,0-9,0-9,1
حَلْمِز,7almiz,7almiz,True,7,6,0-9,0-9,1
ثَبِّت,sabbat,sabbit,False,6,6,0-9,0-9,2
رَغِّى,ragha,ragha,True,6,5,0-9,0-9,3
أَشْيَن,2asheen,2asheen,True,7,7,0-9,0-9,3
يِفْجِوِل,yfajwil,yfajwil,True,9,7,0-9,0-9,5
مُؤَجِّر,m2ajjir,m2ajjir,True,8,7,0-9,0-9,5
جُخْرُوقَة,djakhruuqka,djakhruuqka,True,10,11,10-19,10-19,2
يِسْلَم,yislim,yislim,True,7,6,0-9,0-9,5
يِسْهَمْد,ysahmid,ysahmid,True,9,7,0-9,0-9,5
اِحْمِل,2i7mil,2i7mil,True,7,6,0-9,0-9,1
وَصْفِة طيبة,wasfe tibbiyye,wasfe tibbiyye,True,12,14,10-19,10-19,5
يْفَاقِي,yfaaqki,yfaaqki,True,8,7,0-9,0-9,2
مَحْوِش,m7awwish,m7awwish,True,7,8,0-9,0-9,3
يتَشَتُّت,yitshattat,yitshattat,True,9,10,0-9,10-19,5
تْجَوَّب,twajjab,twajjab,True,8,7,0-9,0-9,1
مَاسِكِة العِد,maaske 2il3idde,maaske 2il3idde,True,14,15,10-19,10-19,4
كَسِّب,kassib,kassab,False,6,6,0-9,0-9,2
تِفِل,tifil,taffil,False,5,5,0-9,0-9,3
تْنَتَّيف,tantiif,tantiif,True,9,7,0-9,0-9,4
يسيِّر,yasiir,ysiir,False,6,6,0-9,0-9,4
يِقْوَام,yqaawim,yqaawim,True,8,7,0-9,0-9,5
أَصَّل,2assal,2assal,True,6,6,0-9,0-9,4
يِتْرَعَّى,yit3arra,yit3arra,True,10,8,10-19,0-9,3
اِسْتِعِرّ,2ista3arr,2ista3arr,True,10,9,10-19,0-9,5
اِغْبُر,2ighbur,2ighbur,True,7,7,0-9,0-9,1
يِتْطَهَّر,yittahhar,yittahhar,True,10,9,10-19,0-9,1
خُرْخُشِّة,kharkhashe,kharkhashe,True,10,10,10-19,10-19,2
اِنْفِهِم,2infihim,2infaham,False,9,8,0-9,0-9,1
يتْفَجَّر,yitfajjar,yitfajjar,True,9,9,0-9,0-9,3
يُسْرُف,yisrif,yisrif,True,7,6,0-9,0-9,5
سَعْدَن,sa3din,sa3dan,False,7,6,0-9,0-9,1
مِشَارِيع,mashaarii3,mashaarii3,True,9,10,0-9,10-19,5
اِطعم ابنك زِيت وَارفيه البيت,2it3am 2ibnak zeet wu2irmii filbeet,2it3am 2ibnak zeet wu2ilbet 3afiirmii 2ilbeet,False,29,35,20-29,30-39,3
يتْنَفَّع,yitnaffa3,yitnaffa3,True,9,9,0-9,0-9,3
زَمَّز,mazziz,mazziz,True,6,6,0-9,0-9,1
طَلَق,tuluq,talliq,False,5,5,0-9,0-9,1
حَنَّص,7annas,7annas,True,6,6,0-9,0-9,1
يِنْلِدِغ,yinlidigh,yinlidigh,True,9,9,0-9,0-9,1
رَصِّيد,rasiid,rasiid,True,7,6,0-9,0-9,4
تَبْحِيرَة,tab7iira,tab7iira,True,10,8,10-19,0-9,1
خُطَّى,khata,khata,True,6,5,0-9,0-9,5
تْطَرَّف,2ittarraf,2ittarraf,True,8,9,0-9,0-9,1
لَبِّط,labat,labbat,False,6,5,0-9,0-9,3
اِلْتَحَف,2ilti7if,2ilta7af,False,9,8,0-9,0-9,3
جَفِل,jafal,jaffil,False,5,5,0-9,0-9,5
حَاسِم,7aasim,7aasim,True,6,6,0-9,0-9,1
يِنِقْحِش,yinki7ish,yinki7ish,True,9,9,0-9,0-9,5
مُدْلَهِم,mdalhim,mdalhim,True,9,7,0-9,0-9,3
اِسْتَتْفَهَم,2istafham,2istafham,True,13,9,10-19,0-9,5
يِدْعَك,yid3ak,yid3ak,True,7,6,0-9,0-9,1
اِنْمِعِص,2inma3as,2inma3as,True,9,8,0-9,0-9,2
اِتْحَصَّح,2it7as7as,2it7as7as,True,10,9,10-19,0-9,5
طَوَاشِي,tawaashi,tawaashi,True,8,8,0-9,0-9,1
تَمَعُّط,tma33at,tma33at,True,8,7,0-9,0-9,2
مِثْنِي,matni,matni,True,7,5,0-9,0-9,2
صِلة الرّحَم,silat 2arra7im,salat 2irra7im,False,12,14,10-19,10-19,1
تُوحَم,twa77am,twa77am,True,6,7,0-9,0-9,5
يِهْفِت,yhaffit,yhaffit,True,7,7,0-9,0-9,2
دُوشِكَّة,dooshka,dooshka,True,9,7,0-9,0-9,5
سَمِّك,sammak,sammik,False,6,6,0-9,0-9,2
بْرَيِّق,brayyig,briiq,False,8,7,0-9,0-9,3
نِسِي حَالُه,nisi 7aalo,nisi 7aalo,True,12,10,10-19,10-19,1
اِحْتَجَاج,2i7tijaaj,2i7tijaaj,True,10,9,10-19,0-9,3
قُرَّيد,qariid,qariid,True,7,6,0-9,0-9,3
تْزَأَّم,t2azzam,t2azzam,True,8,7,0-9,0-9,3
اِسْتَحَاضِر,2isti7daar,2isti7daar,True,12,10,10-19,10-19,5
دَعَّس عَذَنَبُه,da3as 3adanabo,da3as 3adanabo,True,16,14,10-19,10-19,3
كَاهَن,kaahin,kaahin,True,6,6,0-9,0-9,3
نَاعَم,naa3im,naa3im,True,6,6,0-9,0-9,2
طَرِّى,tarra,tarra,True,6,5,0-9,0-9,4
يِتْوَكَّس,yitwikis,yitwikis,True,10,8,10-19,0-9,2
مَخْلَوف,makhluuf,makhluuf,True,8,8,0-9,0-9,4
سَنَاسِل,sanaasil,sanaasil,True,8,8,0-9,0-9,1
يْسَاهِم,ysaahim,ysaahim,True,8,7,0-9,0-9,3
مَفْصَوم,mafsuum,mafsuum,True,8,7,0-9,0-9,4
سَحَّارَة,sa77aara,sa77aara,True,9,8,0-9,0-9,1
يُؤدِّي,y2addi,y2addi,True,7,6,0-9,0-9,3
شَمَام,shummaam,shummaam,True,6,8,0-9,0-9,2
ينَضِّخ,yindakhkh,yindakhkh,True,7,9,0-9,0-9,3
أَكْسِر رِجْلَك,2aksir rijlik,2aksir rijlik,True,15,13,10-19,10-19,2
يِدَاوِي,ydaawi,ydaawi,True,8,6,0-9,0-9,2
يتَعْيِن,yit3ayyan,yit3ayyan,True,8,9,0-9,0-9,2
اِسْتَطْلَع,2istatla3,2istatli3,False,11,9,10-19,0-9,1
اِنْصِب,2insabb,2unsub,False,7,7,0-9,0-9,5
ئِنِ,2inn,2inn,True,4,4,0-9,0-9,5
اِتَمَدُّد,2itmaddad,2itmaddad,True,10,9,10-19,0-9,3
لَحْمَس,la7mis,la7mis,True,7,6,0-9,0-9,2
وِرْبِة,warbe,warbe,True,7,5,0-9,0-9,5
تَعْرِيج,ta3riij,ta3riij,True,8,7,0-9,0-9,1
كُرَّيه,kariih,kriih,False,7,6,0-9,0-9,5
كَاكِا,kaaka,kakka,False,6,5,0-9,0-9,4
تْخِنِفِس,tkhanfas,tkhanfas,True,9,8,0-9,0-9,5
أَفَّس,fa2s,2afs,False,6,4,0-9,0-9,3
صْيَعَان,sii3aan,sii3aan,True,8,7,0-9,0-9,5
فَرُّودِة,fruude,fruude,True,9,6,0-9,0-9,5
مَخَدِّة,mkhadda,makhadda,False,8,7,0-9,0-9,1
حَكِيم,7akiim,7akiim,True,6,6,0-9,0-9,1
نَيِّلِي,niili,niili,True,8,5,0-9,0-9,5
مْوَاكَبِة,muwaakabe,muwaakabe,True,10,9,10-19,0-9,4
سَبَح,siba7,sabbi7,False,5,5,0-9,0-9,3
خَنِّس,khanas,khannis,False,6,6,0-9,0-9,2
مَرَاكِيس,maraakiis,maraakiis,True,9,9,0-9,0-9,1
وَصَل,wisil,wassil,False,5,5,0-9,0-9,5
تَظَارُف,tzaaraf,tzaaraf,True,8,7,0-9,0-9,3
يُطْفُس,yutfus,yutfus,True,7,6,0-9,0-9,1
يكَلِّم,ykallim,ykallim,True,7,7,0-9,0-9,1
وَاسَي,waasi,waasi,True,6,5,0-9,0-9,5
دَعْسِة,3adase,da3sa,False,7,6,0-9,0-9,4
اُلْدُع,2ilda3,2ilda3,True,7,6,0-9,0-9,5
اِسْتَلْقِي,2istalqi,2istalqi,True,11,8,10-19,0-9,1
مِسْتَرْيِح,mistirii7,mistarii7,False,11,9,10-19,0-9,5
سَقَط من عَينِي,siqit min 3eeni,siqit min 3eeni,True,15,15,10-19,10-19,5
شِفَاف,shaffaaf,shaffaaf,True,6,8,0-9,0-9,5
خُطَّ,khatt,khutt,False,5,5,0-9,0-9,4
نَتِع,nata3,natti3,False,5,5,0-9,0-9,4
شَمَاتِة,shamaate,shamaate,True,8,8,0-9,0-9,2
نَطَّح,nata7,nata7,True,6,5,0-9,0-9,2
هَبِّب,habbab,habbib,False,6,6,0-9,0-9,2
يتَبَرُّأ,yitbarra2,yitbarra2,True,9,9,0-9,0-9,5
وَسِع,wassa3,wassi3,False,5,6,0-9,0-9,5
اِنْخَدِع,2inkhidi3,2inkhidi3,True,9,9,0-9,0-9,5
بدل مَا يكحلهَا عهَامَا,badal maa yka77ilha 3amaaha,badal maa yka77ilha 3amaha,False,23,27,20-29,20-29,4
هِتْيِة,hattiike,hatiyye,False,7,8,0-9,0-9,5
وِجِه عظِم,wijho 3adim,wijho 3adim,True,10,11,10-19,10-19,3
صَفِّي,sifi,sifi,True,6,4,0-9,0-9,1
يِنِزْوِي,yinziwi,yinziwi,True,9,7,0-9,0-9,2
يِسْتَدِرْج,yistadrij,yistadrij,True,11,9,10-19,0-9,5
أَفَنْدَيِّة,2afandiyye,2afandiyye,True,12,10,10-19,10-19,4
يطَوبِن,ytoobin,ytoobin,True,7,7,0-9,0-9,1
يُحْكُر,yu7kur,yu7kur,True,7,6,0-9,0-9,2
نِجْمِة,nijme,nijme,True,7,5,0-9,0-9,4
تَحْرِير,ta7riir,ta7riir,True,8,7,0-9,0-9,1
مَا بِيتْكَنَّس,maa byitkannas,maa byitkannas,True,15,14,10-19,10-19,3
يِنْخَتَم,yinkhitim,yinkhitim,True,9,9,0-9,0-9,2
شَرَّخ,sharkh,sharkh,True,6,6,0-9,0-9,2
كِتِم,katim,katam,False,5,5,0-9,0-9,5
يِتْخَضْخَض,yitkhadkhad,yitkhadkhad,True,11,11,10-19,10-19,1
تَعَسَاء,tu3asaa2,tu3asaa2,True,8,8,0-9,0-9,5
قَاع المَنْدِيِّة,qaa3 2ilmadiine,qaa3 2ilmadiine,True,17,15,10-19,10-19,5
دَوَم,duum,duum,True,5,4,0-9,0-9,5
حَتَّت,7at7it,7at7it,True,6,6,0-9,0-9,3
عَزَابِي,3azzaabi,3azzaabi,True,8,8,0-9,0-9,1
يِتَلَطَّش,yitlattash,yitlattash,True,10,10,10-19,10-19,5
لْسَانه حِلُو,lsano 7ilu,lsano 7ilu,True,13,10,10-19,10-19,4
وَنِة,wanne,wanne,True,5,5,0-9,0-9,3
بْيَارِة,bayyaara,bayyaara,True,8,8,0-9,0-9,5
فَنَش,fannash,fannash,True,5,7,0-9,0-9,3
تْنَابَس,tnaasab,tnaabas,False,8,7,0-9,0-9,5
اِسْتَضْمَر,2istamrad,2istamrad,True,11,9,10-19,0-9,4
شِوب,shawwib,shoob,False,4,7,0-9,0-9,5
رَصَّاصِة,rasaase,rassaase,False,9,7,0-9,0-9,2
يِتَلَعْوَب,yitla3wab,yitla3wab,True,11,9,10-19,0-9,2
مُحِيح,2im7ayyi7,m7ayyi7,False,6,9,0-9,0-9,5
ينَهْزِم,yinhizim,yinhizim,True,8,8,0-9,0-9,2
اِتْبَلَّح,2itba77ar,2itballa7,False,10,9,10-19,0-9,5
بَاصِح,baa7is,baa7is,True,6,6,0-9,0-9,5
نِتِف,nattif,nattif,True,5,6,0-9,0-9,5
يِتْخَرْشَم,yitkharsham,yitkharmash,False,11,11,10-19,10-19,1
اِصْفَى,2isfa,2isfa,True,7,5,0-9,0-9,1
تَحَّلَى,t7alla,t7alla,True,8,6,0-9,0-9,5
يفَحِّر,yif7ar,yif7ar,True,7,6,0-9,0-9,4
خَمَّش,khammash,khammish,False,6,8,0-9,0-9,2
اِتْدَّارَى,2iddaara,2iddaara,True,11,8,10-19,0-9,2
إِلُه إِيد بالمَوْضَع,2ilo 2iid bilmawduu3,2ilo 2iid bilmawduu3,True,21,20,20-29,20-29,2
مِتْرَوِّس,matruus,matruus,True,10,7,10-19,0-9,1
كُار,kaar,kaar,True,4,4,0-9,0-9,3
سَمِّيد,samiid,samiid,True,7,6,0-9,0-9,4
مَضْرُوب بْحَجَركْبِير,madruub b7ajar faadi,madruub b7ajar kbiir,False,22,20,20-29,20-29,1
اِنْخَلِع,2inkhila3,2inkhili3,False,9,9,0-9,0-9,5
اِتَفَرَّد,2itfarrad,2itfarrad,True,10,9,10-19,0-9,5
زَاوِيِّة,zaawiye,zaawiye,True,9,7,0-9,0-9,5
كِذِب الكِذبِة وصَدَّقهَا,kizib 2ilkizbe wasaddaqha,kizib 2ilkizbe wasaddaqha,True,25,25,20-29,20-29,1
تَحَضُّر,t7arrad,t7addar,False,8,7,0-9,0-9,4
يْطَفِّي,yitfi,ytaffi,False,8,5,0-9,0-9,5
مَانْح,maani7,maani7,True,6,6,0-9,0-9,4
خَنَّم,khannam,khannim,False,6,7,0-9,0-9,2
فَرْشِة,farshe,farshe,True,7,6,0-9,0-9,1
خَطّ تَلَفَون,khatt talafoon,khatt talafoon,True,13,14,10-19,10-19,1
لَمَّس,lammas,lammis,False,6,6,0-9,0-9,2
قُيشِة,qiishe,qiishe,True,6,6,0-9,0-9,3
يِنْبَطِح,yinbiti7,yinbiti7,True,9,8,0-9,0-9,3
فَسُّولِة الكَب,faswit 2ilkalb,faswile 2ilkab,False,15,14,10-19,10-19,4
تْقَطَّم,tqattam,tqattam,True,8,7,0-9,0-9,1
سْنَكْوَح,sankuu7,sankuu7,True,9,7,0-9,0-9,3
فَقَع,faqi3,faqqa3,False,5,5,0-9,0-9,1
اِشْبِع,2ishba3,2ishba3,True,7,7,0-9,0-9,3
مُتَطَمِّن,mittammin,mutatammin,False,10,9,10-19,0-9,2
لَاصة,laasa,laasa,True,5,5,0-9,0-9,5
يَوع,ywi33,ywi33,True,4,5,0-9,0-9,4
قَشْنِط,qashnat,qashnat,True,7,7,0-9,0-9,3
اِعْزَق,2u3zuqk,2u3zuqk,True,7,7,0-9,0-9,2
مْزَوغِل,mzooghil,mzooghil,True,8,8,0-9,0-9,2
مُلْعَل,mla3la3,mla3la3,True,7,7,0-9,0-9,5
اِسْتَطْبَس,2istabsat,2istabsit,False,11,9,10-19,0-9,5
اُصْدا,2isda,2isda,True,6,5,0-9,0-9,4
تَجْحِيشِة,taj7iishe,taj7iishe,True,10,9,10-19,0-9,1
خَرُّوط,kharwat,kharwat,True,7,7,0-9,0-9,5
سُرْدَاح,sirdaa7,sirdaa7,True,8,7,0-9,0-9,4
شَخَخ,shakhkhakh,shakhkhikh,False,5,10,0-9,10-19,3
أَفْك,2afka7,2afkak,False,5,6,0-9,0-9,5
يقَرِّم,yuqrum,yuqrum,True,7,6,0-9,0-9,4
يِنْدَه,yindah,yindah,True,7,6,0-9,0-9,1
لَوَى,walla,lawa,False,5,5,0-9,0-9,5
تْوَفَّق,twaffaq,twaffaq,True,8,7,0-9,0-9,1
دُرْدَاس,durdaas,durdaas,True,8,7,0-9,0-9,3
اِسْتَغْفِل,2istaghfal,2istaghfil,False,11,10,10-19,10-19,1
يِتْصَوَّف,yitwassaf,yitsawwaf,False,10,9,10-19,0-9,1
دَّاعِس,daa3is,daa3is,True,7,6,0-9,0-9,5
لَاثِم,lsaam,lsaam,True,6,5,0-9,0-9,1
تْطِرِّف,2ittarraf,2ittarraf,True,8,9,0-9,0-9,5
يِنْشَفِط,yinshifit,yinshifit,True,9,9,0-9,0-9,3
تَمَاسُك,tmaasak,tmaasak,True,8,7,0-9,0-9,4
يِنِتْوِف,ynatwif,ynatwif,True,9,7,0-9,0-9,3
إِمّ كَومِنِة,2imm kammuune,2imm kammuune,True,13,13,10-19,10-19,5
خَبَص,khabbas,khabbas,True,5,7,0-9,0-9,3
صَوَّى,wassi,wassa,False,6,5,0-9,0-9,4
اِسْتَمَدّ,2istamidd,2istamadd,False,10,9,10-19,0-9,1
تْحَرْقَص,t7arqas,t7arqas,True,9,7,0-9,0-9,1
فَقَّش,faqash,faqqash,False,6,6,0-9,0-9,2
اُثْنِين,2itneen,2itneen,True,8,7,0-9,0-9,5
يِتْسَارَع,yitsaara3,yitsaara3,True,10,9,10-19,0-9,1
يْنَطِّر,ynattir,yuntur,False,8,7,0-9,0-9,5
يِشْتَم,yishtim,yishtim,True,7,7,0-9,0-9,5
اِلْفَت,2ilfit,2ilfit,True,7,6,0-9,0-9,2
خَورِف,khoorif,khoorif,True,6,7,0-9,0-9,2
يْدَعْبِل,yda3bil,yda3bil,True,9,7,0-9,0-9,3
اِنْعِوِر,2ini3wir,2in3iwir,False,9,8,0-9,0-9,2
وَرِّم,warram,warram,True,6,6,0-9,0-9,4
يْرَغْوِل,yarghuul,yraghwil,False,9,8,0-9,0-9,2
يتَحْوِج,yit7awwaj,yit7awwaj,True,8,9,0-9,0-9,4
حَصِل,7asal,7assil,False,5,5,0-9,0-9,4
يِسْتَقْمِغ,yistaghmiq,yistaghmiq,True,11,10,10-19,10-19,5
يِخْتَم,yikhtim,ykhattim,False,7,7,0-9,0-9,5
مْشَلِّط,mshallit,mshallit,True,8,8,0-9,0-9,1
نَغَّش,nighish,naghghish,False,6,7,0-9,0-9,2
اِنْحَزَر,2in7azar,2in7izir,False,9,8,0-9,0-9,4
إِجَقِّم,2ijqam,2ijqam,True,8,6,0-9,0-9,5
بْلُوِّة,balwe,balwe,True,8,5,0-9,0-9,2
حَمَّس,7ammas,7ammis,False,6,6,0-9,0-9,1
يِكْرُر,ykarrir,ykarrir,True,7,7,0-9,0-9,3
شُهْقَة,shahqa,shahqa,True,7,6,0-9,0-9,5
شَعْشُون,sha3shaboon,sha3shaboon,True,8,11,0-9,10-19,4
سَنْفَر,sanfir,sanfar,False,7,6,0-9,0-9,2
اِسْتَمْسَد,2istadsim,2istadsam,False,11,9,10-19,0-9,5
اِسْأَخْتَر,2ista2khir,2ista2khar,False,11,10,10-19,10-19,3
زِمِع,mazza3,mazza3,True,5,6,0-9,0-9,5
زَوِّر,wizir,zawwar,False,6,5,0-9,0-9,2
تْلَصَّص,talassus,tlassas,False,8,8,0-9,0-9,1
ينَهَى,yinha,yinha,True,6,5,0-9,0-9,5
صَنِّص,nassis,sansan,False,6,6,0-9,0-9,5
وَاضِح,waadi7,waadi7,True,6,6,0-9,0-9,1
بَابْرُور,babboor,babboor,True,9,7,0-9,0-9,4
يمِيع,ymii3,ymayyi3,False,5,5,0-9,0-9,2
بَدِل فَاقِد,badal faaqid,badal faaqid,True,12,12,10-19,10-19,3
رَشِّم,rasham,rashim,False,6,6,0-9,0-9,3
شِمِع,shamma3,shammi3,False,5,7,0-9,0-9,4
بَلَابِل,balaabil,balaabil,True,8,8,0-9,0-9,1
أَحِد,2a7ad,2a7ad,True,5,5,0-9,0-9,5
جِنْسِيِّة,jinsiyye,jinsiyye,True,10,8,10-19,0-9,3
فَوز,fawwiz,fuuz,False,4,6,0-9,0-9,1
يِنْرُق,yinraqq,yinraqq,True,7,7,0-9,0-9,4
دِلَال,dallaal,dallaal,True,6,7,0-9,0-9,4
اُطْفُر,2itfar,2itfar,True,7,6,0-9,0-9,1
مُجَفِّف,mjaffaf,mjaffaf,True,8,7,0-9,0-9,4
تْدَلْدَق,2iddalda2,2iddalda2,True,9,9,0-9,0-9,1
تَنْقَب,tnaqqab,tnaqqab,True,7,7,0-9,0-9,3
سَفَّخ,safakh,safakh,True,6,6,0-9,0-9,3
تُصْرُح,tsarra7,tsarra7,True,7,7,0-9,0-9,5
اِزْحَم,2iz7am,2iz7am,True,7,6,0-9,0-9,1
يُحْجُر,y7ajjir,yu7jur,False,7,7,0-9,0-9,1
نَعَّر,na3ar,na33ar,False,6,5,0-9,0-9,3
مِزُو,mooz,mazu,False,5,4,0-9,0-9,5
سُكُر,sitshtshar,sakkar,False,5,10,0-9,10-19,4
اِتْخَنَم,2itkhannam,2itkhannam,True,9,10,0-9,10-19,5
اِعْتَكِف,2i3takaf,2i3takaf,True,9,8,0-9,0-9,3
حِشْوِة,7ashwe,7ashwe,True,7,6,0-9,0-9,2
اِتْعَشَّم,2it3ashsham,2it3ashsham,True,10,11,10-19,10-19,1
اِنِحْوِل,2ini7iwil,2in7iwil,False,9,9,0-9,0-9,5
يِنِزْطِم,yinzitim,yinzitim,True,9,8,0-9,0-9,4
اِنْكِفِي,2inkifi,2inkifi,True,9,7,0-9,0-9,1
إُمْرَار,2imraar,2imraar,True,8,7,0-9,0-9,5
جَسْوَر,jsuur,jsuur,True,7,5,0-9,0-9,5
يِعْتِبِر,yi3tibir,yi3tibir,True,9,8,0-9,0-9,1
حَرَّث علي,7arath 3alay,7arath 3alay,True,10,12,10-19,10-19,4
اِسَّقَع,2isqka3,2isqka3,True,8,7,0-9,0-9,4
اِنْطُق,naatiq,2intuq,False,7,6,0-9,0-9,5
تَوَتُّد,twattad,twattad,True,8,7,0-9,0-9,2
تْقَشَر,tqashshar,tqashshar,True,7,9,0-9,0-9,5
اُخْصُم,2ikhsim,2ikhsim,True,7,7,0-9,0-9,3
تْطَنَّمَ,2ittamman,2ittamman,True,9,9,0-9,0-9,5
رَصَاص,rasaas,rassaas,False,6,6,0-9,0-9,3
مَوجِة ضَوِيِّة,mooje daw2iyye,mooje dawiyye,False,15,14,10-19,10-19,5
لِب,libb,lubb,False,3,4,0-9,0-9,5
يتَنَاسِى,yitnaasa,yitnaasa,True,9,8,0-9,0-9,4
كشف عن أورَاقه,kashaf 3an kull 2awraaqo,kashaf 3an 2awaraqo,False,14,24,10-19,20-29,2
عْجِيق,3ajjii2,3ajjii2,True,6,7,0-9,0-9,4
اِهْطُل,2ihtil,2ihtil,True,7,6,0-9,0-9,5
يِتْغَلَّى,yitghalla,yitghalla,True,10,9,10-19,0-9,1
يتْجَمَّد,yitjammad,yitjammad,True,9,9,0-9,0-9,2
تُفَرُّد,tfarrad,tfarrad,True,8,7,0-9,0-9,3
مُعْتَمَد,mu3tamid,mu3tamid,True,9,8,0-9,0-9,2
اِشْفَط,2ushfut,2ishfut,False,7,7,0-9,0-9,5
حُنْطِي,7inti,7inti,True,7,5,0-9,0-9,2
اِتْجَعْرَف,2it3ajraf,2it3ajraf,True,11,9,10-19,0-9,3
فَشِق,fashshaq,fashshiq,False,5,8,0-9,0-9,5
هَرْمُون,hirmoon,harmoon,False,8,7,0-9,0-9,3
غَابّ,ghaab,ghaab,True,5,5,0-9,0-9,2
يِتْدَاقَق,yiddaaqaq,yiddaaqaq,True,10,9,10-19,0-9,1
بْرِجِل,barjil,barjal,False,7,6,0-9,0-9,4
يَورِجِي,ywarji,ywarji,True,8,6,0-9,0-9,4
مُمْتَنّ,mumtann,mumtann,True,8,7,0-9,0-9,1
سَبَع,sabi3,sabbi3,False,5,5,0-9,0-9,3
يُشْحُط,yish7at,yish7at,True,7,7,0-9,0-9,3
يصَرِّع,yrassi3,yisra3,False,7,7,0-9,0-9,5
دَاخِل,daakhil,daakhil,True,6,7,0-9,0-9,1
يدَبِّر,ydabbir,ydabbir,True,7,7,0-9,0-9,1
تَهَجُّم,thajjam,thajjam,True,8,7,0-9,0-9,2
اُهْفُت,2ihfit,2ihfit,True,7,6,0-9,0-9,2
يكَنِّس,ykannis,ykannis,True,7,7,0-9,0-9,1
جَارُوشِة,jaaruushe,jaaruushe,True,9,9,0-9,0-9,1
حَرْوَدِة,7arwade,7arwade,True,9,7,0-9,0-9,4
مُتَفَاقِم,mutafaaqim,mutafaaqim,True,10,10,10-19,10-19,2
فَسْوِق,fusuuq,fusuuq,True,7,6,0-9,0-9,5
بِفِش العَشَلِة,bifishshish 2il3ille,bifishshish 2il3illle,False,15,20,10-19,20-29,1
دِيَاثِة,dayaasa,dayaasa,True,8,7,0-9,0-9,2
طِبِل,tabal,tabbil,False,5,5,0-9,0-9,5
يعَايي,y3aayi,y3aayi,True,6,6,0-9,0-9,2
فَشَايِف,shafaayif,fashaayif,False,8,9,0-9,0-9,4
مْلَيِّح,malii7,malii7,True,8,6,0-9,0-9,2
حَاظِف,7aafiz,7aafiz,True,6,6,0-9,0-9,5
شَايِب عْيَاب,shaayib 3aayib,shaayib 3aayib,True,13,14,10-19,10-19,3
يُقْطُب,yqattib,yqattib,True,7,7,0-9,0-9,3
فَلْتَان,falataan,falataan,True,8,8,0-9,0-9,1
دَرَّس,darris,darris,True,6,6,0-9,0-9,2
يفَلِّل,yfallil,yfallil,True,7,7,0-9,0-9,2
طَرَى الجُو,tarra 2iljaww,tara 2iljaww,False,11,13,10-19,10-19,4
خُرْمَاشِي,kharaamiish,kharaamiish,True,10,11,10-19,10-19,5
سُعْرَان,sa3raan,sa3raan,True,8,7,0-9,0-9,3
عَوَّف,3uuf,3awwif,False,6,4,0-9,0-9,2
اِسْتَغْصَر,2istasghar,2istasghar,True,11,10,10-19,10-19,5
مَلَّاك,mlaak,mullaak,False,7,5,0-9,0-9,3
رِجَا,raja,raja,True,5,4,0-9,0-9,3
شَلْبَك,shalbak,shalbak,True,7,7,0-9,0-9,1
يِفْتِحِت,yiftati7,yfatti7,False,9,8,0-9,0-9,4
مُعَاديِّة,m3aayade,m3aayade,True,10,8,10-19,0-9,5
اِنْقَذّا,2inqaaz,2inqaaz,True,9,7,0-9,0-9,3
يِنْدِقِر,yindiqir,yindiqir,True,9,8,0-9,0-9,2
تَوِّز,tuuz,tawwaz,False,6,4,0-9,0-9,2
يِتْخَبَّط,yitkhabbat,yitkhabbat,True,10,10,10-19,10-19,3
شيل القَمْح,sheel 2ilqam7,sheel 2ilqam7,True,11,13,10-19,10-19,4
اِنَعْوَاج,2in3iwaaj,2in3iwaaj,True,10,9,10-19,0-9,4
نَصَح,nisi7,nassi7,False,5,5,0-9,0-9,1
دَجِّل,dajjal,dajjil,False,6,6,0-9,0-9,3
شَخَص,shakhkhas,shakhkhis,False,5,9,0-9,0-9,3
اُنْبُح,2inba7,2inba77,False,7,6,0-9,0-9,3
مْنَدِّي,mnaddi,mnaddi,True,8,6,0-9,0-9,2
يُقْرُق,yqarriq,yqarriq,True,7,7,0-9,0-9,3
خَطِّر,khatar,khattir,False,6,6,0-9,0-9,3
ينَخْدِع,yinkhidi3,yinkhidi3,True,8,9,0-9,0-9,5
اُنْبُع,2inbu3,2inbu3,True,7,6,0-9,0-9,4
اِقْتَلّ,2iqtul,2uqtul,False,8,6,0-9,0-9,3
بْكِير,bakkiir,bakkiir,True,6,7,0-9,0-9,4
مْعَنْوِن,m3anwan,ma3nuun,False,9,7,0-9,0-9,2
تْجَالَف,tjaalaf,tjaalaf,True,8,7,0-9,0-9,2
مِبَارَزِة,mubaaraze,mubaaraze,True,10,9,10-19,0-9,3
يتَشَرُّد,yitsharrad,yitsharrad,True,9,10,0-9,10-19,5
اِتْكَفَّل,2itkaffal,2itkallaf,False,10,9,10-19,0-9,1
عَلَّب,3ilab,3allib,False,6,5,0-9,0-9,3
أَغْلِى,2aghla,2aghla,True,7,6,0-9,0-9,4
مَرَاقِب,mraaqib,mraaqab,False,8,7,0-9,0-9,2
دَوِّدِة,duude,dawde,False,8,5,0-9,0-9,5
كِرْهَبَا,karhaba,karhaba,True,9,7,0-9,0-9,3
دَقْلِج,daqlidj,daqladj,False,7,7,0-9,0-9,1
شو جَاب الغرَاب لإِمُّه,shuu jaab 2ilghuraab lammo,shuu jaab 2ilghuraab lammmo,False,23,26,20-29,20-29,3
تِدَاقُق,tdaaqaq,tdaaqaq,True,8,7,0-9,0-9,4
تْجَاهَل,tjaahal,tjaahal,True,8,7,0-9,0-9,2
مَجَاعَة,majaa3a,mjaa3a,False,8,7,0-9,0-9,4
قَلْجِة,qaldje,qaldje,True,7,6,0-9,0-9,2
يصَلِّى,ysalli,yisla,False,7,6,0-9,0-9,1
ورقة رَابحة,waraqa raabi7a,waraqa raabi7a,True,11,14,10-19,10-19,4
طَوفِيرَة,toofariyye,toofariyye,True,9,10,0-9,10-19,5
الله,2alla,2ilhal,False,4,5,0-9,0-9,2
يْزَغْلِل,yzaghlil,yzaghlil,True,9,8,0-9,0-9,2
حَودِة,7awade,7awade,True,6,6,0-9,0-9,1
صُنْدَال,sanaadil,sanaadil,True,8,8,0-9,0-9,3
عِزِم,3azzam,3azzim,False,5,6,0-9,0-9,4
اِنْعَجِن,2in3ajan,2in3ajan,True,9,8,0-9,0-9,5
أُجَّار,2ajaar,2ajaar,True,7,6,0-9,0-9,5
مَاتْوَر,maatoor,maatoor,True,8,7,0-9,0-9,3
مش لَاقِيهَا من الشَعرَا,mish laaqiiha min 2ishshaari3,mish laaqiiha min 2ishshaari3,True,24,29,20-29,20-29,5
قُرْطُمِة,qartame,qartame,True,9,7,0-9,0-9,4
كَسِّر,kassar,kassir,False,6,6,0-9,0-9,2
مُرْجَلِّة,marjale,marjale,True,10,7,10-19,0-9,5
نِزِل عَلَيه الخَبَر مِثْل الصَّاعِقِة,nizil 3alee 2ilkhabar mitil 2issaa3iqa,nizil 3alee 2ilkhabar mitil 2issaa3iqa,True,38,38,30-39,30-39,5
جلده بيحك,jildo bi7ukko,jildo bi7ukko,True,9,13,0-9,10-19,4
طَرْف الجَيبِة,taraf 2iljeebe,taraf 2iljeebe,True,14,14,10-19,10-19,2
مُدْمِي,mudmi,mudmi,True,7,5,0-9,0-9,3
اِغْتَرِب,2ightarab,2ightarab,True,9,9,0-9,0-9,5
وَرِم,warrim,warram,False,5,6,0-9,0-9,5
يهوِّد,yhawwid,yhawwid,True,6,7,0-9,0-9,4
اِسْتَفْسِر,2istafsar,2istafsir,False,11,9,10-19,0-9,4
غِرِق,gharraq,gharriq,False,5,7,0-9,0-9,4
بُرْوَة,barwe,barwe,True,7,5,0-9,0-9,4
اِسْتَمَال,2istamaal,2istimlaal,False,10,9,10-19,0-9,1
تَفَنّ,tfannan,taffin,False,6,7,0-9,0-9,3
يِعْيَن,y3ayyin,y3ayyin,True,7,7,0-9,0-9,5
مْلَيِّح,mlii7,malii7,False,8,5,0-9,0-9,2
غِيَاب,ghiyaab,ghayaab,False,6,7,0-9,0-9,4
اِنْتَف,2intaff,2intif,False,7,7,0-9,0-9,5
إِسْكَمْلِة,2iskamle,2iskamle,True,11,8,10-19,0-9,2
يْرَكْتِن,yirtikin,yraktin,False,9,8,0-9,0-9,4
ثَرْثِرَة,sarsara,sarsara,True,9,7,0-9,0-9,5
قَمِّط,qammat,qammat,True,6,6,0-9,0-9,3
عَدَنُه,3addinno,3addinno,True,7,8,0-9,0-9,3
دَلِس,dallas,dallas,True,5,6,0-9,0-9,5
مَا بْيَسوَى,maa byiswa,maa byiswa,True,12,10,10-19,10-19,3
نَوبَة,noobe,noobe,True,6,5,0-9,0-9,3
عُلّ,3all,3ill,False,4,4,0-9,0-9,3
يتَعْسِف,yit3assaf,yit3assaf,True,8,9,0-9,0-9,4
اِتْلَفَّع,2itlaffa3,2itlaffa3,True,10,9,10-19,0-9,1
يِتْخَشَّط,yitkhashshat,yitkhashshat,True,10,12,10-19,10-19,1
أَصْمال,2amsaal,2amsaal,True,7,7,0-9,0-9,5
مْمَرِّق,2immarriq,2immarraq,False,8,9,0-9,0-9,2
تَكَرْمِي,takriim,takriim,True,9,7,0-9,0-9,2
يُشْغُل,yishghil,yishghil,True,7,8,0-9,0-9,5
يِنْمِغِص,yinmighis,yinmighis,True,9,9,0-9,0-9,2
مْنَاتَعَة,mnaata3a,mnaata3a,True,10,8,10-19,0-9,1
لُسُوع,laswa3,laswi3,False,6,6,0-9,0-9,3
غَيَّم,ghayyim,ghayyam,False,6,7,0-9,0-9,2
طَلَهِينِة,talhiine,talhiine,True,10,8,10-19,0-9,5
حَيف,7ayyaf,7ayyif,False,4,6,0-9,0-9,1
صَاغّ,saagh,ghaas,False,5,5,0-9,0-9,5
صْرِيف,sarriif,sriif,False,6,7,0-9,0-9,2
يْهَمِّر,yhammir,yihmar,False,8,7,0-9,0-9,5
اِسْتَقْرِب,2istaqrab,2istaqrib,False,11,9,10-19,0-9,4
عْدَالِة,3adaale,3adaale,True,8,7,0-9,0-9,4
يمَتِّر,ymattir,ymattir,True,7,7,0-9,0-9,1
سَرِح,sara7,sarri7,False,5,5,0-9,0-9,5
يَا مآمنة بَالرجَال يَا مآمنة بَال,yaa m2aamne birjaal yaa m2aamne bilmayy bilghirbaal,yaa m2aamne birjaal yaa m2amne bilmaayy bilmaaay m2,False,34,51,30-39,50-59,3
مْخَرِّف,mkharrif,mkharrif,True,8,8,0-9,0-9,2
يَوِّش,ywishsh,ywishsh,True,6,7,0-9,0-9,4
جَرَب,jarrib,jarrib,True,5,6,0-9,0-9,1
بَرَّدَايِة,burdaaye,burdaaye,True,11,8,10-19,0-9,4
غُضَّيب,ghadiib,ghadiib,True,7,7,0-9,0-9,3
كُرْبُل,karbal,karbil,False,7,6,0-9,0-9,5
تَوَهَان,tawahaan,tawahaan,True,8,8,0-9,0-9,1
كِبَّة,kubbe,kabbe,False,6,5,0-9,0-9,5
قِجِج,qadjdjadj,qadjdjidj,False,5,9,0-9,0-9,5
لَا يِمْرُه فَايِط ولَا خَيرَك,law fii kheer maa kaan ramaa 2itteer,laa yrumri fii kheer wu2illa ya kaanataman,False,30,36,30-39,30-39,2
مْسَكَّن,maskan,musakkin,False,8,6,0-9,0-9,4
يُسْبُع,ysabbi3,ysabbi3,True,7,7,0-9,0-9,5
نَسَل,nassal,nassil,False,5,6,0-9,0-9,1
تْكَتَّف,tkattaf,tkattaf,True,8,7,0-9,0-9,1
هُضُم,haddam,haddim,False,5,6,0-9,0-9,5
حِينِوِة,7aywane,7aywane,True,8,7,0-9,0-9,5
اِجْعَد,djaa3id,2ij3id,False,7,7,0-9,0-9,3
عَيِّن,3ayyan,3ayyin,False,6,6,0-9,0-9,1
كِرْنِبِة,karnabe,karnabe,True,9,7,0-9,0-9,5
تِكّ,tikk,takk,False,4,4,0-9,0-9,2
يقَطِّع,yqatti3,yqatti3,True,7,7,0-9,0-9,4
اِنْطَزِع,2intaza3,2initzi3,False,9,8,0-9,0-9,5
أَوَّلَانِي,2awwalaani,2awwalaani,True,11,10,10-19,10-19,4
رَجَّل,rajjal,rajjal,True,6,6,0-9,0-9,1
عَنْفِص,3anfis,3anfas,False,7,6,0-9,0-9,3
مَصْمُوع,mamsuu3,mamsuu3,True,8,7,0-9,0-9,1
صَلِب,salb,salb,True,5,4,0-9,0-9,4
يفَرِّز,yfarriz,yfarriz,True,7,7,0-9,0-9,1
يُهَاجِر,yhaajir,yhaajir,True,8,7,0-9,0-9,4
جِرَادِين,jaraadiin,jaraadiin,True,9,9,0-9,0-9,5
اِنِحَاز,2in7aaz,2in7aaz,True,8,7,0-9,0-9,2
الحَيِّة مَابِتْصِير خَيِّة,2il7ayye maa bitsiir khayye,2il7ayye maa bitsiir kheeri,False,27,27,20-29,20-29,1
تَلْقَى,tlaqqa,tlaqqa,True,7,6,0-9,0-9,4
وَلْي,wali,wali,True,5,4,0-9,0-9,5
شَلَافِيو,shalfaawi,shalaafi,False,9,9,0-9,0-9,1
تْدَلْبَع,2iddal3ab,2iddalba3,False,9,9,0-9,0-9,4
قَصِّر,qusur,qassir,False,6,5,0-9,0-9,2
شَقِع,shaqqi3,shaqqa3,False,5,7,0-9,0-9,5
يِسْتَكْبَر,yistakbir,yistakbir,True,11,9,10-19,0-9,2
يِهَاب,yhaab,yhaab,True,6,5,0-9,0-9,4
تَرَابَاته أخذوه,traabaato 2akhaduu,traabaato 2akhaduu,True,16,18,10-19,10-19,4
قَحَص,qa7as,qa7as,True,5,5,0-9,0-9,1
اِسْتِهْشَاد,2istishhaad,2istishhaad,True,12,11,10-19,10-19,5
اِنْسِطِح,2insata7,2insata7,True,9,8,0-9,0-9,4
حَلُو,7ilu,7ilu,True,5,4,0-9,0-9,1
اِسْتَعْمِى,2ista3ma,2ista3ma,True,11,8,10-19,0-9,3
لَوك,luukg,luukg,True,4,5,0-9,0-9,2
اِتْبَحْبَر,2itbarba7,2itbarba7,True,11,9,10-19,0-9,3
اِسْمُه بَالأَرْض,2ismo bil2ard,2ismo bil2ard,True,17,13,10-19,10-19,3
خْدَام,khaddaam,khaddaam,True,6,8,0-9,0-9,3
تَلِم,tallam,tallam,True,5,6,0-9,0-9,5
نَعْنُون,na3nuu3,na3nuu3,True,8,7,0-9,0-9,1
اُنْصُر,naasir,2unsur,False,7,6,0-9,0-9,3
لَدَع,lada3,laddi3,False,5,5,0-9,0-9,1
كَعَك,ka3ik,ka33ik,False,5,5,0-9,0-9,1
يُلْضُم,yuldum,yuldum,True,7,6,0-9,0-9,3
نِتْيِجِة,natiije,natiije,True,9,7,0-9,0-9,3
كَيد وبَال,kiid wubala,kiid wubaal,False,10,11,10-19,10-19,3
تَفَرْعَن,tfar3an,tfar3an,True,9,7,0-9,0-9,2
اُهْجُر,2uhjur,2uhjur,True,7,6,0-9,0-9,1
خُوش بِبَوش,khoosh boosh,khoosh boosh,True,11,12,10-19,10-19,5
فُرُوع,fruu3,fruu3,True,6,5,0-9,0-9,2
زَقْرَق,zaqriq,zaqriq,True,7,6,0-9,0-9,1
مَورَت,mwartish,mwarrit,False,6,8,0-9,0-9,5
كُيل,kayyil,kayyil,True,4,6,0-9,0-9,5
فَاقِم,faaqim,faaqim,True,6,6,0-9,0-9,1
فك العُقْدة,fikk 2il3uqde,fikk 2il3uqde,True,11,13,10-19,10-19,2
اُزْغُل,2izghil,2izghil,True,7,7,0-9,0-9,2
مْلَولَب,mloolib,mloolib,True,8,7,0-9,0-9,3
حِيدَرِيِّة,7eedariyye,7eedariyye,True,11,10,10-19,10-19,2
يُشُوش,yshawwish,yshawwish,True,6,9,0-9,0-9,5
عَسَر,3assar,3assir,False,5,6,0-9,0-9,4
لَاهَث,laahith,laahith,True,6,7,0-9,0-9,3
وَاعَي,waa3i,waa3i,True,6,5,0-9,0-9,4
بْلَغَّم,balgham,balgham,True,8,7,0-9,0-9,5
اِتْلَقَّح,2itlaqqa7,2itlaqqa7,True,10,9,10-19,0-9,1
شَفّ,fashsh,shiff,False,4,6,0-9,0-9,5
رَأْس,ra2as,ra2as,True,5,5,0-9,0-9,2
اِنْطِح,2inta7,2inta7,True,7,6,0-9,0-9,5
طُرْطُوفِة,tartuufe,tartuufe,True,10,8,10-19,0-9,5
تَشَوِيش,tashwiish,tashwiish,True,8,9,0-9,0-9,4
بِرْنَاس,baraanis,birnaas,False,8,8,0-9,0-9,4
لِفْتِة,lafte,lifte,False,7,5,0-9,0-9,3
خَنْطَق مَنْطَق,khantaq mantaq,khantaq mantaq,True,15,14,10-19,10-19,2
اِحْتَرَف,2i7tirif,2i7taraf,False,9,8,0-9,0-9,2
اِتَّكَتُّل,2itkattal,2itkattal,True,11,9,10-19,0-9,2
اِنْصَهَر,2insihir,2insahar,False,9,8,0-9,0-9,3
مُرَاقِب,muraaqib,mraaqab,False,8,8,0-9,0-9,5
تْسِلْبِد,tsalbad,tsalbad,True,9,7,0-9,0-9,4
دُعْبُوب,da3buub,da3buub,True,8,7,0-9,0-9,3
اِبْحَث,2ib7as,2ib7as,True,7,6,0-9,0-9,2
اِبن عَالَم ونَاس,2ibin 3aalam wunaas,2ibin 3aalam wunaas,True,17,19,10-19,10-19,2
يلَقِّف,yulquf,yulquf,True,7,6,0-9,0-9,1
اِتَكَعْبَل,2itka3bal,2itka3bal,True,11,9,10-19,0-9,5
اِرْوِش,2irwish,2irwish,True,7,7,0-9,0-9,1
خُبُر,khabbar,khabbir,False,5,7,0-9,0-9,4
اُخْطُر,2ikhtur,2ukhtur,False,7,7,0-9,0-9,1
قَمْقَوش,qamquush,qamquush,True,8,8,0-9,0-9,4
يحَزِّق,yu7zuk,yi7zaq,False,7,6,0-9,0-9,2
نَاكِف,naakaf,naakif,False,6,6,0-9,0-9,1
مُدُورَة,midwara,mduura,False,8,7,0-9,0-9,5
صُوف,suuf,sawwif,False,4,4,0-9,0-9,1
كلَامه زي البيخ,kalaamo zayy hubbaal 2ittabiikh,kalaamo zayy 2ilkhubb,False,15,31,10-19,30-39,3
تْشَاغَل,tshaaghal,tshaaghal,True,8,9,0-9,0-9,2
اِفْلَخ,2iflakh,2iflakh,True,7,7,0-9,0-9,1
لَهُوج,lahwadj,lahwadj,True,6,7,0-9,0-9,5
اللي بزعل لحَاله بيرضَى لحَاله,2illi biz3al la7aalo birda la7aalo,2illi biz3al la7aalo birda la7aalo,True,30,34,30-39,30-39,1
رَابِّي,raabi,raabi,True,7,5,0-9,0-9,4
خُشُط,khashshat,khashshit,False,5,9,0-9,0-9,5
اِنْشِق,2unshuq,2unshuq,True,7,7,0-9,0-9,5
اِسْتَنْظَف,2istandaf,2istandif,False,11,9,10-19,0-9,1
يُقْزُع,yqkazzi3,yiqkza3,False,7,8,0-9,0-9,5
اِتْصَحَّح,2it7as7as,2it7as7as,True,10,9,10-19,0-9,1
شُرْمُط,sharmat,sharmit,False,7,7,0-9,0-9,4
نَبَابِيت,nabaabiit,nabaabiit,True,9,9,0-9,0-9,1
مُوجِة,mooje,mooje,True,6,5,0-9,0-9,2
يحَتْرِم,yi7tirim,yi7tirim,True,8,8,0-9,0-9,3
غَرَر,ghurar,gharrir,False,5,6,0-9,0-9,4
يثُوق,yuusaq,ywassiq,False,5,6,0-9,0-9,4
بَارِيت,batriina,baarti,False,7,8,0-9,0-9,4
مِكْمَون,makmuun,makmuun,True,8,7,0-9,0-9,4
تْوِدِّع,twadda3,twadda3,True,8,7,0-9,0-9,5
يِسْتَحْمِل,yista7mil,yista7mil,True,11,9,10-19,0-9,1
أَقَارِب,2aqaarib,2aqaarib,True,8,8,0-9,0-9,1
مَا أَضْرَط من الخَال إِبن الَالَخته,maa 2adrat min 2ilkhaal 2illa 2ibin 2ukhto,maa 2adrat min 2ilkhaal 2illa 2ibin 2ukhto,True,36,42,30-39,40-49,4
يِدْعِبِس,yda3bis,yda3bis,True,9,7,0-9,0-9,3
يُحْصُل,yu7sul,yi7sil,False,7,6,0-9,0-9,2
نَاكِر,naakir,naakir,True,6,6,0-9,0-9,1
يِنْحَب,yin7abb,yin7abb,True,7,7,0-9,0-9,3
لَيلِخ,leelakh,leelakh,True,6,7,0-9,0-9,2
اُرْبُط,2urbut,2urbut,True,7,6,0-9,0-9,2
وَخَّذ,wakhadh,wakhadh,True,6,7,0-9,0-9,2
طِالِع,taala3,taali3,False,6,6,0-9,0-9,3
اِسْتَقْعَد,2istaq3id,2istaq3id,True,11,9,10-19,0-9,1
مِنْحِرِف,mun7arif,mun7arif,True,9,8,0-9,0-9,5
يتَمْوِن,yitmawwan,yitmawwan,True,8,9,0-9,0-9,3
لَحِّس,la77is,la77as,False,6,6,0-9,0-9,2
اِنْتَهى,2intaha,2intaha,True,8,7,0-9,0-9,4
ذَيل,deel,dayyal,False,4,4,0-9,0-9,1
نَطَز,nataz,nattiz,False,5,5,0-9,0-9,2
غَصَّب,ghassib,ghassib,True,6,7,0-9,0-9,3
وَرَق سَنْفِة,waraq sanfara,waraq sanfara,True,13,13,10-19,10-19,3
مَغْرِز,mgharriz,mgharriz,True,7,8,0-9,0-9,3
اِسْتَبْطِئ,2istabti2,2istabti2,True,11,9,10-19,0-9,2
طَرّ,turr,turr,True,4,4,0-9,0-9,1
جَادَل,jaadal,jaadil,False,6,6,0-9,0-9,2
اِقْرُش,2aarash,2uqrush,False,7,7,0-9,0-9,4
اِشْرُك,2ishrik,2ishrik,True,7,7,0-9,0-9,3
كِسِب,kisib,kassib,False,5,5,0-9,0-9,4
نَشَب,nashab,nashshib,False,5,6,0-9,0-9,1
بَرَّد,barid,barrad,False,6,5,0-9,0-9,2
تْعُوذ,t3awwaz,t3awwaz,True,6,7,0-9,0-9,4
يِحْسِم,yi7sim,yi7sim,True,7,6,0-9,0-9,1
تْشَيَّف,tashaffi,tshayyaf,False,8,8,0-9,0-9,4
بيت دَعْرَاة,beet da3aara,beet da3aara,True,12,12,10-19,10-19,5
مَقْطُوع مِن شَجَرَة,maqtuu3 min shajara,maqtuu3 min shajara,True,20,19,20-29,10-19,4
يِتْعَثَّر,yit3attar,yit3attar,True,10,9,10-19,0-9,1
دَلْهِم,dalham,dalhim,False,7,6,0-9,0-9,1
إِجِرِي عإِجرك,2ijri 3a2ijrak,2ijri 3a2ijrak,True,14,14,10-19,10-19,1
يِتْخَشْرَط,yitkhartash,yitkhartash,True,11,11,10-19,10-19,3
زِرْك,zaratsh,zaratsh,True,5,7,0-9,0-9,4
شَيخ الشَّبَاب,sheekh 2ishshabaab,sheekh 2ishshabaab,True,14,18,10-19,10-19,4
حَبَارِيق,7abaariiq,7abaariiq,True,9,9,0-9,0-9,1
اِفْشُق,2ufshuq,2ufshuq,True,7,7,0-9,0-9,3
تَغَمُّس,tghammas,tghammas,True,8,8,0-9,0-9,2
ضَيف,deef,dayyaf,False,4,4,0-9,0-9,4
حَلَل,7ilal,7allil,False,5,5,0-9,0-9,5
مُقَاثِة,miqkthaa,miqkthaa,True,8,8,0-9,0-9,3
اِسْتَطَاع,3istataa3,2istataa3,False,10,9,10-19,0-9,1
اِصْمَع,2imsa3,2imsa3,True,7,6,0-9,0-9,1
سَقَّط,saqat,saqqat,False,6,5,0-9,0-9,2
وُشّ,washsh,wishsh,False,4,6,0-9,0-9,3
يِجْعِل,yja3lis,yij3al,False,7,7,0-9,0-9,3
المِلِح مَا أثر فيه,2ilmili7 maa 2atmar fii,2ilmili7 maa 2atriif malo,False,19,23,10-19,20-29,3
زَقُّوم,zquum,zquum,True,7,5,0-9,0-9,3
مُجَازِر,majaazir,majaazir,True,8,8,0-9,0-9,5
سَحُّول,sa7wil,sa7wal,False,7,6,0-9,0-9,5
مَرْيَلِة طَبِخ,maryalit tabikh,maryalit tabikh,True,15,15,10-19,10-19,2
مِفْرِز,mfarraz,mfarriz,False,7,7,0-9,0-9,5
وَقَّع,waqqa3,waqqi3,False,6,6,0-9,0-9,2
يِغْسِل,yghassil,yghassil,True,7,8,0-9,0-9,4
يِنِعْزِل,yin3izil,yin3izil,True,9,8,0-9,0-9,3
أُذُونِة,2uzuune,2uzuune,True,8,7,0-9,0-9,1
مَرَص,maras,marris,False,5,5,0-9,0-9,1
يقَنِّي,yiqni,yiqni,True,7,5,0-9,0-9,1
إِيدُه مَاسكة,2iido maaske,2iido maaske,True,13,12,10-19,10-19,2
روَابِط,rawaabit,rawaabit,True,7,8,0-9,0-9,1
بَالسَّلَامِة ان شَاء اللله,bissalaame 2in shaalla,bissalaame 2in shaalla,True,27,22,20-29,20-29,2
يخَمِّع,yikhma3,yikhma3,True,7,7,0-9,0-9,2
كَعِب الرُّج,ka3ib 2irrijil,ka3ib 2irrij,False,12,14,10-19,10-19,3
يِتَلَاقَى,yitlaaqa,yitlaaqa,True,10,8,10-19,0-9,4
تَلَوبَل,tloolab,tloolab,True,8,7,0-9,0-9,3
خُشّ بطِيزِي,khushsh 2ibtiizi,khushsh btiizi,False,12,16,10-19,10-19,2
تَدْلِيل,tadliil,tadliil,True,8,7,0-9,0-9,1
فِتّ,fitt,fitt,True,4,4,0-9,0-9,4
زَعُّوط,z3uut,z3uut,True,7,5,0-9,0-9,5
اِسْتَهَالَك,2istihlaak,2istihlaak,True,12,10,10-19,10-19,4
حُجّ,7ajj,7ijj,False,4,4,0-9,0-9,3
مْرَتِّب,mrattab,mrattib,False,8,7,0-9,0-9,2
يجيِّد,ydjiid,yjiid,False,6,6,0-9,0-9,3
يُلْخُم,yilkham,yilkham,True,7,7,0-9,0-9,5
يفَتِّت,yfattit,yfattit,True,7,7,0-9,0-9,2
اِنْفَجَع,2infaja3,2inifji3,False,9,8,0-9,0-9,4
تَخَرْطَش,tkhartash,tkhartash,True,9,9,0-9,0-9,5
تْنِكِه,tnakkah,tnakkah,True,7,7,0-9,0-9,4
بَقَع,baqqi3,baqqa3,False,5,6,0-9,0-9,2
رَجَا,raja,raja,True,5,4,0-9,0-9,1
مَوجِة بَرْد,moojit bard,moojit bard,True,12,11,10-19,10-19,2
ثُقَب,thuqkab,thuqkab,True,5,7,0-9,0-9,3
سِبْلِة,sabale,sabale,True,7,6,0-9,0-9,4
تُرْوِيقَة,tarwii2a,tarwii2a,True,10,8,10-19,0-9,4
فَرْسُومَان,farsamuuna,farsamuuna,True,11,10,10-19,10-19,4
وِرِد,wird,warrad,False,5,4,0-9,0-9,2
يَتِّين,ytayyin,ytayyin,True,7,7,0-9,0-9,5
عَطَّايَا,3ataaya,3ataaya,True,9,7,0-9,0-9,2
يِتْنَفَّس,yitnaffas,yitnaffas,True,10,9,10-19,0-9,1
شِيبَان,shiibaan,shiibaan,True,7,8,0-9,0-9,1
خُتْمِة,khatme,khatme,True,7,6,0-9,0-9,5
اِخْرَج,2ukhruj,2ukhruj,True,7,7,0-9,0-9,4
دَحِق,da77ag,da77ag,True,5,6,0-9,0-9,4
خُص,khuss,khass,False,3,5,0-9,0-9,4
زْعِيم,za3iim,3aziim,False,6,6,0-9,0-9,1
عَزِّم,3azzim,3azzim,True,6,6,0-9,0-9,2
نَاظُور,naazuur,naazuur,True,7,7,0-9,0-9,1
خُجُول,khajuul,khajuul,True,6,7,0-9,0-9,3
أَوْطَان,2awtaan,2awtaan,True,8,7,0-9,0-9,1
قَطَّع إِجْرُه,qata3 2ijro,qata3 2ijro,True,14,11,10-19,10-19,5
أَوْلَاد إِمبْحَار,2awlaad 2imbaari7,2awlaad 2imbaari7,True,18,17,10-19,10-19,5
يِفْرَشِي,yfarshi,yfarshi,True,9,7,0-9,0-9,5
تَحَاكِى,t7aaka,t7aaka,True,8,6,0-9,0-9,4
تَغَبُّر,tghabbar,tghabbar,True,8,8,0-9,0-9,2
اِفْلَت,2iflat,2iflit,False,7,6,0-9,0-9,4
اِنْهَب,2inhab,2inhab,True,7,6,0-9,0-9,1
أَقْسَاف,2aqfaas,2aqsaaf,False,8,7,0-9,0-9,5
مْعَتَّاد,mu3taad,mu3taad,True,9,7,0-9,0-9,4
القَاطِب من حَالهَا بيخ,2il qutt maa bi7ibb 2illa khunnaaqo,2il qutt maa bi7ib 2illa khunnaaqo,False,23,35,20-29,30-39,3
مَنَاكِس,manaasik,manaakis,False,8,8,0-9,0-9,2
جَمِّل,jumal,jammil,False,6,5,0-9,0-9,1
مُدْرَب,mudarrib,mdarrib,False,7,8,0-9,0-9,4
اِضْوِي,2idwi,daawi,False,7,5,0-9,0-9,1
اِتْخَرْبَش,2itkharbash,2itkharbash,True,11,11,10-19,10-19,1
أَعَفَّى,2a3fa,2a3fa,True,8,5,0-9,0-9,5
يتْفَلَّق,yitfallaq,yitfallaq,True,9,9,0-9,0-9,2
فَرِّم,farrim,farram,False,6,6,0-9,0-9,3
يفَوِّش,yfuush,yfuush,True,7,6,0-9,0-9,1
حَشَا السَّمْعَاني,7asha 2issaam3iin,7asha 2issaam3iin,True,18,17,10-19,10-19,2
اِسْتَكْطَفى,2istakfa,2istakfa,True,12,8,10-19,0-9,5
فَنَط,fannit,fannit,True,5,6,0-9,0-9,3
شَلَّخ,shallikh,shallikh,True,6,8,0-9,0-9,1
مْوَطَّن,mawtin,mwattan,False,8,6,0-9,0-9,2
خُلّ,khill,khall,False,4,5,0-9,0-9,3
سَيبِة,siibe,siibe,True,6,5,0-9,0-9,2
رَكّ,rakk,rukk,False,4,4,0-9,0-9,3
أَصْفَر,2asfar,2asfar,True,7,6,0-9,0-9,1
أَضْعَاف,2ad3aaf,2ad3aaf,True,8,7,0-9,0-9,1
الكِخّ أَخُو الخَرَا,2il kikhkh 2akhu 2ilkhara,2il kikhkh 2akhu 2ilkhara,True,20,25,20-29,20-29,1
اِقْتَاحِم,2iqti7aam,2iqti7aam,True,10,9,10-19,0-9,4
تْزَانَم,tazaamun,tzaaman,False,8,8,0-9,0-9,3
نَغَّد,naghad,naghad,True,6,6,0-9,0-9,2
يُعْصُر,y3assir,yu3sur,False,7,7,0-9,0-9,3
بَطَاطَايِة,bataataaye,battaataaye,False,11,10,10-19,10-19,2
قَطَارَة,qattara,qitaara,False,8,7,0-9,0-9,5
أَسَّاسي,2asaasi,2asaasi,True,8,7,0-9,0-9,5
مُلَاح,mlaa7,malaa7,False,6,5,0-9,0-9,5
بُطُن,batin,batan,False,5,5,0-9,0-9,4
مِسْتِحِي,misti7i,misti7i,True,9,7,0-9,0-9,4
اِتْوَقَّت,2itwaqqat,2itwaqqat,True,10,9,10-19,0-9,1
قَرِص,qaras,qarris,False,5,5,0-9,0-9,4
شِلِح,shalli7,shalli7,True,5,7,0-9,0-9,4
يلعن أبو اللي فضك,yil3an 2abu 2illi nafadak,yil3an 2abu 2illi nafadak,True,17,25,10-19,20-29,1
يِحْلِح,y7al7il,yi7la7,False,7,7,0-9,0-9,3
الدِّنْيَا أَو حَيَامِة,2iddinya 7ayaa 2aw moot,2iddinya 7ayaa 2aw moot,True,23,23,20-29,20-29,3
يْقَرْفِص,yqarfis,yqarfis,True,9,7,0-9,0-9,4
سُبَرْدَحَة,sabarda7a,sabarda7a,True,11,9,10-19,0-9,3
تَسَّع,tassa3,tassi3,False,6,6,0-9,0-9,2
يِتْنَطْوَط,yitwattan,yitwattan,True,11,9,10-19,0-9,5
بعرفِش كُوعُه من بُوعُه,bi3rafish kuu3o min buu3o,bi3rafish kuu3o min buu3o,True,23,25,20-29,20-29,5
اِتْرَصَّد,2itsaddar,2itrassad,False,10,9,10-19,0-9,5
جَعَايِز,3ajaayiz,dja3aayiz,False,8,8,0-9,0-9,3
حُمَّايِة,7imaaye,7imaaye,True,9,7,0-9,0-9,5
خَلْفِي,khalfi,khalfi,True,7,6,0-9,0-9,2
بَلَدي,baladi,baladi,True,6,6,0-9,0-9,3
شِبِح,shaba7,shabbi7,False,5,6,0-9,0-9,5
يقَسِّم,yiqsim,yqassim,False,7,6,0-9,0-9,2
مسم فَارِي نِعِش,mismaar fi na3ish,mismaar fi na3ish,True,16,17,10-19,10-19,3
يزَرْزِرّ,yzarzirr,yzarzirrr,False,9,8,0-9,0-9,1
جُنْكَال,jankala,jankaal,False,8,7,0-9,0-9,4
شِاط,shaat,shaat,True,4,5,0-9,0-9,4
يِضِم,ydumm,ydumm,True,5,5,0-9,0-9,5
يتْنَشَّق,yitshanna2,yitnashshaq,False,9,10,0-9,10-19,4
تَوَافِد,twaafad,twaafad,True,8,7,0-9,0-9,4
سْكَاكِين,sakaakiin,sakaakiin,True,9,9,0-9,0-9,2
يطِيع,ytii3,ytii3,True,5,5,0-9,0-9,1
اِتْجَرْجَر,2itjarjar,2itjarjar,True,11,9,10-19,0-9,1
زَمَّق,mazzaq,mazzaq,True,6,6,0-9,0-9,2
مُتَجَذْمِر,mitdjadhmir,mitdjadhmir,True,11,11,10-19,10-19,3
فِسِف,fasfis,fasfas,False,5,6,0-9,0-9,5
مُرْتَبَط,mirtibit,murtabat,False,9,8,0-9,0-9,4
صُون,suun,sawwan,False,4,4,0-9,0-9,3
شَن,shinn,shann,False,3,5,0-9,0-9,5
يِزْعَط,yza33it,yiz3at,False,7,7,0-9,0-9,1
جَوَازِة,jwaaze,jawwaaze,False,8,6,0-9,0-9,4
اِنْرَفَع,2inrifi3,2inrafa3,False,9,8,0-9,0-9,4
أَطْلِق,2atlaq,2atlaq,True,7,6,0-9,0-9,4
اِنْقَدَّح,2inqada7,2inqada7,True,10,8,10-19,0-9,5
حَلَوَان,7ilwaan,7alawaan,False,8,7,0-9,0-9,5
مَقْوَر,2imqkuur,mqoorik,False,7,8,0-9,0-9,5
قُشَّاط,qshaat,qshaat,True,7,6,0-9,0-9,3
اِفْتَقَد,2iftaqad,2iftaqad,True,9,8,0-9,0-9,2
مُسْتَحِي,mista7i,misti7i,False,9,7,0-9,0-9,1
رَاقبه من ولَا روَا,raaqabo minwara,raaqabo minwala ra,False,19,15,10-19,10-19,4
رَوَّق,rawwaq,rawwaq,True,6,6,0-9,0-9,2
نَشِط,nashshit,nashshit,True,5,8,0-9,0-9,5
يرِدّ,yrudd,yrudd,True,5,5,0-9,0-9,2
حِنَن,7annin,7annin,True,5,6,0-9,0-9,4
أَبْهِر,2abhar,2abhar,True,7,6,0-9,0-9,2
يبَكِّيه دم,ybakkii damm,ybakkii damm,True,11,12,10-19,10-19,5
قُلَّاع,qilaa3,qlaa3,False,7,6,0-9,0-9,4
غُفُور,ghafuur,ghafuur,True,6,7,0-9,0-9,2
جَيُّوش,jyuush,jyuush,True,7,6,0-9,0-9,2
طَرْمِخ,tarmikh,tarmikh,True,7,7,0-9,0-9,3
قَسْمِة ونصيب,qisme wunasiib,qisme wunasiib,True,13,14,10-19,10-19,2
مِلْكِة,milke,milke,True,7,5,0-9,0-9,2
كَرَاتْنِي,karaatiin,karaatiin,True,10,9,10-19,0-9,5
قَرْوِي,qarawi,qarawi,True,7,6,0-9,0-9,1
مْدَالِيِّة,madaalye,mdaalye,False,11,8,10-19,0-9,3
يُعْطُش,yi3tash,y3attish,False,7,7,0-9,0-9,5
تُعْطُر,t3attar,t3attar,True,7,7,0-9,0-9,5
جِيبُو,jyuub,jyuub,True,6,5,0-9,0-9,3
أَزْعُم,2az3am,2az3am,True,7,6,0-9,0-9,2
مَجِير,mujiir,mujiir,True,6,6,0-9,0-9,5
عِمَارَة,3amaara,3amaara,True,8,7,0-9,0-9,5
جَاهِد,jaad,jaahid,False,6,4,0-9,0-9,5
تَعَبِّيط,ta3biit,ta3biit,True,9,7,0-9,0-9,2
اِنْسَب,2insabb,2insabb,True,7,7,0-9,0-9,3
القَالب غَالب,2ilqaalib ghaalib,2ilqaalib ghaalib,True,13,17,10-19,10-19,1
هَفْهَف,hafhif,hafhif,True,7,6,0-9,0-9,1
هُتُور,hatwar,hatwar,True,6,6,0-9,0-9,4
بَرَاطِش,baraatish,baraatish,True,8,9,0-9,0-9,1
نِفْسُه حَامْضَة,nifso 7aamda,nifso 7aamda,True,16,12,10-19,10-19,1
اِمْثَل,maasal,2imsil,False,7,6,0-9,0-9,5
مْنَحِّل,mun7all,mun7all,True,8,7,0-9,0-9,1
تْفَرَّق,tfarraq,tfarraq,True,8,7,0-9,0-9,1
جَغَّم,jughum,jughum,True,6,6,0-9,0-9,4
اِسْتِخْرَاة,2istikhaara,2istikhaara,True,12,11,10-19,10-19,3
قَنَاعَة,qanaa3a,qanaa3a,True,8,7,0-9,0-9,1
حْكَاوِي,7akaawi,7akaawi,True,8,7,0-9,0-9,4
مْمَرْوِس,mamruus,mamruus,True,9,7,0-9,0-9,2
رَسْتِق,rastik2,rastak2,False,7,7,0-9,0-9,3
اِتَشَطُّر,2itshattar,2itshattar,True,10,10,10-19,10-19,5
لُخْبَطَة,lakhbata,lakhbata,True,9,8,0-9,0-9,3
قَسْمِة ونصبي,qisme wunasiib,qisme wunasiib,True,13,14,10-19,10-19,3
بِلْبِص,balbis,balbas,False,7,6,0-9,0-9,5
مَاكُل,maakil,maakil,True,6,6,0-9,0-9,4
قُرْطُم,qartam,qartim,False,7,6,0-9,0-9,5
اُبْرُش,2ubrush,2ubrush,True,7,7,0-9,0-9,2
بُلْكُونِة,balkoone,balkoone,True,10,8,10-19,0-9,5
اِنْقَدّ,naaqid,2inqadd,False,8,6,0-9,0-9,3
فِلْفِلِة,filfile,filfile,True,9,7,0-9,0-9,4
يلَسْوِع,ylaswi3,ylaswi3,True,8,7,0-9,0-9,1
عَظَّام,3daam,3daam,True,7,5,0-9,0-9,3
جَوَارِير,jawaariir,jawaariir,True,9,9,0-9,0-9,1
تْمَصْوَع,tmaswa3,mitsoomi3,False,9,7,0-9,0-9,2
يفَزِّع,yifzi3,yifza3,False,7,6,0-9,0-9,3
اِتْمَرَّم,2itrammam,2itmarram,False,10,9,10-19,0-9,4
يُمُر,ymurr,ymurr,True,5,5,0-9,0-9,4
جَرْدَم,jardim,jardam,False,7,6,0-9,0-9,1
مَا بحرث الأرض إِلَا عجوله,maa bu7ruth 2il2ard 2illa 3juulha,maa bu7ruth 2il2ard 2illa 3djuulha,False,26,33,20-29,30-39,4
خُلْقُه ضَيِّق,khulqo diyyiq,khulqo dayyiq,False,14,13,10-19,10-19,1
طُلّة,talle,talle,True,5,5,0-9,0-9,5
نِحْلِة,na7le,na7le,True,7,5,0-9,0-9,3
اِنْلَزَع,2inlizi3,2inlaza3,False,9,8,0-9,0-9,3
اِسْتَجْمِر,2istajmir,2istajmir,True,11,9,10-19,0-9,3
بُغْمِة,bughme,bughme,True,7,6,0-9,0-9,2
جُلْبَاطُو,djulbaatuu,julbaatuu,False,10,10,10-19,10-19,1
هَشَّم,hashshim,hashsham,False,6,8,0-9,0-9,2
مَمْسَحَة,mamsa7a,mamsa7a,True,9,7,0-9,0-9,1
رَابَطَة,raabita,raabita,True,8,7,0-9,0-9,4
يِسْتَبْعِد,yista3bid,yistab3id,False,11,9,10-19,0-9,5
شَحْنِك,sha7nak,sha7nik,False,7,7,0-9,0-9,4
يْعَفِّي,yi3fi,yi3fi,True,8,5,0-9,0-9,5
خُش,khashsh,khushsh,False,3,7,0-9,0-9,4
حَسْبِن,7asban,7asbin,False,7,6,0-9,0-9,1
دليل إِدنَاة,daliil 2idaane,daliil 2idaane,True,12,14,10-19,10-19,5
إِيده فَارْطَة,2iido faarta,2iido faarta,True,14,12,10-19,10-19,3
تَبَاطُح,tbaata7,tbaata7,True,8,7,0-9,0-9,2
خَلِّيط,khalliit,khaliit,False,7,8,0-9,0-9,1
حِمِض,7ammad,7ammid,False,5,6,0-9,0-9,4
اِعْطِش,2i3tash,2i3tash,True,7,7,0-9,0-9,5
عَرَض,3ard,3arrad,False,5,4,0-9,0-9,1
زَمِيل,zmiil,zmiil,True,6,5,0-9,0-9,2
دِي دَي,de de,de de,True,7,5,0-9,0-9,3
هُطْبُل,hatbil,hatbil,True,7,6,0-9,0-9,5
هَاجَر,haajar,haajir,False,6,6,0-9,0-9,3
يفوِّق,yfuuq,yfuuq,True,6,5,0-9,0-9,5
عَرِّف,3arrif,3arrif,True,6,6,0-9,0-9,2
يُنْحُس,yin7as,yin7as,True,7,6,0-9,0-9,5
مُشْتَعِل,mushta3il,mishti3il,False,9,9,0-9,0-9,2
يَوِّع,ywi33,ywi33,True,6,5,0-9,0-9,5
بِكِّي,bakki,bakki,True,6,5,0-9,0-9,2
مقدحة معه,mqad7a ma3o,mqad7it ma3o,False,9,11,0-9,10-19,1
لِيلِة,leele,leele,True,6,5,0-9,0-9,1
اُعْبُر,3aabir,2u3bur,False,7,6,0-9,0-9,3
أَنْغِيَاء,2aghniyaa2,2anghiyaa2,False,10,10,10-19,10-19,4
مُخَيَّم صِيف,mukhayyam seefi,mukhayyam seefi,True,13,15,10-19,10-19,5
سَكَرْجِيِّة,sukarjiyye,sukarjiyye,True,12,10,10-19,10-19,2
مِتْخَيِّب,mitkhabbi,mitkhayyib,False,10,9,10-19,0-9,4
عُنْقُرة,3anqara,3anqara,True,8,7,0-9,0-9,4
نَذرا علي,nadran 3alayy,nadraan 3alayy,False,9,13,0-9,10-19,5
سَفّ,saff,siff,False,4,4,0-9,0-9,1
بَنْكَيت,bankeet,bankeet,True,8,7,0-9,0-9,4
يِتَّشَاهَد,yitshaahad,yitshaahad,True,11,10,10-19,10-19,5
طُولْهَا وعرضهَا حد,tuulha wu3aridha waa7ad,tuulha wu3ardha waa7ad,False,19,23,10-19,20-29,4
ذِبْلَان,dablaan,dablaan,True,8,7,0-9,0-9,1
تُطْقِيش,tatq2iish,tatq2iish,True,8,9,0-9,0-9,4
نَوْرِنِة,nawrane,nawrane,True,9,7,0-9,0-9,4
دَعْزَق,da3zaq,da3ziq,False,7,6,0-9,0-9,2
اِتْبَكْلَش,2itbaklash,2itbaklash,True,11,10,10-19,10-19,1
قَصِّد,qasad,qasad,True,6,5,0-9,0-9,4
هَرَب,harrib,harrab,False,5,6,0-9,0-9,1
يِأْنِكِت,y2antik,y2antik,True,9,7,0-9,0-9,4
أَفْشَى,2afsha,2afsha,True,7,6,0-9,0-9,1
جَمْهُول,majhuul,majhuul,True,8,7,0-9,0-9,2
زَرَب,zarab,zarrab,False,5,5,0-9,0-9,1
دِير بَالك عليه,diir baalak 3alee,diir baalak 3alee,True,15,17,10-19,10-19,3
اِتْدَرْوَن,2iddarwan,2iddarwan,True,11,9,10-19,0-9,1
وَنْتِر,wantir,wantar,False,7,6,0-9,0-9,2
يِتْحَلَّى,yit7alla,yit7alla,True,10,8,10-19,0-9,1
إِوَلَاد,2iwlaad,2iwlaad,True,8,7,0-9,0-9,4
فُنْدُق,fanaadiq,funduq,False,7,8,0-9,0-9,2
شِيل,shayyil,sheel,False,4,7,0-9,0-9,4
خَوَت,khawat,khawwit,False,5,6,0-9,0-9,5
كَعِّك,ka3ik,ka33ik,False,6,5,0-9,0-9,2
يعَتْقِل,yi3tiqil,yi3tiqil,True,8,8,0-9,0-9,3
رَحْلِة,ri7le,ri7le,True,7,5,0-9,0-9,2
يتْفَلْسَف,yitfalsaf,yitfalsaf,True,10,9,10-19,0-9,4
يُمْخُط,ymakhkhit,ymakhkhit,True,7,9,0-9,0-9,4
تَلَقُّحِي,talqii7,talqii7,True,10,7,10-19,0-9,5
يْشَفِّي,yishfi,yishfi,True,8,6,0-9,0-9,4
اِتَّطَوَّر,2ittawwar,2ittawwar,True,11,9,10-19,0-9,5
وَعَّى,wa33a,wa33a,True,6,5,0-9,0-9,1
مَنَّح,man7,manna7,False,6,4,0-9,0-9,2
بُنْدُقي,banaadiiqk,bunduqi,False,8,10,0-9,10-19,5
صَفْصِة,fasfase,safsa,False,7,7,0-9,0-9,5
غُسُل,ghassil,ghassil,True,5,7,0-9,0-9,5
مْخَابِيط,makhaabiit,makhaabiit,True,9,10,0-9,10-19,3
لَيلَك,leelaki,leelak,False,6,7,0-9,0-9,4
نَومُه ثْقيل,noomo tqiil,noomo tqiil,True,12,11,10-19,10-19,5
عُلَّاج,3ilaaj,3ilaaj,True,7,6,0-9,0-9,5
أَزْمِة مَاليِّة,2azme maaliyye,2azme maaliyye,True,16,14,10-19,10-19,1
تْفَاوَى,fataawa,tfaawa,False,8,7,0-9,0-9,3
زَمِّر,zammir,zammar,False,6,6,0-9,0-9,3
تْسَاعَر,tasaaru3,tsaara3,False,8,8,0-9,0-9,5
مُئَذَّنِة,mi2zane,mi2zane,True,10,7,10-19,0-9,2
يتَلَقُّم,yitlaqqam,yitlaqqam,True,9,9,0-9,0-9,4
تْرَقَّوص,traqwas,traqwas,True,9,7,0-9,0-9,5
حَلّ عَن سَمَاي,7ill 3an samaay,7ill 3an samaay,True,15,15,10-19,10-19,3
يِسْرَح,ysarsi7,yisra7,False,7,7,0-9,0-9,4
رُوحَة بَالعجِر,roo7a bala raj3a,roo7a bala raj3a,True,15,16,10-19,10-19,3
اِكْحَى,2ik7a,2ik7a,True,7,5,0-9,0-9,1
تَدْنِيس,tadniis,tadniis,True,8,7,0-9,0-9,1
فَاقي,faaqki,faaqi,False,5,6,0-9,0-9,3
شَيَاطِين,shayaatiin,shayaatiin,True,9,10,0-9,10-19,1
عَمَش,3umush,3ammash,False,5,6,0-9,0-9,2
بَشْرِي,bashari,bashari,True,7,7,0-9,0-9,2
جُمْعَة,jam3a,jam3a,True,7,5,0-9,0-9,4
بَيِّش,beesh,beesh,True,6,5,0-9,0-9,3
حُرَّاس,7urraas,7raas,False,7,7,0-9,0-9,4
اِصْطِبِح,2istabi7,2istabi7,True,9,8,0-9,0-9,5
كَحِيلِة وعَادَّت عَالمَرْبُوط,k7iile wu3aawadat 3almarbat,k7iile wu3awadaat 3almarbat,False,30,27,30-39,20-29,3
يضَوِّح,ywaddi7,yduu7,False,7,7,0-9,0-9,4
اِتَّوَحَّد,2itwa77ad,2itwa77ad,True,11,9,10-19,0-9,5
يِنْخَطِب,yinkhatab,yinkhitib,False,9,9,0-9,0-9,4
اِخْتِرِق,2ikhtiriq,2ikhtaraq,False,9,9,0-9,0-9,3
تْصِلِب,tsallab,tsallab,True,7,7,0-9,0-9,4
يِخْدِع,yikhda3,yikhda3,True,7,7,0-9,0-9,3
سَاخَر,saakhir,saakhir,True,6,7,0-9,0-9,3
يوَحِّل,ywa77il,ywa77il,True,7,7,0-9,0-9,1
ذَبْلَح,dhabli7,dhabla7,False,7,7,0-9,0-9,2
مُسِيرِة,masiira,masiira,True,8,7,0-9,0-9,4
طَعّة,ta33a,ta33a,True,5,5,0-9,0-9,4
حِسْبَنِة,7asbane,7asbane,True,9,7,0-9,0-9,5
يكَلِّح,yikla7,yikla7,True,7,6,0-9,0-9,2
يِضْبَط,yizbat,yidbut,False,7,6,0-9,0-9,3
شَحْوَم,shu7uum,sh7uum,False,7,7,0-9,0-9,5
طَقِل حَانَك,taqq 2il7anak,tagil 7anak,False,12,13,10-19,10-19,5
يِنْجِد,yinjid,ynajjid,False,7,6,0-9,0-9,2
يْهَيلِم,yheelim,yheelim,True,8,7,0-9,0-9,2
تَكَفُّري,takfiir,takfiir,True,9,7,0-9,0-9,2
يِتْدَافَى,yitfaada,yiddaafa,False,10,8,10-19,0-9,4
أَهْدِى,2ahda,2ahda,True,7,5,0-9,0-9,3
رُقْعَة,ruq3a,raq3a,False,7,5,0-9,0-9,2
هَدِف,hadaf,hadaf,True,5,5,0-9,0-9,3
أَنَّا,2ana,2ana,True,6,4,0-9,0-9,2
ضَمَّى,mada,mada,True,6,4,0-9,0-9,3
كُنْعَشِة,kan3ashe,kan3ashe,True,9,8,0-9,0-9,3
مَلَقْوِج,mlaqwaj,malquuj,False,9,7,0-9,0-9,5
يِهْبَر,yuhbur,yhabbir,False,7,6,0-9,0-9,4
مْفَارِش,mafaarish,mafaarish,True,8,9,0-9,0-9,4
تَمَوُّج,tmawwaj,tmawwaj,True,8,7,0-9,0-9,2
مُكَالَمِة,mukaalame,mukaalame,True,10,9,10-19,0-9,1
هَيل,heel,hayyal,False,4,4,0-9,0-9,1
اِتَعْذَر,2it3azzar,2it3azzar,True,9,9,0-9,0-9,3
جْوَادِل,jawaadil,jawaadil,True,8,8,0-9,0-9,5
مْشُور,mashwar,mshawwir,False,6,7,0-9,0-9,5
عُسْكُر,3askir,3askir,True,7,6,0-9,0-9,5
اِعْتِصِم,2i3tasam,2i3tasam,True,9,8,0-9,0-9,1
يعَلّ,y3ill,y3ill,True,5,5,0-9,0-9,5
فَرَافِير,faraafiir,faraafiir,True,9,9,0-9,0-9,2
يِتْشَقْبَل,yitshaqlib,yitshaqlib,True,11,10,10-19,10-19,3
ضَفْضِف,fadfad,fadfid,False,7,6,0-9,0-9,4
اِنْقِشِع,2iqasha3,2inqasha3,False,9,8,0-9,0-9,4
يِنِضْغِط,yindaghit,yindaghit,True,9,9,0-9,0-9,3
يِسْتَسْخِر,yistakhsir,yistakhsir,True,11,10,10-19,10-19,2
ضَايِق,daayiq,daayiq,True,6,6,0-9,0-9,1
يِنْمِغِج,yinmighidj,yinmighidj,True,9,10,0-9,10-19,1
مُحَرَّاث,mi7raath,mi7raath,True,9,8,0-9,0-9,5
عِيل,3ayyil,3ayyil,True,4,6,0-9,0-9,4
اِنْكَتَب,2inkatab,2inkatab,True,9,8,0-9,0-9,1
كَامِيرَا,kamira,2ikmira,False,9,6,0-9,0-9,1
اُووي,waawi,2uuwi,False,5,5,0-9,0-9,5
يُشْخُط,yshakhkhit,yishkhat,False,7,10,0-9,10-19,5
نَاقِص,naaqis,naaqis,True,6,6,0-9,0-9,1
يصَقِّي,yiqsi,yiqsi,True,7,5,0-9,0-9,5
يِظْلِم,yuzlum,yzallim,False,7,6,0-9,0-9,5
يتِنّ,ytannin,ytinn,False,5,7,0-9,0-9,3
اِسْتَجْوِز,2istajwiz,2istajwiz,True,11,9,10-19,0-9,1
يِرْوِح,yrawwi7,yrawwi7,True,7,7,0-9,0-9,3
سِبْتِة,sabte,sabte,True,7,5,0-9,0-9,4
اِجِر من ورَا وَاِجِر من قدَام,2ijir min wara wu2ijir min quddaam,2ijir min wara wu2ijir min quddaam,True,30,34,30-39,30-39,4
جَهْلِة,jahala,jahala,True,7,6,0-9,0-9,2
يِنْح,yni77,yni77,True,5,5,0-9,0-9,3
أَدْهَى,2ahda,2adha,False,7,5,0-9,0-9,5
تَهْفَت,thaffat,thaffat,True,7,7,0-9,0-9,3
اِنْكَبَس,2inkibis,2inkabas,False,9,8,0-9,0-9,1
يِتْجَحَّم,yit7ajjam,yit7ajjam,True,10,9,10-19,0-9,3
اِلْتَقَو,2iltawaq,2iltiwiq,False,9,8,0-9,0-9,4
قَصَب,qassab,qassib,False,5,6,0-9,0-9,2
دُحَش حَالُه بَالنُّص,da7ash 7aalo binnus,da7ash 7aalo binnus,True,21,19,20-29,10-19,4
يِفْصَع,yfa33is,yfa33is,True,7,7,0-9,0-9,5
خُمْعَة,kham3a,kham3a,True,7,6,0-9,0-9,4
مُسْتَعْمِل,musta3mal,musta3mil,False,11,9,10-19,0-9,2
يِشْهَق,yishhaq,yishhaq,True,7,7,0-9,0-9,1
دَرْبَل,darbil,darbil,True,7,6,0-9,0-9,1
رُبَّاع,rbaa3,rbaa3,True,7,5,0-9,0-9,3
يتَعِّس,yit3as,yit3is,False,7,6,0-9,0-9,1
يَنِزّ,ynizz,ynizz,True,6,5,0-9,0-9,5
يؤيِّد,y2ayyid,y2ayyid,True,6,7,0-9,0-9,1
شَلَّل,shalal,shallil,False,6,6,0-9,0-9,1
يبَقِّور,ybaqwir,ybaqwir,True,8,7,0-9,0-9,4
عَطَس,3ats,3attis,False,5,4,0-9,0-9,1
رَكِّد,rakad,rakkid,False,6,5,0-9,0-9,4
يِتْفِلْسِف,yitfalsaf,yitfalsaf,True,11,9,10-19,0-9,3
مْبَزَّرَة,mabzara,mabzara,True,10,7,10-19,0-9,3
تَبَنِّي,tabanni,tabanni,True,8,7,0-9,0-9,1
حِمِل,7amil,7ammil,False,5,5,0-9,0-9,4
لَهْوَج,lahwadj,lahwadj,True,7,7,0-9,0-9,1
وَقَف,wiqif,waqqif,False,5,5,0-9,0-9,5
اِعْطَي,2i3ti,2i3ti,True,7,5,0-9,0-9,4
اِسْجَنّ,2isjin,2isjin,True,8,6,0-9,0-9,5
اِتْقَطَب,2itqattab,2itqattab,True,9,9,0-9,0-9,5
عُشُب,3ishib,3ashshib,False,5,6,0-9,0-9,5
مْسَامِير,masaamiir,masaamiir,True,9,9,0-9,0-9,3
دَيكَوِة,dyuuke,dyuuke,True,8,6,0-9,0-9,3
يمَزِّع,ymazzi3,yimza3,False,7,7,0-9,0-9,4
مُحْمَرّ,mi7marr,m7ammar,False,8,7,0-9,0-9,4
يُجْبُر,yujbur,yjabbir,False,7,6,0-9,0-9,5
مْجَرْوَر,majruur,majruur,True,9,7,0-9,0-9,3
مْتَنْخِس,mitkhannis,mitkhannis,True,9,10,0-9,10-19,5
يُخَافِق,ykhaafi2,ykhaafi2,True,8,8,0-9,0-9,4
بَهِّت,bahat,bahhat,False,6,5,0-9,0-9,2
كَثَّف جوده,kassaf jhuudo,kassaf jido,False,11,13,10-19,10-19,3
تْسِنِف,tsanfar,tsaffan,False,7,7,0-9,0-9,5
يِمْوِج,ymawwij,ymawwij,True,7,7,0-9,0-9,3
اِتْوَسْخَن,2itwaskhan,2itwaskhan,True,11,10,10-19,10-19,1
سُبْعَة,sab3a,sab3a,True,7,5,0-9,0-9,3
عُيق,3iiq,3ayyiq,False,4,4,0-9,0-9,5
رَمَّم,rammim,rammim,True,6,6,0-9,0-9,1
مَلَّا,mala,mala,True,6,4,0-9,0-9,3
زَعّ,3azz,3azz,True,4,4,0-9,0-9,5
مَنْكَد,mnakkid,mnakkid,True,7,7,0-9,0-9,3
قَاصِد,qaasid,qaasid,True,6,6,0-9,0-9,1
مِكْنِسِة,mukunse,miknise,False,9,7,0-9,0-9,2
حَمِل,7ammil,7ammil,True,5,6,0-9,0-9,5
طِوَاق,twaaq,twaaq,True,6,5,0-9,0-9,5
اِنْطَف,2intuf,2intuf,True,7,6,0-9,0-9,4
يُعْدَى,y3addi,yi3da,False,7,6,0-9,0-9,5
توَتْوَت,twatwat,twatwat,True,8,7,0-9,0-9,3
غِمِي,ghimi,ghammi,False,5,5,0-9,0-9,3
نَخْلِة,nakhle,nakhle,True,7,6,0-9,0-9,2
وِجِه البُكْسِة,wijih 2ilbukse,wijih 2ilbukse,True,15,14,10-19,10-19,1
يِتَعْبَى,yit3abba,yit3abba,True,9,8,0-9,0-9,5
غِلِط,ghalat,ghallat,False,5,6,0-9,0-9,4
كُل,kill,kull,False,3,4,0-9,0-9,4
مُسْتَنَدّ,mustanad,mustanad,True,10,8,10-19,0-9,4
مِيكَاني,mikaaniiki,mikaaniiki,True,8,10,0-9,10-19,4
أَفَعْلَا,2af3aal,2af3aal,True,9,7,0-9,0-9,2
أَبْدَا,2abaad,2abda,False,7,6,0-9,0-9,3
شَيِّة,shiyye,shiyye,True,6,6,0-9,0-9,2
تْلَاكَم,tlaakam,tlaakam,True,8,7,0-9,0-9,2
طَرِش,turush,tarsh,False,5,6,0-9,0-9,5
اِسْتَدْرَك,2istadrak,2istadrik,False,11,9,10-19,0-9,1
تُوقِيت,tawqiit,tawqiit,True,7,7,0-9,0-9,2
يفَهْلَق,yfahliq,yfahliq,True,8,7,0-9,0-9,4
الدَّقَة وَالحَاح,2idduqqa wil7aa7,2idduqqa wil7aa7,True,17,16,10-19,10-19,3
تَمْشُور,tmashwar,tmashwar,True,8,8,0-9,0-9,2
اِتِّشِيخ,2itshayyakh,2itshayyakh,True,9,11,0-9,10-19,5
حَذِر,7azzar,7azzir,False,5,6,0-9,0-9,4
طَبَّر,tubur,tabbir,False,6,5,0-9,0-9,2
شَطْوِة,shatwe,shatwe,True,7,6,0-9,0-9,2
يِنِفْرِط,yinfirit,yinfirit,True,9,8,0-9,0-9,2
دَعَس بِبَطْنُه,da33as bibatno,da3as bibatno,False,15,14,10-19,10-19,4
دَاحَلِة,daa7le,daa7le,True,8,6,0-9,0-9,4
يِعْالِج,y3aalij,y3aalij,True,8,7,0-9,0-9,5
يِنْحِلِب,yin7ilib,yin7ilib,True,9,8,0-9,0-9,1
سَيَاد,syaad,siidaad,False,6,5,0-9,0-9,2
مُعْجِق,m3ajjaqa,m3ajjaqa,True,7,8,0-9,0-9,4
أَمْكِنِة,2amkine,2amkine,True,9,7,0-9,0-9,2
يِفْتِرِس,yiftiris,yiftiris,True,9,8,0-9,0-9,1
حرِيقَة تِحْرِقْهُم,7ariiqa ti7riqhum,7ariiqa ti7riqhum,True,19,17,10-19,10-19,3
بِدُّوي,bdawi,bidwi,False,7,5,0-9,0-9,2
سَمّ الهَاري,samm 2ilhaari,samm 2ilhaari,True,12,13,10-19,10-19,2
لُبَّان,lbaan,lbaan,True,7,5,0-9,0-9,3
نُقَف,naqqif,naqqif,True,5,6,0-9,0-9,5
اِتْدَافَى,2itfaada,2iddaafa,False,10,8,10-19,0-9,4
حَتْحَت,7at7it,7at7it,True,7,6,0-9,0-9,2
اِرْتَمِي,2iritmi,2iritmi,True,9,7,0-9,0-9,2
أُسُر,2asir,2usar,False,5,5,0-9,0-9,3
كِتِم,katam,katam,True,5,5,0-9,0-9,5
أَنْتَج,2antaj,2antaj,True,7,6,0-9,0-9,1
يوَائَم,ywaa2im,ywaa2im,True,7,7,0-9,0-9,5
صَحْصَحَة,sa7sa7a,sa7sa7a,True,9,7,0-9,0-9,2
مُوَات,mawwaat,mawwaat,True,6,7,0-9,0-9,2
شِتْيَلِة,shtiile,shtiile,True,9,7,0-9,0-9,5
اِحْفَظ,2i7faz,2i7faz,True,7,6,0-9,0-9,1
مْعَجَّزِة,mu3jize,m3ajjaze,False,10,7,10-19,0-9,5
مُتَيِّس,mtayyis,mtayyis,True,8,7,0-9,0-9,4
فُصُول,fsuul,fsuul,True,6,5,0-9,0-9,4
سِمَا,sama,sama,True,5,4,0-9,0-9,3
اِسْتَتْفِح,2istafti7,2istafti7,True,11,9,10-19,0-9,5
مُفْتَعَش,mfa3tish,mufta3ish,False,9,8,0-9,0-9,5
عِرَى,3arra,3arra,True,5,5,0-9,0-9,5
وَارَب,waarib,waarib,True,6,6,0-9,0-9,3
صُحُو,si7u,sa7u,False,5,4,0-9,0-9,3
فِسِّي,fassi,fassi,True,6,5,0-9,0-9,5
يِسْطُر,ysattir,ysattir,True,7,7,0-9,0-9,3
عَطِّن,3attin,3attan,False,6,6,0-9,0-9,2
شَبِّر,shibir,shabbar,False,6,6,0-9,0-9,2
اِتْحَجَّر,2it7ajjar,2it7ajjar,True,10,9,10-19,0-9,1
كَرَانْتِي,karaatiin,karaantiin,False,10,9,10-19,0-9,4
تَحَسُّسي,ta7siis,ta7siis,True,9,7,0-9,0-9,3
ينُطّ,ynutt,ynutt,True,5,5,0-9,0-9,2
أَهَّالي,2ahaali,2ahaali,True,8,7,0-9,0-9,4
دَبَّاسِة,dabbaase,dabbaase,True,9,8,0-9,0-9,1
أَثِّث,2aththith,2aththath,False,6,9,0-9,0-9,2
من الله دولة,min 2alla doole,min 2alla doole,True,12,15,10-19,10-19,3
يلُوك,yluukg,yluukg,True,5,6,0-9,0-9,1
رَكَع,rakka3,rakki3,False,5,6,0-9,0-9,1
سَرَج,sarj,sarraj,False,5,4,0-9,0-9,2
وَلْوِل,walwil,walwil,True,7,6,0-9,0-9,2
مَحُو أُمِّيِة,ma7u 2ummiyye,ma7u 2ummiyye,True,14,13,10-19,10-19,1
يُظْلُل,yzallil,yzallil,True,7,7,0-9,0-9,4
اِنْخَمِع,2inkhimi3,2inkhama3,False,9,9,0-9,0-9,5
هُبُوط اِضْطِرَايِر,hubuut 2ittiraari,hubuut 2ittiraari,True,19,17,10-19,10-19,2
مَذْوَق,mizwiq,mizwiq,True,7,6,0-9,0-9,2
اُثُوق,2uusaq,2uusaq,True,6,6,0-9,0-9,4
نِهِب,nahib,nahab,False,5,5,0-9,0-9,5
يِنْسَكَن,yinsakan,yinsakan,True,9,8,0-9,0-9,3
هَيِّئ,ha22eet,hayyi2,False,6,7,0-9,0-9,5
اِسْتَفيِع,2i2istayi3,2i2istaya3,False,10,10,10-19,10-19,5
صَبَابِة,sabaaba,sabbaaba,False,8,7,0-9,0-9,3
يِسْلَطِن,ysaltin,ysaltin,True,9,7,0-9,0-9,3
يِبِع,ybu33,ybu33,True,5,5,0-9,0-9,5
مَوَاجِل,mawaalidj,mawaajil,False,8,9,0-9,0-9,5
وُحْدِة,wa7de,wa7de,True,7,5,0-9,0-9,4
عينيه زُرُق وَاسنَا فِرُه,3inee zuruq wisnaano furuq,3inee zuruq wisnaano furuq,True,25,26,20-29,20-29,4
اِتْجَهَّن,2ithajjan,2ithajjan,True,10,9,10-19,0-9,5
غَطَس,ghattis,ghattis,True,5,7,0-9,0-9,1
شِيلَة,sheele,sheele,True,6,6,0-9,0-9,3
طَنِّة,tanne,tanne,True,6,5,0-9,0-9,1
يِشْمِت,yishmit,yshamtim,False,7,7,0-9,0-9,5
تْنِغِن,tnaghnagh,tnaghnagh,True,7,9,0-9,0-9,5
كَرْكَر,karkar,tshartshar,False,7,6,0-9,0-9,1
سَفَه,saffah,saffah,True,5,6,0-9,0-9,3
يِتْكَشَّى,yitshakka,yitshakka,True,10,9,10-19,0-9,3
يكَرْمِش,ykarmish,ykarmish,True,8,8,0-9,0-9,1
مَلِّح,malla7,malla7,True,6,6,0-9,0-9,4
سَجِح,sadjdja7,sadjdji7,False,5,8,0-9,0-9,5
زِيق,ziiqk,ziiqk,True,4,5,0-9,0-9,1
يِأْمِل,y2ammil,y2ammil,True,7,7,0-9,0-9,5
حَزْمِة,7uzme,7izme,False,7,5,0-9,0-9,1
قَصَفِة,qusfe,qusfe,True,7,5,0-9,0-9,4
قُلَّادِة,gklaade,qkilaade,False,9,7,0-9,0-9,5
نُطُن,natnat,natnit,False,5,6,0-9,0-9,3
مَسْنِي,misni,misni,True,7,5,0-9,0-9,2
ينَغْلِق,yinghiliq,yinghiliq,True,8,9,0-9,0-9,5
تَهَبُّوق,thabwaqk,thabwaqk,True,9,8,0-9,0-9,5
اِتْوَاقَط,2ittaawaq,2ittaawaq,True,10,9,10-19,0-9,2
يُوشِك,yuushik,ywashshik,False,6,7,0-9,0-9,1
مُرْتَنِيِّة,martiine,martiine,True,12,8,10-19,0-9,3
يطَلِّب,yutlub,yutlub,True,7,6,0-9,0-9,2
فَتَّات,futaat,fattaat,False,7,6,0-9,0-9,1
يِنْشَئ,yinshi2,ynashshi2,False,7,7,0-9,0-9,4
طَبَّب,tabbib,tabbib,True,6,6,0-9,0-9,2
دِمُّه حَامِي,dammo 7aami,dammo 7aami,True,13,11,10-19,10-19,3
يفَلِّج,yiflij,yiflij,True,7,6,0-9,0-9,1
مَرَابْعَة,mraaba3a,muraaba3a,False,10,8,10-19,0-9,5
حَوَسِة,7oose,7oose,True,7,5,0-9,0-9,3
حَطّ عَيدُه خَادُه,7att 2iido 3akhaddo,7att 2iido 3akhaddo,True,18,19,10-19,10-19,2
يِنْمَحَن,yinmi7in,yinmi7in,True,9,8,0-9,0-9,3
يِتْوِقَّع,yitwaqqa3,yitwaqqa3,True,10,9,10-19,0-9,4
عِفْرَام,3afaarim,3afraam,False,8,8,0-9,0-9,3
اِخْدُع,2ikhda3,2ikhda3,True,7,7,0-9,0-9,5
أَعْصِي مَابَحْمِة شَتَلَّم,2a3saabi mish mit7amle,2a3saayim bishmit 7amle,False,27,22,20-29,20-29,4
يِتْحَلْفَت,yit7aftal,yit7alfat,False,11,9,10-19,0-9,5
مْكَتَّف,mkattaf,muktaff,False,8,7,0-9,0-9,1
إِرْهَاق,2irhaaq,2irhaaq,True,8,7,0-9,0-9,1
مَسِّي,massi,massi,True,6,5,0-9,0-9,1
كَنَاكِيز,kanaakiiz,kanaakiiz,True,9,9,0-9,0-9,1
مُقَدَّار,miqdaar,muqdaar,False,9,7,0-9,0-9,3
يُنْقُص,yinqas,ynaqqis,False,7,6,0-9,0-9,1
خْشُوم,khshuum,khshuum,True,6,7,0-9,0-9,1
يِسْتَفْعِي,yista3fi,yi2istayi3,False,11,8,10-19,0-9,4
تَفَشُّش,tfashshash,tfashshash,True,8,10,0-9,10-19,2
مْكَنِّن,mkankin,mkannin,False,8,7,0-9,0-9,1
نَكَد,nikid,nakkid,False,5,5,0-9,0-9,3
أَسَوَار,2aswaar,2aswaar,True,8,7,0-9,0-9,5
يِطْعَم,yta33im,yit3am,False,7,7,0-9,0-9,3
خَوِّت,khawat,khawwat,False,6,6,0-9,0-9,3
سُمْك,sumk,sammik,False,5,4,0-9,0-9,5
قَصِر نَظَر,qusur nazar,qusur nazar,True,11,11,10-19,10-19,1
رِوِض,rawwid,rawwad,False,5,6,0-9,0-9,4
اِنْسَيّ,naasi,2insi,False,8,5,0-9,0-9,5
مُتَصَرَّف,mitsarrif,mitsarrif,True,10,9,10-19,0-9,5
يتْوَحَّل,yitwa77al,yitwa77al,True,9,9,0-9,0-9,2
فلِم رُعَب,filim ru3ub,filim ru3ub,True,10,11,10-19,10-19,4
عَوَج,3uuj,3awwaj,False,5,4,0-9,0-9,1
تْدَارَك,2iddaarak,2iddaarak,True,8,9,0-9,0-9,1
جَوِّح,juu7,jawwi7,False,6,4,0-9,0-9,3
مِعْيِة,m3ayye,m3ayye,True,7,6,0-9,0-9,2
تَعَقْقِيب,ta3qiib,ta3qiib,True,10,7,10-19,0-9,4
يُؤْنُث,y2annis,y2annis,True,7,7,0-9,0-9,5
اِسْتَكِيز,2istazki,2istazki,True,10,8,10-19,0-9,4
اُشْبُط,shaabit,2ushbut,False,7,7,0-9,0-9,3
بيِسْتَاهَل الحمد,byistaahal 2il7amd,byistaahal 2il7amd,True,17,18,10-19,10-19,5
زَهَائِم,hazaa2im,zahaa2im,False,8,8,0-9,0-9,4
زَعَل,3azal,za33il,False,5,5,0-9,0-9,5
فَرَاحَة,fraa7a,farraa7a,False,8,6,0-9,0-9,3
يِبْتِسِم,yibtisim,yibtisim,True,9,8,0-9,0-9,1
كَافَئ,kaafi2,kaafi2,True,6,6,0-9,0-9,2
مُحَالِب,ma7aalib,ma7aalib,True,8,8,0-9,0-9,5
خرط مشطي,kharat mushti,kharat mushti,True,8,13,0-9,10-19,1
خَبِّز,khabaz,khubuz,False,6,6,0-9,0-9,3
قلبي من الحَامِض,qalbi min 2il7aamid laawi,qalbi min 2il7aamid,False,16,25,10-19,20-29,4
مِطْمَطَة,matmata,matmata,True,9,7,0-9,0-9,2
تْنَقَّش,tnaqqash,tnaqqash,True,8,8,0-9,0-9,1
نَخْوِيج,nakhwaji,nakhwaji,True,8,8,0-9,0-9,5
حَاطَّط,7aatat,7aatit,False,7,6,0-9,0-9,5
مُقَطَاع,migtaa3,migtaa3,True,8,7,0-9,0-9,5
اِتَّلَاعَب,2itlaa3ab,2itlaa3ab,True,11,9,10-19,0-9,5
قُشُر,qashshir,qashshar,False,5,8,0-9,0-9,4
حِلَفَاء,7ulafaa2,7ulafaa2,True,8,8,0-9,0-9,3
يِحْمَل,y7ammil,yi7mil,False,7,7,0-9,0-9,3
يْكَحِّل,yka77il,yka77il,True,8,7,0-9,0-9,5
يُفْرُم,yufrum,yufrum,True,7,6,0-9,0-9,3
فِعَّة,fa33a,fa33a,True,6,5,0-9,0-9,3
اِنْفَزَر,2infizir,2infizir,True,9,8,0-9,0-9,4
اِرْوَشّ,2irwash,2irwish,False,8,7,0-9,0-9,5
فَقِّز,faqazfakas,faqazfakas,True,6,10,0-9,10-19,3
خَفَّض,khaffad,khaffad,True,6,7,0-9,0-9,2
اِتْمَلَّيط,2itmalyat,2itmalyat,True,11,9,10-19,0-9,5
إِشْكِيزَان,2ishkiinaaz,2ishkiizaan,False,11,11,10-19,10-19,5
يِسْتَتِبّ,yistatibb,yistatibb,True,10,9,10-19,0-9,1
بَهْبَط,bahbat,bahbit,False,7,6,0-9,0-9,4
دَعْزِق,da3ziq,da3ziq,True,7,6,0-9,0-9,3
سَحِّر,si7ir,sa77ar,False,6,5,0-9,0-9,2
اِتْسِيح,2itsayya7,2itsayya7,True,8,9,0-9,0-9,2
تْوَضَّى,twadda,twadda,True,8,6,0-9,0-9,2
حَارِة,7aara,7aara,True,6,5,0-9,0-9,3
شْرُوحَة,shartuu7a,sharshuu7a,False,8,9,0-9,0-9,2
اِتْسَنْكَح,2itsanka7,2itsanka7,True,11,9,10-19,0-9,2
شِعْرَة,sha3ra,sha3ra,True,7,6,0-9,0-9,5
يعَرِّج,yi3ruj,y3arrij,False,7,6,0-9,0-9,2
نْوَابِغ,nawaabigh,nawaabigh,True,8,9,0-9,0-9,4
أَزِمِّة,2azme,2azme,True,8,5,0-9,0-9,3
صْنَارَة,sannaara,sannaara,True,8,8,0-9,0-9,3
اِخْمَرّ,2ikhmar,2ikhmar,True,8,7,0-9,0-9,4
اِنْعَدِى,2in3ada,2in3ada,True,9,7,0-9,0-9,5
نَصَّاص الليَال,nsaas 2illayaali,nsaas 2illayaali,True,15,16,10-19,10-19,3
كَذِب,kazzabkadhdhab,kazzibkadhdhib,False,5,14,0-9,10-19,5
أَبَعَد,2ab3ad,2ab3ad,True,7,6,0-9,0-9,4
يِتْعَرْقَل,yit3arqal,yit3arqal,True,11,9,10-19,0-9,1
مْخَتِّن,mkhattan,mkhattin,False,8,8,0-9,0-9,1
يتْصَنَّع,yitsanna3,yitsanna3,True,9,9,0-9,0-9,3
مَعْمَر,mu3ammir,m3ammir,False,7,8,0-9,0-9,4
تَنَاسِل,tnaasal,tnaasal,True,8,7,0-9,0-9,3
مْتَابَعَة,mutaaba3a,mutaaba3a,True,10,9,10-19,0-9,3
اِتَّفَهَم,2itfahham,2itfahham,True,10,9,10-19,0-9,5
اِرْفَع,2irfa3,2irfa3,True,7,6,0-9,0-9,1
اِنْمَسَح,2inmasa7,2inmasa7,True,9,8,0-9,0-9,4
مُقَصَّد,maqsad,maqsad,True,8,6,0-9,0-9,4
يِتْزِرْكِش,yitzarkash,yitzarkash,True,11,10,10-19,10-19,5
اِتَشَخُّط,2itshakhkhat,2itshakhkhat,True,10,12,10-19,10-19,3
اِتْبَهْدَل,2itbahdal,2itbahdal,True,11,9,10-19,0-9,1
اِرْتِزِك,2irtikiz,2irtikiz,True,9,8,0-9,0-9,4
بَيت عَامِر,beet 3aamir,beet 3aamir,True,11,11,10-19,10-19,5
يِتَفَرْطَح,yitfarta7,yitfarta7,True,11,9,10-19,0-9,4
تَرْضَى,tradda,tradda,True,7,6,0-9,0-9,2
يطْحَن,yit7an,yta77in,False,6,6,0-9,0-9,3
صَعِّب,si3ib,sa33ab,False,6,5,0-9,0-9,3
يخَبِّص,yukhbus,ykhabbis,False,7,7,0-9,0-9,2
يُنْسُف,yinsif,ynassif,False,7,6,0-9,0-9,4
تِكَاسِي,takaasi,takaasi,True,8,7,0-9,0-9,5
اِفْسِخ,faasikh,2ifsakh,False,7,7,0-9,0-9,4
تِلَاذِيم,talaamiiz,talaamiiz,True,9,9,0-9,0-9,4
مُسْتَخْدِم,mustakhdam,mustakhdam,True,11,10,10-19,10-19,2
دِبَسِة,dabase,dabse,False,7,6,0-9,0-9,4
يقَبْقِش,ybaqkbish,ybaqkbish,True,8,9,0-9,0-9,3
نُقْرَشِة,naqrashe,naqrashe,True,9,8,0-9,0-9,4
شِبَّاك,shubbaak,shubbaak,True,7,8,0-9,0-9,5
أَيْلُول ذَهْلُوب مَيل,2ayluul deelo mabluul,2ayluul deelo mabluul,True,22,21,20-29,20-29,3
مُوَاسَاة,muwaasaa,muwaasaa,True,9,8,0-9,0-9,1
بُلْطُقَة,baltaka,baltaka,True,9,7,0-9,0-9,4
قُنْعَرَة,tqan3ara,qun3ara,False,9,8,0-9,0-9,1
زُرْدِة,zarade,zarade,True,7,6,0-9,0-9,3
اِسْتَشْعَر,2istash3ir,2istash3ir,True,11,10,10-19,10-19,2
يِسْتَوْعِد,yistawdi3,yistawdi3,True,11,9,10-19,0-9,5
خْفَاش,khuffaash,khuffaash,True,6,9,0-9,0-9,2
اِنْفِلِم,2infalam,2infilim,False,9,8,0-9,0-9,4
خَلّ فَوزَت,khallif wuzitt,khallif wuzitt,True,11,14,10-19,10-19,2
مَسَخ,masakh,massakh,False,5,6,0-9,0-9,1
يقُلْوِز,y2alwiz,y2alwiz,True,8,7,0-9,0-9,3
يِسْتَكْبِر,yistakbir,yistakbir,True,11,9,10-19,0-9,1
يعَرْكِس,y3askir,y3arkis,False,8,7,0-9,0-9,3
وَهَت,wahhit,wahhit,True,5,6,0-9,0-9,3
الضرة مُرَّة,2iddurra murra,2iddurra murra,True,12,14,10-19,10-19,1
تَنَاسَى,tnaasa,tnaasa,True,8,6,0-9,0-9,2
دِسَائِس,dasaa2is,dasaa2is,True,8,8,0-9,0-9,2
صُعُب,sa33ib,sa33ab,False,5,6,0-9,0-9,5
يتْسَوَّق,yitsawwaq,yitsawwaq,True,9,9,0-9,0-9,3
رَجَّا,raja,raja,True,6,4,0-9,0-9,5
يِسْمِن,ysammin,yisman,False,7,7,0-9,0-9,3
وَذَنِين,wadaniin,wadaniin,True,8,8,0-9,0-9,2
أُوْعَى,2aw3a,2aw3a,True,7,5,0-9,0-9,3
اِكْتِب,2uktub,2uktub,True,7,6,0-9,0-9,2
وَسِّخ,wassikh,wassikh,True,6,7,0-9,0-9,1
مَخْتُول,mkhootil,makhtuul,False,8,8,0-9,0-9,1
يِعْتَرِض,yi3tirid,yi3tirid,True,9,8,0-9,0-9,2
مُكَالَمِة,mukaalame,mukaalame,True,10,9,10-19,0-9,2
خُضَرْجي,khudarji,khudarji,True,8,8,0-9,0-9,1
اِغْتِيَّال,2ightiyaal,2ightiyaal,True,11,10,10-19,10-19,5
ضْفَاوِي,daffaawi,dafaawi,False,8,8,0-9,0-9,5
اِدْفَشّ,daafish,2idfashsh,False,8,7,0-9,0-9,4
يَاخَذ عَزَا,yaakhud 3azaa,yaakhud 3azaa,True,12,13,10-19,10-19,5
طْلُقَّة,tilqka,talqa,False,8,6,0-9,0-9,5
يِتْخَرْمَش,yitkharmash,yitkharmash,True,11,11,10-19,10-19,1
كَوَادِر,kawaadir,kawaadir,True,8,8,0-9,0-9,1
نَدَّه,nadah,naddah,False,6,5,0-9,0-9,1
أَول الرُّقْصِة حَجِل,2awwal 2irraqis 7anjale,2awwal 2irraqis 7ajale,False,21,23,20-29,20-29,5
مْخَضِّر,mikhdarr,mukhaddar,False,8,8,0-9,0-9,3
زِخّ,zakhkh,zikhkh,False,4,6,0-9,0-9,2
يِنْكُر,yinkir,yunkur,False,7,6,0-9,0-9,2
جِيب,jayyib,jayyab,False,4,6,0-9,0-9,3
شُخَاتِير,shakhaatiir,shakhaatiir,True,9,11,0-9,10-19,4
مُنْخَبِل,minkhibil,minkhibil,True,9,9,0-9,0-9,5
يُعْكُش,y3akkish,y3akkish,True,7,8,0-9,0-9,5
أَسْرِج,2sarmaj,2asraj,False,7,7,0-9,0-9,4
كُوم لحَم,koom la7im,koom la7im,True,9,10,0-9,10-19,2
يِتْحَرْمَص,yit7armas,yit7asram,False,11,9,10-19,0-9,2
اِخْلُط,khaalit,2ikhlut,False,7,7,0-9,0-9,3
يكيِّف,ykayyif,ykayyif,True,6,7,0-9,0-9,5
نَحَت بَالصَّخِر,na7at bissakhir,na7at bissakhir,True,16,15,10-19,10-19,2
خُدّ,khadd,khadd,True,4,5,0-9,0-9,2
مِنْفِذ,mnaffiz,mnaffid,False,7,7,0-9,0-9,5
مُقْطَف,maqtaf,mqattif,False,7,6,0-9,0-9,4
يتَرْقِم,yitraqqam,yitraqqam,True,8,9,0-9,0-9,3
قَورَح,qoori7,qoori7,True,6,6,0-9,0-9,1
إِخِص,2ikhs,2ikhs,True,5,5,0-9,0-9,2
فِسو,fasu,fasu,True,4,4,0-9,0-9,5
فِسِر,fassir,fassir,True,5,6,0-9,0-9,4
قُشَّنِيِّة,qiikishaniyye,qiikishaniyye,True,11,13,10-19,10-19,4
عَانْد,3aanad,3aanid,False,6,6,0-9,0-9,4
اِنْلَهَد,2inlahad,2inlahad,True,9,8,0-9,0-9,4
يُنْسَى,yinsa,yinsa,True,7,5,0-9,0-9,5
رَبِط الولد,rabat 2ilwalad,rabat 2ilwalad,True,11,14,10-19,10-19,2
غِشِيش,ghashshiish,ghashshiish,True,6,11,0-9,10-19,4
تَهْمِيرَة,tahmiira,tahmiira,True,10,8,10-19,0-9,2
خُوش بَوش,khoosh boosh,khoosh boosh,True,9,12,0-9,10-19,2
تْعِكِز,t3akkaz,t3akkaz,True,7,7,0-9,0-9,3
عِجِل,3ajjal,3ajjil,False,5,6,0-9,0-9,4
مُنَاوَشِة,munaawashe,munaawashe,True,10,10,10-19,10-19,4
يلوِّش,yluush,ylawwish,False,6,6,0-9,0-9,5
اِتْدَكْرَم,2iddartsham,2iddartsham,True,11,11,10-19,10-19,4
كِتَاب,kuttaab,ktaab,False,6,7,0-9,0-9,5
لَطِم,lattam,lattam,True,5,6,0-9,0-9,5
يهَاجِم,yhaajim,yhaajim,True,7,7,0-9,0-9,1
تَقْضِيِة,taqdiye,taqdiye,True,9,7,0-9,0-9,1
وَظِيفِة,waziife,waziife,True,8,7,0-9,0-9,1
حَل,7ill,7ill,True,3,4,0-9,0-9,4
بَلَدِيَّات,baladiyyaat,baladiyyaat,True,11,11,10-19,10-19,1
اِنْهِضِم,2inhadam,2inhadam,True,9,8,0-9,0-9,1
جَّس,jiss,jiss,True,4,4,0-9,0-9,5
يْحَسِّس,y7assis,y7assis,True,8,7,0-9,0-9,5
نِظَائِر,nadhaa2ir,nadhaa2ir,True,8,9,0-9,0-9,4
قَرْمَع,qkgarmi3,qkgarmi3,True,7,8,0-9,0-9,1
تْبِقِع,tbaqqa3,tbaqqa3,True,7,7,0-9,0-9,4
وِسِخ,wassakh,wassikh,False,5,7,0-9,0-9,3
اِتْجَرَد,2itjarrad,2itjarrad,True,9,9,0-9,0-9,5
قَدِّيه,qaddee,qaddee,True,7,6,0-9,0-9,2
تَسَيْطَر,tsaytar,tsaytar,True,9,7,0-9,0-9,3
تْشُوك,tshawwak,tshawwak,True,6,8,0-9,0-9,3
هَوَّش,huwash,hawwish,False,6,6,0-9,0-9,1
اِسْتَبَق,2istabaq,2istabaq,True,9,8,0-9,0-9,1
حَبَاله طويلة,7baalo twiile,7baalo twiile,True,13,13,10-19,10-19,3
لَحْوَح,la7uu7,la7uu7,True,7,6,0-9,0-9,2
حِزِر فَزّ,7azzar fazzar,7azzar fazz,False,10,13,10-19,10-19,5
رُبْكِة,rabke,rabke,True,7,5,0-9,0-9,2
شَوَّش,shawwish,shawwash,False,6,8,0-9,0-9,1
جَمَّرَى الهَوَا,majra 2ilhawa,majra 2ilhawa,True,16,13,10-19,10-19,4
مُحْرَاك,mi7raak,mi7raak,True,8,7,0-9,0-9,2
مَكْوَر,mkawwar,mkawwir,False,7,7,0-9,0-9,3
أَصْلُه وفَصَل,2aslo wufaslo,2aslo wufaslo,True,14,13,10-19,10-19,3
مِنْحَوِل,mini7wil,mini7wil,True,9,8,0-9,0-9,5
لَطَّخ,lattikh,lattikh,True,6,7,0-9,0-9,1
مَغَج,maghadj,maghghadj,False,5,7,0-9,0-9,1
اِغْنَم,ghaanim,2ighnam,False,7,7,0-9,0-9,4
عَطَّاء,3ataa2,3ataa2,True,7,6,0-9,0-9,4
يُحْلُم,yi7lam,yi7lam,True,7,6,0-9,0-9,4
اِتَحْشَم,2it7ashsham,2it7ashsham,True,9,11,0-9,10-19,3
ذَاكِرَة سِمكِّة,zaakirat samake,zaakirat samake,True,16,15,10-19,10-19,3
ذِنَاب,dnaab,dnaab,True,6,5,0-9,0-9,4
يتَعْكِر,yi3akrat,yit3akkar,False,8,8,0-9,0-9,5
يِتْخَرْطَش,yitkhartash,yitkhartash,True,11,11,10-19,10-19,1
زَرِب,zarab,zarrab,False,5,5,0-9,0-9,4
خِنْشِوِر,khanshuur,khanshuur,True,9,9,0-9,0-9,5
عُطْوِة,3atwe,3atwe,True,7,5,0-9,0-9,2
دَورِق,dooraq,dooriq,False,6,6,0-9,0-9,2
اِتْحَمَّس,2it7ammas,2it7ammas,True,10,9,10-19,0-9,1
يِنِقْطِع,yinqiti3,yinqiti3,True,9,8,0-9,0-9,3
يِتْفَلَّل,yitfallal,yitfallal,True,10,9,10-19,0-9,1
يُسْقُع,yisqka3,yisqka3,True,7,7,0-9,0-9,5
ينَابِس,ynaasib,ynaabis,False,7,7,0-9,0-9,4
لَحِّش,la7ash,la77ash,False,6,6,0-9,0-9,3
يتْبَدَّد,yitbaddad,yitbaddad,True,9,9,0-9,0-9,2
يطَفِّش,yitfash,ytaffish,False,7,7,0-9,0-9,4
طَبْطِب,tabtab,tabtib,False,7,6,0-9,0-9,2
يحَصِّد,yu7sud,yu7sud,True,7,6,0-9,0-9,3
أَعَلِّن,2a3lan,2a3lan,True,8,6,0-9,0-9,3
اُطْفُس,taafis,2utfus,False,7,6,0-9,0-9,3
مَنَاقِل,manaaqil,manaaqil,True,8,8,0-9,0-9,2
رِزّة,ruzze,razze,False,5,5,0-9,0-9,5
لو يصيروَا اجريك فوق تحت,law 2iysiiruu 2idjreek fook wraasak lata7at,law 2iysiiruu 2ijreek fooq wraasak lata7a,False,24,43,20-29,40-49,2
يعَرْبِد,y3arbid,y3arbid,True,8,7,0-9,0-9,1
قُنَّارَة,qinnaara,qinnaara,True,9,8,0-9,0-9,1
صَفَى,saffa,saffa,True,5,5,0-9,0-9,2
اِنْبَطَاح,2inbitaa7,2inbitaa7,True,10,9,10-19,0-9,2
مُوَهَبِة,mawhibe,mawhibe,True,9,7,0-9,0-9,4
يِخْتِوِل,ykhootil,ykhootil,True,9,8,0-9,0-9,2
مُرْكِي,mrakki,mrakki,True,7,6,0-9,0-9,3
يجَلْعَم,yjal3im,yjal3im,True,8,7,0-9,0-9,5
مْقَحْمِز,mka7miz,mka7miz,True,9,7,0-9,0-9,1
بَقَلْشِة,baqklashe,baqklashe,True,9,9,0-9,0-9,5
اِنِتْحِر,2inta7ar,2inta7ar,True,9,8,0-9,0-9,5
بَالذِّمِّة,bizzimme,bizzimme,True,11,8,10-19,0-9,2
قَمْقَوش,qamquush,qamquush,True,8,8,0-9,0-9,3
عَرْطَة,3arta,3arta,True,7,5,0-9,0-9,1
اِنْغَمَس,2inighmis,2inghamas,False,9,9,0-9,0-9,2
طِاب,taab,taab,True,4,4,0-9,0-9,3
مُحَارِب,mu7aarib,m7aarib,False,8,8,0-9,0-9,5
اُجْبُر,2ijbir,2ijbir,True,7,6,0-9,0-9,4
بِزّ,bazziz,bizz,False,4,6,0-9,0-9,3
يِتْمَنَّع,yitmanna3,yitma33an,False,10,9,10-19,0-9,1
تَوَاحَى,twaa7a,twaa7a,True,8,6,0-9,0-9,2
عَوَض,3awad,3awwad,False,5,5,0-9,0-9,5
عِجُول,3juul,3ajuul,False,6,5,0-9,0-9,4
يغُفّ,yghiff,yghiff,True,5,6,0-9,0-9,3
مُخْنِم,mkhannam,mkhannim,False,7,8,0-9,0-9,3
اِنْدَرِج,2indaraj,2indarij,False,9,8,0-9,0-9,5
اِتْنَفَّد,2itfannad,2itfannad,True,10,9,10-19,0-9,2
يْتَبْكِت,yitbakkat,yitbakkat,True,9,9,0-9,0-9,4
اِسْتَوْدَع,2istawda3,2istawda3,True,11,9,10-19,0-9,2
مَطِرَة,matara,matara,True,7,6,0-9,0-9,4
رُقْبِة,raqabe,raqabe,True,7,6,0-9,0-9,1
مَادِد رَاسُه مِثِل الحَرْدُون,maadid raaso mitil 2il7aardoon,maadid raaso mitil 2il7ardoon,False,30,30,30-39,30-39,5
يِلَاعِب,ylaa3ib,ylaa3ib,True,8,7,0-9,0-9,4
غَرْبِة,ghurbe,ghurbe,True,7,6,0-9,0-9,3
مُرْدَغَة,mardagha,mardagha,True,9,8,0-9,0-9,4
تَسْعِيرة,tas3iira,tas3iire,False,9,8,0-9,0-9,5
فَرْكِة,farke,farke,True,7,5,0-9,0-9,2
يِنْقَطِش,yinqitish,yinqitish,True,9,9,0-9,0-9,3
بَقْلَل,baqklal,baqklal,True,7,7,0-9,0-9,2
سُوَى,sawwa,sawwa,True,5,5,0-9,0-9,5
اِسْتِمِدّ,2istamidd,2istamadd,False,10,9,10-19,0-9,5
حَوص,7oos,7uus,False,4,4,0-9,0-9,1
يأُوت,y2awwit,y2awwit,True,5,7,0-9,0-9,3
فَرْطِح,farta7,farta7,True,7,6,0-9,0-9,4
فَازِيلن,vaazliin,faaziilan,False,8,8,0-9,0-9,3
اِنْصِعِق,2insa3aq,2insa3aq,True,9,8,0-9,0-9,2
فَاطِس,faatis,faatis,True,6,6,0-9,0-9,1
يعِصّ,y3uss,y3uss,True,5,5,0-9,0-9,3
مَعْلُوم,ma3luum,ma3luum,True,8,7,0-9,0-9,1
يِتْصِلْطِح,yitsalta7,yitsalta7,True,11,9,10-19,0-9,3
كَهْرِبْجِي,kahrabji,kahrabji,True,11,8,10-19,0-9,5
تْلَقَّح,tlaqqa7,tlaqqa7,True,8,7,0-9,0-9,1
اِسْتِرْجَاع,2istirjaa3,2istirjaa3,True,12,10,10-19,10-19,2
قَارِض,qaarid,qaarid,True,6,6,0-9,0-9,1
مْسَرَّح,masra7,masra7,True,8,6,0-9,0-9,1
حَوِّينِة,7weene,7weene,True,9,6,0-9,0-9,4
عِنِّيد,3aniid,3aniid,True,7,6,0-9,0-9,2
سَوِّق,sawwiq,sawwaq,False,6,6,0-9,0-9,3
يِتْذَلَّذ,yitlazzaz,yitzallaz,False,10,9,10-19,0-9,4
وَغْوَش,waghwish,waghwish,True,7,8,0-9,0-9,1
يعَكِّر,yu3kur,yu3kur,True,7,6,0-9,0-9,2
نِطِق,nattaq,nattiq,False,5,6,0-9,0-9,5
مش مِتْهَنِّي بلقِتْهَم,mish mithanni bluqmito,mish mithanni bluqmito,True,23,22,20-29,20-29,5
شَخَّخ,shakhkhikh,shakhkhikh,True,6,10,0-9,10-19,1
اِسْتَنْعَف,2istanfa3,2istanfi3,False,11,9,10-19,0-9,3
يِنْمَزَج,yinmizij,yinmizij,True,9,8,0-9,0-9,4
اِنكتبله عجدر ميد,2inkatablo 3umur jdiid,2inkatablo 3umur jdiid,True,17,22,10-19,20-29,5
مَنَاقِير,manaaqiir,manaaqiir,True,9,9,0-9,0-9,2
يِتْجَمْهَر,yitjamhar,yitjamhar,True,11,9,10-19,0-9,2
صَلِع,sala3,salla3,False,5,5,0-9,0-9,5
طُغَى,tagha,tagha,True,5,5,0-9,0-9,4
حَدْوَد,7uduud,7duud,False,7,6,0-9,0-9,5
اِتَدَرَّب,2iddarrab,2iddarrab,True,10,9,10-19,0-9,5
يُقْطُع,yiqta3,yiqta3,True,7,6,0-9,0-9,5
تَرَتْتِيل,tartiil,tartiil,True,10,7,10-19,0-9,4
يِنِقْزِع,yinqkizi3,yinqkizi3,True,9,9,0-9,0-9,2
شَبِه,shabbah,shabbah,True,5,7,0-9,0-9,5
صَمِير,masiir,masiir,True,6,6,0-9,0-9,4
حَبِّة دَوَا,7abbit dawa,7abbit dawa,True,12,11,10-19,10-19,1
مَشَنْوِق,mashnuuq,mashnuuq,True,9,8,0-9,0-9,5
غُنُم,ghanam,ghanam,True,5,6,0-9,0-9,5
مْتَزْمِت,mitzammit,mitzammit,True,9,9,0-9,0-9,4
مَرْشُوش,marshuush,marshuush,True,8,9,0-9,0-9,1
طَبَّازِي,tabaazi,tabaazi,True,9,7,0-9,0-9,5
اِتَعْلَم,2it3allam,2it3allam,True,9,9,0-9,0-9,3
يفَضِّح,yifda7,yfaddi7,False,7,6,0-9,0-9,2
تَطَاوُق,2ittaawaq,2ittaawaq,True,8,9,0-9,0-9,2
اِرْكُن,2irkun,2irkun,True,7,6,0-9,0-9,1
يِتْعَايَش,yit3aayash,yit3aayash,True,10,10,10-19,10-19,1
زَعْمِيكِة,zu3matshtshiyye,zu3matshtshiyye,True,10,15,10-19,10-19,5
جَلْغَم,djalgham,djalghim,False,7,8,0-9,0-9,2
يتْهَجَّر,yithajjar,yithajjar,True,9,9,0-9,0-9,3
اِقْتِطِع,2iqtata3,2iqtata3,True,9,8,0-9,0-9,4
اِمْكَرّ,2umkur,2umkur,True,8,6,0-9,0-9,5
فَرِش,farrash,farrish,False,5,7,0-9,0-9,5
عِلَل,3allil,3allil,True,5,6,0-9,0-9,3
هَتُّور,hatwir,hatwar,False,7,6,0-9,0-9,3
مْبَارَكِة,mbaarake,mbaarake,True,10,8,10-19,0-9,2
جَوَل,djuul,jawwal,False,5,5,0-9,0-9,5
حْدَاد,7idaad,7addaad,False,6,6,0-9,0-9,3
يسَرِّع,ysarri3,yisri3,False,7,7,0-9,0-9,2
اِنْجِلِي,2injali,2injali,True,9,7,0-9,0-9,1
اِنْمَعَك,2inma3ak,2inma3ak,True,9,8,0-9,0-9,1
زَرِّق,zarriq,zarriq,True,6,6,0-9,0-9,3
صُدِّة,sadde,sadde,True,6,5,0-9,0-9,2
صَخْرَة,sakhra,sakhra,True,7,6,0-9,0-9,1
أُحْكَام,2a7kaam,2a7kaam,True,8,7,0-9,0-9,2
يِسْمَع,ysammi3,yisma3,False,7,7,0-9,0-9,2
بَطُّون,btuun,btuun,True,7,5,0-9,0-9,1
قَصْعَة البِير,qas3it 2ilbiir,qas3it 2ilbiir,True,14,14,10-19,10-19,4
طِفِش,taffash,taffish,False,5,7,0-9,0-9,4
أَشْراً,2ashraar,2ashran,False,7,8,0-9,0-9,5
هَوس,hawas,hawwis,False,4,5,0-9,0-9,5
يِعْزَل,y3azzil,y3azzil,True,7,7,0-9,0-9,5
مَنَاقِل,manaaqil,manaaqil,True,8,8,0-9,0-9,1
يِسْتَنِف,yistanfir,yistanfir,True,9,9,0-9,0-9,5
كْفَارَة,kaffaara,kfaara,False,8,8,0-9,0-9,2
القَالِب غَالب,2ilqaalib ghaalib,2ilqaalib ghaalib,True,14,17,10-19,10-19,2
سِبْلِة,sabale,sabale,True,7,6,0-9,0-9,3
اِتْحَمَّر,2it7arram,2it7arram,True,10,9,10-19,0-9,3
اِنْفَغِص,2infighis,2infaghas,False,9,9,0-9,0-9,4
يِتْزَغَّل,yitghazzal,yitghazzal,True,10,10,10-19,10-19,2
الطول طول نخلة وَالعقل سخلة عقلة,2ittuul tuul nakhle wil3aqil 3aqil sakhle,2ittuul tuul nakhle wil3aqil 3aqil sakhle,True,32,41,30-39,40-49,4
صَمِّم,sammam,sammim,False,6,6,0-9,0-9,2
كَفّ إِيدهَا,kaffuu 2iido,kaff 2iido,False,12,12,10-19,10-19,4
يَا حَرَامِب كَب,yaa mar7abaa bik,yaa mar7aabaa bik,False,16,16,10-19,10-19,5
عَشَان الوَرْد يِنْسَقَى العَيق,3ashaan 2ilward yinsaqa 2il3ulleeq,3ashaan 2ilward yinsaqa3a,False,31,34,30-39,30-39,2
فَشّ,fish,fishsh,False,4,4,0-9,0-9,1
كَرْدَل,kgardal,kgardal,True,7,7,0-9,0-9,2
تَنَسُّلي,tansiil,tansiil,True,9,7,0-9,0-9,3
يتْبَخَّر,tbakhkhar,yitbakhkhar,False,9,9,0-9,0-9,2
بَومَلِي,boomale,boomale,True,8,7,0-9,0-9,1
اِتْلَطَّف,2itlattaf,2itlattaf,True,10,9,10-19,0-9,1
يْبَاشِر,ybaashir,ybaashir,True,8,8,0-9,0-9,2
اِتْفَاغَل,2itghaafal,2itghaafal,True,10,10,10-19,10-19,5
يِنْشِب,yinshib,yinshab,False,7,7,0-9,0-9,5
عُوَا,3iwa,3awa,False,5,4,0-9,0-9,3
يهَيِّل,yhayyil,yhayyil,True,7,7,0-9,0-9,2
يِتْعَابَط,yit3aabat,yit3aabat,True,10,9,10-19,0-9,1
فِطِس,fattis,fattis,True,5,6,0-9,0-9,5
رَخَي,rakhkhi,rakhkhi,True,5,7,0-9,0-9,5
اِصْطَدَم,2istadam,2istidim,False,9,8,0-9,0-9,4
تْصِمِّغ,tsammagh,tsammagh,True,8,8,0-9,0-9,4
يْآخِي,y2aakhi,y2aakhi,True,6,7,0-9,0-9,5
يكَفِّر,yukfur,ykaffir,False,7,6,0-9,0-9,4
مَخْطَوف,makhtuuf,makhtuuf,True,8,8,0-9,0-9,4
اُمْتُد,2imtadd,2imtadd,True,7,7,0-9,0-9,4
كْاشِف,kaashif,kaashif,True,6,7,0-9,0-9,5
اِسْتَوِي,2istawi,2istawi,True,9,7,0-9,0-9,1
يِزْوَر,yizwar,yzawwir,False,7,6,0-9,0-9,4
يِتَوَاضُع,yitwaada3,yitwaada3,True,10,9,10-19,0-9,3
من حد مَا يقول اله أكبر,min 7add maa yquul 2allaahu 2akbar,min 7add maa yquul 2ahu 2akbar,False,23,34,20-29,30-39,3
خُنَّاق,khunnaaq,khnaa2,False,7,8,0-9,0-9,5
يَوَاقِي,ywaaqi,ywaaqi,True,8,6,0-9,0-9,3
ظُهُر,zahar,dahar,False,5,5,0-9,0-9,3
اِفْتَقَر,2iftaqir,2iftaqir,True,9,8,0-9,0-9,1
يِنْبَعِط,yinbi3it,yinbi3it,True,9,8,0-9,0-9,5
يسْتَشْرِف,yistashrif,yistashrif,True,10,10,10-19,10-19,4
قُرْقُش,qarqash,qarqash,True,7,7,0-9,0-9,5
يْحَتِّاس,yi7taas,yi7taas,True,9,7,0-9,0-9,5
يِمْصَع,yimsa3,yim3as,False,7,6,0-9,0-9,5
سْحَاسْلِي,sa7aasiil,sa7aasiil,True,10,9,10-19,0-9,5
بَلُّه قَتْلِة,ballo qatle,ballo qatle,True,14,11,10-19,10-19,1
يشَلِّط,yshallit,yshallit,True,7,8,0-9,0-9,1
قصقص جنَاحَاتهَا,qasqas jnaa7aatha,qasas jnaa7aatha,False,16,17,10-19,10-19,1
تْحَفَّظ,ta7affuz,t7affaz,False,8,8,0-9,0-9,1
زُمُلَاء,zumalaa2,zumalaa2,True,8,8,0-9,0-9,2
قلب طَاقِية رَاسك,qalab taaqiyyet raaso,qalab taaqiyyet raaso,True,17,21,10-19,20-29,5
نَمَس,nimis,nammis,False,5,5,0-9,0-9,2
منَقَّيين عَالطَّبْلِيِّة,mnaqqayiin 3attabliyye,mnaqqayiin 3attabliyye,True,25,22,20-29,20-29,3
طبَّك سَات,tabb saakit,tabbak saat,False,10,11,10-19,10-19,4
هَفَى,fahha,hafa,False,5,5,0-9,0-9,4
اِسْتَعِيف,2ista3fi,2ista3fi,True,10,8,10-19,0-9,2
شِفِيع,shafii3,shafii3,True,6,7,0-9,0-9,4
زَرَّق,zuruq,zarriq,False,6,5,0-9,0-9,1
تْشَنْخَر,tsharnakh,tshankhar,False,9,9,0-9,0-9,3
زي قُفِّة الدُّهْوِة,zayy qkuffit 2iddahwe,zay qkuffit 2iddahwe,False,20,21,20-29,20-29,4
ينَقْصِف,yinqisif,yinqisif,True,8,8,0-9,0-9,5
يِتْطَفَّر,yittarraf,yittaffar,False,10,9,10-19,0-9,3
أَكَل بْحَالُه,2akal b7aalo,2akal b7aalo,True,14,12,10-19,10-19,2
جَهَّه,jahjih,jahjah,False,6,6,0-9,0-9,3
نَدِّف,naddif,naddif,True,6,6,0-9,0-9,2
مْهَجْوَر,mahjuur,mahjuur,True,9,7,0-9,0-9,3
صَبَر,sabbir,sabbar,False,5,6,0-9,0-9,3
صَنَف,sinf,sannif,False,5,4,0-9,0-9,5
مْحَرْوِم,ma7ruum,ma7ruum,True,9,7,0-9,0-9,2
ثَقِيل دَمّ,tqiil damm,tqiil damm,True,11,10,10-19,10-19,3
قَرَّم وزينق,garmiz wunaggi,qaram zawanqi,False,12,14,10-19,10-19,5
اِحْجُب,2i7jib,2i7jib,True,7,6,0-9,0-9,3
جَمَد,majjad,jammid,False,5,6,0-9,0-9,2
يِخْبَر,ykhabbir,ykhabbir,True,7,8,0-9,0-9,3
اِنْشَبّ,2inshib,2inshab,False,8,7,0-9,0-9,1
خْرَيِّب,kharriib,khariib,False,8,8,0-9,0-9,4
يِنْحَطِم,yin7atim,yin7itim,False,9,8,0-9,0-9,4
أَقْسام,2aqsaam,2aqsaam,True,7,7,0-9,0-9,4
أَكَارِم,2akaarim,2akaarim,True,8,8,0-9,0-9,1
تِبَاهَى,tbaaha,tbaaha,True,8,6,0-9,0-9,4
تْفِلْسِف,tfalsaf,tfilsif,False,9,7,0-9,0-9,4
ضَبَّع,dabba3,dabbi3,False,6,6,0-9,0-9,4
حَمَاسْوِي,7amsaawi,7amsaawi,True,10,8,10-19,0-9,3
تَلَاحُم,tlaa7am,tlaa7am,True,8,7,0-9,0-9,4
وِكَالِة,wakaale,wakaale,True,8,7,0-9,0-9,3
تَدَلَّع,2iddala3,2iddala3,True,8,8,0-9,0-9,3
مَسَامِك,masaamik,masaamik,True,8,8,0-9,0-9,2
حَكُومِي,7ukuumi,7ukuumi,True,8,7,0-9,0-9,2
زَغْرُوتِة,zaghruute,zaghruute,True,10,9,10-19,0-9,1
كِرِه,karrih,karrah,False,5,6,0-9,0-9,4
طَحَن,ta77in,ta77in,True,5,6,0-9,0-9,2
اِنْتِسِى,2intasa,2intasa,True,9,7,0-9,0-9,2
مثل عين الشُّمُس,mitil 3een 2ishshamis,mitil 3een 2ishshummis,False,16,21,10-19,20-29,4
طِنْجِر,tanjir,tanjar,False,7,6,0-9,0-9,5
أَجَفْنَا,2ajfaan,2ajfaan,True,9,7,0-9,0-9,2
رَكِّب,rakkib,rukub,False,6,6,0-9,0-9,1
مْكَعْمَش,mka3mash,mka3mash,True,9,8,0-9,0-9,1
جُدْبَان,judbaan,judbaan,True,8,7,0-9,0-9,2
يتَشَاهُد,yitshaahad,yitshaahad,True,9,10,0-9,10-19,4
اِوْلَد,2uulad,2uulad,True,7,6,0-9,0-9,4
يِسْتَغيِب,yistaghiib,yistaghiib,True,10,10,10-19,10-19,5
جَرَّافِة,jarraafe,jarraafe,True,9,8,0-9,0-9,2
اُمْلُص,2umlus,2umlus,True,7,6,0-9,0-9,2
مِكْشِر,mkashshir,mkashshar,False,7,9,0-9,0-9,5
اُرْكُع,2irka3,2irka3,True,7,6,0-9,0-9,5
قِزِز,qazziz,qazziz,True,5,6,0-9,0-9,3
اِتْجَزَع,2itjazza3,2itjazza3,True,9,9,0-9,0-9,3
مَغْرِفِة,mighrafe,maghrafe,False,9,8,0-9,0-9,3
عَوَف,3awwaf,3awwif,False,5,6,0-9,0-9,5
يِقْعَر,yiq3ar,yiq3ar,True,7,6,0-9,0-9,2
نَحِيف,n7iif,n7iif,True,6,5,0-9,0-9,4
يبَلِّص,yballis,yballis,True,7,7,0-9,0-9,1
مقَرْقِط,mqarqit,mqarqit,True,8,7,0-9,0-9,3
يِتْفَكْفَك,yitkafkaf,yitfakfak,False,11,9,10-19,0-9,5
اِقْتَرَف,2iqtirif,2iqtaraf,False,9,8,0-9,0-9,1
نَوَابْلَسِة,nawaabilse,nawaabilse,True,12,10,10-19,10-19,4
كَفْهَنِة,fakhane,kafhane,False,9,7,0-9,0-9,3
يِبْعَز,yba33iz,yba33iz,True,7,7,0-9,0-9,1
اِسَّكَاتِن,2istakaan,2iskaatin,False,11,9,10-19,0-9,5
لَمَّع,lammi3,lammi3,True,6,6,0-9,0-9,2
يْسَيِّح,ysii7,ysayyi7,False,8,5,0-9,0-9,5
وَرْق لْسَان,waraq lsaan,waraq lsaan,True,12,11,10-19,10-19,3
طِحِن,ta77an,ta77in,False,5,6,0-9,0-9,5
طِفَايِة,taffaaye,taffaaye,True,8,8,0-9,0-9,2
مْعَسِّل,m3assil,m3assil,True,8,7,0-9,0-9,1
مرمى زي الشَّرِيطَة,mramma zayy 2ishriita,marma zayy 2ishriita,False,19,21,10-19,20-29,2
يِنْبَشِم,yinbishim,yinbishim,True,9,9,0-9,0-9,3
عَمْلِقَة,3amlaqa,3amlaqa,True,9,7,0-9,0-9,5
مُتَآكَل,mit2aakil,mit2aakil,True,8,9,0-9,0-9,4
يِدْغُش,yidghash,ydaghghish,False,7,8,0-9,0-9,5
اِتَجَحْنَش,2itja7shan,2itja7shan,True,11,10,10-19,10-19,5
يِتْعَبَّى,yit3abba,yit3abba,True,10,8,10-19,0-9,1
جَوَانِي,juwwaani,juwwaani,True,8,8,0-9,0-9,1
تَقَلْلِيد,taqliid,taqliid,True,10,7,10-19,0-9,3
يُنْجُم,ynajjim,ynajjim,True,7,7,0-9,0-9,5
ضَحَك,du7uk,da77ik,False,5,5,0-9,0-9,4
رَهِيف,rhayyif,rhayyif,True,6,7,0-9,0-9,2
عَاصِم,3aasim,3aasim,True,6,6,0-9,0-9,1
اِنْهَارِي,2inhiyaar,2inhiyaari,False,10,9,10-19,0-9,2
يقَرْطِب,yqarbit,yqarbit,True,8,7,0-9,0-9,4
خَرْبَوشِة,kharbuushe,kharbuushe,True,10,10,10-19,10-19,2
يْأَسَّان,ya2saan,ya2saan,True,9,7,0-9,0-9,4
تْبَقْرَن,tbaqran,tbaqran,True,9,7,0-9,0-9,2
اِنْفِقِس,2inifqis,2infaqas,False,9,8,0-9,0-9,2
دَبِّة,dabbe,dabbe,True,6,5,0-9,0-9,1
يِنْفَرِم,yinifrim,yinfirim,False,9,8,0-9,0-9,4
يُخْفُق,yikhfiq,yikhfiq,True,7,7,0-9,0-9,1
يِبَعْبِش,yba3bish,yba3bish,True,9,8,0-9,0-9,5
مَاسِيِّة,maasiye,maasiye,True,9,7,0-9,0-9,2
طِشْطِش,tashtish,tashtash,False,7,8,0-9,0-9,5
حُقُوق,7uquuq,7quuq,False,6,6,0-9,0-9,2
يسَخِّط,yiskhat,yiskhat,True,7,7,0-9,0-9,1
اِسْتِمِرّ,2istamarr,2istamarr,True,10,9,10-19,0-9,3
جَوِّع,jawwa3,wajji3,False,6,6,0-9,0-9,2
فَطِّر,fitir,fattir,False,6,5,0-9,0-9,2
غَمَز,ghammaz,ghammiz,False,5,7,0-9,0-9,2
جَيوَب,jyuub,jyuub,True,6,5,0-9,0-9,5
مْوَشَّش,mwashshash,mwashshish,False,8,10,0-9,10-19,2
يِشْنَغِل,yshangkil,yshangkil,True,9,9,0-9,0-9,4
هَجْرَة,hijra,hijra,True,7,5,0-9,0-9,5
تِنْزَاع,tnaaza3,tnaaza3,True,8,7,0-9,0-9,5
نَعَّم,na33am,na33am,True,6,6,0-9,0-9,3
عَجِين,3ajiin,3ajiin,True,6,6,0-9,0-9,1
سُمَّاط,smaat,summaat,False,7,5,0-9,0-9,4
إِعْلِمَا,2i3laam,2i3laam,True,9,7,0-9,0-9,4
يِتَمَاسُك,yitmaasak,yitmaasak,True,10,9,10-19,0-9,4
يضَمِّي,ymaddi,yimdi,False,7,6,0-9,0-9,5
تَفْتِيش,taftiish,taftiish,True,8,8,0-9,0-9,1
خُرْفُن,kharfin,kharfin,True,7,7,0-9,0-9,3
عَقِد إِيجَار,3aqid 2iijaar,3aqid 2ijaari,False,13,13,10-19,10-19,2
حَنِّح,7an7in,7an7an,False,6,6,0-9,0-9,5
تَنْفِس,tanfas,tnaffas,False,7,6,0-9,0-9,4
عَامْرُورَة,3aamuura,3aamuura,True,11,8,10-19,0-9,2
حَلْوَق,7luuq,7luuq,True,7,5,0-9,0-9,4
لَادِي,laadi,laadi,True,6,5,0-9,0-9,1
العِرْسَان طَوَابير,2il3irsaan tawaabiir,2il3irsaan tawaabiir,True,19,20,10-19,20-29,2
آخر طرز,2aakhir tarz,2aakhir tarz,True,7,12,0-9,10-19,1
تَبَاحُث,tbaa7as,tbaa7as,True,8,7,0-9,0-9,4
اِنْطَمَر,2initmir,2intamar,False,9,8,0-9,0-9,2
مَقْيَاس,miqyaas,miqyaas,True,8,7,0-9,0-9,2
مْتَبَّع,mtabbi3,mtabbi3,True,8,7,0-9,0-9,2
هُنْكُوتِة,hankuuta,hankuuta,True,10,8,10-19,0-9,5
لَبِيس,labbiis,labbiis,True,6,7,0-9,0-9,1
فسقت فَاضي,fustuq faadi,fustuq faadi,True,10,12,10-19,10-19,3
خَنَّص,khansir,khannis,False,6,7,0-9,0-9,5
تَصْوِينِة,taswiine,taswiine,True,10,8,10-19,0-9,1
حِكِر,7ikir,7akar,False,5,5,0-9,0-9,4
اِسْتَفْرِد,2istafrid,2istafrad,False,11,9,10-19,0-9,4
جَمَامِيع,majaamii3,jamaamii3,False,9,9,0-9,0-9,3
نَبِش,nabash,nabbish,False,5,6,0-9,0-9,4
غَسَل,ghusul,ghassil,False,5,6,0-9,0-9,3
حَير,7ayyar,7ayyar,True,4,6,0-9,0-9,3
بده كثير رك,biddo ktiir rakk,biddo ktiir rakk,True,11,16,10-19,10-19,4
اُلْهُط,2ilhat,2ilhat,True,7,6,0-9,0-9,4
اِسْتَعِيم,2ista3mi,2ista3mi,True,10,8,10-19,0-9,2
يِحْطَم,y7attim,y7attim,True,7,7,0-9,0-9,5
خُتَّيرَة,khatyara,khatyara,True,9,8,0-9,0-9,3
سَمَح,simi7,sammi7,False,5,5,0-9,0-9,1
اِفْزُر,2ifzur,2ifzur,True,7,6,0-9,0-9,4
اِتْدَحْجَر,2idda7raj,2idda7raj,True,11,9,10-19,0-9,3
بَنْطُولن,bantaloon,bantaloon,True,9,9,0-9,0-9,3
اِسْتَكَفّى,2istakfa,2istakfa,True,11,8,10-19,0-9,4
يِتْعَنَّي,yit3ayyan,yit3ayyan,True,10,9,10-19,0-9,4
يِنْحَمِق,yin7imiq,yin7imiq,True,9,8,0-9,0-9,3
يِهْطَل,yhattil,yhattil,True,7,7,0-9,0-9,5
دِلِب,dalib,dalab,False,5,5,0-9,0-9,5
عَلَّم,3allam,3allim,False,6,6,0-9,0-9,1
مْنَافَسِة,munaafase,mnaafase,False,10,9,10-19,0-9,4
هَذَاي,haadi,hadhaayi,False,6,5,0-9,0-9,3
شَرْشِف,sharshaf,sharshaf,True,7,8,0-9,0-9,3
سَنَمَكِة,sanamakke,sanamakke,True,9,9,0-9,0-9,1
فَرْقِع,furqu3,farqi3,False,7,6,0-9,0-9,4
ينَحِّر,yin7ar,yin7arr,False,7,6,0-9,0-9,2
عَطَّل,3attil,3attal,False,6,6,0-9,0-9,1
اِقْنُع,2iqna3,2iqna3,True,7,6,0-9,0-9,4
يِتْحَزَّف,yit7affaz,yit7affaz,True,10,9,10-19,0-9,2
مَيِّع,mayya3,mayyi3,False,6,6,0-9,0-9,2
قُلُوز,2alwaz,2alwaz,True,6,6,0-9,0-9,4
مَتْعُوس,mat3uus,mat3uus,True,8,7,0-9,0-9,3
فِرْفِش,farfish,farfash,False,7,7,0-9,0-9,5
تْصِدِق,tsaddaqtsadda2,tsaddaqtsadda2,True,7,14,0-9,10-19,5
فَاجِح,faa7aj,faaji7,False,6,6,0-9,0-9,4
رَنْدَح,randi7,randa7,False,7,6,0-9,0-9,2
اِتْوَاطى,2itwaata,2itwaata,True,9,8,0-9,0-9,3
هَبَل,hubul,habbal,False,5,5,0-9,0-9,1
تَقَسُّم,tqassam,tqassam,True,8,7,0-9,0-9,2
اِعْتَبَر,2i3tabir,2i3tabar,False,9,8,0-9,0-9,1
أَجْوَاع,2awjaa3,2awjaa3,True,8,7,0-9,0-9,2
آدَمي,2aadami,2aadami,True,5,7,0-9,0-9,4
أَبْنَاء,2abnaa2,2abnaa2,True,8,7,0-9,0-9,1
نِيرَة,neera,niira,False,6,5,0-9,0-9,1
نَبَّت,nabbit,nabbat,False,6,6,0-9,0-9,2
دُكَّاتَرَة,dakaatre,dakaatre,True,11,8,10-19,0-9,2
نَايَط,naayit,naayit,True,6,6,0-9,0-9,2
يَمِّج,ymidjdj,ymidjdj,True,6,7,0-9,0-9,3
تْرَحَّل,tra77al,tra77al,True,8,7,0-9,0-9,1
صُرْخَة,sarkha,sarkha,True,7,6,0-9,0-9,2
مَنّ,minn,minn,True,4,4,0-9,0-9,3
يلوِّط,yluut,ylawwit,False,6,5,0-9,0-9,4
قَال بوزه,qaalib buuzo,qaalib buuzo,True,9,12,0-9,10-19,5
وقت مُسْتَقْطَع,waqt mustaqta3,waqt mustaqta3,True,15,14,10-19,10-19,1
قَصِّع,qusa3,qasa3,False,6,5,0-9,0-9,2
حَرَض,7arrid,7arrid,True,5,6,0-9,0-9,1
بنكلَاد السرَّة,bank 2iddiraase,binkuld 2irrase,False,15,15,10-19,10-19,3
صُرْمَايَاتي,surmaayaati,surmaayaati,True,12,11,10-19,10-19,4
رِاق,raaq,raaq,True,4,4,0-9,0-9,3
بيقرقعن عظَامه بقبره,biqarqi3in 3dhaamo bqabro,biqarqi3in 3dhaamo bqabro,True,20,25,20-29,20-29,1
أَسْلُم,2aslam,2aslam,True,7,6,0-9,0-9,3
اِتَلَزْوَع,2itlazwa3,2itlazwa3,True,11,9,10-19,0-9,3
تَعَكُّر,t3akkar,t3akkar,True,8,7,0-9,0-9,2
حَمِّص,7ammis,7ammis,True,6,6,0-9,0-9,2
يهُوب,yhawwib,yhawwib,True,5,7,0-9,0-9,2
اِنْرِفِع,2inrafa3,2inrafa3,True,9,8,0-9,0-9,1
اِسْتَقْنَص,2istanqis,2istanqis,True,11,9,10-19,0-9,4
فَقِّس,faqas,faqqas,False,6,5,0-9,0-9,3
مِمْمَالَحَة,2immaala7a,2immaamla7a,False,12,10,10-19,10-19,5
اِسْتِقِرّ,2istaqarr,2istaqarr,True,10,9,10-19,0-9,4
مِرْكِب,mrakkab,mrakkab,True,7,7,0-9,0-9,5
يِرْغَب,yirghab,yraghghib,False,7,7,0-9,0-9,1
كُن,kann,kann,True,3,4,0-9,0-9,5
يُوثَق,ywassiq,ywassiq,True,6,7,0-9,0-9,2
مشتغل فيه الأزرق,mishtighil fii 2ishshughul 2il2azraq,mishtighil fii 2ishshughul 2ardaq,False,16,36,10-19,30-39,5
مُبَنِّج,mbannaj,mbannaj,True,8,7,0-9,0-9,5
رَم,ramm,ramm,True,3,4,0-9,0-9,5
وُعْكِة,wa3ke,wa3ke,True,7,5,0-9,0-9,3
يِجْتِعِم,yijtimi3,yitdja33am,False,9,8,0-9,0-9,3
حِتَّى,7atta,7atta,True,6,5,0-9,0-9,5
حَدِّد,7addad,7addid,False,6,6,0-9,0-9,2
فَرِح,firi7,farri7,False,5,5,0-9,0-9,5
دَحِيِّة,da77iyye,da77iyye,True,8,8,0-9,0-9,2
سَلَك,salak,sallik,False,5,5,0-9,0-9,1
العِير اللي مَابصيبك بدوشك,2ili3yaar 2illi maa bisiibak bidwishak,2il3iir 2illi maa bisiibak bidwishak,False,26,38,20-29,30-39,5
اِسْتَعْلَم,2ista3lam,2ista3lam,True,11,9,10-19,0-9,1
فَارّ,faar,faar,True,5,4,0-9,0-9,4
لَزُّوع,lazwa3,lazwi3,False,7,6,0-9,0-9,4
تْصَحَّف,tsaffa7,tsa77af,False,8,7,0-9,0-9,5
مَزْغَول,mzaghwil,mzaghwil,True,8,8,0-9,0-9,5
اِتْشَاطَر,2itshaatar,2itshaatar,True,10,10,10-19,10-19,1
ضَيَّف,diif,dayyif,False,6,4,0-9,0-9,3
اِعْشُق,2i3shaq,2i3shaq,True,7,7,0-9,0-9,3
فَنَن,fannan,fannin,False,5,6,0-9,0-9,5
يِضِر,ydurr,ydurr,True,5,5,0-9,0-9,4
أَنْت قُدْهَا,2inta qadha,2inta qadha,True,13,11,10-19,10-19,2
مَخْطُوف لَونُه,makhtuuf loono,makhtuuf loono,True,15,14,10-19,10-19,1
طَقَّع,taqqi3,tagga3,False,6,6,0-9,0-9,3
وَرِّش,wirish,warrish,False,6,6,0-9,0-9,4
دَفُّور,dfuur,dfuur,True,7,5,0-9,0-9,2
مَسَي,massi,massi,True,5,5,0-9,0-9,5
هَنَّاك,hinaak,hnaak,False,7,6,0-9,0-9,4
ضلع أوج,dili3 2a3waj,dili3 2a3waj,True,7,12,0-9,10-19,4
يِجْزِي,yujiiz,yijzi,False,7,6,0-9,0-9,3
شْطَانِة,shataane,shataane,True,8,8,0-9,0-9,3
هَلِّك,halak,halak,True,6,5,0-9,0-9,3
مَبْعِز,mba3biz,mba3biz,True,7,7,0-9,0-9,5
هِمِّة,himme,himme,True,6,5,0-9,0-9,2
قَب,qibb,qabb,False,3,4,0-9,0-9,4
يِتْنَفْسَخ,yitkhanfas,yitfankhas,False,11,10,10-19,10-19,2
تَوَارِيخ,tawaariikh,tawaariikh,True,9,10,0-9,10-19,1
زَرَم,zirim,zaram,False,5,5,0-9,0-9,1
سَوَّس,sawwas,sawwis,False,6,6,0-9,0-9,3
تَخ,tikhkh,tikhkh,True,3,6,0-9,0-9,4
خَرَّافِي,khuraafi,khuraafi,True,9,8,0-9,0-9,2
اِنْمُط,2inmatt,2inmatt,True,7,7,0-9,0-9,5
مَعْتَز,mu3tazz,mu3tazz,True,7,7,0-9,0-9,5
مَدِّح,mada7,mada7,True,6,5,0-9,0-9,3
رَحْرَح,ra7ri7,ra7ra7,False,7,6,0-9,0-9,3
قَحْمِش,qa7mish,qa7mish,True,7,7,0-9,0-9,3
يُزْعُق,yiz3aqk,yiz3aqk,True,7,7,0-9,0-9,5
يُحْرُق حَرِيشَك,yi7riq 7ariishak,yi7riq 7ariishak,True,16,16,10-19,10-19,4
مْرَدَّغ,mardigh,mardagh,False,8,7,0-9,0-9,4
خَوص,khuwas,khuwas,True,4,6,0-9,0-9,1
اِتْلَحَف,2itla77af,2itla77af,True,9,9,0-9,0-9,5
حَرَاث,7raath,7raath,True,6,6,0-9,0-9,1
سْخَمَاط,sukhmaat,sukhmaat,True,8,8,0-9,0-9,4
اِتْحَشْرَح,2it7ar7ash,2it7ar7ash,True,11,10,10-19,10-19,2
غَبرة المَوت,ghabrit 2ilmoot,ghabrit 2ilmoot,True,12,15,10-19,10-19,4
تِفْة,taffe,taffe,True,5,5,0-9,0-9,5
لَفَّت عَارَة وعَرْعَرَة,laffat 3aara wu 3ar3ara,laffat 3aara wu 3ar3ara,True,24,23,20-29,20-29,3
سُحُول,sa7wil,sa7wal,False,6,6,0-9,0-9,3
يتْنَظَّف,yitnaddaf,yitnaddaf,True,9,9,0-9,0-9,2
عَافَي,3aafi,3aafi,True,6,5,0-9,0-9,4
أَعْطَى كِلْمِة,2a3ta kilme,2a3ta kilme,True,15,11,10-19,10-19,1
يِتْزَنَّي,yitzayyan,yitzayyan,True,10,9,10-19,0-9,2
بُعُوق,ba3wak,ba3wak,True,6,6,0-9,0-9,4
هَبَط,habat,habbit,False,5,5,0-9,0-9,1
أَعْلَن,2a3lan,2a3lan,True,7,6,0-9,0-9,1
يِبْقَى,yibqa,yibqa,True,7,5,0-9,0-9,1
زي البَفْتِة,zayy 2ilbafte,zayy 2ilbafte,True,12,13,10-19,10-19,1
يِنْخِفِض,yinkhifid,yinkhifid,True,9,9,0-9,0-9,2
دِقّ,duqq,duqq,True,4,4,0-9,0-9,3
تْبِرْبِك,tbarbak,tbarbak,True,9,7,0-9,0-9,4
هَاوي,haawi,haawi,True,5,5,0-9,0-9,2
يِقْحَف عَيهُرْتُمَك,yiq7af 3akarmiito,yiq7af 3akarmiito,True,20,17,20-29,10-19,4
نِبَالِي,nbaali,nbaali,True,8,6,0-9,0-9,5
فَصْوَص,fsuus,fsuus,True,7,5,0-9,0-9,3
مَوِّج,mawwaj,mawwij,False,6,6,0-9,0-9,2
خَرَّف,khirif,kharrif,False,6,6,0-9,0-9,2
صَفَّغ,faghghas,fasagh,False,6,8,0-9,0-9,5
يِتَّفِق,yittifiq,yittifiq,True,8,8,0-9,0-9,4
اِلْتِوِى,2iltawa,2iltawa,True,9,7,0-9,0-9,3
مْقَيِّل العجَال,maqiil 2il3adjdjaal,mqayyil 3adjdjaal,False,16,19,10-19,10-19,3
زَبَّل,zibil,zabbil,False,6,5,0-9,0-9,2
ذَرَّاوِي,dharaawi,dharaawi,True,9,8,0-9,0-9,3
اِتْرَزَّق,2itrazzaq,2itrazzaq,True,10,9,10-19,0-9,1
يبَخِّت,ybakhkhit,ybakhkhit,True,7,9,0-9,0-9,1
ظَهَر,dahir,dahar,False,5,5,0-9,0-9,2
اِسْتَسْخَف,2istaskhif,2istaskhif,True,11,10,10-19,10-19,1
مُدَابَشِة,mdaabashe,mdaabashe,True,10,9,10-19,0-9,4
فِخِم,fakhkham,fakhkhim,False,5,8,0-9,0-9,4
يلَزِّم,yilzam,yilzim,False,7,6,0-9,0-9,4
اِسْتَعْذِب,2ista3dhab,2ista3dhab,True,11,10,10-19,10-19,4
أَمْغَى,2ughma,2umgha,False,7,6,0-9,0-9,5
تَحَيُّز,ta7ayyuz,t7ayyaz,False,8,8,0-9,0-9,2
يِتوَطَّح,yittawwa7,yittawwa7,True,9,9,0-9,0-9,4
شَوَّاطَة,shawwaata,shawwaata,True,9,9,0-9,0-9,1
اِنْزَغّ,2unghuz,2inzaghgh,False,8,7,0-9,0-9,5
يدَرْوِن,ydarwin,ydarwin,True,8,7,0-9,0-9,1
خَتِيرَايِة,khityaariyye,khityaariyye,True,11,12,10-19,10-19,3
مُجْتَمَع,mujtama3,mujtama3,True,9,8,0-9,0-9,1
طُبُع,taba3,tabbi3,False,5,5,0-9,0-9,5
تَحَفْزِيز,ta7fiiz,ta7fiiz,True,10,7,10-19,0-9,5
تَعَالُق,t3aalaq,t3aalaq,True,8,7,0-9,0-9,4
مُعْلَقَة,ma3laqa,ma3laqa,True,9,7,0-9,0-9,5
مِنْحَوِل,min7iwil,mini7wil,False,9,8,0-9,0-9,5
هَالحين,hal7iin,hal7iin,True,7,7,0-9,0-9,3
يعَفِّص,y3affis,y3affis,True,7,7,0-9,0-9,5
فِي بثمَّك حَكِي,fii btimmak 7aki,fii btimmak 7aki,True,16,16,10-19,10-19,3
بَطَّاقَة,bitaaqa,battaaqa,False,9,7,0-9,0-9,1
سُبْحَان,sub7aan,sub7aan,True,8,7,0-9,0-9,4
اُعْقُش,3aaqkash,2u3qush,False,7,8,0-9,0-9,5
زَهْرِة,zhurra,zahra,False,7,6,0-9,0-9,4
عَاِيب,3aayib,3aayib,True,6,6,0-9,0-9,5
جَوَارِي,jawaari,jawaari,True,8,7,0-9,0-9,1
يدَرِّم,yidrum,yidrum,True,7,6,0-9,0-9,4
صَوَانِي,sawaani,sawaani,True,8,7,0-9,0-9,1
حَيَّف,7eef,7eef,True,6,4,0-9,0-9,3
حْوَامِل,7awaamil,7awaamil,True,8,8,0-9,0-9,3
يِفْشَل,yifshal,yfashshil,False,7,7,0-9,0-9,4
يلَدوع,yladwi3,yladwi3,True,6,7,0-9,0-9,5
سَلْسَلِة,silsile,salsale,False,9,7,0-9,0-9,2
اِنْكِتَاسِة,2intikaase,2intikaase,True,12,10,10-19,10-19,3
ثِلَاث,talaat,talaat,True,6,6,0-9,0-9,3
فَقَش,faqqish,faqqash,False,5,7,0-9,0-9,1
زَعْرِبِة,za3rabe,za3rabe,True,9,7,0-9,0-9,3
جَنِي,jinni,janni,False,5,5,0-9,0-9,3
سَبَّات,subaat,subaat,True,7,6,0-9,0-9,1
كثر خيره,kattar kheero,kattar kheero,True,8,13,0-9,10-19,1
مَوْعَد غَدْرَامِي,maw3id gharaami,maw3id gharaami,True,18,15,10-19,10-19,4
كَعْكَل,ka3kal,ka3kal,True,7,6,0-9,0-9,1
عِلِك,3allik,3allik,True,5,6,0-9,0-9,4
اِغْضِب,2ighdab,2ighdab,True,7,7,0-9,0-9,4
سَحَر,sa7ar,sa77ar,False,5,5,0-9,0-9,3
خَرْطَش,khartish,khartish,True,7,8,0-9,0-9,1
يُجَاوِب,yjaawib,yjaawib,True,8,7,0-9,0-9,4
مَوْشَش,mwashshash,mwashshish,False,7,10,0-9,10-19,4
اِحْتِكِر,2i7tikir,2i7takar,False,9,8,0-9,0-9,4
مَنْعَن,mna3na3,mna3na3,True,7,7,0-9,0-9,4
اِتْبَرّد,2itbarrad,2itbarrad,True,9,9,0-9,0-9,4
أَجْوِدِة,2ajwide,2ajwide,True,9,7,0-9,0-9,1
سُرْعَة,sur3a,sar3a,False,7,5,0-9,0-9,2
اُوصَل,2uusil,2uusal,False,6,6,0-9,0-9,4
كَرْهِب,karhab,karhib,False,7,6,0-9,0-9,3
شَكَّلُه,shaklo,shaklo,True,8,6,0-9,0-9,2
اُوعُد,2uu3id,2uu3id,True,6,6,0-9,0-9,5
مِش مِن ثِوبْنَا,mish min toobna,mish min toobna,True,16,15,10-19,10-19,5
مَخْرَف,mkharrif,mkharfish,False,7,8,0-9,0-9,4
يِسْتَنِق,yistanqis,yistanqid,False,9,9,0-9,0-9,5
جُوزِة الحَلِق,joozit 2il7aliq,joozit 2il7aliq,True,14,15,10-19,10-19,3
رَوب,rawwib,rawwab,False,4,6,0-9,0-9,2
مَرْوِر,muruur,mrawwir,False,7,6,0-9,0-9,5
اِتْأَبَّد,2it2addab,2it2addab,True,10,9,10-19,0-9,2
يِتْبَعْبَر,yitba3tar,yitbarba3,False,11,9,10-19,0-9,4
يِعْشِم,y3ashshim,y3ashshim,True,7,9,0-9,0-9,3
بُوبَز,boobiz,boobaz,False,6,6,0-9,0-9,4
اِبن سَعْتُهَا,2ibin saa3to,2ibin saa3to,True,14,12,10-19,10-19,4
هَرَّج,hardj,harradj,False,6,5,0-9,0-9,2
اِتْجَخَّل,2itjallakh,2itjallakh,True,10,10,10-19,10-19,2
يفَشْفِش,yshafshif,yfashfish,False,8,9,0-9,0-9,3
إِسْكَافْي,2iskaafi,2iskaafi,True,10,8,10-19,0-9,3
يطَرْبِق,ytarbiq,ytarbiq,True,8,7,0-9,0-9,1
اِهْشَلّ,2ihshil,2ihshal,False,8,7,0-9,0-9,4
تَهْمِيش,tahshiim,tahmiish,False,8,8,0-9,0-9,4
يِتَّخَلَّص,yitkhallas,yitkhassal,False,11,10,10-19,10-19,5
جَاح,jaa7,jaa7,True,4,4,0-9,0-9,1
بَاطِون,batoon,batoon,True,7,6,0-9,0-9,4
دُنَّاوِة,danaawe,danaawe,True,9,7,0-9,0-9,5
يتْدَمَّر,yiddammar,yiddammar,True,9,9,0-9,0-9,2
هِينْوِي,hayyuuni,hayyuuni,True,8,8,0-9,0-9,2
جيزة الدهِر,jiizit 2iddahir,jiizit 2iddahir,True,11,15,10-19,10-19,3
مَتِّن,mitin,mattan,False,6,5,0-9,0-9,1
قَتِل,qattil,qattal,False,5,6,0-9,0-9,4
بِعِق,ba3aq,ba33aq,False,5,5,0-9,0-9,5
اِخْتَشِى,2ikhtasha,2ikhtasha,True,9,9,0-9,0-9,4
لَادِى,laada,laada,True,6,5,0-9,0-9,4
يلَطِّم,ylattim,yultum,False,7,7,0-9,0-9,4
اُنْشُك,2inshakk,2inshakk,True,7,8,0-9,0-9,2
قَدَّ,qkgadd,qkgidd,False,5,6,0-9,0-9,4
مُوت,moot,mawwit,False,4,4,0-9,0-9,2
كَارَثِة,kaarise,kaarise,True,8,7,0-9,0-9,3
إِنْهِاء,2inhaa2,2inhaa2,True,8,7,0-9,0-9,4
شُرْعِي,shar3i,shar3i,True,7,6,0-9,0-9,4
زُغُر,zaghrit,zaghrat,False,5,7,0-9,0-9,5
تْجَدْنَع,tjad3an,tjad3an,True,9,7,0-9,0-9,5
يُهْلُط,yuhlut,yihlut,False,7,6,0-9,0-9,4
فَرْفِط,farfat,farfit,False,7,6,0-9,0-9,1
يِجْدَل,yjaddil,yjaddil,True,7,7,0-9,0-9,5
اِفْقَه,2ifqah,2ifqah,True,7,6,0-9,0-9,1
فَهْلَق,fahliq,fahlaq,False,7,6,0-9,0-9,1
يِدْرُب,ydarrib,ydarrib,True,7,7,0-9,0-9,4
عَلى فَاشُوش,3ala faashuush,3ala faashuush,True,12,14,10-19,10-19,3
حَبْل الكِذِب قَصِير,7abil 2ilkizib qasiir,7abil 2ilkizib qasiir,True,20,21,20-29,20-29,4
يصَنِّف,ysannif,ysannif,True,7,7,0-9,0-9,2
مُرُوس,mrawwas,mrawwis,False,6,7,0-9,0-9,5
مَدْوِد,midwad,mduud,False,7,6,0-9,0-9,5
يبَرْطَل,ybartil,ybartil,True,8,7,0-9,0-9,4
يْكَنْعِش,ykan3ish,ykan3ish,True,9,8,0-9,0-9,4
اِنْحِذِف,2in7izif,2in7azaf,False,9,8,0-9,0-9,2
يِذْرِي,ydharri,ydharri,True,7,7,0-9,0-9,3
فَطَّس,fatas,fattis,False,6,5,0-9,0-9,1
بَلْقَع,balqi3,balqi3,True,7,6,0-9,0-9,2
تْوِقِت,twaqqat,twaqqat,True,7,7,0-9,0-9,3
مِخْزَونِة,makhzuune,makhzuune,True,10,9,10-19,0-9,4
فَرَّق,farraq,farriq,False,6,6,0-9,0-9,2
يُصْفُع,yisfa3,yisfa3,True,7,6,0-9,0-9,5
جَنَّابِي,janaabi,janaabi,True,9,7,0-9,0-9,5
طَحِش,ta77ish,ta77ish,True,5,7,0-9,0-9,4
يجَمِّد,ymajjid,yijmid,False,7,7,0-9,0-9,1
تُحْمُل,ta7ammul,t7ammal,False,7,8,0-9,0-9,3
تَرْوِس,trawwas,trawwas,True,7,7,0-9,0-9,4
بَجَر,budjur,bajjir,False,5,6,0-9,0-9,3
كَسَنَاتِيِّة,kastanaaye,kasanaatiyye,False,13,10,10-19,10-19,5
يُهْرُج,yahridj,yharrij,False,7,7,0-9,0-9,3
الجُوع كْفَار,2iljuu3 kaafir,2iljuu3 kaafir,True,13,14,10-19,10-19,4
فُرَّاجِة,farraadje,farraaje,False,9,9,0-9,0-9,4
فَوَالِة,fawaale,fawwaale,False,8,7,0-9,0-9,2
قَحْمَز,ka7miz,ka7miz,True,7,6,0-9,0-9,1
مِشْطَب,mshattib,mshattib,True,7,8,0-9,0-9,5
جِعَان,ja3aan,ju3aan,False,6,6,0-9,0-9,5
توَسَّخ,twassakh,twassakh,True,7,8,0-9,0-9,4
مِتْصَهْيَن,mutasahyin,mutasahyin,True,11,10,10-19,10-19,5
اِذْبَل,daabil,2idbal,False,7,6,0-9,0-9,5
يِتْصوَّى,yitwassa,yitwassa,True,9,8,0-9,0-9,4
يتْرَبْرَب,yitrabrab,yitrabrab,True,10,9,10-19,0-9,2
حَجِر,7idjir,7ajjar,False,5,6,0-9,0-9,5
مَنْتِج,mantaj,mantij,False,7,6,0-9,0-9,5
بَارُد,baarid,baarid,True,6,6,0-9,0-9,4
بُخُوت,bkhuut,bkhuut,True,6,6,0-9,0-9,3
اِتْحَزَّب,2it7azzab,2it7azzab,True,10,9,10-19,0-9,1
سَنِّن,sunan,sannin,False,6,5,0-9,0-9,1
جَنُّون,junuun,junuun,True,7,6,0-9,0-9,3
وَرَبِة,warbe,warbe,True,7,5,0-9,0-9,3
فِرِز,farriz,farriz,True,5,6,0-9,0-9,4
تْعَالِي,ta3aali,ta3aali,True,8,7,0-9,0-9,2
عَوَاصِم,3awaasim,3awaasim,True,8,8,0-9,0-9,1
تَعَوُّد,t3awwad,t3awwad,True,8,7,0-9,0-9,2
هَامْش,haamish,haamish,True,6,7,0-9,0-9,5
اُوجِل,2uulij,2uujil,False,6,6,0-9,0-9,3
خَيَّار وفقوس,khyaar wufaqquus,khyaaruw faqquus,False,13,16,10-19,10-19,2
بِسِس,bisas,bassis,False,5,5,0-9,0-9,3
اِنْخَشَم,2inkhasham,2inkhasham,True,9,10,0-9,10-19,2
اِسْتَلَقّى,2istalqa,2istalaqqi,False,11,8,10-19,0-9,3
ظِلّ,dall,dall,True,4,4,0-9,0-9,2
القِير وَالقَمِي,2ilqiir wilqamaqiir,2ilqiir wilqamaqiir,True,16,19,10-19,10-19,3
حَمُو,7amu,7amu,True,5,4,0-9,0-9,3
شُابّ,shaab,shaab,True,5,5,0-9,0-9,5
كَبَّر,kabbar,kabbir,False,6,6,0-9,0-9,1
أَبُو رْسَا,2abu raas,2abu raas,True,11,9,10-19,0-9,5
عَانَق,3aaniq,3aaniq,True,6,6,0-9,0-9,2
حْوَاش,7waash,7waash,True,6,6,0-9,0-9,1
يْدَلْدِق,ydaldi2,ydaldi2,True,9,7,0-9,0-9,3
نَشِّز,nashaz,nashshiz,False,6,6,0-9,0-9,2
أَزْعِم,2az3am,2az3am,True,7,6,0-9,0-9,3
بَالطُّقَارَة,bil qattara,bittaqgaara,False,13,11,10-19,10-19,2
عَجِّب,3ajjib,3ajjib,True,6,6,0-9,0-9,2
مْنَزَّلِة,manzile,manzile,True,10,7,10-19,0-9,5
دَبِّس,dibis,dabbis,False,6,5,0-9,0-9,3
حُرُوب,7ruub,7ruub,True,6,5,0-9,0-9,2
صُبَّارة بركة,subbaarit barake,sabbaarit barake,False,13,16,10-19,10-19,1
دَامَر,daamir,daamir,True,6,6,0-9,0-9,2
يشَرِّد,yushrud,yushrud,True,7,7,0-9,0-9,1
يِزْيِح,yzii7,yzii7,True,7,5,0-9,0-9,5
مْعَجْرَم,m3ajram,m3ajram,True,9,7,0-9,0-9,1
تَوِّت,tawwit,tawwit,True,6,6,0-9,0-9,2
اِسْتِقْرَار,2istiqraar,2istiqraar,True,12,10,10-19,10-19,1
فِرِز,farraz,farriz,False,5,6,0-9,0-9,4
اِجْتَبَد,2itjabbad,2itjabbad,True,9,9,0-9,0-9,4
حَبَل الغَسِيل,7abil 2ilghasiil,7abil 2ilghasiil,True,14,16,10-19,10-19,3
زَعْرِب,za3rab,za3rab,True,7,6,0-9,0-9,4
رُبْصة البيَادِر,rabsit 2ilbayaadir,rabsit 2ilbayaadir,True,16,18,10-19,10-19,2
قُطُم,qattam,qattim,False,5,6,0-9,0-9,5
اِقْطَع,qaata3,2iqta3,False,7,6,0-9,0-9,3
يُشْرُك,yishrik,ysharrik,False,7,7,0-9,0-9,2
يِلْتَن,ylattin,ylattin,True,7,7,0-9,0-9,2
سِيَادِة,siyaade,siyaade,True,8,7,0-9,0-9,1
يِنَعْوِج,yin3iwij,yin3iwij,True,9,8,0-9,0-9,4
تْأَسَفّ,t2assaf,t2assaf,True,8,7,0-9,0-9,5
يْبَعْثِر,yba3tir,yba3tir,True,9,7,0-9,0-9,2
فْقَيد,faqiid,faqiid,True,6,6,0-9,0-9,3
مِن جَيَال,mini jyaal,min jyaal,False,10,10,10-19,10-19,4
يُثْقُب,yuthqkub,yuthqkub,True,7,8,0-9,0-9,2
مُغَيَّب,maghyab,mughayyib,False,8,7,0-9,0-9,1
فرق السمَا عن الأرض,farq 2issama 3an 2il2ard,farq 2issama 3an 2il2ard,True,19,24,10-19,20-29,2
اِدْنِي,daayan,daayin,False,7,6,0-9,0-9,5
عَرْبَن,3arbin,3arbin,True,7,6,0-9,0-9,2
يتْرَبَّى,yitrabba,yitrabba,True,9,8,0-9,0-9,2
مَلْعَوب,mal3uub,mla3wab,False,8,7,0-9,0-9,5
يتْجَلَّى,yitjalla,yitjalla,True,9,8,0-9,0-9,2
طَاسِة الشَّرَف,taasit 2irrashfe,taasit 2irrashfe,True,15,16,10-19,10-19,4
حُلُوشِة,7alwashe,7alwashe,True,8,8,0-9,0-9,5
اِتَقَدُّل,2itqallad,2itqallad,True,10,9,10-19,0-9,5
اِسْتَجَار,2istajaar,2istajra,False,10,9,10-19,0-9,1
أَرْدَى,2arda,2arda,True,7,5,0-9,0-9,1
يفَلِّم,yiflam,yiflam,True,7,6,0-9,0-9,1
يِتْنَفَّش,yitfannash,yitfannash,True,10,10,10-19,10-19,1
شَمَر,shammar,shammir,False,5,7,0-9,0-9,2
تَرَمِيم,tarmiim,tarmiim,True,8,7,0-9,0-9,3
تآف حَادمِّة,tuffaa7it 2aadam,tuffu7 2aadam,False,12,16,10-19,10-19,5
يِمْزُق,ymazziq,ymazziq,True,7,7,0-9,0-9,3
مِرْكِب,markib,mrakkab,False,7,6,0-9,0-9,5
زَوَّع,zawwa3,zawwa3,True,6,6,0-9,0-9,1
فِحِم,fa77im,fa77im,True,5,6,0-9,0-9,5
مَاكِل,maakil,maakil,True,6,6,0-9,0-9,1
أَلْعُن,2al3an,2al3an,True,7,6,0-9,0-9,4
دَبَّر رَاسَك,dabbir raasak,dabbar raasak,False,13,13,10-19,10-19,1
بُلُص,ballis,ballas,False,5,6,0-9,0-9,4
أَحْوِج,2a7waj,2a7waj,True,7,6,0-9,0-9,3
يِنْطِرِب,yintirib,yintirib,True,9,8,0-9,0-9,1
تْسِرْمِج,tsarmadj,tsarmadj,True,9,8,0-9,0-9,5
زَاتَت,zaatit,zaatit,True,6,6,0-9,0-9,2
يِتَجَاحَش,yitjaa7ash,yitjaa7ash,True,10,10,10-19,10-19,3
حَوِّيط,7awwiit,7awwiit,True,7,7,0-9,0-9,1
يعَقِّب,y3aqqib,y3aqqib,True,7,7,0-9,0-9,1
نَكِد,nikid,nakkid,False,5,5,0-9,0-9,4
ذبيحة القبر,dhabii7it 2ilqabir,dbii7it 2ilqabir,False,11,18,10-19,10-19,1
لَطَخ,latakh,lattikh,False,5,6,0-9,0-9,2
يتَقْلِد,yitqallad,yitqallad,True,8,9,0-9,0-9,4
يُدْغُش,yidghash,ydaghghish,False,7,8,0-9,0-9,4
يِبْشَنِق,ybashniqk,ybashniqk,True,9,9,0-9,0-9,5
اِنْتَقِد,2intaqad,2intiqid,False,9,8,0-9,0-9,3
يلِسّ,yliss,yliss,True,5,5,0-9,0-9,1
يتَلْبِس,yitlabbas,yitlabbas,True,8,9,0-9,0-9,2
بَرَاءَة,baraa2a,baraa2a,True,8,7,0-9,0-9,1
مِنْطِقِي,mantiqi,mantiqi,True,9,7,0-9,0-9,5
يفَتِّح,yfatti7,yfatti7,True,7,7,0-9,0-9,2
صِرّ,sarr,surr,False,4,4,0-9,0-9,5
اِتْفَهْنَم,2itfahman,2itfahman,True,11,9,10-19,0-9,2
كَبِش,kabash,kabash,True,5,6,0-9,0-9,4
يشِيذ,yshayyidh,yshiidh,False,5,9,0-9,0-9,2
يِشْتِي,yshatti,yshatti,True,7,7,0-9,0-9,2
اِنْغِلِق,2inghiliq,2inghiliq,True,9,9,0-9,0-9,2
جَوَاق,wudjaag,jawwaaq,False,6,7,0-9,0-9,4
سْوَرِّق,sooraq,sooriq,False,8,6,0-9,0-9,4
يُطُول ظُفُرْهَا,ytuul dufurha,ytuul dufurha,True,16,13,10-19,10-19,4
لَاحِس,2il7as,laa7is,False,6,6,0-9,0-9,5
تْلَحَّم,tla77am,tla77am,True,8,7,0-9,0-9,1
سَكَك,sikak,sakkik,False,5,5,0-9,0-9,3
يمَلْغِط,ylaghmit,ymalghit,False,8,8,0-9,0-9,3
نْصَاص اللَّيَالِي,nsaas 2illayaali,nsaas 2illayaali,True,18,16,10-19,10-19,5
مْفَرْفَح,mfarfi7,mfarfi7,True,9,7,0-9,0-9,2
عُمَّام,3maam,3maam,True,7,5,0-9,0-9,2
دَمَاسِي,damaayis,damaasi,False,8,8,0-9,0-9,3
يِتَنَعْنَش,yitna3nash,yitna3nash,True,11,10,10-19,10-19,5
بَالَع قُنْدَرَة,baali3 qkundara,baali3 qkundara,True,16,15,10-19,10-19,4
طِافِح,taafi7,taafi7,True,6,6,0-9,0-9,4
بقرقعن عظَامه بقبره,biqarqi3in 3daamo bqabro,biqarqi3in 3dhaamo bqabro,False,19,24,10-19,20-29,1
أَحْبِة,2a7ibba,2a7ibba,True,7,7,0-9,0-9,1
اِفْلُم,2iflam,2iflam,True,7,6,0-9,0-9,4
عَكْسي,3aksi,3aksi,True,6,5,0-9,0-9,5
أَخَذ وِجِههَا,2akhad wijihha,2akhad wijihha,True,14,14,10-19,10-19,1
قُطُر,qattar,qattar,True,5,6,0-9,0-9,5
بَانِسِة,baanse,baanse,True,8,6,0-9,0-9,4
مْشَاغِب,mushaaghib,mashaaghib,False,8,10,0-9,10-19,3
تُهُور,thawwar,thawwar,True,6,7,0-9,0-9,3
اِتْنَكَّز,2itkannaz,2itkannaz,True,10,9,10-19,0-9,2
مْرَيَّب,muriib,mrayyib,False,8,6,0-9,0-9,2
دَغِّم,daghgham,daghghim,False,6,8,0-9,0-9,1
تَفَسَخ,tfassakh,tfassakh,True,7,8,0-9,0-9,5
شُعْنَانِي,sha3aaniin,sha3aaniin,True,10,10,10-19,10-19,4
يِنْتِقِي,yintiqi,yintiqi,True,9,7,0-9,0-9,2
اِسْتَقْتَل,2istaqtil,2istaqtal,False,11,9,10-19,0-9,1
فَرَارِيِّة,fraariyye,fraariyye,True,11,9,10-19,0-9,4
اُنْغُز,2inghazz,2inghuz,False,7,8,0-9,0-9,1
مْرَشَّح,murashshi7,murashsha7,False,8,10,0-9,10-19,1
يجُفّ,yjiff,yjiff,True,5,5,0-9,0-9,5
نَسِّى,nassa,nassa,True,6,5,0-9,0-9,3
دَانَي,daani,daani,True,6,5,0-9,0-9,3
إَذّ,2iz,2iz,True,4,3,0-9,0-9,5
ضْرَاب,2idraab,draab,False,6,7,0-9,0-9,5
زَرْوَف,zruuf,zruuf,True,7,5,0-9,0-9,5
الفَاعلة التِكْرَاة,2ilfaa3le 2ittaarke,2ilfaa3le 2ittaarke,True,19,19,10-19,10-19,4
اِتَحْمَس,2it7ammas,2it7ammas,True,9,9,0-9,0-9,4
يطُرْبُق مَا عَجْلَيب,yutruq jamii3 2il2abwaab,yutruq jamii3 2ilbwaab,False,21,24,20-29,20-29,2
يجِظّ,ydjudhdh,ydjudhdh,True,5,8,0-9,0-9,2
طَرْبَق,tarbaq,tarbaq,True,7,6,0-9,0-9,2
اِسْتَضْعَف,2istad3if,2istad3if,True,11,9,10-19,0-9,1
يْتَبِّع,ytabbi3,ytabbi3,True,8,7,0-9,0-9,3
اِتْعَرَّب,2itrabba3,2it3arrab,False,10,9,10-19,0-9,4
إِسْكَافِي,2iskaafi,2iskaafi,True,10,8,10-19,0-9,1
فَلِس,filis,fallis,False,5,5,0-9,0-9,5
يِفْرِح,yifra7,yfarfi7,False,7,6,0-9,0-9,3
غَلَّى,ghalla,ghalla,True,6,6,0-9,0-9,1
قُرْطُل,qiigartal,qartal,False,7,9,0-9,0-9,3
عَلَّك,3alak,3allik,False,6,5,0-9,0-9,1
قَيَّزَان,kiizaan,qiizaan,False,9,7,0-9,0-9,4
رِجِل بَالدُّنْيَا ورِجِل بَالآخْرِة,rijil biddinyaaw rijil bil2aakhre,rijil biddinyaaw rijil bil2aakhre,True,36,33,30-39,30-39,2
يفَشِّي,yshaffi,yifshi,False,7,7,0-9,0-9,5
البِزّ الكُذَّاب,2ilbiz 2ilkazzaab,2ilbiz 2ilkazzaab,True,16,17,10-19,10-19,4
بِقْلَاوِي,baqlaawi,baqlaawi,True,10,8,10-19,0-9,2
رَافَق,raafaq,raafiq,False,6,6,0-9,0-9,4
وَهِّر,wahhir,wahhir,True,6,6,0-9,0-9,3
رَاقبه من وَالرَا,raaqabo minwara,raaqabo minwara,True,17,15,10-19,10-19,1
يقَتِّل,yiqtul,yqattil,False,7,6,0-9,0-9,1
يْلَاغِي,ylaaghi,ylaaghi,True,8,7,0-9,0-9,1
نَقَّر,naqqar,naqqar,True,6,6,0-9,0-9,2
يكُور,ykawwir,ykawwir,True,5,7,0-9,0-9,2
مَرَاعَاة,muraa3aa,muraa3aa,True,9,8,0-9,0-9,3
جِيرِي,jiiri,jiiri,True,6,5,0-9,0-9,2
اِضوي,2idwi,daawi,False,5,5,0-9,0-9,2
مْخَنْفِر,mkhanfir,mkhanfir,True,9,8,0-9,0-9,2
طِمْعَان,tam3aan,tam3aan,True,8,7,0-9,0-9,5
حُفُن,7afan,7afan,True,5,5,0-9,0-9,5
مُنْخَار,munkhaar,munkhaar,True,8,8,0-9,0-9,1
عُكُف,3akaf,3akaf,True,5,5,0-9,0-9,4
جَرَد,jarad,jarrad,False,5,5,0-9,0-9,1
بَايِرَة,baayre,baayre,True,8,6,0-9,0-9,5
يجَاوِل,yjaawil,yjaawil,True,7,7,0-9,0-9,1
اِنْصِم,2insamm,2insamm,True,7,7,0-9,0-9,3
دَاخّ,daakh,daakh,True,5,5,0-9,0-9,2
تْشَرَّى,tsharra,tsharra,True,8,7,0-9,0-9,1
اُقْلُز,2i2luz,2i2luz,True,7,6,0-9,0-9,1
مَشْرِق,mushriq,msharriq,False,7,7,0-9,0-9,4
اِتْكَفَّف,2itkaffaf,2itkaffaf,True,10,9,10-19,0-9,1
اِلْزَعّ,2ilza3,2ilza3,True,8,6,0-9,0-9,5
عَشِّق,3ashshaq,3ashshiq,False,6,8,0-9,0-9,1
مِرْضَى,marda,marda,True,7,5,0-9,0-9,5
يفَحِّم,yif7im,yif7im,True,7,6,0-9,0-9,3
مَرِّح,mara7,marra7,False,6,5,0-9,0-9,4
نَجِّج,nadjadj,najjij,False,6,7,0-9,0-9,5
اِتَّاهَج,2ttijaah,2ittijaah,False,9,8,0-9,0-9,5
بعَرْض الرَّون,bi3ard 2innawar,bi3ard 2irruun,False,14,15,10-19,10-19,5
سَكِّت,sakkat,sakkat,True,6,6,0-9,0-9,1
لَمَز,lammaz,lammiz,False,5,6,0-9,0-9,1
اِنْكَمَر,2inkimir,2inkimir,True,9,8,0-9,0-9,1
يعَفِّس,y3affis,yi3fis,False,7,7,0-9,0-9,2
يٍتْعَبَّى,yit3abba,yit3abba,True,10,8,10-19,0-9,3
عَابِط,3aabat,3aabit,False,6,6,0-9,0-9,1
قَدِّر,qgidir,qaddir,False,6,6,0-9,0-9,3
أَجْهَمَاني,2ajhamaani,2ajhamaani,True,11,10,10-19,10-19,2
مُنْغَلِق,munghaliq,minghiliq,False,9,9,0-9,0-9,1
بَطِّئ,batti2,batti2,True,6,6,0-9,0-9,1
صِحْفِي,sa7afi,sa7afi,True,7,6,0-9,0-9,5
تَقَوُّى,taqwa,taqwa,True,8,5,0-9,0-9,3
يحَنْحِن,y7an7in,y7an7in,True,8,7,0-9,0-9,1
اِعْهَد,3aahid,2i3had,False,7,6,0-9,0-9,3
يْوَازِن,ywaazin,ywaazin,True,8,7,0-9,0-9,3
مُتَحَرْقِص,mit7arqis,mit7arqis,True,11,9,10-19,0-9,3
مِسْتَرْجِي,mistarji,mistarji,True,11,8,10-19,0-9,2
يُتْصَدَّق,yitsaddaqyitsadda2,yitsaddaqyitsadda2,True,10,18,10-19,10-19,5
اِنْدَفَس,2indifis,2indafas,False,9,8,0-9,0-9,1
تَوَفِيق,tawfiiq,tawfiiq,True,8,7,0-9,0-9,3
إِفَرْجِين,2ifranji,2ifranji,True,10,8,10-19,0-9,4
اِسْتَعِرّ,2isti3irr,2ista3arr,False,10,9,10-19,0-9,3
مْرَطَّل,mrattal,mrattal,True,8,7,0-9,0-9,1
مَنْغَل,minghall,mnaghghil,False,7,8,0-9,0-9,1
أُسِيجِة,2asyije,2asyije,True,8,7,0-9,0-9,5
عَمُوم,3umuum,3umuum,True,6,6,0-9,0-9,3
شَخَص,shakhkhis,shakhkhis,True,5,9,0-9,0-9,3
مْبَرْجِل,mbarjil,mbarjil,True,9,7,0-9,0-9,1
كَوَّن,kawwan,kawwin,False,6,6,0-9,0-9,1
كَثَّر خيرُه,kattar kheero,kattar kheero,True,12,13,10-19,10-19,2
شَبِع,shibi3,shabbi3,False,5,6,0-9,0-9,4
طَلْهَينِة,talhiine,talhiine,True,10,8,10-19,0-9,3
يجَلْمِغ,ydjalghim,ydjalghim,True,8,9,0-9,0-9,5
وُصُوليِّة,wusuuliyye,wusuuliyye,True,10,10,10-19,10-19,3
يِفْرَع,yfar3in,yfarri3,False,7,7,0-9,0-9,4
مَطْبَق,mtabbaq,mtabbiq,False,7,7,0-9,0-9,3
بُسُط,bassat,bassit,False,5,6,0-9,0-9,5
حَرْكَشِة,7arkashe,7arkashe,True,9,8,0-9,0-9,1
عَرِّق,3arraq,3arriq,False,6,6,0-9,0-9,2
تْلَقَّى,tqalla,tlaqqa,False,8,6,0-9,0-9,5
صَيَّف,seef,seef,True,6,4,0-9,0-9,2
قَسَّط,qisit,qassat,False,6,5,0-9,0-9,2
يِلْمِم,ylammim,ylammim,True,7,7,0-9,0-9,5
يِنْبِش,ynabbish,yinbush,False,7,8,0-9,0-9,5
يِضُخّ,ydukhkh,ydukhkh,True,6,7,0-9,0-9,5
دُنْقُر,danqar,danqir,False,7,6,0-9,0-9,5
يرَئْتِي,yirta2i,yirta2i,True,8,7,0-9,0-9,3
حَرَّق,7araq,7arriq,False,6,5,0-9,0-9,2
نَكِّد,nikid,nakkid,False,6,5,0-9,0-9,2
لَا شغلة مَلَا شولِة,laa shaghle wlaa mashghale,laa shaghle wla mashghale,False,20,26,20-29,20-29,4
لِمِس,lammis,lammis,True,5,6,0-9,0-9,4
سَنِّن,sannin,sannin,True,6,6,0-9,0-9,1
يحوِّش,y7awwish,y7awwish,True,6,8,0-9,0-9,4
مُتَنَخِّس,mitkhannis,mitkhannis,True,10,10,10-19,10-19,4
مَسْهِل,musahhil,msahhil,False,7,8,0-9,0-9,5
اِتْوَدَّع,2itwa33ad,2itwa33ad,True,10,9,10-19,0-9,2
دِفِش,daffish,daffash,False,5,7,0-9,0-9,4
تْبِلْكِم,tbalkam,tbalkam,True,9,7,0-9,0-9,3
سْخَافَة,sakhaafe,sakhaafe,True,8,8,0-9,0-9,5
مَصَاري,masaari,masaari,True,7,7,0-9,0-9,5
لَا ترَاس مش ولَا بسدرة ولَا عن ته,laa tzimm wala tushkur 2illa ba3id sane wusitt 2ashhur,laa tura shaamit 2illa bida3a wula sa3ane bidasit 2,False,34,54,30-39,50-59,2
يِنْكِمِش,yinikmish,yinkimish,False,9,9,0-9,0-9,2
يِتَقَنْعَر,yitqan3ar,yitqan3ar,True,11,9,10-19,0-9,5
أْلُوف,2uluuf,2uluuf,True,6,6,0-9,0-9,5
حَقَل ألْغَام,7aqil 2alghaam,7aqil 2alghaam,True,13,14,10-19,10-19,5
يْبُظّ,ybuzz,ybuzz,True,6,5,0-9,0-9,3
ثُوب,toob,toob,True,4,4,0-9,0-9,2
طَجّ,tujj,tajj,False,4,4,0-9,0-9,1
يُحرِق صْفَاح الللي خلَّفك,yi7riq sfaa7 2illi khallafak,yi7riq sfaa7 2illi khallafak,True,26,28,20-29,20-29,3
مْسَلَّك,maslak,muslik,False,8,6,0-9,0-9,3
رُخَى,rakha,rakhkha,False,5,5,0-9,0-9,4
زَوَّايَا,zawaaya,zawaaya,True,9,7,0-9,0-9,2
مُخُط,makhkhit,makhkhat,False,5,8,0-9,0-9,5
يظَابِح,ydhaabi7,ydhaabi7,True,7,8,0-9,0-9,1
جَمَالِي,majaali,jamaali,False,8,7,0-9,0-9,2
دَاهَم,daahim,daahim,True,6,6,0-9,0-9,2
كَدَّم,kadam,kaddim,False,6,5,0-9,0-9,2
كَسِف,kasaf,kasaf,True,5,5,0-9,0-9,5
بَهْدِل,bahdil,bahdal,False,7,6,0-9,0-9,4
مَخْرُوط,makhruut,makhruut,True,8,8,0-9,0-9,1
لَغَّم,lughum,laghghim,False,6,6,0-9,0-9,4
تَرْفِيهِي,tarfiihi,tarfiihi,True,10,8,10-19,0-9,1
جَعَايِب,3ajaayib,ja3aayib,False,8,8,0-9,0-9,5
مُنْجَعِي,minji3i,munju3i,False,9,7,0-9,0-9,2
إِعْلِيَام,2i3laami,2i3liimaan,False,10,8,10-19,0-9,3
سَقْوَف,squuf,squuf,True,7,5,0-9,0-9,3
ثُقُل,taqqilta22ilthaggil,taqqil,False,5,19,0-9,10-19,1
عَقْرَب,3aqrab,3aqrab,True,7,6,0-9,0-9,1
اِنْفِصِل,2infisil,2infasal,False,9,8,0-9,0-9,2
اِتَنْفَل,2itnaffal,2itnaffal,True,9,9,0-9,0-9,2
حِلْبِة,7albe,7ilbe,False,7,5,0-9,0-9,3
أَخْنَز,2akhanzar,2akhanzan,False,7,9,0-9,0-9,5
اِنْرَصَد,2inrasad,2inrasad,True,9,8,0-9,0-9,4
عَرِي,3iri,3arri,False,5,4,0-9,0-9,3
قَلْقَل,qalqal,qalqil,False,7,6,0-9,0-9,1
قَلِّط,qalat,qallit,False,6,5,0-9,0-9,3
قوَاحِيش,gkawaa7iish,gkawaa7iish,True,8,11,0-9,10-19,3
لَبَالِب,labaalib,labaalib,True,8,8,0-9,0-9,1
نَفِّش,nafash,naffish,False,6,6,0-9,0-9,3
يعَطِّي,ya3ti,yi3ti,False,7,5,0-9,0-9,4
يفَهِّي,yfahhi,yifhi,False,7,6,0-9,0-9,3
تْلُوق,tlawwaq,tlawwaq,True,6,7,0-9,0-9,3
حِذِر,7azzir,7azzir,True,5,6,0-9,0-9,5
حُنِّيرَك وَالجَاجِة تنقُر عينك,7unneerak wiljaaje tunqur 3eenak,7unneerak wiljaaje tunqur 3eenak,True,31,32,30-39,30-39,1
جعم يسطحك,dja3am yista7ak,dja3am yista7ak,True,9,15,0-9,10-19,2
حَرَّق رَاسُه,7araq raaso,7araq raaso,True,13,11,10-19,10-19,4
سَاكُك,saakik,saakik,True,6,6,0-9,0-9,5
مَمْسَل,2immasligh,mumassal,False,7,10,0-9,10-19,3
أَلِف,2allaf,2allif,False,5,6,0-9,0-9,3
مْجَارَاة,mjaaraa,mujaaraa,False,9,7,0-9,0-9,2
أُذَّان,2adaan,2adaan,True,7,6,0-9,0-9,4
يُقْزُز,yqazziz,yqazziz,True,7,7,0-9,0-9,3
نَورِي,nawari,nawari,True,6,6,0-9,0-9,3
يِتْجَعَّم,yitdja33am,yitdja33am,True,10,10,10-19,10-19,1
فَوَّارِي,fawaari,fawaari,True,9,7,0-9,0-9,3
لِمَاح,lammaa7,lammaa7,True,6,7,0-9,0-9,5
رِيحَان,rii7aan,rii7aan,True,7,7,0-9,0-9,1
رَاضِي,2irdi,raadi,False,6,5,0-9,0-9,5
فَؤْوَس,fu2uus,fu2uus,True,7,6,0-9,0-9,3
سَابّ,saab,saab,True,5,4,0-9,0-9,2
يِقْوِل,yquul,yquul,True,7,5,0-9,0-9,3
قُحْلُف,qka7laf,qka7lif,False,7,7,0-9,0-9,5
بير هَبِع,biir habi3,biir habi3,True,9,10,0-9,10-19,4
يِضْبَع,yidba3,ydabbi3,False,7,6,0-9,0-9,2
مَلْزَق,mlazziq,mlazziq,True,7,7,0-9,0-9,1
تَنْيِل,tnayyal,tnayyal,True,7,7,0-9,0-9,4
تْمَشْوَر,tmashwar,tmashwar,True,9,8,0-9,0-9,1
دَكِّك,dikak,dakkik,False,6,5,0-9,0-9,1
اِتْخَرْخَش,2itkharkhash,2itkharkhash,True,11,12,10-19,10-19,2
اِدْمِي,2idmi,2idmi,True,7,5,0-9,0-9,1
نَكَاشِة,nakkaashe,nakkaashe,True,8,9,0-9,0-9,3
حُمَّام,7amaam,7amaam,True,7,6,0-9,0-9,4
اِفْقَع,2ifqa3,faaqi3,False,7,6,0-9,0-9,1
جَاوِب,waajib,jaawib,False,6,6,0-9,0-9,5
اِفْرَك,2ifruk,2ufruk,False,7,6,0-9,0-9,4
وَطْرِز,watraz,watriz,False,7,6,0-9,0-9,2
يِنْلَهَد,yinlihid,yinlihid,True,9,8,0-9,0-9,3
اِمْزُط,2umzut,2umzut,True,7,6,0-9,0-9,3
أَفْطَر,2aftar,2aftar,True,7,6,0-9,0-9,1
حَمَرَة البير,7ummarat 2ilbiir,7ummarat 2ilbiir,True,13,16,10-19,10-19,4
اِكْتِشِف,2iktishif,2iktashaf,False,9,9,0-9,0-9,1
قَزَّح,qaza7,kazzi7,False,6,5,0-9,0-9,2
مْفَتْوِح,maftuu7,maftuu7,True,9,7,0-9,0-9,2
قِوِي,qiwi,qawi,False,5,4,0-9,0-9,3
يِضْلَل,ydallil,ydallil,True,7,7,0-9,0-9,4
اِلْمَعّ,2ilma3,2ilma3,True,8,6,0-9,0-9,5
يدَفِّن,yidfin,yidfin,True,7,6,0-9,0-9,2
يِجْفَع,yifja3,yijfa3,False,7,6,0-9,0-9,5
اِدْمُل,2idmil,2idmul,False,7,6,0-9,0-9,3
يِتَصَدُّق,yitsaddaqyitsadda2,yitsaddaqyitsadda2,True,10,18,10-19,10-19,2
دَنْدِر,dandir,dandar,False,7,6,0-9,0-9,3
دَفِّي,daffi,daffi,True,6,5,0-9,0-9,1
يُقْرُق,yuqruq,yqarriq,False,7,6,0-9,0-9,3
اِنْحَلِب,2in7ilib,2in7alab,False,9,8,0-9,0-9,5
يآثِر,y2assir,y2aathir,False,5,7,0-9,0-9,3
هَاضُومي,haaduumi,haaduumi,True,8,8,0-9,0-9,2
دْهَين,dahhiin,dahhiin,True,6,7,0-9,0-9,4
اِسْتَصْعَب,2istas3ab,2istas3ab,True,11,9,10-19,0-9,1
تِبَان,tabbaan,tabbaan,True,6,7,0-9,0-9,5
يِمْعَص,yim3as,yma33is,False,7,6,0-9,0-9,1
حِمْحِم,7am7am,7am7im,False,7,6,0-9,0-9,5
مُنَاطَحَة,mnaata7a,mnaata7a,True,10,8,10-19,0-9,4
مْخَطِّط,mukhattat,mkhattit,False,8,9,0-9,0-9,4
رَشِف,rashaf,rashshaf,False,5,6,0-9,0-9,4
يعَطِّس,y3attis,yu3tus,False,7,7,0-9,0-9,1
تْحَدَّى,t7adda,t7adda,True,8,6,0-9,0-9,1
يِنْبَخِع,yinibkhi3,yinbikhi3,False,9,9,0-9,0-9,5
تَلْبَد,tlabbad,tlabbad,True,7,7,0-9,0-9,4
يِتْصَارَع,yitsaara3,yitsaara3,True,10,9,10-19,0-9,1
نَام على المَوضوع,naam 3ala 2ilmawduu3,naam 3ala 2ilmawduu3,True,17,20,10-19,20-29,2
مْزَيوِن,mazyuun,mazyuun,True,8,7,0-9,0-9,4
حِسْحَسِة,7as7ase,7as7ase,True,9,7,0-9,0-9,3
تْنَغَّغ,tnaghnagh,tnaghnagh,True,8,9,0-9,0-9,3
أُجْمَاد,2amjaad,2amjaad,True,8,7,0-9,0-9,4
حَصَّص,7issas,7assas,False,6,6,0-9,0-9,1
كَفَس مُخّ,kaff mkhammas,kaff samkh,False,10,13,10-19,10-19,1
يهَبِّد,yihbid,yihbid,True,7,6,0-9,0-9,1
يِغْتَنَم,yightanim,yightanim,True,9,9,0-9,0-9,3
كَبْرِيت,kibriit,kibriit,True,8,7,0-9,0-9,1
يِدْرُك,yidrik,yidrik,True,7,6,0-9,0-9,4
يِجْعَل يَومِي قَبَل يَومَك,yij3al yoomi qabil yoomak,yij3al yoomi qalbi yoomak,False,27,25,20-29,20-29,3
أَلْقَى,2alqa,2alqa,True,7,5,0-9,0-9,1
تْسَقّف,tsaqqaf,tsaqqaf,True,7,7,0-9,0-9,3
حَبِّة وَدَا,7abbit dawa,7abbit dawa,True,12,11,10-19,10-19,3
ضِلّ,dill,dall,False,4,4,0-9,0-9,3
سِاب,saab,saab,True,4,4,0-9,0-9,3
أَصْفَار,2asfaar,2asfaar,True,8,7,0-9,0-9,1
قَنَب,qkannab,qkannib,False,5,7,0-9,0-9,3
يجَهِّد,yijhid,yijhid,True,7,6,0-9,0-9,3
هَلِط,halat,halat,True,5,5,0-9,0-9,5
تُقَاعُد,tqaa3ad,tqaa3ad,True,8,7,0-9,0-9,5
طْعُوج,ta3waj,ta3waj,True,6,6,0-9,0-9,3
اِرْعِب,2ir3ib,2ir3ib,True,7,6,0-9,0-9,4
تَمْتَم,tamtam,tamtim,False,7,6,0-9,0-9,1
زَنَتَوتِة,zantuute,zantuute,True,10,8,10-19,0-9,5
دَي,de de,di,False,3,5,0-9,0-9,4
تَخَنْطَل,tkhantal,tkhantal,True,9,8,0-9,0-9,5
يَكِّر,ykurr,ykurr,True,6,5,0-9,0-9,3
مَقْرِص,mqarras,mqarris,False,7,7,0-9,0-9,4
بَارْي,baari,baari,True,6,5,0-9,0-9,3
يُنْظُر,ynazzir,yunzur,False,7,7,0-9,0-9,1
اِسْتَعْيَب,2ista3yab,2ista3yib,False,11,9,10-19,0-9,2
فَرْنِينِة,furniine,furniine,True,10,8,10-19,0-9,1
تْفُرْكَح,tfarka7,tfarka7,True,9,7,0-9,0-9,4
طَقْمَش,tagmash,tagmish,False,7,7,0-9,0-9,2
قَصَار,qassaar,qsaar,False,6,7,0-9,0-9,3
شُرْعِيِّة,shar3iyye,shar3iyye,True,10,9,10-19,0-9,4
غُرَّارَة,ghiraara,gharaara,False,9,8,0-9,0-9,4
تَجَفْفِيف,tajfiif,tajfiif,True,10,7,10-19,0-9,5
نَوِّل,nawwil,nawwal,False,6,6,0-9,0-9,1
رَايِدْهَا بَالحَلَا,raayidha bil7alaal,raayidha bil7alaal,True,20,18,20-29,10-19,5
علَاك مصِيد,3laak msaddi,3laak msaddi,True,11,12,10-19,10-19,4
عَامُود الظلَام,3aamuud 2izzalaam,3aamuud 2izzalaam,True,15,17,10-19,10-19,3
بَرْبِش,barbash,barbash,True,7,7,0-9,0-9,3
حَصْمِة,7ummuse,7ummuse,True,7,7,0-9,0-9,1
مْخَتَّرَة,makhtara,makhtara,True,10,8,10-19,0-9,3
بَنَى,banna,bana,False,5,5,0-9,0-9,1
يِنِبْرِي,yinbiri,yinbiri,True,9,7,0-9,0-9,3
يِسْتَحِي,yista7yin,yista7i,False,9,9,0-9,0-9,4
يِبْعَوق,yba3wik,yba3wik,True,8,7,0-9,0-9,5
رَجّ,rajj,rujj,False,4,4,0-9,0-9,1
يِتْمَلْيَط,yitmalyat,yitmalyat,True,11,9,10-19,0-9,1
زُعْرُب,za3rab,za3rab,True,7,6,0-9,0-9,5
يِسْتَحْسِن,yista7sin,yista7sin,True,11,9,10-19,0-9,1
عَفَّق,3affaq,3affiq,False,6,6,0-9,0-9,2
بَلْبِع,balba3,balba3,True,7,6,0-9,0-9,4
لِتَات,lattaat,lattaat,True,6,7,0-9,0-9,4
يهَبْطِب,ybahbit,ybahbit,True,8,7,0-9,0-9,4
بدك عنب ولَا بدك تقَاتل النَاد,biddak 3inab walla biddak tqaatil 2innaatuur,biddak 3inab walla biddak tuqnaata3,False,30,44,30-39,40-49,5
لَاجْرِي,la2ijri,la2ijri,True,8,7,0-9,0-9,1
مَسْجَل,msajjal,msajjil,False,7,7,0-9,0-9,3
فَرْضَة العوص,fursa laa tu3awwad,fursa laa 3awsuu3ad,False,13,18,10-19,10-19,2
بُرْنَامِج,barnaamaj,barnaamaj,True,10,9,10-19,0-9,2
طَارِد,taarad,taarid,False,6,6,0-9,0-9,1
رَصِيد,rasiid,rasiid,True,6,6,0-9,0-9,1
يِتْجَعْمَص,yitdja3mas,yitdja3mas,True,11,10,10-19,10-19,1
جَعِّم,dja3am,dja3am,True,6,6,0-9,0-9,3
بَالَغ,baaligh,baaligh,True,6,7,0-9,0-9,2
أَرْض سْلِيخ,2ard sliikh,2ard sliikh,True,12,11,10-19,10-19,4
شَمِم,shammim,shammim,True,5,7,0-9,0-9,5
قَيم,qiyam,qayyam,False,4,5,0-9,0-9,5
مْحَزَّق ومْلَزِّق,m7azziq wimlazziq,m7azziq wimlazziq,True,18,17,10-19,10-19,5
كَشْفِيِّة,kashfiyye,kashfiyye,True,10,9,10-19,0-9,1
سَوس,suus,sawwis,False,4,4,0-9,0-9,4
اِبِن المَحْظُوظَة,2ibin 2ilma7zuuza,2ibin 2ilma7zuuza,True,18,17,10-19,10-19,1
زُرُق,zuruq,zarriq,False,5,5,0-9,0-9,4
جْدَاوِل,jadaawil,jadaawil,True,8,8,0-9,0-9,5
اِتْنَاغَم,2itnaagham,2itnaagham,True,10,10,10-19,10-19,2
عِلَاقَة,3allaaqa,3allaaqa,True,8,8,0-9,0-9,4
الصَّارة حَار,2issaraa7a raa7a,2issaraa7a raa7a,True,13,16,10-19,10-19,4
يلَطِّم,yultum,yultum,True,7,6,0-9,0-9,4
اِتَلَاسَن,2itlaasan,2itlaasan,True,10,9,10-19,0-9,3
جَبَشِة,djabashe,jabshe,False,7,8,0-9,0-9,1
أُرُوَاح,2arwaa7,2arwaa7,True,8,7,0-9,0-9,5
تِصْوَايِة,tuusaaye,tiswaaye,False,10,8,10-19,0-9,1
مَاثَل,maasil,maasil,True,6,6,0-9,0-9,2
مَقَاوْمِة,muqaawame,muqaawame,True,10,9,10-19,0-9,5
دَرَّس,dars,darris,False,6,4,0-9,0-9,2
وبَعْدَين كَفِي,wuba3deen fiik,wuba3deen fiik,True,15,14,10-19,10-19,2
يمَسْمِل,ymasligh,ymasmil,False,8,8,0-9,0-9,3
يِتْدَحْدَر,yiddarda7,yidda7dar,False,11,9,10-19,0-9,2
يِرَمِي,yirmi,yrammi,False,7,5,0-9,0-9,5
عِلِّي,3alli,3alli,True,6,5,0-9,0-9,4
بُوبَع,booba3,boobi3,False,6,6,0-9,0-9,4
حِفِر,7affar,7affir,False,5,6,0-9,0-9,4
اِوْعِد,2uu3id,2uu3id,True,7,6,0-9,0-9,3
اِرْعِش,2ir3ish,2ir3ish,True,7,7,0-9,0-9,2
يتْوَضَّى,yitwadda,yitwadda,True,9,8,0-9,0-9,5
قَذَّف,qazif,qazaf,False,6,5,0-9,0-9,3
تْوَائَم,twaa2am,twaa2am,True,8,7,0-9,0-9,4
جَاصِع,jaa3is,jaa3is,True,6,6,0-9,0-9,4
يِنْهَمَر,yinhimir,yinhimir,True,9,8,0-9,0-9,5
مْرَوِّج,mruuj,mruuj,True,8,5,0-9,0-9,3
عَرْعَرَة,3ar3ara,3ar3ara,True,9,7,0-9,0-9,2
اَتْشِت,2itshattat,2itshattat,True,7,10,0-9,10-19,2
نَشَّافِة,nashshaafe,nashshaafe,True,9,10,0-9,10-19,1
اللي بوزِّيت على بدن كلَان الزِب,2illi bookil zeet bibaan 3aznuudo,2illi bookil zeet biban 3aznuud 2ilbazna,False,32,33,30-39,30-39,5
وَرَبَات,warbaat,warbaat,True,8,7,0-9,0-9,4
أَقُصّ خَبَّرَك,2aquss khabarak,2aquss khabarak,True,15,15,10-19,10-19,3
نِظْرُه عقدُّه,nazaro 3aqaddo,nazaro 3aqaddo,True,14,14,10-19,10-19,4
زَيّ حَمِن وجْهِي,zii7 min wijhi,zii7 min wijhi,True,17,14,10-19,10-19,2
سَاكِو,saako,saako,True,6,5,0-9,0-9,4
يَّانِس,yaanis,yaanis,True,7,6,0-9,0-9,4
رُبْصَة,rabsa,rabsa,True,7,5,0-9,0-9,5
أَعْشَاب,2a3shaab,2a3shaab,True,8,8,0-9,0-9,1
اِسْتِطْيَان,2istiitaan,2istiitaan,True,12,10,10-19,10-19,5
تْجَعْمَر,tdja3ram,tdja3ram,True,9,8,0-9,0-9,4
دَلْبَح,dalbi7,dalba7,False,7,6,0-9,0-9,2
بَرِّم,baram,baram,True,6,5,0-9,0-9,3
يصيِّع,ysayyi3,ysii3,False,6,7,0-9,0-9,3
اِقْصَف,2uksuf,2uqsuf,False,7,6,0-9,0-9,4
شِرْوِي,sharawi,sharawi,True,7,7,0-9,0-9,5
اِقْرُط,2uqrut,2uqrut,True,7,6,0-9,0-9,2
دُقّ نَاقُوس الخَطَر,daqq naaquus 2ilkhatar,daqq naaquus 2ilkhatar,True,20,22,20-29,20-29,4
اُفْرُز,2ifriz,2ifriz,True,7,6,0-9,0-9,3
اِفْقِي,2ifqi,faaqki,False,7,5,0-9,0-9,1
جَعِّيط,dja33iit,dja33iit,True,7,8,0-9,0-9,2
أُغْبِيَاء,2aghbiyaa2,2aghbiyaa2,True,10,10,10-19,10-19,3
يقَعِّش,yiqk3ash,yiqk3ash,True,7,8,0-9,0-9,3
دَحْبِر,da7bir,da7bar,False,7,6,0-9,0-9,4
شَعَر,sha33ir,sha33ar,False,5,7,0-9,0-9,2
اِتْرُك,2itruk,2itruk,True,7,6,0-9,0-9,1
تْخُوش,tkhawwash,tkhawwash,True,6,9,0-9,0-9,3
شُعْطَة,sha3ta,sha3ta,True,7,6,0-9,0-9,4
غُرْبَال,ghurbaal,ghirbaal,False,8,8,0-9,0-9,1
مِهْنِي,mihani,mhanni,False,7,6,0-9,0-9,4
اِجْزَم,2ijzim,2ijzim,True,7,6,0-9,0-9,2
نَتِف,nataf,nattif,False,5,5,0-9,0-9,4
فَرْفِش,farfash,farfash,True,7,7,0-9,0-9,4
يِتْحَرَّم,yit7arram,yit7arram,True,10,9,10-19,0-9,1
تْهَشَّم,thashsham,thashsham,True,8,9,0-9,0-9,1
زَايَدِة,zaayde,zaayde,True,8,6,0-9,0-9,4
مِحَاصِيل,ma7aasiil,ma7aasiil,True,9,9,0-9,0-9,5
فِرِد,farid,farrad,False,5,5,0-9,0-9,5
اِتْزَرَّق,2itzarraq,2itrazzaq,False,10,9,10-19,0-9,1
قَحَف عقرميته,ka7af 3akurmiyto,qa7af 3akurmiyto,False,13,16,10-19,10-19,2
تْفِرْفِك,tfarfak,tfarfak,True,9,7,0-9,0-9,4
صَيِّد,seed,siid,False,6,4,0-9,0-9,4
جِلْدُه بِيحُكُّه,jildo bi7ukko,jildo bi7ukko,True,17,13,10-19,10-19,1
تْجَنَّن,tjannan,tjannan,True,8,7,0-9,0-9,1
هَيتَئَة,ha22eete,ha22eete,True,8,8,0-9,0-9,2
أَشْدَف,2ashdaf,2ashdaf,True,7,7,0-9,0-9,1
سْنَافِر,sanaafir,sanaafir,True,8,8,0-9,0-9,4
خُرْبَان,kharbaan,khirbaan,False,8,8,0-9,0-9,1
مَول,mawwil,mawwal,False,4,6,0-9,0-9,1
سِمِن,sammin,sammin,True,5,6,0-9,0-9,4
عَنَى,3ana,3ana,True,5,4,0-9,0-9,1
اِنْدِفِع,2indafa3,2indafa3,True,9,8,0-9,0-9,4
تَوَاريخ,tawaariikh,tawaariikh,True,8,10,0-9,10-19,4
يِنْقَسَم,yiniqsim,yinqisim,False,9,8,0-9,0-9,5
مْلَوَّل,maluul,mlawwil,False,8,6,0-9,0-9,4
أَخْطَرَا,2akhtaar,2akhtaar,True,9,8,0-9,0-9,4
يِنْدَقَر,yindiqir,yindiqir,True,9,8,0-9,0-9,5
جُعَى,ja3a,ja3a,True,5,4,0-9,0-9,4
اِنْلَدِع,2inlidi3,2inlada3,False,9,8,0-9,0-9,3
ضَبِط,dabat,zabbit,False,5,5,0-9,0-9,4
زَغْرِت,zaghrat,zaghrat,True,7,7,0-9,0-9,2
اِنِدْمَاج,2indimaaj,2indimaaj,True,10,9,10-19,0-9,5
نَحَف,na77af,na77if,False,5,6,0-9,0-9,1
تْصِغِر,tszaghghar,tszaghghar,True,7,10,0-9,10-19,3
إِغْوَاء,2ighwaa2,2ighwaa2,True,8,8,0-9,0-9,1
زَوِّر,zawar,zawwar,False,6,5,0-9,0-9,2
اِسْتَدْرِكَا,2istidraak,2istidraak,True,13,10,10-19,10-19,4
تَحَبُّر,t7abbar,t7abbar,True,8,7,0-9,0-9,2
خَلَع,khalla3,khalla3,True,5,7,0-9,0-9,1
تُمْعُط,tma33at,tma33at,True,7,7,0-9,0-9,4
تَلَّس,tallas,tallis,False,6,6,0-9,0-9,2
رُصّ,russ,russ,True,4,4,0-9,0-9,1
تَنَقُّود,tnaqwad,tniqwid,False,9,7,0-9,0-9,3
يِبْنَس,ybannis,ybannis,True,7,7,0-9,0-9,3
شَقِّى,shaqa,shaqa,True,6,5,0-9,0-9,3
مَبْعَز,mba3zaq,mba3biz,False,7,7,0-9,0-9,5
نَارْنِجِة,naarinje,naarinje,True,10,8,10-19,0-9,4
جَنَا الكِير بكَلّ,jinni 2illi yirkabak,jinni 2illi yirkabak,True,18,20,10-19,20-29,5
اِسْمه بالأَرْض,2ismo bil2ard,2ismo bil2ard,True,15,13,10-19,10-19,2
عمِل حَاله,3imil 7aalo,3imil 7aalo,True,10,11,10-19,10-19,4
اِتْدَرَع,2iddara3,2iddara3,True,9,8,0-9,0-9,4
يِنْغِمِر,yinghimir,yinghimir,True,9,9,0-9,0-9,2
نَخَّل,nakhkhil,nakhkhil,True,6,8,0-9,0-9,4
اِنْشَرَط,2insharit,2insharat,False,9,9,0-9,0-9,2
أَفْشى,2afsha,2afsha,True,6,6,0-9,0-9,3
مْشَفِّر,mshaffar,mshaffir,False,8,8,0-9,0-9,1
اِصْمَد,2usmud,2usmud,True,7,6,0-9,0-9,2
صِنَادِيق,sanaadiiq,sanaadiiq,True,9,9,0-9,0-9,3
يْقَرْطِس,yqartis,yqartis,True,9,7,0-9,0-9,3
طُعُم,ta33im,ta33am,False,5,6,0-9,0-9,5
اِنْفَرَم,2infaram,2infirim,False,9,8,0-9,0-9,1
رَمِّع,rammi3,rammi3,True,6,6,0-9,0-9,3
حَمِد,7amd,7ammid,False,5,4,0-9,0-9,4
إِذَن,2izin,2izin,True,5,5,0-9,0-9,2
اُعْطُس,3aatis,2u3tus,False,7,6,0-9,0-9,3
بِيَات,bayaat,bayyaat,False,6,6,0-9,0-9,4
تُرْتُح,tarta7,tarti7,False,7,6,0-9,0-9,4
جِنِي,najji,janni,False,5,5,0-9,0-9,5
قَلْقِيز,kalkiiz,qalqiiz,False,8,7,0-9,0-9,1
اِتْحَكْسَن,2it7askan,2it7askan,True,11,9,10-19,0-9,5
مِشْتِرِك,mushtarik,mishtirik,False,9,9,0-9,0-9,4
يِحْقَق,y7aqqiq,y7aqqiq,True,7,7,0-9,0-9,4
مِلِي,malli,malli,True,5,5,0-9,0-9,3
اُبْشُع,2ibsha33,2ibsha33,True,7,8,0-9,0-9,3
عُذْرَاء,3azraa2,3uzraa2,False,8,7,0-9,0-9,5
أَفْتى,2afta,2afta,True,6,5,0-9,0-9,4
يْمَشْوِر,ymashwir,ymashwir,True,9,8,0-9,0-9,2
مْعَيِّل,mu3iil,mu3iil,True,8,6,0-9,0-9,2
يِنْخِذِل,yinkhizil,yinkhizil,True,9,9,0-9,0-9,1
اِنْقِتِي,2intiqi,2inqiti,False,9,7,0-9,0-9,5
يتَعَاوُن,yit3aawan,yit3aawan,True,9,9,0-9,0-9,3
لَيْوَا,leewa,liiwa,False,7,5,0-9,0-9,4
دُبَّادِيب,dabaadiib,dabaadiib,True,10,9,10-19,0-9,4
يْدَافِش,ydaafish,ydaafish,True,8,8,0-9,0-9,4
كَعَاكِيل,ka3aakiil,ka3aakiil,True,9,9,0-9,0-9,1
اِقْتَرَح,2iqtara7,2iqtiri7,False,9,8,0-9,0-9,3
عَلَى الهِسِّة,3al hisse,3ala hisse,False,14,9,10-19,0-9,2
خُذُوَا البنَات من صْدُور العخَات,khudu 2ilbanaat min sduur 2il3ammaat,khudu 2ilbanaat min sduur 2il3aat,False,33,36,30-39,30-39,5
اِنْتِصِب,2intasib,2intasab,False,9,8,0-9,0-9,2
طَعْجِة,t3je,ta3je,False,7,4,0-9,0-9,2
حَبِّة شَمَاة,7abbit shaame,7abbit shaame,True,13,13,10-19,10-19,2
مْشَاع,mashaa3,mashaa3,True,6,7,0-9,0-9,2
اِشَحَّذ,2ish7ad,2ish7ad,True,8,7,0-9,0-9,4
تَوَاهُر,twaahar,twaahar,True,8,7,0-9,0-9,2
يكَسِّل,ykassil,ykassil,True,7,7,0-9,0-9,2
قرم وزنقي,garmiz wunaggi,garmiz wunaggggggi,False,9,14,0-9,10-19,3
جَهِر,jahir,jahar,False,5,5,0-9,0-9,3
لِطِع,latta3,latti3,False,5,6,0-9,0-9,5
يِسْتَقْمِد,yistaqdim,yistaqdim,True,11,9,10-19,0-9,4
سَعد بَلَع,sa3ad bala3,sa3ad bala3,True,10,11,10-19,10-19,1
يجَرِّس,yjarris,yjarris,True,7,7,0-9,0-9,1
قمحة ولَا شريعة,qam7e willa sh3iire,qam7e willa sh3iire,True,15,19,10-19,10-19,4
اِتوَاهَى,2ithaawa,2ithaawa,True,9,8,0-9,0-9,4
إِسْتِغَاثِة,2istighaathe,2istighaathe,True,12,12,10-19,10-19,1
بَوَش,bawwish,bawwash,False,5,7,0-9,0-9,5
يعَلِّف,yi3lif,yi3lif,True,7,6,0-9,0-9,2
اِسْتَقْرِف,2istaqraf,2istaqrif,False,11,9,10-19,0-9,4
فَيَّع,fayya3,fayyi3,False,6,6,0-9,0-9,3
تَوَهَم,twahham,twahham,True,7,7,0-9,0-9,4
قَصَعَة,qas3e,qus3a,False,7,5,0-9,0-9,4
فِعِل,fi3il,fa33il,False,5,5,0-9,0-9,5
فَيض,feed,fiid,False,4,4,0-9,0-9,1
اِغْفى,2ighfa,2ighfa,True,6,6,0-9,0-9,4
مَجْرَى الدَّمَع,majra 2iddami3,majra 2iddami3,True,16,14,10-19,10-19,2
يشَخوِر,yshakhwir,yshookhir,False,7,9,0-9,0-9,5
دِبْلُوم,dibluum,dibloom,False,8,7,0-9,0-9,5
تْحَامى,t7aama,t7aama,True,7,6,0-9,0-9,3
يِتْكَحْتَت,yitka7tat,yitka7tat,True,11,9,10-19,0-9,1
يِطْرَح,ytarri7,yitra7,False,7,7,0-9,0-9,1
شِجْرِة العيل,shajarit 2il3eele,shajarit 2il3eele,True,13,17,10-19,10-19,5
كَابِر,kaabar,kaabir,False,6,6,0-9,0-9,1
كَرَّاج,karaaj,karraaj,False,7,6,0-9,0-9,3
بَين,been,bayyin,False,4,4,0-9,0-9,1
حَط,7utt,7utt,True,3,4,0-9,0-9,4
عَينُه مِش مْمَلَّحَة,3eeno mish 2immalla7a,3eeno mish 2immalla7a,True,21,21,20-29,20-29,2
حِسِر,7assir,7assir,True,5,6,0-9,0-9,4
يِدْرُم,yidrum,yidrum,True,7,6,0-9,0-9,2
مُشْرِق,mushriq,msharriq,False,7,7,0-9,0-9,5
سَنْسِفِيل,sansafiil,sansafiil,True,10,9,10-19,0-9,4
قِرْفِة,qirfe,qirfe,True,7,5,0-9,0-9,3
عِلْكِة بحَلْق العَمَال,3ilke b7alq 2il3aalam,3ilke b7alq 2il3aalam,True,23,21,20-29,20-29,3
مْلَقِّب,mlaqqib,mlaqqab,False,8,7,0-9,0-9,2
جِلْدُه مَكْلَك,jildo mkalkil,jildo mkalkil,True,15,13,10-19,10-19,5
اِبْهِج,2ibhij,2ibhij,True,7,6,0-9,0-9,4
مَرَاعي,muraa3i,maraa3i,False,7,7,0-9,0-9,5
ظُهُر,dahir,dahar,False,5,5,0-9,0-9,3
خُبِّي,khabbi,khabbi,True,6,6,0-9,0-9,4
جْدَال,jaadil,jaddaal,False,6,6,0-9,0-9,4
إِيد الطُّنجَرِة,2iid 2ittanjara,2iid 2ittanjara,True,16,15,10-19,10-19,4
شَطَّح,shata7,shata7,True,6,6,0-9,0-9,2
فْلَاح,fallaa7,flaa7,False,6,7,0-9,0-9,1
ظِّلّ,dall,dill,False,5,4,0-9,0-9,4
تِلْطِيخ,taltiikh,taltiikh,True,8,8,0-9,0-9,4
مَشْغِل,mashghal,mashghal,True,7,8,0-9,0-9,4
تِطْرِف,2ittarraf,2ittarraf,True,7,9,0-9,0-9,4
اِنِغَاظ,2inghaaz,2inghaaz,True,8,8,0-9,0-9,3
اِتْخَيْرَن,2itkharyan,2itkharyan,True,11,10,10-19,10-19,4
يَوم بَيمُوه,yoom byoomo,yoom byoomo,True,12,11,10-19,10-19,4
مُمُوج,2immawwaj,mumawwij,False,6,9,0-9,0-9,3
اِعْـتَقَد,2i3taqad,2i3taqad,True,10,8,10-19,0-9,5
بُرَاطِم,baraatim,baraatim,True,8,8,0-9,0-9,5
دَمُوس,dmuus,dmuus,True,6,5,0-9,0-9,4
يِتِّجَاهَل,yitjaahal,yitjaahal,True,11,9,10-19,0-9,4
قُرْمِيِّة,qurmiyye,qkgurmiyye,False,10,8,10-19,0-9,1
اِرْتِزِي,2irtizi,2irtizi,True,9,7,0-9,0-9,1
عُفَّارِم,3afaarim,3afaarim,True,9,8,0-9,0-9,4
خَنْدِق,khandaq,khandaq,True,7,7,0-9,0-9,3
اِبْجُر,2ibdjar,2ibdjar,True,7,7,0-9,0-9,2
اِتْقَثْقَر,2itkgathrad,2itkgathrad,True,11,11,10-19,10-19,4
يعَطِّي,ya3ti,yi3ti,False,7,5,0-9,0-9,3
ضَيِّف,dayyaf,dayyif,False,6,6,0-9,0-9,2
دَوشَكَّة,dooshka,dooshka,True,9,7,0-9,0-9,4
يِنْزِل,ynazzil,yinzil,False,7,7,0-9,0-9,1
اِخْنِس,2ikhnis,2ikhnis,True,7,7,0-9,0-9,1
اِفْرِم,2ufrum,2ufrum,True,7,6,0-9,0-9,1
بَدِّى,badda,badda,True,6,5,0-9,0-9,4
يُنْبُر,yunbur,yunbur,True,7,6,0-9,0-9,2
كَلَالِيب,tshalaaliib,kalaaliib,False,9,11,0-9,10-19,1
نَعُومِة,nu3uume,nu3uume,True,8,7,0-9,0-9,4
يِنْجَلِد,yinjilid,yinjilid,True,9,8,0-9,0-9,2
اِزْدِهِر,2izdihir,2izdihir,True,9,8,0-9,0-9,1
قَيلِل,qaylal,qaylil,False,6,6,0-9,0-9,4
لُوبْيَا,luubya,luubya,True,8,6,0-9,0-9,2
مْسَلْعِس,msal3is,msal3is,True,9,7,0-9,0-9,1
يكَرْكِب,ykarbil,ykarkib,False,8,7,0-9,0-9,5
حَتْرَف,7atrif,7atraf,False,7,6,0-9,0-9,2
مُسْتَهْلِك,mustahlik,mistahlik,False,11,9,10-19,0-9,4
يِعْنِف,y3annif,y3annif,True,7,7,0-9,0-9,4
اِتَّنَاحَر,2itnaa7ar,2itnaa7ar,True,11,9,10-19,0-9,4
تَصَابى,tsaaba,tsaaba,True,7,6,0-9,0-9,4
يبَوِّم,ybawwim,ybawwim,True,7,7,0-9,0-9,1
حَكْحَك,7ak7ik,7ak7ik,True,7,6,0-9,0-9,2
سِاء,saa2,saa2,True,4,4,0-9,0-9,2
رُغِي,raghi,raghi,True,5,5,0-9,0-9,4
صَاحَى,2is7a,saa7a,False,6,5,0-9,0-9,2
مْجَدْوِع,majduu3,majduu3,True,9,7,0-9,0-9,2
بِعْبِز,ba3biz,ba3biz,True,7,6,0-9,0-9,5
نَيلَة,niile,niile,True,6,5,0-9,0-9,5
تْزَرَّق,tzarraq,tzarraq,True,8,7,0-9,0-9,1
طِبّ,tibb,tubb,False,4,4,0-9,0-9,3
يدَعِّس,yda33is,yid3as,False,7,7,0-9,0-9,1
يِسْكُت,yiskut,ysakkit,False,7,6,0-9,0-9,3
يِسْتَقِرّ,yistiqirr,yistaqirr,False,10,9,10-19,0-9,1
فَاقِس,faagis,faaqis,False,6,6,0-9,0-9,1
عَاهِة,3aaha,3aaha,True,6,5,0-9,0-9,2
أَبْرِيَاء,2abriyaa2,2abriyaa2,True,10,9,10-19,0-9,1
اِسْتَفْرِد,2istafrid,2istafrad,False,11,9,10-19,0-9,3
اِتْصَحْصَح,2it7as7as,2it7as7as,True,11,9,10-19,0-9,2
يِرْكَع,yrakki3,yirka3,False,7,7,0-9,0-9,1
يتْقَوقَع,yitqooqa3,yitqooqa3,True,9,9,0-9,0-9,5
يِنْحَف,yna77if,yin7aff,False,7,7,0-9,0-9,3
يِتْبَوْنَم,yitbawman,yitbawman,True,11,9,10-19,0-9,2
اِسْتَدَلّ,2istadill,2istadall,False,10,9,10-19,0-9,1
صَوَى,wassa,wassa,True,5,5,0-9,0-9,5
تَطَلُّق,titlaq,2ittallaq,False,8,6,0-9,0-9,2
دوَاهي,dawaahi,dawaahi,True,6,7,0-9,0-9,3
يعَرِّد,y3arrid,y3arrid,True,7,7,0-9,0-9,1
بَسَاطير,basaatiir,basaatiir,True,8,9,0-9,0-9,2
اِرْشي,2irshi,2irshi,True,6,6,0-9,0-9,3
تَلَم,tallam,tallam,True,5,6,0-9,0-9,4
حَالْتُه بْلَاوِيل,7aalto bilweel,7aalto bilweel,True,18,14,10-19,10-19,4
صَمَّت,samat,samt,False,6,5,0-9,0-9,1
يِسْلُك,yusluk,ysallik,False,7,6,0-9,0-9,2
عُنْصَار,3anaasir,3unsaar,False,8,8,0-9,0-9,4
صَب,subb,sabb,False,3,4,0-9,0-9,5
صَحِّيح,sa7ii7,sa7ii7,True,7,6,0-9,0-9,4
عُمَّال,3ummaal,3ammaal,False,7,7,0-9,0-9,4
يوَازي,ywaazi,ywaazi,True,6,6,0-9,0-9,2
صِغَار,zghaar,zghaar,True,6,6,0-9,0-9,5
جِدّ,dijj,jidd,False,4,4,0-9,0-9,1
جَرْد,jarad,jarrad,False,5,5,0-9,0-9,5
طِفْسِة,tafse,tafse,True,7,5,0-9,0-9,3
الحِيلِة وَالسَّلِيِّة,2il7iile wissiile,2il7iile wissiile,True,22,17,20-29,10-19,2
يجَسِّر,yjassir,yjassir,True,7,7,0-9,0-9,1
وَخَذ,wakhadh,wakhadh,True,5,7,0-9,0-9,3
يرَقِّط,yra22it,yra22it,True,7,7,0-9,0-9,1
زَيِّد,ziid,ziid,True,6,4,0-9,0-9,4
نَقْرَشِة,naqrashe,naqrashe,True,9,8,0-9,0-9,1
أَهْتَر,2ahtar,2ahtar,True,7,6,0-9,0-9,2
فَرَّد,farrid,farrad,False,6,6,0-9,0-9,2
هَمِّل,hammil,hammil,True,6,6,0-9,0-9,2
شَقّ الأَرْض وطلع منهَا,shaqq 2il2ard wutili3 minha,shaqq 2il2ard wutili3 minha,True,23,27,20-29,20-29,4
يدِمّ,ymidd,ydimm,False,5,5,0-9,0-9,5
تْشِعْلِل,tsha3lal,tsha3lal,True,9,8,0-9,0-9,3
زَكّ,kizz,zakk,False,4,4,0-9,0-9,4
ينَغِّم,ynaghghim,yinghamm,False,7,9,0-9,0-9,2
مُعَاقَشِة,m3aakashe,m3aakashe,True,10,9,10-19,0-9,4
بتبن و بتكرب,bittabin wu bitkarreb,bittabin wu bitkarrib,False,12,21,10-19,20-29,1
كَنُوز,kunuuz,kannuuz,False,6,6,0-9,0-9,4
يِرْكَز,yrakkiz,yirkaz,False,7,7,0-9,0-9,5
تُعْبِيسِة,ta3biise,ta3biise,True,10,8,10-19,0-9,4
اِتْرَشَّى,2itsharra,2itsharra,True,10,9,10-19,0-9,3
طَوَع,tawwi3,tawwi3,True,5,6,0-9,0-9,5
كَهَّن,kuhun,kahan,False,6,5,0-9,0-9,4
يٍتْغَمَّس,yitghammas,yitghammas,True,10,10,10-19,10-19,5
شَهِّق,shihiq,shahhaq,False,6,6,0-9,0-9,3
وِينَات,weenta,weenta,True,7,6,0-9,0-9,3
حَرَّج,harradj,7arradj,False,6,7,0-9,0-9,1
يِنْدُغ,yundugh,yindugh,False,7,7,0-9,0-9,2
قَمَّط قَلْبِي,qamat qalbi,qamat qalbi,True,14,11,10-19,10-19,2
اِتْبَاحَث,2itbaa7as,2itbaa7as,True,10,9,10-19,0-9,1
نُحْنَايِح,na7aanii7,na7aanii7,True,10,9,10-19,0-9,2
يِنْهِضِم,yinhadam,yinhidim,False,9,8,0-9,0-9,2
حَمَرَا,7amra,7amra,True,7,5,0-9,0-9,2
اِنْشِلِش,2inishlish,2inishlish,True,9,10,0-9,10-19,1
فِسِق,fasaq,fassiq,False,5,5,0-9,0-9,4
يدَلْعِب,yda3bil,ydal3ib,False,8,7,0-9,0-9,4
تْطِلِق,2ittallaq,2ittallaq,True,7,9,0-9,0-9,3
ينَتْحِر,yinti7ir,yinti7ir,True,8,8,0-9,0-9,5
بِدِّي أَفِّك وُضُوئِي,biddi 2afikk wuduu2i,biddi 2afikk wuduu2i,True,22,20,20-29,20-29,4
قَلِّة عقل,qillit 3aqil,qillit 3aqil,True,10,12,10-19,10-19,2
حَنْبِط,7ambit,7ambat,False,7,6,0-9,0-9,4
مْشَاوِط,mishwaat,mshaawit,False,8,8,0-9,0-9,4
إِذْن,2izin,2izin,True,5,5,0-9,0-9,4
لُاب,laab,laab,True,4,4,0-9,0-9,4
مَدْخِر,muddakhar,muddakhar,True,7,9,0-9,0-9,5
يِطَّلِع,ytalli3,yittali3,False,8,7,0-9,0-9,4
