source,target,prediction,exact_match,source_length,target_length,source_length_bucket,target_length_bucket,source_column
يزَرْزِب,yzarzib,yzarzib,True,8,7,0-9,0-9,harakat_top_prediction
الكِخّ أَخُو الخَرَا,2il kikh 2akhu 2ilkhara,2ilkikhkir 2ikhsaawak,False,20,23,20-29,20-29,harakat_top_prediction
اِنْقِلَاب,2inqilaab,2inqilaab,True,10,9,10-19,0-9,harakat_top_prediction
يِكْدَح,yikda7,ykaddi7,False,7,6,0-9,0-9,harakat_top_prediction
بَطْرِخ,batrakh,batrikh,False,7,7,0-9,0-9,harakat_top_prediction
سِن أَلَاسِي,sinn 2ilya2s,sin 2asaali,False,12,12,10-19,10-19,harakat_top_prediction
قَحَط,qa77at,qa77it,False,5,6,0-9,0-9,harakat_top_prediction
شَرَف,sharrif,sharrif,True,5,7,0-9,0-9,harakat_top_prediction
بَالتَّوْفِيق,bittawfiiq,bitlawwaqi,False,13,10,10-19,10-19,harakat_top_prediction
حَزَّب,7izib,7azzib,False,6,5,0-9,0-9,harakat_top_prediction
يُفْطُم,yiftum,yiftum,True,7,6,0-9,0-9,harakat_top_prediction
مَخْبَأ,makhba2,mkhabba2,False,7,7,0-9,0-9,harakat_top_prediction
نْقِيصَة,nqiisa,nqiise,False,8,6,0-9,0-9,harakat_top_prediction
يرَابِع,yraabi3,yraabi3,True,7,7,0-9,0-9,harakat_top_prediction
مَنَاشِف,manaashif,manaashif,True,8,9,0-9,0-9,harakat_top_prediction
شَخْوَرَة,shakhwara,shakhwara,True,9,9,0-9,0-9,harakat_top_prediction
مَكْبُوت,makbuut,makbuut,True,8,7,0-9,0-9,harakat_top_prediction
اُقْبُض,2uqbud,2uqbud,True,7,6,0-9,0-9,harakat_top_prediction
لَولَا,loola,lawa,False,6,5,0-9,0-9,harakat_top_prediction
تْسَرَّح,tsarra7,tsarra7,True,8,7,0-9,0-9,harakat_top_prediction
يِتْوَاضَع,yitwaada3,yitwaada3,True,10,9,10-19,0-9,harakat_top_prediction
مَبْطُوح,mabtuu7,mabtuu7,True,8,7,0-9,0-9,harakat_top_prediction
تَرَح,tarri7,tarri7,True,5,6,0-9,0-9,harakat_top_prediction
مَأْلُوف,ma2luuf,ma2luuf,True,8,7,0-9,0-9,harakat_top_prediction
يِتْفَاجَأ,yitfaaja2,yitfaaja2,True,10,9,10-19,0-9,harakat_top_prediction
مْشَعَّر,msha33ir,msha33ar,False,8,8,0-9,0-9,harakat_top_prediction
وَلَّد,walad,wallad,False,6,5,0-9,0-9,harakat_top_prediction
إِلْتَوَح,2iltawa7,2iltawa7,True,9,8,0-9,0-9,harakat_top_prediction
طَحَش,ta77ish,ta7ash,False,5,7,0-9,0-9,harakat_top_prediction
فَايِع,faayi3,faayi3,True,6,6,0-9,0-9,harakat_top_prediction
تَحْفِة,tu7fe,ta7fe,False,7,5,0-9,0-9,harakat_top_prediction
اِنْجَرَد,2injirid,2injarad,False,9,8,0-9,0-9,harakat_top_prediction
قَات,qaat,qaat,True,4,4,0-9,0-9,harakat_top_prediction
لَا رقيب ولَا حسيب,laa raqiib wala 7asiib,laa raqq bil7ab waasi biil7aas,False,18,22,10-19,20-29,harakat_top_prediction
اِنْعِقِد,2in3aqad,2in3aqad,True,9,8,0-9,0-9,harakat_top_prediction
جَاع,jaa3,djaa3,False,4,4,0-9,0-9,harakat_top_prediction
يِقْتِنِع,yiqtini3,yiqtini3,True,9,8,0-9,0-9,harakat_top_prediction
أَضْرَط,2adrat,2adrat,True,7,6,0-9,0-9,harakat_top_prediction
يتِفّ,ytiff,ytiff,True,5,5,0-9,0-9,harakat_top_prediction
كْلَام,kalaam,klaam,False,6,6,0-9,0-9,harakat_top_prediction
اِتْنَوْرَن,2itnawran,2itnawran,True,11,9,10-19,0-9,harakat_top_prediction
بَوشِة مَلَّح,booshit mili7,booshit malla7,False,13,13,10-19,10-19,harakat_top_prediction
نَسِيم,nasiim,nasiim,True,6,6,0-9,0-9,harakat_top_prediction
ذَهَب,dahhab,dahhib,False,5,6,0-9,0-9,harakat_top_prediction
نَاضِب,naadib,naadib,True,6,6,0-9,0-9,harakat_top_prediction
اُنْغُز,2inghuz,2unghuz,False,7,7,0-9,0-9,harakat_top_prediction
طَبْعَة,tub3a,tab3a,False,7,5,0-9,0-9,harakat_top_prediction
زَائِر,zaa2ir,zaa2ir,True,6,6,0-9,0-9,harakat_top_prediction
حَلَّق,7allaq,7allaq,True,6,6,0-9,0-9,harakat_top_prediction
اِخْدَرّ,2ikhdar,2ikhdarr,False,8,7,0-9,0-9,harakat_top_prediction
تْشَفْشَف,tshifshif,tshafshaf,False,9,9,0-9,0-9,harakat_top_prediction
يِخْتِشِى,yikhtishi,yikhtishi,True,9,9,0-9,0-9,harakat_top_prediction
قَتِّب,qutub,qattab,False,6,5,0-9,0-9,harakat_top_prediction
تَقْرِير,taqriir,taqriir,True,8,7,0-9,0-9,harakat_top_prediction
زَكَم,zakkim,zakam,False,5,6,0-9,0-9,harakat_top_prediction
اِسْتَكْمِل,2istakmil,2istakmil,True,11,9,10-19,0-9,harakat_top_prediction
يِتوَتْوَت,yitwatwat,yitwatwat,True,10,9,10-19,0-9,harakat_top_prediction
شَرَش,shirish,sharash,False,5,7,0-9,0-9,harakat_top_prediction
حَدَّادِة,7daade,7addaade,False,9,6,0-9,0-9,harakat_top_prediction
فَبْرِيكِة,fabriike,fabriike,True,10,8,10-19,0-9,harakat_top_prediction
خَوِّن,khawwin,khawwan,False,6,7,0-9,0-9,harakat_top_prediction
مْحَذِّر,m7azzir,m7azzir,True,8,7,0-9,0-9,harakat_top_prediction
طَلَاهِين,talaahiin,talaahiin,True,9,9,0-9,0-9,harakat_top_prediction
مُسْتَلْقِي,mustalqi,mustalqi,True,11,8,10-19,0-9,harakat_top_prediction
عَبَلَاطَة,3a blata,3abalaata,False,10,8,10-19,0-9,harakat_top_prediction
وهو مغمض,wuhuwwa mghammid,wahuum madghuum,False,8,16,0-9,10-19,harakat_top_prediction
ذَبُّه من حَالقَّت,daba7o min 2ilqatil,dabbo min 2il7aqqq dalaba,False,18,19,10-19,10-19,harakat_top_prediction
ريحة الإِم بتلم,rii7it 2il2im bitlimm,rii7 2il2imbat 2ilmara,False,15,21,10-19,20-29,harakat_top_prediction
لَيَّف,layyif,layyaf,False,6,6,0-9,0-9,harakat_top_prediction
أَوَادِم,2awaadim,2awaadim,True,8,8,0-9,0-9,harakat_top_prediction
نُقْرَة,naqra,nuqra,False,7,5,0-9,0-9,harakat_top_prediction
قَرْصَة,qarse,qarsa,False,7,5,0-9,0-9,harakat_top_prediction
عَطْبِن,3atban,3atbin,False,7,6,0-9,0-9,harakat_top_prediction
مَعْسُول,ma3suul,ma3suul,True,8,7,0-9,0-9,harakat_top_prediction
وَازِي,waazi,waazi,True,6,5,0-9,0-9,harakat_top_prediction
بَسَابِيس,basaabiis,basaabiis,True,9,9,0-9,0-9,harakat_top_prediction
نَيلِي,niili,niili,True,6,5,0-9,0-9,harakat_top_prediction
اِسْتَخَار,2istakhaar,2istakhaar,True,10,10,10-19,10-19,harakat_top_prediction
قَبِيِّة,qabbiyye,qabiyye,False,8,8,0-9,0-9,harakat_top_prediction
شُفَعَاء,shufa3aa2,shufa3aa2,True,8,9,0-9,0-9,harakat_top_prediction
يغَرِّق,ygharriq,ygharriq,True,7,8,0-9,0-9,harakat_top_prediction
اِسْتَغْبِي,2istaghbi,2istaghbi,True,11,9,10-19,0-9,harakat_top_prediction
رَاكِع,raaki3,raaki3,True,6,6,0-9,0-9,harakat_top_prediction
تْلَقّف,tlaqqaf,tlaqqaf,True,7,7,0-9,0-9,harakat_top_prediction
مَعَارِف,ma3aarif,ma3aarif,True,8,8,0-9,0-9,harakat_top_prediction
شَخَت,shakhat,shakhkhit,False,5,7,0-9,0-9,harakat_top_prediction
اِتْرَأَّس,2itra22as,2itra22as,True,10,9,10-19,0-9,harakat_top_prediction
يِمْسِك,yimsik,ymassik,False,7,6,0-9,0-9,harakat_top_prediction
مْهَذْرَب,mhadhrib,mhadhrib,True,9,8,0-9,0-9,harakat_top_prediction
يخَنِّق,yikhnuq,ykhanniq,False,7,7,0-9,0-9,harakat_top_prediction
رَقَّص,raqqas,raqqis,False,6,6,0-9,0-9,harakat_top_prediction
إِيده فَارطة,2iido faarta,2iido faarate,False,12,12,10-19,10-19,harakat_top_prediction
خَتِّم,khatim,khattam,False,6,6,0-9,0-9,harakat_top_prediction
يطَنِّش,ytannish,ytannish,True,7,8,0-9,0-9,harakat_top_prediction
يُخْفُق,yikhfuq,yikhfaq,False,7,7,0-9,0-9,harakat_top_prediction
مْسَبْسِب,msabsib,msabsib,True,9,7,0-9,0-9,harakat_top_prediction
يَا مَا تحت السوَاهي دوَاهي,yaama ta7t 2issawaahi dawaahi,yoom 2itaa7id wusayyaa 2ilha,False,27,29,20-29,20-29,harakat_top_prediction
يعَلُّو,yi3lu,y3allu,False,7,5,0-9,0-9,harakat_top_prediction
اِتْنَافَس,2itnaafas,2itnaafas,True,10,9,10-19,0-9,harakat_top_prediction
وُشُوم,wushuum,washshuum,False,6,7,0-9,0-9,harakat_top_prediction
نَمَّر,nammir,nammir,True,6,6,0-9,0-9,harakat_top_prediction
دموع التَّمَاسِيح,dmuu3 2ittamaasii7,dumma3 2ittaasii7,False,17,18,10-19,10-19,harakat_top_prediction
أَبُو نُص لْسَان,2abu nuss lsaan,2abu nus 2ilsanaan,False,16,15,10-19,10-19,harakat_top_prediction
يثَوِّر,ysuur,ythawwir,False,7,5,0-9,0-9,harakat_top_prediction
بْرُود,buruud,bruud,False,6,6,0-9,0-9,harakat_top_prediction
زَيِّن,zayyan,zayyin,False,6,6,0-9,0-9,harakat_top_prediction
يِسْتَرِدّ,yistaridd,yistaridd,True,10,9,10-19,0-9,harakat_top_prediction
قَطَّم,qutum,qattam,False,6,5,0-9,0-9,harakat_top_prediction
مْرَمَّد,mrammid,mrammad,False,8,7,0-9,0-9,harakat_top_prediction
لَقَب,laqqab,laqqab,True,5,6,0-9,0-9,harakat_top_prediction
يجَلْغِف,ydjalghif,yjalghif,False,8,9,0-9,0-9,harakat_top_prediction
مَعْجَزِة,mu3jize,ma3jaze,False,9,7,0-9,0-9,harakat_top_prediction
اِتْرَبْرَب,2itrabrab,2itrabrab,True,11,9,10-19,0-9,harakat_top_prediction
مُسْتَقْبِل,mustaqbal,mustaqbil,False,11,9,10-19,0-9,harakat_top_prediction
زَعَل,za3al,za33al,False,5,5,0-9,0-9,harakat_top_prediction
لَطَش,latish,lattash,False,5,6,0-9,0-9,harakat_top_prediction
يِتْقَصَّب,2itqabbas,yitqassab,False,10,9,10-19,0-9,harakat_top_prediction
اِسْتَوْطِي,2istawti,2istawti,True,11,8,10-19,0-9,harakat_top_prediction
عَلِّق,3alliq,3allaq,False,6,6,0-9,0-9,harakat_top_prediction
اِكْبِت,2ikbit,2ikbit,True,7,6,0-9,0-9,harakat_top_prediction
يصَقِّل,yisqil,yusqul,False,7,6,0-9,0-9,harakat_top_prediction
اِنْشِكِح,2inshaki7,2inshaka7,False,9,9,0-9,0-9,harakat_top_prediction
تَوْصِيلِة,tawsiile,tawsiile,True,10,8,10-19,0-9,harakat_top_prediction
رَوَائِح,rawaa2i7,rawaa2i7,True,8,8,0-9,0-9,harakat_top_prediction
حَكَّايِة,7kaaye,7akkaaye,False,9,6,0-9,0-9,harakat_top_prediction
يِضْرُط,yudrut,yidrut,False,7,6,0-9,0-9,harakat_top_prediction
يطَقْطِق,ytaqtiq,ytaqtiq,True,8,7,0-9,0-9,harakat_top_prediction
آزِر,2aazir,2aazar,False,4,6,0-9,0-9,harakat_top_prediction
زَقْرَق,zaqraq,zaqkraqkagrag,False,7,6,0-9,0-9,harakat_top_prediction
مْوَنْكِر,mwankir,mwankir,True,9,7,0-9,0-9,harakat_top_prediction
فَخَّم,fakhkhim,fakhkhim,True,6,8,0-9,0-9,harakat_top_prediction
اِعْدِم,2i3dim,2i3dim,True,7,6,0-9,0-9,harakat_top_prediction
أَعْضَاء,2a3daa2,2a3daa2,True,8,7,0-9,0-9,harakat_top_prediction
يجَسِّم,yjassim,yjassim,True,7,7,0-9,0-9,harakat_top_prediction
مَعَاش,ma3aash,ma3aash,True,6,7,0-9,0-9,harakat_top_prediction
يِنْحَشّ,yin7ashsh,yin7ashsh,True,8,9,0-9,0-9,harakat_top_prediction
وَالِف,waalif,waalif,True,6,6,0-9,0-9,harakat_top_prediction
مُعَالَجِة,mu3aalaja,mu3aalaje,False,10,9,10-19,0-9,harakat_top_prediction
تْنَقْوَد,tnaqwad,tnaqwad,True,9,7,0-9,0-9,harakat_top_prediction
بْرُوس,broos,bruus,False,6,5,0-9,0-9,harakat_top_prediction
تَعْتِيم,ta3tiim,ta3tiim,True,8,7,0-9,0-9,harakat_top_prediction
مْقَرْمَط,mqarmat,mqarmit,False,9,7,0-9,0-9,harakat_top_prediction
كُلّ,kull,kull,True,4,4,0-9,0-9,harakat_top_prediction
طَرَاطِيش,taraatiish,taraatiish,True,9,10,0-9,10-19,harakat_top_prediction
يِقْحَف,yqka77if,yiq7af,False,7,8,0-9,0-9,harakat_top_prediction
قَنَّش,qkannash,qkannash,True,6,8,0-9,0-9,harakat_top_prediction
سِدْرَة,sidre,sidra,False,7,5,0-9,0-9,harakat_top_prediction
فَكِّة,fakke,fakke,True,6,5,0-9,0-9,harakat_top_prediction
يبَوبِع,yboobi3,yboobi3,True,7,7,0-9,0-9,harakat_top_prediction
إِغْمَاء,2ighmaa2,2ighmaa2,True,8,8,0-9,0-9,harakat_top_prediction
زَيت شَيمِل,zeet sheemil,zeet shamiil,False,11,12,10-19,10-19,harakat_top_prediction
يخِسّ,ykhiss,ykhiss,True,5,6,0-9,0-9,harakat_top_prediction
أَصْدِقَاء السُّوء,2asdiqaa2 2issuu2,2asiddiq 2issawa2il,False,18,17,10-19,10-19,harakat_top_prediction
يِنْسِحِب,yinsi7ib,yinsi7ib,True,9,8,0-9,0-9,harakat_top_prediction
جَعِيدِة,dju3eede,ja3iide,False,8,8,0-9,0-9,harakat_top_prediction
شَخْصَنِة,yshakhsane,shakhsane,False,9,10,0-9,10-19,harakat_top_prediction
مَلَح,malli7,malla7,False,5,6,0-9,0-9,harakat_top_prediction
مْبَهِّج,mibhij,mbahhij,False,8,6,0-9,0-9,harakat_top_prediction
اِنْخَطَف,2inkhataf,2inkhataf,True,9,9,0-9,0-9,harakat_top_prediction
مَحْيَرَنِة,m7ayrane,ma7yarane,False,11,8,10-19,0-9,harakat_top_prediction
شَايِش,shaayish,shaayish,True,6,8,0-9,0-9,harakat_top_prediction
بَقِّر,baqqir,baqqar,False,6,6,0-9,0-9,harakat_top_prediction
اِتْشَغَّل,2itshaghghal,2itshaghghal,True,10,12,10-19,10-19,harakat_top_prediction
يِتْكَوَّر,yitkawwar,yitkawwar,True,10,9,10-19,0-9,harakat_top_prediction
مُعَارَضَة,mu3aarada,mu3aarada,True,10,9,10-19,0-9,harakat_top_prediction
عَال عَال,3aal 3aal,3aal 3ala,False,9,9,0-9,0-9,harakat_top_prediction
أَفَّخ,2afkh,2affakh,False,6,5,0-9,0-9,harakat_top_prediction
يدَرِّن,ydarrin,ydarrin,True,7,7,0-9,0-9,harakat_top_prediction
عَجْرَفِة,3ajrafe,3ajrafe,True,9,7,0-9,0-9,harakat_top_prediction
لَهْفِة,lahfe,lahfe,True,7,5,0-9,0-9,harakat_top_prediction
نَكَّاشِة اسنَان,nakkaashit 2asnaan,nakkaashit saan,False,16,18,10-19,10-19,harakat_top_prediction
نَقِّر,naqqar,naqqir,False,6,6,0-9,0-9,harakat_top_prediction
طَافِي,taafi,taafi,True,6,5,0-9,0-9,harakat_top_prediction
عَانُو,3aawin,3aanu,False,6,6,0-9,0-9,harakat_top_prediction
اِنْمَحَق,2inma7aq,2inma7aq,True,9,8,0-9,0-9,harakat_top_prediction
جَرِّن,djurun,jarran,False,6,6,0-9,0-9,harakat_top_prediction
شْرُوط,shruut,sharwit,False,6,6,0-9,0-9,harakat_top_prediction
يِنْفِرِش,yinfirish,yinfirish,True,9,9,0-9,0-9,harakat_top_prediction
نَخِل,nakhil,nakhkhil,False,5,6,0-9,0-9,harakat_top_prediction
تْجَدَّد,tjaddad,tjaddad,True,8,7,0-9,0-9,harakat_top_prediction
يجَارِي,yjaari,yjaari,True,7,6,0-9,0-9,harakat_top_prediction
يِتْحَمَّس,yit7ammas,yit7ammas,True,10,9,10-19,0-9,harakat_top_prediction
وِجْهُه عظِم,wijho 3adim,wijho 3adham,False,12,11,10-19,10-19,harakat_top_prediction
سَبِّك,sabbik,sabbak,False,6,6,0-9,0-9,harakat_top_prediction
مَعَط,ma33it,ma33at,False,5,6,0-9,0-9,harakat_top_prediction
تَطْفِيش,tatfiish,tatfiish,True,8,8,0-9,0-9,harakat_top_prediction
تْعَنْطَز,t3antaz,t3antaz,True,9,7,0-9,0-9,harakat_top_prediction
مْنَاكَفِة,mnaakafe,mnaakafe,True,10,8,10-19,0-9,harakat_top_prediction
اِنْسَطَم,2insitim,2insatam,False,9,8,0-9,0-9,harakat_top_prediction
قَرْقَط,qarqit,qarqit,True,7,6,0-9,0-9,harakat_top_prediction
لَفَظ,lafiz,laffiz,False,5,5,0-9,0-9,harakat_top_prediction
كَدَّش,kadash,kaddish,False,6,6,0-9,0-9,harakat_top_prediction
اِنْخَبَط,2inkhabat,2inkhibit,False,9,9,0-9,0-9,harakat_top_prediction
نَيك,neek,niik,False,4,4,0-9,0-9,harakat_top_prediction
خَطِيتُه,khatiito,khatiito,True,8,8,0-9,0-9,harakat_top_prediction
سَبَق,sabaqq,sabbaq,False,5,6,0-9,0-9,harakat_top_prediction
حَيِّة مِن تَحْت التَّبِن,7ayye min ti7t 2ittibin,7ayyat min ta7abbit 2inna7al,False,25,23,20-29,20-29,harakat_top_prediction
أَزْيَاء,2azyaa2,2azyaa2,True,8,7,0-9,0-9,harakat_top_prediction
مِسْتَمْلِح,mistamli7,mistamli7,True,11,9,10-19,0-9,harakat_top_prediction
مْفَكِّر,mifkir,mfakkir,False,8,6,0-9,0-9,harakat_top_prediction
اِحْتَشَم,2i7tashim,2i7tasham,False,9,9,0-9,0-9,harakat_top_prediction
تْكَيَّف,tkayyaf,tkayyaf,True,8,7,0-9,0-9,harakat_top_prediction
أَجْوَاء,2ajwaa2,2ajwaa2,True,8,7,0-9,0-9,harakat_top_prediction
كَافِح,kaafa7,kaafi7,False,6,6,0-9,0-9,harakat_top_prediction
اِبْخَع,2ibkha3,2ibkha3,True,7,7,0-9,0-9,harakat_top_prediction
يِتْسَكْوَح,yitsatshwa7,yitsakwa7,False,11,11,10-19,10-19,harakat_top_prediction
يِتْشَقْلَب,yitshaqlib,yitshaqlab,False,11,10,10-19,10-19,harakat_top_prediction
يِمْنَح,yimna7,yimna7,True,7,6,0-9,0-9,harakat_top_prediction
أَنْتَ,2anta,2anta2,False,6,5,0-9,0-9,harakat_top_prediction
بَكَّاش,bakkaash,bakkaash,True,7,8,0-9,0-9,harakat_top_prediction
تْسَرَّب,tasarrub,tsarrab,False,8,8,0-9,0-9,harakat_top_prediction
إِبْرِيق,2ibriiq,2ibriiq,True,8,7,0-9,0-9,harakat_top_prediction
يقَنِّع,yqanni3,yqanni3,True,7,7,0-9,0-9,harakat_top_prediction
يُخْزُق,ykhazziq,yikhzuq,False,7,8,0-9,0-9,harakat_top_prediction
صَرْخَة,sarkha,sarkha,True,7,6,0-9,0-9,harakat_top_prediction
كَثَّف جهوده,kassaf jhuudo,kataf wujho dak,False,12,13,10-19,10-19,harakat_top_prediction
يِتْفَصْحَن,yitfas7an,yitfas7an,True,11,9,10-19,0-9,harakat_top_prediction
كنز في مزبلة,kanz fi mazbale,kanz fiilme bze,False,12,15,10-19,10-19,harakat_top_prediction
اِلْتَمَس,2iltimis,2iltamas,False,9,8,0-9,0-9,harakat_top_prediction
مْرَبَّح,murbi7,mrabbi7,False,8,6,0-9,0-9,harakat_top_prediction
عرق ذَانه,3iriq dhaanu,3arq 2idhaano,False,9,12,0-9,10-19,harakat_top_prediction
جْرُوب,gruub,jruub,False,6,5,0-9,0-9,harakat_top_prediction
مْبَعْجِر,mba3jir,mba3jir,True,9,7,0-9,0-9,harakat_top_prediction
يِتْكَرَّم,yitkarram,yitkarram,True,10,9,10-19,0-9,harakat_top_prediction
قَصَد,qasad,qassid,False,5,5,0-9,0-9,harakat_top_prediction
أَكَل وِجْهِي,2akal wijhi,2akal wijhi,True,13,11,10-19,10-19,harakat_top_prediction
بْرُوش,broosh,bruush,False,6,6,0-9,0-9,harakat_top_prediction
عَرَّط,3arat,3arrat,False,6,5,0-9,0-9,harakat_top_prediction
حَفِّي,7ifi,7affi,False,6,4,0-9,0-9,harakat_top_prediction
تْذَبَّل,2iddabbal,tdabbal,False,8,9,0-9,0-9,harakat_top_prediction
تْعَاطَل,t3aatal,t3aatal,True,8,7,0-9,0-9,harakat_top_prediction
يكَزْدِر,ykazdir,ykazdir,True,8,7,0-9,0-9,harakat_top_prediction
نَاهِي,naahi,naahi,True,6,5,0-9,0-9,harakat_top_prediction
زَوبَعَة الأَبْيَض,zooba3a 2il2abyad,zooba3a 2il2ayad,False,18,17,10-19,10-19,harakat_top_prediction
قَلَب,qalib,qallib,False,5,5,0-9,0-9,harakat_top_prediction
يِشْتِبِك,yishtibik,yishtibik,True,9,9,0-9,0-9,harakat_top_prediction
بَرَاوِيز,baraawiiz,baraawiiz,True,9,9,0-9,0-9,harakat_top_prediction
ظَهِر البيت,dhahril beet,dhahir 2ilbeet,False,11,12,10-19,10-19,harakat_top_prediction
يِتْشَنْشَل,yitshanshal,yitshanshal,True,11,11,10-19,10-19,harakat_top_prediction
قَانُون,qaanuun,qaanuun,True,7,7,0-9,0-9,harakat_top_prediction
أَزْكَى,2azka,2azka,True,7,5,0-9,0-9,harakat_top_prediction
اِعْجِز,2i3jaz,2i3jiz,False,7,6,0-9,0-9,harakat_top_prediction
يحَوِّح,y7awwi7,y7awwi7,True,7,7,0-9,0-9,harakat_top_prediction
رَوَى,rawa,rawa,True,5,4,0-9,0-9,harakat_top_prediction
يسِلّ,ysill,ysill,True,5,5,0-9,0-9,harakat_top_prediction
دَافِي,daafi,daafi,True,6,5,0-9,0-9,harakat_top_prediction
بَلَغ,balligh,balagh,False,5,7,0-9,0-9,harakat_top_prediction
قَرْطَل,qiigartal,qartil,False,7,9,0-9,0-9,harakat_top_prediction
عَفَّص,3affis,3affis,True,6,6,0-9,0-9,harakat_top_prediction
تَعْرِيف,ta3riif,ta3riif,True,8,7,0-9,0-9,harakat_top_prediction
اِسْتِفْسَار,2istifsaar,2istifsaar,True,12,10,10-19,10-19,harakat_top_prediction
مْحَصِّم,m7ammas,m7assim,False,8,7,0-9,0-9,harakat_top_prediction
اِسْتَنْعَم,2istan3im,2istan3am,False,11,9,10-19,0-9,harakat_top_prediction
سَخِّي,sikhi,sakhkhi,False,6,5,0-9,0-9,harakat_top_prediction
يكَفِّت,ykaffit,ykaffit,True,7,7,0-9,0-9,harakat_top_prediction
يقُول,yqawwil,yquul,False,5,7,0-9,0-9,harakat_top_prediction
يحَتْحِت,y7at7it,y7at7it,True,8,7,0-9,0-9,harakat_top_prediction
فَضْفِض,fadfad,fadfid,False,7,6,0-9,0-9,harakat_top_prediction
يِتْشَلْبَك,yitshalbak,yitshalbak,True,11,10,10-19,10-19,harakat_top_prediction
يُنْكُب,yinkabb,yinkib,False,7,7,0-9,0-9,harakat_top_prediction
اِتْنَاسَى,2itnaasa,2itnaasa,True,10,8,10-19,0-9,harakat_top_prediction
بَطْنُه دربَّكِة,batno diribakke,batnak darbo,False,16,15,10-19,10-19,harakat_top_prediction
عِشْرَة,3ishre,3ishra,False,7,6,0-9,0-9,harakat_top_prediction
يدَلْهِم,ydalhim,ydalhim,True,8,7,0-9,0-9,harakat_top_prediction
يِغْدَى,yghaddi,yighda,False,7,7,0-9,0-9,harakat_top_prediction
أَصَل,2assal,2asal,False,5,6,0-9,0-9,harakat_top_prediction
يوَخِّر,ywakhkhir,ywakhkhir,True,7,9,0-9,0-9,harakat_top_prediction
خَوخَة,khookha,khookha,True,6,7,0-9,0-9,harakat_top_prediction
كَحْكَح,ka7ki7,ka7ka7,False,7,6,0-9,0-9,harakat_top_prediction
مَانِح,maani7,maani7,True,6,6,0-9,0-9,harakat_top_prediction
صَدَع,sadda3,saddi3,False,5,6,0-9,0-9,harakat_top_prediction
رَطَانِة,rataane,rataane,True,8,7,0-9,0-9,harakat_top_prediction
يؤشِّر,y2ashshir,y2ashshir,True,6,9,0-9,0-9,harakat_top_prediction
حَبِّة شَمَّاة,7abbit shaame,7abbit shama,False,14,13,10-19,10-19,harakat_top_prediction
قَدِير,qadiir,qadiir,True,6,6,0-9,0-9,harakat_top_prediction
لَسَّن,lassin,lassan,False,6,6,0-9,0-9,harakat_top_prediction
طَبْخَة,tabkha,tabkha,True,7,6,0-9,0-9,harakat_top_prediction
دَلْبَح,dalba7,dalba7,True,7,6,0-9,0-9,harakat_top_prediction
سَكَنِة,sukne,sakne,False,7,5,0-9,0-9,harakat_top_prediction
مَصْوِر,musawwar,msoor,False,7,8,0-9,0-9,harakat_top_prediction
رَبِيع,rabii3,rabii3,True,6,6,0-9,0-9,harakat_top_prediction
مَحْرَمِة,ma7rame,ma7rame,True,9,7,0-9,0-9,harakat_top_prediction
غَادِر,ghaadir,ghaadir,True,6,7,0-9,0-9,harakat_top_prediction
خَان,khaan,khaan,True,4,5,0-9,0-9,harakat_top_prediction
يِرْدُم,yirdum,yirdum,True,7,6,0-9,0-9,harakat_top_prediction
تْبَكَّت,tbakkat,tbakkat,True,8,7,0-9,0-9,harakat_top_prediction
بَنَانِي,banaani,banaani,True,8,7,0-9,0-9,harakat_top_prediction
شُقَّة,shu22a,shuqqa,False,6,6,0-9,0-9,harakat_top_prediction
ثَعْبِة,tha3be,sa3be,False,7,6,0-9,0-9,harakat_top_prediction
لَسْعَة,las3a,las3a,True,7,5,0-9,0-9,harakat_top_prediction
يِزْغَل,yizghil,yzaghghil,False,7,7,0-9,0-9,harakat_top_prediction
اِنْدَقّ,2indaqq,2indaqq,True,8,7,0-9,0-9,harakat_top_prediction
مَهْمُوم,mahmuum,mahmuum,True,8,7,0-9,0-9,harakat_top_prediction
جَارْيِة,jaariye,jaariyye,False,8,7,0-9,0-9,harakat_top_prediction
كَعْكَش,ka3kash,ka3kash,True,7,7,0-9,0-9,harakat_top_prediction
بَكْرِيِّة,bikriyye,bakriyye,False,10,8,10-19,0-9,harakat_top_prediction
حَزَالِيط,7azaaliit,7azaaliit,True,9,9,0-9,0-9,harakat_top_prediction
شَحَر,sha77ar,sha77ar,True,5,7,0-9,0-9,harakat_top_prediction
اِبِن نِعْمِة,2ibin ni3me,2ibin ni3me,True,13,11,10-19,10-19,harakat_top_prediction
اِتْعَلْقَن,2it3alqan,2it3alqan,True,11,9,10-19,0-9,harakat_top_prediction
اِمْحَق,2im7aq,2im7aq,True,7,6,0-9,0-9,harakat_top_prediction
قَلَّم,qalam,qallim,False,6,5,0-9,0-9,harakat_top_prediction
إِجى على طُولُه,2ija 3ala tuulo,2ija3a la to,False,15,15,10-19,10-19,harakat_top_prediction
تْنَمَّر,tnammar,tnammar,True,8,7,0-9,0-9,harakat_top_prediction
مُحْتَفِظ,mu7tafiz,mu7tafiz,True,9,8,0-9,0-9,harakat_top_prediction
بْحُور,bu7uur,b7uur,False,6,6,0-9,0-9,harakat_top_prediction
نَدْبِة,nadbe,nadbe,True,7,5,0-9,0-9,harakat_top_prediction
يِفْتِعِل,yifti3il,yifti3il,True,9,8,0-9,0-9,harakat_top_prediction
لْسَان,lsaan,lsaan,True,6,5,0-9,0-9,harakat_top_prediction
يِنْخِفِض,yinkhifid,yinkhifid,True,9,9,0-9,0-9,harakat_top_prediction
اِخْمِش,2ikhmish,2ikhmish,True,7,8,0-9,0-9,harakat_top_prediction
أَحْكَام,2a7kaam,2a7kaam,True,8,7,0-9,0-9,harakat_top_prediction
يفَتِّت,yfattit,yfattit,True,7,7,0-9,0-9,harakat_top_prediction
يطَمِّع,yitma3,ytammi3,False,7,6,0-9,0-9,harakat_top_prediction
بَلْقَش,balqish,balqash,False,7,7,0-9,0-9,harakat_top_prediction
فَضِّل,fadil,faddil,False,6,5,0-9,0-9,harakat_top_prediction
اِعْقَل,2i3qal,2i3qal,True,7,6,0-9,0-9,harakat_top_prediction
اِمْسَك حَالك,2imsik 7aalak,2imsaka7 2il7ak,False,13,13,10-19,10-19,harakat_top_prediction
عَمِيق,3amiiq,3amiiq,True,6,6,0-9,0-9,harakat_top_prediction
تْصَهْوَن,2itsahwan,tsahwan,False,9,9,0-9,0-9,harakat_top_prediction
اِتْفَرْكَش,2itfarkash,2itfarkash,True,11,10,10-19,10-19,harakat_top_prediction
يسَلِّي,ysalli,ysalli,True,7,6,0-9,0-9,harakat_top_prediction
اِتْطَوَّر,2ittawwar,2ittawwar,True,10,9,10-19,0-9,harakat_top_prediction
كَرَم,karrim,karram,False,5,6,0-9,0-9,harakat_top_prediction
يرَيِّح,yrayyi7,yrayyi7,True,7,7,0-9,0-9,harakat_top_prediction
يِتْقَيَّم,yitqayyam,yitqayyam,True,10,9,10-19,0-9,harakat_top_prediction
الشَّور شَورُه,2ishshoor shooro,2ishsho wirrasho,False,14,16,10-19,10-19,harakat_top_prediction
اِحْمِد,2i7mid,2i7mid,True,7,6,0-9,0-9,harakat_top_prediction
اِتْجَنَّس,2itjannas,2itjannas,True,10,9,10-19,0-9,harakat_top_prediction
مَسْمَى,musamma,msamma,False,7,7,0-9,0-9,harakat_top_prediction
اِتْخَرْفَن,2itkharfan,2itkharfan,True,11,10,10-19,10-19,harakat_top_prediction
اِدْفِش,2idfashsh,2idfish,False,7,9,0-9,0-9,harakat_top_prediction
نَاهِد,naahid,naahid,True,6,6,0-9,0-9,harakat_top_prediction
تَقْرِيص,taqriis,taqriis,True,8,7,0-9,0-9,harakat_top_prediction
جَار,jaar,jaar,True,4,4,0-9,0-9,harakat_top_prediction
يفَرِّق,yufruq,yifruq,False,7,6,0-9,0-9,harakat_top_prediction
مش لَاقِيهَا من الشَارع,mish laaqiiha min 2ishshaari3,mish 2ilqara 3aleen masha,False,23,29,20-29,20-29,harakat_top_prediction
أَلْفِة,2ulfe,2alfe,False,7,5,0-9,0-9,harakat_top_prediction
عَسْقِد,3asqkad,3asqkid,False,7,7,0-9,0-9,harakat_top_prediction
دَلْدَق,daldi2,dalda2,False,7,6,0-9,0-9,harakat_top_prediction
حَيِّد,7ayyad,7ayyid,False,6,6,0-9,0-9,harakat_top_prediction
هَزَّأ,hazza2,hazza2,True,6,6,0-9,0-9,harakat_top_prediction
تْدَلْغَص,2iddalghas,2iddalghas,True,9,10,0-9,10-19,harakat_top_prediction
اِنْهَبَش,2inhabash,2inhibish,False,9,9,0-9,0-9,harakat_top_prediction
حَوَاس,7awaas,7awaas,True,6,6,0-9,0-9,harakat_top_prediction
تْشَفَّع,tshaffa3,tshaffa3,True,8,8,0-9,0-9,harakat_top_prediction
صِيف,siif,sayyaf,False,4,4,0-9,0-9,harakat_top_prediction
مِيكَانِي,mikaaniiki,miikaani,False,9,10,0-9,10-19,harakat_top_prediction
شَقِيق,shaqiiq,shaqiiq,True,6,7,0-9,0-9,harakat_top_prediction
اِسْتِلْطَاف,2istiltaaf,2istiltaaf,True,12,10,10-19,10-19,harakat_top_prediction
يكَتْكِت,ykatkit,ykatkit,True,8,7,0-9,0-9,harakat_top_prediction
اِعْطَف,2i3tif,2i3taf,False,7,6,0-9,0-9,harakat_top_prediction
مْرَيِّش,mrayyish,mrayyish,True,8,8,0-9,0-9,harakat_top_prediction
بَدِّي,biddi,baddi,False,6,5,0-9,0-9,harakat_top_prediction
صَفِّة,sifa,saffe,False,6,4,0-9,0-9,harakat_top_prediction
فَشَخ,fashakh,fashakh,True,5,7,0-9,0-9,harakat_top_prediction
دْبِيك,dubbeek,dbiik,False,6,7,0-9,0-9,harakat_top_prediction
طَسْطَس,tastis,tastis,True,7,6,0-9,0-9,harakat_top_prediction
رَصَّع,rassa3,rassi3,False,6,6,0-9,0-9,harakat_top_prediction
إِمْكَانِيِّة,2imkaaniyye,2imkaaniyye,True,13,11,10-19,10-19,harakat_top_prediction
عِلْشَان,3alashaan,3ilshaan,False,8,9,0-9,0-9,harakat_top_prediction
تْمَخْتَر,tmakhtar,tmakhtar,True,9,8,0-9,0-9,harakat_top_prediction
يرَهْرِط,yrahrit,yrahrit,True,8,7,0-9,0-9,harakat_top_prediction
تَسْكِيت,taskiit,taskiit,True,8,7,0-9,0-9,harakat_top_prediction
وَسِيلِة تَعْلِيميِّة,wasiile ta3liimiyye,wisliile tili3miye,False,21,19,20-29,10-19,harakat_top_prediction
غَيبِة,ghiibe,gheebe,False,6,6,0-9,0-9,harakat_top_prediction
اُهْلُط,2ihlut,2uhlut,False,7,6,0-9,0-9,harakat_top_prediction
يِتْبَلْبَص,yitbalbas,yitbalbas,True,11,9,10-19,0-9,harakat_top_prediction
صَهَايْنِة,sahaayne,sahyaane,False,10,8,10-19,0-9,harakat_top_prediction
يخَرْفِش,ykharfish,ykharfish,True,8,9,0-9,0-9,harakat_top_prediction
عَرَانِيص,3araaniis,3araaniis,True,9,9,0-9,0-9,harakat_top_prediction
شَالِيش,shaaliish,shaaliish,True,7,9,0-9,0-9,harakat_top_prediction
ينَهِّش,yinhash,yinhash,True,7,7,0-9,0-9,harakat_top_prediction
اِنْوِهِب,2inwihib,2inwahab,False,9,8,0-9,0-9,harakat_top_prediction
معبديتهَا العجل,m3abdiitha 2il3ijil,mi3deeto 2iljaal,False,15,19,10-19,10-19,harakat_top_prediction
مَلْطُوع,maltuu3,maltuu3,True,8,7,0-9,0-9,harakat_top_prediction
غَدَا,ghadaa2,ghada,False,5,7,0-9,0-9,harakat_top_prediction
يكِدّ,ykidd,ykidd,True,5,5,0-9,0-9,harakat_top_prediction
اِتْحَلَّى,2it7alla,2it7alla,True,10,8,10-19,0-9,harakat_top_prediction
أَوْقَح,2awqa7,2awqa7,True,7,6,0-9,0-9,harakat_top_prediction
شَوطَة,shoote,shoota,False,6,6,0-9,0-9,harakat_top_prediction
رُطّ,rutt,rutt,True,4,4,0-9,0-9,harakat_top_prediction
خَصِر,khassar,khasar,False,5,7,0-9,0-9,harakat_top_prediction
اِتْفَصَّل,2itfassal,2itfassal,True,10,9,10-19,0-9,harakat_top_prediction
ثَور,suur,thoor,False,4,4,0-9,0-9,harakat_top_prediction
مُسَابَقَة,musaabaqa,musaabaqa,True,10,9,10-19,0-9,harakat_top_prediction
تْدَاوَى,2iddaawa,2iddaawa,True,8,8,0-9,0-9,harakat_top_prediction
وُعُود,wu3uud,wa33uud,False,6,6,0-9,0-9,harakat_top_prediction
اِنْتَبَه,2intabah,2intibih,False,9,8,0-9,0-9,harakat_top_prediction
اِنْطَرَب,2intarab,2intarab,True,9,8,0-9,0-9,harakat_top_prediction
بَرْشِة,barshe,barshe,True,7,6,0-9,0-9,harakat_top_prediction
شَوشَح,shooshi7,shoosha7,False,6,8,0-9,0-9,harakat_top_prediction
اِذْبَل,2idbal,2idhbal,False,7,6,0-9,0-9,harakat_top_prediction
شَحْمِة,sha7me,sha7me,True,7,6,0-9,0-9,harakat_top_prediction
مْنَفِّذ,mnaffiz,mnaffiz,True,8,7,0-9,0-9,harakat_top_prediction
مَشْرُوم,mashruum,mashruum,True,8,8,0-9,0-9,harakat_top_prediction
مَصْدَر,masdar,msaddir,False,7,6,0-9,0-9,harakat_top_prediction
طِلِع على,tili3 3ala,tala3 3ala,False,9,10,0-9,10-19,harakat_top_prediction
تِيجَان,tiijaan,tijaan,False,7,7,0-9,0-9,harakat_top_prediction
اِتْغَضَّب,2itghaddab,2itghaddab,True,10,10,10-19,10-19,harakat_top_prediction
اِحْتَاط,2i7taat,2i7taat,True,8,7,0-9,0-9,harakat_top_prediction
مَعْرَكِة,ma3rake,m3arke,False,9,7,0-9,0-9,harakat_top_prediction
تْهَامَل,thaamal,thaamal,True,8,7,0-9,0-9,harakat_top_prediction
طَنْطَر,tantir,tantar,False,7,6,0-9,0-9,harakat_top_prediction
اُطْبُش,2utbush,2utbush,True,7,7,0-9,0-9,harakat_top_prediction
يبَغِّل,ybaghghil,ybaghghil,True,7,9,0-9,0-9,harakat_top_prediction
هَنْدَسِة دِيكَور,handasit diikoor,hande sidre wakara,False,17,16,10-19,10-19,harakat_top_prediction
لَغْمَط,laghmit,laghmit,True,7,7,0-9,0-9,harakat_top_prediction
ثَقَف,saqqaf,saqqaf,True,5,6,0-9,0-9,harakat_top_prediction
اِسْتَهْجِن,2istahjin,2istahjan,False,11,9,10-19,0-9,harakat_top_prediction
لَمَح,lammi7,lamma7,False,5,6,0-9,0-9,harakat_top_prediction
اِذْبَح,2idba7,2idba7,True,7,6,0-9,0-9,harakat_top_prediction
جَعَى,ja3a,ja33a,False,5,4,0-9,0-9,harakat_top_prediction
بَلَالِيع,balaalii3,balaalii3,True,9,9,0-9,0-9,harakat_top_prediction
قَضِيِّة,qadiyye,qadiyye,True,8,7,0-9,0-9,harakat_top_prediction
جَخَامِيش,jakhaamiish,jakhaamiish,True,9,11,0-9,10-19,harakat_top_prediction
مَاشي عبيض,maashi 3abeed,maa shayib da3i,False,10,13,10-19,10-19,harakat_top_prediction
فُصَّاليِّة,fussaaliyye,fussaaliyye,True,11,11,10-19,10-19,harakat_top_prediction
نَخَّخ,nakhkhakh,nakhkhakh,True,6,9,0-9,0-9,harakat_top_prediction
ضِحِك,de7ik,da77ik,False,5,5,0-9,0-9,harakat_top_prediction
سَقَف,saqif,saqqaf,False,5,5,0-9,0-9,harakat_top_prediction
يِتْرَبَّص,yitrabbas,yitrabbas,True,10,9,10-19,0-9,harakat_top_prediction
بُغُل,baghil,bughul,False,5,6,0-9,0-9,harakat_top_prediction
يِتْخَارَج,yitkhaaraj,yitkhaaraj,True,10,10,10-19,10-19,harakat_top_prediction
مِحْزَمِة,m7azzame,mi7zame,False,9,8,0-9,0-9,harakat_top_prediction
مَطْبُوخ,matbuukh,matbuukh,True,8,8,0-9,0-9,harakat_top_prediction
اِنْهَلَك,2inhalak,2inhilik,False,9,8,0-9,0-9,harakat_top_prediction
حَيِّد,7ayyid,7ayyid,True,6,6,0-9,0-9,harakat_top_prediction
اِعْتَمَر,2i3tamar,2i3tamar,True,9,8,0-9,0-9,harakat_top_prediction
دَوَافِيخ,dawaafiikh,dawaafiikh,True,9,10,0-9,10-19,harakat_top_prediction
زَغَب,zughub,zaghghib,False,5,6,0-9,0-9,harakat_top_prediction
جَاوَر,jaawar,jaawir,False,6,6,0-9,0-9,harakat_top_prediction
دْفُور,dfuur,dfuur,True,6,5,0-9,0-9,harakat_top_prediction
اِتْحَرَّك,2it7arrak,2it7arrak,True,10,9,10-19,0-9,harakat_top_prediction
بَلْبَحَة,balba7a,balba7a,True,9,7,0-9,0-9,harakat_top_prediction
قَرَض,qarad,qarrid,False,5,5,0-9,0-9,harakat_top_prediction
مَشَاغِب,mushaaghib,mashaaghib,False,8,10,0-9,10-19,harakat_top_prediction
أَبْقَار,2abqaar,2abqaar,True,8,7,0-9,0-9,harakat_top_prediction
بَنَادِيق,banaadiiqk,banaadiiq,False,9,10,0-9,10-19,harakat_top_prediction
مُوَحَّد,muwa77ad,muu7ad,False,8,8,0-9,0-9,harakat_top_prediction
مَرُور الكِرَام,muruur 2ilkiraam,maruur 2ilkir,False,15,16,10-19,10-19,harakat_top_prediction
تْمَتَّر,tmattar,tmattar,True,8,7,0-9,0-9,harakat_top_prediction
عقله بَالتَّرْس,3aqlo bittars,3aqlab 2ittasar,False,15,13,10-19,10-19,harakat_top_prediction
سَرْسَبِة,sarsabe,sarsabe,True,9,7,0-9,0-9,harakat_top_prediction
تْفَسَّخ,tfassakh,tfassakh,True,8,8,0-9,0-9,harakat_top_prediction
اِسْتَحْلِف,2ista7lif,2ista7lif,True,11,9,10-19,0-9,harakat_top_prediction
يِتْلَغَّم,yitlaghgham,yitlaghgham,True,10,11,10-19,10-19,harakat_top_prediction
أَحْضَان,2a7daan,2a7daan,True,8,7,0-9,0-9,harakat_top_prediction
مُؤَكَّد,mu2akkad,m2akkid,False,8,8,0-9,0-9,harakat_top_prediction
نَخَّز,nakhkhiz,nakhkhiz,True,6,8,0-9,0-9,harakat_top_prediction
بَطْنُه مقَزِّز,batno mkazziz,batno mizzaq,False,15,13,10-19,10-19,harakat_top_prediction
تَرْوِيج,tirwiij,tarwiij,False,8,7,0-9,0-9,harakat_top_prediction
هَمَز,hamaz,hammiz,False,5,5,0-9,0-9,harakat_top_prediction
اِنْلَبَخ,2inlabakh,2inlibikh,False,9,9,0-9,0-9,harakat_top_prediction
تْكَنْفَش,tkanfash,tkanfash,True,9,8,0-9,0-9,harakat_top_prediction
عَرِيط,3arriit,3arriit,True,6,7,0-9,0-9,harakat_top_prediction
صَلَّى,salla,salla,True,6,5,0-9,0-9,harakat_top_prediction
سُكُوك,sakwik,sukuuk,False,6,6,0-9,0-9,harakat_top_prediction
اِنْخِزِي,2inkhizi,2inkhizi,True,9,8,0-9,0-9,harakat_top_prediction
اِنْخِرَاط,2inkhiraat,2inkhiraat,True,10,10,10-19,10-19,harakat_top_prediction
ينِفّ,yniff,yniff,True,5,5,0-9,0-9,harakat_top_prediction
رَقْصَة,raqsa,raqsa,True,7,5,0-9,0-9,harakat_top_prediction
مِن جَورَة العَسَل,min djoorat 2il3asal,min jara wal3asale,False,18,20,10-19,20-29,harakat_top_prediction
اِزْلُق,2uzluq,2uzluq,True,7,6,0-9,0-9,harakat_top_prediction
دْرُوخ,darwakh,druukh,False,6,7,0-9,0-9,harakat_top_prediction
مَيِّة,miyye,mayye,False,6,5,0-9,0-9,harakat_top_prediction
وِجِه خير,wijih kheer,wijih kheer,True,9,11,0-9,10-19,harakat_top_prediction
مْدَاس,kull lbaas 2ilo madaas,mdaas,False,6,22,0-9,20-29,harakat_top_prediction
بَقْبَق,baqbiq,baqbaq,False,7,6,0-9,0-9,harakat_top_prediction
أَطَيِّن عيشتُه,2atayyin 3iishto,2atiino 3ishti,False,15,16,10-19,10-19,harakat_top_prediction
يِصْطِبِح,yistabi7,yistibi7,False,9,8,0-9,0-9,harakat_top_prediction
ينَهْزِر,yinhizir,ynahzir,False,8,8,0-9,0-9,harakat_top_prediction
جَزَاوِي,djazaawi,jazaawi,False,8,8,0-9,0-9,harakat_top_prediction
حْجَاب,7jaab,7jaab,True,6,5,0-9,0-9,harakat_top_prediction
يِحْشِي,y7ashshi,yi7shi,False,7,8,0-9,0-9,harakat_top_prediction
يِتْلَوَّى,yitlawwa,yitlawwa,True,10,8,10-19,0-9,harakat_top_prediction
سَنْكَحَة,sanka7a,sanka7a,True,9,7,0-9,0-9,harakat_top_prediction
عَبَّك,3abatsh,3abbik,False,6,7,0-9,0-9,harakat_top_prediction
قَرَش,qirsh,qarrish,False,5,5,0-9,0-9,harakat_top_prediction
رَمَّل,rammal,rammil,False,6,6,0-9,0-9,harakat_top_prediction
صَحْوِة,sa7we,sa7we,True,7,5,0-9,0-9,harakat_top_prediction
مُجَارَاة,mjaaraa,mujaara,False,9,7,0-9,0-9,harakat_top_prediction
مَوت,mawwat,moot,False,4,6,0-9,0-9,harakat_top_prediction
اِنْهَلَك,2inhilik,2inhilik,True,9,8,0-9,0-9,harakat_top_prediction
اِسْتِبْدَاد,2istibdaad,2istibdaad,True,12,10,10-19,10-19,harakat_top_prediction
رَجَّح,rajji7,rajja7,False,6,6,0-9,0-9,harakat_top_prediction
بَعَص,ba3as,ba33is,False,5,5,0-9,0-9,harakat_top_prediction
اِسْتَنْغَش,2istanghish,2istanghish,True,11,11,10-19,10-19,harakat_top_prediction
يهَتِّر,yhattir,yhattir,True,7,7,0-9,0-9,harakat_top_prediction
أَقْطَار,2aqtaar,2aqtaar,True,8,7,0-9,0-9,harakat_top_prediction
لَ,la,la,True,2,2,0-9,0-9,harakat_top_prediction
اِتْجَرَّس,2itjarras,2itjarras,True,10,9,10-19,0-9,harakat_top_prediction
يصَوِّن,ysawwin,ysawwin,True,7,7,0-9,0-9,harakat_top_prediction
حَرِيقَة,7ariiqa,7ariiqa,True,8,7,0-9,0-9,harakat_top_prediction
هَوّ,huu,haww,False,4,3,0-9,0-9,harakat_top_prediction
سَلْطَانِي,sultaani,saltaani,False,10,8,10-19,0-9,harakat_top_prediction
تْفَكَّك,tfakkak,tfakkak,True,8,7,0-9,0-9,harakat_top_prediction
بَقْرَج,baqkradj,baqkridj,False,7,8,0-9,0-9,harakat_top_prediction
يفَجِّر,yufjur,yifjar,False,7,6,0-9,0-9,harakat_top_prediction
تْجَرَّع,tjarra3,tjarra3,True,8,7,0-9,0-9,harakat_top_prediction
اِتْوَحَّد,2itwa77ad,2itwa77ad,True,10,9,10-19,0-9,harakat_top_prediction
فَصِيلِة دم,fasiilit damm,fasiil dame,False,11,13,10-19,10-19,harakat_top_prediction
تُمْرَة,tamre,tumra,False,7,5,0-9,0-9,harakat_top_prediction
عَطَاء,3ataa2,3ataa2,True,6,6,0-9,0-9,harakat_top_prediction
سَفَط,saffit,saffat,False,5,6,0-9,0-9,harakat_top_prediction
قَشْطَة,qashta,qashta,True,7,6,0-9,0-9,harakat_top_prediction
أَسْحَار,2as7aar,2as7aar,True,8,7,0-9,0-9,harakat_top_prediction
اِتْشَطَّب,2itshattab,2itshattab,True,10,10,10-19,10-19,harakat_top_prediction
جُوح,juu7,jawwi7,False,4,4,0-9,0-9,harakat_top_prediction
شَقْرَق,shakrikshagrig,shaqriq,False,7,14,0-9,10-19,harakat_top_prediction
ثَمَّن,thaman,thammin,False,6,6,0-9,0-9,harakat_top_prediction
قَشْعَر بَدَنِي,qash3ar badani,qash3ar ba3idnashi,False,15,14,10-19,10-19,harakat_top_prediction
يِتْفَرَّك,yitfarrak,yitfarrak,True,10,9,10-19,0-9,harakat_top_prediction
اِسْتَنْفَر,2istanfir,2istanfar,False,11,9,10-19,0-9,harakat_top_prediction
لَعْلَعَة,la3la3e,la3la3a,False,9,7,0-9,0-9,harakat_top_prediction
اِفْتَرَس,2iftaras,2iftaras,True,9,8,0-9,0-9,harakat_top_prediction
مَا بْتِنْبَلّ بْثِمُّه فُولِة,maa btinball btimmo fuule,maa btinbit 2ilmmoon fubil mo,False,30,25,30-39,20-29,harakat_top_prediction
نَام عليطة تحكي,naamat 3aleek 7eeta,naam 3aleet 7eekati,False,15,19,10-19,10-19,harakat_top_prediction
يوَرِّث,yuuras,ywarris,False,7,6,0-9,0-9,harakat_top_prediction
أَهْتَر,2ahtar,2ahtar,True,7,6,0-9,0-9,harakat_top_prediction
اِتْفَرَّع,2itfarra3,2itfarra3,True,10,9,10-19,0-9,harakat_top_prediction
اِلْخَم,2ilkham,2ilkham,True,7,7,0-9,0-9,harakat_top_prediction
زَوَّر,zuur,zawwir,False,6,4,0-9,0-9,harakat_top_prediction
مَسْؤُول,mas2uul,mas2uul,True,8,7,0-9,0-9,harakat_top_prediction
رَمْرَمِة,ramrame,ramrame,True,9,7,0-9,0-9,harakat_top_prediction
أَخْلَاق,2akhlaaq,2akhlaaq,True,8,8,0-9,0-9,harakat_top_prediction
اِتْلَاكَم,2itlaakam,2itlaakam,True,10,9,10-19,0-9,harakat_top_prediction
يرُقّ,yruqq,yruqq,True,5,5,0-9,0-9,harakat_top_prediction
مَتَّر,mattar,mattar,True,6,6,0-9,0-9,harakat_top_prediction
عَضّ,3add,3add,True,4,4,0-9,0-9,harakat_top_prediction
عَضْعَضَة,3ad3ada,3ad3ada,True,9,7,0-9,0-9,harakat_top_prediction
يكَافِئ,ykaafi2,ykaafi2,True,7,7,0-9,0-9,harakat_top_prediction
ضَاع,daa3,daa3,True,4,4,0-9,0-9,harakat_top_prediction
يغَرِّز,yighriz,ygharriz,False,7,7,0-9,0-9,harakat_top_prediction
شَلَش,shilish,shallish,False,5,7,0-9,0-9,harakat_top_prediction
يَا دَاخِل بَين البصلة وقشرتهَا مَابك غير ريحتهَا,yaa daakhil been 2ilbasale wuqishritha maa binuubak gheer rii7itha,yaa daakhil baratiq 2illisha ba7akha biin wura bitha bisha,False,49,66,40-49,60-69,harakat_top_prediction
يِتْشَخْلَع,yitshakhla3,yitshakhla3,True,11,11,10-19,10-19,harakat_top_prediction
يِنْفِجِع,yinfiji3,yinfiji3,True,9,8,0-9,0-9,harakat_top_prediction
مَجْنُون يِحْكِي وعَاقِل يِسْمَع,majnuun yi7ki wu3aaqil yisma3,maj3uun yil7ak laa 3asiim,False,32,29,30-39,20-29,harakat_top_prediction
فَتَح,fitih,fatta7,False,5,5,0-9,0-9,harakat_top_prediction
تَهَم,tuham,taham,False,5,5,0-9,0-9,harakat_top_prediction
يصُبّ,ysubb,ysubb,True,5,5,0-9,0-9,harakat_top_prediction
شَهْر الخَير,shahr 2ilkheer,shahhr 2ilkheer,False,12,14,10-19,10-19,harakat_top_prediction
مْرَيِّح,murii7,mrayyi7,False,8,6,0-9,0-9,harakat_top_prediction
اِنْتِرِك,2intirik,2intarak,False,9,8,0-9,0-9,harakat_top_prediction
يِتْكَرْكَز,yitkarkaz,yitkarkaz,True,11,9,10-19,0-9,harakat_top_prediction
اِنْبُخ,2inbakhkh,2inbukh,False,7,9,0-9,0-9,harakat_top_prediction
هَوَاة,huwaat,hawaa,False,6,6,0-9,0-9,harakat_top_prediction
حَبَابِيس,7abaabiis,7abaabiis,True,9,9,0-9,0-9,harakat_top_prediction
مَسْكُون,maskuun,maskuun,True,8,7,0-9,0-9,harakat_top_prediction
اِنْحَرَق,2in7iriq,2in7araq,False,9,8,0-9,0-9,harakat_top_prediction
طَزّ,tuzz,tazz,False,4,4,0-9,0-9,harakat_top_prediction
فُسْتَان,fustaan,fustaan,True,8,7,0-9,0-9,harakat_top_prediction
يكَمِّل,yikmal,ykammil,False,7,6,0-9,0-9,harakat_top_prediction
يحَرِّك,yu7ruk,y7arrik,False,7,6,0-9,0-9,harakat_top_prediction
نَفَس,nifis,naffis,False,5,5,0-9,0-9,harakat_top_prediction
تْزَنَّخ,tzannakh,tzannakh,True,8,8,0-9,0-9,harakat_top_prediction
هَاهَى,haaha,haaha,True,6,5,0-9,0-9,harakat_top_prediction
يِتْطَفَّل,yittaffal,yittaffal,True,10,9,10-19,0-9,harakat_top_prediction
جُزُء,juzu2,juzu2,True,5,5,0-9,0-9,harakat_top_prediction
اِصْحَك,2is7ak,2is7ak,True,7,6,0-9,0-9,harakat_top_prediction
اِتْنَازَع,2itnaaza3,2itnaaza3,True,10,9,10-19,0-9,harakat_top_prediction
جِيز,jiiz,jiiz,True,4,4,0-9,0-9,harakat_top_prediction
تْشَرْبَح,tsharba7,tsharba7,True,9,8,0-9,0-9,harakat_top_prediction
حَبَمْبَم,7abambam,7abmab,False,9,8,0-9,0-9,harakat_top_prediction
مَرْمَغ,marmigh,mramghigh,False,7,7,0-9,0-9,harakat_top_prediction
جَورَة,joora,joora,True,6,5,0-9,0-9,harakat_top_prediction
يضَحِّي,yda77i,yda77i,True,7,6,0-9,0-9,harakat_top_prediction
يِنْقَاس,yinqaas,yinqaas,True,8,7,0-9,0-9,harakat_top_prediction
نَيَّاح,nwaa7,nayyaa7,False,7,5,0-9,0-9,harakat_top_prediction
يِتْضَمَّن,yiddamman,yitdamman,False,10,9,10-19,0-9,harakat_top_prediction
تَذَاكِر,tazaakir,tazaakir,True,8,8,0-9,0-9,harakat_top_prediction
مَغْسَلِة,maghsale,maghsale,True,9,8,0-9,0-9,harakat_top_prediction
يعيِّط,y3ayyit,y3ayyit,True,6,7,0-9,0-9,harakat_top_prediction
حَنْجَلِة,7anjale,7anjale,True,9,7,0-9,0-9,harakat_top_prediction
اِحْشِد,2i7shid,2i7shid,True,7,7,0-9,0-9,harakat_top_prediction
يِسْتَنْزِف,yistanzif,yistanzif,True,11,9,10-19,0-9,harakat_top_prediction
ينَزِّه,ynazzih,yinzah,False,7,7,0-9,0-9,harakat_top_prediction
يُفْقُش,yufqush,yifqish,False,7,7,0-9,0-9,harakat_top_prediction
طَوبَر,toobar,toobir,False,6,6,0-9,0-9,harakat_top_prediction
حَرَض,7arrad,7arrid,False,5,6,0-9,0-9,harakat_top_prediction
اِنْخَمَع,2inkhimi3,2inkhimi3,True,9,9,0-9,0-9,harakat_top_prediction
نَاتِع,naata3,naati3,False,6,6,0-9,0-9,harakat_top_prediction
مَلْحَة,mal7a,mal7a,True,7,5,0-9,0-9,harakat_top_prediction
تَرَانِيز,traanziit,taraaniiz,False,9,9,0-9,0-9,harakat_top_prediction
دَنْدَرَة,dandara,dandara,True,9,7,0-9,0-9,harakat_top_prediction
اُذْنُب,2iznib,2uznub,False,7,6,0-9,0-9,harakat_top_prediction
يزَوِّد,yzawwid,yzawwid,True,7,7,0-9,0-9,harakat_top_prediction
قَجْقَج,qadjqadj,qadjqidj,False,7,8,0-9,0-9,harakat_top_prediction
مْمَرَّق,2immarriq,mumraqq,False,8,9,0-9,0-9,harakat_top_prediction
عَاشِر,3aashir,3aashir,True,6,7,0-9,0-9,harakat_top_prediction
اِسْكُب,2iskub,2uskub,False,7,6,0-9,0-9,harakat_top_prediction
اِخْشِم,2ikhshim,2ikhshim,True,7,8,0-9,0-9,harakat_top_prediction
تْجَمَّل,tjammal,tjammal,True,8,7,0-9,0-9,harakat_top_prediction
دَادِي,daadi,daadi,True,6,5,0-9,0-9,harakat_top_prediction
إِمْرَار,2imraar,2imraar,True,8,7,0-9,0-9,harakat_top_prediction
غَبِّر,ghabar,ghabbir,False,6,6,0-9,0-9,harakat_top_prediction
اِحْتِمِل,2i7timil,2i7tamal,False,9,8,0-9,0-9,harakat_top_prediction
تْكَسَّب,tkassab,tkassab,True,8,7,0-9,0-9,harakat_top_prediction
لَهَث,lahath,lahhith,False,5,6,0-9,0-9,harakat_top_prediction
عَطَّن,3attan,3attin,False,6,6,0-9,0-9,harakat_top_prediction
يتَنْبِت,yitbannat,ytanbit,False,8,9,0-9,0-9,harakat_top_prediction
خَرَابِيط,kharaabiit,kharaabiit,True,9,10,0-9,10-19,harakat_top_prediction
قِلِّة عقل,qillit 3aqil,qille 3aqale,False,10,12,10-19,10-19,harakat_top_prediction
دَعَائِي,di3aa2i,da3aa2i,False,8,7,0-9,0-9,harakat_top_prediction
تْوَزَّع,twazza3,twazza3,True,8,7,0-9,0-9,harakat_top_prediction
نَبِيل,nabiil,nabiil,True,6,6,0-9,0-9,harakat_top_prediction
أَكلِت رَعْبِة,2akalit ra3be,2aklit ra3be,False,14,13,10-19,10-19,harakat_top_prediction
طَاق,taaq,taaq,True,4,4,0-9,0-9,harakat_top_prediction
ضَرْبِة شَمِس,darbit shamis,darbit shams,False,13,13,10-19,10-19,harakat_top_prediction
بَلْبُوص,balbuus,balbuus,True,8,7,0-9,0-9,harakat_top_prediction
أَدَاة,2adaa,2adaa,True,6,5,0-9,0-9,harakat_top_prediction
يسَكِّت,yiskut,ysakkit,False,7,6,0-9,0-9,harakat_top_prediction
تْوَلْدَن,twaldan,twaldan,True,9,7,0-9,0-9,harakat_top_prediction
دَبِّك,dabbak,dabbak,True,6,6,0-9,0-9,harakat_top_prediction
شَهَّر,shahhir,shahhir,True,6,7,0-9,0-9,harakat_top_prediction
مُنْتَشِي,mintishi,muntashi,False,9,8,0-9,0-9,harakat_top_prediction
يغُوص,yghuus,yghawwis,False,5,6,0-9,0-9,harakat_top_prediction
تْبَاحَث,tbaa7as,tbaa7as,True,8,7,0-9,0-9,harakat_top_prediction
يهَرِّج,yuhrudj,yharrij,False,7,7,0-9,0-9,harakat_top_prediction
رَبْكِة,rabke,rabke,True,7,5,0-9,0-9,harakat_top_prediction
اِتْطَبَّش,2ittabbash,2ittabbash,True,10,10,10-19,10-19,harakat_top_prediction
طَشْطُوش,tashtuush,tashtuush,True,8,9,0-9,0-9,harakat_top_prediction
مُخّ بِيزُون دُه,mukhkho byuuzin balad,mukhkho bizz wunid,False,16,21,10-19,20-29,harakat_top_prediction
زَلَابِيِّة,zalaabya,zalaabiyye,False,11,8,10-19,0-9,harakat_top_prediction
عَطِيِّة,3atiyye,3atiyye,True,8,7,0-9,0-9,harakat_top_prediction
مَسَح,massi7,massa7,False,5,6,0-9,0-9,harakat_top_prediction
نَرْفِز,narfiz,narfiz,True,7,6,0-9,0-9,harakat_top_prediction
هَرْبَجِة,harbaje,harbaje,True,9,7,0-9,0-9,harakat_top_prediction
قَرْطَة,qarta,qarta,True,7,5,0-9,0-9,harakat_top_prediction
أَشْبَاه,2ashbaah,2ashbaah,True,8,8,0-9,0-9,harakat_top_prediction
يسُوق,ysuuq,ysawwiq,False,5,5,0-9,0-9,harakat_top_prediction
اِصْدَق,2usduq,2isdaq,False,7,6,0-9,0-9,harakat_top_prediction
وَاقِع,waagi3,waaqi3,False,6,6,0-9,0-9,harakat_top_prediction
تْمَكَّن,tamakkun,tmakkan,False,8,8,0-9,0-9,harakat_top_prediction
اِنْكَشَف,2inkishif,2inkashaf,False,9,9,0-9,0-9,harakat_top_prediction
سَبْعَة,sab3a,sab3a,True,7,5,0-9,0-9,harakat_top_prediction
مِن الله دَولِة,min 2alla doole,min 2illhad walade,False,15,15,10-19,10-19,harakat_top_prediction
مَصْرَف,musraf,msarfif,False,7,6,0-9,0-9,harakat_top_prediction
نَافِذ,naafiz,naafiz,True,6,6,0-9,0-9,harakat_top_prediction
حكم الهِدْهِد,7ukm 2ilhudhud,7imil 2ihdahd,False,13,14,10-19,10-19,harakat_top_prediction
يرَوِّد,yrawwid,yrawwid,True,7,7,0-9,0-9,harakat_top_prediction
حَمْحَم,7am7im,7am7im,True,7,6,0-9,0-9,harakat_top_prediction
كَمْخَة,kamkha,kamkha,True,7,6,0-9,0-9,harakat_top_prediction
بَشَت,bashat,bashshit,False,5,6,0-9,0-9,harakat_top_prediction
أَشْكَار,2ashkara,2ashkaar,False,8,8,0-9,0-9,harakat_top_prediction
تَقْبِيص,taqbiis,taqbiis,True,8,7,0-9,0-9,harakat_top_prediction
سَدَد,saddad,saddad,True,5,6,0-9,0-9,harakat_top_prediction
رَافِق,raafaq,raafiq,False,6,6,0-9,0-9,harakat_top_prediction
كَهْرَبَا,kahraba,kahraba,True,9,7,0-9,0-9,harakat_top_prediction
صَلَّح,salli7,salla7,False,6,6,0-9,0-9,harakat_top_prediction
يِنْعِوِج,yin3iwij,yin3iwij,True,9,8,0-9,0-9,harakat_top_prediction
دَسَم,dassim,dassam,False,5,6,0-9,0-9,harakat_top_prediction
مُنْقَاد,munqaad,munqaad,True,8,7,0-9,0-9,harakat_top_prediction
سُفَرَاء,sufaraa2,sufraa2,False,8,8,0-9,0-9,harakat_top_prediction
نَسَف,nasaf,nassif,False,5,5,0-9,0-9,harakat_top_prediction
العَصَبِيِّة القَبِيلِة,2il3asabiyye 2ilqabaliyye,2il3abi bsiilqabiyye,False,23,25,20-29,20-29,harakat_top_prediction
خَدَع,khuda3,khadda3,False,5,6,0-9,0-9,harakat_top_prediction
قد البلد,qadd 2ilbalad,qadd 2ilbad,False,8,13,0-9,10-19,harakat_top_prediction
حَيَاء,7aya,7ayaa2,False,6,4,0-9,0-9,harakat_top_prediction
مَشَاهِير,mashaahiir,mashaahiir,True,9,10,0-9,10-19,harakat_top_prediction
خُصّ,khass,khuss,False,4,5,0-9,0-9,harakat_top_prediction
يِتْدَايَن,yiddaayan,yiddaayan,True,10,9,10-19,0-9,harakat_top_prediction
أَزْرَار,2azraar,2azraar,True,8,7,0-9,0-9,harakat_top_prediction
يكِبّ,ykibb,ykibb,True,5,5,0-9,0-9,harakat_top_prediction
مَسْفُوخ,masfuukh,masfuukh,True,8,8,0-9,0-9,harakat_top_prediction
ضَوَّى,dawwa,dawwa,True,6,5,0-9,0-9,harakat_top_prediction
صَفَّف,saffif,saffif,True,6,6,0-9,0-9,harakat_top_prediction
نَذراً علي,nadran 3alayy,nadar 2il3ini,False,10,13,10-19,10-19,harakat_top_prediction
بَشْنِيقَة,bushneeqka,bashniiqa,False,10,10,10-19,10-19,harakat_top_prediction
كَادِح,kaadi7,kaadi7,True,6,6,0-9,0-9,harakat_top_prediction
هَنَاك,hnaak,hanaak,False,6,5,0-9,0-9,harakat_top_prediction
يبِحّ,ybi77,ybi77,True,5,5,0-9,0-9,harakat_top_prediction
صُغّ,ghass,ghuss,False,4,5,0-9,0-9,harakat_top_prediction
كَلَف,kallif,kallif,True,5,6,0-9,0-9,harakat_top_prediction
دَهْرِي,dihri,dahri,False,7,5,0-9,0-9,harakat_top_prediction
مْطَيِّز,mtayyiz,mtayyiz,True,8,7,0-9,0-9,harakat_top_prediction
يِسْتَنْقِص,yistanqis,yistanqis,True,11,9,10-19,0-9,harakat_top_prediction
يِنْدِعِس,yindi3is,yindi3is,True,9,8,0-9,0-9,harakat_top_prediction
بَوز,buuz,booz,False,4,4,0-9,0-9,harakat_top_prediction
اِنْفِنِس,2infanas,2infanas,True,9,8,0-9,0-9,harakat_top_prediction
عَيِّش,3ayyash,3ayyish,False,6,7,0-9,0-9,harakat_top_prediction
تْحَرْسَم,t7arsam,t7arsam,True,9,7,0-9,0-9,harakat_top_prediction
عُرْقِيِّة,3irqiyye,3urqiyye,False,10,8,10-19,0-9,harakat_top_prediction
نَحُو,na7u,na7u,True,5,4,0-9,0-9,harakat_top_prediction
اِلْتَوَى,2iltawa,2iltawa,True,9,7,0-9,0-9,harakat_top_prediction
اِسْتَفْتَح,2istafta7,2istafti7,False,11,9,10-19,0-9,harakat_top_prediction
نَكَس,nakkis,nakas,False,5,6,0-9,0-9,harakat_top_prediction
وَسَام,wisaam,wasaam,False,6,6,0-9,0-9,harakat_top_prediction
مَشْنُوق,mashnuuq,mashnuuq,True,8,8,0-9,0-9,harakat_top_prediction
اِشْتِبِك,2ishtibik,2ishtabak,False,9,9,0-9,0-9,harakat_top_prediction
أَنْذَر,2anzar,2andar,False,7,6,0-9,0-9,harakat_top_prediction
صَوَّن,sawwin,sawwin,True,6,6,0-9,0-9,harakat_top_prediction
خَلِيلِي,khaliili,khaliili,True,8,8,0-9,0-9,harakat_top_prediction
اِنْهَزَم,2inhazam,2inhizim,False,9,8,0-9,0-9,harakat_top_prediction
أَثْرِي,2asari,2asri,False,7,6,0-9,0-9,harakat_top_prediction
أَكَلْبَن,2akalban,2aklab,False,9,8,0-9,0-9,harakat_top_prediction
كَمَّد,tshammad,kammad,False,6,8,0-9,0-9,harakat_top_prediction
مَرْغُوب,marghuub,marghuub,True,8,8,0-9,0-9,harakat_top_prediction
اُطْرُق,2utruq,2itraq,False,7,6,0-9,0-9,harakat_top_prediction
مَكَانِي,makaayin,makaani,False,8,8,0-9,0-9,harakat_top_prediction
مُمْتَاز,mumtaaz,mumtaaz,True,8,7,0-9,0-9,harakat_top_prediction
سَلَط,sallat,sallat,True,5,6,0-9,0-9,harakat_top_prediction
سَهَّر,sahhir,sahhir,True,6,6,0-9,0-9,harakat_top_prediction
يُنْقُر,ynaqqir,yinqar,False,7,7,0-9,0-9,harakat_top_prediction
رَمَّل,rammil,rammil,True,6,6,0-9,0-9,harakat_top_prediction
مْحَنِّص,m7annas,m7annis,False,8,7,0-9,0-9,harakat_top_prediction
أَكَنَّم,2akammin,2akannam,False,8,8,0-9,0-9,harakat_top_prediction
ينَهِّج,ynahhidj,yinhadj,False,7,8,0-9,0-9,harakat_top_prediction
يِنْهِلِك,yinhilik,yinhilik,True,9,8,0-9,0-9,harakat_top_prediction
إِجرينَا بَالفلقة سوَا,2ijreena bilfalqa sawa,2ijiir naaqab 2ilfusa,False,22,22,20-29,20-29,harakat_top_prediction
يِنْقَال,yinqaal,yinqaal,True,8,7,0-9,0-9,harakat_top_prediction
اِعْتَب,2i3tab,2i3tab,True,7,6,0-9,0-9,harakat_top_prediction
اِتْسَلَّى,2itsalla,2itsalla,True,10,8,10-19,0-9,harakat_top_prediction
بَاشِر,baashar,baashir,False,6,7,0-9,0-9,harakat_top_prediction
صَاب,saab,saab,True,4,4,0-9,0-9,harakat_top_prediction
قُوم,qawm,quum,False,4,4,0-9,0-9,harakat_top_prediction
جَنّ الكَير بَك,jinni 2illi yirkabak,jann 2ilkarab yyabak,False,15,20,10-19,20-29,harakat_top_prediction
فَنْتَز,fantiz,fantaz,False,7,6,0-9,0-9,harakat_top_prediction
نَهَب,nahib,nahhib,False,5,5,0-9,0-9,harakat_top_prediction
يسَجِّد,yisjud,ysajjid,False,7,6,0-9,0-9,harakat_top_prediction
اِنْطَبَق,2intibiq,2intibiq,True,9,8,0-9,0-9,harakat_top_prediction
مَصِل,masil,masal,False,5,5,0-9,0-9,harakat_top_prediction
اِتْسَافَل,2itsaafal,2itsaafal,True,10,9,10-19,0-9,harakat_top_prediction
سَلَّاسِة,salaase,sallaase,False,9,7,0-9,0-9,harakat_top_prediction
تْرَاسَل,traasal,traasal,True,8,7,0-9,0-9,harakat_top_prediction
اِشْتِرِك,2ishtarak,2ishtarak,True,9,9,0-9,0-9,harakat_top_prediction
خَابْزُه وعَاجْنُه,khaabzo wu3aajno,khaabuuz 3ajunha,False,18,16,10-19,10-19,harakat_top_prediction
لَهَث,lahith,lahhith,False,5,6,0-9,0-9,harakat_top_prediction
شغل بَالي,shaghal baali,shaghal bilgha,False,9,13,0-9,10-19,harakat_top_prediction
طبخ رَاسي,tabakh raasi,tabakh raasi,True,9,12,0-9,10-19,harakat_top_prediction
حَجّ,7ajj,7ijj,False,4,4,0-9,0-9,harakat_top_prediction
كَلْكُول,kalkuul,kalkuul,True,8,7,0-9,0-9,harakat_top_prediction
اِتْقَرَّح,2itqarra7,2itqarra7,True,10,9,10-19,0-9,harakat_top_prediction
اِنْغَمَس,2inghimis,2inghamas,False,9,9,0-9,0-9,harakat_top_prediction
اِتْدَلْعَن,2iddal3an,2iddal3an,True,11,9,10-19,0-9,harakat_top_prediction
مَعْدُوم,ma3duum,ma3duum,True,8,7,0-9,0-9,harakat_top_prediction
اِسْتَهْوَى,2istahwa,2istahwa,True,11,8,10-19,0-9,harakat_top_prediction
قَذِر,qazir,qadhir,False,5,5,0-9,0-9,harakat_top_prediction
تَعْلِيلِة,ta3liile,ta3liile,True,10,8,10-19,0-9,harakat_top_prediction
جَقَم,jiqim,djaqam,False,5,5,0-9,0-9,harakat_top_prediction
اِتْطَفَّل,2ittaffal,2ittaffal,True,10,9,10-19,0-9,harakat_top_prediction
إِعَارَة,2i3aara,2i3aara,True,8,7,0-9,0-9,harakat_top_prediction
وَدِّي,waddi,waddi,True,6,5,0-9,0-9,harakat_top_prediction
تْشَحْتَف,tsha7taf,tsha7taf,True,9,8,0-9,0-9,harakat_top_prediction
أَجِّل,2ajall,2ajjil,False,6,6,0-9,0-9,harakat_top_prediction
اِحذر عدوك مرة وصَاحبك مية,2i7zar 3aduuwak marra wsa7bak miit marra,2i7zar 3aduuwwak marra masa7bara,False,26,40,20-29,40-49,harakat_top_prediction
يِتْفَكْهَن,yitfakhan,yitfakhan,True,11,9,10-19,0-9,harakat_top_prediction
صَدْمِة,sadme,sadme,True,7,5,0-9,0-9,harakat_top_prediction
خَنِّن,khannin,khannan,False,6,7,0-9,0-9,harakat_top_prediction
الدَّايِم الله,2addaayim 2illa,2iddaayim 2illa,False,14,15,10-19,10-19,harakat_top_prediction
دَبْلَجِة,dablaje,dablaje,True,9,7,0-9,0-9,harakat_top_prediction
فَاس,faas,faas,True,4,4,0-9,0-9,harakat_top_prediction
زَارُوبِة,zaruube,zaaruube,False,9,7,0-9,0-9,harakat_top_prediction
مِتْحَفِّظ,mit7affiz,mit7affiz,True,10,9,10-19,0-9,harakat_top_prediction
يحَزِّن,yi7zan,y7azzin,False,7,6,0-9,0-9,harakat_top_prediction
سَلَاطِين,salaatiin,salaatiin,True,9,9,0-9,0-9,harakat_top_prediction
اِنقطعت لقمته,2inqat3at luqimto,2inqata3 matlaqo,False,13,17,10-19,10-19,harakat_top_prediction
يشَخِّت,yishkhat,yshakhkhit,False,7,8,0-9,0-9,harakat_top_prediction
دَرَّاسِة,draase,darraase,False,9,6,0-9,0-9,harakat_top_prediction
يِتْعَوَّد,yit3awwad,yit3awwad,True,10,9,10-19,0-9,harakat_top_prediction
عَبِيض,3abeed,3abiid,False,6,6,0-9,0-9,harakat_top_prediction
إِخِص عليك,2ikhs 3aleek,2ikhsil 3akhi,False,10,12,10-19,10-19,harakat_top_prediction
بَيت خَرَاب,beet kharaab,beet kharab,False,11,12,10-19,10-19,harakat_top_prediction
تَحْمِيل,ta7miil,ta7miil,True,8,7,0-9,0-9,harakat_top_prediction
يِتْشَرَّح,yitsharra7,yitsharra7,True,10,10,10-19,10-19,harakat_top_prediction
اِسْتَضَاف,2istadaaf,2istadaaf,True,10,9,10-19,0-9,harakat_top_prediction
عَطَس,3atas,3attis,False,5,5,0-9,0-9,harakat_top_prediction
كَتْلِة,kutle,katle,False,7,5,0-9,0-9,harakat_top_prediction
يِتْبَاهَى,yitbaaha,yitbaaha,True,10,8,10-19,0-9,harakat_top_prediction
اِنْفِزِع,2infaza3,2infaza3,True,9,8,0-9,0-9,harakat_top_prediction
خَرْبُوش,kharbuush,kharbuush,True,8,9,0-9,0-9,harakat_top_prediction
يعِيد مأسَاة,y3iid ma2saat,y3iid 2asaame,False,12,13,10-19,10-19,harakat_top_prediction
يِنْلِهِد,yinlihid,yinlihid,True,9,8,0-9,0-9,harakat_top_prediction
اِضْحَك,2id7ak,2id7ak,True,7,6,0-9,0-9,harakat_top_prediction
تْرَأّف,tra22af,tra22af,True,7,7,0-9,0-9,harakat_top_prediction
فَايِد,faayid,faayid,True,6,6,0-9,0-9,harakat_top_prediction
مَلَا,mala,mala,True,5,4,0-9,0-9,harakat_top_prediction
يِتْطَرْمَخ,yittarmakh,yittarmakh,True,11,10,10-19,10-19,harakat_top_prediction
زَرْدَمِة,zurdumme,zardame,False,9,8,0-9,0-9,harakat_top_prediction
مَهْزُور,mahzuur,mahzuur,True,8,7,0-9,0-9,harakat_top_prediction
شَايِف تعَايِف,shaayif ta3aayif,shaayif 3aati,False,14,16,10-19,10-19,harakat_top_prediction
أَكَل قَتْلِة,2akil qatle,2akla tiqale,False,13,11,10-19,10-19,harakat_top_prediction
يِتْصَرَّح,yitsarra7,yitsarra7,True,10,9,10-19,0-9,harakat_top_prediction
تْفَرْطَح,tfarta7,tfarta7,True,9,7,0-9,0-9,harakat_top_prediction
تَشْلِيخ,tashliikh,tashliikh,True,8,9,0-9,0-9,harakat_top_prediction
مَخْلُوف,makhluuf,makhluuf,True,8,8,0-9,0-9,harakat_top_prediction
رَاكِي,raaki,raaki,True,6,5,0-9,0-9,harakat_top_prediction
تَصْوِير,taswiir,taswiir,True,8,7,0-9,0-9,harakat_top_prediction
لَمَا,lammalamman,lama,False,5,11,0-9,10-19,harakat_top_prediction
دَقْمَق,daqmaq,daqmiq,False,7,6,0-9,0-9,harakat_top_prediction
اِحْلِب,2i7lib,2i7lib,True,7,6,0-9,0-9,harakat_top_prediction
أَجْوَاد,2ajwaad,2ajwaad,True,8,7,0-9,0-9,harakat_top_prediction
يِتْفَوَّق,yitfawwaq,yitfawwaq,True,10,9,10-19,0-9,harakat_top_prediction
سُوء,suu2,suu2,True,4,4,0-9,0-9,harakat_top_prediction
فَخْفَخَة,fakhfakha,fakhfakha,True,9,9,0-9,0-9,harakat_top_prediction
اِنْتَزَع,2intaza3,2intaza3,True,9,8,0-9,0-9,harakat_top_prediction
فَرَّز,farraz,farriz,False,6,6,0-9,0-9,harakat_top_prediction
أَلِّف,2alf,2allif,False,6,4,0-9,0-9,harakat_top_prediction
اُفْطُر,2aftir,2iftar,False,7,6,0-9,0-9,harakat_top_prediction
دَمَّل,damal,dammal,False,6,5,0-9,0-9,harakat_top_prediction
كَفَّل,kifil,kaffil,False,6,5,0-9,0-9,harakat_top_prediction
اِقْفَل,2iqfil,2iqfal,False,7,6,0-9,0-9,harakat_top_prediction
يدَرِّس,ydarris,yidrus,False,7,7,0-9,0-9,harakat_top_prediction
أَجْزَاء,2ajzaa2,2ajzaa2,True,8,7,0-9,0-9,harakat_top_prediction
اِتْوَعَّك,2itwa33ak,2itwa33ak,True,10,9,10-19,0-9,harakat_top_prediction
فَرْعِن,far3an,far3in,False,7,6,0-9,0-9,harakat_top_prediction
يِتْمَخْتَر,yitmakhtar,yitmakhtar,True,11,10,10-19,10-19,harakat_top_prediction
وَسِيط,wasiit,wasiit,True,6,6,0-9,0-9,harakat_top_prediction
حَاكِي,7aaki,7aaki,True,6,5,0-9,0-9,harakat_top_prediction
رَجْفِة,rajfe,rajfe,True,7,5,0-9,0-9,harakat_top_prediction
يبَكِّس,ybakkish,ybakkis,False,7,8,0-9,0-9,harakat_top_prediction
قَاد,qaad,qaad,True,4,4,0-9,0-9,harakat_top_prediction
مْخَاوَاة,mkhaawaa,mkhaawa,False,9,8,0-9,0-9,harakat_top_prediction
أَرْبَاح,2arbaa7,2arbaa7,True,8,7,0-9,0-9,harakat_top_prediction
وَبَاء,wabaa2,wabaa2,True,6,6,0-9,0-9,harakat_top_prediction
يِجْهَل,yijhal,yjahhil,False,7,6,0-9,0-9,harakat_top_prediction
بَرَد,barid,barrad,False,5,5,0-9,0-9,harakat_top_prediction
فَرْسَمَونَا,farsamuuna,farsamuun,False,12,10,10-19,10-19,harakat_top_prediction
نَطْنَط,natnat,natnat,True,7,6,0-9,0-9,harakat_top_prediction
لَحَم,la7im,la77am,False,5,5,0-9,0-9,harakat_top_prediction
قَلَط,qallit,qallit,True,5,6,0-9,0-9,harakat_top_prediction
تْزَامَن,tazaamun,tzaaman,False,8,8,0-9,0-9,harakat_top_prediction
اِتْدَارَى,2iddaara,2iddaara,True,10,8,10-19,0-9,harakat_top_prediction
مَخْطُوب,makhtuub,makhtuub,True,8,8,0-9,0-9,harakat_top_prediction
رَصَد,rasad,rassid,False,5,5,0-9,0-9,harakat_top_prediction
طَارِد,taarid,taarid,True,6,6,0-9,0-9,harakat_top_prediction
يِتْفَعْكَش,yitfa3kash,yitfa3kash,True,11,10,10-19,10-19,harakat_top_prediction
الحَيط عَالحَيط,2il7eet 3al7eet,2il7eet 3aleet,False,15,15,10-19,10-19,harakat_top_prediction
حَوَاليِش,7awaaliish,7awaaliish,True,9,10,0-9,10-19,harakat_top_prediction
يشَلِّش,yishlish,yshallish,False,7,8,0-9,0-9,harakat_top_prediction
يِنْدِرِم,yindirim,yindirim,True,9,8,0-9,0-9,harakat_top_prediction
اِتْرَقَّم,2itraqqam,2itraqqam,True,10,9,10-19,0-9,harakat_top_prediction
طَوَّش,tuwash,tawwish,False,6,6,0-9,0-9,harakat_top_prediction
يَا حَيف,yaa 7eef,yaa 7eef,True,8,8,0-9,0-9,harakat_top_prediction
اِبْرُد,2ibrad,2ubrud,False,7,6,0-9,0-9,harakat_top_prediction
حَرَّف,7araf,7arrif,False,6,5,0-9,0-9,harakat_top_prediction
اِتْوَتّد,2itwattad,2itwattad,True,9,9,0-9,0-9,harakat_top_prediction
سْخِيف,sakhiif,skhayyif,False,6,7,0-9,0-9,harakat_top_prediction
حَلَقَة,7alqa,7alaqa,False,7,5,0-9,0-9,harakat_top_prediction
تْزَعَّم,tza33am,tza33am,True,8,7,0-9,0-9,harakat_top_prediction
يِرْحَل,yir7al,yir7al,True,7,6,0-9,0-9,harakat_top_prediction
عَلَي الطُّرْشَاق,3alayy 2itturshaaq,3alayy 2ishshshutar,False,17,18,10-19,10-19,harakat_top_prediction
كَرْدُوش,tsharduush,karduush,False,8,10,0-9,10-19,harakat_top_prediction
تْقَنَّع,tqanna3,tqanna3,True,8,7,0-9,0-9,harakat_top_prediction
الله يِنْتَعِك بَالسَّلَامِة,2alla yinta3ik bissalaame,2illi hanaa btil3assak 2ilmaabe,False,28,25,20-29,20-29,harakat_top_prediction
شب اقشعيني يَا مرة,shabb 2iqsha3iini yaa mara,shabbaaq 3ini sheer maayye,False,18,26,10-19,20-29,harakat_top_prediction
قَيْلَل,qaylil,qaylal,False,7,6,0-9,0-9,harakat_top_prediction
عَفْشَك,3afshak,3afshak,True,7,7,0-9,0-9,harakat_top_prediction
فَرُو,faru,faru,True,5,4,0-9,0-9,harakat_top_prediction
ثْيَاب,tyaab,syaab,False,6,5,0-9,0-9,harakat_top_prediction
جَقَّر,jaqkar,jaqkkar,False,6,6,0-9,0-9,harakat_top_prediction
يدَشِّب,ydashshib,ydashshib,True,7,9,0-9,0-9,harakat_top_prediction
كَرِيم,kariim,kariim,True,6,6,0-9,0-9,harakat_top_prediction
اِسْتَوْعَب,2istaw3ib,2istaw3ab,False,11,9,10-19,0-9,harakat_top_prediction
آنْسِة,2aanisa,2aanse,False,6,7,0-9,0-9,harakat_top_prediction
دَفْدِف,dafdaf,dafdif,False,7,6,0-9,0-9,harakat_top_prediction
اِسْخَن,2iskhun,2iskhan,False,7,7,0-9,0-9,harakat_top_prediction
سَطَّى,sata,satta,False,6,4,0-9,0-9,harakat_top_prediction
يهَتِّك,yihtik,yhattik,False,7,6,0-9,0-9,harakat_top_prediction
مِرْتِزِي,miritzi,mirtizi,False,9,7,0-9,0-9,harakat_top_prediction
يِتْوَقَّت,yitwaqqat,yitwaqqat,True,10,9,10-19,0-9,harakat_top_prediction
كْرُوت,karwat,kruut,False,6,6,0-9,0-9,harakat_top_prediction
يِنْسِفِق,yinsafaq,yinsifiq,False,9,8,0-9,0-9,harakat_top_prediction
اِنْعَدَى,2in3ada,2in3ada,True,9,7,0-9,0-9,harakat_top_prediction
اِسْتَغَاب,2istaghaab,2istaghaab,True,10,10,10-19,10-19,harakat_top_prediction
اِنْتَح,2inta7,2inta7,True,7,6,0-9,0-9,harakat_top_prediction
يهَجِّر,yuhjur,yhajjir,False,7,6,0-9,0-9,harakat_top_prediction
اِنْشِهِر,2inshihir,2inshahar,False,9,9,0-9,0-9,harakat_top_prediction
ينَاطِح,ynaati7,ynaati7,True,7,7,0-9,0-9,harakat_top_prediction
يِتْأَوَّه,yit2awwah,yit2awwah,True,10,9,10-19,0-9,harakat_top_prediction
نَتَّف شعري,nattafit sha3ri,nattaf sha3ari,False,11,15,10-19,10-19,harakat_top_prediction
اِتْرَهَّل,2itrahhal,2itrahhal,True,10,9,10-19,0-9,harakat_top_prediction
اِدْلَح,2idla7,2idla7,True,7,6,0-9,0-9,harakat_top_prediction
يصَوبِن,ysoobin,ysoobin,True,7,7,0-9,0-9,harakat_top_prediction
رَهْرَط,rahrat,rahrat,True,7,6,0-9,0-9,harakat_top_prediction
اِشْخَت,2ishkhat,2ishkhat,True,7,8,0-9,0-9,harakat_top_prediction
أَرَاجِيل,2araagiil,2araajiil,False,9,9,0-9,0-9,harakat_top_prediction
اِفْتَعَل,2ifti3il,2ifta3al,False,9,8,0-9,0-9,harakat_top_prediction
لِزّ,lizz,lizz,True,4,4,0-9,0-9,harakat_top_prediction
قَرَا,qkgarra,qara,False,5,7,0-9,0-9,harakat_top_prediction
مَلَق,mallig,mallaq,False,5,6,0-9,0-9,harakat_top_prediction
كَسْتَنَائِي,kastanaa2i,kastanaa2i,True,12,10,10-19,10-19,harakat_top_prediction
اِجْزِم,2ijzim,2ijzim,True,7,6,0-9,0-9,harakat_top_prediction
كَفَّايِة,kifaaye,kaffaaye,False,9,7,0-9,0-9,harakat_top_prediction
يِرْتِبِك,yirtibik,yirtibik,True,9,8,0-9,0-9,harakat_top_prediction
مْفَرَّمِة,maframe,mfarrame,False,10,7,10-19,0-9,harakat_top_prediction
تْدَمَّر,2iddammar,2iddammar,True,8,9,0-9,0-9,harakat_top_prediction
خَطِيفِة,khtiife,khatiife,False,8,7,0-9,0-9,harakat_top_prediction
شَمَّع,shami3,shammi3,False,6,6,0-9,0-9,harakat_top_prediction
عَوَاطِيل,3awaatli,3awaatiil,False,9,8,0-9,0-9,harakat_top_prediction
خَنَّق,khaniq,khannaq,False,6,6,0-9,0-9,harakat_top_prediction
كَدَّر,kadar,kaddir,False,6,5,0-9,0-9,harakat_top_prediction
نَدَغ,nadagh,naddagh,False,5,6,0-9,0-9,harakat_top_prediction
بَصِّم,basim,bassam,False,6,5,0-9,0-9,harakat_top_prediction
مُبَارَزِة,mubaaraze,mubaaraze,True,10,9,10-19,0-9,harakat_top_prediction
بَدُو,biddo,badu,False,5,5,0-9,0-9,harakat_top_prediction
عالهَبَلِة,3alhabale,3alhabale,True,10,9,10-19,0-9,harakat_top_prediction
فَوضِي,fawdawi,foodi,False,6,7,0-9,0-9,harakat_top_prediction
عَمَايِل,3amaayil,3amaayil,True,8,8,0-9,0-9,harakat_top_prediction
صَفْنِة,safne,safne,True,7,5,0-9,0-9,harakat_top_prediction
تِعْلَام العُصِي عجنك,t3allim 2il3usi 3ajnaabak,ti3laam 2iljukuns 3aani,False,21,25,20-29,20-29,harakat_top_prediction
غَسِّل,ghassal,ghasal,False,6,7,0-9,0-9,harakat_top_prediction
يدَاوِم,ydaawim,ydaawim,True,7,7,0-9,0-9,harakat_top_prediction
يِتْنَمَّر,yitnammar,yitnammar,True,10,9,10-19,0-9,harakat_top_prediction
وَزَّن,wazan,wazzin,False,6,5,0-9,0-9,harakat_top_prediction
مْغَلَّب,mghallab,mghallib,False,8,8,0-9,0-9,harakat_top_prediction
خَامِة,khaame,khaame,True,6,6,0-9,0-9,harakat_top_prediction
زَرْزَرّ,zarzarr,zarzirr,False,8,7,0-9,0-9,harakat_top_prediction
شَدْفَا,shadfa,shadfa,True,7,6,0-9,0-9,harakat_top_prediction
نَسَف,nassif,nassif,True,5,6,0-9,0-9,harakat_top_prediction
نُجُوم,nujuum,najuum,False,6,6,0-9,0-9,harakat_top_prediction
تْلَأْمَن,tla2man,tla2man,True,9,7,0-9,0-9,harakat_top_prediction
بْيُوت,byuut,byuut,True,6,5,0-9,0-9,harakat_top_prediction
حَصْحَص,7as7as,7as7as,True,7,6,0-9,0-9,harakat_top_prediction
يِتْكَرْفَت,yitkarfat,yitkarfat,True,11,9,10-19,0-9,harakat_top_prediction
فَشْكِل,fashkal,fashkil,False,7,7,0-9,0-9,harakat_top_prediction
رَعَد,ra3id,ra33id,False,5,5,0-9,0-9,harakat_top_prediction
يحَيِّن,y7ayyin,y7ayyin,True,7,7,0-9,0-9,harakat_top_prediction
مْبَنِّص,mbannis,mbannas,False,8,7,0-9,0-9,harakat_top_prediction
قَعْفُور,qa3fuur,qa3fuur,True,8,7,0-9,0-9,harakat_top_prediction
تْعَطَّش,t3attash,t3attash,True,8,8,0-9,0-9,harakat_top_prediction
يصَفِّى,ysaffi,ysaffi,True,7,6,0-9,0-9,harakat_top_prediction
يسَمِّر,yismarr,ysammir,False,7,7,0-9,0-9,harakat_top_prediction
نُقّ,nuqq,naqq,False,4,4,0-9,0-9,harakat_top_prediction
حَمَّل أَهْلِي جْمِيلِة,7ammal 2ahli jmiile,7ammal 2ahliyye,False,23,19,20-29,10-19,harakat_top_prediction
فِنْجَان,finjaan,finjaan,True,8,7,0-9,0-9,harakat_top_prediction
غَشَّاش,ghashshaash,ghashshaash,True,7,11,0-9,10-19,harakat_top_prediction
عَرَّق,3araq,3arraq,False,6,5,0-9,0-9,harakat_top_prediction
يْكَيكِح,ykeeki7,ykayki7,False,8,7,0-9,0-9,harakat_top_prediction
رَطْرَط,ratrit,ratrat,False,7,6,0-9,0-9,harakat_top_prediction
حَمْرَق,7amraqk,7amriqk,False,7,7,0-9,0-9,harakat_top_prediction
يجَلْجِل,yjaljil,yjaljil,True,8,7,0-9,0-9,harakat_top_prediction
بَقْلَاوَة,baqlawa,baqklaawe,False,10,7,10-19,0-9,harakat_top_prediction
سَلِّخ,sallikh,sallakh,False,6,7,0-9,0-9,harakat_top_prediction
أَزْمِة اقْتِصَادِيِّة,2azme 2iqtisaadiyye,2azmit qaasiyye,False,22,19,20-29,10-19,harakat_top_prediction
اِسْمه بَالأَرْض,2ismo bil2ard,2ismahb 2il2ard,False,16,13,10-19,10-19,harakat_top_prediction
مْرَصَّع,mrassa3,mrassa3,True,8,7,0-9,0-9,harakat_top_prediction
حَلْمِز,7almiz,7almiz,True,7,6,0-9,0-9,harakat_top_prediction
حَبْكِة القِصَّة,7abkit 2ilqissa,7abkit 2ilqase,False,16,15,10-19,10-19,harakat_top_prediction
تْعَجْرَف,t3ajraf,t3ajraf,True,9,7,0-9,0-9,harakat_top_prediction
تْشَائَم,tshaa2am,tshaa2am,True,8,8,0-9,0-9,harakat_top_prediction
اِرْكَع,2irka3,2irka3,True,7,6,0-9,0-9,harakat_top_prediction
عَصْرُونِيِّة,3asruuniyye,3asruuniyye,True,13,11,10-19,10-19,harakat_top_prediction
يِمْزَع,ymazzi3,yimza3,False,7,7,0-9,0-9,harakat_top_prediction
تَحْوِيطَة,ta7wiita,ta7wiita,True,10,8,10-19,0-9,harakat_top_prediction
مَشَاتِل,mashaatil,mashaatil,True,8,9,0-9,0-9,harakat_top_prediction
سَطَّل,sattal,sattal,True,6,6,0-9,0-9,harakat_top_prediction
اِحْدِف,2i7dif,2i7dif,True,7,6,0-9,0-9,harakat_top_prediction
بَنْدَق,bunduq,bandaq,False,7,6,0-9,0-9,harakat_top_prediction
فَرْشِي,farshi,farshi,True,7,6,0-9,0-9,harakat_top_prediction
اِنْخِفِي,2inkhifi,2inkhifi,True,9,8,0-9,0-9,harakat_top_prediction
مْعَوِّق,mu3awwaq,m3awwiq,False,8,8,0-9,0-9,harakat_top_prediction
اِغْرِز,2ighriz,2ighriz,True,7,7,0-9,0-9,harakat_top_prediction
اِحْمِل,2i7mil,2i7mil,True,7,6,0-9,0-9,harakat_top_prediction
يِتْوَاطَى,yitwaata,yitwaata,True,10,8,10-19,0-9,harakat_top_prediction
قطعت الأيَاس من,qata3it 2il2ayaas min,qat3at 2il2ayaasim 2annat,False,15,21,10-19,20-29,harakat_top_prediction
كَبَّر رَاسُه,kibir raaso,kabbar raaso,False,13,11,10-19,10-19,harakat_top_prediction
مْغَمْغَم,mghamgham,mghamghim,False,9,9,0-9,0-9,harakat_top_prediction
على الله,3ala 2alla,3ala 2alla,True,8,10,0-9,10-19,harakat_top_prediction
خَيَّب ظْنُونِي,khayyab zunuuni,khayyab nduuni,False,15,15,10-19,10-19,harakat_top_prediction
قَرِيقَة,qurreeqa,qariiqa,False,8,8,0-9,0-9,harakat_top_prediction
شَوط,shoot,shawwit,False,4,5,0-9,0-9,harakat_top_prediction
اِلْقِي,2ilqi,2ilqi,True,7,5,0-9,0-9,harakat_top_prediction
حَلَّاشِة,7laashe,7allaashe,False,9,7,0-9,0-9,harakat_top_prediction
تْبَاوَس,tbaawas,tbaawas,True,8,7,0-9,0-9,harakat_top_prediction
تْمَغَّط,tmaghghat,tmaghghat,True,8,9,0-9,0-9,harakat_top_prediction
مَمْرُوص,mamruus,mamruus,True,8,7,0-9,0-9,harakat_top_prediction
حَنِيِّة,7inniyye,7aniyye,False,8,8,0-9,0-9,harakat_top_prediction
يِتْحَصْرَم,yit7armas,yit7asram,False,11,9,10-19,0-9,harakat_top_prediction
سَطَح,satta7,sata7,False,5,6,0-9,0-9,harakat_top_prediction
يِسْتَطْوِل,yistatwil,yistatwil,True,11,9,10-19,0-9,harakat_top_prediction
فَاعِع,faa3i3,faa3i3,True,6,6,0-9,0-9,harakat_top_prediction
كَرْكَزَان,karkazaan,karkazaan,True,10,9,10-19,0-9,harakat_top_prediction
يي عَاليهود,yii 3alyahuud,yii 3ale widdi,False,11,13,10-19,10-19,harakat_top_prediction
اِنْتَفَض,2intafad,2intafad,True,9,8,0-9,0-9,harakat_top_prediction
اِغْبُر,2ighbur,2ughbur,False,7,7,0-9,0-9,harakat_top_prediction
يِتْطَهَّر,yittahhar,yittahhar,True,10,9,10-19,0-9,harakat_top_prediction
دَاشِع مش قَاشع,daashi3 mush qaashi3,daa3ish maasha3,False,15,20,10-19,20-29,harakat_top_prediction
اِتْطَحْبَش,2itta7bash,2itta7bash,True,11,10,10-19,10-19,harakat_top_prediction
اِنْفِهِم,2infihim,2infaham,False,9,8,0-9,0-9,harakat_top_prediction
اِنْقَاد,2inqaad,2inqaad,True,8,7,0-9,0-9,harakat_top_prediction
تْدَايَن,2iddaayan,2iddaayan,True,8,9,0-9,0-9,harakat_top_prediction
بعقد رَاه,b3uqur daaro,bi3aqadha ra,False,9,12,0-9,10-19,harakat_top_prediction
سَعْدَن,sa3din,sa3din,True,7,6,0-9,0-9,harakat_top_prediction
مْفَحِّم,muf7im,mfa77im,False,8,6,0-9,0-9,harakat_top_prediction
شَهَد,shihid,shahhid,False,5,6,0-9,0-9,harakat_top_prediction
تْهَاوَن,thaawan,thaawan,True,8,7,0-9,0-9,harakat_top_prediction
زَمَّز,mazziz,zammaz,False,6,6,0-9,0-9,harakat_top_prediction
يِتْغَرْبَل,yitgharbal,yitgharbal,True,11,10,10-19,10-19,harakat_top_prediction
مَخَابِئ,makhaabi2,makhaa2ib,False,8,9,0-9,0-9,harakat_top_prediction
عَفِّق,3affaq,3affiq,False,6,6,0-9,0-9,harakat_top_prediction
طَلَق,tuluq,talliq,False,5,5,0-9,0-9,harakat_top_prediction
حَنَّص,7annas,7annis,False,6,6,0-9,0-9,harakat_top_prediction
يِنْلِدِغ,yinlidigh,yinlidigh,True,9,9,0-9,0-9,harakat_top_prediction
مْقَتِّب,mqattib,mqattib,True,8,7,0-9,0-9,harakat_top_prediction
مَوَاضِع,mawaadi3,mawaadi3,True,8,8,0-9,0-9,harakat_top_prediction
تَبْحِيرَة,tab7iira,tab7iire,False,10,8,10-19,0-9,harakat_top_prediction
يِتْشَحْبَر,yitsha7bar,yitsha7bar,True,11,10,10-19,10-19,harakat_top_prediction
اِيْأَس,2iiy2as,2iya2s,False,7,7,0-9,0-9,harakat_top_prediction
تْطَرَّف,2ittarraf,2ittarraf,True,8,9,0-9,0-9,harakat_top_prediction
نَشَا,nasha,nasha,True,5,5,0-9,0-9,harakat_top_prediction
نَاطِح,naata7,naati7,False,6,6,0-9,0-9,harakat_top_prediction
رَسَّخ,rassikh,rassakh,False,6,7,0-9,0-9,harakat_top_prediction
حَلَم,7ilim,7alam,False,5,5,0-9,0-9,harakat_top_prediction
حَاسِم,7aasim,7aasim,True,6,6,0-9,0-9,harakat_top_prediction
مَنْطَرَة,mantara,mantara,True,9,7,0-9,0-9,harakat_top_prediction
اِسْحَق,2is7aq,2is7aq,True,7,6,0-9,0-9,harakat_top_prediction
مَنْسُوخ,mansuukh,mansuukh,True,8,8,0-9,0-9,harakat_top_prediction
يِدْعَك,yid3ak,yda33ik,False,7,6,0-9,0-9,harakat_top_prediction
مُنْتَعِش,munta3ish,munta3ish,True,9,9,0-9,0-9,harakat_top_prediction
دَفَش,daffash,daffish,False,5,7,0-9,0-9,harakat_top_prediction
دهّنه بَالزِّيت وَارميه البيت,dahno bizzeet wu2irmii barra 2ilbeet,dahno bittizzam 2ilyoora,False,29,36,20-29,30-39,harakat_top_prediction
طَوَاشِي,tawaashi,tawaashi,True,8,8,0-9,0-9,harakat_top_prediction
يوَسِّع,yuusa3,ywassi3,False,7,6,0-9,0-9,harakat_top_prediction
ذَكْرَى,zikra,zakra,False,7,5,0-9,0-9,harakat_top_prediction
حْجَاب,7ijaab,7jaab,False,6,6,0-9,0-9,harakat_top_prediction
صِلة الرّحَم,silat 2arra7im,sillit 2irra7me,False,12,14,10-19,10-19,harakat_top_prediction
بَاقُورَة,baaquura,baaquura,True,9,8,0-9,0-9,harakat_top_prediction
كَالِح,kaali7,kaali7,True,6,6,0-9,0-9,harakat_top_prediction
بَاعِد,baa3ad,baa3id,False,6,6,0-9,0-9,harakat_top_prediction
مْصَافَحَة,musaafa7a,msaafa7a,False,10,9,10-19,0-9,harakat_top_prediction
شَلَح,shili7,shalla7,False,5,6,0-9,0-9,harakat_top_prediction
يجَاوِر,yjaawir,yjaawir,True,7,7,0-9,0-9,harakat_top_prediction
نِسِي حَالُه,nisi 7aalo,niso 7aalo,False,12,10,10-19,10-19,harakat_top_prediction
يِغْمَض,yghammid,yighmad,False,7,8,0-9,0-9,harakat_top_prediction
قَرْقَرة,karkara,qarqarka,False,8,7,0-9,0-9,harakat_top_prediction
قَرْمِيد,qkarmiid,qarmiid,False,8,8,0-9,0-9,harakat_top_prediction
يخُول,yikhwil,ykhawwil,False,5,7,0-9,0-9,harakat_top_prediction
يهَوِّدي,yahuudi,yhawwiid,False,8,7,0-9,0-9,harakat_top_prediction
لَسِينِة,lisseene,lseene,False,8,8,0-9,0-9,harakat_top_prediction
جَرْسَون,garsoon,jarsuun,False,8,7,0-9,0-9,harakat_top_prediction
تْسَبَّح,tsabba7,tsabba7,True,8,7,0-9,0-9,harakat_top_prediction
زَودْهَات,zawwaditha,zawhaat,False,9,10,0-9,10-19,harakat_top_prediction
نَسَخ,nasikh,nassakh,False,5,6,0-9,0-9,harakat_top_prediction
رَقِّع,raqqi3,raqqa3,False,6,6,0-9,0-9,harakat_top_prediction
أَخَذ,2akhad,2akhaz,False,5,6,0-9,0-9,harakat_top_prediction
فَكِّك,fakkik,fakkak,False,6,6,0-9,0-9,harakat_top_prediction
تَوِّج,tawwij,tawwaj,False,6,6,0-9,0-9,harakat_top_prediction
سِرْدَاحِي,sirdaa7i,sirdaa7i,True,10,8,10-19,0-9,harakat_top_prediction
نَمَّر,nammar,nammir,False,6,6,0-9,0-9,harakat_top_prediction
سَنَاسِل,sanaasil,sanaasil,True,8,8,0-9,0-9,harakat_top_prediction
طَبَق,tabbaq,tabbiq,False,5,6,0-9,0-9,harakat_top_prediction
يُلقطهَا عَالطَاير,yulqutha 3attaayir,yulqataa 3aleeto,False,18,18,10-19,10-19,harakat_top_prediction
سَحَّارَة,sa77aara,sa77aara,True,9,8,0-9,0-9,harakat_top_prediction
شَرَب,shirab,sharrib,False,5,6,0-9,0-9,harakat_top_prediction
جَرْجَح,djardja7,djardji7,False,7,8,0-9,0-9,harakat_top_prediction
اِسْتِرْخَاء,2istirkhaa2,2istirkhaa2,True,12,11,10-19,10-19,harakat_top_prediction
كلَامه زي هُبَّال الطبيخ,kalaamo zayy hubbaal 2ittabiikh,kalaamo yaazb khalatik,False,24,31,20-29,30-39,harakat_top_prediction
اِنْطَبَع,2intaba3,2intibi3,False,9,8,0-9,0-9,harakat_top_prediction
مَلَّل,mallil,mallil,True,6,6,0-9,0-9,harakat_top_prediction
فَاتِح بطنه,faati7 batno,faati7 btano,False,11,12,10-19,10-19,harakat_top_prediction
اِنْعِوِر,2in3iwir,2in3awar,False,9,8,0-9,0-9,harakat_top_prediction
يِزْكِي,yzakki,yzakki,True,7,6,0-9,0-9,harakat_top_prediction
رَوَّس,rawwis,rawwas,False,6,6,0-9,0-9,harakat_top_prediction
اِنْفِصَال,2infisaal,2infisaal,True,10,9,10-19,0-9,harakat_top_prediction
مَسْلَغَة,maslagha,maslagha,True,9,8,0-9,0-9,harakat_top_prediction
اِسْتَطْلَع,2istatla3,2istatli3,False,11,9,10-19,0-9,harakat_top_prediction
اِتْفَلْفَل,2itfalfal,2itfalfal,True,11,9,10-19,0-9,harakat_top_prediction
حْوَاف,7awaaf,7waaf,False,6,6,0-9,0-9,harakat_top_prediction
يِخْرِس,ykharris,yikhris,False,7,8,0-9,0-9,harakat_top_prediction
أَنَّث,2annis,2annas,False,6,6,0-9,0-9,harakat_top_prediction
مْدَهْدِك,mdahdak,mdahdik,False,9,7,0-9,0-9,harakat_top_prediction
يمَشِّط,ymashshit,ymashshit,True,7,9,0-9,0-9,harakat_top_prediction
وَسِيع,2uwsii3,wasii3,False,6,7,0-9,0-9,harakat_top_prediction
تَعْرِيج,ta3riij,ta3riij,True,8,7,0-9,0-9,harakat_top_prediction
أَنّ,2ann,2ann,True,4,4,0-9,0-9,harakat_top_prediction
ينَظِّف,yindaf,ynaddif,False,7,6,0-9,0-9,harakat_top_prediction
تْشَرَّع,tsharra3,tsharra3,True,8,8,0-9,0-9,harakat_top_prediction
أَفْضَل,2afdal,2afdal,True,7,6,0-9,0-9,harakat_top_prediction
وَغْوَشِة,waghwashe,waghwashe,True,9,9,0-9,0-9,harakat_top_prediction
تْقَرَّح,taqurru7,tqarra7,False,8,8,0-9,0-9,harakat_top_prediction
هَزَّم,hazam,hazzim,False,6,5,0-9,0-9,harakat_top_prediction
مَخَدِّة,mkhadda,makhadde,False,8,7,0-9,0-9,harakat_top_prediction
حَكِيم,7akiim,7akiim,True,6,6,0-9,0-9,harakat_top_prediction
اِسْتَهْزَأ,2istahza2,2istahza2,True,11,9,10-19,0-9,harakat_top_prediction
تْوَافَد,twaafad,twaafad,True,8,7,0-9,0-9,harakat_top_prediction
تْشَوَّش,tshawwash,tshawwash,True,8,9,0-9,0-9,harakat_top_prediction
دَوَّن,dawwan,dawwin,False,6,6,0-9,0-9,harakat_top_prediction
مَرَاكِيس,maraakiis,maraakiis,True,9,9,0-9,0-9,harakat_top_prediction
مَلْتِيت,maltiit,maltiit,True,8,7,0-9,0-9,harakat_top_prediction
فَرْحَة,far7a,far7a,True,7,5,0-9,0-9,harakat_top_prediction
اِسْتَقْصَى,2istaqsa,2istaqsa,True,11,8,10-19,0-9,harakat_top_prediction
يُطْفُس,yutfus,ytaffis,False,7,6,0-9,0-9,harakat_top_prediction
هَانت,haanat,haanat,True,5,6,0-9,0-9,harakat_top_prediction
مَوَاطِن,muwaatin,mawaatin,False,8,8,0-9,0-9,harakat_top_prediction
يقَرْقِد,yqarqid,yqarqid,True,8,7,0-9,0-9,harakat_top_prediction
يِتْبَعَّز,yitba33az,yitba33az,True,10,9,10-19,0-9,harakat_top_prediction
عَطَس,3attis,3attis,True,5,6,0-9,0-9,harakat_top_prediction
نَمْلِة,namle,namle,True,7,5,0-9,0-9,harakat_top_prediction
اِسْتَلْقِي,2istalqi,2istalqi,True,11,8,10-19,0-9,harakat_top_prediction
يمَهْمِز,ymahmiz,ymahmiz,True,8,7,0-9,0-9,harakat_top_prediction
يِتْهَزَّز,yithazzaz,yithazzaz,True,10,9,10-19,0-9,harakat_top_prediction
يطَوِّع,ytawwi3,ytawwi3,True,7,7,0-9,0-9,harakat_top_prediction
عَلَى,3ala,3alla,False,5,4,0-9,0-9,harakat_top_prediction
يِحْتِرِف,yi7tarif,yi7tirif,False,9,8,0-9,0-9,harakat_top_prediction
يفَرِّم,yfarrim,yifram,False,7,7,0-9,0-9,harakat_top_prediction
اِسْحَل,2is7al,2is7al,True,7,6,0-9,0-9,harakat_top_prediction
هَاتِر,haatar,haatir,False,6,6,0-9,0-9,harakat_top_prediction
أَبوس إِيدك,2abuus 2iidak,2abu siidak,False,11,13,10-19,10-19,harakat_top_prediction
رَوِّي,riwi,rawwi,False,6,4,0-9,0-9,harakat_top_prediction
مِهْبَاش,mihbaash,mihbaash,True,8,8,0-9,0-9,harakat_top_prediction
حَكَاوِي,7akaawi,7akaawi,True,8,7,0-9,0-9,harakat_top_prediction
دْسُوتِة,dsuute,dsuute,True,8,6,0-9,0-9,harakat_top_prediction
أَوْدَع,2awda3,2awda3,True,7,6,0-9,0-9,harakat_top_prediction
غَيَّر,ghayyir,ghayyar,False,6,7,0-9,0-9,harakat_top_prediction
بَرْط حَومِة,bart 7oome,bart 7oome,True,12,10,10-19,10-19,harakat_top_prediction
شِيطَان,shiitaan,shiitaan,True,7,8,0-9,0-9,harakat_top_prediction
خَطَايَا,khataaya,khataaya,True,8,8,0-9,0-9,harakat_top_prediction
يِتْصَنَّف,yitsaffan,yitsannaf,False,10,9,10-19,0-9,harakat_top_prediction
سُمُوم,sumuum,sumuum,True,6,6,0-9,0-9,harakat_top_prediction
كَتَاتِيب,kataatiib,kataatiib,True,9,9,0-9,0-9,harakat_top_prediction
يِتْنَافَس,yitnaafas,yitnaafas,True,10,9,10-19,0-9,harakat_top_prediction
اِلْسَع,2ilsa3,2ilsa3,True,7,6,0-9,0-9,harakat_top_prediction
هَلَق,hallaq2,hallaq,False,5,7,0-9,0-9,harakat_top_prediction
يوَقِّع,ywaqqi3,yuuqi3,False,7,7,0-9,0-9,harakat_top_prediction
هَاذُوَّا,haadhuwwa,haadhuwwaadha,False,9,9,0-9,0-9,harakat_top_prediction
سَوط,soot,sawwat,False,4,4,0-9,0-9,harakat_top_prediction
أَشْقِيَاء,2ashqiyaa2,2ashqiyaa2,True,10,10,10-19,10-19,harakat_top_prediction
تَحَرِّي,ta7arri,ta7arri,True,8,7,0-9,0-9,harakat_top_prediction
صَنْبُور,sanoobar,sanbuur,False,8,8,0-9,0-9,harakat_top_prediction
يطَوبِن,ytoobin,ytoobin,True,7,7,0-9,0-9,harakat_top_prediction
تْوَطَّن,twattan,twattan,True,8,7,0-9,0-9,harakat_top_prediction
أَبْيَض,2abyad,2abyad,True,7,6,0-9,0-9,harakat_top_prediction
أَنَا النَحْلِة,2na 2inna7le,2an 2il2a7ane,False,15,12,10-19,10-19,harakat_top_prediction
كَرَّر,karrar,karrir,False,6,6,0-9,0-9,harakat_top_prediction
تَحْرِير,ta7riir,ta7riir,True,8,7,0-9,0-9,harakat_top_prediction
يِتْنَازَع,yitnaaza3,yitnaaza3,True,10,9,10-19,0-9,harakat_top_prediction
دْرُوس,druus,druus,True,6,5,0-9,0-9,harakat_top_prediction
فَتْحَة,fat7a,fat7a,True,7,5,0-9,0-9,harakat_top_prediction
صِعِب عليه,si3ib 3alee,si3ib 3alee,True,10,11,10-19,10-19,harakat_top_prediction
ذَنِين,dineen,daniin,False,6,6,0-9,0-9,harakat_top_prediction
يِتْخَضْخَض,yitkhadkhad,yitkhadkhad,True,11,11,10-19,10-19,harakat_top_prediction
دَنِّي,danni,danni,True,6,5,0-9,0-9,harakat_top_prediction
بَلْبَعَة,balba3a,balba3a,True,9,7,0-9,0-9,harakat_top_prediction
لَطَش,lattash,lattash,True,5,7,0-9,0-9,harakat_top_prediction
يِلْتِفِت,yiltafit,yiltifit,False,9,8,0-9,0-9,harakat_top_prediction
يصَهْلِل,ysahlil,ysahlil,True,8,7,0-9,0-9,harakat_top_prediction
مْصَفْرِن,msafrin,msafrin,True,9,7,0-9,0-9,harakat_top_prediction
اِتْخَنَّمَ,2itkhannam,2itkhannam,True,11,10,10-19,10-19,harakat_top_prediction
عَزَابِي,3azzaabi,3azaabi,False,8,8,0-9,0-9,harakat_top_prediction
بَكِّم,bukum,bakkam,False,6,5,0-9,0-9,harakat_top_prediction
خَيّ,khayy,khayy,True,4,5,0-9,0-9,harakat_top_prediction
حَابَى,7aaba,7aaba,True,6,5,0-9,0-9,harakat_top_prediction
مَهْمَطَة,mahmata,mahmata,True,9,7,0-9,0-9,harakat_top_prediction
يدَوكِن,ydookin,ydookin,True,7,7,0-9,0-9,harakat_top_prediction
اُكْنُز,2iknuz,2uknuz,False,7,6,0-9,0-9,harakat_top_prediction
أَجَاز,2ajaaz,2ajaaz,True,6,6,0-9,0-9,harakat_top_prediction
إِدْرَاك,2idraak,2idraak,True,8,7,0-9,0-9,harakat_top_prediction
بْسُوم,bsuum,bsuum,True,6,5,0-9,0-9,harakat_top_prediction
شَرِير,shirriir,shariir,False,6,8,0-9,0-9,harakat_top_prediction
فَقَس,faqis,faqqis,False,5,5,0-9,0-9,harakat_top_prediction
مَزْيُوح,mazyuu7,mazyuu7,True,8,7,0-9,0-9,harakat_top_prediction
ملَاية الصلَاة,mlaayet 2issalaa,mlaaye 2issaale,False,14,16,10-19,10-19,harakat_top_prediction
يسَلْطِن,ysaltin,ysaltin,True,8,7,0-9,0-9,harakat_top_prediction
بَطِّن,batin,battan,False,6,5,0-9,0-9,harakat_top_prediction
تْخَزَّن,tkhazzan,tkhazzan,True,8,8,0-9,0-9,harakat_top_prediction
خَسِيس,khasiis,khasiis,True,6,7,0-9,0-9,harakat_top_prediction
جُمُود,jumuud,jumuud,True,6,6,0-9,0-9,harakat_top_prediction
يِتْخَرْشَم,yitkharsham,yitkharsham,True,11,11,10-19,10-19,harakat_top_prediction
سَلَّى,salla,salla,True,6,5,0-9,0-9,harakat_top_prediction
اِصْفَى,2isfa,2isfa,True,7,5,0-9,0-9,harakat_top_prediction
سَطَّر,satir,sattar,False,6,5,0-9,0-9,harakat_top_prediction
لَحَس,la77is,la77as,False,5,6,0-9,0-9,harakat_top_prediction
مَدْزُون,mdoozan,madzuun,False,8,7,0-9,0-9,harakat_top_prediction
رَخَى الحَبِل,rakha 2il7abil,rakha 2il7abil,True,13,14,10-19,10-19,harakat_top_prediction
يِتْجَبْجَب,yitdjabdjab,yitdjabdjab,True,11,11,10-19,10-19,harakat_top_prediction
مِتْرَوِّس,matruus,mitrawwis,False,10,7,10-19,0-9,harakat_top_prediction
مَضَغ,madigh,maddagh,False,5,6,0-9,0-9,harakat_top_prediction
اِعْتِدِي,2i3tidi,2i3tidi,True,9,7,0-9,0-9,harakat_top_prediction
مَضْرُوب بْحَجَركْبِير,madruub b7ajar faadi,madruub b7akiib radjri,False,22,20,20-29,20-29,harakat_top_prediction
مْقَبِّس,miqbis,mqabbis,False,8,6,0-9,0-9,harakat_top_prediction
اِتْشَخَّص,2itshakhkhas,2itshakhkhas,True,10,12,10-19,10-19,harakat_top_prediction
مَصْمَص,masmis,msammis,False,7,6,0-9,0-9,harakat_top_prediction
عَازِف,3aazif,3aazif,True,6,6,0-9,0-9,harakat_top_prediction
كِذِب الكِذبِة وصَدَّقهَا,kizib 2ilkizbe wasaddaqha,sidib 2ilkadahib qade,False,25,25,20-29,20-29,harakat_top_prediction
شَكْلِي,shakli,shakli,True,7,6,0-9,0-9,harakat_top_prediction
مْرَبَّى,mrabba,mrabba,True,8,6,0-9,0-9,harakat_top_prediction
فَسَّاد,fasaad,fassaad,False,7,6,0-9,0-9,harakat_top_prediction
قَلَايِد,qkalaayid,qalaayid,False,8,9,0-9,0-9,harakat_top_prediction
مْشَرَّم,msharram,msharram,True,8,8,0-9,0-9,harakat_top_prediction
اِنْقَع,2inqa3,2inqa3,True,7,6,0-9,0-9,harakat_top_prediction
يِتْبَلَّط,yitballat,yitballat,True,10,9,10-19,0-9,harakat_top_prediction
ذَائِب شَرِيبِة,zi2aab bashariyye,daa2ib shaariyye,False,15,17,10-19,10-19,harakat_top_prediction
فَرْشِة,farshe,farshe,True,7,6,0-9,0-9,harakat_top_prediction
خَطّ تَلَفَون,khatt talafoon,khattat falan,False,13,14,10-19,10-19,harakat_top_prediction
نَبْعَت,nab3at,nab3at,True,7,6,0-9,0-9,harakat_top_prediction
مَشَّط,misht,mashshat,False,6,5,0-9,0-9,harakat_top_prediction
تَشْوِيش,tashwiish,tashwiish,True,8,9,0-9,0-9,harakat_top_prediction
يحَاتِف,y7aatif,y7aatif,True,7,7,0-9,0-9,harakat_top_prediction
نَوَّارَة,nuwwaara,nawwaara,False,9,8,0-9,0-9,harakat_top_prediction
تْقَطَّم,tqattam,tqattam,True,8,7,0-9,0-9,harakat_top_prediction
طَبِّر,tabbir,tabbir,True,6,6,0-9,0-9,harakat_top_prediction
مَلْوَن,mlawwan,mloon,False,7,7,0-9,0-9,harakat_top_prediction
فَقَع,faqi3,faqqa3,False,5,5,0-9,0-9,harakat_top_prediction
عقل العبيد,3aqil 2il3abeed,3aqal 2il3abiid,False,10,15,10-19,10-19,harakat_top_prediction
يطَنِّع,yit3an,ytanni3,False,7,6,0-9,0-9,harakat_top_prediction
قَرْمَط,qgarmat,qarmit,False,7,7,0-9,0-9,harakat_top_prediction
تَعْقِيب,ta3qiib,ta3qiib,True,8,7,0-9,0-9,harakat_top_prediction
تَاجِر دين,taajir diin,tajir diin,False,10,11,10-19,10-19,harakat_top_prediction
نَشْرَة,nashra,nashra,True,7,6,0-9,0-9,harakat_top_prediction
حْلَاس,7allaas,7laas,False,6,7,0-9,0-9,harakat_top_prediction
دَوشَك,dooshak,dooshak,True,6,7,0-9,0-9,harakat_top_prediction
لَكَّان,lakaan,lakkaan,False,7,6,0-9,0-9,harakat_top_prediction
سَلَايِخ,slaakhi,salaayikh,False,8,7,0-9,0-9,harakat_top_prediction
وَجِّه,wajjih,wajjah,False,6,6,0-9,0-9,harakat_top_prediction
مُسْتَسْلِم,mustaslim,mustaslim,True,11,9,10-19,0-9,harakat_top_prediction
تْبَلَّط,tballat,tballat,True,8,7,0-9,0-9,harakat_top_prediction
خَمْعَة,kham3a,kham3a,True,7,6,0-9,0-9,harakat_top_prediction
نَحَر,na7ir,na77ir,False,5,5,0-9,0-9,harakat_top_prediction
يِتْمَقْطَع,yitmaqta3,yitmaqta3,True,11,9,10-19,0-9,harakat_top_prediction
فَار,faar,faar,True,4,4,0-9,0-9,harakat_top_prediction
دَرَس,dars,darras,False,5,4,0-9,0-9,harakat_top_prediction
تَجْحِيشِة,taj7iishe,taj7iishe,True,10,9,10-19,0-9,harakat_top_prediction
سَاك,saak,saak,True,4,4,0-9,0-9,harakat_top_prediction
يسَهِّي,ysahhi,ysahhi,True,7,6,0-9,0-9,harakat_top_prediction
شَنَف,shanaf,shannif,False,5,6,0-9,0-9,harakat_top_prediction
قَزْمَة,qizam,qazma,False,7,5,0-9,0-9,harakat_top_prediction
طَمَع,tammi3,tammi3,True,5,6,0-9,0-9,harakat_top_prediction
إِجى يطُل أكل الكل,2aja ytull 2akal 2ilkull,2ija 2iluk 2ila 2utak,False,18,24,10-19,20-29,harakat_top_prediction
اِنْحَبّ,2in7ab,2in7abb,False,8,6,0-9,0-9,harakat_top_prediction
يِسْتَبْعِد,yistab3id,yistab3id,True,11,9,10-19,0-9,harakat_top_prediction
تْقَطَّب,tqattab,tqattab,True,8,7,0-9,0-9,harakat_top_prediction
طَقَّاعَة,taqaa3a,taqqaa3a,False,9,7,0-9,0-9,harakat_top_prediction
اِتْمَنَّى,2itmanna,2itmanna,True,10,8,10-19,0-9,harakat_top_prediction
يِنْدَه,yindah,yindah,True,7,6,0-9,0-9,harakat_top_prediction
صَفّ,suff,saff,False,4,4,0-9,0-9,harakat_top_prediction
بَرَامِج,baraamij,baraamij,True,8,8,0-9,0-9,harakat_top_prediction
تْزَلَّط,tzallat,tzallat,True,8,7,0-9,0-9,harakat_top_prediction
كِنْبَايِة,kanabaaye,kinbaaye,False,10,9,10-19,0-9,harakat_top_prediction
زَكَّام,zukaam,zakkaam,False,7,6,0-9,0-9,harakat_top_prediction
دَوْرَة السرَاج,doorit 2israadj,doorit 2iljasaja,False,15,15,10-19,10-19,harakat_top_prediction
اِسْتَغْفِل,2istaghfal,2istaghfil,False,11,10,10-19,10-19,harakat_top_prediction
اِتْبَرْبَج,2itbarbadj,2itbarbaj,False,11,10,10-19,10-19,harakat_top_prediction
شَنَابِر,shamaabir,shanaabir,False,8,9,0-9,0-9,harakat_top_prediction
يسَخْمِط,ysakhmit,ysakhmit,True,8,8,0-9,0-9,harakat_top_prediction
دَقْمَس,dagmis,daqmis,False,7,6,0-9,0-9,harakat_top_prediction
لَاثِم,lsaam,laasim,False,6,5,0-9,0-9,harakat_top_prediction
مَقَاطِع,maqaati3,magaati3,False,8,8,0-9,0-9,harakat_top_prediction
عَجّ,3adjdj,3adjdj,True,4,6,0-9,0-9,harakat_top_prediction
ضِحِك علي,di7ik 3alay,di7ik 3aleed,False,9,11,0-9,10-19,harakat_top_prediction
بَعَابِيز,ba3aabiiz,ba3aabiiz,True,9,9,0-9,0-9,harakat_top_prediction
يبَحْلِق,yba7liq,yba7liq,True,8,7,0-9,0-9,harakat_top_prediction
بَرْضُه,barduh,barhid,False,7,6,0-9,0-9,harakat_top_prediction
اِرْتِجَال,2irtijaal,2irtijaal,True,10,9,10-19,0-9,harakat_top_prediction
مِقْيَاس,miqyaas,miqyaas,True,8,7,0-9,0-9,harakat_top_prediction
يِنْحَقّ,yin7aqq,yin7aqq,True,8,7,0-9,0-9,harakat_top_prediction
هَزَائِم,hazaa2im,hazaa2im,True,8,8,0-9,0-9,harakat_top_prediction
تْحَرْقَص,t7arqas,t7arqas,True,9,7,0-9,0-9,harakat_top_prediction
مَوَاعِين,mawaa3iin,mawaa3iin,True,9,9,0-9,0-9,harakat_top_prediction
اِشْلَع,2ishla3,2ishla3,True,7,7,0-9,0-9,harakat_top_prediction
مَقْطُوش,maqtuush,maqtuush,True,8,8,0-9,0-9,harakat_top_prediction
يذَرِّي,yidhri,ydharri,False,7,6,0-9,0-9,harakat_top_prediction
شَلْفَقَة,shalfaqa,shalfaqa,True,9,8,0-9,0-9,harakat_top_prediction
أَصْنَام,2asnaam,2asnaam,True,8,7,0-9,0-9,harakat_top_prediction
رَطَّب,rattab,rattab,True,6,6,0-9,0-9,harakat_top_prediction
يِتْسَارَع,yitsaara3,yitsaara3,True,10,9,10-19,0-9,harakat_top_prediction
مَحْجُور,ma7juur,ma7juur,True,8,7,0-9,0-9,harakat_top_prediction
مَغْمُوم,maghmuum,maghmuum,True,8,8,0-9,0-9,harakat_top_prediction
أَمِّن,2amin,2amman,False,6,5,0-9,0-9,harakat_top_prediction
يِمْهَل,yimhil,ymahhil,False,7,6,0-9,0-9,harakat_top_prediction
يدَغِّش,ydaghghish,yidghash,False,7,10,0-9,10-19,harakat_top_prediction
صَفَّف,saffaf,saffif,False,6,6,0-9,0-9,harakat_top_prediction
زَهَق,zahhaq,zahhiq,False,5,6,0-9,0-9,harakat_top_prediction
اِنْفِزِع,2infizi3,2infaza3,False,9,8,0-9,0-9,harakat_top_prediction
أَحْصَى,2a7sa,2a7sa,True,7,5,0-9,0-9,harakat_top_prediction
يجَبِّد,yijbid,yjabbid,False,7,6,0-9,0-9,harakat_top_prediction
زَحْلَق,za7laq,za7liq,False,7,6,0-9,0-9,harakat_top_prediction
يِرْضِي,yirdi,yirdi,True,7,5,0-9,0-9,harakat_top_prediction
جَمَّد,majjid,jammad,False,6,6,0-9,0-9,harakat_top_prediction
لَطّ,latt,latt,True,4,4,0-9,0-9,harakat_top_prediction
حَلَاوِة النُّصّ,7alaawit 2innuss,7alaawit 2innus,False,16,16,10-19,10-19,harakat_top_prediction
مَسْمَط,masmat,msammit,False,7,6,0-9,0-9,harakat_top_prediction
اِنْصِعِق,2insa3aq,2in3asaq,False,9,8,0-9,0-9,harakat_top_prediction
مْشَلِّط,mshallit,mshallit,True,8,8,0-9,0-9,harakat_top_prediction
اِسْتَيْسَر,2istaysar,2istaysar,True,11,9,10-19,0-9,harakat_top_prediction
رَحْلِة,ri7le,ra7le,False,7,5,0-9,0-9,harakat_top_prediction
رَسْمِة,rasme,rasme,True,7,5,0-9,0-9,harakat_top_prediction
مْجَعْرِن,mdja3rin,mdja3rin,True,9,8,0-9,0-9,harakat_top_prediction
يِلْحَم,yla77im,yil7am,False,7,7,0-9,0-9,harakat_top_prediction
حَمَّس,7ammas,7ammis,False,6,6,0-9,0-9,harakat_top_prediction
تَمْهِيد,tamhiid,tamhiid,True,8,7,0-9,0-9,harakat_top_prediction
فَقَّر,faqir,faqqar,False,6,5,0-9,0-9,harakat_top_prediction
اِنْعَمَى,2in3ama,2in3ama,True,9,7,0-9,0-9,harakat_top_prediction
اِشْمَت,2ishmit,2ishmat,False,7,7,0-9,0-9,harakat_top_prediction
يشِلّ,yshill,yshill,True,5,6,0-9,0-9,harakat_top_prediction
يِتْجَاذَب,yitjaazab,yitjaazab,True,10,9,10-19,0-9,harakat_top_prediction
تْمَسَّد,tmassad,tmassad,True,8,7,0-9,0-9,harakat_top_prediction
اِتْهَضَّم,2ithaddam,2ithaddam,True,10,9,10-19,0-9,harakat_top_prediction
مْبَوِّم,mbawwim,mbawwim,True,8,7,0-9,0-9,harakat_top_prediction
رَخْرَخ,rakhrakh,rakhrikh,False,7,8,0-9,0-9,harakat_top_prediction
تْلَصَّص,talassus,tlassas,False,8,8,0-9,0-9,harakat_top_prediction
اِهْدَى,2ihda,2ihda,True,7,5,0-9,0-9,harakat_top_prediction
هَجَّر,hajjir,hajjar,False,6,6,0-9,0-9,harakat_top_prediction
حَتَّى,7atta,7atta,True,6,5,0-9,0-9,harakat_top_prediction
بِرْدَان,bardaan,birdaan,False,8,7,0-9,0-9,harakat_top_prediction
يِتْمَدَّد,yitmaddad,yitmaddad,True,10,9,10-19,0-9,harakat_top_prediction
حَشَّى,7ashsha,7ashsha,True,6,7,0-9,0-9,harakat_top_prediction
اِتْنَقَّل,2itnaqqal,2itnaqqal,True,10,9,10-19,0-9,harakat_top_prediction
كَشَّف,kashshaf,kashshif,False,6,8,0-9,0-9,harakat_top_prediction
سَاعَة شيطَان,saa3it shaytaan,saa3a shayitaan,False,13,15,10-19,10-19,harakat_top_prediction
مْكَنِّز,mkanniz,mkanniz,True,8,7,0-9,0-9,harakat_top_prediction
أَغْرَب,2aghrab,2aghrab,True,7,7,0-9,0-9,harakat_top_prediction
بَلَابِل,balaabil,balaabil,True,8,8,0-9,0-9,harakat_top_prediction
اِنْسِجِن,2insijan,2insijin,False,9,8,0-9,0-9,harakat_top_prediction
مْحَزِّز,m7azziz,m7azziz,True,8,7,0-9,0-9,harakat_top_prediction
خَضَّار,khudaar,khaddaar,False,7,7,0-9,0-9,harakat_top_prediction
حَمَّار وَحْشي,7imaar wa7shi,7ammaar wushayyi7,False,14,13,10-19,10-19,harakat_top_prediction
فَوز,fawwiz,fooz,False,4,6,0-9,0-9,harakat_top_prediction
صَبْصَبِة,sabsabe,sabsabe,True,9,7,0-9,0-9,harakat_top_prediction
بَرَأ,barra2,barri2,False,5,6,0-9,0-9,harakat_top_prediction
يشَبِّه,yishbih,yshabbih,False,7,7,0-9,0-9,harakat_top_prediction
اُطْفُر,2itfar,2itfar,True,7,6,0-9,0-9,harakat_top_prediction
دَعْبَل,da3bal,da3bal,True,7,6,0-9,0-9,harakat_top_prediction
يحَذِّف,y7azzif,y7azzif,True,7,7,0-9,0-9,harakat_top_prediction
تْدَلْدَق,2iddalda2,2iddalda2,True,9,9,0-9,0-9,harakat_top_prediction
تْبَلَّك,tballak,tballak,True,8,7,0-9,0-9,harakat_top_prediction
صَلِيبِة,saliibe,saliibe,True,8,7,0-9,0-9,harakat_top_prediction
يضُوج,yduuj,yduuj,True,5,5,0-9,0-9,harakat_top_prediction
فِيد,feed,fiid,False,4,4,0-9,0-9,harakat_top_prediction
اِزْحَم,2iz7am,2iz7am,True,7,6,0-9,0-9,harakat_top_prediction
يغُطّ,yghutt,yghutt,True,5,6,0-9,0-9,harakat_top_prediction
يُحْجُر,y7ajjir,yi7jur,False,7,7,0-9,0-9,harakat_top_prediction
مَقَرّ,maqarr,maqar,False,6,6,0-9,0-9,harakat_top_prediction
بَوَاعِيض,bawaa3iid,bawaa3iid,True,9,9,0-9,0-9,harakat_top_prediction
يِتْهَادَى,yithaadaa,yithaada,False,10,9,10-19,0-9,harakat_top_prediction
تَعْبِير,ta3biir,ta3biir,True,8,7,0-9,0-9,harakat_top_prediction
مُسْتَشْرِق,mustashriq,mustashriq,True,11,10,10-19,10-19,harakat_top_prediction
قُبَّانِيِّة,qubbaaniyye,qubbaaniyye,True,12,11,10-19,10-19,harakat_top_prediction
خَرَف,khirif,kharrif,False,5,6,0-9,0-9,harakat_top_prediction
اِتْعَشَّم,2it3ashsham,2it3ashsham,True,10,11,10-19,10-19,harakat_top_prediction
اِنْسَلَخ,2insalakh,2insilikh,False,9,9,0-9,0-9,harakat_top_prediction
يصِيع,ysayyi3,ysii3,False,5,7,0-9,0-9,harakat_top_prediction
اِنْشَأ,2insha2,2insha2,True,7,7,0-9,0-9,harakat_top_prediction
اِنْكِفِي,2inkifi,2inkifi,True,9,7,0-9,0-9,harakat_top_prediction
هْلَال,hilaal,halla,False,6,6,0-9,0-9,harakat_top_prediction
رِيحَة المروح,rii7it 2ilmar7uum,rii7it 2ilmoora7e,False,13,17,10-19,10-19,harakat_top_prediction
اِنْقَصَع,2inqasa3,2inqisi3,False,9,8,0-9,0-9,harakat_top_prediction
يِعْتِبِر,yi3tibir,yi3tibir,True,9,8,0-9,0-9,harakat_top_prediction
رَبَّانِي,rabbaani,rabaani,False,9,8,0-9,0-9,harakat_top_prediction
شَجَع,shajja3,shajji3,False,5,7,0-9,0-9,harakat_top_prediction
عَدِّي,3addi,3adi,False,6,5,0-9,0-9,harakat_top_prediction
يظَلِّم,yuzlum,yzallim,False,7,6,0-9,0-9,harakat_top_prediction
نَتَج,nataj,nataj,True,5,5,0-9,0-9,harakat_top_prediction
تَحْجِيم,ta7jiim,ta7djiim,False,8,7,0-9,0-9,harakat_top_prediction
يِنْبِلِف,yinbilif,yinbilif,True,9,8,0-9,0-9,harakat_top_prediction
اِنْتِقِل,2intiqil,2intaqal,False,9,8,0-9,0-9,harakat_top_prediction
تْرَافَق,traafaq,traafaq,True,8,7,0-9,0-9,harakat_top_prediction
قُنْدَرْجِي,qkundarji,qundarji,False,11,9,10-19,0-9,harakat_top_prediction
سَلْكِي,silki,salki,False,7,5,0-9,0-9,harakat_top_prediction
يسُوق,ysawwiq,ysawwiq,True,5,7,0-9,0-9,harakat_top_prediction
حَلْفَش,7alfash,7alfish,False,7,7,0-9,0-9,harakat_top_prediction
يجَعِّص,yij3as,yja33is,False,7,6,0-9,0-9,harakat_top_prediction
بْسَاع,bsaa3,bsaa3,True,6,5,0-9,0-9,harakat_top_prediction
تَنْتَف,tantif,tnatfat,False,7,6,0-9,0-9,harakat_top_prediction
بَوَّر,buur,bawwir,False,6,4,0-9,0-9,harakat_top_prediction
مُرْهِم,marham,murhim,False,7,6,0-9,0-9,harakat_top_prediction
اِقْرَع,2iqra3,2iqra3,True,7,6,0-9,0-9,harakat_top_prediction
هَيلَمِة,heelame,heelame,True,8,7,0-9,0-9,harakat_top_prediction
دَورَخ,doorikh,doorakh,False,6,7,0-9,0-9,harakat_top_prediction
وَجِّه,wijih,wajjah,False,6,5,0-9,0-9,harakat_top_prediction
يِسْتَنْجِد,yistanjid,yistanjid,True,11,9,10-19,0-9,harakat_top_prediction
تْشَرْنَخ,tsharnakh,tsharnakh,True,9,9,0-9,0-9,harakat_top_prediction
يِسْتَحْضِر,yista7dir,yista7dir,True,11,9,10-19,0-9,harakat_top_prediction
يِتْصَرْبَع,yitsarba3,yitsarba3,True,11,9,10-19,0-9,harakat_top_prediction
اِنْصِرِع,2insara3,2insara3,True,9,8,0-9,0-9,harakat_top_prediction
يكَاكِي,ykaaki,ykaaki,True,7,6,0-9,0-9,harakat_top_prediction
فَرْدِة,farde,farde,True,7,5,0-9,0-9,harakat_top_prediction
مَفْرُوم,mafruum,mafruum,True,8,7,0-9,0-9,harakat_top_prediction
اِهْتِك,2ihtik,2ihtik,True,7,6,0-9,0-9,harakat_top_prediction
مَجَارِير,majaariir,majaariir,True,9,9,0-9,0-9,harakat_top_prediction
مِن فَوق لَفَوق,min fooq lafooq,min fooq loqaf,False,15,15,10-19,10-19,harakat_top_prediction
يخَوِّن,ykhuun,ykhawwin,False,7,6,0-9,0-9,harakat_top_prediction
فَرَم,farrim,farram,False,5,6,0-9,0-9,harakat_top_prediction
يِسْتَمِيت,yistamiit,yistami,False,10,9,10-19,0-9,harakat_top_prediction
وَرَاوِر,waraawir,waraawir,True,8,8,0-9,0-9,harakat_top_prediction
فَوَّح,fawwi7,fawwi7,True,6,6,0-9,0-9,harakat_top_prediction
يِتْدَاقَق,yiddaaqaq,yiddaaqaq,True,10,9,10-19,0-9,harakat_top_prediction
نَوَّم,noom,nawwim,False,6,4,0-9,0-9,harakat_top_prediction
حَقِّق,7aqqiq,7aqqaq,False,6,6,0-9,0-9,harakat_top_prediction
اِحْصُر,2u7sur,2u7sur,True,7,6,0-9,0-9,harakat_top_prediction
مُمْتَنّ,mumtann,mumtannin,False,8,7,0-9,0-9,harakat_top_prediction
طَيِّح,tii7,tayyi7,False,6,4,0-9,0-9,harakat_top_prediction
شَايِف حَاله,shaayif 7aalo,shaayif 7aalo,True,12,13,10-19,10-19,harakat_top_prediction
طْلُوع,taluu3,tluu3,False,6,6,0-9,0-9,harakat_top_prediction
مَطْرَح,mutra7,mtarri7,False,7,6,0-9,0-9,harakat_top_prediction
دَاخِل,daakhil,daakhil,True,6,7,0-9,0-9,harakat_top_prediction
يدَبِّر,ydabbir,yidbar,False,7,7,0-9,0-9,harakat_top_prediction
لَبَّس,labbis,labbis,True,6,6,0-9,0-9,harakat_top_prediction
بَاسْبُور,baasboor,baasbuur,False,9,8,0-9,0-9,harakat_top_prediction
تْبَاعَد,tbaa3ad,tbaa3ad,True,8,7,0-9,0-9,harakat_top_prediction
يكَنِّس,ykannis,ykannis,True,7,7,0-9,0-9,harakat_top_prediction
جَارُوشِة,jaaruushe,jaaruushe,True,9,9,0-9,0-9,harakat_top_prediction
يرَبِّص,yurbus,yrabbis,False,7,6,0-9,0-9,harakat_top_prediction
مُقْتَطِع,muqtata3,muqtati3,False,9,8,0-9,0-9,harakat_top_prediction
الحَيَوَان المَنِي,2il7ayawaan 2ilmanawi,2il7eewaan 2ilmayaani,False,18,21,10-19,20-29,harakat_top_prediction
بِفِش العَشَلِة,bifishshish 2il3ille,bifshish 2il3ashale,False,15,20,10-19,20-29,harakat_top_prediction
تْوَازَى,twaaza,twaaza,True,8,6,0-9,0-9,harakat_top_prediction
يجَاقِر,yjaaqkir,yjaaqkir,True,7,8,0-9,0-9,harakat_top_prediction
يِتْكَتَّم,yitkattam,yitkattam,True,10,9,10-19,0-9,harakat_top_prediction
رَوشَان,rooshaan,rooshaan,True,7,8,0-9,0-9,harakat_top_prediction
شَوكَرَان,shookaraan,shookaraan,True,9,10,0-9,10-19,harakat_top_prediction
قَصِيرِيِّة,qassiiriyye,qasiiriyye,False,11,11,10-19,10-19,harakat_top_prediction
فَاصِل,faasil,faasil,True,6,6,0-9,0-9,harakat_top_prediction
يعَهِّد,yi3had,y3ahhid,False,7,6,0-9,0-9,harakat_top_prediction
يُزْلُق,yuzluq,yizluq,False,7,6,0-9,0-9,harakat_top_prediction
حِلّ عن نَافُوخِي,7ill 3ann naafuukhi,7ill 3an fookhi,False,17,19,10-19,10-19,harakat_top_prediction
سَتِّف,sattaf,sattif,False,6,6,0-9,0-9,harakat_top_prediction
اُعْصُر,2u3sur,2u3sur,True,7,6,0-9,0-9,harakat_top_prediction
شَمُّوطي,shammuuti,shammuuti,True,8,9,0-9,0-9,harakat_top_prediction
مِلْتِوِح,miltiwi7,miltiwi7,True,9,8,0-9,0-9,harakat_top_prediction
فَلْتَان,falataan,faltaan,False,8,8,0-9,0-9,harakat_top_prediction
يرَحْرِح,yra7ri7,yra7ri7,True,8,7,0-9,0-9,harakat_top_prediction
كَبْرِيتَة,kibriite,kabriite,False,10,8,10-19,0-9,harakat_top_prediction
مِتْعَمْشِق,mit3amshiq,mit3amshiq,True,11,10,10-19,10-19,harakat_top_prediction
مَقَالِب,maqaalib,maqaalib,True,8,8,0-9,0-9,harakat_top_prediction
يِسْتَقْعِد,yistaq3id,yistaq3id,True,11,9,10-19,0-9,harakat_top_prediction
مْرَدَّف,mardif,mraddaf,False,8,6,0-9,0-9,harakat_top_prediction
مْنَاطَحَة,mnaata7a,mnaata7a,True,10,8,10-19,0-9,harakat_top_prediction
دَهْوِس,dahwas,dahwis,False,7,6,0-9,0-9,harakat_top_prediction
مِسْوَاك,miswaak,miswaak,True,8,7,0-9,0-9,harakat_top_prediction
يُمْطُر,ymattir,ymattir,True,7,7,0-9,0-9,harakat_top_prediction
يصَفِّر,ysaffir,yusfur,False,7,7,0-9,0-9,harakat_top_prediction
اِتْفَسَّح,2itfassa7,2itfassa7,True,10,9,10-19,0-9,harakat_top_prediction
اِتْقَبَّل,2itqabbal,2itqabbal,True,10,9,10-19,0-9,harakat_top_prediction
وَلَايِف,walaayif,walaayif,True,8,8,0-9,0-9,harakat_top_prediction
سَمْسَر,samsir,samsar,False,7,6,0-9,0-9,harakat_top_prediction
شَلْبَك,shalbak,shalbak,True,7,7,0-9,0-9,harakat_top_prediction
لَبْخَة,labkha,labkha,True,7,6,0-9,0-9,harakat_top_prediction
طَاقِق شِرْش الحَيَاء,taaqiq shirsh 2il7aya,taqiiq sharashi 2il7ayaat,False,21,21,20-29,20-29,harakat_top_prediction
اِلْتِفِت,2iltifit,2iltafat,False,9,8,0-9,0-9,harakat_top_prediction
هَذْرَب,hadhrib,hadhrab,False,7,7,0-9,0-9,harakat_top_prediction
قَدْحِيِّة,qkud7iyye,qad7iyye,False,10,9,10-19,0-9,harakat_top_prediction
اِرْطُن,2irtun,2irtun,True,7,6,0-9,0-9,harakat_top_prediction
اُوعَك,2uu3ak,2uu3ak,True,6,6,0-9,0-9,harakat_top_prediction
حَبْحِب,7ab7ib,7ab7ib,True,7,6,0-9,0-9,harakat_top_prediction
أَقطع رجل,2aqta3 rijil,2aqta3 rajal,False,9,12,0-9,10-19,harakat_top_prediction
يجَوِّب,ywajjib,yjawwib,False,7,7,0-9,0-9,harakat_top_prediction
أَشْلَب,2ashlab,2ashlab,True,7,7,0-9,0-9,harakat_top_prediction
يِغْلِي,yghalli,yighli,False,7,7,0-9,0-9,harakat_top_prediction
وَتَّد,watad,wattad,False,6,5,0-9,0-9,harakat_top_prediction
نَصَح,nisi7,nassa7,False,5,5,0-9,0-9,harakat_top_prediction
اِنْزِعِج,2inzi3ij,2inza3aj,False,9,8,0-9,0-9,harakat_top_prediction
أَلْوَان,2alwaan,2alwaan,True,8,7,0-9,0-9,harakat_top_prediction
فَالِح,faali7,faali7,True,6,6,0-9,0-9,harakat_top_prediction
طَمْطَم,tamtim,tamtam,False,7,6,0-9,0-9,harakat_top_prediction
بَير,biir,beer,False,4,4,0-9,0-9,harakat_top_prediction
نَيَّال,niyyaal,nayyaal,False,7,7,0-9,0-9,harakat_top_prediction
يهَدِّي,yhaddi,yhaddi,True,7,6,0-9,0-9,harakat_top_prediction
رَقَم,raqam,raqqim,False,5,5,0-9,0-9,harakat_top_prediction
اِنْسِلِق,2insalaq,2insiliq,False,9,8,0-9,0-9,harakat_top_prediction
سَمَّم,sammim,sammam,False,6,6,0-9,0-9,harakat_top_prediction
بَاب,baab,baab,True,4,4,0-9,0-9,harakat_top_prediction
زَعْزَعَة,za3za3a,za3za3a,True,9,7,0-9,0-9,harakat_top_prediction
يلَجِّم,yildjim,ylajjim,False,7,7,0-9,0-9,harakat_top_prediction
رَوَّض,rawwad,rawwid,False,6,6,0-9,0-9,harakat_top_prediction
الحِين,2al7iin,2il7iin,False,6,7,0-9,0-9,harakat_top_prediction
شَوشَحَة,shoosha7a,shoosha7a,True,8,9,0-9,0-9,harakat_top_prediction
يفَرْكِش,yfarkish,yfarkish,True,8,8,0-9,0-9,harakat_top_prediction
غَذَّى,ghazza,ghazza,True,6,6,0-9,0-9,harakat_top_prediction
حُصْرُم,7asram,7asram,True,7,6,0-9,0-9,harakat_top_prediction
جَهِّم,jihim,jahham,False,6,5,0-9,0-9,harakat_top_prediction
جَفَائِي,fujaa2i,jafaa2i,False,8,7,0-9,0-9,harakat_top_prediction
يِنْزِطِم,yinzitim,yinzitim,True,9,8,0-9,0-9,harakat_top_prediction
اِتْكَفَّل,2itkaffal,2itkaffal,True,10,9,10-19,0-9,harakat_top_prediction
قَتَالِي,qitaali,qataali,False,8,7,0-9,0-9,harakat_top_prediction
قَنَانِير,qanaaniir,qanaaniir,True,9,9,0-9,0-9,harakat_top_prediction
تْكَلَّف,tkallaf,tkallaf,True,8,7,0-9,0-9,harakat_top_prediction
مَسَاجِد,masaajid,masaajid,True,8,8,0-9,0-9,harakat_top_prediction
صَرَّف,sarf,sarrif,False,6,4,0-9,0-9,harakat_top_prediction
اُقْطُف,2uqtuf,2uqtuf,True,7,6,0-9,0-9,harakat_top_prediction
مَيَّص,mayyas,mayyis,False,6,6,0-9,0-9,harakat_top_prediction
يُنْقُض,yunqud,yinqadd,False,7,6,0-9,0-9,harakat_top_prediction
وَدَّع,wadda3,waddi3,False,6,6,0-9,0-9,harakat_top_prediction
وَرَم,warram,warram,True,5,6,0-9,0-9,harakat_top_prediction
جَعَل,ja3al,ja33al,False,5,5,0-9,0-9,harakat_top_prediction
سَيسَعَة,seesa3aseesa3a,siisa3a,False,8,14,0-9,10-19,harakat_top_prediction
حَكّ,7akk,7ukk,False,4,4,0-9,0-9,harakat_top_prediction
مَدْهُوش,mdoohish,madhuush,False,8,8,0-9,0-9,harakat_top_prediction
بَحْرَة,ba7ra,ba7ra,True,7,5,0-9,0-9,harakat_top_prediction
مْكَمَّل,mkammil,mkammal,False,8,7,0-9,0-9,harakat_top_prediction
يصَلِّى,ysalli,ysalli,True,7,6,0-9,0-9,harakat_top_prediction
مْغَيِّم,mghayyim,mghayyim,True,8,8,0-9,0-9,harakat_top_prediction
زي الحْصَان,zayy 2ili7saan,zayy 2il7asaan,False,11,14,10-19,10-19,harakat_top_prediction
مَقْلُوب,maqluub,maqluub,True,8,7,0-9,0-9,harakat_top_prediction
مَعْطِي عين,ma3ti 3een,ma3ti 3yin,False,11,10,10-19,10-19,harakat_top_prediction
مْبَلِّل,mballal,mballil,False,8,7,0-9,0-9,harakat_top_prediction
تَسْلِيم,tasliim,tasliim,True,8,7,0-9,0-9,harakat_top_prediction
تْقَصَّى,tqassa,tqassa,True,8,6,0-9,0-9,harakat_top_prediction
اِيتَم,2iitam,2iitam,True,6,6,0-9,0-9,harakat_top_prediction
عِمْرَان,3amraan,3imraan,False,8,7,0-9,0-9,harakat_top_prediction
مَحَى,ma77a,ma7a,False,5,5,0-9,0-9,harakat_top_prediction
قَضَاء,qadaa2,qadaa2,True,6,6,0-9,0-9,harakat_top_prediction
زَلَق,zalaq,zallaq,False,5,5,0-9,0-9,harakat_top_prediction
تْكَفَّف,tkaffaf,tkaffaf,True,8,7,0-9,0-9,harakat_top_prediction
المَنِيِّة ولَا الدَّنِيِّة,2almaniyye wala 2iddaniyye,2ilminya 2inniyye 2ilwaade,False,27,26,20-29,20-29,harakat_top_prediction
مْكَدِّم,mkaddam,mkaddim,False,8,7,0-9,0-9,harakat_top_prediction
مَاخِذ اِحْتِيَاطه,maakhid 2i7tiyaato,maakhid t7aati,False,18,18,10-19,10-19,harakat_top_prediction
نَايِم علي أَمِكْرِة,naayim 3a2akam leera,naayim 3aleek 2armiir,False,20,20,20-29,20-29,harakat_top_prediction
طَسّ,tass,tuss,False,4,4,0-9,0-9,harakat_top_prediction
يأَرْوِح,y2arwi7,y2arwi7,True,8,7,0-9,0-9,harakat_top_prediction
اِقْتِنَاع,2iqtinaa3,2iqtinaa3,True,10,9,10-19,0-9,harakat_top_prediction
مُتَوَافِق,mitawaafiq,mutawaafiq,False,10,10,10-19,10-19,harakat_top_prediction
اُنْغُد,2unghud,2unghud,True,7,7,0-9,0-9,harakat_top_prediction
عَذَارَى,3azaara,3azaara,True,8,7,0-9,0-9,harakat_top_prediction
تْبَهْبَط,tbahbat,tbahbat,True,9,7,0-9,0-9,harakat_top_prediction
يِتْوَلَّد,yitwallad,yitwallad,True,10,9,10-19,0-9,harakat_top_prediction
أَقْصَى,2aqsa,2aqsa,True,7,5,0-9,0-9,harakat_top_prediction
عَفَّص,3affas,3affis,False,6,6,0-9,0-9,harakat_top_prediction
يِتْوَفَّر,yitwaffar,yitwaffar,True,10,9,10-19,0-9,harakat_top_prediction
ضَعَف,di3if,da33if,False,5,5,0-9,0-9,harakat_top_prediction
قَبِّع,qabba3,qabbi3,False,6,6,0-9,0-9,harakat_top_prediction
تْرَكَّب,trakkab,trakkab,True,8,7,0-9,0-9,harakat_top_prediction
يحَلِّل,y7allil,y7allil,True,7,7,0-9,0-9,harakat_top_prediction
تْسَخَّن,tsakhkhan,tsakhkhan,True,8,9,0-9,0-9,harakat_top_prediction
لَكَم,lakam,lakam,True,5,5,0-9,0-9,harakat_top_prediction
مَجْرَى الدَّعَم,majra 2iddami3,mjarra 2iddam,False,16,14,10-19,10-19,harakat_top_prediction
يِسْهَى,yisha,yisha,True,7,5,0-9,0-9,harakat_top_prediction
حَوَارِيق,7awaariiq,7awaariiq,True,9,9,0-9,0-9,harakat_top_prediction
اِتْرَجَّى,2itrajja,2itrajja,True,10,8,10-19,0-9,harakat_top_prediction
تْلَغَّم,tlaghgham,tlaghgham,True,8,9,0-9,0-9,harakat_top_prediction
اِنْكِشِح,2inkishi7,2inkasha7,False,9,9,0-9,0-9,harakat_top_prediction
حِلّ عن وجهي,7ill 3an wijhi,7ill 3anjuuh,False,12,14,10-19,10-19,harakat_top_prediction
اِدْرُج,2idruj,2idruj,True,7,6,0-9,0-9,harakat_top_prediction
اِسْتَمَال,2istamaal,2istamaal,True,10,9,10-19,0-9,harakat_top_prediction
مْكَنْعِش,mkan3ish,mkan3ish,True,9,8,0-9,0-9,harakat_top_prediction
لْقَاح,luqaa7,lqaa7,False,6,6,0-9,0-9,harakat_top_prediction
قَطَّن,qattin,qattin,True,6,6,0-9,0-9,harakat_top_prediction
رِيح فِي بَطْنَك,rii7 yinfukh batnak,rii7 fi baknat,False,16,19,10-19,10-19,harakat_top_prediction
مُوَاقَعَة,muwaaqa3a,muwaaqa3a,True,10,9,10-19,0-9,harakat_top_prediction
الله لَايِحْرِمْني مَنَّك,2alla laa yi7rimni minnak,2illo laa yin7amar kamin,False,25,25,20-29,20-29,harakat_top_prediction
اِتْحَرْوَد,2it7arwad,2it7arwad,True,11,9,10-19,0-9,harakat_top_prediction
هَاكُوَّا,haakuwwa,haaku,False,9,8,0-9,0-9,harakat_top_prediction
يِجْتِهِد,yijtahid,yijtihid,False,9,8,0-9,0-9,harakat_top_prediction
القَاصِي وَالدَّانِي,2ilqaasi widdaani,2ilqaasiid winnaadi,False,20,17,20-29,10-19,harakat_top_prediction
يِتْشَعْبَط,yitsha3bat,yitsha3bat,True,11,10,10-19,10-19,harakat_top_prediction
حَطُّوا عَصِدْرُه بَلَاطَة,7attuu 3asidro balaata,7attuus 3ala daro batata,False,26,22,20-29,20-29,harakat_top_prediction
مْدَيِّح,mdayyi7,mdayyi7,True,8,7,0-9,0-9,harakat_top_prediction
اِنْزَحَم,2inzi7im,2inza7am,False,9,8,0-9,0-9,harakat_top_prediction
مَرَح,mara7,marri7,False,5,5,0-9,0-9,harakat_top_prediction
يفَسِّر,yfassir,yifsir,False,7,7,0-9,0-9,harakat_top_prediction
شَيكِل,sheekil,sheekil,True,6,7,0-9,0-9,harakat_top_prediction
مْطَارَدِة,mtaarade,mtaarade,True,10,8,10-19,0-9,harakat_top_prediction
رَافِس,raafas,raafis,False,6,6,0-9,0-9,harakat_top_prediction
وَرْجِي,warji,warji,True,7,5,0-9,0-9,harakat_top_prediction
قَحَط,qa7at,qa77it,False,5,5,0-9,0-9,harakat_top_prediction
اِسْتَقْطَب,2istaqtib,2istaqtab,False,11,9,10-19,0-9,harakat_top_prediction
اِتْلَفَّع,2itlaffa3,2itlaffa3,True,10,9,10-19,0-9,harakat_top_prediction
يِتْخَشَّط,yitkhashshat,yitkhashshat,True,10,12,10-19,10-19,harakat_top_prediction
جَاحِد,jaa7id,jaa7id,True,6,6,0-9,0-9,harakat_top_prediction
نَشَف,nashshaf,nashshif,False,5,8,0-9,0-9,harakat_top_prediction
يِتْمَحَّك,yitma77ak,yitma77ak,True,10,9,10-19,0-9,harakat_top_prediction
مِلْقَط شَعَر,malqat sha3ar,milqat sha3ir,False,13,13,10-19,10-19,harakat_top_prediction
عَرْمَط,3armat,3armit,False,7,6,0-9,0-9,harakat_top_prediction
اللي سبق مش الحَبَق,2illi sabaq shamm 2il7abaq,2illi bisqus ma7 biliq 2ishshala7,False,19,26,10-19,20-29,harakat_top_prediction
دَعْبَب,da3bib,da3bab,False,7,6,0-9,0-9,harakat_top_prediction
كَعَاكِيز,ka3aakiiz,ka3aakiiz,True,9,9,0-9,0-9,harakat_top_prediction
فَرْقَعَة,farqa3a,farqa3a,True,9,7,0-9,0-9,harakat_top_prediction
نَعْنَش,na3nish,na3nish,True,7,7,0-9,0-9,harakat_top_prediction
وَرَقَة,waraqa,waraqa,True,7,6,0-9,0-9,harakat_top_prediction
مْنَاتَعَة,mnaata3a,mnaata3a,True,10,8,10-19,0-9,harakat_top_prediction
شِجْرِة العَيلِة,shajarit 2il3eele,shijrit 2il3ali,False,16,17,10-19,10-19,harakat_top_prediction
نَغْزِة,naghze,naghze,True,7,6,0-9,0-9,harakat_top_prediction
فَوط,fawwit,fuut,False,4,6,0-9,0-9,harakat_top_prediction
اِنْقَمَص,2inqamas,2inqimis,False,9,8,0-9,0-9,harakat_top_prediction
عَاقِب,3aaqab,3aaqab,True,6,6,0-9,0-9,harakat_top_prediction
حَيف,7ayyaf,7eef,False,4,6,0-9,0-9,harakat_top_prediction
اِنْخَفَى,2inkhafa,2inkhafa,True,9,8,0-9,0-9,harakat_top_prediction
شَايِب عَايِب,shaayib 3aayib,shaayib 3aabi,False,13,14,10-19,10-19,harakat_top_prediction
اِنْفِعِل,2infala3,2infa3al,False,9,8,0-9,0-9,harakat_top_prediction
طَنْطَش,tantish,tantash,False,7,7,0-9,0-9,harakat_top_prediction
هَمَط,hammit,hammat,False,5,6,0-9,0-9,harakat_top_prediction
يوَثِّق,yuusaq,ywassiq,False,7,6,0-9,0-9,harakat_top_prediction
يَمّ,yamm,yamm,True,4,4,0-9,0-9,harakat_top_prediction
أَلَحّ,2ala77,2ala7,False,6,6,0-9,0-9,harakat_top_prediction
يِسْتَوْحِي,yistaw7i,yistaw7i,True,11,8,10-19,0-9,harakat_top_prediction
مُهَمِّة,muhimme,muhamme,False,8,7,0-9,0-9,harakat_top_prediction
اِنْقَبَر,2inqibir,2inqabar,False,9,8,0-9,0-9,harakat_top_prediction
قَلّ,qill,qall,False,4,4,0-9,0-9,harakat_top_prediction
طَهَق,taha2,tahhi2,False,5,5,0-9,0-9,harakat_top_prediction
قَرْقَطَة,qarqata,qarqata,True,9,7,0-9,0-9,harakat_top_prediction
يمَتِّر,ymattir,ymattir,True,7,7,0-9,0-9,harakat_top_prediction
أَجر وعَافْيِة,2ajir wu3aafye,2ajru 3afye,False,14,14,10-19,10-19,harakat_top_prediction
هَسْهَسِة,hashase,hashase,True,9,7,0-9,0-9,harakat_top_prediction
فَنَّد,fannad,fannad,True,6,6,0-9,0-9,harakat_top_prediction
يِسْتَدْعِي,yistad3i,yistad3i,True,11,8,10-19,0-9,harakat_top_prediction
عَالحَفِة,3al 7iffe,3aal7afe,False,9,9,0-9,0-9,harakat_top_prediction
جَرَب,jarrib,jarrab,False,5,6,0-9,0-9,harakat_top_prediction
اِصْعَب,2is3ab,2is3ab,True,7,6,0-9,0-9,harakat_top_prediction
نَمْلِيِّة,namliyye,namliyye,True,10,8,10-19,0-9,harakat_top_prediction
اِحْتَقَن,2i7tiqin,2i7taqan,False,9,8,0-9,0-9,harakat_top_prediction
يُقْطُر,yuqtur,yqattir,False,7,6,0-9,0-9,harakat_top_prediction
يؤكِّد,y2akkid,y2akkid,True,6,7,0-9,0-9,harakat_top_prediction
تَوَهَان,tawahaan,tawaahan,False,8,8,0-9,0-9,harakat_top_prediction
أَبُو صُرَّة,2abu surra,2abu surra,True,12,10,10-19,10-19,harakat_top_prediction
يُنْضُج,yunduj,yinduj,False,7,6,0-9,0-9,harakat_top_prediction
عِلْمَانيِّة,3ilmaaniyye,3ilmaaniyye,True,12,11,10-19,10-19,harakat_top_prediction
اُعْبُط,2u3but,2u3but,True,7,6,0-9,0-9,harakat_top_prediction
تَرْتِيلِة,tartiile,tartiile,True,10,8,10-19,0-9,harakat_top_prediction
اُوسَع,2uusa3,2uusa3,True,6,6,0-9,0-9,harakat_top_prediction
فَرْفَح,farfi7,farfa7,False,7,6,0-9,0-9,harakat_top_prediction
كَوْنِي,kawni,kawni,True,7,5,0-9,0-9,harakat_top_prediction
تْعَشَّم,t3ashsham,t3ashsham,True,8,9,0-9,0-9,harakat_top_prediction
نَسَل,nassal,nassil,False,5,6,0-9,0-9,harakat_top_prediction
تْكَتَّف,tkattaf,tkattaf,True,8,7,0-9,0-9,harakat_top_prediction
هِيك ويهِك,heek wuheek,hiik wiik,False,10,11,10-19,10-19,harakat_top_prediction
سَلَك,sallik,sallak,False,5,6,0-9,0-9,harakat_top_prediction
اِخْذِل,2ikhzil,2ikhzil,True,7,7,0-9,0-9,harakat_top_prediction
عَيِّن,3ayyan,3ayyin,False,6,6,0-9,0-9,harakat_top_prediction
تْأَنَّق,t2annaq,t2annaq,True,8,7,0-9,0-9,harakat_top_prediction
يِلْتِهِم,yiltihim,yiltihim,True,9,8,0-9,0-9,harakat_top_prediction
جَعَان,ja3aan,ja3aan,True,6,6,0-9,0-9,harakat_top_prediction
يِنْحَتّ,yin7at,yin7att,False,8,6,0-9,0-9,harakat_top_prediction
يِتْقَطَّم,yitqattam,yitqattam,True,10,9,10-19,0-9,harakat_top_prediction
تْحَشَّر,t7ashshar,t7ashshar,True,8,9,0-9,0-9,harakat_top_prediction
رَجَّل,rajjal,rajjil,False,6,6,0-9,0-9,harakat_top_prediction
اِتْقَرْوَص,2itqarwas,2itqarwas,True,11,9,10-19,0-9,harakat_top_prediction
مَصْمُوع,mamsuu3,masmuu3,False,8,7,0-9,0-9,harakat_top_prediction
اِسْتَمَدّ,2istamidd,2istamidd,True,10,9,10-19,0-9,harakat_top_prediction
فَحَم,fa77im,fa77am,False,5,6,0-9,0-9,harakat_top_prediction
طَاوِع,taawi3,taawa3,False,6,6,0-9,0-9,harakat_top_prediction
يفَرِّز,yfarriz,yifraz,False,7,7,0-9,0-9,harakat_top_prediction
يِتْجَيَّد,yitjayyad,yitjayyad,True,10,9,10-19,0-9,harakat_top_prediction
يرَوتِش,yrootish,yrootish,True,7,8,0-9,0-9,harakat_top_prediction
جِيد,jayyid,jiid,False,4,6,0-9,0-9,harakat_top_prediction
عُود,3uud,3awwid,False,4,4,0-9,0-9,harakat_top_prediction
اِرْعَى,2ir3a,2ir3a,True,7,5,0-9,0-9,harakat_top_prediction
خْيَام,khyaam,khyaam,True,6,6,0-9,0-9,harakat_top_prediction
الحَيِّة مَابِتْصِير خَيِّة,2il7ayye maa bitsiir khayye,2il7ayye msaartiyye,False,27,27,20-29,20-29,harakat_top_prediction
إِيش مَعْنَى,2ish ma3na,2iish ma3na,False,12,10,10-19,10-19,harakat_top_prediction
وَافِد,waafid,waafid,True,6,6,0-9,0-9,harakat_top_prediction
سَمَنْدَرَة,samandara,samnadara,False,11,9,10-19,0-9,harakat_top_prediction
بَهْجِة,bahje,bahje,True,7,5,0-9,0-9,harakat_top_prediction
شَلَافِيو,shalfaawi,shalaafi,False,9,9,0-9,0-9,harakat_top_prediction
اِسْتَفِيد,2istafiid,2istafiid,True,10,9,10-19,0-9,harakat_top_prediction
يشَبِّع,yishba3,yshabbi3,False,7,7,0-9,0-9,harakat_top_prediction
قَصِيب,qusseeb,qasiib,False,6,7,0-9,0-9,harakat_top_prediction
مُتَكَاسِل,mitkaasil,mutakaasil,False,10,9,10-19,0-9,harakat_top_prediction
يِفْزَع,yfazzi3,yifza3,False,7,7,0-9,0-9,harakat_top_prediction
اِلْزَع,2ilza3,2ilza3,True,7,6,0-9,0-9,harakat_top_prediction
يِتْنَشَّن,yitnashshan,yitnashshan,True,10,11,10-19,10-19,harakat_top_prediction
قُمُنْدَرَة,qumandara,qumnadara,False,11,9,10-19,0-9,harakat_top_prediction
يِحْرِم,yi7ram,yi7rim,False,7,6,0-9,0-9,harakat_top_prediction
اِتْفَرَّد,2itfarrad,2itfarrad,True,10,9,10-19,0-9,harakat_top_prediction
خَطَّة,khutta,khatta,False,6,6,0-9,0-9,harakat_top_prediction
قَحَص,qa7as,qa7as,True,5,5,0-9,0-9,harakat_top_prediction
فَغَر,faghar,faghghir,False,5,6,0-9,0-9,harakat_top_prediction
رَدَع,rada3,raddi3,False,5,5,0-9,0-9,harakat_top_prediction
اِنْخَسَف,2inkhasaf,2inkhisif,False,9,9,0-9,0-9,harakat_top_prediction
حَابِب,7aabib,7aabib,True,6,6,0-9,0-9,harakat_top_prediction
طَوبَرْجِي,toobarji,tawbarji,False,10,8,10-19,0-9,harakat_top_prediction
حَلُو,7ilu,7alu,False,5,4,0-9,0-9,harakat_top_prediction
قُرّ,qkurr,qarr,False,4,5,0-9,0-9,harakat_top_prediction
اِنْتِحَار,2inti7aar,2inti7aar,True,10,9,10-19,0-9,harakat_top_prediction
مَجَانِين,majaaniin,majaaniin,True,9,9,0-9,0-9,harakat_top_prediction
ميَّاته عَالنَار,mayyaato 3annaar,mayyaatha 3aleen,False,16,16,10-19,10-19,harakat_top_prediction
مَمْسُوخ,mamsuukh,mamsuukh,True,8,8,0-9,0-9,harakat_top_prediction
جَرَادِين,jaraadiin,jaradiin,False,9,9,0-9,0-9,harakat_top_prediction
اِسْتَرْخَص,2istarkhis,2istarkhis,True,11,10,10-19,10-19,harakat_top_prediction
حَافِظ,7aafiz,7aafiz,True,6,6,0-9,0-9,harakat_top_prediction
دَاهْيِة,daahye,daahye,True,8,6,0-9,0-9,harakat_top_prediction
نَعْنُون,na3nuu3,na3nuun,False,8,7,0-9,0-9,harakat_top_prediction
بَطَابِط,bataabit,bataabit,True,8,8,0-9,0-9,harakat_top_prediction
لَدَع,lada3,ladda3,False,5,5,0-9,0-9,harakat_top_prediction
كَعَك,ka3ik,ka33ik,False,5,5,0-9,0-9,harakat_top_prediction
صَنّ,nass,sann,False,4,4,0-9,0-9,harakat_top_prediction
اِتْنَغْنَغ,2itnaghnagh,2itnaghnagh,True,11,11,10-19,10-19,harakat_top_prediction
شَبَط,shabat,shabbat,False,5,6,0-9,0-9,harakat_top_prediction
طَلْبِة,tulbe,talbe,False,7,5,0-9,0-9,harakat_top_prediction
يِبْحَث,yib7as,yib7as,True,7,6,0-9,0-9,harakat_top_prediction
حَسْبِن,7asbin,7asbin,True,7,6,0-9,0-9,harakat_top_prediction
مْقَورِح,mqoori7,mqoori7,True,8,7,0-9,0-9,harakat_top_prediction
اُهْجُر,2uhjur,2uhjur,True,7,6,0-9,0-9,harakat_top_prediction
تْدَلَّل,2iddallal,2iddallal,True,8,9,0-9,0-9,harakat_top_prediction
شَارِك,shaarik,shaarik,True,6,7,0-9,0-9,harakat_top_prediction
اِسْتَقْرَب,2istaqrab,2istaqrab,True,11,9,10-19,0-9,harakat_top_prediction
عَزَارِين,3azaariin,3azaariin,True,9,9,0-9,0-9,harakat_top_prediction
مُجَاهِد,mujaahid,mujaahid,True,8,8,0-9,0-9,harakat_top_prediction
زَقْرَق,zaqriq,zaqkraqkagrag,False,7,6,0-9,0-9,harakat_top_prediction
البسة بتوكل عَشَاه,2ilbisse btookil 3ashaa,2ilbissibit bilkuu3a,False,18,23,10-19,20-29,harakat_top_prediction
يِتْهَضَّم,yithaddam,yithaddam,True,10,9,10-19,0-9,harakat_top_prediction
ثَمْرَة,thamara,thamra,False,7,7,0-9,0-9,harakat_top_prediction
اِسْتَدَرّ,2istadirr,2istadarr,False,10,9,10-19,0-9,harakat_top_prediction
بَسْطَة,basta,basta,True,7,5,0-9,0-9,harakat_top_prediction
بَسْبَس,basbis,basbis,True,7,6,0-9,0-9,harakat_top_prediction
ذْهَاب,zahaab,dhaab,False,6,6,0-9,0-9,harakat_top_prediction
فَاقِم,faaqim,faaqim,True,6,6,0-9,0-9,harakat_top_prediction
مْفَتِّح,mfatti7,mfatti7,True,8,7,0-9,0-9,harakat_top_prediction
حَامِل بَطْنُه عَظَهْرُه,7aamil batno 3adahro,7azmil bi3ato nadharo,False,24,20,20-29,20-29,harakat_top_prediction
سَلَامِة,salaame,salaame,True,8,7,0-9,0-9,harakat_top_prediction
نَهَائِي,nihaa2i,nahaa2i,False,8,7,0-9,0-9,harakat_top_prediction
دَوَاجِن,dawaajin,dawaajin,True,8,8,0-9,0-9,harakat_top_prediction
يِفْقَع,yifqa3,yifqa3,True,7,6,0-9,0-9,harakat_top_prediction
اِنْقَطَب,2inqitib,2inqatab,False,9,8,0-9,0-9,harakat_top_prediction
اِسْتَنْكَف,2istankaf,2istankif,False,11,9,10-19,0-9,harakat_top_prediction
حَلِّس,7alas,7allis,False,6,5,0-9,0-9,harakat_top_prediction
يِتْدَارَك,yiddaarak,yiddaarak,True,10,9,10-19,0-9,harakat_top_prediction
اِتْلَقَّح,2itlaqqa7,2itlaqqa7,True,10,9,10-19,0-9,harakat_top_prediction
يِسْتَمِدّ,yistamidd,yistamidd,True,10,9,10-19,0-9,harakat_top_prediction
ضَارِب,darib,daarib,False,6,5,0-9,0-9,harakat_top_prediction
حَرَق رَاسُه,7araq raaso,7araq raaso,True,12,11,10-19,10-19,harakat_top_prediction
مَخْمَخ,makhmikh,mkhamkhikh,False,7,8,0-9,0-9,harakat_top_prediction
مَوت,moot,moot,True,4,4,0-9,0-9,harakat_top_prediction
زَرَف,zarif,zarrif,False,5,5,0-9,0-9,harakat_top_prediction
يِكْعَش,yik3ash,yik3ash,True,7,7,0-9,0-9,harakat_top_prediction
حْجَاج,7ujjaaj,7jaaj,False,6,7,0-9,0-9,harakat_top_prediction
إِقْطَاعِي,2iqtaa3i,2iqtaa3i,True,10,8,10-19,0-9,harakat_top_prediction
جَنِيب,najiib,janiib,False,6,6,0-9,0-9,harakat_top_prediction
غَطَايِس,ghataayis,ghataayis,True,8,9,0-9,0-9,harakat_top_prediction
اِكْتِسَاح,2iktisaa7,2iktisaa7,True,10,9,10-19,0-9,harakat_top_prediction
سَعَادِين,sa3aadiin,sa3aadiin,True,9,9,0-9,0-9,harakat_top_prediction
صَفِّي,sifi,saffi,False,6,4,0-9,0-9,harakat_top_prediction
جَازِع,jaazi3,jaazi3,True,6,6,0-9,0-9,harakat_top_prediction
يفَشِّي,yifshi,yfashshi,False,7,6,0-9,0-9,harakat_top_prediction
عَيَادِي,3ayaadi,3ayaadi,True,8,7,0-9,0-9,harakat_top_prediction
فَلُّوس حَلَال,fluus 7alaal,falluus 2issa7,False,14,12,10-19,10-19,harakat_top_prediction
نَقَد,naqid,naqad,False,5,5,0-9,0-9,harakat_top_prediction
دِيح,dayya7,dayyi7,False,4,6,0-9,0-9,harakat_top_prediction
هَبَّب,habbab,habbab,True,6,6,0-9,0-9,harakat_top_prediction
سُكَّرِي,sukkari,sukkari,True,8,7,0-9,0-9,harakat_top_prediction
حِيِّة,7ayye,7iyye,False,6,5,0-9,0-9,harakat_top_prediction
يِحْلِف,yi7lif,yi7lif,True,7,6,0-9,0-9,harakat_top_prediction
الهَيطَلِيِّة الحَمْرَا,2ilheetaliyye 2il7amra,2ilhatiyaa 2ilmar7aye,False,23,22,20-29,20-29,harakat_top_prediction
يلَبِّخ,ylabbikh,ylabbikh,True,7,8,0-9,0-9,harakat_top_prediction
مُسْتَعْمِل,musta3mal,musta3mil,False,11,9,10-19,0-9,harakat_top_prediction
زَعْمُوط,za3matuut,za3muut,False,8,9,0-9,0-9,harakat_top_prediction
يطَعِّم,yit3im,yta33im,False,7,6,0-9,0-9,harakat_top_prediction
زَهْزَهَة,zahzaha,zahzaha,True,9,7,0-9,0-9,harakat_top_prediction
يلَقِّف,yulquf,ylaqqif,False,7,6,0-9,0-9,harakat_top_prediction
دَابِش,daabish,daabish,True,6,7,0-9,0-9,harakat_top_prediction
رُوق,rawwaq,rawwiq,False,4,6,0-9,0-9,harakat_top_prediction
مَمَاحِين,mamaa7iin,mamaa7iin,True,9,9,0-9,0-9,harakat_top_prediction
اِرْوِش,2irwish,2irwish,True,7,7,0-9,0-9,harakat_top_prediction
اُخْطُر,2ikhtur,2ukhtur,False,7,7,0-9,0-9,harakat_top_prediction
فَانُوس,faanuus,faanuus,True,7,7,0-9,0-9,harakat_top_prediction
نَاكِف,naakaf,naakif,False,6,6,0-9,0-9,harakat_top_prediction
يِتْمَصْرَف,yitmasraf,yitmasraf,True,11,9,10-19,0-9,harakat_top_prediction
صُوف,suuf,suuf,True,4,4,0-9,0-9,harakat_top_prediction
تْحَسْكَن,t7askan,t7askan,True,9,7,0-9,0-9,harakat_top_prediction
اِفْلَخ,2iflakh,2iflakh,True,7,7,0-9,0-9,harakat_top_prediction
اللي بزعل لحَاله بيرضَى لحَاله,2illi biz3al la7aalo birda la7aalo,2illi bil3a 3a7aleed 2illla bil7a 2illa 3aharii,False,30,34,30-39,30-39,harakat_top_prediction
تْشَائَم,tashaa2um,tshaa2am,False,8,9,0-9,0-9,harakat_top_prediction
خَنْفَس,khanfis,khanfis,True,7,7,0-9,0-9,harakat_top_prediction
اِسْتَنْظَف,2istandaf,2istandaf,True,11,9,10-19,0-9,harakat_top_prediction
يقُول,yquul,yquul,True,5,5,0-9,0-9,harakat_top_prediction
نُقْرَيشِة,nuqreeshe,nuqriishe,False,10,9,10-19,0-9,harakat_top_prediction
اِتْصَحَّح,2it7as7as,2itsa77a7,False,10,9,10-19,0-9,harakat_top_prediction
خَمَرْجِي,khamarji,khamraji,False,9,8,0-9,0-9,harakat_top_prediction
نَبَابِيت,nabaabiit,nabaabiit,True,9,9,0-9,0-9,harakat_top_prediction
تْدَرْدَب,2iddardab,2iddardab,True,9,9,0-9,0-9,harakat_top_prediction
مثل المَالك الحزين,mitil 2ilmaalik 2il7aziin,mitil 2ilmaa 7azak 2ilineez,False,18,25,10-19,20-29,harakat_top_prediction
مَرَار,maraar,mraar,False,6,6,0-9,0-9,harakat_top_prediction
يِنْخِدِع,yinkhidi3,yinkhidi3,True,9,9,0-9,0-9,harakat_top_prediction
يِتْوَرَّد,yitwarrad,yitwarrad,True,10,9,10-19,0-9,harakat_top_prediction
يِسْتَحْمِل,yista7mil,yista7mil,True,11,9,10-19,0-9,harakat_top_prediction
أَقَارِب,2aqaarib,2aqaarib,True,8,8,0-9,0-9,harakat_top_prediction
زَهَق,zahhiq,zahhiq,True,5,6,0-9,0-9,harakat_top_prediction
يخَمِّج,ykhammij,ykhammij,True,7,8,0-9,0-9,harakat_top_prediction
اِتْمَلَّك,2itmallak,2itmallak,True,10,9,10-19,0-9,harakat_top_prediction
نَاكِر,naakir,naakir,True,6,6,0-9,0-9,harakat_top_prediction
لَاص,laas,laas,True,4,4,0-9,0-9,harakat_top_prediction
اِنْخَمَش,2inkhimish,2inkhimish,True,9,10,0-9,10-19,harakat_top_prediction
خَرَق,kharaq,kharriq,False,5,6,0-9,0-9,harakat_top_prediction
يِنْرَقّ,yinraqq,yinraqq,True,8,7,0-9,0-9,harakat_top_prediction
غَيبوبِة,ghaybuube,gheebuube,False,8,9,0-9,0-9,harakat_top_prediction
اِسْتَقْعَد,2istaq3id,2istaq3id,True,11,9,10-19,0-9,harakat_top_prediction
زَعْمُوط,za3muut,za3muut,True,8,7,0-9,0-9,harakat_top_prediction
نَهَق,nahhiq,nahhiq,True,5,6,0-9,0-9,harakat_top_prediction
اِتْقَصَّب,2itqassab,2itqassab,True,10,9,10-19,0-9,harakat_top_prediction
حَرَّف,7arraf,7arrif,False,6,6,0-9,0-9,harakat_top_prediction
جَنَّازِة,jnaaze,jannaaze,False,9,6,0-9,0-9,harakat_top_prediction
ذَيل,deel,dayyil,False,4,4,0-9,0-9,harakat_top_prediction
تْقَاطَب,tqaatab,tqaatab,True,8,7,0-9,0-9,harakat_top_prediction
طَبَخ,tabakh,tabbakh,False,5,6,0-9,0-9,harakat_top_prediction
اِقْتِصِد,2iqtisid,2iqtasad,False,9,8,0-9,0-9,harakat_top_prediction
طَرّ,turr,turr,True,4,4,0-9,0-9,harakat_top_prediction
طْيُون,tayyuun,tyuun,False,6,7,0-9,0-9,harakat_top_prediction
نَشَب,nashab,nashshib,False,5,6,0-9,0-9,harakat_top_prediction
على طُول,3ala tuul,3ala tuul,True,8,9,0-9,0-9,harakat_top_prediction
يفَرِّك,yifruk,yfarrik,False,7,6,0-9,0-9,harakat_top_prediction
يِحْسِم,yi7sim,yi7sim,True,7,6,0-9,0-9,harakat_top_prediction
شَمْلِة,shamle,shamle,True,7,6,0-9,0-9,harakat_top_prediction
يِتْعَثَّر,yit3attar,yit3attar,True,10,9,10-19,0-9,harakat_top_prediction
دَلْهِم,dalham,dalham,True,7,6,0-9,0-9,harakat_top_prediction
إِجِرِي عإِجرك,2ijri 3a2ijrak,2ijir 3akir,False,14,14,10-19,10-19,harakat_top_prediction
يِتْوَعَّك,yitwa33ak,yitwa33ak,True,10,9,10-19,0-9,harakat_top_prediction
حَبَارِيق,7abaariiq,7abaariiq,True,9,9,0-9,0-9,harakat_top_prediction
كَرْعَة,kar3a,kar3a,True,7,5,0-9,0-9,harakat_top_prediction
عَكْرُوت,3akruut,3akruut,True,8,7,0-9,0-9,harakat_top_prediction
تْسَرْسَب,tsarsab,tsarsab,True,9,7,0-9,0-9,harakat_top_prediction
يُضْرُب صُحْبِة,yudrub su7be,yudrub su7be,True,15,12,10-19,10-19,harakat_top_prediction
يِتْهَجَّر,yithajjar,yithajjar,True,10,9,10-19,0-9,harakat_top_prediction
اِسْتَطَاع,3istataa3,2istataa3,False,10,9,10-19,0-9,harakat_top_prediction
كَحْرِت,ka7rit,ka7rit,True,7,6,0-9,0-9,harakat_top_prediction
اِصْمَع,2imsa3,2isma3,False,7,6,0-9,0-9,harakat_top_prediction
خْرُوج,khruuj,kharwij,False,6,6,0-9,0-9,harakat_top_prediction
شَقَى,shaqa,shaqqa,False,5,5,0-9,0-9,harakat_top_prediction
رَجَم,rajam,rajam,True,5,5,0-9,0-9,harakat_top_prediction
وَسَط,wassit,wasat,False,5,6,0-9,0-9,harakat_top_prediction
مَطَّر,matar,mattar,False,6,5,0-9,0-9,harakat_top_prediction
تَنْتَف,tantaf,tnatfat,False,7,6,0-9,0-9,harakat_top_prediction
مَفْقُود,mafquud,mafquud,True,8,7,0-9,0-9,harakat_top_prediction
أُذُونِة,2uzuune,2uzuune,True,8,7,0-9,0-9,harakat_top_prediction
مَرَص,maras,maras,True,5,5,0-9,0-9,harakat_top_prediction
يقَنِّي,yiqni,yqanni,False,7,5,0-9,0-9,harakat_top_prediction
لو توقف الجَاجة عإِجر,law tuuqaf 2iljaaje 3a 2ijir,looje 2il3afat 2iljaraj,False,21,28,20-29,20-29,harakat_top_prediction
روَابِط,rawaabit,rawaabit,True,7,8,0-9,0-9,harakat_top_prediction
نَتَف,nattaf,nattif,False,5,6,0-9,0-9,harakat_top_prediction
هَايِف,haayif,haayif,True,6,6,0-9,0-9,harakat_top_prediction
اِنْتِهِي,2intihi,2intahi,False,9,7,0-9,0-9,harakat_top_prediction
تَدْلِيل,tadliil,tadliil,True,8,7,0-9,0-9,harakat_top_prediction
عَجَارِيم,3ajaariim,3ajaariim,True,9,9,0-9,0-9,harakat_top_prediction
مَحْذُوف,ma7zuuf,ma7zuuf,True,8,7,0-9,0-9,harakat_top_prediction
هَرْجَل,hargil,hargal,False,7,6,0-9,0-9,harakat_top_prediction
اِخْوِل,2ikhwil,2ikhwil,True,7,7,0-9,0-9,harakat_top_prediction
تْوَصَّل,twassal,twassal,True,8,7,0-9,0-9,harakat_top_prediction
يسَيِّئ,ysii2,ysayyi2,False,7,5,0-9,0-9,harakat_top_prediction
جَلْوِة,jalwe,jalwe,True,7,5,0-9,0-9,harakat_top_prediction
السَّنة ورَا البَاب,2issane wara 2ilbaab,2issane wirra bilbaalaan,False,19,20,10-19,20-29,harakat_top_prediction
رَجَا,raja,rija,False,5,4,0-9,0-9,harakat_top_prediction
مْحَجِّب,m7ajjab,m7ajjib,False,8,7,0-9,0-9,harakat_top_prediction
يجَرْدِم,yjardim,yjardim,True,8,7,0-9,0-9,harakat_top_prediction
اِحْتِمَال,2i7timaal,2i7timaal,True,10,9,10-19,0-9,harakat_top_prediction
فَتَح شَعِي بَلَاب,tifta7ish 3alay baab,fata7 sha3abi bilbaal,False,18,20,10-19,20-29,harakat_top_prediction
مْدَومِح,mdoomi7,mdoomi7,True,8,7,0-9,0-9,harakat_top_prediction
يِتْنَفَّس,yitnaffas,yitnaffas,True,10,9,10-19,0-9,harakat_top_prediction
شِيبَان,shiibaan,shiibaan,True,7,8,0-9,0-9,harakat_top_prediction
تْسَامَر,tsaamar,tsaamar,True,8,7,0-9,0-9,harakat_top_prediction
خْصُوص,khusuus,khsuus,False,6,7,0-9,0-9,harakat_top_prediction
زْعِيم,za3iim,z3iim,False,6,6,0-9,0-9,harakat_top_prediction
اِسْتَقْوَى,2istaqwa,2istaqwa,True,11,8,10-19,0-9,harakat_top_prediction
نَاظُور,naazuur,nazuur,False,7,7,0-9,0-9,harakat_top_prediction
رَحَم,ra7im,ra77am,False,5,5,0-9,0-9,harakat_top_prediction
يضَعْضِع,yda3di3,yda3di3,True,8,7,0-9,0-9,harakat_top_prediction
اِنْمِعِص,2inmi3is,2inma3as,False,9,8,0-9,0-9,harakat_top_prediction
هَدْهِد,hidhid,hadhid,False,7,6,0-9,0-9,harakat_top_prediction
اُهْضُم,2ihmud,2uhdum,False,7,6,0-9,0-9,harakat_top_prediction
فَاعِل خِير,faa3il kheer,faa3il kheer,True,11,12,10-19,10-19,harakat_top_prediction
نَام على لحم بطنه,naam 3ala la7im batno,naam 3ala 3a7ala batammno,False,17,21,10-19,20-29,harakat_top_prediction
يلَوِّش,yluush,ylawwish,False,7,6,0-9,0-9,harakat_top_prediction
جَمِّل,jumal,jammal,False,6,5,0-9,0-9,harakat_top_prediction
اِضْوِي,2idwi,2idwi,True,7,5,0-9,0-9,harakat_top_prediction
مَغْرَفِة,maghrafe,maghrafe,True,9,8,0-9,0-9,harakat_top_prediction
اِتْخَرْبَش,2itkharbash,2itkharbash,True,11,11,10-19,10-19,harakat_top_prediction
يكَايِد,ykaayid,ykaayid,True,7,7,0-9,0-9,harakat_top_prediction
دَسْكِر,daskar,daskir,False,7,6,0-9,0-9,harakat_top_prediction
يِكْحَش,yik7ash,yka77ish,False,7,7,0-9,0-9,harakat_top_prediction
يفَوِّش,yfuush,yfawwish,False,7,6,0-9,0-9,harakat_top_prediction
كَنَّز,kannaz,kannaz,True,6,6,0-9,0-9,harakat_top_prediction
شَلَّخ,shallikh,shallakh,False,6,8,0-9,0-9,harakat_top_prediction
يِتْرَغَّل,ytarghil,yitraghghal,False,10,8,10-19,0-9,harakat_top_prediction
رَنَّخ,rannikh,rannakh,False,6,7,0-9,0-9,harakat_top_prediction
شَحْوَط,sha7wat,sha7wit,False,7,7,0-9,0-9,harakat_top_prediction
أَصْفَر,2asfar,2asfar,True,7,6,0-9,0-9,harakat_top_prediction
تْمَطَّط,tmattat,tmattat,True,8,7,0-9,0-9,harakat_top_prediction
أَضْعَاف,2ad3aaf,2ad3aaf,True,8,7,0-9,0-9,harakat_top_prediction
الكِخّ أَخُو الخَرَا,2il kikhkh 2akhu 2ilkhara,2ilkikhkir 2ikhsaawak,False,20,25,20-29,20-29,harakat_top_prediction
تَلَامِيذ,talaamiiz,talaamiiz,True,9,9,0-9,0-9,harakat_top_prediction
شَلْطُوفِة,shaltuufe,shaltuufe,True,10,9,10-19,0-9,harakat_top_prediction
أُخُت,2ukhut,2ukht,False,5,6,0-9,0-9,harakat_top_prediction
تْفَكْهَن,tfakhan,tfakhan,True,9,7,0-9,0-9,harakat_top_prediction
اِنْهَب,2inhab,2inhib,False,7,6,0-9,0-9,harakat_top_prediction
تْخَابَر,tkhaabar,tkhaabar,True,8,8,0-9,0-9,harakat_top_prediction
مْوَنْجِق,mwanjaq,mwanjiq,False,9,7,0-9,0-9,harakat_top_prediction
يلعن أبو اللي فضك,yil3an 2abu 2illi nafadak,yil3an 2abilb fiik 2il2ad walafiik,False,17,25,10-19,20-29,harakat_top_prediction
يدَنِّس,ydannis,ydannis,True,7,7,0-9,0-9,harakat_top_prediction
مَرْتَبِة,martabe,martabe,True,9,7,0-9,0-9,harakat_top_prediction
شَوط,shuut,shawwit,False,4,5,0-9,0-9,harakat_top_prediction
لَولَصَة,loolasa,loolasa,True,8,7,0-9,0-9,harakat_top_prediction
وَغْوَش,waghwash,waghwish,False,7,8,0-9,0-9,harakat_top_prediction
فَقُّوس,faqquus,faqquus,True,7,7,0-9,0-9,harakat_top_prediction
فَوت,fawwit,fuut,False,4,6,0-9,0-9,harakat_top_prediction
اِتْشَرَّح,2itsharra7,2itsharra7,True,10,10,10-19,10-19,harakat_top_prediction
يِنْفِرِم,yinifrim,yinfirim,False,9,8,0-9,0-9,harakat_top_prediction
وَفِي,wafi,wafi,True,5,4,0-9,0-9,harakat_top_prediction
يسَفِّق,yisfuq,ysaffiq,False,7,6,0-9,0-9,harakat_top_prediction
حَرِيم,7rayyim,7ariim,False,6,7,0-9,0-9,harakat_top_prediction
غَلَف,ghallaf,ghallif,False,5,7,0-9,0-9,harakat_top_prediction
يزَرْزِرّ,yzarzirr,yzarzir,False,9,8,0-9,0-9,harakat_top_prediction
زي لوح القزَاز لَا طيز ولَا بزَاز,zay loo7il iqzaaz laa tiiz wala bzaaz,zayy loo7 2iliqzaa waazi bzaaz,False,33,37,30-39,30-39,harakat_top_prediction
اِسْتَحْلِف,2ista7laf,2ista7lif,False,11,9,10-19,0-9,harakat_top_prediction
خَيَال,khayyaal,khayaal,False,6,8,0-9,0-9,harakat_top_prediction
قَرَاقِر,qaraaqir,qaraaqir,True,8,8,0-9,0-9,harakat_top_prediction
يطِيع,ytii3,ytii3,True,5,5,0-9,0-9,harakat_top_prediction
فَلْفَل,falfal,falfil,False,7,6,0-9,0-9,harakat_top_prediction
اِتْجَرْجَر,2itjarjar,2itjarjar,True,11,9,10-19,0-9,harakat_top_prediction
اِحْتِوِي,2i7tiwi,2i7tiwi,True,9,7,0-9,0-9,harakat_top_prediction
أُمْنِيِّة,2umniyye,2umniyye,True,10,8,10-19,0-9,harakat_top_prediction
عِنْبِة,3unbe,3inbe,False,7,5,0-9,0-9,harakat_top_prediction
اِفْتِعَال,2ifti3aal,2ifti3aal,True,10,9,10-19,0-9,harakat_top_prediction
يِزْعَط,yza33it,yiz3at,False,7,7,0-9,0-9,harakat_top_prediction
هْنَابِة,hnaabe,hanaabe,False,8,6,0-9,0-9,harakat_top_prediction
مَسْرُولِة,msarwale,masruule,False,10,8,10-19,0-9,harakat_top_prediction
حَوَّج,7awwaj,7awwij,False,6,6,0-9,0-9,harakat_top_prediction
كَهْنِة,kahane,kahne,False,7,6,0-9,0-9,harakat_top_prediction
تْلَقَّن,tlaqqan,tlaqqan,True,8,7,0-9,0-9,harakat_top_prediction
مُسْتَحِي,mista7i,musta7i,False,9,7,0-9,0-9,harakat_top_prediction
تْحَضَّر,t7addar,t7addar,True,8,7,0-9,0-9,harakat_top_prediction
سِيجَارَة,sigaara,siijaara,False,9,7,0-9,0-9,harakat_top_prediction
يدَخْمِس,ydakhmis,ydakhmis,True,8,8,0-9,0-9,harakat_top_prediction
يغَفِّي,yghaffi,yghaffi,True,7,7,0-9,0-9,harakat_top_prediction
يِتْلَاشَى,yitlaasha,yitlaasha,True,10,9,10-19,0-9,harakat_top_prediction
اِتْجَنَّد,2itjannad,2itjannad,True,10,9,10-19,0-9,harakat_top_prediction
قَرْوِي,qarawi,qarwi,False,7,6,0-9,0-9,harakat_top_prediction
مَسْحُول,msa7wil,mas7uul,False,8,7,0-9,0-9,harakat_top_prediction
يِتْكَمْكَر,yitshamtshar,yitkamkar,False,11,12,10-19,10-19,harakat_top_prediction
يشِمّ الهَوَا,yshimm 2ilhawaa,yshimm 2ilwahwa,False,13,15,10-19,10-19,harakat_top_prediction
يُكْمُر,yukmur,yikmar,False,7,6,0-9,0-9,harakat_top_prediction
مْقَنْشِع,mqkanshi3,mqanshi3,False,9,9,0-9,0-9,harakat_top_prediction
مَاكِل رَوح الخَلّ,maakil roo7 2ilkhall,maakil roo7 2ilkhal,False,18,20,10-19,20-29,harakat_top_prediction
اِرْتِكِن,2irtakan,2irtakan,True,9,8,0-9,0-9,harakat_top_prediction
لَدّ,lidd,ladd,False,4,4,0-9,0-9,harakat_top_prediction
اِرْكُن,2irkin,2irkun,False,7,6,0-9,0-9,harakat_top_prediction
يِتْشَاوَر,yitshaawar,yitshaawar,True,10,10,10-19,10-19,harakat_top_prediction
القَالب غَالب,2ilqaalib ghaalib,2ilqaal baaghal,False,13,17,10-19,10-19,harakat_top_prediction
هَفْهَف,hafhif,hafhif,True,7,6,0-9,0-9,harakat_top_prediction
جَوّ,jaww,wajj,False,4,4,0-9,0-9,harakat_top_prediction
بَرَاطِش,baraatish,baraatish,True,8,9,0-9,0-9,harakat_top_prediction
نِفْسُه حَامْضَة,nifso 7aamda,nifso 7aamda,True,16,12,10-19,10-19,harakat_top_prediction
اِكْتِسِح,2iktisi7,2iktasa7,False,9,8,0-9,0-9,harakat_top_prediction
مْنَحِّل,mun7all,mna77il,False,8,7,0-9,0-9,harakat_top_prediction
لْوَاج,lwaaj,lwaaj,True,6,5,0-9,0-9,harakat_top_prediction
تْفَرَّق,tfarraq,tfarraq,True,8,7,0-9,0-9,harakat_top_prediction
اِزْبِن,2izbin,2izbin,True,7,6,0-9,0-9,harakat_top_prediction
قَنَاعَة,qanaa3a,qanaa3a,True,8,7,0-9,0-9,harakat_top_prediction
اِرْعِد,2ir3id,2ir3id,True,7,6,0-9,0-9,harakat_top_prediction
سْهُول,shuul,shuul,True,6,5,0-9,0-9,harakat_top_prediction
اُفْرُش,2ifrish,2ifrish,True,7,7,0-9,0-9,harakat_top_prediction
نَوَاظِير,nawaaziir,nawaaziir,True,9,9,0-9,0-9,harakat_top_prediction
لَقَّح,laqqa7,laqqa7,True,6,6,0-9,0-9,harakat_top_prediction
دَرَب,darb,darrib,False,5,4,0-9,0-9,harakat_top_prediction
يطَبِّخ,yutbukh,ytabbikh,False,7,7,0-9,0-9,harakat_top_prediction
يِتْنَافَر,yitnaafar,yitnaafar,True,10,9,10-19,0-9,harakat_top_prediction
مشتغل فيه الشغل الأزرق,mishtighil fii 2ishshughul 2il2azraq,mishtil 2aghali 2aghizzziq 2arashiiq,False,22,36,20-29,30-39,harakat_top_prediction
مِتْدَرْوِن,middarwin,middoorin,False,11,9,10-19,0-9,harakat_top_prediction
يلَسْوِع,ylaswi3,ylaswi3,True,8,7,0-9,0-9,harakat_top_prediction
مْفَاهَقَة,mfaahaqa,mfaahaqa,True,10,8,10-19,0-9,harakat_top_prediction
جَوَارِير,jawaariir,jawaariir,True,9,9,0-9,0-9,harakat_top_prediction
كَذَّاب,kazzaabkadhdhaab,kazzaabak,False,7,16,0-9,10-19,harakat_top_prediction
تْبَزْلَط,tbazlat,tbazlat,True,9,7,0-9,0-9,harakat_top_prediction
جَرْدَم,jardim,jardam,False,7,6,0-9,0-9,harakat_top_prediction
خُلْقُه ضَيِّق,khulqo diyyiq,khulqo dayyiq,False,14,13,10-19,10-19,harakat_top_prediction
قَصِيم ونَم,qamiis noom,qasiim wunam,False,11,11,10-19,10-19,harakat_top_prediction
نَعَف,na3if,na33if,False,5,5,0-9,0-9,harakat_top_prediction
خَشَبِة,khashabe,khashabe,True,7,8,0-9,0-9,harakat_top_prediction
جُلْبَاطُو,djulbaatuu,jalbuut,False,10,10,10-19,10-19,harakat_top_prediction
اِكْذِب,2ikzib,2ikzib2ikdhib,False,7,6,0-9,0-9,harakat_top_prediction
بَعْبَع,ba3ba3,ba3bi3,False,7,6,0-9,0-9,harakat_top_prediction
مَمْسَحَة,mamsa7a,mamsa7a,True,9,7,0-9,0-9,harakat_top_prediction
كَبَّر,kabbir,kabbir,True,6,6,0-9,0-9,harakat_top_prediction
أَنَا أَمِير وَاِنْت أَمِير ومِين سَوَّاق الحَمِير,2ana 2amiir winta 2amiir wumiin sawwaaq 2il7amiir,2an 2immaar yaa wu2illa min yaa yin yaa min 2arrasa7iir mama wa ma ,False,50,49,50-59,40-49,harakat_top_prediction
عَرْقَص,3arqas,3arqis,False,7,6,0-9,0-9,harakat_top_prediction
مَكِيدِة,makiide,makiide,True,8,7,0-9,0-9,harakat_top_prediction
يحَوِّر,y7awwir,y7awwir,True,7,7,0-9,0-9,harakat_top_prediction
مَغْفَرَة,maghfira,maghfara,False,9,8,0-9,0-9,harakat_top_prediction
يخُصّ,ykhuss,ykhuss,True,5,6,0-9,0-9,harakat_top_prediction
حَسْبِن,7asban,7asbin,False,7,6,0-9,0-9,harakat_top_prediction
اِتْصَلَّب,2itsallab,2itsallab,True,10,9,10-19,0-9,harakat_top_prediction
يِنْجِغِم,yinjighim,yinjighim,True,9,9,0-9,0-9,harakat_top_prediction
خَلِّيط,khalliit,khalliit,True,7,8,0-9,0-9,harakat_top_prediction
كَمْكَر,tshamtshir,kamkar,False,7,10,0-9,10-19,harakat_top_prediction
سِرُّه غميق,sirro ghamiiq,siro ghummiq,False,11,13,10-19,10-19,harakat_top_prediction
تْوَكَّل على اله,twakkal 3a2alla,twakkal 3ala,False,16,15,10-19,10-19,harakat_top_prediction
سَعِي,sa3i,sa3i,True,5,4,0-9,0-9,harakat_top_prediction
هَيكَلِيِّة,haykaliyye,heekaliyye,False,11,10,10-19,10-19,harakat_top_prediction
ينَسِّي,ynassi,ynassi,True,7,6,0-9,0-9,harakat_top_prediction
مِشْط الإِجِر,misht 2il2ijir,mish 2ittaarij,False,13,14,10-19,10-19,harakat_top_prediction
مِسْتَوْرِد,mustawrad,mistawrid,False,11,9,10-19,0-9,harakat_top_prediction
تْوَضَّح,twadda7,twadda7,True,8,7,0-9,0-9,harakat_top_prediction
مقدحة معه,mqad7a ma3o,mqadda7it 3ummo,False,9,11,0-9,10-19,harakat_top_prediction
شَطَب,shattib,shattab,False,5,7,0-9,0-9,harakat_top_prediction
لِيلِة,leele,liile,False,6,5,0-9,0-9,harakat_top_prediction
يِنْفِرِض,yinfirid,yinfirid,True,9,8,0-9,0-9,harakat_top_prediction
شَعَب,sha3ib,sha33ib,False,5,6,0-9,0-9,harakat_top_prediction
سَفّ,saff,saff,True,4,4,0-9,0-9,harakat_top_prediction
فَافِي,faafi,faafi,True,6,5,0-9,0-9,harakat_top_prediction
ذِبْلَان,dablaan,diblaan,False,8,7,0-9,0-9,harakat_top_prediction
جَنَّط,jannit,jannat,False,6,6,0-9,0-9,harakat_top_prediction
يِصْهَر,yishar,yishar,True,7,6,0-9,0-9,harakat_top_prediction
اِتْبَكْلَش,2itbaklash,2itbaklash,True,11,10,10-19,10-19,harakat_top_prediction
زَنْخَة,zanakha,zankha,False,7,7,0-9,0-9,harakat_top_prediction
هَرَب,harrib,harrab,False,5,6,0-9,0-9,harakat_top_prediction
أَفْشَى,2afsha,2afsha,True,7,6,0-9,0-9,harakat_top_prediction
زَرَب,zarab,zarrib,False,5,5,0-9,0-9,harakat_top_prediction
سَفَح,safi7,saffa7,False,5,5,0-9,0-9,harakat_top_prediction
اِتْدَرْوَن,2iddarwan,2iddarwan,True,11,9,10-19,0-9,harakat_top_prediction
ثَقَب,thaqkab,thuqub,False,5,7,0-9,0-9,harakat_top_prediction
يِتْحَلَّى,yit7alla,yit7alla,True,10,8,10-19,0-9,harakat_top_prediction
مَحَامِيس,ma7aamiis,ma7aamiis,True,9,9,0-9,0-9,harakat_top_prediction
يُشْرُق,ysharriq,ysharriq,True,7,8,0-9,0-9,harakat_top_prediction
يقَصِّب,yqabbis,yqassib,False,7,7,0-9,0-9,harakat_top_prediction
عَالأَخِير,3al2akhiir,3alaa2akhiir,False,10,10,10-19,10-19,harakat_top_prediction
مَبَارِك,mbaarik,mabaarik,False,8,7,0-9,0-9,harakat_top_prediction
قَاهِر,qaahar,qaahir,False,6,6,0-9,0-9,harakat_top_prediction
يِتْدَوَّش,yiddawwash,yiddawwash,True,10,10,10-19,10-19,harakat_top_prediction
يمَوِّل,ymawwil,ymawwil,True,7,7,0-9,0-9,harakat_top_prediction
يلَهْلِب,ylahlib,ylahlib,True,8,7,0-9,0-9,harakat_top_prediction
مَرَاجِل,maraajil,maraajil,True,8,8,0-9,0-9,harakat_top_prediction
مُسْتَعْمَرَة,musta3mara,musta3mara,True,13,10,10-19,10-19,harakat_top_prediction
اِتْبَرَّج,2itbarraj,2itbarraj,True,10,9,10-19,0-9,harakat_top_prediction
شَرَع,shara3,sharri3,False,5,6,0-9,0-9,harakat_top_prediction
مِلْحَاح,mil7aa7,mil7aa7,True,8,7,0-9,0-9,harakat_top_prediction
أَزْمِة مَاليِّة,2azme maaliyye,2azmit 2ilaye,False,16,14,10-19,10-19,harakat_top_prediction
قَهْوَجِيِّة,qahwajiyye,qahwajiyye,True,12,10,10-19,10-19,harakat_top_prediction
كَبْدِة,kibde,kabde,False,7,5,0-9,0-9,harakat_top_prediction
بَدَل,badal,baddal,False,5,5,0-9,0-9,harakat_top_prediction
شَالِح,shaali7,shaali7,True,6,7,0-9,0-9,harakat_top_prediction
يُعْقُد,yu3qud,y3aqqid,False,7,6,0-9,0-9,harakat_top_prediction
ضَغَط,daghat,daghghit,False,5,6,0-9,0-9,harakat_top_prediction
أَهْلاً وسَهْلاً,2ahlan wa sahlan,2ahla wisna,False,16,16,10-19,10-19,harakat_top_prediction
طَوفَرِيِّة,toofariyye,toofariyye,True,11,10,10-19,10-19,harakat_top_prediction
بَعَر,ba3ir,ba33ir,False,5,5,0-9,0-9,harakat_top_prediction
ضَيِّق,diiq,dayyiqdayyyi2,False,6,4,0-9,0-9,harakat_top_prediction
تِسْلَايِة,tislaaye,tislaaye,True,10,8,10-19,0-9,harakat_top_prediction
اِكْحَى,2ik7a,2ik7a,True,7,5,0-9,0-9,harakat_top_prediction
تَدْنِيس,tadniis,tadniis,True,8,7,0-9,0-9,harakat_top_prediction
يكَلِّم,ykallim,ykallim,True,7,7,0-9,0-9,harakat_top_prediction
عَكَفّ عِفْرِيت,3akaff 3afriit,3akaff 3afriit,True,15,14,10-19,10-19,harakat_top_prediction
شَيَاطِين,shayaatiin,shaytaani,False,9,10,0-9,10-19,harakat_top_prediction
حَفَّر,7ufar,7affir,False,6,5,0-9,0-9,harakat_top_prediction
عَرَّف,3arraf,3arrif,False,6,6,0-9,0-9,harakat_top_prediction
اللِّي مَالُه حَظّ ولَا بيِتْعَى,2illi maalo 7az laa yit3ab wala yishqa,2il3a madda yo7a bitla wa7ala,False,32,38,30-39,30-39,harakat_top_prediction
يصَعِّب,ysa33ib,yis3ab,False,7,7,0-9,0-9,harakat_top_prediction
فَطِير,ftiir,fatiir,False,6,5,0-9,0-9,harakat_top_prediction
تْفَلَّق,tfallaq,tfallaq,True,8,7,0-9,0-9,harakat_top_prediction
يمَسْلِغ,ymasligh,ymasligh,True,8,8,0-9,0-9,harakat_top_prediction
اِحْتَقَن,2i7taqan,2i7taqan,True,9,8,0-9,0-9,harakat_top_prediction
يوَزِّم,ywazzim,ywazzim,True,7,7,0-9,0-9,harakat_top_prediction
يِرْشِي,yirshi,yrashshi,False,7,6,0-9,0-9,harakat_top_prediction
اِنْحَسَد,2in7asad,2in7asad,True,9,8,0-9,0-9,harakat_top_prediction
تَرَاخِيص,taraakhiis,taraakhiis,True,9,10,0-9,10-19,harakat_top_prediction
صَبَايَا,sabaaya,sabaaya,True,8,7,0-9,0-9,harakat_top_prediction
زَنَابِيل,zanaabiil,zanaabiil,True,9,9,0-9,0-9,harakat_top_prediction
مْهَجِّن,mhajjan,mhadjdjin,False,8,7,0-9,0-9,harakat_top_prediction
يِتْعَهَّد,yit3ahhad,yit3ahhad,True,10,9,10-19,0-9,harakat_top_prediction
غِيَابِي,ghiyaabi,ghiyaabi,True,8,8,0-9,0-9,harakat_top_prediction
سَقَف,saqaf,saqqaf,False,5,5,0-9,0-9,harakat_top_prediction
بَلْطَون,baltaloon,baltoon,False,8,9,0-9,0-9,harakat_top_prediction
اِنْكِشِح,2inkasha7,2inkasha7,True,9,9,0-9,0-9,harakat_top_prediction
مَجْرَى المَي,majra 2ilmayy,majra 2ilmay,False,13,13,10-19,10-19,harakat_top_prediction
مُسْتَجَاب,mustajaab,mustajab,False,10,9,10-19,0-9,harakat_top_prediction
هَفْهَف,hafhaf,hafhif,False,7,6,0-9,0-9,harakat_top_prediction
يِتْمَرْقَط,yitmarqat,yitmarqat,True,11,9,10-19,0-9,harakat_top_prediction
مُوَاسَاة,muwaasaa,muwaasaa,True,9,8,0-9,0-9,harakat_top_prediction
مْجَاوِر,mjaawir,mjaawir,True,8,7,0-9,0-9,harakat_top_prediction
مُكَالَمِة,mukaalame,mukaalame,True,10,9,10-19,0-9,harakat_top_prediction
فَشَّر,fashar,fashshir,False,6,6,0-9,0-9,harakat_top_prediction
شُو جَاب الغُرَاب لإِمُّه,shuu jaab 2ilghuraab lammo,shuu 2ijbaab 2ilghur mashilo,False,25,26,20-29,20-29,harakat_top_prediction
رَكَّن,rakan,rakkin,False,6,5,0-9,0-9,harakat_top_prediction
عَينُه زَايْغَة,3eeno zaaygha,3eeno zghee,False,15,13,10-19,10-19,harakat_top_prediction
فَقَش,faqqash,faqqash,True,5,7,0-9,0-9,harakat_top_prediction
كَعْكُوز,ka3kooz,ka3kuuz,False,8,7,0-9,0-9,harakat_top_prediction
اِعْتِصِم,2i3tasam,2i3tasam,True,9,8,0-9,0-9,harakat_top_prediction
يلَحِّق,yla77iq,yla77iq,True,7,7,0-9,0-9,harakat_top_prediction
عَدِّن,3addin,3addin,True,6,6,0-9,0-9,harakat_top_prediction
عَيَّب,3eeb,3ayyib,False,6,4,0-9,0-9,harakat_top_prediction
ضَايِق,daayiq,daayiq,True,6,6,0-9,0-9,harakat_top_prediction
يِنْمِغِج,yinmighidj,yinmighidj,True,9,10,0-9,10-19,harakat_top_prediction
يزَرْقِن,yzargin,yzargin,True,8,7,0-9,0-9,harakat_top_prediction
رُطّ,ratt,rutt,False,4,4,0-9,0-9,harakat_top_prediction
اِنْكَتَب,2inkatab,2inkatab,True,9,8,0-9,0-9,harakat_top_prediction
كَامِيرَا,kamira,kaamiir,False,9,6,0-9,0-9,harakat_top_prediction
مْزَبْرِخ,mzabrikh,mzabrikh,True,9,8,0-9,0-9,harakat_top_prediction
الله لَا فَا الشَك,2ilfaal 2ilak 2inshaalla,2alla laafik 2ilaasha,False,18,24,10-19,20-29,harakat_top_prediction
نَاقِص,naaqis,naaqis,True,6,6,0-9,0-9,harakat_top_prediction
تْنَمْرَد,tnamrad,tnamrad,True,9,7,0-9,0-9,harakat_top_prediction
كَاسِة,koose,kaase,False,6,5,0-9,0-9,harakat_top_prediction
تْحَالَى,t7aalaa,t7aala,False,8,7,0-9,0-9,harakat_top_prediction
اِسْتَجْوِز,2istajwiz,2istajwiz,True,11,9,10-19,0-9,harakat_top_prediction
شَرَاشِيح,sharaashii7,sharaashii7,True,9,11,0-9,10-19,harakat_top_prediction
اِنْكَبَس,2inkibis,2inkibis,True,9,8,0-9,0-9,harakat_top_prediction
زَوَى,zawa,zawa,True,5,4,0-9,0-9,harakat_top_prediction
مَسْحُوب خيره,mas7uub kheero,mas7uub kheero,True,13,14,10-19,10-19,harakat_top_prediction
بَدَّاعَة,baddaa3a,baddaa3a,True,9,8,0-9,0-9,harakat_top_prediction
حَول,7uul,7awwil,False,4,4,0-9,0-9,harakat_top_prediction
نَبَض,nabad,nabad,True,5,5,0-9,0-9,harakat_top_prediction
هَاب,haab,haab,True,4,4,0-9,0-9,harakat_top_prediction
يِشْهَق,yishhaq,yishhaq,True,7,7,0-9,0-9,harakat_top_prediction
أَمْثَال,2amsaal,2amsaal,True,8,7,0-9,0-9,harakat_top_prediction
دَرْبَل,darbil,darbil,True,7,6,0-9,0-9,harakat_top_prediction
سَلَق,saliq,sallaq,False,5,5,0-9,0-9,harakat_top_prediction
اليَوم,2ilyoom,2ilyoom,True,6,7,0-9,0-9,harakat_top_prediction
يتَعِّس,yit3as,yta33is,False,7,6,0-9,0-9,harakat_top_prediction
يؤيِّد,y2ayyid,y2ayyid,True,6,7,0-9,0-9,harakat_top_prediction
شَلَّل,shalal,shallil,False,6,6,0-9,0-9,harakat_top_prediction
دِين,dayyan,dayyin,False,4,6,0-9,0-9,harakat_top_prediction
عَطَس,3ats,3attis,False,5,4,0-9,0-9,harakat_top_prediction
يِنْقِرِض,yinqirid,yinqirid,True,9,8,0-9,0-9,harakat_top_prediction
كَلِيل,tshilliil,kaliil,False,6,9,0-9,0-9,harakat_top_prediction
جَيِّب,jiib,jayyib,False,6,4,0-9,0-9,harakat_top_prediction
تَبَنِّي,tabanni,tabanni,True,8,7,0-9,0-9,harakat_top_prediction
لَهْوَج,lahwadj,lahwidj,False,7,7,0-9,0-9,harakat_top_prediction
طَفَّر,tafar,taffir,False,6,5,0-9,0-9,harakat_top_prediction
وَالِد,waalid,waalid,True,6,6,0-9,0-9,harakat_top_prediction
مْعَطْبِن,m3atbin,m3atbin,True,9,7,0-9,0-9,harakat_top_prediction
نَمْنَم,namnim,namnim,True,7,6,0-9,0-9,harakat_top_prediction
مْكَاغَاة,mkaaghaa,mkaaghaa,True,9,8,0-9,0-9,harakat_top_prediction
ضَاعِف,daa3af,daa3if,False,6,6,0-9,0-9,harakat_top_prediction
سَفَح,saffa7,saffa7,True,5,6,0-9,0-9,harakat_top_prediction
اِنْبِطِح,2inbata7,2inbata7,True,9,8,0-9,0-9,harakat_top_prediction
مُذْنِب,muznib,mudhanb,False,7,6,0-9,0-9,harakat_top_prediction
أَحيَا,2a7ya,2a7ya,True,6,5,0-9,0-9,harakat_top_prediction
شَرَّاع اللبن,shraa3 2illaban,sharra3 2il3anab,False,13,15,10-19,10-19,harakat_top_prediction
اُشْرُط,2ushrut,2ishrut,False,7,7,0-9,0-9,harakat_top_prediction
المِلِح مَا أثمر فيه,2ilmili7 maa 2atmar fii,2ilmil 7amil 2amirha fiithir,False,20,23,20-29,20-29,harakat_top_prediction
اِتْغَثْبَر,2itghathbar,2itghathbar,True,11,11,10-19,10-19,harakat_top_prediction
اِخْتِيَارِي,2ikhtiyaari,2ikhtiyaari,True,12,11,10-19,10-19,harakat_top_prediction
شَوَّافِة,shawwaafe,shawwaafe,True,9,9,0-9,0-9,harakat_top_prediction
يلَعِّن,yil3an,yla33in,False,7,6,0-9,0-9,harakat_top_prediction
مْوَقِّن,muuqin,mwaqqin,False,8,6,0-9,0-9,harakat_top_prediction
تْبَخَّن,tbakhkhan,tbakhkhan,True,8,9,0-9,0-9,harakat_top_prediction
هُنُود,hnuud,hunuud,False,6,5,0-9,0-9,harakat_top_prediction
يكِشّ,ykishsh,ykishsh,True,5,7,0-9,0-9,harakat_top_prediction
قَاصِد,qaasid,qaasid,True,6,6,0-9,0-9,harakat_top_prediction
سَفَّر,safar,saffir,False,6,5,0-9,0-9,harakat_top_prediction
مِتْقَوقِع,mitqooqi3,mitqooqi3,True,10,9,10-19,0-9,harakat_top_prediction
إِجْبِد,2ijbid,2ijbid,True,7,6,0-9,0-9,harakat_top_prediction
كَرَّر,karrir,karrir,True,6,6,0-9,0-9,harakat_top_prediction
قَلَز,2alaz,qalliz,False,5,5,0-9,0-9,harakat_top_prediction
يكَاتِب,ykaatib,ykaatib,True,7,7,0-9,0-9,harakat_top_prediction
طَلْطَمِيس,taltamiis,taltamiis,True,10,9,10-19,0-9,harakat_top_prediction
يِتْبَكْبَك,yibakbak,yitbakbak,False,11,8,10-19,0-9,harakat_top_prediction
تْوَاطَأ,twaata2,twaata2,True,8,7,0-9,0-9,harakat_top_prediction
قَطَّر,qattar,qattir,False,6,6,0-9,0-9,harakat_top_prediction
اِسْتَدْرَك,2istadrak,2istadrak,True,11,9,10-19,0-9,harakat_top_prediction
مْوَاخَذِة,mwaakhaze,mwaakhaze,True,10,9,10-19,0-9,harakat_top_prediction
اِتْتَلْمَذ,2ittalmaz,2itzalmaz,False,11,9,10-19,0-9,harakat_top_prediction
مْشَوِّش,mshawwash,mshawwish,False,8,9,0-9,0-9,harakat_top_prediction
تْذَوَّق,tadawwuq,tdawwaq,False,8,8,0-9,0-9,harakat_top_prediction
هَلْهَل,halhil,halhal,False,7,6,0-9,0-9,harakat_top_prediction
فَلِّت,fallit,fallit,True,6,6,0-9,0-9,harakat_top_prediction
اِتْشَطَّر,2itshattar,2itshattar,True,10,10,10-19,10-19,harakat_top_prediction
يفَعْوِص,yfa3wis,yfa3wis,True,8,7,0-9,0-9,harakat_top_prediction
يِطْفَش,yitfash,yitfash,True,7,7,0-9,0-9,harakat_top_prediction
لَحّ,la77,la77,True,4,4,0-9,0-9,harakat_top_prediction
يِنْحِلِب,yin7ilib,yin7ilib,True,9,8,0-9,0-9,harakat_top_prediction
يِفْتِرِس,yiftiris,yiftiris,True,9,8,0-9,0-9,harakat_top_prediction
دَرِّي,diri,darri,False,6,4,0-9,0-9,harakat_top_prediction
اِتْدَخْمَس,2iddakhmas,2iddakhmas,True,11,10,10-19,10-19,harakat_top_prediction
نَصِيب,nasiib,nasiib,True,6,6,0-9,0-9,harakat_top_prediction
مَهْنِيِّة,mihaniyye,mhanniyye,False,10,9,10-19,0-9,harakat_top_prediction
دَبْلِج,dablij,dablij,True,7,6,0-9,0-9,harakat_top_prediction
دَمَع,dammi3,dama3,False,5,6,0-9,0-9,harakat_top_prediction
جْرَافِة,jarraafe,jraafe,False,8,8,0-9,0-9,harakat_top_prediction
هَنْدَس,handis,handas,False,7,6,0-9,0-9,harakat_top_prediction
أَنْتَج,2antaj,2antaj,True,7,6,0-9,0-9,harakat_top_prediction
وَارِب,waarab,waarib,False,6,6,0-9,0-9,harakat_top_prediction
غَمِيق,ghamiiq,ghamiiq,True,6,7,0-9,0-9,harakat_top_prediction
اِحْفَظ,2i7faz,2i7faz,True,7,6,0-9,0-9,harakat_top_prediction
اِسْتَكْحَل,2istak7il,2istak7al,False,11,9,10-19,0-9,harakat_top_prediction
ضَيِّق,dayyiqdayyi2,dayyiqdayyyi2,False,6,12,0-9,10-19,harakat_top_prediction
مَرَض,marrad,marrid,False,5,6,0-9,0-9,harakat_top_prediction
نَبَز,nabbaz,nabbaz,True,5,6,0-9,0-9,harakat_top_prediction
كَسَّل,kassil,kassil,True,6,6,0-9,0-9,harakat_top_prediction
اِسْتَعْظَم,2ista3dham,2ista3dhim,False,11,10,10-19,10-19,harakat_top_prediction
مْهَوِّر,mhuur,mhawwir,False,8,5,0-9,0-9,harakat_top_prediction
مَصْعُوق,mas3uuq,mas3uuq,True,8,7,0-9,0-9,harakat_top_prediction
اِتْحَجَّر,2it7ajjar,2it7ajjar,True,10,9,10-19,0-9,harakat_top_prediction
دَوَاشِق,dawaashiqk,dawaashiq,False,8,10,0-9,10-19,harakat_top_prediction
دَبَّاسِة,dabbaase,dabbaase,True,9,8,0-9,0-9,harakat_top_prediction
سَعد الخَبَايَا,sa3ad 2ilkhabaaya,sa3ad 2ilkhabi,False,15,17,10-19,10-19,harakat_top_prediction
يلُوك,yluukg,yluuk,False,5,6,0-9,0-9,harakat_top_prediction
رَكَع,rakka3,rakka3,True,5,6,0-9,0-9,harakat_top_prediction
ثَرْثَرَة,sarsara,sarsara,True,9,7,0-9,0-9,harakat_top_prediction
مَحُو أُمِّيِة,ma7u 2ummiyye,ma7uum 2amiyye,False,14,13,10-19,10-19,harakat_top_prediction
تْشَرَّد,tsharrad,tsharrad,True,8,8,0-9,0-9,harakat_top_prediction
حَطّ الحُزُن بَِالجُرُن,7att 2il7uzun bildjurun,7att 2il7uzun biljurun,False,23,23,20-29,20-29,harakat_top_prediction
بِدِّي أَرُدِّله الصَّاع صَاعَين,biddi 2aruddillo 2issaa3 saa3een,biddiini 2issaaro 3alalid,False,32,32,30-39,30-39,harakat_top_prediction
نَشَر,nashshar,nashshir,False,5,8,0-9,0-9,harakat_top_prediction
عَضَلِة,3adale,3adale,True,7,6,0-9,0-9,harakat_top_prediction
يصُوغ,ysuugh,ysawwigh,False,5,6,0-9,0-9,harakat_top_prediction
دَوبَل,doobal,doobil,False,6,6,0-9,0-9,harakat_top_prediction
دِبْسِيِّة,dibsiyye,dibsiyye,True,10,8,10-19,0-9,harakat_top_prediction
جَبِّب,djibab,jabbab,False,6,6,0-9,0-9,harakat_top_prediction
مَحْسُوم,ma7suummakhsuum,ma7suum,False,8,15,0-9,10-19,harakat_top_prediction
غَطَس,ghattis,ghatas,False,5,7,0-9,0-9,harakat_top_prediction
اِعْصِي,2i3si,2i3si,True,7,5,0-9,0-9,harakat_top_prediction
طَنِّة,tanne,tanne,True,6,5,0-9,0-9,harakat_top_prediction
اِتْفَضَّل,2itfaddal,2itfaddal,True,10,9,10-19,0-9,harakat_top_prediction
كَرْكَر,karkar,karkir,False,7,6,0-9,0-9,harakat_top_prediction
صَمْصُوم,samsuum,masmuus,False,8,7,0-9,0-9,harakat_top_prediction
أَعْرَج,2a3raj,2a3raj,True,7,6,0-9,0-9,harakat_top_prediction
يكَرْمِش,ykarmish,ykarmish,True,8,8,0-9,0-9,harakat_top_prediction
تْبَكَّم,tbakkam,tbakkam,True,8,7,0-9,0-9,harakat_top_prediction
اِسْتَرَقّ,2istariqq,2istaraqq,False,10,9,10-19,0-9,harakat_top_prediction
عِصْيَان,3isyaan,3isyaan,True,8,7,0-9,0-9,harakat_top_prediction
زِيق,ziiqk,ziiq,False,4,5,0-9,0-9,harakat_top_prediction
خَرْبَش,kharbish,kharbish,True,7,8,0-9,0-9,harakat_top_prediction
حَزْمِة,7uzme,7azme,False,7,5,0-9,0-9,harakat_top_prediction
هَاد,haad,haad,True,4,4,0-9,0-9,harakat_top_prediction
لَوَيش,laweesh,laweesh,True,6,7,0-9,0-9,harakat_top_prediction
يشَوِّب,yshawwib,yshawwib,True,7,8,0-9,0-9,harakat_top_prediction
هَجَّج,hadjdjadj,hadjdjidj,False,6,9,0-9,0-9,harakat_top_prediction
لَفَع,laffa3,laffi3,False,5,6,0-9,0-9,harakat_top_prediction
فَتَّات,futaat,fattaat,False,7,6,0-9,0-9,harakat_top_prediction
إِرْهَاب,2irhaab,2irhaab,True,8,7,0-9,0-9,harakat_top_prediction
تَنُّورَة,tannuura,tanuura,False,9,8,0-9,0-9,harakat_top_prediction
تْسَخْمَط,tsakhmat,tsakhmat,True,9,8,0-9,0-9,harakat_top_prediction
يفَلِّج,yiflij,yfallij,False,7,6,0-9,0-9,harakat_top_prediction
ضَبِّط,dabat,dabbat,False,6,5,0-9,0-9,harakat_top_prediction
رَاس,raas,raas,True,4,4,0-9,0-9,harakat_top_prediction
ثَنَى,tana,tana,True,5,4,0-9,0-9,harakat_top_prediction
شَوق,shawwiq,shooq,False,4,7,0-9,0-9,harakat_top_prediction
هَبْرِج,habraj,habrij,False,7,6,0-9,0-9,harakat_top_prediction
حْلُوش,7alwish,7luush,False,6,7,0-9,0-9,harakat_top_prediction
يِتْفَهَّم,yitfahham,yitfahham,True,10,9,10-19,0-9,harakat_top_prediction
سُمُوم,samuum,sumuum,False,6,6,0-9,0-9,harakat_top_prediction
تْسَتَّت,tsattat,tsattat,True,8,7,0-9,0-9,harakat_top_prediction
مْكَتَّف,mkattaf,mkattaf,True,8,7,0-9,0-9,harakat_top_prediction
إِرْهَاق,2irhaaq,2irhaaq,True,8,7,0-9,0-9,harakat_top_prediction
مِن وَرَا,min wara,min wura,False,9,8,0-9,0-9,harakat_top_prediction
مَسِّي,massi,massi,True,6,5,0-9,0-9,harakat_top_prediction
كَنَاكِيز,kanaakiiz,kanaakiiz,True,9,9,0-9,0-9,harakat_top_prediction
تْلَخَّص,tlakhkhas,tlakhkhas,True,8,9,0-9,0-9,harakat_top_prediction
يُنْقُص,yinqas,ynaqqis,False,7,6,0-9,0-9,harakat_top_prediction
خْشُوم,khshuum,khshuum,True,6,7,0-9,0-9,harakat_top_prediction
يِتْغَشْمَن,yitghashman,yitghashman,True,11,11,10-19,10-19,harakat_top_prediction
مْكَنِّن,mkankin,mkannin,False,8,7,0-9,0-9,harakat_top_prediction
غَرَامِة,gharaame,gharaame,True,8,8,0-9,0-9,harakat_top_prediction
غِلِي,ghili,ghalli,False,5,5,0-9,0-9,harakat_top_prediction
اُقْلُق,2iqlaq,2uqluq,False,7,6,0-9,0-9,harakat_top_prediction
مْرَوِّح,mirwi7,mrawwi7,False,8,6,0-9,0-9,harakat_top_prediction
مَعْيُون,ma3yuun,ma3yuun,True,8,7,0-9,0-9,harakat_top_prediction
قَصِر نَظَر,qusur nazar,qasir nadhir,False,11,11,10-19,10-19,harakat_top_prediction
تَقْبِيح,taqbii7,taqbii7,True,8,7,0-9,0-9,harakat_top_prediction
بَنَّايِة,bannaaye,bannaaye,True,9,8,0-9,0-9,harakat_top_prediction
رَقَّص,raqqis,raqqis,True,6,6,0-9,0-9,harakat_top_prediction
عَوَج,3uuj,3ooj,False,5,4,0-9,0-9,harakat_top_prediction
تْدَارَك,2iddaarak,2iddaarak,True,8,9,0-9,0-9,harakat_top_prediction
أَخْفَق,2akhfaq,2akhfaq,True,7,7,0-9,0-9,harakat_top_prediction
شَبْلَكِة,shbilke,shablake,False,9,7,0-9,0-9,harakat_top_prediction
خَرَا,khara,khara,True,5,5,0-9,0-9,harakat_top_prediction
طِئ,ti2,ta22,False,3,3,0-9,0-9,harakat_top_prediction
يحِيح,y7ayyi7,y7ii7,False,5,7,0-9,0-9,harakat_top_prediction
سَطَّر,sattir,sattar,False,6,6,0-9,0-9,harakat_top_prediction
أَصْحَاب,2as7aab,2as7aab,True,8,7,0-9,0-9,harakat_top_prediction
اِحْتَجّ,2i7tajj,2i7tajj,True,8,7,0-9,0-9,harakat_top_prediction
اِنْكَشَف,2inkashaf,2inkashaf,True,9,9,0-9,0-9,harakat_top_prediction
يقَيِّل,yqayyil,yqayyil,True,7,7,0-9,0-9,harakat_top_prediction
يِبْتِسِم,yibtisim,yibtisim,True,9,8,0-9,0-9,harakat_top_prediction
اِسْخَى,2iskha,2iskha,True,7,6,0-9,0-9,harakat_top_prediction
مَغْمُور,maghmuur,maghmuur,True,8,8,0-9,0-9,harakat_top_prediction
خرط مشطي,kharat mushti,khart miish,False,8,13,0-9,10-19,harakat_top_prediction
كَسَر إِجْرُه,kasar 2ijro,kasar rijro,False,13,11,10-19,10-19,harakat_top_prediction
حُرْقَان,7araqaan,7urqaan,False,8,8,0-9,0-9,harakat_top_prediction
بَاذِنْجَانِة,baatinjaane,bidjdhaane,False,13,11,10-19,10-19,harakat_top_prediction
تْنَقَّش,tnaqqash,tnaqqash,True,8,8,0-9,0-9,harakat_top_prediction
مْسَبِّك,msabbak,msabbik,False,8,7,0-9,0-9,harakat_top_prediction
اِسْتَحَالِة,2isti7aale,2isti7aale,True,12,10,10-19,10-19,harakat_top_prediction
ينَاهِض,ynaahid,ynaahid,True,7,7,0-9,0-9,harakat_top_prediction
بَرَازِق,baraaziq,baraaziq,True,8,8,0-9,0-9,harakat_top_prediction
يدَهْدِك,ydahdik,ydahdik,True,8,7,0-9,0-9,harakat_top_prediction
نِجْمُه غَاطِس,nijmo ghaatis,nijmo ghaatas,False,14,13,10-19,10-19,harakat_top_prediction
يِتْغَلَّى,yitghalla,yitghalla,True,10,9,10-19,0-9,harakat_top_prediction
يدَايِن,ydaayin,ydaayin,True,7,7,0-9,0-9,harakat_top_prediction
أَهْوَن بَلَا,2ahwan bala,2ahwan bila,False,13,11,10-19,10-19,harakat_top_prediction
اِنْكَحَش,yinki7ish,2inka7ash,False,9,9,0-9,0-9,harakat_top_prediction
كَسَّل,kasal,kassil,False,6,5,0-9,0-9,harakat_top_prediction
مْطَوِّل,mtawwil,mtawwil,True,8,7,0-9,0-9,harakat_top_prediction
يكَعْوِش,yka3wish,yka3wish,True,8,8,0-9,0-9,harakat_top_prediction
رَنْدَح,randi7,randa7,False,7,6,0-9,0-9,harakat_top_prediction
فَشْكِة,fashake,fashke,False,7,7,0-9,0-9,harakat_top_prediction
يِسْتَتِبّ,yistatibb,yistatibb,True,10,9,10-19,0-9,harakat_top_prediction
يزَوِّج,yzawwij,yzawwij,True,7,7,0-9,0-9,harakat_top_prediction
تَرَابِيس,taraabiis,taraabiis,True,9,9,0-9,0-9,harakat_top_prediction
اِسْتَدَرّ,2istadarr,2istadarr,True,10,9,10-19,0-9,harakat_top_prediction
اِفْرَغ,2ifragh,2ifragh,True,7,7,0-9,0-9,harakat_top_prediction
بَاب الفَوق,baab wifiq,baab 2ilfooq,False,11,10,10-19,10-19,harakat_top_prediction
جَرْسِة,jirsa,jarse,False,7,5,0-9,0-9,harakat_top_prediction
اِسْتِعْمَاري,2isti3maari,2isti3maari,True,13,11,10-19,10-19,harakat_top_prediction
اِتْكَرَّر,2itkarrar,2itkarrar,True,10,9,10-19,0-9,harakat_top_prediction
ينَوِّع,ynawwi3,ynawwi3,True,7,7,0-9,0-9,harakat_top_prediction
اِتْهَايَف,2ithaayaf,2ithaayaf,True,10,9,10-19,0-9,harakat_top_prediction
طَرَّاشِة,traashe,tarraashe,False,9,7,0-9,0-9,harakat_top_prediction
اِنْفَبَك شَرِي,2unfud biriishak,2infabak shari,False,15,16,10-19,10-19,harakat_top_prediction
بَلْغَة,balgha,balgha,True,7,6,0-9,0-9,harakat_top_prediction
يِتْعَرْقَل,yit3arqal,yit3arqal,True,11,9,10-19,0-9,harakat_top_prediction
مْخَتِّن,mkhattan,mkhattin,False,8,8,0-9,0-9,harakat_top_prediction
عَمَّر,3ammir,3ammir,True,6,6,0-9,0-9,harakat_top_prediction
كْسَاس,ksaas,ksaas,True,6,5,0-9,0-9,harakat_top_prediction
يحِفّ,y7iff,y7iff,True,5,5,0-9,0-9,harakat_top_prediction
يِتْنَاسَب,yitnaasab,yitnaasab,True,10,9,10-19,0-9,harakat_top_prediction
اِرْفَع,2irfa3,2irfa3,True,7,6,0-9,0-9,harakat_top_prediction
بَطْرِن,batrin,batrin,True,7,6,0-9,0-9,harakat_top_prediction
وَعِّظ,wa33az,wa33iz,False,6,6,0-9,0-9,harakat_top_prediction
يطَمْطِم,ytamtim,ytamtim,True,8,7,0-9,0-9,harakat_top_prediction
اِتْبَهْدَل,2itbahdal,2itbahdal,True,11,9,10-19,0-9,harakat_top_prediction
اِنْدَقَم,2indaqam,2indaqam,True,9,8,0-9,0-9,harakat_top_prediction
غُزّ,ghazz,ghuzz,False,4,5,0-9,0-9,harakat_top_prediction
تْعَكَّر,t3akkar,t3akkar,True,8,7,0-9,0-9,harakat_top_prediction
تْلَفَّن,talfin,tlaffan,False,8,6,0-9,0-9,harakat_top_prediction
اِنْدِهِش,2indihish,2indahash,False,9,9,0-9,0-9,harakat_top_prediction
مْمَزَّع,2immaza3,mamza3,False,8,8,0-9,0-9,harakat_top_prediction
يحَرِّث,yu7ruth,y7arris,False,7,7,0-9,0-9,harakat_top_prediction
جَعَط,dja33it,ja33at,False,5,7,0-9,0-9,harakat_top_prediction
يِنْغِمِر,yinghamir,yinghimir,False,9,9,0-9,0-9,harakat_top_prediction
سِيرَة,siire,siira,False,6,5,0-9,0-9,harakat_top_prediction
فْضِيحَة بْجَلَاجِل,fdii7a bjalaajil,fadii7it bijdale,False,19,16,10-19,10-19,harakat_top_prediction
قُنْعَرَة,tqan3ara,qun3ara,False,9,8,0-9,0-9,harakat_top_prediction
شَعَب,sha33ab,sha33ib,False,5,7,0-9,0-9,harakat_top_prediction
مَسَخ,masakh,massakh,False,5,6,0-9,0-9,harakat_top_prediction
مَدِّة,mudde,madde,False,6,5,0-9,0-9,harakat_top_prediction
يِسْتَكْبِر,yistakbir,yistakbir,True,11,9,10-19,0-9,harakat_top_prediction
يِنْفِقِس,yinifqis,yinfiqis,False,9,8,0-9,0-9,harakat_top_prediction
الضرة مُرَّة,2iddurra murra,2ildarra marrra,False,12,14,10-19,10-19,harakat_top_prediction
اِنْهِبِل,2inhabal,2inhabal,True,9,8,0-9,0-9,harakat_top_prediction
قَبِّع,qubu3,qabbi3,False,6,5,0-9,0-9,harakat_top_prediction
عَلَي الطَّرْبُوش,3alay 2ittarbuush,3alayy 2ishshshuurbat,False,17,17,10-19,10-19,harakat_top_prediction
ضَلَايْلِي,dalaayli,dalyaali,False,10,8,10-19,0-9,harakat_top_prediction
ضَاف,daaf,daaf,True,4,4,0-9,0-9,harakat_top_prediction
اِتْذَبَّح,2iddabba7,2iddabba7,True,10,9,10-19,0-9,harakat_top_prediction
مَخْتُول,mkhootil,makhtuul,False,8,8,0-9,0-9,harakat_top_prediction
خُضَرْجي,khudarji,khudreej,False,8,8,0-9,0-9,harakat_top_prediction
مَدَح,maddi7,mada7,False,5,6,0-9,0-9,harakat_top_prediction
قُرْنِيِّة,kgurniyye,qarniyye,False,10,9,10-19,0-9,harakat_top_prediction
يكَعْبِش,yka3bish,yka3bish,True,8,8,0-9,0-9,harakat_top_prediction
قلبي قَامِصني,qalbi qaamisni,qalbi qmaaniis,False,13,14,10-19,10-19,harakat_top_prediction
طَايِر مِن الفَرَح,taayir min 2ilfara7,taayir min 2il7afar,False,18,19,10-19,10-19,harakat_top_prediction
يِتْخَرْمَش,yitkharmash,yitkharmash,True,11,11,10-19,10-19,harakat_top_prediction
كَوَادِر,kawaadir,kawaadir,True,8,8,0-9,0-9,harakat_top_prediction
نَدَّه,nadah,naddah,False,6,5,0-9,0-9,harakat_top_prediction
طَافِح,taafi7,taafi7,True,6,6,0-9,0-9,harakat_top_prediction
يرَاقِب,yraaqib,yraaqib,True,7,7,0-9,0-9,harakat_top_prediction
اِبْجُر,2ibdjar,2ubjur,False,7,7,0-9,0-9,harakat_top_prediction
خَبَّر,khabar,khabbir,False,6,6,0-9,0-9,harakat_top_prediction
خَالِي,khaali,khaali,True,6,6,0-9,0-9,harakat_top_prediction
شِيخ مْشَقْلَب,sheekh mshaqklab,sheekh mshaqlab,False,14,16,10-19,10-19,harakat_top_prediction
اِتْسَامَر,2itsaamar,2itsaamar,True,10,9,10-19,0-9,harakat_top_prediction
لَتَغ,latagh,lattigh,False,5,6,0-9,0-9,harakat_top_prediction
صُوت,soot,sawwit,False,4,4,0-9,0-9,harakat_top_prediction
يرَمِّد,yrammid,yrammid,True,7,7,0-9,0-9,harakat_top_prediction
شَكِّك,shakkik,shakkak,False,6,7,0-9,0-9,harakat_top_prediction
يِشْتِم,yishtim,yishtim,True,7,7,0-9,0-9,harakat_top_prediction
قَورَح,qoori7,qoora7,False,6,6,0-9,0-9,harakat_top_prediction
أَسْوَاق,2aswaaq,2aswaaq,True,8,7,0-9,0-9,harakat_top_prediction
مَهَد,mahhad,mahhid,False,5,6,0-9,0-9,harakat_top_prediction
بَحَز,ba7az,ba77az,False,5,5,0-9,0-9,harakat_top_prediction
نَومِة أَهِل الكَهْف,noomit 2ahl 2ilkahif,noomit 2alla 2afo,False,20,20,20-29,20-29,harakat_top_prediction
يُوشِي,yuushi,yuushi,True,6,6,0-9,0-9,harakat_top_prediction
نَمَايِم,namaayim,namaayim,True,8,8,0-9,0-9,harakat_top_prediction
دَسْكَرَة,daskara,daskara,True,9,7,0-9,0-9,harakat_top_prediction
مَقَابِل,muqaabil,maqaabil,False,8,8,0-9,0-9,harakat_top_prediction
شَدَف,shuduf,shadaf,False,5,6,0-9,0-9,harakat_top_prediction
اِنْجَنّ وَانِْحَن,2injann win7ann,2injannaw 7anna,False,18,15,10-19,10-19,harakat_top_prediction
اِتْوَرَّط,2itwarrat,2itwarrat,True,10,9,10-19,0-9,harakat_top_prediction
تَقَالِيد,taqaaliid,taqaaliid,True,9,9,0-9,0-9,harakat_top_prediction
مْمَهْمَط,2immahmat,mmmhamhit,False,9,9,0-9,0-9,harakat_top_prediction
يهَاجِم,yhaajim,yhaajim,True,7,7,0-9,0-9,harakat_top_prediction
تَقْضِيِة,taqdiye,taqdiye,True,9,7,0-9,0-9,harakat_top_prediction
بَلَدِيَّات,baladiyyaat,baldeet,False,11,11,10-19,10-19,harakat_top_prediction
تْعَاطَى,t3aata,t3aata,True,8,6,0-9,0-9,harakat_top_prediction
اِنْهِضِم,2inhadam,2inhadam,True,9,8,0-9,0-9,harakat_top_prediction
اِسْتَرْحَم,2istar7am,2istar7im,False,11,9,10-19,0-9,harakat_top_prediction
تْزَهْرَم,tzahram,tzahram,True,9,7,0-9,0-9,harakat_top_prediction
جْبَال,jibaal,jbaal,False,6,6,0-9,0-9,harakat_top_prediction
قَرْمَع,qkgarmi3,qarma3,False,7,8,0-9,0-9,harakat_top_prediction
مْرَتَّب,mrattab,mrattab,True,8,7,0-9,0-9,harakat_top_prediction
طَرْقَع,tarqa3,tarqi3,False,7,6,0-9,0-9,harakat_top_prediction
عَصَبِيِّة,3asabiyye,3asabiyye,True,10,9,10-19,0-9,harakat_top_prediction
هَوَّش,huwash,hawwish,False,6,6,0-9,0-9,harakat_top_prediction
اِسْتَبَق,2istabaq,2istabq,False,9,8,0-9,0-9,harakat_top_prediction
خَنْقَة,khanqa,khanqa,True,7,6,0-9,0-9,harakat_top_prediction
مَمَل,mumill,mammal,False,5,6,0-9,0-9,harakat_top_prediction
يآنِس,y2aanis,y2aanis,True,5,7,0-9,0-9,harakat_top_prediction
نَسَخ,nassakh,nassakh,True,5,7,0-9,0-9,harakat_top_prediction
مَجَارِي,majaari,majaari,True,8,7,0-9,0-9,harakat_top_prediction
تْسَلْبَط,tsalbat,tsalbat,True,9,7,0-9,0-9,harakat_top_prediction
ينَبِّئ,ynabbi2,yinba2,False,7,7,0-9,0-9,harakat_top_prediction
لَطَّخ,lattikh,lattikh,True,6,7,0-9,0-9,harakat_top_prediction
الدود طَالع من تحتهَا,2idduud taali3 min ta7tha,2idduud taala 3a7ato min 2il7ato,False,21,25,20-29,20-29,harakat_top_prediction
مَغَج,maghadj,maghghidj,False,5,7,0-9,0-9,harakat_top_prediction
أَمِّن,2ammin,2amman,False,6,6,0-9,0-9,harakat_top_prediction
مِتْخَوِّش,mitkhawwish,mitkhawwish,True,10,11,10-19,10-19,harakat_top_prediction
شَرَح,sharri7,sharri7,True,5,7,0-9,0-9,harakat_top_prediction
يدَغِّش,yidghash,yidghash,True,7,8,0-9,0-9,harakat_top_prediction
سَقْعَة,saq3a,saq3a,True,7,5,0-9,0-9,harakat_top_prediction
اِتْمَتَّق,2itmattaqk2,2itmattaqk2,True,10,11,10-19,10-19,harakat_top_prediction
يلَبِّك,ylabbik,ylabbik,True,7,7,0-9,0-9,harakat_top_prediction
يِتْخَرْطَش,yitkhartash,yitkhartash,True,11,11,10-19,10-19,harakat_top_prediction
شْرُوط,sharwit,sharwit,True,6,7,0-9,0-9,harakat_top_prediction
اِتْحَمَّس,2it7ammas,2it7ammas,True,10,9,10-19,0-9,harakat_top_prediction
اِلْتِوِق,2iltawaq,2iltiwiq,False,9,8,0-9,0-9,harakat_top_prediction
يزَهِّد,yizhad,yzahhid,False,7,6,0-9,0-9,harakat_top_prediction
يِتْفَلَّل,yitfallal,yitfallal,True,10,9,10-19,0-9,harakat_top_prediction
يِعْتِمِد,yi3timid,yi3timid,True,9,8,0-9,0-9,harakat_top_prediction
اِنْتِقِي,2intiqi,2intiqi,True,9,7,0-9,0-9,harakat_top_prediction
تْكَرَّن,takran,tkarran,False,8,6,0-9,0-9,harakat_top_prediction
اِتْمَوَّن,2itmawwan,2itmawwan,True,10,9,10-19,0-9,harakat_top_prediction
اِتْشَيَّع,2itshayya3,2itshayya3,True,10,10,10-19,10-19,harakat_top_prediction
السَّمِر التَّقِيط,2issiraat 2ilmustaqiim,2issamir taqiil,False,18,22,10-19,20-29,harakat_top_prediction
نَاضِج,naadij,naadij,True,6,6,0-9,0-9,harakat_top_prediction
يِتْدَافَش,yiddaafash,yiddaafash,True,10,10,10-19,10-19,harakat_top_prediction
قَحْمَش,qa7mash,qka7mish,False,7,7,0-9,0-9,harakat_top_prediction
تْغَمَّس,tghammas,tghammas,True,8,8,0-9,0-9,harakat_top_prediction
أَهَل,2ahhal,2ahhil,False,5,6,0-9,0-9,harakat_top_prediction
طَبِّز,tabaz,tabbiz,False,6,5,0-9,0-9,harakat_top_prediction
يعَرْبِد,y3arbid,y3arbid,True,8,7,0-9,0-9,harakat_top_prediction
قُنَّارَة,qinnaara,qkunnaara,False,9,8,0-9,0-9,harakat_top_prediction
مِتْحَمِّم,mit7ammim,mit7ammim,True,10,9,10-19,0-9,harakat_top_prediction
يِمْعَك,yma33ik,yim3ak,False,7,7,0-9,0-9,harakat_top_prediction
مْطَبِّق,mtabbaq,mtabbiq,False,8,7,0-9,0-9,harakat_top_prediction
بيوس الحَابيه,biwaasi b7aalo,byuus 2il7aabi,False,13,14,10-19,10-19,harakat_top_prediction
شَحْنَك,sha7nak,sha7nik,False,7,7,0-9,0-9,harakat_top_prediction
أَرْصِفِة,2arsife,2arsife,True,9,7,0-9,0-9,harakat_top_prediction
يجَالِق,yjaaliqk,yjaaliqk,True,7,8,0-9,0-9,harakat_top_prediction
مْقَحْمِز,mka7miz,mqa7miz,False,9,7,0-9,0-9,harakat_top_prediction
دَحَادِيل,da7aadiil,da7aadiil,True,9,9,0-9,0-9,harakat_top_prediction
اُصْدُف,2usduf,2isduf,False,7,6,0-9,0-9,harakat_top_prediction
مَرْدَغ,mardigh,mardagh,False,7,7,0-9,0-9,harakat_top_prediction
عَرْطَة,3arta,3arta,True,7,5,0-9,0-9,harakat_top_prediction
حَلُوبِة فَخَّار,7aluubit fakhkhaar,7aluubit farkha,False,16,18,10-19,10-19,harakat_top_prediction
أَبو مِزْرَاق,2abu mizraaqk,2abu mizraaq,False,13,13,10-19,10-19,harakat_top_prediction
جَيَّر,jayyir,jayyar,False,6,6,0-9,0-9,harakat_top_prediction
يِتْمَنَّع,yitmanna3,yitmanna3,True,10,9,10-19,0-9,harakat_top_prediction
يِتْلَعْبَك,yitla3bak,yitla3bak,True,11,9,10-19,0-9,harakat_top_prediction
اِتْقَطَّع,2itqatta3,2itqatta3,True,10,9,10-19,0-9,harakat_top_prediction
رُومَانْسِيِّة,ruumaansiyye,ruumaansiyye,True,14,12,10-19,10-19,harakat_top_prediction
اِتْشَاقَى,2itshaaqa,2itshaaqa,True,10,9,10-19,0-9,harakat_top_prediction
أَبُو حَرَد,2abu 7arad,2abu 7arrad,False,11,10,10-19,10-19,harakat_top_prediction
بَهَارِيج,bahaariij,bahaariij,True,9,9,0-9,0-9,harakat_top_prediction
بَعَر,ba33ar,ba33ir,False,5,6,0-9,0-9,harakat_top_prediction
رُقْبِة,raqabe,ruqbe,False,7,6,0-9,0-9,harakat_top_prediction
زعتر نَاس,za3tar naas,za3tar naas,True,9,11,0-9,10-19,harakat_top_prediction
وَلْوَلِة,walwale,walwale,True,9,7,0-9,0-9,harakat_top_prediction
إِشَارَة,2ishaara,2ishaara,True,8,8,0-9,0-9,harakat_top_prediction
قَشْفَل,qkashfal,qkashfil,False,7,8,0-9,0-9,harakat_top_prediction
بَزْرِق,bazraqk,bazriqk,False,7,7,0-9,0-9,harakat_top_prediction
تَوَاقِيع,tawaaqii3,tawaaqii3,True,9,9,0-9,0-9,harakat_top_prediction
يلُوذ,ylawwidh,yluudh,False,5,8,0-9,0-9,harakat_top_prediction
مُغْتَصِب,mughtasib,mughtasib,True,9,9,0-9,0-9,harakat_top_prediction
حَوص,7oos,7oos,True,4,4,0-9,0-9,harakat_top_prediction
جَاقِم,jaaqim,jaaqam,False,6,6,0-9,0-9,harakat_top_prediction
كَذَّب,kazzabkadhdhab,kazzibkadhdhdhdhab,False,6,14,0-9,10-19,harakat_top_prediction
فَاطِس,faatis,faatis,True,6,6,0-9,0-9,harakat_top_prediction
يِنْفِلِت,yinfilit,yinfilit,True,9,8,0-9,0-9,harakat_top_prediction
مَعْلُوم,ma3luum,ma3luum,True,8,7,0-9,0-9,harakat_top_prediction
عَصّ,3uss,3ass,False,4,4,0-9,0-9,harakat_top_prediction
مْدَلِّف,mdallif,mdallif,True,8,7,0-9,0-9,harakat_top_prediction
عَلَّم,3ilim,3allam,False,6,5,0-9,0-9,harakat_top_prediction
تْلَقَّح,tlaqqa7,tlaqqa7,True,8,7,0-9,0-9,harakat_top_prediction
قَارِض,qaarid,qaarid,True,6,6,0-9,0-9,harakat_top_prediction
مْسَرَّح,masra7,msarri7,False,8,6,0-9,0-9,harakat_top_prediction
طَرَابِيش,taraabiish,taraabiish,True,9,10,0-9,10-19,harakat_top_prediction
تْدَارَى,2iddaara,2iddaara,True,8,8,0-9,0-9,harakat_top_prediction
إِيجَار,2ijaar,2iijaar,False,7,6,0-9,0-9,harakat_top_prediction
شَخَّخ,shakhkhikh,shakhkhakh,False,6,10,0-9,10-19,harakat_top_prediction
اُبْصُم,2ubsum,2ubsum,True,7,6,0-9,0-9,harakat_top_prediction
هَمَط,hamat,hammat,False,5,5,0-9,0-9,harakat_top_prediction
مُؤَامَرَة,mu2aamara,m2aamara,False,10,9,10-19,0-9,harakat_top_prediction
يقَحْلِف,yqka7lif,yqa7lif,False,8,8,0-9,0-9,harakat_top_prediction
مِزْرَاب,muzraab,mizraab,False,8,7,0-9,0-9,harakat_top_prediction
شَقَّق,shuqaq,shaqqaq,False,6,6,0-9,0-9,harakat_top_prediction
نَهَق,nahaq,nahhiq,False,5,5,0-9,0-9,harakat_top_prediction
مْبَعْزِق,mba3zaq,mba3ziq,False,9,7,0-9,0-9,harakat_top_prediction
يدَرْبِس,ydarbis,ydarbis,True,8,7,0-9,0-9,harakat_top_prediction
بغَمْضَة عين,bighamdit 3een,baghmad 3eena,False,12,14,10-19,10-19,harakat_top_prediction
قَبْضَت,qabadit,qabdat,False,7,7,0-9,0-9,harakat_top_prediction
اِتْمَرْمَغ,2itmarmagh,2itmarmagh,True,11,10,10-19,10-19,harakat_top_prediction
حَبِّة دَوَا,7abbit dawa,7abbit dooda,False,12,11,10-19,10-19,harakat_top_prediction
بَين,bayyan,bayyin,False,4,6,0-9,0-9,harakat_top_prediction
مُنْفَعِل,munfa3il,munfa3il,True,9,8,0-9,0-9,harakat_top_prediction
اِمْتِحِن,2imta7in,2imta7an,False,9,8,0-9,0-9,harakat_top_prediction
يِنْفِل,yunful,yinfil,False,7,6,0-9,0-9,harakat_top_prediction
مَرْشُوش,marshuush,marshuush,True,8,9,0-9,0-9,harakat_top_prediction
قَشَّاعَات,qkashshaa3aat,qkashshaa3at,False,10,13,10-19,10-19,harakat_top_prediction
قَال,qaal,qaal,True,4,4,0-9,0-9,harakat_top_prediction
يِتْحَنَّص,yit7annas,yit7annas,True,10,9,10-19,0-9,harakat_top_prediction
اِقْتِحَام,2iqti7aam,2iqti7aam,True,10,9,10-19,0-9,harakat_top_prediction
مْسَجِّل,musajjil,msajjil,False,8,8,0-9,0-9,harakat_top_prediction
اِغْنَى,2ighna,2ighna,True,7,6,0-9,0-9,harakat_top_prediction
اِرْكُن,2irkun,2irkun,True,7,6,0-9,0-9,harakat_top_prediction
يِتْعَايَش,yit3aayash,yit3aayash,True,10,10,10-19,10-19,harakat_top_prediction
تْعَجَّل,t3ajjal,t3ajjal,True,8,7,0-9,0-9,harakat_top_prediction
وَسَايِط,wasaayit,wasaayit,True,8,8,0-9,0-9,harakat_top_prediction
اِنْمِعِص,2inma3as,2inma3as,True,9,8,0-9,0-9,harakat_top_prediction
اِنْقَحَط,2inqi7it,2inqa7at,False,9,8,0-9,0-9,harakat_top_prediction
رَمى عليهَا اليمين,rama 3aleeha 2ilyamiin,rama 3aleeno,False,18,22,10-19,20-29,harakat_top_prediction
لَحَم,la7am,la77am,False,5,5,0-9,0-9,harakat_top_prediction
يخَيِّل,ykhayyil,ykhayyil,True,7,8,0-9,0-9,harakat_top_prediction
يمَنْطِق,ymantiq,ymantiq,True,8,7,0-9,0-9,harakat_top_prediction
اِنْجِلِي,2injali,2injili,False,9,7,0-9,0-9,harakat_top_prediction
اِنْمَعَك,2inma3ak,2inma3ak,True,9,8,0-9,0-9,harakat_top_prediction
صَفْرَن,safrin,safran,False,7,6,0-9,0-9,harakat_top_prediction
اِشْتِعِل,2ishti3il,2ishta3al,False,9,9,0-9,0-9,harakat_top_prediction
صَخْرَة,sakhra,sakhra,True,7,6,0-9,0-9,harakat_top_prediction
بَطُّون,btuun,battuun,False,7,5,0-9,0-9,harakat_top_prediction
مُش سَائِل,mush saa2il,mush 2isaal,False,10,11,10-19,10-19,harakat_top_prediction
نَمِّي,nammi,nammi,True,6,5,0-9,0-9,harakat_top_prediction
تَفْجِير,tafjiir,tafjiir,True,8,7,0-9,0-9,harakat_top_prediction
وَطِي,witi,wati,False,5,4,0-9,0-9,harakat_top_prediction
مَنَاقِل,manaaqil,manaaqil,True,8,8,0-9,0-9,harakat_top_prediction
كَشِّك,kushuk,kashshak,False,6,6,0-9,0-9,harakat_top_prediction
مْنَمْنِم,mnamnim,mnamnim,True,9,7,0-9,0-9,harakat_top_prediction
شَاب شعر رَاسي,shaab sha3ir raasi,shaab 3ashraasi,False,14,18,10-19,10-19,harakat_top_prediction
دَرْدَكِة,dardake,dardake,True,9,7,0-9,0-9,harakat_top_prediction
يِرْقُد,yirqgkud,yirqud,False,7,8,0-9,0-9,harakat_top_prediction
ضَمِيرُه نَايِم,damiiro naayim,damiiro naami,False,15,14,10-19,10-19,harakat_top_prediction
فَشّ,fish,fashsh,False,4,4,0-9,0-9,harakat_top_prediction
زَيتِي,zeeti,zeeti,True,6,5,0-9,0-9,harakat_top_prediction
بَومَلِي,boomale,boomali,False,8,7,0-9,0-9,harakat_top_prediction
اِتْلَطَّف,2itlattaf,2itlattaf,True,10,9,10-19,0-9,harakat_top_prediction
يِلْتِوِق,yiltiwiq,yiltiwiq,True,9,8,0-9,0-9,harakat_top_prediction
يِتْعَلَّم,yit3allam,yit3allam,True,10,9,10-19,0-9,harakat_top_prediction
قَرَم,qaram,qarram,False,5,5,0-9,0-9,harakat_top_prediction
بَلْطَق,baltak,baltiq,False,7,6,0-9,0-9,harakat_top_prediction
يِتْعَابَط,yit3aabat,yit3aabat,True,10,9,10-19,0-9,harakat_top_prediction
أَنْبُوب,2unbuub,2anbuub,False,8,7,0-9,0-9,harakat_top_prediction
ضِيقَة,diiqadii2a,diiqa,False,6,10,0-9,10-19,harakat_top_prediction
مْحَيْرِن,m7ayrin,m7ayrin,True,9,7,0-9,0-9,harakat_top_prediction
مْبَرْمَج,mbarmaj,mbarmidj,False,9,7,0-9,0-9,harakat_top_prediction
اِسْخَط,2iskhat,2iskhat,True,7,7,0-9,0-9,harakat_top_prediction
اِسْتَوِي,2istawi,2istawi,True,9,7,0-9,0-9,harakat_top_prediction
اُرْقُص,2urqus,2irqus,False,7,6,0-9,0-9,harakat_top_prediction
مْعَاطَة,ma33aata,m3aata,False,8,8,0-9,0-9,harakat_top_prediction
يشَرِّع,ysharri3,ysharri3,True,7,8,0-9,0-9,harakat_top_prediction
عَصْمَلِي,3usmalli,3asmali,False,9,8,0-9,0-9,harakat_top_prediction
يفَرِّز,yifriz,yifraz,False,7,6,0-9,0-9,harakat_top_prediction
اِفْتَقَر,2iftaqir,2iftaqar,False,9,8,0-9,0-9,harakat_top_prediction
دَبِّر,dabbir,dabbar,False,6,6,0-9,0-9,harakat_top_prediction
اِنْتَفَع,2intifi3,2intifi3,True,9,8,0-9,0-9,harakat_top_prediction
سَاكِن,saakin,saakin,True,6,6,0-9,0-9,harakat_top_prediction
اِسْتِعْطَاف,2isti3taaf,2isti3taaf,True,12,10,10-19,10-19,harakat_top_prediction
بَلُّه قَتْلِة,ballo qatle,ballo qatt 2ille,False,14,11,10-19,10-19,harakat_top_prediction
يشَلِّط,yshallit,yishlut,False,7,8,0-9,0-9,harakat_top_prediction
قصقص جنَاحَاتهَا,qasqas jnaa7aatha,qasano jaa7it,False,16,17,10-19,10-19,harakat_top_prediction
تْحَفَّظ,ta7affuz,t7affaz,False,8,8,0-9,0-9,harakat_top_prediction
أَصْوَج,2aswaj,2aswaj,True,7,6,0-9,0-9,harakat_top_prediction
بَاحِص,baa7as,baa7is,False,6,6,0-9,0-9,harakat_top_prediction
غَرَز,gharraz,gharriz,False,5,7,0-9,0-9,harakat_top_prediction
زَرَّق,zuruq,zarraq,False,6,5,0-9,0-9,harakat_top_prediction
ظَالِم,zaalim,zaalim,True,6,6,0-9,0-9,harakat_top_prediction
دَقْلِج,daqlidj,daqlidj,True,7,7,0-9,0-9,harakat_top_prediction
نَكَف,nakaf,nakaf,True,5,5,0-9,0-9,harakat_top_prediction
غَفُّور,ghafuur,ghaffuur,False,7,7,0-9,0-9,harakat_top_prediction
أَخْطَر,2akhtar,2akhtar,True,7,7,0-9,0-9,harakat_top_prediction
أَسْعَار,2as3aar,2as3aar,True,8,7,0-9,0-9,harakat_top_prediction
عَطَس,3attas,3attis,False,5,6,0-9,0-9,harakat_top_prediction
اِسْتَقْدَم,2istaqdim,2istaqdam,False,11,9,10-19,0-9,harakat_top_prediction
يِحْتِمِل,yi7timil,yi7timil,True,9,8,0-9,0-9,harakat_top_prediction
يثَمِّر,yithmir,ythammir,False,7,7,0-9,0-9,harakat_top_prediction
تْعَزْرَن,t3azran,t3azran,True,9,7,0-9,0-9,harakat_top_prediction
نْقِيب,naqiib,nqiib,False,6,6,0-9,0-9,harakat_top_prediction
خَاف,khaaf,khaaf,True,4,5,0-9,0-9,harakat_top_prediction
يرَاجِع,yraaji3,yraaji3,True,7,7,0-9,0-9,harakat_top_prediction
اِنْشَبّ,2inshib,2inshabb,False,8,7,0-9,0-9,harakat_top_prediction
اِتْرَاسَل,2itraasal,2itraasal,True,10,9,10-19,0-9,harakat_top_prediction
يوَهِّت,ywahhit,ywahhit,True,7,7,0-9,0-9,harakat_top_prediction
عَشَايِر,3ashaayir,3ashaayir,True,8,9,0-9,0-9,harakat_top_prediction
أَكَارِم,2akaarim,2akaarim,True,8,8,0-9,0-9,harakat_top_prediction
شَول,shool,shool,True,4,5,0-9,0-9,harakat_top_prediction
مْدَاوِم,mdaawim,mdaawim,True,8,7,0-9,0-9,harakat_top_prediction
يسَجِّل,ysajjil,ysajjil,True,7,7,0-9,0-9,harakat_top_prediction
زَغْرُوتِة,zaghruute,zaghruute,True,10,9,10-19,0-9,harakat_top_prediction
يقَنْشِع,yqkanshi3,yqanshi3,False,8,9,0-9,0-9,harakat_top_prediction
رَكِّب,rakkib,rakkab,False,6,6,0-9,0-9,harakat_top_prediction
مْكَعْمَش,mka3mash,mka3mish,False,9,8,0-9,0-9,harakat_top_prediction
حَمَش,7imish,7ammish,False,5,6,0-9,0-9,harakat_top_prediction
اِسْتَمَدّ,2istamadd,2istamidd,False,10,9,10-19,0-9,harakat_top_prediction
اِتْوَرْشَن,2itwarshan,2itwarshan,True,11,10,10-19,10-19,harakat_top_prediction
مُطْلَاع,mutlaa3,mutalaa3,False,8,7,0-9,0-9,harakat_top_prediction
فَنَّس,fanas,fannas,False,6,5,0-9,0-9,harakat_top_prediction
يِتْلَفَّظ,yitlaffaz,yitlaffaz,True,10,9,10-19,0-9,harakat_top_prediction
خَتِّم,khatam,khattam,False,6,6,0-9,0-9,harakat_top_prediction
قَصَر,qassir,qassir,True,5,6,0-9,0-9,harakat_top_prediction
يعَنْقِر,y3anqir,y3anqir,True,8,7,0-9,0-9,harakat_top_prediction
مَلْعُون,mal3uun,mal3uun,True,8,7,0-9,0-9,harakat_top_prediction
مُسْتَتِبّ,mustatatibb,mustatibb,False,10,11,10-19,10-19,harakat_top_prediction
يبَلِّص,yballis,yballis,True,7,7,0-9,0-9,harakat_top_prediction
لَعَن,la33an,la33in,False,5,6,0-9,0-9,harakat_top_prediction
اِقْتَرَف,2iqtirif,2iqtaraf,False,9,8,0-9,0-9,harakat_top_prediction
يبَوبِر,yboobir,yboobir,True,7,7,0-9,0-9,harakat_top_prediction
اِنْكَفَى,2inkafa,2inkafa,True,9,7,0-9,0-9,harakat_top_prediction
يِبْعَز,yba33iz,yba33iz,True,7,7,0-9,0-9,harakat_top_prediction
يدَوِّخ,ydawwikh,ydawwikh,True,7,8,0-9,0-9,harakat_top_prediction
عَمَى يِعْمِيه,3ama yi3mii,3ama yim3o,False,14,11,10-19,10-19,harakat_top_prediction
يِنْدِهِك,yindahik,yindihik,False,9,8,0-9,0-9,harakat_top_prediction
يغَطِّس,yghattis,yghattis,True,7,8,0-9,0-9,harakat_top_prediction
ينَغِّز,yunghuz,yinghazz,False,7,7,0-9,0-9,harakat_top_prediction
مَقَاصِل,maqaasil,maqaasil,True,8,8,0-9,0-9,harakat_top_prediction
مْعَسِّل,m3assil,m3assil,True,8,7,0-9,0-9,harakat_top_prediction
اِتْحَبَّك,2it7abbak,2it7abbak,True,10,9,10-19,0-9,harakat_top_prediction
يِلْزَم,yilzam,yilzam,True,7,6,0-9,0-9,harakat_top_prediction
يشَنِّق,yshanniq,yshanniq,True,7,8,0-9,0-9,harakat_top_prediction
رَئِيس,ra2iis,ra2iis,True,6,6,0-9,0-9,harakat_top_prediction
يِتْعَبَّى,yit3abba,yit3abba,True,10,8,10-19,0-9,harakat_top_prediction
جَوَانِي,juwwaani,jawaani,False,8,8,0-9,0-9,harakat_top_prediction
مَجَاسِيت,maajistiir,majaasiit,False,9,10,0-9,10-19,harakat_top_prediction
فَرَايِح,faraay7i,faraayi7,False,8,8,0-9,0-9,harakat_top_prediction
عَاصِم,3aasim,3aasim,True,6,6,0-9,0-9,harakat_top_prediction
حُرْجَايِة,7urdjaaye,7urjaaye,False,10,9,10-19,0-9,harakat_top_prediction
اِبْكِي,2ibki,2ibki,True,7,5,0-9,0-9,harakat_top_prediction
تْسَطَّح,tsatta7,tsatta7,True,8,7,0-9,0-9,harakat_top_prediction
وَالحِب الرَّجَر,wil7abil jarraar,waali7 birraj,False,16,16,10-19,10-19,harakat_top_prediction
حَنْتَشِة,7antashe,7antashe,True,9,8,0-9,0-9,harakat_top_prediction
دَبِّة,dabbe,dabbe,True,6,5,0-9,0-9,harakat_top_prediction
يُخْفُق,yikhfiq,yikhfaq,False,7,7,0-9,0-9,harakat_top_prediction
خَيَّر,khayyir,khayyar,False,6,7,0-9,0-9,harakat_top_prediction
خَاطِرَة,khaatira,khaatara,False,8,8,0-9,0-9,harakat_top_prediction
قَعَّادِة,qa33aade,qa33aade,True,9,8,0-9,0-9,harakat_top_prediction
يسَخِّط,yiskhat,ysakhkhit,False,7,7,0-9,0-9,harakat_top_prediction
اِتْهَجَّم,2ithajjam,2ithajjam,True,10,9,10-19,0-9,harakat_top_prediction
نَمَّام,nammaam,nammaam,True,7,7,0-9,0-9,harakat_top_prediction
دُقْمَاق,diqmaaq,duqmaaq,False,8,7,0-9,0-9,harakat_top_prediction
مْرَنِّخ,2imrannakh,mrannikh,False,8,10,0-9,10-19,harakat_top_prediction
تْبَيَّن,tbayyan,tbayyan,True,8,7,0-9,0-9,harakat_top_prediction
عَجِين,3ajiin,3ajiin,True,6,6,0-9,0-9,harakat_top_prediction
بَظّ,buzz,bazz,False,4,4,0-9,0-9,harakat_top_prediction
تَفْتِيش,taftiish,taftiish,True,8,8,0-9,0-9,harakat_top_prediction
اُرْشُف,2urshuf,2irshuf,False,7,7,0-9,0-9,harakat_top_prediction
سَقْسَق,sa2si2,sa2si2,True,7,6,0-9,0-9,harakat_top_prediction
جَرْمَع,djarma3,djarma3,True,7,7,0-9,0-9,harakat_top_prediction
ثَومِيِّة,toomiyye,toomiyye,True,9,8,0-9,0-9,harakat_top_prediction
عَلِيق,3ulleeq,3aliiq,False,6,7,0-9,0-9,harakat_top_prediction
لَادِي,laadi,laadi,True,6,5,0-9,0-9,harakat_top_prediction
آخر طرز,2aakhir tarz,2aakhir zarz,False,7,12,0-9,10-19,harakat_top_prediction
شَارِع,shaari3,shaari3,True,6,7,0-9,0-9,harakat_top_prediction
أَعَاصِير,2a3aasiir,2a3aasiir,True,9,9,0-9,0-9,harakat_top_prediction
لَبِيس,labbiis,labiis,False,6,7,0-9,0-9,harakat_top_prediction
وَارَى,waara,waara,True,6,5,0-9,0-9,harakat_top_prediction
كَذَّب,kazabkadhab,kazzibkadhdhdhdhab,False,6,11,0-9,10-19,harakat_top_prediction
اِنْشَرَط,2insharat,2insharat,True,9,9,0-9,0-9,harakat_top_prediction
تَصْوِينِة,taswiine,taswiine,True,10,8,10-19,0-9,harakat_top_prediction
خُشّ بطِيزي,khushsh btiizi,khushsh biizzi,False,11,14,10-19,10-19,harakat_top_prediction
يذِيع,yzii3,ydayyi3,False,5,5,0-9,0-9,harakat_top_prediction
مَرِّي,miri,marri,False,6,4,0-9,0-9,harakat_top_prediction
بْهُور,bahwar,bhuur,False,6,6,0-9,0-9,harakat_top_prediction
أَقُصَّى مَا عَمَّر الله,2aqsa maa 3ammar 2alla,2aqas maa 3ala 2irrama,False,24,22,20-29,20-29,harakat_top_prediction
يِنْرِبِط,yinribit,yinribit,True,9,8,0-9,0-9,harakat_top_prediction
يِبْحَش,yib7ash,yib7ash,True,7,7,0-9,0-9,harakat_top_prediction
سَبَلِة,sabale,sabale,True,7,6,0-9,0-9,harakat_top_prediction
وَسِّع,wasa3,wassi3,False,6,5,0-9,0-9,harakat_top_prediction
سَمَح,simi7,samma7,False,5,5,0-9,0-9,harakat_top_prediction
يِزْعَق,yiz3aqk,yiz3aq,False,7,7,0-9,0-9,harakat_top_prediction
يِنْحِسِم,yin7isim,yin7isim,True,9,8,0-9,0-9,harakat_top_prediction
أَوْرَاك,2awraak,2awraak,True,8,7,0-9,0-9,harakat_top_prediction
دير بَالك,diir baalak,diir baalak,True,9,11,0-9,10-19,harakat_top_prediction
شِيخ القبِيلِة,sheekh 2ilqabiile,shiikh 2ilbiqle,False,14,17,10-19,10-19,harakat_top_prediction
عَلَّم,3allam,3allam,True,6,6,0-9,0-9,harakat_top_prediction
يجَرِّش,yijrush,yjarrish,False,7,7,0-9,0-9,harakat_top_prediction
طَوَّف,tuuf,toof,False,6,4,0-9,0-9,harakat_top_prediction
سَنَمَكِة,sanamakke,saname,False,9,9,0-9,0-9,harakat_top_prediction
عَطَّل,3attil,3attal,False,6,6,0-9,0-9,harakat_top_prediction
حَلْبِة,7albe,7albe,True,7,5,0-9,0-9,harakat_top_prediction
تْوَاصَل,twaasal,twaasal,True,8,7,0-9,0-9,harakat_top_prediction
مْمَكِّن,mumkin,mkamkin,False,8,6,0-9,0-9,harakat_top_prediction
فَوَّش,fuush,fawwish,False,6,5,0-9,0-9,harakat_top_prediction
هَبَل,hubul,habbal,False,5,5,0-9,0-9,harakat_top_prediction
اِعْتَبَر,2i3tabir,2i3tabar,False,9,8,0-9,0-9,harakat_top_prediction
اِبْتِلِي,2ibtali,2ibtili,False,9,7,0-9,0-9,harakat_top_prediction
أَبْنَاء,2abnaa2,2abnaa2,True,8,7,0-9,0-9,harakat_top_prediction
صَوَّر,sawwir,sawwar,False,6,6,0-9,0-9,harakat_top_prediction
نِيرَة,neera,niira,False,6,5,0-9,0-9,harakat_top_prediction
يبَرِّر,ybarrir,ybarrir,True,7,7,0-9,0-9,harakat_top_prediction
نَيِّل,nayyil,nayyil,True,6,6,0-9,0-9,harakat_top_prediction
تْرَحَّل,tra77al,tra77al,True,8,7,0-9,0-9,harakat_top_prediction
وَبَّخ,wabbakh,wabbakh,True,6,7,0-9,0-9,harakat_top_prediction
بَدَائِي,bidaa2i,badaa2i,False,8,7,0-9,0-9,harakat_top_prediction
دَقْدَس,da2das,da2dis,False,7,6,0-9,0-9,harakat_top_prediction
وقت مُسْتَقْطَع,waqt mustaqta3,waqi3 mit staqtat,False,15,14,10-19,10-19,harakat_top_prediction
حَرَض,7arrid,7arrid,True,5,6,0-9,0-9,harakat_top_prediction
اِسْتِحْسَان,2ista7saan,2isti7saan,False,12,10,10-19,10-19,harakat_top_prediction
اِسْتَشْرَف,2istashraf,2istashrif,False,11,10,10-19,10-19,harakat_top_prediction
غَيِّب,ghayyab,ghayyib,False,6,7,0-9,0-9,harakat_top_prediction
اِنْتَفَخ,2intafakh,2intifikh,False,9,9,0-9,0-9,harakat_top_prediction
بيقرقعن عظَامه بقبره,biqarqi3in 3dhaamo bqabro,biqarqa3in 3dhamo bqaabro,False,20,25,20-29,20-29,harakat_top_prediction
اِضْرَاب,2idraab,2idraab,True,8,7,0-9,0-9,harakat_top_prediction
يِنْعَش,yin3ish,yin3ash,False,7,7,0-9,0-9,harakat_top_prediction
اِكْوِي,2ikwi,2ikwi,True,7,5,0-9,0-9,harakat_top_prediction
يِتْبَكْلَش,yitbaklash,yitbaklash,True,11,10,10-19,10-19,harakat_top_prediction
اِنْرِفِع,2inrafa3,2inrifi3,False,9,8,0-9,0-9,harakat_top_prediction
إِجْعِي,2ij3i,2ij3i,True,7,5,0-9,0-9,harakat_top_prediction
مْكَعْكَش,mka3kash,mka3kash,True,9,8,0-9,0-9,harakat_top_prediction
طُقْطَقَاق,tuqtaaq,tuqtaaq,True,10,7,10-19,0-9,harakat_top_prediction
يِرْغَب,yirghab,yirghab,True,7,7,0-9,0-9,harakat_top_prediction
بَلَاكِين,balakiin,balaakiin,False,9,8,0-9,0-9,harakat_top_prediction
يعَبِّي,y3abbi,y3abbi,True,7,6,0-9,0-9,harakat_top_prediction
دَاشِر,daashir,daashir,True,6,7,0-9,0-9,harakat_top_prediction
طَمْبُورَة,tamambuura,tambuura,False,10,10,10-19,10-19,harakat_top_prediction
يِنْغِصِب,yinghisib,yinghisib,True,9,9,0-9,0-9,harakat_top_prediction
حَصَّن,7assan,7assin,False,6,6,0-9,0-9,harakat_top_prediction
اِحْلِي,2i7li,2i7li,True,7,5,0-9,0-9,harakat_top_prediction
يِخْشَع,yikhsha3,ykhashshi3,False,7,8,0-9,0-9,harakat_top_prediction
رَيَّش,riyash,rayyish,False,6,6,0-9,0-9,harakat_top_prediction
اِنْلَقَط,2inlaqat,2inlaqat,True,9,8,0-9,0-9,harakat_top_prediction
مُصْرَان,musraan,musraan,True,8,7,0-9,0-9,harakat_top_prediction
مَدْقُوم,madquum,madquum,True,8,7,0-9,0-9,harakat_top_prediction
طَلَّى,tala,talla,False,6,4,0-9,0-9,harakat_top_prediction
اِنْضَبّ,2indabb,2indabb,True,8,7,0-9,0-9,harakat_top_prediction
سَلَك,salak,sallak,False,5,5,0-9,0-9,harakat_top_prediction
اِتْصَغَّر,2itszaghghar,2itsaghghar,False,10,12,10-19,10-19,harakat_top_prediction
اِسْتَعْلَم,2ista3lam,2ista3lim,False,11,9,10-19,0-9,harakat_top_prediction
يؤجِّل,y2ajjil,y2ajjil,True,6,7,0-9,0-9,harakat_top_prediction
أَقْتَب,2aqtab,2aqtab,True,7,6,0-9,0-9,harakat_top_prediction
مَاسِكِة العدة,maaske 2il3idde,maasik 2il3idde,False,14,15,10-19,10-19,harakat_top_prediction
اِتْشَاطَر,2itshaatar,2itshaatar,True,10,10,10-19,10-19,harakat_top_prediction
أَعْطَتُه عَين,2a3tato 3een,2a3ta 3teeno,False,14,12,10-19,10-19,harakat_top_prediction
تْفَقَّه,tfaqqah,tfaqqah,True,8,7,0-9,0-9,harakat_top_prediction
مَنْزَلِة,manzile,manzale,False,9,7,0-9,0-9,harakat_top_prediction
مَخْطُوف لَونُه,makhtuuf loono,makhtuuf la wunakhun,False,15,14,10-19,10-19,harakat_top_prediction
غَنَايِم,ghanaayim,ghanaayim,True,8,9,0-9,0-9,harakat_top_prediction
حَصَّالِة,7assaale,7assaale,True,9,8,0-9,0-9,harakat_top_prediction
إِنْحِرَاف,2in7iraaf,2in7iraaf,True,10,9,10-19,0-9,harakat_top_prediction
مِتْخَلِّف,mutakhallif,mitkhallif,False,10,11,10-19,10-19,harakat_top_prediction
عُبُور,3ubuur,3abuur,False,6,6,0-9,0-9,harakat_top_prediction
اِحْذِف,2i7zif,2i7zif,True,7,6,0-9,0-9,harakat_top_prediction
خَاب,khaab,khaab,True,4,5,0-9,0-9,harakat_top_prediction
قَلِّل,qulal,qallil,False,6,5,0-9,0-9,harakat_top_prediction
تَوَارِيخ,tawaariikh,tawaariikh,True,9,10,0-9,10-19,harakat_top_prediction
زَرَم,zirim,zarram,False,5,5,0-9,0-9,harakat_top_prediction
نَظَافِة,nadaafe,nadaafe,True,8,7,0-9,0-9,harakat_top_prediction
زي الديم عَالطَّاحُونِة,zayy 2iddiim 3attaa7uune,zayy 2idduu3 minaatti7,False,23,24,20-29,20-29,harakat_top_prediction
لَوكَس,luks,lookas,False,6,4,0-9,0-9,harakat_top_prediction
يِنْكِشِح,yinkishi7,yinkishi7,True,9,9,0-9,0-9,harakat_top_prediction
هَبْوَقَة,habwaqka,habwagkqa,False,9,8,0-9,0-9,harakat_top_prediction
سَمَط,sammit,sammat,False,5,6,0-9,0-9,harakat_top_prediction
لَحْمَسِة,la7mase,la7mase,True,9,7,0-9,0-9,harakat_top_prediction
عَجَّز,3ijiz,3ajjaz,False,6,5,0-9,0-9,harakat_top_prediction
بَزَّازِة,bazzaaze,bazzaaze,True,9,8,0-9,0-9,harakat_top_prediction
خَوص,khuwas,khoos,False,4,6,0-9,0-9,harakat_top_prediction
حَرَاث,7raath,7araath,False,6,6,0-9,0-9,harakat_top_prediction
صَايِر مثل البَلَّونِة,saayir mitil 2ilballoone,saayir mitil binnawil,False,22,24,20-29,20-29,harakat_top_prediction
دَنُو,dunu,danu,False,5,4,0-9,0-9,harakat_top_prediction
يِتْفَرَّز,yitfarraz,yitfarraz,True,10,9,10-19,0-9,harakat_top_prediction
صَابُونِة الرُّكْبِة,saabuunit 2irrukbe,saabuune 2irrukabe,False,20,18,20-29,10-19,harakat_top_prediction
تْوَاعَد,twaa3ad,twaa3ad,True,8,7,0-9,0-9,harakat_top_prediction
أَعْطَى كِلْمِة,2a3ta kilme,2a3ti kilme,False,15,11,10-19,10-19,harakat_top_prediction
هَبَط,habat,habbat,False,5,5,0-9,0-9,harakat_top_prediction
أَعْلَن,2a3lan,2a3lan,True,7,6,0-9,0-9,harakat_top_prediction
يِبْقَى,yibqa,ybaqqi,False,7,5,0-9,0-9,harakat_top_prediction
زي البَفْتِة,zayy 2ilbafte,zeel bafte,False,12,13,10-19,10-19,harakat_top_prediction
سَبَط,sibit,sabbat,False,5,5,0-9,0-9,harakat_top_prediction
عقله بيوزن بلد,3aqlo byuuzin balad,3aqlal biduun bizilo,False,14,19,10-19,10-19,harakat_top_prediction
مْكَرْكَز,mkarkaz,mkarkiz,False,9,7,0-9,0-9,harakat_top_prediction
ينَتِّش,ynattish,ynattish,True,7,8,0-9,0-9,harakat_top_prediction
يحَلْقِم,y7alqim,y7alqim,True,8,7,0-9,0-9,harakat_top_prediction
ينَوِّد,ynuud,ynawwid,False,7,5,0-9,0-9,harakat_top_prediction
وَغَد,waghid,waghghid,False,5,6,0-9,0-9,harakat_top_prediction
يسَفْلِق,ysafliq,ysafliq,True,8,7,0-9,0-9,harakat_top_prediction
اِتْرَزَّق,2itrazzaq,2itrazzaq,True,10,9,10-19,0-9,harakat_top_prediction
يبَخِّت,ybakhkhit,ybakhkhit,True,7,9,0-9,0-9,harakat_top_prediction
اِسْتَسْخَف,2istaskhif,2istaskhif,True,11,10,10-19,10-19,harakat_top_prediction
ظَنّ,zann,dinn,False,4,4,0-9,0-9,harakat_top_prediction
تَأْخِير,ta2khiir,ta2khiir,True,8,8,0-9,0-9,harakat_top_prediction
يِتْفَرَّج,yitfarraj,yitfarraj,True,10,9,10-19,0-9,harakat_top_prediction
مَحَر,ma77ar,ma7ar,False,5,6,0-9,0-9,harakat_top_prediction
سَلَّاكِة,sallatshe,sallaake,False,9,9,0-9,0-9,harakat_top_prediction
شَوَّاطَة,shawwaata,shwaata,False,9,9,0-9,0-9,harakat_top_prediction
يدَرْوِن,ydarwin,ydarwin,True,8,7,0-9,0-9,harakat_top_prediction
يِتْرَحَّل,yitra77al,yitra77al,True,10,9,10-19,0-9,harakat_top_prediction
مُجْتَمَع,mujtama3,mujtami3,False,9,8,0-9,0-9,harakat_top_prediction
تَقْصِيب,taqsiib,taqsiib,True,8,7,0-9,0-9,harakat_top_prediction
اِسْتَرّ,2ustur,2istarr,False,8,6,0-9,0-9,harakat_top_prediction
اِنْلِحِش,2inli7ish,2inla7ash,False,9,9,0-9,0-9,harakat_top_prediction
يعَطِّن,y3attin,y3attin,True,7,7,0-9,0-9,harakat_top_prediction
يِتْسَلْبَط,yitsalbat,yitsalbat,True,11,9,10-19,0-9,harakat_top_prediction
اِرْبِك,2irbik,2irbik,True,7,6,0-9,0-9,harakat_top_prediction
رَمَش,rimish,rammash,False,5,6,0-9,0-9,harakat_top_prediction
كل مَا دق الكوز بَالجَرَّة,kull maa daqq 2ilkuuz biljarra,kull 2iddaraa biqaz wajame kaab 2il kazbbbb,False,26,30,20-29,30-39,harakat_top_prediction
يِحْتِمِي,yi7timi,yi7timi,True,9,7,0-9,0-9,harakat_top_prediction
تْحَزْلَط,t7azlat,t7azlat,True,9,7,0-9,0-9,harakat_top_prediction
بَطَّاقَة,bitaaqa,battaaqa,False,9,7,0-9,0-9,harakat_top_prediction
اِتْكَلْكَع,2itkalka3,2itkalka3,True,11,9,10-19,0-9,harakat_top_prediction
لَبَّخ,labbikh,labbakh,False,6,7,0-9,0-9,harakat_top_prediction
اِلْغِي,2ilghi,2ilghi,True,7,6,0-9,0-9,harakat_top_prediction
جَوَارِي,jawaari,jawaari,True,8,7,0-9,0-9,harakat_top_prediction
صَوَانِي,sawaani,sawaani,True,8,7,0-9,0-9,harakat_top_prediction
رَابِط,raabat,raabit,False,6,6,0-9,0-9,harakat_top_prediction
دِين,deen,dayyin,False,4,4,0-9,0-9,harakat_top_prediction
يِتْعَتْرَس,yit3atras,yit3atras,True,11,9,10-19,0-9,harakat_top_prediction
اُشْكُر,2ishkur,2ushkur,False,7,7,0-9,0-9,harakat_top_prediction
حَمَام,7ammaam,7ammaam,True,6,7,0-9,0-9,harakat_top_prediction
فَقَش,faqqish,faqqash,False,5,7,0-9,0-9,harakat_top_prediction
اِتْشَفَّط,2itshaffat,2itshaffat,True,10,10,10-19,10-19,harakat_top_prediction
مْزَرْقِن,mzargin,mzargin,True,9,7,0-9,0-9,harakat_top_prediction
خَطِّئ,khatti2,khatti2,True,6,7,0-9,0-9,harakat_top_prediction
سَبَّات,subaat,sabbaat,False,7,6,0-9,0-9,harakat_top_prediction
يِتْسَنْفَر,yitsanfar,yitsanfar,True,11,9,10-19,0-9,harakat_top_prediction
كثر خيره,kattar kheero,ktir kheer,False,8,13,0-9,10-19,harakat_top_prediction
حَولَب,7oolib,7oolib,True,6,6,0-9,0-9,harakat_top_prediction
كَعْكَل,ka3kal,ka3kil,False,7,6,0-9,0-9,harakat_top_prediction
إِصْبَاع,2isbaa3,2isbaa3,True,8,7,0-9,0-9,harakat_top_prediction
خَلَى,khalla,khalla,True,5,6,0-9,0-9,harakat_top_prediction
خَرْطَش,khartish,khartish,True,7,8,0-9,0-9,harakat_top_prediction
حَفِّة,7iffe,7affe,False,6,5,0-9,0-9,harakat_top_prediction
اِتْجَذْمَر,2itdjadhmar,2itdjadhmar,True,11,11,10-19,10-19,harakat_top_prediction
أَجْوِدِة,2ajwide,2ajwide,True,9,7,0-9,0-9,harakat_top_prediction
اِسْتَحْقَر,2istaqar,2ista7qir,False,11,8,10-19,0-9,harakat_top_prediction
مِيطِي,miiti,miiti,True,6,5,0-9,0-9,harakat_top_prediction
تْوَافَق,twaafaq,twaafaq,True,8,7,0-9,0-9,harakat_top_prediction
يِتْوَافَد,yitwaafad,yitwaafad,True,10,9,10-19,0-9,harakat_top_prediction
مِتْذَكِّر,mitzakkir,mitzdakkir,False,10,9,10-19,0-9,harakat_top_prediction
يِتْمَخْلَع,yitmakhla3,yitmakhla3,True,11,10,10-19,10-19,harakat_top_prediction
فَاقَى,faaqka,faaqa,False,6,6,0-9,0-9,harakat_top_prediction
بَضَّاعَة,bdaa3a,baddaa3a,False,9,6,0-9,0-9,harakat_top_prediction
صَنْدُوق العَجَب,sanduuq 2il3ajab,sanduuq 2il3ajab,True,16,16,10-19,10-19,harakat_top_prediction
صَوَّاب,sawwaab,suwwaab,False,7,7,0-9,0-9,harakat_top_prediction
يطَرْبِق,ytarbiq,ytarbiq,True,8,7,0-9,0-9,harakat_top_prediction
يحَجِّز,yu7juz,y7ajjiz,False,7,6,0-9,0-9,harakat_top_prediction
أَول الرُّقيص حَجَلَان,2awwal 2irruqees 7adjalaan,2awwal 2irruqs 2iljana7ani,False,22,26,20-29,20-29,harakat_top_prediction
يشَخْبِط,yshakhbit,yshakhbit,True,8,9,0-9,0-9,harakat_top_prediction
جَاح,jaa7,jaa7,True,4,4,0-9,0-9,harakat_top_prediction
فَاتح صِدْرُه,faati7 sidro,faat7it sidro,False,13,12,10-19,10-19,harakat_top_prediction
اِبْلَع,2ibla3,2ibla3,True,7,6,0-9,0-9,harakat_top_prediction
يِخْلَع,yikhla3,ykhalli3,False,7,7,0-9,0-9,harakat_top_prediction
مَتِّن,mitin,mattan,False,6,5,0-9,0-9,harakat_top_prediction
دَبْسَاتُه جَمِين,dibsaato jaamdiin,dabsaat mijhiin,False,17,17,10-19,10-19,harakat_top_prediction
اُؤْجَر,2u2jar,2u2jur,False,7,6,0-9,0-9,harakat_top_prediction
مُصْفَار,misfaar,musfaar,False,8,7,0-9,0-9,harakat_top_prediction
أَسْرَى,2asra,2asra,True,7,5,0-9,0-9,harakat_top_prediction
اِنْفِجِر,2infajar,2infijir,False,9,8,0-9,0-9,harakat_top_prediction
سَمَّد,sammad,sammad,True,6,6,0-9,0-9,harakat_top_prediction
يِتْسَعْدَن,yitsa3dan,yitsa3dan,True,11,9,10-19,0-9,harakat_top_prediction
يمَنْكِر,ymankir,ymankir,True,8,7,0-9,0-9,harakat_top_prediction
يِتْجَنَّد,yitjannad,yitjannad,True,10,9,10-19,0-9,harakat_top_prediction
مثل الشعرة من العجينة,mitil 2ishsha3ra min 2il3ajiine,mitil 2ishsha3ra min 2iljeenene,False,21,31,20-29,30-39,harakat_top_prediction
كَبّ مِن عِنْد الرَّبّ,kabb min 3ind 2irrab,kabb min 3arrad binal,False,22,20,20-29,20-29,harakat_top_prediction
تَحْذِير,ta7ziir,ta7ziir,True,8,7,0-9,0-9,harakat_top_prediction
فَرْفِط,farfat,farfit,False,7,6,0-9,0-9,harakat_top_prediction
الحَيِّة برَاسُوح,2il7ayaa ribi7 wukhasaara,2il7ayye bruus 2i7as,False,17,25,10-19,20-29,harakat_top_prediction
اِفْقَه,2ifqah,2ifqah,True,7,6,0-9,0-9,harakat_top_prediction
فَهْلَق,fahliq,fahlaq,False,7,6,0-9,0-9,harakat_top_prediction
اِسْتَشْهَد,2istashhad,2istashhid,False,11,10,10-19,10-19,harakat_top_prediction
اُكْرُش,2ikrush,2ukrush,False,7,7,0-9,0-9,harakat_top_prediction
لَزَّم,lazzim,lazzam,False,6,6,0-9,0-9,harakat_top_prediction
يطَوِّق,ytawwiq,ytawwiq,True,7,7,0-9,0-9,harakat_top_prediction
تْصَرَّف,tasarruf,tsarraf,False,8,8,0-9,0-9,harakat_top_prediction
سَفَّه,saffah,saffih,False,6,6,0-9,0-9,harakat_top_prediction
فَطَّس,fatas,fattas,False,6,5,0-9,0-9,harakat_top_prediction
مِتْغَيِّر,mitghayyir,mitghayyir,True,10,10,10-19,10-19,harakat_top_prediction
غَشَّم,ghashshim,ghashshim,True,6,9,0-9,0-9,harakat_top_prediction
اِقْتِل,2iqtul,2iqtal,False,7,6,0-9,0-9,harakat_top_prediction
يِرْفَع,yraffi3,yirfa3,False,7,7,0-9,0-9,harakat_top_prediction
يجَمِّد,ymajjid,yjammid,False,7,7,0-9,0-9,harakat_top_prediction
دِيك,dayyak,diik,False,4,6,0-9,0-9,harakat_top_prediction
جَلْطَة,jalta,jalta,True,7,5,0-9,0-9,harakat_top_prediction
يوِدّ,ywidd,ywidd,True,5,5,0-9,0-9,harakat_top_prediction
يطَعِّم,yta33im,yta33im,True,7,7,0-9,0-9,harakat_top_prediction
قَحْمَز,ka7miz,qa7miz,False,7,6,0-9,0-9,harakat_top_prediction
فَرِيز,freezar,fariiz,False,6,7,0-9,0-9,harakat_top_prediction
رْمَال,rmaal,rmaal,True,6,5,0-9,0-9,harakat_top_prediction
اِحْظُر,2u7zur,2u7zur,True,7,6,0-9,0-9,harakat_top_prediction
حَقَائِق,7aqaa2iq,7aqaa2iq,True,8,8,0-9,0-9,harakat_top_prediction
دَارَت الشَّبَرَة,daarat 2ishshirbe,daarat 2ishshabara,False,17,17,10-19,10-19,harakat_top_prediction
اِنْقَرَا,2inqara,2inqira,False,9,7,0-9,0-9,harakat_top_prediction
صَالِة,saale,saale,True,6,5,0-9,0-9,harakat_top_prediction
اِنْحَقّ,2in7aqq,2in7aqq,True,8,7,0-9,0-9,harakat_top_prediction
زَبَّالِة,zbaale,zabbaale,False,9,6,0-9,0-9,harakat_top_prediction
جَمْرِة المَي,jamrit 2ilmayy,jamarit 2ilmaye,False,13,14,10-19,10-19,harakat_top_prediction
اِتْحَزَّب,2it7azzab,2it7azzab,True,10,9,10-19,0-9,harakat_top_prediction
سَنِّن,sunan,sannan,False,6,5,0-9,0-9,harakat_top_prediction
خَاطِئ,khaati2,khaati2,True,6,7,0-9,0-9,harakat_top_prediction
اِتْكَوَّم,2itkawwam,2itkawwam,True,10,9,10-19,0-9,harakat_top_prediction
عَوَاصِم,3awaasim,3awaasim,True,8,8,0-9,0-9,harakat_top_prediction
يِغْمَى,yighma,yighma,True,7,6,0-9,0-9,harakat_top_prediction
قَرِيد العِشّ,qreed 2il3ishsh,qariid 2ishsha3,False,13,15,10-19,10-19,harakat_top_prediction
حْبُوب الُّقَّال,7buub 2illuqaa7,7buub 2ilqal,False,16,15,10-19,10-19,harakat_top_prediction
يجُود,yjawwid,yjuud,False,5,7,0-9,0-9,harakat_top_prediction
يِنْقِي,ynaqqil,yinqi,False,7,7,0-9,0-9,harakat_top_prediction
مَرْدَغَة,mardagha,mardagha,True,9,8,0-9,0-9,harakat_top_prediction
مُضْطَهَد,muttahad,mutahdid,False,9,8,0-9,0-9,harakat_top_prediction
ذْبيحة العَقِد,dbii7it 2il3aqid,dbii7it 2il3aqde,False,14,16,10-19,10-19,harakat_top_prediction
فَلْتَان,faltaan,faltaan,True,8,7,0-9,0-9,harakat_top_prediction
كَبَّر,kabbar,kabbir,False,6,6,0-9,0-9,harakat_top_prediction
يِحْتَاس,yi7taas,yi7taas,True,8,7,0-9,0-9,harakat_top_prediction
خَطْوِة,khutwe,khatwe,False,7,6,0-9,0-9,harakat_top_prediction
حْوَاش,7waash,7waash,True,6,6,0-9,0-9,harakat_top_prediction
يِتْسَتَّر,yitsattar,yitsattar,True,10,9,10-19,0-9,harakat_top_prediction
يِنْشِفِي,yinshifi,yinshifi,True,9,8,0-9,0-9,harakat_top_prediction
تْكَعْبَل,tka3bal,tka3bal,True,9,7,0-9,0-9,harakat_top_prediction
مْزَرِّق,mzarriq,mzarriq,True,8,7,0-9,0-9,harakat_top_prediction
صُبَّارة بركة,subbaarit barake,subbaar barake,False,13,16,10-19,10-19,harakat_top_prediction
يشَرِّد,yushrud,ysharrid,False,7,7,0-9,0-9,harakat_top_prediction
يعَزِّم,yi3zim,y3azzim,False,7,6,0-9,0-9,harakat_top_prediction
مْعَجْرَم,m3ajram,m3ajrim,False,9,7,0-9,0-9,harakat_top_prediction
فَصَّص,fassis,fassis,True,6,6,0-9,0-9,harakat_top_prediction
اِسْتِقْرَار,2istiqraar,2istiqraar,True,12,10,10-19,10-19,harakat_top_prediction
خَنَافِس,khanaafis,khanaafis,True,8,9,0-9,0-9,harakat_top_prediction
نَوْرَنِة,nawrane,noorane,False,9,7,0-9,0-9,harakat_top_prediction
لَاوِق,laawaq,laawiq,False,6,6,0-9,0-9,harakat_top_prediction
سِيَادِة,siyaade,siyaade,True,8,7,0-9,0-9,harakat_top_prediction
خَبَز,khubiz,khabbaz,False,5,6,0-9,0-9,harakat_top_prediction
يِكْتِشِف,yiktishif,yiktishif,True,9,9,0-9,0-9,harakat_top_prediction
يِجْهَر,yijhar,yjahhir,False,7,6,0-9,0-9,harakat_top_prediction
مُغَيَّب,maghyab,mughayyib,False,8,7,0-9,0-9,harakat_top_prediction
تَصْلِيح,taslii7,taslii7,True,8,7,0-9,0-9,harakat_top_prediction
يِتْسَرْقَط,yitsarkat,yitsarqat,False,11,9,10-19,0-9,harakat_top_prediction
هَاي,haay,haay,True,4,4,0-9,0-9,harakat_top_prediction
اِسْتَجَار,2istajaar,2istajaar,True,10,9,10-19,0-9,harakat_top_prediction
أَرْدَى,2arda,2arda,True,7,5,0-9,0-9,harakat_top_prediction
اِسأل مجرب ولَا تسأل خبير,2is2al mjarrib wala tis2al khabiir,2isil 2ijmir bil2akhtuus 2ar,False,25,34,20-29,30-39,harakat_top_prediction
يفَلِّم,yiflam,yfallim,False,7,6,0-9,0-9,harakat_top_prediction
يِتْنَفَّش,yitfannash,yitnaffash,False,10,10,10-19,10-19,harakat_top_prediction
اِشْخَل,2ushkhul,2ishkhal,False,7,8,0-9,0-9,harakat_top_prediction
يدَنْقِر,ydanqir,ydanqir,True,8,7,0-9,0-9,harakat_top_prediction
يِسْتَيْسِر,yistaysir,yistaysir,True,11,9,10-19,0-9,harakat_top_prediction
طَقْطَق,taqtaq,taqtaq,True,7,6,0-9,0-9,harakat_top_prediction
زَوَّع,zawwa3,zawwi3,False,6,6,0-9,0-9,harakat_top_prediction
مَسَخ,massikh,massakh,False,5,7,0-9,0-9,harakat_top_prediction
مَاكِل,maakil,maakil,True,6,6,0-9,0-9,harakat_top_prediction
أَقْلَم,2aqlam,2aqlam,True,7,6,0-9,0-9,harakat_top_prediction
دَبَّر رَاسَك,dabbir raasak,dabbar raasak,False,13,13,10-19,10-19,harakat_top_prediction
عظمه من ذهب,3admo min dahab,3adim min dabahdo,False,11,15,10-19,10-19,harakat_top_prediction
يِنْطِرِب,yintirib,yintirib,True,9,8,0-9,0-9,harakat_top_prediction
اِعْتِقَال,2i3tiqaal,2i3tiqaal,True,10,9,10-19,0-9,harakat_top_prediction
عَيِّش,3ayyish,3ayyish,True,6,7,0-9,0-9,harakat_top_prediction
حَوس,7uus,7oos,False,4,4,0-9,0-9,harakat_top_prediction
حَوِّيط,7awwiit,7awwiit,True,7,7,0-9,0-9,harakat_top_prediction
يعَقِّب,y3aqqib,y3aqqib,True,7,7,0-9,0-9,harakat_top_prediction
جلدة رَاسُه خميلِة,jildit raaso khmiile,jildar raaso miilekhe,False,18,20,10-19,20-29,harakat_top_prediction
ذبيحة القبر,dhabii7it 2ilqabir,bidii7a 2ilqabra,False,11,18,10-19,10-19,harakat_top_prediction
خَنْطَق,khantaq,khantaq,True,7,7,0-9,0-9,harakat_top_prediction
يلِسّ,yliss,yliss,True,5,5,0-9,0-9,harakat_top_prediction
بَرَاءَة,baraa2a,baraa2a,True,8,7,0-9,0-9,harakat_top_prediction
إِرْبُط إِصْبَعَك مْلِيح لَا بْيِدْمِي ولَا بِيقِيح,2irbut 2isba3ak mlii7 laa bidmi wala biqii7,2irbut 2il2i ma7biid yiquus bila3 mak la7,False,51,43,50-59,40-49,harakat_top_prediction
اِسْتَفْيِع,2istaya3,2istafyi3,False,11,8,10-19,0-9,harakat_top_prediction
مَعْجُون,ma3juun,ma3juun,True,8,7,0-9,0-9,harakat_top_prediction
حَطُّه تَحْت بَطَاه,7atto ta7it baato,7atto ta7tabbo,False,19,17,10-19,10-19,harakat_top_prediction
دَوَا,dawa,dawa,True,5,4,0-9,0-9,harakat_top_prediction
تَجْيِير,tajyiir,tajyiir,True,8,7,0-9,0-9,harakat_top_prediction
يحَسْحِس,y7as7is,y7as7is,True,8,7,0-9,0-9,harakat_top_prediction
تْلَحَّم,tla77am,tla77am,True,8,7,0-9,0-9,harakat_top_prediction
صَوبِة,sooba,soobe,False,6,5,0-9,0-9,harakat_top_prediction
يِنْفِي,yinfi,yinfi,True,7,5,0-9,0-9,harakat_top_prediction
سَخَط,sakhat,sakhkhit,False,5,6,0-9,0-9,harakat_top_prediction
بقرقعن عظَامه بقبره,biqarqi3in 3daamo bqabro,biqarqa3in 3dhamo bqaaro,False,19,24,10-19,20-29,harakat_top_prediction
أَحْبِة,2a7ibba,2a7be,False,7,7,0-9,0-9,harakat_top_prediction
لَبَنِة دَومَرَة,labane mdawwara,labane duurame,False,16,15,10-19,10-19,harakat_top_prediction
أَخَذ وِجِههَا,2akhad wijihha,2akhad wijhaad,False,14,14,10-19,10-19,harakat_top_prediction
نَهَج,nahhadj,nahhidj,False,5,7,0-9,0-9,harakat_top_prediction
اِعْتَق,2i3taq,2i3taq,True,7,6,0-9,0-9,harakat_top_prediction
دَغِّم,daghgham,daghgham,True,6,8,0-9,0-9,harakat_top_prediction
مَوَانِع,mawaani3,mawaani3,True,8,8,0-9,0-9,harakat_top_prediction
يآيِس,y2aayis,y2aayis,True,5,7,0-9,0-9,harakat_top_prediction
اِسْتَقْتَل,2istaqtil,2istaqtal,False,11,9,10-19,0-9,harakat_top_prediction
قَصْوَل,qaswil,qaswal,False,7,6,0-9,0-9,harakat_top_prediction
اُنْغُز,2inghazz,2unghuz,False,7,8,0-9,0-9,harakat_top_prediction
مْرَشَّح,murashshi7,mrashsha7,False,8,10,0-9,10-19,harakat_top_prediction
رَسَب,rasab,rassab,False,5,5,0-9,0-9,harakat_top_prediction
سْدُورَة,sduura,sduura,True,8,6,0-9,0-9,harakat_top_prediction
اِتْحَايَل,2it7aayal,2it7aayal,True,10,9,10-19,0-9,harakat_top_prediction
يقَرْقِض,yqarqid,yqarqid,True,8,7,0-9,0-9,harakat_top_prediction
عَبْهَر,3abhar,3abhar,True,7,6,0-9,0-9,harakat_top_prediction
ثَنَاء,thanaa2,tanaa2,False,6,7,0-9,0-9,harakat_top_prediction
اِسْتَضْعَف,2istad3if,2istad3af,False,11,9,10-19,0-9,harakat_top_prediction
اِحْتِفِل,2i7tifil,2i7tafal,False,9,8,0-9,0-9,harakat_top_prediction
إِسْكَافِي,2iskaafi,2iskaafi,True,10,8,10-19,0-9,harakat_top_prediction
مُنْخَار,minkhaar,munkhaar,False,8,8,0-9,0-9,harakat_top_prediction
مَقَام,maqaam,maqaam,True,6,6,0-9,0-9,harakat_top_prediction
غَلَّى,ghalla,ghalla,True,6,6,0-9,0-9,harakat_top_prediction
رَسْمِي,rasmi,rasmi,True,7,5,0-9,0-9,harakat_top_prediction
يلَطِّف,yultuf,ylattif,False,7,6,0-9,0-9,harakat_top_prediction
تْلَحْلَح,tla7la7,tla7la7,True,9,7,0-9,0-9,harakat_top_prediction
عَلَّك,3alak,3allik,False,6,5,0-9,0-9,harakat_top_prediction
يِفْتِرِي,yiftari,yiftiri,False,9,7,0-9,0-9,harakat_top_prediction
يبَلْطِق,ybaltik,ybaltiq,False,8,7,0-9,0-9,harakat_top_prediction
يصِيب,ysiib,ysiib,True,5,5,0-9,0-9,harakat_top_prediction
رَاقبه من وَالرَا,raaqabo minwara,raaqo binhamm 2ilwara,False,17,15,10-19,10-19,harakat_top_prediction
يقَتِّل,yiqtul,yqattil,False,7,6,0-9,0-9,harakat_top_prediction
يْلَاغِي,ylaaghi,ylaaghi,True,8,7,0-9,0-9,harakat_top_prediction
تْوَعَّك,twa33ak,twa33ak,True,8,7,0-9,0-9,harakat_top_prediction
أَمِّل,2ammil,2ammal,False,6,6,0-9,0-9,harakat_top_prediction
سِيَاسِة,siyaase,siyaase,True,8,7,0-9,0-9,harakat_top_prediction
قَمَّل,qamil,qammal,False,6,5,0-9,0-9,harakat_top_prediction
سَحَّاب,sa77aab,sa77aab,True,7,7,0-9,0-9,harakat_top_prediction
مُنْخَار,munkhaar,munkhaar,True,8,8,0-9,0-9,harakat_top_prediction
جَرَد,jarad,jarrad,False,5,5,0-9,0-9,harakat_top_prediction
وَاقِي,waaqi,waaqi,True,6,5,0-9,0-9,harakat_top_prediction
اِعْيَى,2i3ya,2i3ya,True,7,5,0-9,0-9,harakat_top_prediction
يجَاوِل,yjaawil,yjaawil,True,7,7,0-9,0-9,harakat_top_prediction
اِعْتِمَاد,2i3timaad,2i3timaad,True,10,9,10-19,0-9,harakat_top_prediction
تْشَرَّى,tsharra,tsharra,True,8,7,0-9,0-9,harakat_top_prediction
مِثَال,misaal,mithaal,False,6,6,0-9,0-9,harakat_top_prediction
اِتْلَقّف,2itlaqqaf,2itlaqqaf,True,9,9,0-9,0-9,harakat_top_prediction
اُقْلُز,2i2luz,2uqluz,False,7,6,0-9,0-9,harakat_top_prediction
اِتْكَفَّف,2itkaffaf,2itkaffaf,True,10,9,10-19,0-9,harakat_top_prediction
اِحْمِد رَبَّك,2i7mid rabbak,2i7mid rabak,False,14,13,10-19,10-19,harakat_top_prediction
عَشِّق,3ashshaq,3ashshaq,True,6,8,0-9,0-9,harakat_top_prediction
فَايِل,faayl,faayil,False,6,5,0-9,0-9,harakat_top_prediction
قُوم,qawwim,quum,False,4,6,0-9,0-9,harakat_top_prediction
بَرَى,bara,bara,True,5,4,0-9,0-9,harakat_top_prediction
كَرَاتِين,karaatiin,karaatiin,True,9,9,0-9,0-9,harakat_top_prediction
هذَا وجه الضِّيف,hada wijih 2iddeef,hadd wujih 2iddaffi,False,16,18,10-19,10-19,harakat_top_prediction
اِتْكَرْمَش,2itkarmash,2itkarmash,True,11,10,10-19,10-19,harakat_top_prediction
سَكِّت,sakkat,sakkat,True,6,6,0-9,0-9,harakat_top_prediction
لَمَز,lammaz,lammiz,False,5,6,0-9,0-9,harakat_top_prediction
اِنْكَمَر,2inkimir,2inkamar,False,9,8,0-9,0-9,harakat_top_prediction
يفَرْفِد,yfarfid,yfarfid,True,8,7,0-9,0-9,harakat_top_prediction
طَابِق,taabaq,taabiq,False,6,6,0-9,0-9,harakat_top_prediction
عَابِط,3aabat,3aabit,False,6,6,0-9,0-9,harakat_top_prediction
اِتْفَقَّه,2itfaqqah,2itfaqqah,True,10,9,10-19,0-9,harakat_top_prediction
لَخَّص,lakhkhas,lakhkhis,False,6,8,0-9,0-9,harakat_top_prediction
مُنْغَلِق,munghaliq,munghaliq,True,9,9,0-9,0-9,harakat_top_prediction
بَطِّئ,batti2,batti2,True,6,6,0-9,0-9,harakat_top_prediction
رَكَّز,rakkaz,rakkaz,True,6,6,0-9,0-9,harakat_top_prediction
اِحْتَوَى,2i7tawa,2i7tawa,True,9,7,0-9,0-9,harakat_top_prediction
يِتْصَوَّر,yitsawwar,yitsawwar,True,10,9,10-19,0-9,harakat_top_prediction
يفَهْلِق,yfahliq,yfahliq,True,8,7,0-9,0-9,harakat_top_prediction
حَامِلُه مِن عَينْهَا,7aamle min 3eenha,7aamil mino 3eeno,False,21,17,20-29,10-19,harakat_top_prediction
يحَنْحِن,y7an7in,y7an7in,True,8,7,0-9,0-9,harakat_top_prediction
اِتْقَرْطَف,2itqartaf,2itqartaf,True,11,9,10-19,0-9,harakat_top_prediction
تَدْرِيب,tadriib,tadriib,True,8,7,0-9,0-9,harakat_top_prediction
فَوْضَى,fawda,fawda,True,7,5,0-9,0-9,harakat_top_prediction
اِنْدَفَس,2indifis,2indafas,False,9,8,0-9,0-9,harakat_top_prediction
صَفّ,fass,saff,False,4,4,0-9,0-9,harakat_top_prediction
مْرَطَّل,mrattal,mrattal,True,8,7,0-9,0-9,harakat_top_prediction
مَنْغَل,minghall,mnaghghal,False,7,8,0-9,0-9,harakat_top_prediction
يِغْضَب,yighdab,yighdab,True,7,7,0-9,0-9,harakat_top_prediction
قَرْبَط,qarbit,qarbit,True,7,6,0-9,0-9,harakat_top_prediction
يطَمِّس,yutmus,ytammis,False,7,6,0-9,0-9,harakat_top_prediction
مْبَرْجِل,mbarjil,mbarjil,True,9,7,0-9,0-9,harakat_top_prediction
كَوَّن,kawwan,kawwin,False,6,6,0-9,0-9,harakat_top_prediction
يُبْرُص,ybarris,yibras,False,7,7,0-9,0-9,harakat_top_prediction
تَغْيِير,taghyiir,taghyiir,True,8,8,0-9,0-9,harakat_top_prediction
يِرْضَع,yraddi3,yirda3,False,7,7,0-9,0-9,harakat_top_prediction
يِتْنَاقَل,yitnaaqal,yitnaaqal,True,10,9,10-19,0-9,harakat_top_prediction
فَنَّش,fannish,fannash,False,6,7,0-9,0-9,harakat_top_prediction
غَرْبَل,gharbal,gharbil,False,7,7,0-9,0-9,harakat_top_prediction
اِنْخَمَع,2inkhama3,2inkhimi3,False,9,9,0-9,0-9,harakat_top_prediction
حَرْكَشِة,7arkashe,7arkashe,True,9,8,0-9,0-9,harakat_top_prediction
اُهْتُر,2ihtar,2uhtur,False,7,6,0-9,0-9,harakat_top_prediction
صْلَاح,salaa7,slaa7,False,6,6,0-9,0-9,harakat_top_prediction
أَجْمَل,2ajmal,2ajmal,True,7,6,0-9,0-9,harakat_top_prediction
يقَرْفِص,yqarfis,yqarfis,True,8,7,0-9,0-9,harakat_top_prediction
أَنْس,2uns,2ans,False,5,4,0-9,0-9,harakat_top_prediction
صَادِف,saadaf,saadif,False,6,6,0-9,0-9,harakat_top_prediction
أَسْلَحَة,2asli7a,2asla7a,False,9,7,0-9,0-9,harakat_top_prediction
فَاضي البَال,faadi 2ilbaal,fadi 2ilbaal,False,12,13,10-19,10-19,harakat_top_prediction
مَبْجُور,mboodjir,mabdjuur,False,8,8,0-9,0-9,harakat_top_prediction
سَنِّن,sannin,sannan,False,6,6,0-9,0-9,harakat_top_prediction
اِغْتِرِب,2ightarab,2ightarab,True,9,9,0-9,0-9,harakat_top_prediction
مُتَاعِيس,mataa3iis,muta3aayis,False,9,9,0-9,0-9,harakat_top_prediction
تْحَزَّم,t7azzam,t7azzam,True,8,7,0-9,0-9,harakat_top_prediction
مْعَظِّم,mu3zam,m3addim,False,8,6,0-9,0-9,harakat_top_prediction
هَدَم,hidam,haddam,False,5,5,0-9,0-9,harakat_top_prediction
اِخْدَرّ,2ikhdarr,2ikhdarr,True,8,8,0-9,0-9,harakat_top_prediction
اِنْفِغِم,2infighim,2infagham,False,9,9,0-9,0-9,harakat_top_prediction
حَجَر العَين,7ajar 2il3een,7ajar 2il3een,True,12,13,10-19,10-19,harakat_top_prediction
طَجّ,tujj,tajj,False,4,4,0-9,0-9,harakat_top_prediction
اِعْتِكَاف,2i3tikaaf,2i3tikaaf,True,10,9,10-19,0-9,harakat_top_prediction
جَضّ,dajj,dajj,True,4,4,0-9,0-9,harakat_top_prediction
يظَابِح,ydhaabi7,ydhaabi7,True,7,8,0-9,0-9,harakat_top_prediction
أَلَثِمِة,2alsime,2alathe,False,9,7,0-9,0-9,harakat_top_prediction
فَنْجَر,fanjar,fanjar,True,7,6,0-9,0-9,harakat_top_prediction
اِتْوَارَث,2itwaaras,2itwaaras,True,10,9,10-19,0-9,harakat_top_prediction
مَخْرُوط,makhruut,makhruut,True,8,8,0-9,0-9,harakat_top_prediction
أَكَل حَقُّه,2akal 7aqqo,2akal 7aqqo,True,12,11,10-19,10-19,harakat_top_prediction
تَرْفِيهِي,tarfiihi,tarfiihi,True,10,8,10-19,0-9,harakat_top_prediction
كَثَّف,kassaf,kassaf,True,6,6,0-9,0-9,harakat_top_prediction
قَحْقَح,ka7ki7,qa7qi7ka7ka7ka7ka7ka7ka7,False,7,6,0-9,0-9,harakat_top_prediction
صَنْدَل,sandal,sandil,False,7,6,0-9,0-9,harakat_top_prediction
ثُقُل,taqqilta22ilthaggil,tuqul,False,5,19,0-9,10-19,harakat_top_prediction
عَقْرَب,3aqrab,3aqrab,True,7,6,0-9,0-9,harakat_top_prediction
أَكَل مَقْلَب,2akal maqlab,2akal maqlab,True,13,12,10-19,10-19,harakat_top_prediction
يِرْغِي,yirghi,yirghi,True,7,6,0-9,0-9,harakat_top_prediction
اِدْمِن,2idmin,2idmin,True,7,6,0-9,0-9,harakat_top_prediction
شَرْطِي,shurti,sharti,False,7,6,0-9,0-9,harakat_top_prediction
يفُعّ,yfi33,yfu33,False,5,5,0-9,0-9,harakat_top_prediction
قَلْقَل,qalqal,qalqil,False,7,6,0-9,0-9,harakat_top_prediction
مَحِل,ma7il,ma7al,False,5,5,0-9,0-9,harakat_top_prediction
مِلْتِحِف,milti7if,milti7if,True,9,8,0-9,0-9,harakat_top_prediction
لَبَالِب,labaalib,labaalib,True,8,8,0-9,0-9,harakat_top_prediction
كَوجَاك,koojak,koojaak,False,7,6,0-9,0-9,harakat_top_prediction
ينَهْنِه,ynahnih,ynahnih,True,8,7,0-9,0-9,harakat_top_prediction
زَرَع,zarra3,zarri3,False,5,6,0-9,0-9,harakat_top_prediction
حُنِّيرَك وَالجَاجِة تنقُر عينك,7unneerak wiljaaje tunqur 3eenak,7aniir kul wujunaan 3aleet,False,31,32,30-39,30-39,harakat_top_prediction
مْعَلَّب,m3allab,m3allib,False,8,7,0-9,0-9,harakat_top_prediction
اِنْعِمِل,2in3imil,2in3amal,False,9,8,0-9,0-9,harakat_top_prediction
قَدّ,qkgadd,qadd,False,4,6,0-9,0-9,harakat_top_prediction
ضَبِّب,dabbib,dabbib,True,6,6,0-9,0-9,harakat_top_prediction
جَصِّص,jassas,jassis,False,6,6,0-9,0-9,harakat_top_prediction
يهَاتِر,yhaatir,yhaatir,True,7,7,0-9,0-9,harakat_top_prediction
لْفَاع,lfaa3,lfaa3,True,6,5,0-9,0-9,harakat_top_prediction
حَاجِب,7aajib,7aajib,True,6,6,0-9,0-9,harakat_top_prediction
يِتْجَعَّم,yitdja33am,yitja33am,False,10,10,10-19,10-19,harakat_top_prediction
يِكْحَل,yka77il,yik7al,False,7,7,0-9,0-9,harakat_top_prediction
رِيحَان,rii7aan,rii7aan,True,7,7,0-9,0-9,harakat_top_prediction
حَنْظَل,7andal,7andal,True,7,6,0-9,0-9,harakat_top_prediction
اِسْتَطْرَد,2istatrad,2istatrid,False,11,9,10-19,0-9,harakat_top_prediction
يِتْبَخْتَر,yitbakhtar,yitbakhtar,True,11,10,10-19,10-19,harakat_top_prediction
فَرَاوْلِة,faraawle,faraawle,True,10,8,10-19,0-9,harakat_top_prediction
قَمَّل,qammil,qammal,False,6,6,0-9,0-9,harakat_top_prediction
اِنْمِسِح,2inmisi7,2inmasa7,False,9,8,0-9,0-9,harakat_top_prediction
مْنَطِّق,mantiq,mnattiq,False,8,6,0-9,0-9,harakat_top_prediction
مَلْزَق,mlazziq,mlazliq,False,7,7,0-9,0-9,harakat_top_prediction
تْجَاوَب,tjaawab,tjaawab,True,8,7,0-9,0-9,harakat_top_prediction
تْمَشْوَر,tmashwar,tmashwar,True,9,8,0-9,0-9,harakat_top_prediction
دَكِّك,dikak,dakkak,False,6,5,0-9,0-9,harakat_top_prediction
اِدْمِي,2idmi,2idmi,True,7,5,0-9,0-9,harakat_top_prediction
اِفْقَع,2ifqa3,2ifqa3,True,7,6,0-9,0-9,harakat_top_prediction
تَرَس,tarras,tarris,False,5,6,0-9,0-9,harakat_top_prediction
نَمْرَة,numra,namra,False,7,5,0-9,0-9,harakat_top_prediction
مْهَرْجِل,mhargil,mhargil,True,9,7,0-9,0-9,harakat_top_prediction
اِتْسَلَّل,2itsallal,2itsallal,True,10,9,10-19,0-9,harakat_top_prediction
أَفْطَر,2aftar,2aftar,True,7,6,0-9,0-9,harakat_top_prediction
اِكْتِشِف,2iktishif,2iktashaf,False,9,9,0-9,0-9,harakat_top_prediction
كَذَّب,kizib,kazzibkadhdhdhdhab,False,6,5,0-9,0-9,harakat_top_prediction
يِنْمِسِك,yinimsik,yinmisik,False,9,8,0-9,0-9,harakat_top_prediction
اِمْتيَاز,2imtiyaaz,2imtiyaaz,True,9,9,0-9,0-9,harakat_top_prediction
تْوَالَف,twaalaf,twaalaf,True,8,7,0-9,0-9,harakat_top_prediction
سْخُولِة,skhuule,skhuule,True,8,7,0-9,0-9,harakat_top_prediction
نَدَم,naddam,naddam,True,5,6,0-9,0-9,harakat_top_prediction
يِتْسَدَّح,yitsadda7,yitsadda7,True,10,9,10-19,0-9,harakat_top_prediction
دَفِّي,daffi,daffi,True,6,5,0-9,0-9,harakat_top_prediction
لَعْبَك,la3bik,la3bik,True,7,6,0-9,0-9,harakat_top_prediction
اِعْتَق,2i3tiq,2i3taq,False,7,6,0-9,0-9,harakat_top_prediction
اِتْخَبَّص,2itkhabbas,2itkhabbas,True,10,10,10-19,10-19,harakat_top_prediction
مَسْدُوح,masduu7,masduu7,True,8,7,0-9,0-9,harakat_top_prediction
اِجْدِب,2ijdib,2ijdib,True,7,6,0-9,0-9,harakat_top_prediction
بَعَث,ba3it,ba33at,False,5,5,0-9,0-9,harakat_top_prediction
يِعْتِرِض,yi3tirid,yi3tirid,True,9,8,0-9,0-9,harakat_top_prediction
اِنْخَلَط,2inkhilit,2inkhalat,False,9,9,0-9,0-9,harakat_top_prediction
اِسْتَصْعَب,2istas3ab,2istas3ab,True,11,9,10-19,0-9,harakat_top_prediction
مَدْلُوقَة,madluuqa,madluuqa,True,10,8,10-19,0-9,harakat_top_prediction
يِمْعَص,yim3as,yim3as,True,7,6,0-9,0-9,harakat_top_prediction
نُقْطَة عَالسَّطِر,nuqta 3assatir,nuqtu3 2issara,False,18,14,10-19,10-19,harakat_top_prediction
ثَنَى,tanna,tana,False,5,5,0-9,0-9,harakat_top_prediction
يعَطِّس,y3attis,y3attis,True,7,7,0-9,0-9,harakat_top_prediction
تْحَدَّى,t7adda,t7adda,True,8,6,0-9,0-9,harakat_top_prediction
خَشَع,khishi3,khasha3,False,5,7,0-9,0-9,harakat_top_prediction
يِتْصَارَع,yitsaara3,yitsaara3,True,10,9,10-19,0-9,harakat_top_prediction
مَصِل,misil,masal,False,5,5,0-9,0-9,harakat_top_prediction
بَارِد,baarid,baarid,True,6,6,0-9,0-9,harakat_top_prediction
اِدْشَع,2idsha3,2idsha3,True,7,7,0-9,0-9,harakat_top_prediction
يقَتِّر,yqattir,yqattir,True,7,7,0-9,0-9,harakat_top_prediction
بَرْشِت,brisht,barshit,False,7,6,0-9,0-9,harakat_top_prediction
حَصَّص,7issas,7assis,False,6,6,0-9,0-9,harakat_top_prediction
كَفَس مُخّ,kaff mkhammas,kafas mukhkh,False,10,13,10-19,10-19,harakat_top_prediction
يهَبِّد,yihbid,yhabbid,False,7,6,0-9,0-9,harakat_top_prediction
اِقْتِلِع,2iqtili3,2iqtala3,False,9,8,0-9,0-9,harakat_top_prediction
كَبْرِيت,kibriit,kabriit,False,8,7,0-9,0-9,harakat_top_prediction
أَلْقَى,2alqa,2alqa,True,7,5,0-9,0-9,harakat_top_prediction
سَلَامْتُه,salaamto,sulmaato,False,10,8,10-19,0-9,harakat_top_prediction
صَنْصَنِة,sansane,sansane,True,9,7,0-9,0-9,harakat_top_prediction
خَمَس,khammas,khammis,False,5,7,0-9,0-9,harakat_top_prediction
يعَيِّد,y3iid,y3ayyid,False,7,5,0-9,0-9,harakat_top_prediction
كَرْتَن,kartin,kartan,False,7,6,0-9,0-9,harakat_top_prediction
مَطْرَز,mtarraz,mtarriz,False,7,7,0-9,0-9,harakat_top_prediction
أَصْفَار,2asfaar,2asfaar,True,8,7,0-9,0-9,harakat_top_prediction
اِشْرِة مَورَا,2ishaarit muruur,2ishrit maawar,False,14,16,10-19,10-19,harakat_top_prediction
آخذ بخَاطرهم,2akhud bkhaatirhum,2aakhad baarmo,False,12,18,10-19,10-19,harakat_top_prediction
حَائِر,7aa2ir,7aa2ir,True,6,6,0-9,0-9,harakat_top_prediction
مْشَرْبَك,msharbak,msharbik,False,9,8,0-9,0-9,harakat_top_prediction
اِتْجَلَّخ,2itjallakh,2itjallakh,True,10,10,10-19,10-19,harakat_top_prediction
مِنْوَال,minwaal,minwaal,True,8,7,0-9,0-9,harakat_top_prediction
يِتْبَخَّس,yitbakhkhas,yitbakhkhas,True,10,11,10-19,10-19,harakat_top_prediction
اِنْغَلّ,2inghall,2inghall,True,8,8,0-9,0-9,harakat_top_prediction
غَفّ,ghaff,ghaff,True,4,5,0-9,0-9,harakat_top_prediction
تَمْتَم,tamtam,tamtam,True,7,6,0-9,0-9,harakat_top_prediction
عَرَض,3ard,3arrid,False,5,4,0-9,0-9,harakat_top_prediction
يِسْتِوِي,yistawi,yistiwi,False,9,7,0-9,0-9,harakat_top_prediction
كَيف,kayyif,keef,False,4,6,0-9,0-9,harakat_top_prediction
بَوبَع,booba3,boobi3,False,6,6,0-9,0-9,harakat_top_prediction
شَرْعِي,shar3i,shar3i,True,7,6,0-9,0-9,harakat_top_prediction
تَمْهِيدي,tamhiidi,tamhiidi,True,9,8,0-9,0-9,harakat_top_prediction
جْيَاب,jyaab,jyaab,True,6,5,0-9,0-9,harakat_top_prediction
يُنْظُر,ynazzir,yinzar,False,7,7,0-9,0-9,harakat_top_prediction
اِنْفَذ بَجَلَك,2unfud bijildak,2infazak biljab,False,15,15,10-19,10-19,harakat_top_prediction
فَرْنِينِة,furniine,farniine,False,10,8,10-19,0-9,harakat_top_prediction
يلَمِّس,ylammis,ylammis,True,7,7,0-9,0-9,harakat_top_prediction
يِتْزَوَّم,yitwazzam,yitzawwam,False,10,9,10-19,0-9,harakat_top_prediction
يِرْتِزِي,yirtizi,yirtizi,True,9,7,0-9,0-9,harakat_top_prediction
اِسْحَب,2is7ab,2is7ab,True,7,6,0-9,0-9,harakat_top_prediction
نَوِّل,nawwil,nawwal,False,6,6,0-9,0-9,harakat_top_prediction
سُرْسَرِيِّة,sarsariyye,sursurriyye,False,12,10,10-19,10-19,harakat_top_prediction
على فَاندَار,3ala 2infiraad,3ala faana 2idr,False,12,14,10-19,10-19,harakat_top_prediction
قَنِّع,qanni3,qanna3,False,6,6,0-9,0-9,harakat_top_prediction
رَادَار,raadaar,raadaar,True,7,7,0-9,0-9,harakat_top_prediction
طلبت روحه الجَنِّة,talbat ruu7o 2iljanne,talbat roo7one 2ijtale,False,18,21,10-19,20-29,harakat_top_prediction
حَصْمِة,7ummuse,7asme,False,7,7,0-9,0-9,harakat_top_prediction
زَابِن,zaabin,zaabin,True,6,6,0-9,0-9,harakat_top_prediction
بَنَى,banna,bana,False,5,5,0-9,0-9,harakat_top_prediction
جَاب وحَط,jaab wu7att,jaab wu7at,False,9,11,0-9,10-19,harakat_top_prediction
قْرُوط,qarwit,qarwit,True,6,6,0-9,0-9,harakat_top_prediction
فِيرَان,fiiraan,fiiraan,True,7,7,0-9,0-9,harakat_top_prediction
فَكَّر,fakkir,fakkir,True,6,6,0-9,0-9,harakat_top_prediction
دِبْس الرُّمَّان,dibs 2irrumaan,dibis 2irraman,False,16,14,10-19,10-19,harakat_top_prediction
رَجّ,rajj,rajj,True,4,4,0-9,0-9,harakat_top_prediction
يِتْمَلْيَط,yitmalyat,yitmalyat,True,11,9,10-19,0-9,harakat_top_prediction
عَجَب,3ajjab,3ajjib,False,5,6,0-9,0-9,harakat_top_prediction
يِسْتَحْسِن,yista7sin,yista7sin,True,11,9,10-19,0-9,harakat_top_prediction
زَامُور,zaazmuur,zaamuur,False,7,8,0-9,0-9,harakat_top_prediction
لْسَانُه طَوِيل,lsaano tawiil,lsano wilti,False,15,13,10-19,10-19,harakat_top_prediction
بَحَّار,bi7aar,ba77aar,False,7,6,0-9,0-9,harakat_top_prediction
تْوَكَّس,twakas,twakkas,False,8,6,0-9,0-9,harakat_top_prediction
لَاجْرِي,la2ijri,laajri,False,8,7,0-9,0-9,harakat_top_prediction
شَيل,shiil,sheel,False,4,5,0-9,0-9,harakat_top_prediction
طَارِد,taarad,taarid,False,6,6,0-9,0-9,harakat_top_prediction
رَصِيد,rasiid,rasiid,True,6,6,0-9,0-9,harakat_top_prediction
يِتْجَعْمَص,yitdja3mas,yitdja3mas,True,11,10,10-19,10-19,harakat_top_prediction
اِتْخَارَج,2itkhaaraj,2itkhaaraj,True,10,10,10-19,10-19,harakat_top_prediction
يأَنْتِك,y2antik,y2antik,True,8,7,0-9,0-9,harakat_top_prediction
يِفْظَع,yfazzi3,yifdha3,False,7,7,0-9,0-9,harakat_top_prediction
هَطَّل,hattil,hattal,False,6,6,0-9,0-9,harakat_top_prediction
كَشْفِيِّة,kashfiyye,kashfiyye,True,10,9,10-19,0-9,harakat_top_prediction
عَسَّر,3usur,3assir,False,6,5,0-9,0-9,harakat_top_prediction
اِبِن المَحْظُوظَة,2ibin 2ilma7zuuza,2ibin 2izma7luude,False,18,17,10-19,10-19,harakat_top_prediction
رُبْحَان,rab7aan,rub7aan,False,8,7,0-9,0-9,harakat_top_prediction
يؤدِّي,y2addi,y2addi,True,6,6,0-9,0-9,harakat_top_prediction
بَالك,baalak,baalak,True,5,6,0-9,0-9,harakat_top_prediction
أَسِير,2asiir,2asiir,True,6,6,0-9,0-9,harakat_top_prediction
نَغَص,naghghis,naghghis,True,5,8,0-9,0-9,harakat_top_prediction
جَبَشِة,djabashe,jabashe,False,7,8,0-9,0-9,harakat_top_prediction
اِطْوِش,2itwish,2itwish,True,7,7,0-9,0-9,harakat_top_prediction
تِصْوَايِة,tuusaaye,tiswaaye,False,10,8,10-19,0-9,harakat_top_prediction
تْمَهْزَأ,tmahza2,tmahza2,True,9,7,0-9,0-9,harakat_top_prediction
يُنْضُب,yindabb,yindabb,True,7,7,0-9,0-9,harakat_top_prediction
طَنْجِة,tanje,tanje,True,7,5,0-9,0-9,harakat_top_prediction
خُلْقُه برَاس مَنَاخِيرُه,khulqo braas manakhiiro,khulqur binas khalamiro,False,25,23,20-29,20-29,harakat_top_prediction
دَرِّر,durar,darrir,False,6,5,0-9,0-9,harakat_top_prediction
لَاذِع,laadhi3,laa3iz,False,6,7,0-9,0-9,harakat_top_prediction
مَازِع,maazi3,maazi3,True,6,6,0-9,0-9,harakat_top_prediction
يِتْحَزْوَط,yit7azwat,yit7azwat,True,11,9,10-19,0-9,harakat_top_prediction
تْهَجَّد,tahajjud,thajjad,False,8,8,0-9,0-9,harakat_top_prediction
نَشَّافِة,nashshaafe,nashaafe,False,9,10,0-9,10-19,harakat_top_prediction
يِنْعِزِل,yin3izil,yin3izil,True,9,8,0-9,0-9,harakat_top_prediction
اِتْحَاشَى,2it7aasha,2it7aasha,True,10,9,10-19,0-9,harakat_top_prediction
اِرْجَع,2irja3,2irja3,True,7,6,0-9,0-9,harakat_top_prediction
اِدْبُق,2idbaq,2idbuq,False,7,6,0-9,0-9,harakat_top_prediction
جَبِّل,jabbal,jabbal,True,6,6,0-9,0-9,harakat_top_prediction
سَنْفَر,sanfar,sanfir,False,7,6,0-9,0-9,harakat_top_prediction
اِحْتَاج,2i7taaj,2i7taaj,True,8,7,0-9,0-9,harakat_top_prediction
صَيَّغ,siyagh,sayyagh,False,6,6,0-9,0-9,harakat_top_prediction
أَعْشَاب,2a3shaab,2a3shaab,True,8,8,0-9,0-9,harakat_top_prediction
اِتْجَهَّز,2itjahhaz,2itjahhaz,True,10,9,10-19,0-9,harakat_top_prediction
جُوف,jawwaf,jawwif,False,4,6,0-9,0-9,harakat_top_prediction
عَنَّف,3unf,3annif,False,6,4,0-9,0-9,harakat_top_prediction
وَعِي,wa3i,wa3i,True,5,4,0-9,0-9,harakat_top_prediction
فَرَد,farrad,farrad,True,5,6,0-9,0-9,harakat_top_prediction
تْجَعْلَص,tja3las,tdja3las,False,9,7,0-9,0-9,harakat_top_prediction
غَدَّد,ghudad,ghaddid,False,6,6,0-9,0-9,harakat_top_prediction
يكَبِّب,ykabbib,ykabbib,True,7,7,0-9,0-9,harakat_top_prediction
اِفْقِي,2ifqi,2ifqi,True,7,5,0-9,0-9,harakat_top_prediction
اِتْقَشَّر,2itqashshar,2itqashshar,True,10,11,10-19,10-19,harakat_top_prediction
لَيوَنِة,liyuune,leewane,False,8,7,0-9,0-9,harakat_top_prediction
اِتْرُك,2itruk,2itrakk,False,7,6,0-9,0-9,harakat_top_prediction
عَالرِّيق,3arriiq,3alriiq,False,9,7,0-9,0-9,harakat_top_prediction
غُرْبَال,ghurbaal,ghurbaal,True,8,8,0-9,0-9,harakat_top_prediction
تَفَّل,taffal,taffil,False,6,6,0-9,0-9,harakat_top_prediction
بَلِّل,balal,ballal,False,6,5,0-9,0-9,harakat_top_prediction
تْشَيَّخ,tshayyakh,tshayyakh,True,8,9,0-9,0-9,harakat_top_prediction
يبَوِّش,ybawwish,ybawwish,True,7,8,0-9,0-9,harakat_top_prediction
يِتْحَرَّم,yit7arram,yit7arram,True,10,9,10-19,0-9,harakat_top_prediction
تْهَشَّم,thashsham,thashsham,True,8,9,0-9,0-9,harakat_top_prediction
أَسْئِلِة,2as2ile,2as2ile,True,9,7,0-9,0-9,harakat_top_prediction
مَصْطَرِيم,mastariim,mastariim,True,10,9,10-19,0-9,harakat_top_prediction
اِتْزَرَّق,2itzarraq,2itzarraq,True,10,9,10-19,0-9,harakat_top_prediction
جِلْدُه بِيحُكُّه,jildo bi7ukko,jildo bi7ak,False,17,13,10-19,10-19,harakat_top_prediction
تْجَنَّن,tjannan,tjannan,True,8,7,0-9,0-9,harakat_top_prediction
بَرَص,burus,barris,False,5,5,0-9,0-9,harakat_top_prediction
أَشْدَف,2ashdaf,2ashdaf,True,7,7,0-9,0-9,harakat_top_prediction
خُرْبَان,kharbaan,khurbaan,False,8,8,0-9,0-9,harakat_top_prediction
الدِّنْيَا حَيَاة أَو مَوت,2iddinya 7ayaa 2aw moot,2iddinya wu2aya maat7ame 2awilaye,False,26,23,20-29,20-29,harakat_top_prediction
مَول,mawwil,mool,False,4,6,0-9,0-9,harakat_top_prediction
عَنَى,3ana,3anna,False,5,4,0-9,0-9,harakat_top_prediction
نَاقِض,naaqad,naaqid,False,6,6,0-9,0-9,harakat_top_prediction
بيِحْكِي لَبَلَد,bi7ki labalad,bid7ak liib,False,16,13,10-19,10-19,harakat_top_prediction
أَرْيَح,2arya7,2arya7,True,7,6,0-9,0-9,harakat_top_prediction
شَوَّش,shawwish,shawwish,True,6,8,0-9,0-9,harakat_top_prediction
أَقْصَاف,2aqfaas,2aqsaaf,False,8,7,0-9,0-9,harakat_top_prediction
نَظَّم,nazzam,nazzam,True,6,6,0-9,0-9,harakat_top_prediction
صَابُون نَاسِل,saabuun saa2il,saabuun 2ilsan,False,14,14,10-19,10-19,harakat_top_prediction
نَحَف,na77af,na77if,False,5,6,0-9,0-9,harakat_top_prediction
يعَكِّس,yi3kis,y3akkis,False,7,6,0-9,0-9,harakat_top_prediction
إِغْوَاء,2ighwaa2,2ighwaa2,True,8,8,0-9,0-9,harakat_top_prediction
تْخَلَّص,tkhallas,tkhallas,True,8,8,0-9,0-9,harakat_top_prediction
خَلَع,khalla3,khalli3,False,5,7,0-9,0-9,harakat_top_prediction
يبَعْقِش,yba3qish,yba3qish,True,8,8,0-9,0-9,harakat_top_prediction
رُصّ,russ,russ,True,4,4,0-9,0-9,harakat_top_prediction
اُفْطُن,2iftan,2iftan,True,7,6,0-9,0-9,harakat_top_prediction
يِتْحَسَّس,yit7assas,yit7assas,True,10,9,10-19,0-9,harakat_top_prediction
طَفْطَف,taftaf,taftif,False,7,6,0-9,0-9,harakat_top_prediction
سَلْعَدَا,sal3ada,sal3ada,True,9,7,0-9,0-9,harakat_top_prediction
يِنْدَبّ,yindabb,yindabb,True,8,7,0-9,0-9,harakat_top_prediction
يطَشِّش,ytashshish,ytashshish,True,7,10,0-9,10-19,harakat_top_prediction
بَعْدَين,ba3deen,ba3deen,True,8,7,0-9,0-9,harakat_top_prediction
تَعْتَع,ta3ta3,ta3ta3,True,7,6,0-9,0-9,harakat_top_prediction
رَقِّع,raqqa3,raqqa3,True,6,6,0-9,0-9,harakat_top_prediction
يِنْجِس,ynajjis,yinjis,False,7,7,0-9,0-9,harakat_top_prediction
حَلْيَان,7alyaan,7alyaan,True,8,7,0-9,0-9,harakat_top_prediction
تْرَبَّس,tarbas,trabbas,False,8,6,0-9,0-9,harakat_top_prediction
بَالكْرَيك,bil kreek,bilkarkeer,False,10,9,10-19,0-9,harakat_top_prediction
مْشَفِّر,mshaffar,mshaffir,False,8,8,0-9,0-9,harakat_top_prediction
اِعْتَمَد,2i3tamad,2i3timid,False,9,8,0-9,0-9,harakat_top_prediction
لَطَع,latta3,latti3,False,5,6,0-9,0-9,harakat_top_prediction
يِقْعَش,yiqk3ash,yiq3ash,False,7,8,0-9,0-9,harakat_top_prediction
اِنْفَرَم,2infaram,2infirim,False,9,8,0-9,0-9,harakat_top_prediction
اِتْشَخَّط,2itshakhkhat,2itshakhkhat,True,10,12,10-19,10-19,harakat_top_prediction
اِتْفَلَّل,2itfallal,2itfallal,True,10,9,10-19,0-9,harakat_top_prediction
إِذَا,2izan,2iza,False,5,5,0-9,0-9,harakat_top_prediction
بَنِّق,bannaq,bannaq,True,6,6,0-9,0-9,harakat_top_prediction
قَلْقِيز,kalkiiz,2alqiiz,False,8,7,0-9,0-9,harakat_top_prediction
أَزْهَق,2azhiq,2azhaq,False,7,6,0-9,0-9,harakat_top_prediction
يِتْهَنَّى,yithanna,yithanna,True,10,8,10-19,0-9,harakat_top_prediction
مْحَبِّط,mu7bat,m7abbit,False,8,6,0-9,0-9,harakat_top_prediction
اِغْوِي,2ighwi,2ighwi,True,7,6,0-9,0-9,harakat_top_prediction
كَرْزَم,kirzim,karzim,False,7,6,0-9,0-9,harakat_top_prediction
مْغَطِّس,maghtas,mghattis,False,8,7,0-9,0-9,harakat_top_prediction
يِنْخِذِل,yinkhizil,yinkhizil,True,9,9,0-9,0-9,harakat_top_prediction
يِنْقِرِم,yinqirim,yinqirim,True,9,8,0-9,0-9,harakat_top_prediction
بَخَّاخ,bakhkhaakh,bakhkhaakh,True,7,10,0-9,10-19,harakat_top_prediction
مَتْعَة,mut3a,mat3a,False,7,5,0-9,0-9,harakat_top_prediction
كَعَاكِيل,ka3aakiil,ka3aakiil,True,9,9,0-9,0-9,harakat_top_prediction
تْلَسْوَع,tlaswa3,tlaswa3,True,9,7,0-9,0-9,harakat_top_prediction
عَطَف,3atif,3attif,False,5,5,0-9,0-9,harakat_top_prediction
بَطْنُه كْبِير,batno kbiir,batno kurbi,False,14,11,10-19,10-19,harakat_top_prediction
فَهَى,fahha,fahha,True,5,5,0-9,0-9,harakat_top_prediction
يقَتِّت,yqattit,yqattit,True,7,7,0-9,0-9,harakat_top_prediction
ضْلَال,dalaal,dlaal,False,6,6,0-9,0-9,harakat_top_prediction
ثَمَر,thammar,thammir,False,5,7,0-9,0-9,harakat_top_prediction
يِنْحَفّ,yin7af,yin7aff,False,8,6,0-9,0-9,harakat_top_prediction
لَغْوَص,laghwas,laghwis,False,7,7,0-9,0-9,harakat_top_prediction
خُطّ,khatt,khutt,False,4,5,0-9,0-9,harakat_top_prediction
إِير,2iir,2iir,True,4,4,0-9,0-9,harakat_top_prediction
سَعد بَلَع,sa3ad bala3,sa3ad bala3,True,10,11,10-19,10-19,harakat_top_prediction
هَرْبَج,harbij,harbaj,False,7,6,0-9,0-9,harakat_top_prediction
نَاهِض,naahad,naahid,False,6,6,0-9,0-9,harakat_top_prediction
يجَرِّس,yjarris,yjarris,True,7,7,0-9,0-9,harakat_top_prediction
اِمْضِي,2imdi,2imdi,True,7,5,0-9,0-9,harakat_top_prediction
اِنْحَرَم,2in7aram,2in7aram,True,9,8,0-9,0-9,harakat_top_prediction
إِسْتِغَاثِة,2istighaathe,2istighaathe,True,12,12,10-19,10-19,harakat_top_prediction
دَاقِش,daaqash,daaqish,False,6,7,0-9,0-9,harakat_top_prediction
كَيَّال,kayyaal,kayyaal,True,7,7,0-9,0-9,harakat_top_prediction
يحَنْبِط,y7ambit,y7anbit,False,8,7,0-9,0-9,harakat_top_prediction
بَرْوَاز,birwaaz,barwaaz,False,8,7,0-9,0-9,harakat_top_prediction
اِنْتُج,2intij,2intuj,False,7,6,0-9,0-9,harakat_top_prediction
فَيض,feed,fayyid,False,4,4,0-9,0-9,harakat_top_prediction
اِتْغَيَّر,2itghayyar,2itghayyar,True,10,10,10-19,10-19,harakat_top_prediction
تْشَغْنَف,tshaghnaf,tshaghnaf,True,9,9,0-9,0-9,harakat_top_prediction
ذِبِل,dibal,dabbil,False,5,5,0-9,0-9,harakat_top_prediction
يِتْكَحْتَت,yitka7tat,yitka7tat,True,11,9,10-19,0-9,harakat_top_prediction
يِطْرَح,ytarri7,yitra7,False,7,7,0-9,0-9,harakat_top_prediction
غُنْجِي,ghunji,ghundji,False,7,6,0-9,0-9,harakat_top_prediction
كَابِر,kaabar,kaabir,False,6,6,0-9,0-9,harakat_top_prediction
مْجَرَّب,mjarrab,mjarrib,False,8,7,0-9,0-9,harakat_top_prediction
مْنَكِّر,mankar,mnakkir,False,8,6,0-9,0-9,harakat_top_prediction
تْمَقْلَس,tmi2lis,tma2las,False,9,7,0-9,0-9,harakat_top_prediction
بَين,been,bayyin,False,4,4,0-9,0-9,harakat_top_prediction
فخَار يكسر بعضه,fakhkhaar ykassir ba3do,fakhaar 2issabro 3akhad,False,15,23,10-19,20-29,harakat_top_prediction
لَظْلَظ,lazlaz,lazlaz,True,7,6,0-9,0-9,harakat_top_prediction
اِنْدَهَك,2indahik,2indahak,False,9,8,0-9,0-9,harakat_top_prediction
شَنْدِيرَة,shandiire,shandiire,True,10,9,10-19,0-9,harakat_top_prediction
وَصِيِّة,wasiyye,wasiyye,True,8,7,0-9,0-9,harakat_top_prediction
بَاعِث,baa3it,baa3it,True,6,6,0-9,0-9,harakat_top_prediction
حَلَب,7alab,7alab,True,5,5,0-9,0-9,harakat_top_prediction
شَابِط,shaabat,shaabit,False,6,7,0-9,0-9,harakat_top_prediction
يُطْرُق جَمِيع الأَبْوَاب,yutruq jamii3 2il2abwaab,yitraq 2iljum bi3aay,False,25,24,20-29,20-29,harakat_top_prediction
فَرِيرَة,furreera,fariira,False,8,8,0-9,0-9,harakat_top_prediction
فْلَاح,fallaa7,flaa7,False,6,7,0-9,0-9,harakat_top_prediction
تَفْرِيحَة,tafrii7e,tafrii7a,False,10,8,10-19,0-9,harakat_top_prediction
غَصِّب,ghasib,ghassib,False,6,6,0-9,0-9,harakat_top_prediction
أُذُونَات,2uzuunaat,2uzunaat,False,9,9,0-9,0-9,harakat_top_prediction
قَمَع,qami3,qammi3,False,5,5,0-9,0-9,harakat_top_prediction
حَودِة,7awade,7oode,False,6,6,0-9,0-9,harakat_top_prediction
تْوَاجَد,twaajad,twaajad,True,8,7,0-9,0-9,harakat_top_prediction
يصِير,ysiir,ysiir,True,5,5,0-9,0-9,harakat_top_prediction
لَئْمَنِة,la2mane,la2mane,True,9,7,0-9,0-9,harakat_top_prediction
يسَقِّي,yisqi,ysaqqi,False,7,5,0-9,0-9,harakat_top_prediction
اِسْتِخْلَاص,2istikhlaas,2istikhlaas,True,12,11,10-19,10-19,harakat_top_prediction
تْهَدَّم,thaddam,thaddam,True,8,7,0-9,0-9,harakat_top_prediction
حَوَاجِب,7awaajib,7awaajib,True,8,8,0-9,0-9,harakat_top_prediction
قُرْمِيِّة,qurmiyye,qkgurmiyye,False,10,8,10-19,0-9,harakat_top_prediction
اِرْتِزِي,2irtizi,2irtizi,True,9,7,0-9,0-9,harakat_top_prediction
يعِتّ,y3itt,y3itt,True,5,5,0-9,0-9,harakat_top_prediction
اِنْصَبّ,2unsub,2insabb,False,8,6,0-9,0-9,harakat_top_prediction
يِتْسَلْقَط,yitsalqat,yitsalqat,True,11,9,10-19,0-9,harakat_top_prediction
اِسْتَرْوِح,2istarwa7,2istarwi7,False,11,9,10-19,0-9,harakat_top_prediction
فِنّ,finn,finn,True,4,4,0-9,0-9,harakat_top_prediction
سُجُود,sujuud,sujuud,True,6,6,0-9,0-9,harakat_top_prediction
يِنْزِل,ynazzil,yinzil,False,7,7,0-9,0-9,harakat_top_prediction
اِخْنِس,2ikhnis,2ikhnis,True,7,7,0-9,0-9,harakat_top_prediction
اِفْرِم,2ufrum,2ifrim,False,7,6,0-9,0-9,harakat_top_prediction
كَلَالِيب,tshalaaliib,kalaaliib,False,9,11,0-9,10-19,harakat_top_prediction
جَدَلِي,jadali,jadali,True,7,6,0-9,0-9,harakat_top_prediction
اِزْدِهِر,2izdihir,2izdahar,False,9,8,0-9,0-9,harakat_top_prediction
مْسَلْعِس,msal3is,msal3is,True,9,7,0-9,0-9,harakat_top_prediction
هَام,haam,haam,True,4,4,0-9,0-9,harakat_top_prediction
غَايِة,ghaaye,ghaaye,True,6,6,0-9,0-9,harakat_top_prediction
حَذَّف,7azaf,7azzif,False,6,5,0-9,0-9,harakat_top_prediction
لَبِين,labeen,labiin,False,6,6,0-9,0-9,harakat_top_prediction
بَلْحَة,bala7a,bal7a,False,7,6,0-9,0-9,harakat_top_prediction
يبَوِّم,ybawwim,ybawwim,True,7,7,0-9,0-9,harakat_top_prediction
خَايِخ,khaayikh,khaayikh,True,6,8,0-9,0-9,harakat_top_prediction
غُبّ,ghabb,ghubb,False,4,5,0-9,0-9,harakat_top_prediction
تْزَرَّق,tzarraq,tzarraq,True,8,7,0-9,0-9,harakat_top_prediction
تْغَبَّش,tghabbash,tghabbash,True,8,9,0-9,0-9,harakat_top_prediction
يدَعِّس,yda33is,yid3as,False,7,7,0-9,0-9,harakat_top_prediction
يصَهِّج,yishadj,ysahhidj,False,7,7,0-9,0-9,harakat_top_prediction
خَوَالِي,khawaali,khawaali,True,8,8,0-9,0-9,harakat_top_prediction
يِسْتَقِرّ,yistiqirr,yistaqirr,False,10,9,10-19,0-9,harakat_top_prediction
فَاقِس,faagis,faaqis,False,6,6,0-9,0-9,harakat_top_prediction
قَرْدَن,qardin,qardin,True,7,6,0-9,0-9,harakat_top_prediction
قَارِح,qaari7,qaari7,True,6,6,0-9,0-9,harakat_top_prediction
أَبْرِيَاء,2abriyaa2,2abriyaa2,True,10,9,10-19,0-9,harakat_top_prediction
كَئِنّ,ka2inn,ka22in,False,6,6,0-9,0-9,harakat_top_prediction
زَمَع,mazi3,zamma3,False,5,5,0-9,0-9,harakat_top_prediction
يِرْكَع,yrakki3,yirka3,False,7,7,0-9,0-9,harakat_top_prediction
هَرْمَان,harmaan,harmaan,True,8,7,0-9,0-9,harakat_top_prediction
وَشَم,washam,washshim,False,5,6,0-9,0-9,harakat_top_prediction
اِنْكِسِر,2inkisir,2inkisir,True,9,8,0-9,0-9,harakat_top_prediction
أَخُو أخته,2akhu 2ukhto,2akho 2ukhto,False,10,12,10-19,10-19,harakat_top_prediction
حْسَاب بَالبنك,7saab bilbank,7saab 2ilbakin,False,14,13,10-19,10-19,harakat_top_prediction
اِنْحِنِي,2in7ini,2in7ini,True,9,7,0-9,0-9,harakat_top_prediction
اِسْتَدَلّ,2istadill,2istadall,False,10,9,10-19,0-9,harakat_top_prediction
سَرِيع,sarii3,sarrii3,False,6,6,0-9,0-9,harakat_top_prediction
رَمَّم,rammim,rammam,False,6,6,0-9,0-9,harakat_top_prediction
تْبَرْبَج,tbarbadj,tbarbadj,True,9,8,0-9,0-9,harakat_top_prediction
يعَرِّد,y3arrid,y3arrid,True,7,7,0-9,0-9,harakat_top_prediction
قَتِّت,qattat,qattit,False,6,6,0-9,0-9,harakat_top_prediction
جَعَد,ja33ad,ja33id,False,5,6,0-9,0-9,harakat_top_prediction
مْبَطْرِخ,mbatrikh,mbatrikh,True,9,8,0-9,0-9,harakat_top_prediction
كْسَاد,kasaad,ksaad,False,6,6,0-9,0-9,harakat_top_prediction
مُسْتَسَاغ,mustasaagh,mustasaagh,True,10,10,10-19,10-19,harakat_top_prediction
صَمَّت,samat,sammit,False,6,5,0-9,0-9,harakat_top_prediction
تْفَلْفَل,tfalfal,tfalfal,True,9,7,0-9,0-9,harakat_top_prediction
بَات,baat,baat,True,4,4,0-9,0-9,harakat_top_prediction
قَابِل,qaabil,qaabil,True,6,6,0-9,0-9,harakat_top_prediction
يِرْسُم,yirsum,yirsum,True,7,6,0-9,0-9,harakat_top_prediction
خَنْفَس,khanfas,khanfis,False,7,7,0-9,0-9,harakat_top_prediction
جِدّ,dijj,jidd,False,4,4,0-9,0-9,harakat_top_prediction
يرَتِّب,yrattib,yrattib,True,7,7,0-9,0-9,harakat_top_prediction
اِغْمِس,2ighmis,2ighmis,True,7,7,0-9,0-9,harakat_top_prediction
يسَوِّد,yiswadd,ysawwid,False,7,7,0-9,0-9,harakat_top_prediction
نَشَع,nasha3,nasha3,True,5,6,0-9,0-9,harakat_top_prediction
يجَسِّر,yjassir,yjassir,True,7,7,0-9,0-9,harakat_top_prediction
اِتْجَدْعَن,2itjad3an,2itjad3an,True,11,9,10-19,0-9,harakat_top_prediction
يرَقِّط,yra22it,yraqqit,False,7,7,0-9,0-9,harakat_top_prediction
نَقْرَشِة,naqrashe,naqrashe,True,9,8,0-9,0-9,harakat_top_prediction
بَرَام,barraam,baraam,False,6,7,0-9,0-9,harakat_top_prediction
بَقْلَاوِي,baqlaawi,baqklaawi,False,10,8,10-19,0-9,harakat_top_prediction
مْعَتْرِس,m3atris,m3atris,True,9,7,0-9,0-9,harakat_top_prediction
أَدِّي,2addi,2addi,True,6,5,0-9,0-9,harakat_top_prediction
بتبن و بتكرب,bittabin wu bitkarreb,bitbin wubitrak,False,12,21,10-19,20-29,harakat_top_prediction
اُطْلُب,2utlub,2utlub,True,7,6,0-9,0-9,harakat_top_prediction
مُتَظَاهِر,mitzaahir,mutazaahir,False,10,9,10-19,0-9,harakat_top_prediction
قَوَّش,quush,qkawwash,False,6,5,0-9,0-9,harakat_top_prediction
مُلَاحَقَة,mulaa7aqa,mulaa7aqa,True,10,9,10-19,0-9,harakat_top_prediction
حَلِّس,7ilis,7allis,False,6,5,0-9,0-9,harakat_top_prediction
مَتَانِة,mataane,mataane,True,8,7,0-9,0-9,harakat_top_prediction
عزَا يرقعك,3aza yirka3ak,3azaay qarqa3ak,False,10,13,10-19,10-19,harakat_top_prediction
ضَرْبِة حَظ,darbit 7azz,dharbit 7aza,False,11,11,10-19,10-19,harakat_top_prediction
حَرَّج,harradj,7arrij,False,6,7,0-9,0-9,harakat_top_prediction
بَهَالِيل,bahaaliil,bahaaliil,True,9,9,0-9,0-9,harakat_top_prediction
اِتْبَاحَث,2itbaa7as,2itbaa7as,True,10,9,10-19,0-9,harakat_top_prediction
يِبْعَث,yib3at,yib3at,True,7,6,0-9,0-9,harakat_top_prediction
اِنْشِلِش,2inishlish,2inshilish,False,9,10,0-9,10-19,harakat_top_prediction
أَغَاث,2aghaath,2aghaath,True,6,8,0-9,0-9,harakat_top_prediction
صَارِح,saara7,saari7,False,6,6,0-9,0-9,harakat_top_prediction
مُحْتَقِن,mi7tiqin,mu7taqin,False,9,8,0-9,0-9,harakat_top_prediction
يرَفِّش,yraffish,yraffish,True,7,8,0-9,0-9,harakat_top_prediction
مَبْخَرَة,mabkhara,mbakhkhara,False,9,8,0-9,0-9,harakat_top_prediction
يِشْقَح,yishqa7,yishqa7,True,7,7,0-9,0-9,harakat_top_prediction
