source,target,prediction,exact_match,source_length,target_length,source_length_bucket,target_length_bucket,source_column
زرزب,zarzib,zarzab,False,4,6,0-9,0-9,arabic_stripped
الكخ أخو الخرا,2il kikh 2akhu 2ilkhara,2ilkhakh 2akhkhawaar 2ilkha,False,14,23,10-19,20-29,arabic_stripped
مقلب,maqlab,mqallib,False,4,6,0-9,0-9,arabic_stripped
اكدح,2ikda7,2ikda7,True,4,6,0-9,0-9,arabic_stripped
بطرخ,batrakh,batrikh,False,4,7,0-9,0-9,arabic_stripped
يئس,ya22is,y2iss,False,3,6,0-9,0-9,arabic_stripped
قحط,qa7at,qa77it,False,3,5,0-9,0-9,arabic_stripped
جريمة شرف,jariimit sharaf,jariime sharfe,False,9,15,0-9,10-19,arabic_stripped
وفق,waffiq,waffaq,False,3,6,0-9,0-9,arabic_stripped
حزب,7izib,7azzib,False,3,5,0-9,0-9,arabic_stripped
انفطم,2infitim,2infitim,True,5,8,0-9,0-9,arabic_stripped
خوابي,khawaabi,khawaabi,True,5,8,0-9,0-9,arabic_stripped
نواقص,nawaaqis,nawaaqis,True,5,8,0-9,0-9,arabic_stripped
يربعن,yrab3in,yrab3in,True,5,7,0-9,0-9,arabic_stripped
نواشف,nawaashif,nawaashif,True,5,9,0-9,0-9,arabic_stripped
شخار,shkhaar,shakhkhaar,False,4,7,0-9,0-9,arabic_stripped
ينكب,yinkabb,yinkab,False,4,7,0-9,0-9,arabic_stripped
قبضت,qabadit,qabdat,False,4,7,0-9,0-9,arabic_stripped
ليوا,leewa,liiwa,False,4,5,0-9,0-9,arabic_stripped
سرح,sara7,sarri7,False,3,5,0-9,0-9,arabic_stripped
وضع,wada3,wadda3,False,3,5,0-9,0-9,arabic_stripped
مبطوح,mabtuu7,mabtuu7,True,5,7,0-9,0-9,arabic_stripped
ترح,tarri7,tarri7,True,3,6,0-9,0-9,arabic_stripped
مألوف,ma2luuf,ma2luuf,True,5,7,0-9,0-9,arabic_stripped
اتفاجأ,2itfaaja2,2itfaaja2,True,6,9,0-9,0-9,arabic_stripped
شاعري,shaa3iri,shaa3iir,False,5,8,0-9,0-9,arabic_stripped
والد,waalid,waalid,True,4,6,0-9,0-9,arabic_stripped
يلوح,yilwi7,ylawwi7,False,4,6,0-9,0-9,arabic_stripped
مطحش,mta77ish,mta77ish,True,4,8,0-9,0-9,arabic_stripped
فاض,faad,faad,True,3,4,0-9,0-9,arabic_stripped
تحفة,tu7fe,ta7fe,False,4,5,0-9,0-9,arabic_stripped
انجرد,2injirid,2injarad,False,5,8,0-9,0-9,arabic_stripped
تقهوى,tqahwatgahwa,tqahwa,False,5,12,0-9,10-19,arabic_stripped
لا رقيب ولا حسيب,laa raqiib wala 7asiib,laabir qabil wa7asi,False,16,22,10-19,20-29,arabic_stripped
اعتقد,2i3taqad,2i3tiqid,False,5,8,0-9,0-9,arabic_stripped
جاع,jaa3,jaa3,True,3,4,0-9,0-9,arabic_stripped
يقنع,yiqni3,yiqna3,False,4,6,0-9,0-9,arabic_stripped
استضرط,2istadrit,2istadrat,False,6,9,0-9,0-9,arabic_stripped
يتف,ytiff,ytiff,True,3,5,0-9,0-9,arabic_stripped
كلمة,kilme,kalme,False,4,5,0-9,0-9,arabic_stripped
إنعاش,2in3aash,2in3aash,True,5,8,0-9,0-9,arabic_stripped
بوشة ملح,booshit mili7,boosh mil7al,False,8,13,0-9,10-19,arabic_stripped
تناسل,tnaasal,tnaasal,True,5,7,0-9,0-9,arabic_stripped
ذهب,zahab,dahhib,False,3,5,0-9,0-9,arabic_stripped
تنصل,tnassal,tnassal,True,4,7,0-9,0-9,arabic_stripped
انغز,2unghuz,2inghazz,False,4,7,0-9,0-9,arabic_stripped
مطبع,mtabbi3,mtabbi3,True,4,7,0-9,0-9,arabic_stripped
زيارة,ziyaara,zyaara,False,5,7,0-9,0-9,arabic_stripped
حلق,7allaq,7alliq,False,3,6,0-9,0-9,arabic_stripped
خدر,khaddir,khaddar,False,3,7,0-9,0-9,arabic_stripped
مشفشف,mshafshaf,mshafshif,False,5,9,0-9,0-9,arabic_stripped
اختشى,2ikhtishi,2ikhtasha,False,5,9,0-9,0-9,arabic_stripped
أقتب,2aqtab,2aqtab,True,4,6,0-9,0-9,arabic_stripped
تقارير,taqaariir,taqaariir,True,6,9,0-9,0-9,arabic_stripped
زكام,zukaam,zakaam,False,4,6,0-9,0-9,arabic_stripped
مكمل,mkammil,mkammil,True,4,7,0-9,0-9,arabic_stripped
توتوت,twatwat,twatwat,True,5,7,0-9,0-9,arabic_stripped
مشرش,msharrish,msharrish,True,4,9,0-9,0-9,arabic_stripped
حدادة,7daade,7addaade,False,5,6,0-9,0-9,arabic_stripped
مفبرك,mfabrak,mfabrik,False,5,7,0-9,0-9,arabic_stripped
خان العشرة,khaan 2il3ishre,khaanit 2ishsha3ra,False,10,15,10-19,10-19,arabic_stripped
محذر,m7azzir,m7azzir,True,4,7,0-9,0-9,arabic_stripped
طلهينة,talhiine,talhiine,True,6,8,0-9,0-9,arabic_stripped
تلقوج,tlaqwaj,tlaqwadj,False,5,7,0-9,0-9,arabic_stripped
عبلاطة,3a blata,3ablaata,False,6,8,0-9,0-9,arabic_stripped
بغمضة عين,bighamdit 3een,bghamdame 3ini,False,9,14,0-9,10-19,arabic_stripped
مذابح,madaabi7,madaabi7,True,5,8,0-9,0-9,arabic_stripped
من ريحة,min rii7it,min rii7a,False,7,10,0-9,10-19,arabic_stripped
تليف,tlayyaf,taliif,False,4,7,0-9,0-9,arabic_stripped
أوادم,2awaadim,2awaadim,True,5,8,0-9,0-9,arabic_stripped
منوقر,mnooqir,mnooqir,True,5,7,0-9,0-9,arabic_stripped
قرصة,qarsa,qarsa,True,4,5,0-9,0-9,arabic_stripped
عطب,3attab,3attib,False,3,6,0-9,0-9,arabic_stripped
عسلي,3asali,3asli,False,4,6,0-9,0-9,arabic_stripped
نميمة,namiime,namiime,True,5,7,0-9,0-9,arabic_stripped
بسابيس,basaabiis,basaabiis,True,6,9,0-9,0-9,arabic_stripped
نيل,niil,nayyil,False,3,4,0-9,0-9,arabic_stripped
خير,khayyar,khayyar,True,3,7,0-9,0-9,arabic_stripped
قبة,qubbe,qabbe,False,3,5,0-9,0-9,arabic_stripped
شفيع,shafii3,shafii3,True,4,7,0-9,0-9,arabic_stripped
يغرق,yighraq,ygharriq,False,4,7,0-9,0-9,arabic_stripped
اتغابى,2itghaaba,2itghaaba,True,6,9,0-9,0-9,arabic_stripped
ركض,rakad,rakkid,False,3,5,0-9,0-9,arabic_stripped
لقف,laqaf,laqqaf,False,3,5,0-9,0-9,arabic_stripped
تعاريف,ta3aariif,ta3aariif,True,6,9,0-9,0-9,arabic_stripped
يشخت,yishkhat,yshakhkhit,False,4,8,0-9,0-9,arabic_stripped
ارأس,2ir2as,2ir2as,True,4,6,0-9,0-9,arabic_stripped
اتمسك,2itmassak,2itmassak,True,5,9,0-9,0-9,arabic_stripped
هذرب,hadhrib,hadhrab,False,4,7,0-9,0-9,arabic_stripped
اتخونق,2itkhoona2,2itkhoona2,True,6,10,0-9,10-19,arabic_stripped
رقص,raqas,raqqis,False,3,5,0-9,0-9,arabic_stripped
إيده والكف,2iido wilkaf,2iido wil2ifik,False,10,12,10-19,10-19,arabic_stripped
خويتمة,khweetme,khweetme,True,6,8,0-9,0-9,arabic_stripped
طنش,tannish,tannish,True,3,7,0-9,0-9,arabic_stripped
خافق,khaafi2,khaafiq,False,4,7,0-9,0-9,arabic_stripped
سبردحة,sabarda7a,sabrada7a,False,6,9,0-9,0-9,arabic_stripped
دواهي,dawaahi,dawaahi,True,5,7,0-9,0-9,arabic_stripped
اعلو,2i3lu,2i3lu,True,4,5,0-9,0-9,arabic_stripped
يتنافس,yitnaafas,yitnaafas,True,6,9,0-9,0-9,arabic_stripped
اوشم,2uushim,2uushim,True,4,7,0-9,0-9,arabic_stripped
يتنمر,yitnammar,yitnammar,True,5,9,0-9,0-9,arabic_stripped
دموع الفرح,dmuu3 2ilfara7,dammuu3 2ilfar7,False,10,14,10-19,10-19,arabic_stripped
أبو نص لسان,2abu nuss lsaan,2abu nusul 2asan,False,11,15,10-19,10-19,arabic_stripped
يثور,ysuur,ythawwir,False,4,5,0-9,0-9,arabic_stripped
برود,buruud,barwid,False,4,6,0-9,0-9,arabic_stripped
يتزين,yitzayyan,yitzayyan,True,5,9,0-9,0-9,arabic_stripped
يرتد,yirtadd,yirtadd,True,4,7,0-9,0-9,arabic_stripped
قطوم,qattuum,qatwam,False,4,7,0-9,0-9,arabic_stripped
رمادي,ramaadi,ramaadi,True,5,7,0-9,0-9,arabic_stripped
يلقب,ylaqqib,ylaqqib,True,4,7,0-9,0-9,arabic_stripped
يجلغف,ydjalghif,yjalghif,False,5,9,0-9,0-9,arabic_stripped
إعجاز,2i3jaaz,2i3jaaz,True,5,7,0-9,0-9,arabic_stripped
ربرب,rabrib,rabrab,False,4,6,0-9,0-9,arabic_stripped
مقبول,maqbuul,maqbuul,True,5,7,0-9,0-9,arabic_stripped
مزعل,mza33il,mza33il,True,4,7,0-9,0-9,arabic_stripped
تلطيش,taltiish,taltiish,True,5,8,0-9,0-9,arabic_stripped
اتقبص,yitqabbas,2itqassab,False,5,9,0-9,0-9,arabic_stripped
اتواطى,2itwaata,2itwaata,True,6,8,0-9,0-9,arabic_stripped
اعلق,2i3laq,2i3liq,False,4,6,0-9,0-9,arabic_stripped
كبابيت,kabaabiit,kabaabiit,True,6,9,0-9,0-9,arabic_stripped
اصقل,2isqil,2usqul,False,4,6,0-9,0-9,arabic_stripped
منشكح,minshiki7,minshiki7,True,5,9,0-9,0-9,arabic_stripped
وصلة,wasle,wasle,True,4,5,0-9,0-9,arabic_stripped
رياح,2iriyaa7,ryaa7,False,4,8,0-9,0-9,arabic_stripped
حكاية,7kaaye,7akkaaye,False,5,6,0-9,0-9,arabic_stripped
ضرط,darat,darrit,False,3,5,0-9,0-9,arabic_stripped
طقطق,taqtiq,taqtiq,True,4,6,0-9,0-9,arabic_stripped
آزر,2aazir,2aazar,False,3,6,0-9,0-9,arabic_stripped
يزقرق,yzaqriq,yzaqriq,True,5,7,0-9,0-9,arabic_stripped
نكرة,nakira,nakra,False,4,6,0-9,0-9,arabic_stripped
تفخفخ,tfakhfakh,tfakhfakh,True,5,9,0-9,0-9,arabic_stripped
عدم عقله,3adam 3aqlo,3add qalo,False,8,11,0-9,10-19,arabic_stripped
عضو,3udu,3adu,False,3,4,0-9,0-9,arabic_stripped
يجسم,yjassim,yjassim,True,4,7,0-9,0-9,arabic_stripped
تعايش,ta3aayush,ta3aayish,False,5,9,0-9,0-9,arabic_stripped
ينحش,yin7ashsh,yin7ashsh,True,4,9,0-9,0-9,arabic_stripped
اتوالف,2itwaalaf,2itwaalaf,True,6,9,0-9,0-9,arabic_stripped
تعلب,t3allab,t3allab,True,4,7,0-9,0-9,arabic_stripped
نقي,naqi,naqi,True,3,4,0-9,0-9,arabic_stripped
بروس,broos,barwis,False,4,5,0-9,0-9,arabic_stripped
عتمة,3atme,3atme,True,4,5,0-9,0-9,arabic_stripped
قرمز,qarmaz,qarmiz,False,4,6,0-9,0-9,arabic_stripped
جلده مكلكل,jildo mkalkil,jallado maklak,False,10,13,10-19,10-19,arabic_stripped
طرطوشة,tartuushe,tartuushe,True,6,9,0-9,0-9,arabic_stripped
يقحف,yiqk7af,yiq7af,False,4,7,0-9,0-9,arabic_stripped
يقنش,yqkannish,yqannish,False,4,9,0-9,0-9,arabic_stripped
سدورة,sduura,sduura,True,5,6,0-9,0-9,arabic_stripped
تفكيك,tafkiik,tafkiik,True,5,7,0-9,0-9,arabic_stripped
يبوبع,yboobi3,yboobi3,True,5,7,0-9,0-9,arabic_stripped
ينغم,yinghamm,yinghamm,True,4,8,0-9,0-9,arabic_stripped
شيمل,sheemil,sheemil,True,4,7,0-9,0-9,arabic_stripped
خس,khiss,khiss,True,2,5,0-9,0-9,arabic_stripped
أسوأ,2aswa2,2aswa2,True,4,6,0-9,0-9,arabic_stripped
يسحب,ysa77ib,yis7ab,False,4,7,0-9,0-9,arabic_stripped
جعيدة,dju3eede,ja3iide,False,5,8,0-9,0-9,arabic_stripped
شخصية,shakhsiyye,shakhsiyye,True,5,10,0-9,10-19,arabic_stripped
تملح,tmalla7,tmalla7,True,4,7,0-9,0-9,arabic_stripped
مبهج,mibhij,mbahhij,False,4,6,0-9,0-9,arabic_stripped
ينخطف,yinkhitif,yinkhitif,True,5,9,0-9,0-9,arabic_stripped
محيرن,m7ayrin,m7ayrin,True,5,7,0-9,0-9,arabic_stripped
شايذ,shaayidh,shaayidh,True,4,8,0-9,0-9,arabic_stripped
بقر,baqqir,baqqar,False,3,6,0-9,0-9,arabic_stripped
لا شغلة ولا مشغلة,laa shaghle wlaa mashghale,laaghish laghlame 2ishshshoole,False,17,26,10-19,20-29,arabic_stripped
اتكور,2itkawwar,2itkawwar,True,5,9,0-9,0-9,arabic_stripped
معارض,m3aarid,mu3aarid,False,5,7,0-9,0-9,arabic_stripped
يي عليه,yii 3alee,yii 3ale,False,7,9,0-9,0-9,arabic_stripped
أفخ,2afkh,2affakh,False,3,5,0-9,0-9,arabic_stripped
درن,darrin,darrin,True,3,6,0-9,0-9,arabic_stripped
متعجرف,muta3ajrif,mit3ajrif,False,6,10,0-9,10-19,arabic_stripped
ملهوف,malhuuf,malhuuf,True,5,7,0-9,0-9,arabic_stripped
نكاشة ذنين,nakkaashit dineen,nakkaashit ziniin,False,10,17,10-19,10-19,arabic_stripped
تناقر,tnaaqar,tnaaqar,True,5,7,0-9,0-9,arabic_stripped
تطفل,2ittaffal,tatfal,False,4,9,0-9,0-9,arabic_stripped
تعاون,ta3aawun,t3aawan,False,5,8,0-9,0-9,arabic_stripped
محق,ma7aq,ma77aq,False,3,5,0-9,0-9,arabic_stripped
جرن,djurun,jarrin,False,3,6,0-9,0-9,arabic_stripped
شرايط,sharaayit,sharaayit,True,5,9,0-9,0-9,arabic_stripped
يفرش,yfarrish,yfarrish,True,4,8,0-9,0-9,arabic_stripped
منخل,munkhul,mnakhkhil,False,4,7,0-9,0-9,arabic_stripped
تجدد,tjaddad,tjaddad,True,4,7,0-9,0-9,arabic_stripped
يجاري,yjaari,yjaari,True,5,6,0-9,0-9,arabic_stripped
يحمس,y7ammis,y7ammis,True,4,7,0-9,0-9,arabic_stripped
وجهه مثل قاع الطنجرة,wijho mitil qaa3 2ittanjara,wijho mitil 3aqirt 2iljane,False,20,27,20-29,20-29,arabic_stripped
سباك,sabbaak,sbaak,False,4,7,0-9,0-9,arabic_stripped
امعط,2im3at,2im3at,True,4,6,0-9,0-9,arabic_stripped
طفش,tafash,taffish,False,3,6,0-9,0-9,arabic_stripped
يتعنطز,yit3antaz,yit3antaz,True,6,9,0-9,0-9,arabic_stripped
نكوف,nkuuf,nukuuf,False,4,5,0-9,0-9,arabic_stripped
مسطوم,mastuum,mastuum,True,5,7,0-9,0-9,arabic_stripped
إذا حظك عظام قرقطه,2idha 7azzak 3daam qariqto,2iza 7aqqat 3adhak maro,False,18,26,10-19,20-29,arabic_stripped
التفح,2iltafa7,2iltifi7,False,5,8,0-9,0-9,arabic_stripped
تكدس,tkaddas,tkaddas,True,4,7,0-9,0-9,arabic_stripped
ينخبط,yinkhibit,yinkhibit,True,5,9,0-9,0-9,arabic_stripped
نيك,niik,nayyik,False,3,4,0-9,0-9,arabic_stripped
خطيتي برقبتك,khatiiti braqibtak,khattiit bruqtak,False,12,18,10-19,10-19,arabic_stripped
يتسابق,yitsaabaq,yitsaabaq,True,6,9,0-9,0-9,arabic_stripped
طاقق شرش الحياء,taaqiq shirsh 2il7aya,taaqq sha2irra7 2ishshayaayi7,False,15,21,10-19,20-29,arabic_stripped
زي,ziyy,zi,False,2,4,0-9,0-9,arabic_stripped
مالح,maali7,maali7,True,4,6,0-9,0-9,arabic_stripped
مفكر,mfakkir,mfakkir,True,4,7,0-9,0-9,arabic_stripped
احتشم,2i7tashim,2i7tasham,False,5,9,0-9,0-9,arabic_stripped
كيف,kayyaf,kayyif,False,3,6,0-9,0-9,arabic_stripped
أجواء,2ajwaa2,2ajwaa2,True,5,7,0-9,0-9,arabic_stripped
يكافح,ykaafi7,ykaafi7,True,5,7,0-9,0-9,arabic_stripped
ابخع,2ibkha3,2ibkha3,True,4,7,0-9,0-9,arabic_stripped
اتسكوح,2itsatshwa7,2itsakwa7,False,6,11,0-9,10-19,arabic_stripped
يشقلب,yshaqlib,yshaqlib,True,5,8,0-9,0-9,arabic_stripped
منح,manni7,manna7,False,3,6,0-9,0-9,arabic_stripped
أنت,2anta,2ant,False,3,5,0-9,0-9,arabic_stripped
بكاش,bakkaash,bikaash,False,4,8,0-9,0-9,arabic_stripped
تسريب,tasriib,tasriib,True,5,7,0-9,0-9,arabic_stripped
إبريق,2ibriiq,2ibriiq,True,5,7,0-9,0-9,arabic_stripped
يتقنع,yitqanna3,yitqanna3,True,5,9,0-9,0-9,arabic_stripped
مخزوق,makhzuuq,makhzuuq,True,5,8,0-9,0-9,arabic_stripped
صاروخي,saaruukhi,saaruukhi,True,6,9,0-9,0-9,arabic_stripped
كثافة,kasaafe,kasaafe,True,5,7,0-9,0-9,arabic_stripped
يفصح,yfassi7,yifsa7,False,4,7,0-9,0-9,arabic_stripped
مزابل,mazaabil,mazaabil,True,5,8,0-9,0-9,arabic_stripped
لمس,lammis,lammis,True,3,6,0-9,0-9,arabic_stripped
مربح,marba7,mrabbi7,False,4,6,0-9,0-9,arabic_stripped
عرقه مرقه,3araqo maraqo,3araqo mroqo,False,9,13,0-9,10-19,arabic_stripped
جروب,gruub,jruub,False,4,5,0-9,0-9,arabic_stripped
مبعجر,mba3jir,mba3jir,True,5,7,0-9,0-9,arabic_stripped
يكرم,ykarrim,yikram,False,4,7,0-9,0-9,arabic_stripped
يقتصد,yiqtisid,yiqtisid,True,5,8,0-9,0-9,arabic_stripped
هاي وجهي,haay wijhi,haay wijhi,True,8,10,0-9,10-19,arabic_stripped
بروش,broosh,barruush,False,4,6,0-9,0-9,arabic_stripped
يعرط,y3arrit,y3arrit,True,4,7,0-9,0-9,arabic_stripped
حفي,7ifi,7affi,False,3,4,0-9,0-9,arabic_stripped
ذبل,dabbal,dabbil,False,3,6,0-9,0-9,arabic_stripped
عطال بطال,3attaal battaal,3attaal baal,False,9,15,0-9,10-19,arabic_stripped
كزدر,kazdir,kazdar,False,4,6,0-9,0-9,arabic_stripped
نهائي,nihaa2i,nahaa2i,False,5,7,0-9,0-9,arabic_stripped
زوبعة الأبيض,zooba3a 2il2abyad,zawba3it 2il2abiid,False,12,17,10-19,10-19,arabic_stripped
قلب,qalb,qallab,False,3,4,0-9,0-9,arabic_stripped
يشبك,yshabbik,yshabbik,True,4,8,0-9,0-9,arabic_stripped
براويز,baraawiiz,baraawiiz,True,6,9,0-9,0-9,arabic_stripped
مظاهر,mazaahir,mazaahir,True,5,8,0-9,0-9,arabic_stripped
يشنشل,yshanshil,yshanshil,True,5,9,0-9,0-9,arabic_stripped
قوانين,qawaaniin,qawaaniin,True,6,9,0-9,0-9,arabic_stripped
زكم,zakkam,zakkam,True,3,6,0-9,0-9,arabic_stripped
يعجز,yi3jaz,y3ajjiz,False,4,6,0-9,0-9,arabic_stripped
حوحي,7oo7i,7oo7i,True,4,5,0-9,0-9,arabic_stripped
ينروي,yinriwi,yinriwi,True,5,7,0-9,0-9,arabic_stripped
يتسلل,yitsallal,yitsallal,True,5,9,0-9,0-9,arabic_stripped
دفور,dfuur,daffuur,False,4,5,0-9,0-9,arabic_stripped
بلغ,balligh,balligh,True,3,7,0-9,0-9,arabic_stripped
قرطلة,qirtalle,qartale,False,5,8,0-9,0-9,arabic_stripped
اعفص,2u3fus,2i3fis,False,4,6,0-9,0-9,arabic_stripped
عرف,3urf,3arrif,False,3,4,0-9,0-9,arabic_stripped
تفسير,tafsiir,tafsiir,True,5,7,0-9,0-9,arabic_stripped
حمش,7amash,7ammish,False,3,6,0-9,0-9,arabic_stripped
اتنعم,2itna33am,2itna33am,True,5,9,0-9,0-9,arabic_stripped
يسخى,yiskha,yiskha,True,4,6,0-9,0-9,arabic_stripped
ينكفت,yinkifit,yinkifit,True,5,8,0-9,0-9,arabic_stripped
يقول,yquul,yqawwil,False,4,5,0-9,0-9,arabic_stripped
يحتحت,y7at7it,y7at7it,True,5,7,0-9,0-9,arabic_stripped
يفضفض,yfadfid,yfadfid,True,5,7,0-9,0-9,arabic_stripped
يشلبك,yshalbik,yshalbik,True,5,8,0-9,0-9,arabic_stripped
انكب,2inkabb,2inkib,False,4,7,0-9,0-9,arabic_stripped
نسي,nassi,nassi,True,3,5,0-9,0-9,arabic_stripped
بطنه دربكة,batno diribakke,batno darake,False,10,15,10-19,10-19,arabic_stripped
عشرين,3ishriin,3ashriin,False,5,8,0-9,0-9,arabic_stripped
دلهم,dalhim,dalham,False,4,6,0-9,0-9,arabic_stripped
اتغدى,2itghadda,2itghadda,True,5,9,0-9,0-9,arabic_stripped
أصل,2assal,2asal,False,3,6,0-9,0-9,arabic_stripped
يوخر,ywakhkhir,ywakhkhir,True,4,9,0-9,0-9,arabic_stripped
تخوث,tkhawwat,tkhawwat,True,4,8,0-9,0-9,arabic_stripped
مكحكح,mka7ki7,mka7ka7,False,5,7,0-9,0-9,arabic_stripped
منجهاتلك,mindjahaatlak,munjahaatl,False,8,13,0-9,10-19,arabic_stripped
يصدع,ysaddi3,yisda3,False,4,7,0-9,0-9,arabic_stripped
رطل,rattal,rattal,True,3,6,0-9,0-9,arabic_stripped
يؤشر,y2ashshir,y2ashshir,True,4,9,0-9,0-9,arabic_stripped
حبة شامة,7abbit shaame,7abbit shaame,True,8,13,0-9,10-19,arabic_stripped
قدر,qadar,qaddar,False,3,5,0-9,0-9,arabic_stripped
اربط لسانك مليح لابيدمي ولا بيقيح,2irbot lsaanak mlii7 laa bidmi wala biqii7,2irbut 2il7asaak miin biluu7 bidakii,False,33,42,30-39,40-49,arabic_stripped
مطبخ,matbakh,mtabbikh,False,4,7,0-9,0-9,arabic_stripped
يدلبح,ydalbi7,ydalbi7,True,5,7,0-9,0-9,arabic_stripped
مسكنة,maskane,maskane,True,5,7,0-9,0-9,arabic_stripped
مصور,musawwir,msawwir,False,4,8,0-9,0-9,arabic_stripped
أربعاء,2arbi3aa2,2arba3aa2,False,6,9,0-9,0-9,arabic_stripped
محرمة,ma7rame,ma7rame,True,5,7,0-9,0-9,arabic_stripped
مغادر,mghaadir,mughaadir,False,5,8,0-9,0-9,arabic_stripped
خون,khawwan,khawwin,False,3,7,0-9,0-9,arabic_stripped
يردم,yurdum,yraddim,False,4,6,0-9,0-9,arabic_stripped
تبكت,tbakkat,tbakkat,True,4,7,0-9,0-9,arabic_stripped
بناني,banaani,banaani,True,5,7,0-9,0-9,arabic_stripped
شقة,shaqqa,shaqqa,True,3,6,0-9,0-9,arabic_stripped
ثعبة,tha3be,tha3be,True,4,6,0-9,0-9,arabic_stripped
لاسع,laasi3,laasi3,True,4,6,0-9,0-9,arabic_stripped
ازغل,2izghil,2izghal,False,4,7,0-9,0-9,arabic_stripped
إجت الدقة براسه,2ijat 2iddaqqa braaso,2ijat 2iddaqqqara bso,False,15,21,10-19,20-29,arabic_stripped
مهتم,muhtamm,mhattim,False,4,7,0-9,0-9,arabic_stripped
جارية,jaariye,jaariyye,False,5,7,0-9,0-9,arabic_stripped
يكعكش,yka3kish,yka3kish,True,5,8,0-9,0-9,arabic_stripped
بكرية,bikriyye,bakriyye,False,5,8,0-9,0-9,arabic_stripped
حزاليط,7azaaliit,7azaaliit,True,6,9,0-9,0-9,arabic_stripped
يشحر,ysha77ir,ysha77ir,True,4,8,0-9,0-9,arabic_stripped
وحياة هالنعمة,wi7yaat hanni3me,wa7iime 2in3ale,False,13,16,10-19,10-19,arabic_stripped
اتعلق,2it3allaq,2it3allaq,True,5,9,0-9,0-9,arabic_stripped
محقة,m7aqq22a,ma7aqqa,False,4,8,0-9,0-9,arabic_stripped
تقليم,taqliim,taqliim,True,5,7,0-9,0-9,arabic_stripped
حباله طويلة,7baalo tawiile,7abaalo tooliyye,False,11,14,10-19,10-19,arabic_stripped
نمر,nammar,nammir,False,3,6,0-9,0-9,arabic_stripped
محتفظ,mu7tafiz,mu7tafiz,True,5,8,0-9,0-9,arabic_stripped
بحور,bu7uur,ba7wir,False,4,6,0-9,0-9,arabic_stripped
ندابة,naddaabe,nadaabe,False,5,8,0-9,0-9,arabic_stripped
افتعل,2ifti3il,2ifta3al,False,5,8,0-9,0-9,arabic_stripped
لسينة,lisseene,lseene,False,5,8,0-9,0-9,arabic_stripped
يخفض,ykhaffid,ykhaffid,True,4,8,0-9,0-9,arabic_stripped
مخاميش,makhaamiish,makhaamiish,True,6,11,0-9,10-19,arabic_stripped
أحكام,2a7kaam,2a7kaam,True,5,7,0-9,0-9,arabic_stripped
فتة,fatte,fatte,True,3,5,0-9,0-9,arabic_stripped
طمع,tammi3,tammi3,True,3,6,0-9,0-9,arabic_stripped
بلقش,balqish,balqash,False,4,7,0-9,0-9,arabic_stripped
مفضل,mfaddil,mfaddil,True,4,7,0-9,0-9,arabic_stripped
عقله بالترس,3aqlo bittars,3aqlo bistar,False,11,13,10-19,10-19,arabic_stripped
مماسك,mamaasik,mamaasik,True,5,8,0-9,0-9,arabic_stripped
أعمق,2a3maq,2a3maq,True,4,6,0-9,0-9,arabic_stripped
يتصهون,yitsahwan,yitsahwan,True,6,9,0-9,0-9,arabic_stripped
يفركش,yfarkish,yfarkish,True,5,8,0-9,0-9,arabic_stripped
سلي,salli,salli,True,3,5,0-9,0-9,arabic_stripped
طور,tawwir,tawwir,True,3,6,0-9,0-9,arabic_stripped
اكرم,2ikram,2ikrim,False,4,6,0-9,0-9,arabic_stripped
يرتاح,yirtaa7,yirtaa7,True,5,7,0-9,0-9,arabic_stripped
اتقيم,2itqayyam,2itqayyam,True,5,9,0-9,0-9,arabic_stripped
شوره من راسه,shooro min raaso,shuur humin sara,False,12,16,10-19,10-19,arabic_stripped
احمد,2i7mid,2i7mid,True,4,6,0-9,0-9,arabic_stripped
اتجنس,2itjannas,2itjannas,True,5,9,0-9,0-9,arabic_stripped
مسمي,msammi,masmi,False,4,6,0-9,0-9,arabic_stripped
اخرف,2ikhraf,2ikhrif,False,4,7,0-9,0-9,arabic_stripped
دفش,daffash,daffish,False,3,7,0-9,0-9,arabic_stripped
يتنهد,yitnahhad,yitnahhad,True,5,9,0-9,0-9,arabic_stripped
قرصة,qarse,qarsa,False,4,5,0-9,0-9,arabic_stripped
جار,jaar,jaar,True,3,4,0-9,0-9,arabic_stripped
يفرق,yifruq,yfarriq,False,4,6,0-9,0-9,arabic_stripped
يلقوا بأيديهم إلى التهلكة,yulqu bi2aydiihum 2ila 2ittahluka,yil2awwa bilakad male,False,25,33,20-29,30-39,arabic_stripped
ألفة,2ulfe,2alfe,False,4,5,0-9,0-9,arabic_stripped
يعسقد,y3asqkid,y3asqid,False,5,8,0-9,0-9,arabic_stripped
مدلدق,mdalda2,mdaldi2,False,5,7,0-9,0-9,arabic_stripped
حاد,7aad,7aad,True,3,4,0-9,0-9,arabic_stripped
نملة,namle,namle,True,4,5,0-9,0-9,arabic_stripped
دلغص,dalghas,dalghis,False,4,7,0-9,0-9,arabic_stripped
اهبش,2ihbish,2ihbish,True,4,7,0-9,0-9,arabic_stripped
حواس,7awaas,7awwaas,False,4,6,0-9,0-9,arabic_stripped
يتشفع,yitshaffa3,yitshaffa3,True,5,10,0-9,10-19,arabic_stripped
صيف,seef,sayyif,False,3,4,0-9,0-9,arabic_stripped
تمكن,tmakkan,tmakkan,True,4,7,0-9,0-9,arabic_stripped
شقيقة,shaqiiqa,shaqiiqa,True,5,8,0-9,0-9,arabic_stripped
لطيف,latiif,latiif,True,4,6,0-9,0-9,arabic_stripped
كتكت,katkit,katkat,False,4,6,0-9,0-9,arabic_stripped
عواطف,3awaatif,3awaatif,True,5,8,0-9,0-9,arabic_stripped
ريخة,riikha,riikha,True,4,6,0-9,0-9,arabic_stripped
بدي,biddi,baddi,False,3,5,0-9,0-9,arabic_stripped
انوصف,2inwisif,2inwisif,True,5,8,0-9,0-9,arabic_stripped
ينفشخ,yinfishikh,yinfishikh,True,5,10,0-9,10-19,arabic_stripped
يدبك,yidbik,ydabbik,False,4,6,0-9,0-9,arabic_stripped
طسطسة,tastase,tastase,True,5,7,0-9,0-9,arabic_stripped
يرصع,yrassi3,yirsa3,False,4,7,0-9,0-9,arabic_stripped
ماكن,maakin,maakin,True,4,6,0-9,0-9,arabic_stripped
عشان خاطرك,3ashaan khaatrak,3ashshaan khaatrak,False,10,16,10-19,10-19,arabic_stripped
مختر,makhtar,mkhattir,False,4,7,0-9,0-9,arabic_stripped
رهرط,rahrit,rahrat,False,4,6,0-9,0-9,arabic_stripped
تسكيتة,taskiite,taskiite,True,6,8,0-9,0-9,arabic_stripped
الغاية تبرر الوسيلة,2ilghaaye tubarrir 2ilwasiile,2ilghiyaayye birasit 2ilghara,False,19,29,10-19,20-29,arabic_stripped
غيبة,gheebe,ghiibe,False,4,6,0-9,0-9,arabic_stripped
يهلط,yuhlut,yhallit,False,4,6,0-9,0-9,arabic_stripped
يتبلبص,yitbalbas,yitbalbas,True,6,9,0-9,0-9,arabic_stripped
متصهين,mutasahyin,mitsahyin,False,6,10,0-9,10-19,arabic_stripped
خرفش,kharfish,kharfish,True,4,8,0-9,0-9,arabic_stripped
عرنوص,3arnuus,3arnuus,True,5,7,0-9,0-9,arabic_stripped
شلش,shalash,shallish,False,3,7,0-9,0-9,arabic_stripped
نهش,nahash,nahash,True,3,6,0-9,0-9,arabic_stripped
ينوهب,yinwihib,yinwihib,True,5,8,0-9,0-9,arabic_stripped
راس العبد,raas 2il3abid,raas 2il3abad,False,9,13,0-9,10-19,arabic_stripped
انلط,2inlatt,2inlatt,True,4,7,0-9,0-9,arabic_stripped
غدوة,ghadwe,ghadwe,True,4,6,0-9,0-9,arabic_stripped
كد,kidd,kadd,False,2,4,0-9,0-9,arabic_stripped
اتحلى,2it7alla,2it7alla,True,5,8,0-9,0-9,arabic_stripped
موقد,muuqad,mwaqqid,False,4,6,0-9,0-9,arabic_stripped
شواطة,shawwaata,shawwaata,True,5,9,0-9,0-9,arabic_stripped
رط,ratt,rutt,False,2,4,0-9,0-9,arabic_stripped
يختصر,yikhtisir,yikhtisir,True,5,9,0-9,0-9,arabic_stripped
يفصل,yfassil,yifsil,False,4,7,0-9,0-9,arabic_stripped
ثور,suur,thawwar,False,3,4,0-9,0-9,arabic_stripped
سبعن,sab3an,sab3in,False,4,6,0-9,0-9,arabic_stripped
داوى,daawa,daawa,True,4,5,0-9,0-9,arabic_stripped
مواعيد,mawaa3iid,mawaa3iid,True,6,9,0-9,0-9,arabic_stripped
نبه,nabbah,nabbah,True,3,6,0-9,0-9,arabic_stripped
طرب,tarab,tarrib,False,3,5,0-9,0-9,arabic_stripped
برشة,barshe,barshe,True,4,6,0-9,0-9,arabic_stripped
شوشحة,shoosha7a,shoosha7a,True,5,9,0-9,0-9,arabic_stripped
اتذبل,2iddabbal,2iddabbal,True,5,9,0-9,0-9,arabic_stripped
شحوف,sh7uuf,sha7wif,False,4,6,0-9,0-9,arabic_stripped
نافذ,naafiz,naafiz,True,4,6,0-9,0-9,arabic_stripped
مشرم,msharram,msharrim,False,4,8,0-9,0-9,arabic_stripped
تصدير,tasdiir,tasdiir,True,5,7,0-9,0-9,arabic_stripped
طلائع,talaa2i3,talaa2i3,True,5,8,0-9,0-9,arabic_stripped
تيجان,tiijaan,tijaan,False,5,7,0-9,0-9,arabic_stripped
اغضب,2ighdab,2ighdab,True,4,7,0-9,0-9,arabic_stripped
حوط,7awwit,7awwat,False,3,6,0-9,0-9,arabic_stripped
معارك,ma3aarik,ma3aarik,True,5,8,0-9,0-9,arabic_stripped
همل,hammil,hammil,True,3,6,0-9,0-9,arabic_stripped
طناطير,tanaatiir,tanaatiir,True,6,9,0-9,0-9,arabic_stripped
طباشي,tabaashi,tabaashi,True,5,8,0-9,0-9,arabic_stripped
يبغل,ybaghghil,ybaghghil,True,4,9,0-9,0-9,arabic_stripped
ديكور,diikoor,diikwir,False,5,7,0-9,0-9,arabic_stripped
تلغمط,tlaghmat,tlaghmat,True,5,8,0-9,0-9,arabic_stripped
ثقف,saqqaf,saqqif,False,3,6,0-9,0-9,arabic_stripped
هجن,hajjin,hajjan,False,3,6,0-9,0-9,arabic_stripped
تلميح,talmii7,talmii7,True,5,7,0-9,0-9,arabic_stripped
ذبيحة الخمسان,dbii7it 2ilkhumsaan,dabii7it 2ilmanaasikh,False,13,19,10-19,10-19,arabic_stripped
جعى,ja3a,ja33a,False,3,4,0-9,0-9,arabic_stripped
بلاليع,balaalii3,balaalii3,True,6,9,0-9,0-9,arabic_stripped
مقاضي,maqaadi,maqaadi,True,5,7,0-9,0-9,arabic_stripped
جخاميش,jakhaamiish,jakhaamiish,True,6,11,0-9,10-19,arabic_stripped
ماشي عبيض,maashi 3abeed,maashi 3abiid,False,9,13,0-9,10-19,arabic_stripped
فاصلة,faasle,faasale,False,5,6,0-9,0-9,arabic_stripped
نخ,nakhkh,nakhkh,True,2,6,0-9,0-9,arabic_stripped
ضحكة,du7ke,da7ke,False,4,5,0-9,0-9,arabic_stripped
سقيفة,sqiife,saqiife,False,5,6,0-9,0-9,arabic_stripped
اربص,2urbus,2urbus,True,4,6,0-9,0-9,arabic_stripped
بغل,baghil,baghghil,False,3,6,0-9,0-9,arabic_stripped
يخارج,ykhaarij,ykhaarij,True,5,8,0-9,0-9,arabic_stripped
محزمة,m7azzame,ma7zame,False,5,8,0-9,0-9,arabic_stripped
طبب,tabbab,tabbib,False,3,6,0-9,0-9,arabic_stripped
استهلك,2istahlak,2istahlik,False,6,9,0-9,0-9,arabic_stripped
حياد,7iyaad,7ayyaad,False,4,6,0-9,0-9,arabic_stripped
عمر,3amar,3ammar,False,3,5,0-9,0-9,arabic_stripped
دافوخ,daafuukh,daafuukh,True,5,8,0-9,0-9,arabic_stripped
زعيتمان,z3eetmaan,za3yatamaan,False,7,9,0-9,0-9,arabic_stripped
جاور,jaawar,jaawir,False,4,6,0-9,0-9,arabic_stripped
دافور,daafuur,daafuur,True,5,7,0-9,0-9,arabic_stripped
اتحرك,2it7arrak,2it7arrak,True,5,9,0-9,0-9,arabic_stripped
بلبحة,balba7a,balba7a,True,5,7,0-9,0-9,arabic_stripped
ينقرض,yinqirid,yinqirid,True,5,8,0-9,0-9,arabic_stripped
شغب,shaghab,shaghghab,False,3,7,0-9,0-9,arabic_stripped
أبقار,2abqaar,2abqaar,True,5,7,0-9,0-9,arabic_stripped
بناديق,banaadiiqk,banaadiiq,False,6,10,0-9,10-19,arabic_stripped
وحيد أهله,wa7iid 2ahlo,wa7iid 2ahlo,True,9,12,0-9,10-19,arabic_stripped
تمرير,tamriir,tamriir,True,5,7,0-9,0-9,arabic_stripped
يتمتر,yitmattar,yitmattar,True,5,9,0-9,0-9,arabic_stripped
عقلاته على بتة ونص,3aqlaato 3ala batte wunuss,3aqla taaha wubil3a sannne,False,18,26,10-19,20-29,arabic_stripped
مسرسب,msarsab,msarsib,False,5,7,0-9,0-9,arabic_stripped
فسخ,fassakh,fassikh,False,3,7,0-9,0-9,arabic_stripped
استحلف,2ista7lif,2ista7lif,True,6,9,0-9,0-9,arabic_stripped
اتلغم,2itlaghgham,2itlaghgham,True,5,11,0-9,10-19,arabic_stripped
أحضان,2a7daan,2a7daan,True,5,7,0-9,0-9,arabic_stripped
مؤكد,mu2akkad,m2akkid,False,4,8,0-9,0-9,arabic_stripped
انخز,2unkhuz,2inkhazz,False,4,7,0-9,0-9,arabic_stripped
بطنه مقزز,batno mkazziz,batno mizq,False,9,13,0-9,10-19,arabic_stripped
روب,rawwab,rawwib,False,3,6,0-9,0-9,arabic_stripped
نام على وجهه طب,naam 3ala wijho tabb,naam 3ala baw jato,False,15,20,10-19,20-29,arabic_stripped
ينلبخ,yinlibikh,yinlibikh,True,5,9,0-9,0-9,arabic_stripped
يتكنفش,yitkanfash,yitkanfash,True,6,10,0-9,10-19,arabic_stripped
عارض,3aarad,3aarid,False,4,6,0-9,0-9,arabic_stripped
يصلى,ysalli,yisla,False,4,6,0-9,0-9,arabic_stripped
سك,sukk,sikk,False,2,4,0-9,0-9,arabic_stripped
اخزي,2ikhzi,2ikhzi,True,4,6,0-9,0-9,arabic_stripped
مخروط,makhruut,makhruut,True,5,8,0-9,0-9,arabic_stripped
نف,niff,niff,True,2,4,0-9,0-9,arabic_stripped
ارقص,2irqus,2urqus,False,4,6,0-9,0-9,arabic_stripped
من جورة العسل,min djoorat 2il3asal,min ruuj 2il3asa,False,13,20,10-19,20-29,arabic_stripped
زلاقة,zallaaqka,zalaaqa,False,5,9,0-9,0-9,arabic_stripped
يدروخ,ydarwikh,ydarwikh,True,5,8,0-9,0-9,arabic_stripped
مين,miin,mayyin,False,3,4,0-9,0-9,arabic_stripped
وجه نحس,wijih na7as,wijho 7asan,False,7,11,0-9,10-19,arabic_stripped
مداس,madaas,madaas,True,4,6,0-9,0-9,arabic_stripped
بقبق,baqbiq,baqbiq,True,4,6,0-9,0-9,arabic_stripped
طيون,tayyuun,tayyuun,True,4,7,0-9,0-9,arabic_stripped
يصبح,ysabbi7,ysabbi7,True,4,7,0-9,0-9,arabic_stripped
هزر,hazar,hazzar,False,3,5,0-9,0-9,arabic_stripped
جزاوي,djazaawi,jazaawi,False,5,8,0-9,0-9,arabic_stripped
حجاب,7jaab,7jaab,True,4,5,0-9,0-9,arabic_stripped
يحشي,y7ashshi,yi7shi,False,4,8,0-9,0-9,arabic_stripped
يلتوي,yiltiwi,yiltiwi,True,5,7,0-9,0-9,arabic_stripped
سناكيح,sanakii7,sanaakii7,False,6,8,0-9,0-9,arabic_stripped
يعبك,yi3bitsh,y3abbik,False,4,8,0-9,0-9,arabic_stripped
قرشة,qarshe,qarshe,True,4,6,0-9,0-9,arabic_stripped
يرمل,yrammil,yrammil,True,4,7,0-9,0-9,arabic_stripped
تصحاية,tis7aaye,tas7aaye,False,6,8,0-9,0-9,arabic_stripped
مجاراة,mjaaraa,mjaaraa,True,6,7,0-9,0-9,arabic_stripped
مات,maat,maat,True,3,4,0-9,0-9,arabic_stripped
ينهلك,yinhilik,yinhilik,True,5,8,0-9,0-9,arabic_stripped
استبداد,2istibdaad,2istibdaad,True,7,10,0-9,10-19,arabic_stripped
ارجح,2irja7,2irju7,False,4,6,0-9,0-9,arabic_stripped
بعص,ba3as,ba33is,False,3,5,0-9,0-9,arabic_stripped
نغش,naghghish,naghghish,True,3,9,0-9,0-9,arabic_stripped
اتوقع,2itwaqqa3,2itwaqqa3,True,5,9,0-9,0-9,arabic_stripped
قطر,qutur,qattar,False,3,5,0-9,0-9,arabic_stripped
إلى,2ila,2ila,True,3,4,0-9,0-9,arabic_stripped
اتجرس,2itjarras,2itjarras,True,5,9,0-9,0-9,arabic_stripped
يصون,ysuun,ysuun,True,4,5,0-9,0-9,arabic_stripped
حريقة,7ariiqa,7ariiqa,True,5,7,0-9,0-9,arabic_stripped
هوا,huwwa,hawa,False,3,5,0-9,0-9,arabic_stripped
سلطان,sultaan,saltaan,False,5,7,0-9,0-9,arabic_stripped
فكك,fakkak,fakkik,False,3,6,0-9,0-9,arabic_stripped
بقرج,baqkradj,baqkridj,False,4,8,0-9,0-9,arabic_stripped
انفجر,2inifjir,2infijir,False,5,8,0-9,0-9,arabic_stripped
تجرع,tjarra3,tjarra3,True,4,7,0-9,0-9,arabic_stripped
يوحد,ywa77id,ywa77id,True,4,7,0-9,0-9,arabic_stripped
فصولها الناقصة,fsuulha 2innaaqsa,fusuulha 2innaqa,False,14,17,10-19,10-19,arabic_stripped
تمرة,tamre,tamra,False,4,5,0-9,0-9,arabic_stripped
عطية,3atiyye,3atiyye,True,4,7,0-9,0-9,arabic_stripped
يسفط,yusfut,yusfut,True,4,6,0-9,0-9,arabic_stripped
يقش,yqushsh,yqkushsh,False,3,7,0-9,0-9,arabic_stripped
سحاحير,sa7aa7iir,sa7aa7iir,True,6,9,0-9,0-9,arabic_stripped
انشطب,2inshatab,2inshitib,False,5,9,0-9,0-9,arabic_stripped
جوح,juu7,jawwi7,False,3,4,0-9,0-9,arabic_stripped
شقر,sha22ar,shaqqir,False,3,7,0-9,0-9,arabic_stripped
ثمن,thaman,thammin,False,3,6,0-9,0-9,arabic_stripped
قشعر بدني,qash3ar badani,qashsha3 rabiin,False,9,14,0-9,10-19,arabic_stripped
اتفرك,2itfarrak,2itfarrak,True,5,9,0-9,0-9,arabic_stripped
اتنافر,2itnaafar,2itnaafar,True,6,9,0-9,0-9,arabic_stripped
ملعلع,mla3la3,mla3la3,True,5,7,0-9,0-9,arabic_stripped
يفترس,yiftiris,yiftaris,False,5,8,0-9,0-9,arabic_stripped
ما بتنبل بثمه فولة,maa btinball btimmo fuule,maa btibin 2ilmafffo billa,False,18,25,10-19,20-29,arabic_stripped
حمار وحشي,7imaar wa7shi,7ammaar wushaa7i,False,9,13,0-9,10-19,arabic_stripped
نهق,nahhaq,nahhiq,False,3,6,0-9,0-9,arabic_stripped
اهتر,2ihtar,2ihtar,True,4,6,0-9,0-9,arabic_stripped
فرع,farri3,farri3,True,3,6,0-9,0-9,arabic_stripped
لخمة,lakhme,lakhme,True,4,6,0-9,0-9,arabic_stripped
بالزور,bizzoor,bilzuur,False,6,7,0-9,0-9,arabic_stripped
زي,zayy,zi,False,2,4,0-9,0-9,arabic_stripped
رمد,rammad,ramad,False,3,6,0-9,0-9,arabic_stripped
اخلق,2ukhluq,2ikhluq,False,4,7,0-9,0-9,arabic_stripped
الكم,2ulkum,2ilkum,False,4,6,0-9,0-9,arabic_stripped
يرقق,yraqqiq,yraqqiq,True,4,7,0-9,0-9,arabic_stripped
يمتر,ymattir,ymattir,True,4,7,0-9,0-9,arabic_stripped
يعض,y3udd,y3udd,True,3,5,0-9,0-9,arabic_stripped
عض,3add,3add,True,2,4,0-9,0-9,arabic_stripped
كافئ,kaafi2,kaafi2,True,4,6,0-9,0-9,arabic_stripped
يضيع,ydayyi3,ydayyi3,True,4,7,0-9,0-9,arabic_stripped
غرز,gharriz,gharriz,True,3,7,0-9,0-9,arabic_stripped
شلختا,shlikhta,shalkhata,False,5,8,0-9,0-9,arabic_stripped
يا داخل بين البصلة وقشرتها مابينوبك غير ريحتها,yaa daakhil been 2ilbasale wuqishritha maa binuubak gheer rii7itha,yaa dakhkhar bil7a wubit qala mannasiiire bisha,False,46,66,40-49,60-69,arabic_stripped
اتشخلع,2itshakhla3,2itshakhla3,True,6,11,0-9,10-19,arabic_stripped
يفجع,yifja3,yifja3,True,4,6,0-9,0-9,arabic_stripped
مجنون يحكي وعاقل يسمع,majnuun yi7ki wu3aaqil yisma3,majnuun 3ak laasi wu7akiim 3alaak,False,21,29,20-29,20-29,arabic_stripped
فتت,fattat,fattit,False,3,6,0-9,0-9,arabic_stripped
تهم,tuham,taham,False,3,5,0-9,0-9,arabic_stripped
صب,subb,sabb,False,2,4,0-9,0-9,arabic_stripped
شهور,shhuur,shahwir,False,4,6,0-9,0-9,arabic_stripped
ريح,rayya7,rayyi7,False,3,6,0-9,0-9,arabic_stripped
انترك,2intirik,2intirik,True,5,8,0-9,0-9,arabic_stripped
اتكركز,2itkarkaz,2itkarkaz,True,6,9,0-9,0-9,arabic_stripped
انبخ,2inbakhkh,2inbukh,False,4,9,0-9,0-9,arabic_stripped
مهاوي,mhaawi,mahaawi,False,5,6,0-9,0-9,arabic_stripped
حبابيس,7abaabiis,7abaabiis,True,6,9,0-9,0-9,arabic_stripped
ساكن,saakin,saakin,True,4,6,0-9,0-9,arabic_stripped
انحرق,2in7iriq,2in7araq,False,5,8,0-9,0-9,arabic_stripped
يادوب طازا,yaa doob taaza,yaaduub baat,False,10,14,10-19,10-19,arabic_stripped
مفستق,mfastiq,mfastiq,True,5,7,0-9,0-9,arabic_stripped
اكمل,2ikmal,2ikmal,True,4,6,0-9,0-9,arabic_stripped
يحرك,yu7ruk,y7arrik,False,4,6,0-9,0-9,arabic_stripped
نفس,nafs,naffis,False,3,4,0-9,0-9,arabic_stripped
تزانخ,tzaanakh,tzaanakh,True,5,8,0-9,0-9,arabic_stripped
هو,huu,haww,False,2,3,0-9,0-9,arabic_stripped
اتطفل,2ittaffal,2ittaffal,True,5,9,0-9,0-9,arabic_stripped
جزء,juzu2,jazzi2,False,3,5,0-9,0-9,arabic_stripped
اصحى,2is7,2is7a,False,4,4,0-9,0-9,arabic_stripped
انزع,2inza3,2inza3,True,4,6,0-9,0-9,arabic_stripped
جيز,jiiz,jiiz,True,3,4,0-9,0-9,arabic_stripped
شربوح المقثاة,sharbuu7 2ilmiqiikthaa,sharbuu7it 2ilqime,False,13,22,10-19,20-29,arabic_stripped
حبمبم,7abambam,7abmib,False,5,8,0-9,0-9,arabic_stripped
ممرمغ,2immarmagh,mmmamragh,False,5,10,0-9,10-19,arabic_stripped
جورة,joora,juura,False,4,5,0-9,0-9,arabic_stripped
ضحي,da77i,da77i,True,3,5,0-9,0-9,arabic_stripped
انقاس,2inqaas,2inqaas,True,5,7,0-9,0-9,arabic_stripped
نواح,nwaa7,nawwaa7,False,4,5,0-9,0-9,arabic_stripped
ضمانة,damaane,damaane,True,5,7,0-9,0-9,arabic_stripped
تذكير,tadhkiir,tazkiir,False,5,8,0-9,0-9,arabic_stripped
غسالة,ghassaale,ghasaale,False,5,9,0-9,0-9,arabic_stripped
عيط,3ayyit,3ayyit,True,3,6,0-9,0-9,arabic_stripped
حنجص,7andjas,7andjis,False,4,7,0-9,0-9,arabic_stripped
احشد,2i7shid,2i7shid,True,4,7,0-9,0-9,arabic_stripped
ينزف,yinzif,yinzaff,False,4,6,0-9,0-9,arabic_stripped
اتنازه,2itnaazah,2itnaahaz,False,6,9,0-9,0-9,arabic_stripped
فقش,faqqish,faqqash,False,3,7,0-9,0-9,arabic_stripped
طوبر,ytoobir,toobar,False,4,7,0-9,0-9,arabic_stripped
حرض,7arrad,7arrid,False,3,6,0-9,0-9,arabic_stripped
خمع,khama3,khamma3,False,3,6,0-9,0-9,arabic_stripped
نتع,nata3,natti3,False,3,5,0-9,0-9,arabic_stripped
ممالحة,2immaala7a,mamaali7a,False,6,10,0-9,10-19,arabic_stripped
ترانزيت,traanziit,taranaaziit,False,7,9,0-9,0-9,arabic_stripped
دنا,danna,danna,True,3,5,0-9,0-9,arabic_stripped
ذناب,dnaab,danaab,False,4,5,0-9,0-9,arabic_stripped
يزيد,yziid,yziid,True,4,5,0-9,0-9,arabic_stripped
يقجقج,yqadjqidj,yqadjqidj,True,5,9,0-9,0-9,arabic_stripped
مارق,maariq,maariq,True,4,6,0-9,0-9,arabic_stripped
عشتي,3ashti,3ashti,True,4,6,0-9,0-9,arabic_stripped
سكبة,sakbe,sakbe,True,4,5,0-9,0-9,arabic_stripped
دق خشوم,dagg khshuum,daqq khuushum,False,7,12,0-9,10-19,arabic_stripped
تجمل,tjammal,tjammal,True,4,7,0-9,0-9,arabic_stripped
مداداة,mdaadaa,mdaadaa,True,6,7,0-9,0-9,arabic_stripped
مرة,marra,marra,True,3,5,0-9,0-9,arabic_stripped
غبر,ghabbar,ghabbar,True,3,7,0-9,0-9,arabic_stripped
احملي,2i7mali,2i7mili,False,5,7,0-9,0-9,arabic_stripped
كسب,kassab,kassab,True,3,6,0-9,0-9,arabic_stripped
يلاهث,ylaahith,ylaahith,True,5,8,0-9,0-9,arabic_stripped
يعطن,y3attin,yi3tan,False,4,7,0-9,0-9,arabic_stripped
يتبنت,yitbannat,yitbannat,True,5,9,0-9,0-9,arabic_stripped
خربوطة,kharbuuta,kharbuuta,True,6,9,0-9,0-9,arabic_stripped
عين العقل,3een 2il3aqil,3een 2il3aq,False,9,13,0-9,10-19,arabic_stripped
دعاية,di3aaye,da3aaye,False,5,7,0-9,0-9,arabic_stripped
موزم,mwazzam,mwazzim,False,4,7,0-9,0-9,arabic_stripped
نبق,nabaq,nabbiq,False,3,5,0-9,0-9,arabic_stripped
فلم رعب,filim ru3ub,falam 3arab,False,7,11,0-9,10-19,arabic_stripped
يطوق,ytawwiq,ytawwiq,True,4,7,0-9,0-9,arabic_stripped
ضربة حظ,darbit 7azz,darbit 7az,False,7,11,0-9,10-19,arabic_stripped
بلبوص,balbuus,balbuus,True,5,7,0-9,0-9,arabic_stripped
أداة,2adaa,2adaa,True,4,5,0-9,0-9,arabic_stripped
اسكت,2uskut,2iskut,False,4,6,0-9,0-9,arabic_stripped
ولع,wala3,walla3,False,3,5,0-9,0-9,arabic_stripped
دبك,dabak,dabbik,False,3,5,0-9,0-9,arabic_stripped
انشهر,2inshihir,2inshihir,True,5,9,0-9,0-9,arabic_stripped
تنشنش,tnashnash,tnashnash,True,5,9,0-9,0-9,arabic_stripped
غوص,ghuus,ghawwis,False,3,5,0-9,0-9,arabic_stripped
تباحث,tbaa7as,tbaa7as,True,5,7,0-9,0-9,arabic_stripped
مهرجان,mahrajaan,mhargaan,False,6,9,0-9,0-9,arabic_stripped
مربك,mirbik,mrabbak,False,4,6,0-9,0-9,arabic_stripped
انطبش,2intibish,2intibish,True,5,9,0-9,0-9,arabic_stripped
طشش,tashshash,tashshish,False,3,9,0-9,0-9,arabic_stripped
مخه كبير,mukhkho kbiir,mukhkho kabri,False,8,13,0-9,10-19,arabic_stripped
زكى,zakka,zakka,True,3,5,0-9,0-9,arabic_stripped
عطوة,3atwe,3atwe,True,4,5,0-9,0-9,arabic_stripped
امسح,2imsa7,2imsa7,True,4,6,0-9,0-9,arabic_stripped
نرفوز,narfuuz,narfuuz,True,5,7,0-9,0-9,arabic_stripped
هربج,harbij,harbaj,False,4,6,0-9,0-9,arabic_stripped
قواريط,qawariit,qawaariit,False,6,8,0-9,0-9,arabic_stripped
شبايه,shabaayih,shabaayih,True,5,9,0-9,0-9,arabic_stripped
يسوق,ysawwiq,ysawwiq,True,4,7,0-9,0-9,arabic_stripped
صديق صدوق,sadiiq saduuq,sadiiq soodaq,False,9,13,0-9,10-19,arabic_stripped
متوقع,mitwaqqi3,mitwaqqi3,True,5,9,0-9,0-9,arabic_stripped
تمكين,tamkiin,tamkiin,True,5,7,0-9,0-9,arabic_stripped
يكشف,yikshif,ykashshif,False,4,7,0-9,0-9,arabic_stripped
سبعاوي,sab3aawi,sab3aawi,True,6,8,0-9,0-9,arabic_stripped
دولة,duwal,doole,False,4,5,0-9,0-9,arabic_stripped
مصرف,masraf,msarrif,False,4,6,0-9,0-9,arabic_stripped
منفذ,mnaffid,mnaffiz,False,4,7,0-9,0-9,arabic_stripped
حكم الهدهد,7ukm 2ilhudhud,7akam 2iddo,False,10,14,10-19,10-19,arabic_stripped
يراود,yraawid,yraawid,True,5,7,0-9,0-9,arabic_stripped
حمحم,7am7im,7am7am,False,4,6,0-9,0-9,arabic_stripped
كمخ,kimikh,kammakh,False,3,6,0-9,0-9,arabic_stripped
بشت,bashat,bashshit,False,3,6,0-9,0-9,arabic_stripped
أشكرا,2ashkara,2ashkaar,False,5,8,0-9,0-9,arabic_stripped
مقبص,mqabbis,mqabbis,True,4,7,0-9,0-9,arabic_stripped
يتسدد,yitsaddad,yitsaddad,True,5,9,0-9,0-9,arabic_stripped
يترافق,yitraafaq,yitraafaq,True,6,9,0-9,0-9,arabic_stripped
كهربجي,kahrabji,kahrabji,True,6,8,0-9,0-9,arabic_stripped
انصلح,2insili7,2insili7,True,5,8,0-9,0-9,arabic_stripped
انعوج,2in3iwij,2in3awaj,False,5,8,0-9,0-9,arabic_stripped
منزوع الدسم,manzuu3 2iddasam,minzaw 3alaad,False,11,16,10-19,10-19,arabic_stripped
قاوح,qaawa7,qaawi7,False,4,6,0-9,0-9,arabic_stripped
سفر,sufar,saffar,False,3,5,0-9,0-9,arabic_stripped
ينسف,yinsif,ynassif,False,4,6,0-9,0-9,arabic_stripped
أعصاب,2a3saab,2as3aab,False,5,7,0-9,0-9,arabic_stripped
خدعة,khud3a,khad3a,False,4,6,0-9,0-9,arabic_stripped
قد البلد,qadd 2ilbalad,qadd 2ilbad,False,8,13,0-9,10-19,arabic_stripped
محيا,ma7ya,mu7ayya,False,4,5,0-9,0-9,arabic_stripped
شهري,shahri,shahri,True,4,6,0-9,0-9,arabic_stripped
يتخصص,yitkhassas,yitkhassas,True,5,10,0-9,10-19,arabic_stripped
يداين,ydaayin,ydaayin,True,5,7,0-9,0-9,arabic_stripped
زر,zirr,zirr,True,2,4,0-9,0-9,arabic_stripped
كبب,kabbib,kabbib,True,3,6,0-9,0-9,arabic_stripped
سافخ,saafikh,saafikh,True,4,7,0-9,0-9,arabic_stripped
ضوى,dawa,dawwa,False,3,4,0-9,0-9,arabic_stripped
صف,suff,saff,False,2,4,0-9,0-9,arabic_stripped
نذر,nadir,nazzar,False,3,5,0-9,0-9,arabic_stripped
بشنيقة,bushneeqka,bashniiqa,False,6,10,0-9,10-19,arabic_stripped
الكخ أخو الخرا,2il kikhkh 2akhu 2ilkhara,2ilkhakh 2akhkhawaar 2ilkha,False,14,25,10-19,20-29,arabic_stripped
هناك,hinaak,hanaak,False,4,6,0-9,0-9,arabic_stripped
يبح,ybi77,ybi77,True,3,5,0-9,0-9,arabic_stripped
يغص,yghuss,yghuss,True,3,6,0-9,0-9,arabic_stripped
تكاليف,takaaliif,takaaliif,True,6,9,0-9,0-9,arabic_stripped
دهدك,dahdak,dahdak,True,4,6,0-9,0-9,arabic_stripped
طير,tayyar,tayyir,False,3,6,0-9,0-9,arabic_stripped
ينقص,ynaqqis,yunqus,False,4,7,0-9,0-9,arabic_stripped
اندعس,2indi3is,2indi3is,True,5,8,0-9,0-9,arabic_stripped
بوز,buuz,bawwiz,False,3,4,0-9,0-9,arabic_stripped
ينفنس,yinfinis,yinfinis,True,5,8,0-9,0-9,arabic_stripped
عاش,3aash,3aash,True,3,5,0-9,0-9,arabic_stripped
تحرسم,t7arsam,t7arsam,True,5,7,0-9,0-9,arabic_stripped
عرقان,3arqaan,3arqaan,True,5,7,0-9,0-9,arabic_stripped
تنحنح,tna7na7,tna7na7,True,5,7,0-9,0-9,arabic_stripped
لوى,lawa,lawa,True,3,4,0-9,0-9,arabic_stripped
افتتح,2iftata7,2iftata7,True,5,8,0-9,0-9,arabic_stripped
انتكس,2intikis,2intikis,True,5,8,0-9,0-9,arabic_stripped
موسم,mawsim,mwassim,False,4,6,0-9,0-9,arabic_stripped
مشنق,mshanniq,mshanniq,True,4,8,0-9,0-9,arabic_stripped
شبك,shabbik,shabbak,False,3,7,0-9,0-9,arabic_stripped
ينذر,yundhur,yinzarr,False,4,7,0-9,0-9,arabic_stripped
صون,suun,sawwin,False,3,4,0-9,0-9,arabic_stripped
خلى,khalla,khalla,True,3,6,0-9,0-9,arabic_stripped
اهزم,2ihzim,2ihzim,True,4,6,0-9,0-9,arabic_stripped
أثري,2asari,2asri,False,4,6,0-9,0-9,arabic_stripped
كيكح,keeka7,keeki7,False,4,6,0-9,0-9,arabic_stripped
كمادة,kimmaade,kammaade,False,5,8,0-9,0-9,arabic_stripped
راغب,raaghib,raaghib,True,4,7,0-9,0-9,arabic_stripped
مراق الطريق,marraaq 2ittariiq,maraaq 2iltari,False,11,17,10-19,10-19,arabic_stripped
تمكن,tamakkun,tmakkan,False,4,8,0-9,0-9,arabic_stripped
ميرامية,meeraamiyye,miiraamiyye,False,7,11,0-9,10-19,arabic_stripped
تسلط,tsallat,tsallat,True,4,7,0-9,0-9,arabic_stripped
اسهر,2ishar,2ishar,True,4,6,0-9,0-9,arabic_stripped
ينقر,yunqur,yinqar,False,4,6,0-9,0-9,arabic_stripped
الله يرمل اليهود,2alla yrammil 2ilyahuud,2alla yruhum 2ilda,False,16,23,10-19,20-29,arabic_stripped
حنش,7anash,7annish,False,3,6,0-9,0-9,arabic_stripped
أكم,2akam,2akam,True,3,5,0-9,0-9,arabic_stripped
وعظ,wa33az,wa3az,False,3,6,0-9,0-9,arabic_stripped
يستهلك,yistahlik,yistahlik,True,6,9,0-9,0-9,arabic_stripped
لإجري,la2ijri,lajri,False,5,7,0-9,0-9,arabic_stripped
انقال,2inqaal,2inqaal,True,5,7,0-9,0-9,arabic_stripped
عتب,3attib,3attib,True,3,6,0-9,0-9,arabic_stripped
سلى,salla,salla,True,3,5,0-9,0-9,arabic_stripped
باشر,baashar,baashir,False,4,7,0-9,0-9,arabic_stripped
تصاوب,tsaawab,tsaawab,True,5,7,0-9,0-9,arabic_stripped
إقامة,2iqaame,2iqaame,True,5,7,0-9,0-9,arabic_stripped
جن اللي يركبك,jinni 2illi yirkabak,jann 2illi kabirrak,False,13,20,10-19,20-29,arabic_stripped
فنتزية,fantaziyye,fantaziyye,True,6,10,0-9,10-19,arabic_stripped
انهب,2inhab,2inhab,True,4,6,0-9,0-9,arabic_stripped
يسجد,yusjud,yisjud,False,4,6,0-9,0-9,arabic_stripped
طابق,taabiq,taabiq,True,4,6,0-9,0-9,arabic_stripped
مصع,masa3,massa3,False,3,5,0-9,0-9,arabic_stripped
سفل,saffil,saffal,False,3,6,0-9,0-9,arabic_stripped
سلس,silis,sallis,False,3,5,0-9,0-9,arabic_stripped
أرسل,2arsal,2arsal,True,4,6,0-9,0-9,arabic_stripped
تشارك,tshaarak,tshaarak,True,5,8,0-9,0-9,arabic_stripped
خابز,khaabiz,khaabiz,True,4,7,0-9,0-9,arabic_stripped
لاهث,laahith,laahath,False,4,7,0-9,0-9,arabic_stripped
مشاغل,mashaaghil,mashaaghil,True,5,10,0-9,10-19,arabic_stripped
اخبط راسك بالحيط,2ukhbut raasak bil7eet,2ikhbit raas bi7ak,False,16,22,10-19,20-29,arabic_stripped
حج,7ajj,7ajj,True,2,4,0-9,0-9,arabic_stripped
مكلكل,mkalkil,mkalkil,True,5,7,0-9,0-9,arabic_stripped
يقورح,yqoori7,yqoori7,True,5,7,0-9,0-9,arabic_stripped
اغمس,2ighmis,2ighmis,True,4,7,0-9,0-9,arabic_stripped
دلعونة,dal3oona,dal3uune,False,6,8,0-9,0-9,arabic_stripped
عادل,3aadal,3aadil,False,4,6,0-9,0-9,arabic_stripped
تهاوى,thaawa,thaawa,True,5,6,0-9,0-9,arabic_stripped
استقدم,2istaqdam,2istaqdim,False,6,9,0-9,0-9,arabic_stripped
عالل,3aalil,3aalil,True,4,6,0-9,0-9,arabic_stripped
جقم,jiqim,djaqqam,False,3,5,0-9,0-9,arabic_stripped
أطافيل,2ataafiil,2ataafiil,True,6,9,0-9,0-9,arabic_stripped
عار,3aar,3aar,True,3,4,0-9,0-9,arabic_stripped
يودي,ywaddi,yuudi,False,4,6,0-9,0-9,arabic_stripped
شحتف,sha7taf,sha7taf,True,4,7,0-9,0-9,arabic_stripped
أجل,2ajall,2ajjal,False,3,6,0-9,0-9,arabic_stripped
اشارة مرور,2ishaarit muruur,2ishaarit maruur,False,10,16,10-19,10-19,arabic_stripped
اتفكهن,2itfakhan,2itfahkan,False,6,9,0-9,0-9,arabic_stripped
ينصدم,yinsidim,yinsidim,True,5,8,0-9,0-9,arabic_stripped
خن,khinn,khann,False,2,5,0-9,0-9,arabic_stripped
دوام,dwaam,dawaam,False,4,5,0-9,0-9,arabic_stripped
مدبلج,mdablaj,mdablij,False,5,7,0-9,0-9,arabic_stripped
فيران,fiiraan,fiiraan,True,5,7,0-9,0-9,arabic_stripped
مزروب,mazruub,mazruub,True,5,7,0-9,0-9,arabic_stripped
متحفظ,mit7affiz,mit7affiz,True,5,9,0-9,0-9,arabic_stripped
يحزن,yi7zan,y7azzin,False,4,6,0-9,0-9,arabic_stripped
سلطاني,sultaani,saltaani,False,6,8,0-9,0-9,arabic_stripped
مش متهني بلقمته,mish mithanni bluqmito,mishmo mintaqqli bi,False,15,22,10-19,20-29,arabic_stripped
اشخت,2ishkhat,2ishkhat,True,4,8,0-9,0-9,arabic_stripped
دراس,draas,darraas,False,4,5,0-9,0-9,arabic_stripped
عود,3awwid,3awwid,True,3,6,0-9,0-9,arabic_stripped
عبيض,3abeed,3abiid,False,4,6,0-9,0-9,arabic_stripped
إخص عليك,2ikhs 3aleek,2ikhs 3aliik,False,8,12,0-9,10-19,arabic_stripped
بيت خراب,beet kharaab,beet kharab,False,8,12,0-9,10-19,arabic_stripped
حمالة,7ammaale,7ammaale,True,5,8,0-9,0-9,arabic_stripped
اتشرح,2itsharra7,2itsharra7,True,5,10,0-9,10-19,arabic_stripped
تضيف,2iddayyaf,tadiif,False,4,9,0-9,0-9,arabic_stripped
يعاطس,y3aatis,y3aatis,True,5,7,0-9,0-9,arabic_stripped
متكتل,mitkattil,mitkattil,True,5,9,0-9,0-9,arabic_stripped
يتباهى,yitbaaha,yitbaaha,True,6,8,0-9,0-9,arabic_stripped
فزع,fazza3,fazzi3,False,3,6,0-9,0-9,arabic_stripped
خربوشة,kharbuushe,kharbuushe,True,6,10,0-9,10-19,arabic_stripped
أعياد,2a3yaad,2a3yaad,True,5,7,0-9,0-9,arabic_stripped
انلهد,2inlihid,2inlahad,False,5,8,0-9,0-9,arabic_stripped
اضحك بعبك,2id7ak b3ibbak,2id7ak b3abak,False,9,14,0-9,10-19,arabic_stripped
رئف,ri2if,ra2af,False,3,5,0-9,0-9,arabic_stripped
مفيد,mufiid,mfayyid,False,4,6,0-9,0-9,arabic_stripped
يمتلي,yimtili,yimtili,True,5,7,0-9,0-9,arabic_stripped
يطرمخ,ytarmikh,ytarmikh,True,5,8,0-9,0-9,arabic_stripped
يحلحل زردهم,y7al7il zaradhum,y7al7il ziridhum,False,11,16,10-19,10-19,arabic_stripped
اهزر,2uhzur,2ihzar,False,4,6,0-9,0-9,arabic_stripped
عايف,3aayif,3aayif,True,4,6,0-9,0-9,arabic_stripped
طعماه قتلة,ta3maa qatle,ta3maa qalte,False,10,12,10-19,10-19,arabic_stripped
اتصرح,2itsarra7,2itsarra7,True,5,9,0-9,0-9,arabic_stripped
يتفرطح,yitfarta7,yitfarta7,True,6,9,0-9,0-9,arabic_stripped
شلح,shalla7,shalli7,False,3,7,0-9,0-9,arabic_stripped
خالف تعرف,khaalif tu3raf,khaalif 3atraf,False,9,14,0-9,10-19,arabic_stripped
مركي,mrakki,marki,False,4,6,0-9,0-9,arabic_stripped
صورة,suura,suura,True,4,5,0-9,0-9,arabic_stripped
لم,lam,lamm,False,2,3,0-9,0-9,arabic_stripped
يدقمق,ydaqmiq,ydaqmiq,True,5,7,0-9,0-9,arabic_stripped
احلب,2i7lib,2i7lib,True,4,6,0-9,0-9,arabic_stripped
أجواد,2ajwaad,2ajwaad,True,5,7,0-9,0-9,arabic_stripped
يفوق,yfuuq,yfawwiq,False,4,5,0-9,0-9,arabic_stripped
سيئة,sayyi2a,sii2a,False,4,7,0-9,0-9,arabic_stripped
فوخر,fookhar,fookhir,False,4,7,0-9,0-9,arabic_stripped
نزع,naza3,nazza3,False,3,5,0-9,0-9,arabic_stripped
فرز,faraz,farriz,False,3,5,0-9,0-9,arabic_stripped
ألف,2alf,2allif,False,3,4,0-9,0-9,arabic_stripped
افطر,2iftar,2uftur,False,4,6,0-9,0-9,arabic_stripped
يدمل,yidmul,ydammil,False,4,6,0-9,0-9,arabic_stripped
يكفل,yikfal,ykaffil,False,4,6,0-9,0-9,arabic_stripped
قفل,qaffil,qaffal,False,3,6,0-9,0-9,arabic_stripped
يدرس,yidrus,ydarris,False,4,6,0-9,0-9,arabic_stripped
أجزاء,2ajzaa2,2ajzaa2,True,5,7,0-9,0-9,arabic_stripped
اتوغوش,2itwaghwash,2itwaghwash,True,6,11,0-9,10-19,arabic_stripped
يفرعن,yfar3in,yfar3in,True,5,7,0-9,0-9,arabic_stripped
يمختر,ymakhtir,ymakhtir,True,5,8,0-9,0-9,arabic_stripped
وسط,wasat,wassit,False,3,5,0-9,0-9,arabic_stripped
حاكي,7aaki,7aaki,True,4,5,0-9,0-9,arabic_stripped
استرجع,2istarja3,2istarja3,True,6,9,0-9,0-9,arabic_stripped
يبكس,ybakkish,ybakkis,False,4,8,0-9,0-9,arabic_stripped
ينقاد,yinqaad,yinqaad,True,5,7,0-9,0-9,arabic_stripped
مخاواة,mkhaawaa,mukhaawaa,False,6,8,0-9,0-9,arabic_stripped
ربح,ribi7,rabbi7,False,3,5,0-9,0-9,arabic_stripped
أوبئة,2awbi2a,2awba2a,False,5,7,0-9,0-9,arabic_stripped
يجهل,yijhal,yjahhil,False,4,6,0-9,0-9,arabic_stripped
برد,barid,barrid,False,3,5,0-9,0-9,arabic_stripped
افترس,2iftaras,2iftaras,True,5,8,0-9,0-9,arabic_stripped
ينطنط,ynatnit,yintin,False,5,7,0-9,0-9,arabic_stripped
لحام,la77aam,l7aam,False,4,7,0-9,0-9,arabic_stripped
اقلط,2uqlut,2uqlut,True,4,6,0-9,0-9,arabic_stripped
لا للسدة ولا للهدة ولا لعثرات الزمن,laa lissade wlaa lilhadde wlaa la3athraat 2izzaman,laa tilmis 2illaduuz 2il3anha 2illla warade,False,35,50,30-39,50-59,arabic_stripped
دري,darri,darri,True,3,5,0-9,0-9,arabic_stripped
خطاب,khitaab,khattaab,False,4,7,0-9,0-9,arabic_stripped
يترصد,yitrassad,yitrassad,True,5,9,0-9,0-9,arabic_stripped
اطرد,2utrud,2itrad,False,4,6,0-9,0-9,arabic_stripped
اتفعكش,2itfa3kash,2itfa3kash,True,6,10,0-9,10-19,arabic_stripped
ماخذ احتياطه,maakhid 2i7tiyaato,maakhidha ta7ayitha,False,12,18,10-19,10-19,arabic_stripped
حواليش,7awaaliish,7awaaliish,True,6,10,0-9,10-19,arabic_stripped
اشلش,2ishlish,2ishlish,True,4,8,0-9,0-9,arabic_stripped
اندرم,2indirim,2indaram,False,5,8,0-9,0-9,arabic_stripped
علامات الترقيم,3alamaat 2ittarqiim,3alamaat 2ilqariit,False,14,19,10-19,10-19,arabic_stripped
طوشة,tooshe,tuushe,False,4,6,0-9,0-9,arabic_stripped
حيف,7eef,7ayyif,False,3,4,0-9,0-9,arabic_stripped
ابرد,2ibrad,2ibrid,False,4,6,0-9,0-9,arabic_stripped
حرف,7araf,7arrif,False,3,5,0-9,0-9,arabic_stripped
يتوتد,yitwattad,yitwattad,True,5,9,0-9,0-9,arabic_stripped
انسخط,2insakhat,2insitikh,False,5,9,0-9,0-9,arabic_stripped
حلقة,7alqa,7alqa,True,4,5,0-9,0-9,arabic_stripped
يتزعم,yitza33am,yitza33am,True,5,9,0-9,0-9,arabic_stripped
اترحل,2itra77al,2itra77al,True,5,9,0-9,0-9,arabic_stripped
طرشاق,turshaaq,tarshaaq,False,5,8,0-9,0-9,arabic_stripped
أكراد,2akraad,2akraad,True,5,7,0-9,0-9,arabic_stripped
قنع,qini3,qanni3,False,3,5,0-9,0-9,arabic_stripped
مناتعة,mnaata3a,mnaata3a,True,6,8,0-9,0-9,arabic_stripped
انقشاع,2inqishaa3,2inqishaa3,True,6,10,0-9,10-19,arabic_stripped
قيلولة,qayluule,qiiluule,False,6,8,0-9,0-9,arabic_stripped
يتعفشك,yit3afshak,yit3afshak,True,6,10,0-9,10-19,arabic_stripped
فروة,farwe,farwe,True,4,5,0-9,0-9,arabic_stripped
ثياب,tyaab,syaab,False,4,5,0-9,0-9,arabic_stripped
جقر,jaqkar,jaqqar,False,3,6,0-9,0-9,arabic_stripped
دشب,dashshib,dashshib,True,3,8,0-9,0-9,arabic_stripped
كركمة,kurkamme,karkame,False,5,8,0-9,0-9,arabic_stripped
يستوعب,yistaw3ib,yistaw3ib,True,6,9,0-9,0-9,arabic_stripped
آنسة,2aanisa,2aanse,False,4,7,0-9,0-9,arabic_stripped
يدفدف,ydafdif,ydafdif,True,5,7,0-9,0-9,arabic_stripped
وقعة سخنة,waq3a sukhne,waq3it skhane,False,9,12,0-9,10-19,arabic_stripped
يسطو,yustu,ysatwi,False,4,5,0-9,0-9,arabic_stripped
اتهتك,2ithattik,2ithattak,False,5,9,0-9,0-9,arabic_stripped
مرتزي,mirtizi,murtazi,False,5,7,0-9,0-9,arabic_stripped
توقت,twaqqat,twaqqat,True,4,7,0-9,0-9,arabic_stripped
يكروت,ykarwit,ykarwit,True,5,7,0-9,0-9,arabic_stripped
يسفق,yusfuq,yisfuq,False,4,6,0-9,0-9,arabic_stripped
يعدي,yi3di,yi3di,True,4,5,0-9,0-9,arabic_stripped
تغيب,tghayyab,tghayyab,True,4,8,0-9,0-9,arabic_stripped
استنتج,2istantaj,2istantij,False,6,9,0-9,0-9,arabic_stripped
يهجر,yhajjir,yhajjir,True,4,7,0-9,0-9,arabic_stripped
اشهر,2ishhir,2ishhar,False,4,7,0-9,0-9,arabic_stripped
ينطح,yinta7,yinta7,True,4,6,0-9,0-9,arabic_stripped
يتأوه,yit2awwah,yit2awwah,True,5,9,0-9,0-9,arabic_stripped
مش عاجبك روح انتف حواجبك,mish 3aajbak ruu7 2intif 7awaadjbak,mish 3ajaak biruu7 wunaafak bit,False,24,35,20-29,30-39,arabic_stripped
أرهق,2arhaq,2arhaq,True,4,6,0-9,0-9,arabic_stripped
اندلح,2indala7,2indili7,False,5,8,0-9,0-9,arabic_stripped
صوبن,soobin,sooban,False,4,6,0-9,0-9,arabic_stripped
يرهرط,yrahrit,yrahrit,True,5,7,0-9,0-9,arabic_stripped
شخبط,shakhbat,shakhbat,True,4,8,0-9,0-9,arabic_stripped
أراجيل,2araagiil,2araajiil,False,6,9,0-9,0-9,arabic_stripped
افتعال,2ifti3aal,2ifti3aal,True,6,9,0-9,0-9,arabic_stripped
لازز,laaziz,laaziz,True,4,6,0-9,0-9,arabic_stripped
قرا,qara,qarra,False,3,4,0-9,0-9,arabic_stripped
تملق,tamalluq,tmallaq,False,4,8,0-9,0-9,arabic_stripped
كستك,kustuk,kastak,False,4,6,0-9,0-9,arabic_stripped
اجزم,2ijzim,2ijzim,True,4,6,0-9,0-9,arabic_stripped
كافي,kaafi,kaafi,True,4,5,0-9,0-9,arabic_stripped
يربك,yirbik,yrabbik,False,4,6,0-9,0-9,arabic_stripped
فرامة,farraame,fraame,False,5,8,0-9,0-9,arabic_stripped
دمر,dammar,dammir,False,3,6,0-9,0-9,arabic_stripped
مخطوف,makhtuuf,makhtuuf,True,5,8,0-9,0-9,arabic_stripped
شماعة,shammaa3a,shammaa3a,True,5,9,0-9,0-9,arabic_stripped
انعطف,2in3ataf,2in3itif,False,5,8,0-9,0-9,arabic_stripped
خناقة,khnaa2a,khanaaqa,False,5,7,0-9,0-9,arabic_stripped
متكدر,mitkaddir,mitkaddir,True,5,9,0-9,0-9,arabic_stripped
يندغ,yindugh,ynaddigh,False,4,7,0-9,0-9,arabic_stripped
بصم,basim,bassim,False,3,5,0-9,0-9,arabic_stripped
مبارزة,mubaaraze,mbaaraze,False,6,9,0-9,0-9,arabic_stripped
بدو,biddo,badu,False,3,5,0-9,0-9,arabic_stripped
كلامه زي هبال الطبيخ,kalaamo zayy hubbaal 2ittabiikh,kulllamo maa yizbakhat,False,20,31,20-29,30-39,arabic_stripped
فاش,faash,faash,True,3,5,0-9,0-9,arabic_stripped
عمالة,3amaala,3ammaale,False,5,7,0-9,0-9,arabic_stripped
صافن,saafin,saafin,True,4,6,0-9,0-9,arabic_stripped
عصي,3usi,3assi,False,3,4,0-9,0-9,arabic_stripped
غسل,ghasal,ghassil,False,3,6,0-9,0-9,arabic_stripped
يديم,ydiim,ydiim,True,4,5,0-9,0-9,arabic_stripped
نمر,nammir,nammir,True,3,6,0-9,0-9,arabic_stripped
وازن,waazan,waazin,False,4,6,0-9,0-9,arabic_stripped
غلبان,ghalbaan,ghalbaan,True,5,8,0-9,0-9,arabic_stripped
خام,khaam,khaam,True,3,5,0-9,0-9,arabic_stripped
يزرزر,yzarzirr,yzarzir,False,5,8,0-9,0-9,arabic_stripped
شوادر,shawaadir,shawaadir,True,5,9,0-9,0-9,arabic_stripped
تنسيف,tansiif,tansiif,True,5,7,0-9,0-9,arabic_stripped
نجم,nijim,najjam,False,3,5,0-9,0-9,arabic_stripped
يتلائم,yitlaa2am,yitlaa2am,True,6,9,0-9,0-9,arabic_stripped
بيوت,byuut,byuut,True,4,5,0-9,0-9,arabic_stripped
حصحص,7as7as,7as7as,True,4,6,0-9,0-9,arabic_stripped
اتكرفت,2itkarfat,2itkarfat,True,6,9,0-9,0-9,arabic_stripped
يفشكل,yfashkil,yfashkil,True,5,8,0-9,0-9,arabic_stripped
ارتعب,2irta3ab,2irta3ib,False,5,8,0-9,0-9,arabic_stripped
استحين,2ista7yin,2ista7yin,True,6,9,0-9,0-9,arabic_stripped
مبنص,mbannis,mbannis,True,4,7,0-9,0-9,arabic_stripped
قعفر,qu3fur,qa3fir,False,4,6,0-9,0-9,arabic_stripped
عطش,3attash,3attish,False,3,7,0-9,0-9,arabic_stripped
يصفى,yisfa,yisfa,True,4,5,0-9,0-9,arabic_stripped
يتمسمر,yitmasmar,yitmasmar,True,6,9,0-9,0-9,arabic_stripped
منقوق,manquuqman2uu2,manquuq,False,5,14,0-9,10-19,arabic_stripped
حمل أهلي جميلة,7ammal 2ahli jmiile,7ammal 2ahli jmiile,True,14,19,10-19,10-19,arabic_stripped
فناجيل,fanajiil,fanaajiil,False,6,8,0-9,0-9,arabic_stripped
تغسل,tghassal,tghassal,True,4,8,0-9,0-9,arabic_stripped
عراقية,3iraagiyye,3araaqiyye,False,6,10,0-9,10-19,arabic_stripped
كيكح,keeki7,keeki7,True,4,6,0-9,0-9,arabic_stripped
مرطرط,mratrit,mratrit,True,5,7,0-9,0-9,arabic_stripped
تحومر,t7oomar,t7oomar,True,5,7,0-9,0-9,arabic_stripped
يجلجل,yjaljil,yjaldjil,False,5,7,0-9,0-9,arabic_stripped
بقلاوة,baqlawa,baqlaawe,False,6,7,0-9,0-9,arabic_stripped
اسلخ,2islakh,2islakh,True,4,7,0-9,0-9,arabic_stripped
أزمة اقتصادية,2azme 2iqtisaadiyye,2azme taqasiye,False,13,19,10-19,10-19,arabic_stripped
اسمه بالأرض,2ismo bil2ard,2ismo bidhar,False,11,13,10-19,10-19,arabic_stripped
رص,rass,russ,False,2,4,0-9,0-9,arabic_stripped
حلمز,7almiz,7almiz,True,4,6,0-9,0-9,arabic_stripped
حبكة القصة,7abkit 2ilqissa,7abbit 2ilkusse,False,10,15,10-19,10-19,arabic_stripped
يتعجرف,yit3ajraf,yit3arfaj,False,6,9,0-9,0-9,arabic_stripped
يتشائم,yitshaa2am,yitshaa2am,True,6,10,0-9,10-19,arabic_stripped
ركوع,rukuu3,rukuu3,True,4,6,0-9,0-9,arabic_stripped
عصرونة,3asruune,3asruune,True,6,8,0-9,0-9,arabic_stripped
يتمزع,yitmazza3,yitmazza3,True,5,9,0-9,0-9,arabic_stripped
حويط,7awwiit,7awiit,False,4,7,0-9,0-9,arabic_stripped
مشتل,mashtal,mshattil,False,4,7,0-9,0-9,arabic_stripped
يسطل,yustul,ysattil,False,4,6,0-9,0-9,arabic_stripped
احدف,2i7dif,2i7dif,True,4,6,0-9,0-9,arabic_stripped
بندق,bunduq,bandaq,False,4,6,0-9,0-9,arabic_stripped
فارش,faarish,faarish,True,4,7,0-9,0-9,arabic_stripped
متخفي,mutakhaffi,mitkhayyif,False,5,10,0-9,10-19,arabic_stripped
يعوف,y3uuf,y3awwif,False,4,5,0-9,0-9,arabic_stripped
ما بتيجي غرزة فيك,maa btiiji ghurze fiiki,maa btiijii ze ghurafe,False,17,23,10-19,20-29,arabic_stripped
حملها عزيز,7amilha 3aziiz,7amlo 3azeezo,False,10,14,10-19,10-19,arabic_stripped
وطي,witi,watti,False,3,4,0-9,0-9,arabic_stripped
قاطع إيده وشاحد عليها,qaati3 2iido wushaa7id 3aleeha,qaati3 3adiihha wa7ala shaado,False,21,30,20-29,30-39,arabic_stripped
عبى راس,3abba raaso,3abba raas,False,7,11,0-9,10-19,arabic_stripped
غمض,ghammad,ghammid,False,3,7,0-9,0-9,arabic_stripped
على الله,3ala 2alla,3ala 2illa,False,8,10,0-9,10-19,arabic_stripped
ما ظنيتي,maa zanneeti,maa diiniti,False,8,12,0-9,10-19,arabic_stripped
قرقة,krukke,qarqa,False,4,6,0-9,0-9,arabic_stripped
شوطة,shoote,shoota,False,4,6,0-9,0-9,arabic_stripped
اتلقى,2itlaqqa,2itlaqqa,True,5,8,0-9,0-9,arabic_stripped
حلاشة,7laashe,7alaashe,False,5,7,0-9,0-9,arabic_stripped
تباوس,tbaawas,tbaawas,True,5,7,0-9,0-9,arabic_stripped
مغط,maghghat,maghghat,True,3,8,0-9,0-9,arabic_stripped
مية مرشحة,miit marsha7a,mii mashar7a,False,9,13,0-9,10-19,arabic_stripped
حناين,7anaayin,7anaayin,True,5,8,0-9,0-9,arabic_stripped
يتحرمص,yit7armas,yit7armas,True,6,9,0-9,0-9,arabic_stripped
انسطح,2insata7,2insiti7,False,5,8,0-9,0-9,arabic_stripped
يتطول,yittawal,yittawwal,False,5,8,0-9,0-9,arabic_stripped
فعط,fa3at,fa33it,False,3,5,0-9,0-9,arabic_stripped
تكركز,tkarkaz,tkarkaz,True,5,7,0-9,0-9,arabic_stripped
يي عاليهود,yii 3alyahuud,yiid 3aalo,False,10,13,10-19,10-19,arabic_stripped
ينتفض,yintifid,yintifid,True,5,8,0-9,0-9,arabic_stripped
غبر,ghabbir,ghabbar,False,3,7,0-9,0-9,arabic_stripped
طهر,tahhir,tahhir,True,3,6,0-9,0-9,arabic_stripped
داشع,daashi3,daashi3,True,4,7,0-9,0-9,arabic_stripped
طحبش,ta7bish,ta7bish,True,4,7,0-9,0-9,arabic_stripped
يستفهم,yistafhim,yistafhim,True,6,9,0-9,0-9,arabic_stripped
قود,quud,qawwad,False,3,4,0-9,0-9,arabic_stripped
داين,daayan,daayin,False,4,6,0-9,0-9,arabic_stripped
عقر,3uqur,3aqqar,False,3,5,0-9,0-9,arabic_stripped
سعادين,sa3aadiin,sa3aadiin,True,6,9,0-9,0-9,arabic_stripped
استفحل,2istaf7al,2istaf7il,False,6,9,0-9,0-9,arabic_stripped
يشاهد,yshaahid,yshaahid,True,5,8,0-9,0-9,arabic_stripped
استهون,2istahwan,2istahwin,False,6,9,0-9,0-9,arabic_stripped
مز,mazz,mizz,False,2,4,0-9,0-9,arabic_stripped
اتغربل,2itgharbal,2itgharbal,True,6,10,0-9,10-19,arabic_stripped
اتخبا,2itkhabba,2itkhabba,True,5,9,0-9,0-9,arabic_stripped
عفق,3afak,3affaq,False,3,5,0-9,0-9,arabic_stripped
طلق,talq,talliq,False,3,4,0-9,0-9,arabic_stripped
يحنص,y7annis,y7annis,True,4,7,0-9,0-9,arabic_stripped
انلدغ,2inlidigh,2inladagh,False,5,9,0-9,0-9,arabic_stripped
قتب,qutub,qattib,False,3,5,0-9,0-9,arabic_stripped
مواضيع,mawaadii3,mawaadii3,True,6,9,0-9,0-9,arabic_stripped
تبحيرة,tab7iira,tab7iire,False,6,8,0-9,0-9,arabic_stripped
يشحبر,ysha7bir,ysha7bir,True,5,8,0-9,0-9,arabic_stripped
ييأس,yiiy2as,y2ayyis,False,4,7,0-9,0-9,arabic_stripped
يتطرف,yittarraf,yittarraf,True,5,9,0-9,0-9,arabic_stripped
نشوة,nashwe,nashwe,True,4,6,0-9,0-9,arabic_stripped
نطح,nata7,natti7,False,3,5,0-9,0-9,arabic_stripped
ارسخ,2irsakh,2irsakh,True,4,7,0-9,0-9,arabic_stripped
حلم,7ilim,7allim,False,3,5,0-9,0-9,arabic_stripped
حاسم,7aasim,7aasim,True,4,6,0-9,0-9,arabic_stripped
ناطح,naata7,naati7,False,4,6,0-9,0-9,arabic_stripped
مساحيق التجميل,masaa7iiq 2ittajmiil,masa7iiq 2iljamiil,False,14,20,10-19,20-29,arabic_stripped
نسج,nasaj,nassij,False,3,5,0-9,0-9,arabic_stripped
اندعك,2inda3ik,2inda3ak,False,5,8,0-9,0-9,arabic_stripped
نعوس,na3was,na3wis,False,4,6,0-9,0-9,arabic_stripped
دافش,daafash,daafish,False,4,7,0-9,0-9,arabic_stripped
كل زيت وانطح الحيط,kull zeet wu2inta7 2il7eet,kalti zeet 7aan waatiilak,False,18,26,10-19,20-29,arabic_stripped
طاسة وحده,taase wa7de,taasit wu7adde,False,9,11,0-9,10-19,arabic_stripped
وسع,wassa3,wassi3,False,3,6,0-9,0-9,arabic_stripped
ذكريات,zikrayaat,zakriyyaat,False,6,9,0-9,0-9,arabic_stripped
حجاب,7ijaab,7jaab,False,4,6,0-9,0-9,arabic_stripped
ألف رحمة ونور عليه,2alf ra7me wunuur,2alfar7a mar3oon wile,False,18,17,10-19,10-19,arabic_stripped
باقورة,baaquura,baaquura,True,6,8,0-9,0-9,arabic_stripped
مكلح,mkalli7,mkalli7,True,4,7,0-9,0-9,arabic_stripped
باعد,baa3ad,baa3id,False,4,6,0-9,0-9,arabic_stripped
استصغر,2istasghar,2istasghir,False,6,10,0-9,10-19,arabic_stripped
يتشلح,yitshalla7,yitshalla7,True,5,10,0-9,10-19,arabic_stripped
يجاور,yjaawir,yjaawir,True,5,7,0-9,0-9,arabic_stripped
نسيان,nisyaan,nasiyaan,False,5,7,0-9,0-9,arabic_stripped
يغمض,yighmad,yghammid,False,4,7,0-9,0-9,arabic_stripped
قرقرة,gargara,qarqara,False,5,7,0-9,0-9,arabic_stripped
قرم,qaram,qarrim,False,3,5,0-9,0-9,arabic_stripped
خول,khawwil,khawwil,True,3,7,0-9,0-9,arabic_stripped
يهود,yahuud,yhawwid,False,4,6,0-9,0-9,arabic_stripped
لسينة,lseene,lseene,True,5,6,0-9,0-9,arabic_stripped
جرسون,garsoon,jarsuun,False,5,7,0-9,0-9,arabic_stripped
يتسبح,yitsabba7,yitsabba7,True,5,9,0-9,0-9,arabic_stripped
يزيدها عليه,yziidha 3alee,yziidha 2il3ayyhid,False,11,13,10-19,10-19,arabic_stripped
نسخة,nuskha,naskha,False,4,6,0-9,0-9,arabic_stripped
ارقع,2irqa3,2irqa3,True,4,6,0-9,0-9,arabic_stripped
أخذ,2akhad,2akhad,True,3,6,0-9,0-9,arabic_stripped
فك,fikk,fakk,False,2,4,0-9,0-9,arabic_stripped
توج,tawwij,tawwaj,False,3,6,0-9,0-9,arabic_stripped
سرداحي مرداحي,sirdaa7i mirdaa7i,sirda7i maariid,False,13,17,10-19,10-19,arabic_stripped
تنمر,tnammar,tnammar,True,4,7,0-9,0-9,arabic_stripped
سنسال,sinsaal,sansaal,False,5,7,0-9,0-9,arabic_stripped
يطابق,ytaabiq,ytaabiq,True,5,7,0-9,0-9,arabic_stripped
يلقط,yulqut,ylaqqit,False,4,6,0-9,0-9,arabic_stripped
سحري,si7ri,sa7ri,False,4,5,0-9,0-9,arabic_stripped
تشريب,tashriib,tashriib,True,5,8,0-9,0-9,arabic_stripped
جرجح,djardja7,jardji7,False,4,8,0-9,0-9,arabic_stripped
رخوي,rakhawi,rakhwi,False,4,7,0-9,0-9,arabic_stripped
انهبل,2inhibil,2inhibil,True,5,8,0-9,0-9,arabic_stripped
طبع,taba3,tabbi3,False,3,5,0-9,0-9,arabic_stripped
بالتفصيل الممل,bittafsiil 2ilmumill,bittalafiim 2illasaal,False,14,20,10-19,20-29,arabic_stripped
فاتح بطنه,faati7 batno,faati7 btano,False,9,12,0-9,10-19,arabic_stripped
عورة,3awra,3oora,False,4,5,0-9,0-9,arabic_stripped
زكي,zakki,zakki,True,3,5,0-9,0-9,arabic_stripped
ترويسة,tarwiise,tarwiise,True,6,8,0-9,0-9,arabic_stripped
فصل,fasil,fassil,False,3,5,0-9,0-9,arabic_stripped
ممسلغ,2immasligh,mmsaghligh,False,5,10,0-9,10-19,arabic_stripped
طالع,taala3,taali3,False,4,6,0-9,0-9,arabic_stripped
فلفل أسود,filfil 2aswad,falf 2aswad,False,9,13,0-9,10-19,arabic_stripped
حواف,7awaaf,7awwaaf,False,4,6,0-9,0-9,arabic_stripped
ينخرس,yinkhiris,yinkhiris,True,5,9,0-9,0-9,arabic_stripped
أنث,2annis,2annas,False,3,6,0-9,0-9,arabic_stripped
دهاديش,dahaadiish,dahaadiish,True,6,10,0-9,10-19,arabic_stripped
مشط,mashshit,mashshat,False,3,8,0-9,0-9,arabic_stripped
واسع,waasi3,waasi3,True,4,6,0-9,0-9,arabic_stripped
تعرج,ta3arruj,t3arraj,False,4,8,0-9,0-9,arabic_stripped
أن,2ann,2ann,True,2,4,0-9,0-9,arabic_stripped
استنظف,2istandif,2istandaf,False,6,9,0-9,0-9,arabic_stripped
يتشرع,yitsharra3,yitsharra3,True,5,10,0-9,10-19,arabic_stripped
مفضل عراسي من فوق,mfaddil 3araasi min fooq,maffuul 3ala qraas maaniid,False,17,24,10-19,20-29,arabic_stripped
وغوش,waghwish,waghwish,True,4,8,0-9,0-9,arabic_stripped
اقتراح,2iqtiraa7,2iqtiraa7,True,6,9,0-9,0-9,arabic_stripped
هزائم,hazaa2im,hazaa2im,True,5,8,0-9,0-9,arabic_stripped
خجل,khajjal,khajjal,True,3,7,0-9,0-9,arabic_stripped
حكيم,7akiim,7akiim,True,4,6,0-9,0-9,arabic_stripped
مهزور,mahzuur,mahzuur,True,5,7,0-9,0-9,arabic_stripped
أوفد,2awfad,2awfad,True,4,6,0-9,0-9,arabic_stripped
شوش,shawwash,shawwish,False,3,8,0-9,0-9,arabic_stripped
يديون,ydeewin,ydayuun,False,5,7,0-9,0-9,arabic_stripped
مركاس,mirkaas,markaas,False,5,7,0-9,0-9,arabic_stripped
تملى,tmalla,tmalla,True,4,6,0-9,0-9,arabic_stripped
فرايحي,faraay7i,faraayi7,False,6,8,0-9,0-9,arabic_stripped
تقصى,tqassa,tqassa,True,4,6,0-9,0-9,arabic_stripped
انطفس,2intifis,2intafas,False,5,8,0-9,0-9,arabic_stripped
أهون بلا,2ahwan bala,2ahoon bila,False,8,11,0-9,10-19,arabic_stripped
مواطنة,muwaatane,mwaatane,False,6,9,0-9,0-9,arabic_stripped
قرقد,qarqid,qarqid,True,4,6,0-9,0-9,arabic_stripped
يتبعز,yitba33az,yitba33az,True,5,9,0-9,0-9,arabic_stripped
اعطس,2u3tus,2i3tas,False,4,6,0-9,0-9,arabic_stripped
نملية,namliyye,namliyye,True,5,8,0-9,0-9,arabic_stripped
يلقي اللوم,yulqi 2illoom,ylaqqiil 2ilwam,False,10,13,10-19,10-19,arabic_stripped
مهمز,mahmiz,mhammiz,False,4,6,0-9,0-9,arabic_stripped
تهزز,thazzaz,thazzaz,True,4,7,0-9,0-9,arabic_stripped
يطاوع,ytaawi3,ytaawi3,True,5,7,0-9,0-9,arabic_stripped
علي,3ali,3alli,False,3,4,0-9,0-9,arabic_stripped
يحترف,yi7tarif,yi7tirif,False,5,8,0-9,0-9,arabic_stripped
ينفرم,yinifrim,yinfirim,False,5,8,0-9,0-9,arabic_stripped
سواحل,sawaa7il,sawaa7il,True,5,8,0-9,0-9,arabic_stripped
هتيكة,hattiike,hatiike,False,5,8,0-9,0-9,arabic_stripped
أبوس إيدك,2abuus 2iidak,2abu siidak,False,9,13,0-9,10-19,arabic_stripped
ارتوى,2irtawa,2irtawa,True,5,7,0-9,0-9,arabic_stripped
مهابيش,mahaabiish,mahaabiish,True,6,10,0-9,10-19,arabic_stripped
حكاوي,7akaawi,7akaawi,True,5,7,0-9,0-9,arabic_stripped
دست,dist,dassit,False,3,4,0-9,0-9,arabic_stripped
توداية,tuudaaye,tawdaaye,False,6,8,0-9,0-9,arabic_stripped
وغيره,wugheero,waghiir,False,5,8,0-9,0-9,arabic_stripped
برط حومة,bart 7oome,bart 7uume,False,8,10,0-9,10-19,arabic_stripped
شيطاني,shaytaani,shiitaani,False,6,9,0-9,0-9,arabic_stripped
خطية,khatiyye,khatye,False,4,8,0-9,0-9,arabic_stripped
تصفن,tsaffan,tsaffan,True,4,7,0-9,0-9,arabic_stripped
سموم,samuum,sumuum,False,4,6,0-9,0-9,arabic_stripped
مكتب,maktab,mkattib,False,4,6,0-9,0-9,arabic_stripped
اتنافس,2itnaafas,2itnaafas,True,6,9,0-9,0-9,arabic_stripped
لسعة,las3a,las3a,True,4,5,0-9,0-9,arabic_stripped
هلقيت,halqeet,halqiit,False,5,7,0-9,0-9,arabic_stripped
يتوقع,yitwaqqa3,yitwaqqa3,True,5,9,0-9,0-9,arabic_stripped
هافت,haafit,haafit,True,4,6,0-9,0-9,arabic_stripped
مسواطة,miswaata,muswaata,False,6,8,0-9,0-9,arabic_stripped
شقي,shaqi,shaqi,True,3,5,0-9,0-9,arabic_stripped
تحري,ta7arri,ta7ri,False,4,7,0-9,0-9,arabic_stripped
صن,sannat,sann,False,2,6,0-9,0-9,arabic_stripped
طوبن,toobin,tooban,False,4,6,0-9,0-9,arabic_stripped
واطي,waati,waati,True,4,5,0-9,0-9,arabic_stripped
أبيض,2abyad,2abiid,False,4,6,0-9,0-9,arabic_stripped
مناحل,manaa7il,manaa7il,True,5,8,0-9,0-9,arabic_stripped
كر,karr,kurr,False,2,4,0-9,0-9,arabic_stripped
تحرير,ta7riir,ta7riir,True,5,7,0-9,0-9,arabic_stripped
ينازع,ynaazi3,ynaazi3,True,5,7,0-9,0-9,arabic_stripped
دراسة,draase,darraase,False,5,6,0-9,0-9,arabic_stripped
فتاحة,fattaa7a,fataa7a,False,5,8,0-9,0-9,arabic_stripped
استصعب,2istas3ab,2istas3ib,False,6,9,0-9,0-9,arabic_stripped
ذنين,dineen,daniin,False,4,6,0-9,0-9,arabic_stripped
يخضخض,ykhadkhid,ykhadkhid,True,5,9,0-9,0-9,arabic_stripped
المنية ولا الدنية,2almaniyye wala 2iddaniyye,2ilminye wilda 2ilwanyaa,False,17,26,10-19,20-29,arabic_stripped
بلبعة,balba3a,balba3a,True,5,7,0-9,0-9,arabic_stripped
انلطش,2inlatash,2inlitish,False,5,9,0-9,0-9,arabic_stripped
يلفت,yilfit,ylaffit,False,4,6,0-9,0-9,arabic_stripped
صهلل,sahlil,sahlal,False,4,6,0-9,0-9,arabic_stripped
أصفر,2asfar,2asfar,True,4,6,0-9,0-9,arabic_stripped
مخنم,mkhannim,mkhannim,True,4,8,0-9,0-9,arabic_stripped
عزابي,3izzaabi,za3aabi,False,5,8,0-9,0-9,arabic_stripped
بكم,bukum,bakkim,False,3,5,0-9,0-9,arabic_stripped
خي,khayy,khiyy,False,2,5,0-9,0-9,arabic_stripped
حابى,7aaba,7aaba,True,4,5,0-9,0-9,arabic_stripped
همط,hammit,hammit,True,3,6,0-9,0-9,arabic_stripped
يدكن,ydakkin,ydakkin,True,4,7,0-9,0-9,arabic_stripped
اكنز,2uknuz,2iknuz,False,4,6,0-9,0-9,arabic_stripped
أجاز,2ajaaz,2ajaaz,True,4,6,0-9,0-9,arabic_stripped
مدرك,midrik,mdarrik,False,4,6,0-9,0-9,arabic_stripped
بسوم,bsuum,baswam,False,4,5,0-9,0-9,arabic_stripped
تشردق,tshardaq,tshardaq,True,5,8,0-9,0-9,arabic_stripped
فقسة,faqse,faqse,True,4,5,0-9,0-9,arabic_stripped
زايح,zaayi7,zaayi7,True,4,6,0-9,0-9,arabic_stripped
إملاء,2imlaa2,2imlaa2,True,5,7,0-9,0-9,arabic_stripped
سلطن,saltin,saltan,False,4,6,0-9,0-9,arabic_stripped
بطن,batin,battin,False,3,5,0-9,0-9,arabic_stripped
يتخزن,yitkhazzan,yitkhazzan,True,5,10,0-9,10-19,arabic_stripped
خسر,khassar,khassar,True,3,7,0-9,0-9,arabic_stripped
جمود,jumuud,jmuud,False,4,6,0-9,0-9,arabic_stripped
اتخرشم,2itkharsham,2itkharsham,True,6,11,0-9,10-19,arabic_stripped
يسلي,ysalli,yisli,False,4,6,0-9,0-9,arabic_stripped
اتصافى,2itsaafa,2itsaafa,True,6,8,0-9,0-9,arabic_stripped
أسطورة,2ustuura,2ustuura,True,6,8,0-9,0-9,arabic_stripped
الحس,2il7as,2il7as,True,4,6,0-9,0-9,arabic_stripped
دوز,duuz,dawwiz,False,3,4,0-9,0-9,arabic_stripped
رخاء,rakhaa2,rukhaa2,False,4,7,0-9,0-9,arabic_stripped
يتجبجب,yitdjabdjab,yitjabdjab,False,6,11,0-9,10-19,arabic_stripped
متروس,matruus,mitrawwis,False,5,7,0-9,0-9,arabic_stripped
مصمص,masmas,msammis,False,4,6,0-9,0-9,arabic_stripped
عادي,3aadi,3aadi,True,4,5,0-9,0-9,arabic_stripped
مضروب بحجركبير,madruub b7ajar faadi,madruub bijru7ik,False,14,20,10-19,20-29,arabic_stripped
مقبس,mqabbis,mqabbis,True,4,7,0-9,0-9,arabic_stripped
شخوص,shukhuus,shakhsuus,False,4,8,0-9,0-9,arabic_stripped
مصمصة,masmasa,masmasame,False,5,7,0-9,0-9,arabic_stripped
تعزز,t3azzaz,t3azzaz,True,4,7,0-9,0-9,arabic_stripped
كذاب,kazzaabkadhdhaab,kazaab,False,4,16,0-9,10-19,arabic_stripped
تشكك,tshakkak,tshakkak,True,4,8,0-9,0-9,arabic_stripped
ارتبك,2irtabak,2irtibik,False,5,8,0-9,0-9,arabic_stripped
فسيدية,fusseediyye,fasiidiyye,False,6,11,0-9,10-19,arabic_stripped
قلادة,gklaade,qalaade,False,5,7,0-9,0-9,arabic_stripped
اشترك,2ishtarak,2ishtirik,False,5,9,0-9,0-9,arabic_stripped
انتقع,2intaqa3,2intiqi3,False,5,8,0-9,0-9,arabic_stripped
يتبلط,yitballat,yitballat,True,5,9,0-9,0-9,arabic_stripped
ذياب,dyaab,dyaab,True,4,5,0-9,0-9,arabic_stripped
فرشاية,furshaaye,farshaaye,False,6,9,0-9,0-9,arabic_stripped
خطوط,khutuut,khattuut,False,4,7,0-9,0-9,arabic_stripped
ينبع,yunbu3,yinbu3,False,4,6,0-9,0-9,arabic_stripped
مشط,mushut,mashshat,False,3,6,0-9,0-9,arabic_stripped
مشوش,mshawwash,mshawwish,False,4,9,0-9,0-9,arabic_stripped
يحاتف,y7aatif,y7aatif,True,5,7,0-9,0-9,arabic_stripped
ناد,naad,naad,True,3,4,0-9,0-9,arabic_stripped
يتقطم,yitqattam,yitqattam,True,5,9,0-9,0-9,arabic_stripped
العرسان طوابير,2il3irsaan tawaabiir,2il3aras binyaat,False,14,20,10-19,20-29,arabic_stripped
لام,laam,laam,True,3,4,0-9,0-9,arabic_stripped
فقعة,fuq3a,faq3a,False,4,5,0-9,0-9,arabic_stripped
أبو العبد,2abu 2il3abid,2abu 2il3abud,False,9,13,0-9,10-19,arabic_stripped
اطعن,2it3an,2it3an,True,4,6,0-9,0-9,arabic_stripped
يقرمط,yqgarmit,yqarmit,False,5,8,0-9,0-9,arabic_stripped
عقاب,3iqaab,3aqaab,False,4,6,0-9,0-9,arabic_stripped
تاجر دين,taajir diin,taajir dinya,False,8,11,0-9,10-19,arabic_stripped
نشر,nashir,nashshir,False,3,6,0-9,0-9,arabic_stripped
حلاس,7allaas,7laas,False,4,7,0-9,0-9,arabic_stripped
دوشكة,dooshka,dooshake,False,5,7,0-9,0-9,arabic_stripped
تلاكم,tlaakam,tlaakam,True,5,7,0-9,0-9,arabic_stripped
تسلح,tsalla7,tsalla7,True,4,7,0-9,0-9,arabic_stripped
واجه,waajih,waajih,True,4,6,0-9,0-9,arabic_stripped
سليمة,saliime,saliime,True,5,7,0-9,0-9,arabic_stripped
تبلط,tballat,tballat,True,4,7,0-9,0-9,arabic_stripped
مخموع,makhmuu3,makhmuu3,True,5,8,0-9,0-9,arabic_stripped
مناحرة,mnaa7ara,munaa7ara,False,6,8,0-9,0-9,arabic_stripped
يستقطع,yistaqti3,yistaqti3,True,6,9,0-9,0-9,arabic_stripped
فارة,faara,faara,True,4,5,0-9,0-9,arabic_stripped
درس,daris,darris,False,3,5,0-9,0-9,arabic_stripped
تجحيشة,taj7iishe,taj7iishe,True,6,9,0-9,0-9,arabic_stripped
ساكو,saako,saaku,False,4,5,0-9,0-9,arabic_stripped
سهي,sahhi,sahhi,True,3,5,0-9,0-9,arabic_stripped
يشنف,yushnuf,yshannif,False,4,7,0-9,0-9,arabic_stripped
أقزام,2aqzaam,2aqzaam,True,5,7,0-9,0-9,arabic_stripped
اطمع,2itma3,2itma3,True,4,6,0-9,0-9,arabic_stripped
طلة,talle,talle,True,3,5,0-9,0-9,arabic_stripped
نحيب,na7iib,na7iib,True,4,6,0-9,0-9,arabic_stripped
يستبعد,yistab3id,yistab3id,True,6,9,0-9,0-9,arabic_stripped
يتقطب,yitqattab,yitqattab,True,5,9,0-9,0-9,arabic_stripped
طقع,taqqi3,taggi3,False,3,6,0-9,0-9,arabic_stripped
منى عيني,muna 3eeni,min 3eeni,False,8,10,0-9,10-19,arabic_stripped
انده,2indah,2indah,True,4,6,0-9,0-9,arabic_stripped
صفة سنان,saffit snaan,saffit snaan,True,8,12,0-9,10-19,arabic_stripped
برامج,baraamij,baraamij,True,5,8,0-9,0-9,arabic_stripped
زلط,zalat,zallit,False,3,5,0-9,0-9,arabic_stripped
كمن,kimin,kammin,False,3,5,0-9,0-9,arabic_stripped
مزكم,mzakkim,mzakkim,True,4,7,0-9,0-9,arabic_stripped
دورة الحرامي,doorit 2il7araami,doorit 2il7ariim,False,12,17,10-19,10-19,arabic_stripped
تغافل,tghaafal,tghaafal,True,5,8,0-9,0-9,arabic_stripped
اتبربج,2itbarbadj,2itbarbadj,True,6,10,0-9,10-19,arabic_stripped
شنبر,shumbur,shanbar,False,4,7,0-9,0-9,arabic_stripped
اتسخمط,2itsakhmat,2itsakhmat,True,6,10,0-9,10-19,arabic_stripped
دقم,daqam,daqqim,False,3,5,0-9,0-9,arabic_stripped
لثم,lusum,lassam,False,3,5,0-9,0-9,arabic_stripped
قطع,qita3,qatta3,False,3,5,0-9,0-9,arabic_stripped
أعج,2a3idj,2a3j,False,3,6,0-9,0-9,arabic_stripped
رقعت ضحكة,raqa3at di7ke,raqqa3at 7adake,False,9,13,0-9,10-19,arabic_stripped
بعابيز,ba3aabiiz,ba3aabiiz,True,6,9,0-9,0-9,arabic_stripped
يبحلق,yba7liq,yba7liq,True,5,7,0-9,0-9,arabic_stripped
برضه,barduh,bardo,False,4,6,0-9,0-9,arabic_stripped
استرجال,2istirjaal,2istirjaal,True,7,10,0-9,10-19,arabic_stripped
مقاس,maqaas,maqaas,True,4,6,0-9,0-9,arabic_stripped
ينحق,yin7aqq,yin7aqq,True,4,7,0-9,0-9,arabic_stripped
هزيمة,haziime,haziime,True,5,7,0-9,0-9,arabic_stripped
تحرقص,t7arqas,t7arqas,True,5,7,0-9,0-9,arabic_stripped
ماعون,maa3uun,maa3uun,True,5,7,0-9,0-9,arabic_stripped
شلع,shala3,shalli3,False,3,6,0-9,0-9,arabic_stripped
مقطش,mqattish,mqattish,True,4,8,0-9,0-9,arabic_stripped
يذري,ydharri,yidhri,False,4,7,0-9,0-9,arabic_stripped
شلفط,shalfat,shalfit,False,4,7,0-9,0-9,arabic_stripped
مصنم,msannim,msannim,True,4,7,0-9,0-9,arabic_stripped
يرطب,yrattib,yirtub,False,4,7,0-9,0-9,arabic_stripped
يسرع,ysarri3,yisra3,False,4,7,0-9,0-9,arabic_stripped
محجور,ma7juur,ma7juur,True,5,7,0-9,0-9,arabic_stripped
استغمق,2istaghmaq,2istaghmiq,False,6,10,0-9,10-19,arabic_stripped
أمن,2amin,2amman,False,3,5,0-9,0-9,arabic_stripped
اتمهل,2itmahhal,2itmahhal,True,5,9,0-9,0-9,arabic_stripped
يدغش,yidghash,ydaghghish,False,4,8,0-9,0-9,arabic_stripped
يصفف,ysaffif,ysaffif,True,4,7,0-9,0-9,arabic_stripped
زهق,zihiq,zahhaq,False,3,5,0-9,0-9,arabic_stripped
افزع,2ifzi3,2ifza3,False,4,6,0-9,0-9,arabic_stripped
أحصى,2a7sa,2a7sa,True,4,5,0-9,0-9,arabic_stripped
يجبد,yijbid,yjabbid,False,4,6,0-9,0-9,arabic_stripped
يزحلق,yza7liq,yza7liq,True,5,7,0-9,0-9,arabic_stripped
ارضي,2irdi,2irdi,True,4,5,0-9,0-9,arabic_stripped
أخذ مجده,2akhad maddo,2akhad majdah,False,8,12,0-9,10-19,arabic_stripped
لطاية,lattaaye,lataaye,False,5,8,0-9,0-9,arabic_stripped
فاتك نص عمرك,faatak nuss 3umrak,faatak tin sumur,False,12,18,10-19,10-19,arabic_stripped
سماط,smaat,samaat,False,4,5,0-9,0-9,arabic_stripped
صعق,sa3aq,sa33iq,False,3,5,0-9,0-9,arabic_stripped
شاليش,shaaliish,shaaliish,True,5,9,0-9,0-9,arabic_stripped
استيسر,2istaysar,2istayir,False,6,9,0-9,0-9,arabic_stripped
رحرح,ra7ra7,ra7ra7,True,4,6,0-9,0-9,arabic_stripped
مرسوم,marsuum,marsuum,True,5,7,0-9,0-9,arabic_stripped
مجعرن,mdja3rin,mja3ran,False,5,8,0-9,0-9,arabic_stripped
يلحم,yil7im,yil7am,False,4,6,0-9,0-9,arabic_stripped
يتحمس,yit7ammas,yit7ammas,True,5,9,0-9,0-9,arabic_stripped
تمهيدي,tamhiidi,tamhiidi,True,6,8,0-9,0-9,arabic_stripped
فقر,fuqur,faqqir,False,3,5,0-9,0-9,arabic_stripped
عمى,3ama,3amma,False,3,4,0-9,0-9,arabic_stripped
شامبو,shaambo,shaambuub,False,5,7,0-9,0-9,arabic_stripped
انشل,2inshall,2inshil,False,4,8,0-9,0-9,arabic_stripped
يتجاذب,yitjaazab,yitjaazab,True,6,9,0-9,0-9,arabic_stripped
يتمسد,yitmassad,yitmassad,True,5,9,0-9,0-9,arabic_stripped
يتهضم,yithaddam,yithaddam,True,5,9,0-9,0-9,arabic_stripped
مبوم,mbawwim,mbawwim,True,4,7,0-9,0-9,arabic_stripped
يرخرخ,yrakhrikh,yrakhrikh,True,5,9,0-9,0-9,arabic_stripped
تلاشى,tlaasha,tlaasha,True,5,7,0-9,0-9,arabic_stripped
هدي,haddi,haddi,True,3,5,0-9,0-9,arabic_stripped
يهجر,yuhjur,yhajjir,False,4,6,0-9,0-9,arabic_stripped
حتى,7atta,7atta,True,3,5,0-9,0-9,arabic_stripped
بردان,bardaan,bardaan,True,5,7,0-9,0-9,arabic_stripped
امتد,2imtadd,2imtadd,True,4,7,0-9,0-9,arabic_stripped
حشى,7ashsha,7ashsha,True,3,7,0-9,0-9,arabic_stripped
انقل,2unqul,2inqall,False,4,6,0-9,0-9,arabic_stripped
انكشف,2inkashaf,2inkishif,False,5,9,0-9,0-9,arabic_stripped
ساعة,see3a,saa3a,False,4,5,0-9,0-9,arabic_stripped
مكنز,mikniz,mkanniz,False,4,6,0-9,0-9,arabic_stripped
غرب,gharrab,gharrab,True,3,7,0-9,0-9,arabic_stripped
بلابل,balaabil,balaabil,True,5,8,0-9,0-9,arabic_stripped
سجن,sajan,sajjin,False,3,5,0-9,0-9,arabic_stripped
محزز,m7azziz,m7azziz,True,4,7,0-9,0-9,arabic_stripped
خضار,khadaar,khadaar,True,4,7,0-9,0-9,arabic_stripped
اتوحش,2itwa77ash,2itwa77ash,True,5,10,0-9,10-19,arabic_stripped
فاز,faaz,faaz,True,3,4,0-9,0-9,arabic_stripped
اصطبر,2istabar,2istabar,True,5,8,0-9,0-9,arabic_stripped
برأ,barra2,barra2,True,3,6,0-9,0-9,arabic_stripped
اشبه,2ishbih,2ishbih,True,4,7,0-9,0-9,arabic_stripped
طوافير,tawaafiir,tawaafiir,True,6,9,0-9,0-9,arabic_stripped
يدعبل,yda3bil,yda3bil,True,5,7,0-9,0-9,arabic_stripped
يحذف,y7azzif,yi7zif,False,4,7,0-9,0-9,arabic_stripped
يتدلدق,yiddalda2,yiddalda2,True,6,9,0-9,0-9,arabic_stripped
تبلك,tballak,tballak,True,4,7,0-9,0-9,arabic_stripped
صقل,saqal,saqqil,False,3,5,0-9,0-9,arabic_stripped
ضوج,duuj,dawwij,False,3,4,0-9,0-9,arabic_stripped
فيد,fiid,fiid,True,3,4,0-9,0-9,arabic_stripped
زحمة,za7me,za7me,True,4,5,0-9,0-9,arabic_stripped
غط,ghutt,ghatt,False,2,5,0-9,0-9,arabic_stripped
يحجر,y7ajjir,yi7jur,False,4,7,0-9,0-9,arabic_stripped
استقرار,2istiqraar,2istiqraar,True,7,10,0-9,10-19,arabic_stripped
بواعيض,bawaa3iid,bawaadii3,False,6,9,0-9,0-9,arabic_stripped
يستهدي,yistahdi,yistahdi,True,6,8,0-9,0-9,arabic_stripped
اعتبار,2i3tibaar,2i3tibaar,True,6,9,0-9,0-9,arabic_stripped
شرقي,sharqi,sharqi,True,4,6,0-9,0-9,arabic_stripped
استقبل,2istaqbal,2istaqbil,False,6,9,0-9,0-9,arabic_stripped
خرف,kharraf,kharrif,False,3,7,0-9,0-9,arabic_stripped
عشم,3ashshim,3ashshim,True,3,8,0-9,0-9,arabic_stripped
سلخ,sallakh,sallikh,False,3,7,0-9,0-9,arabic_stripped
اتمصوع,2itmaswa3,2itmaswa3,True,6,9,0-9,0-9,arabic_stripped
انشئ,2inshi2,2insha2,False,4,7,0-9,0-9,arabic_stripped
يستكفي,yistakfi,yistakfi,True,6,8,0-9,0-9,arabic_stripped
تهليل,tahliil,tahliil,True,5,7,0-9,0-9,arabic_stripped
عقل الرحمن,3aqil 2irra7maan,3aqil 2irra7amin,False,10,16,10-19,10-19,arabic_stripped
ينقصع,yinqasa3,yinqisi3,False,5,8,0-9,0-9,arabic_stripped
يعبر,y3abbir,y3abbir,True,4,7,0-9,0-9,arabic_stripped
بالع راديو,baali3 raadyo,baali3 raadi,False,10,13,10-19,10-19,arabic_stripped
يتشجع,yitshajja3,yitshajja3,True,5,10,0-9,10-19,arabic_stripped
اعتدي,2i3tidi,2i3tidi,True,5,7,0-9,0-9,arabic_stripped
مظلوم,mazluum,mazluum,True,5,7,0-9,0-9,arabic_stripped
أنتج,2antaj,2antaj,True,4,6,0-9,0-9,arabic_stripped
تحجيم,ta7jiim,ta7jiim,True,5,7,0-9,0-9,arabic_stripped
ينبلف,yinbilif,yinbilif,True,5,8,0-9,0-9,arabic_stripped
ينقال,yinqaal,yinqaal,True,5,7,0-9,0-9,arabic_stripped
رافق,raafaq,raafiq,False,4,6,0-9,0-9,arabic_stripped
مخه قندرة,mukhkho qkundara,mukhkho qandara,False,9,16,0-9,10-19,arabic_stripped
سالك,saalik,saalik,True,4,6,0-9,0-9,arabic_stripped
يتسوق,yitsawwaq,yitsawwaq,True,5,9,0-9,0-9,arabic_stripped
حلفش,7alfash,7alfish,False,4,7,0-9,0-9,arabic_stripped
يجعص,yij3as,yja33is,False,4,6,0-9,0-9,arabic_stripped
بساع,bsaa3,bassaa3,False,4,5,0-9,0-9,arabic_stripped
تنتف,tantif,tnattaf,False,4,6,0-9,0-9,arabic_stripped
بور,buur,bawwir,False,3,4,0-9,0-9,arabic_stripped
ترهل,tarahhul,trahhal,False,4,8,0-9,0-9,arabic_stripped
اقترع,2iqtari3,2iqtara3,False,5,8,0-9,0-9,arabic_stripped
هلمنة,halmane,halmane,True,5,7,0-9,0-9,arabic_stripped
دورخة,doorakhe,doorakhe,True,5,8,0-9,0-9,arabic_stripped
توجيه,tawjiih,tawjiih,True,5,7,0-9,0-9,arabic_stripped
ينجد,yinjid,yinjud,False,4,6,0-9,0-9,arabic_stripped
يتشرنخ,yitsharnakh,yitsharnakh,True,6,11,0-9,10-19,arabic_stripped
يستحضر,yista7dir,yista7dir,True,6,9,0-9,0-9,arabic_stripped
يصربع,ysarbi3,ysarbi3,True,5,7,0-9,0-9,arabic_stripped
تصارع,tasaaru3,tsaara3,False,5,8,0-9,0-9,arabic_stripped
كاكي,kaaki,kaaki,True,4,5,0-9,0-9,arabic_stripped
فريد,fariid,friid,False,4,6,0-9,0-9,arabic_stripped
تفركش,tfarkash,tfarkash,True,5,8,0-9,0-9,arabic_stripped
هتك عرض,hatak 3ard,hattak 3arad,False,7,10,0-9,10-19,arabic_stripped
مجارير,majaariir,majaariir,True,6,9,0-9,0-9,arabic_stripped
لو يصيروا اجريك فوق وراسك تحت,law 2iysiiruu 2ijreek fooq wraasak lata7at,law ysiiruu 2ijreek fooq laata7ak sak wuraat,False,29,42,20-29,40-49,arabic_stripped
يخون,ykhawwin,ykhawwin,True,4,8,0-9,0-9,arabic_stripped
افرم,2ufrum,2ifrum,False,4,6,0-9,0-9,arabic_stripped
يستموت,yistamwit,yistamwit,True,6,9,0-9,0-9,arabic_stripped
يورور,ywarwir,ywarwir,True,5,7,0-9,0-9,arabic_stripped
فوح,fuu7,fawwi7,False,3,4,0-9,0-9,arabic_stripped
اتداقق,2iddaaqaq,2iddaaqaq,True,6,9,0-9,0-9,arabic_stripped
منام,manaam,manaam,True,4,6,0-9,0-9,arabic_stripped
حقق,7aqqiq,7aqqaq,False,3,6,0-9,0-9,arabic_stripped
احصر,2u7sur,2u7sur,True,4,6,0-9,0-9,arabic_stripped
تمنكر,tmankar,tmankar,True,5,7,0-9,0-9,arabic_stripped
طايح,taayi7,taayi7,True,4,6,0-9,0-9,arabic_stripped
شوافة,shawwaafe,shawwaafe,True,5,9,0-9,0-9,arabic_stripped
مطلاع,mutlaa3,matlaa3,False,5,7,0-9,0-9,arabic_stripped
طراحة,turraa7a,tarraa7a,False,5,8,0-9,0-9,arabic_stripped
مداخل,madaakhil,madaakhil,True,5,9,0-9,0-9,arabic_stripped
دبر,dabbir,dabbir,True,3,6,0-9,0-9,arabic_stripped
البس,2ilbis,2ilbis,True,4,6,0-9,0-9,arabic_stripped
باسبور,baasboor,baasbuur,False,6,8,0-9,0-9,arabic_stripped
تباعد,tbaa3ad,tbaa3ad,True,5,7,0-9,0-9,arabic_stripped
كنس,kannas,kannis,False,3,6,0-9,0-9,arabic_stripped
جاروشة,jaaruushe,jaaruushe,True,6,9,0-9,0-9,arabic_stripped
يتربص,yitrabbas,yitrabbas,True,5,9,0-9,0-9,arabic_stripped
قاطع,qaati3,qaati3,True,4,6,0-9,0-9,arabic_stripped
أماني,2amaani,2amaani,True,5,7,0-9,0-9,arabic_stripped
عل قلبي,3all qalbi,3all qalbi,True,7,10,0-9,10-19,arabic_stripped
وسخ,wisikh,wassikh,False,3,6,0-9,0-9,arabic_stripped
يجاقر,yjaaqkir,yjaaqkir,True,5,8,0-9,0-9,arabic_stripped
ينكتم,yinkitim,yinkitim,True,5,8,0-9,0-9,arabic_stripped
اروش,2irwash,2irwish,False,4,7,0-9,0-9,arabic_stripped
تشكر,tshakkar,tshakkar,True,4,8,0-9,0-9,arabic_stripped
قصارية,qassaariyye,qasaariyye,False,6,11,0-9,10-19,arabic_stripped
فصل,fassil,fassil,True,3,6,0-9,0-9,arabic_stripped
اعهد,2i3had,2i3had,True,4,6,0-9,0-9,arabic_stripped
مزلق,mazliq,mzalliq,False,4,6,0-9,0-9,arabic_stripped
ريح ينفخ بطنك,rii7 yinfukh batnak,ree7 fin khatab,False,13,19,10-19,10-19,arabic_stripped
يستف,ysattif,yistaff,False,4,7,0-9,0-9,arabic_stripped
يعصر مخه,yu3sur mukhkho,y3ussur mukho,False,8,14,0-9,10-19,arabic_stripped
شمط,shamit,shammit,False,3,6,0-9,0-9,arabic_stripped
لويح,lawwii7,lawii7,False,4,7,0-9,0-9,arabic_stripped
فلتان,faltaan,faltaan,True,5,7,0-9,0-9,arabic_stripped
رحرح,ra7ri7,ra7ra7,False,4,6,0-9,0-9,arabic_stripped
مكبرت,mkabrit,mkabrit,True,5,7,0-9,0-9,arabic_stripped
انعمش,2in3amash,2in3imish,False,5,9,0-9,0-9,arabic_stripped
قوالب,qawaalib,qawaalib,True,5,8,0-9,0-9,arabic_stripped
يتقاعد,yitqaa3ad,yitqaa3ad,True,6,9,0-9,0-9,arabic_stripped
تمردغ,tmardagh,tmardagh,True,5,8,0-9,0-9,arabic_stripped
نضوة,nadwe,nudwe,False,4,5,0-9,0-9,arabic_stripped
يدهوس,ydahwis,ydahwis,True,5,7,0-9,0-9,arabic_stripped
ساق,saaq,saaq,True,3,4,0-9,0-9,arabic_stripped
مطر,mattir,mattar,False,3,6,0-9,0-9,arabic_stripped
صفرن,safrin,safrin,True,4,6,0-9,0-9,arabic_stripped
فسح,fusa7,fassi7,False,3,5,0-9,0-9,arabic_stripped
انقبل,2inqabil,2inqibil,False,5,8,0-9,0-9,arabic_stripped
متوالف,mitwaalif,mitwaalif,True,6,9,0-9,0-9,arabic_stripped
سمسارية,simsaariyye,samsaariyye,False,7,11,0-9,10-19,arabic_stripped
يتشلبك,yitshalbak,yitshalbak,True,6,10,0-9,10-19,arabic_stripped
لبح,labbi7,labbi7,True,3,6,0-9,0-9,arabic_stripped
لا حياء ولا خجل,laa 7aya wala khajal,laaji7 2ilkhawaa2 laja,False,15,20,10-19,20-29,arabic_stripped
التفت,2iltafit,2iltifit,False,5,8,0-9,0-9,arabic_stripped
يهذرب,yhadhrib,yhadhrib,True,5,8,0-9,0-9,arabic_stripped
قداحة,qaddaa7a,qadaa7a,False,5,8,0-9,0-9,arabic_stripped
رطانة,rataane,rattaane,False,5,7,0-9,0-9,arabic_stripped
اتوعى,yitwa33a,2itwa33a,False,5,8,0-9,0-9,arabic_stripped
حبحب,7ab7ib,7ab7ab,False,4,6,0-9,0-9,arabic_stripped
أكسر رجلك,2aksir rijlik,2aksar rijl,False,9,13,0-9,10-19,arabic_stripped
يوجب,yuujib,ywajjib,False,4,6,0-9,0-9,arabic_stripped
شلب,shilib,shallib,False,3,6,0-9,0-9,arabic_stripped
يغلي,yighli,yghalli,False,4,6,0-9,0-9,arabic_stripped
أوتاد,2awtaad,2awtaad,True,5,7,0-9,0-9,arabic_stripped
ينتصح,yintasi7,yintisi7,False,5,8,0-9,0-9,arabic_stripped
ازعج,2iz3ij,2iz3aj,False,4,6,0-9,0-9,arabic_stripped
لون,loon,lawwan,False,3,4,0-9,0-9,arabic_stripped
فالج,faalij,faalij,True,4,6,0-9,0-9,arabic_stripped
طمطمة,tamtame,tamtame,True,5,7,0-9,0-9,arabic_stripped
بير,biir,bayyir,False,3,4,0-9,0-9,arabic_stripped
تمنيك,tmanyak,tamniik,False,5,7,0-9,0-9,arabic_stripped
يهدي,yihdi,yhaddi,False,4,5,0-9,0-9,arabic_stripped
مرقم,mraqqam,mraqqam,True,4,7,0-9,0-9,arabic_stripped
سلق,salaq,salliq,False,3,5,0-9,0-9,arabic_stripped
سم الهاري,samm 2ilhaari,samm 2ilhayir,False,9,13,0-9,10-19,arabic_stripped
باب,baab,baab,True,3,4,0-9,0-9,arabic_stripped
متزعزع,mitza3zi3,mitza3zi3,True,6,9,0-9,0-9,arabic_stripped
يتلجم,yitlajjam,yitlajjam,True,5,9,0-9,0-9,arabic_stripped
يتريض,yitrayyad,yitrayyad,True,5,9,0-9,0-9,arabic_stripped
حيانة فيه,7yaane,7ayyaane fiiha,False,9,6,0-9,0-9,arabic_stripped
تشوش,tshawwash,tshawwash,True,4,9,0-9,0-9,arabic_stripped
فركش,farkish,farkash,False,4,7,0-9,0-9,arabic_stripped
يغذي,yghazzi,yghazzi,True,4,7,0-9,0-9,arabic_stripped
حصرم,7asram,7asram,True,4,6,0-9,0-9,arabic_stripped
جهم,jihim,jahham,False,3,5,0-9,0-9,arabic_stripped
مفاجأة,mufaaja2a,mfaaja2a,False,6,9,0-9,0-9,arabic_stripped
انزطم,2inzitim,2inzatam,False,5,8,0-9,0-9,arabic_stripped
كفكف,kafkaf,kafkaf,True,4,6,0-9,0-9,arabic_stripped
أكل قتلة,2akil qatle,2akal qattil,False,8,11,0-9,10-19,arabic_stripped
قنارة,qinnaara,qanaara,False,5,8,0-9,0-9,arabic_stripped
كلف,kallaf,kallif,False,3,6,0-9,0-9,arabic_stripped
سجاجيد,sajaajiid,sajaajiid,True,6,9,0-9,0-9,arabic_stripped
صرافة,sraafe,sarraafe,False,5,6,0-9,0-9,arabic_stripped
انقطف,2inqataf,2inqataf,True,5,8,0-9,0-9,arabic_stripped
يتمايص,yitmaayas,yitmaayas,True,6,9,0-9,0-9,arabic_stripped
ناقض,naaqid,naaqid,True,4,6,0-9,0-9,arabic_stripped
استودع,2istawda3,2istawdi3,False,6,9,0-9,0-9,arabic_stripped
مورنش,mwarnash,mwarnish,False,5,8,0-9,0-9,arabic_stripped
جعل,ja3al,ja33il,False,3,5,0-9,0-9,arabic_stripped
يسايس,ysaayis,ysaayis,True,5,7,0-9,0-9,arabic_stripped
حك,7akk,7ikk,False,2,4,0-9,0-9,arabic_stripped
اندهش,2indahash,2indahash,True,5,9,0-9,0-9,arabic_stripped
بحرة,ba7ra,ba7ra,True,4,5,0-9,0-9,arabic_stripped
تكمكم,tkamkam,tkamkam,True,5,7,0-9,0-9,arabic_stripped
صلى,salli,salla,False,3,5,0-9,0-9,arabic_stripped
غاظ,ghaaz,ghaaz,True,3,5,0-9,0-9,arabic_stripped
زي الحصان,zayy 2ili7saan,zayy 2il7aasin,False,9,14,0-9,10-19,arabic_stripped
قفوة,qafwe,qaffuu,False,4,5,0-9,0-9,arabic_stripped
معطي وجه,ma3ti wijih,ma3ti wijho,False,8,11,0-9,10-19,arabic_stripped
مبلل,mballal,mballil,False,4,7,0-9,0-9,arabic_stripped
سلم,sullam,sallim,False,3,6,0-9,0-9,arabic_stripped
يستقصي,yistaqsi,yistaqsi,True,6,8,0-9,0-9,arabic_stripped
اتيتم,2ityattam,2ityattam,True,5,9,0-9,0-9,arabic_stripped
تعمد,t3ammad,t3ammad,True,4,7,0-9,0-9,arabic_stripped
يمحي,yma77ir,yim7i,False,4,7,0-9,0-9,arabic_stripped
تقضاية,tiqdaaye,tiqdaaye,True,6,8,0-9,0-9,arabic_stripped
يمزلق,ymazliq,ymazliq,True,5,7,0-9,0-9,arabic_stripped
يتكفف,yitkaffaf,yitkaffaf,True,5,9,0-9,0-9,arabic_stripped
نفسه دنيئة,nafso danii2a,nifso dii2ayye,False,10,13,10-19,10-19,arabic_stripped
عيش يا كديش,3iish yaa kdiish,3eesh yaa daak,False,11,16,10-19,10-19,arabic_stripped
حيط,7iit,7ayyit,False,3,4,0-9,0-9,arabic_stripped
نيم البضاعة,nayyam 2ilibdaa3a,niim 2ilbadaa3a,False,11,17,10-19,10-19,arabic_stripped
يطس,ytuss,ytuss,True,3,5,0-9,0-9,arabic_stripped
يروح,yrawwi7,yrawwi7,True,4,7,0-9,0-9,arabic_stripped
قناعة,qanaa3a,qanaa3a,True,5,7,0-9,0-9,arabic_stripped
موافقة,waafaqa,mwaafaqa,False,6,7,0-9,0-9,arabic_stripped
نعى,na3a,na33a,False,3,4,0-9,0-9,arabic_stripped
عذري,3uzri,3azari,False,4,5,0-9,0-9,arabic_stripped
تبهبط,tbahbat,tbahbat,True,5,7,0-9,0-9,arabic_stripped
تولد,twallad,twallad,True,4,7,0-9,0-9,arabic_stripped
يقصول,yqaswil,yqaswil,True,5,7,0-9,0-9,arabic_stripped
عفص,3afas,3affis,False,3,5,0-9,0-9,arabic_stripped
توفر,twaffar,twaffar,True,4,7,0-9,0-9,arabic_stripped
مضاعف,mudaa3af,mudaa3if,False,5,8,0-9,0-9,arabic_stripped
يقوبع,ygoobi3,yqoobi3,False,5,7,0-9,0-9,arabic_stripped
يتركب,yitrakkab,yitrakkab,True,5,9,0-9,0-9,arabic_stripped
يحلل,y7allil,yi7lil,False,4,7,0-9,0-9,arabic_stripped
سخن,sakhkhan,sakhkhin,False,3,8,0-9,0-9,arabic_stripped
يتلاكم,yitlaakam,yitlaakam,True,6,9,0-9,0-9,arabic_stripped
دموع التماسيح,dmuu3 2ittamaasii7,dammuu3 2ista7iim,False,13,18,10-19,10-19,arabic_stripped
يسهي,ysahhi,yishi,False,4,6,0-9,0-9,arabic_stripped
حواريق,7awaariiq,7awaariiq,True,6,9,0-9,0-9,arabic_stripped
ارجو,2irju,2irju,True,4,5,0-9,0-9,arabic_stripped
لغم,laghgham,laghgham,True,3,8,0-9,0-9,arabic_stripped
يتكشح,yitkashsha7,yitkashsha7,True,5,11,0-9,10-19,arabic_stripped
حل عن وجهي,7ill 3an wijhi,7all 3an wijhi,False,10,14,10-19,10-19,arabic_stripped
ادرج,2idrij,2idruj,False,4,6,0-9,0-9,arabic_stripped
ميل,mayyal,mayyal,True,3,6,0-9,0-9,arabic_stripped
كنعشة,kan3ashe,kan3ashe,True,5,8,0-9,0-9,arabic_stripped
متلقح,mitlaqqi7,mitlaqqi7,True,5,9,0-9,0-9,arabic_stripped
قيطان,qiitaan,qiitaan,True,5,7,0-9,0-9,arabic_stripped
نوافيخ,nawaafiikh,nawaafiikh,True,6,10,0-9,10-19,arabic_stripped
ايقاع,2iiqaa3,2iiqaa3,True,5,7,0-9,0-9,arabic_stripped
الله لايحرمني منك,2alla laa yi7rimni minnak,2alla laayim7aneer kin,False,17,25,10-19,20-29,arabic_stripped
اتحرود,2it7arwad,2it7arwad,True,6,9,0-9,0-9,arabic_stripped
مهلبية,mhallabiyye,mahlabiyye,False,6,11,0-9,10-19,arabic_stripped
يجتهد,yijtahid,yijtihid,False,5,8,0-9,0-9,arabic_stripped
دنو,dunu,danu,False,3,4,0-9,0-9,arabic_stripped
اتشعبط,2itsha3bat,2itsha3bat,True,6,10,0-9,10-19,arabic_stripped
فاتح صدره,faati7 sidro,faati7 sidro,True,9,12,0-9,10-19,arabic_stripped
دياثة,dayaasa,diisaaye,False,5,7,0-9,0-9,arabic_stripped
زاحم,zaa7im,zaa7im,True,4,6,0-9,0-9,arabic_stripped
مرح,miri7,marri7,False,3,5,0-9,0-9,arabic_stripped
استفسر,2istafsir,2istafsir,True,6,9,0-9,0-9,arabic_stripped
شيك,shayyak,shayyik,False,3,7,0-9,0-9,arabic_stripped
مطاردة,mutaarade,mtaarade,False,6,9,0-9,0-9,arabic_stripped
يرافس,yraafis,yraafis,True,5,7,0-9,0-9,arabic_stripped
يورجي,ywarji,ywarji,True,5,6,0-9,0-9,arabic_stripped
يقحط,yqa77it,yiq7at,False,4,7,0-9,0-9,arabic_stripped
اقطب,2uqtub,2uqtub,True,4,6,0-9,0-9,arabic_stripped
لفع,lafa3,laffa3,False,3,5,0-9,0-9,arabic_stripped
اتخشط,2itkhashshat,2itkhashshat,True,5,12,0-9,10-19,arabic_stripped
جاحد,jaa7id,jaa7id,True,4,6,0-9,0-9,arabic_stripped
نشف,nishif,nashshif,False,3,6,0-9,0-9,arabic_stripped
يماحك,ymaa7ik,ymaa7ik,True,5,7,0-9,0-9,arabic_stripped
ملاقط,malaaqit,malaatiq,False,5,8,0-9,0-9,arabic_stripped
يعرمط,y3armit,y3armit,True,5,7,0-9,0-9,arabic_stripped
اللي سبق شم الحبق,2illi sabaq shamm 2il7abaq,2illi bshaq msaa7 2illaq,False,17,26,10-19,20-29,arabic_stripped
تدعبب,2idda3bab,2idda3bab,True,5,9,0-9,0-9,arabic_stripped
كعكوز,ka3kooz,ka3kuuz,False,5,7,0-9,0-9,arabic_stripped
فارق,faaraq,faariq,False,4,6,0-9,0-9,arabic_stripped
ينعنش,yna3nish,yin3inish,False,5,8,0-9,0-9,arabic_stripped
ورق,waraq,warraq,False,3,5,0-9,0-9,arabic_stripped
ناتع,naati3,naati3,True,4,6,0-9,0-9,arabic_stripped
أشجار,2ashjaar2asjaar,2ashjaar,False,5,15,0-9,10-19,arabic_stripped
ناغرية,naaghriyye,naaghriyye,True,6,10,0-9,10-19,arabic_stripped
فوط,fuwat,fawwit,False,3,5,0-9,0-9,arabic_stripped
ينقمص,yinqimis,yinqisim,False,5,8,0-9,0-9,arabic_stripped
يعقب,y3aqqib,y3aqqib,True,4,7,0-9,0-9,arabic_stripped
يحيف,y7ayyif,y7ayyif,True,4,7,0-9,0-9,arabic_stripped
ينخفي,yinkhifi,yinkhifi,True,5,8,0-9,0-9,arabic_stripped
أكل راسه الشيب,2akal raaso 2ishsheeb,2akal raashi 2illabee,False,14,21,10-19,20-29,arabic_stripped
فلع,fala3,falli3,False,3,5,0-9,0-9,arabic_stripped
طناطيش,tanaatiish,tanaatiish,True,6,10,0-9,10-19,arabic_stripped
اهمط,2ihmat,2uhmut,False,4,6,0-9,0-9,arabic_stripped
وثق,wisiq,wassaq,False,3,5,0-9,0-9,arabic_stripped
يم,yamm,ym,False,2,4,0-9,0-9,arabic_stripped
لح,la77,li77,False,2,4,0-9,0-9,arabic_stripped
أوحى,2aw7a,2aw7a,True,4,5,0-9,0-9,arabic_stripped
مهام,mahaam,mahaam,True,4,6,0-9,0-9,arabic_stripped
قرصته والقبر,qarsito wilqabir,qarso witilqur,False,12,16,10-19,10-19,arabic_stripped
يستقل,yistaqall,yistaqill,False,5,9,0-9,0-9,arabic_stripped
طهقان,tah2aan,thaqaan,False,5,7,0-9,0-9,arabic_stripped
مقرقط,mqarqit,mqarqit,True,5,7,0-9,0-9,arabic_stripped
متر,mattir,mattar,False,3,6,0-9,0-9,arabic_stripped
إعفاء,2i3faa2,2i3faa2,True,5,7,0-9,0-9,arabic_stripped
هسهس,hishis,hashas,False,4,6,0-9,0-9,arabic_stripped
يفند,yfannid,yfannid,True,4,7,0-9,0-9,arabic_stripped
استدعي,2istad3i,2istad3i,True,6,8,0-9,0-9,arabic_stripped
عالحفة,3al 7iffe,3al7afe,False,6,9,0-9,0-9,arabic_stripped
جرب,jarrib,jarrab,False,3,6,0-9,0-9,arabic_stripped
تصعب,tsa33ab,tsa33ab,True,4,7,0-9,0-9,arabic_stripped
نمط,nammat,nammit,False,3,6,0-9,0-9,arabic_stripped
احتقن,2i7tiqin,2i7taqan,False,5,8,0-9,0-9,arabic_stripped
اقطر,2uqtur,2uqtur,True,4,6,0-9,0-9,arabic_stripped
يؤكد,y2akkid,y2akkid,True,4,7,0-9,0-9,arabic_stripped
توهان,tawahaan,twahhaan,False,5,8,0-9,0-9,arabic_stripped
أبو صرة,2abu surra,2abu rasa,False,7,10,0-9,10-19,arabic_stripped
انضج,2induj,2indajj,False,4,6,0-9,0-9,arabic_stripped
علما,3alma,3ilma,False,4,5,0-9,0-9,arabic_stripped
عباطة,3abaata,3abaata,True,5,7,0-9,0-9,arabic_stripped
روتش,rootash,rootish,False,4,7,0-9,0-9,arabic_stripped
يوسع,ywassi3,ywassi3,True,4,7,0-9,0-9,arabic_stripped
فرفحة,farfa7a,farfa7a,True,5,7,0-9,0-9,arabic_stripped
مكون,mukawwan,makwin,False,4,8,0-9,0-9,arabic_stripped
عشم,3ashsham,3ashshim,False,3,8,0-9,0-9,arabic_stripped
يتناسل,yitnaasal,yitnaasal,True,6,9,0-9,0-9,arabic_stripped
كتف,kattaf,kattif,False,3,6,0-9,0-9,arabic_stripped
راح هيك ولا هيك,raa7 heek wuheek,raa7o yaak lawak,False,15,16,10-19,10-19,arabic_stripped
اسلك,2usluk,2isluk,False,4,6,0-9,0-9,arabic_stripped
انخذل,2inkhazal,2inkhizil,False,5,9,0-9,0-9,arabic_stripped
يعاين,y3aayin,y3aayin,True,5,7,0-9,0-9,arabic_stripped
تأنق,t2annaq,t2annaq,True,4,7,0-9,0-9,arabic_stripped
يلهم,yilhim,ylahhim,False,4,6,0-9,0-9,arabic_stripped
جعان,ja3aan,ja33aan,False,4,6,0-9,0-9,arabic_stripped
انحت,2in7at,2in7att,False,4,6,0-9,0-9,arabic_stripped
اتقطم,2itqattam,2itqattam,True,5,9,0-9,0-9,arabic_stripped
تحشر,t7ashshar,t7ashshar,True,4,9,0-9,0-9,arabic_stripped
تمرجل,tmarjal,tmarjal,True,5,7,0-9,0-9,arabic_stripped
قروصة,qarwase,qarsuusa,False,5,7,0-9,0-9,arabic_stripped
مصطريم,mastariim,mastariim,True,6,9,0-9,0-9,arabic_stripped
مديد,madiid,mdayyid,False,4,6,0-9,0-9,arabic_stripped
افحم,2if7im,2if7am,False,4,6,0-9,0-9,arabic_stripped
طيع,tii3,tayyi3,False,3,4,0-9,0-9,arabic_stripped
يفرز,yifriz,yfarriz,False,4,6,0-9,0-9,arabic_stripped
يتجيد,yitjayyad,yitjayyad,True,5,9,0-9,0-9,arabic_stripped
روتش,rootish,rootish,True,4,7,0-9,0-9,arabic_stripped
جيد,jayyid,jiid,False,3,6,0-9,0-9,arabic_stripped
بالعادة,bil3aade,bil3aade,True,7,8,0-9,0-9,arabic_stripped
تقييلة الرعيان,taqyiilit 2irru3yaan,qaniile 2il3atiir,False,14,20,10-19,20-29,arabic_stripped
مخيم,mukhayyam,mkhayyim,False,4,9,0-9,0-9,arabic_stripped
الحية مابتصير خية,2il7ayye maa bitsiir khayye,2il7iyaa ma btisiirikhe,False,17,27,10-19,20-29,arabic_stripped
إيش معنى,2ish ma3na,2iish ma3na,False,8,10,0-9,10-19,arabic_stripped
وفود,wufuud,wafwad,False,4,6,0-9,0-9,arabic_stripped
سمن,samman,sammin,False,3,6,0-9,0-9,arabic_stripped
بهجة,bahje,bahje,True,4,5,0-9,0-9,arabic_stripped
تشلع,tshalla3,tshalla3,True,4,8,0-9,0-9,arabic_stripped
فوائد,fawaa2id,fawaa2id,True,5,8,0-9,0-9,arabic_stripped
اتشبع,2itshabba3,2itshabba3,True,5,10,0-9,10-19,arabic_stripped
قصب,qasab,qassab,False,3,5,0-9,0-9,arabic_stripped
كسالى,kasaala,kasaala,True,5,7,0-9,0-9,arabic_stripped
يفزع,yifza3,yfazzi3,False,4,6,0-9,0-9,arabic_stripped
انلزع,2inlaza3,2inlizi3,False,5,8,0-9,0-9,arabic_stripped
اتنشن,2itnashshan,2itnashshan,True,5,11,0-9,10-19,arabic_stripped
قمم,qimam,qammim,False,3,5,0-9,0-9,arabic_stripped
يحرم,yi7ram,y7arrim,False,4,6,0-9,0-9,arabic_stripped
انفرد,2infirid,2infarad,False,5,8,0-9,0-9,arabic_stripped
خاطر,khaatar,khaatir,False,4,7,0-9,0-9,arabic_stripped
يقحص,yiq7as,yiq7as,True,4,6,0-9,0-9,arabic_stripped
يفغر,yifghar,yfaghghir,False,4,7,0-9,0-9,arabic_stripped
يردع,yirda3,yirda3,True,4,6,0-9,0-9,arabic_stripped
خسف,khasaf,khassif,False,3,6,0-9,0-9,arabic_stripped
حابب,7aabib,7aabib,True,4,6,0-9,0-9,arabic_stripped
طوب,tawwab,tawwib,False,3,6,0-9,0-9,arabic_stripped
حلو,7ilu,7alwa,False,3,4,0-9,0-9,arabic_stripped
تقردن,tqardan,tqardan,True,5,7,0-9,0-9,arabic_stripped
نحر,na7ir,na77ir,False,3,5,0-9,0-9,arabic_stripped
مجانين,majaaniin,majaaniin,True,6,9,0-9,0-9,arabic_stripped
مياته معاليات,mayyaato m3aalyaat,mayyaato ma3ti,False,13,18,10-19,10-19,arabic_stripped
مسح,massa7,massa7,True,3,6,0-9,0-9,arabic_stripped
جرادين,jaraadiin,jaradiin,False,6,9,0-9,0-9,arabic_stripped
اترخص,2itrakhkhas,2itrakhkhas,True,5,11,0-9,10-19,arabic_stripped
حافظ,7aafiz,7aafiz,True,4,6,0-9,0-9,arabic_stripped
تدهول على عينه,2iddahwal 3ala 3eeno,tadhuul 3aleeno,False,14,20,10-19,20-29,arabic_stripped
نعنشة,na3nashe,na3nashe,True,5,8,0-9,0-9,arabic_stripped
بطابط,bataabit,bataabit,True,5,8,0-9,0-9,arabic_stripped
يلدع,yilda3,yilda3,True,4,6,0-9,0-9,arabic_stripped
كعكة,ka3ke,ka3ke,True,4,5,0-9,0-9,arabic_stripped
نصية,nussiyye,nasiyye,False,4,8,0-9,0-9,arabic_stripped
نغنغ,naghnagh,naghnigh,False,4,8,0-9,0-9,arabic_stripped
يشبط,yushbut,yshabbit,False,4,7,0-9,0-9,arabic_stripped
مطلوب,matluub,matluub,True,5,7,0-9,0-9,arabic_stripped
يبحث,yib7as,yba77is,False,4,6,0-9,0-9,arabic_stripped
حسبن,7asbin,7asban,False,4,6,0-9,0-9,arabic_stripped
قارح,qaari7,qaari7,True,4,6,0-9,0-9,arabic_stripped
انهجر,2inhajar,2inhijir,False,5,8,0-9,0-9,arabic_stripped
يدلل,ydallil,ydallil,True,4,7,0-9,0-9,arabic_stripped
اشرك,2ishrik,2ushruk,False,4,7,0-9,0-9,arabic_stripped
قارب,qaarab,qaarib,False,4,6,0-9,0-9,arabic_stripped
عزران,3izraan,za3raan,False,5,7,0-9,0-9,arabic_stripped
مجاهد,mujaahid,majaahid,False,5,8,0-9,0-9,arabic_stripped
مزقرق,2imzaqriq,mzaqriq,False,5,9,0-9,0-9,arabic_stripped
البسة بتوكل عشاه,2ilbisse btookil 3ashaa,2ilbisibse bit3akuuh 2ilhasha,False,16,23,10-19,20-29,arabic_stripped
تهضم,thaddam,thaddam,True,4,7,0-9,0-9,arabic_stripped
ثمرة,thamara,thamra,False,4,7,0-9,0-9,arabic_stripped
در,durr,durr,True,2,4,0-9,0-9,arabic_stripped
بسطة,basta,basta,True,4,5,0-9,0-9,arabic_stripped
بسبس,basbis,basbas,False,4,6,0-9,0-9,arabic_stripped
مذهب,mdahhab,mhadhhib,False,4,7,0-9,0-9,arabic_stripped
تفاقم,tafaaqum,tfaaqam,False,5,8,0-9,0-9,arabic_stripped
فتح,fitih,fatti7,False,3,5,0-9,0-9,arabic_stripped
حامل بطنه عظهره,7aamil batno 3adahro,7aazzil bit3o mino,False,15,20,10-19,20-29,arabic_stripped
مستسلم,mustaslim,mistaslim,False,6,9,0-9,0-9,arabic_stripped
ناهي,naahi,naahi,True,4,5,0-9,0-9,arabic_stripped
دجل,dajjal,dajjil,False,3,6,0-9,0-9,arabic_stripped
فقع,faqqi3,faqqa3,False,3,6,0-9,0-9,arabic_stripped
تقطب,tqattab,tqattab,True,4,7,0-9,0-9,arabic_stripped
ناكف,naakaf,naakif,False,4,6,0-9,0-9,arabic_stripped
حلس,7alas,7allis,False,3,5,0-9,0-9,arabic_stripped
يدرك,yidrik,ydarrik,False,4,6,0-9,0-9,arabic_stripped
لقح,laqqi7,laqqa7,False,3,6,0-9,0-9,arabic_stripped
يمتد,yimtadd,yimtid,False,4,7,0-9,0-9,arabic_stripped
ضارب,daarib,daarib,True,4,6,0-9,0-9,arabic_stripped
حرق راسه,7araq raaso,7araq raaso,True,8,11,0-9,10-19,arabic_stripped
مخط,makhkhat,makhkhat,True,3,8,0-9,0-9,arabic_stripped
موتة,moote,moote,True,4,5,0-9,0-9,arabic_stripped
زرع,zara3,zarra3,False,3,5,0-9,0-9,arabic_stripped
يكعوش,yka3wish,yka3wish,True,5,8,0-9,0-9,arabic_stripped
حجاج,7ujjaaj,7jaaj,False,4,7,0-9,0-9,arabic_stripped
قطاع,qattaa3,qattaa3,True,4,7,0-9,0-9,arabic_stripped
نثر,nathar,nathir,False,3,6,0-9,0-9,arabic_stripped
مغاطس,maghaatis,maghaatis,True,5,9,0-9,0-9,arabic_stripped
ينكسح,yinkisi7,yinkisi7,True,5,8,0-9,0-9,arabic_stripped
سعدان,sa3daan,sa3daan,True,5,7,0-9,0-9,arabic_stripped
يتصافى,yitsaafa,yitsaafa,True,6,8,0-9,0-9,arabic_stripped
جازع,jaazi3,jaazi3,True,4,6,0-9,0-9,arabic_stripped
افشي,2ifshi,2ifshi,True,4,6,0-9,0-9,arabic_stripped
عيدية,3iidiyye,3iidiye,False,5,8,0-9,0-9,arabic_stripped
فلوس حلال,fluus 7alaal,falluus 7ala,False,9,12,0-9,10-19,arabic_stripped
نقح,naqqa7,naqqi7,False,3,6,0-9,0-9,arabic_stripped
يديح,ydayyi7,ydii7,False,4,7,0-9,0-9,arabic_stripped
هب,habb,habb,True,2,4,0-9,0-9,arabic_stripped
سكر,sukkar,sakkir,False,3,6,0-9,0-9,arabic_stripped
تحية,ta7iyye,ta7iye,False,4,7,0-9,0-9,arabic_stripped
يحلف,yi7lif,yi7lif,True,4,6,0-9,0-9,arabic_stripped
العدو مابيصير حبيب والحمار مابيصير طبيب,2il3adu maa bisiir 7abiib wili7maar maa bisiir tabiib,2il3aduud maa bira yisi7 biruutr maabiii7 2ib,False,39,53,30-39,50-59,arabic_stripped
لبخ,labbikh,labbakh,False,3,7,0-9,0-9,arabic_stripped
معمول,ma3muul,ma3muul,True,5,7,0-9,0-9,arabic_stripped
زعموط,za3muut,za3muut,True,5,7,0-9,0-9,arabic_stripped
اتطعم,2itta33am,2itta33am,True,5,9,0-9,0-9,arabic_stripped
تزهرم,tzahram,tzahram,True,5,7,0-9,0-9,arabic_stripped
اتلقف,2itlaqqaf,2itlaqqaf,True,5,9,0-9,0-9,arabic_stripped
ادبش,2idbish,2idbash,False,4,7,0-9,0-9,arabic_stripped
راق,raaq,raaq,True,3,4,0-9,0-9,arabic_stripped
ممحون,mam7uun,mam7uun,True,5,7,0-9,0-9,arabic_stripped
روشان,rooshaan,rooshaan,True,5,8,0-9,0-9,arabic_stripped
خطب,khattab,khattab,True,3,7,0-9,0-9,arabic_stripped
مفنوس,mafnuus,mafnuus,True,5,7,0-9,0-9,arabic_stripped
نكف,nakaf,nakkif,False,3,5,0-9,0-9,arabic_stripped
يصرف,yisrif,yusruf,False,4,6,0-9,0-9,arabic_stripped
صوفية,suufiyye,suufiyye,True,5,8,0-9,0-9,arabic_stripped
تحسكن,t7askan,t7askan,True,5,7,0-9,0-9,arabic_stripped
تفلخ,tfallakh,tfallakh,True,4,8,0-9,0-9,arabic_stripped
رضا,rida,rada,False,3,4,0-9,0-9,arabic_stripped
متشائم,mitshaa2im,mitshaa2im,True,6,10,0-9,10-19,arabic_stripped
سيارة الخنفساء,sayyaarit 2ilkhunfasa,sii2araafe 2insakhil,False,14,21,10-19,20-29,arabic_stripped
تناظف,tnaadaf,tnaadaf,True,5,7,0-9,0-9,arabic_stripped
يقاول,yqaawil,yqaawil,True,5,7,0-9,0-9,arabic_stripped
نقرشة,naqrashe,naqrashe,True,5,8,0-9,0-9,arabic_stripped
اتحصحص,2it7as7as,2it7as7as,True,6,9,0-9,0-9,arabic_stripped
كعك مخمر,mkhammar mkhammar,ka3ak mkhammar,False,8,17,0-9,10-19,arabic_stripped
منابت,manaabit,manaabit,True,5,8,0-9,0-9,arabic_stripped
يتدردب,yiddardab,yiddardab,True,6,9,0-9,0-9,arabic_stripped
مثل المالك الحزين,mitil 2ilmaalik 2il7aziin,mitil 2ilmaa7in kizlaak,False,17,25,10-19,20-29,arabic_stripped
مرور,muruur,mrawwir,False,4,6,0-9,0-9,arabic_stripped
يخدع,yikhda3,yikhda3,True,4,7,0-9,0-9,arabic_stripped
تورد,twarrad,twarrad,True,4,7,0-9,0-9,arabic_stripped
يتحامل,yit7aamal,yit7aamal,True,6,9,0-9,0-9,arabic_stripped
قرب,qirab,qarrab,False,3,5,0-9,0-9,arabic_stripped
زهقني عيشتي,zahhaqni 3iishti,zahqiin 3eeto,False,11,16,10-19,10-19,arabic_stripped
خمج,khammij,khammij,True,3,7,0-9,0-9,arabic_stripped
املك,2imlik,2imlik,True,4,6,0-9,0-9,arabic_stripped
تنكري,tanakkuri,tankiir,False,5,9,0-9,0-9,arabic_stripped
لوص,lawwis,lawwis,True,3,6,0-9,0-9,arabic_stripped
خمش,khammash,khammish,False,3,8,0-9,0-9,arabic_stripped
يتخرق,yitkharraq,yitkharraq,True,5,10,0-9,10-19,arabic_stripped
انرق,2inraqq,2inraqq,True,4,7,0-9,0-9,arabic_stripped
استغابة,2istighaabe,2istighbaa,False,7,11,0-9,10-19,arabic_stripped
اتقاعد,2itqaa3ad,2itqaa3ad,True,6,9,0-9,0-9,arabic_stripped
تزعم,tza33am,tza33am,True,4,7,0-9,0-9,arabic_stripped
انهق,2inhaq,2inhaqq,False,4,6,0-9,0-9,arabic_stripped
تقصيب,taqsiib,taqsiib,True,5,7,0-9,0-9,arabic_stripped
حرف,7arraf,7arrif,False,3,6,0-9,0-9,arabic_stripped
جنازة,jnaaze,janaaze,False,5,6,0-9,0-9,arabic_stripped
أذاع,2azaa3,2adaa3,False,4,6,0-9,0-9,arabic_stripped
يتقاطب,yitqaatab,yitqaatab,True,6,9,0-9,0-9,arabic_stripped
يطبخ,ytabbikh,ytabbikh,True,4,8,0-9,0-9,arabic_stripped
استقصد,2istaqsid,2istaqsid,True,6,9,0-9,0-9,arabic_stripped
طارر,taarir,taarir,True,4,6,0-9,0-9,arabic_stripped
طين,tiin,tayyin,False,3,4,0-9,0-9,arabic_stripped
ينشب,yinshib,yinshabb,False,4,7,0-9,0-9,arabic_stripped
أطوال,2atwaal,2atwaal,True,5,7,0-9,0-9,arabic_stripped
يفرك,yfarrik,yfarrik,True,4,7,0-9,0-9,arabic_stripped
يحسم,yi7sim,yi7sim,True,4,6,0-9,0-9,arabic_stripped
شمال,shamaal,shammaal,False,4,7,0-9,0-9,arabic_stripped
اتعثر,2it3attar,2it3attar,True,5,9,0-9,0-9,arabic_stripped
يدلهم,ydalhim,ydalhim,True,5,7,0-9,0-9,arabic_stripped
إجرين,2ijreen,2ijriin,False,5,7,0-9,0-9,arabic_stripped
توعك,twa33ak,twa33ak,True,4,7,0-9,0-9,arabic_stripped
حباريق,7abaariiq,7abaariiq,True,6,9,0-9,0-9,arabic_stripped
كريصة,kurreese,kriisa,False,5,8,0-9,0-9,arabic_stripped
تعكر,t3akkar,t3akkar,True,4,7,0-9,0-9,arabic_stripped
يتسرسب,yitsarsab,yitsarsab,True,6,9,0-9,0-9,arabic_stripped
صاحب مصلحة,saa7ib masla7a,saa7ib msal7a,False,10,14,10-19,10-19,arabic_stripped
اتهجر,2ithajjar,2ithajjar,True,5,9,0-9,0-9,arabic_stripped
طوع,tawwa3,tawwi3,False,3,6,0-9,0-9,arabic_stripped
كحاريت,ka7aariit,ka7aariit,True,6,9,0-9,0-9,arabic_stripped
ممصوع,mamsuu3,masmuu3,False,5,7,0-9,0-9,arabic_stripped
مخرج,mukhrij,mkharrij,False,4,7,0-9,0-9,arabic_stripped
شقي,shiqi,shaqi,False,3,5,0-9,0-9,arabic_stripped
يرجم,yurjum,yrajjim,False,4,6,0-9,0-9,arabic_stripped
يتوسط,yitwassat,yitwassat,True,5,9,0-9,0-9,arabic_stripped
مضى,madda,madda,True,3,5,0-9,0-9,arabic_stripped
تنتف,tantaf,tnattaf,False,4,6,0-9,0-9,arabic_stripped
فافي,faafi,faafi,True,4,5,0-9,0-9,arabic_stripped
أذونة,2uzuune,2adwane,False,5,7,0-9,0-9,arabic_stripped
يمرص,yumrus,yumrus,True,4,6,0-9,0-9,arabic_stripped
اقتني,2iqtini,2iqtini,True,5,7,0-9,0-9,arabic_stripped
لو توقف الجاجة عإجر,law tuuqaf 2iljaaje 3a 2ijir,law tfaqq 2iljaarje 2il3a,False,19,28,10-19,20-29,arabic_stripped
ارتباط,2irtibaat,2irtibaat,True,6,9,0-9,0-9,arabic_stripped
نتف,nataf,nattif,False,3,5,0-9,0-9,arabic_stripped
وجه المخدة,wijih 2ilimkhadde,wijho malaade,False,10,17,10-19,10-19,arabic_stripped
انهي,2inhi,2inhi,True,4,5,0-9,0-9,arabic_stripped
دلال,dalaal,dallaal,False,4,6,0-9,0-9,arabic_stripped
عجروم,3ajruum,dja3ruum,False,5,7,0-9,0-9,arabic_stripped
محذوف,ma7zuuf,ma7zuuf,True,5,7,0-9,0-9,arabic_stripped
مهرجل,mhargil,mhargil,True,5,7,0-9,0-9,arabic_stripped
مخول,mukhawwal,makhwil,False,4,9,0-9,0-9,arabic_stripped
اولف,2uulif,2uulif,True,4,6,0-9,0-9,arabic_stripped
سيئ,sii2,sii2,True,3,4,0-9,0-9,arabic_stripped
جلوة,jalwe,jluule,False,4,5,0-9,0-9,arabic_stripped
السنة ورا الباب,2issane wara 2ilbaab,2ilsane wirab 2ilbaara,False,15,20,10-19,20-29,arabic_stripped
رجاء,rajaa2,rijaa2,False,4,6,0-9,0-9,arabic_stripped
محجب,m7ajjab,m7ajjib,False,4,7,0-9,0-9,arabic_stripped
يجردم,yjardim,yjardim,True,5,7,0-9,0-9,arabic_stripped
استحمال,2isti7maal,2isti7maal,True,7,10,0-9,10-19,arabic_stripped
تفتحش علي باب,tifta7ish 3alay baab,taffa7 sha3ti balabeeb,False,13,20,10-19,20-29,arabic_stripped
داوم,daawam,daawim,False,4,6,0-9,0-9,arabic_stripped
ينفس,ynaffis,ynaffis,True,4,7,0-9,0-9,arabic_stripped
شايب,shaayib,shaayib,True,4,7,0-9,0-9,arabic_stripped
استمر,2istamar,2istamarr,False,5,8,0-9,0-9,arabic_stripped
خص,khuss,khass,False,2,5,0-9,0-9,arabic_stripped
أزعم,2az3am,2az3am,True,4,6,0-9,0-9,arabic_stripped
تقاوى,tqaawa,tqaawa,True,5,6,0-9,0-9,arabic_stripped
منظور,manzuur,manzuur,True,5,7,0-9,0-9,arabic_stripped
استرحام,2istir7aam,2istir7aam,True,7,10,0-9,10-19,arabic_stripped
ضعضع,da3di3,da3da3,False,4,6,0-9,0-9,arabic_stripped
ممعوص,mam3uus,mam3uus,True,5,7,0-9,0-9,arabic_stripped
حكم الهدهد,7ukmil hudhud,7akam 2iddo,False,10,13,10-19,10-19,arabic_stripped
انهمض,2inhamid,2inhadam,False,5,8,0-9,0-9,arabic_stripped
أفعال,2af3aal,2af3aal,True,5,7,0-9,0-9,arabic_stripped
نام على غمره,naam 3ala ghimro,naam 3ala ghammaro,False,12,16,10-19,10-19,arabic_stripped
لوش,lawwish,lawwish,True,3,7,0-9,0-9,arabic_stripped
جمل,jumal,jammil,False,3,5,0-9,0-9,arabic_stripped
عمى ضوه,3ama dawwo,3ama wuda,False,7,10,0-9,10-19,arabic_stripped
غرضه مش شريف,gharado mush shariif,gharafo mshari,False,12,20,10-19,20-29,arabic_stripped
خرابيش جاج,kharaabiish jaaj,kharaabi shaj,False,10,16,10-19,10-19,arabic_stripped
كايد,kaayid,kaayid,True,4,6,0-9,0-9,arabic_stripped
يتدسكر,yiddaskar,yiddaskar,True,6,9,0-9,0-9,arabic_stripped
كحوش,ka7wish,ka7wish,True,4,7,0-9,0-9,arabic_stripped
فوش,fuush,fawwish,False,3,5,0-9,0-9,arabic_stripped
كنز,kanaz,kanniz,False,3,5,0-9,0-9,arabic_stripped
تشليخ,tashliikh,tashliikh,True,5,9,0-9,0-9,arabic_stripped
يترغل,ytarghil,yitraghghal,False,5,8,0-9,0-9,arabic_stripped
مرنخ,2imrannakh,mrannikh,False,4,10,0-9,10-19,arabic_stripped
شحط,sha77at,sha77it,False,3,7,0-9,0-9,arabic_stripped
صفرا,safra,safra,True,4,5,0-9,0-9,arabic_stripped
يتمطط,yitmattat,yitmattat,True,5,9,0-9,0-9,arabic_stripped
ضعفاء,du3afaa2,du3afaa2,True,5,8,0-9,0-9,arabic_stripped
كخ,kikhkh,kakhkh,False,2,6,0-9,0-9,arabic_stripped
تلاميذ,talaamiiz,talaamiiz,True,6,9,0-9,0-9,arabic_stripped
مشلطف,mshaltif,mshaltif,True,5,8,0-9,0-9,arabic_stripped
أخت,2ukhut,2akhkhit,False,3,6,0-9,0-9,arabic_stripped
يتفكهن,yitfakhan,yitfakhan,True,6,9,0-9,0-9,arabic_stripped
نهب,nahib,nahhab,False,3,5,0-9,0-9,arabic_stripped
خبر,khabbar,khabbir,False,3,7,0-9,0-9,arabic_stripped
ونجق,wanjiq,wanjaq,False,4,6,0-9,0-9,arabic_stripped
نفض,nafid,naffid,False,3,5,0-9,0-9,arabic_stripped
دنس,dannis,dannis,True,3,6,0-9,0-9,arabic_stripped
مرتب,mrattab,mrattib,False,4,7,0-9,0-9,arabic_stripped
شواط,shwaat,shawwaat,False,4,6,0-9,0-9,arabic_stripped
لولب,loolab,loolab,True,4,6,0-9,0-9,arabic_stripped
توغوش,twaghwash,twaghwash,True,5,9,0-9,0-9,arabic_stripped
فقس,faqis,faqqis,False,3,5,0-9,0-9,arabic_stripped
فوت,fuut,fawwit,False,3,4,0-9,0-9,arabic_stripped
تشريح,tashrii7,tashrii7,True,5,8,0-9,0-9,arabic_stripped
ينفرم,yinfirim,yinfirim,True,5,8,0-9,0-9,arabic_stripped
أوفياء,2awfiyaa2,2awfiyaa2,True,6,9,0-9,0-9,arabic_stripped
انسفق,2insafiq,2insafaq,False,5,8,0-9,0-9,arabic_stripped
حريم,7rayyim,7ariim,False,4,7,0-9,0-9,arabic_stripped
يغلف,yghallif,yghallif,True,4,8,0-9,0-9,arabic_stripped
زرزر,zarzirr,zarzar,False,4,7,0-9,0-9,arabic_stripped
قزايز,qazaayiz,qazaayiz,True,5,8,0-9,0-9,arabic_stripped
استحلف,2ista7laf,2ista7lif,False,6,9,0-9,0-9,arabic_stripped
خيل,kheel,khayyil,False,3,5,0-9,0-9,arabic_stripped
قرقر,qarqar,qarqirkarkar,False,4,6,0-9,0-9,arabic_stripped
تطوع,2ittawwa3,tatwa3,False,4,9,0-9,0-9,arabic_stripped
يفلفل,yfalfil,yfalfil,True,5,7,0-9,0-9,arabic_stripped
اتجرجر,2itjarjar,2itjarjar,True,6,9,0-9,0-9,arabic_stripped
احوي,2i7wi,2i7wi,True,4,5,0-9,0-9,arabic_stripped
منوي,manawi,mnawwi,False,4,6,0-9,0-9,arabic_stripped
عنبة,3inbe,3anbe,False,4,5,0-9,0-9,arabic_stripped
فعل,fa33al,fa33il,False,3,6,0-9,0-9,arabic_stripped
ازعط,2iz3at,2iz3at,True,4,6,0-9,0-9,arabic_stripped
هيم,hiim,hayyim,False,3,4,0-9,0-9,arabic_stripped
تسرمج,tsarmadj,tsarmaj,False,5,8,0-9,0-9,arabic_stripped
احتاج,2i7taaj,2i7taaj,True,5,7,0-9,0-9,arabic_stripped
كاهن,kaahin,kaahin,True,4,6,0-9,0-9,arabic_stripped
يتلقن,yitlaqqan,yitlaqqan,True,5,9,0-9,0-9,arabic_stripped
محيي,m7ayyi,m7ayyi,True,4,6,0-9,0-9,arabic_stripped
تحضر,t7addar,t7addar,True,4,7,0-9,0-9,arabic_stripped
سجد,sajad,sajjid,False,3,5,0-9,0-9,arabic_stripped
اتدخمس,2iddakhmas,2iddakhmas,True,6,10,0-9,10-19,arabic_stripped
يغفى,yighfa,yighfa,True,4,6,0-9,0-9,arabic_stripped
اتلاشى,2itlaasha,2itlaasha,True,6,9,0-9,0-9,arabic_stripped
اتجند,2itjannad,2itjannad,True,5,9,0-9,0-9,arabic_stripped
قرنبيط,qarnabiit,qaranbiit,False,6,9,0-9,0-9,arabic_stripped
ساحل,saa7il,saa7il,True,4,6,0-9,0-9,arabic_stripped
اتكمكر,2itshamtshar,2itkamkar,False,6,12,0-9,10-19,arabic_stripped
شمام,shummaam,shammaam,False,4,8,0-9,0-9,arabic_stripped
اكمر,2ukmur,2ikmar,False,4,6,0-9,0-9,arabic_stripped
قنش,qkannash,qannish,False,3,8,0-9,0-9,arabic_stripped
خلال,khilaal,khallaal,False,4,7,0-9,0-9,arabic_stripped
أركن,2arkan,2arkan,True,4,6,0-9,0-9,arabic_stripped
لادد,laadid,laadid,True,4,6,0-9,0-9,arabic_stripped
اركن,2irkun,2irkun,True,4,6,0-9,0-9,arabic_stripped
يشاور,yshaawir,yshaawir,True,5,8,0-9,0-9,arabic_stripped
غلبة,ghalabe,ghalbe,False,4,7,0-9,0-9,arabic_stripped
هفهفة,hafhafe,hafhafe,True,5,7,0-9,0-9,arabic_stripped
جو,jaww,juw,False,2,4,0-9,0-9,arabic_stripped
براطش,baraatish,baraatish,True,5,9,0-9,0-9,arabic_stripped
لآخر نفس,la2aakhir nafas,laakh rifis,False,8,15,0-9,10-19,arabic_stripped
انكسح,2inkisi7,2inkisi7,True,5,8,0-9,0-9,arabic_stripped
منحل,mun7all,mna77il,False,4,7,0-9,0-9,arabic_stripped
لوج,looj,lawwaj,False,3,4,0-9,0-9,arabic_stripped
فرق,farraq,farriq,False,3,6,0-9,0-9,arabic_stripped
زابن,zaabin,zaabin,True,4,6,0-9,0-9,arabic_stripped
مقتنع,miqtini3,mqatni3,False,5,8,0-9,0-9,arabic_stripped
يهدد ويرعد,yhaddid wuyir3id,yiddo wudiir,False,10,16,10-19,10-19,arabic_stripped
اسهال,2ishaal,2ishaal,True,5,7,0-9,0-9,arabic_stripped
فراشة,faraasha,faraashe,False,5,8,0-9,0-9,arabic_stripped
نظائر,nadhaa2ir,nazaa2ir,False,5,9,0-9,0-9,arabic_stripped
يتلقح,yitlaqqa7,yitlaqqa7,True,5,9,0-9,0-9,arabic_stripped
متدرب,middarib,middarrib,False,5,8,0-9,0-9,arabic_stripped
طبخة,tabkha,tabkha,True,4,6,0-9,0-9,arabic_stripped
ينفر,ynaffir,yinfur,False,4,7,0-9,0-9,arabic_stripped
زراق,zaraaq,zraaq,False,4,6,0-9,0-9,arabic_stripped
تدروش,2iddarwash,2iddarwash,True,5,10,0-9,10-19,arabic_stripped
ينلسع,yinlisi3,yinlisi3,True,5,8,0-9,0-9,arabic_stripped
فهقة,fahqa,fahqa,True,4,5,0-9,0-9,arabic_stripped
جوارير,jawaariir,jawaariir,True,6,9,0-9,0-9,arabic_stripped
كذا,kaza,kaza,True,3,4,0-9,0-9,arabic_stripped
تبزلط,tbazlat,tbazlat,True,5,7,0-9,0-9,arabic_stripped
جردم,jardim,jardam,False,4,6,0-9,0-9,arabic_stripped
ضيقة,diiqadii2a,diiqa,False,4,10,0-9,10-19,arabic_stripped
قلبي قامصني,qalbi qaamisni,qalbi qaaniis,False,11,14,10-19,10-19,arabic_stripped
انتعش,2inta3ash,2inta3ash,True,5,9,0-9,0-9,arabic_stripped
مخشب,mkhashshib,mkhashshib,True,4,10,0-9,10-19,arabic_stripped
جلباطو,djulbaatuu,jalbaato,False,6,10,0-9,10-19,arabic_stripped
كذب,kazzabkadhdhab,kazab,False,3,14,0-9,10-19,arabic_stripped
بعبع,ba3ba3,ba3ba3,True,4,6,0-9,0-9,arabic_stripped
ماسح,maasi7,maasi7,True,4,6,0-9,0-9,arabic_stripped
اكبر,2ikbar,2ikbir,False,4,6,0-9,0-9,arabic_stripped
أنا أمير وانت أمير ومين سواق الحمير,2ana 2amiir winta 2amiir wumiin sawwaaq 2il7amiir,2ana min 2il2arwa maqiir wusa min 2a7aaat,False,35,49,30-39,40-49,arabic_stripped
يتعرقص,yit3arqas,yit3arqas,True,6,9,0-9,0-9,arabic_stripped
مكايدة,mkaayade,mkaayade,True,6,8,0-9,0-9,arabic_stripped
حور,7awwir,7awwar,False,3,6,0-9,0-9,arabic_stripped
غفور,ghafuur,ghaffuur,False,4,7,0-9,0-9,arabic_stripped
اتخصص,2itkhassas,2itkhassas,True,5,10,0-9,10-19,arabic_stripped
حسبن,7asban,7asban,True,4,6,0-9,0-9,arabic_stripped
اصلب,2uslub,2uslub,True,4,6,0-9,0-9,arabic_stripped
ينجغم,yinjighim,yinjighim,True,5,9,0-9,0-9,arabic_stripped
مخلط,mkhallat,mkhallit,False,4,8,0-9,0-9,arabic_stripped
مكمكر,mtshamtshar,mkamkir,False,5,11,0-9,10-19,arabic_stripped
برتقال أبو سرة,burtuqaal 2abu surra,bart 2ilqaruuse,False,14,20,10-19,20-29,arabic_stripped
اتوكل,2itwakkal,2itwakkal,True,5,9,0-9,0-9,arabic_stripped
سعو,sa3aw,sa3w,False,3,5,0-9,0-9,arabic_stripped
هيل,hiil,hayyil,False,3,4,0-9,0-9,arabic_stripped
انتسى,2intasa,2intasa,True,5,7,0-9,0-9,arabic_stripped
مشط عظم,mushut 3adim,misht 3adam,False,7,12,0-9,10-19,arabic_stripped
وردة,warde,warde,True,4,5,0-9,0-9,arabic_stripped
وضح,waddi7,waddi7,True,3,6,0-9,0-9,arabic_stripped
عينيه بيقدحن عليه,3inee biqda7in 3alee,3eeno biqal 3adiino,False,17,20,10-19,20-29,arabic_stripped
اشطب,2ishtub,2ushtub,False,4,7,0-9,0-9,arabic_stripped
يليق,yliiq,ylayyiq,False,4,5,0-9,0-9,arabic_stripped
انفرض,2infirid,2infarad,False,5,8,0-9,0-9,arabic_stripped
شاعوب,shaa3uub,shaa3uub,True,5,8,0-9,0-9,arabic_stripped
يسف,ysiff,ysiff,True,3,5,0-9,0-9,arabic_stripped
فغم,fagham,faghgham,False,3,6,0-9,0-9,arabic_stripped
تذبح,tdabba7,tdabba7,True,4,7,0-9,0-9,arabic_stripped
جنط,jannit,jannit,True,3,6,0-9,0-9,arabic_stripped
انصهر,2insihir,2insihir,True,5,8,0-9,0-9,arabic_stripped
اتبكلش,2itbaklash,2itbaklash,True,6,10,0-9,10-19,arabic_stripped
زناخة,zanaakha,zannaakha,False,5,8,0-9,0-9,arabic_stripped
اهرب,2uhrub,2uhrub,True,4,6,0-9,0-9,arabic_stripped
فشى,fasha,fashsha,False,3,5,0-9,0-9,arabic_stripped
مزرب,mizrab,mzarrib,False,4,6,0-9,0-9,arabic_stripped
مسفح,msaffi7,msaffa7,False,4,7,0-9,0-9,arabic_stripped
درون,darwin,druun,False,4,6,0-9,0-9,arabic_stripped
ثقب,thaqkab,thuqkub,False,3,7,0-9,0-9,arabic_stripped
يتحلى,yit7alla,yit7alla,True,5,8,0-9,0-9,arabic_stripped
محماس,mi7maas,mu7maas,False,5,7,0-9,0-9,arabic_stripped
شرقة,sharqa,sharqa,True,4,6,0-9,0-9,arabic_stripped
قبص,qabbis,qabbis,True,3,6,0-9,0-9,arabic_stripped
عالأخير,3al2akhiir,3al2akhiir,True,7,10,0-9,10-19,arabic_stripped
مبارك,mbaarik,mabaarik,False,5,7,0-9,0-9,arabic_stripped
انقهر,2inqahar,2inqahar,True,5,8,0-9,0-9,arabic_stripped
اتدوش,2iddawwash,2iddawwash,True,5,10,0-9,10-19,arabic_stripped
مول,mawwil,mawwal,False,3,6,0-9,0-9,arabic_stripped
لهلب,lahlib,lahlab,False,4,6,0-9,0-9,arabic_stripped
اجرين,2ijriin,2ijriin,True,5,7,0-9,0-9,arabic_stripped
عمرة,3umra,3umra,True,4,5,0-9,0-9,arabic_stripped
اتبرج,2itbarraj,2itbarraj,True,5,9,0-9,0-9,arabic_stripped
يتشارع,yitshaara3,yitshaara3,True,6,10,0-9,10-19,arabic_stripped
لحوح,la7uu7,la7wi7,False,4,6,0-9,0-9,arabic_stripped
أزمة مالية,2azme maaliyye,2azme maaliyye,True,10,14,10-19,10-19,arabic_stripped
قهوجي,qahwaji,qahdjuudji,False,5,7,0-9,0-9,arabic_stripped
مكوبج,mkoobij,mkoobij,True,5,7,0-9,0-9,arabic_stripped
بدل,badal,baddil,False,3,5,0-9,0-9,arabic_stripped
مشلح,mshalla7,mshalli7,False,4,8,0-9,0-9,arabic_stripped
يعقد,yi3qid,y3aqqid,False,4,6,0-9,0-9,arabic_stripped
ينضغط,yindaghit,yindighit,False,5,9,0-9,0-9,arabic_stripped
أهلا وسهلا,2ahlan wa sahlan,2ahl wisa,False,10,16,10-19,10-19,arabic_stripped
طفران,tafraan,tafraan,True,5,7,0-9,0-9,arabic_stripped
بعر,ba3ir,ba33ir,False,3,5,0-9,0-9,arabic_stripped
ضيق,dayyiqdayyi2,dayyiqdayyi2,True,3,12,0-9,10-19,arabic_stripped
مسلي,musalli,masli,False,4,7,0-9,0-9,arabic_stripped
كحيان,ka7yaan,ka7iina,False,5,7,0-9,0-9,arabic_stripped
دينار,diinaar,diinaar,True,5,7,0-9,0-9,arabic_stripped
كلم,kallim,kallim,True,3,6,0-9,0-9,arabic_stripped
ايده والكف,2iido wil 2ilkaff,2iido wilfaak,False,10,17,10-19,10-19,arabic_stripped
شيطان,shiitaan,shiitaan,True,5,8,0-9,0-9,arabic_stripped
حفر,7ufar,7affar,False,3,5,0-9,0-9,arabic_stripped
عرف,3irif,3arrif,False,3,5,0-9,0-9,arabic_stripped
اللي ماله حظ لايتعب ولا يشقى,2illi maalo 7az laa yit3ab wala yishqa,2il3ayya maa 2illla qi bil7awa biishi 2illla ,False,28,38,20-29,30-39,arabic_stripped
يصعب,yis3ab,ysa33ib,False,4,6,0-9,0-9,arabic_stripped
افطار,2iftaar,2iftaar,True,5,7,0-9,0-9,arabic_stripped
انفلق,2infalaq,2infiliq,False,5,8,0-9,0-9,arabic_stripped
مسلغ,masligh,msallagh,False,4,7,0-9,0-9,arabic_stripped
احتقن,2i7taqan,2i7taqan,True,5,8,0-9,0-9,arabic_stripped
وزم,wazzam,wazzim,False,3,6,0-9,0-9,arabic_stripped
ارشي,2irshi,2irshi,True,4,6,0-9,0-9,arabic_stripped
انحسد,2in7asad,2in7isid,False,5,8,0-9,0-9,arabic_stripped
ترخيص,tarkhiis,tarkhiis,True,5,8,0-9,0-9,arabic_stripped
صبيان,sibyaan,sabiina,False,5,7,0-9,0-9,arabic_stripped
زنبيل,zambiil,zanbiil,False,5,7,0-9,0-9,arabic_stripped
هجين,hajiin,hadjiin,False,4,6,0-9,0-9,arabic_stripped
اتعهد,2it3ahhad,2it3ahhad,True,5,9,0-9,0-9,arabic_stripped
مغيب,mughayyib,mghayyib,False,4,9,0-9,0-9,arabic_stripped
يسقف,ysaqqif,yisquf,False,4,7,0-9,0-9,arabic_stripped
بلطلون,baltaloon,baltuun,False,6,9,0-9,0-9,arabic_stripped
تكشح,tkashsha7,tkashsha7,True,4,9,0-9,0-9,arabic_stripped
مجرى المي,majra 2ilmayy,majra 2ilmay,False,9,13,0-9,10-19,arabic_stripped
مستجاب,mustajaab,mustajaab,True,6,9,0-9,0-9,arabic_stripped
يهفهف,yhafhif,yhafhif,True,5,7,0-9,0-9,arabic_stripped
اتمرقط,2itmarqat,2itmarqat,True,6,9,0-9,0-9,arabic_stripped
بيواسي بحاله,biwaasi b7aalo,byuus byaa7ilo,False,12,14,10-19,10-19,arabic_stripped
مجاور,mjaawir,majaawir,False,5,7,0-9,0-9,arabic_stripped
كل,kall,kill,False,2,4,0-9,0-9,arabic_stripped
فشار,fashshaar,fashshaar,True,4,9,0-9,0-9,arabic_stripped
شو جاب الغراب لإمه,shuu jaab 2ilghuraab lammo,shuu jaab 2ilghurraam lab,False,18,26,10-19,20-29,arabic_stripped
يرتكن,yirtikin,yirtikin,True,5,8,0-9,0-9,arabic_stripped
زايغ,zaayigh,zaayigh,True,4,7,0-9,0-9,arabic_stripped
فقش,faqash,faqqash,False,3,6,0-9,0-9,arabic_stripped
كعكوز,ka3kuuz,ka3kuuz,True,5,7,0-9,0-9,arabic_stripped
عصم,3assam,3assim,False,3,6,0-9,0-9,arabic_stripped
يلحق,yil7aq,yil7aq,True,4,6,0-9,0-9,arabic_stripped
أعدم,2a3dam,2a3dam,True,4,6,0-9,0-9,arabic_stripped
عاب,3aab,3aab,True,3,4,0-9,0-9,arabic_stripped
مضايق,mdaayiq,madaayiq,False,5,7,0-9,0-9,arabic_stripped
انمغج,2inmighidj,2inmaghadj,False,5,10,0-9,10-19,arabic_stripped
زرقن,zargin,zargin,True,4,6,0-9,0-9,arabic_stripped
رطرط,ratrat,ratrit,False,4,6,0-9,0-9,arabic_stripped
كتب,katab,kattab,False,3,5,0-9,0-9,arabic_stripped
كمد,tshammad,kammid,False,3,8,0-9,0-9,arabic_stripped
زيبار,ziibaar,ziibaar,True,5,7,0-9,0-9,arabic_stripped
فال الله ولا فالك,faal 2alla wala faalak,faall 2ilko 2illawa,False,17,22,10-19,20-29,arabic_stripped
ناقش,naaqash,naaqish,False,4,7,0-9,0-9,arabic_stripped
يتنمرد,yitnamrad,yitnamrad,True,6,9,0-9,0-9,arabic_stripped
كاسة,kaase,kaase,True,4,5,0-9,0-9,arabic_stripped
تحالى,t7aalaa,t7aala,False,5,7,0-9,0-9,arabic_stripped
استجوز,2istajwiz,2istajwiz,True,6,9,0-9,0-9,arabic_stripped
شرشوح,sharshuu7,sharshuu7,True,5,9,0-9,0-9,arabic_stripped
كباس,kabbaas,kabbaas,True,4,7,0-9,0-9,arabic_stripped
ينزوي,yinziwi,yinziwi,True,5,7,0-9,0-9,arabic_stripped
الخير عالخير,2ilkheer 3alkheer,2ilkheer 3alayir,False,12,17,10-19,10-19,arabic_stripped
بداعة,baddaa3a,bdaa3a,False,5,8,0-9,0-9,arabic_stripped
حالي,7aali,7aali,True,4,5,0-9,0-9,arabic_stripped
ينبض,yunbud,yinbud,False,4,6,0-9,0-9,arabic_stripped
هيبة,heebe,hiibe,False,4,5,0-9,0-9,arabic_stripped
اشهق,2ishhaq,2ishhaq,True,4,7,0-9,0-9,arabic_stripped
مثل,masal,massal,False,3,5,0-9,0-9,arabic_stripped
درابيل,darabiil,daraabiil,False,6,8,0-9,0-9,arabic_stripped
مسلوق,msalwi2,masluuq,False,5,7,0-9,0-9,arabic_stripped
اليوم,2ilyoom,2ilyoom,True,5,7,0-9,0-9,arabic_stripped
يتعس,yit3as,yta33is,False,4,6,0-9,0-9,arabic_stripped
يؤيد,y2ayyid,y2ayyid,True,4,7,0-9,0-9,arabic_stripped
شللية,shilaliyye,shalliyye,False,5,10,0-9,10-19,arabic_stripped
يدين,ydiin,ydiin,True,4,5,0-9,0-9,arabic_stripped
تعطر,t3attar,t3attar,True,4,7,0-9,0-9,arabic_stripped
انقرض,2inqirid,2inqarad,False,5,8,0-9,0-9,arabic_stripped
كل,kull,kill,False,2,4,0-9,0-9,arabic_stripped
جيب,jiib,jayyab,False,3,4,0-9,0-9,arabic_stripped
تبني,tabanni,tabni,False,4,7,0-9,0-9,arabic_stripped
يلهج,yilhaj,ylahhidj,False,4,6,0-9,0-9,arabic_stripped
طافور,taafuur,taafuur,True,5,7,0-9,0-9,arabic_stripped
إولاد,2iwlaad,2iwlaad,True,5,7,0-9,0-9,arabic_stripped
أعضاء,2a3daa2,2ad3aa2,False,5,7,0-9,0-9,arabic_stripped
منمنم,mnamnim,mnamnam,False,5,7,0-9,0-9,arabic_stripped
كعى,ka3a,ka33a,False,3,4,0-9,0-9,arabic_stripped
استضعف,2istad3af,2istad3af,True,6,9,0-9,0-9,arabic_stripped
يسفح,yisfa7,yisfa7,True,4,6,0-9,0-9,arabic_stripped
انبطح,2inbata7,2inbata7,True,5,8,0-9,0-9,arabic_stripped
ذم,zamm,zimm,False,2,4,0-9,0-9,arabic_stripped
حيي,7iyi,7ayyi,False,3,4,0-9,0-9,arabic_stripped
فتح براسه شارع,fata7 braaso shaari3,fata7 braash 3asharo,False,14,20,10-19,20-29,arabic_stripped
شحاذ و مشرط,sha77aad wimsharrit,sha77aad wumarashit,False,11,19,10-19,10-19,arabic_stripped
خبز وملح,khubz wumili7,khabiz moola7,False,8,13,0-9,10-19,arabic_stripped
قامت الغثبرة,qaamat 2ilghathbara,qaamit 2ittharbe,False,12,19,10-19,10-19,arabic_stripped
يختار,yikhtaar,yikhtaar,True,5,8,0-9,0-9,arabic_stripped
شوفة,shoofe,shoofe,True,4,6,0-9,0-9,arabic_stripped
يلعن,yla33in,yla33in,True,4,7,0-9,0-9,arabic_stripped
موقن,muuqin,mwaqqin,False,4,6,0-9,0-9,arabic_stripped
تبخن,tbakhkhan,tbakhkhan,True,4,9,0-9,0-9,arabic_stripped
هندي,hindi,handi,False,4,5,0-9,0-9,arabic_stripped
كشش,kashshish,kashshish,True,3,9,0-9,0-9,arabic_stripped
مقصود,maqsuud,maqsuud,True,5,7,0-9,0-9,arabic_stripped
سفرجي,sufraji,safarji,False,5,7,0-9,0-9,arabic_stripped
قوقز,kookaz,qookiz,False,4,6,0-9,0-9,arabic_stripped
إجبد,2ijbid,2ijbid,True,4,6,0-9,0-9,arabic_stripped
كر,kurr,kurr,True,2,4,0-9,0-9,arabic_stripped
يقلز,yi2luz,yqalliz,False,4,6,0-9,0-9,arabic_stripped
كتيب,kutayyib,katyab,False,4,8,0-9,0-9,arabic_stripped
طلطل,taltal,taltal,True,4,6,0-9,0-9,arabic_stripped
يتبكبك,yibakbak,yitbakbak,False,6,8,0-9,0-9,arabic_stripped
وطرز,watriz,watriz,True,4,6,0-9,0-9,arabic_stripped
قطر,qatar,qattar,False,3,5,0-9,0-9,arabic_stripped
تدارك,2iddaarak,2iddaarak,True,5,9,0-9,0-9,arabic_stripped
مواخذة,mwaakhaze,muwaakhaze,False,6,9,0-9,0-9,arabic_stripped
اتتلمذ,2ittalmaz,2itzalmat,False,6,9,0-9,0-9,arabic_stripped
شاشة,shaashe,shaashe,True,4,7,0-9,0-9,arabic_stripped
أذواق,2azwaaq,2adwaaq,False,5,7,0-9,0-9,arabic_stripped
مهلهل,mhalhal,mhalhal,True,5,7,0-9,0-9,arabic_stripped
اتفلوت,2itfalwat,2itfalwat,True,6,9,0-9,0-9,arabic_stripped
اتشاطر,2itshaatar,2itshaatar,True,6,10,0-9,10-19,arabic_stripped
يتفعص,yitfa33as,yitfa33as,True,5,9,0-9,0-9,arabic_stripped
طفش,taffish,taffish,True,3,7,0-9,0-9,arabic_stripped
يلح,yli77,yli77,True,3,5,0-9,0-9,arabic_stripped
ينحلب,yin7ilib,yin7ilib,True,5,8,0-9,0-9,arabic_stripped
افترس,2iftiris,2iftaras,False,5,8,0-9,0-9,arabic_stripped
يتدارى,yiddaara,yiddaara,True,6,8,0-9,0-9,arabic_stripped
دخمس,dakhmis,dakhmis,True,4,7,0-9,0-9,arabic_stripped
نصاب,nassaab,nasaab,False,4,7,0-9,0-9,arabic_stripped
مهنة,mihne,mahne,False,4,5,0-9,0-9,arabic_stripped
دوبل,doobal,doobal,True,4,6,0-9,0-9,arabic_stripped
ادمع,2idma3,2idma3,True,4,6,0-9,0-9,arabic_stripped
جرافة,jarraafe,jaraafe,False,5,8,0-9,0-9,arabic_stripped
تهندز,thandaz,thandaz,True,5,7,0-9,0-9,arabic_stripped
منتج,muntij,muntaj,False,4,6,0-9,0-9,arabic_stripped
مورتش,mwartish,mwartish,True,5,8,0-9,0-9,arabic_stripped
تغمغم,tghamgham,tghamgham,True,5,9,0-9,0-9,arabic_stripped
احفظ,2i7faz,2i7fiz,False,4,6,0-9,0-9,arabic_stripped
اتكحل,2itka77al,2itka77al,True,5,9,0-9,0-9,arabic_stripped
خلقه ضيق,khulqo diyyiq,khallaqo diiq,False,8,13,0-9,10-19,arabic_stripped
مرض,mirid,marrid,False,3,5,0-9,0-9,arabic_stripped
يتنابز,yitnaabaz,yitnaabaz,True,6,9,0-9,0-9,arabic_stripped
كسل,kasal,kassil,False,3,5,0-9,0-9,arabic_stripped
عظم,3azzam,3addim,False,3,6,0-9,0-9,arabic_stripped
مهر,mahir,mahhir,False,3,5,0-9,0-9,arabic_stripped
اللي بيصعب عليك بيفقرك,2illi byis3ab 3aleek byifqirak,2ili byibyiksa3 firuq 2illlak,False,22,30,20-29,30-39,arabic_stripped
اتحجر,2it7ajjar,2it7ajjar,True,5,9,0-9,0-9,arabic_stripped
دوشقة,dooshaqka,dooshaqa,False,5,9,0-9,0-9,arabic_stripped
دبسية,dibsiyye,dabsiyye,False,5,8,0-9,0-9,arabic_stripped
سعد السعود,sa3ad 2is3uud,sa3id 2issawd,False,10,13,10-19,10-19,arabic_stripped
لوك,luukg,lawwik,False,3,5,0-9,0-9,arabic_stripped
ركع,raka3,rakka3,False,3,5,0-9,0-9,arabic_stripped
ثرثرة,sarsara,sarsara,True,5,7,0-9,0-9,arabic_stripped
محو أمية,ma7u 2ummiyye,mi7wit 2ammiyye,False,8,13,0-9,10-19,arabic_stripped
يتشرد,yitsharrad,yitsharrad,True,5,10,0-9,10-19,arabic_stripped
حط الحزن بالجرن,7att 2il7uzun bildjurun,7att 2il7azan birujun,False,15,23,10-19,20-29,arabic_stripped
صوعان,suu3aan,soo3aan,False,5,7,0-9,0-9,arabic_stripped
ينشر,ynashshir,yinsharr,False,4,9,0-9,0-9,arabic_stripped
عضعض,3ad3ad,3ad3ad,True,4,6,0-9,0-9,arabic_stripped
يصيغ,ysiigh,ysiigh,True,4,6,0-9,0-9,arabic_stripped
دبل,dabbal,dabbal,True,3,6,0-9,0-9,arabic_stripped
تدبر,2iddabbar,2iddabbar,True,4,9,0-9,0-9,arabic_stripped
جبب,djibab,jabbib,False,3,6,0-9,0-9,arabic_stripped
محسوم,ma7suummakhsuum,ma7suum,False,5,15,0-9,10-19,arabic_stripped
اتغطس,2itghattas,2itghattas,True,5,10,0-9,10-19,arabic_stripped
اعصى,2i3sa,2i3sa,True,4,5,0-9,0-9,arabic_stripped
طنطف,tantaf,tantif,False,4,6,0-9,0-9,arabic_stripped
فضل,faddil,faddal,False,3,6,0-9,0-9,arabic_stripped
كركر,tshartshar,karkar,False,4,10,0-9,10-19,arabic_stripped
صمد,sammad,sammid,False,3,6,0-9,0-9,arabic_stripped
عرجا,3arja,3irja,False,4,5,0-9,0-9,arabic_stripped
كرمش,karmish,karmish,True,4,7,0-9,0-9,arabic_stripped
تبكم,tbakkam,tbakkam,True,4,7,0-9,0-9,arabic_stripped
ترقق,traqqaq,traqqaq,True,4,7,0-9,0-9,arabic_stripped
مستعصي,musta3si,mista3si,False,6,8,0-9,0-9,arabic_stripped
مزيف,muzayyaf,mzayyif,False,4,8,0-9,0-9,arabic_stripped
تخربش,tkharbash,tkharbash,True,5,9,0-9,0-9,arabic_stripped
حزمة,7uzme,7azme,False,4,5,0-9,0-9,arabic_stripped
هات,haat,haat,True,3,4,0-9,0-9,arabic_stripped
ليسته,leesta,laysato,False,5,6,0-9,0-9,arabic_stripped
شوب,shawwib,shawwib,True,3,7,0-9,0-9,arabic_stripped
يهجج,yhadjdjidj,yhadjdjidj,True,4,10,0-9,10-19,arabic_stripped
يلفع,ylaffi3,yilfa3,False,4,7,0-9,0-9,arabic_stripped
فت,fatt,fitt,False,2,4,0-9,0-9,arabic_stripped
رهباني,rahbaani,rahbaani,True,6,8,0-9,0-9,arabic_stripped
تنورة,tannuura,tnawra,False,5,8,0-9,0-9,arabic_stripped
سخمط,sakhmat,sakhmit,False,4,7,0-9,0-9,arabic_stripped
افلج,2iflij,2iflij,True,4,6,0-9,0-9,arabic_stripped
يضبط,yzabbit,yidbut,False,4,7,0-9,0-9,arabic_stripped
رئيس,ra2iis,ra2iis,True,4,6,0-9,0-9,arabic_stripped
ثنى,tana,thanna,False,3,4,0-9,0-9,arabic_stripped
اشتاق,2ishtaaq,2ishtaaq,True,5,8,0-9,0-9,arabic_stripped
مهربج,mharbij,mharbaj,False,5,7,0-9,0-9,arabic_stripped
حلوش,7alwish,7luush,False,4,7,0-9,0-9,arabic_stripped
ينفهم,yinfihim,yinfihim,True,5,8,0-9,0-9,arabic_stripped
سماوي,simmaawi,samaawi,False,5,8,0-9,0-9,arabic_stripped
ستت,sattat,sattit,False,3,6,0-9,0-9,arabic_stripped
لحم كتافي من خيرك,la7m ktaafi min kheerak,la7amak kattifiir kheenam,False,17,23,10-19,20-29,arabic_stripped
مرهق,murhaq,mrahhiq,False,4,6,0-9,0-9,arabic_stripped
توغل,tawaghghul,twaghghal,False,4,10,0-9,10-19,arabic_stripped
مماسي,2immaasi,mamaasi,False,5,8,0-9,0-9,arabic_stripped
كنكوزة,kankuuze,kankuuze,True,6,8,0-9,0-9,arabic_stripped
لخص,lakhkhas,lakhkhis,False,3,8,0-9,0-9,arabic_stripped
استنقص,2istanqis,2istanqas,False,6,9,0-9,0-9,arabic_stripped
خشم,khashim,khashsham,False,3,7,0-9,0-9,arabic_stripped
يغشم,yghashshim,yghashshim,True,4,10,0-9,10-19,arabic_stripped
كناكيز,kanaakiiz,kanaakiiz,True,6,9,0-9,0-9,arabic_stripped
مغروم,maghruum,maghruum,True,5,8,0-9,0-9,arabic_stripped
يغالي,yghaali,yghaali,True,5,7,0-9,0-9,arabic_stripped
قلقان,qalaqaan,qalqaan,False,5,8,0-9,0-9,arabic_stripped
ريحان,rii7aan,rii7aan,True,5,7,0-9,0-9,arabic_stripped
معين,mu3ayyan,m3ayyin,False,4,8,0-9,0-9,arabic_stripped
قصيرة,qassiire,qasiire,False,5,8,0-9,0-9,arabic_stripped
قبح,qubu7,qabba7,False,3,5,0-9,0-9,arabic_stripped
بناية,bannaaye,banaaye,False,5,8,0-9,0-9,arabic_stripped
ارقص,2urqus,2urqus,True,4,6,0-9,0-9,arabic_stripped
إعوج,2i3wadj,2i3wij,False,4,7,0-9,0-9,arabic_stripped
أدرك,2adrak,2adrak,True,4,6,0-9,0-9,arabic_stripped
خافق,khaafa2,khaafiq,False,4,7,0-9,0-9,arabic_stripped
شوابك,shawaabik,shawaabik,True,5,9,0-9,0-9,arabic_stripped
خردق,khardaq,khardaq,True,4,7,0-9,0-9,arabic_stripped
يطئ,yati2,yti2,False,3,5,0-9,0-9,arabic_stripped
حيح,7ayyi7,7ayyi7,True,3,6,0-9,0-9,arabic_stripped
تسطر,tsattar,tsattar,True,4,7,0-9,0-9,arabic_stripped
صاحب,saa7ib,saa7ib,True,4,6,0-9,0-9,arabic_stripped
احتج,2i7tajj,2i7tajj,True,4,7,0-9,0-9,arabic_stripped
كشف,kashaf,kashshif,False,3,6,0-9,0-9,arabic_stripped
قيل,qayyil,qayyal,False,3,6,0-9,0-9,arabic_stripped
يبتسم,yibtisim,yibtisim,True,5,8,0-9,0-9,arabic_stripped
ساخي,saakhi,saakhi,True,4,6,0-9,0-9,arabic_stripped
غالى,ghaala,ghaala,True,4,6,0-9,0-9,arabic_stripped
تمشيط,tamshiit,tamshiit,True,5,8,0-9,0-9,arabic_stripped
جر إجره,jarr 2ijro,jarr 2ijro,True,7,10,0-9,10-19,arabic_stripped
حرقان,7araqaan,7arqaan,False,5,8,0-9,0-9,arabic_stripped
باذنجانة,baatinjaane,baadjaana,False,8,11,0-9,10-19,arabic_stripped
يتنقش,yitnaqqash,yitnaqqash,True,5,10,0-9,10-19,arabic_stripped
سبق,sabbaq,sabbiq,False,3,6,0-9,0-9,arabic_stripped
محاولة,mu7aawale,m7aawale,False,6,9,0-9,0-9,arabic_stripped
ينهض,yinhad,yinhadd,False,4,6,0-9,0-9,arabic_stripped
برازق,baraaziq,baraaziq,True,5,8,0-9,0-9,arabic_stripped
اتدهدك,2iddahdak,2iddahdak,True,6,9,0-9,0-9,arabic_stripped
نجوم,nujuum,najwam,False,4,6,0-9,0-9,arabic_stripped
يغلى,yighla,yighla,True,4,6,0-9,0-9,arabic_stripped
يدين,ydayyin,ydiin,False,4,7,0-9,0-9,arabic_stripped
هانت,haanat,haanit,False,4,6,0-9,0-9,arabic_stripped
يكحش,yik7ash,yka77ish,False,4,7,0-9,0-9,arabic_stripped
مستكسل,mistaksil,mistaksil,True,6,9,0-9,0-9,arabic_stripped
طايل,taayil,taayil,True,4,6,0-9,0-9,arabic_stripped
كعوش,ka3wish,ka3wish,True,4,7,0-9,0-9,arabic_stripped
مرندح,2imranda7,mrandi7,False,5,9,0-9,0-9,arabic_stripped
فشق,fashaq,fashshiq,False,3,6,0-9,0-9,arabic_stripped
يستتب,yistatibb,yistatib,False,5,9,0-9,0-9,arabic_stripped
زوج,zawwij,zawwaj,False,3,6,0-9,0-9,arabic_stripped
ترابيس,taraabiis,taraabiis,True,6,9,0-9,0-9,arabic_stripped
در,darr,durr,False,2,4,0-9,0-9,arabic_stripped
عينه فارغة,3eeno faargha,3eeno faaraghe,False,10,13,10-19,10-19,arabic_stripped
باب الوفق,baab wifiq,baab 2ilwufaq,False,9,10,0-9,10-19,arabic_stripped
جرسة,jirsa,jarse,False,4,5,0-9,0-9,arabic_stripped
عمران,3amraan,3umraan,False,5,7,0-9,0-9,arabic_stripped
يكرر,ykarrir,yikrar,False,4,7,0-9,0-9,arabic_stripped
نوع,nawwi3,nawwi3,True,3,6,0-9,0-9,arabic_stripped
هيافة,hayaafe,hayaafe,True,5,7,0-9,0-9,arabic_stripped
طرش,tarsh,tarrish,False,3,5,0-9,0-9,arabic_stripped
انفذ بجلدك,2unfud bijildak,2infad bijdak,False,10,15,10-19,10-19,arabic_stripped
بلغة,balgha,balgha,True,4,6,0-9,0-9,arabic_stripped
يعرقل,y3arqil,y3arqil,True,5,7,0-9,0-9,arabic_stripped
اختتم,2ikhtatam,2ikhtitim,False,5,9,0-9,0-9,arabic_stripped
استعمر,2ista3mir,2ista3mar,False,6,9,0-9,0-9,arabic_stripped
كسوس,ksuus,kaswis,False,4,5,0-9,0-9,arabic_stripped
يحف,y7iff,y7iff,True,3,5,0-9,0-9,arabic_stripped
اتناسب,2itnaasab,2itnaasab,True,6,9,0-9,0-9,arabic_stripped
انرفع,2inrafa3,2inrifi3,False,5,8,0-9,0-9,arabic_stripped
بطرن,batrin,batran,False,4,6,0-9,0-9,arabic_stripped
وع,wi33,wa33,False,2,4,0-9,0-9,arabic_stripped
اتطمطم,2ittamtam,2ittamtam,True,6,9,0-9,0-9,arabic_stripped
اتبهدل,2itbahdal,2itbahdal,True,6,9,0-9,0-9,arabic_stripped
يندقم,yindaqim,yindiqim,False,5,8,0-9,0-9,arabic_stripped
يغز,yghuzz,yghuzz,True,3,6,0-9,0-9,arabic_stripped
عكر,3akkar,3akkir,False,3,6,0-9,0-9,arabic_stripped
تلفن,talfin,tlaffan,False,4,6,0-9,0-9,arabic_stripped
ادهش,2idhish,2idhash,False,4,7,0-9,0-9,arabic_stripped
مازع,maazi3,maazi3,True,4,6,0-9,0-9,arabic_stripped
يحرث,yu7ruth,y7arrith,False,4,7,0-9,0-9,arabic_stripped
جعط,dja33it,dja33at,False,3,7,0-9,0-9,arabic_stripped
ينغمر,yinghimir,yinghimir,True,5,9,0-9,0-9,arabic_stripped
مسايرة,msaayara,masaayra,False,6,8,0-9,0-9,arabic_stripped
فضيحة بجلاجل,fdii7a bjalaajil,fadii7it bijil 2iljadaal,False,12,16,10-19,10-19,arabic_stripped
مقنعر,mqan3ar,mqan3ir,False,5,7,0-9,0-9,arabic_stripped
تشعب,tsha33ab,tsha33ab,True,4,8,0-9,0-9,arabic_stripped
يمسخ,ymassikh,yimsakh,False,4,8,0-9,0-9,arabic_stripped
مادة,maadde,maadde,True,4,6,0-9,0-9,arabic_stripped
يتكبر,yitkabbar,yitkabbar,True,5,9,0-9,0-9,arabic_stripped
انفقس,2inifqis,2infiqis,False,5,8,0-9,0-9,arabic_stripped
هبوط اضطراري,hubuut 2ittiraari,habbuut taariid,False,12,17,10-19,10-19,arabic_stripped
يستهبل,yistahbil,yistahbil,True,6,9,0-9,0-9,arabic_stripped
قبعة,qub3a,qab3a,False,4,5,0-9,0-9,arabic_stripped
طرابيش,taraabiish,taraabiish,True,6,10,0-9,10-19,arabic_stripped
ضلع إعوج,dili3 2i3waj,dali3 2i3waj,False,8,12,0-9,10-19,arabic_stripped
يضيف,ydiif,ydayyif,False,4,5,0-9,0-9,arabic_stripped
انذبح,2indaba7,2indibi7,False,5,8,0-9,0-9,arabic_stripped
انخبل,2inkhabal,2inkhibil,False,5,9,0-9,0-9,arabic_stripped
خضر,khudur,khaddar,False,3,6,0-9,0-9,arabic_stripped
امدح,2imda7,2imda7,True,4,6,0-9,0-9,arabic_stripped
مقرن,mqarrin,mqarrin,True,4,7,0-9,0-9,arabic_stripped
اتكعبش,2itka3bash,2itka3bash,True,6,10,0-9,10-19,arabic_stripped
قمصان,qumsaan,qusmaan,False,5,7,0-9,0-9,arabic_stripped
طاير,taayir,taayir,True,4,6,0-9,0-9,arabic_stripped
يخرمش,ykharmish,ykharmish,True,5,9,0-9,0-9,arabic_stripped
كادر,kaadir,kaadir,True,4,6,0-9,0-9,arabic_stripped
ينده,yindah,ynaddih,False,4,6,0-9,0-9,arabic_stripped
طغى,tagha,tagha,True,3,5,0-9,0-9,arabic_stripped
اتراقب,2itraaqab,2itraaqab,True,6,9,0-9,0-9,arabic_stripped
ابجر,2ibdjar,2ubjur,False,4,7,0-9,0-9,arabic_stripped
خبرة,khibra,khabra,False,4,6,0-9,0-9,arabic_stripped
خلنج,khalanj,khalnaj,False,4,7,0-9,0-9,arabic_stripped
مشقلب,mshaqlab,mshaqlib,False,5,8,0-9,0-9,arabic_stripped
استمر,2istimirr,2istamarr,False,5,9,0-9,0-9,arabic_stripped
يلتغ,yiltagh,yiltagh,True,4,7,0-9,0-9,arabic_stripped
تصويت,taswiit,taswiit,True,5,7,0-9,0-9,arabic_stripped
رمد,rammid,ramad,False,3,6,0-9,0-9,arabic_stripped
شك,shukk,shukk,True,2,5,0-9,0-9,arabic_stripped
اشتم,2ishtim,2ishtamm,False,4,7,0-9,0-9,arabic_stripped
اقترح,2iqtiri7,2iqtara7,False,5,8,0-9,0-9,arabic_stripped
سواق,sawwaaq,sawwaaq,True,4,7,0-9,0-9,arabic_stripped
يمهد,ymahhid,yimhad,False,4,7,0-9,0-9,arabic_stripped
بحز,ba7az,ba77iz,False,3,5,0-9,0-9,arabic_stripped
نام ما قام,naam maa qaam,naam maaqam,False,10,13,10-19,10-19,arabic_stripped
وشى,washa,washsha,False,3,5,0-9,0-9,arabic_stripped
نمة,namme,namme,True,3,5,0-9,0-9,arabic_stripped
دسك,disk,dassik,False,3,4,0-9,0-9,arabic_stripped
مقابيل,mqaabiil,maqaabiil,False,6,8,0-9,0-9,arabic_stripped
أشدف,2ashdaf,2ashdaf,True,4,7,0-9,0-9,arabic_stripped
انجن وانحن,2injann win7ann,2injun wana7,False,10,15,10-19,10-19,arabic_stripped
يتورط,yitwarrat,yitwarrat,True,5,9,0-9,0-9,arabic_stripped
قلايد,qkalaayid,qalaayid,False,5,9,0-9,0-9,arabic_stripped
هامط,haamit,haamit,True,4,6,0-9,0-9,arabic_stripped
يتهجم,yithajjam,yithajjam,True,5,9,0-9,0-9,arabic_stripped
قضية,qadiyye,qadiyye,True,4,7,0-9,0-9,arabic_stripped
بلديات,baladiyyaat,baldiyyaat,False,6,11,0-9,10-19,arabic_stripped
أعطى,2a3ta,2a3ta,True,4,5,0-9,0-9,arabic_stripped
هضم,hadam,haddam,False,3,5,0-9,0-9,arabic_stripped
ترحم,tra77am,tra77am,True,4,7,0-9,0-9,arabic_stripped
يتزهرم,yitzahram,yitzahram,True,6,9,0-9,0-9,arabic_stripped
جبال,jibaal,jbaal,False,4,6,0-9,0-9,arabic_stripped
قراميع,garaamii3,qaraamii3,False,6,9,0-9,0-9,arabic_stripped
رابى,raaba,raaba,True,4,5,0-9,0-9,arabic_stripped
يطرقع,ytarqi3,ytarqi3,True,5,7,0-9,0-9,arabic_stripped
عصبي,3asabi,3asbi,False,4,6,0-9,0-9,arabic_stripped
هوشة,hooshe,hooshe,True,4,6,0-9,0-9,arabic_stripped
سابق,saabaq,saabiq,False,4,6,0-9,0-9,arabic_stripped
مخنوق,makhnuuq,makhnuuq,True,5,8,0-9,0-9,arabic_stripped
ملول,maluul,mlawwil,False,4,6,0-9,0-9,arabic_stripped
آنس,2aanas,2aanis,False,3,6,0-9,0-9,arabic_stripped
نسخ,nasakh,nassikh,False,3,6,0-9,0-9,arabic_stripped
مجاري,majaari,majaari,True,5,7,0-9,0-9,arabic_stripped
يتسلبط,yitsalbat,yitsalbat,True,6,9,0-9,0-9,arabic_stripped
اتنبأ,2itnabba2,2itnabba2,True,5,9,0-9,0-9,arabic_stripped
الطخ,2iltakh,2iltakh,True,4,7,0-9,0-9,arabic_stripped
مدود الطاولة,midwad 2ittaawle,midwad 2iddatta,False,12,16,10-19,10-19,arabic_stripped
يمغج,yimghadj,ymaghghidj,False,4,8,0-9,0-9,arabic_stripped
أمن,2ammin,2amman,False,3,6,0-9,0-9,arabic_stripped
خور,khawwar,khawwir,False,3,7,0-9,0-9,arabic_stripped
اشرح,2ishra7,2ishra7,True,4,7,0-9,0-9,arabic_stripped
دغش,daghghish,daghghash,False,3,9,0-9,0-9,arabic_stripped
تساقط,tsaaqat,tsaaqat,True,5,7,0-9,0-9,arabic_stripped
تمتق,tmittiqk2,tmattaqk2,False,4,9,0-9,0-9,arabic_stripped
اتلبك,2itlabbak,2itlabbak,True,5,9,0-9,0-9,arabic_stripped
يخرطش,ykhartish,ykhartish,True,5,9,0-9,0-9,arabic_stripped
اتشرط,2itsharrat,2itsharrat,True,5,10,0-9,10-19,arabic_stripped
حمس,7ammis,7ammis,True,3,6,0-9,0-9,arabic_stripped
لوق,lawaq,lawwaq,False,3,5,0-9,0-9,arabic_stripped
ازهد,2izhad,2izhad,True,4,6,0-9,0-9,arabic_stripped
اتفلل,2itfallal,2itfallal,True,5,9,0-9,0-9,arabic_stripped
اتعمد,2it3ammad,2it3ammad,True,5,9,0-9,0-9,arabic_stripped
نقى,naqqa,naqqa,True,3,5,0-9,0-9,arabic_stripped
تكرن,takran,tkarran,False,4,6,0-9,0-9,arabic_stripped
مون,mawwin,mawwan,False,3,6,0-9,0-9,arabic_stripped
شيع,shayyi3,shayyi3,True,3,7,0-9,0-9,arabic_stripped
سراط,siraat,sarraat,False,4,6,0-9,0-9,arabic_stripped
نضب,nadab,naddab,False,3,5,0-9,0-9,arabic_stripped
اتدافش,2iddaafash,2iddaafash,True,6,10,0-9,10-19,arabic_stripped
يقحمش,yqa7mish,yqka7mish,False,5,8,0-9,0-9,arabic_stripped
يتغمس,yitghammas,yitghammas,True,5,10,0-9,10-19,arabic_stripped
أهل,2ahhal,2ahhil,False,3,6,0-9,0-9,arabic_stripped
طوبز,toobaz,toobiz,False,4,6,0-9,0-9,arabic_stripped
عربد,3arbid,3arbad,False,4,6,0-9,0-9,arabic_stripped
القنديل السفري,2ilqandiil 2issafari,2ilqidin 2issiir,False,14,20,10-19,20-29,arabic_stripped
حم,7amm,7imm,False,2,4,0-9,0-9,arabic_stripped
معك,ma33ik,ma33ik,True,3,6,0-9,0-9,arabic_stripped
مطبقانية,mtabbaqaaniyye,mtabqaaniyye,False,8,14,0-9,10-19,arabic_stripped
واسي,waasi,waasi,True,4,5,0-9,0-9,arabic_stripped
يشحنك,ysha7nik,ysha7nik,True,5,8,0-9,0-9,arabic_stripped
رصيف,rsiif,rasiif,False,4,5,0-9,0-9,arabic_stripped
يجالق,yjaaliqk,yjaaliqk,True,5,8,0-9,0-9,arabic_stripped
أقحم,2aq7am,2aq7am,True,4,6,0-9,0-9,arabic_stripped
دحدال,du7daal,du7daal,True,5,7,0-9,0-9,arabic_stripped
اصدف,2isduf,2usduf,False,4,6,0-9,0-9,arabic_stripped
مردغة,mardagha,mardagha,True,5,8,0-9,0-9,arabic_stripped
عراط,3arraat,3raat,False,4,7,0-9,0-9,arabic_stripped
فخار,fakhkhaar,fakhkhaar,True,4,9,0-9,0-9,arabic_stripped
مزراق,mizraaqk,muzraaq,False,5,8,0-9,0-9,arabic_stripped
جير,jayyir,jiir,False,3,6,0-9,0-9,arabic_stripped
يمانع,ymaani3,ymaani3,True,5,7,0-9,0-9,arabic_stripped
اتلعبك,2itla3bak,2itla3bak,True,6,9,0-9,0-9,arabic_stripped
قطع,qatti3,qatta3,False,3,6,0-9,0-9,arabic_stripped
تروق,trawwa2,trawwaq,False,4,7,0-9,0-9,arabic_stripped
اشقي,2ishqi,2ishqi,True,4,6,0-9,0-9,arabic_stripped
أبو حرد,2abu 7arad,2abu 7ard,False,7,10,0-9,10-19,arabic_stripped
بهاريج,bahaariij,bahaariij,True,6,9,0-9,0-9,arabic_stripped
بعر,ba33ar,ba33ir,False,3,6,0-9,0-9,arabic_stripped
مرقبة,mirgabe,marqabe,False,5,7,0-9,0-9,arabic_stripped
زعتر صخوري,za3tar skhuuri,za3tar khasuuri,False,10,14,10-19,10-19,arabic_stripped
ولاول,walaawil,walaawil,True,5,8,0-9,0-9,arabic_stripped
إشارة,2ishaara,2ishaara,True,5,8,0-9,0-9,arabic_stripped
يقشفل,yqkashfil,yqkashfil,True,5,9,0-9,0-9,arabic_stripped
بزرق,bazraqk,bazriq,False,4,7,0-9,0-9,arabic_stripped
وقائع,waqaa2i3,waqaa2i3,True,5,8,0-9,0-9,arabic_stripped
يلوذ,yluudh,ylawwidh,False,4,6,0-9,0-9,arabic_stripped
اغتصاب,2ightisaab,2ightisaab,True,6,10,0-9,10-19,arabic_stripped
حايص,7aayis,7aayis,True,4,6,0-9,0-9,arabic_stripped
جاقم,jaaqim,djaaqim,False,4,6,0-9,0-9,arabic_stripped
كذب,kizib,kazab,False,3,5,0-9,0-9,arabic_stripped
فطر,fattar,fattar,True,3,6,0-9,0-9,arabic_stripped
انفلت,2infilit,2infilit,True,5,8,0-9,0-9,arabic_stripped
تعليمي,ta3liimi,ta3liimi,True,6,8,0-9,0-9,arabic_stripped
عصه مصه,3usso musso,3asso msah,False,7,11,0-9,10-19,arabic_stripped
تدلغص,2iddalghas,2iddalghas,True,5,10,0-9,10-19,arabic_stripped
استعلام,2isti3laam,2isti3laam,True,7,10,0-9,10-19,arabic_stripped
لقح,laqqa7,laqqa7,True,3,6,0-9,0-9,arabic_stripped
قرض,qard,qarrid,False,3,4,0-9,0-9,arabic_stripped
سرح,sar7,sarri7,False,3,4,0-9,0-9,arabic_stripped
طربوش,tarbuush,tarbuush,True,5,8,0-9,0-9,arabic_stripped
دارى,daara,daara,True,4,5,0-9,0-9,arabic_stripped
إيجار,2ijaar,2ijyaar,False,5,6,0-9,0-9,arabic_stripped
شخ,shakhkh,shukhkh,False,2,7,0-9,0-9,arabic_stripped
ابصم,2ubsum,2ibsim,False,4,6,0-9,0-9,arabic_stripped
يتمهمط,yitmahmat,yitmahmat,True,6,9,0-9,0-9,arabic_stripped
مؤامرة,mu2aamara,m2aamara,False,6,9,0-9,0-9,arabic_stripped
قحلف,qka7lif,qka7laf,False,4,7,0-9,0-9,arabic_stripped
مزربة,muzrabbe,mazrabe,False,5,8,0-9,0-9,arabic_stripped
تشقق,tashaqquq,tshaqqaq,False,4,9,0-9,0-9,arabic_stripped
يناهق,ynaahiq,ynaahiq,True,5,7,0-9,0-9,arabic_stripped
مبعزق,mba3zaq,mba3ziq,False,5,7,0-9,0-9,arabic_stripped
دربس,darbis,darbas,False,4,6,0-9,0-9,arabic_stripped
غموض,ghumuud,ghammuud,False,4,7,0-9,0-9,arabic_stripped
قبض,qabid,qabbid,False,3,5,0-9,0-9,arabic_stripped
يمرمغ,ymarmigh,ymarmigh,True,5,8,0-9,0-9,arabic_stripped
حبة دوا,7abbit dawa,7abbe wudaa,False,7,11,0-9,10-19,arabic_stripped
بين,bayyan,bayyin,False,3,6,0-9,0-9,arabic_stripped
تفعكش,tfa3kash,tfa3kash,True,5,8,0-9,0-9,arabic_stripped
امحن,2im7in,2im7an,False,4,6,0-9,0-9,arabic_stripped
ينفل,yinfil,ynaffil,False,4,6,0-9,0-9,arabic_stripped
رشاش,rashshaash,rashshaash,True,4,10,0-9,10-19,arabic_stripped
قاشع,qaashi3,qaashi3,True,4,7,0-9,0-9,arabic_stripped
قاول,qaawal,qaawil,False,4,6,0-9,0-9,arabic_stripped
اتحنص,2it7annas,2it7annas,True,5,9,0-9,0-9,arabic_stripped
إجت القدرة تعاير المغرفة قالت الها روحي يا سمرة يا مقحلفة من يوم يومك مجوفة,2idjat 2ilkidre t3aayir 2ilmaghrafe kaalatilha ruu7i yaa samra yaa mka7lafe min yoom yoomik mdjawwafe,2ijoo 2ilqara mat3afye 2ilja yaa min qra7a yoomil yomit qraa yomisafe mil 7a yomit qraa,False,75,101,70-79,100-109,arabic_stripped
تسجيل,tasjiil,tasjiil,True,5,7,0-9,0-9,arabic_stripped
مثل ما غنى المغني,mitil maa ghanna 2ilimghanni,mithla mghaan 2ilgheen,False,17,28,10-19,20-29,arabic_stripped
انركن,2inrakan,2inrikin,False,5,8,0-9,0-9,arabic_stripped
يعيش,y3ayyish,y3iish,False,4,8,0-9,0-9,arabic_stripped
استعجل,2ista3jal,2ista3jil,False,6,9,0-9,0-9,arabic_stripped
أوساط,2awsaat,2awsaat,True,5,7,0-9,0-9,arabic_stripped
ينمعص,yinmi3is,yinmisi3,False,5,8,0-9,0-9,arabic_stripped
تقحط,tqa77at,tqa77at,True,4,7,0-9,0-9,arabic_stripped
رمى ثقلة دمه,rama tuqlit dammo,rammit 2ilqide,False,12,17,10-19,10-19,arabic_stripped
يتلاحم,yitlaa7am,yitlaa7am,True,6,9,0-9,0-9,arabic_stripped
خايل,khaayil,khaayil,True,4,7,0-9,0-9,arabic_stripped
نطق,nattaq,nattiq,False,3,6,0-9,0-9,arabic_stripped
انجلي,2injali,2injili,False,5,7,0-9,0-9,arabic_stripped
ينمعك,yinmi3ik,yinmi3ik,True,5,8,0-9,0-9,arabic_stripped
صفر,saffir,saffar,False,3,6,0-9,0-9,arabic_stripped
زي الشعلة,zayy 2ishshu3le,ziil 2ishsha3le,False,9,15,0-9,10-19,arabic_stripped
اصحك,2is7ak,2is7ak,True,4,6,0-9,0-9,arabic_stripped
بطون,btuun,batwan,False,4,5,0-9,0-9,arabic_stripped
أسئلة,2as2ile,2as2ale,False,5,7,0-9,0-9,arabic_stripped
انمو,2inmu,2inmaww,False,4,5,0-9,0-9,arabic_stripped
فجر,fajir,fajjir,False,3,5,0-9,0-9,arabic_stripped
وطى,watta,watta,True,3,5,0-9,0-9,arabic_stripped
تناقل,tanaaqul,tnaaqal,False,5,8,0-9,0-9,arabic_stripped
استكشف,2istakshaf,2istakshif,False,6,10,0-9,10-19,arabic_stripped
مي بتنمنم,mayy bitnamnim,meet banamm,False,9,14,0-9,10-19,arabic_stripped
شيب,sheeb,shayyib,False,3,5,0-9,0-9,arabic_stripped
دردع,darda3,dardi3,False,4,6,0-9,0-9,arabic_stripped
ارقد,2irqgkud,2irqud,False,4,8,0-9,0-9,arabic_stripped
ضميره صحي,damiiro si7i,samiiro 7adi,False,9,12,0-9,10-19,arabic_stripped
في,fii,fi,False,2,3,0-9,0-9,arabic_stripped
مزيت,mzayyit,mzayyit,True,4,7,0-9,0-9,arabic_stripped
بوملي,boomale,boomili,False,5,7,0-9,0-9,arabic_stripped
لطف,lattif,lattif,True,3,6,0-9,0-9,arabic_stripped
التوق,2iltiwiq,2iltawaq,False,5,8,0-9,0-9,arabic_stripped
يعلم,y3allim,yi3lim,False,4,7,0-9,0-9,arabic_stripped
قرم,qarram,qarrim,False,3,6,0-9,0-9,arabic_stripped
بلطق,baltak,baltiq,False,4,6,0-9,0-9,arabic_stripped
يعابط,y3aabit,y3aabit,True,5,7,0-9,0-9,arabic_stripped
زارنا النبي,zaarna 2innabi,zaarin 2ilbeen,False,11,14,10-19,10-19,arabic_stripped
تضييق,tadyiiqtadyii2,tadyiq,False,5,14,0-9,10-19,arabic_stripped
حير,7ayyar,7ayyar,True,3,6,0-9,0-9,arabic_stripped
مبرمج,mbarmaj,mbarmaj,True,5,7,0-9,0-9,arabic_stripped
سخطة تسخطك,sakhta tiskhatak,sakhtit takhtak,False,10,16,10-19,10-19,arabic_stripped
ساوي,saawi,saawi,True,4,5,0-9,0-9,arabic_stripped
رقصة,raqsa,raqsa,True,4,5,0-9,0-9,arabic_stripped
ممعوط,mam3uut,mam3uut,True,5,7,0-9,0-9,arabic_stripped
شراع,shraa3,sharraa3,False,4,6,0-9,0-9,arabic_stripped
عصمص,3usmus,3asmis,False,4,6,0-9,0-9,arabic_stripped
فرز,farriz,farriz,True,3,6,0-9,0-9,arabic_stripped
افتقر,2iftiqir,2iftaqir,False,5,8,0-9,0-9,arabic_stripped
مدبرة وفاعت,midbara wufaa3at,midbaruufat 3aat,False,11,16,10-19,10-19,arabic_stripped
استنفع,2istanfi3,2istanfa3,False,6,9,0-9,0-9,arabic_stripped
إسكملة,2iskamle,2iskamle,True,6,8,0-9,0-9,arabic_stripped
عاطفة,3aatife,3aatfe,False,5,7,0-9,0-9,arabic_stripped
بله قتلة,ballo qatle,ballat qale,False,8,11,0-9,10-19,arabic_stripped
شلط,shallit,shallit,True,3,7,0-9,0-9,arabic_stripped
قصقص جناحاتها,qasqas jnaa7aatha,qasqadjin saa7aato,False,13,17,10-19,10-19,arabic_stripped
تحفظ,ta7affuz,t7affaz,False,4,8,0-9,0-9,arabic_stripped
صوجا,sooja,suuja,False,4,5,0-9,0-9,arabic_stripped
باحص,baa7as,baa7is,False,4,6,0-9,0-9,arabic_stripped
غرز,gharaz,gharriz,False,3,6,0-9,0-9,arabic_stripped
أزرق,2azraq,2azraq,True,4,6,0-9,0-9,arabic_stripped
ظلل,zallal,zallil,False,3,6,0-9,0-9,arabic_stripped
دقة,duqqa,daqqa,False,3,5,0-9,0-9,arabic_stripped
يستنكف,yistankif,yistankif,True,6,9,0-9,0-9,arabic_stripped
تغطى,tghatta,tghatta,True,4,7,0-9,0-9,arabic_stripped
مخطر,mikhtir,mkhattir,False,4,7,0-9,0-9,arabic_stripped
سعر,si3ir,sa33ir,False,3,5,0-9,0-9,arabic_stripped
عطس,3atas,3attis,False,3,5,0-9,0-9,arabic_stripped
اتقادم,2itqaadam,2itqaadam,True,6,9,0-9,0-9,arabic_stripped
يستحمل,yista7mil,yista7mil,True,6,9,0-9,0-9,arabic_stripped
يثمر,yithmir,ythammir,False,4,7,0-9,0-9,arabic_stripped
يتعزرن,yit3azran,yit3azran,True,6,9,0-9,0-9,arabic_stripped
تنقيب,tanqiib,tanqiib,True,5,7,0-9,0-9,arabic_stripped
خوف الله,khoof 2alla,khoof 2illa,False,8,11,0-9,10-19,arabic_stripped
يرجع,yirja3,yirja3,True,4,6,0-9,0-9,arabic_stripped
نشاب,nashshaab,nashshaab,True,4,9,0-9,0-9,arabic_stripped
مراسل,muraasil,maraasil,False,5,8,0-9,0-9,arabic_stripped
وهت,wahhat,wahhit,False,3,6,0-9,0-9,arabic_stripped
أعشار,2a3shaar,2a3shaar,True,5,8,0-9,0-9,arabic_stripped
كرماء,kurama,karmaa2,False,5,6,0-9,0-9,arabic_stripped
شوال,shwaal,shawwaal,False,4,6,0-9,0-9,arabic_stripped
دايم,daayim,daayim,True,4,6,0-9,0-9,arabic_stripped
سجل,sajjil,sajjil,True,3,6,0-9,0-9,arabic_stripped
زغاريب,zaghaariib,zaghaariib,True,6,10,0-9,10-19,arabic_stripped
قنشع,qkanshi3,qansha3,False,4,8,0-9,0-9,arabic_stripped
اركب,2irkab,2irkib,False,4,6,0-9,0-9,arabic_stripped
كعاكيل,ka3aakiil,ka3aakiil,True,6,9,0-9,0-9,arabic_stripped
تحمس,t7ammas,t7ammas,True,4,7,0-9,0-9,arabic_stripped
أمد,2amadd,2amad,False,3,6,0-9,0-9,arabic_stripped
ورش,warash,warrash,False,3,6,0-9,0-9,arabic_stripped
طلوع,tluu3,talwi3,False,4,5,0-9,0-9,arabic_stripped
يفنس,yifnis,yfannis,False,4,6,0-9,0-9,arabic_stripped
يلفظ,yilfuz,ylaffiz,False,4,6,0-9,0-9,arabic_stripped
يختتم,yikhtitim,yikhtim,False,5,9,0-9,0-9,arabic_stripped
قصر نظر,qusur nazar,qasar nadar,False,7,11,0-9,10-19,arabic_stripped
عنقر,3anqir,3anqir,True,4,6,0-9,0-9,arabic_stripped
لعلع,la3la3,la3la3,True,4,6,0-9,0-9,arabic_stripped
مستتب,mustatatibb,mustatib,False,5,11,0-9,10-19,arabic_stripped
يبلص,yballis,yballis,True,4,7,0-9,0-9,arabic_stripped
لعن,la3an,la33in,False,3,5,0-9,0-9,arabic_stripped
قرفان,qarfaan,qarfaan,True,5,7,0-9,0-9,arabic_stripped
يبوبر,yboobir,yboobir,True,5,7,0-9,0-9,arabic_stripped
استكفى,2istakfa,2istakfa,True,6,8,0-9,0-9,arabic_stripped
يبعز,yba33iz,yba33iz,True,4,7,0-9,0-9,arabic_stripped
يدوخ,yduukh,ydawwikh,False,4,6,0-9,0-9,arabic_stripped
عمي,3umi,3ammi,False,3,4,0-9,0-9,arabic_stripped
يدهك,yidhak,yidhak,True,4,6,0-9,0-9,arabic_stripped
يتغطس,yitghattas,yitghattas,True,5,10,0-9,10-19,arabic_stripped
ينغز,yinghuz,yinghazz,False,4,7,0-9,0-9,arabic_stripped
قصلة,qasale,qasle,False,4,6,0-9,0-9,arabic_stripped
عسل,3asal,3assil,False,3,5,0-9,0-9,arabic_stripped
اتحبك,2it7abbak,2it7abbak,True,5,9,0-9,0-9,arabic_stripped
استلزم,2istalzim,2istalzim,True,6,9,0-9,0-9,arabic_stripped
اشنق,2ishnuq,2ishnaq,False,4,7,0-9,0-9,arabic_stripped
رئاسة,ri2aase,ra2aase,False,5,7,0-9,0-9,arabic_stripped
يعبي,y3abbi,yi3bi,False,4,6,0-9,0-9,arabic_stripped
جواني,juwwaani,jawaani,False,5,8,0-9,0-9,arabic_stripped
مجد,majjad,majjad,True,3,6,0-9,0-9,arabic_stripped
فرحان,far7aan,far7aan,True,5,7,0-9,0-9,arabic_stripped
معصم,m3assim,m3assim,True,4,7,0-9,0-9,arabic_stripped
حرجاية,7urdjaaye,7arjaaye,False,6,9,0-9,0-9,arabic_stripped
ابكي,2ibki,2ibki,True,4,5,0-9,0-9,arabic_stripped
سطح,satta7,satti7,False,3,6,0-9,0-9,arabic_stripped
والحبل جرار,wil7abil jarraar,waali7 biljar,False,11,16,10-19,10-19,arabic_stripped
تحنتر,t7antar,t7antar,True,5,7,0-9,0-9,arabic_stripped
خيم,khayyam,khayyim,False,3,7,0-9,0-9,arabic_stripped
يخافق,ykhaafi2,ykhaafiq,False,5,8,0-9,0-9,arabic_stripped
خيخم,kheekham,kheekhim,False,4,8,0-9,0-9,arabic_stripped
مخاطرة,mkhaatara,mukhaatara,False,6,9,0-9,0-9,arabic_stripped
قاعدة,qaa3ida,qaa3ide,False,5,7,0-9,0-9,arabic_stripped
انسخط,2insikhit,2insitikh,False,5,9,0-9,0-9,arabic_stripped
اهجم,2uhjum,2ihjim,False,4,6,0-9,0-9,arabic_stripped
نمل,nammal,nammil,False,3,6,0-9,0-9,arabic_stripped
دقمش,daqmash,daqmish,False,4,7,0-9,0-9,arabic_stripped
رانخ,raanikh,raanikh,True,4,7,0-9,0-9,arabic_stripped
تبين,tbayyan,tabiin,False,4,7,0-9,0-9,arabic_stripped
معجون,ma3juun,ma3juun,True,5,7,0-9,0-9,arabic_stripped
بظ,buzz,bazz,False,2,4,0-9,0-9,arabic_stripped
مفتش,mufattish,mfattish,False,4,9,0-9,0-9,arabic_stripped
رشوف,rshuuf,rashwif,False,4,6,0-9,0-9,arabic_stripped
مسقسق,msa2si2,msaqsiq,False,5,7,0-9,0-9,arabic_stripped
جرمع,djarma3,jarma3,False,4,7,0-9,0-9,arabic_stripped
ثومية,toomiyye,toomiye,False,5,8,0-9,0-9,arabic_stripped
تعليق,ta3liiq,ta3liiq,True,5,7,0-9,0-9,arabic_stripped
ملادي,mlaadi,malaadi,False,5,6,0-9,0-9,arabic_stripped
آخر طرز,2aakhir tarz,2aakhir tizr,False,7,12,0-9,10-19,arabic_stripped
شرع,shari3,sharri3,False,3,6,0-9,0-9,arabic_stripped
ما بيطلع الزيت إلا من كثر العصر,maa byitla3 2izzeet 2illa min kutr 2il3asir,maa bittiil 3arazeet 2ilmin 2ilkus,False,31,43,30-39,40-49,arabic_stripped
تلبد,tlabbad,tlabbad,True,4,7,0-9,0-9,arabic_stripped
يواري,ywaari,ywaari,True,5,6,0-9,0-9,arabic_stripped
يكذب,yikzib,ykazzibykidhab,False,4,6,0-9,0-9,arabic_stripped
شروط,sharwat,sharwit,False,4,7,0-9,0-9,arabic_stripped
صيانة,siyaane,sayaane,False,5,7,0-9,0-9,arabic_stripped
خشش,khushash,khashshash,False,3,8,0-9,0-9,arabic_stripped
ذيع,zii3,dayyi3,False,3,4,0-9,0-9,arabic_stripped
رؤى,ru2a,ra2a,False,3,4,0-9,0-9,arabic_stripped
بهور,bahwar,bahwir,False,4,6,0-9,0-9,arabic_stripped
المسجد الأقصى,2ilmasjid 2ilaqsa,2ilmasad 2il2asaq,False,13,17,10-19,10-19,arabic_stripped
يربط,yurbut,yrabbit,False,4,6,0-9,0-9,arabic_stripped
يبحش,yib7ash,yba77ish,False,4,7,0-9,0-9,arabic_stripped
تسبيلة,tasbiile,tasbiile,True,6,8,0-9,0-9,arabic_stripped
تساع,tisaa3,tassaa3,False,4,6,0-9,0-9,arabic_stripped
تسامج,tsaamaj,tsaamaj,True,5,7,0-9,0-9,arabic_stripped
زعوق,za3wiqk,za3waqk,False,4,7,0-9,0-9,arabic_stripped
ينحسم,yin7isim,yin7isim,True,5,8,0-9,0-9,arabic_stripped
ورك,wirik,warrik,False,3,5,0-9,0-9,arabic_stripped
دير بالك عليه,diir baalak 3alee,diir bilaa3 kale,False,13,17,10-19,10-19,arabic_stripped
شيخ المحشي,sheekh 2ilma7shi,sheekh 2ilma7iish,False,10,16,10-19,10-19,arabic_stripped
يستعلم,yista3lim,yista3lim,True,6,9,0-9,0-9,arabic_stripped
يجرش,yijrush,yjarrish,False,4,7,0-9,0-9,arabic_stripped
طوف,toof,tawwif,False,3,4,0-9,0-9,arabic_stripped
سنامة,sanaame,sanaame,True,5,7,0-9,0-9,arabic_stripped
الولد العاطل بكسر الخاطر,2ilwalad 2il3aatil biksir 2ilkhaatir,2ilwalad 2ilkhattar bilasa3 2ilkhaat,False,24,36,20-29,30-39,arabic_stripped
حلبة,7albe,7albe,True,4,5,0-9,0-9,arabic_stripped
اتوصل,2itwassal,2itwassal,True,5,9,0-9,0-9,arabic_stripped
ماكنة,maakina,maakane,False,5,7,0-9,0-9,arabic_stripped
فواشة,fawwaashe,fawwaashe,True,5,9,0-9,0-9,arabic_stripped
مهبول,mahbuul,mahbuul,True,5,7,0-9,0-9,arabic_stripped
عبر,3abbir,3abbir,True,3,6,0-9,0-9,arabic_stripped
ابتلي,2ibtali,2ibtili,False,5,7,0-9,0-9,arabic_stripped
أبناء,2abnaa2,2abnaa2,True,5,7,0-9,0-9,arabic_stripped
صور,suwar,sawwir,False,3,5,0-9,0-9,arabic_stripped
نيجارا,niigaara,nijaara,False,6,8,0-9,0-9,arabic_stripped
يبرر,ybarrir,ybarrir,True,4,7,0-9,0-9,arabic_stripped
ستين نيلة,sittiin niile,satiine nile,False,9,13,0-9,10-19,arabic_stripped
رحل,ra77al,ra77il,False,3,6,0-9,0-9,arabic_stripped
يوبخ,ywabbikh,ywabbikh,True,4,8,0-9,0-9,arabic_stripped
بدائي,bidaa2i,badaa2i,False,5,7,0-9,0-9,arabic_stripped
استدفى,2istadfa,2istadfa,True,6,8,0-9,0-9,arabic_stripped
مقاطع,magaati3,maqaati3,False,5,8,0-9,0-9,arabic_stripped
حرض,7arrid,7arrid,True,3,6,0-9,0-9,arabic_stripped
استحسان,2ista7saan,2isti7saan,False,7,10,0-9,10-19,arabic_stripped
شرف,sharraf,sharrif,False,3,7,0-9,0-9,arabic_stripped
غاب,ghaab,ghaab,True,3,5,0-9,0-9,arabic_stripped
نفخ,nafakh,naffikh,False,3,6,0-9,0-9,arabic_stripped
قرقيع,qurqee3kurkee3,qarqii3kirka3,False,5,14,0-9,10-19,arabic_stripped
ضارب,daarab,daarib,False,4,6,0-9,0-9,arabic_stripped
انعش,2in3ish,2in3ash,False,4,7,0-9,0-9,arabic_stripped
انكوى,2inkawa,2inkawa,True,5,7,0-9,0-9,arabic_stripped
يتبكلش,yitbaklash,yitbaklash,True,6,10,0-9,10-19,arabic_stripped
ينرفع,yinrifi3,yinrifi3,True,5,8,0-9,0-9,arabic_stripped
إجعي,2ij3i,2ij3i,True,4,5,0-9,0-9,arabic_stripped
كعاكيش,ka3aakiish,ka3aakiish,True,6,10,0-9,10-19,arabic_stripped
طقطق,tuqtuq,taqtiq,False,4,6,0-9,0-9,arabic_stripped
رغب,raghghib,raghghab,False,3,8,0-9,0-9,arabic_stripped
بلاكين,balakiin,balaakiin,False,6,8,0-9,0-9,arabic_stripped
اتعبى,2it3abba,2it3abba,True,5,8,0-9,0-9,arabic_stripped
تدشدش,2iddashdash,2iddashdash,True,5,11,0-9,10-19,arabic_stripped
طم,tamm,tumm,False,2,4,0-9,0-9,arabic_stripped
يغصب,yighsib,yghassib,False,4,7,0-9,0-9,arabic_stripped
حصن,7assan,7assin,False,3,6,0-9,0-9,arabic_stripped
احلي,2i7li,2i7li,True,4,5,0-9,0-9,arabic_stripped
اخشع,2ikhsha3,2ikhsha3,True,4,8,0-9,0-9,arabic_stripped
ريش,riish,rayyish,False,3,5,0-9,0-9,arabic_stripped
لقط,laqqat,laqqat,True,3,6,0-9,0-9,arabic_stripped
مصاروة,masaarwe,musaawara,False,6,8,0-9,0-9,arabic_stripped
دقمة,duqme,daqme,False,4,5,0-9,0-9,arabic_stripped
ينطلي,yintili,yintili,True,5,7,0-9,0-9,arabic_stripped
ضب,dubb,dabb,False,2,4,0-9,0-9,arabic_stripped
يسلك,ysallik,yisluk,False,4,7,0-9,0-9,arabic_stripped
صغرة,sughra,szaghra,False,4,6,0-9,0-9,arabic_stripped
تعلم,t3allam,t3allam,True,4,7,0-9,0-9,arabic_stripped
يؤجل,y2ajjil,y2ajjil,True,4,7,0-9,0-9,arabic_stripped
قتبا,qatba,qatba,True,4,5,0-9,0-9,arabic_stripped
تعدد,ta3uddud,t3addad,False,4,8,0-9,0-9,arabic_stripped
شطر,shatir,shattar,False,3,6,0-9,0-9,arabic_stripped
مش مالي عين,mish maali 3een,mish maali 3een,True,11,15,10-19,10-19,arabic_stripped
يتفقه,yitfaqqah,yitfaqqah,True,5,9,0-9,0-9,arabic_stripped
نزلة,nazle,nazle,True,4,5,0-9,0-9,arabic_stripped
وجهه مخطوف,wijho makhtuuf,wijho makhtfa,False,10,14,10-19,10-19,arabic_stripped
غنم,ghanam,ghannim,False,3,6,0-9,0-9,arabic_stripped
حصالة,7assaale,7asaale,False,5,8,0-9,0-9,arabic_stripped
إنحراف,2in7iraaf,2in7iraaf,True,6,9,0-9,0-9,arabic_stripped
خلاف,khilaaf,khalaaf,False,4,7,0-9,0-9,arabic_stripped
تعبير,ta3biir,ta3biir,True,5,7,0-9,0-9,arabic_stripped
احذف,2i7zif,2i7zif,True,4,6,0-9,0-9,arabic_stripped
يتخيب,yitkhayyab,yitkhayyab,True,5,10,0-9,10-19,arabic_stripped
قلل,qulal,qallil,False,3,5,0-9,0-9,arabic_stripped
تواريخ,tawaariikh,tawaariikh,True,6,10,0-9,10-19,arabic_stripped
يزرم,yizram,yzarrim,False,4,6,0-9,0-9,arabic_stripped
مستنظف,mistandif,mustandif,False,6,9,0-9,0-9,arabic_stripped
يوم الطحنة,yoom 2itta7ne,yoom 2itta7niye,False,10,13,10-19,10-19,arabic_stripped
استلقى,2istalaqqa,2istalqa,False,6,10,0-9,10-19,arabic_stripped
انكشح,2inkishi7,2inkasha7,False,5,9,0-9,0-9,arabic_stripped
هبو,habu,habbu,False,3,4,0-9,0-9,arabic_stripped
انسمط,2insimit,2insitim,False,5,8,0-9,0-9,arabic_stripped
تلاحم,tlaa7am,tlaa7am,True,5,7,0-9,0-9,arabic_stripped
عجز,3ajjaz,3ajjiz,False,3,6,0-9,0-9,arabic_stripped
بزازة,bazzaaze,bzaaze,False,5,8,0-9,0-9,arabic_stripped
خوصة,khuusa,khoosa,False,4,6,0-9,0-9,arabic_stripped
حراث,7raath,7raath,True,4,6,0-9,0-9,arabic_stripped
صاير مثل البلونة,saayir mitil 2ilballoone,saayir mittool 2ilban,False,16,24,10-19,20-29,arabic_stripped
داني,daani,daani,True,4,5,0-9,0-9,arabic_stripped
اتفرز,2itfarraz,2itfarraz,True,5,9,0-9,0-9,arabic_stripped
صابونة نابلسية,saabuune naabulsiyye,saabuunit 2ilbasiyye,False,14,20,10-19,20-29,arabic_stripped
توعد,twa33ad,twa33ad,True,4,7,0-9,0-9,arabic_stripped
عطايا,3ataaya,3ataaya,True,5,7,0-9,0-9,arabic_stripped
يهبط,yhabbit,yhabbit,True,4,7,0-9,0-9,arabic_stripped
يعلن,yi3lin,y3allin,False,4,6,0-9,0-9,arabic_stripped
يبقى,yibqa,yibqa,True,4,5,0-9,0-9,arabic_stripped
زي البفتة,zayy 2ilbafte,zayy 2ilbafte,True,9,13,0-9,10-19,arabic_stripped
سباط,subbaat,sbaat,False,4,7,0-9,0-9,arabic_stripped
عقله بيوزن بلد,3aqlo byuuzin balad,3aqlo byizin walad,False,14,19,10-19,10-19,arabic_stripped
كركر,karkar,karkar,True,4,6,0-9,0-9,arabic_stripped
ينتش,yuntush,yintashsh,False,4,7,0-9,0-9,arabic_stripped
يحلقم,y7alqim,y7alqim,True,5,7,0-9,0-9,arabic_stripped
نود,nuud,nawwid,False,3,4,0-9,0-9,arabic_stripped
أوغاد,2awghaad,2awghaad,True,5,8,0-9,0-9,arabic_stripped
سفلق,safliq,saflaq,False,4,6,0-9,0-9,arabic_stripped
ارزق,2irzuq,2urzuq,False,4,6,0-9,0-9,arabic_stripped
يبخت,ybakhkhit,ybakhkhit,True,4,9,0-9,0-9,arabic_stripped
سخف,sakhkhif,sakhkhif,True,3,8,0-9,0-9,arabic_stripped
ظلم,zallam,zallam,True,3,6,0-9,0-9,arabic_stripped
تأخير,ta2khiir,ta2khiir,True,5,8,0-9,0-9,arabic_stripped
ينفرج,yinfirij,yinfirij,True,5,8,0-9,0-9,arabic_stripped
يمحر,yma77ir,yim7ar,False,4,7,0-9,0-9,arabic_stripped
سلكي,silki,salki,False,4,5,0-9,0-9,arabic_stripped
شايط,shaayit,shaayit,True,4,7,0-9,0-9,arabic_stripped
اتدرون,2iddarwan,2iddarwan,True,6,9,0-9,0-9,arabic_stripped
يرحل,yra77il,yra77il,True,4,7,0-9,0-9,arabic_stripped
مجتمع,mujtama3,mujtami3,False,5,8,0-9,0-9,arabic_stripped
قصيب,qusseeb,qasiib,False,4,7,0-9,0-9,arabic_stripped
تستر,tsattar,tsattar,True,4,7,0-9,0-9,arabic_stripped
يلحش,yil7ash,yla77ish,False,4,7,0-9,0-9,arabic_stripped
عطن,3attin,3attin,True,3,6,0-9,0-9,arabic_stripped
اتسلبط,2itsalbat,2itsalbat,True,6,9,0-9,0-9,arabic_stripped
ارتباك,2irtibaak,2irtibaak,True,6,9,0-9,0-9,arabic_stripped
ترميش,tarmiish,tarmiish,True,5,8,0-9,0-9,arabic_stripped
كواز,kwaaz,kawwaaz,False,4,5,0-9,0-9,arabic_stripped
يتحامى,yit7aama,yit7aama,True,6,8,0-9,0-9,arabic_stripped
تحزلط,t7azlat,t7azlat,True,5,7,0-9,0-9,arabic_stripped
بطاقة,bitaaqa,battaaqa,False,5,7,0-9,0-9,arabic_stripped
كلاكيع,kalaakii3,kalaakii3,True,6,9,0-9,0-9,arabic_stripped
لبخة,labkha,labkha,True,4,6,0-9,0-9,arabic_stripped
إلغاء,2ilghaa2,2ilghaa2,True,5,8,0-9,0-9,arabic_stripped
جواري,jawaari,jawaari,True,5,7,0-9,0-9,arabic_stripped
صينية,siiniyye,siiniyye,True,5,8,0-9,0-9,arabic_stripped
ارتبط,2irtabat,2irtibit,False,5,8,0-9,0-9,arabic_stripped
أديان,2adyaan,2adiina,False,5,7,0-9,0-9,arabic_stripped
يعترس,y3atris,yi3tiris,False,5,7,0-9,0-9,arabic_stripped
اشكر,2ushkur,2ushkur,True,4,7,0-9,0-9,arabic_stripped
متحمم,mit7ammim,mit7ammim,True,5,9,0-9,0-9,arabic_stripped
افقش,2ufqush,2ufqush,True,4,7,0-9,0-9,arabic_stripped
شفطة,shafta,shafta,True,4,6,0-9,0-9,arabic_stripped
زرقل,zargal,zargil,False,4,6,0-9,0-9,arabic_stripped
مخطئ,mikhti2,mkhatti2,False,4,7,0-9,0-9,arabic_stripped
سبت,sabt,sabbit,False,3,4,0-9,0-9,arabic_stripped
اتسنفر,2itsanfar,2itsanfar,True,6,9,0-9,0-9,arabic_stripped
كثر,kutur,kattar,False,3,5,0-9,0-9,arabic_stripped
حولب,7oolib,7oolib,True,4,6,0-9,0-9,arabic_stripped
كعيكلي,tsh3eetshli,ka3iikli,False,6,11,0-9,10-19,arabic_stripped
صيبعة,seeba3a,siiba3a,False,5,7,0-9,0-9,arabic_stripped
تخلى,takhalla,tkhalla,False,4,8,0-9,0-9,arabic_stripped
دفتر خرطوش,daftar khartuush,daffat rukhtuush,False,10,16,10-19,10-19,arabic_stripped
حفة,7iffe,7affe,False,3,5,0-9,0-9,arabic_stripped
اتجذمر,2itdjadhmar,2itdjadhmar,True,6,11,0-9,10-19,arabic_stripped
أجودة,2ajwide,2ajwade,False,5,7,0-9,0-9,arabic_stripped
استحقر,2istaqar,2ista7qir,False,6,8,0-9,0-9,arabic_stripped
ميطن,meetan,maytin,False,4,6,0-9,0-9,arabic_stripped
متوفي,mitwaffi,mitwaffi,True,5,8,0-9,0-9,arabic_stripped
يوفد,yuufid,ywaffid,False,4,6,0-9,0-9,arabic_stripped
ماعنده ذقن ممشطة,maa3indo diqin 2immashshatta,maa 3indo miqitish min,False,16,28,10-19,20-29,arabic_stripped
يخلع,ykhalli3,yikhla3,False,4,8,0-9,0-9,arabic_stripped
فقى,faqa,faqqa,False,3,4,0-9,0-9,arabic_stripped
بضاعة,bdaa3a,baddaa3a,False,5,6,0-9,0-9,arabic_stripped
فرجاها العجب,farjaaha 2il3ajab,farjaaho 2il3ab,False,12,17,10-19,10-19,arabic_stripped
مصاب,musaab,masaab,False,4,6,0-9,0-9,arabic_stripped
طربق,tarbiq,tarbiq,True,4,6,0-9,0-9,arabic_stripped
يحجز,yu7juz,y7ajjiz,False,4,6,0-9,0-9,arabic_stripped
أول الرقيص حجلان,2awwal 2irruqees 7adjalaan,2awla 2ilqara sanjii7,False,16,26,10-19,20-29,arabic_stripped
شخبط,shakhbit,shakhbat,False,4,8,0-9,0-9,arabic_stripped
جاح,jaa7,jaa7,True,3,4,0-9,0-9,arabic_stripped
فارد صدره,faarid sidro,faarid saro,False,9,12,0-9,10-19,arabic_stripped
ابلع,2ibla3,2ibla3,True,4,6,0-9,0-9,arabic_stripped
اتخلوع,2itkhalwa3,2itkhalwa3,True,6,10,0-9,10-19,arabic_stripped
يمتن,ymattin,ymattin,True,4,7,0-9,0-9,arabic_stripped
دبس الرمان,dibs 2irrumaan,dabb 2irraamin,False,10,14,10-19,10-19,arabic_stripped
اؤجر,2u2jar,2u2jur,False,4,6,0-9,0-9,arabic_stripped
صفارة,suffaara,safaara,False,5,8,0-9,0-9,arabic_stripped
أسرى,2asra,2asra,True,4,5,0-9,0-9,arabic_stripped
فجر,fajjar,fajjir,False,3,6,0-9,0-9,arabic_stripped
يسمد,ysammid,ysammid,True,4,7,0-9,0-9,arabic_stripped
يسعدن,ysa3din,ysa3din,True,5,7,0-9,0-9,arabic_stripped
اتمنكر,2itmankar,2itmankar,True,6,9,0-9,0-9,arabic_stripped
يتجند,yitjannad,yitjannad,True,5,9,0-9,0-9,arabic_stripped
بتلت وبتعجن,bitlitt wubti3jin,bitlat wubit3ajjan,False,11,17,10-19,10-19,arabic_stripped
نشوف وجه ربنا,nshuuf wijih rabnaa,nashuuf jaww barano,False,13,19,10-19,10-19,arabic_stripped
تحذير,ta7ziir,ta7ziir,True,5,7,0-9,0-9,arabic_stripped
يفرفط,yfarfit,yfarfit,True,5,7,0-9,0-9,arabic_stripped
أرباح,2arbaa7,2arbaa7,True,5,7,0-9,0-9,arabic_stripped
لا يفقه شي,laa yifqah shii,laa fiiq shahi,False,10,15,10-19,10-19,arabic_stripped
فهلقة,fahlaqa,fahlaqa,True,5,7,0-9,0-9,arabic_stripped
شهد,shahhad,shahhid,False,3,7,0-9,0-9,arabic_stripped
اكرش,2ukrush,2ikrush,False,4,7,0-9,0-9,arabic_stripped
الزم,2ilzam,2ilzim,False,4,6,0-9,0-9,arabic_stripped
يتطاوق,yittaawaq,yittaawaq,True,6,9,0-9,0-9,arabic_stripped
مصروف,masruuf,masruuf,True,5,7,0-9,0-9,arabic_stripped
يسفه,ysaffih,yisfah,False,4,7,0-9,0-9,arabic_stripped
يفطس,yfattis,yiftus,False,4,7,0-9,0-9,arabic_stripped
غيران,ghayraan,ghiiraan,False,5,8,0-9,0-9,arabic_stripped
اتغشمن,2itghashman,2itghashman,True,6,11,0-9,10-19,arabic_stripped
قتالي,qitaali,qataali,False,5,7,0-9,0-9,arabic_stripped
يترافع,yitraafa3,yitraafa3,True,6,9,0-9,0-9,arabic_stripped
مجد,majjid,majjad,False,3,6,0-9,0-9,arabic_stripped
يديك,ydayyik,ydiik,False,4,7,0-9,0-9,arabic_stripped
جلطة,jalta,jalta,True,4,5,0-9,0-9,arabic_stripped
اتودد,2itwaddad,2itwaddad,True,5,9,0-9,0-9,arabic_stripped
يتطعم,yitta33am,yitta33am,True,5,9,0-9,0-9,arabic_stripped
مقحمز,mka7miz,mqa7miz,False,5,7,0-9,0-9,arabic_stripped
تفريز,tafriiz,tafriiz,True,5,7,0-9,0-9,arabic_stripped
رمال,rimaal,rammaal,False,4,6,0-9,0-9,arabic_stripped
احظر,2u7zur,2i7zar,False,4,6,0-9,0-9,arabic_stripped
حقائق,7aqaa2iq,7aqaa2iq,True,5,8,0-9,0-9,arabic_stripped
عيب عشواربه,3eeb 3ashawaarbo,3eeb 3ashuuro,False,11,16,10-19,10-19,arabic_stripped
يقري,yqkgarri,yiqri,False,4,8,0-9,0-9,arabic_stripped
صلع,salla3,salli3,False,3,6,0-9,0-9,arabic_stripped
انحق,2in7aqq,2in7aqq,True,4,7,0-9,0-9,arabic_stripped
زابل,zaabil,zaabil,True,4,6,0-9,0-9,arabic_stripped
جمرة المي,jamrit 2ilmayy,jamarit 2ilmi,False,9,14,0-9,10-19,arabic_stripped
اتحزب,2it7azzab,2it7azzab,True,5,9,0-9,0-9,arabic_stripped
أسنان,2asnaan,2asnaan,True,5,7,0-9,0-9,arabic_stripped
أخطأ,2akhta2,2akhta2,True,4,7,0-9,0-9,arabic_stripped
كوم لحم,koom la7im,koom 7alam,False,7,10,0-9,10-19,arabic_stripped
استعصام,2isti3saam,2isti3saam,True,7,10,0-9,10-19,arabic_stripped
غمي,ghimi,ghammi,False,3,5,0-9,0-9,arabic_stripped
أعشاش,2a3shaash,2a3shaash,True,5,9,0-9,0-9,arabic_stripped
حبوب اللقاح,7buub 2illuqaa7,7abbu 2ilqaal,False,11,15,10-19,10-19,arabic_stripped
يجود,yjawwid,yjawwid,True,4,7,0-9,0-9,arabic_stripped
نقي,naqqi,naqi,False,3,5,0-9,0-9,arabic_stripped
ممردغ,2immardigh,mmumraddigh,False,5,10,0-9,10-19,arabic_stripped
ضنى,dana,danna,False,3,4,0-9,0-9,arabic_stripped
ذبيحة الأساس,dbii7it 2il2asaas,2abii7isit 2izzaas,False,12,17,10-19,10-19,arabic_stripped
فلوتي,faluuti,falluuti,False,5,7,0-9,0-9,arabic_stripped
يكابر,ykaabir,ykaabir,True,5,7,0-9,0-9,arabic_stripped
يحوس,y7uus,y7awwis,False,4,5,0-9,0-9,arabic_stripped
انخطف,2inkhataf,2inkhitif,False,5,9,0-9,0-9,arabic_stripped
تحويش,ta7wiish,ta7wiish,True,5,8,0-9,0-9,arabic_stripped
يستر,ysattir,ysattir,True,4,7,0-9,0-9,arabic_stripped
يشفي,yishfi,yshaffi,False,4,6,0-9,0-9,arabic_stripped
كعبل,ka3bal,ka3bal,True,4,6,0-9,0-9,arabic_stripped
زرقا,zarqa,zarqa,True,4,5,0-9,0-9,arabic_stripped
صبارة بركة,subbaarit barake,sabbaarit rake,False,10,16,10-19,10-19,arabic_stripped
شرد,sharrid,sharrid,True,3,7,0-9,0-9,arabic_stripped
اتعازم,2it3aazam,2it3aazam,True,6,9,0-9,0-9,arabic_stripped
يعج,y3idjdj,y3ijdj,False,3,7,0-9,0-9,arabic_stripped
فصوص,fsuus,fassuus,False,4,5,0-9,0-9,arabic_stripped
إقرار,2iqraar,2iqraar,True,5,7,0-9,0-9,arabic_stripped
خنفساء,khunfasa,khununfasaa2,False,6,8,0-9,0-9,arabic_stripped
منور,mnawwir,mnawwir,True,4,7,0-9,0-9,arabic_stripped
تلوق,tlawwaq,tlawwaq,True,4,7,0-9,0-9,arabic_stripped
ساحة,saa7a,saa7a,True,4,5,0-9,0-9,arabic_stripped
مخبز,makhbaz,mkhabbiz,False,4,7,0-9,0-9,arabic_stripped
يتكشف,yitkashshaf,yitkashshaf,True,5,11,0-9,10-19,arabic_stripped
يجهر,yijhar,yjahhir,False,4,6,0-9,0-9,arabic_stripped
غابة,ghaabe,ghaabe,True,4,6,0-9,0-9,arabic_stripped
إصلاحي,2islaa7i,2islaa7i,True,6,8,0-9,0-9,arabic_stripped
يسرقط,ysarkit,ysarkit,True,5,7,0-9,0-9,arabic_stripped
هاذي,haadi,haadhi,False,4,5,0-9,0-9,arabic_stripped
استجار,2istajaar,2istijjaar,False,6,9,0-9,0-9,arabic_stripped
ردان,rdaan,raddaan,False,4,5,0-9,0-9,arabic_stripped
اسأل مجرب ولا تسأل خبير,2is2al mjarrib wala tis2al khabiir,2asal marjabi 2il2akhtuur,False,23,34,20-29,30-39,arabic_stripped
افلم,2iflam,2iflam,True,4,6,0-9,0-9,arabic_stripped
اتفنش,2itfannash,2itfannash,True,5,10,0-9,10-19,arabic_stripped
انشخل,2inshakhal,2inshikhil,False,5,10,0-9,10-19,arabic_stripped
دنقر,danqir,danqir,True,4,6,0-9,0-9,arabic_stripped
يستيسر,yistaysir,yistayir,False,6,9,0-9,0-9,arabic_stripped
يطقطق,ytaqtiq,ytaqtiq,True,5,7,0-9,0-9,arabic_stripped
يزوع,yzawwi3,yzawwi3,True,4,7,0-9,0-9,arabic_stripped
امسخ,2imsakh,2imsakh,True,4,7,0-9,0-9,arabic_stripped
ماكل,maakil,maakil,True,4,6,0-9,0-9,arabic_stripped
أقلم,2aqlam,2aqlam,True,4,6,0-9,0-9,arabic_stripped
دبابير,dabaabiir,dabaabiir,True,6,9,0-9,0-9,arabic_stripped
كلامه بيتثقل بالذهب,kalaamo byitthaqqal bidhdhahab,kilhaamo bittiq bilib,False,19,30,10-19,30-39,arabic_stripped
أطرب,2atrab,2atrab,True,4,6,0-9,0-9,arabic_stripped
عقل,3aqil,3aqqal,False,3,5,0-9,0-9,arabic_stripped
عيش,3iish,3ayyish,False,3,5,0-9,0-9,arabic_stripped
حوسة,7oose,7oose,True,4,5,0-9,0-9,arabic_stripped
بحوض نعنع,b7ood na3na3,ba77uun 3adan,False,9,12,0-9,10-19,arabic_stripped
يعاقب,y3aaqib,y3aaqib,True,5,7,0-9,0-9,arabic_stripped
جلدة راسه خميلة,jildit raaso khmiile,jalde raaso khaliime,False,15,20,10-19,20-29,arabic_stripped
بتقلب بقبره,bitqallab biqabro,bitqalb biqabro,False,11,17,10-19,10-19,arabic_stripped
خنصر,khansar,khansar,True,4,7,0-9,0-9,arabic_stripped
لس,liss,liss,True,2,4,0-9,0-9,arabic_stripped
براءة,baraa2a,buraa2a,False,5,7,0-9,0-9,arabic_stripped
عينه مش مملحة,3eeno mish 2immalla7a,3eeno mish mil7ame,False,13,21,10-19,20-29,arabic_stripped
فيع,fayya3,fayyi3,False,3,6,0-9,0-9,arabic_stripped
عاجن,3aajin,3aajin,True,4,6,0-9,0-9,arabic_stripped
حطه تحت باطه,7atto ta7it baato,7atto ta7 btaa,False,12,17,10-19,10-19,arabic_stripped
تداوى,2iddaawa,2iddaawa,True,5,8,0-9,0-9,arabic_stripped
تجيير,tajyiir,tajiir,False,5,7,0-9,0-9,arabic_stripped
يحسحس,y7as7is,y7as7is,True,5,7,0-9,0-9,arabic_stripped
انلحم,2inla7am,2inli7im,False,5,8,0-9,0-9,arabic_stripped
مصايب,masaayib,masaayib,True,5,8,0-9,0-9,arabic_stripped
انفي,2infi,2infi,True,4,5,0-9,0-9,arabic_stripped
مساخيط,masaakhiit,masaakhiit,True,6,10,0-9,10-19,arabic_stripped
عظم الله أجركم,3azzam 2allaa 2ajrakum,3adhdham 2iljumak,False,14,22,10-19,20-29,arabic_stripped
أحبة,2a7ibba,2a7be,False,4,7,0-9,0-9,arabic_stripped
ألبان,2albaan,2albaan,True,5,7,0-9,0-9,arabic_stripped
افرد وجهك,2ifrid wijhak,2ifruud jihak,False,9,13,0-9,10-19,arabic_stripped
نهج,nahadj,nahhidj,False,3,6,0-9,0-9,arabic_stripped
اعتق,2i3tiq,2i3taq,False,4,6,0-9,0-9,arabic_stripped
أدغم,2adgham,2adgham,True,4,7,0-9,0-9,arabic_stripped
مانع,maani3,maani3,True,4,6,0-9,0-9,arabic_stripped
يآيس,y2aayis,y2aayis,True,4,7,0-9,0-9,arabic_stripped
اتقاتل,2itqaatal,2itqaatal,True,6,9,0-9,0-9,arabic_stripped
قصول,qaswal,qaswal,True,4,6,0-9,0-9,arabic_stripped
تغزز,tghazzaz,tghazzaz,True,4,8,0-9,0-9,arabic_stripped
رشتة,rushte,rashte,False,4,6,0-9,0-9,arabic_stripped
يرسب,yrassib,yrassib,True,4,7,0-9,0-9,arabic_stripped
سدور,sduur,sduur,True,4,5,0-9,0-9,arabic_stripped
حيل,7iil,7ayyil,False,3,4,0-9,0-9,arabic_stripped
قرقض,qarqid,qarqad,False,4,6,0-9,0-9,arabic_stripped
عبك,3abatsh,3abbik,False,3,7,0-9,0-9,arabic_stripped
ثناء,thanaa2,thanaa2,True,4,7,0-9,0-9,arabic_stripped
ضعف,da33if,da33if,True,3,6,0-9,0-9,arabic_stripped
احتفل,2i7tifil,2i7tafal,False,5,8,0-9,0-9,arabic_stripped
سكاسيك,sakaasiik,sakaasiik,True,6,9,0-9,0-9,arabic_stripped
نخخ,nakhkhakh,nakhkhikh,False,3,9,0-9,0-9,arabic_stripped
تقييم,taqyiim,taqyim,False,5,7,0-9,0-9,arabic_stripped
غلى,ghala,ghalla,False,3,5,0-9,0-9,arabic_stripped
تراسل,traasal,traasal,True,5,7,0-9,0-9,arabic_stripped
استلطف,2istaltif,2istaltaf,False,6,9,0-9,0-9,arabic_stripped
لحلح,la7la7,la7la7,True,4,6,0-9,0-9,arabic_stripped
يعلك,y3allik,y3allik,True,4,7,0-9,0-9,arabic_stripped
انفري,2infiri,2infiri,True,5,7,0-9,0-9,arabic_stripped
يبلطق,ybaltik,ybaltiq,False,5,7,0-9,0-9,arabic_stripped
انصاب,2insaab,2insaab,True,5,7,0-9,0-9,arabic_stripped
من وراك,min waraak,min waraak,True,7,10,0-9,10-19,arabic_stripped
استقتل,2istaqtil,2istaqtil,True,6,9,0-9,0-9,arabic_stripped
لاغي,laaghi,laaghi,True,4,6,0-9,0-9,arabic_stripped
يتوعك,yitwa33ak,yitwa33ak,True,5,9,0-9,0-9,arabic_stripped
أمل,2ammil,2ammal,False,3,6,0-9,0-9,arabic_stripped
مسايسة,msaayase,masaayse,False,6,8,0-9,0-9,arabic_stripped
قملة,qamle,qamle,True,4,5,0-9,0-9,arabic_stripped
سحبة,sa7be,sa7be,True,4,5,0-9,0-9,arabic_stripped
منخار,minkhaar,minkhaar,True,5,8,0-9,0-9,arabic_stripped
جرد,jarad,jarrad,False,3,5,0-9,0-9,arabic_stripped
اتواقى,2itwaaqa,2itwaaqa,True,6,8,0-9,0-9,arabic_stripped
عيي,3ayyi,3iyi,False,3,5,0-9,0-9,arabic_stripped
يجاول,yjaawil,yjaawil,True,5,7,0-9,0-9,arabic_stripped
عمدة,3umde,3amde,False,4,5,0-9,0-9,arabic_stripped
يتشرى,yitsharra,yitsharra,True,5,9,0-9,0-9,arabic_stripped
أمثلة,2amsile,2amsale,False,5,7,0-9,0-9,arabic_stripped
القف,2ulquf,2ilqif,False,4,6,0-9,0-9,arabic_stripped
قلزة,2alze,qalze,False,4,5,0-9,0-9,arabic_stripped
كفوا إيده,kaffuu 2iido,kaffuuh 2iiido,False,9,12,0-9,10-19,arabic_stripped
احمد ربك,2i7mid rabbak,2i7mid rubak,False,8,13,0-9,10-19,arabic_stripped
يعشق,y3ashshiq,y3ashshiq,True,4,9,0-9,0-9,arabic_stripped
فيل,fayyal,fiil,False,3,6,0-9,0-9,arabic_stripped
يا قوم,yaa qawm,yaa quum,False,6,8,0-9,0-9,arabic_stripped
برى,bara,barra,False,3,4,0-9,0-9,arabic_stripped
كرتون,kartuun,kartuun,True,5,7,0-9,0-9,arabic_stripped
ضيف ثقيل,deef tqiil,diif qiil,False,8,10,0-9,10-19,arabic_stripped
يكرمش,ykarmish,ykarmish,True,5,8,0-9,0-9,arabic_stripped
سكت,sakat,sakkit,False,3,5,0-9,0-9,arabic_stripped
لمز,lamaz,lammiz,False,3,5,0-9,0-9,arabic_stripped
مكمور,makmuur,makmuur,True,5,7,0-9,0-9,arabic_stripped
فرفد,farfid,farfid,True,4,6,0-9,0-9,arabic_stripped
انطبق,2intabaq,2intibiq,False,5,8,0-9,0-9,arabic_stripped
عبط,3abat,3abbit,False,3,5,0-9,0-9,arabic_stripped
افقه,2ifqah,2ifqah,True,4,6,0-9,0-9,arabic_stripped
يتلخص,yitlakhkhas,yitlakhkhas,True,5,11,0-9,10-19,arabic_stripped
مغلق,mughlaq,mghalliq,False,4,7,0-9,0-9,arabic_stripped
بطئ,batti2,batti2,True,3,6,0-9,0-9,arabic_stripped
يرتكز,yirtikiz,yirtikiz,True,5,8,0-9,0-9,arabic_stripped
حوي,7iwi,7awwi,False,3,4,0-9,0-9,arabic_stripped
يصور,ysawwir,ysuur,False,4,7,0-9,0-9,arabic_stripped
فهلق,fahliq,fahlaq,False,4,6,0-9,0-9,arabic_stripped
حملت,7imlat,7amlat,False,4,6,0-9,0-9,arabic_stripped
حنحن,7an7in,7an7in,True,4,6,0-9,0-9,arabic_stripped
قراطيف,qaraatiif,qaraatiif,True,6,9,0-9,0-9,arabic_stripped
دادى,daada,daada,True,4,5,0-9,0-9,arabic_stripped
فوضوي,fawdawi,foodeewi,False,5,7,0-9,0-9,arabic_stripped
مدفوس,madfuus,madfuus,True,5,7,0-9,0-9,arabic_stripped
فصح,fassa7,fassi7,False,3,6,0-9,0-9,arabic_stripped
يرط,yrutt,yrutt,True,3,5,0-9,0-9,arabic_stripped
استغلالي,2istighlaali,2istighlaali,True,8,12,0-9,10-19,arabic_stripped
اتغضب,2itghaddab,2itghaddab,True,5,10,0-9,10-19,arabic_stripped
مقربط,mqarbit,mqarbit,True,5,7,0-9,0-9,arabic_stripped
اطمس,2utmus,2itmas,False,4,6,0-9,0-9,arabic_stripped
مبرجل,mbarjil,mbarjil,True,5,7,0-9,0-9,arabic_stripped
يكون,ykawwin,ykawwin,True,4,7,0-9,0-9,arabic_stripped
يبرص,ybarris,ybarris,True,4,7,0-9,0-9,arabic_stripped
غيار,ghayaar,ghayyaar,False,4,7,0-9,0-9,arabic_stripped
يرضع,yirda3,yirda3,True,4,6,0-9,0-9,arabic_stripped
ينقل,ynaqqil,yinqall,False,4,7,0-9,0-9,arabic_stripped
تفنش,tfannash,tfannash,True,4,8,0-9,0-9,arabic_stripped
يغربل,ygharbil,ygharbil,True,5,8,0-9,0-9,arabic_stripped
ينخمع,yinkhimi3,yinkhimi3,True,5,9,0-9,0-9,arabic_stripped
حركشة,7arkashe,7arkashe,True,5,8,0-9,0-9,arabic_stripped
أهتر,2ahtar,2ahtar,True,4,6,0-9,0-9,arabic_stripped
تصليح,taslii7,taslii7,True,5,7,0-9,0-9,arabic_stripped
أجمل,2ajmal,2ajmal,True,4,6,0-9,0-9,arabic_stripped
قرفص,qarfis,qarfis,True,4,6,0-9,0-9,arabic_stripped
مآنسة,m2aanase,m2aanse,False,5,8,0-9,0-9,arabic_stripped
يصادف,ysaadif,ysaadif,True,5,7,0-9,0-9,arabic_stripped
سلاح,slaa7,salaa7,False,4,5,0-9,0-9,arabic_stripped
فاضي البال,faadi 2ilbaal,faadi 2ilbal,False,10,13,10-19,10-19,arabic_stripped
مبوجر,mboodjir,mabwajir,False,5,8,0-9,0-9,arabic_stripped
رصة سنان,rassit snaan,rassit snaan,True,8,12,0-9,10-19,arabic_stripped
تغرب,tgharrab,tgharrab,True,4,8,0-9,0-9,arabic_stripped
متاعيس,mataa3iis,mitaa3iis,False,6,9,0-9,0-9,arabic_stripped
تحزم,t7azzam,t7azzam,True,4,7,0-9,0-9,arabic_stripped
عظرت,3adhrat,3azrat,False,4,7,0-9,0-9,arabic_stripped
هدم,hadim,haddim,False,3,5,0-9,0-9,arabic_stripped
اتخدر,2itkhaddar,2itkhaddar,True,5,10,0-9,10-19,arabic_stripped
فغم,faghim,faghgham,False,3,6,0-9,0-9,arabic_stripped
حجر العين,7ajar 2il3een,7ajar 3aleen,False,9,13,0-9,10-19,arabic_stripped
طجة,tadjdje,tujje,False,3,7,0-9,0-9,arabic_stripped
عكفة,3akfe,3akfe,True,4,5,0-9,0-9,arabic_stripped
يضج,ydujj,ydujj,True,3,5,0-9,0-9,arabic_stripped
ظابح,dhaabi7,dhaabi7,True,4,7,0-9,0-9,arabic_stripped
لتن,lattan,lattin,False,3,6,0-9,0-9,arabic_stripped
يفنجر,yfanjir,yfanjir,True,5,7,0-9,0-9,arabic_stripped
ورث,warris,warras,False,3,6,0-9,0-9,arabic_stripped
منخرط,minkhirit,munkharit,False,5,9,0-9,0-9,arabic_stripped
أكل حقه,2akal 7aqqo,2akal 7aqo,False,7,11,0-9,10-19,arabic_stripped
رفه,raffah,raffih,False,3,6,0-9,0-9,arabic_stripped
يتكثف,yitkassaf,yitkassaf,True,5,9,0-9,0-9,arabic_stripped
قحقح,qa7qi7ka7ki7,qa7ka7ka7,False,4,12,0-9,10-19,arabic_stripped
صندوق السيسم,sunduuq 2iseesam,sanduuq 2issamiil,False,12,16,10-19,10-19,arabic_stripped
ثقل,taqqilta22ilthaggil,thaqqal,False,3,19,0-9,10-19,arabic_stripped
عقر,3aqar,3aqqar,False,3,5,0-9,0-9,arabic_stripped
أكل مقلب,2akal maqlab,2akal mqalb,False,8,12,0-9,10-19,arabic_stripped
ارغي,2irghi,2irghi,True,4,6,0-9,0-9,arabic_stripped
إدمان,2idmaan,2idmaan,True,5,7,0-9,0-9,arabic_stripped
شرطة,shurta,sharta,False,4,6,0-9,0-9,arabic_stripped
فع,fi33,fa33,False,2,4,0-9,0-9,arabic_stripped
يقلقل,yqalqil,yqalqil,True,5,7,0-9,0-9,arabic_stripped
تمحك,tma77ak,tma77ak,True,4,7,0-9,0-9,arabic_stripped
تلحف,tla77af,tla77af,True,4,7,0-9,0-9,arabic_stripped
لبلب,liblib,lablab,False,4,6,0-9,0-9,arabic_stripped
كوت,koot,kawwat,False,3,4,0-9,0-9,arabic_stripped
نهنه,nahnih,nahnah,False,4,6,0-9,0-9,arabic_stripped
يزرع,yzarri3,yizra3,False,4,7,0-9,0-9,arabic_stripped
حنيرك والجاجة تنقر عينك,7unneerak wiljaaje tunqur 3eenak,7aniir kaw 3aljeenenet 2ilqanekara,False,23,32,20-29,30-39,arabic_stripped
عكنن,3aknan,3aknin,False,4,6,0-9,0-9,arabic_stripped
اتمعمل,2itma3mal,2itma3mal,True,6,9,0-9,0-9,arabic_stripped
يقدد,yqkgaddid,yqaddid,False,4,9,0-9,0-9,arabic_stripped
انضب,2indabb,2indabb,True,4,7,0-9,0-9,arabic_stripped
جصص,jassas,jassis,False,3,6,0-9,0-9,arabic_stripped
يستهتر,yistahtir,yistahtir,True,6,9,0-9,0-9,arabic_stripped
تلفظ,tlaffaz,tlaffaz,True,4,7,0-9,0-9,arabic_stripped
حاجب,7aajib,7aajib,True,4,6,0-9,0-9,arabic_stripped
يتجعم,yitdja33am,yitja33am,False,5,10,0-9,10-19,arabic_stripped
استكحل,2istak7il,2istak7il,True,6,9,0-9,0-9,arabic_stripped
ريت,reet,rayyat,False,3,4,0-9,0-9,arabic_stripped
حنط,7annat,7annit,False,3,6,0-9,0-9,arabic_stripped
طارد,taarad,taarid,False,4,6,0-9,0-9,arabic_stripped
يتبختر,yitbakhtar,yitbakhtar,True,6,10,0-9,10-19,arabic_stripped
مفرول,mfarwil,mafruul,False,5,7,0-9,0-9,arabic_stripped
قمل,qamil,qammal,False,3,5,0-9,0-9,arabic_stripped
مماسح,mamaasi7,mamaasi7,True,5,8,0-9,0-9,arabic_stripped
مستنطق,mistantiq,mistantiq,True,6,9,0-9,0-9,arabic_stripped
لزع,laza3,lazzi3,False,3,5,0-9,0-9,arabic_stripped
تجاوب,tjaawab,tjaawab,True,5,7,0-9,0-9,arabic_stripped
مشور,mashwir,mshawwir,False,4,7,0-9,0-9,arabic_stripped
دكة,dikke,dakke,False,3,5,0-9,0-9,arabic_stripped
دماية,dammayye,dammaaye,False,5,8,0-9,0-9,arabic_stripped
فقعت معي,faq3at ma3i,faqa3 mati,False,8,11,0-9,10-19,arabic_stripped
ترس,tarras,tarris,False,3,6,0-9,0-9,arabic_stripped
نمورة,nammuura,numuura,False,5,8,0-9,0-9,arabic_stripped
مهرجل,mhargal,mhargil,False,5,7,0-9,0-9,arabic_stripped
كرة سلة,kurat salle,karrit sale,False,7,11,0-9,10-19,arabic_stripped
فطر,fitir,fattar,False,3,5,0-9,0-9,arabic_stripped
كشف,kashshif,kashshif,True,3,8,0-9,0-9,arabic_stripped
كذبي,kizbi,kazbi,False,4,5,0-9,0-9,arabic_stripped
ينمسك,yinmisik,yinmisik,True,5,8,0-9,0-9,arabic_stripped
ممتاز,mumtaaz,mumtaazaaz,False,5,7,0-9,0-9,arabic_stripped
ول,wall,will,False,2,4,0-9,0-9,arabic_stripped
سخول,skhuul,skhuul,True,4,6,0-9,0-9,arabic_stripped
ندم,nidim,naddam,False,3,5,0-9,0-9,arabic_stripped
اتسدح,2itsadda7,2itsadda7,True,5,9,0-9,0-9,arabic_stripped
ادفا,2idfa,2idfa,True,4,5,0-9,0-9,arabic_stripped
تلعبن,tla3ban,tla3ban,True,5,7,0-9,0-9,arabic_stripped
عتقي,3utqi,3atqi,False,4,5,0-9,0-9,arabic_stripped
رز خبابيص,ruzz khabaabiis,razz khabaay,False,9,15,0-9,10-19,arabic_stripped
سخي,sikhi,sakhkhi,False,3,5,0-9,0-9,arabic_stripped
اجدب,2ijdib,2ijdib,True,4,6,0-9,0-9,arabic_stripped
بعث,ba3it,ba3as,False,3,5,0-9,0-9,arabic_stripped
يستعرض,yista3rid,yista3rid,True,6,9,0-9,0-9,arabic_stripped
خلاط,khallaat,khallaat,True,4,8,0-9,0-9,arabic_stripped
أصعب,2as3ab,2as3ab,True,4,6,0-9,0-9,arabic_stripped
متدولق,middooli2,middooliq,False,6,9,0-9,0-9,arabic_stripped
امعص,2im3as,2imsa3,False,4,6,0-9,0-9,arabic_stripped
سواطير,sawaatiir,sawaatiir,True,6,9,0-9,0-9,arabic_stripped
ثنى,tanna,thanna,False,3,5,0-9,0-9,arabic_stripped
يعطس,yu3tus,yi3tas,False,4,6,0-9,0-9,arabic_stripped
تحدى,t7adda,t7adda,True,4,6,0-9,0-9,arabic_stripped
يخشع,yikhsha3,yikhsha3,True,4,8,0-9,0-9,arabic_stripped
يصارع,ysaari3,ysaari3,True,5,7,0-9,0-9,arabic_stripped
مصل,masil,massil,False,3,5,0-9,0-9,arabic_stripped
بارد,baarid,baarid,True,4,6,0-9,0-9,arabic_stripped
داشع مش قاشع,daashi3 mush qaashi3,daash 3umsh qaash,False,12,20,10-19,20-29,arabic_stripped
قتر,qattir,qattar,False,3,6,0-9,0-9,arabic_stripped
برشت,brisht,barshit,False,4,6,0-9,0-9,arabic_stripped
حصص,7issas,7assis,False,3,6,0-9,0-9,arabic_stripped
خميس,khamiis,khamiis,True,4,7,0-9,0-9,arabic_stripped
اهبد,2ihbid,2ihbid,True,4,6,0-9,0-9,arabic_stripped
قلع,qalli3,qalla3,False,3,6,0-9,0-9,arabic_stripped
كبريتة,kibriite,kabriite,False,6,8,0-9,0-9,arabic_stripped
تلقى,tlaqqa,tlaqqa,True,4,6,0-9,0-9,arabic_stripped
عسلامته,3asalaamto,3aslaatomaato,False,7,10,0-9,10-19,arabic_stripped
مصنصن,msansin,msansin,True,5,7,0-9,0-9,arabic_stripped
يخمس,ykhammis,ykhammis,True,4,8,0-9,0-9,arabic_stripped
يتعيد,yit3ayyad,yit3ayyad,True,5,9,0-9,0-9,arabic_stripped
أفلام كرتون,2aflaam kartuun,2aflaam 2itrukan,False,11,15,10-19,10-19,arabic_stripped
مطرز,mtarriz,mtarriz,True,4,7,0-9,0-9,arabic_stripped
صفر,sifir,saffar,False,3,5,0-9,0-9,arabic_stripped
مرور الكرام,muruur 2ilkiraam,marwar 2ilkaram,False,11,16,10-19,10-19,arabic_stripped
الولد العاطل بيكسر الخاطر,2ilwalad 2il3aatil biksir 2ilkhaatir,2ilwalad 2ilkhattar billasa3 2ilkhaayir,False,25,36,20-29,30-39,arabic_stripped
حير,7ayyir,7ayyar,False,3,6,0-9,0-9,arabic_stripped
يتشربح,yitsharba7,yitsharba7,True,6,10,0-9,10-19,arabic_stripped
اتجلخ,2itjallakh,2itjallakh,True,5,10,0-9,10-19,arabic_stripped
نول,nool,nawwil,False,3,4,0-9,0-9,arabic_stripped
يتبخس,yitbakhkhas,yitbakhkhas,True,5,11,0-9,10-19,arabic_stripped
استغل,2istaghill,2istaghall,False,5,10,0-9,10-19,arabic_stripped
يغف,yghiff,yghiff,True,3,6,0-9,0-9,arabic_stripped
تمتم,tamtam,tamtam,True,4,6,0-9,0-9,arabic_stripped
معارض,mu3aarid,mu3aarid,True,5,8,0-9,0-9,arabic_stripped
يساوي,ysaawi,ysaawi,True,5,6,0-9,0-9,arabic_stripped
عكيف كيوفك,3akeef kayyuufak,3akiif keew,False,10,16,10-19,10-19,arabic_stripped
بوبع,booba3,boobi3,False,4,6,0-9,0-9,arabic_stripped
تشريعي,tashrii3i,tashrii3i,True,6,9,0-9,0-9,arabic_stripped
مهجة,muhje,mahje,False,4,5,0-9,0-9,arabic_stripped
جياب,jyaab,jayaab,False,4,5,0-9,0-9,arabic_stripped
ينظر,yunzur,yinzarr,False,4,6,0-9,0-9,arabic_stripped
تنفذ,tnaffaz,tnaffaz,True,4,7,0-9,0-9,arabic_stripped
فرن,furun,farrin,False,3,5,0-9,0-9,arabic_stripped
يلمس,yilmis,ylammis,False,4,6,0-9,0-9,arabic_stripped
اتوزم,2itwazzam,2itwazzam,True,5,9,0-9,0-9,arabic_stripped
ارتزي,2irtizi,2irtizi,True,5,7,0-9,0-9,arabic_stripped
مسحوب من لسانه,mas7uub min lsaano,mis7uub min 2isso,False,14,18,10-19,10-19,arabic_stripped
نول,nuul,nawwil,False,3,4,0-9,0-9,arabic_stripped
سرسري,sarsari,sarsiir,False,5,7,0-9,0-9,arabic_stripped
انفراد,2infiraad,2infiraad,True,6,9,0-9,0-9,arabic_stripped
اتقنع,2itqanna3,2itqanna3,True,5,9,0-9,0-9,arabic_stripped
استرد,2istaradd,2istaradd,True,5,9,0-9,0-9,arabic_stripped
طلبت روحه الجنة,talbat ruu7o 2iljanne,talbat roo7 2iljanne,False,15,21,10-19,20-29,arabic_stripped
حمصاية,7ummusaaye,7asmaaye,False,6,10,0-9,10-19,arabic_stripped
زباين,zabaayin,zabaayin,True,5,8,0-9,0-9,arabic_stripped
بنى,banna,bana,False,3,5,0-9,0-9,arabic_stripped
جاب وحط,jaab wu7att,jaab 7oot,False,7,11,0-9,10-19,arabic_stripped
قرط,qarrit,qarrit,True,3,6,0-9,0-9,arabic_stripped
فار,faar,faar,True,3,4,0-9,0-9,arabic_stripped
عفكرة,3afikra,3afkara,False,5,7,0-9,0-9,arabic_stripped
دبابيس,dabaabiis,dabaabiis,True,6,9,0-9,0-9,arabic_stripped
ينرج,yinrajj,yinrajj,True,4,7,0-9,0-9,arabic_stripped
اتمليط,2itmalyat,2itmalyat,True,6,9,0-9,0-9,arabic_stripped
أعجب,2a3jab,2a3jab,True,4,6,0-9,0-9,arabic_stripped
يستحسن,yista7sin,yista7sin,True,6,9,0-9,0-9,arabic_stripped
مزمار,mizmaar,muzmaar,False,5,7,0-9,0-9,arabic_stripped
لسانك مايجيش علساني,lsaanak maa yijiish 3alsaani,lsanaak maasi 2iljaasiiin,False,19,28,10-19,20-29,arabic_stripped
بحار,bi7aar,ba77aar,False,4,6,0-9,0-9,arabic_stripped
يتوكس,yitwikis,yitwakkas,False,5,8,0-9,0-9,arabic_stripped
أخت رجال,2ukht rjaal,2akht rijjaal,False,8,11,0-9,10-19,arabic_stripped
شيل,shayyil,shayyil,True,3,7,0-9,0-9,arabic_stripped
طرد,tarrad,tarrid,False,3,6,0-9,0-9,arabic_stripped
انرصد,2inrasad,2inrisid,False,5,8,0-9,0-9,arabic_stripped
يتجعمص,yitdja3mas,yitdja3mas,True,6,10,0-9,10-19,arabic_stripped
استخرج,2istakhrij,2istakhrij,True,6,10,0-9,10-19,arabic_stripped
يأنتك,y2antik,y2antik,True,5,7,0-9,0-9,arabic_stripped
استفظع,2istafdhi3,2istafdha3,False,6,10,0-9,10-19,arabic_stripped
تهطل,thattal,thattal,True,4,7,0-9,0-9,arabic_stripped
كشف,kashif,kashshif,False,3,6,0-9,0-9,arabic_stripped
أعسر,2a3sar,2a3sar,True,4,6,0-9,0-9,arabic_stripped
ابن المحظوظة,2ibin 2ilma7zuuza,2ibin 2izzamm7uuwe,False,12,17,10-19,10-19,arabic_stripped
يربح,yirba7,yrabbi7,False,4,6,0-9,0-9,arabic_stripped
يؤدي,y2addi,y2addi,True,4,6,0-9,0-9,arabic_stripped
بالك,baalak,baalik,False,4,6,0-9,0-9,arabic_stripped
أسير,2asiir,2asiir,True,4,6,0-9,0-9,arabic_stripped
تنغص,tnaghghas,tnaghghas,True,4,9,0-9,0-9,arabic_stripped
جبشة,djabashe,jabshe,False,4,8,0-9,0-9,arabic_stripped
طوش,tuwash,tawwish,False,3,6,0-9,0-9,arabic_stripped
وصية,wasiyye,wasiyye,True,4,7,0-9,0-9,arabic_stripped
هزأ,hazza2,hazza2,True,3,6,0-9,0-9,arabic_stripped
يضب,ydubb,ydubb,True,3,5,0-9,0-9,arabic_stripped
طنابيز,tanaabiiz,tanaabiiz,True,6,9,0-9,0-9,arabic_stripped
خلق,khalak,khallaq,False,3,6,0-9,0-9,arabic_stripped
استدرار,2istidraar,2istidraar,True,7,10,0-9,10-19,arabic_stripped
استلذ,2istalaz,2istaliz,False,5,8,0-9,0-9,arabic_stripped
مزط,mazat,mazzit,False,3,5,0-9,0-9,arabic_stripped
يتحزوط,yit7azwat,yit7azwat,True,6,9,0-9,0-9,arabic_stripped
هاجد,haajid,haajid,True,4,6,0-9,0-9,arabic_stripped
منشفة,minshafe,manshafe,False,5,8,0-9,0-9,arabic_stripped
يعزل,yi3zil,yi3zil,True,4,6,0-9,0-9,arabic_stripped
اتحاشى,2it7aasha,2it7aasha,True,6,9,0-9,0-9,arabic_stripped
روحة بلا رجعة,roo7a bala raj3a,roo7it biljura,False,13,16,10-19,10-19,arabic_stripped
دبايق,dabaayi2,dabaayiq,False,5,8,0-9,0-9,arabic_stripped
جبل,jabbal,jabbil,False,3,6,0-9,0-9,arabic_stripped
يسنفر,ysanfir,ysanfir,True,5,7,0-9,0-9,arabic_stripped
تحوج,t7awwaj,t7awwaj,True,4,7,0-9,0-9,arabic_stripped
صيغة,siigha,siigha,True,4,6,0-9,0-9,arabic_stripped
عشب,3ushub,3ashshib,False,3,6,0-9,0-9,arabic_stripped
اتجهز,2itjahhaz,2itjahhaz,True,5,9,0-9,0-9,arabic_stripped
جوف,jawwaf,jawwaf,True,3,6,0-9,0-9,arabic_stripped
عنيف,3aniif,3aniif,True,4,6,0-9,0-9,arabic_stripped
واعي,waa3i,waa3i,True,4,5,0-9,0-9,arabic_stripped
فرد,farad,farrid,False,3,5,0-9,0-9,arabic_stripped
تجعلص,tja3las,tdja3las,False,5,7,0-9,0-9,arabic_stripped
غدة,ghudde,ghadde,False,3,6,0-9,0-9,arabic_stripped
يكب,ykibb,ykibb,True,3,5,0-9,0-9,arabic_stripped
فقى الدملة,faqa 2iddumale,faqqa 2iddamme,False,10,14,10-19,10-19,arabic_stripped
يا داخل بين البصلة وقشرتها ماينوبك غير ريحتها,yaa daakhil been 2ilbasale wuqishritha maa ynuubak gheer rii7itha,yaa dakharuub yitla qan shabira7 wughaalli maye,False,45,65,40-49,60-69,arabic_stripped
لين,layyin,layyin,True,3,6,0-9,0-9,arabic_stripped
اترك,2itruk,2itrikk,False,4,6,0-9,0-9,arabic_stripped
نشف ريقي,nashshaf riiqi,nashaf riiq,False,8,14,0-9,10-19,arabic_stripped
تغربل,tghirbil,tgharbal,False,5,8,0-9,0-9,arabic_stripped
تفل,taffal,taffil,False,3,6,0-9,0-9,arabic_stripped
بلل,balal,ballil,False,3,5,0-9,0-9,arabic_stripped
يتشيخ,yitshayyakh,yitshayyakh,True,5,11,0-9,10-19,arabic_stripped
يبوش,ybawwish,ybawwish,True,4,8,0-9,0-9,arabic_stripped
يتحرم,yit7arram,yit7arram,True,5,9,0-9,0-9,arabic_stripped
هشم,hashsham,hashshim,False,3,8,0-9,0-9,arabic_stripped
سؤال,su2aal,sa2aal,False,4,6,0-9,0-9,arabic_stripped
يمتص,yimtass,yimtis,False,4,7,0-9,0-9,arabic_stripped
أبو مزراق,2abu mizraaqk,2abu marzaq,False,9,13,0-9,10-19,arabic_stripped
جلده بيحكه,jildo bi7ukko,jallo bi7akiid,False,10,13,10-19,10-19,arabic_stripped
تجنن,tjannan,tjannan,True,4,7,0-9,0-9,arabic_stripped
برص,burus,barris,False,3,5,0-9,0-9,arabic_stripped
شدفاوي,shidfaawi,shadfaawi,False,6,9,0-9,0-9,arabic_stripped
تخاذل,tkhaazal,tkhaazal,True,5,8,0-9,0-9,arabic_stripped
حيايا,7ayaaya,7aya,False,5,7,0-9,0-9,arabic_stripped
تمول,tmawwal,tmawwal,True,4,7,0-9,0-9,arabic_stripped
يعني,yi3ni,y3anni,False,4,5,0-9,0-9,arabic_stripped
نقض,naqad,naqad,True,3,5,0-9,0-9,arabic_stripped
بيحكي لبلد,bi7ki labalad,bii7keel balad,False,10,13,10-19,10-19,arabic_stripped
مريح,murii7,mrayyi7,False,4,6,0-9,0-9,arabic_stripped
تشويش,tashwiish,tashwiish,True,5,9,0-9,0-9,arabic_stripped
قفر,qafar,qaffar,False,3,5,0-9,0-9,arabic_stripped
يتنظم,yitnazzam,yitnazzam,True,5,9,0-9,0-9,arabic_stripped
صابون الجلي,saabuun 2iljali,saabuun 2ilji,False,11,15,10-19,10-19,arabic_stripped
نحف,ni7if,na77if,False,3,5,0-9,0-9,arabic_stripped
انعكس,2in3ikis,2in3ikis,True,5,8,0-9,0-9,arabic_stripped
غاوية,ghaawye,ghaawiyye,False,5,7,0-9,0-9,arabic_stripped
خلص,khilis,khallis,False,3,6,0-9,0-9,arabic_stripped
خلع,khala3,khalla3,False,3,6,0-9,0-9,arabic_stripped
يبعقش,yba3qish,yba3qish,True,5,8,0-9,0-9,arabic_stripped
قلم رصاص,qalam rasaas,qalam raas,False,8,12,0-9,10-19,arabic_stripped
فاطن,faatin,faatin,True,4,6,0-9,0-9,arabic_stripped
يتحسس,yit7assas,yit7assas,True,5,9,0-9,0-9,arabic_stripped
يطفطف,ytaftif,ytaftif,True,5,7,0-9,0-9,arabic_stripped
السوا عالعدا,2issawa 3al3ada,2ilsawaa3 2il3ad,False,12,15,10-19,10-19,arabic_stripped
يدب,ydibb,ydibb,True,3,5,0-9,0-9,arabic_stripped
يطش,ytushsh,ytushsh,True,3,7,0-9,0-9,arabic_stripped
بعدين,ba3deen,ba3diin,False,5,7,0-9,0-9,arabic_stripped
تعتع,ta3ta3,ta3ti3,False,4,6,0-9,0-9,arabic_stripped
رقع,raqa3,raqqa3,False,3,5,0-9,0-9,arabic_stripped
نجس,najjis,najjas,False,3,6,0-9,0-9,arabic_stripped
حليان,7alyaan,7aliina,False,5,7,0-9,0-9,arabic_stripped
تربس,tarbas,trabbas,False,4,6,0-9,0-9,arabic_stripped
كريك,kreek,kriik,False,4,5,0-9,0-9,arabic_stripped
تشغنف,tshaghnaf,tshaghnaf,True,5,9,0-9,0-9,arabic_stripped
يتعمد,yit3ammad,yit3ammad,True,5,9,0-9,0-9,arabic_stripped
لطع,lata3,latta3,False,3,5,0-9,0-9,arabic_stripped
اقعش,2iqk3ash,2iq3ash,False,4,8,0-9,0-9,arabic_stripped
فرم,faram,farrim,False,3,5,0-9,0-9,arabic_stripped
شخصن,shakhsan,shakhsan,True,4,8,0-9,0-9,arabic_stripped
يفلل,yfallil,yfallil,True,4,7,0-9,0-9,arabic_stripped
إذا,2izan,2iza,False,3,5,0-9,0-9,arabic_stripped
بنق,bannaq,banniq,False,3,6,0-9,0-9,arabic_stripped
مقلقز,2mqalqiz,mqalqiz,False,5,8,0-9,0-9,arabic_stripped
ازهق,2izhaq,2izhaq,True,4,6,0-9,0-9,arabic_stripped
يهني,yhanni,yhanni,True,4,6,0-9,0-9,arabic_stripped
محبط,mu7bat,m7abbit,False,4,6,0-9,0-9,arabic_stripped
إغواء,2ighwaa2,2ighwaa2,True,5,8,0-9,0-9,arabic_stripped
كاريزما,kaarizma,kaariimaz,False,7,8,0-9,0-9,arabic_stripped
مغطاس,mightaas,mughtaas,False,5,8,0-9,0-9,arabic_stripped
انخذل,2inkhizil,2inkhizil,True,5,9,0-9,0-9,arabic_stripped
انقرم,2inqirim,2inqaram,False,5,8,0-9,0-9,arabic_stripped
بخاخ,bakhkhaakh,bkhaakh,False,4,10,0-9,10-19,arabic_stripped
متر,mattar,mattar,True,3,6,0-9,0-9,arabic_stripped
كعاكل,ka3aakil,ka3aakil,True,5,8,0-9,0-9,arabic_stripped
لسوع,laswa3,laswa3,True,4,6,0-9,0-9,arabic_stripped
استعطاف,2isti3taaf,2isti3taaf,True,7,10,0-9,10-19,arabic_stripped
بطنه كبير,batno kbiir,batno kabiir,False,9,11,0-9,10-19,arabic_stripped
يفهي,yfahhi,yifhi,False,4,6,0-9,0-9,arabic_stripped
قتت,qattit,qattit,True,3,6,0-9,0-9,arabic_stripped
ضلايلي,dalaayli,dalaayli,True,6,8,0-9,0-9,arabic_stripped
ثمر,thammar,thammar,True,3,7,0-9,0-9,arabic_stripped
نحف,na77if,na77if,True,3,6,0-9,0-9,arabic_stripped
يلغوص,ylaghwis,ylaghwis,True,5,8,0-9,0-9,arabic_stripped
خطة,khutta,khatta,False,3,6,0-9,0-9,arabic_stripped
إير,2iir,2iir,True,3,4,0-9,0-9,arabic_stripped
الملافظ سعد,2ilmalaafiz sa3id,2ilmizlaf 2idas,False,11,17,10-19,10-19,arabic_stripped
هربجة,harbaje,harbaje,True,5,7,0-9,0-9,arabic_stripped
نهض,nahad,nahad,True,3,5,0-9,0-9,arabic_stripped
يجرس,yjarris,yjarris,True,4,7,0-9,0-9,arabic_stripped
تمضمض,tmadmad,tmadmad,True,5,7,0-9,0-9,arabic_stripped
انحرم,2in7aram,2in7aram,True,5,8,0-9,0-9,arabic_stripped
إغاثة,2ighaathe,2ighaathe,True,5,9,0-9,0-9,arabic_stripped
يداقش,ydaaqish,ydaaqish,True,5,8,0-9,0-9,arabic_stripped
مكيال,mikyaal,makyaal,False,5,7,0-9,0-9,arabic_stripped
حنبط,7ambit,7anbit,False,4,6,0-9,0-9,arabic_stripped
برواز,birwaaz,barwaaz,False,5,7,0-9,0-9,arabic_stripped
نتائج,nataa2ij,nataaji2,False,5,8,0-9,0-9,arabic_stripped
فائض,faa2id,faa2id,True,4,6,0-9,0-9,arabic_stripped
غير,ghayyir,ghayyir,True,3,7,0-9,0-9,arabic_stripped
يتشغنف,yitshaghnaf,yitshaghnaf,True,6,11,0-9,10-19,arabic_stripped
ذبيل,dhubbeel,dbeel,False,4,8,0-9,0-9,arabic_stripped
يكحت,yka77it,yka77it,True,4,7,0-9,0-9,arabic_stripped
يطرح,yitra7,ytarri7,False,4,6,0-9,0-9,arabic_stripped
يغمى,yighma,yighma,True,4,6,0-9,0-9,arabic_stripped
وكبر,wakbar,wakbir,False,4,6,0-9,0-9,arabic_stripped
مجرب,mjarrab,mjarrib,False,4,7,0-9,0-9,arabic_stripped
يتمنكر,yitmankar,yitmankar,True,6,9,0-9,0-9,arabic_stripped
مقلسة,ma2lase,mqalse,False,5,7,0-9,0-9,arabic_stripped
بين,been,bayyin,False,3,4,0-9,0-9,arabic_stripped
فواخير,fawaakhiir,fawaakhiir,True,6,10,0-9,10-19,arabic_stripped
يلظلظ,ylazliz,ylazliz,True,5,7,0-9,0-9,arabic_stripped
ادهك,2idhak,2idhak,True,4,6,0-9,0-9,arabic_stripped
تشنخر,tshankhar,tshankhar,True,5,9,0-9,0-9,arabic_stripped
توصل,twassal,twassal,True,4,7,0-9,0-9,arabic_stripped
باعث,baa3it,baa3it,True,4,6,0-9,0-9,arabic_stripped
حلب,7alab,7allab,False,3,5,0-9,0-9,arabic_stripped
يشابط,yshaabit,yshaabit,True,5,8,0-9,0-9,arabic_stripped
مطاريق,mataariiq,mataariiq,True,6,9,0-9,0-9,arabic_stripped
استفرد,2istafrad,2istafrid,False,6,9,0-9,0-9,arabic_stripped
فلاحة,flaa7a,falaa7a,False,5,6,0-9,0-9,arabic_stripped
فرحة,far7a,far7a,True,4,5,0-9,0-9,arabic_stripped
مغصوب,maghsuub,maghsuub,True,5,8,0-9,0-9,arabic_stripped
أذونات,2uzuunaat,2adwanaat,False,6,9,0-9,0-9,arabic_stripped
تقمط,tqammat,tqammat,True,4,7,0-9,0-9,arabic_stripped
محود,m7awwid,ma7wid,False,4,7,0-9,0-9,arabic_stripped
وجد,wajad,wajjid,False,3,5,0-9,0-9,arabic_stripped
صير,siir,sayyir,False,3,4,0-9,0-9,arabic_stripped
لؤمة,lu2ama,lu2me,False,4,6,0-9,0-9,arabic_stripped
اسقي,2isqi,2isqi,True,4,5,0-9,0-9,arabic_stripped
مستخلص,mustakhlas,mistakhlis,False,6,10,0-9,10-19,arabic_stripped
يتهدم,yithaddam,yithaddam,True,5,9,0-9,0-9,arabic_stripped
حواجب,7awaajib,7awaajib,True,5,8,0-9,0-9,arabic_stripped
بدي أجيب قرميته,biddi 2ajiib qurmiito,bidi 2ajbii mitiqir beeto,False,15,21,10-19,20-29,arabic_stripped
مرتزي,miritzi,murtazi,False,5,7,0-9,0-9,arabic_stripped
عت,3itt,3att,False,2,4,0-9,0-9,arabic_stripped
نصب,nassib,nassab,False,3,6,0-9,0-9,arabic_stripped
اتسلقط,2itsalqat,2itsalqat,True,6,9,0-9,0-9,arabic_stripped
روحن,roo7an,roo7in,False,4,6,0-9,0-9,arabic_stripped
فنة جديدة,fanne 2ijdiide,fannit jiide,False,9,14,0-9,10-19,arabic_stripped
سجدة,sajde,sajde,True,4,5,0-9,0-9,arabic_stripped
متنازل,mitnaazil,mitnaazil,True,6,9,0-9,0-9,arabic_stripped
خانس,khaanis,khaanis,True,4,7,0-9,0-9,arabic_stripped
فرامة ملوخية,farraamit mluukhiyye,fraamit malakhiyye,False,12,20,10-19,20-29,arabic_stripped
كلاب,klaab,kalaab,False,4,5,0-9,0-9,arabic_stripped
جدلي,jadali,jadli,False,4,6,0-9,0-9,arabic_stripped
زهري,zahri,zahri,True,4,5,0-9,0-9,arabic_stripped
سلعوس,sal3uus,sal3uus,True,5,7,0-9,0-9,arabic_stripped
يهيم,yhiim,yhiim,True,4,5,0-9,0-9,arabic_stripped
غين,ghayyan,ghayyin,False,3,7,0-9,0-9,arabic_stripped
حذف,7azaf,7azzif,False,3,5,0-9,0-9,arabic_stripped
لبين,labeen,labiin,False,4,6,0-9,0-9,arabic_stripped
بلحة,bala7a,bal7a,False,4,6,0-9,0-9,arabic_stripped
يبوم,ybawwim,ybawwim,True,4,7,0-9,0-9,arabic_stripped
أخيخ,2akhyakh,2akhiikh,False,4,8,0-9,0-9,arabic_stripped
يغب,yghubb,yghubb,True,3,6,0-9,0-9,arabic_stripped
يتزرق,yitzarraq,yitzarraq,True,5,9,0-9,0-9,arabic_stripped
غبش,ghabbash,ghabash,False,3,8,0-9,0-9,arabic_stripped
يدعس,yid3as,yid3as,True,4,6,0-9,0-9,arabic_stripped
اصهج,2ishadj,2ishadj,True,4,7,0-9,0-9,arabic_stripped
مخول,mikhwil,makhwil,False,4,7,0-9,0-9,arabic_stripped
يستقر,yistaqirr,yistaqtir,False,5,9,0-9,0-9,arabic_stripped
فقز,faqazfakas,faqqaz,False,3,10,0-9,10-19,arabic_stripped
قريد العش,qareed 2il3ishsh,qariid 2il3ashsh,False,9,16,0-9,10-19,arabic_stripped
قارح,kgaari7,qaari7,False,4,7,0-9,0-9,arabic_stripped
أبرياء,2abriyaa2,2abriyaa2,True,6,9,0-9,0-9,arabic_stripped
كأن,ka2ann,ka2an,False,3,6,0-9,0-9,arabic_stripped
ممزوع,mamzuu3,mazmuu3,False,5,7,0-9,0-9,arabic_stripped
يركع,yirka3,yrakki3,False,4,6,0-9,0-9,arabic_stripped
هرعيتو,har3iito,har3iito,True,6,8,0-9,0-9,arabic_stripped
يوشم,yuushim,ywashshim,False,4,7,0-9,0-9,arabic_stripped
كسر,kassir,kassar,False,3,6,0-9,0-9,arabic_stripped
أخو أخته,2akhu 2ukhto,2akhu 2ukhto,True,8,12,0-9,10-19,arabic_stripped
حساب بالبنك,7saab bilbank,7asaab binnaak,False,11,13,10-19,10-19,arabic_stripped
انحني,2in7ani,2in7ini,False,5,7,0-9,0-9,arabic_stripped
اتدلل,2iddallal,2iddallal,True,5,9,0-9,0-9,arabic_stripped
أسرع,2asra3,2asra3,True,4,6,0-9,0-9,arabic_stripped
رم,rumm,ramm,False,2,4,0-9,0-9,arabic_stripped
تبربج,tbarbadj,tbarbaj,False,5,8,0-9,0-9,arabic_stripped
عرد,3arrid,3arrid,True,3,6,0-9,0-9,arabic_stripped
يقتت,yqattit,yqattit,True,4,7,0-9,0-9,arabic_stripped
جعد,ja33ad,ja33id,False,3,6,0-9,0-9,arabic_stripped
مبطرخ,mbatrikh,mbatrikh,True,5,8,0-9,0-9,arabic_stripped
اكتسح,2iktasa7,2iktisi7,False,5,8,0-9,0-9,arabic_stripped
ابن ساعته,2ibin saa3to,2ibin saa3to,True,9,12,0-9,10-19,arabic_stripped
يصمت,yismut,ysammit,False,4,6,0-9,0-9,arabic_stripped
يتفلفل,yitfalfal,yitfalfal,True,6,9,0-9,0-9,arabic_stripped
بات,baat,baat,True,3,4,0-9,0-9,arabic_stripped
قبل,qabil,qabbal,False,3,5,0-9,0-9,arabic_stripped
ارسم,2irsum,2irsum,True,4,6,0-9,0-9,arabic_stripped
يتخنفس,yitkhanfas,yitkhanfas,True,6,10,0-9,10-19,arabic_stripped
دبلوماسية,dibluumaasiyye,dablumaasiyye,False,9,14,0-9,10-19,arabic_stripped
اترتب,2itrattab,2itrattab,True,5,9,0-9,0-9,arabic_stripped
تغمس,tghammas,tghammas,True,4,8,0-9,0-9,arabic_stripped
اسود,2iswadd,2iswid,False,4,7,0-9,0-9,arabic_stripped
ينشع,yinsha3,yinsha3,True,4,7,0-9,0-9,arabic_stripped
يجسر,yjassir,yjassir,True,4,7,0-9,0-9,arabic_stripped
اتجدعن,2itjad3an,2itjad3an,True,6,9,0-9,0-9,arabic_stripped
رقط,ra22it,raqqat,False,3,6,0-9,0-9,arabic_stripped
نقرس,nuqrus,naqras,False,4,6,0-9,0-9,arabic_stripped
برام,barraam,barraam,True,4,7,0-9,0-9,arabic_stripped
بقلاوي,baqlaawi,baqlaawi,True,6,8,0-9,0-9,arabic_stripped
تعثير,ta3tiir,ta3tiir,True,5,7,0-9,0-9,arabic_stripped
أدي,2addi,2addi,True,3,5,0-9,0-9,arabic_stripped
بتبن و بتكرب,bittabin wu bitkarreb,babban wubatrak,False,12,21,10-19,20-29,arabic_stripped
طلاب,tullaab,tallaab,False,4,7,0-9,0-9,arabic_stripped
يظن,yzunn,yzinn,False,3,5,0-9,0-9,arabic_stripped
قوشة,quushe,qkawshe,False,4,6,0-9,0-9,arabic_stripped
لاحق,laa7iq,laa7iq,True,4,6,0-9,0-9,arabic_stripped
حلس,7ilis,7allis,False,3,5,0-9,0-9,arabic_stripped
متين,matiin,mtayyin,False,4,6,0-9,0-9,arabic_stripped
ينباعوا بالعزا,yinbaa3u bil3aza,yinbi3 waazabi3,False,14,16,10-19,10-19,arabic_stripped
ضرايب,daraayib,daraayib,True,5,8,0-9,0-9,arabic_stripped
حرج,harradj,7arrij,False,3,7,0-9,0-9,arabic_stripped
بهاليل,bahaaliil,bahaaliil,True,6,9,0-9,0-9,arabic_stripped
اتباحث,2itbaa7as,2itbaa7as,True,6,9,0-9,0-9,arabic_stripped
يبعث,yib3at,yba33it,False,4,6,0-9,0-9,arabic_stripped
انشلش,2inshilish,2inshilish,True,5,10,0-9,10-19,arabic_stripped
يغيث,yghiith,yghayyith,False,4,7,0-9,0-9,arabic_stripped
صرح,sarra7,sarri7,False,3,6,0-9,0-9,arabic_stripped
محتقن,mi7tiqin,mu7taqin,False,5,8,0-9,0-9,arabic_stripped
رفش,raffish,raffish,True,3,7,0-9,0-9,arabic_stripped
مبخرة,mabkhara,mabkhara,True,5,8,0-9,0-9,arabic_stripped
اشقح,2ishqa7,2ishqa7,True,4,7,0-9,0-9,arabic_stripped
