source,target,prediction,exact_match,source_length,target_length,source_length_bucket,target_length_bucket,source_column
زَرْزَب,zarzib,zarzab,False,7,6,0-9,0-9,levanti_harakat_prediction
الكَخّ أَخُو الخَرَا,2il kikh 2akhu 2ilkhara,2ilkhak 2ikhkhaaru,False,20,23,20-29,20-29,levanti_harakat_prediction
مِقْلَب,maqlab,mqallib,False,7,6,0-9,0-9,levanti_harakat_prediction
اِكْدَح,2ikda7,2ikda7,True,7,6,0-9,0-9,levanti_harakat_prediction
بطْرخ,batrakh,batrakh,True,5,7,0-9,0-9,levanti_harakat_prediction
يِئِس,ya22is,y2iss,False,5,6,0-9,0-9,levanti_harakat_prediction
قَحَط,qa7at,qa77it,False,5,5,0-9,0-9,levanti_harakat_prediction
جَرِيْمِة شَرَف,jariimit sharaf,jariime sharaf,False,15,15,10-19,10-19,levanti_harakat_prediction
وَفَّق,waffiq,waffaq,False,6,6,0-9,0-9,levanti_harakat_prediction
حِزِب,7izib,7azzib,False,5,5,0-9,0-9,levanti_harakat_prediction
اِنْفَطَم,2infitim,2infitim,True,9,8,0-9,0-9,levanti_harakat_prediction
خَوَابِي,khawaabi,khawaabi,True,8,8,0-9,0-9,levanti_harakat_prediction
نَوَاقِص,nawaaqis,nawaaqis,True,8,8,0-9,0-9,levanti_harakat_prediction
يربعِن,yrab3in,yrab3in,True,6,7,0-9,0-9,levanti_harakat_prediction
نَوَاشِف,nawaashif,nawaashif,True,8,9,0-9,0-9,levanti_harakat_prediction
شَخَّار,shkhaar,shakhkhaar,False,7,7,0-9,0-9,levanti_harakat_prediction
يِنْكِبّ,yinkabb,yinkib,False,8,7,0-9,0-9,levanti_harakat_prediction
قَبْضت,qabadit,qabdit,False,6,7,0-9,0-9,levanti_harakat_prediction
لَيُّوا,leewa,layya,False,7,5,0-9,0-9,levanti_harakat_prediction
سِرِح,sara7,sarri7,False,5,5,0-9,0-9,levanti_harakat_prediction
وِضِع,wada3,waddi3,False,5,5,0-9,0-9,levanti_harakat_prediction
مَبْطُوح,mabtuu7,mabtuu7,True,8,7,0-9,0-9,levanti_harakat_prediction
تْرِحّ,tarri7,tarra7,False,6,6,0-9,0-9,levanti_harakat_prediction
مَأْلُوْف,ma2luuf,ma2luuf,True,9,7,0-9,0-9,levanti_harakat_prediction
اِتْفَاجَأ,2itfaaja2,2itfaaja2,True,10,9,10-19,0-9,levanti_harakat_prediction
شَاعِرِي,shaa3iri,shaa3iri,True,8,8,0-9,0-9,levanti_harakat_prediction
وَالِد,waalid,waalid,True,6,6,0-9,0-9,levanti_harakat_prediction
يْلُوْح,yilwi7,yluu7,False,7,6,0-9,0-9,levanti_harakat_prediction
مِطَْحَش,mta77ish,mta77ish,True,8,8,0-9,0-9,levanti_harakat_prediction
فَاض,faad,faad,True,4,4,0-9,0-9,levanti_harakat_prediction
تُحْفِة,tu7fe,ta7fe,False,7,5,0-9,0-9,levanti_harakat_prediction
اِنْجَرَد,2injirid,2injarad,False,9,8,0-9,0-9,levanti_harakat_prediction
تَِقْهَوَى,tqahwatgahwa,tqahwa2itgahwa,False,10,12,10-19,10-19,levanti_harakat_prediction
لَا رَقِيْب وَلَا حَسِيْب,laa raqiib wala 7asiib,laa raqi bil7asabi,False,25,22,20-29,20-29,levanti_harakat_prediction
اعْتَقَد,2i3taqad,2i3taqid,False,8,8,0-9,0-9,levanti_harakat_prediction
جَاع,jaa3,jaa3,True,4,4,0-9,0-9,levanti_harakat_prediction
يَقْنَع,yiqni3,yqanni3,False,7,6,0-9,0-9,levanti_harakat_prediction
اِسْتَضْرَط,2istadrit,2istadrat,False,11,9,10-19,0-9,levanti_harakat_prediction
يِتِفّ,ytiff,ytiff,True,6,5,0-9,0-9,levanti_harakat_prediction
كِلْمِة,kilme,kalme,False,7,5,0-9,0-9,levanti_harakat_prediction
إِنْعَاش,2in3aash,2in3aash,True,8,8,0-9,0-9,levanti_harakat_prediction
بُوْشِة مِلِح,booshit mili7,booshit mil7a,False,13,13,10-19,10-19,levanti_harakat_prediction
تَنَاسُل,tnaasal,tnaasal,True,8,7,0-9,0-9,levanti_harakat_prediction
ذَهَب,zahab,dahhib,False,5,5,0-9,0-9,levanti_harakat_prediction
تْنَصَّل,tnassal,tnassal,True,8,7,0-9,0-9,levanti_harakat_prediction
اِنْغَزّ,2unghuz,2inghazz,False,8,7,0-9,0-9,levanti_harakat_prediction
مطْبَع,mtabbi3,mtabbi3,True,6,7,0-9,0-9,levanti_harakat_prediction
زِيَارَة,ziyaara,ziyaara,True,8,7,0-9,0-9,levanti_harakat_prediction
حلِق,7allaq,7alliq,False,4,6,0-9,0-9,levanti_harakat_prediction
خِدِر,khaddir,khaddir,True,5,7,0-9,0-9,levanti_harakat_prediction
مْشَفْشِف,mshafshaf,mshafshif,False,9,9,0-9,0-9,levanti_harakat_prediction
اِخْتَشَى,2ikhtishi,2ikhtasha,False,9,9,0-9,0-9,levanti_harakat_prediction
أَقْتَب,2aqtab,2aqtab,True,7,6,0-9,0-9,levanti_harakat_prediction
تَقَارِيْر,taqaariir,taqaariir,True,10,9,10-19,0-9,levanti_harakat_prediction
زُكَام,zukaam,zukaam,True,6,6,0-9,0-9,levanti_harakat_prediction
مْكَمِّل,mkammil,mkammil,True,8,7,0-9,0-9,levanti_harakat_prediction
تُوتُوْت,twatwat,twatwat,True,8,7,0-9,0-9,levanti_harakat_prediction
مْشَرِّش,msharrish,msharrish,True,8,9,0-9,0-9,levanti_harakat_prediction
حَدَّادِة,7daade,7addaade,False,9,6,0-9,0-9,levanti_harakat_prediction
مْفبْرَك,mfabrak,mfabrik,False,8,7,0-9,0-9,levanti_harakat_prediction
خَان العَشَرَة,khaan 2il3ishre,khaan 2il3ishra,False,14,15,10-19,10-19,levanti_harakat_prediction
مْحَذِّر,m7azzir,m7azzir,True,8,7,0-9,0-9,levanti_harakat_prediction
طَلْهِينَة,talhiine,talhiine,True,10,8,10-19,0-9,levanti_harakat_prediction
تِلْقُوج,tlaqwaj,tlaqwaj,True,8,7,0-9,0-9,levanti_harakat_prediction
عَبَْلَاطَة,3a blata,3ablata,False,11,8,10-19,0-9,levanti_harakat_prediction
بْغَمْضِة عِيْن,bighamdit 3een,bghamdit 3eeni,False,15,14,10-19,10-19,levanti_harakat_prediction
مَذَابِح,madaabi7,madaabi7,True,8,8,0-9,0-9,levanti_harakat_prediction
مِن رِيحَة,min rii7it,min raya7,False,10,10,10-19,10-19,levanti_harakat_prediction
تْلِيف,tlayyaf,tlayyaf,True,6,7,0-9,0-9,levanti_harakat_prediction
أَوَادِم,2awaadim,2awaadim,True,8,8,0-9,0-9,levanti_harakat_prediction
مِنوْقِر,mnooqir,mnooqir,True,8,7,0-9,0-9,levanti_harakat_prediction
قَرْصَة,qarsa,qarsa,True,7,5,0-9,0-9,levanti_harakat_prediction
عَطِب,3attab,3attib,False,5,6,0-9,0-9,levanti_harakat_prediction
عَسَلِي,3asali,3asali,True,7,6,0-9,0-9,levanti_harakat_prediction
نَمِيْمِة,namiime,namiime,True,9,7,0-9,0-9,levanti_harakat_prediction
بَسَابِيس,basaabiis,basaabiis,True,9,9,0-9,0-9,levanti_harakat_prediction
نِيْل,niil,nayyal,False,5,4,0-9,0-9,levanti_harakat_prediction
خَيْر,khayyar,khayyar,True,5,7,0-9,0-9,levanti_harakat_prediction
قَبِّة,qubbe,qabbe,False,6,5,0-9,0-9,levanti_harakat_prediction
شْفَيْع,shafii3,shafii3,True,7,7,0-9,0-9,levanti_harakat_prediction
يِغْرَق,yighraq,ygharriq,False,7,7,0-9,0-9,levanti_harakat_prediction
اِتْغَابِى,2itghaaba,2itghaaba,True,10,9,10-19,0-9,levanti_harakat_prediction
رَكَض,rakad,rakkad,False,5,5,0-9,0-9,levanti_harakat_prediction
لَقَّف,laqaf,laqqaf,False,6,5,0-9,0-9,levanti_harakat_prediction
تَعَارِيف,ta3aariif,ta3aariif,True,9,9,0-9,0-9,levanti_harakat_prediction
يْشخِت,yishkhat,yishkhat,True,6,8,0-9,0-9,levanti_harakat_prediction
اِرأَس,2ir2as,2ir2as,True,6,6,0-9,0-9,levanti_harakat_prediction
اِتْمَسَّك,2itmassak,2itmassak,True,10,9,10-19,0-9,levanti_harakat_prediction
هَذْرَب,hadhrib,hadhrab,False,7,7,0-9,0-9,levanti_harakat_prediction
اِتْخَوْنِق,2itkhoona2,2itkhoona2,True,11,10,10-19,10-19,levanti_harakat_prediction
رَقَص,raqas,raqqis,False,5,5,0-9,0-9,levanti_harakat_prediction
إِيْدُه وَالْكَفّ,2iido wilkaf,2iido waalak fiik,False,17,12,10-19,10-19,levanti_harakat_prediction
خَوَيْتْمِة,khweetme,khooyatme,False,11,8,10-19,0-9,levanti_harakat_prediction
طَنّش,tannish,tannish,True,5,7,0-9,0-9,levanti_harakat_prediction
خَافِق,khaafi2,khaafiq,False,6,7,0-9,0-9,levanti_harakat_prediction
سبَرْدَحَة,sabarda7a,sabrada7a,False,10,9,10-19,0-9,levanti_harakat_prediction
دَوَاهِي,dawaahi,dawaahi,True,8,7,0-9,0-9,levanti_harakat_prediction
اعْلُو,2i3lu,2i3lu,True,6,5,0-9,0-9,levanti_harakat_prediction
يِتْنَافَس,yitnaafas,yitnaafas,True,10,9,10-19,0-9,levanti_harakat_prediction
اُوْشِم,2uushim,2uushim,True,7,7,0-9,0-9,levanti_harakat_prediction
يِتْنَمَّر,yitnammar,yitnammar,True,10,9,10-19,0-9,levanti_harakat_prediction
دْمُوع الفَرَح,dmuu3 2ilfara7,dammuu3 2ilfara7,False,14,14,10-19,10-19,levanti_harakat_prediction
أَبُو نُصّ لْسَان,2abu nuss lsaan,2abu nuss 2il2unnnas,False,17,15,10-19,10-19,levanti_harakat_prediction
يْثُوْر,ysuur,ythawwir,False,7,5,0-9,0-9,levanti_harakat_prediction
بْرُود,buruud,bruud,False,6,6,0-9,0-9,levanti_harakat_prediction
يِتْزَيَّن,yitzayyan,yitzayyan,True,10,9,10-19,0-9,levanti_harakat_prediction
يِرْتَدّ,yirtadd,yirtadd,True,8,7,0-9,0-9,levanti_harakat_prediction
قْطُوم,qattuum,qtuum,False,6,7,0-9,0-9,levanti_harakat_prediction
رَمَادِي,ramaadi,ramaadi,True,8,7,0-9,0-9,levanti_harakat_prediction
يِلَقَّب,ylaqqib,ylaqqib,True,8,7,0-9,0-9,levanti_harakat_prediction
يِجَلْغِف,ydjalghif,yjalghif,False,9,9,0-9,0-9,levanti_harakat_prediction
إِعْجَاز,2i3jaaz,2i3jaaz,True,8,7,0-9,0-9,levanti_harakat_prediction
رَبْرَب,rabrib,rabrab,False,7,6,0-9,0-9,levanti_harakat_prediction
مَقْبُوْل,maqbuul,maqbuul,True,9,7,0-9,0-9,levanti_harakat_prediction
مزَْعِّل,mza33il,mza33il,True,8,7,0-9,0-9,levanti_harakat_prediction
تَلَطَِّيش,taltiish,taltatiish,False,10,8,10-19,0-9,levanti_harakat_prediction
اِتْقَبَّص,yitqabbas,2itqabbas,False,10,9,10-19,0-9,levanti_harakat_prediction
اِتْوَاطَى,2itwaata,2itwaata,True,10,8,10-19,0-9,levanti_harakat_prediction
اَعْلَق,2i3laq,2i3laq,True,7,6,0-9,0-9,levanti_harakat_prediction
كَبَابِيت,kabaabiit,kabaabiit,True,9,9,0-9,0-9,levanti_harakat_prediction
اِصْقِلّ,2isqil,2usqul,False,8,6,0-9,0-9,levanti_harakat_prediction
مِنِشكِح,minshiki7,mnakshi7,False,8,9,0-9,0-9,levanti_harakat_prediction
وَصْلِة,wasle,wasle,True,7,5,0-9,0-9,levanti_harakat_prediction
رِيَاح,2iriyaa7,riyaa7,False,6,8,0-9,0-9,levanti_harakat_prediction
حِكَّايِة,7kaaye,7ikkaaye,False,9,6,0-9,0-9,levanti_harakat_prediction
ضَرْط,darat,darrit,False,5,5,0-9,0-9,levanti_harakat_prediction
طَقْطَق,taqtiq,taqtaq,False,7,6,0-9,0-9,levanti_harakat_prediction
آزِر,2aazir,2aazar,False,4,6,0-9,0-9,levanti_harakat_prediction
يِزَقْرِق,yzaqriq,yzaqriq,True,9,7,0-9,0-9,levanti_harakat_prediction
نِكرَة,nakira,nakra,False,6,6,0-9,0-9,levanti_harakat_prediction
تْفَخْفِخ,tfakhfakh,tfakhfakh,True,9,9,0-9,0-9,levanti_harakat_prediction
عَدِم عَقْلُه,3adam 3aqlo,3adim 3aqlo,False,13,11,10-19,10-19,levanti_harakat_prediction
عَضُو,3udu,3adu,False,5,4,0-9,0-9,levanti_harakat_prediction
يِجْسِم,yjassim,yijsim,False,7,7,0-9,0-9,levanti_harakat_prediction
تَعَايُش,ta3aayush,t3aayash,False,8,9,0-9,0-9,levanti_harakat_prediction
يِنْحَش,yin7ashsh,yin7ashsh,True,7,9,0-9,0-9,levanti_harakat_prediction
اِتْوَالَف,2itwaalaf,2itwaalaf,True,10,9,10-19,0-9,levanti_harakat_prediction
تِعْلَب,t3allab,t3allab,True,7,7,0-9,0-9,levanti_harakat_prediction
نَقِي,naqi,naqi,True,5,4,0-9,0-9,levanti_harakat_prediction
برُوس,broos,bruus,False,5,5,0-9,0-9,levanti_harakat_prediction
عِتْمِة,3atme,3itme,False,7,5,0-9,0-9,levanti_harakat_prediction
قرْمز,qarmaz,qarmiz,False,5,6,0-9,0-9,levanti_harakat_prediction
جِلْدُه مْكَلْكَل,jildo mkalkil,jildo makil,False,17,13,10-19,10-19,levanti_harakat_prediction
طَرْطُوشِة,tartuushe,tartuushe,True,10,9,10-19,0-9,levanti_harakat_prediction
يُقْحُف,yiqk7af,yiqk7af,True,7,7,0-9,0-9,levanti_harakat_prediction
يَقِنَش,yqkannish,yqkannish,True,7,9,0-9,0-9,levanti_harakat_prediction
سَدُّوْرَة,sduura,saduura,False,10,6,10-19,0-9,levanti_harakat_prediction
تَفْكِيك,tafkiik,tafkiik,True,8,7,0-9,0-9,levanti_harakat_prediction
يِبوْبَِع,yboobi3,yboobi3,True,9,7,0-9,0-9,levanti_harakat_prediction
يِنْغَم,yinghamm,yinghamm,True,7,8,0-9,0-9,levanti_harakat_prediction
شَيْمِل,sheemil,sheemil,True,7,7,0-9,0-9,levanti_harakat_prediction
خَسّ,khiss,khass,False,4,5,0-9,0-9,levanti_harakat_prediction
أَسوَأ,2aswa2,2aswa2,True,6,6,0-9,0-9,levanti_harakat_prediction
يِسْحَب,ysa77ib,yis7ab,False,7,7,0-9,0-9,levanti_harakat_prediction
جْعِيْدِة,dju3eede,j3iide,False,9,8,0-9,0-9,levanti_harakat_prediction
شَخْصِيِّة,shakhsiyye,shakhsiyye,True,10,10,10-19,10-19,levanti_harakat_prediction
تِمْلَح,tmalla7,tmalla7,True,7,7,0-9,0-9,levanti_harakat_prediction
مِبْهِج,mibhij,mbahhij,False,7,6,0-9,0-9,levanti_harakat_prediction
يِنْخِطِف,yinkhitif,yinkhitif,True,9,9,0-9,0-9,levanti_harakat_prediction
مْحَيْرِن,m7ayrin,m7ayrin,True,9,7,0-9,0-9,levanti_harakat_prediction
شَايِذ,shaayidh,shaayidh,True,6,8,0-9,0-9,levanti_harakat_prediction
بَقَرِّ,baqqir,baqqar,False,7,6,0-9,0-9,levanti_harakat_prediction
لَا شَغْلِة وَلَا مْشَغَّلِة,laa shaghle wlaa mashghale,laa ghashale wila maghala,False,28,26,20-29,20-29,levanti_harakat_prediction
اِتْكَور,2itkawwar,2itkawwar,True,8,9,0-9,0-9,levanti_harakat_prediction
مُعَارِض,m3aarid,mu3aarid,False,8,7,0-9,0-9,levanti_harakat_prediction
يِيّ عَلَيْه,yii 3alee,yii 3ale,False,12,9,10-19,0-9,levanti_harakat_prediction
أَفَخّ,2afkh,2afakh,False,6,5,0-9,0-9,levanti_harakat_prediction
درْن,darrin,darrin,True,4,6,0-9,0-9,levanti_harakat_prediction
مِتْعَجْرِف,muta3ajrif,mit3ajrif,False,11,10,10-19,10-19,levanti_harakat_prediction
مَلْهُوْف,malhuuf,malhuuf,True,9,7,0-9,0-9,levanti_harakat_prediction
نَكَّاشِة ذِنِيْن,nakkaashit dineen,nakkaashit ziniyye,False,17,17,10-19,10-19,levanti_harakat_prediction
تنَاقَر,tnaaqar,tnaaqar,True,7,7,0-9,0-9,levanti_harakat_prediction
تْطَفَّل,2ittaffal,ttatfal,False,8,9,0-9,0-9,levanti_harakat_prediction
تَعَاوُن,ta3aawun,t3aawan,False,8,8,0-9,0-9,levanti_harakat_prediction
مْحَقّ,ma7aq,ma77iq,False,6,5,0-9,0-9,levanti_harakat_prediction
جُرُن,djurun,jarrin,False,5,6,0-9,0-9,levanti_harakat_prediction
شَرَايِط,sharaayit,sharaayit,True,8,9,0-9,0-9,levanti_harakat_prediction
يِفْرُش,yfarrish,yifrish,False,7,8,0-9,0-9,levanti_harakat_prediction
مِنْخُل,munkhul,munkhal,False,7,7,0-9,0-9,levanti_harakat_prediction
تْجَدِّد,tjaddad,tjaddad,True,8,7,0-9,0-9,levanti_harakat_prediction
يجَارِي,yjaari,yjaari,True,7,6,0-9,0-9,levanti_harakat_prediction
يْحَمِّس,y7ammis,y7ammis,True,8,7,0-9,0-9,levanti_harakat_prediction
وِجْهُه مِثِل قَاع الطَّنْجَرَة,wijho mitil qaa3 2ittanjara,wijho mitil 2il3ajraqa,False,31,27,30-39,20-29,levanti_harakat_prediction
سَبَّاك,sabbaak,sabbaak,True,7,7,0-9,0-9,levanti_harakat_prediction
اِمْعَط,2im3at,2im3at,True,7,6,0-9,0-9,levanti_harakat_prediction
طَفش,tafash,taffish,False,4,6,0-9,0-9,levanti_harakat_prediction
يِتْعَنْطَز,yit3antaz,yit3antaz,True,11,9,10-19,0-9,levanti_harakat_prediction
نْكوف,nkuuf,nakwaf,False,5,5,0-9,0-9,levanti_harakat_prediction
مَسْطُوْم,mastuum,mastuum,True,9,7,0-9,0-9,levanti_harakat_prediction
إِذَا حَظَّك عِظَام قُِرْقُطُه,2idha 7azzak 3daam qariqto,2iza 7aak 3addaaro miqtur,False,30,26,30-39,20-29,levanti_harakat_prediction
التَّفَح,2iltafa7,2iltifi7,False,8,8,0-9,0-9,levanti_harakat_prediction
تْكَدُّس,tkaddas,tkaddas,True,8,7,0-9,0-9,levanti_harakat_prediction
يِنْخِبِط,yinkhibit,yinkhibit,True,9,9,0-9,0-9,levanti_harakat_prediction
نِيْك,niik,nayyak,False,5,4,0-9,0-9,levanti_harakat_prediction
خَطَيْتِي بْرَقْبْتَك,khatiiti braqibtak,khateet biqartak,False,21,18,20-29,10-19,levanti_harakat_prediction
يِتْسَابَق,yitsaabaq,yitsaabaq,True,10,9,10-19,0-9,levanti_harakat_prediction
طَاقِق شُرْش الْحَيَاء,taaqiq shirsh 2il7aya,taaqiq shurshaa2 l7ee7a2i,False,22,21,20-29,20-29,levanti_harakat_prediction
زَيّ,ziyy,ziyy,True,4,4,0-9,0-9,levanti_harakat_prediction
مَالِح,maali7,maali7,True,6,6,0-9,0-9,levanti_harakat_prediction
مُفَكِّر,mfakkir,mfakkir,True,8,7,0-9,0-9,levanti_harakat_prediction
اِحْتَشَم,2i7tashim,2i7tasham,False,9,9,0-9,0-9,levanti_harakat_prediction
كِيف,kayyaf,kiif,False,4,6,0-9,0-9,levanti_harakat_prediction
أَجْوَاء,2ajwaa2,2ajwaa2,True,8,7,0-9,0-9,levanti_harakat_prediction
يِكَافِح,ykaafi7,ykaafi7,True,8,7,0-9,0-9,levanti_harakat_prediction
اِبْخَع,2ibkha3,2ibkha3,True,7,7,0-9,0-9,levanti_harakat_prediction
اتِسّكُوح,2itsatshwa7,2itsakwa7,False,9,11,0-9,10-19,levanti_harakat_prediction
يِشْقَلِب,yshaqlib,yshaqlib,True,9,8,0-9,0-9,levanti_harakat_prediction
مِنَح,manni7,mana7,False,5,6,0-9,0-9,levanti_harakat_prediction
أَنْت,2anta,2ant,False,5,5,0-9,0-9,levanti_harakat_prediction
بَكَّاش,bakkaash,bakkaash,True,7,8,0-9,0-9,levanti_harakat_prediction
تَسْرِيب,tasriib,tasriib,True,8,7,0-9,0-9,levanti_harakat_prediction
إِبْرِيْق,2ibriiq,2ibriiq,True,9,7,0-9,0-9,levanti_harakat_prediction
يِتْقَنِع,yitqanna3,yitqanna3,True,9,9,0-9,0-9,levanti_harakat_prediction
مَخْزُوْق,makhzuuq,makhzuuq,True,9,8,0-9,0-9,levanti_harakat_prediction
صَارُوْخِي,saaruukhi,saaruukhi,True,10,9,10-19,0-9,levanti_harakat_prediction
كَثَافِة,kasaafe,kassaafe,False,8,7,0-9,0-9,levanti_harakat_prediction
يِفْصَح,yfassi7,yifsa7,False,7,7,0-9,0-9,levanti_harakat_prediction
مزَابِل,mazaabil,mzaabil,False,7,8,0-9,0-9,levanti_harakat_prediction
لَمَس,lammis,lammas,False,5,6,0-9,0-9,levanti_harakat_prediction
مِرْبِح,marba7,mrabbi7,False,7,6,0-9,0-9,levanti_harakat_prediction
عَِرْقُه مَرْقُه,3araqo maraqo,3araqo mro,False,16,13,10-19,10-19,levanti_harakat_prediction
جْرُوْب,gruub,jruub,False,7,5,0-9,0-9,levanti_harakat_prediction
مْبَعْجَر,mba3jir,mba3jar,False,9,7,0-9,0-9,levanti_harakat_prediction
يِكْرَم,ykarrim,yikram,False,7,7,0-9,0-9,levanti_harakat_prediction
يِقْتِصِد,yiqtisid,yiqtisid,True,9,8,0-9,0-9,levanti_harakat_prediction
هَاي وِجْهِي,haay wijhi,haayi wijhi,False,12,10,10-19,10-19,levanti_harakat_prediction
بْرَوِّش,broosh,barwish,False,8,6,0-9,0-9,levanti_harakat_prediction
يعْرُط,y3arrit,y3arrit,True,6,7,0-9,0-9,levanti_harakat_prediction
حِفِي,7ifi,7affi,False,5,4,0-9,0-9,levanti_harakat_prediction
ذْبل,dabbal,dabbil,False,4,6,0-9,0-9,levanti_harakat_prediction
عَطَّال بَطَّال,3attaal battaal,3attaal baal,False,15,15,10-19,10-19,levanti_harakat_prediction
كِزْدَر,kazdir,kazdar,False,7,6,0-9,0-9,levanti_harakat_prediction
نِهَائِي,nihaa2i,nihaa2i,True,8,7,0-9,0-9,levanti_harakat_prediction
زَوْبَعَة الْأَبْيَض,zooba3a 2il2abyad,zooba3a 2il2ayb,False,20,17,20-29,10-19,levanti_harakat_prediction
قَلِب,qalb,qallib,False,5,4,0-9,0-9,levanti_harakat_prediction
يِشْبِك,yshabbik,yshabbik,True,7,8,0-9,0-9,levanti_harakat_prediction
بَرَاوِيز,baraawiiz,baraawiiz,True,9,9,0-9,0-9,levanti_harakat_prediction
مَظَاهِر,mazaahir,mazaahir,True,8,8,0-9,0-9,levanti_harakat_prediction
يْشَنْشِل,yshanshil,yshanshil,True,9,9,0-9,0-9,levanti_harakat_prediction
قَوَانِيْن,qawaaniin,qawaaniin,True,10,9,10-19,0-9,levanti_harakat_prediction
زَكِم,zakkam,zakam,False,5,6,0-9,0-9,levanti_harakat_prediction
يَعْجَز,yi3jaz,y3ajjiz,False,7,6,0-9,0-9,levanti_harakat_prediction
حَوْحِي,7oo7i,7awa7i,False,7,5,0-9,0-9,levanti_harakat_prediction
يَنْرَوِي,yinriwi,yinriwi,True,9,7,0-9,0-9,levanti_harakat_prediction
يِتْسَلَّل,yitsallal,yitsallal,True,10,9,10-19,0-9,levanti_harakat_prediction
دفُور,dfuur,dfuur,True,5,5,0-9,0-9,levanti_harakat_prediction
بَلَغ,balligh,balligh,True,5,7,0-9,0-9,levanti_harakat_prediction
قَرْطَلِة,qirtalle,qartale,False,9,8,0-9,0-9,levanti_harakat_prediction
اعْفص,2u3fus,2i3fis,False,5,6,0-9,0-9,levanti_harakat_prediction
عِرِف,3urf,3arrif,False,5,4,0-9,0-9,levanti_harakat_prediction
تَفْسِيْر,tafsiir,tafsiir,True,9,7,0-9,0-9,levanti_harakat_prediction
حَمش,7amash,7ammish,False,4,6,0-9,0-9,levanti_harakat_prediction
اِتْنَعَّم,2itna33am,2itna33am,True,10,9,10-19,0-9,levanti_harakat_prediction
يِسْخَى,yiskha,yiskha,True,7,6,0-9,0-9,levanti_harakat_prediction
يِنْكِفِت,yinkifit,yinkifit,True,9,8,0-9,0-9,levanti_harakat_prediction
يَقُول,yquul,yqawwil,False,6,5,0-9,0-9,levanti_harakat_prediction
يِحْتَحِت,y7at7it,yi7ti7it,False,9,7,0-9,0-9,levanti_harakat_prediction
يِْفَضْفِض,yfadfid,yfadfid,True,10,7,10-19,0-9,levanti_harakat_prediction
يِشْلبَك,yshalbik,yshalbik,True,8,8,0-9,0-9,levanti_harakat_prediction
اِنْكَبّ,2inkabb,2inkabb,True,8,7,0-9,0-9,levanti_harakat_prediction
نِسِي,nassi,nassi,True,5,5,0-9,0-9,levanti_harakat_prediction
بَطْنُه دَرْبَكِة,batno diribakke,batno darbak,False,17,15,10-19,10-19,levanti_harakat_prediction
عِشْرِيْن,3ishriin,3ashriin,False,9,8,0-9,0-9,levanti_harakat_prediction
دَلّهُم,dalhim,dalham,False,7,6,0-9,0-9,levanti_harakat_prediction
اِتْغَدَّى,2itghadda,2itghadda,True,10,9,10-19,0-9,levanti_harakat_prediction
أَصِل,2assal,2assil,False,5,6,0-9,0-9,levanti_harakat_prediction
يَوْخَر,ywakhkhir,ywakhkhir,True,7,9,0-9,0-9,levanti_harakat_prediction
تْخَوث,tkhawwat,tkhawwat,True,6,8,0-9,0-9,levanti_harakat_prediction
مْكَحْكَح,mka7ki7,mka7ki7,True,9,7,0-9,0-9,levanti_harakat_prediction
مْنَجّهَاتْلَّك,mindjahaatlak,munjahaatak,False,15,13,10-19,10-19,levanti_harakat_prediction
يِصَدَّع,ysaddi3,ysaddi3,True,8,7,0-9,0-9,levanti_harakat_prediction
رَطِل,rattal,rattil,False,5,6,0-9,0-9,levanti_harakat_prediction
يْؤَشِّر,y2ashshir,y2ashshir,True,8,9,0-9,0-9,levanti_harakat_prediction
حَبِّة شَامِة,7abbit shaame,7abbit shaame,True,13,13,10-19,10-19,levanti_harakat_prediction
قِدِر,qadar,qaddir,False,5,5,0-9,0-9,levanti_harakat_prediction
اُرْبُط لْسَانَك مْلِيح لَابِيدْمِي وَلَا بِيقَيِّح,2irbot lsaanak mlii7 laa bidmi wala biqii7,2irbut 2isliid ma7 biquun laak liida bi7,False,51,42,50-59,40-49,levanti_harakat_prediction
مَطْبَخ,matbakh,mtabbikh,False,7,7,0-9,0-9,levanti_harakat_prediction
يِدَلْبِح,ydalbi7,ydalbi7,True,9,7,0-9,0-9,levanti_harakat_prediction
مْسَكّنِة,maskane,maskane,True,9,7,0-9,0-9,levanti_harakat_prediction
مْصَوَّر,musawwir,msawwir,False,8,8,0-9,0-9,levanti_harakat_prediction
أَرْبَعَاء,2arbi3aa2,2arba3aa2,False,10,9,10-19,0-9,levanti_harakat_prediction
محْرَمِة,ma7rame,ma7rame,True,8,7,0-9,0-9,levanti_harakat_prediction
مْغَادِر,mghaadir,mughaadir,False,8,8,0-9,0-9,levanti_harakat_prediction
خَوْن,khawwan,khawwin,False,5,7,0-9,0-9,levanti_harakat_prediction
يِرْدِم,yurdum,yirdum,False,7,6,0-9,0-9,levanti_harakat_prediction
تِبْكُت,tbakkat,tbakkat,True,7,7,0-9,0-9,levanti_harakat_prediction
بُنَانِي,banaani,banaani,True,8,7,0-9,0-9,levanti_harakat_prediction
شَقِّة,shaqqa,shuqqa,False,6,6,0-9,0-9,levanti_harakat_prediction
ثَعْبِة,tha3be,sa3be,False,7,6,0-9,0-9,levanti_harakat_prediction
لَاسِع,laasi3,laasi3,True,6,6,0-9,0-9,levanti_harakat_prediction
اِزْغَل,2izghil,2izghal,False,7,7,0-9,0-9,levanti_harakat_prediction
إِجَت الدَّقَّة بْرَاسُه,2ijat 2iddaqqa braaso,2ijat 2idduqq braaso,False,24,21,20-29,20-29,levanti_harakat_prediction
مُِهْتَمّ,muhtamm,muhtammim,False,9,7,0-9,0-9,levanti_harakat_prediction
جَارِيِة,jaariye,jaariye,True,8,7,0-9,0-9,levanti_harakat_prediction
يْكَعْكِش,yka3kish,yka3kish,True,9,8,0-9,0-9,levanti_harakat_prediction
بُكرِيِّة,bikriyye,bukriyye,False,9,8,0-9,0-9,levanti_harakat_prediction
حَزَالِيط,7azaaliit,7azaaliit,True,9,9,0-9,0-9,levanti_harakat_prediction
يِشْحَر,ysha77ir,yish7ar,False,7,8,0-9,0-9,levanti_harakat_prediction
وْحْيَاة هَالنِّعْمِة,wi7yaat hanni3me,wi7yaa 2il3eenhame,False,21,16,20-29,10-19,levanti_harakat_prediction
اِتْعَلَّق,2it3allaq,2it3allaq,True,10,9,10-19,0-9,levanti_harakat_prediction
مْحَقِّة,m7aqq22a,ma7aqqa,False,8,8,0-9,0-9,levanti_harakat_prediction
تَقْلِيم,taqliim,taqliim,True,8,7,0-9,0-9,levanti_harakat_prediction
حبَالُه طَوِيلِة,7baalo tawiile,7baalo twiile,False,16,14,10-19,10-19,levanti_harakat_prediction
نِمِر,nammar,nammar,True,5,6,0-9,0-9,levanti_harakat_prediction
مِحْتِفِظ,mu7tafiz,mu7tafiz,True,9,8,0-9,0-9,levanti_harakat_prediction
بُحُور,bu7uur,ba7wir,False,6,6,0-9,0-9,levanti_harakat_prediction
نَدَّابِة,naddaabe,naddaabe,True,9,8,0-9,0-9,levanti_harakat_prediction
اِفْتَعَل,2ifti3il,2ifta3al,False,9,8,0-9,0-9,levanti_harakat_prediction
لَسِّيْنَة,lisseene,lsiine,False,10,8,10-19,0-9,levanti_harakat_prediction
يِْخَفِّض,ykhaffid,ykhaffid,True,9,8,0-9,0-9,levanti_harakat_prediction
مَخَامِيش,makhaamiish,makhaamiish,True,9,11,0-9,10-19,levanti_harakat_prediction
أَحْكَام,2a7kaam,2a7kaam,True,8,7,0-9,0-9,levanti_harakat_prediction
فَتِّة,fatte,fatte,True,6,5,0-9,0-9,levanti_harakat_prediction
طَمِع,tammi3,tammi3,True,5,6,0-9,0-9,levanti_harakat_prediction
بَلْقش,balqish,balqash,False,6,7,0-9,0-9,levanti_harakat_prediction
مُفَضَّل,mfaddil,mfaddil,True,8,7,0-9,0-9,levanti_harakat_prediction
عَقْلُه بِالتِّرِس,3aqlo bittars,3aqalo bitras,False,18,13,10-19,10-19,levanti_harakat_prediction
مْمَاسَِك,mamaasik,mamaasik,True,9,8,0-9,0-9,levanti_harakat_prediction
أَعمَق,2a3maq,2a3maq,True,6,6,0-9,0-9,levanti_harakat_prediction
يِتْصَهَوْن,yitsahwan,yitsahwan,True,11,9,10-19,0-9,levanti_harakat_prediction
يْفَرْكِش,yfarkish,yfarkish,True,9,8,0-9,0-9,levanti_harakat_prediction
سَلِّي,salli,salli,True,6,5,0-9,0-9,levanti_harakat_prediction
طَوَّر,tawwir,tawwar,False,6,6,0-9,0-9,levanti_harakat_prediction
اكْرم,2ikram,2ikrim,False,5,6,0-9,0-9,levanti_harakat_prediction
يِرْتَاح,yirtaa7,yirtaa7,True,8,7,0-9,0-9,levanti_harakat_prediction
اِتْقَيَّم,2itqayyam,2itqayyam,True,10,9,10-19,0-9,levanti_harakat_prediction
شُوْرُه مِن رَاسُه,shooro min raaso,shuuro min surha,False,18,16,10-19,10-19,levanti_harakat_prediction
احْمَد,2i7mid,2i7mid,True,6,6,0-9,0-9,levanti_harakat_prediction
اتْجَنَّس,2itjannas,2itjannas,True,9,9,0-9,0-9,levanti_harakat_prediction
مَِسْمِّي,msammi,masmi,False,9,6,0-9,0-9,levanti_harakat_prediction
اخْرِف,2ikhraf,2ikhrif,False,6,7,0-9,0-9,levanti_harakat_prediction
دَفَش,daffash,daffish,False,5,7,0-9,0-9,levanti_harakat_prediction
يِتْنَهَّد,yitnahhad,yitnahhad,True,10,9,10-19,0-9,levanti_harakat_prediction
قَرْصَة,qarse,qarsa,False,7,5,0-9,0-9,levanti_harakat_prediction
جَار,jaar,jaar,True,4,4,0-9,0-9,levanti_harakat_prediction
يِفْرُق,yifruq,yifruq,True,7,6,0-9,0-9,levanti_harakat_prediction
يِلْقُوا بْأَيدِيهُم إِلَى التَّهْلَكِة,yulqu bi2aydiihum 2ila 2ittahluka,yilqaato byala 2idmo 2ahle,False,39,33,30-39,30-39,levanti_harakat_prediction
أُلْفِة,2ulfe,2ulfe,True,7,5,0-9,0-9,levanti_harakat_prediction
يْعَسْقِد,y3asqkid,y3asqid,False,9,8,0-9,0-9,levanti_harakat_prediction
مْدَلْدَق,mdalda2,mdaldi2,False,9,7,0-9,0-9,levanti_harakat_prediction
حَادّ,7aad,7aad,True,5,4,0-9,0-9,levanti_harakat_prediction
نَمْلَة,namle,namle,True,7,5,0-9,0-9,levanti_harakat_prediction
دَلْغَص,dalghas,dalghas,True,7,7,0-9,0-9,levanti_harakat_prediction
اُهْبِش,2ihbish,2ihbish,True,7,7,0-9,0-9,levanti_harakat_prediction
حوَاس,7awaas,7waas,False,5,6,0-9,0-9,levanti_harakat_prediction
يِتْشَفَّع,yitshaffa3,yitshaffa3,True,10,10,10-19,10-19,levanti_harakat_prediction
صَيّْف,seef,sayyif,False,6,4,0-9,0-9,levanti_harakat_prediction
تَْمَكَّن,tmakkan,tmakkan,True,9,7,0-9,0-9,levanti_harakat_prediction
شَقِيْقَِة,shaqiiqa,shaqiiqa,True,10,8,10-19,0-9,levanti_harakat_prediction
لَطِيف,latiif,latiif,True,6,6,0-9,0-9,levanti_harakat_prediction
كِتْكَت,katkit,katkat,False,7,6,0-9,0-9,levanti_harakat_prediction
عَوَاطِف,3awaatif,3awaatif,True,8,8,0-9,0-9,levanti_harakat_prediction
رِيْخَة,riikha,riikha,True,7,6,0-9,0-9,levanti_harakat_prediction
بِدِّي,biddi,baddi,False,6,5,0-9,0-9,levanti_harakat_prediction
اِنْوَصَف,2inwisif,2inwisif,True,9,8,0-9,0-9,levanti_harakat_prediction
يِنْفِشِخ,yinfishikh,yinfishikh,True,9,10,0-9,10-19,levanti_harakat_prediction
يِدْبِّك,yidbik,ydabbik,False,8,6,0-9,0-9,levanti_harakat_prediction
طَسْطَسِة,tastase,tastase,True,9,7,0-9,0-9,levanti_harakat_prediction
يِرْصَّع,yrassi3,yrassi3,True,8,7,0-9,0-9,levanti_harakat_prediction
مَاكِن,maakin,maakin,True,6,6,0-9,0-9,levanti_harakat_prediction
عَشَان خَاطْرَك,3ashaan khaatrak,3ashaan khaatrak,True,15,16,10-19,10-19,levanti_harakat_prediction
مُِخْتَرّ,makhtar,mukhtatar,False,9,7,0-9,0-9,levanti_harakat_prediction
رَهْرَط,rahrit,rahrat,False,7,6,0-9,0-9,levanti_harakat_prediction
تَسْكِيتِة,taskiite,taskiita,False,10,8,10-19,0-9,levanti_harakat_prediction
الغَايِة تْبَرِّر الوَسِيلِة,2ilghaaye tubarrir 2ilwasiile,2ilghaayye turbise 2ilghara,False,28,29,20-29,20-29,levanti_harakat_prediction
غَيْبِة,gheebe,gheebe,True,7,6,0-9,0-9,levanti_harakat_prediction
يِهْلُط,yuhlut,yihlut,False,7,6,0-9,0-9,levanti_harakat_prediction
يِتْبَلْبَص,yitbalbas,yitbalbas,True,11,9,10-19,0-9,levanti_harakat_prediction
مِتِّصْهِين,mutasahyin,mitsahyin,False,11,10,10-19,10-19,levanti_harakat_prediction
خِرْفَش,kharfish,kharfish,True,7,8,0-9,0-9,levanti_harakat_prediction
عَرْنُوْص,3arnuus,3arnuus,True,9,7,0-9,0-9,levanti_harakat_prediction
شَلَّش,shalash,shallish,False,6,7,0-9,0-9,levanti_harakat_prediction
نَهَش,nahash,nahash,True,5,6,0-9,0-9,levanti_harakat_prediction
يِنْوهِب,yinwihib,yinwihib,True,8,8,0-9,0-9,levanti_harakat_prediction
رَاس العَبِد,raas 2il3abid,raasil 3aabid,False,12,13,10-19,10-19,levanti_harakat_prediction
اِنْلَطّ,2inlatt,2inlatt,True,8,7,0-9,0-9,levanti_harakat_prediction
غَدْوَِة,ghadwe,ghadwe,True,8,6,0-9,0-9,levanti_harakat_prediction
كِدّ,kidd,kidd,True,4,4,0-9,0-9,levanti_harakat_prediction
اِتْحَلَّى,2it7alla,2it7alla,True,10,8,10-19,0-9,levanti_harakat_prediction
موْقِد,muuqad,mwaqqid,False,6,6,0-9,0-9,levanti_harakat_prediction
شَوَاطَة,shawwaata,shawaata,False,8,9,0-9,0-9,levanti_harakat_prediction
رَطّ,ratt,ratt,True,4,4,0-9,0-9,levanti_harakat_prediction
يِخْتِصِر,yikhtisir,yikhtisir,True,9,9,0-9,0-9,levanti_harakat_prediction
يِفَصِّل,yfassil,yfassil,True,8,7,0-9,0-9,levanti_harakat_prediction
ثَوْر,suur,thawwar,False,5,4,0-9,0-9,levanti_harakat_prediction
سبْعن,sab3an,sab3in,False,5,6,0-9,0-9,levanti_harakat_prediction
دَاوَى,daawa,daawa,True,6,5,0-9,0-9,levanti_harakat_prediction
مَوَاعِيد,mawaa3iid,mawaa3iid,True,9,9,0-9,0-9,levanti_harakat_prediction
نَبَّه,nabbah,nabbih,False,6,6,0-9,0-9,levanti_harakat_prediction
طَرَب,tarab,tarrib,False,5,5,0-9,0-9,levanti_harakat_prediction
بِرِشِّة,barshe,barshe,True,8,6,0-9,0-9,levanti_harakat_prediction
شوْشَحَة,shoosha7a,shoosha7a,True,8,9,0-9,0-9,levanti_harakat_prediction
اِتْذَبَّل,2iddabbal,2iddabbal,True,10,9,10-19,0-9,levanti_harakat_prediction
شْحُوف,sh7uuf,sha7wif,False,6,6,0-9,0-9,levanti_harakat_prediction
نَافِذ,naafiz,naafiz,True,6,6,0-9,0-9,levanti_harakat_prediction
مِشْرِّم,msharram,msharrim,False,8,8,0-9,0-9,levanti_harakat_prediction
تَصْدِير,tasdiir,tasdiir,True,8,7,0-9,0-9,levanti_harakat_prediction
طَلَائِع,talaa2i3,talaa2i3,True,8,8,0-9,0-9,levanti_harakat_prediction
تِيْجَان,tiijaan,tiijaan,True,8,7,0-9,0-9,levanti_harakat_prediction
اِغْضَب,2ighdab,2ighdab,True,7,7,0-9,0-9,levanti_harakat_prediction
حَوط,7awwit,7awwat,False,4,6,0-9,0-9,levanti_harakat_prediction
مَعَارِك,ma3aarik,ma3aarik,True,8,8,0-9,0-9,levanti_harakat_prediction
هَمَل,hammil,hammal,False,5,6,0-9,0-9,levanti_harakat_prediction
طَنَاطِير,tanaatiir,tanaatiir,True,9,9,0-9,0-9,levanti_harakat_prediction
طَبَّاشِي,tabaashi,tabaashi,True,9,8,0-9,0-9,levanti_harakat_prediction
يِبْغَل,ybaghghil,yibghall,False,7,9,0-9,0-9,levanti_harakat_prediction
دِيْكُوْر,diikoor,dyuukir,False,9,7,0-9,0-9,levanti_harakat_prediction
تْلَغْمِط,tlaghmat,tlaghmat,True,9,8,0-9,0-9,levanti_harakat_prediction
ثَقِّف,saqqaf,saqqaf,True,6,6,0-9,0-9,levanti_harakat_prediction
هَجِن,hajjin,hajjin,True,5,6,0-9,0-9,levanti_harakat_prediction
تَلْمِيح,talmii7,talmii7,True,8,7,0-9,0-9,levanti_harakat_prediction
ذَبِيْحَة الْخُمْسَان,dbii7it 2ilkhumsaan,dabii7it 2ilmuskhaan,False,21,19,20-29,10-19,levanti_harakat_prediction
جعى,ja3a,ja33a,False,3,4,0-9,0-9,levanti_harakat_prediction
بَلَالِيع,balaalii3,balaalii3,True,9,9,0-9,0-9,levanti_harakat_prediction
مَقَاضِي,maqaadi,maqaadi,True,8,7,0-9,0-9,levanti_harakat_prediction
جْخَامِيش,jakhaamiish,jakhaamiish,True,9,11,0-9,10-19,levanti_harakat_prediction
مَاشِي عَبيض,maashi 3abeed,maashi ya3ibad,False,12,13,10-19,10-19,levanti_harakat_prediction
فَاصْلِة,faasle,faasile,False,8,6,0-9,0-9,levanti_harakat_prediction
نَخّ,nakhkh,nakhkh,True,4,6,0-9,0-9,levanti_harakat_prediction
ضحْكِة,du7ke,di7ke,False,6,5,0-9,0-9,levanti_harakat_prediction
سْقِيفِة,sqiife,sqiife,True,8,6,0-9,0-9,levanti_harakat_prediction
اِرْبُص,2urbus,2irbus,False,7,6,0-9,0-9,levanti_harakat_prediction
بَغُل,baghil,baghghal,False,5,6,0-9,0-9,levanti_harakat_prediction
يْخَارِج,ykhaarij,ykhaarij,True,8,8,0-9,0-9,levanti_harakat_prediction
مِحْزَمِة,m7azzame,mi7zame,False,9,8,0-9,0-9,levanti_harakat_prediction
طَبَّب,tabbab,tabbib,False,6,6,0-9,0-9,levanti_harakat_prediction
اِسْتَهْلَك,2istahlak,2istahlik,False,11,9,10-19,0-9,levanti_harakat_prediction
حِيَاد,7iyaad,7iyaad,True,6,6,0-9,0-9,levanti_harakat_prediction
عُمر,3amar,3ammar,False,4,5,0-9,0-9,levanti_harakat_prediction
دَافُوخ,daafuukh,daafuukh,True,7,8,0-9,0-9,levanti_harakat_prediction
زَعِيْتْمَان,z3eetmaan,za3iitmaan,False,12,9,10-19,0-9,levanti_harakat_prediction
جَاوَر,jaawar,jaawar,True,6,6,0-9,0-9,levanti_harakat_prediction
دَافُور,daafuur,daafuur,True,7,7,0-9,0-9,levanti_harakat_prediction
اِتْحَرَّك,2it7arrak,2it7arrak,True,10,9,10-19,0-9,levanti_harakat_prediction
بَلْبَحَة,balba7a,balba7a,True,9,7,0-9,0-9,levanti_harakat_prediction
يِنْقِرِض,yinqirid,yinqirid,True,9,8,0-9,0-9,levanti_harakat_prediction
شَغَب,shaghab,shaghghab,False,5,7,0-9,0-9,levanti_harakat_prediction
أَبْقَار,2abqaar,2abqaar,True,8,7,0-9,0-9,levanti_harakat_prediction
بَنَادِيْق,banaadiiqk,banaadiiq,False,10,10,10-19,10-19,levanti_harakat_prediction
وَحِيد أَهْلُه,wa7iid 2ahlo,wa7iid 2ahlo,True,14,12,10-19,10-19,levanti_harakat_prediction
تَمْرِير,tamriir,tamriir,True,8,7,0-9,0-9,levanti_harakat_prediction
يِتْمَتَّر,yitmattar,yitmattar,True,10,9,10-19,0-9,levanti_harakat_prediction
عَقْلَاتُه عَلَى بَتِّة وْنِصّ,3aqlaato 3ala batte wunuss,3aqala tasabo 3annnuuqa,False,30,26,30-39,20-29,levanti_harakat_prediction
مْسَرْسِب,msarsab,msarsib,False,9,7,0-9,0-9,levanti_harakat_prediction
فَسَخ,fassakh,fassikh,False,5,7,0-9,0-9,levanti_harakat_prediction
اِسْتَحْلَف,2ista7lif,2ista7lif,True,11,9,10-19,0-9,levanti_harakat_prediction
اِتْلَغَم,2itlaghgham,2itlaghgham,True,9,11,0-9,10-19,levanti_harakat_prediction
أَحْضَان,2a7daan,2a7daan,True,8,7,0-9,0-9,levanti_harakat_prediction
مُؤَكَّد,mu2akkad,m2akkid,False,8,8,0-9,0-9,levanti_harakat_prediction
اِنْخَزّ,2unkhuz,2inkhazz,False,8,7,0-9,0-9,levanti_harakat_prediction
بَطْنُه مْقَزَّز,batno mkazziz,batno mazziq,False,16,13,10-19,10-19,levanti_harakat_prediction
رَوْب,rawwab,rawwib,False,5,6,0-9,0-9,levanti_harakat_prediction
نَام عَلَى وِجْهُه طَبّ,naam 3ala wijho tabb,naam 3ala wajho bitto,False,23,20,20-29,20-29,levanti_harakat_prediction
يِنْلَبِخ,yinlibikh,yinlibikh,True,9,9,0-9,0-9,levanti_harakat_prediction
يِتْكَنْفِش,yitkanfash,yitkanfash,True,11,10,10-19,10-19,levanti_harakat_prediction
عَارِض,3aarad,3aarid,False,6,6,0-9,0-9,levanti_harakat_prediction
يْصَلَّى,ysalli,ysalli,True,8,6,0-9,0-9,levanti_harakat_prediction
سكّ,sukk,sikk,False,3,4,0-9,0-9,levanti_harakat_prediction
اُخْزِي,2ikhzi,2ikhzi,True,7,6,0-9,0-9,levanti_harakat_prediction
مَخْرُوط,makhruut,makhruut,True,8,8,0-9,0-9,levanti_harakat_prediction
نَف,niff,naff,False,3,4,0-9,0-9,levanti_harakat_prediction
اُرْقُص,2irqus,2irqus,True,7,6,0-9,0-9,levanti_harakat_prediction
مِن جَوْرَة الْعَسَل,min djoorat 2il3asal,min jawra 2il3asle,False,20,20,20-29,20-29,levanti_harakat_prediction
زَلَّاْقَة,zallaaqka,zallaaqa,False,10,9,10-19,0-9,levanti_harakat_prediction
يَدْرُوخ,ydarwikh,ydarwikh,True,8,8,0-9,0-9,levanti_harakat_prediction
مِيْن,miin,mayyin,False,5,4,0-9,0-9,levanti_harakat_prediction
وِجِّه نَحس,wijih na7as,wijih na7as,True,11,11,10-19,10-19,levanti_harakat_prediction
مَدَاس,madaas,madaas,True,6,6,0-9,0-9,levanti_harakat_prediction
بُقْبُِق,baqbiq,baqbaq,False,8,6,0-9,0-9,levanti_harakat_prediction
طْيُوْن,tayyuun,tyuun,False,7,7,0-9,0-9,levanti_harakat_prediction
يِصْبَح,ysabbi7,ysabbi7,True,7,7,0-9,0-9,levanti_harakat_prediction
هَزِر,hazar,hazar,True,5,5,0-9,0-9,levanti_harakat_prediction
جَزَاوِي,djazaawi,jazaawi,False,8,8,0-9,0-9,levanti_harakat_prediction
حِجَاب,7jaab,7ijaab,False,6,5,0-9,0-9,levanti_harakat_prediction
يِحْشِي,y7ashshi,yi7shi,False,7,8,0-9,0-9,levanti_harakat_prediction
يَلْتوي,yiltiwi,ylawwit,False,7,7,0-9,0-9,levanti_harakat_prediction
سَنَاكِيح,sanakii7,sanaakii7,False,9,8,0-9,0-9,levanti_harakat_prediction
يعْبَّك,yi3bitsh,y3abbik,False,7,8,0-9,0-9,levanti_harakat_prediction
قِرْشِة,qarshe,qarshe,True,7,6,0-9,0-9,levanti_harakat_prediction
يِرْمُل,yrammil,yirmul,False,7,7,0-9,0-9,levanti_harakat_prediction
تِصْحَايِة,tis7aaye,tis7aaye,True,10,8,10-19,0-9,levanti_harakat_prediction
مجَارَاة,mjaaraa,mjaara,False,8,7,0-9,0-9,levanti_harakat_prediction
مَات,maat,maat,True,4,4,0-9,0-9,levanti_harakat_prediction
يِنْهَلِك,yinhilik,yinhilik,True,9,8,0-9,0-9,levanti_harakat_prediction
اِسْتِبْدَاد,2istibdaad,2istibdaad,True,12,10,10-19,10-19,levanti_harakat_prediction
ارْجَح,2irja7,2irja7,True,6,6,0-9,0-9,levanti_harakat_prediction
بَعِص,ba3as,ba33is,False,5,5,0-9,0-9,levanti_harakat_prediction
نِغِش,naghghish,naghghash,False,5,9,0-9,0-9,levanti_harakat_prediction
اتْوَقَّع,2itwaqqa3,2itwaqqa3,True,9,9,0-9,0-9,levanti_harakat_prediction
قِطِر,qutur,qattar,False,5,5,0-9,0-9,levanti_harakat_prediction
إِلَى,2ila,2ila,True,5,4,0-9,0-9,levanti_harakat_prediction
اتْجَرَّس,2itjarras,2itjarras,True,9,9,0-9,0-9,levanti_harakat_prediction
يِصُوْن,ysuun,ysawwin,False,7,5,0-9,0-9,levanti_harakat_prediction
حَرِيقَة,7ariiqa,7ariiqa,True,8,7,0-9,0-9,levanti_harakat_prediction
هَوَا,huwwa,hawa,False,5,5,0-9,0-9,levanti_harakat_prediction
سُلْطَان,sultaan,sultaan,True,8,7,0-9,0-9,levanti_harakat_prediction
فَكَّك,fakkak,fakkik,False,6,6,0-9,0-9,levanti_harakat_prediction
بقْرُج,baqkradj,baqkradj,True,6,8,0-9,0-9,levanti_harakat_prediction
اِنْفَجَر,2inifjir,2infijir,False,9,8,0-9,0-9,levanti_harakat_prediction
تْجَرَّع,tjarra3,tjarra3,True,8,7,0-9,0-9,levanti_harakat_prediction
يُوحَد,ywa77id,ywa77id,True,6,7,0-9,0-9,levanti_harakat_prediction
فْصُوْلْهَا النَّاقْصِة,fsuulha 2innaaqsa,fusuulha 2ilqinnaas,False,23,17,20-29,10-19,levanti_harakat_prediction
تَمْرَة,tamre,tamra,False,7,5,0-9,0-9,levanti_harakat_prediction
عَطِيِّة,3atiyye,3atiyye,True,8,7,0-9,0-9,levanti_harakat_prediction
يُسْفُط,yusfut,ysaffit,False,7,6,0-9,0-9,levanti_harakat_prediction
يقِشّ,yqushsh,yqishsh,False,5,7,0-9,0-9,levanti_harakat_prediction
سَحَاحِيْر,sa7aa7iir,sa7aa7iir,True,10,9,10-19,0-9,levanti_harakat_prediction
اِنْشَطَب,2inshatab,2inshitib,False,9,9,0-9,0-9,levanti_harakat_prediction
جُوْح,juu7,jawwi7,False,5,4,0-9,0-9,levanti_harakat_prediction
شُقْر,sha22ar,shaqqir,False,5,7,0-9,0-9,levanti_harakat_prediction
ثمَن,thaman,thammin,False,4,6,0-9,0-9,levanti_harakat_prediction
قَشْعَر بَدَنِي,qash3ar badani,qasha3ir badani,False,15,14,10-19,10-19,levanti_harakat_prediction
اِتْفرِك,2itfarrak,2itfarrak,True,8,9,0-9,0-9,levanti_harakat_prediction
اِتْنَافَر,2itnaafar,2itnaafar,True,10,9,10-19,0-9,levanti_harakat_prediction
مْلَعْلَع,mla3la3,mla3la3,True,9,7,0-9,0-9,levanti_harakat_prediction
يِفْتِرِس,yiftiris,yiftiris,True,9,8,0-9,0-9,levanti_harakat_prediction
مَا بِتِنْبَلّ بْثِمُّه فُولِة,maa btinball btimmo fuule,maa btin billaffo bimmo,False,30,25,30-39,20-29,levanti_harakat_prediction
حْمَار وَحْشِي,7imaar wa7shi,7amaar wishi,False,14,13,10-19,10-19,levanti_harakat_prediction
نَهِق,nahhaq,nahhiq,False,5,6,0-9,0-9,levanti_harakat_prediction
اِهْتَرّ,2ihtar,2ihtar,True,8,6,0-9,0-9,levanti_harakat_prediction
فَرِع,farri3,farri3,True,5,6,0-9,0-9,levanti_harakat_prediction
لَخْمِة,lakhme,lakhme,True,7,6,0-9,0-9,levanti_harakat_prediction
بِالزّوْر,bizzoor,bizzuur,False,9,7,0-9,0-9,levanti_harakat_prediction
زَيّ,zayy,ziyy,False,4,4,0-9,0-9,levanti_harakat_prediction
رَمِد,rammad,rammid,False,5,6,0-9,0-9,levanti_harakat_prediction
اِخْلَق,2ukhluq,2ikhliq,False,7,7,0-9,0-9,levanti_harakat_prediction
اِلْكُمّ,2ulkum,2ilkam,False,8,6,0-9,0-9,levanti_harakat_prediction
يْرَقِّق,yraqqiq,yraqqiq,True,8,7,0-9,0-9,levanti_harakat_prediction
يمْتِر,ymattir,ymattir,True,6,7,0-9,0-9,levanti_harakat_prediction
يْعِضّ,y3udd,y3idd,False,6,5,0-9,0-9,levanti_harakat_prediction
عَضّ,3add,3add,True,4,4,0-9,0-9,levanti_harakat_prediction
كَافِئ,kaafi2,kaafi2,True,6,6,0-9,0-9,levanti_harakat_prediction
يِضِيْع,ydayyi3,ydayyi3,True,7,7,0-9,0-9,levanti_harakat_prediction
غِرز,gharriz,gharraz,False,4,7,0-9,0-9,levanti_harakat_prediction
شَلَخْتَا,shlikhta,shalkhata,False,9,8,0-9,0-9,levanti_harakat_prediction
يَا دَاخِل بِيْن الْبَصَلِة وْقِشْرْتْهَا مَابِيْنُوبَك غِير رِيحِتْهَا,yaa daakhil been 2ilbasale wuqishritha maa binuubak gheer rii7itha,yaadakhil khurbit 2ilbingheew samir biqaalin saab 7ayarit b wilaaak,False,71,66,70-79,60-69,levanti_harakat_prediction
اِتْشَخْلَع,2itshakhla3,2itshakhla3,True,11,11,10-19,10-19,levanti_harakat_prediction
يِفْجَع,yifja3,yifja3,True,7,6,0-9,0-9,levanti_harakat_prediction
مَجْنُوْن يِحْكِي وْعَاقِل يِسْمَع,majnuun yi7ki wu3aaqil yisma3,majnuu3 yookil yi7asami 3ak,False,34,29,30-39,20-29,levanti_harakat_prediction
فُتِت,fattat,fattit,False,5,6,0-9,0-9,levanti_harakat_prediction
تُهِم,tuham,tahhim,False,5,5,0-9,0-9,levanti_harakat_prediction
صَبّ,subb,sabb,False,4,4,0-9,0-9,levanti_harakat_prediction
شُهُوْر,shhuur,shuhuur,False,7,6,0-9,0-9,levanti_harakat_prediction
رِيح,rayya7,rayyi7,False,4,6,0-9,0-9,levanti_harakat_prediction
اِنْتَرَك,2intirik,2intirik,True,9,8,0-9,0-9,levanti_harakat_prediction
اتْكَرْكَز,2itkarkaz,2itkarkaz,True,10,9,10-19,0-9,levanti_harakat_prediction
اِنْبَخّ,2inbakhkh,2inbukh,False,8,9,0-9,0-9,levanti_harakat_prediction
مْهَاوِي,mhaawi,mhaawi,True,8,6,0-9,0-9,levanti_harakat_prediction
حَبَابِيْس,7abaabiis,7abaabiis,True,10,9,10-19,0-9,levanti_harakat_prediction
سَاكِن,saakin,saakin,True,6,6,0-9,0-9,levanti_harakat_prediction
اِنْحَرَق,2in7iriq,2in7araq,False,9,8,0-9,0-9,levanti_harakat_prediction
يَادُوْب طَازَا,yaa doob taaza,yaaduub baat,False,15,14,10-19,10-19,levanti_harakat_prediction
مْفِسْتِق,mfastiq,mfastaqti2,False,9,7,0-9,0-9,levanti_harakat_prediction
اُكْمِل,2ikmal,2ikmil,False,7,6,0-9,0-9,levanti_harakat_prediction
يْحَرِّك,yu7ruk,y7arrik,False,8,6,0-9,0-9,levanti_harakat_prediction
نَفس,nafs,naffas,False,4,4,0-9,0-9,levanti_harakat_prediction
تْزَانِخ,tzaanakh,tzaanakh,True,8,8,0-9,0-9,levanti_harakat_prediction
هَوّ,huu,haww,False,4,3,0-9,0-9,levanti_harakat_prediction
اِتْطَفَّل,2ittaffal,2ittaffal,True,10,9,10-19,0-9,levanti_harakat_prediction
جِزِء,juzu2,jizi2,False,5,5,0-9,0-9,levanti_harakat_prediction
اِصْحَى,2is7,2is7a,False,7,4,0-9,0-9,levanti_harakat_prediction
اِنْزَع,2inza3,2inza3,True,7,6,0-9,0-9,levanti_harakat_prediction
جِيْز,jiiz,jayyiz,False,5,4,0-9,0-9,levanti_harakat_prediction
شَرْبُوح الْمَقْثَاة,sharbuu7 2ilmiqiikthaa,sharbuu7 2ilmaqa,False,20,22,20-29,20-29,levanti_harakat_prediction
حَبَمْبُم,7abambam,7abmab,False,9,8,0-9,0-9,levanti_harakat_prediction
ممرْمِغ,2immarmagh,mramghigh,False,7,10,0-9,10-19,levanti_harakat_prediction
جَوْرَة,joora,joora,True,7,5,0-9,0-9,levanti_harakat_prediction
ضَحِّي,da77i,da77i,True,6,5,0-9,0-9,levanti_harakat_prediction
اِنْقَاس,2inqaas,2inqaas,True,8,7,0-9,0-9,levanti_harakat_prediction
نُوَّاح,nwaa7,nuwwaa7,False,7,5,0-9,0-9,levanti_harakat_prediction
ضَمَانِة,damaane,damaane,True,8,7,0-9,0-9,levanti_harakat_prediction
تَذْكِير,tadhkiir,tazkiir,False,8,8,0-9,0-9,levanti_harakat_prediction
غَسَّالِة,ghassaale,ghassaale,True,9,9,0-9,0-9,levanti_harakat_prediction
عَيط,3ayyit,3ayyat,False,4,6,0-9,0-9,levanti_harakat_prediction
حَنْجَص,7andjas,7andjis,False,7,7,0-9,0-9,levanti_harakat_prediction
اِحْشَد,2i7shid,2i7shid,True,7,7,0-9,0-9,levanti_harakat_prediction
يِنْزِف,yinzif,yinzif,True,7,6,0-9,0-9,levanti_harakat_prediction
اِتْنَازُه,2itnaazah,2itnaazah,True,10,9,10-19,0-9,levanti_harakat_prediction
فقّش,faqqish,faqqash,False,4,7,0-9,0-9,levanti_harakat_prediction
طُوْبَر,ytoobir,toobar,False,7,7,0-9,0-9,levanti_harakat_prediction
حِرض,7arrad,7arad,False,4,6,0-9,0-9,levanti_harakat_prediction
خمِع,khama3,khamma3,False,4,6,0-9,0-9,levanti_harakat_prediction
نَتَع,nata3,natti3,False,5,5,0-9,0-9,levanti_harakat_prediction
مُمَالَحَة,2immaala7a,mumaala7a,False,10,10,10-19,10-19,levanti_harakat_prediction
تْرَانْزِيت,traanziit,taraanziit,False,11,9,10-19,0-9,levanti_harakat_prediction
دِنَّا,danna,dinna,False,6,5,0-9,0-9,levanti_harakat_prediction
ذْنَاب,dnaab,dunbaab,False,6,5,0-9,0-9,levanti_harakat_prediction
يزِيْد,yziid,yziid,True,6,5,0-9,0-9,levanti_harakat_prediction
يْقَجْقِج,yqadjqidj,yqadjqidj,True,9,9,0-9,0-9,levanti_harakat_prediction
مَارِق,maariq,maariq,True,6,6,0-9,0-9,levanti_harakat_prediction
عِشّتِي,3ashti,3ashti,True,7,6,0-9,0-9,levanti_harakat_prediction
سَكْبِة,sakbe,sakbe,True,7,5,0-9,0-9,levanti_harakat_prediction
دقّ خْشُوم,dagg khshuum,duqkh shuum,False,10,12,10-19,10-19,levanti_harakat_prediction
تِجَمُّل,tjammal,tjammal,True,8,7,0-9,0-9,levanti_harakat_prediction
مَدَادَاة,mdaadaa,mdaadaa,True,9,7,0-9,0-9,levanti_harakat_prediction
مَرَّة,marra,marra,True,6,5,0-9,0-9,levanti_harakat_prediction
غَبِر,ghabbar,ghabbar,True,5,7,0-9,0-9,levanti_harakat_prediction
احْمِلِي,2i7mali,2i7mili,False,8,7,0-9,0-9,levanti_harakat_prediction
كِسِب,kassab,kassab,True,5,6,0-9,0-9,levanti_harakat_prediction
يِلَاهِث,ylaahith,ylaahith,True,8,8,0-9,0-9,levanti_harakat_prediction
يعْطِّن,y3attin,y3attin,True,7,7,0-9,0-9,levanti_harakat_prediction
يتْبَنِّت,yitbannat,yitbannat,True,9,9,0-9,0-9,levanti_harakat_prediction
خَرْبُوطَة,kharbuuta,kharbuuta,True,10,9,10-19,0-9,levanti_harakat_prediction
عِيْن العَقِل,3een 2il3aqil,3iin 2il3aq,False,13,13,10-19,10-19,levanti_harakat_prediction
دِعَايِة,di3aaye,di3aaye,True,8,7,0-9,0-9,levanti_harakat_prediction
موْزم,mwazzam,muuzim,False,5,7,0-9,0-9,levanti_harakat_prediction
نَبِق,nabaq,nabbaq,False,5,5,0-9,0-9,levanti_harakat_prediction
فِلِم رعِب,filim ru3ub,fallim 3arrab,False,10,11,10-19,10-19,levanti_harakat_prediction
يِْطُوْق,ytawwiq,ytawwiq,True,8,7,0-9,0-9,levanti_harakat_prediction
ضَرْبِة حَظّ,darbit 7azz,dharabit 7azze,False,12,11,10-19,10-19,levanti_harakat_prediction
بَلْبُوص,balbuus,balbuus,True,8,7,0-9,0-9,levanti_harakat_prediction
أَدَاة,2adaa,2adaa,True,6,5,0-9,0-9,levanti_harakat_prediction
اُسْكُت,2uskut,2uskut,True,7,6,0-9,0-9,levanti_harakat_prediction
وَلِّع,wala3,walli3,False,6,5,0-9,0-9,levanti_harakat_prediction
دَبَك,dabak,dabbak,False,5,5,0-9,0-9,levanti_harakat_prediction
اِنْشَهَر,2inshihir,2inshihir,True,9,9,0-9,0-9,levanti_harakat_prediction
تَنشنش,tnashnash,tnashshan,False,6,9,0-9,0-9,levanti_harakat_prediction
غَوْص,ghuus,ghoos,False,5,5,0-9,0-9,levanti_harakat_prediction
تَبَاحُث,tbaa7as,tbaa7as,True,8,7,0-9,0-9,levanti_harakat_prediction
مَهْرَجَان,mahrajaan,mahrajaan,True,10,9,10-19,0-9,levanti_harakat_prediction
مْرَبِّك,mirbik,mrabbik,False,8,6,0-9,0-9,levanti_harakat_prediction
اِنْطَبَش,2intibish,2intibish,True,9,9,0-9,0-9,levanti_harakat_prediction
طَشش,tashshash,tashshish,False,4,9,0-9,0-9,levanti_harakat_prediction
مُخُّه كْبِيْر,mukhkho kbiir,mukhkho kabiir,False,14,13,10-19,10-19,levanti_harakat_prediction
زَكَى,zakka,zaka,False,5,5,0-9,0-9,levanti_harakat_prediction
عَطْوَة,3atwe,3atwe,True,7,5,0-9,0-9,levanti_harakat_prediction
اِمْسَح,2imsa7,2imsa7,True,7,6,0-9,0-9,levanti_harakat_prediction
نَرْفُوز,narfuuz,narfuuz,True,8,7,0-9,0-9,levanti_harakat_prediction
هَرْبَج,harbij,harbaj,False,7,6,0-9,0-9,levanti_harakat_prediction
قَوَارِيْط,qawariit,qawaariit,False,10,8,10-19,0-9,levanti_harakat_prediction
شبَايِه,shabaayih,shabaayih,True,7,9,0-9,0-9,levanti_harakat_prediction
يَسُوْق,ysawwiq,ysawwiq,True,7,7,0-9,0-9,levanti_harakat_prediction
صَدِيْق صَدُوْق,sadiiq saduuq,sadiiq saduuq,True,15,13,10-19,10-19,levanti_harakat_prediction
مِتْوَقَّع,mitwaqqi3,mitwaqqa3,False,10,9,10-19,0-9,levanti_harakat_prediction
تَمْكِين,tamkiin,tamkiin,True,8,7,0-9,0-9,levanti_harakat_prediction
يِكْشِف,yikshif,ykashshif,False,7,7,0-9,0-9,levanti_harakat_prediction
سِبْعَاوِي,sab3aawi,sib3aawi,False,10,8,10-19,0-9,levanti_harakat_prediction
دَوْلِة,duwal,doole,False,7,5,0-9,0-9,levanti_harakat_prediction
مِصْرِف,masraf,musrif,False,7,6,0-9,0-9,levanti_harakat_prediction
مَنْفَذ,mnaffid,manfaz,False,7,7,0-9,0-9,levanti_harakat_prediction
حِكم الهُدْهُد,7ukm 2ilhudhud,7imit 2ahdak,False,14,14,10-19,10-19,levanti_harakat_prediction
يْرَاوِد,yraawid,yraawid,True,8,7,0-9,0-9,levanti_harakat_prediction
حَمْحُم,7am7im,7am7am,False,7,6,0-9,0-9,levanti_harakat_prediction
كَمِخ,kimikh,kammikh,False,5,6,0-9,0-9,levanti_harakat_prediction
بَشَت,bashat,bashshit,False,5,6,0-9,0-9,levanti_harakat_prediction
أَشْكُرا,2ashkara,2ashkura,False,8,8,0-9,0-9,levanti_harakat_prediction
مْقَبَّص,mqabbis,mqabbis,True,8,7,0-9,0-9,levanti_harakat_prediction
يِتْسَدَّد,yitsaddad,yitsaddad,True,10,9,10-19,0-9,levanti_harakat_prediction
يِتْرَافَق,yitraafaq,yitraafaq,True,10,9,10-19,0-9,levanti_harakat_prediction
كَهْرَبَجِي,kahrabji,kahrabji,True,11,8,10-19,0-9,levanti_harakat_prediction
اِنْصَلَح,2insili7,2insala7,False,9,8,0-9,0-9,levanti_harakat_prediction
اِنْعَوْج,2in3iwij,2in3iwij,True,9,8,0-9,0-9,levanti_harakat_prediction
مَنْزُوع الدِّسِم,manzuu3 2iddasam,minzuu3 2iddas,False,17,16,10-19,10-19,levanti_harakat_prediction
قَاوَح,qaawa7,qaawi7,False,6,6,0-9,0-9,levanti_harakat_prediction
سِفِر,sufar,saffir,False,5,5,0-9,0-9,levanti_harakat_prediction
يِنْسِف,yinsif,yinsif,True,7,6,0-9,0-9,levanti_harakat_prediction
أَعْصَاب,2a3saab,2a3saab,True,8,7,0-9,0-9,levanti_harakat_prediction
خِدْعَة,khud3a,khid3a,False,7,6,0-9,0-9,levanti_harakat_prediction
قَدِّ الْبَلَد,qadd 2ilbalad,qadd 2ilbad,False,14,13,10-19,10-19,levanti_harakat_prediction
مِحْيَا,ma7ya,mi7ya,False,7,5,0-9,0-9,levanti_harakat_prediction
شَهْرِي,shahri,shahri,True,7,6,0-9,0-9,levanti_harakat_prediction
يِتْخَصَّص,yitkhassas,yitkhassas,True,10,10,10-19,10-19,levanti_harakat_prediction
يَدَايِن,ydaayin,ydaayin,True,8,7,0-9,0-9,levanti_harakat_prediction
زِر,zirr,zarrir,False,3,4,0-9,0-9,levanti_harakat_prediction
كَبَب,kabbib,kabbib,True,5,6,0-9,0-9,levanti_harakat_prediction
سَافِخ,saafikh,saafikh,True,6,7,0-9,0-9,levanti_harakat_prediction
ضوَى,dawa,dawwa,False,4,4,0-9,0-9,levanti_harakat_prediction
صَفّ,suff,saff,False,4,4,0-9,0-9,levanti_harakat_prediction
نَذِر,nadir,nazzir,False,5,5,0-9,0-9,levanti_harakat_prediction
بْشْنِيْقَة,bushneeqka,bashniiqa,False,11,10,10-19,10-19,levanti_harakat_prediction
الكَخّ أَخُو الخَرَا,2il kikhkh 2akhu 2ilkhara,2ilkhak 2ikhkhaaru,False,20,25,20-29,20-29,levanti_harakat_prediction
هُنَاك,hinaak,hunaak,False,6,6,0-9,0-9,levanti_harakat_prediction
يِبِحّ,ybi77,ybi77,True,6,5,0-9,0-9,levanti_harakat_prediction
يْغُصّ,yghuss,yghuss,True,6,6,0-9,0-9,levanti_harakat_prediction
تَكَالِيف,takaaliif,takaaliif,True,9,9,0-9,0-9,levanti_harakat_prediction
دَهْدَك,dahdak,dahdak,True,7,6,0-9,0-9,levanti_harakat_prediction
طَيْر,tayyar,tayyir,False,5,6,0-9,0-9,levanti_harakat_prediction
يْنَقِّص,ynaqqis,ynaqqis,True,8,7,0-9,0-9,levanti_harakat_prediction
اِنْدَعَس,2indi3is,2inda3as,False,9,8,0-9,0-9,levanti_harakat_prediction
بَُوْز,buuz,bawwiz,False,6,4,0-9,0-9,levanti_harakat_prediction
يِنْفَنِس,yinfinis,yinfinis,True,9,8,0-9,0-9,levanti_harakat_prediction
عَاش,3aash,3aash,True,4,5,0-9,0-9,levanti_harakat_prediction
تِحَرْسِم,t7arsam,t7arsam,True,9,7,0-9,0-9,levanti_harakat_prediction
عَرْقَان,3arqaan,3arqaan,True,8,7,0-9,0-9,levanti_harakat_prediction
تْنَحْنَح,tna7na7,tna7na7,True,9,7,0-9,0-9,levanti_harakat_prediction
لوَى,lawa,lawwa,False,4,4,0-9,0-9,levanti_harakat_prediction
اِفْتَتَح,2iftata7,2iftata7,True,9,8,0-9,0-9,levanti_harakat_prediction
اِنْتَكَس,2intikis,2intikis,True,9,8,0-9,0-9,levanti_harakat_prediction
مَوْسِم,mawsim,mwasmim,False,7,6,0-9,0-9,levanti_harakat_prediction
مْشَنَّق,mshanniq,mshanniq,True,8,8,0-9,0-9,levanti_harakat_prediction
شَبَك,shabbik,shabbik,True,5,7,0-9,0-9,levanti_harakat_prediction
ينْذُر,yundhur,yinzarr,False,6,7,0-9,0-9,levanti_harakat_prediction
صَُون,suun,sawwin,False,5,4,0-9,0-9,levanti_harakat_prediction
خَلِّى,khalla,khalla,True,6,6,0-9,0-9,levanti_harakat_prediction
اهْزِم,2ihzim,2ihzim,True,6,6,0-9,0-9,levanti_harakat_prediction
أَثَرِي,2asari,2asri,False,7,6,0-9,0-9,levanti_harakat_prediction
كَيْكَح,keeka7,keeki7,False,7,6,0-9,0-9,levanti_harakat_prediction
كَمَّادَة,kimmaade,kammaade,False,9,8,0-9,0-9,levanti_harakat_prediction
رَاغِب,raaghib,raaghib,True,6,7,0-9,0-9,levanti_harakat_prediction
مْرَاق الطَّرِيق,marraaq 2ittariiq,maraaq 2ittiir,False,16,17,10-19,10-19,levanti_harakat_prediction
تَْمَكَّن,tamakkun,tmakkan,False,9,8,0-9,0-9,levanti_harakat_prediction
مِيرَامِيِّة,meeraamiyye,miiraamiyye,False,12,11,10-19,10-19,levanti_harakat_prediction
تَْسَلَّط,tsallat,tsallat,True,9,7,0-9,0-9,levanti_harakat_prediction
اِسْهَر,2ishar,2ishar,True,7,6,0-9,0-9,levanti_harakat_prediction
يُِنْقُر,yunqur,yinqarr,False,8,6,0-9,0-9,levanti_harakat_prediction
الله يْرْمُل اليَهُود,2alla yrammil 2ilyahuud,2alla yrum 2ilhudeel,False,21,23,20-29,20-29,levanti_harakat_prediction
حَنَش,7anash,7annish,False,5,6,0-9,0-9,levanti_harakat_prediction
أَكَمّ,2akam,2akam,True,6,5,0-9,0-9,levanti_harakat_prediction
وَعَظ,wa33az,wa33iz,False,5,6,0-9,0-9,levanti_harakat_prediction
يِسْتَهْلِك,yistahlik,yistahlik,True,11,9,10-19,0-9,levanti_harakat_prediction
لَإِجْرِي,la2ijri,lajri,False,9,7,0-9,0-9,levanti_harakat_prediction
اِنْقَال,2inqaal,2inqaal,True,8,7,0-9,0-9,levanti_harakat_prediction
عتب,3attib,3attib,True,3,6,0-9,0-9,levanti_harakat_prediction
سَلَّى,salla,salla,True,6,5,0-9,0-9,levanti_harakat_prediction
بَاشِر,baashar,baashir,False,6,7,0-9,0-9,levanti_harakat_prediction
تصَاوَب,tsaawab,tsaawab,True,7,7,0-9,0-9,levanti_harakat_prediction
إِقَامِة,2iqaame,2iqmaa,False,8,7,0-9,0-9,levanti_harakat_prediction
جِنّ اللِي يِرْكِبَك,jinni 2illi yirkabak,jinn 2ilk yabirrik,False,20,20,20-29,20-29,levanti_harakat_prediction
فَنْتَزِيِّة,fantaziyye,fantaziyye,True,12,10,10-19,10-19,levanti_harakat_prediction
اِنْهَبّ,2inhab,2inhab,True,8,6,0-9,0-9,levanti_harakat_prediction
يُسْجُد,yusjud,yisjud,False,7,6,0-9,0-9,levanti_harakat_prediction
طَابِق,taabiq,taabiq,True,6,6,0-9,0-9,levanti_harakat_prediction
مِصِع,masa3,massi3,False,5,5,0-9,0-9,levanti_harakat_prediction
سُفُل,saffil,saffal,False,5,6,0-9,0-9,levanti_harakat_prediction
سَلس,silis,sallis,False,4,5,0-9,0-9,levanti_harakat_prediction
أَرْسَل,2arsal,2arsal,True,7,6,0-9,0-9,levanti_harakat_prediction
تْشَارِك,tshaarak,tshaarak,True,8,8,0-9,0-9,levanti_harakat_prediction
خَابِز,khaabiz,khaabiz,True,6,7,0-9,0-9,levanti_harakat_prediction
لَاهِث,laahith,laahith,True,6,7,0-9,0-9,levanti_harakat_prediction
مَشَاغِل,mashaaghil,mashaaghil,True,8,10,0-9,10-19,levanti_harakat_prediction
اُخْبُط رَاسَك بِالْحَيْط,2ukhbut raasak bil7eet,2ukhbut raas bil7eet,False,25,22,20-29,20-29,levanti_harakat_prediction
حَجّ,7ajj,7ajj,True,4,4,0-9,0-9,levanti_harakat_prediction
مْكَلْكَل,mkalkil,mkalkil,True,9,7,0-9,0-9,levanti_harakat_prediction
يْقُوْرَح,yqoori7,yqoori7,True,9,7,0-9,0-9,levanti_harakat_prediction
اِغْمِس,2ighmis,2ighmis,True,7,7,0-9,0-9,levanti_harakat_prediction
دَلْعُوْنِة,dal3oona,dal3uune,False,11,8,10-19,0-9,levanti_harakat_prediction
عَادِل,3aadal,3aadil,False,6,6,0-9,0-9,levanti_harakat_prediction
تَهَاوَى,thaawa,thaawa,True,8,6,0-9,0-9,levanti_harakat_prediction
اِسْتَقْدَم,2istaqdam,2istaqdim,False,11,9,10-19,0-9,levanti_harakat_prediction
عَالِل,3aalil,3aalil,True,6,6,0-9,0-9,levanti_harakat_prediction
جَقَم,jiqim,jaqam,False,5,5,0-9,0-9,levanti_harakat_prediction
أَطَافِيل,2ataafiil,2ataafiil,True,9,9,0-9,0-9,levanti_harakat_prediction
عَار,3aar,3aar,True,4,4,0-9,0-9,levanti_harakat_prediction
يُودِّي,ywaddi,ywaddi,True,7,6,0-9,0-9,levanti_harakat_prediction
شحْتف,sha7taf,sha7taf,True,5,7,0-9,0-9,levanti_harakat_prediction
أَجِّل,2ajall,2ajjil,False,6,6,0-9,0-9,levanti_harakat_prediction
اِشَارَة مُرُور,2ishaarit muruur,2ishshaara mruura,False,15,16,10-19,10-19,levanti_harakat_prediction
اِتْفَكْهن,2itfakhan,2itfakhan,True,10,9,10-19,0-9,levanti_harakat_prediction
يِنْصِدِم,yinsidim,yinsidim,True,9,8,0-9,0-9,levanti_harakat_prediction
خَنّ,khinn,khann,False,4,5,0-9,0-9,levanti_harakat_prediction
دَوَام,dwaam,dawaam,False,6,5,0-9,0-9,levanti_harakat_prediction
مُدَبَلَج,mdablaj,mudbalj,False,9,7,0-9,0-9,levanti_harakat_prediction
فِيْرَاْن,fiiraan,fiiraan,True,9,7,0-9,0-9,levanti_harakat_prediction
مَزْرُوْب,mazruub,mazruub,True,9,7,0-9,0-9,levanti_harakat_prediction
مِتْحَفِّظ,mit7affiz,mit7affiz,True,10,9,10-19,0-9,levanti_harakat_prediction
يِحْزَن,yi7zan,y7azzin,False,7,6,0-9,0-9,levanti_harakat_prediction
سُلْطَانِي,sultaani,sultaani,True,10,8,10-19,0-9,levanti_harakat_prediction
مِش مِتَْهَنِّي بِلُقْمِتُه,mish mithanni bluqmito,mish mitqan billo,False,27,22,20-29,20-29,levanti_harakat_prediction
اِشَخَت,2ishkhat,2ishkhat,True,7,8,0-9,0-9,levanti_harakat_prediction
دْرَّاس,draas,draas,True,7,5,0-9,0-9,levanti_harakat_prediction
عَوْد,3awwid,3awwad,False,5,6,0-9,0-9,levanti_harakat_prediction
عَبِيض,3abeed,3abiid,False,6,6,0-9,0-9,levanti_harakat_prediction
إِخِصّ عَلِيْك,2ikhs 3aleek,2ikhkh 3asali,False,14,12,10-19,10-19,levanti_harakat_prediction
بَيْت خَرَاب,beet kharaab,beet kharab,False,12,12,10-19,10-19,levanti_harakat_prediction
حَمَّالِة,7ammaale,7ammaale,True,9,8,0-9,0-9,levanti_harakat_prediction
اِتْشَّرَح,2itsharra7,2itsharra7,True,10,10,10-19,10-19,levanti_harakat_prediction
تْضِيْف,2iddayyaf,tdayyaf,False,7,9,0-9,0-9,levanti_harakat_prediction
يْعَاطِس,y3aatis,y3aatis,True,8,7,0-9,0-9,levanti_harakat_prediction
مِتْكَتِّل,mitkattil,mitkattil,True,10,9,10-19,0-9,levanti_harakat_prediction
يِتْبَاهَى,yitbaaha,yitbaaha,True,10,8,10-19,0-9,levanti_harakat_prediction
فَزِع,fazza3,fazzi3,False,5,6,0-9,0-9,levanti_harakat_prediction
خَرْبُوشِة,kharbuushe,kharbuushe,True,10,10,10-19,10-19,levanti_harakat_prediction
أَعْيَاد,2a3yaad,2a3yaad,True,8,7,0-9,0-9,levanti_harakat_prediction
اِنْلَهَد,2inlihid,2inlahad,False,9,8,0-9,0-9,levanti_harakat_prediction
اِضْحَك بْعبَّك,2id7ak b3ibbak,2id7ak b3abak,False,15,14,10-19,10-19,levanti_harakat_prediction
رِئِف,ri2if,ra2if,False,5,5,0-9,0-9,levanti_harakat_prediction
مُفِيد,mufiid,mufiid,True,6,6,0-9,0-9,levanti_harakat_prediction
يِمتْلِي,yimtili,yimtali,False,8,7,0-9,0-9,levanti_harakat_prediction
يِطْرمِخ,ytarmikh,ytarmikh,True,8,8,0-9,0-9,levanti_harakat_prediction
يْحَلْحِل زَرْدُهُم,y7al7il zaradhum,y7al7il zirhum,False,19,16,10-19,10-19,levanti_harakat_prediction
اِهْزُر,2uhzur,2uhzur,True,7,6,0-9,0-9,levanti_harakat_prediction
عَايِف,3aayif,3aayif,True,6,6,0-9,0-9,levanti_harakat_prediction
طَعْمَاه قَتْلِة,ta3maa qatle,ta3maatha qale,False,16,12,10-19,10-19,levanti_harakat_prediction
اِتْصَرَّح,2itsarra7,2itsarra7,True,10,9,10-19,0-9,levanti_harakat_prediction
يِتْفَرْطَح,yitfarta7,yitfarta7,True,11,9,10-19,0-9,levanti_harakat_prediction
شِلِح,shalla7,shalli7,False,5,7,0-9,0-9,levanti_harakat_prediction
خَالِف تعَرِّف,khaalif tu3raf,khaalif ta3arr,False,14,14,10-19,10-19,levanti_harakat_prediction
مَرْكِي,mrakki,marki,False,7,6,0-9,0-9,levanti_harakat_prediction
صُوْرَة,suura,suura,True,7,5,0-9,0-9,levanti_harakat_prediction
لَمّ,lam,lamm,False,4,3,0-9,0-9,levanti_harakat_prediction
يِدْقْمِق,ydaqmiq,ydaqmiq,True,9,7,0-9,0-9,levanti_harakat_prediction
اِحْلَبّ,2i7lib,2i7lib,True,8,6,0-9,0-9,levanti_harakat_prediction
أَجْوَاد,2ajwaad,2ajwaad,True,8,7,0-9,0-9,levanti_harakat_prediction
يْفُوْق,yfuuq,yfawwiq,False,7,5,0-9,0-9,levanti_harakat_prediction
سَيّْئَة,sayyi2a,sii2a,False,8,7,0-9,0-9,levanti_harakat_prediction
فَوْخَر,fookhar,fookhir,False,7,7,0-9,0-9,levanti_harakat_prediction
نَزع,naza3,nazza3,False,4,5,0-9,0-9,levanti_harakat_prediction
فِرز,faraz,farriz,False,4,5,0-9,0-9,levanti_harakat_prediction
أَلْف,2alf,2allif,False,5,4,0-9,0-9,levanti_harakat_prediction
اِفْطَر,2iftar,2iftar,True,7,6,0-9,0-9,levanti_harakat_prediction
يِدْمِل,yidmul,yidmil,False,7,6,0-9,0-9,levanti_harakat_prediction
يِكْفَل,yikfal,ykaffil,False,7,6,0-9,0-9,levanti_harakat_prediction
قَفَّل,qaffil,qaffal,False,6,6,0-9,0-9,levanti_harakat_prediction
يُدْرُس,yidrus,yidrus,True,7,6,0-9,0-9,levanti_harakat_prediction
أَجْزَاء,2ajzaa2,2ajzaa2,True,8,7,0-9,0-9,levanti_harakat_prediction
اِتْوَغْوش,2itwaghwash,2itwaghwash,True,10,11,10-19,10-19,levanti_harakat_prediction
يْفَرْعِن,yfar3in,yfar3in,True,9,7,0-9,0-9,levanti_harakat_prediction
يمخْتِر,ymakhtir,yimkhattir,False,7,8,0-9,0-9,levanti_harakat_prediction
وِسط,wasat,wassat,False,4,5,0-9,0-9,levanti_harakat_prediction
حَاكِي,7aaki,7aaki,True,6,5,0-9,0-9,levanti_harakat_prediction
اِسْتَرْجَع,2istarja3,2istarji3,False,11,9,10-19,0-9,levanti_harakat_prediction
يُِبْكُس,ybakkish,yibkis,False,8,8,0-9,0-9,levanti_harakat_prediction
يِنْقَاد,yinqaad,yinqaad,True,8,7,0-9,0-9,levanti_harakat_prediction
مْخَاوَاة,mkhaawaa,mkhaawaa,True,9,8,0-9,0-9,levanti_harakat_prediction
رِبِح,ribi7,rabbi7,False,5,5,0-9,0-9,levanti_harakat_prediction
أَوْبِئَة,2awbi2a,2awba2e,False,9,7,0-9,0-9,levanti_harakat_prediction
يِجْهَل,yijhal,yijhil,False,7,6,0-9,0-9,levanti_harakat_prediction
بَرْد,barid,barrid,False,5,5,0-9,0-9,levanti_harakat_prediction
اِفْتَرَس,2iftaras,2iftaras,True,9,8,0-9,0-9,levanti_harakat_prediction
يِنَطْنِط,ynatnit,yintinit,False,9,7,0-9,0-9,levanti_harakat_prediction
لْحَام,la77aam,l7aam,False,6,7,0-9,0-9,levanti_harakat_prediction
اُقْلُط,2uqlut,2uqlut,True,7,6,0-9,0-9,levanti_harakat_prediction
لَا لِلسَّدِّة وَلَا لِلهدِّة وَلَا لِعَثَرَات الزَّمَن,laa lissade wlaa lilhadde wlaa la3athraat 2izzaman,law tilaas ddala mitil 2illa 3annha wazil wara,False,55,50,50-59,50-59,levanti_harakat_prediction
دِرِي,darri,darri,True,5,5,0-9,0-9,levanti_harakat_prediction
خِطَاب,khitaab,khutaab,False,6,7,0-9,0-9,levanti_harakat_prediction
يِتْرَصَّد,yitrassad,yitrassad,True,10,9,10-19,0-9,levanti_harakat_prediction
اِطْرِد,2utrud,2itrid,False,7,6,0-9,0-9,levanti_harakat_prediction
اِتْفَعْكش,2itfa3kash,2itfa3kash,True,10,10,10-19,10-19,levanti_harakat_prediction
مَاخِذ اِحْتِيَاطُه,maakhid 2i7tiyaato,maakhid 7aati,False,19,18,10-19,10-19,levanti_harakat_prediction
حَوَالَيْش,7awaaliish,7awaaliish,True,10,10,10-19,10-19,levanti_harakat_prediction
اِشْلَّش,2ishlish,2ishlish,True,8,8,0-9,0-9,levanti_harakat_prediction
اِنْدَرَم,2indirim,2indaram,False,9,8,0-9,0-9,levanti_harakat_prediction
عَلَامَات التَّرْقِيم,3alamaat 2ittarqiim,3alaamaat 2itttariiq,False,21,19,20-29,10-19,levanti_harakat_prediction
طَوْشِة,tooshe,tooshe,True,7,6,0-9,0-9,levanti_harakat_prediction
حَيْف,7eef,7ayyif,False,5,4,0-9,0-9,levanti_harakat_prediction
اِبْرَدّ,2ibrad,2ibradd,False,8,6,0-9,0-9,levanti_harakat_prediction
حرِف,7araf,7arrif,False,4,5,0-9,0-9,levanti_harakat_prediction
يِتُوْتِد,yitwattad,yitwattad,True,9,9,0-9,0-9,levanti_harakat_prediction
اِنْسَخَط,2insakhat,2insakhat,True,9,9,0-9,0-9,levanti_harakat_prediction
حَلْقَة,7alqa,7alqa,True,7,5,0-9,0-9,levanti_harakat_prediction
يِتْزَعَّم,yitza33am,yitza33am,True,10,9,10-19,0-9,levanti_harakat_prediction
اِتْرَحَّل,2itra77al,2itra77al,True,10,9,10-19,0-9,levanti_harakat_prediction
طَرْشَاق,turshaaq,tarshaaq,False,8,8,0-9,0-9,levanti_harakat_prediction
أَكْرَاد,2akraad,2akraad,True,8,7,0-9,0-9,levanti_harakat_prediction
قِنِع,qini3,qanna3,False,5,5,0-9,0-9,levanti_harakat_prediction
مْنَاتْعَة,mnaata3a,mnaata3a,True,10,8,10-19,0-9,levanti_harakat_prediction
اِنْقِشَاع,2inqishaa3,2inqishaa3,True,10,10,10-19,10-19,levanti_harakat_prediction
قَيْلُولِة,qayluule,qayluule,True,10,8,10-19,0-9,levanti_harakat_prediction
يِتْعَفَّشَك,yit3afshak,yit3affash,False,12,10,10-19,10-19,levanti_harakat_prediction
فَرْوِة,farwe,farwe,True,7,5,0-9,0-9,levanti_harakat_prediction
ثِيَاب,tyaab,siyaab,False,6,5,0-9,0-9,levanti_harakat_prediction
جَقِر,jaqkar,jaqqar,False,5,6,0-9,0-9,levanti_harakat_prediction
دَشَب,dashshib,dashshab,False,5,8,0-9,0-9,levanti_harakat_prediction
كَرْكَمِة,kurkamme,karkame,False,9,8,0-9,0-9,levanti_harakat_prediction
يِسْتَوْعِب,yistaw3ib,yistaw3ib,True,11,9,10-19,0-9,levanti_harakat_prediction
آنِسِة,2aanisa,2aanse,False,6,7,0-9,0-9,levanti_harakat_prediction
يِدَفْدِف,ydafdif,ydafdif,True,9,7,0-9,0-9,levanti_harakat_prediction
وَقْعَة سَخْنِة,waq3a sukhne,waq3a skhane,False,15,12,10-19,10-19,levanti_harakat_prediction
يِسْطُو,yustu,ysatwit,False,7,5,0-9,0-9,levanti_harakat_prediction
اِتّْهَتَك,2ithattik,2ithattak,False,10,9,10-19,0-9,levanti_harakat_prediction
مِرْتَزِي,mirtizi,mirtazi,False,9,7,0-9,0-9,levanti_harakat_prediction
توَقَّت,twaqqat,twaqqat,True,7,7,0-9,0-9,levanti_harakat_prediction
يَكَرُوت,ykarwit,ykarwit,True,8,7,0-9,0-9,levanti_harakat_prediction
يِسْفِق,yusfuq,yisfuq,False,7,6,0-9,0-9,levanti_harakat_prediction
يَعْدِي,yi3di,yi3di,True,7,5,0-9,0-9,levanti_harakat_prediction
تْغَيَّب,tghayyab,tghayyab,True,8,8,0-9,0-9,levanti_harakat_prediction
اسْتَنْتَج,2istantaj,2istantij,False,10,9,10-19,0-9,levanti_harakat_prediction
يِْهَجِّر,yhajjir,yhajjir,True,9,7,0-9,0-9,levanti_harakat_prediction
اشهَر,2ishhir,2ishhar,False,5,7,0-9,0-9,levanti_harakat_prediction
يِنْطَح,yinta7,yinta7,True,7,6,0-9,0-9,levanti_harakat_prediction
يِتْأَوَّه,yit2awwah,yit2awwah,True,10,9,10-19,0-9,levanti_harakat_prediction
مِش عَاجْبَك رُوح اِنْتِفّ حَوَاجْبَك,mish 3aajbak ruu7 2intif 7awaadjbak,mish 3ajaak bit7aruuf ka7 bitjuna7,False,37,35,30-39,30-39,levanti_harakat_prediction
أَرْهَق,2arhaq,2arhaq,True,7,6,0-9,0-9,levanti_harakat_prediction
اِنْدَلَح,2indala7,2indili7,False,9,8,0-9,0-9,levanti_harakat_prediction
صَوّْبن,soobin,sooban,False,7,6,0-9,0-9,levanti_harakat_prediction
يِرَهَرِط,yrahrit,yrahhit,False,9,7,0-9,0-9,levanti_harakat_prediction
شُخْبط,shakhbat,shakhtab,False,6,8,0-9,0-9,levanti_harakat_prediction
أَرَاجِيل,2araagiil,2araajiil,False,9,9,0-9,0-9,levanti_harakat_prediction
اِفْتِعَال,2ifti3aal,2ifti3aal,True,10,9,10-19,0-9,levanti_harakat_prediction
لَازِز,laaziz,laaziz,True,6,6,0-9,0-9,levanti_harakat_prediction
قَرَا,qara,qara,True,5,4,0-9,0-9,levanti_harakat_prediction
تْمَلَّق,tamalluq,tmallaq,False,8,8,0-9,0-9,levanti_harakat_prediction
كَسَّتَك,kustuk,kassatak,False,8,6,0-9,0-9,levanti_harakat_prediction
اجْزِم,2ijzim,2ijzim,True,6,6,0-9,0-9,levanti_harakat_prediction
كَافِي,kaafi,kaafi,True,6,5,0-9,0-9,levanti_harakat_prediction
يِرْبَّك,yirbik,yrabbik,False,8,6,0-9,0-9,levanti_harakat_prediction
فَرَامِة,farraame,faraame,False,8,8,0-9,0-9,levanti_harakat_prediction
دَمَّر,dammar,dammar,True,6,6,0-9,0-9,levanti_harakat_prediction
مَخْطُوْف,makhtuuf,makhtuuf,True,9,8,0-9,0-9,levanti_harakat_prediction
شَمَّاعَة,shammaa3a,shammaa3a,True,9,9,0-9,0-9,levanti_harakat_prediction
اِنْعَطَف,2in3ataf,2in3ataf,True,9,8,0-9,0-9,levanti_harakat_prediction
خْنَاقَة,khnaa2a,khnaaqa,False,8,7,0-9,0-9,levanti_harakat_prediction
مِتْكَدِّر,mitkaddir,mitkaddir,True,10,9,10-19,0-9,levanti_harakat_prediction
يِنْدُغ,yindugh,yindaghgh,False,7,7,0-9,0-9,levanti_harakat_prediction
بَصَّم,basim,bassim,False,6,5,0-9,0-9,levanti_harakat_prediction
مْبَارْزِة,mubaaraze,mbaaraze,False,10,9,10-19,0-9,levanti_harakat_prediction
بدُّو,biddo,badu,False,5,5,0-9,0-9,levanti_harakat_prediction
كَلَامُه زَيّ هَبَال الطَّبِيخ,kalaamo zayy hubbaal 2ittabiikh,khalaamo zeet 2ilbak,False,30,31,30-39,30-39,levanti_harakat_prediction
فَاش,faash,faash,True,4,5,0-9,0-9,levanti_harakat_prediction
عَمَّالِة,3amaala,3ammaale,False,9,7,0-9,0-9,levanti_harakat_prediction
صَافِن,saafin,saafin,True,6,6,0-9,0-9,levanti_harakat_prediction
عصِي,3usi,3assi,False,4,4,0-9,0-9,levanti_harakat_prediction
غَسِل,ghasal,ghassil,False,5,6,0-9,0-9,levanti_harakat_prediction
يَدِيم,ydiim,ydiim,True,6,5,0-9,0-9,levanti_harakat_prediction
نِمِر,nammir,nammar,False,5,6,0-9,0-9,levanti_harakat_prediction
وَازِن,waazan,waazin,False,6,6,0-9,0-9,levanti_harakat_prediction
غَلْبَان,ghalbaan,ghalbaan,True,8,8,0-9,0-9,levanti_harakat_prediction
خَام,khaam,khaam,True,4,5,0-9,0-9,levanti_harakat_prediction
يْزَرْزِر,yzarzirr,yzarzir,False,9,8,0-9,0-9,levanti_harakat_prediction
شَوَادِر,shawaadir,shawaadir,True,8,9,0-9,0-9,levanti_harakat_prediction
تَنْسِيف,tansiif,tansiif,True,8,7,0-9,0-9,levanti_harakat_prediction
نَجِم,nijim,najjim,False,5,5,0-9,0-9,levanti_harakat_prediction
يِتْلَائَم,yitlaa2am,yitlaa2am,True,10,9,10-19,0-9,levanti_harakat_prediction
بْيُوْت,byuut,byuut,True,7,5,0-9,0-9,levanti_harakat_prediction
حصْحص,7as7as,7as7as,True,5,6,0-9,0-9,levanti_harakat_prediction
اِتْكَرْفِت,2itkarfat,2itkarfat,True,11,9,10-19,0-9,levanti_harakat_prediction
يِفْشَكِل,yfashkil,yfashkil,True,9,8,0-9,0-9,levanti_harakat_prediction
اِرْتَعَب,2irta3ab,2irta3ib,False,9,8,0-9,0-9,levanti_harakat_prediction
اِسْتَحِين,2ista7yin,2ista7yin,True,10,9,10-19,0-9,levanti_harakat_prediction
مبْنِّص,mbannis,mbannis,True,7,7,0-9,0-9,levanti_harakat_prediction
قَعْفَر,qu3fur,qa3far,False,7,6,0-9,0-9,levanti_harakat_prediction
عَطِش,3attash,3attish,False,5,7,0-9,0-9,levanti_harakat_prediction
يِصْفَى,yisfa,yisfa,True,7,5,0-9,0-9,levanti_harakat_prediction
يِتْمَسْمَر,yitmasmar,yitmasmar,True,11,9,10-19,0-9,levanti_harakat_prediction
مَنْقُوْق,manquuqman2uu2,manquuq,False,9,14,0-9,10-19,levanti_harakat_prediction
حَمَل أَهْلِي جَمِيلِة,7ammal 2ahli jmiile,7amal 2ahliime,False,22,19,20-29,10-19,levanti_harakat_prediction
فَنَاجِيل,fanajiil,fanaajiil,False,9,8,0-9,0-9,levanti_harakat_prediction
تِغْسَّل,tghassal,tghassal,True,8,8,0-9,0-9,levanti_harakat_prediction
عِرَاقِيِّة,3iraagiyye,3iraaqiyye,False,11,10,10-19,10-19,levanti_harakat_prediction
كَيْكَح,keeki7,keeki7,True,7,6,0-9,0-9,levanti_harakat_prediction
مرَطَرَط,mratrit,martit,False,8,7,0-9,0-9,levanti_harakat_prediction
تْحَوْمِر,t7oomar,t7oomar,True,9,7,0-9,0-9,levanti_harakat_prediction
يْجَلْجِل,yjaljil,yjaldjil,False,9,7,0-9,0-9,levanti_harakat_prediction
بَقْلَاوِة,baqlawa,baqlaawe,False,10,7,10-19,0-9,levanti_harakat_prediction
اسْلَخ,2islakh,2islakh,True,6,7,0-9,0-9,levanti_harakat_prediction
أَزْمِة اِقْتِصَادِيِّة,2azme 2iqtisaadiyye,2azmit 2iqsiide,False,23,19,20-29,10-19,levanti_harakat_prediction
اِسْمُه بِالأَرْض,2ismo bil2ard,2ismaabo 2il2ard,False,17,13,10-19,10-19,levanti_harakat_prediction
رَص,rass,rass,True,3,4,0-9,0-9,levanti_harakat_prediction
حِلْمز,7almiz,7almiz,True,6,6,0-9,0-9,levanti_harakat_prediction
حَبْكِة القِصِّة,7abkit 2ilqissa,7abbike 2issaqiyye,False,16,15,10-19,10-19,levanti_harakat_prediction
يِتْعَجْرَف,yit3ajraf,yit3ajraf,True,11,9,10-19,0-9,levanti_harakat_prediction
يِتْشَائَم,yitshaa2am,yitshaa2am,True,10,10,10-19,10-19,levanti_harakat_prediction
رُكُوْع,rukuu3,rukuu3,True,7,6,0-9,0-9,levanti_harakat_prediction
عَصْرُوْنِة,3asruune,3asruune,True,11,8,10-19,0-9,levanti_harakat_prediction
يِتْمَزَّع,yitmazza3,yitmazza3,True,10,9,10-19,0-9,levanti_harakat_prediction
حْوِيْط,7awwiit,7awwiit,True,7,7,0-9,0-9,levanti_harakat_prediction
مِشْتَلّ,mashtal,mshattil,False,8,7,0-9,0-9,levanti_harakat_prediction
يُِسْطُِل,yustul,yustul,True,9,6,0-9,0-9,levanti_harakat_prediction
اِحْدِف,2i7dif,2i7dif,True,7,6,0-9,0-9,levanti_harakat_prediction
بُنْدُق,bunduq,bandaq,False,7,6,0-9,0-9,levanti_harakat_prediction
فَارِش,faarish,faarish,True,6,7,0-9,0-9,levanti_harakat_prediction
مِتْخَفِّي,mutakhaffi,mitkhaffi,False,10,10,10-19,10-19,levanti_harakat_prediction
يعُوف,y3uuf,y3awwif,False,5,5,0-9,0-9,levanti_harakat_prediction
مَا بْتِيجِي غَرْزِة فِيك,maa btiiji ghurze fiiki,maa btijik fii rghaziii,False,25,23,20-29,20-29,levanti_harakat_prediction
حَمْلْهَا عَزِيْز,7amilha 3aziiz,7amlaaha 3zeezi,False,17,14,10-19,10-19,levanti_harakat_prediction
وَطِّي,witi,watti,False,6,4,0-9,0-9,levanti_harakat_prediction
قَاطِع إِيدُه وْشَاحِد عَلِيْهَا,qaati3 2iido wushaa7id 3aleeha,qaati3 2iido 2il7eeha 3ashado,False,32,30,30-39,30-39,levanti_harakat_prediction
عَبَّى رَاس,3abba raaso,3abba raas,False,11,11,10-19,10-19,levanti_harakat_prediction
غَمَّض,ghammad,ghammid,False,6,7,0-9,0-9,levanti_harakat_prediction
عَلَى الله,3ala 2alla,3ala 2illa,False,10,10,10-19,10-19,levanti_harakat_prediction
مَا ظَنَّيْتِي,maa zanneeti,maa danyit,False,14,12,10-19,10-19,levanti_harakat_prediction
قَرْقَة,krukke,qarqa,False,7,6,0-9,0-9,levanti_harakat_prediction
شَوْطَة,shoote,shoota,False,7,6,0-9,0-9,levanti_harakat_prediction
اِتْلَقَّى,2itlaqqa,2itlaqqa,True,10,8,10-19,0-9,levanti_harakat_prediction
حَلَاشِة,7laashe,7alaashe,False,8,7,0-9,0-9,levanti_harakat_prediction
تَبَاوس,tbaawas,tbaawas,True,7,7,0-9,0-9,levanti_harakat_prediction
مْغَط,maghghat,maghghit,False,5,8,0-9,0-9,levanti_harakat_prediction
مِيِّة مْرَشَّحَة,miit marsha7a,mii marasha7a,False,17,13,10-19,10-19,levanti_harakat_prediction
حَنَايِن,7anaayin,7anaayin,True,8,8,0-9,0-9,levanti_harakat_prediction
يِتْحَرْمَص,yit7armas,yit7armas,True,11,9,10-19,0-9,levanti_harakat_prediction
اِنْسَطَح,2insata7,2insata7,True,9,8,0-9,0-9,levanti_harakat_prediction
يِتْطَوَّل,yittawal,yittawwal,False,10,8,10-19,0-9,levanti_harakat_prediction
فَعَط,fa3at,fa33it,False,5,5,0-9,0-9,levanti_harakat_prediction
تْكَرْكِز,tkarkaz,tkarkaz,True,9,7,0-9,0-9,levanti_harakat_prediction
يِي عَاليَهُود,yii 3alyahuud,yii3 2ilwayodo,False,14,13,10-19,10-19,levanti_harakat_prediction
يِنْتِفِض,yintifid,yintifid,True,9,8,0-9,0-9,levanti_harakat_prediction
غَبِر,ghabbir,ghabbar,False,5,7,0-9,0-9,levanti_harakat_prediction
طهِر,tahhir,tahhir,True,4,6,0-9,0-9,levanti_harakat_prediction
دَاشِع,daashi3,daashi3,True,6,7,0-9,0-9,levanti_harakat_prediction
طَحَبْش,ta7bish,ta7bish,True,7,7,0-9,0-9,levanti_harakat_prediction
يِسْتَفْهِم,yistafhim,yistafhim,True,11,9,10-19,0-9,levanti_harakat_prediction
قُود,quud,quud,True,4,4,0-9,0-9,levanti_harakat_prediction
دَايِن,daayan,daayin,False,6,6,0-9,0-9,levanti_harakat_prediction
عِقِر,3uqur,3aqqar,False,5,5,0-9,0-9,levanti_harakat_prediction
سَعَادِيْن,sa3aadiin,sa3aadiin,True,10,9,10-19,0-9,levanti_harakat_prediction
اِسْتَفْحَل,2istaf7al,2istaf7il,False,11,9,10-19,0-9,levanti_harakat_prediction
يِشَاهِد,yshaahid,yshaahid,True,8,8,0-9,0-9,levanti_harakat_prediction
اِسْتَهْوَن,2istahwan,2istahwin,False,11,9,10-19,0-9,levanti_harakat_prediction
مزّ,mazz,mizz,False,3,4,0-9,0-9,levanti_harakat_prediction
اِتْغَرْبَل,2itgharbal,2itgharbal,True,11,10,10-19,10-19,levanti_harakat_prediction
اِتَّخَبَّا,2itkhabba,2itkhabba,True,11,9,10-19,0-9,levanti_harakat_prediction
عِفِق,3afak,3affiq,False,5,5,0-9,0-9,levanti_harakat_prediction
طَلِّق,talq,talliq,False,6,4,0-9,0-9,levanti_harakat_prediction
يِحْنَص,y7annis,y7annis,True,7,7,0-9,0-9,levanti_harakat_prediction
انْلَدَغ,2inlidigh,2inladagh,False,8,9,0-9,0-9,levanti_harakat_prediction
قْتَب,qutub,qattab,False,5,5,0-9,0-9,levanti_harakat_prediction
مَوَاضِيْع,mawaadii3,mawaadii3,True,10,9,10-19,0-9,levanti_harakat_prediction
تَبْحِيْرَة,tab7iira,tab7iire,False,11,8,10-19,0-9,levanti_harakat_prediction
يِشْحبِر,ysha7bir,ysha7bir,True,8,8,0-9,0-9,levanti_harakat_prediction
يَيْأَس,yiiy2as,y2ayyis,False,7,7,0-9,0-9,levanti_harakat_prediction
يِتْطَرَّف,yittarraf,yittarraf,True,10,9,10-19,0-9,levanti_harakat_prediction
نَشْوِة,nashwe,nashwe,True,7,6,0-9,0-9,levanti_harakat_prediction
نَطِح,nata7,natti7,False,5,5,0-9,0-9,levanti_harakat_prediction
اِرسَخ,2irsakh,2irsikh,False,6,7,0-9,0-9,levanti_harakat_prediction
حِلِم,7ilim,7allam,False,5,5,0-9,0-9,levanti_harakat_prediction
حَاسِم,7aasim,7aasim,True,6,6,0-9,0-9,levanti_harakat_prediction
نَاطِح,naata7,naati7,False,6,6,0-9,0-9,levanti_harakat_prediction
مَسَاحِيْق التَّجْمِيْل,masaa7iiq 2ittajmiil,masaa7iiq 2iltiijm,False,23,20,20-29,20-29,levanti_harakat_prediction
نَسْج,nasaj,nassij,False,5,5,0-9,0-9,levanti_harakat_prediction
اِنْدَعَك,2inda3ik,2inda3ak,False,9,8,0-9,0-9,levanti_harakat_prediction
نعُوْس,na3was,na3wis,False,6,6,0-9,0-9,levanti_harakat_prediction
دَافِش,daafash,daafish,False,6,7,0-9,0-9,levanti_harakat_prediction
كُلّ زَيْت وَاِنْطَح الْحَيْط,kull zeet wu2inta7 2il7eet,talla zeet 2il7eetak wuna7et,False,29,26,20-29,20-29,levanti_harakat_prediction
طَاْسِة وَحْدُه,taase wa7de,taasit wu7ado,False,15,11,10-19,10-19,levanti_harakat_prediction
وِسِع,wassa3,wassa3,True,5,6,0-9,0-9,levanti_harakat_prediction
ذِكْرَيَّات,zikrayaat,zikreeta,False,11,9,10-19,0-9,levanti_harakat_prediction
حِجَاب,7ijaab,7ijaab,True,6,6,0-9,0-9,levanti_harakat_prediction
أَلْف رَحْمِة وْنَوِّر عَلَيْه,2alf ra7me wunuur,2alf ri7ma wu3aleenha,False,30,17,30-39,10-19,levanti_harakat_prediction
بَاقُورَة,baaquura,baaquura,True,9,8,0-9,0-9,levanti_harakat_prediction
مْكَلَّح,mkalli7,mkalla7,False,8,7,0-9,0-9,levanti_harakat_prediction
بَاعِد,baa3ad,baa3id,False,6,6,0-9,0-9,levanti_harakat_prediction
اِسْتَصْغَر,2istasghar,2istasghir,False,11,10,10-19,10-19,levanti_harakat_prediction
يِتْشَلَّح,yitshalla7,yitshalla7,True,10,10,10-19,10-19,levanti_harakat_prediction
يْجَاوِر,yjaawir,yjaawir,True,8,7,0-9,0-9,levanti_harakat_prediction
نِسْيَان,nisyaan,nisyaan,True,8,7,0-9,0-9,levanti_harakat_prediction
يِغْمَض,yighmad,yighmad,True,7,7,0-9,0-9,levanti_harakat_prediction
قَرْقَرَة,gargara,qarqara,False,9,7,0-9,0-9,levanti_harakat_prediction
قَرَم,qaram,qarram,False,5,5,0-9,0-9,levanti_harakat_prediction
خَوْل,khawwil,khawwil,True,5,7,0-9,0-9,levanti_harakat_prediction
يَهُوْد,yahuud,yhawwid,False,7,6,0-9,0-9,levanti_harakat_prediction
لَسِّيْنَة,lseene,lsiine,False,10,6,10-19,0-9,levanti_harakat_prediction
جَرْسُوْن,garsoon,jarsuun,False,9,7,0-9,0-9,levanti_harakat_prediction
يِتْسَبَّح,yitsabba7,yitsabba7,True,10,9,10-19,0-9,levanti_harakat_prediction
يْزِيدْهَا عَلَيْه,yziidha 3alee,yziidha 3aleeha,False,18,13,10-19,10-19,levanti_harakat_prediction
نُسْخِة,nuskha,nuskha,True,7,6,0-9,0-9,levanti_harakat_prediction
اُرْقَع,2irqa3,2irqa3,True,7,6,0-9,0-9,levanti_harakat_prediction
أَخَذ,2akhad,2akhad,True,5,6,0-9,0-9,levanti_harakat_prediction
فِكّ,fikk,fakk,False,4,4,0-9,0-9,levanti_harakat_prediction
تَوَّج,tawwij,tawwaj,False,6,6,0-9,0-9,levanti_harakat_prediction
سِرْدَاحِي مِرْدَاحِي,sirdaa7i mirdaa7i,sirdaa7i midarii7,False,21,17,20-29,10-19,levanti_harakat_prediction
تِنَمّر,tnammar,tnammar,True,7,7,0-9,0-9,levanti_harakat_prediction
سِنْسَال,sinsaal,sinsaal,True,8,7,0-9,0-9,levanti_harakat_prediction
يِطَابِق,ytaabiq,ytaabiq,True,8,7,0-9,0-9,levanti_harakat_prediction
يُلْقُط,yulqut,yulqut,True,7,6,0-9,0-9,levanti_harakat_prediction
سِحْرِي,si7ri,sa7ri,False,7,5,0-9,0-9,levanti_harakat_prediction
تَشْرِيب,tashriib,tashriib,True,8,8,0-9,0-9,levanti_harakat_prediction
جَرْجَح,djardja7,jarji7,False,7,8,0-9,0-9,levanti_harakat_prediction
رَخْوِي,rakhawi,rakhwi,False,7,7,0-9,0-9,levanti_harakat_prediction
اِنْهَبَل,2inhibil,2inhibil,True,9,8,0-9,0-9,levanti_harakat_prediction
طَبع,taba3,tabbi3,False,4,5,0-9,0-9,levanti_harakat_prediction
بِالتَّفْصِيل الممِلّ,bittafsiil 2ilmumill,bittafaali 2issummuli,False,21,20,20-29,20-29,levanti_harakat_prediction
فَاتِح بَطْنُه,faati7 batno,faati7 batno,True,14,12,10-19,10-19,levanti_harakat_prediction
عَوْرَة,3awra,3oora,False,7,5,0-9,0-9,levanti_harakat_prediction
زَكِي,zakki,zakki,True,5,5,0-9,0-9,levanti_harakat_prediction
ترْوِيسِة,tarwiise,tarwiise,True,9,8,0-9,0-9,levanti_harakat_prediction
فَصِل,fasil,fassil,False,5,5,0-9,0-9,levanti_harakat_prediction
ممسلَغ,2immasligh,msalligh,False,6,10,0-9,10-19,levanti_harakat_prediction
طَالِع,taala3,taali3,False,6,6,0-9,0-9,levanti_harakat_prediction
فِلفِل أَسْوَد,filfil 2aswad,fililif 2aswad,False,14,13,10-19,10-19,levanti_harakat_prediction
حوَاف,7awaaf,7waaf,False,5,6,0-9,0-9,levanti_harakat_prediction
يِنْخِرِس,yinkhiris,yinkhiris,True,9,9,0-9,0-9,levanti_harakat_prediction
أَنَث,2annis,2annas,False,5,6,0-9,0-9,levanti_harakat_prediction
دَهَادِيْش,dahaadiish,dahaadiish,True,10,10,10-19,10-19,levanti_harakat_prediction
مِشَط,mashshit,mashshit,True,5,8,0-9,0-9,levanti_harakat_prediction
وَاسِع,waasi3,waasi3,True,6,6,0-9,0-9,levanti_harakat_prediction
تَعَرَّج,ta3arruj,t3arraj,False,8,8,0-9,0-9,levanti_harakat_prediction
أَنَ,2ann,2ann,True,4,4,0-9,0-9,levanti_harakat_prediction
اسْتَنْظَف,2istandif,2istandif,True,10,9,10-19,0-9,levanti_harakat_prediction
يِتْشَرَّع,yitsharra3,yitsharra3,True,10,10,10-19,10-19,levanti_harakat_prediction
مْفَضَّل عرَاسِي مِن فَوْق,mfaddil 3araasi min fooq,mfaddall 3ard wu2ilfaq minasi,False,26,24,20-29,20-29,levanti_harakat_prediction
وْغُوش,waghwish,waghwish,True,6,8,0-9,0-9,levanti_harakat_prediction
اِقْتِرَاح,2iqtiraa7,2iqtiraa7,True,10,9,10-19,0-9,levanti_harakat_prediction
هَزَائِم,hazaa2im,hazaa2im,True,8,8,0-9,0-9,levanti_harakat_prediction
خِجِل,khajjal,khajjal,True,5,7,0-9,0-9,levanti_harakat_prediction
حَكِيْم,7akiim,7akiim,True,7,6,0-9,0-9,levanti_harakat_prediction
مَهْزُوْر,mahzuur,mahzuur,True,9,7,0-9,0-9,levanti_harakat_prediction
أَوْفَد,2awfad,2awfad,True,7,6,0-9,0-9,levanti_harakat_prediction
شَوَّش,shawwash,shawwish,False,6,8,0-9,0-9,levanti_harakat_prediction
يَدْيُوْن,ydeewin,ydaywin,False,9,7,0-9,0-9,levanti_harakat_prediction
مِرْكَاس,mirkaas,mirkaas,True,8,7,0-9,0-9,levanti_harakat_prediction
تِمَلَّى,tmalla,tmalla,True,8,6,0-9,0-9,levanti_harakat_prediction
فْرَايْحِي,faraay7i,fraaya7i,False,10,8,10-19,0-9,levanti_harakat_prediction
تِقْصَى,tqassa,tqassa,True,7,6,0-9,0-9,levanti_harakat_prediction
اِنْطَفَس,2intifis,2intafas,False,9,8,0-9,0-9,levanti_harakat_prediction
أَهْوَن بَلَا,2ahwan bala,2ahwan bala,True,13,11,10-19,10-19,levanti_harakat_prediction
مُوَاطَنِة,muwaatane,muutaataane,False,10,9,10-19,0-9,levanti_harakat_prediction
قِرْقَد,qarqid,qarqad,False,7,6,0-9,0-9,levanti_harakat_prediction
يِتْبَعَّز,yitba33az,yitba33az,True,10,9,10-19,0-9,levanti_harakat_prediction
اُعْطُس,2u3tus,2i3tas,False,7,6,0-9,0-9,levanti_harakat_prediction
نَمْلِيِّة,namliyye,namliyye,True,10,8,10-19,0-9,levanti_harakat_prediction
يِلْقِي اللَّوْم,yulqi 2illoom,yluqqi 2illamwa,False,16,13,10-19,10-19,levanti_harakat_prediction
مْهَمَّز,mahmiz,mhammaz,False,8,6,0-9,0-9,levanti_harakat_prediction
تْهَزِّز,thazzaz,thazzaz,True,8,7,0-9,0-9,levanti_harakat_prediction
يْطَاوِع,ytaawi3,ytaawi3,True,8,7,0-9,0-9,levanti_harakat_prediction
عَلِي,3ali,3alli,False,5,4,0-9,0-9,levanti_harakat_prediction
يِحْتِرِف,yi7tarif,yi7tirif,False,9,8,0-9,0-9,levanti_harakat_prediction
يِنفِرِم,yinifrim,yinfirim,False,8,8,0-9,0-9,levanti_harakat_prediction
سَوَاحِل,sawaa7il,sawaa7il,True,8,8,0-9,0-9,levanti_harakat_prediction
هْتَيْكِة,hattiike,hatiike,False,9,8,0-9,0-9,levanti_harakat_prediction
أَبُوْس إِيدَك,2abuus 2iidak,2abu siidak,False,14,13,10-19,10-19,levanti_harakat_prediction
اِرْتَوَى,2irtawa,2irtawa,True,9,7,0-9,0-9,levanti_harakat_prediction
مَهَابِيْش,mahaabiish,mahaabiish,True,10,10,10-19,10-19,levanti_harakat_prediction
حَكَاوِي,7akaawi,7akaawi,True,8,7,0-9,0-9,levanti_harakat_prediction
دَسِت,dist,dassit,False,5,4,0-9,0-9,levanti_harakat_prediction
تِوْدَايِة,tuudaaye,tiwdaaye,False,10,8,10-19,0-9,levanti_harakat_prediction
وْغَيْرُه,wugheero,wugheer,False,9,8,0-9,0-9,levanti_harakat_prediction
بَرُط حُوْمِة,bart 7oome,bart 7uume,False,13,10,10-19,10-19,levanti_harakat_prediction
شَيْطَانِي,shaytaani,shaytaani,True,10,9,10-19,0-9,levanti_harakat_prediction
خِطِيِّة,khatiyye,khatiyye,True,8,8,0-9,0-9,levanti_harakat_prediction
تِصْفُن,tsaffan,tsaffan,True,7,7,0-9,0-9,levanti_harakat_prediction
سْمُوم,samuum,sammuum,False,6,6,0-9,0-9,levanti_harakat_prediction
مَكْتَب,maktab,mkattib,False,7,6,0-9,0-9,levanti_harakat_prediction
اِتْنَافَس,2itnaafas,2itnaafas,True,10,9,10-19,0-9,levanti_harakat_prediction
لَسْعَة,las3a,las3a,True,7,5,0-9,0-9,levanti_harakat_prediction
هَلْقِيْت,halqeet,halqiitha,False,9,7,0-9,0-9,levanti_harakat_prediction
يِتْوَقَّع,yitwaqqa3,yitwaqqa3,True,10,9,10-19,0-9,levanti_harakat_prediction
هَافِت,haafit,haafit,True,6,6,0-9,0-9,levanti_harakat_prediction
مِسْوَاطَة,miswaata,miswaata,True,10,8,10-19,0-9,levanti_harakat_prediction
شَقِي,shaqi,shaqi,True,5,5,0-9,0-9,levanti_harakat_prediction
تْحَرِّي,ta7arri,ta7arri,True,8,7,0-9,0-9,levanti_harakat_prediction
صِنّ,sannat,sann,False,4,6,0-9,0-9,levanti_harakat_prediction
طَوْبَن,toobin,tooban,False,7,6,0-9,0-9,levanti_harakat_prediction
وَاطِي,waati,waati,True,6,5,0-9,0-9,levanti_harakat_prediction
أَبْيَض,2abyad,2abyad,True,7,6,0-9,0-9,levanti_harakat_prediction
مَنَاحِل,manaa7il,manaa7il,True,8,8,0-9,0-9,levanti_harakat_prediction
كُرّ,karr,kurr,False,4,4,0-9,0-9,levanti_harakat_prediction
تَحْرِير,ta7riir,ta7riir,True,8,7,0-9,0-9,levanti_harakat_prediction
يِْنازِع,ynaazi3,ynaazi3,True,8,7,0-9,0-9,levanti_harakat_prediction
دِرَاسِة,draase,diraase,False,8,6,0-9,0-9,levanti_harakat_prediction
فَتَّاحَة,fattaa7a,fattaa7a,True,9,8,0-9,0-9,levanti_harakat_prediction
اِسْتَصْعَب,2istas3ab,2istas3ib,False,11,9,10-19,0-9,levanti_harakat_prediction
ذْنِيْن,dineen,daniin,False,7,6,0-9,0-9,levanti_harakat_prediction
يِخضْخِض,ykhadkhid,yikhdakh,False,8,9,0-9,0-9,levanti_harakat_prediction
المِنْيِة ولَا الدِّنْيِة,2almaniyye wala 2iddaniyye,2ilminye wilde 2inyaade,False,25,26,20-29,20-29,levanti_harakat_prediction
بَلبعَة,balba3a,balba3a,True,7,7,0-9,0-9,levanti_harakat_prediction
اِنْلَطَّش,2inlatash,2inlitish,False,10,9,10-19,0-9,levanti_harakat_prediction
يلْفِت,yilfit,ylaffit,False,6,6,0-9,0-9,levanti_harakat_prediction
صَهْلَل,sahlil,sahlal,False,7,6,0-9,0-9,levanti_harakat_prediction
أَصْفَر,2asfar,2asfar,True,7,6,0-9,0-9,levanti_harakat_prediction
مْخَنَّم,mkhannim,mkhannam,False,8,8,0-9,0-9,levanti_harakat_prediction
عَزَّابِي,3izzaabi,3azzaabi,False,9,8,0-9,0-9,levanti_harakat_prediction
بكُم,bukum,bakkam,False,4,5,0-9,0-9,levanti_harakat_prediction
خَي,khayy,khayyi,False,3,5,0-9,0-9,levanti_harakat_prediction
حَابِى,7aaba,7aaba,True,6,5,0-9,0-9,levanti_harakat_prediction
هَمَط,hammit,hammit,True,5,6,0-9,0-9,levanti_harakat_prediction
يِدْكُن,ydakkin,ydakkin,True,7,7,0-9,0-9,levanti_harakat_prediction
اِكْنِز,2uknuz,2iknuz,False,7,6,0-9,0-9,levanti_harakat_prediction
أَجَاز,2ajaaz,2ajaaz,True,6,6,0-9,0-9,levanti_harakat_prediction
مُدْرِك,midrik,mudrik,False,7,6,0-9,0-9,levanti_harakat_prediction
بْسُوْم,bsuum,bsuum,True,7,5,0-9,0-9,levanti_harakat_prediction
تْشَرْدِق,tshardaq,tshardaq,True,9,8,0-9,0-9,levanti_harakat_prediction
فَقْسِة,faqse,faqse,True,7,5,0-9,0-9,levanti_harakat_prediction
زَايِح,zaayi7,zaayi7,True,6,6,0-9,0-9,levanti_harakat_prediction
إِمْلَاء,2imlaa2,2imlaa2,True,8,7,0-9,0-9,levanti_harakat_prediction
سَلْطَن,saltin,saltan,False,7,6,0-9,0-9,levanti_harakat_prediction
بَطِن,batin,battin,False,5,5,0-9,0-9,levanti_harakat_prediction
يِتْخَزَّن,yitkhazzan,yitkhazzan,True,10,10,10-19,10-19,levanti_harakat_prediction
خِسِر,khassar,khassir,False,5,7,0-9,0-9,levanti_harakat_prediction
جْمُوْد,jumuud,jmuud,False,7,6,0-9,0-9,levanti_harakat_prediction
اِتْخَرْشم,2itkharsham,2itkharsham,True,10,11,10-19,10-19,levanti_harakat_prediction
يِسْلِّي,ysalli,yisli,False,8,6,0-9,0-9,levanti_harakat_prediction
اِتَّصَافَى,2itsaafa,2itsaafa,True,11,8,10-19,0-9,levanti_harakat_prediction
أُسْطُوْرَة,2ustuura,2ustuura,True,11,8,10-19,0-9,levanti_harakat_prediction
الحِسّ,2il7as,2il7as,True,6,6,0-9,0-9,levanti_harakat_prediction
دَوْز,duuz,dawwiz,False,5,4,0-9,0-9,levanti_harakat_prediction
رَخَاء,rakhaa2,rakhaa2,True,6,7,0-9,0-9,levanti_harakat_prediction
يِتْجَبْجَب,yitdjabdjab,yitjabdjab,False,11,11,10-19,10-19,levanti_harakat_prediction
مَتْرُوس,matruus,matruus,True,8,7,0-9,0-9,levanti_harakat_prediction
مِصْمَص,masmas,masmas,True,7,6,0-9,0-9,levanti_harakat_prediction
عَادِي,3aadi,3aadi,True,6,5,0-9,0-9,levanti_harakat_prediction
مَضْرُوْب بْحَجَرْكْبِيْر,madruub b7ajar faadi,madruub bidjreek,False,25,20,20-29,20-29,levanti_harakat_prediction
مقْبَس,mqabbis,mqabbis,True,6,7,0-9,0-9,levanti_harakat_prediction
شخُوص,shukhuus,shkhuus,False,5,8,0-9,0-9,levanti_harakat_prediction
مِصْمَصَة,masmasa,mismasa,False,9,7,0-9,0-9,levanti_harakat_prediction
تْعَزَّز,t3azzaz,t3azzaz,True,8,7,0-9,0-9,levanti_harakat_prediction
كَذَّاب,kazzaabkadhdhaab,kazzaab,False,7,16,0-9,10-19,levanti_harakat_prediction
تْشَكِّك,tshakkak,tshakkak,True,8,8,0-9,0-9,levanti_harakat_prediction
اِرْتِبِك,2irtabak,2irtibik,False,9,8,0-9,0-9,levanti_harakat_prediction
فَسِيْدِيِّة,fusseediyye,fasiidiyye,False,12,11,10-19,10-19,levanti_harakat_prediction
قْلَادِة,gklaade,qlaade,False,8,7,0-9,0-9,levanti_harakat_prediction
اِشْتَرَك,2ishtarak,2ishtarik,False,9,9,0-9,0-9,levanti_harakat_prediction
اِنْتَقَع,2intaqa3,2intiqi3,False,9,8,0-9,0-9,levanti_harakat_prediction
يِتْبَلَّط,yitballat,yitballat,True,10,9,10-19,0-9,levanti_harakat_prediction
ذْيَاب,dyaab,dyaab,True,6,5,0-9,0-9,levanti_harakat_prediction
فِرْشَايِة,furshaaye,firshaaye,False,10,9,10-19,0-9,levanti_harakat_prediction
خطُوط,khutuut,khatwat,False,5,7,0-9,0-9,levanti_harakat_prediction
يِنْبَع,yunbu3,yinbu3,False,7,6,0-9,0-9,levanti_harakat_prediction
مِشَط,mushut,mashshit,False,5,6,0-9,0-9,levanti_harakat_prediction
مْشَوَّش,mshawwash,mshawwish,False,8,9,0-9,0-9,levanti_harakat_prediction
يْحَاتِف,y7aatif,y7aatif,True,8,7,0-9,0-9,levanti_harakat_prediction
نَاد,naad,naad,True,4,4,0-9,0-9,levanti_harakat_prediction
يِتْقَطَّم,yitqattam,yitqattam,True,10,9,10-19,0-9,levanti_harakat_prediction
الْعُرْسَان طَوَابِير,2il3irsaan tawaabiir,2il3arsaan 2ilbiwatar,False,21,20,20-29,20-29,levanti_harakat_prediction
لَام,laam,laam,True,4,4,0-9,0-9,levanti_harakat_prediction
فَقْعَة,fuq3a,faq3a,False,7,5,0-9,0-9,levanti_harakat_prediction
أَبُو العَبِد,2abu 2il3abid,2abu 2il3ibd,False,13,13,10-19,10-19,levanti_harakat_prediction
اِطْعُن,2it3an,2it3an,True,7,6,0-9,0-9,levanti_harakat_prediction
يقْرمِط,yqgarmit,yqarmit,False,7,8,0-9,0-9,levanti_harakat_prediction
عِقَاب,3iqaab,3iqaab,True,6,6,0-9,0-9,levanti_harakat_prediction
تَاجِر دِين,taajir diin,taajir diin,True,11,11,10-19,10-19,levanti_harakat_prediction
نَشَر,nashir,nashshar,False,5,6,0-9,0-9,levanti_harakat_prediction
حَلَّاس,7allaas,7allaas,True,7,7,0-9,0-9,levanti_harakat_prediction
دَوْشَكِة,dooshka,dooshake,False,9,7,0-9,0-9,levanti_harakat_prediction
تَلَاكُم,tlaakam,tlaakam,True,8,7,0-9,0-9,levanti_harakat_prediction
تْسَلَّح,tsalla7,tsalla7,True,8,7,0-9,0-9,levanti_harakat_prediction
وَاجِه,waajih,waajih,True,6,6,0-9,0-9,levanti_harakat_prediction
سَلِيْمِة,saliime,saliime,True,9,7,0-9,0-9,levanti_harakat_prediction
تبَلَّط,tballat,tballat,True,7,7,0-9,0-9,levanti_harakat_prediction
مَخْمُوْع,makhmuu3,makhmuu3,True,9,8,0-9,0-9,levanti_harakat_prediction
مْنَاحَرَة,mnaa7ara,mnaa7ara,True,10,8,10-19,0-9,levanti_harakat_prediction
يِسْتَقْطِع,yistaqti3,yistaqti3,True,11,9,10-19,0-9,levanti_harakat_prediction
فَارَة,faara,faara,True,6,5,0-9,0-9,levanti_harakat_prediction
دَرِس,daris,darras,False,5,5,0-9,0-9,levanti_harakat_prediction
تَجْحِيْشِة,taj7iishe,taj7iishe,True,11,9,10-19,0-9,levanti_harakat_prediction
سَاكُو,saako,saakuuk,False,6,5,0-9,0-9,levanti_harakat_prediction
سَهِي,sahhi,sahhi,True,5,5,0-9,0-9,levanti_harakat_prediction
يْشَنِّف,yushnuf,yshannif,False,8,7,0-9,0-9,levanti_harakat_prediction
أَقْزَام,2aqzaam,2aqzaam,True,8,7,0-9,0-9,levanti_harakat_prediction
اطْمَع,2itma3,2itma3,True,6,6,0-9,0-9,levanti_harakat_prediction
طَلِّة,talle,talle,True,6,5,0-9,0-9,levanti_harakat_prediction
نِحِّيب,na7iib,na7iib,True,7,6,0-9,0-9,levanti_harakat_prediction
يِسْتَبْعِد,yistab3id,yistab3id,True,11,9,10-19,0-9,levanti_harakat_prediction
يِتْقَطَّب,yitqattab,yitqattab,True,10,9,10-19,0-9,levanti_harakat_prediction
طَقَّع,taqqi3,taqqa3,False,6,6,0-9,0-9,levanti_harakat_prediction
مِنَّى عَينِي,muna 3eeni,min 3ayyin,False,13,10,10-19,10-19,levanti_harakat_prediction
اِنْدَه,2indah,2indah,True,7,6,0-9,0-9,levanti_harakat_prediction
صِفِّة سْنَان,saffit snaan,siff sanaane,False,13,12,10-19,10-19,levanti_harakat_prediction
بَرَامِج,baraamij,baraamij,True,8,8,0-9,0-9,levanti_harakat_prediction
زَلَّط,zalat,zallit,False,6,5,0-9,0-9,levanti_harakat_prediction
كَمن,kimin,kaman,False,4,5,0-9,0-9,levanti_harakat_prediction
مَزْكِم,mzakkim,mzakkim,True,7,7,0-9,0-9,levanti_harakat_prediction
دَوْرَة الحَرَامِي,doorit 2il7araami,doorara 2il7amiire,False,18,17,10-19,10-19,levanti_harakat_prediction
تَغَافُل,tghaafal,tghaafal,True,8,8,0-9,0-9,levanti_harakat_prediction
اِتْبَرْبج,2itbarbadj,2itbarbaj,False,10,10,10-19,10-19,levanti_harakat_prediction
شَنْبَر,shumbur,shanbar,False,7,7,0-9,0-9,levanti_harakat_prediction
اِتْسَخْمَط,2itsakhmat,2itsakhmat,True,11,10,10-19,10-19,levanti_harakat_prediction
دقِم,daqam,daqqam,False,4,5,0-9,0-9,levanti_harakat_prediction
لثُم,lusum,lassam,False,4,5,0-9,0-9,levanti_harakat_prediction
قِطَع,qita3,qatta3,False,5,5,0-9,0-9,levanti_harakat_prediction
أَعَجّ,2a3idj,2a33aj,False,6,6,0-9,0-9,levanti_harakat_prediction
رَقَعِت ضِحْكِة,raqa3at di7ke,raqa3it d7ake,False,15,13,10-19,10-19,levanti_harakat_prediction
بَعَابِيز,ba3aabiiz,ba3aabiiz,True,9,9,0-9,0-9,levanti_harakat_prediction
يِبْحَلِق,yba7liq,yba7liq,True,9,7,0-9,0-9,levanti_harakat_prediction
بَرْضُه,barduh,bardah,False,7,6,0-9,0-9,levanti_harakat_prediction
اِسْتِرْجَال,2istirjaal,2istirjaal,True,12,10,10-19,10-19,levanti_harakat_prediction
مَقَاس,maqaas,maqaas,True,6,6,0-9,0-9,levanti_harakat_prediction
يِنْحَقّ,yin7aqq,yin7aqq,True,8,7,0-9,0-9,levanti_harakat_prediction
هَزِيْمِة,haziime,haziime,True,9,7,0-9,0-9,levanti_harakat_prediction
تْحَرْقِص,t7arqas,t7arqas,True,9,7,0-9,0-9,levanti_harakat_prediction
مَاعُوْن,maa3uun,maa3uun,True,8,7,0-9,0-9,levanti_harakat_prediction
شِلِع,shala3,shalli3,False,5,6,0-9,0-9,levanti_harakat_prediction
مْقَطِّش,mqattish,mqattish,True,8,8,0-9,0-9,levanti_harakat_prediction
يَذْرِي,ydharri,yidhri,False,7,7,0-9,0-9,levanti_harakat_prediction
شَلْفَط,shalfat,shalfit,False,7,7,0-9,0-9,levanti_harakat_prediction
مصَنَّم,msannim,msannim,True,7,7,0-9,0-9,levanti_harakat_prediction
يْرَطِّب,yrattib,yrattib,True,8,7,0-9,0-9,levanti_harakat_prediction
يِسْرَع,ysarri3,yisra3,False,7,7,0-9,0-9,levanti_harakat_prediction
مَحْجُوْر,ma7juur,ma7juur,True,9,7,0-9,0-9,levanti_harakat_prediction
اِسْتَغْمَق,2istaghmaq,2istaghmiq,False,11,10,10-19,10-19,levanti_harakat_prediction
أَمن,2amin,2ammin,False,4,5,0-9,0-9,levanti_harakat_prediction
اِتْمَهَّل,2itmahhal,2itmahhal,True,10,9,10-19,0-9,levanti_harakat_prediction
يِدْغَش,yidghash,yidghash,True,7,8,0-9,0-9,levanti_harakat_prediction
يْصَفِّف,ysaffif,ysaffif,True,8,7,0-9,0-9,levanti_harakat_prediction
زِْهِق,zihiq,zahhiq,False,6,5,0-9,0-9,levanti_harakat_prediction
اِفْزَع,2ifzi3,2ifza3,False,7,6,0-9,0-9,levanti_harakat_prediction
أَحْصَى,2a7sa,2a7sa,True,7,5,0-9,0-9,levanti_harakat_prediction
يِجْبِد,yijbid,yjabbid,False,7,6,0-9,0-9,levanti_harakat_prediction
يِزَحْلِق,yza7liq,yza7liq,True,9,7,0-9,0-9,levanti_harakat_prediction
اِرْضِي,2irdi,2irdi,True,7,5,0-9,0-9,levanti_harakat_prediction
أَخَذ مجْدُه,2akhad maddo,2akhad majdo,False,12,12,10-19,10-19,levanti_harakat_prediction
لَطَايِة,lattaaye,lataaye,False,8,8,0-9,0-9,levanti_harakat_prediction
فَاتَك نُصّ عُمْرَك,faatak nuss 3umrak,faatkun sumur 3ak,False,19,18,10-19,10-19,levanti_harakat_prediction
سْمَاط,smaat,samta,False,6,5,0-9,0-9,levanti_harakat_prediction
صَعِق,sa3aq,sa33iq,False,5,5,0-9,0-9,levanti_harakat_prediction
شَالَيْش,shaaliish,shaaliish,True,8,9,0-9,0-9,levanti_harakat_prediction
اسْتَيْسَر,2istaysar,2isteesir,False,10,9,10-19,0-9,levanti_harakat_prediction
رَحْرَح,ra7ra7,ra7ra7,True,7,6,0-9,0-9,levanti_harakat_prediction
مَرْسُوْم,marsuum,marsuum,True,9,7,0-9,0-9,levanti_harakat_prediction
مْجَعْرِن,mdja3rin,mdja3rin,True,9,8,0-9,0-9,levanti_harakat_prediction
يِلْحَم,yil7im,yil7am,False,7,6,0-9,0-9,levanti_harakat_prediction
يِتْحَمَّس,yit7ammas,yit7ammas,True,10,9,10-19,0-9,levanti_harakat_prediction
تَمْهِيْدِي,tamhiidi,tamhiidi,True,11,8,10-19,0-9,levanti_harakat_prediction
فَقَر,fuqur,faqqar,False,5,5,0-9,0-9,levanti_harakat_prediction
عَمَى,3ama,3ama,True,5,4,0-9,0-9,levanti_harakat_prediction
شَامْبُو,shaambo,shaambuub,False,8,7,0-9,0-9,levanti_harakat_prediction
اِنْشَلّ,2inshall,2inshall,True,8,8,0-9,0-9,levanti_harakat_prediction
يِتْجَاذَب,yitjaazab,yitjaazab,True,10,9,10-19,0-9,levanti_harakat_prediction
يِتْمَسَّد,yitmassad,yitmassad,True,10,9,10-19,0-9,levanti_harakat_prediction
يِتْهَضَّم,yithaddam,yithaddam,True,10,9,10-19,0-9,levanti_harakat_prediction
مْبَوِّم,mbawwim,mbawwim,True,8,7,0-9,0-9,levanti_harakat_prediction
يْرَخْرِخ,yrakhrikh,yrakhrikh,True,9,9,0-9,0-9,levanti_harakat_prediction
تْلَاشَى,tlaasha,tlaasha,True,8,7,0-9,0-9,levanti_harakat_prediction
هَدِي,haddi,haddi,True,5,5,0-9,0-9,levanti_harakat_prediction
يِْهَجِّر,yuhjur,yhajjir,False,9,6,0-9,0-9,levanti_harakat_prediction
حَتَّى,7atta,7atta,True,6,5,0-9,0-9,levanti_harakat_prediction
بَرْدَان,bardaan,bardaan,True,8,7,0-9,0-9,levanti_harakat_prediction
اِمْتَدّ,2imtadd,2imtadd,True,8,7,0-9,0-9,levanti_harakat_prediction
حَشَى,7ashsha,7ashsha,True,5,7,0-9,0-9,levanti_harakat_prediction
اِنْقَل,2unqul,2inqall,False,7,6,0-9,0-9,levanti_harakat_prediction
اِنْكَشَف,2inkashaf,2inkashaf,True,9,9,0-9,0-9,levanti_harakat_prediction
سَاعَة,see3a,saa3a,False,6,5,0-9,0-9,levanti_harakat_prediction
مكَنّز,mikniz,mkanniz,False,6,6,0-9,0-9,levanti_harakat_prediction
غَرِب,gharrab,gharrab,True,5,7,0-9,0-9,levanti_harakat_prediction
بَلَابِل,balaabil,balaabil,True,8,8,0-9,0-9,levanti_harakat_prediction
سِجِن,sajan,sajjin,False,5,5,0-9,0-9,levanti_harakat_prediction
محَزِّز,m7azziz,m7azziz,True,7,7,0-9,0-9,levanti_harakat_prediction
خضَار,khadaar,khudaar,False,5,7,0-9,0-9,levanti_harakat_prediction
اِتْوَحَِش,2itwa77ash,2itwa77ash,True,10,10,10-19,10-19,levanti_harakat_prediction
فَاز,faaz,faaz,True,4,4,0-9,0-9,levanti_harakat_prediction
اِصْطَبَر,2istabar,2istabir,False,9,8,0-9,0-9,levanti_harakat_prediction
بَرَأ,barra2,barra2,True,5,6,0-9,0-9,levanti_harakat_prediction
اِشْبَه,2ishbih,2ishbih,True,7,7,0-9,0-9,levanti_harakat_prediction
طَوَافِير,tawaafiir,tawaafiir,True,9,9,0-9,0-9,levanti_harakat_prediction
يِدْعَبِل,yda3bil,yda3bil,True,9,7,0-9,0-9,levanti_harakat_prediction
يِحْذِف,y7azzif,yi7zif,False,7,7,0-9,0-9,levanti_harakat_prediction
يِتْدَلْدَق,yiddalda2,yiddalda2,True,11,9,10-19,0-9,levanti_harakat_prediction
تبَلَّك,tballak,tballak,True,7,7,0-9,0-9,levanti_harakat_prediction
صَقَل,saqal,saqal,True,5,5,0-9,0-9,levanti_harakat_prediction
ضَوْج,duuj,dawwij,False,5,4,0-9,0-9,levanti_harakat_prediction
فِيد,fiid,feed,False,4,4,0-9,0-9,levanti_harakat_prediction
زَحْمِة,za7me,za7me,True,7,5,0-9,0-9,levanti_harakat_prediction
غَطّ,ghutt,ghatt,False,4,5,0-9,0-9,levanti_harakat_prediction
يِحْجَر,y7ajjir,yi7jar,False,7,7,0-9,0-9,levanti_harakat_prediction
اِسْتِقْرَار,2istiqraar,2istiqraar,True,12,10,10-19,10-19,levanti_harakat_prediction
بَوَاعِيْض,bawaa3iid,bawaa3iid,True,10,9,10-19,0-9,levanti_harakat_prediction
يِسْتَهْدِّي,yistahdi,yistahdi,True,12,8,10-19,0-9,levanti_harakat_prediction
اِعْتِبَار,2i3tibaar,2i3tibaar,True,10,9,10-19,0-9,levanti_harakat_prediction
شَرْقِي,sharqi,sharki,False,7,6,0-9,0-9,levanti_harakat_prediction
اِسْتَقْبَل,2istaqbal,2istaqbil,False,11,9,10-19,0-9,levanti_harakat_prediction
خَِرَّف,kharraf,kharraf,True,7,7,0-9,0-9,levanti_harakat_prediction
عشْم,3ashshim,3ashshim,True,4,8,0-9,0-9,levanti_harakat_prediction
سَلَخ,sallakh,sallikh,False,5,7,0-9,0-9,levanti_harakat_prediction
اتْمصوِع,2itmaswa3,2itmawsa3,False,8,9,0-9,0-9,levanti_harakat_prediction
اِنْشَئ,2inshi2,2insha2,False,7,7,0-9,0-9,levanti_harakat_prediction
يِسْتَكْفِي,yistakfi,yistakfi,True,11,8,10-19,0-9,levanti_harakat_prediction
تَهْلِيل,tahliil,tahliil,True,8,7,0-9,0-9,levanti_harakat_prediction
عَقِل الرَّحْمَن,3aqil 2irra7maan,3aqal 2irra7in,False,16,16,10-19,10-19,levanti_harakat_prediction
يِنْقِصِع,yinqasa3,yinqisi3,False,9,8,0-9,0-9,levanti_harakat_prediction
يعْبُر,y3abbir,yi3bur,False,6,7,0-9,0-9,levanti_harakat_prediction
بَالع رَادْيُو,baali3 raadyo,baala3 raadyo,False,14,13,10-19,10-19,levanti_harakat_prediction
يِتْشَجَّع,yitshajja3,yitshajja3,True,10,10,10-19,10-19,levanti_harakat_prediction
اِعْتَدِّي,2i3tidi,2i3tidi,True,10,7,10-19,0-9,levanti_harakat_prediction
مَظْلُوْم,mazluum,mazluum,True,9,7,0-9,0-9,levanti_harakat_prediction
أَنْتَج,2antaj,2antaj,True,7,6,0-9,0-9,levanti_harakat_prediction
تَحْجِيم,ta7jiim,ta7jiim,True,8,7,0-9,0-9,levanti_harakat_prediction
يِنْبَلِف,yinbilif,yinbilif,True,9,8,0-9,0-9,levanti_harakat_prediction
يِنْقَال,yinqaal,yinqaal,True,8,7,0-9,0-9,levanti_harakat_prediction
رَافِق,raafaq,raafiq,False,6,6,0-9,0-9,levanti_harakat_prediction
مَخُّه قَنْدَرَة,mukhkho qkundara,makhkho qandara,False,16,16,10-19,10-19,levanti_harakat_prediction
سَالَك,saalik,saalik,True,6,6,0-9,0-9,levanti_harakat_prediction
يِتْسَوَّق,yitsawwaq,yitsawwaq,True,10,9,10-19,0-9,levanti_harakat_prediction
حَلَفْش,7alfash,7alfish,False,7,7,0-9,0-9,levanti_harakat_prediction
يِجْعَص,yij3as,yij3as,True,7,6,0-9,0-9,levanti_harakat_prediction
بَسَاع,bsaa3,basaa3,False,6,5,0-9,0-9,levanti_harakat_prediction
تِنْتِف,tantif,tnattaf,False,7,6,0-9,0-9,levanti_harakat_prediction
بُوْر,buur,bawwir,False,5,4,0-9,0-9,levanti_harakat_prediction
تَرَهَّل,tarahhul,trahhal,False,8,8,0-9,0-9,levanti_harakat_prediction
اِقْتَرَع,2iqtari3,2iqtara3,False,9,8,0-9,0-9,levanti_harakat_prediction
هَلْمَنِة,halmane,halmane,True,9,7,0-9,0-9,levanti_harakat_prediction
دَوْرَخَة,doorakhe,doorakha,False,9,8,0-9,0-9,levanti_harakat_prediction
تَوْجَيه,tawjiih,tawjiih,True,8,7,0-9,0-9,levanti_harakat_prediction
يِنْجَد,yinjid,yinjadd,False,7,6,0-9,0-9,levanti_harakat_prediction
يِتْشَرنخ,yitsharnakh,yitsharnakh,True,9,11,0-9,10-19,levanti_harakat_prediction
يِسْتَحْضِر,yista7dir,yista7dir,True,11,9,10-19,0-9,levanti_harakat_prediction
يصَرْبِع,ysarbi3,ysarbi3,True,8,7,0-9,0-9,levanti_harakat_prediction
تْصَارِع,tasaaru3,tsaara3,False,8,8,0-9,0-9,levanti_harakat_prediction
كَاكِي,kaaki,kaaki,True,6,5,0-9,0-9,levanti_harakat_prediction
فَرِيْد,fariid,fariid,True,7,6,0-9,0-9,levanti_harakat_prediction
تْفَرْكِش,tfarkash,tfarkash,True,9,8,0-9,0-9,levanti_harakat_prediction
هَتَك عَرض,hatak 3ard,hatak 3arad,False,10,10,10-19,10-19,levanti_harakat_prediction
مَجَارِيْر,majaariir,majaariir,True,10,9,10-19,0-9,levanti_harakat_prediction
لَو يْصِيرُوا اجْرَيْك فَوْق وْرَاسَك تَحِْت,law 2iysiiruu 2ijreek fooq wraasak lata7at,law ysiiruu 2ijreek fooq wusata7ak wataras,False,44,42,40-49,40-49,levanti_harakat_prediction
يَخُوْن,ykhawwin,ykhawwin,True,7,8,0-9,0-9,levanti_harakat_prediction
اِفْرُم,2ufrum,2ifrim,False,7,6,0-9,0-9,levanti_harakat_prediction
يِسْتَمُوت,yistamwit,yistamwit,True,10,9,10-19,0-9,levanti_harakat_prediction
يُورُور,ywarwir,ywarwir,True,7,7,0-9,0-9,levanti_harakat_prediction
فُوْح,fuu7,fawwi7,False,5,4,0-9,0-9,levanti_harakat_prediction
اِتْدَاقَق,2iddaaqaq,2iddaaqaq,True,10,9,10-19,0-9,levanti_harakat_prediction
مَنَام,manaam,manaam,True,6,6,0-9,0-9,levanti_harakat_prediction
حَقَّق,7aqqiq,7aqqaq,False,6,6,0-9,0-9,levanti_harakat_prediction
اِحْصُرّ,2u7sur,2i7sar,False,8,6,0-9,0-9,levanti_harakat_prediction
تْمَنْكَر,tmankar,tmankar,True,9,7,0-9,0-9,levanti_harakat_prediction
طَايِح,taayi7,taayi7,True,6,6,0-9,0-9,levanti_harakat_prediction
شَوَّافَة,shawwaafe,shawwaafe,True,9,9,0-9,0-9,levanti_harakat_prediction
مِطْلَاع,mutlaa3,mutalaa3,False,8,7,0-9,0-9,levanti_harakat_prediction
طْرَاحَة,turraa7a,tarraa7a,False,8,8,0-9,0-9,levanti_harakat_prediction
مَدَاخِل,madaakhil,madaakhil,True,8,9,0-9,0-9,levanti_harakat_prediction
دَبَّر,dabbir,dabbar,False,6,6,0-9,0-9,levanti_harakat_prediction
اِلْبِسّ,2ilbis,2ilbis,True,8,6,0-9,0-9,levanti_harakat_prediction
بَاسْبُوْر,baasboor,baasbuur,False,10,8,10-19,0-9,levanti_harakat_prediction
تَبَاعُد,tbaa3ad,tbaa3ad,True,8,7,0-9,0-9,levanti_harakat_prediction
كِنْس,kannas,kannis,False,5,6,0-9,0-9,levanti_harakat_prediction
جَارُوْشِة,jaaruushe,jaaruushe,True,10,9,10-19,0-9,levanti_harakat_prediction
يِتْرَبَّص,yitrabbas,yitrabbas,True,10,9,10-19,0-9,levanti_harakat_prediction
قَاطِع,qaati3,qaati3,True,6,6,0-9,0-9,levanti_harakat_prediction
أَمَانِي,2amaani,2amaani,True,8,7,0-9,0-9,levanti_harakat_prediction
عَلّ قَلْبِي,3all qalbi,3all qalbi,True,12,10,10-19,10-19,levanti_harakat_prediction
وَسِخ,wisikh,wassikh,False,5,6,0-9,0-9,levanti_harakat_prediction
يْجَاقِر,yjaaqkir,yjaaqir,False,8,8,0-9,0-9,levanti_harakat_prediction
يِنْكِتِم,yinkitim,yinkitim,True,9,8,0-9,0-9,levanti_harakat_prediction
اُرُوش,2irwash,2irwish,False,6,7,0-9,0-9,levanti_harakat_prediction
تُشْكُر,tshakkar,tshakkar,True,7,8,0-9,0-9,levanti_harakat_prediction
قِصَّارِيِّة,qassaariyye,qissaariyye,False,12,11,10-19,10-19,levanti_harakat_prediction
فَصِل,fassil,fassil,True,5,6,0-9,0-9,levanti_harakat_prediction
اُعْهُد,2i3had,2i3had,True,7,6,0-9,0-9,levanti_harakat_prediction
مِزْلَق,mazliq,mzalliq,False,7,6,0-9,0-9,levanti_harakat_prediction
رِيح يِنْفُخ بَطْنَك,rii7 yinfukh batnak,ree7i finkhat bibak,False,20,19,20-29,10-19,levanti_harakat_prediction
يِسْتِف,ysattif,yistaff,False,7,7,0-9,0-9,levanti_harakat_prediction
يُعْصُر مُخُّه,yu3sur mukhkho,y3assir mukhkho,False,14,14,10-19,10-19,levanti_harakat_prediction
شَمَط,shamit,shammit,False,5,6,0-9,0-9,levanti_harakat_prediction
لْوَِيْح,lawwii7,lawii7,False,8,7,0-9,0-9,levanti_harakat_prediction
فُلْتَان,faltaan,fultaan,False,8,7,0-9,0-9,levanti_harakat_prediction
رَحْرَح,ra7ri7,ra7ra7,False,7,6,0-9,0-9,levanti_harakat_prediction
مْكَبّرت,mkabrit,mkabrit,True,8,7,0-9,0-9,levanti_harakat_prediction
اِنْعَمِش,2in3amash,2in3imish,False,9,9,0-9,0-9,levanti_harakat_prediction
قَوَالِب,qawaalib,qawaalib,True,8,8,0-9,0-9,levanti_harakat_prediction
يِتْقَاعَد,yitqaa3ad,yitqaa3ad,True,10,9,10-19,0-9,levanti_harakat_prediction
تْمَرْدَغ,tmardagh,tmardagh,True,9,8,0-9,0-9,levanti_harakat_prediction
نَضْوَة,nadwe,nadwa,False,7,5,0-9,0-9,levanti_harakat_prediction
يَدْهُوْس,ydahwis,ydahwis,True,9,7,0-9,0-9,levanti_harakat_prediction
سَاق,saaq,saaq,True,4,4,0-9,0-9,levanti_harakat_prediction
مَطَِر,mattir,mattir,True,6,6,0-9,0-9,levanti_harakat_prediction
صَفْرَن,safrin,safran,False,7,6,0-9,0-9,levanti_harakat_prediction
فَسَح,fusa7,fassi7,False,5,5,0-9,0-9,levanti_harakat_prediction
اِنْقَبَل,2inqabil,2inqabal,False,9,8,0-9,0-9,levanti_harakat_prediction
مِتْوَالِف,mitwaalif,mitwaalif,True,10,9,10-19,0-9,levanti_harakat_prediction
سِمْسَارِيِّة,simsaariyye,sumsaariyye,False,13,11,10-19,10-19,levanti_harakat_prediction
يِتْشَلْبَك,yitshalbak,yitshalbak,True,11,10,10-19,10-19,levanti_harakat_prediction
لِبِح,labbi7,labbi7,True,5,6,0-9,0-9,levanti_harakat_prediction
لَا حَيَاء وَلَا خَجَل,laa 7aya wala khajal,laa7a yaa 2iljaakh wala,False,22,20,20-29,20-29,levanti_harakat_prediction
الْتَفَت,2iltafit,2iltifit,False,8,8,0-9,0-9,levanti_harakat_prediction
يْهَذْرِب,yhadhrib,yhadhrib,True,9,8,0-9,0-9,levanti_harakat_prediction
قَْدَاحَة,qaddaa7a,qaddaa7a,True,9,8,0-9,0-9,levanti_harakat_prediction
رَطَانِة,rataane,rataane,True,8,7,0-9,0-9,levanti_harakat_prediction
اِتْوعَى,yitwa33a,2itwa33a,False,8,8,0-9,0-9,levanti_harakat_prediction
حَبْحِب,7ab7ib,7ab7ib,True,7,6,0-9,0-9,levanti_harakat_prediction
أَكْسِر رِجْلَك,2aksir rijlik,2aksir rijl,False,15,13,10-19,10-19,levanti_harakat_prediction
يوْجِب,yuujib,ywajjib,False,6,6,0-9,0-9,levanti_harakat_prediction
شَلَب,shilib,shallab,False,5,6,0-9,0-9,levanti_harakat_prediction
يِغْلِي,yighli,yghalli,False,7,6,0-9,0-9,levanti_harakat_prediction
أَوْتَاد,2awtaad,2awtaad,True,8,7,0-9,0-9,levanti_harakat_prediction
يِنْتِصِح,yintasi7,yintisi7,False,9,8,0-9,0-9,levanti_harakat_prediction
اِزْعَج,2iz3ij,2iz3aj,False,7,6,0-9,0-9,levanti_harakat_prediction
لَوْن,loon,lawwin,False,5,4,0-9,0-9,levanti_harakat_prediction
فَالِج,faalij,faalij,True,6,6,0-9,0-9,levanti_harakat_prediction
طَمْطَمِة,tamtame,tamtame,True,9,7,0-9,0-9,levanti_harakat_prediction
بِير,biir,biir,True,4,4,0-9,0-9,levanti_harakat_prediction
تَمَنِّيك,tmanyak,tamanniik,False,9,7,0-9,0-9,levanti_harakat_prediction
يِهْدِّي,yihdi,yhaddi,False,8,5,0-9,0-9,levanti_harakat_prediction
مْرَقَّم,mraqqam,mraqqam,True,8,7,0-9,0-9,levanti_harakat_prediction
سَلَق,salaq,salliq,False,5,5,0-9,0-9,levanti_harakat_prediction
سِمّ الْهَارِي,samm 2ilhaari,simm 2ilhaari,False,14,13,10-19,10-19,levanti_harakat_prediction
بَاب,baab,baab,True,4,4,0-9,0-9,levanti_harakat_prediction
مِتْزَعْزِع,mitza3zi3,mitza3zi3,True,11,9,10-19,0-9,levanti_harakat_prediction
يِتْلَجَّم,yitlajjam,yitlajjam,True,10,9,10-19,0-9,levanti_harakat_prediction
يِتْرَيَّض,yitrayyad,yitrayyad,True,10,9,10-19,0-9,levanti_harakat_prediction
حَيَانِة فِيْه,7yaane,7eenha fii,False,14,6,10-19,0-9,levanti_harakat_prediction
تْشَوِّش,tshawwash,tshawwash,True,8,9,0-9,0-9,levanti_harakat_prediction
فَرْكِش,farkish,farkash,False,7,7,0-9,0-9,levanti_harakat_prediction
يْغَذِّي,yghazzi,yghazzi,True,8,7,0-9,0-9,levanti_harakat_prediction
حَصْرم,7asram,7asram,True,6,6,0-9,0-9,levanti_harakat_prediction
جَهُم,jihim,jahhim,False,5,5,0-9,0-9,levanti_harakat_prediction
مُفَاجَأَة,mufaaja2a,mufaaja,False,10,9,10-19,0-9,levanti_harakat_prediction
اِنْزَطَم,2inzitim,2inzitim,True,9,8,0-9,0-9,levanti_harakat_prediction
كَفْكِف,kafkaf,kafkif,False,7,6,0-9,0-9,levanti_harakat_prediction
أَكَل قَتْلِة,2akil qatle,2akal qatt 2ilka,False,13,11,10-19,10-19,levanti_harakat_prediction
قنَّارَة,qinnaara,qannaara,False,8,8,0-9,0-9,levanti_harakat_prediction
كَلِّف,kallaf,kallif,False,6,6,0-9,0-9,levanti_harakat_prediction
سَجَاجِيد,sajaajiid,sajaajiid,True,9,9,0-9,0-9,levanti_harakat_prediction
صَرَافِة,sraafe,saraafe,False,8,6,0-9,0-9,levanti_harakat_prediction
اِنْقَطَف,2inqataf,2inqataf,True,9,8,0-9,0-9,levanti_harakat_prediction
يِتْمَايَص,yitmaayas,yitmaayas,True,10,9,10-19,0-9,levanti_harakat_prediction
نَاقِض,naaqid,naaqid,True,6,6,0-9,0-9,levanti_harakat_prediction
اِسْتَوْدَع,2istawda3,2istawdi3,False,11,9,10-19,0-9,levanti_harakat_prediction
مورِنش,mwarnash,mwarnish,False,6,8,0-9,0-9,levanti_harakat_prediction
جعِل,ja3al,ja33il,False,4,5,0-9,0-9,levanti_harakat_prediction
يْسَايِس,ysaayis,ysaayis,True,8,7,0-9,0-9,levanti_harakat_prediction
حَكّ,7akk,7akk,True,4,4,0-9,0-9,levanti_harakat_prediction
اِنْدَهَش,2indahash,2indahash,True,9,9,0-9,0-9,levanti_harakat_prediction
بحَرَة,ba7ra,ba7ara,False,6,5,0-9,0-9,levanti_harakat_prediction
تَكّمْكُم,tkamkam,tkamkam,True,9,7,0-9,0-9,levanti_harakat_prediction
صَلَّى,salli,salla,False,6,5,0-9,0-9,levanti_harakat_prediction
غَاظ,ghaaz,ghaaz,True,4,5,0-9,0-9,levanti_harakat_prediction
زَيّ الِحِْصَان,zayy 2ili7saan,zayy 2il7aanas,False,15,14,10-19,10-19,levanti_harakat_prediction
قَفْوِة,qafwe,qafwe,True,7,5,0-9,0-9,levanti_harakat_prediction
مِعطِي وِجِّه,ma3ti wijih,mi3ti wijih,False,13,11,10-19,10-19,levanti_harakat_prediction
مْبَلَّل,mballal,mballil,False,8,7,0-9,0-9,levanti_harakat_prediction
سَلِّم,sullam,sallam,False,6,6,0-9,0-9,levanti_harakat_prediction
يِسْتَقْصِّي,yistaqsi,yistaqsi,True,12,8,10-19,0-9,levanti_harakat_prediction
اِتَّيْتُم,2ityattam,2ityattam,True,10,9,10-19,0-9,levanti_harakat_prediction
تَعَمُّد,t3ammad,t3ammad,True,8,7,0-9,0-9,levanti_harakat_prediction
يِمْحِي,yma77ir,yim7i,False,7,7,0-9,0-9,levanti_harakat_prediction
تِقْضَايِة,tiqdaaye,tiqdaaye,True,10,8,10-19,0-9,levanti_harakat_prediction
يِمزْلِق,ymazliq,yimziliq,False,8,7,0-9,0-9,levanti_harakat_prediction
يِتْكَفَّف,yitkaffaf,yitkaffaf,True,10,9,10-19,0-9,levanti_harakat_prediction
نَفْسُه دَنِيْئَة,nafso danii2a,nifso dani2e,False,17,13,10-19,10-19,levanti_harakat_prediction
عِيْش يَا كْدِيْش,3iish yaa kdiish,3iish yaak diish,False,17,16,10-19,10-19,levanti_harakat_prediction
حَيِّط,7iit,7ayyit,False,6,4,0-9,0-9,levanti_harakat_prediction
نَيِّم البَضَاعَة,nayyam 2ilibdaa3a,nayyam 2ilbada3a,False,17,17,10-19,10-19,levanti_harakat_prediction
يْطُسّ,ytuss,ytuss,True,6,5,0-9,0-9,levanti_harakat_prediction
يْرُوْح,yrawwi7,yrawwi7,True,7,7,0-9,0-9,levanti_harakat_prediction
قَنَاعَة,qanaa3a,qanaa3a,True,8,7,0-9,0-9,levanti_harakat_prediction
مُوَافْقَة,waafaqa,muufaaqa,False,10,7,10-19,0-9,levanti_harakat_prediction
نِعى,na3a,na33a,False,4,4,0-9,0-9,levanti_harakat_prediction
عذْرِي,3uzri,3azri,False,6,5,0-9,0-9,levanti_harakat_prediction
تبَهْبِط,tbahbat,tbahbat,True,8,7,0-9,0-9,levanti_harakat_prediction
تْوَلَّد,twallad,twallad,True,8,7,0-9,0-9,levanti_harakat_prediction
يَقْصُوْل,yqaswil,yqaswil,True,9,7,0-9,0-9,levanti_harakat_prediction
عَفْص,3afas,3affas,False,5,5,0-9,0-9,levanti_harakat_prediction
توَفَّر,twaffar,twaffar,True,7,7,0-9,0-9,levanti_harakat_prediction
مْضَاعِف,mudaa3af,mdaa3if,False,8,8,0-9,0-9,levanti_harakat_prediction
يْقُوْبِع,ygoobi3,yqoobi3,False,9,7,0-9,0-9,levanti_harakat_prediction
يِتْرَكَّب,yitrakkab,yitrakkab,True,10,9,10-19,0-9,levanti_harakat_prediction
يْحَلِّل,y7allil,y7allil,True,8,7,0-9,0-9,levanti_harakat_prediction
سَخِن,sakhkhan,sakhkhin,False,5,8,0-9,0-9,levanti_harakat_prediction
يِتْلَاكُم,yitlaakam,yitlaakam,True,10,9,10-19,0-9,levanti_harakat_prediction
دْمُوْع التَّمَاسِيح,dmuu3 2ittamaasii7,dmuu3 2ittaa7iis,False,20,18,20-29,10-19,levanti_harakat_prediction
يِسْهَي,ysahhi,yishi,False,7,6,0-9,0-9,levanti_harakat_prediction
حَوَارِيْق,7awaariiq,7awaariiq,True,10,9,10-19,0-9,levanti_harakat_prediction
اُرْجُو,2irju,2irju,True,7,5,0-9,0-9,levanti_harakat_prediction
لُغُم,laghgham,lughum,False,5,8,0-9,0-9,levanti_harakat_prediction
يِتْكَشَّح,yitkashsha7,yitkashsha7,True,10,11,10-19,10-19,levanti_harakat_prediction
حِلّ عَن وِجْهِي,7ill 3an wijhi,7ill 3an wijhi,True,16,14,10-19,10-19,levanti_harakat_prediction
اِدْرُج,2idrij,2idruj,False,7,6,0-9,0-9,levanti_harakat_prediction
مَيل,mayyal,mayyil,False,4,6,0-9,0-9,levanti_harakat_prediction
كَنَعْشَِة,kan3ashe,kan3ashe,True,10,8,10-19,0-9,levanti_harakat_prediction
مِتْلَقِّح,mitlaqqi7,mitlaqqi7,True,10,9,10-19,0-9,levanti_harakat_prediction
قِيْطَان,qiitaan,qiitaan,True,8,7,0-9,0-9,levanti_harakat_prediction
نَوَافِيخ,nawaafiikh,nawaafiikh,True,9,10,0-9,10-19,levanti_harakat_prediction
اِيقَاع,2iiqaa3,2iiqaa3,True,7,7,0-9,0-9,levanti_harakat_prediction
الله لَايِحْرِمْنِي مِنَّك,2alla laa yi7rimni minnak,2illlilha 2il7ayik min miirrimini,False,26,25,20-29,20-29,levanti_harakat_prediction
اتحرُوْد,2it7arwad,2it7arwad,True,8,9,0-9,0-9,levanti_harakat_prediction
مَهْلَبِيِّة,mhallabiyye,mahlabiyye,False,12,11,10-19,10-19,levanti_harakat_prediction
يِجْتِهِد,yijtahid,yijtihid,False,9,8,0-9,0-9,levanti_harakat_prediction
دَنُو,dunu,danu,False,5,4,0-9,0-9,levanti_harakat_prediction
اِتْشَعْبَط,2itsha3bat,2itsha3bat,True,11,10,10-19,10-19,levanti_harakat_prediction
فَاتِح صِدْرُه,faati7 sidro,faati7 sado,False,14,12,10-19,10-19,levanti_harakat_prediction
دِيَاثِة,dayaasa,diyaase,False,8,7,0-9,0-9,levanti_harakat_prediction
زَاحِم,zaa7im,zaa7im,True,6,6,0-9,0-9,levanti_harakat_prediction
مِرِح,miri7,marri7,False,5,5,0-9,0-9,levanti_harakat_prediction
اِسْتَفْسَر,2istafsir,2istafsir,True,11,9,10-19,0-9,levanti_harakat_prediction
شَيك,shayyak,shayyik,False,4,7,0-9,0-9,levanti_harakat_prediction
مُطَارَدِة,mutaarade,mutaarade,True,10,9,10-19,0-9,levanti_harakat_prediction
يْرَافِس,yraafis,yraafis,True,8,7,0-9,0-9,levanti_harakat_prediction
يَورْجِي,ywarji,ywarji,True,8,6,0-9,0-9,levanti_harakat_prediction
يِقْحَط,yqa77it,yiq7at,False,7,7,0-9,0-9,levanti_harakat_prediction
اُقْطُب,2uqtub,2uqtub,True,7,6,0-9,0-9,levanti_harakat_prediction
لِفع,lafa3,laffa3,False,4,5,0-9,0-9,levanti_harakat_prediction
اِتْخَشَّط,2itkhashshat,2itkhashshat,True,10,12,10-19,10-19,levanti_harakat_prediction
جَاحِد,jaa7id,jaa7id,True,6,6,0-9,0-9,levanti_harakat_prediction
نِشِف,nishif,nashshif,False,5,6,0-9,0-9,levanti_harakat_prediction
يْمَاحِك,ymaa7ik,ymaa7ik,True,8,7,0-9,0-9,levanti_harakat_prediction
مْلاقِط,malaaqit,malaaqit,True,7,8,0-9,0-9,levanti_harakat_prediction
يَعَرمِط,y3armit,y3armit,True,8,7,0-9,0-9,levanti_harakat_prediction
اللِّي سَبَق شَمّ الحِبْق,2illi sabaq shamm 2il7abaq,2illi yashshab qa7il maq,False,25,26,20-29,20-29,levanti_harakat_prediction
تِدَعبِب,2idda3bab,2idda3bab,True,8,9,0-9,0-9,levanti_harakat_prediction
كَعْكُوْز,ka3kooz,ka3kuuz,False,9,7,0-9,0-9,levanti_harakat_prediction
فَارِق,faaraq,faariq,False,6,6,0-9,0-9,levanti_harakat_prediction
يِنْعَنِش,yna3nish,yin3inish,False,9,8,0-9,0-9,levanti_harakat_prediction
وَرَق,waraq,warraq,False,5,5,0-9,0-9,levanti_harakat_prediction
ناتِع,naati3,naati3,True,5,6,0-9,0-9,levanti_harakat_prediction
أَشْجَار,2ashjaar2asjaar,2ashjaar,False,8,15,0-9,10-19,levanti_harakat_prediction
نَاغْرِيِّة,naaghriyye,naaghriyye,True,11,10,10-19,10-19,levanti_harakat_prediction
فُوط,fuwat,fawwit,False,4,5,0-9,0-9,levanti_harakat_prediction
يِنْقَمِص,yinqimis,yinqimis,True,9,8,0-9,0-9,levanti_harakat_prediction
يعقَّب,y3aqqib,y3aqqib,True,6,7,0-9,0-9,levanti_harakat_prediction
يِحِيف,y7ayyif,y7ayyif,True,6,7,0-9,0-9,levanti_harakat_prediction
يِنْخفِي,yinkhifi,yinkhifi,True,8,8,0-9,0-9,levanti_harakat_prediction
أَكَل رَاسُه الشَّيْب,2akal raaso 2ishsheeb,2akal raashs balo,False,21,21,20-29,20-29,levanti_harakat_prediction
فَلع,fala3,falla3,False,4,5,0-9,0-9,levanti_harakat_prediction
طَنَاطِيش,tanaatiish,tanaatiish,True,9,10,0-9,10-19,levanti_harakat_prediction
اهْمُط,2ihmat,2uhmut,False,6,6,0-9,0-9,levanti_harakat_prediction
وِثِق,wisiq,wassaq,False,5,5,0-9,0-9,levanti_harakat_prediction
يَمّ,yamm,ym,False,4,4,0-9,0-9,levanti_harakat_prediction
لَحّ,la77,la77,True,4,4,0-9,0-9,levanti_harakat_prediction
أُوْحَى,2aw7a,2aw7a,True,7,5,0-9,0-9,levanti_harakat_prediction
مْهَام,mahaam,mhaam,False,6,6,0-9,0-9,levanti_harakat_prediction
قَرْصْتُه وِالْقَبِر,qarsito wilqabir,qarato wilqasbir,False,20,16,20-29,10-19,levanti_harakat_prediction
يِسْتقِلّ,yistaqall,yistaqill,False,9,9,0-9,0-9,levanti_harakat_prediction
طَهْقَان,tah2aan,tahqaan,False,8,7,0-9,0-9,levanti_harakat_prediction
مْقَرْقِط,mqarqit,mqarqit,True,9,7,0-9,0-9,levanti_harakat_prediction
مِتِر,mattir,mattir,True,5,6,0-9,0-9,levanti_harakat_prediction
إِعْفَاء,2i3faa2,2i3faa2,True,8,7,0-9,0-9,levanti_harakat_prediction
هَسّهِس,hishis,hashas,False,7,6,0-9,0-9,levanti_harakat_prediction
يِفَنِّد,yfannid,yfannid,True,8,7,0-9,0-9,levanti_harakat_prediction
اِسْتَدْعِي,2istad3i,2istad3i,True,11,8,10-19,0-9,levanti_harakat_prediction
عَالْحِفِّة,3al 7iffe,3aal7ife,False,11,9,10-19,0-9,levanti_harakat_prediction
جَرَّب,jarrib,jarrab,False,6,6,0-9,0-9,levanti_harakat_prediction
تِصَعِّب,tsa33ab,tsa33ab,True,8,7,0-9,0-9,levanti_harakat_prediction
نَمَط,nammat,nammit,False,5,6,0-9,0-9,levanti_harakat_prediction
اِحْتَقَن,2i7tiqin,2i7taqan,False,9,8,0-9,0-9,levanti_harakat_prediction
اُقْطُر,2uqtur,2uqtur,True,7,6,0-9,0-9,levanti_harakat_prediction
يْؤَكِّد,y2akkid,y2akkid,True,8,7,0-9,0-9,levanti_harakat_prediction
تَوْهَان,tawahaan,twahan,False,8,8,0-9,0-9,levanti_harakat_prediction
أَبُو صُرَّة,2abu surra,2abu surra,True,12,10,10-19,10-19,levanti_harakat_prediction
اِنْضَجّ,2induj,2indajj,False,8,6,0-9,0-9,levanti_harakat_prediction
عُلَمَا,3alma,3ulmaam,False,7,5,0-9,0-9,levanti_harakat_prediction
عَبَّاطَة,3abaata,3abbaata,False,9,7,0-9,0-9,levanti_harakat_prediction
رُوتِش,rootash,rootish,False,6,7,0-9,0-9,levanti_harakat_prediction
يُوْسَع,ywassi3,ywassi3,True,7,7,0-9,0-9,levanti_harakat_prediction
فَرْفَحَة,farfa7a,farfa7a,True,9,7,0-9,0-9,levanti_harakat_prediction
مِكْوِّن,mukawwan,mkawwin,False,8,8,0-9,0-9,levanti_harakat_prediction
عشْم,3ashsham,3ashshim,False,4,8,0-9,0-9,levanti_harakat_prediction
يِتْنَاسَل,yitnaasal,yitnaasal,True,10,9,10-19,0-9,levanti_harakat_prediction
كِتِف,kattaf,kattif,False,5,6,0-9,0-9,levanti_harakat_prediction
رَاح هَيْك ولَّا هَيْك,raa7 heek wuheek,raa7i ya kaww 2illa keeha,False,22,16,20-29,10-19,levanti_harakat_prediction
اُسْلَك,2usluk,2islak,False,7,6,0-9,0-9,levanti_harakat_prediction
اِنْخَذَل,2inkhazal,2inkhizil,False,9,9,0-9,0-9,levanti_harakat_prediction
يْعَايِن,y3aayin,y3aayin,True,8,7,0-9,0-9,levanti_harakat_prediction
تْأَنَّق,t2annaq,t2annuq,False,8,7,0-9,0-9,levanti_harakat_prediction
يَلّْهُم,yilhim,ylahhim,False,8,6,0-9,0-9,levanti_harakat_prediction
جْعَان,ja3aan,ju33aan,False,6,6,0-9,0-9,levanti_harakat_prediction
اِنْحَتّ,2in7at,2in7att,False,8,6,0-9,0-9,levanti_harakat_prediction
اِتْقَطَّم,2itqattam,2itqattam,True,10,9,10-19,0-9,levanti_harakat_prediction
تْحَشَّر,t7ashshar,t7ashshar,True,8,9,0-9,0-9,levanti_harakat_prediction
تْمَرْجَل,tmarjal,tmarjal,True,9,7,0-9,0-9,levanti_harakat_prediction
قْرُوْصِة,qarwase,qarwase,True,9,7,0-9,0-9,levanti_harakat_prediction
مِصْطَرِيم,mastariim,mustariim,False,10,9,10-19,0-9,levanti_harakat_prediction
مدِيْد,madiid,mdayyid,False,6,6,0-9,0-9,levanti_harakat_prediction
اِفْحَم,2if7im,2if7am,False,7,6,0-9,0-9,levanti_harakat_prediction
طَيّع,tii3,tayyi3,False,5,4,0-9,0-9,levanti_harakat_prediction
يِفْرِز,yifriz,yfarriz,False,7,6,0-9,0-9,levanti_harakat_prediction
يِتْجَيَّد,yitjayyad,yitjayyad,True,10,9,10-19,0-9,levanti_harakat_prediction
رُوتِش,rootish,rootish,True,6,7,0-9,0-9,levanti_harakat_prediction
جَيِّد,jayyid,jayyid,True,6,6,0-9,0-9,levanti_harakat_prediction
بِالْعَادِة,bil3aade,bil3aade,True,11,8,10-19,0-9,levanti_harakat_prediction
تِقْيِيلِة الرّعْيَان,taqyiilit 2irru3yaan,tqiilil 2il3eenera,False,21,20,20-29,20-29,levanti_harakat_prediction
مْخَيَّم,mukhayyam,mkhayyim,False,8,9,0-9,0-9,levanti_harakat_prediction
الحَيِّة مَابِتْصِير خَيِّة,2il7ayye maa bitsiir khayye,2il7ayye maasakhiit biryye,False,27,27,20-29,20-29,levanti_harakat_prediction
إِيش مَعْنَى,2ish ma3na,2iish ma3na,False,12,10,10-19,10-19,levanti_harakat_prediction
وُفُود,wufuud,wufuud,True,6,6,0-9,0-9,levanti_harakat_prediction
سِمِن,samman,sammin,False,5,6,0-9,0-9,levanti_harakat_prediction
بَهْجِة,bahje,bahje,True,7,5,0-9,0-9,levanti_harakat_prediction
تِشَلَّع,tshalla3,tshalla3,True,8,8,0-9,0-9,levanti_harakat_prediction
فَوَائِد,fawaa2id,fawaa2id,True,8,8,0-9,0-9,levanti_harakat_prediction
اِتْشَبَّع,2itshabba3,2itshabba3,True,10,10,10-19,10-19,levanti_harakat_prediction
قَصَب,qasab,qassab,False,5,5,0-9,0-9,levanti_harakat_prediction
كَسَّالِى,kasaala,kasaali,False,9,7,0-9,0-9,levanti_harakat_prediction
يِفْزَع,yifza3,yifza3,True,7,6,0-9,0-9,levanti_harakat_prediction
اِنْلَزَع,2inlaza3,2inlizi3,False,9,8,0-9,0-9,levanti_harakat_prediction
اِتْنَشَن,2itnashshan,2itnashshan,True,9,11,0-9,10-19,levanti_harakat_prediction
قَمِّم,qimam,qammim,False,6,5,0-9,0-9,levanti_harakat_prediction
يِحْرَم,yi7ram,yi7ram,True,7,6,0-9,0-9,levanti_harakat_prediction
اِنْفَرَد,2infirid,2infirid,True,9,8,0-9,0-9,levanti_harakat_prediction
خَاطِر,khaatar,khaatir,False,6,7,0-9,0-9,levanti_harakat_prediction
يِقْحَص,yiq7as,yiq7as,True,7,6,0-9,0-9,levanti_harakat_prediction
يِفْغُر,yifghar,yifghar,True,7,7,0-9,0-9,levanti_harakat_prediction
يِرْدَع,yirda3,yirda3,True,7,6,0-9,0-9,levanti_harakat_prediction
خَسِّف,khasaf,khassif,False,6,6,0-9,0-9,levanti_harakat_prediction
حَابِب,7aabib,7aabib,True,6,6,0-9,0-9,levanti_harakat_prediction
طوْب,tawwab,tawwib,False,4,6,0-9,0-9,levanti_harakat_prediction
حِلْو,7ilu,7alwa,False,5,4,0-9,0-9,levanti_harakat_prediction
تْقَرْدُن,tqardan,tqardan,True,9,7,0-9,0-9,levanti_harakat_prediction
نَحِر,na7ir,na7ar,False,5,5,0-9,0-9,levanti_harakat_prediction
مَجَانِين,majaaniin,majaaniin,True,9,9,0-9,0-9,levanti_harakat_prediction
مِيَّاتُه مْعَالِيَّات,mayyaato m3aalyaat,miyaato maayi3,False,22,18,20-29,10-19,levanti_harakat_prediction
مَسِح,massa7,masa7,False,5,6,0-9,0-9,levanti_harakat_prediction
جَرَّادِين,jaraadiin,jaraadiin,True,10,9,10-19,0-9,levanti_harakat_prediction
اِتْرَخَّص,2itrakhkhas,2itrakhkhas,True,10,11,10-19,10-19,levanti_harakat_prediction
حَافِظ,7aafiz,7aafiz,True,6,6,0-9,0-9,levanti_harakat_prediction
تَدَهُول عَلَى عَيْنُه,2iddahwal 3ala 3eeno,tadahwal 3aleeno,False,22,20,20-29,20-29,levanti_harakat_prediction
نَعْنَشِة,na3nashe,na3nashe,True,9,8,0-9,0-9,levanti_harakat_prediction
بِطَابِط,bataabit,bataabit,True,8,8,0-9,0-9,levanti_harakat_prediction
يِلْدَع,yilda3,yilda3,True,7,6,0-9,0-9,levanti_harakat_prediction
كَعْكِة,ka3ke,ka3ke,True,7,5,0-9,0-9,levanti_harakat_prediction
نَصِّيِّة,nussiyye,nasiyye,False,9,8,0-9,0-9,levanti_harakat_prediction
نغَنَّغ,naghnagh,naghnagh,True,7,8,0-9,0-9,levanti_harakat_prediction
يِشْبُط,yushbut,yushbut,True,7,7,0-9,0-9,levanti_harakat_prediction
مَطْلُوب,matluub,matluub,True,8,7,0-9,0-9,levanti_harakat_prediction
يِبْحَث,yib7as,yib7as,True,7,6,0-9,0-9,levanti_harakat_prediction
حَسْبُن,7asbin,7asban,False,7,6,0-9,0-9,levanti_harakat_prediction
قَارِح,qaari7,qaari7,True,6,6,0-9,0-9,levanti_harakat_prediction
اِنْهَجَر,2inhajar,2inhijir,False,9,8,0-9,0-9,levanti_harakat_prediction
يْدَلِّل,ydallil,ydallil,True,8,7,0-9,0-9,levanti_harakat_prediction
اُشْرِك,2ishrik,2ushruk,False,7,7,0-9,0-9,levanti_harakat_prediction
قَارِب,qaarab,qaarib,False,6,6,0-9,0-9,levanti_harakat_prediction
عزْرَان,3izraan,zu3raan,False,7,7,0-9,0-9,levanti_harakat_prediction
مُجَاهِد,mujaahid,mujaahid,True,8,8,0-9,0-9,levanti_harakat_prediction
مْزَقْرِق,2imzaqriq,mzaqriq,False,9,9,0-9,0-9,levanti_harakat_prediction
الْبِسِّة بِْتُوكِل عَشَاه,2ilbisse btookil 3ashaa,2ilbisse btilaka3o latuusha,False,26,23,20-29,20-29,levanti_harakat_prediction
تِهْضم,thaddam,thaddam,True,6,7,0-9,0-9,levanti_harakat_prediction
ثَمْرَة,thamara,thamra,False,7,7,0-9,0-9,levanti_harakat_prediction
در,durr,darr,False,2,4,0-9,0-9,levanti_harakat_prediction
بَسْطَة,basta,basta,True,7,5,0-9,0-9,levanti_harakat_prediction
بسبس,basbis,basbas,False,4,6,0-9,0-9,levanti_harakat_prediction
مَذْهَب,mdahhab,mazhab,False,7,7,0-9,0-9,levanti_harakat_prediction
تَفَاقُم,tafaaqum,tfaaqam,False,8,8,0-9,0-9,levanti_harakat_prediction
فَتَح,fitih,fatti7,False,5,5,0-9,0-9,levanti_harakat_prediction
حَامِل بَطْنُه عَظَهْرُه,7aamil batno 3adahro,7aamil batnazo 3aro,False,24,20,20-29,20-29,levanti_harakat_prediction
مِسْتَسْلِم,mustaslim,mistaslim,False,11,9,10-19,0-9,levanti_harakat_prediction
نَاهِي,naahi,naahi,True,6,5,0-9,0-9,levanti_harakat_prediction
دِجِل,dajjal,dajjil,False,5,6,0-9,0-9,levanti_harakat_prediction
فَقَّع,faqqi3,faqqa3,False,6,6,0-9,0-9,levanti_harakat_prediction
تقَطّب,tqattab,tqattab,True,6,7,0-9,0-9,levanti_harakat_prediction
نَاكِف,naakaf,naakif,False,6,6,0-9,0-9,levanti_harakat_prediction
حَلِس,7alas,7allis,False,5,5,0-9,0-9,levanti_harakat_prediction
يِدْرُك,yidrik,yidruk,False,7,6,0-9,0-9,levanti_harakat_prediction
لَِقح,laqqi7,laqqi7,True,5,6,0-9,0-9,levanti_harakat_prediction
يِمْتَدّ,yimtadd,yimtadd,True,8,7,0-9,0-9,levanti_harakat_prediction
ضَارِب,daarib,daarib,True,6,6,0-9,0-9,levanti_harakat_prediction
حَرَق رَاسُه,7araq raaso,7araq raaso,True,12,11,10-19,10-19,levanti_harakat_prediction
مْخَّط,makhkhat,makhkhit,False,6,8,0-9,0-9,levanti_harakat_prediction
مَوْتِة,moote,moote,True,7,5,0-9,0-9,levanti_harakat_prediction
زَرِع,zara3,zarri3,False,5,5,0-9,0-9,levanti_harakat_prediction
يَكْعُوش,yka3wish,yka3wish,True,8,8,0-9,0-9,levanti_harakat_prediction
حَجَّاج,7ujjaaj,7ajjaaj,False,7,7,0-9,0-9,levanti_harakat_prediction
قِطَاع,qattaa3,qitaa3,False,6,7,0-9,0-9,levanti_harakat_prediction
نَثِر,nathar,naththar,False,5,6,0-9,0-9,levanti_harakat_prediction
مْغَاطِس,maghaatis,mughaatis,False,8,9,0-9,0-9,levanti_harakat_prediction
يِنْكسِح,yinkisi7,yinsiki7,False,8,8,0-9,0-9,levanti_harakat_prediction
سَعْدَان,sa3daan,sa3daan,True,8,7,0-9,0-9,levanti_harakat_prediction
يِتْصَافَى,yitsaafa,yitsaafa,True,10,8,10-19,0-9,levanti_harakat_prediction
جَازِع,jaazi3,jaazi3,True,6,6,0-9,0-9,levanti_harakat_prediction
اِفْشِي,2ifshi,2ifshi,True,7,6,0-9,0-9,levanti_harakat_prediction
عِيْدِيِّة,3iidiyye,3iidiyye,True,10,8,10-19,0-9,levanti_harakat_prediction
فْلُوس حَلَال,fluus 7alaal,faluus 7alaal,False,13,12,10-19,10-19,levanti_harakat_prediction
نَقَح,naqqa7,naqqi7,False,5,6,0-9,0-9,levanti_harakat_prediction
يدِيح,ydayyi7,ydii7,False,5,7,0-9,0-9,levanti_harakat_prediction
هَبّ,habb,habb,True,4,4,0-9,0-9,levanti_harakat_prediction
سكَِّر,sukkar,sakkir,False,6,6,0-9,0-9,levanti_harakat_prediction
تِحِيِّة,ta7iyye,ta7iyye,True,8,7,0-9,0-9,levanti_harakat_prediction
يِحْلِف,yi7lif,yi7lif,True,7,6,0-9,0-9,levanti_harakat_prediction
العَدُوّ مَابِيصِير حَبِيب والحْمَار مَابِيصِير طَبِيب,2il3adu maa bisiir 7abiib wili7maar maa bisiir tabiib,2il3aduu maa bisir wili7abi maa bi7miir wisiibi7 biriib,False,54,53,50-59,50-59,levanti_harakat_prediction
لَبِخ,labbikh,labbikh,True,5,7,0-9,0-9,levanti_harakat_prediction
مَعْمُوْل,ma3muul,ma3muul,True,9,7,0-9,0-9,levanti_harakat_prediction
زَعْمُوط,za3muut,za3muut,True,8,7,0-9,0-9,levanti_harakat_prediction
اِتْطَعَم,2itta33am,2itta33am,True,9,9,0-9,0-9,levanti_harakat_prediction
تِزَهْرِم,tzahram,tzahram,True,9,7,0-9,0-9,levanti_harakat_prediction
اِتْلَقَّف,2itlaqqaf,2itlaqqaf,True,10,9,10-19,0-9,levanti_harakat_prediction
اِدَّبَش,2idbish,2idbish,True,8,7,0-9,0-9,levanti_harakat_prediction
رَاق,raaq,raaq,True,4,4,0-9,0-9,levanti_harakat_prediction
مَمْحُوْن,mam7uun,mam7uun,True,9,7,0-9,0-9,levanti_harakat_prediction
رَوْشَان,rooshaan,rooshaan,True,8,8,0-9,0-9,levanti_harakat_prediction
خَطَب,khattab,khattib,False,5,7,0-9,0-9,levanti_harakat_prediction
مَفْنُوْس,mafnuus,mafnuus,True,9,7,0-9,0-9,levanti_harakat_prediction
نِكِفّ,nakaf,nakkif,False,6,5,0-9,0-9,levanti_harakat_prediction
يِصْرِف,yisrif,ysarrif,False,7,6,0-9,0-9,levanti_harakat_prediction
صُوْفِيَّة,suufiyye,suufiyye,True,10,8,10-19,0-9,levanti_harakat_prediction
تْحَسْكُن,t7askan,t7askan,True,9,7,0-9,0-9,levanti_harakat_prediction
تِفْلخ,tfallakh,tfallakh,True,6,8,0-9,0-9,levanti_harakat_prediction
رِضَا,rida,rida,True,5,4,0-9,0-9,levanti_harakat_prediction
مِتْشَائِم,mitshaa2im,mutashaa2im,False,10,10,10-19,10-19,levanti_harakat_prediction
سَيَّارَة الْخُنْفُسَاء,sayyaarit 2ilkhunfasa,suyaara2 2ilkhunfasaa2,False,23,21,20-29,20-29,levanti_harakat_prediction
تَنَاظف,tnaadaf,tnaadaf,True,7,7,0-9,0-9,levanti_harakat_prediction
يْقَاوِل,yqaawil,yqaawil,True,8,7,0-9,0-9,levanti_harakat_prediction
نَقْرَشِة,naqrashe,naqrashe,True,9,8,0-9,0-9,levanti_harakat_prediction
اِتْحَصْحِص,2it7as7as,2it7as7as,True,11,9,10-19,0-9,levanti_harakat_prediction
كَعك مْخَمَّر,mkhammar mkhammar,ka3ak mkhammar,False,13,17,10-19,10-19,levanti_harakat_prediction
مَنَابِت,manaabit,manaabit,True,8,8,0-9,0-9,levanti_harakat_prediction
يِتْدَرْدَب,yiddardab,yiddardab,True,11,9,10-19,0-9,levanti_harakat_prediction
مِثْل الْمَالِك الْحَزِيْن,mitil 2ilmaalik 2il7aziin,mitil 2ilmin 2il7aaziik,False,26,25,20-29,20-29,levanti_harakat_prediction
مُرُوْر,muruur,mruur,False,7,6,0-9,0-9,levanti_harakat_prediction
يِخْدَع,yikhda3,yikhda3,True,7,7,0-9,0-9,levanti_harakat_prediction
تْوَرَّد,twarrad,twarrad,True,8,7,0-9,0-9,levanti_harakat_prediction
يِتْحَامَل,yit7aamal,yit7aamal,True,10,9,10-19,0-9,levanti_harakat_prediction
قِرِب,qirab,qarrab,False,5,5,0-9,0-9,levanti_harakat_prediction
زَهَِّقْنِي عِيشْتِي,zahhaqni 3iishti,zahshaqq niit3i,False,20,16,20-29,10-19,levanti_harakat_prediction
خَمّج,khammij,khammaj,False,5,7,0-9,0-9,levanti_harakat_prediction
اَمْلَك,2imlik,2imlak,False,7,6,0-9,0-9,levanti_harakat_prediction
تَنَكُّرِي,tanakkuri,tankuri,False,10,9,10-19,0-9,levanti_harakat_prediction
لَوْص,lawwis,lawwis,True,5,6,0-9,0-9,levanti_harakat_prediction
خَمش,khammash,khammish,False,4,8,0-9,0-9,levanti_harakat_prediction
يِتْخَرَّق,yitkharraq,yitkharraq,True,10,10,10-19,10-19,levanti_harakat_prediction
اِنْرقّ,2inraqq,2inraqq,True,7,7,0-9,0-9,levanti_harakat_prediction
اِسْتِغَابِة,2istighaabe,2istighaabe,True,12,11,10-19,10-19,levanti_harakat_prediction
اِتْقَاعَد,2itqaa3ad,2itqaa3ad,True,10,9,10-19,0-9,levanti_harakat_prediction
تِزَعَّم,tza33am,tza33am,True,8,7,0-9,0-9,levanti_harakat_prediction
اِنْهَقّ,2inhaq,2inhaqq,False,8,6,0-9,0-9,levanti_harakat_prediction
تَقْصِيْب,taqsiib,taqsiib,True,9,7,0-9,0-9,levanti_harakat_prediction
حرِف,7arraf,7arrif,False,4,6,0-9,0-9,levanti_harakat_prediction
جَنَازِة,jnaaze,janaaze,False,8,6,0-9,0-9,levanti_harakat_prediction
أَذَاع,2azaa3,2adaa3,False,6,6,0-9,0-9,levanti_harakat_prediction
يِتْقَاطَب,yitqaatab,yitqaatab,True,10,9,10-19,0-9,levanti_harakat_prediction
يُطْبُخ,ytabbikh,yutbukh,False,7,8,0-9,0-9,levanti_harakat_prediction
اِسْتَقْصَد,2istaqsid,2istaqsid,True,11,9,10-19,0-9,levanti_harakat_prediction
طَارِر,taarir,taarir,True,6,6,0-9,0-9,levanti_harakat_prediction
طِين,tiin,tayyin,False,4,4,0-9,0-9,levanti_harakat_prediction
يِنْشِب,yinshib,yinshib,True,7,7,0-9,0-9,levanti_harakat_prediction
أَطْوَال,2atwaal,2atwaal,True,8,7,0-9,0-9,levanti_harakat_prediction
يِفْرُك,yfarrik,yfarrik,True,7,7,0-9,0-9,levanti_harakat_prediction
يِحْسِم,yi7sim,yi7sim,True,7,6,0-9,0-9,levanti_harakat_prediction
شْمَال,shamaal,shmaal,False,6,7,0-9,0-9,levanti_harakat_prediction
اِتْعَثَّر,2it3attar,2it3attar,True,10,9,10-19,0-9,levanti_harakat_prediction
يَدِلّْهُم,ydalhim,ydalhim,True,10,7,10-19,0-9,levanti_harakat_prediction
إِجْرَيْن,2ijreen,2ijreen,True,9,7,0-9,0-9,levanti_harakat_prediction
تَوْعَك,twa33ak,twa33ak,True,7,7,0-9,0-9,levanti_harakat_prediction
حَبَارِيْق,7abaariiq,7abaariiqk,False,10,9,10-19,0-9,levanti_harakat_prediction
كَرِيْصَة,kurreese,kariisa,False,9,8,0-9,0-9,levanti_harakat_prediction
تْعَكَّر,t3akkar,t3akkar,True,8,7,0-9,0-9,levanti_harakat_prediction
يِتْسَرْسَب,yitsarsab,yitsarsab,True,11,9,10-19,0-9,levanti_harakat_prediction
صَاحِب مَصْلَحَة,saa7ib masla7a,saa7ib mala7a,False,16,14,10-19,10-19,levanti_harakat_prediction
اِتْهَجَّر,2ithajjar,2ithajjar,True,10,9,10-19,0-9,levanti_harakat_prediction
طَوْع,tawwa3,tawwi3,False,5,6,0-9,0-9,levanti_harakat_prediction
كَحَّارَيْت,ka7aariit,ka7araati,False,11,9,10-19,0-9,levanti_harakat_prediction
مَمْصُوْع,mamsuu3,mamsuu3,True,9,7,0-9,0-9,levanti_harakat_prediction
مُخْرِج,mukhrij,mukhrij,True,7,7,0-9,0-9,levanti_harakat_prediction
شَقِي,shiqi,shaqi,False,5,5,0-9,0-9,levanti_harakat_prediction
يرْجُم,yurjum,yirjum,False,6,6,0-9,0-9,levanti_harakat_prediction
يِتْوَسَّط,yitwassat,yitwassat,True,10,9,10-19,0-9,levanti_harakat_prediction
مَضَى,madda,mada,False,5,5,0-9,0-9,levanti_harakat_prediction
تِنْتِف,tantaf,tnattaf,False,7,6,0-9,0-9,levanti_harakat_prediction
فَافِي,faafi,faafi,True,6,5,0-9,0-9,levanti_harakat_prediction
أَذُوْنِة,2uzuune,2aduune,False,9,7,0-9,0-9,levanti_harakat_prediction
يِمْرُص,yumrus,yumrus,True,7,6,0-9,0-9,levanti_harakat_prediction
اِقْتِنِي,2iqtini,2iqtini,True,9,7,0-9,0-9,levanti_harakat_prediction
لَو تْوَقَّف الجَاجِة عَإِجِر,law tuuqaf 2iljaaje 3a 2ijir,law taqaa3 2iljafar 2ilja,False,29,28,20-29,20-29,levanti_harakat_prediction
اِرْتِبَاط,2irtibaat,2irtibaat,True,10,9,10-19,0-9,levanti_harakat_prediction
نِتِف,nataf,nattif,False,5,5,0-9,0-9,levanti_harakat_prediction
وِجْه الْمْخَدِّة,wijih 2ilimkhadde,wijhit 2ilmukhda,False,17,17,10-19,10-19,levanti_harakat_prediction
اِنْهِي,2inhi,2inhi,True,7,5,0-9,0-9,levanti_harakat_prediction
دَلَّال,dalaal,dallaal,False,7,6,0-9,0-9,levanti_harakat_prediction
عَجْرُوْم,3ajruum,3ajruum,True,9,7,0-9,0-9,levanti_harakat_prediction
مَحْذُوْف,ma7zuuf,ma7zuuf,True,9,7,0-9,0-9,levanti_harakat_prediction
مْهَرْجِل,mhargil,mhargil,True,9,7,0-9,0-9,levanti_harakat_prediction
مِخْوِل,mukhawwal,mkhoolil,False,7,9,0-9,0-9,levanti_harakat_prediction
اُولِف,2uulif,2uulif,True,6,6,0-9,0-9,levanti_harakat_prediction
سَيِّئ,sii2,sii2,True,6,4,0-9,0-9,levanti_harakat_prediction
جَلْوِة,jalwe,jalwe,True,7,5,0-9,0-9,levanti_harakat_prediction
السِّنِة وَرَا البَاب,2issane wara 2ilbaab,2issane wara bilbala,False,21,20,20-29,20-29,levanti_harakat_prediction
رَجَاء,rajaa2,rajaa2,True,6,6,0-9,0-9,levanti_harakat_prediction
مْحَجَّب,m7ajjab,m7ajjab,True,8,7,0-9,0-9,levanti_harakat_prediction
يْجَرْدِم,yjardim,yjardim,True,9,7,0-9,0-9,levanti_harakat_prediction
اِسْتِحْمَال,2isti7maal,2isti7maal,True,12,10,10-19,10-19,levanti_harakat_prediction
تِفَتَحِش عَلَيّ بَاب,tifta7ish 3alay baab,tifta7 sha3ab 2illayab,False,21,20,20-29,20-29,levanti_harakat_prediction
دَاوَم,daawam,daawim,False,6,6,0-9,0-9,levanti_harakat_prediction
يِنْفِس,ynaffis,yinfis,False,7,7,0-9,0-9,levanti_harakat_prediction
شَايِب,shaayib,shaayib,True,6,7,0-9,0-9,levanti_harakat_prediction
اِسْتَمَرّ,2istamar,2istamirr,False,10,8,10-19,0-9,levanti_harakat_prediction
خَصّ,khuss,khass,False,4,5,0-9,0-9,levanti_harakat_prediction
أَزْعُم,2az3am,2az3am,True,7,6,0-9,0-9,levanti_harakat_prediction
تَقَاوَى,tqaawa,tqaawa,True,8,6,0-9,0-9,levanti_harakat_prediction
مَنْظُوْر,manzuur,manzuur,True,9,7,0-9,0-9,levanti_harakat_prediction
اِسْتِرْحَام,2istir7aam,2istir7aam,True,12,10,10-19,10-19,levanti_harakat_prediction
ضَعْضَع,da3di3,da3di3,True,7,6,0-9,0-9,levanti_harakat_prediction
مَمْعُوْص,mam3uus,mam3uus,True,9,7,0-9,0-9,levanti_harakat_prediction
حِكم الهُدْهُد,7ukmil hudhud,7imit 2ahdak,False,14,13,10-19,10-19,levanti_harakat_prediction
اِنْهَمَض,2inhamid,2inhamad,False,9,8,0-9,0-9,levanti_harakat_prediction
أَفْعَال,2af3aal,2af3aal,True,8,7,0-9,0-9,levanti_harakat_prediction
نَام عَلَى غُمْرُه,naam 3ala ghimro,naam 3ala ghammro,False,18,16,10-19,10-19,levanti_harakat_prediction
لَوش,lawwish,lawwash,False,4,7,0-9,0-9,levanti_harakat_prediction
جَمَل,jumal,jammal,False,5,5,0-9,0-9,levanti_harakat_prediction
عَمَّى ضَوُّه,3ama dawwo,3amm hawwadu,False,13,10,10-19,10-19,levanti_harakat_prediction
غَرَضُه مِش شَرِيف,gharado mush shariif,gharado mashri fi,False,18,20,10-19,20-29,levanti_harakat_prediction
خَرَابِيْش جَاج,kharaabiish jaaj,kharaabi shaj,False,15,16,10-19,10-19,levanti_harakat_prediction
كَايِد,kaayid,kaayid,True,6,6,0-9,0-9,levanti_harakat_prediction
يِتْدَسْكَر,yiddaskar,yiddaskar,True,11,9,10-19,0-9,levanti_harakat_prediction
كحُّوش,ka7wish,ka7wish,True,6,7,0-9,0-9,levanti_harakat_prediction
فُوش,fuush,fawwish,False,4,5,0-9,0-9,levanti_harakat_prediction
كِنْز,kanaz,kannaz,False,5,5,0-9,0-9,levanti_harakat_prediction
تَشْلِيْخ,tashliikh,tashliikh,True,9,9,0-9,0-9,levanti_harakat_prediction
يِتْرَغَّل,ytarghil,yitraghghal,False,10,8,10-19,0-9,levanti_harakat_prediction
مَرْنَخ,2imrannakh,mrannikh,False,7,10,0-9,10-19,levanti_harakat_prediction
شَحَط,sha77at,sha77it,False,5,7,0-9,0-9,levanti_harakat_prediction
صَفْرَا,safra,safra,True,7,5,0-9,0-9,levanti_harakat_prediction
يِتْمَطَّط,yitmattat,yitmattat,True,10,9,10-19,0-9,levanti_harakat_prediction
ضُعَفَاء,du3afaa2,du3afaa2,True,8,8,0-9,0-9,levanti_harakat_prediction
كَخّ,kikhkh,khukhkh,False,4,6,0-9,0-9,levanti_harakat_prediction
تَلَامِيذ,talaamiiz,talaamiiz,True,9,9,0-9,0-9,levanti_harakat_prediction
مْشَلطِف,mshaltif,mshaltif,True,8,8,0-9,0-9,levanti_harakat_prediction
أُخْت,2ukhut,2akht,False,5,6,0-9,0-9,levanti_harakat_prediction
يِتْفكْهْن,yitfakhan,yitfakhan,True,10,9,10-19,0-9,levanti_harakat_prediction
نَهب,nahib,nahab,False,4,5,0-9,0-9,levanti_harakat_prediction
خَبَر,khabbar,khabbar,True,5,7,0-9,0-9,levanti_harakat_prediction
وْنَجَق,wanjiq,wanjaq,False,7,6,0-9,0-9,levanti_harakat_prediction
نَفَض,nafid,naffad,False,5,5,0-9,0-9,levanti_harakat_prediction
دِنس,dannis,dannas,False,4,6,0-9,0-9,levanti_harakat_prediction
مرَتَّب,mrattab,mrattib,False,7,7,0-9,0-9,levanti_harakat_prediction
شَْوَاط,shwaat,shawwaat,False,7,6,0-9,0-9,levanti_harakat_prediction
لُوْلُب,loolab,loolib,False,7,6,0-9,0-9,levanti_harakat_prediction
تَوَغْوش,twaghwash,twaghwash,True,8,9,0-9,0-9,levanti_harakat_prediction
فَقِّس,faqis,faqqis,False,6,5,0-9,0-9,levanti_harakat_prediction
فُوت,fuut,fawwit,False,4,4,0-9,0-9,levanti_harakat_prediction
تَشْرِيح,tashrii7,tashrii7,True,8,8,0-9,0-9,levanti_harakat_prediction
يِنفِرِم,yinfirim,yinfirim,True,8,8,0-9,0-9,levanti_harakat_prediction
أَوْفِيَاء,2awfiyaa2,2awfiyaa2,True,10,9,10-19,0-9,levanti_harakat_prediction
اِنْسَفَق,2insafiq,2insafaq,False,9,8,0-9,0-9,levanti_harakat_prediction
حَرِيم,7rayyim,7ariim,False,6,7,0-9,0-9,levanti_harakat_prediction
يِغَلِّف,yghallif,yghallif,True,8,8,0-9,0-9,levanti_harakat_prediction
زَرْزَر,zarzirr,zarzir,False,7,7,0-9,0-9,levanti_harakat_prediction
قَزَايِز,qazaayiz,qazaayiz,True,8,8,0-9,0-9,levanti_harakat_prediction
اِسْتَحْلَف,2ista7laf,2ista7lif,False,11,9,10-19,0-9,levanti_harakat_prediction
خَيْل,kheel,khayyil,False,5,5,0-9,0-9,levanti_harakat_prediction
قَرْقَر,qarqar,qarqir,False,7,6,0-9,0-9,levanti_harakat_prediction
تْطَوَّع,2ittawwa3,ttatawwu3,False,8,9,0-9,0-9,levanti_harakat_prediction
يْفَلْفِل,yfalfil,yfalfil,True,9,7,0-9,0-9,levanti_harakat_prediction
اِتْجَرْجَر,2itjarjar,2itjarjar,True,11,9,10-19,0-9,levanti_harakat_prediction
اِحْوَيّ,2i7wi,2i7wi,True,8,5,0-9,0-9,levanti_harakat_prediction
مِنْوِي,manawi,minwi,False,7,6,0-9,0-9,levanti_harakat_prediction
عِنَبَة,3inbe,3inbe,True,7,5,0-9,0-9,levanti_harakat_prediction
فِعَل,fa33al,fa33il,False,5,6,0-9,0-9,levanti_harakat_prediction
ازْعُط,2iz3at,2iz3at,True,6,6,0-9,0-9,levanti_harakat_prediction
هَيّْم,hiim,hayyim,False,6,4,0-9,0-9,levanti_harakat_prediction
تْسَرْمِج,tsarmadj,tsarmaj,False,9,8,0-9,0-9,levanti_harakat_prediction
اِحْتَاج,2i7taaj,2i7taaj,True,8,7,0-9,0-9,levanti_harakat_prediction
كَاهِن,kaahin,kaahin,True,6,6,0-9,0-9,levanti_harakat_prediction
يِتْلَقَّن,yitlaqqan,yitlaqqan,True,10,9,10-19,0-9,levanti_harakat_prediction
مِحْيِي,m7ayyi,ma7i,False,7,6,0-9,0-9,levanti_harakat_prediction
تِحْضَر,t7addar,t7addar,True,7,7,0-9,0-9,levanti_harakat_prediction
سَجَد,sajad,sajjad,False,5,5,0-9,0-9,levanti_harakat_prediction
اِتْدَخْمِس,2iddakhmas,2iddakhmas,True,11,10,10-19,10-19,levanti_harakat_prediction
يِغْفَى,yighfa,yighfa,True,7,6,0-9,0-9,levanti_harakat_prediction
اِتْلَاشَى,2itlaasha,2itlaasha,True,10,9,10-19,0-9,levanti_harakat_prediction
اِتْجَنَّد,2itjannad,2itjannad,True,10,9,10-19,0-9,levanti_harakat_prediction
قَرْنَبِيط,qarnabiit,qarnabiit,True,10,9,10-19,0-9,levanti_harakat_prediction
سَاحِل,saa7il,saa7il,True,6,6,0-9,0-9,levanti_harakat_prediction
اِتْكَمْكَر,2itshamtshar,2itkamkar,False,11,12,10-19,10-19,levanti_harakat_prediction
شْمَّام,shummaam,shammaam,False,7,8,0-9,0-9,levanti_harakat_prediction
اكْمِر,2ukmur,2ukmur,True,6,6,0-9,0-9,levanti_harakat_prediction
قِنْش,qkannash,qannish,False,5,8,0-9,0-9,levanti_harakat_prediction
خِلَال,khilaal,khilaal,True,6,7,0-9,0-9,levanti_harakat_prediction
أَرْكَن,2arkan,2arkan,True,7,6,0-9,0-9,levanti_harakat_prediction
لَادِد,laadid,laadid,True,6,6,0-9,0-9,levanti_harakat_prediction
ارْكِنّ,2irkun,2irkin,False,7,6,0-9,0-9,levanti_harakat_prediction
يْشَاوِر,yshaawir,yshaawir,True,8,8,0-9,0-9,levanti_harakat_prediction
غَلَبِة,ghalabe,ghalbe,False,7,7,0-9,0-9,levanti_harakat_prediction
هَفْهْفِة,hafhafe,hafhafe,True,9,7,0-9,0-9,levanti_harakat_prediction
جَوّ,jaww,jaww,True,4,4,0-9,0-9,levanti_harakat_prediction
بْرَاطِش,baraatish,baraatish,True,8,9,0-9,0-9,levanti_harakat_prediction
لَآخِر نَفِس,la2aakhir nafas,laakhir nafas,False,12,15,10-19,10-19,levanti_harakat_prediction
اِنْكَسَح,2inkisi7,2inkasa7,False,9,8,0-9,0-9,levanti_harakat_prediction
منْحَلّ,mun7all,mna77il,False,7,7,0-9,0-9,levanti_harakat_prediction
لُوْج,looj,lawwaj,False,5,4,0-9,0-9,levanti_harakat_prediction
فَرق,farraq,farriq,False,4,6,0-9,0-9,levanti_harakat_prediction
زَابِن,zaabin,zaabin,True,6,6,0-9,0-9,levanti_harakat_prediction
مِقْتَنِع,miqtini3,mqatni3,False,9,8,0-9,0-9,levanti_harakat_prediction
يْهَدِّد وْيِرْعُد,yhaddid wuyir3id,y3add duuhiro,False,18,16,10-19,10-19,levanti_harakat_prediction
اِسْهَال,2ishaal,2ishaal,True,8,7,0-9,0-9,levanti_harakat_prediction
فَرَاشِة,faraasha,faraashe,False,8,8,0-9,0-9,levanti_harakat_prediction
نَظَائِر,nadhaa2ir,nazaa2ir,False,8,9,0-9,0-9,levanti_harakat_prediction
يِتْلَقَّح,yitlaqqa7,yitlaqqa7,True,10,9,10-19,0-9,levanti_harakat_prediction
مِتَدَرِّب,middarib,middarrib,False,10,8,10-19,0-9,levanti_harakat_prediction
طَبْخِة,tabkha,tabkhe,False,7,6,0-9,0-9,levanti_harakat_prediction
يِنْفُر,ynaffir,yinfur,False,7,7,0-9,0-9,levanti_harakat_prediction
زْرَاق,zaraaq,zraaq,False,6,6,0-9,0-9,levanti_harakat_prediction
تَدَرْوَش,2iddarwash,2iddarwash,True,9,10,0-9,10-19,levanti_harakat_prediction
يِنلِسِع,yinlisi3,yinlisi3,True,8,8,0-9,0-9,levanti_harakat_prediction
فَهْقَة,fahqa,fahqa,True,7,5,0-9,0-9,levanti_harakat_prediction
جَوَارِيْر,jawaariir,jawaariir,True,10,9,10-19,0-9,levanti_harakat_prediction
كَذَا,kaza,kaza,True,5,4,0-9,0-9,levanti_harakat_prediction
تْبَزْلط,tbazlat,tbazlat,True,8,7,0-9,0-9,levanti_harakat_prediction
جَرْدَم,jardim,jardam,False,7,6,0-9,0-9,levanti_harakat_prediction
ضَيّْقَة,diiqadii2a,dayyaqa,False,8,10,0-9,10-19,levanti_harakat_prediction
قَلْبِي قَامِصْنِي,qalbi qaamisni,qalbi qaaniim,False,18,14,10-19,10-19,levanti_harakat_prediction
اِنْتَعَش,2inta3ash,2inti3ish,False,9,9,0-9,0-9,levanti_harakat_prediction
مِخشَّب,mkhashshib,mkhashshib,True,7,10,0-9,10-19,levanti_harakat_prediction
جِلْبَاطُو,djulbaatuu,jilbaato,False,10,10,10-19,10-19,levanti_harakat_prediction
كِذِب,kazzabkadhdhab,kazab,False,5,14,0-9,10-19,levanti_harakat_prediction
بَعْبَع,ba3ba3,ba3bi3,False,7,6,0-9,0-9,levanti_harakat_prediction
مَاسِح,maasi7,maasi7,True,6,6,0-9,0-9,levanti_harakat_prediction
اكْبَر,2ikbar,2ikbar,True,6,6,0-9,0-9,levanti_harakat_prediction
أَنَا أَمِيْر وِاِنْت أَمِيْر وْمِيْن سُوَّاق الحِمِير,2ana 2amiir winta 2amiir wumiin sawwaaq 2il7amiir,2anaam 2imraay wun 2ilqur mi yin wusirrimi min 7imin wimin wimin 2irrrr,False,54,49,50-59,40-49,levanti_harakat_prediction
يِتْعَرْقَص,yit3arqas,yit3arqas,True,11,9,10-19,0-9,levanti_harakat_prediction
مْكَاْيَدِة,mkaayade,mkaayade,True,11,8,10-19,0-9,levanti_harakat_prediction
حُوْر,7awwir,7awwir,True,5,6,0-9,0-9,levanti_harakat_prediction
غفُور,ghafuur,ghufuur,False,5,7,0-9,0-9,levanti_harakat_prediction
اِتْخَصَّص,2itkhassas,2itkhassas,True,10,10,10-19,10-19,levanti_harakat_prediction
حَسْبُن,7asban,7asban,True,7,6,0-9,0-9,levanti_harakat_prediction
اِصْلَب,2uslub,2islab,False,7,6,0-9,0-9,levanti_harakat_prediction
يِنْجِغِم,yinjighim,yinjighim,True,9,9,0-9,0-9,levanti_harakat_prediction
مْخَلَّط,mkhallat,mkhallit,False,8,8,0-9,0-9,levanti_harakat_prediction
مْكَمْكَر,mtshamtshar,mkamkir,False,9,11,0-9,10-19,levanti_harakat_prediction
بُرْتُقَال أَبُو سُرَّة,burtuqaal 2abu surra,burtuqa 2il2abuus rra,False,23,20,20-29,20-29,levanti_harakat_prediction
اِتُوكَل,2itwakkal,2itwakkal,True,8,9,0-9,0-9,levanti_harakat_prediction
سَعو,sa3aw,sa3waw,False,4,5,0-9,0-9,levanti_harakat_prediction
هَيْل,hiil,hayyil,False,5,4,0-9,0-9,levanti_harakat_prediction
اِنْتَسَى,2intasa,2intasa,True,9,7,0-9,0-9,levanti_harakat_prediction
مِشِط عَظِم,mushut 3adim,misht 3adam,False,11,12,10-19,10-19,levanti_harakat_prediction
وَرْدِة,warde,warde,True,7,5,0-9,0-9,levanti_harakat_prediction
وَضَح,waddi7,waddi7,True,5,6,0-9,0-9,levanti_harakat_prediction
عَيْنَيْه بِيْقدْحِن عَلَيْه,3inee biqda7in 3alee,3eenhi bil7ee daqni,False,28,20,20-29,20-29,levanti_harakat_prediction
اِشْطَبّ,2ishtub,2ushtub,False,8,7,0-9,0-9,levanti_harakat_prediction
يَلِيق,yliiq,yliiq,True,6,5,0-9,0-9,levanti_harakat_prediction
اِنْفَرَض,2infirid,2infarad,False,9,8,0-9,0-9,levanti_harakat_prediction
شَاعُوْب,shaa3uub,shaa3uub,True,8,8,0-9,0-9,levanti_harakat_prediction
يِسِف,ysiff,ysiff,True,5,5,0-9,0-9,levanti_harakat_prediction
فَغَم,fagham,faghgham,False,5,6,0-9,0-9,levanti_harakat_prediction
تِذْبَح,tdabba7,tdabba7,True,7,7,0-9,0-9,levanti_harakat_prediction
جِنَط,jannit,jannat,False,5,6,0-9,0-9,levanti_harakat_prediction
اِنْصَهَر,2insihir,2insahar,False,9,8,0-9,0-9,levanti_harakat_prediction
اِتْبَكَلْش,2itbaklash,2itbaklash,True,11,10,10-19,10-19,levanti_harakat_prediction
زْنَاخَة,zanaakha,znaakha,False,8,8,0-9,0-9,levanti_harakat_prediction
اهْرُب,2uhrub,2uhrub,True,6,6,0-9,0-9,levanti_harakat_prediction
فَشَّى,fasha,fashsha,False,6,5,0-9,0-9,levanti_harakat_prediction
مَزْرَِب,mizrab,mzarrib,False,8,6,0-9,0-9,levanti_harakat_prediction
مْسَفَّح,msaffi7,msaffa7,False,8,7,0-9,0-9,levanti_harakat_prediction
درّون,darwin,darwan,False,5,6,0-9,0-9,levanti_harakat_prediction
ثقب,thaqkab,thuqkub,False,3,7,0-9,0-9,levanti_harakat_prediction
يِتْحَلَّى,yit7alla,yit7alla,True,10,8,10-19,0-9,levanti_harakat_prediction
مَحْمَاس,mi7maas,ma7maas,False,8,7,0-9,0-9,levanti_harakat_prediction
شَرْقَة,sharqa,sharqa,True,7,6,0-9,0-9,levanti_harakat_prediction
قُبُص,qabbis,qabbis,True,5,6,0-9,0-9,levanti_harakat_prediction
عالأَخِير,3al2akhiir,2alakhiir,False,9,10,0-9,10-19,levanti_harakat_prediction
مُبَارَك,mbaarik,mubaarak,False,8,7,0-9,0-9,levanti_harakat_prediction
اِنْقَهَر,2inqahar,2inqahar,True,9,8,0-9,0-9,levanti_harakat_prediction
اِتْدَّوَّش,2iddawwash,2iddawwash,True,11,10,10-19,10-19,levanti_harakat_prediction
مُوَّل,mawwil,muul,False,6,6,0-9,0-9,levanti_harakat_prediction
لِهْلب,lahlib,lahlab,False,6,6,0-9,0-9,levanti_harakat_prediction
اِجرَيْن,2ijriin,2ijreen,False,8,7,0-9,0-9,levanti_harakat_prediction
عُمْرَة,3umra,3umra,True,7,5,0-9,0-9,levanti_harakat_prediction
اِتْبَرَّج,2itbarraj,2itbarraj,True,10,9,10-19,0-9,levanti_harakat_prediction
يِتْشَارَع,yitshaara3,yitshaara3,True,10,10,10-19,10-19,levanti_harakat_prediction
لحُّوح,la7uu7,l7uu7,False,6,6,0-9,0-9,levanti_harakat_prediction
أَزْمِة مَالِيِّة,2azme maaliyye,2azme maaliyye,True,17,14,10-19,10-19,levanti_harakat_prediction
قَهْوَجِي,qahwaji,qahwadji,False,9,7,0-9,0-9,levanti_harakat_prediction
مَكُوبَِج,mkoobij,mkoobij,True,9,7,0-9,0-9,levanti_harakat_prediction
بَدَل,badal,baddil,False,5,5,0-9,0-9,levanti_harakat_prediction
مْشَلَّح,mshalla7,mshalla7,True,8,8,0-9,0-9,levanti_harakat_prediction
يْعَقِّد,yi3qid,y3aqqid,False,8,6,0-9,0-9,levanti_harakat_prediction
يِنْضَغِط,yindaghit,yindighit,False,9,9,0-9,0-9,levanti_harakat_prediction
أَهْلا وْسَهْلا,2ahlan wa sahlan,2ahl 2iswaal,False,15,16,10-19,10-19,levanti_harakat_prediction
طَفْرَان,tafraan,tafraan,True,8,7,0-9,0-9,levanti_harakat_prediction
بَعِر,ba3ir,ba33ir,False,5,5,0-9,0-9,levanti_harakat_prediction
ضَيِّق,dayyiqdayyi2,dayyiqdayyyyi2,False,6,12,0-9,10-19,levanti_harakat_prediction
مِسَّلِّي,musalli,masalli,False,9,7,0-9,0-9,levanti_harakat_prediction
كَحْيَان,ka7yaan,ka7yaan,True,8,7,0-9,0-9,levanti_harakat_prediction
دِينَار,diinaar,diinaar,True,7,7,0-9,0-9,levanti_harakat_prediction
كلِم,kallim,kallam,False,4,6,0-9,0-9,levanti_harakat_prediction
اِيْدُه والْكَفّ,2iido wil 2ilkaff,2iido 2ilkoof,False,16,17,10-19,10-19,levanti_harakat_prediction
شَيْطَان,shiitaan,shaytaan,False,8,8,0-9,0-9,levanti_harakat_prediction
حَفَِر,7ufar,7affir,False,6,5,0-9,0-9,levanti_harakat_prediction
عِرِف,3irif,3arrif,False,5,5,0-9,0-9,levanti_harakat_prediction
اللي مَالُه حَظّ لَايِتْعَب وَلَا يِشْقَى,2illi maalo 7az laa yit3ab wala yishqa,2illi maa 2illa biqqqa 3alla wa duusha7a biilla ta,False,41,38,40-49,30-39,levanti_harakat_prediction
يِصْعَب,yis3ab,ysa33ib,False,7,6,0-9,0-9,levanti_harakat_prediction
اِفْطَار,2iftaar,2iftaar,True,8,7,0-9,0-9,levanti_harakat_prediction
اِنْفَلَق,2infalaq,2infiliq,False,9,8,0-9,0-9,levanti_harakat_prediction
مْسَلَّغ,masligh,msalligh,False,8,7,0-9,0-9,levanti_harakat_prediction
اِحْتَقَن,2i7taqan,2i7taqan,True,9,8,0-9,0-9,levanti_harakat_prediction
وَزَم,wazzam,wazzim,False,5,6,0-9,0-9,levanti_harakat_prediction
ارْشِي,2irshi,2irshi,True,6,6,0-9,0-9,levanti_harakat_prediction
اِنْحَسَد,2in7asad,2in7asad,True,9,8,0-9,0-9,levanti_harakat_prediction
تَرْخِيص,tarkhiis,tarkhiis,True,8,8,0-9,0-9,levanti_harakat_prediction
صِبْيَان,sibyaan,sbeena,False,8,7,0-9,0-9,levanti_harakat_prediction
زَنْبِيل,zambiil,zanbiil,False,8,7,0-9,0-9,levanti_harakat_prediction
هَجِين,hajiin,hajiin,True,6,6,0-9,0-9,levanti_harakat_prediction
اِتْعَهَّد,2it3ahhad,2it3ahhad,True,10,9,10-19,0-9,levanti_harakat_prediction
مِغِيب,mughayyib,maghyib,False,6,9,0-9,0-9,levanti_harakat_prediction
يِسْقِف,ysaqqif,yisqif,False,7,7,0-9,0-9,levanti_harakat_prediction
بَلْطَلُون,baltaloon,baltuun,False,10,9,10-19,0-9,levanti_harakat_prediction
تْكَشَّح,tkashsha7,tkashsha7,True,8,9,0-9,0-9,levanti_harakat_prediction
مَجْرَى الْمَيّ,majra 2ilmayy,majra 2ilmayy,True,15,13,10-19,10-19,levanti_harakat_prediction
مُسْتَجَاب,mustajaab,mustajaab,True,10,9,10-19,0-9,levanti_harakat_prediction
يْهَفْهِف,yhafhif,yhafhif,True,9,7,0-9,0-9,levanti_harakat_prediction
اِتْمَرْقِط,2itmarqat,2itmarqat,True,11,9,10-19,0-9,levanti_harakat_prediction
بِيْوَاسِي بْحَالُه,biwaasi b7aalo,byiwaasi bi7alo,False,19,14,10-19,10-19,levanti_harakat_prediction
مْجَاوِر,mjaawir,mjaawir,True,8,7,0-9,0-9,levanti_harakat_prediction
كلّ,kall,kill,False,3,4,0-9,0-9,levanti_harakat_prediction
فَشَّار,fashshaar,fashshaar,True,7,9,0-9,0-9,levanti_harakat_prediction
شُو جَاب الغُرَاب لَإِمُّه,shuu jaab 2ilghuraab lammo,shuu jaab 2ilghurab maalo,False,26,26,20-29,20-29,levanti_harakat_prediction
يِرْتكِن,yirtikin,yirtikin,True,8,8,0-9,0-9,levanti_harakat_prediction
زَايِغ,zaayigh,zaayigh,True,6,7,0-9,0-9,levanti_harakat_prediction
فقّش,faqash,faqqash,False,4,6,0-9,0-9,levanti_harakat_prediction
كَعْكُوْز,ka3kuuz,ka3kuuz,True,9,7,0-9,0-9,levanti_harakat_prediction
عَصِم,3assam,3assim,False,5,6,0-9,0-9,levanti_harakat_prediction
يِلْحَق,yil7aq,yil7aq,True,7,6,0-9,0-9,levanti_harakat_prediction
أَعْدَم,2a3dam,2a3dam,True,7,6,0-9,0-9,levanti_harakat_prediction
عَاب,3aab,3aab,True,4,4,0-9,0-9,levanti_harakat_prediction
مْضَايِق,mdaayiq,mdaayiq,True,8,7,0-9,0-9,levanti_harakat_prediction
انْمَغَج,2inmighidj,2inmighidj,True,8,10,0-9,10-19,levanti_harakat_prediction
زَرْقُن,zargin,zargan,False,7,6,0-9,0-9,levanti_harakat_prediction
رَطْرَط,ratrat,ratrat,True,7,6,0-9,0-9,levanti_harakat_prediction
كُتُب,katab,kattib,False,5,5,0-9,0-9,levanti_harakat_prediction
كِمِد,tshammad,kamad,False,5,8,0-9,0-9,levanti_harakat_prediction
زَيْبَار,ziibaar,zeebaar,False,8,7,0-9,0-9,levanti_harakat_prediction
فَال الله ولَا فَالَك,faal 2alla wala faalak,faalla 2ila kalaw,False,21,22,20-29,20-29,levanti_harakat_prediction
نَاقِش,naaqash,naaqish,False,6,7,0-9,0-9,levanti_harakat_prediction
يِتْنَمْرَد,yitnamrad,yitnamrad,True,11,9,10-19,0-9,levanti_harakat_prediction
كَاسِة,kaase,kaase,True,6,5,0-9,0-9,levanti_harakat_prediction
تحَالَى,t7aalaa,t7aala,False,7,7,0-9,0-9,levanti_harakat_prediction
اِسْتَجوَز,2istajwiz,2istajwiz,True,10,9,10-19,0-9,levanti_harakat_prediction
شَرْشُوح,sharshuu7,sharshuu7,True,8,9,0-9,0-9,levanti_harakat_prediction
كَبَّاس,kabbaas,kabbaas,True,7,7,0-9,0-9,levanti_harakat_prediction
يِنْزوِي,yinziwi,yinziwi,True,8,7,0-9,0-9,levanti_harakat_prediction
الخَيْر عَالخَيْر,2ilkheer 3alkheer,2ilkheer 3aleer,False,17,17,10-19,10-19,levanti_harakat_prediction
بَدَاعَة,baddaa3a,badaa3a,False,8,8,0-9,0-9,levanti_harakat_prediction
حَالِي,7aali,7aali,True,6,5,0-9,0-9,levanti_harakat_prediction
يِنْبض,yunbud,yinbud,False,6,6,0-9,0-9,levanti_harakat_prediction
هَيْبِة,heebe,hiibe,False,7,5,0-9,0-9,levanti_harakat_prediction
اِشْهَق,2ishhaq,2ishhaq,True,7,7,0-9,0-9,levanti_harakat_prediction
مَثَل,masal,massal,False,5,5,0-9,0-9,levanti_harakat_prediction
دَرَابِيل,darabiil,daraabiil,False,9,8,0-9,0-9,levanti_harakat_prediction
مَسْلُوْق,msalwi2,masluuq,False,9,7,0-9,0-9,levanti_harakat_prediction
الْيَوْم,2ilyoom,2ilyoom,True,8,7,0-9,0-9,levanti_harakat_prediction
يِتْعَس,yit3as,yit3as,True,7,6,0-9,0-9,levanti_harakat_prediction
يْؤَيِّد,y2ayyid,y2ayyid,True,8,7,0-9,0-9,levanti_harakat_prediction
شَللِيِّة,shilaliyye,shalliyye,False,9,10,0-9,10-19,levanti_harakat_prediction
يَدَّيْن,ydiin,ydayyin,False,8,5,0-9,0-9,levanti_harakat_prediction
تْعَطَّر,t3attar,t3attar,True,8,7,0-9,0-9,levanti_harakat_prediction
اِنْقَرَض,2inqirid,2inqarad,False,9,8,0-9,0-9,levanti_harakat_prediction
كلّ,kull,kill,False,3,4,0-9,0-9,levanti_harakat_prediction
جِيب,jiib,jayyab,False,4,4,0-9,0-9,levanti_harakat_prediction
تَبْنِي,tabanni,tabni,False,7,7,0-9,0-9,levanti_harakat_prediction
يِلْهَج,yilhaj,yilhadj,False,7,6,0-9,0-9,levanti_harakat_prediction
طَافُور,taafuur,taafuur,True,7,7,0-9,0-9,levanti_harakat_prediction
إِوْلَاد,2iwlaad,2iwlaad,True,8,7,0-9,0-9,levanti_harakat_prediction
أَعْضَاء,2a3daa2,2a3daa2,True,8,7,0-9,0-9,levanti_harakat_prediction
مَنَّمْنُم,mnamnim,mnamman,False,10,7,10-19,0-9,levanti_harakat_prediction
كعى,ka3a,ka33a,False,3,4,0-9,0-9,levanti_harakat_prediction
اِسْتَضْعَف,2istad3af,2istad3if,False,11,9,10-19,0-9,levanti_harakat_prediction
يِسْفَح,yisfa7,yisfa7,True,7,6,0-9,0-9,levanti_harakat_prediction
اِنْبَطَح,2inbata7,2inbata7,True,9,8,0-9,0-9,levanti_harakat_prediction
ذَمّ,zamm,zimm,False,4,4,0-9,0-9,levanti_harakat_prediction
حَيِّي,7iyi,7ayyi,False,6,4,0-9,0-9,levanti_harakat_prediction
فَتَح بْرَاسُه شَارِع,fata7 braaso shaari3,fata7ib raasha3o,False,21,20,20-29,20-29,levanti_harakat_prediction
شُحَّاذ و مْشَرِّط,sha77aad wimsharrit,sha77aad wimshur turash,False,18,19,10-19,10-19,levanti_harakat_prediction
خُبِز وْمِلِح,khubz wumili7,khubiz wilmi7,False,13,13,10-19,10-19,levanti_harakat_prediction
قَامَت الغَثْبَرَة,qaamat 2ilghathbara,qaamit 2ilghabara,False,18,19,10-19,10-19,levanti_harakat_prediction
يِخْتَار,yikhtaar,yikhtaar,True,8,8,0-9,0-9,levanti_harakat_prediction
شَوْفِة,shoofe,shoofe,True,7,6,0-9,0-9,levanti_harakat_prediction
يِلْعَن,yla33in,yil3an,False,7,7,0-9,0-9,levanti_harakat_prediction
موْقِّن,muuqin,mwaqqin,False,7,6,0-9,0-9,levanti_harakat_prediction
تْبَخِّن,tbakhkhan,tbakhkhan,True,8,9,0-9,0-9,levanti_harakat_prediction
هِنْدِي,hindi,handi,False,7,5,0-9,0-9,levanti_harakat_prediction
كِشِش,kashshish,kashshish,True,5,9,0-9,0-9,levanti_harakat_prediction
مَقْصُوْد,maqsuud,maqsuud,True,9,7,0-9,0-9,levanti_harakat_prediction
سَفْرجِي,sufraji,safarji,False,8,7,0-9,0-9,levanti_harakat_prediction
قُوقِز,kookaz,qooqiz,False,6,6,0-9,0-9,levanti_harakat_prediction
إِجْبِد,2ijbid,2ijbid,True,7,6,0-9,0-9,levanti_harakat_prediction
كُرّ,kurr,kurr,True,4,4,0-9,0-9,levanti_harakat_prediction
يَقْلِز,yi2luz,yqalliz,False,7,6,0-9,0-9,levanti_harakat_prediction
كْتِيب,kutayyib,ktiib,False,6,8,0-9,0-9,levanti_harakat_prediction
طَلْطَل,taltal,taltil,False,7,6,0-9,0-9,levanti_harakat_prediction
يِتْبَكْبَك,yibakbak,yitbakbak,False,11,8,10-19,0-9,levanti_harakat_prediction
وطرَز,watriz,watraz,False,5,6,0-9,0-9,levanti_harakat_prediction
قِطِر,qatar,qattar,False,5,5,0-9,0-9,levanti_harakat_prediction
تْدَارِك,2iddaarak,2iddaarak,True,8,9,0-9,0-9,levanti_harakat_prediction
مْوَاْخَذِة,mwaakhaze,mwaakhaze,True,11,9,10-19,0-9,levanti_harakat_prediction
اِتْتَلَمَّذ,2ittalmaz,2itzallam,False,12,9,10-19,0-9,levanti_harakat_prediction
شَاشِة,shaashe,shaashe,True,6,7,0-9,0-9,levanti_harakat_prediction
أَذْوَاق,2azwaaq,2adwaaq,False,8,7,0-9,0-9,levanti_harakat_prediction
مْهَلْهَل,mhalhal,mhalhal,True,9,7,0-9,0-9,levanti_harakat_prediction
اِتْفَلُوْت,2itfalwat,2itfalwat,True,11,9,10-19,0-9,levanti_harakat_prediction
اِتْشَاطَر,2itshaatar,2itshaatar,True,10,10,10-19,10-19,levanti_harakat_prediction
يِتْفَعَّص,yitfa33as,yitfa33as,True,10,9,10-19,0-9,levanti_harakat_prediction
طَفش,taffish,taffish,True,4,7,0-9,0-9,levanti_harakat_prediction
يِلِحّ,yli77,yli77,True,6,5,0-9,0-9,levanti_harakat_prediction
يِنْحَلِب,yin7ilib,yin7ilib,True,9,8,0-9,0-9,levanti_harakat_prediction
اِفْتَرَس,2iftiris,2iftaras,False,9,8,0-9,0-9,levanti_harakat_prediction
يِتْدَارَى,yiddaara,yiddaara,True,10,8,10-19,0-9,levanti_harakat_prediction
دخْمس,dakhmis,dakhmas,False,5,7,0-9,0-9,levanti_harakat_prediction
نصَاب,nassaab,nasaab,False,5,7,0-9,0-9,levanti_harakat_prediction
مِهْنِة,mihne,mihne,True,7,5,0-9,0-9,levanti_harakat_prediction
دُوْبِل,doobal,doobil,False,7,6,0-9,0-9,levanti_harakat_prediction
اِدْمَع,2idma3,2idma3,True,7,6,0-9,0-9,levanti_harakat_prediction
جَرَافَة,jarraafe,jaraafe,False,8,8,0-9,0-9,levanti_harakat_prediction
تْهَنْدز,thandaz,thandaz,True,8,7,0-9,0-9,levanti_harakat_prediction
مُنْتَج,muntij,muntaj,False,7,6,0-9,0-9,levanti_harakat_prediction
مورْتِش,mwartish,mwartish,True,7,8,0-9,0-9,levanti_harakat_prediction
تْغَمْغَم,tghamgham,tghamgham,True,9,9,0-9,0-9,levanti_harakat_prediction
اِحْفَظ,2i7faz,2i7fiz,False,7,6,0-9,0-9,levanti_harakat_prediction
اِتْكَحَل,2itka77al,2itka77al,True,9,9,0-9,0-9,levanti_harakat_prediction
خِلْقُه ضَيِّق,khulqo diyyiq,khilqo dayyiq,False,14,13,10-19,10-19,levanti_harakat_prediction
مَرِض,mirid,marrid,False,5,5,0-9,0-9,levanti_harakat_prediction
يِتْنَابِز,yitnaabaz,yitnaabaz,True,10,9,10-19,0-9,levanti_harakat_prediction
كَسَل,kasal,kassal,False,5,5,0-9,0-9,levanti_harakat_prediction
عَظم,3azzam,3addim,False,4,6,0-9,0-9,levanti_harakat_prediction
مَهِر,mahir,mahhir,False,5,5,0-9,0-9,levanti_harakat_prediction
اللي بِيصْعب عَلِيْك بِيفَقّْرَك,2illi byis3ab 3aleek byifqirak,2illi byi3asb kurq lafi,False,32,30,30-39,30-39,levanti_harakat_prediction
اِتْحَجَّر,2it7ajjar,2it7ajjar,True,10,9,10-19,0-9,levanti_harakat_prediction
دَوْشَقَة,dooshaqka,dooshaqa,False,9,9,0-9,0-9,levanti_harakat_prediction
دِبْسِيِّة,dibsiyye,dabsiyye,False,10,8,10-19,0-9,levanti_harakat_prediction
سَعِد السْعُود,sa3ad 2is3uud,sa3id 2issa3wad,False,14,13,10-19,10-19,levanti_harakat_prediction
لَوْك,luukg,lawwak,False,5,5,0-9,0-9,levanti_harakat_prediction
رَكِع,raka3,rakki3,False,5,5,0-9,0-9,levanti_harakat_prediction
ثَرْثَرَة,sarsara,sarsara,True,9,7,0-9,0-9,levanti_harakat_prediction
مَحو أُمّيَِّة,ma7u 2ummiyye,ma7u 2umiyye,False,14,13,10-19,10-19,levanti_harakat_prediction
يِتْشَرَّد,yitsharrad,yitsharrad,True,10,10,10-19,10-19,levanti_harakat_prediction
حُطّ الحِزِن بِالجُرُن,7att 2il7uzun bildjurun,7att 2il7uzun biljur,False,22,23,20-29,20-29,levanti_harakat_prediction
صُوْعَان,suu3aan,suu3aan,True,8,7,0-9,0-9,levanti_harakat_prediction
يَنْشُر,ynashshir,yinsharr,False,7,9,0-9,0-9,levanti_harakat_prediction
عَضْعَض,3ad3ad,3ad3id,False,7,6,0-9,0-9,levanti_harakat_prediction
يْصِيْغ,ysiigh,ysiigh,True,7,6,0-9,0-9,levanti_harakat_prediction
دُِبِل,dabbal,dabbil,False,6,6,0-9,0-9,levanti_harakat_prediction
تْدَبَّر,2iddabbar,2iddabbar,True,8,9,0-9,0-9,levanti_harakat_prediction
جَبِّب,djibab,jabbib,False,6,6,0-9,0-9,levanti_harakat_prediction
مَحْسُوم,ma7suummakhsuum,ma7suum,False,8,15,0-9,10-19,levanti_harakat_prediction
اِتْغَطَس,2itghattas,2itghattas,True,9,10,0-9,10-19,levanti_harakat_prediction
اَعْصَى,2i3sa,2i3sa,True,7,5,0-9,0-9,levanti_harakat_prediction
طنْطف,tantaf,tantif,False,5,6,0-9,0-9,levanti_harakat_prediction
فَِضِل,faddil,faddil,True,6,6,0-9,0-9,levanti_harakat_prediction
كَرْكَر,tshartshar,karkir,False,7,10,0-9,10-19,levanti_harakat_prediction
صَمِد,sammad,sammid,False,5,6,0-9,0-9,levanti_harakat_prediction
عَرْجَا,3arja,3arja,True,7,5,0-9,0-9,levanti_harakat_prediction
كَرمش,karmish,karmish,True,5,7,0-9,0-9,levanti_harakat_prediction
تُبْكُم,tbakkam,tbakkam,True,7,7,0-9,0-9,levanti_harakat_prediction
ترَقَّق,traqqaq,traqqaq,True,7,7,0-9,0-9,levanti_harakat_prediction
مِسْتَعْصِي,musta3si,mista3si,False,11,8,10-19,0-9,levanti_harakat_prediction
مْزَيَّف,muzayyaf,mzayyif,False,8,8,0-9,0-9,levanti_harakat_prediction
تْخَرْبِش,tkharbash,tkharbash,True,9,9,0-9,0-9,levanti_harakat_prediction
حَزْمِة,7uzme,7azme,False,7,5,0-9,0-9,levanti_harakat_prediction
هَات,haat,haat,True,4,4,0-9,0-9,levanti_harakat_prediction
لَيْستُه,leesta,leesto,False,8,6,0-9,0-9,levanti_harakat_prediction
شَوْب,shawwib,shoob,False,5,7,0-9,0-9,levanti_harakat_prediction
يْهَجِّج,yhadjdjidj,yhadjdjidj,True,8,10,0-9,10-19,levanti_harakat_prediction
يلَفِّع,ylaffi3,ylaffi3,True,7,7,0-9,0-9,levanti_harakat_prediction
فتّ,fatt,fitt,False,3,4,0-9,0-9,levanti_harakat_prediction
رُهْبَانِي,rahbaani,ruhbaani,False,10,8,10-19,0-9,levanti_harakat_prediction
تَنُّورَة,tannuura,tannuura,True,9,8,0-9,0-9,levanti_harakat_prediction
سَخْمَط,sakhmat,sakhmit,False,7,7,0-9,0-9,levanti_harakat_prediction
افْلَج,2iflij,2iflij,True,6,6,0-9,0-9,levanti_harakat_prediction
يُضْبُط,yzabbit,yidbut,False,7,7,0-9,0-9,levanti_harakat_prediction
رَئِيس,ra2iis,ra2iis,True,6,6,0-9,0-9,levanti_harakat_prediction
ثَنى,tana,thanna,False,4,4,0-9,0-9,levanti_harakat_prediction
اِشْتَاق,2ishtaaq,2ishtaaq,True,8,8,0-9,0-9,levanti_harakat_prediction
مْهَرْبَج,mharbij,mharbaj,False,9,7,0-9,0-9,levanti_harakat_prediction
حَلُوْش,7alwish,7alwish,True,7,7,0-9,0-9,levanti_harakat_prediction
يِنِفهِم,yinfihim,yinfihim,True,8,8,0-9,0-9,levanti_harakat_prediction
سَمَاوِي,simmaawi,samaawi,False,8,8,0-9,0-9,levanti_harakat_prediction
سِتِت,sattat,sattit,False,5,6,0-9,0-9,levanti_harakat_prediction
لَحِم كْتَافِي مِن خَيْرَك,la7m ktaafi min kheerak,la7amak taaktiin fiirkhi,False,26,23,20-29,20-29,levanti_harakat_prediction
مُرْهِق,murhaq,murhaq,True,7,6,0-9,0-9,levanti_harakat_prediction
تَوَغَُّل,tawaghghul,twaghghal,False,9,10,0-9,10-19,levanti_harakat_prediction
مَمَاسِي,2immaasi,mamaasi,False,8,8,0-9,0-9,levanti_harakat_prediction
كَنْكُوْزِة,kankuuze,kankuuze,True,11,8,10-19,0-9,levanti_harakat_prediction
لَخِص,lakhkhas,lakhkhis,False,5,8,0-9,0-9,levanti_harakat_prediction
اسْتَنْقَص,2istanqis,2istanqas,False,10,9,10-19,0-9,levanti_harakat_prediction
خشُم,khashim,khashshim,False,4,7,0-9,0-9,levanti_harakat_prediction
يِغْشَم,yghashshim,yghashshim,True,7,10,0-9,10-19,levanti_harakat_prediction
كَنَاكِيز,kanaakiiz,kanaakiiz,True,9,9,0-9,0-9,levanti_harakat_prediction
مَغْرُوْم,maghruum,maghruum,True,9,8,0-9,0-9,levanti_harakat_prediction
يْغَالِي,yghaali,yghaali,True,8,7,0-9,0-9,levanti_harakat_prediction
قَلْقَان,qalaqaan,qalqaan,False,8,8,0-9,0-9,levanti_harakat_prediction
رَيْحَان,rii7aan,rii7aan,True,8,7,0-9,0-9,levanti_harakat_prediction
مْعَيَّن,mu3ayyan,m3ayyin,False,8,8,0-9,0-9,levanti_harakat_prediction
قَصِيْرَة,qassiire,qasiira,False,9,8,0-9,0-9,levanti_harakat_prediction
قبِح,qubu7,qabbi7,False,4,5,0-9,0-9,levanti_harakat_prediction
بِنَايِة,bannaaye,binaaye,False,8,8,0-9,0-9,levanti_harakat_prediction
اُرْقُص,2urqus,2irqus,False,7,6,0-9,0-9,levanti_harakat_prediction
إِعْوَج,2i3wadj,2i3waj,False,7,7,0-9,0-9,levanti_harakat_prediction
أَدْرُك,2adrak,2adrak,True,7,6,0-9,0-9,levanti_harakat_prediction
خَافِق,khaafa2,khaafiq,False,6,7,0-9,0-9,levanti_harakat_prediction
شَوَابَك,shawaabik,shawaabik,True,8,9,0-9,0-9,levanti_harakat_prediction
خَرْدَق,khardaq,khardiq,False,7,7,0-9,0-9,levanti_harakat_prediction
يِطِئ,yati2,yti2,False,5,5,0-9,0-9,levanti_harakat_prediction
حَيْح,7ayyi7,7ayyi7,True,5,6,0-9,0-9,levanti_harakat_prediction
تِسَطِّر,tsattar,tsattar,True,8,7,0-9,0-9,levanti_harakat_prediction
صَاحِب,saa7ib,saa7ib,True,6,6,0-9,0-9,levanti_harakat_prediction
اِحْتَجّ,2i7tajj,2i7taj,False,8,7,0-9,0-9,levanti_harakat_prediction
كَشَف,kashaf,kashshaf,False,5,6,0-9,0-9,levanti_harakat_prediction
قِيل,qayyil,qiil,False,4,6,0-9,0-9,levanti_harakat_prediction
يِبْتِسِم,yibtisim,yibtisim,True,9,8,0-9,0-9,levanti_harakat_prediction
سَاخِي,saakhi,saakhi,True,6,6,0-9,0-9,levanti_harakat_prediction
غَالَى,ghaala,ghaala,True,6,6,0-9,0-9,levanti_harakat_prediction
تَمْشِيط,tamshiit,tamshiit,True,8,8,0-9,0-9,levanti_harakat_prediction
جَرّ إِجْرُه,jarr 2ijro,jarr 2ijro,True,12,10,10-19,10-19,levanti_harakat_prediction
حَرْقَان,7araqaan,7arqaan,False,8,8,0-9,0-9,levanti_harakat_prediction
بَاذِنْجَانِة,baatinjaane,baadjinaane,False,13,11,10-19,10-19,levanti_harakat_prediction
يِتْنَقَّش,yitnaqqash,yitnaqqash,True,10,10,10-19,10-19,levanti_harakat_prediction
سَبَق,sabbaq,sabbiq,False,5,6,0-9,0-9,levanti_harakat_prediction
مْحَاوَلِة,mu7aawale,m7aawale,False,10,9,10-19,0-9,levanti_harakat_prediction
يِنْهَض,yinhad,yinhadd,False,7,6,0-9,0-9,levanti_harakat_prediction
بِرَازِق,baraaziq,biraaziq,False,8,8,0-9,0-9,levanti_harakat_prediction
اِتْدَهْدَك,2iddahdak,2iddahdak,True,11,9,10-19,0-9,levanti_harakat_prediction
نُجُوم,nujuum,nujuum,True,6,6,0-9,0-9,levanti_harakat_prediction
يِغْلَى,yighla,yighla,True,7,6,0-9,0-9,levanti_harakat_prediction
يَدَّيْن,ydayyin,ydayyin,True,8,7,0-9,0-9,levanti_harakat_prediction
هَانت,haanat,haanit,False,5,6,0-9,0-9,levanti_harakat_prediction
يِكْحَش,yik7ash,yka77ish,False,7,7,0-9,0-9,levanti_harakat_prediction
مِسْتَكْسِل,mistaksil,mistaksil,True,11,9,10-19,0-9,levanti_harakat_prediction
طَايِل,taayil,taayil,True,6,6,0-9,0-9,levanti_harakat_prediction
كَعُوش,ka3wish,ka3wish,True,6,7,0-9,0-9,levanti_harakat_prediction
مْرَنْدَح,2imranda7,mrandi7,False,9,9,0-9,0-9,levanti_harakat_prediction
فَشَق,fashaq,fashshiq,False,5,6,0-9,0-9,levanti_harakat_prediction
يِسْتِتِب,yistatibb,yistitib,False,9,9,0-9,0-9,levanti_harakat_prediction
زَوْج,zawwij,zawwaj,False,5,6,0-9,0-9,levanti_harakat_prediction
تَرَابِيس,taraabiis,taraabiis,True,9,9,0-9,0-9,levanti_harakat_prediction
در,darr,darr,True,2,4,0-9,0-9,levanti_harakat_prediction
عَِيْنُه فَارْغِة,3eeno faargha,3eeno faarghe,False,17,13,10-19,10-19,levanti_harakat_prediction
بَاب الوَفَق,baab wifiq,baab 2ilwafaq,False,12,10,10-19,10-19,levanti_harakat_prediction
جَرْسِة,jirsa,jarse,False,7,5,0-9,0-9,levanti_harakat_prediction
عِمْرَان,3amraan,3imraan,False,8,7,0-9,0-9,levanti_harakat_prediction
يْكَرِّر,ykarrir,ykarrir,True,8,7,0-9,0-9,levanti_harakat_prediction
نَوْع,nawwi3,nawwi3,True,5,6,0-9,0-9,levanti_harakat_prediction
هِيَافِة,hayaafe,hiyaafe,False,8,7,0-9,0-9,levanti_harakat_prediction
طَرش,tarsh,tarash,False,4,5,0-9,0-9,levanti_harakat_prediction
اُنْفُذ بْجِلْدَك,2unfud bijildak,2infiz bilduk,False,17,15,10-19,10-19,levanti_harakat_prediction
بِلُغِة,balgha,bulughghe,False,7,6,0-9,0-9,levanti_harakat_prediction
يْعَرْقِل,y3arqil,y3arqil,True,9,7,0-9,0-9,levanti_harakat_prediction
اِخْتَتَم,2ikhtatam,2ikhtitim,False,9,9,0-9,0-9,levanti_harakat_prediction
اِسْتَعْمَر,2ista3mir,2ista3mar,False,11,9,10-19,0-9,levanti_harakat_prediction
كسُوس,ksuus,ksuus,True,5,5,0-9,0-9,levanti_harakat_prediction
يِحِفّ,y7iff,y7iff,True,6,5,0-9,0-9,levanti_harakat_prediction
اتْنَاسِب,2itnaasab,2itnaasab,True,9,9,0-9,0-9,levanti_harakat_prediction
اِنْرَفَع,2inrafa3,2inrifi3,False,9,8,0-9,0-9,levanti_harakat_prediction
بَطْرَن,batrin,batran,False,7,6,0-9,0-9,levanti_harakat_prediction
وَعِّ,wi33,wa33,False,5,4,0-9,0-9,levanti_harakat_prediction
اِتْطَمْطَم,2ittamtam,2ittamtam,True,11,9,10-19,0-9,levanti_harakat_prediction
اِتْبَهْدَل,2itbahdal,2itbahdal,True,11,9,10-19,0-9,levanti_harakat_prediction
يِنْدقِم,yindaqim,yindiqim,False,8,8,0-9,0-9,levanti_harakat_prediction
يْغِزّ,yghuzz,yghizz,False,6,6,0-9,0-9,levanti_harakat_prediction
عِكِر,3akkar,3akkir,False,5,6,0-9,0-9,levanti_harakat_prediction
تَلْفن,talfin,tlaffan,False,6,6,0-9,0-9,levanti_harakat_prediction
اِدْهَش,2idhish,2idhash,False,7,7,0-9,0-9,levanti_harakat_prediction
مَازِع,maazi3,maazi3,True,6,6,0-9,0-9,levanti_harakat_prediction
يِحْرِث,yu7ruth,y7arrith,False,7,7,0-9,0-9,levanti_harakat_prediction
جَعط,dja33it,ja33it,False,4,7,0-9,0-9,levanti_harakat_prediction
يِنْغَمِر,yinghimir,yinghimir,True,9,9,0-9,0-9,levanti_harakat_prediction
مُسَايَرَة,msaayara,musaayara,False,10,8,10-19,0-9,levanti_harakat_prediction
فَضِيحَة بِجْلَاجِل,fdii7a bjalaajil,fadii7it balje,False,19,16,10-19,10-19,levanti_harakat_prediction
مْقَنْعِر,mqan3ar,mqkan3ir,False,9,7,0-9,0-9,levanti_harakat_prediction
تشَعَّب,tsha33ab,tsha33ab,True,7,8,0-9,0-9,levanti_harakat_prediction
يِمْسَخ,ymassikh,yimsakh,False,7,8,0-9,0-9,levanti_harakat_prediction
مَادِّة,maadde,maadde,True,7,6,0-9,0-9,levanti_harakat_prediction
يِتْكَبَّر,yitkabbar,yitkabbar,True,10,9,10-19,0-9,levanti_harakat_prediction
اِنْفَقَس,2inifqis,2infiqis,False,9,8,0-9,0-9,levanti_harakat_prediction
هُبُوْط اِضْطِرَارِي,hubuut 2ittiraari,tabuut 2iraatiiro,False,20,17,20-29,10-19,levanti_harakat_prediction
يِسْتَهْبِل,yistahbil,yistahbil,True,11,9,10-19,0-9,levanti_harakat_prediction
قَبْعَة,qub3a,qab3a,False,7,5,0-9,0-9,levanti_harakat_prediction
طَرَابِيش,taraabiish,taraabiish,True,9,10,0-9,10-19,levanti_harakat_prediction
ضِلِع إِعْوَج,dili3 2i3waj,dili3 2i3waj,True,13,12,10-19,10-19,levanti_harakat_prediction
يْضِيْف,ydiif,ydayyif,False,7,5,0-9,0-9,levanti_harakat_prediction
اِنْذَبَح,2indaba7,2indibi7,False,9,8,0-9,0-9,levanti_harakat_prediction
اِنْخَبَل,2inkhabal,2inkhibil,False,9,9,0-9,0-9,levanti_harakat_prediction
خِضر,khudur,khaddar,False,4,6,0-9,0-9,levanti_harakat_prediction
اِمْدَح,2imda7,2imda7,True,7,6,0-9,0-9,levanti_harakat_prediction
مْقَرِّن,mqarrin,mqarrin,True,8,7,0-9,0-9,levanti_harakat_prediction
اِتْكَعْبْش,2itka3bash,2itka3bash,True,11,10,10-19,10-19,levanti_harakat_prediction
قُمْصَان,qumsaan,qumsaan,True,8,7,0-9,0-9,levanti_harakat_prediction
طَايِر,taayir,taayir,True,6,6,0-9,0-9,levanti_harakat_prediction
يِخْرمِش,ykharmish,ykharmish,True,8,9,0-9,0-9,levanti_harakat_prediction
كَادِر,kaadir,kaadir,True,6,6,0-9,0-9,levanti_harakat_prediction
يِنْدُّه,yindah,ynaddih,False,8,6,0-9,0-9,levanti_harakat_prediction
طغَى,tagha,tagha,True,4,5,0-9,0-9,levanti_harakat_prediction
اِتْرَاقِب,2itraaqab,2itraaqab,True,10,9,10-19,0-9,levanti_harakat_prediction
ابْجُرّ,2ibdjar,2ubjur,False,7,7,0-9,0-9,levanti_harakat_prediction
خِبْرَة,khibra,khibra,True,7,6,0-9,0-9,levanti_harakat_prediction
خَلنْج,khalanj,khalnij,False,6,7,0-9,0-9,levanti_harakat_prediction
مِشقلِب,mshaqlab,mshaqklib,False,7,8,0-9,0-9,levanti_harakat_prediction
اِسْتَمَرّ,2istimirr,2istamirr,False,10,9,10-19,0-9,levanti_harakat_prediction
يِلْتَغ,yiltagh,yiltagh,True,7,7,0-9,0-9,levanti_harakat_prediction
تَصوِيت,taswiit,taswiit,True,7,7,0-9,0-9,levanti_harakat_prediction
رَمِد,rammid,rammid,True,5,6,0-9,0-9,levanti_harakat_prediction
شَكّ,shukk,shakk,False,4,5,0-9,0-9,levanti_harakat_prediction
اِشْتَمّ,2ishtim,2ishtim,True,8,7,0-9,0-9,levanti_harakat_prediction
اِقْتَرَح,2iqtiri7,2iqtara7,False,9,8,0-9,0-9,levanti_harakat_prediction
سَوَّاق,sawwaaq,sawwaaq,True,7,7,0-9,0-9,levanti_harakat_prediction
يِمْهَد,ymahhid,yimhad,False,7,7,0-9,0-9,levanti_harakat_prediction
بَحِز,ba7az,ba77iz,False,5,5,0-9,0-9,levanti_harakat_prediction
نَام مَا قَام,naam maa qaam,naam maaqam,False,13,13,10-19,10-19,levanti_harakat_prediction
وَِشَّى,washa,washsha,False,7,5,0-9,0-9,levanti_harakat_prediction
نَمَّة,namme,namme,True,6,5,0-9,0-9,levanti_harakat_prediction
دسْك,disk,dask,False,4,4,0-9,0-9,levanti_harakat_prediction
مَقَابِيل,mqaabiil,maqaabiil,False,9,8,0-9,0-9,levanti_harakat_prediction
أَشْدِّف,2ashdaf,2ashdaf,True,8,7,0-9,0-9,levanti_harakat_prediction
اِنْجَنّ واِنْحَنّ,2injann win7ann,2injanna wuna7in,False,18,15,10-19,10-19,levanti_harakat_prediction
يِتْوَرَّط,yitwarrat,yitwarrat,True,10,9,10-19,0-9,levanti_harakat_prediction
قَلَايِد,qkalaayid,qalaayid,False,8,9,0-9,0-9,levanti_harakat_prediction
هَامِط,haamit,haamit,True,6,6,0-9,0-9,levanti_harakat_prediction
يِتْهَجَّم,yithajjam,yithajjam,True,10,9,10-19,0-9,levanti_harakat_prediction
قَضِيِّة,qadiyye,qaddiyye,False,8,7,0-9,0-9,levanti_harakat_prediction
بَلَدِيَّات,baladiyyaat,baladiyyaat,True,11,11,10-19,10-19,levanti_harakat_prediction
أَعْطَى,2a3ta,2a3ta,True,7,5,0-9,0-9,levanti_harakat_prediction
هَضِم,hadam,haddam,False,5,5,0-9,0-9,levanti_harakat_prediction
تِرْحَم,tra77am,tra77am,True,7,7,0-9,0-9,levanti_harakat_prediction
يِتْزَهْرَم,yitzahram,yitzahram,True,11,9,10-19,0-9,levanti_harakat_prediction
جِبَال,jibaal,jbaal,False,6,6,0-9,0-9,levanti_harakat_prediction
قَرَامِيع,garaamii3,qaraamii3,False,9,9,0-9,0-9,levanti_harakat_prediction
رَابِى,raaba,raaba,True,6,5,0-9,0-9,levanti_harakat_prediction
يطَرْقِع,ytarqi3,ytarqi3,True,8,7,0-9,0-9,levanti_harakat_prediction
عَصَبِي,3asabi,3asabi,True,7,6,0-9,0-9,levanti_harakat_prediction
هَوْشِة,hooshe,hooshe,True,7,6,0-9,0-9,levanti_harakat_prediction
سَابِق,saabaq,saabiq,False,6,6,0-9,0-9,levanti_harakat_prediction
مَخْنُوْق,makhnuuq,makhnuuq,True,9,8,0-9,0-9,levanti_harakat_prediction
مْلُوْل,maluul,mluul,False,7,6,0-9,0-9,levanti_harakat_prediction
آنِس,2aanas,2aanis,False,4,6,0-9,0-9,levanti_harakat_prediction
نَسخ,nasakh,nassikh,False,4,6,0-9,0-9,levanti_harakat_prediction
مْجَارِي,majaari,mjaari,False,8,7,0-9,0-9,levanti_harakat_prediction
يِتْسَلْبَط,yitsalbat,yitsalbat,True,11,9,10-19,0-9,levanti_harakat_prediction
اتْنَبَّأ,2itnabba2,2itnabba2,True,9,9,0-9,0-9,levanti_harakat_prediction
الطَّخّ,2iltakh,2iltakh,True,7,7,0-9,0-9,levanti_harakat_prediction
مْدود الطَّاوْلَة,midwad 2ittaawle,midd 2ilwatta,False,17,16,10-19,10-19,levanti_harakat_prediction
يَمْغَج,yimghadj,yimghadj,True,7,8,0-9,0-9,levanti_harakat_prediction
أَمن,2ammin,2ammin,True,4,6,0-9,0-9,levanti_harakat_prediction
خُوْر,khawwar,khawwir,False,5,7,0-9,0-9,levanti_harakat_prediction
اِشْرَح,2ishra7,2ishra7,True,7,7,0-9,0-9,levanti_harakat_prediction
دِغِش,daghghish,daghghash,False,5,9,0-9,0-9,levanti_harakat_prediction
تَسَاقَط,tsaaqat,tsaaqat,True,8,7,0-9,0-9,levanti_harakat_prediction
تمْتُق,tmittiqk2,tmattaqk2,False,6,9,0-9,0-9,levanti_harakat_prediction
اِتْلَبَّك,2itlabbak,2itlabbak,True,10,9,10-19,0-9,levanti_harakat_prediction
يخرطِش,ykhartish,yikhtarish,False,6,9,0-9,0-9,levanti_harakat_prediction
اتْشَرَّط,2itsharrat,2itsharrat,True,9,10,0-9,10-19,levanti_harakat_prediction
حَمس,7ammis,7ammis,True,4,6,0-9,0-9,levanti_harakat_prediction
لُوْق,lawaq,lawwiq,False,5,5,0-9,0-9,levanti_harakat_prediction
اِزْهَد,2izhad,2izhad,True,7,6,0-9,0-9,levanti_harakat_prediction
اِتْفَلَّل,2itfallal,2itfallal,True,10,9,10-19,0-9,levanti_harakat_prediction
اِتْعَمَّد,2it3ammad,2it3ammad,True,10,9,10-19,0-9,levanti_harakat_prediction
نَقَى,naqqa,naqa,False,5,5,0-9,0-9,levanti_harakat_prediction
تكْرَِن,takran,tkarran,False,7,6,0-9,0-9,levanti_harakat_prediction
مَوَّن,mawwin,mawwin,True,6,6,0-9,0-9,levanti_harakat_prediction
شِيّع,shayyi3,shayyi3,True,5,7,0-9,0-9,levanti_harakat_prediction
سْرَاط,siraat,sarta,False,6,6,0-9,0-9,levanti_harakat_prediction
نِضِبّ,nadab,naddab,False,6,5,0-9,0-9,levanti_harakat_prediction
اِتْدَافَش,2iddaafash,2iddaafash,True,10,10,10-19,10-19,levanti_harakat_prediction
يِقْحَمْش,yqa7mish,yiq7amsh,False,9,8,0-9,0-9,levanti_harakat_prediction
يِتْغَمَّس,yitghammas,yitghammas,True,10,10,10-19,10-19,levanti_harakat_prediction
أَهْل,2ahhal,2ahhil,False,5,6,0-9,0-9,levanti_harakat_prediction
طُوبِز,toobaz,toobiz,False,6,6,0-9,0-9,levanti_harakat_prediction
عرْبد,3arbid,3arbad,False,5,6,0-9,0-9,levanti_harakat_prediction
القَنْدِيل السَّفَرِي,2ilqandiil 2issafari,2ilqandi 2issiifr,False,21,20,20-29,20-29,levanti_harakat_prediction
حَمّ,7amm,7amm,True,4,4,0-9,0-9,levanti_harakat_prediction
مَعَك,ma33ik,ma33ak,False,5,6,0-9,0-9,levanti_harakat_prediction
مْطَبَّقَانِيِّة,mtabbaqaaniyye,mtabbaqaaniyye,True,16,14,10-19,10-19,levanti_harakat_prediction
وَاسِي,waasi,waasi,True,6,5,0-9,0-9,levanti_harakat_prediction
يِشْحَنِك,ysha7nik,ysha7nik,True,9,8,0-9,0-9,levanti_harakat_prediction
رَصِيْف,rsiif,rasiif,False,7,5,0-9,0-9,levanti_harakat_prediction
يْجَالِق,yjaaliqk,yjaaliqk,True,8,8,0-9,0-9,levanti_harakat_prediction
أَقْحَم,2aq7am,2aq7am,True,7,6,0-9,0-9,levanti_harakat_prediction
دَحْدَال,du7daal,du7daal,True,8,7,0-9,0-9,levanti_harakat_prediction
اُصْدُِف,2isduf,2usduf,False,8,6,0-9,0-9,levanti_harakat_prediction
مَرْدَغَة,mardagha,mardagha,True,9,8,0-9,0-9,levanti_harakat_prediction
عِرَّاط,3arraat,3irraat,False,7,7,0-9,0-9,levanti_harakat_prediction
فُخَّار,fakhkhaar,fukhkhaar,False,7,9,0-9,0-9,levanti_harakat_prediction
مِزْرَاق,mizraaqk,mizraaq,False,8,8,0-9,0-9,levanti_harakat_prediction
جِيْر,jayyir,jayyar,False,5,6,0-9,0-9,levanti_harakat_prediction
يْمَانِع,ymaani3,ymaani3,True,8,7,0-9,0-9,levanti_harakat_prediction
اِتْلَعْبَك,2itla3bak,2itla3bak,True,11,9,10-19,0-9,levanti_harakat_prediction
قِطَع,qatti3,qatta3,False,5,6,0-9,0-9,levanti_harakat_prediction
تْرُوْق,trawwa2,trawwaq,False,7,7,0-9,0-9,levanti_harakat_prediction
اِشْقِي,2ishqi,2ishqi,True,7,6,0-9,0-9,levanti_harakat_prediction
أَبُو حَرِد,2abu 7arad,2abu 7arid,False,11,10,10-19,10-19,levanti_harakat_prediction
بَهَارِيْج,bahaariij,bahaariij,True,10,9,10-19,0-9,levanti_harakat_prediction
بَعِر,ba33ar,ba33ir,False,5,6,0-9,0-9,levanti_harakat_prediction
مْرَقَّبِة,mirgabe,marqabe,False,10,7,10-19,0-9,levanti_harakat_prediction
زَعْتَر صُخُورِي,za3tar skhuuri,za3tar sukhri,False,16,14,10-19,10-19,levanti_harakat_prediction
وْلَاوَل,walaawil,walaawil,True,8,8,0-9,0-9,levanti_harakat_prediction
إِشَارَة,2ishaara,2ishaara,True,8,8,0-9,0-9,levanti_harakat_prediction
يِقَشْفِل,yqkashfil,yqashfil,False,9,9,0-9,0-9,levanti_harakat_prediction
بُزُْرُق,bazraqk,bazriqk,False,8,7,0-9,0-9,levanti_harakat_prediction
وَقَائِع,waqaa2i3,waqaa2i3,True,8,8,0-9,0-9,levanti_harakat_prediction
يَلُوْذ,yluudh,ylawwidh,False,7,6,0-9,0-9,levanti_harakat_prediction
اِغْتِصَاب,2ightisaab,2ightisaab,True,10,10,10-19,10-19,levanti_harakat_prediction
حَايِص,7aayis,7aayis,True,6,6,0-9,0-9,levanti_harakat_prediction
جَاقِم,jaaqim,jaaqim,True,6,6,0-9,0-9,levanti_harakat_prediction
كِذِب,kizib,kazab,False,5,5,0-9,0-9,levanti_harakat_prediction
فطَر,fattar,fattir,False,4,6,0-9,0-9,levanti_harakat_prediction
اِنْفَلَت,2infilit,2infalat,False,9,8,0-9,0-9,levanti_harakat_prediction
تَعْلِيمِي,ta3liimi,ta3liimi,True,10,8,10-19,0-9,levanti_harakat_prediction
عَصُّه مَصُّه,3usso musso,3ass hamo,False,13,11,10-19,10-19,levanti_harakat_prediction
تْدَلْغَص,2iddalghas,2iddalghas,True,9,10,0-9,10-19,levanti_harakat_prediction
اسْتِعْلَام,2isti3laam,2isti3laam,True,11,10,10-19,10-19,levanti_harakat_prediction
لَِقح,laqqa7,laqqi7,False,5,6,0-9,0-9,levanti_harakat_prediction
قَرَض,qard,qarad,False,5,4,0-9,0-9,levanti_harakat_prediction
سِرِح,sar7,sarri7,False,5,4,0-9,0-9,levanti_harakat_prediction
طَرْبُوش,tarbuush,tarbuush,True,8,8,0-9,0-9,levanti_harakat_prediction
دَارَى,daara,daara,True,6,5,0-9,0-9,levanti_harakat_prediction
إِيجَار,2ijaar,2ijaar,True,7,6,0-9,0-9,levanti_harakat_prediction
شَخّ,shakhkh,shakhkh,True,4,7,0-9,0-9,levanti_harakat_prediction
ابْصُم,2ubsum,2ubsum,True,6,6,0-9,0-9,levanti_harakat_prediction
يِتْمَهْمَط,yitmahmat,yitmahmat,True,11,9,10-19,0-9,levanti_harakat_prediction
مُؤَامَرَة,mu2aamara,m2aamara,False,10,9,10-19,0-9,levanti_harakat_prediction
قُحْلِف,qka7lif,qka7lif,True,7,7,0-9,0-9,levanti_harakat_prediction
مَزْرَبِة,muzrabbe,mazrabe,False,9,8,0-9,0-9,levanti_harakat_prediction
تْشَقَّق,tashaqquq,tshaqqaq,False,8,9,0-9,0-9,levanti_harakat_prediction
يِنَاهِق,ynaahiq,ynaahiq,True,8,7,0-9,0-9,levanti_harakat_prediction
مِبَعَزِق,mba3zaq,mba3ziqk,False,9,7,0-9,0-9,levanti_harakat_prediction
درْبِس,darbis,darbas,False,6,6,0-9,0-9,levanti_harakat_prediction
غَمُوْض,ghumuud,ghammuud,False,7,7,0-9,0-9,levanti_harakat_prediction
قَبَض,qabid,qabbad,False,5,5,0-9,0-9,levanti_harakat_prediction
يمَرْمِغ,ymarmigh,ymarmigh,True,8,8,0-9,0-9,levanti_harakat_prediction
حَبِّة دَوَا,7abbit dawa,7abbit dawa,True,12,11,10-19,10-19,levanti_harakat_prediction
بَيِّْن,bayyan,bayyin,False,7,6,0-9,0-9,levanti_harakat_prediction
تْفَعْكِش,tfa3kash,tfa3kash,True,9,8,0-9,0-9,levanti_harakat_prediction
اِمْحِن,2im7in,2im7an,False,7,6,0-9,0-9,levanti_harakat_prediction
يْنَفِّل,yinfil,ynaffil,False,8,6,0-9,0-9,levanti_harakat_prediction
رَشَّاش,rashshaash,rashshaash,True,7,10,0-9,10-19,levanti_harakat_prediction
قَاشِع,qaashi3,qaashi3,True,6,7,0-9,0-9,levanti_harakat_prediction
قَاوَل,qaawal,qaawil,False,6,6,0-9,0-9,levanti_harakat_prediction
اِتْحَنَّص,2it7annas,2it7annas,True,10,9,10-19,0-9,levanti_harakat_prediction
إِجَت القُِدْرَة تْعَايِر المَغْرَفِة قَالَت اِلهَا رُوحِي يَا سَمْرَة يَا مْقَحْلَفِة مِن يُوم يُومَك مْجَوَّفِة,2idjat 2ilkidre t3aayir 2ilmaghrafe kaalatilha ruu7i yaa samra yaa mka7lafe min yoom yoomik mdjawwafe,2ijaraat 2ilqayar maa yil7a fiilghu yoomi q raa qaara3algha ya yaa qkaaraafe yomilit yomil qa yomil raaa yomil qkaaaa yomil yomit ,False,113,101,110-119,100-109,levanti_harakat_prediction
تَسْجِيل,tasjiil,tasjiil,True,8,7,0-9,0-9,levanti_harakat_prediction
مِثِل مَا غَنَّى الْمُغَنِّي,mitil maa ghanna 2ilimghanni,mitil mugha minnnaghi,False,28,28,20-29,20-29,levanti_harakat_prediction
انرَّكِن,2inrakan,2inrikin,False,8,8,0-9,0-9,levanti_harakat_prediction
يَعِيْش,y3ayyish,y3ayyish,True,7,8,0-9,0-9,levanti_harakat_prediction
اِسْتَعْجَل,2ista3jal,2ista3jil,False,11,9,10-19,0-9,levanti_harakat_prediction
أَوْسَاط,2awsaat,2awsaat,True,8,7,0-9,0-9,levanti_harakat_prediction
يِنْمَعِص,yinmi3is,yinmi3is,True,9,8,0-9,0-9,levanti_harakat_prediction
تِقْحَط,tqa77at,tqa77at,True,7,7,0-9,0-9,levanti_harakat_prediction
رَمَى ثِقْلِة دَمُّه,rama tuqlit dammo,ramma tiqlo dammo,False,20,17,20-29,10-19,levanti_harakat_prediction
يِتْلَاحَم,yitlaa7am,yitlaa7am,True,10,9,10-19,0-9,levanti_harakat_prediction
خَايِل,khaayil,khaayil,True,6,7,0-9,0-9,levanti_harakat_prediction
نُطْق,nattaq,nattiq,False,5,6,0-9,0-9,levanti_harakat_prediction
اِنْجَلِي,2injali,2injili,False,9,7,0-9,0-9,levanti_harakat_prediction
يْنَمّعَك,yinmi3ik,yinma3ak,False,9,8,0-9,0-9,levanti_harakat_prediction
صِفِر,saffir,saffir,True,5,6,0-9,0-9,levanti_harakat_prediction
زَيِّ الشُّعْلِة,zayy 2ishshu3le,zayy 2ishsha3le,False,16,15,10-19,10-19,levanti_harakat_prediction
اِصْحَّك,2is7ak,2is7ak,True,8,6,0-9,0-9,levanti_harakat_prediction
بَطُّون,btuun,batwan,False,7,5,0-9,0-9,levanti_harakat_prediction
أَسْئِلِة,2as2ile,2as2ile,True,9,7,0-9,0-9,levanti_harakat_prediction
اِنْمُو,2inmu,2inmu,True,7,5,0-9,0-9,levanti_harakat_prediction
فَجَر,fajir,fajjar,False,5,5,0-9,0-9,levanti_harakat_prediction
وَطَّى,watta,watta,True,6,5,0-9,0-9,levanti_harakat_prediction
تَنَاقَل,tanaaqul,tnaaqal,False,8,8,0-9,0-9,levanti_harakat_prediction
اِسْتَكْشَف,2istakshaf,2istakshif,False,11,10,10-19,10-19,levanti_harakat_prediction
مَيّ بِتْنَمْنِم,mayy bitnamnim,mayy bintamm,False,16,14,10-19,10-19,levanti_harakat_prediction
شَيْب,sheeb,shayyib,False,5,5,0-9,0-9,levanti_harakat_prediction
درْدَع,darda3,dardi3,False,6,6,0-9,0-9,levanti_harakat_prediction
ارْقُد,2irqgkud,2irqud,False,6,8,0-9,0-9,levanti_harakat_prediction
ضَمِيْرُه صِحِّي,damiiro si7i,damiiro su77i,False,16,12,10-19,10-19,levanti_harakat_prediction
فَيّ,fii,fi,False,4,3,0-9,0-9,levanti_harakat_prediction
مَزَّيْت,mzayyit,mzayyit,True,8,7,0-9,0-9,levanti_harakat_prediction
بُوْمْلِي,boomale,boomli,False,9,7,0-9,0-9,levanti_harakat_prediction
لُطْف,lattif,lattif,True,5,6,0-9,0-9,levanti_harakat_prediction
التَّوق,2iltiwiq,2iltawaq,False,7,8,0-9,0-9,levanti_harakat_prediction
يَعَلَِّم,y3allim,y3allim,True,9,7,0-9,0-9,levanti_harakat_prediction
قَرَم,qarram,qarram,True,5,6,0-9,0-9,levanti_harakat_prediction
بَلْطَق,baltak,baltiq,False,7,6,0-9,0-9,levanti_harakat_prediction
يْعَابِط,y3aabit,y3aabit,True,8,7,0-9,0-9,levanti_harakat_prediction
زَارْنَا النَّبِي,zaarna 2innabi,zaarna 2innabi,True,17,14,10-19,10-19,levanti_harakat_prediction
تَضْيِيق,tadyiiqtadyii2,tadyaq2,False,8,14,0-9,10-19,levanti_harakat_prediction
حَيّْر,7ayyar,7ayyar,True,6,6,0-9,0-9,levanti_harakat_prediction
مبَرْمِج,mbarmaj,mbarmij,False,8,7,0-9,0-9,levanti_harakat_prediction
سَخْطَة تْسَخِّطَك,sakhta tiskhatak,sakhtat taskhat,False,18,16,10-19,10-19,levanti_harakat_prediction
سَاوِي,saawi,saawi,True,6,5,0-9,0-9,levanti_harakat_prediction
رَقْصَة,raqsa,raqsa,True,7,5,0-9,0-9,levanti_harakat_prediction
مَمْعُوْط,mam3uut,mam3uut,True,9,7,0-9,0-9,levanti_harakat_prediction
شْرَاع,shraa3,shraa3,True,6,6,0-9,0-9,levanti_harakat_prediction
عَصمَص,3usmus,3asmis,False,6,6,0-9,0-9,levanti_harakat_prediction
فِرز,farriz,farriz,True,4,6,0-9,0-9,levanti_harakat_prediction
اِفْتَقَر,2iftiqir,2iftaqar,False,9,8,0-9,0-9,levanti_harakat_prediction
مِدْبَرَة وْفَاعِت,midbara wufaa3at,midbara wufaat3a,False,18,16,10-19,10-19,levanti_harakat_prediction
اسْتَنْفَع,2istanfi3,2istanfa3,False,10,9,10-19,0-9,levanti_harakat_prediction
إِسْكُمْلِة,2iskamle,2iskamle,True,11,8,10-19,0-9,levanti_harakat_prediction
عَاطْفِة,3aatife,3aatfe,False,8,7,0-9,0-9,levanti_harakat_prediction
بَلَّه قَتْلِة,ballo qatle,balla haqqate,False,14,11,10-19,10-19,levanti_harakat_prediction
شَلَط,shallit,shallit,True,5,7,0-9,0-9,levanti_harakat_prediction
قَصْقَص جْنَاحَاتْهَا,qasqas jnaa7aatha,qasqadjha naa7aatha,False,21,17,20-29,10-19,levanti_harakat_prediction
تَحَفُّظ,ta7affuz,t7affaz,False,8,8,0-9,0-9,levanti_harakat_prediction
صَوْجَا,sooja,sooja,True,7,5,0-9,0-9,levanti_harakat_prediction
بَاحِص,baa7as,baa7is,False,6,6,0-9,0-9,levanti_harakat_prediction
غِرز,gharaz,gharraz,False,4,6,0-9,0-9,levanti_harakat_prediction
أَزْرَق,2azraq,2azraq,True,7,6,0-9,0-9,levanti_harakat_prediction
ظَلَل,zallal,zallal,True,5,6,0-9,0-9,levanti_harakat_prediction
دَقَّة,duqqa,daqqa,False,6,5,0-9,0-9,levanti_harakat_prediction
يِسْتَنْكِف,yistankif,yistankif,True,11,9,10-19,0-9,levanti_harakat_prediction
تِغَطَّى,tghatta,tghatta,True,8,7,0-9,0-9,levanti_harakat_prediction
مُخْطِر,mikhtir,mukhtur,False,7,7,0-9,0-9,levanti_harakat_prediction
سِعِر,si3ir,sa33ir,False,5,5,0-9,0-9,levanti_harakat_prediction
عَطَس,3atas,3attis,False,5,5,0-9,0-9,levanti_harakat_prediction
اِتْقَادم,2itqaadam,2itqaadam,True,9,9,0-9,0-9,levanti_harakat_prediction
يِسْتَحَمِّل,yista7mil,yista7mil,True,12,9,10-19,0-9,levanti_harakat_prediction
يِثْمِر,yithmir,ythammir,False,7,7,0-9,0-9,levanti_harakat_prediction
يِتْعَزْرِن,yit3azran,yit3azran,True,11,9,10-19,0-9,levanti_harakat_prediction
تَنْقِيب,tanqiib,tanqiib,True,8,7,0-9,0-9,levanti_harakat_prediction
خَوَف الله,khoof 2alla,khawaf 2illa,False,10,11,10-19,10-19,levanti_harakat_prediction
يِرْجَع,yirja3,yirja3,True,7,6,0-9,0-9,levanti_harakat_prediction
نَشَّاب,nashshaab,nashshaab,True,7,9,0-9,0-9,levanti_harakat_prediction
مْرَاسِل,muraasil,mraasil,False,8,8,0-9,0-9,levanti_harakat_prediction
وِهِت,wahhat,wahhit,False,5,6,0-9,0-9,levanti_harakat_prediction
أَعْشَار,2a3shaar,2a3shaar,True,8,8,0-9,0-9,levanti_harakat_prediction
كرَمَاء,kurama,karmaa2,False,7,6,0-9,0-9,levanti_harakat_prediction
شْوَال,shwaal,shwaal,True,6,6,0-9,0-9,levanti_harakat_prediction
دَايِم,daayim,daayim,True,6,6,0-9,0-9,levanti_harakat_prediction
سَجِّل,sajjil,sajjil,True,6,6,0-9,0-9,levanti_harakat_prediction
زَغَارِيْب,zaghaariib,zaghaariib,True,10,10,10-19,10-19,levanti_harakat_prediction
قَنْشَع,qkanshi3,qansha3,False,7,8,0-9,0-9,levanti_harakat_prediction
اُرْكَب,2irkab,2irkab,True,7,6,0-9,0-9,levanti_harakat_prediction
كَعَاكِيل,ka3aakiil,ka3aakiil,True,9,9,0-9,0-9,levanti_harakat_prediction
تْحَمَّس,t7ammas,t7ammas,True,8,7,0-9,0-9,levanti_harakat_prediction
أَمِد,2amadd,2amad,False,5,6,0-9,0-9,levanti_harakat_prediction
وِرِش,warash,warrash,False,5,6,0-9,0-9,levanti_harakat_prediction
طلُّوْع,tluu3,taluu3,False,7,5,0-9,0-9,levanti_harakat_prediction
يِفْنَّس,yifnis,yfannis,False,8,6,0-9,0-9,levanti_harakat_prediction
يُلْفُظ,yilfuz,yilfuz,True,7,6,0-9,0-9,levanti_harakat_prediction
يِخْتتِم,yikhtitim,yikhtim,False,8,9,0-9,0-9,levanti_harakat_prediction
قَصِّر نَظَر,qusur nazar,qassir nazar,False,12,11,10-19,10-19,levanti_harakat_prediction
عَنْقَر,3anqir,3anqar,False,7,6,0-9,0-9,levanti_harakat_prediction
لَعْلَع,la3la3,la3la3,True,7,6,0-9,0-9,levanti_harakat_prediction
مِسْتْتِب,mustatatibb,mustattab,False,9,11,0-9,10-19,levanti_harakat_prediction
يِبَلّص,yballis,yballis,True,7,7,0-9,0-9,levanti_harakat_prediction
لِعِن,la3an,la33in,False,5,5,0-9,0-9,levanti_harakat_prediction
قِرْفَان,qarfaan,qirfaan,False,8,7,0-9,0-9,levanti_harakat_prediction
يبَوْبِر,yboobir,yboobir,True,8,7,0-9,0-9,levanti_harakat_prediction
اِسْتَكْفَى,2istakfa,2istakfa,True,11,8,10-19,0-9,levanti_harakat_prediction
يِبْعَز,yba33iz,yib3az,False,7,7,0-9,0-9,levanti_harakat_prediction
يْدُوْخ,yduukh,ydawwikh,False,7,6,0-9,0-9,levanti_harakat_prediction
عَمِّي,3umi,3ammi,False,6,4,0-9,0-9,levanti_harakat_prediction
يِدْهَك,yidhak,yidhak,True,7,6,0-9,0-9,levanti_harakat_prediction
يِتْغَطَّس,yitghattas,yitghattas,True,10,10,10-19,10-19,levanti_harakat_prediction
يِنْغَز,yinghuz,yinghazz,False,7,7,0-9,0-9,levanti_harakat_prediction
قُصْلِة,qasale,qusle,False,7,6,0-9,0-9,levanti_harakat_prediction
عَسَل,3asal,3assal,False,5,5,0-9,0-9,levanti_harakat_prediction
اِتْحَبَّك,2it7abbak,2it7abbak,True,10,9,10-19,0-9,levanti_harakat_prediction
اِسْتَلْزَم,2istalzim,2istalzim,True,11,9,10-19,0-9,levanti_harakat_prediction
اِشْنَق,2ishnuq,2ishnuq,True,7,7,0-9,0-9,levanti_harakat_prediction
رِئَاسِة,ri2aase,ri2aase,True,8,7,0-9,0-9,levanti_harakat_prediction
يعبِّي,y3abbi,y3ibbi,False,6,6,0-9,0-9,levanti_harakat_prediction
جُوَّانِي,juwwaani,juwwaani,True,9,8,0-9,0-9,levanti_harakat_prediction
مَجِد,majjad,majjid,False,5,6,0-9,0-9,levanti_harakat_prediction
فَرْحَان,far7aan,far7aan,True,8,7,0-9,0-9,levanti_harakat_prediction
مِعْصَم,m3assim,m3assim,True,7,7,0-9,0-9,levanti_harakat_prediction
حِرْجَايِة,7urdjaaye,7irjaaye,False,10,9,10-19,0-9,levanti_harakat_prediction
اِبْكِي,2ibki,2ibki,True,7,5,0-9,0-9,levanti_harakat_prediction
سَطِح,satta7,sata7,False,5,6,0-9,0-9,levanti_harakat_prediction
وِالْحَبِل جَرَّار,wil7abil jarraar,wil7ab 2irraj,False,18,16,10-19,10-19,levanti_harakat_prediction
تْحَنْتِر,t7antar,t7antar,True,9,7,0-9,0-9,levanti_harakat_prediction
خَيّم,khayyam,khayyim,False,5,7,0-9,0-9,levanti_harakat_prediction
يْخَافِق,ykhaafi2,ykhaafiq,False,8,8,0-9,0-9,levanti_harakat_prediction
خَيْخَم,kheekham,kheekhim,False,7,8,0-9,0-9,levanti_harakat_prediction
مُخَاطَرَة,mkhaatara,mukhaatara,False,10,9,10-19,0-9,levanti_harakat_prediction
قَاعْدِة,qaa3ida,qaa3de,False,8,7,0-9,0-9,levanti_harakat_prediction
اِنْسَخَط,2insikhit,2insakhat,False,9,9,0-9,0-9,levanti_harakat_prediction
اِهْجَم,2uhjum,2ihjim,False,7,6,0-9,0-9,levanti_harakat_prediction
نِمِل,nammal,nammil,False,5,6,0-9,0-9,levanti_harakat_prediction
دَقَمْش,daqmash,daqmish,False,7,7,0-9,0-9,levanti_harakat_prediction
رَانِخ,raanikh,raanikh,True,6,7,0-9,0-9,levanti_harakat_prediction
تْبَيُّن,tbayyan,tbayyan,True,8,7,0-9,0-9,levanti_harakat_prediction
مَعْجُون,ma3juun,ma3juun,True,8,7,0-9,0-9,levanti_harakat_prediction
بِظّ,buzz,bazz,False,4,4,0-9,0-9,levanti_harakat_prediction
مْفَتِّش,mufattish,mfattish,False,8,9,0-9,0-9,levanti_harakat_prediction
رْشُوف,rshuuf,rshuuf,True,6,6,0-9,0-9,levanti_harakat_prediction
مْسَقْسِق,msa2si2,msaqsi2,False,9,7,0-9,0-9,levanti_harakat_prediction
جُرْمَع,djarma3,jarma3,False,7,7,0-9,0-9,levanti_harakat_prediction
ثُوْمِيِّة,toomiyye,tuumiyye,False,10,8,10-19,0-9,levanti_harakat_prediction
تَعْلِيق,ta3liiq,ta3liiq,True,8,7,0-9,0-9,levanti_harakat_prediction
مَلَادِي,mlaadi,malaadi,False,8,6,0-9,0-9,levanti_harakat_prediction
آخِر طَرِز,2aakhir tarz,2aakhir tzar,False,10,12,10-19,10-19,levanti_harakat_prediction
شُرِع,shari3,sharri3,False,5,6,0-9,0-9,levanti_harakat_prediction
مَا بِيطْلَع الزَّيْت إِلَّا مِن كَثِر العَصِر,maa byitla3 2izzeet 2illa min kutr 2il3asir,maa bitil 2il3akrat 2ila min 2issaaalii 3izim 2in 2il,False,46,43,40-49,40-49,levanti_harakat_prediction
تَْلَبَّد,tlabbad,tlabbad,True,9,7,0-9,0-9,levanti_harakat_prediction
يْوَارِي,ywaari,ywaari,True,8,6,0-9,0-9,levanti_harakat_prediction
يِكْذِب,yikzib,yikzibyikdhdhib,False,7,6,0-9,0-9,levanti_harakat_prediction
شُرُوط,sharwat,sharwit,False,6,7,0-9,0-9,levanti_harakat_prediction
صيَانِة,siyaane,sayaane,False,7,7,0-9,0-9,levanti_harakat_prediction
خَشْش,khushash,khashshish,False,5,8,0-9,0-9,levanti_harakat_prediction
ذِيع,zii3,dii3,False,4,4,0-9,0-9,levanti_harakat_prediction
رُؤَى,ru2a,ra2a,False,5,4,0-9,0-9,levanti_harakat_prediction
بهُور,bahwar,bhuur,False,5,6,0-9,0-9,levanti_harakat_prediction
الْمَسْجِد الأَقْصَى,2ilmasjid 2ilaqsa,2ilmasja 2il2aqid,False,20,17,20-29,10-19,levanti_harakat_prediction
يُِرْبُط,yurbut,yurbut,True,8,6,0-9,0-9,levanti_harakat_prediction
يِبْحَش,yib7ash,yib7ash,True,7,7,0-9,0-9,levanti_harakat_prediction
تَسْبِيْلِة,tasbiile,tasbiile,True,11,8,10-19,0-9,levanti_harakat_prediction
تْسَاع,tisaa3,tsaa3,False,6,6,0-9,0-9,levanti_harakat_prediction
تَسَامُج,tsaamaj,tsaamaj,True,8,7,0-9,0-9,levanti_harakat_prediction
زَعُوق,za3wiqk,za3waqk,False,6,7,0-9,0-9,levanti_harakat_prediction
يِنْحَسِم,yin7isim,yin7isim,True,9,8,0-9,0-9,levanti_harakat_prediction
وِرِّك,wirik,warrik,False,6,5,0-9,0-9,levanti_harakat_prediction
دِيْر بَالَك عَلَيْه,diir baalak 3alee,diir balaak 3alee,False,20,17,20-29,10-19,levanti_harakat_prediction
شَيْخ الْمَحْشِي,sheekh 2ilma7shi,sheekh 2ilma7iish,False,16,16,10-19,10-19,levanti_harakat_prediction
يِسْتَعْلِم,yista3lim,yista3lim,True,11,9,10-19,0-9,levanti_harakat_prediction
يجُرُش,yijrush,yjarrish,False,6,7,0-9,0-9,levanti_harakat_prediction
طوْف,toof,tawwif,False,4,4,0-9,0-9,levanti_harakat_prediction
سْنَامِة,sanaame,snaame,False,8,7,0-9,0-9,levanti_harakat_prediction
الْوَلَد الْعَاطِل بِكَسِّر الْخَاطِر,2ilwalad 2il3aatil biksir 2ilkhaatir,2ilwala daar milkhattil bissak,False,37,36,30-39,30-39,levanti_harakat_prediction
حَلْبِة,7albe,7albe,True,7,5,0-9,0-9,levanti_harakat_prediction
اِتْوَصَّل,2itwassal,2itwassal,True,10,9,10-19,0-9,levanti_harakat_prediction
مَاكْنِة,maakina,maakine,False,8,7,0-9,0-9,levanti_harakat_prediction
فْوَاشِة,fawwaashe,fawwaashe,True,8,9,0-9,0-9,levanti_harakat_prediction
مَهْبُوْل,mahbuul,mahbuul,True,9,7,0-9,0-9,levanti_harakat_prediction
عَبَر,3abbir,3abbir,True,5,6,0-9,0-9,levanti_harakat_prediction
اِبْتِلِي,2ibtali,2ibtili,False,9,7,0-9,0-9,levanti_harakat_prediction
أَبْنَاء,2abnaa2,2abnaa2,True,8,7,0-9,0-9,levanti_harakat_prediction
صُور,suwar,sawwir,False,4,5,0-9,0-9,levanti_harakat_prediction
نِيْجَارَا,niigaara,niijaar,False,10,8,10-19,0-9,levanti_harakat_prediction
يبَرِّر,ybarrir,ybarrir,True,7,7,0-9,0-9,levanti_harakat_prediction
سِتِّيْن نَيْلِة,sittiin niile,sittiin niile,True,16,13,10-19,10-19,levanti_harakat_prediction
رِحِل,ra77al,ra77il,False,5,6,0-9,0-9,levanti_harakat_prediction
يُوبَّخ,ywabbikh,ywabbikh,True,7,8,0-9,0-9,levanti_harakat_prediction
بِدَائِي,bidaa2i,bidaa2i,True,8,7,0-9,0-9,levanti_harakat_prediction
اِسْتَدْفَى,2istadfa,2istadfa,True,11,8,10-19,0-9,levanti_harakat_prediction
مْقَاطِع,magaati3,maqaati3,False,8,8,0-9,0-9,levanti_harakat_prediction
حِرض,7arrid,7arad,False,4,6,0-9,0-9,levanti_harakat_prediction
اِسْتِحْسَان,2ista7saan,2isti7saan,False,12,10,10-19,10-19,levanti_harakat_prediction
شَرَف,sharraf,sharaf,False,5,7,0-9,0-9,levanti_harakat_prediction
غَاب,ghaab,ghaab,True,4,5,0-9,0-9,levanti_harakat_prediction
نفخ,nafakh,naffakh,False,3,6,0-9,0-9,levanti_harakat_prediction
قَرْقِيع,qurqee3kurkee3,qarqii3kii3,False,8,14,0-9,10-19,levanti_harakat_prediction
ضَارِب,daarab,daarib,False,6,6,0-9,0-9,levanti_harakat_prediction
اِنْعِش,2in3ish,2in3ish,True,7,7,0-9,0-9,levanti_harakat_prediction
اِنْكَوَى,2inkawa,2inkawa,True,9,7,0-9,0-9,levanti_harakat_prediction
يِتْبَكلِش,yitbaklash,yitbaklash,True,10,10,10-19,10-19,levanti_harakat_prediction
يِنرِفِع,yinrifi3,yinrifi3,True,8,8,0-9,0-9,levanti_harakat_prediction
إِجْعِي,2ij3i,2ij3i,True,7,5,0-9,0-9,levanti_harakat_prediction
كَعَاكِيش,ka3aakiish,ka3aakiish,True,9,10,0-9,10-19,levanti_harakat_prediction
طَقْطَق,tuqtuq,taqtaq,False,7,6,0-9,0-9,levanti_harakat_prediction
رَغِب,raghghib,raghghab,False,5,8,0-9,0-9,levanti_harakat_prediction
بَلَاكِيْن,balakiin,balaakiin,False,10,8,10-19,0-9,levanti_harakat_prediction
اِتْعَبَّى,2it3abba,2it3abba,True,10,8,10-19,0-9,levanti_harakat_prediction
تِدْشدِش,2iddashdash,2iddashdash,True,8,11,0-9,10-19,levanti_harakat_prediction
طَمّ,tamm,tamm,True,4,4,0-9,0-9,levanti_harakat_prediction
يغْصُب,yighsib,yghassib,False,6,7,0-9,0-9,levanti_harakat_prediction
حِصِن,7assan,7assin,False,5,6,0-9,0-9,levanti_harakat_prediction
احلِّي,2i7li,2i7li,True,6,5,0-9,0-9,levanti_harakat_prediction
اِخْشَع,2ikhsha3,2ikhsha3,True,7,8,0-9,0-9,levanti_harakat_prediction
رِيْش,riish,rayyish,False,5,5,0-9,0-9,levanti_harakat_prediction
لَقَط,laqqat,laqqat,True,5,6,0-9,0-9,levanti_harakat_prediction
مَصَاروة,masaarwe,msaawara,False,8,8,0-9,0-9,levanti_harakat_prediction
دَقْمِة,duqme,daqme,False,7,5,0-9,0-9,levanti_harakat_prediction
يِنْطّلِي,yintili,yintili,True,9,7,0-9,0-9,levanti_harakat_prediction
ضِبّ,dubb,dabb,False,4,4,0-9,0-9,levanti_harakat_prediction
يِسْلُِّك,ysallik,ysallik,True,9,7,0-9,0-9,levanti_harakat_prediction
صِغْرَة,sughra,szghara,False,7,6,0-9,0-9,levanti_harakat_prediction
تْعَلُّم,t3allam,t3allam,True,8,7,0-9,0-9,levanti_harakat_prediction
يْؤَجِّل,y2ajjil,y2ajjil,True,8,7,0-9,0-9,levanti_harakat_prediction
قتَبا,qatba,qataab,False,5,5,0-9,0-9,levanti_harakat_prediction
تَعَدُّد,ta3uddud,t3addad,False,8,8,0-9,0-9,levanti_harakat_prediction
شَطِر,shatir,shattir,False,5,6,0-9,0-9,levanti_harakat_prediction
مِش مَالِي عَيّن,mish maali 3een,mish maali 3een,True,16,15,10-19,10-19,levanti_harakat_prediction
يِتْفِقُه,yitfaqqah,yitfaqqah,True,9,9,0-9,0-9,levanti_harakat_prediction
نَزْلِة,nazle,nazle,True,7,5,0-9,0-9,levanti_harakat_prediction
وَجْهُه مَخْطُوف,wijho makhtuuf,wijho makhtfuuf,False,16,14,10-19,10-19,levanti_harakat_prediction
غَنَم,ghanam,ghannim,False,5,6,0-9,0-9,levanti_harakat_prediction
حَصَالِة,7assaale,7asaale,False,8,8,0-9,0-9,levanti_harakat_prediction
إِنْحِرَاف,2in7iraaf,2in7iraaf,True,10,9,10-19,0-9,levanti_harakat_prediction
خِلاف,khilaaf,khilaaf,True,5,7,0-9,0-9,levanti_harakat_prediction
تَعْبِير,ta3biir,ta3biir,True,8,7,0-9,0-9,levanti_harakat_prediction
اُحْذِف,2i7zif,2i7zif,True,7,6,0-9,0-9,levanti_harakat_prediction
يِتْخَيَّب,yitkhayyab,yitkhayyab,True,10,10,10-19,10-19,levanti_harakat_prediction
قُلِّل,qulal,qallil,False,6,5,0-9,0-9,levanti_harakat_prediction
تَوَارِيْخ,tawaariikh,tawaariikh,True,10,10,10-19,10-19,levanti_harakat_prediction
يِزْرُم,yizram,yuzrum,False,7,6,0-9,0-9,levanti_harakat_prediction
مِسْتَنْظِف,mistandif,mustandif,False,11,9,10-19,0-9,levanti_harakat_prediction
يَوْم الطَّحْنِة,yoom 2itta7ne,yoom 2itta7le,False,16,13,10-19,10-19,levanti_harakat_prediction
اِسْتَلَقَى,2istalaqqa,2istalqa,False,11,10,10-19,10-19,levanti_harakat_prediction
اِنْكَشَح,2inkishi7,2inkasha7,False,9,9,0-9,0-9,levanti_harakat_prediction
هَبُّو,habu,habu,True,6,4,0-9,0-9,levanti_harakat_prediction
اِنْسَمَط,2insimit,2insamat,False,9,8,0-9,0-9,levanti_harakat_prediction
تَلَاحُم,tlaa7am,tlaa7am,True,8,7,0-9,0-9,levanti_harakat_prediction
عَجِز,3ajjaz,3ajjiz,False,5,6,0-9,0-9,levanti_harakat_prediction
بَزَّازِة,bazzaaze,bazzaaze,True,9,8,0-9,0-9,levanti_harakat_prediction
خوْصَة,khuusa,khoosa,False,6,6,0-9,0-9,levanti_harakat_prediction
حْرَّاث,7raath,7raas,False,7,6,0-9,0-9,levanti_harakat_prediction
صَايِر مِثْل البَلُّوْنَِة,saayir mitil 2ilballoone,saayrim 2ittil 2ilbuun,False,26,24,20-29,20-29,levanti_harakat_prediction
دَانِي,daani,daani,True,6,5,0-9,0-9,levanti_harakat_prediction
اِتْفَرَّز,2itfarraz,2itfarraz,True,10,9,10-19,0-9,levanti_harakat_prediction
صَابُوْنِة نَابِلسِيِّة,saabuune naabulsiyye,saabuunit 2innissabiyye,False,23,20,20-29,20-29,levanti_harakat_prediction
تْوَعَّد,twa33ad,twa33ad,True,8,7,0-9,0-9,levanti_harakat_prediction
عَطَايَا,3ataaya,3ataaya,True,8,7,0-9,0-9,levanti_harakat_prediction
يُهْبُط,yhabbit,yhabbit,True,7,7,0-9,0-9,levanti_harakat_prediction
يَعْلَن,yi3lin,y3allin,False,7,6,0-9,0-9,levanti_harakat_prediction
يِبْقَى,yibqa,yibqa,True,7,5,0-9,0-9,levanti_harakat_prediction
زَيّ الْبِفْتِة,zayy 2ilbafte,zayy 2ilbitfe,False,15,13,10-19,10-19,levanti_harakat_prediction
سْبَاط,subbaat,sbaat,False,6,7,0-9,0-9,levanti_harakat_prediction
عَقْلُه بْيْوَزِّن بَلَد,3aqlo byuuzin balad,3aqalo byuuzid binal,False,24,19,20-29,10-19,levanti_harakat_prediction
كَرْكَر,karkar,karkir,False,7,6,0-9,0-9,levanti_harakat_prediction
يِنْتِش,yuntush,yintashsh,False,7,7,0-9,0-9,levanti_harakat_prediction
يِحْلْقِم,y7alqim,y7alqim,True,9,7,0-9,0-9,levanti_harakat_prediction
نُوْد,nuud,nawwid,False,5,4,0-9,0-9,levanti_harakat_prediction
أَوْغَاد,2awghaad,2awghaad,True,8,8,0-9,0-9,levanti_harakat_prediction
سفْلُق,safliq,safliq,True,6,6,0-9,0-9,levanti_harakat_prediction
اِرْزِق,2irzuq,2irzuq,True,7,6,0-9,0-9,levanti_harakat_prediction
يَبَخت,ybakhkhit,ybakhkhit,True,6,9,0-9,0-9,levanti_harakat_prediction
سِخِف,sakhkhif,sakhkhif,True,5,8,0-9,0-9,levanti_harakat_prediction
ظُلُم,zallam,zallam,True,5,6,0-9,0-9,levanti_harakat_prediction
تَأْخِيْر,ta2khiir,ta2khiir,True,9,8,0-9,0-9,levanti_harakat_prediction
يِنْفِرِج,yinfirij,yinfirij,True,9,8,0-9,0-9,levanti_harakat_prediction
يِمْحَر,yma77ir,yim7ar,False,7,7,0-9,0-9,levanti_harakat_prediction
سلْكِي,silki,salki,False,6,5,0-9,0-9,levanti_harakat_prediction
شَايِط,shaayit,shaayit,True,6,7,0-9,0-9,levanti_harakat_prediction
اِتْدَرون,2iddarwan,2iddarwan,True,9,9,0-9,0-9,levanti_harakat_prediction
يِرْحَل,yra77il,yir7al,False,7,7,0-9,0-9,levanti_harakat_prediction
مُجْتَمَع,mujtama3,mujtami3,False,9,8,0-9,0-9,levanti_harakat_prediction
قُصَّيْب,qusseeb,qassiib,False,8,7,0-9,0-9,levanti_harakat_prediction
تِسْتُر,tsattar,tsattar,True,7,7,0-9,0-9,levanti_harakat_prediction
يِلْحَش,yil7ash,yil7ash,True,7,7,0-9,0-9,levanti_harakat_prediction
عَطِن,3attin,3attin,True,5,6,0-9,0-9,levanti_harakat_prediction
اِتْسَلْبَط,2itsalbat,2itsalbat,True,11,9,10-19,0-9,levanti_harakat_prediction
اِرْتِبَاك,2irtibaak,2irtibaak,True,10,9,10-19,0-9,levanti_harakat_prediction
تَرْمِيش,tarmiish,tarmiish,True,8,8,0-9,0-9,levanti_harakat_prediction
كْوَاز,kwaaz,kwaaz,True,6,5,0-9,0-9,levanti_harakat_prediction
يِتْحَامَى,yit7aama,yit7aama,True,10,8,10-19,0-9,levanti_harakat_prediction
تْحَزْلَط,t7azlat,t7azlat,True,9,7,0-9,0-9,levanti_harakat_prediction
بِطَاقَة,bitaaqa,bitaaqa,True,8,7,0-9,0-9,levanti_harakat_prediction
كْلَاكِيع,kalaakii3,kalaakii3,True,9,9,0-9,0-9,levanti_harakat_prediction
لَبْخَِة,labkha,labkha,True,8,6,0-9,0-9,levanti_harakat_prediction
إِلْغَاء,2ilghaa2,2ilghaa2,True,8,8,0-9,0-9,levanti_harakat_prediction
جوَارِي,jawaari,jawaari,True,7,7,0-9,0-9,levanti_harakat_prediction
صِيْنِيَّة,siiniyye,siiniyye,True,10,8,10-19,0-9,levanti_harakat_prediction
اِرْتَبَط,2irtabat,2irtabat,True,9,8,0-9,0-9,levanti_harakat_prediction
أَدْيَان,2adyaan,2adyaan,True,8,7,0-9,0-9,levanti_harakat_prediction
يِعْتِرِس,y3atris,yi3tiris,False,9,7,0-9,0-9,levanti_harakat_prediction
اُشْكُر,2ushkur,2ushkur,True,7,7,0-9,0-9,levanti_harakat_prediction
مِتْحَمِّم,mit7ammim,mit7ammim,True,10,9,10-19,0-9,levanti_harakat_prediction
افِّقش,2ufqush,2ifqish,False,6,7,0-9,0-9,levanti_harakat_prediction
شَفْطَة,shafta,shafta,True,7,6,0-9,0-9,levanti_harakat_prediction
زَرْقَل,zargal,zargil,False,7,6,0-9,0-9,levanti_harakat_prediction
مُخْطِئ,mikhti2,mukhta2,False,7,7,0-9,0-9,levanti_harakat_prediction
سِبِت,sabt,sabbit,False,5,4,0-9,0-9,levanti_harakat_prediction
اتْسَنْفَر,2itsanfar,2itsanfar,True,10,9,10-19,0-9,levanti_harakat_prediction
كِثِر,kutur,kattar,False,5,5,0-9,0-9,levanti_harakat_prediction
حَوْلَب,7oolib,7oolib,True,7,6,0-9,0-9,levanti_harakat_prediction
كَعَيْكْلِي,tsh3eetshli,ka3iikili,False,11,11,10-19,10-19,levanti_harakat_prediction
صَيْبَعَة,seeba3a,seeba3a,True,9,7,0-9,0-9,levanti_harakat_prediction
تْخَلَّى,takhalla,tkhalla,False,8,8,0-9,0-9,levanti_harakat_prediction
دَفْتَر خَرْطُوْش,daftar khartuush,daftar khartuush,True,17,16,10-19,10-19,levanti_harakat_prediction
حِفِّة,7iffe,7iffe,True,6,5,0-9,0-9,levanti_harakat_prediction
اِتْجَذْمَر,2itdjadhmar,2itdjadhmar,True,11,11,10-19,10-19,levanti_harakat_prediction
أَجْودِة,2ajwide,2ajwade,False,8,7,0-9,0-9,levanti_harakat_prediction
اِسْتَحْقَر,2istaqar,2ista7qir,False,11,8,10-19,0-9,levanti_harakat_prediction
ميْطِن,meetan,maytin,False,6,6,0-9,0-9,levanti_harakat_prediction
مِتْوَفِّي,mitwaffi,mitwaffi,True,10,8,10-19,0-9,levanti_harakat_prediction
يُوْفَد,yuufid,ywaffid,False,7,6,0-9,0-9,levanti_harakat_prediction
مَاعِنْدُه ذِقِن مْمَشَّطَة,maa3indo diqin 2immashshatta,maa3indo shaqit min,False,27,28,20-29,20-29,levanti_harakat_prediction
يِخْلَع,ykhalli3,yikhla3,False,7,8,0-9,0-9,levanti_harakat_prediction
فِقّى,faqa,faqqa,False,5,4,0-9,0-9,levanti_harakat_prediction
بْضَاعَة,bdaa3a,bdaa3a,True,8,6,0-9,0-9,levanti_harakat_prediction
فَرْجَاهَا العَجَب,farjaaha 2il3ajab,farjaah 2il3ab,False,18,17,10-19,10-19,levanti_harakat_prediction
مُصَاب,musaab,musaab,True,6,6,0-9,0-9,levanti_harakat_prediction
طَرْبِق,tarbiq,tarbiq,True,7,6,0-9,0-9,levanti_harakat_prediction
يِحْجِز,yu7juz,yi7jiz,False,7,6,0-9,0-9,levanti_harakat_prediction
أَوَّل الرَّقِيْص حَجْلَان,2awwal 2irruqees 7adjalaan,2awwal 2irriljaan 2ilisa7,False,26,26,20-29,20-29,levanti_harakat_prediction
شُخْبط,shakhbit,shakhtab,False,6,8,0-9,0-9,levanti_harakat_prediction
جَاح,jaa7,jaa7,True,4,4,0-9,0-9,levanti_harakat_prediction
فَارِد صِدْرُه,faarid sidro,faarid sido,False,14,12,10-19,10-19,levanti_harakat_prediction
اِبْلَع,2ibla3,2ibla3,True,7,6,0-9,0-9,levanti_harakat_prediction
اِتْخَلُوع,2itkhalwa3,2itkhalwa3,True,10,10,10-19,10-19,levanti_harakat_prediction
يِمْتِن,ymattin,yimtin,False,7,7,0-9,0-9,levanti_harakat_prediction
دَبَّس الرُّمَّان,dibs 2irrumaan,dabbas 2irraamun,False,17,14,10-19,10-19,levanti_harakat_prediction
اُؤْجِر,2u2jar,2u2jur,False,7,6,0-9,0-9,levanti_harakat_prediction
صَفَّارَة,suffaara,saffaara,False,9,8,0-9,0-9,levanti_harakat_prediction
أَسْرَى,2asra,2asra,True,7,5,0-9,0-9,levanti_harakat_prediction
فَجَر,fajjar,fajjar,True,5,6,0-9,0-9,levanti_harakat_prediction
يِسْمَد,ysammid,yismad,False,7,7,0-9,0-9,levanti_harakat_prediction
يِسْعدُن,ysa3din,yis3idin,False,8,7,0-9,0-9,levanti_harakat_prediction
اتْمَنْكَر,2itmankar,2itmankar,True,10,9,10-19,0-9,levanti_harakat_prediction
يِتْجَنَّد,yitjannad,yitjannad,True,10,9,10-19,0-9,levanti_harakat_prediction
بِتْلِت وْبْتِعْجِن,bitlitt wubti3jin,bitlatw bitbi3jin,False,19,17,10-19,10-19,levanti_harakat_prediction
نْشُوف وَجِه رَبّْنَا,nshuuf wijih rabnaa,nashuuf wijir binaab,False,21,19,20-29,10-19,levanti_harakat_prediction
تَحْذِير,ta7ziir,ta7ziir,True,8,7,0-9,0-9,levanti_harakat_prediction
يْفَرْفِط,yfarfit,yfarfit,True,9,7,0-9,0-9,levanti_harakat_prediction
أَرْبَاح,2arbaa7,2arbaa7,True,8,7,0-9,0-9,levanti_harakat_prediction
لَا يِفقّه شِي,laa yifqah shii,laa yifshiq shi,False,14,15,10-19,10-19,levanti_harakat_prediction
فَهْلَقَة,fahlaqa,fahlaqa,True,9,7,0-9,0-9,levanti_harakat_prediction
شِهِد,shahhad,shahhid,False,5,7,0-9,0-9,levanti_harakat_prediction
اِكْرُِش,2ukrush,2ikrish,False,8,7,0-9,0-9,levanti_harakat_prediction
الزَّمّ,2ilzam,2ilzim,False,7,6,0-9,0-9,levanti_harakat_prediction
يِتْطَاوَق,yittaawaq,yittaawaq,True,10,9,10-19,0-9,levanti_harakat_prediction
مَصْرُوْف,masruuf,masruuf,True,9,7,0-9,0-9,levanti_harakat_prediction
يِسْفُّه,ysaffih,ysaffih,True,8,7,0-9,0-9,levanti_harakat_prediction
يْفَطِّس,yfattis,yfattis,True,8,7,0-9,0-9,levanti_harakat_prediction
غِيْرَان,ghayraan,ghiiraan,False,8,8,0-9,0-9,levanti_harakat_prediction
اِتْغَشْمِن,2itghashman,2itghashman,True,11,11,10-19,10-19,levanti_harakat_prediction
قتَالِي,qitaali,qataali,False,7,7,0-9,0-9,levanti_harakat_prediction
يِتْرَافَع,yitraafa3,yitraafa3,True,10,9,10-19,0-9,levanti_harakat_prediction
مَجِد,majjid,majjid,True,5,6,0-9,0-9,levanti_harakat_prediction
يَدَّيْك,ydayyik,ydayyik,True,8,7,0-9,0-9,levanti_harakat_prediction
جَلْطَة,jalta,jalta,True,7,5,0-9,0-9,levanti_harakat_prediction
اِتْوَدَّد,2itwaddad,2itwaddad,True,10,9,10-19,0-9,levanti_harakat_prediction
يِتْطَعَّم,yitta33am,yitta33am,True,10,9,10-19,0-9,levanti_harakat_prediction
مْقَحْمِز,mka7miz,mqka7miz,False,9,7,0-9,0-9,levanti_harakat_prediction
تَفْرِيْز,tafriiz,tafriiz,True,9,7,0-9,0-9,levanti_harakat_prediction
رمَال,rimaal,rmaal,False,5,6,0-9,0-9,levanti_harakat_prediction
اُحْظُر,2u7zur,2u7zur,True,7,6,0-9,0-9,levanti_harakat_prediction
حَقَائِق,7aqaa2iq,7aqaa2iq,True,8,8,0-9,0-9,levanti_harakat_prediction
عَيْب عَشْوَارْبُه,3eeb 3ashawaarbo,3eeb 3ashuurhabo,False,18,16,10-19,10-19,levanti_harakat_prediction
يِقْري,yqkgarri,yqarri,False,6,8,0-9,0-9,levanti_harakat_prediction
صَلَع,salla3,salli3,False,5,6,0-9,0-9,levanti_harakat_prediction
اِنْحَقّ,2in7aqq,2in7aqq,True,8,7,0-9,0-9,levanti_harakat_prediction
زَابِل,zaabil,zaabil,True,6,6,0-9,0-9,levanti_harakat_prediction
جَمْرَة الْمَيّ,jamrit 2ilmayy,jamra 2ilmiyye,False,15,14,10-19,10-19,levanti_harakat_prediction
اِتْحَزَّب,2it7azzab,2it7azzab,True,10,9,10-19,0-9,levanti_harakat_prediction
أَسْنَان,2asnaan,2asnaan,True,8,7,0-9,0-9,levanti_harakat_prediction
أَخْطَأ,2akhta2,2akhta2,True,7,7,0-9,0-9,levanti_harakat_prediction
كُوْم لَحِم,koom la7im,koom la7im,True,11,10,10-19,10-19,levanti_harakat_prediction
اِسْتِعْصَام,2isti3saam,2isti3saam,True,12,10,10-19,10-19,levanti_harakat_prediction
غمِي,ghimi,ghammi,False,4,5,0-9,0-9,levanti_harakat_prediction
أَعْشَاش,2a3shaash,2a3shaash,True,8,9,0-9,0-9,levanti_harakat_prediction
حْبُّوب اللِّقَاح,7buub 2illuqaa7,7abbuub 2ilqq,False,17,15,10-19,10-19,levanti_harakat_prediction
يَجُوْد,yjawwid,yjawwid,True,7,7,0-9,0-9,levanti_harakat_prediction
نَقِي,naqqi,naqi,False,5,5,0-9,0-9,levanti_harakat_prediction
ممَرْدِغ,2immardigh,mmradrigh,False,8,10,0-9,10-19,levanti_harakat_prediction
ضِنّى,dana,dana,True,5,4,0-9,0-9,levanti_harakat_prediction
ذَبِيْحَة الأَسَاس,dbii7it 2il2asaas,2abii7aaz 2il2asase,False,18,17,10-19,10-19,levanti_harakat_prediction
فْلُوْتِي,faluuti,faltuuti,False,9,7,0-9,0-9,levanti_harakat_prediction
يْكَابِر,ykaabir,ykaabir,True,8,7,0-9,0-9,levanti_harakat_prediction
يْحَوِّس,y7uus,y7awwis,False,8,5,0-9,0-9,levanti_harakat_prediction
اِنْخَطَف,2inkhataf,2inkhataf,True,9,9,0-9,0-9,levanti_harakat_prediction
تَحْوِيش,ta7wiish,ta7wiish,True,8,8,0-9,0-9,levanti_harakat_prediction
يسْتُر,ysattir,ysattir,True,6,7,0-9,0-9,levanti_harakat_prediction
يِشْفِي,yishfi,yishfi,True,7,6,0-9,0-9,levanti_harakat_prediction
كَعْبَل,ka3bal,ka3bal,True,7,6,0-9,0-9,levanti_harakat_prediction
زَرْقَا,zarqa,zarga,False,7,5,0-9,0-9,levanti_harakat_prediction
صَبَّارَة بِرْكِة,subbaarit barake,sabbaarit kabra,False,17,16,10-19,10-19,levanti_harakat_prediction
شَرْد,sharrid,sharrid,True,5,7,0-9,0-9,levanti_harakat_prediction
اِتْعَازَم,2it3aazam,2it3aazam,True,10,9,10-19,0-9,levanti_harakat_prediction
يَعِجّ,y3idjdj,y3ijj,False,6,7,0-9,0-9,levanti_harakat_prediction
فُصُوْص,fsuus,fusuus,False,7,5,0-9,0-9,levanti_harakat_prediction
إِقْرَار,2iqraar,2iqraar,True,8,7,0-9,0-9,levanti_harakat_prediction
خُنْفُسَاء,khunfasa,khunfasaa2,False,10,8,10-19,0-9,levanti_harakat_prediction
مْنَوَّر,mnawwir,mnawwir,True,8,7,0-9,0-9,levanti_harakat_prediction
تْلَوَّق,tlawwaq,tlawwaq,True,8,7,0-9,0-9,levanti_harakat_prediction
سَاحَة,saa7a,saa7a,True,6,5,0-9,0-9,levanti_harakat_prediction
مُخَْبَّز,makhbaz,mkhabbiz,False,9,7,0-9,0-9,levanti_harakat_prediction
يِتْكَشَّف,yitkashshaf,yitkashshaf,True,10,11,10-19,10-19,levanti_harakat_prediction
يِجْهَر,yijhar,yijhar,True,7,6,0-9,0-9,levanti_harakat_prediction
غَابِة,ghaabe,ghaabe,True,6,6,0-9,0-9,levanti_harakat_prediction
إِصْلَاحِي,2islaa7i,2islaa7i,True,10,8,10-19,0-9,levanti_harakat_prediction
يِسَرْقِط,ysarkit,ysarkit,True,9,7,0-9,0-9,levanti_harakat_prediction
هَاذِي,haadi,haadhi,False,6,5,0-9,0-9,levanti_harakat_prediction
اسْتَجَار,2istajaar,2istajaar,True,9,9,0-9,0-9,levanti_harakat_prediction
رَدَّان,rdaan,raddaan,False,7,5,0-9,0-9,levanti_harakat_prediction
اِسْأَل مْجَرِّب وَلَّا تِسْأَل خَبِير,2is2al mjarrib wala tis2al khabiir,2is2al marjal wu2abis kharib las,False,38,34,30-39,30-39,levanti_harakat_prediction
اِفْلِم,2iflam,2iflim,False,7,6,0-9,0-9,levanti_harakat_prediction
اِتْفَنّش,2itfannash,2itfannash,True,9,10,0-9,10-19,levanti_harakat_prediction
اِنْشَخَل,2inshakhal,2inshikhil,False,9,10,0-9,10-19,levanti_harakat_prediction
دَنْقَر,danqir,danqar,False,7,6,0-9,0-9,levanti_harakat_prediction
يِسْتَيْسِر,yistaysir,yistaysir,True,11,9,10-19,0-9,levanti_harakat_prediction
يِطَقْطِق,ytaqtiq,ytaqtiq,True,9,7,0-9,0-9,levanti_harakat_prediction
يَزُوع,yzawwi3,yzawwi3,True,6,7,0-9,0-9,levanti_harakat_prediction
اِمْسَخ,2imsakh,2imsakh,True,7,7,0-9,0-9,levanti_harakat_prediction
مَاكِل,maakil,maakil,True,6,6,0-9,0-9,levanti_harakat_prediction
أَقْلَم,2aqlam,2aqlam,True,7,6,0-9,0-9,levanti_harakat_prediction
دَبَابِير,dabaabiir,dabaabiir,True,9,9,0-9,0-9,levanti_harakat_prediction
كَلَامُه بِيتْثَقَّل بِالذَّهَب,kalaamo byitthaqqal bidhdhahab,kalaamo bittil daq,False,31,30,30-39,30-39,levanti_harakat_prediction
أَطْرَب,2atrab,2atrab,True,7,6,0-9,0-9,levanti_harakat_prediction
عَقِل,3aqil,3aqqil,False,5,5,0-9,0-9,levanti_harakat_prediction
عَيْش,3iish,3ayyish,False,5,5,0-9,0-9,levanti_harakat_prediction
حَوْسِة,7oose,7oose,True,7,5,0-9,0-9,levanti_harakat_prediction
بحَوض نَعْنَع,b7ood na3na3,ba7uun 3adan,False,13,12,10-19,10-19,levanti_harakat_prediction
يْعَاقِب,y3aaqib,y3aaqib,True,8,7,0-9,0-9,levanti_harakat_prediction
جِلْدِة رَاسُه خْمِيلِة,jildit raaso khmiile,jilde raasit 2ilkhume,False,23,20,20-29,20-29,levanti_harakat_prediction
بِتْقَلَّب بْقَبْرُه,bitqallab biqabro,bitqalbo braqq,False,20,17,20-29,10-19,levanti_harakat_prediction
خَنْصَر,khansar,khansir,False,7,7,0-9,0-9,levanti_harakat_prediction
لِسّ,liss,liss,True,4,4,0-9,0-9,levanti_harakat_prediction
بَرَاءَة,baraa2a,baraa2a,True,8,7,0-9,0-9,levanti_harakat_prediction
عَيْنُه مِش مْمَلَّحَة,3eeno mish 2immalla7a,3eeno mshamsh 7amlame,False,22,21,20-29,20-29,levanti_harakat_prediction
فيْع,fayya3,fayyi3,False,4,6,0-9,0-9,levanti_harakat_prediction
عَاجِن,3aajin,3aajin,True,6,6,0-9,0-9,levanti_harakat_prediction
حَطُّه تَحِت بَاطُه,7atto ta7it baato,7atto ta7ib taabo,False,19,17,10-19,10-19,levanti_harakat_prediction
تَدَاوَى,2iddaawa,2iddaawa,True,8,8,0-9,0-9,levanti_harakat_prediction
تَجْيِير,tajyiir,tajiir,False,8,7,0-9,0-9,levanti_harakat_prediction
يْحَسْحِس,y7as7is,y7as7is,True,9,7,0-9,0-9,levanti_harakat_prediction
اِنْلَحَم,2inla7am,2inli7im,False,9,8,0-9,0-9,levanti_harakat_prediction
مَصَايِب,masaayib,masaayib,True,8,8,0-9,0-9,levanti_harakat_prediction
اِنْفِيّ,2infi,2infi,True,8,5,0-9,0-9,levanti_harakat_prediction
مَسَاخِيط,masaakhiit,masaakhiit,True,9,10,0-9,10-19,levanti_harakat_prediction
عَظَّم الله أَجَرْكُم,3azzam 2allaa 2ajrakum,3azam 2ilkar 2adjmo,False,21,22,20-29,20-29,levanti_harakat_prediction
أَحِبِّة,2a7ibba,2a7be,False,8,7,0-9,0-9,levanti_harakat_prediction
أَلْبَان,2albaan,2albaan,True,8,7,0-9,0-9,levanti_harakat_prediction
اِفْرُد وَجْهَك,2ifrid wijhak,2ifrud juukha,False,15,13,10-19,10-19,levanti_harakat_prediction
نهِج,nahadj,nahhadj,False,4,6,0-9,0-9,levanti_harakat_prediction
اِعْتَق,2i3tiq,2i3tiq,True,7,6,0-9,0-9,levanti_harakat_prediction
أَدْغَم,2adgham,2adgham,True,7,7,0-9,0-9,levanti_harakat_prediction
مَانِع,maani3,maani3,True,6,6,0-9,0-9,levanti_harakat_prediction
يَآيِس,y2aayis,y2aayis,True,6,7,0-9,0-9,levanti_harakat_prediction
اِتْقَاتِل,2itqaatal,2itqaatal,True,10,9,10-19,0-9,levanti_harakat_prediction
قْصُوْل,qaswal,qsuul,False,7,6,0-9,0-9,levanti_harakat_prediction
تِغْزِّز,tghazzaz,tghazzaz,True,8,8,0-9,0-9,levanti_harakat_prediction
رَشْتِة,rushte,rashte,False,7,6,0-9,0-9,levanti_harakat_prediction
يِرْسِّب,yrassib,yrassib,True,8,7,0-9,0-9,levanti_harakat_prediction
سْدُور,sduur,sduur,True,6,5,0-9,0-9,levanti_harakat_prediction
حَيّل,7iil,7ayyal,False,5,4,0-9,0-9,levanti_harakat_prediction
قَرْقَض,qarqid,qarqad,False,7,6,0-9,0-9,levanti_harakat_prediction
عَبَّك,3abatsh,3abbik,False,6,7,0-9,0-9,levanti_harakat_prediction
ثْنَاء,thanaa2,tnaa2,False,6,7,0-9,0-9,levanti_harakat_prediction
ضِعِف,da33if,da3af,False,5,6,0-9,0-9,levanti_harakat_prediction
اِحْتَفَل,2i7tifil,2i7tafal,False,9,8,0-9,0-9,levanti_harakat_prediction
سْكَّاسِيك,sakaasiik,sukkaasi,False,10,9,10-19,0-9,levanti_harakat_prediction
نَخَخ,nakhkhakh,nakhkhikh,False,5,9,0-9,0-9,levanti_harakat_prediction
تَقْيِيم,taqyiim,taqiim,False,8,7,0-9,0-9,levanti_harakat_prediction
غلَى,ghala,ghalla,False,4,5,0-9,0-9,levanti_harakat_prediction
تَرَاسُل,traasal,traasal,True,8,7,0-9,0-9,levanti_harakat_prediction
اسْتَلْطَف,2istaltif,2istaltaf,False,10,9,10-19,0-9,levanti_harakat_prediction
لَحْلَح,la7la7,la7la7,True,7,6,0-9,0-9,levanti_harakat_prediction
يَعْلَك,y3allik,yi3lik,False,7,7,0-9,0-9,levanti_harakat_prediction
اِنْفَرِي,2infiri,2infiri,True,9,7,0-9,0-9,levanti_harakat_prediction
يْبَلْطِق,ybaltik,ybaltiq,False,9,7,0-9,0-9,levanti_harakat_prediction
اِنْصَاب,2insaab,2insaab,True,8,7,0-9,0-9,levanti_harakat_prediction
مِن وَرَاك,min waraak,min waraak,True,10,10,10-19,10-19,levanti_harakat_prediction
اِسْتَقْتَل,2istaqtil,2istaqtal,False,11,9,10-19,0-9,levanti_harakat_prediction
لَاغِي,laaghi,laaghi,True,6,6,0-9,0-9,levanti_harakat_prediction
يِتوعَك,yitwa33ak,yitwa33ak,True,7,9,0-9,0-9,levanti_harakat_prediction
أَمَل,2ammil,2ammal,False,5,6,0-9,0-9,levanti_harakat_prediction
مْسَاْيْسِة,msaayase,msaayse,False,11,8,10-19,0-9,levanti_harakat_prediction
قَمْلِة,qamle,qamle,True,7,5,0-9,0-9,levanti_harakat_prediction
سَحْبِة,sa7be,sa7be,True,7,5,0-9,0-9,levanti_harakat_prediction
مِنْخَار,minkhaar,minkhaar,True,8,8,0-9,0-9,levanti_harakat_prediction
جَرْد,jarad,jarrid,False,5,5,0-9,0-9,levanti_harakat_prediction
اِتْوَاقَى,2itwaaqa,2itwaaqa,True,10,8,10-19,0-9,levanti_harakat_prediction
عيي,3ayyi,3iya,False,3,5,0-9,0-9,levanti_harakat_prediction
يْجَاوِل,yjaawil,yjaawil,True,8,7,0-9,0-9,levanti_harakat_prediction
عُمْدِة,3umde,3umde,True,7,5,0-9,0-9,levanti_harakat_prediction
يِتْشَرَّى,yitsharra,yitsharra,True,10,9,10-19,0-9,levanti_harakat_prediction
أَمْثِلِة,2amsile,2amsile,True,9,7,0-9,0-9,levanti_harakat_prediction
الْقَفّ,2ulquf,2ilqaf,False,7,6,0-9,0-9,levanti_harakat_prediction
قَلْزِة,2alze,qalze,False,7,5,0-9,0-9,levanti_harakat_prediction
كَفُّوا إِيدُه,kaffuu 2iido,kafu 2iido,False,14,12,10-19,10-19,levanti_harakat_prediction
اِحْمَد رَبَّك,2i7mid rabbak,2i7madd rabak,False,14,13,10-19,10-19,levanti_harakat_prediction
يَِعْشَق,y3ashshiq,y3ashshiq,True,8,9,0-9,0-9,levanti_harakat_prediction
فِيْل,fayyal,fiil,False,5,6,0-9,0-9,levanti_harakat_prediction
يَا قوْم,yaa qawm,yaa quum,False,8,8,0-9,0-9,levanti_harakat_prediction
بْرَى,bara,bara,True,5,4,0-9,0-9,levanti_harakat_prediction
كَرْتُون,kartuun,kartuun,True,8,7,0-9,0-9,levanti_harakat_prediction
ضَيْف ثْقِيْل,deef tqiil,deef tqiil,True,13,10,10-19,10-19,levanti_harakat_prediction
يكْرَمْش,ykarmish,ykarmish,True,8,8,0-9,0-9,levanti_harakat_prediction
سَكِت,sakat,sakkit,False,5,5,0-9,0-9,levanti_harakat_prediction
لَمْز,lamaz,lammiz,False,5,5,0-9,0-9,levanti_harakat_prediction
مَكْمُوْر,makmuur,makmuur,True,9,7,0-9,0-9,levanti_harakat_prediction
فَرْفَد,farfid,farfad,False,7,6,0-9,0-9,levanti_harakat_prediction
اِنْطَبَق,2intabaq,2intibiq,False,9,8,0-9,0-9,levanti_harakat_prediction
عَبَط,3abat,3abbit,False,5,5,0-9,0-9,levanti_harakat_prediction
اِفْقُه,2ifqah,2ufquh,False,7,6,0-9,0-9,levanti_harakat_prediction
يِتْلَخَّص,yitlakhkhas,yitlakhkhas,True,10,11,10-19,10-19,levanti_harakat_prediction
مُغْلَق,mughlaq,mghalliq,False,7,7,0-9,0-9,levanti_harakat_prediction
بِطِئ,batti2,batti2,True,5,6,0-9,0-9,levanti_harakat_prediction
يِرْتِكِز,yirtikiz,yirtikiz,True,9,8,0-9,0-9,levanti_harakat_prediction
حُوِي,7iwi,7awwi,False,5,4,0-9,0-9,levanti_harakat_prediction
يْصَوِّر,ysawwir,ysawwir,True,8,7,0-9,0-9,levanti_harakat_prediction
فَهلَق,fahliq,fahlaq,False,6,6,0-9,0-9,levanti_harakat_prediction
حِمْلِت,7imlat,7amlat,False,7,6,0-9,0-9,levanti_harakat_prediction
حَنْحَن,7an7in,7an7an,False,7,6,0-9,0-9,levanti_harakat_prediction
قَرَاطِيْف,qaraatiif,qaraatiif,True,10,9,10-19,0-9,levanti_harakat_prediction
دَادِى,daada,daada,True,6,5,0-9,0-9,levanti_harakat_prediction
فَوّْضوي,fawdawi,fawwidi,False,8,7,0-9,0-9,levanti_harakat_prediction
مَدْفُوْس,madfuus,madfuus,True,9,7,0-9,0-9,levanti_harakat_prediction
فِصِح,fassa7,fassi7,False,5,6,0-9,0-9,levanti_harakat_prediction
يْرطّ,yrutt,yrutt,True,5,5,0-9,0-9,levanti_harakat_prediction
اِسْتِغْلَالِي,2istighlaali,2istighlaali,True,14,12,10-19,10-19,levanti_harakat_prediction
اِتْغَضَّب,2itghaddab,2itghaddab,True,10,10,10-19,10-19,levanti_harakat_prediction
مِقَرْبَِط,mqarbit,mqarbit,True,10,7,10-19,0-9,levanti_harakat_prediction
اِطْمَسّ,2utmus,2itmass,False,8,6,0-9,0-9,levanti_harakat_prediction
مْبَرْجِل,mbarjil,mbarjil,True,9,7,0-9,0-9,levanti_harakat_prediction
يَكُوْن,ykawwin,ykawwin,True,7,7,0-9,0-9,levanti_harakat_prediction
يُبْرُص,ybarris,yibras,False,7,7,0-9,0-9,levanti_harakat_prediction
غَيَّار,ghayaar,ghayyaar,False,7,7,0-9,0-9,levanti_harakat_prediction
يِرْضَع,yirda3,yirda3,True,7,6,0-9,0-9,levanti_harakat_prediction
يِنْقِل,ynaqqil,yinqil,False,7,7,0-9,0-9,levanti_harakat_prediction
تْفَنَّش,tfannash,tfannash,True,8,8,0-9,0-9,levanti_harakat_prediction
يْغَرْبِل,ygharbil,ygharbil,True,9,8,0-9,0-9,levanti_harakat_prediction
يِنْخَِمِع,yinkhimi3,yinkhimi3,True,10,9,10-19,0-9,levanti_harakat_prediction
حَرْكَشِة,7arkashe,7arkashe,True,9,8,0-9,0-9,levanti_harakat_prediction
أَهْتَر,2ahtar,2ahtar,True,7,6,0-9,0-9,levanti_harakat_prediction
تَصْلِيْح,taslii7,taslii7,True,9,7,0-9,0-9,levanti_harakat_prediction
أَجْمَل,2ajmal,2ajmal,True,7,6,0-9,0-9,levanti_harakat_prediction
قِرْفص,qarfis,qarfas,False,6,6,0-9,0-9,levanti_harakat_prediction
مْآنِسِة,m2aanase,m2aanse,False,8,8,0-9,0-9,levanti_harakat_prediction
يْصَادِف,ysaadif,ysaadif,True,8,7,0-9,0-9,levanti_harakat_prediction
سِلَاح,slaa7,silaa7,False,6,5,0-9,0-9,levanti_harakat_prediction
فَاضِي البَال,faadi 2ilbaal,faadi 2ilbal,False,13,13,10-19,10-19,levanti_harakat_prediction
مْبَوْجَر,mboodjir,mboojir,False,9,8,0-9,0-9,levanti_harakat_prediction
رَصَّة سْنَان,rassit snaan,rasse naas,False,13,12,10-19,10-19,levanti_harakat_prediction
تْغَرَّب,tgharrab,tgharrab,True,8,8,0-9,0-9,levanti_harakat_prediction
مَتَاعِيس,mataa3iis,mataa3iis,True,9,9,0-9,0-9,levanti_harakat_prediction
تِحْزم,t7azzam,t7azzam,True,6,7,0-9,0-9,levanti_harakat_prediction
عَظرِت,3adhrat,3azrit,False,6,7,0-9,0-9,levanti_harakat_prediction
هَدَم,hadim,haddim,False,5,5,0-9,0-9,levanti_harakat_prediction
اِتْخَدَّر,2itkhaddar,2itkhaddar,True,10,10,10-19,10-19,levanti_harakat_prediction
فَغَم,faghim,faghgham,False,5,6,0-9,0-9,levanti_harakat_prediction
حَجِر الْعَين,7ajar 2il3een,7ajir 2il3een,False,13,13,10-19,10-19,levanti_harakat_prediction
طَجِّة,tadjdje,tajje,False,6,7,0-9,0-9,levanti_harakat_prediction
عَكَفِة,3akfe,3akfa,False,7,5,0-9,0-9,levanti_harakat_prediction
يِضِجّ,ydujj,ydijj,False,6,5,0-9,0-9,levanti_harakat_prediction
ظَابِح,dhaabi7,dhaabi7,True,6,7,0-9,0-9,levanti_harakat_prediction
لِتِن,lattan,lattin,False,5,6,0-9,0-9,levanti_harakat_prediction
يْفَنْجِر,yfanjir,yfanjir,True,9,7,0-9,0-9,levanti_harakat_prediction
وِرِث,warris,warras,False,5,6,0-9,0-9,levanti_harakat_prediction
مِنْخِرِط,minkhirit,munkharit,False,9,9,0-9,0-9,levanti_harakat_prediction
أَكَل حَقُّه,2akal 7aqqo,2akal 7aqqo,True,12,11,10-19,10-19,levanti_harakat_prediction
رَفَّه,raffah,raffah,True,6,6,0-9,0-9,levanti_harakat_prediction
يِتْكَثَّف,yitkassaf,yitkassaf,True,10,9,10-19,0-9,levanti_harakat_prediction
قَحْقَح,qa7qi7ka7ki7,qa7ka7ka7ka7,False,7,12,0-9,10-19,levanti_harakat_prediction
صَُنْدُوق السِّيْسَم,sunduuq 2iseesam,sanduuq 2issilmay,False,20,16,20-29,10-19,levanti_harakat_prediction
ثِقِل,taqqilta22ilthaggil,taqqil,False,5,19,0-9,10-19,levanti_harakat_prediction
عِقِر,3aqar,3aqqar,False,5,5,0-9,0-9,levanti_harakat_prediction
أَكِل مِقَلَّب,2akal maqlab,2akal mqallib,False,14,12,10-19,10-19,levanti_harakat_prediction
اِرْغِي,2irghi,2irghi,True,7,6,0-9,0-9,levanti_harakat_prediction
إِدْمَان,2idmaan,2idmaan,True,8,7,0-9,0-9,levanti_harakat_prediction
شُرْطَة,shurta,sharta,False,7,6,0-9,0-9,levanti_harakat_prediction
فَع,fi33,fa33,False,3,4,0-9,0-9,levanti_harakat_prediction
يْقَلْقِل,yqalqil,yqalqil,True,9,7,0-9,0-9,levanti_harakat_prediction
تِمْحَّك,tma77ak,tma77ak,True,8,7,0-9,0-9,levanti_harakat_prediction
تِلْحَف,tla77af,tla77af,True,7,7,0-9,0-9,levanti_harakat_prediction
لَبْلَب,liblib,lablab,False,7,6,0-9,0-9,levanti_harakat_prediction
كُوت,koot,kawwit,False,4,4,0-9,0-9,levanti_harakat_prediction
نِهْنُه,nahnih,nahnih,True,7,6,0-9,0-9,levanti_harakat_prediction
يِزْرَع,yzarri3,yizra3,False,7,7,0-9,0-9,levanti_harakat_prediction
حَنِيْرَك وَالجَاجِة تِنْقُر عِينَك,7unneerak wiljaaje tunqur 3eenak,7aniiri kuu3at 2iljank ye,False,35,32,30-39,30-39,levanti_harakat_prediction
عَكنن,3aknan,3aknin,False,5,6,0-9,0-9,levanti_harakat_prediction
اِتْمَعْمَل,2itma3mal,2itma3mal,True,11,9,10-19,0-9,levanti_harakat_prediction
يْقَدِّد,yqkgaddid,yqaddid,False,8,9,0-9,0-9,levanti_harakat_prediction
اِنْضَبّ,2indabb,2indabb,True,8,7,0-9,0-9,levanti_harakat_prediction
جُصص,jassas,jassis,False,4,6,0-9,0-9,levanti_harakat_prediction
يِسْتَهْتِر,yistahtir,yistahtir,True,11,9,10-19,0-9,levanti_harakat_prediction
تِلَفَّظ,tlaffaz,tlaffaz,True,8,7,0-9,0-9,levanti_harakat_prediction
حَاجِب,7aajib,7aajib,True,6,6,0-9,0-9,levanti_harakat_prediction
يِتْجَعَّم,yitdja33am,yitja33am,False,10,10,10-19,10-19,levanti_harakat_prediction
اِسْتَكْحَل,2istak7il,2istak7al,False,11,9,10-19,0-9,levanti_harakat_prediction
رِيْت,reet,rayyat,False,5,4,0-9,0-9,levanti_harakat_prediction
حِنِط,7annat,7annit,False,5,6,0-9,0-9,levanti_harakat_prediction
طَارِد,taarad,taarid,False,6,6,0-9,0-9,levanti_harakat_prediction
يِتْبَخْتَر,yitbakhtar,yitbakhtar,True,11,10,10-19,10-19,levanti_harakat_prediction
مَفْرُوْل,mfarwil,mafruul,False,9,7,0-9,0-9,levanti_harakat_prediction
قُمِل,qamil,qammal,False,5,5,0-9,0-9,levanti_harakat_prediction
مْمَاسِح,mamaasi7,mamaasi7,True,8,8,0-9,0-9,levanti_harakat_prediction
مِسْتَنْطِق,mistantiq,mustanqit,False,11,9,10-19,0-9,levanti_harakat_prediction
لِزِّع,laza3,lazzi3,False,6,5,0-9,0-9,levanti_harakat_prediction
تَجَاوُب,tjaawab,tjaawab,True,8,7,0-9,0-9,levanti_harakat_prediction
مْشَوَّر,mashwir,mshawwir,False,8,7,0-9,0-9,levanti_harakat_prediction
دَكِّة,dikke,dakke,False,6,5,0-9,0-9,levanti_harakat_prediction
دِمَّايِة,dammayye,dimmaaye,False,9,8,0-9,0-9,levanti_harakat_prediction
فَقعْت مَعِي,faq3at ma3i,faq3it ma3y,False,12,11,10-19,10-19,levanti_harakat_prediction
تِرِس,tarras,tarris,False,5,6,0-9,0-9,levanti_harakat_prediction
نمُورَة,nammuura,numuura,False,7,8,0-9,0-9,levanti_harakat_prediction
مْهَرْجِل,mhargal,mhargil,False,9,7,0-9,0-9,levanti_harakat_prediction
كُرَة سَلِّة,kurat salle,kurrat sale,False,12,11,10-19,10-19,levanti_harakat_prediction
فطَر,fitir,fattir,False,4,5,0-9,0-9,levanti_harakat_prediction
كَشَف,kashshif,kashshaf,False,5,8,0-9,0-9,levanti_harakat_prediction
كِذْبِي,kizbi,kazbi,False,7,5,0-9,0-9,levanti_harakat_prediction
يِنمسِك,yinmisik,yinmisik,True,7,8,0-9,0-9,levanti_harakat_prediction
مُِمْتَاز,mumtaaz,mumtaazaaz,False,9,7,0-9,0-9,levanti_harakat_prediction
وَلّ,wall,will,False,4,4,0-9,0-9,levanti_harakat_prediction
سُخُوْل,skhuul,skhuul,True,7,6,0-9,0-9,levanti_harakat_prediction
ندِم,nidim,naddim,False,4,5,0-9,0-9,levanti_harakat_prediction
اِتْسَدَّح,2itsadda7,2itsadda7,True,10,9,10-19,0-9,levanti_harakat_prediction
اِدْفَا,2idfa,2idfa,True,7,5,0-9,0-9,levanti_harakat_prediction
تِلْعَبِن,tla3ban,tla3ban,True,9,7,0-9,0-9,levanti_harakat_prediction
عِتْقِي,3utqi,3atqi,False,7,5,0-9,0-9,levanti_harakat_prediction
رُزّ خَبَابِيْص,ruzz khabaabiis,ruzukh baabis,False,15,15,10-19,10-19,levanti_harakat_prediction
سَخِي,sikhi,sakhkhi,False,5,5,0-9,0-9,levanti_harakat_prediction
اِجْدَبّ,2ijdib,2ijdab,False,8,6,0-9,0-9,levanti_harakat_prediction
بعِث,ba3it,ba3at,False,4,5,0-9,0-9,levanti_harakat_prediction
يِسْتَعْرِض,yista3rid,yista3rid,True,11,9,10-19,0-9,levanti_harakat_prediction
خَلَّاط,khallaat,khallaat,True,7,8,0-9,0-9,levanti_harakat_prediction
أَصْعَب,2as3ab,2as3ab,True,7,6,0-9,0-9,levanti_harakat_prediction
مِتْدَوْلِق,middooli2,middooliq,False,11,9,10-19,0-9,levanti_harakat_prediction
اِمْعَص,2im3as,2im3as,True,7,6,0-9,0-9,levanti_harakat_prediction
سَوَاطِيْر,sawaatiir,sawaatiir,True,10,9,10-19,0-9,levanti_harakat_prediction
ثَنى,tanna,thanna,False,4,5,0-9,0-9,levanti_harakat_prediction
يَعَطِّس,yu3tus,y3attis,False,8,6,0-9,0-9,levanti_harakat_prediction
تْحَدَّى,t7adda,t7adda,True,8,6,0-9,0-9,levanti_harakat_prediction
يِخْشَع,yikhsha3,yikhsha3,True,7,8,0-9,0-9,levanti_harakat_prediction
يْصَارِع,ysaari3,ysaari3,True,8,7,0-9,0-9,levanti_harakat_prediction
مَصِل,masil,masal,False,5,5,0-9,0-9,levanti_harakat_prediction
بَارِد,baarid,baarid,True,6,6,0-9,0-9,levanti_harakat_prediction
دَاشِع مِش قَاشِع,daashi3 mush qaashi3,daa3ish mish qaash,False,17,20,10-19,20-29,levanti_harakat_prediction
قِتِر,qattir,qattar,False,5,6,0-9,0-9,levanti_harakat_prediction
بَرَشِت,brisht,barshat,False,7,6,0-9,0-9,levanti_harakat_prediction
حصص,7issas,7assas,False,3,6,0-9,0-9,levanti_harakat_prediction
خَمِيْس,khamiis,khamiis,True,7,7,0-9,0-9,levanti_harakat_prediction
اهْبُد,2ihbid,2ihbud,False,6,6,0-9,0-9,levanti_harakat_prediction
قِلِع,qalli3,qalli3,True,5,6,0-9,0-9,levanti_harakat_prediction
كِبْرِيتِة,kibriite,kabriite,False,10,8,10-19,0-9,levanti_harakat_prediction
تِلَقَّى,tlaqqa,tlaqqa,True,8,6,0-9,0-9,levanti_harakat_prediction
عَسَلَامْتُه,3asalaamto,3asalaamto,True,12,10,10-19,10-19,levanti_harakat_prediction
مْصَنْصَن,msansin,msansin,True,9,7,0-9,0-9,levanti_harakat_prediction
يْخَمِّس,ykhammis,ykhammis,True,8,8,0-9,0-9,levanti_harakat_prediction
يِتْعَيَّد,yit3ayyad,yit3ayyad,True,10,9,10-19,0-9,levanti_harakat_prediction
أَفْلَام كَرْتُون,2aflaam kartuun,2aflaam kartoon,False,17,15,10-19,10-19,levanti_harakat_prediction
مِطَرَّز,mtarriz,mtarriz,True,8,7,0-9,0-9,levanti_harakat_prediction
صِفِر,sifir,saffir,False,5,5,0-9,0-9,levanti_harakat_prediction
مُرُور الكْرَام,muruur 2ilkiraam,mruur 2ilkaram,False,15,16,10-19,10-19,levanti_harakat_prediction
الْوَلَد الْعَاطِل بِيْكَسِّر الْخَاطِر,2ilwalad 2il3aatil biksir 2ilkhaatir,2ilkhawal daar 2ilkattilis bi3ak,False,39,36,30-39,30-39,levanti_harakat_prediction
حَيّْر,7ayyir,7ayyar,False,6,6,0-9,0-9,levanti_harakat_prediction
يِتْشَرْبَح,yitsharba7,yitsharba7,True,11,10,10-19,10-19,levanti_harakat_prediction
اِتْجَلَّخ,2itjallakh,2itjallakh,True,10,10,10-19,10-19,levanti_harakat_prediction
نَوْل,nool,nawwil,False,5,4,0-9,0-9,levanti_harakat_prediction
يِتْبَخَّس,yitbakhkhas,yitbakhkhas,True,10,11,10-19,10-19,levanti_harakat_prediction
اِسْتَغَلّ,2istaghill,2istaghall,False,10,10,10-19,10-19,levanti_harakat_prediction
يِغِف,yghiff,yghiff,True,5,6,0-9,0-9,levanti_harakat_prediction
تمْتُم,tamtam,tamtam,True,6,6,0-9,0-9,levanti_harakat_prediction
مُعَارِض,mu3aarid,mu3aarid,True,8,8,0-9,0-9,levanti_harakat_prediction
يسَاوِي,ysaawi,ysaawi,True,7,6,0-9,0-9,levanti_harakat_prediction
عَكِيف كيُوفَك,3akeef kayyuufak,3akeef yuufik,False,14,16,10-19,10-19,levanti_harakat_prediction
بَوبِع,booba3,boobi3,False,6,6,0-9,0-9,levanti_harakat_prediction
تَشْرِيْعِي,tashrii3i,tashrii3i,True,11,9,10-19,0-9,levanti_harakat_prediction
مَهْجِة,muhje,mahje,False,7,5,0-9,0-9,levanti_harakat_prediction
جْيَاب,jyaab,jyaab,True,6,5,0-9,0-9,levanti_harakat_prediction
يُنْظُر,yunzur,yinzarr,False,7,6,0-9,0-9,levanti_harakat_prediction
تِنْفِّذ,tnaffaz,tnaffaz,True,8,7,0-9,0-9,levanti_harakat_prediction
فرِن,furun,farrin,False,4,5,0-9,0-9,levanti_harakat_prediction
يِلْمِس,yilmis,ylammis,False,7,6,0-9,0-9,levanti_harakat_prediction
اِتْوَزَّم,2itwazzam,2itwazzam,True,10,9,10-19,0-9,levanti_harakat_prediction
اِرْتَزِي,2irtizi,2irtizi,True,9,7,0-9,0-9,levanti_harakat_prediction
مَسْحُوْب مِن لْسَانُه,mas7uub min lsaano,mas7uub mino 2ilmasna,False,22,18,20-29,10-19,levanti_harakat_prediction
نَوْل,nuul,nawwil,False,5,4,0-9,0-9,levanti_harakat_prediction
سَرْسَرِي,sarsari,sarsiir,False,9,7,0-9,0-9,levanti_harakat_prediction
اِنْفِرَاد,2infiraad,2infiraad,True,10,9,10-19,0-9,levanti_harakat_prediction
اِتْقَنِع,2itqanna3,2itqanna3,True,9,9,0-9,0-9,levanti_harakat_prediction
اِسْتَرَدّ,2istaradd,2istaridd,False,10,9,10-19,0-9,levanti_harakat_prediction
طَلَبِت رُوحُه الجَنِّة,talbat ruu7o 2iljanne,talbat roo7o 2innaja,False,23,21,20-29,20-29,levanti_harakat_prediction
حَمَْصَايِة,7ummusaaye,7amsaaye,False,11,10,10-19,10-19,levanti_harakat_prediction
زَبَايِن,zabaayin,zabaayin,True,8,8,0-9,0-9,levanti_harakat_prediction
بَنَّى,banna,bana,False,6,5,0-9,0-9,levanti_harakat_prediction
جَاب وَحَطّ,jaab wu7att,jaab wa7at,False,11,11,10-19,10-19,levanti_harakat_prediction
قِرط,qarrit,qarrat,False,4,6,0-9,0-9,levanti_harakat_prediction
فَار,faar,faar,True,4,4,0-9,0-9,levanti_harakat_prediction
عَفْكَرَة,3afikra,3afkara,False,9,7,0-9,0-9,levanti_harakat_prediction
دَبَابِيس,dabaabiis,dabaabiis,True,9,9,0-9,0-9,levanti_harakat_prediction
ينْرُج,yinrajj,yinrij,False,6,7,0-9,0-9,levanti_harakat_prediction
اِتْمَلِيط,2itmalyat,2itmalyat,True,10,9,10-19,0-9,levanti_harakat_prediction
أَعْجَب,2a3jab,2a3jab,True,7,6,0-9,0-9,levanti_harakat_prediction
يِسْتَحْسِن,yista7sin,yista7sin,True,11,9,10-19,0-9,levanti_harakat_prediction
مِزْمَار,mizmaar,mizmaar,True,8,7,0-9,0-9,levanti_harakat_prediction
لِسَّانَك مَايِجِيْش عَلْسَانِي,lsaanak maa yijiish 3alsaani,lsanaan 2ilmashsaajiik 3iin,False,31,28,30-39,20-29,levanti_harakat_prediction
بَحَار,bi7aar,ba7aar,False,6,6,0-9,0-9,levanti_harakat_prediction
يِتْوكَّس,yitwikis,yitwakkas,False,9,8,0-9,0-9,levanti_harakat_prediction
أُخْت رْجَّال,2ukht rjaal,2ukht rajal,False,13,11,10-19,10-19,levanti_harakat_prediction
شِيْل,shayyil,shiil,False,5,7,0-9,0-9,levanti_harakat_prediction
طَرْد,tarrad,tarrid,False,5,6,0-9,0-9,levanti_harakat_prediction
اِنْرَصَد,2inrasad,2inrisid,False,9,8,0-9,0-9,levanti_harakat_prediction
يِتْجَعْمَص,yitdja3mas,yitdja3mas,True,11,10,10-19,10-19,levanti_harakat_prediction
اِسْتَخْرَج,2istakhrij,2istakhrij,True,11,10,10-19,10-19,levanti_harakat_prediction
يَأْنِتَك,y2antik,y2antik,True,9,7,0-9,0-9,levanti_harakat_prediction
اسْتَفْظَع,2istafdhi3,2istafdhi3,True,10,10,10-19,10-19,levanti_harakat_prediction
تُِهْطُل,thattal,tahtal,False,8,7,0-9,0-9,levanti_harakat_prediction
كَشَف,kashif,kashshaf,False,5,6,0-9,0-9,levanti_harakat_prediction
أَعْسَر,2a3sar,2a3sar,True,7,6,0-9,0-9,levanti_harakat_prediction
اِبِن المَحْظُوْظَة,2ibin 2ilma7zuuza,2ibin 2ilmuu7aze,False,19,17,10-19,10-19,levanti_harakat_prediction
يِرْبَح,yirba7,yirba7,True,7,6,0-9,0-9,levanti_harakat_prediction
يْؤَدِّي,y2addi,y2addi,True,8,6,0-9,0-9,levanti_harakat_prediction
بَالَك,baalak,baalik,False,6,6,0-9,0-9,levanti_harakat_prediction
أَسِّير,2asiir,2asiir,True,7,6,0-9,0-9,levanti_harakat_prediction
تِنْغَص,tnaghghas,tnaghghas,True,7,9,0-9,0-9,levanti_harakat_prediction
جَبْشِة,djabashe,jabshe,False,7,8,0-9,0-9,levanti_harakat_prediction
طَوْش,tuwash,tawwish,False,5,6,0-9,0-9,levanti_harakat_prediction
وَصِيِّة,wasiyye,wasiyye,True,8,7,0-9,0-9,levanti_harakat_prediction
هَزَّأ,hazza2,hazza2,True,6,6,0-9,0-9,levanti_harakat_prediction
يْضِبّ,ydubb,ydibb,False,6,5,0-9,0-9,levanti_harakat_prediction
طَنَابِيز,tanaabiiz,tanaabiiz,True,9,9,0-9,0-9,levanti_harakat_prediction
خِلِق,khalak,khalliq,False,5,6,0-9,0-9,levanti_harakat_prediction
اِسْتِدْرَار,2istidraar,2istidraar,True,12,10,10-19,10-19,levanti_harakat_prediction
اِسْتَلَذّ,2istalaz,2istaliz,False,10,8,10-19,0-9,levanti_harakat_prediction
مَزَّط,mazat,mazzit,False,6,5,0-9,0-9,levanti_harakat_prediction
يِتْحَزُوط,yit7azwat,yit7azwat,True,10,9,10-19,0-9,levanti_harakat_prediction
هَاجِد,haajid,haajid,True,6,6,0-9,0-9,levanti_harakat_prediction
مَنْشَفِة,minshafe,manshafe,False,9,8,0-9,0-9,levanti_harakat_prediction
يِعْزِل,yi3zil,yi3zil,True,7,6,0-9,0-9,levanti_harakat_prediction
اِتْحَاشَى,2it7aasha,2it7aasha,True,10,9,10-19,0-9,levanti_harakat_prediction
رَوْحَة بَلَا رَجْعَة,roo7a bala raj3a,roo7it bil3ajra,False,21,16,20-29,10-19,levanti_harakat_prediction
دَبَايِق,dabaayi2,dabaayiq,False,8,8,0-9,0-9,levanti_harakat_prediction
جَبَل,jabbal,jabbal,True,5,6,0-9,0-9,levanti_harakat_prediction
يسَنْفِر,ysanfir,ysanfir,True,8,7,0-9,0-9,levanti_harakat_prediction
تَحَوُّج,t7awwaj,t7awwaj,True,8,7,0-9,0-9,levanti_harakat_prediction
صَيْغَة,siigha,siigha,True,7,6,0-9,0-9,levanti_harakat_prediction
عَشِب,3ushub,3ashshib,False,5,6,0-9,0-9,levanti_harakat_prediction
اِتْجَهَّز,2itjahhaz,2itjahhaz,True,10,9,10-19,0-9,levanti_harakat_prediction
جَوْف,jawwaf,jawwaf,True,5,6,0-9,0-9,levanti_harakat_prediction
عَنِيف,3aniif,3aniif,True,6,6,0-9,0-9,levanti_harakat_prediction
وَاعِي,waa3i,waa3i,True,6,5,0-9,0-9,levanti_harakat_prediction
فَرِد,farad,farrid,False,5,5,0-9,0-9,levanti_harakat_prediction
تْجَعْلِص,tja3las,tdja3las,False,9,7,0-9,0-9,levanti_harakat_prediction
غَدَّة,ghudde,ghadde,False,6,6,0-9,0-9,levanti_harakat_prediction
يْكِبّ,ykibb,ykibb,True,6,5,0-9,0-9,levanti_harakat_prediction
فِقَّى الدُّمَّلِة,faqa 2iddumale,fuqqa 2iddamme,False,18,14,10-19,10-19,levanti_harakat_prediction
يَا دَاخِل بِيْن الْبَصَلِة وْقِشْرْتْهَا مَايْنُوبَك غِير رِيحِتْهَا,yaa daakhil been 2ilbasale wuqishritha maa ynuubak gheer rii7itha,yaadakhil 2ilkoor bintilgha wura sab miqineer sab 2ilghayaara,False,69,65,60-69,60-69,levanti_harakat_prediction
لَيِّن,layyin,layyin,True,6,6,0-9,0-9,levanti_harakat_prediction
اِتْرُك,2itruk,2itrakkak,False,7,6,0-9,0-9,levanti_harakat_prediction
نَشَف رِيقِي,nashshaf riiqi,nashaf riiq,False,12,14,10-19,10-19,levanti_harakat_prediction
تْغَرْبِل,tghirbil,tgharbal,False,9,8,0-9,0-9,levanti_harakat_prediction
تَفَل,taffal,taffal,True,5,6,0-9,0-9,levanti_harakat_prediction
بَلَل,balal,ballil,False,5,5,0-9,0-9,levanti_harakat_prediction
يِتْشَيَّخ,yitshayyakh,yitshayyakh,True,10,11,10-19,10-19,levanti_harakat_prediction
يَبُوِّش,ybawwish,ybawwish,True,8,8,0-9,0-9,levanti_harakat_prediction
يِتْحَرَّم,yit7arram,yit7arram,True,10,9,10-19,0-9,levanti_harakat_prediction
هَشِم,hashsham,hashshim,False,5,8,0-9,0-9,levanti_harakat_prediction
سُؤَال,su2aal,su2aal,True,6,6,0-9,0-9,levanti_harakat_prediction
يِمْتص,yimtass,ymassit,False,6,7,0-9,0-9,levanti_harakat_prediction
أَبُو مِزْرَاق,2abu mizraaqk,2abu mazraaq,False,14,13,10-19,10-19,levanti_harakat_prediction
جِلْدُه بِيْحُكُّه,jildo bi7ukko,jildo b7ukkeeno,False,18,13,10-19,10-19,levanti_harakat_prediction
تْجَنِّن,tjannan,tjannan,True,8,7,0-9,0-9,levanti_harakat_prediction
بُرُص,burus,barris,False,5,5,0-9,0-9,levanti_harakat_prediction
شَدْفَاوِي,shidfaawi,shadfaawi,False,10,9,10-19,0-9,levanti_harakat_prediction
تَخَاذُل,tkhaazal,tkhaazal,True,8,8,0-9,0-9,levanti_harakat_prediction
حَيَايَا,7ayaaya,7aya,False,8,7,0-9,0-9,levanti_harakat_prediction
تْمَوِّل,tmawwal,tmawwal,True,8,7,0-9,0-9,levanti_harakat_prediction
يَعْنِي,yi3ni,y3anni,False,7,5,0-9,0-9,levanti_harakat_prediction
نَقَض,naqad,naqqid,False,5,5,0-9,0-9,levanti_harakat_prediction
بيحْكِي لَبَلَد,bi7ki labalad,ba7kiil balad,False,15,13,10-19,10-19,levanti_harakat_prediction
مْرِيح,murii7,mrayyi7,False,6,6,0-9,0-9,levanti_harakat_prediction
تَشْوِيْش,tashwiish,tashwiish,True,9,9,0-9,0-9,levanti_harakat_prediction
قَفِر,qafar,qaffar,False,5,5,0-9,0-9,levanti_harakat_prediction
يِتْنَظَّم,yitnazzam,yitnazzam,True,10,9,10-19,0-9,levanti_harakat_prediction
صَابُون الجَلِي,saabuun 2iljali,saabuun 2ilji,False,15,15,10-19,10-19,levanti_harakat_prediction
نِحِف,ni7if,na77if,False,5,5,0-9,0-9,levanti_harakat_prediction
اِنْعَكَس,2in3ikis,2in3ikis,True,9,8,0-9,0-9,levanti_harakat_prediction
غَاوْيِة,ghaawye,ghaawiye,False,8,7,0-9,0-9,levanti_harakat_prediction
خَلَص,khilis,khallis,False,5,6,0-9,0-9,levanti_harakat_prediction
خِلع,khala3,khalli3,False,4,6,0-9,0-9,levanti_harakat_prediction
يِبَعقِش,yba3qish,yba3qish,True,8,8,0-9,0-9,levanti_harakat_prediction
قَلَم رْصَاص,qalam rasaas,qalam raas,False,12,12,10-19,10-19,levanti_harakat_prediction
فَاطِن,faatin,faatin,True,6,6,0-9,0-9,levanti_harakat_prediction
يِتْحَسَّس,yit7assas,yit7assas,True,10,9,10-19,0-9,levanti_harakat_prediction
يِطَفْطِف,ytaftif,ytaftif,True,9,7,0-9,0-9,levanti_harakat_prediction
السَّوَا عَالعَدَا,2issawa 3al3ada,2issawwaa3 2il3ad,False,18,15,10-19,10-19,levanti_harakat_prediction
يدِب,ydibb,ydibb,True,4,5,0-9,0-9,levanti_harakat_prediction
يْطُِشّ,ytushsh,ytushsh,True,7,7,0-9,0-9,levanti_harakat_prediction
بَعْدَيْن,ba3deen,ba3diin,False,9,7,0-9,0-9,levanti_harakat_prediction
تَعْتَع,ta3ta3,ta3ti3,False,7,6,0-9,0-9,levanti_harakat_prediction
رقَع,raqa3,raqqa3,False,4,5,0-9,0-9,levanti_harakat_prediction
نَجِس,najjis,najjis,True,5,6,0-9,0-9,levanti_harakat_prediction
حَلْيَان,7alyaan,7aleen,False,8,7,0-9,0-9,levanti_harakat_prediction
ترَبّس,tarbas,trabbas,False,6,6,0-9,0-9,levanti_harakat_prediction
كْرِيك,kreek,kriik,False,6,5,0-9,0-9,levanti_harakat_prediction
تْشَغْنَف,tshaghnaf,tshaghnaf,True,9,9,0-9,0-9,levanti_harakat_prediction
يِتْعَمَّد,yit3ammad,yit3ammad,True,10,9,10-19,0-9,levanti_harakat_prediction
لِطِّع,lata3,latta3,False,6,5,0-9,0-9,levanti_harakat_prediction
اُقْعش,2iqk3ash,2iq3ash,False,6,8,0-9,0-9,levanti_harakat_prediction
فَرم,faram,farrim,False,4,5,0-9,0-9,levanti_harakat_prediction
شَخْصَن,shakhsan,shakhsin,False,7,8,0-9,0-9,levanti_harakat_prediction
يْفَلِّل,yfallil,yfallil,True,8,7,0-9,0-9,levanti_harakat_prediction
إِذَا,2izan,2iza,False,5,5,0-9,0-9,levanti_harakat_prediction
بُنُق,bannaq,banniq,False,5,6,0-9,0-9,levanti_harakat_prediction
مْقَلقَز,2mqalqiz,mqalqiz,False,8,8,0-9,0-9,levanti_harakat_prediction
اِزْهَق,2izhaq,2izhaq,True,7,6,0-9,0-9,levanti_harakat_prediction
يهَنِّي,yhanni,yhanni,True,7,6,0-9,0-9,levanti_harakat_prediction
مْحَبَّط,mu7bat,m7abbit,False,8,6,0-9,0-9,levanti_harakat_prediction
إِغْوَاء,2ighwaa2,2ighwaa2,True,8,8,0-9,0-9,levanti_harakat_prediction
كَارِيْزْمَا,kaarizma,kaariizaam,False,12,8,10-19,0-9,levanti_harakat_prediction
مْغْطَاس,mightaas,mughtaas,False,8,8,0-9,0-9,levanti_harakat_prediction
اِنْخَذَل,2inkhizil,2inkhizil,True,9,9,0-9,0-9,levanti_harakat_prediction
اِنْقَرَم,2inqirim,2inqaram,False,9,8,0-9,0-9,levanti_harakat_prediction
بُخَّاخ,bakhkhaakh,bukhkhaakh,False,7,10,0-9,10-19,levanti_harakat_prediction
مِتِر,mattar,mattir,False,5,6,0-9,0-9,levanti_harakat_prediction
كَعَاكِل,ka3aakil,ka3aakil,True,8,8,0-9,0-9,levanti_harakat_prediction
لسُّوع,laswa3,lsuu3,False,6,6,0-9,0-9,levanti_harakat_prediction
اسْتِعْطَاف,2isti3taaf,2isti3taaf,True,11,10,10-19,10-19,levanti_harakat_prediction
بَطْنُه كْبِير,batno kbiir,batno kbiir,True,14,11,10-19,10-19,levanti_harakat_prediction
يِفْهي,yfahhi,yifhi,False,6,6,0-9,0-9,levanti_harakat_prediction
قِتَت,qattit,qattit,True,5,6,0-9,0-9,levanti_harakat_prediction
ضَلَايْلِي,dalaayli,dalaayil,False,10,8,10-19,0-9,levanti_harakat_prediction
ثَمِر,thammar,thammar,True,5,7,0-9,0-9,levanti_harakat_prediction
نِحِف,na77if,na77if,True,5,6,0-9,0-9,levanti_harakat_prediction
يَلْغُوص,ylaghwis,ylaghwis,True,8,8,0-9,0-9,levanti_harakat_prediction
خُطَّة,khutta,khutta,True,6,6,0-9,0-9,levanti_harakat_prediction
إِير,2iir,2iir,True,4,4,0-9,0-9,levanti_harakat_prediction
الْمُلَافِظ سَعَد,2ilmalaafiz sa3id,2ilmal faadas,False,17,17,10-19,10-19,levanti_harakat_prediction
هَرْبَجَة,harbaje,harbaje,True,9,7,0-9,0-9,levanti_harakat_prediction
نَهَض,nahad,nahad,True,5,5,0-9,0-9,levanti_harakat_prediction
يِجْرُس,yjarris,yjarris,True,7,7,0-9,0-9,levanti_harakat_prediction
تِمَضْمَض,tmadmad,tmadmad,True,9,7,0-9,0-9,levanti_harakat_prediction
اِنْحَرَم,2in7aram,2in7aram,True,9,8,0-9,0-9,levanti_harakat_prediction
إِغَاثِة,2ighaathe,2ighaathe,True,8,9,0-9,0-9,levanti_harakat_prediction
يْدَاقِش,ydaaqish,ydaaqish,True,8,8,0-9,0-9,levanti_harakat_prediction
مِكْيَال,mikyaal,mikyaal,True,8,7,0-9,0-9,levanti_harakat_prediction
حَنْبَط,7ambit,7anbit,False,7,6,0-9,0-9,levanti_harakat_prediction
بِرْوَاز,birwaaz,birwaaz,True,8,7,0-9,0-9,levanti_harakat_prediction
نَتَائِج,nataa2ij,nataa2ij,True,8,8,0-9,0-9,levanti_harakat_prediction
فَائِض,faa2id,faa2id,True,6,6,0-9,0-9,levanti_harakat_prediction
غَيْر,ghayyir,ghayyar,False,5,7,0-9,0-9,levanti_harakat_prediction
يِتْشَغْنَف,yitshaghnaf,yitshaghnaf,True,11,11,10-19,10-19,levanti_harakat_prediction
ذْبِيْل,dhubbeel,dbiil,False,7,8,0-9,0-9,levanti_harakat_prediction
يَكحت,yka77it,yka77it,True,5,7,0-9,0-9,levanti_harakat_prediction
يِطْرَح,yitra7,yitra7,True,7,6,0-9,0-9,levanti_harakat_prediction
يِغْمَى,yighma,yighma,True,7,6,0-9,0-9,levanti_harakat_prediction
وكَبَّر,wakbar,wakbar,True,7,6,0-9,0-9,levanti_harakat_prediction
مْجَرَّب,mjarrab,mjarrab,True,8,7,0-9,0-9,levanti_harakat_prediction
يِتْمَنْكَر,yitmankar,yitmankar,True,11,9,10-19,0-9,levanti_harakat_prediction
مْقَلَّسِة,ma2lase,mqallase,False,10,7,10-19,0-9,levanti_harakat_prediction
بَيِّْن,been,bayyin,False,7,4,0-9,0-9,levanti_harakat_prediction
فَوَاخِير,fawaakhiir,fawaakhiir,True,9,10,0-9,10-19,levanti_harakat_prediction
يلَظْلِظ,ylazliz,ylazliz,True,8,7,0-9,0-9,levanti_harakat_prediction
اِدْهَك,2idhak,2idhak,True,7,6,0-9,0-9,levanti_harakat_prediction
تشَنخَر,tshankhar,tshankhar,True,7,9,0-9,0-9,levanti_harakat_prediction
تَوَصَّل,twassal,twassal,True,8,7,0-9,0-9,levanti_harakat_prediction
بَاعِث,baa3it,baa3it,True,6,6,0-9,0-9,levanti_harakat_prediction
حَلِب,7alab,7alab,True,5,5,0-9,0-9,levanti_harakat_prediction
يْشَابِط,yshaabit,yshaabit,True,8,8,0-9,0-9,levanti_harakat_prediction
مَطَارِيق,mataariiq,mataariiq,True,9,9,0-9,0-9,levanti_harakat_prediction
اِسْتَفْرَد,2istafrad,2istafrid,False,11,9,10-19,0-9,levanti_harakat_prediction
فَلَّاحَة,flaa7a,fallaa7a,False,9,6,0-9,0-9,levanti_harakat_prediction
فَرْحَة,far7a,far7a,True,7,5,0-9,0-9,levanti_harakat_prediction
مَغْصُوْب,maghsuub,maghsuub,True,9,8,0-9,0-9,levanti_harakat_prediction
أَذُوْنَات,2uzuunaat,2adwanta,False,10,9,10-19,0-9,levanti_harakat_prediction
تِقَمّط,tqammat,tqammat,True,7,7,0-9,0-9,levanti_harakat_prediction
مْحَوَّد,m7awwid,m7awwad,False,8,7,0-9,0-9,levanti_harakat_prediction
وجَد,wajad,wajjad,False,4,5,0-9,0-9,levanti_harakat_prediction
صِيْر,siir,sayyir,False,5,4,0-9,0-9,levanti_harakat_prediction
لُؤْمَة,lu2ama,lu2me,False,7,6,0-9,0-9,levanti_harakat_prediction
اِسْقِي,2isqi,2isqi,True,7,5,0-9,0-9,levanti_harakat_prediction
مِسْتَخْلِص,mustakhlas,mistakhlis,False,11,10,10-19,10-19,levanti_harakat_prediction
يِتْهَدَّم,yithaddam,yithaddam,True,10,9,10-19,0-9,levanti_harakat_prediction
حَوَاجِب,7awaajib,7awaajib,True,8,8,0-9,0-9,levanti_harakat_prediction
بِدِّي أَجِيب قُرْمِيّتُه,biddi 2ajiib qurmiito,biddi 2ajriiqo btimo,False,25,21,20-29,20-29,levanti_harakat_prediction
مِرْتَزِي,miritzi,mirtazi,False,9,7,0-9,0-9,levanti_harakat_prediction
عِتّ,3itt,3itt,True,4,4,0-9,0-9,levanti_harakat_prediction
نِصِب,nassib,nassib,True,5,6,0-9,0-9,levanti_harakat_prediction
اِتْسَلْقَط,2itsalqat,2itsalqat,True,11,9,10-19,0-9,levanti_harakat_prediction
رُوْحَن,roo7an,roo7in,False,7,6,0-9,0-9,levanti_harakat_prediction
فَنِّة جْدِيدِة,fanne 2ijdiide,fanne jidiyye,False,15,14,10-19,10-19,levanti_harakat_prediction
سَجْدِة,sajde,sajde,True,7,5,0-9,0-9,levanti_harakat_prediction
مِتْنَازِل,mitnaazil,mitnaazil,True,10,9,10-19,0-9,levanti_harakat_prediction
خَانِس,khaanis,khaanis,True,6,7,0-9,0-9,levanti_harakat_prediction
فَرَامِة ملُوخِيِّة,farraamit mluukhiyye,faraame 2ilkhome,False,19,20,10-19,20-29,levanti_harakat_prediction
كِلَاب,klaab,kilaab,False,6,5,0-9,0-9,levanti_harakat_prediction
جَدّلِي,jadali,jadali,True,7,6,0-9,0-9,levanti_harakat_prediction
زَهْرِي,zahri,zahri,True,7,5,0-9,0-9,levanti_harakat_prediction
سَلْعُوس,sal3uus,sal3uus,True,8,7,0-9,0-9,levanti_harakat_prediction
يهِيْم,yhiim,yhiim,True,6,5,0-9,0-9,levanti_harakat_prediction
غَيّْن,ghayyan,ghayyin,False,6,7,0-9,0-9,levanti_harakat_prediction
حَذَف,7azaf,7azzif,False,5,5,0-9,0-9,levanti_harakat_prediction
لْبَيْن,labeen,labiin,False,7,6,0-9,0-9,levanti_harakat_prediction
بَلْحَة,bala7a,bal7a,False,7,6,0-9,0-9,levanti_harakat_prediction
يْبَوِّم,ybawwim,ybawwim,True,8,7,0-9,0-9,levanti_harakat_prediction
أَخِيْخ,2akhyakh,2akhiikh,False,7,8,0-9,0-9,levanti_harakat_prediction
يْغِبّ,yghubb,yghubb,True,6,6,0-9,0-9,levanti_harakat_prediction
يِتْزَرَّق,yitzarraq,yitzarraq,True,10,9,10-19,0-9,levanti_harakat_prediction
غَبِش,ghabbash,ghabash,False,5,8,0-9,0-9,levanti_harakat_prediction
يِدْعَس,yid3as,yid3as,True,7,6,0-9,0-9,levanti_harakat_prediction
اِصْهَجّ,2ishadj,2ishadj,True,8,7,0-9,0-9,levanti_harakat_prediction
مِخْوِل,mikhwil,mkhoolil,False,7,7,0-9,0-9,levanti_harakat_prediction
يِسْتَقِرّ,yistaqirr,yistaqirr,True,10,9,10-19,0-9,levanti_harakat_prediction
فَقِّز,faqazfakas,faqqiz,False,6,10,0-9,10-19,levanti_harakat_prediction
قَرِيد الْعُشّ,qareed 2il3ishsh,qariid 2il3ishsh,False,14,16,10-19,10-19,levanti_harakat_prediction
قَارِح,kgaari7,qaari7,False,6,7,0-9,0-9,levanti_harakat_prediction
أَبْرِيَاء,2abriyaa2,2abriyaa2,True,10,9,10-19,0-9,levanti_harakat_prediction
كَأَنّ,ka2ann,ka2nan,False,6,6,0-9,0-9,levanti_harakat_prediction
مَمْزُوْع,mamzuu3,mamzuu3,True,9,7,0-9,0-9,levanti_harakat_prediction
يِرْكَع,yirka3,yirka3,True,7,6,0-9,0-9,levanti_harakat_prediction
هَرْعِيْتُو,har3iito,har3iito,True,11,8,10-19,0-9,levanti_harakat_prediction
يَُوْشُم,yuushim,ywashshim,False,8,7,0-9,0-9,levanti_harakat_prediction
كَسَّر,kassir,kassar,False,6,6,0-9,0-9,levanti_harakat_prediction
أَخُو أُخْتُه,2akhu 2ukhto,2akho 2ukhto,False,13,12,10-19,10-19,levanti_harakat_prediction
حْسَاب بِالبَنْك,7saab bilbank,7asaab 2ilbanak,False,16,13,10-19,10-19,levanti_harakat_prediction
اِنْحَنِي,2in7ani,2in7ini,False,9,7,0-9,0-9,levanti_harakat_prediction
اِتْدَلَّل,2iddallal,2iddallal,True,10,9,10-19,0-9,levanti_harakat_prediction
أَسْرَع,2asra3,2asra3,True,7,6,0-9,0-9,levanti_harakat_prediction
رَمّ,rumm,ramm,False,4,4,0-9,0-9,levanti_harakat_prediction
تْبَرْبِج,tbarbadj,tbarbaj,False,9,8,0-9,0-9,levanti_harakat_prediction
عَرِد,3arrid,3arrid,True,5,6,0-9,0-9,levanti_harakat_prediction
يِقْتِت,yqattit,yqattit,True,7,7,0-9,0-9,levanti_harakat_prediction
جَعِد,ja33ad,ja33id,False,5,6,0-9,0-9,levanti_harakat_prediction
مْبَطْرَخ,mbatrikh,mbatrikh,True,9,8,0-9,0-9,levanti_harakat_prediction
اِكْتَسَح,2iktasa7,2iktasa7,True,9,8,0-9,0-9,levanti_harakat_prediction
اِبِن سَاعْتُه,2ibin saa3to,2ibin saa3to,True,14,12,10-19,10-19,levanti_harakat_prediction
يصمت,yismut,ysammit,False,4,6,0-9,0-9,levanti_harakat_prediction
يِتْفَلْفَل,yitfalfal,yitfalfal,True,11,9,10-19,0-9,levanti_harakat_prediction
بَات,baat,baat,True,4,4,0-9,0-9,levanti_harakat_prediction
قَبِل,qabil,qabbil,False,5,5,0-9,0-9,levanti_harakat_prediction
ارْسُم,2irsum,2ursum,False,6,6,0-9,0-9,levanti_harakat_prediction
يِتْخَنْفَس,yitkhanfas,yitkhanfas,True,11,10,10-19,10-19,levanti_harakat_prediction
دِبْلُوْمَاسِيِّة,dibluumaasiyye,dibluumaasiyye,True,17,14,10-19,10-19,levanti_harakat_prediction
اِتْرَتَّب,2itrattab,2itrattab,True,10,9,10-19,0-9,levanti_harakat_prediction
تِغْمِس,tghammas,tghammas,True,7,8,0-9,0-9,levanti_harakat_prediction
اِسْوَدّ,2iswadd,2iswadd,True,8,7,0-9,0-9,levanti_harakat_prediction
يِنْشَع,yinsha3,yinsha3,True,7,7,0-9,0-9,levanti_harakat_prediction
يِجْسَر,yjassir,yjassir,True,7,7,0-9,0-9,levanti_harakat_prediction
اِتْجَدعِن,2itjad3an,2itjad3an,True,10,9,10-19,0-9,levanti_harakat_prediction
رُقَط,ra22it,raqqat,False,5,6,0-9,0-9,levanti_harakat_prediction
نِقْرِس,nuqrus,naqris,False,7,6,0-9,0-9,levanti_harakat_prediction
بَرَام,barraam,baraam,False,6,7,0-9,0-9,levanti_harakat_prediction
بَقْلَاوِيّ,baqlaawi,baqklawi,False,11,8,10-19,0-9,levanti_harakat_prediction
تَعْثِير,ta3tiir,ta3tiir,True,8,7,0-9,0-9,levanti_harakat_prediction
أَدّي,2addi,2addi,True,5,5,0-9,0-9,levanti_harakat_prediction
بِتْبِنّ و بِتكرِّب,bittabin wu bitkarreb,bitbin wukatb rabb,False,19,21,10-19,20-29,levanti_harakat_prediction
طُلَّاب,tullaab,tullaab,True,7,7,0-9,0-9,levanti_harakat_prediction
يَظِنّ,yzunn,ydinn,False,6,5,0-9,0-9,levanti_harakat_prediction
قَوْشِة,quushe,qooshe,False,7,6,0-9,0-9,levanti_harakat_prediction
لَاحِق,laa7iq,laa7iq,True,6,6,0-9,0-9,levanti_harakat_prediction
حَلِس,7ilis,7allis,False,5,5,0-9,0-9,levanti_harakat_prediction
مْتِيْن,matiin,mtayyin,False,7,6,0-9,0-9,levanti_harakat_prediction
يِنْبَاعُوا بِالعَزَا,yinbaa3u bil3aza,yinbaa3 2ilwaazi3,False,21,16,20-29,10-19,levanti_harakat_prediction
ضَرَايِب,daraayib,daraayib,True,8,8,0-9,0-9,levanti_harakat_prediction
حِرِج,harradj,7arrij,False,5,7,0-9,0-9,levanti_harakat_prediction
بْهَالِيْل,bahaaliil,bahaaliil,True,10,9,10-19,0-9,levanti_harakat_prediction
اِتْبَاحَث,2itbaa7as,2itbaa7as,True,10,9,10-19,0-9,levanti_harakat_prediction
يِبْعَث,yib3at,yib3at,True,7,6,0-9,0-9,levanti_harakat_prediction
اِنْشَلَّش,2inshilish,2inshilish,True,10,10,10-19,10-19,levanti_harakat_prediction
يْغَيْث,yghiith,yghayyith,False,7,7,0-9,0-9,levanti_harakat_prediction
صَرِّح,sarra7,sarra7,True,6,6,0-9,0-9,levanti_harakat_prediction
مِحْتِقِن,mi7tiqin,mu7taqin,False,9,8,0-9,0-9,levanti_harakat_prediction
رَفش,raffish,raffish,True,4,7,0-9,0-9,levanti_harakat_prediction
مبَخَّرَة,mabkhara,mbakhkhara,False,9,8,0-9,0-9,levanti_harakat_prediction
اِشْقَح,2ishqa7,2ishqa7,True,7,7,0-9,0-9,levanti_harakat_prediction
