arabizi,arabic_harakat,arabic_stripped
2abad,أَبَد,أبد
2ibre,إِبْرِة,إبرة
2ibar,إِبَر,إبر
qadd khurum 2il2ibre,قَدّ خُرُم الإِبْرِة,قد خرم الإبرة
2ibritil 3ajuuze,إِبْرِة العَجُوزِة,إبرة العجوزة
2il2ibre ghalbat 2il7aayik,الإِبْرِة غلبت الحَايِك,الإبرة غلبت الحايك
min 2ibirto,مِن إِبْرِتُه,من إبرته
2abaat,أَبَاط,أباط
baat,بَاط,باط
7atto ta7it baato,حَطُّه تحت بَاطُه,حطه تحت باطه
2ab,أَب,أب
2ibwe,إِبْوِة,إبوة
2aabaa2,آبَاء,آباء
2abbahaat,أَبَّهَات,أبهات
2abu 7maar,أَبُو حْمَار,أبو حمار
mish ma3ruuf qar3it 2abuuha min ween,مِش مَعْرُوف قَرْعِة أَبُوهَا مِن وين,مش معروف قرعة أبوها من وين
2abu surra,أَبُو صُرَّة,أبو صرة
2abu kammuune,أَبُو كمُّونة,أبو كمونة
2abul 3urreef,أَبُو العُرِّيف,أبو العريف
2abul 3akkaat,أَبُو العَكَّات,أبو العكات
2abu 3iisa,أَبُو عِيسَى,أبو عيسى
2abu dgheem,أَبُو دْغيم,أبو دغيم
2abu rijil masluukha,أَبُو رِجِل مَسْلُوخَة,أبو رجل مسلوخة
2abu raas,أَبُو رَاس,أبو راس
2abu nuss lsaan,أَبُو نُص لْسَان,أبو نص لسان
2abu qaatuul,أَبُو قَاتُول,أبو قاتول
2abu haaluuk,أَبُو هَالُوك,أبو هالوك
baaba,بَابَا,بابا
yaaba,يَابَا,يابا
2abu,أَبُو,أبو
2abeela,أَبَيلَا,أبيلا
2ataari,أَتَاري,أتاري
2ataari,أَتَاري,أتاري
m2aththath,مؤثَّث,مؤثث
2athaath,أَثَاث,أثاث
ta2thiith,تَأْثِيث,تأثيث
2aththith,أَثِّث,أثث
y2aththith,يؤثِّث,يؤثث
2aththath,أَثَّث,أثث
mu2assir,مُؤَثِّر,مؤثر
m2assir,مْؤَثِّر,مؤثر
2asari,أَثَرِي,أثري
2asar,أَثَر,أثر
ta2siir,تَأْثِير,تأثير
2aasaar,آثَار,آثار
2aasaar,آثَار,آثار
2aasaar jaanibiyye,آثَار جَانبيِّة,آثار جانبية
2akhdat min 2asaro,أَخذت من أثره,أخذت من أثره
2assir,أَثَِّر,أثر
mit2assir,مِتْأَثِّر,متأثر
y2assir,يؤثِّر,يؤثر
2assar,أَثَّر,أثر
2aathir,آثِر,آثر
y2aathir,يآثِر,يآثر
2aathar,آثَر,آثر
m2ajjir,مْؤَجِّر,مؤجر
m2ajjar,مْؤَجَّر,مؤجر
2u2jar,اُؤْجَر,اؤجر
yu2jar,يُؤْجَر,يؤجر
m2ajjir,مْأَجِّر,مأجر
2ujra,أُجْرَة,أجرة
2ujrit 2iido,أُجْرِة إِيدُه,أجرة إيده
2ijaar,إِيجَار,إيجار
2ajaar,أَجَار,أجار
ta2jiir,تَأْجِير,تأجير
2ajir,أَجِر,أجر
3aqid 2iijaar,عَقِد إِيجَار,عقد إيجار
2iijaar min 2ilbaatin,إِيجَار مِن البَاطِن,إيجار من الباطن
2ajjir,أَجِّر,أجر
2ista2jir,اِسْتَأْجِر,استأجر
y2ajjir,يؤجِّر,يؤجر
yista2jir,يِسْتَأْجِر,يستأجر
2ajjar,أَجَّر,أجر
2ista2jar,اِسْتَأْجَر,استأجر
2ujir,أُجِر,أجر
m2ajjal,مْؤَجَّل,مؤجل
2ajal,أَجَل,أجل
ta2jiil,تَأْجِيل,تأجيل
2ajjil,أَجِّل,أجل
y2ajjil,يؤجِّل,يؤجل
2ajjal,أَجَّل,أجل
2i7na,إِحْنَا,إحنا
mittaakhid,مِتَّاخِذ,متاخذ
maakhid,مَاخِذ,ماخذ
meekhid,مِاخِذ,ماخذ
qaalat khudu,قَالَت خُذُوَا,قالت خذوا
2akhid,أَخِذ,أخذ
ma2khaz,مَأْخَذ,مأخذ
ma2aakhiz,مَآخِذ,مآخذ
loono mittaakhid,لَونُه مِتَّاخِذ,لونه متاخذ
2akhadna 3aba3ad,أَخَذْنَا عَبَعَض,أخذنا عبعض
2akhad min 2abuu,أَخَذ من أَبُوه,أخذ من أبوه
maakhid 3alwadi3,مَاخِذ عَالْوَضِع,ماخذ عالوضع
2aakhiz,آخِذ,آخذ
khud,خُذ,خذ
y2aakhiz,يآخِذ,يآخذ
yookhid,يَوخِذ,يوخذ
yaakhud,يَاخُذ,ياخذ
2aakhaz,آخَذ,آخذ
2akhad,أَخَذ,أخذ
wakhadh,وَخَذ,وخذ
yookhidh,يَوخِذ,يوخذ
khudh,خُذ,خذ
waakhaz,وَاخَذ,واخذ
ywaakhiz,يوَاخِذ,يواخذ
waakhiz,وَاخِذ,واخذ
2akhd,أَخْذ,أخذ
mwaakhaze,مْوَاخَذِة,مواخذة
mu2aakhaze,مُؤَاخَذِة,مؤاخذة
3adam 2ilmu2aakhaze,عدم المؤَاخذة,عدم المؤاخذة
2akhiir,أَخِير,أخير
2aakhir,آخِر,آخر
mu2akhkhar,مُؤَخَّر,مؤخر
2awaakhir,أَوَاخِر,أواخر
2ukhra,أُخْرَى,أخرى
2ukhra kamaan,أُخْرَى كَمان,أخرى كمان
2ukhrayyaat,أُخْرَيَّات,أخريات
m2akhkhir,مْؤَخِّر,مؤخر
2aakhre,آخْرِة,آخرة
2aakhre,آخْرِة,آخرة
ta2khiir,تَأْخِير,تأخير
2aakhuur,آخُور,آخور
mu2akhkhar,مُؤَخَّر,مؤخر
2awaakhiir,آوَاخِير,آواخير
2aakhir 2il3anquud,آخِر العَنْقُود,آخر العنقود
2aakhir 2iddinya,آخِر الدِّنْيَا,آخر الدنيا
2aakhir maa 3ammar 2alla,آخِر مَا عَمَّر الله,آخر ما عمر الله
2aakhir 2ilmiktha,آخر المِكْثَا,آخر المكثا
rijil biddinyaaw rijil bil2aakhre,رجل بَالدنيَا ورجل بَالآخْرِة,رجل بالدنيا ورجل بالآخرة
3al2akhiir,عَالأَخِير,عالأخير
2aakhir tarz,آخِر طَرْز,آخر طرز
2akhkhir,أَخِّر,أخر
2ista2khir,اِسْتَأْخِر,استأخر
mit2akhkhir,مِتْأَخِّر,متأخر
2ita2akhkhar,اِتْأَخَّر,اتأخر
yita2akhkhar,يِتْأَخَّر,يتأخر
ta2akhkhar,تْأَخَّر,تأخر
y2akhkhir,يؤخِّر,يؤخر
yista2khir,يِسْتَأْخِر,يستأخر
2akhkhar,أَخَّر,أخر
2ista2khar,اِسْتَأْخَر,استأخر
wakhkhir,وَخِّر,وخر
ywakhkhir,يوَخِّر,يوخر
wakhkhar,وَخَّر,وخر
2ikhs,إِخْص,إخص
2ikhs 3aleek,إِخْص عَليك,إخص عليك
buuzil 2ikhs,بُوز الإِخْص,بوز الإخص
2ukhtubuut,أُخْطُبُوط,أخطبوط
2ukhtubuut,أُخْطُبُوط,أخطبوط
2ikhwaat,إِخْوَات,إخوات
2ukhut,أُخُت,أخت
yakhti,يَخْتِي,يختي
khayti,خِيتِي,خيتي
khayta,خَيْتَا,خيتا
kundara wulaaqat 2ukhutha,قُنْدَرَة ولَاقَت أُخُتْهَا,قندرة ولاقت أختها
2akho 2ukhto,أَخُو أُخْتُه,أخو أخته
maa 2adrat min 2ilkhaal 2illa 2ibin 2ukhto,مَا أظْرَط مِن الخَال اِلَّا إِبن أُخْتُه,ما أظرط من الخال الا إبن أخته
2ib3id 2ukhti 3anni wukhudd thamarha minni,إِبعد أُخْتِي عني وخذ ثمرهَا مني,إبعد أختي عني وخذ ثمرها مني
mkhaawi,مْخَاوِي,مخاوي
2aakh,آخ,آخ
mkhaawaa,مْخَاوَاة,مخاواة
2akh,أَخ,أخ
2ikhwaan,إِخْوَان,إخوان
2ikhwe,إِخْوِة,إخوة
2il kikh 2akhu 2ilkhara,الكخ أَخُو الخرَا,الكخ أخو الخرا
2akhol miyyet,أَخُو الميت,أخو الميت
2akhu 2ukhto,أَخُو أخته,أخو أخته
khayy,خَيّ,خي
2il7ayye maa bitsiir khayye,الحَيِّة مَابِتْصِير خَيِّة,الحية مابتصير خية
2aakha,آخَى,آخى
y2aakhi,يآخِي,يآخي
2aakhi,آخِي,آخي
khaawa,خَاوَى,خاوى
ykhaawi,يخَاوِي,يخاوي
khaawi,خَاوِي,خاوي
mu2aakhaa,مُآخَاة,مآخاة
2akhu,أَخُو,أخو
mu2addab,مُؤَدَّب,مؤدب
ta2diibi,تَأْدِيبِي,تأديبي
2adab,أَدَب,أدب
2adab,أَدَب,أدب
2aadaab,آدَاب,آداب
2adabi,أَدَبِي,أدبي
2addib,أَدِّب,أدب
2it2addab,اِتْأَدَّب,اتأدب
y2addib,يؤدِّب,يؤدب
yit2addab,يِتْأَدَّب,يتأدب
2addab,أَدَّب,أدب
t2addab,تْأَدَّب,تأدب
2aadam,آدَم,آدم
bani 2aadam,بَنِي آدَم,بني آدم
2aadami,آدَمِي,آدمي
2idaam,إِدَام,إدام
2awaadim,أَوَادِم,أوادم
2awaadmiyye,أَوَادْمِيِّة,أوادمية
2addi,أَدَّي,أدي
y2addi,يؤدِّي,يؤدي
2adda,أَدَّى,أدى
ti2daaye,تِئْدَايِة,تئداية
2adaa,أَدَاة,أداة
2adaa2,أَدَاء,أداء
2iza,إِذَا,إذا
2iz,إِذ,إذ
2izan,إِذاً,إذا
daan,ذَان,ذان
2adaan,أَذَان,أذان
wadhaan,وَذَان,وذان
mu2adhdhin,مُؤَذِّن,مؤذن
2izin,إِذِن,إذن
2isti2zaan,إِسْتِئْذَان,إستئذان
dineen,ذِنَين,ذنين
wadaniin,وَذَنَين,وذنين
2uzuunaat,أُذُونَات,أذونات
2uzuune,أُذُونِة,أذونة
naam 3adaano,نَام عَذَانُه,نام عذانه
daano bitsunn,ذَانُه بِتْصُنّ,ذانه بتصن
ma2aazin,مَآذِن,مآذن
mi2zane,مِئْذَنِة,مئذنة
farkit daan,فَرْكِة ذَان,فركة ذان
dineen 3ali,ذِنَين عَلِي,ذنين علي
dhaan min tiin wudhaan min 3adjiin,ذَان مِن طِين وذَان مِن عَجِين,ذان من طين وذان من عجين
3iriq daanu,عِرْق ذَانُه,عرق ذانه
2addin,أَذِّن,أذن
2ista2zin,اِسْتَأْذِن,استأذن
y2addin,يؤذِّن,يؤذن
yista2zin,يِسْتَأْذِن,يستأذن
2addan,أَذَّن,أذن
2ista2zan,اِسْتَأْذَن,استأذن
wadhdhin,وَذِّن,وذن
ywadhdhin,يوَذِّن,يوذن
wadhdhan,وَذَّن,وذن
2argaaz,أَرْجَاز,أرجاز
2araagiil,أَرَاجِيل,أراجيل
2argiile,أَرْجِيلِة,أرجيلة
2argil,أَرْجِل,أرجل
y2argil,يأَرْجِل,يأرجل
2argal,أَرْجَل,أرجل
taariikhi,تَارِيخِي,تاريخي
taariikhi,تَارِيخي,تاريخي
m2arrikh,مْؤَرِّخ,مؤرخ
taariikh,تَارِيخ,تاريخ
mu2arrikh,مُؤَرِّخ,مؤرخ
tawaariikh,تَوَارِيخ,تواريخ
2arrikh,أَرِّخ,أرخ
y2arrikh,يؤَرِّخ,يؤرخ
2arrakh,أَرَّخ,أرخ
2urduni,أُرْدُنِي,أردني
2araadne,أَرَادْنِة,أرادنة
2urdun,أُرْدُن,أردن
2ardun,أَرْدُن,أردن
2arshif,أَرْشِف,أرشف
y2arshif,يؤرْشِف,يؤرشف
2arshaf,أَرْشَف,أرشف
2arshiif,أَرْشِيف,أرشيف
2ard,أَرْض,أرض
2arid,أَرِض,أرض
2araadi,أَرَاضِي,أراضي
2ard ba3il,أَرْض بَعِل,أرض بعل
2ard buur,أَرْض بور,أرض بور
2ard saqi,أَرْض سَقي,أرض سقي
3addit 2il2ard,عضِّة الأَرْض,عضة الأرض
2ard sliikh,أَرْض سْليخ,أرض سليخ
maa shilto min 2ardo,مَا شِلْتُه من أرْضُه,ما شلته من أرضه
2ard mashaa3,أَرْض مَشَاع,أرض مشاع
sumi3to bil2arid,سمعته بَالأَرْض,سمعته بالأرض
2ismo bil2ard,اِسْمه بَالأَرْض,اسمه بالأرض
shaaqiq 2il2ard wutaali3 minha,شَاقق الأَرْض وطَالع منهَا,شاقق الأرض وطالع منها
ween 2araadii,وين أرَاضِيه,وين أراضيه
mas7at bikaraamto 2il2ard,مسحت بكرَامته الأَرْض,مسحت بكرامته الأرض
maa bu7ruth 2il2ard 2illa 3juulha,مَا بحرث الأَرْض إِلَا عجولهَا,ما بحرث الأرض إلا عجولها
misht 2il2ard,مشط الأَرْض,مشط الأرض
bookil toob 2il2ard,بيوكل طوب الأَرْض,بيوكل طوب الأرض
jamrit 2il2ard,جَمْرة الأرْض,جمرة الأرض
2ardiyye,أَرْضِيِّة,أرضية
2ardi,أَرْضِي,أرضي
2ittalafoon 2il2ardi,التلفون الأَرْضِي,التلفون الأرضي
m2arriq,مْؤَرِّق,مؤرق
2araq,أَرَق,أرق
2arriq,أَرِّق,أرق
y2arriq,يْؤَرِّق,يؤرق
2arraq,أَرَّق,أرق
m2aazara,مؤَازَرَة,مؤازرة
2izaar,إِزَار,إزار
2aazir,آزِر,آزر
y2aazir,يؤَازِر,يؤازر
2aazar,آزَر,آزر
mit2azzim,مِتّْأَزِّم,متأزم
2azme,أَزْمِة,أزمة
2azme maaliyye,أَزْمِة مَاليِّة,أزمة مالية
2azme 2iqtisaadiyye,أَزْمِة اقْتِصَادِيِّة,أزمة اقتصادية
2azmit thiqa,أَزْمِة ثِقَة,أزمة ثقة
2azme 3aa2iliyye,أَزْمِة عَائليِّة,أزمة عائلية
2azmit tanaffus,أَزْمِة تنفُّس,أزمة تنفس
2azmit muntasaf 2il3umur,أَزْمِة منتصف العُمُر,أزمة منتصف العمر
2azzim,أَزِّم,أزم
2it2azzam,اِتْأَزَّم,اتأزم
y2azzim,يؤزِّم,يؤزم
yit2azzam,يِتْأَزَّم,يتأزم
2azzam,أَزّم,أزم
t2azzam,تْأَزَّم,تأزم
2astaze,أَسْتَذِة,أستذة
2ustaaz,أُسْتَاذ,أستاذ
2asaatze,أَسَاتْذِة,أساتذة
2asad,أَسَد,أسد
2usuud,أُسُود,أسود
2ista2sid,اِسْتَأْسِد,استأسد
yista2sid,يِسْتَأْسِد,يستأسد
2ista2sad,اِسْتَأْسَد,استأسد
2asiir,أَسِير,أسير
2asra,أَسْرَى,أسرى
2usra,أُسْرَة,أسرة
2asir,أَسِر,أسر
2usar,أُسَر,أسر
2i2sir,إِئْسِر,إئسر
yi2sir,يِئْسِر,يئسر
2asar,أَسَر,أسر
2asaasi,أَسَاسِي,أساسي
mu2assis,مُؤَسِّس,مؤسس
mu2assase,مُؤَسَّسِة,مؤسسة
ta2siis,تَأْسِيس,تأسيس
2asaas,أَسَاس,أساس
2usus,أُسُس,أسس
2assis,أَسِّس,أسس
y2assis,يْؤسِّس,يؤسس
2assas,أَسَّس,أسس
2aasif,أَسَف,أسف
2it2assaf,اِتْأَسَّف,اتأسف
yit2assaf,يِتْأَسَّف,يتأسف
t2assaf,تْأَسَّف,تأسف
2aasif,آسِف,آسف
mit2assif,مِتْأَسِّف,متأسف
2asaafiin,أَسَافِين,أسافين
2asfiin,أَسْفِين,أسفين
2isfiin,إِسْفِين,إسفين
2asaafiin,أَسَافِين,أسافين
daqni 2asfiin,دقني أسفين,دقني أسفين
2asfin,أَسْفِن,أسفن
y2asfan,يأَسْفِن,يأسفن
2asfan,أَسْفَن,أسفن
2isfanj,إِسْفَنْج,إسفنج
2aasi,آسِي,آسي
y2aasi,يآسِي,يآسي
2aasa,آسَى,آسى
ma2saawi,مَأْسَاوي,مأساوي
ma2aasi,مآسِي,مآسي
ma2saa,مَأْسَاة,مأساة
2ishaara,إِشَارَة,إشارة
2ashshir,أَشِّر,أشر
y2ashshir,يؤشِّر,يؤشر
2ashshar,أَشَّر,أشر
2ashkara,أَشْكَرَا,أشكرا
2aslan,أَصْلاً,أصلا
2asli,أَصْلِي,أصلي
2asli,أَصِيل,أصيل
2asil,أَصِل,أصل
2isti2saal,اِسْتِئْصَال,استئصال
2usuul,أُصُول,أصول
qaliil 2asil,قَلِيل أصِل,قليل أصل
2ibin 2usuul,اِبِن أُصُول,ابن أصول
min 2asil 2iddinyaa,من أَصِل الدنيَا,من أصل الدنيا
2aslo wufaslo,أَصْلُه وفَصْلُه,أصله وفصله
2il2usuul 2inno,الأصول إِنه,الأصول إنه
2ista2sil,اِسْتَأْصِل,استأصل
2assil,أَصِّل,أصل
y2assil,يؤصِّل,يؤصل
yista2sil,يِسْتَأْصِل,يستأصل
2assal,أَصَّل,أصل
2ista2sal,اِسْتَأْصَل,استأصل
2itaar,إِطَار,إطار
2utur,أُطُر,أطر
2utuuraat,أُطُورَات,أطورات
2atroone,أَطْرَونِة,أطرونة
2afkh,أَفْخ,أفخ
2iff,إِفّ,إف
2it2affaf,اِتْأَفَّف,اتأفف
yit2affaf,يِتْأَفَّف,يتأفف
t2affaf,تْأَفَّف,تأفف
2avukaado,أَفُوكَادُو,أفوكادو
2avukaato,أَفُوكَادُو,أفوكادو
2afandi,أَفَنْدِي,أفندي
2afandiyye,أَفَنْدِيِّة,أفندية
2uqqa,أُقَّة,أقة
2uqaq,أُقَق,أقق
mit2aqlim,مِتْأَقْلِم,متأقلم
2aqlame,أَقْلَمِة,أقلمة
ta2aqlum,تَأَقْلُم,تأقلم
2iqliim,إِقْلِيم,إقليم
2aqaaliim,أَقَالِيم,أقاليم
2aqlim,أَقْلِم,أقلم
2it2aqlam,اِتْأَقْلَم,اتأقلم
y2aqlim,يؤقْلِم,يؤقلم
yit2aqlam,يِتْأَقْلَم,يتأقلم
2aqlam,أَقْلَم,أقلم
t2aqlam,تْأَقْلَم,تأقلم
mu2akkad,مُؤَكَّد,مؤكد
2akiid,أَكِيد,أكيد
ta2kiid,تَأْكِيد,تأكيد
3al 2akiid,عَالأَكِيد,عالأكيد
2akkid,أَكِّد,أكد
2it2akkad,اِتْأَكَّد,اتأكد
y2akkid,يؤكِّد,يؤكد
yit2akkad,يِتْأَكَّد,يتأكد
2akkad,أَكَّد,أكد
t2akkad,تْأَكَّد,تأكد
2akra,أَكْرَة,أكرة
2akra,أَكْرَة,أكرة
2akzakhaane,أَكْزَخَانِة,أكزخانة
2uksijiin,أُكْسِجِين,أكسجين
2akkiil,أَكِّيل,أكيل
mit2aakil,مِتْآكِل,متآكل
2akkiile,أَكِّيلِة,أكيلة
2akalha,أَكَلْهَا,أكلها
2akil,أَكِل,أكل
maakil,مَاكِل,ماكل
bittaakalish,بتَّاكَلِش,بتاكلش
2akal zift,أَكَل زفت,أكل زفت
2akal qundara,أَكَل قُندَرَة,أكل قندرة
2akal ruu7 2ilkhall,أَكَل روح الخل,أكل روح الخل
2akal hawa,أَكَل هَوَا,أكل هوا
2akla,أَكْلَة,أكلة
2akal raasi,أَكَل رَاسي,أكل راسي
2akal 7aqqo,أَكَل حَقُّه,أكل حقه
2akal hamm,أَكَل هَم,أكل هم
2akal 2iliktaab,أَكَل الكْتَاب,أكل الكتاب
2akal b7aalo,أَكَل بْحَالُه,أكل بحاله
2akalu wijho,أَكَلوَا وِجْهُه,أكلوا وجهه
2akal maqlab,أَكَل مَقْلَب,أكل مقلب
2akalha 3alee,أَكَلهَا عليه,أكلها عليه
2ilbisse btookil 3ashaa,البِسِّة بتَوكِل عَشَاه,البسة بتوكل عشاه
kul,كُل,كل
wakkil,وَكِّل,وكل
2it2aakal,اِتْآكَل,اتآكل
yit2aakal,يِتْآكَل,يتآكل
yookil,يَوكِل,يوكل
yaakul,يَاكُل,ياكل
ywakkil,يْوَكِّل,يوكل
t2aakal,تْآكَل,تآكل
wakkal,وَكَّل,وكل
2akal,أَكَل,أكل
2akin,أَكِن,أكن
2akin,أَكِن,أكن
2il,ال,ال
2ilba,إِلْبَا,إلبا
2ila 2aakhirih,إِلخ,إلخ
2ilakh 2ilakh 2ilakh,إِلخ إِلخ إِلخ,إلخ إلخ إلخ
2aliif,أَلِيف,أليف
ma2luuf,مَأْلُوف,مألوف
mit2aalif,مِتْآلِف,متآلف
2alif,أَلِف,ألف
2alif,أَلِف,ألف
2uluuf,أُلُوف,ألوف
m2allif,مْؤلِّف,مؤلف
2alf,أَلْف,ألف
2ulfe,أُلْفِة,ألفة
mu2allif,مُؤلِّف,مؤلف
ta2liif,تَأْلِيف,تأليف
2uluuf m2allafe,أُلْوف مْألَّفِة,ألوف مألفة
2uluufaat,أُلُوفَات,ألوفات
2i2laf,إِئْلَف,إئلف
2allif,أَلِّف,ألف
2it2aalaf,اِتآلَف,اتآلف
yi2laf,يِئْلَف,يئلف
yit2aalaf,يِتآلَف,يتآلف
y2allif,يؤلِّف,يؤلف
2ilif,إِلِف,إلف
t2aalaf,تآلَف,تآلف
2allaf,أَلَّف,ألف
2illa,إِلَّا,إلا
2illa,إِلَّا,إلا
2illi,اللِّي,اللي
mu2lim,مُؤْلِم,مؤلم
2aliim,أَلِيم,أليم
2alam,أَلَم,ألم
2aalaam,آلَام,آلام
2allim,أَلِّم,ألم
y2allim,يؤلِّم,يؤلم
2allam,أَلَّم,ألم
2almaaz,أَلْمَاز,ألماز
2alaminyom,أَلَمِنْيُوم,ألمنيوم
2alaminyo,أَلَمِنْيُو,ألمنيو
2alla,الله,الله
bi2amaan 2illaa,بِأَمَان الله,بأمان الله
2alla wismalla,الله وَاِسْم الله,الله واسم الله
2alla ma3 dawaaliibak,الله مَع دَوَالِيبَك,الله مع دواليبك
maa yquul 2allaahu 2akbar,مَا يقُول الله أَكْبَر,ما يقول الله أكبر
2ahil laa 2ilaaha 2illa 2alla,أَهِل لَا إِلَه إِلَّا الله,أهل لا إله إلا الله
2alla faati7 3aleeh,الله فَاتِح عَلَيه,الله فاتح عليه
3ala 2alla,عَلَى الله,على الله
7ayyalla,حَيّ الله,حي الله
7ayyalla,حَيَّا الله,حيا الله
2alu,أَلُو,ألو
2imbala,إِمْبَلَا,إمبلا
2amad,أَمَد,أمد
mu2aamara,مُؤَامَرَة,مؤامرة
2amir,أَمِر,أمر
2amiir,أَمِير,أمير
mu2tamar,مُؤْتَمَر,مؤتمر
2awaamir,أَوَامِر,أوامر
2umara,أُمَرَا,أمرا
maa 3aleek 2amir,مَا عَلَيك أَمِر,ما عليك أمر
2ana 2amiir winta 2amiir wumiin sawwaaq 2il7amiir,أَنَا أَمِير وَاِنْت أَمِير ومِين سَوَّاق الحَمِير,أنا أمير وانت أمير ومين سواق الحمير
2u2mur,اُؤْمُر,اؤمر
t2ammar,تْأَمَّر,تأمر
2it2aamar,اِتْآمَر,اتآمر
yu2mur,يُؤْمُر,يؤمر
yit2ammar,يِتْأَمَّر,يتأمر
yit2aamar,يِتْآمَر,يتآمر
2amar,أَمَر,أمر
t2ammar,تْأَمَّر,تأمر
t2aamar,تْآمَر,تآمر
2imma3a,إِمَّعَة,إمعة
2amal,أَمَل,أمل
2aamaal,آمَال,آمال
basiis 2amal,بَصِيص أَمَل,بصيص أمل
qata3 2il2amal,قَطَع الأمَل,قطع الأمل
3allaq 2amaalo 3ala,عَلَّق آمَالُه عَلَى,علق آماله على
shall 2amalo,شَلّ أَمَلُه,شل أمله
2ammil,أَمِّل,أمل
2it2ammal,اِتْأَمَّل,اتأمل
y2ammil,يْأَمِّل,يأمل
yit2ammal,يِتْأَمَّل,يتأمل
2ammal,أَمَّل,أمل
t2ammal,تْأَمَّل,تأمل
2ummi,أُمِّي,أمي
2aamim,آمِم,آمم
2ummahaat,أُمَّهَات,أمهات
2immayaat,إِمَّيَات,إميات
2umm,أُمّ,أم
2imm,إِمّ,إم
2imm 2iddaraayir,إِمّ الضَّرَايِر,إم الضراير
2ummiyye,أُمِّيِة,أمية
2umme,أُمِّة,أمة
meeme,مَيمِة,ميمة
2imaam,إِمَام,إمام
2a2imme,أَئِمِّة,أئمة
maama,مَامَا,ماما
2umam,أُمَم,أمم
yamma,يَمَّا,يما
shuu jaab 2ilghuraab lammo,شُو جَاب الغُرَاب لإِمُّه,شو جاب الغراب لإمه
ma7u 2ummiyye,مَحُو أُمِّيِة,محو أمية
2ummit laa 2ilaha 2illa 2allaa,أُمِّة لَا إِله إِلَا الله,أمة لا إله إلا الله
3ala 2umm,على أُمّ,على أم
2imm 2wee2,إِمّ قْوَيق,إم قويق
2imm 3ali,إِمّ عَلِي,إم علي
shughulha mitil shughul 2immi ladurritha,شُغُلْهَا مِثِل شُغُل إِمِّي لضُرِّتهَا,شغلها مثل شغل إمي لضرتها
yamma,يَمَّا,يما
maa 3indo yamma 2ir7amiini,مَا عِنْدُه يَمَّا اِرْحَمِيني,ما عنده يما ارحميني
yamma,يَمَّا,يما
2imm,إِمّ,إم
2ammim,أَمِّم,أمم
y2imm,يئِمّ,يئم
y2ammim,يأَمِّم,يأمم
2amma,أَمَّا,أما
2amm,أَمّ,أم
2ammam,أَمَّم,أمم
2imma,إِمَّا,إما
2amni,أَمْنِيّ,أمني
2amin,أَمْن,أمن
2amaane,أَمَانِة,أمانة
2amaan,أَمَان,أمان
bi2amaan 2illaa,بأمَان الله,بأمان الله
2alla 2akhad 2amaanto,الله أخذ أمَانته,الله أخذ أمانته
2ammin,أَمِّن,أمن
y2ammin,يأَمِّن,يأمن
2amman,أَمَّن,أمن
2anaani,أَنَانِي,أناني
2anaaniyye,أَنَانِيِّة,أنانية
2ana,أَنَا,أنا
2aani,آنِي,آني
ta2niib,تَأْنِيب,تأنيب
ta2niib 2iddamiir,تَأْنِيب الضَّمِير,تأنيب الضمير
2annib,أَنِّب,أنب
y2annib,يْؤنِّب,يؤنب
2annab,أَنَّب,أنب
2anta,أَنْتَ,أنت
2inta,إِنْتَ,إنت
2anti,أَنْتِ,أنت
2inti,إِنْتِ,إنت
2intu,إِنْتُو,إنتو
2intin,إِنْتِن,إنتن
m2antikh,مْأَنْتِخ,مأنتخ
2antakha,أَنْتَخَة,أنتخة
2antikh,أَنْتِخ,أنتخ
y2antikh,يأَنْتِخ,يأنتخ
2antakh,أَنْتَخ,أنتخ
2antik,أَنْتِك,أنتك
y2antik,يأَنْتِك,يأنتك
2antak,أَنْتَك,أنتك
m2antak,مْأَنْتَك,مأنتك
2annis,أَنِّث,أنث
y2annis,يؤنِّث,يؤنث
2annas,أَنَّث,أنث
2inaas,إِنَاث,إناث
2unsa,أُنْثَى,أنثى
2andjar,أَنْجَر,أنجر
2anjar,أَنْجَر,أنجر
2anja2,أَنْجَق,أنجق
2anjale,أَنْجَلِة,أنجلة
2anjil,أَنْجِل,أنجل
y2anjil,يْأَنْجَل,يأنجل
2anjal,أَنْجَل,أنجل
2anzuu7,أَنْزُوح,أنزوح
2anaazii7,أَنَازِيح,أنازيح
2insaani,إِنْسَانِي,إنساني
2aanisa,آنِسَة,آنسة
2aanse,آنْسِة,آنسة
2insaan,إِنْسَان,إنسان
2anshuuq2a,أَنْشُوقَة,أنشوقة
2it2annaq,اِتْأَنَّق,اتأنق
yit2annaq,يِتْأَنَّق,يتأنق
t2annaq,تْأَنَّق,تأنق
2anaaqa,أَنَاقَة,أناقة
2aniiq,أَنِيق,أنيق
2inkala,إِنْكَلَا,إنكلا
2ann,أَنّ,أن
2inn,إِنّ,إن
2aniin,أَنِين,أنين
2ilmawduu3 fii 2inna,الموضوع فيه إِنّ,الموضوع فيه إن
2ann,أَنّ,أن
li2ann,لِأَن,لأن
2inna,إِنّ,إن
2inn,ئِنّ,ئن
y2inn,يئِنّ,يئن
2ann,أَنّ,أن
2anuu,أَنُو,أنو
2ani,أَني,أني
2aah,آه,آه
2ahil,أَهِل,أهل
2ahaali,أَهَالِي,أهالي
2ahil laa 2ilaaha 2illa 2alla,أَهل لَا إِله إِلَا الله,أهل لا إله إلا الله
3aadme 2ahli,عَادمة أهلي,عادمة أهلي
qaabir 2ahlo,قَابر أهله,قابر أهله
7ammal 2ahli jmiile,حمَّل أهلي جميلة,حمل أهلي جميلة
zall 2ahli,ذَلّ أهلي,ذل أهلي
2ahhal,أَهَّل,أهل
y2ahhil,يأَهِّل,يأهل
2ahhil,أَهِّل,أهل
y2ahhil wiysahhil,يأهِّل ويسهِّل,يأهل ويسهل
2ahlan,أَهْلاً,أهلا
2ahlan wa sahlan,أَهْلاً وسَهْلاً,أهلا وسهلا
hala,هَلَا,هلا
t2ahhal,تْأَهَّل,تأهل
yit2ahhal,يِتْأَهَّل,يتأهل
2it2ahhal,اِتْأَهَّل,اتأهل
2ahliyye,أَهْلِيِّة,أهلية
2ahliyye bim7aliyye,أَهْلِيِّة بْمَحَلِّيِّة,أهلية بمحلية
2aw,أَوْ,أو
2awaa3i,أَوَاعِي,أواعي
dubit b2awaa3iyyi,ذُبِت بأَوَاعِيِّي,ذبت بأواعيي
2ubba,أُوبَّا,أوبا
2ubba,أُوبَّا,أوبا
2ubba 2izzeed,أُوبَّا الزيد,أوبا الزيد
2awwit,أَوِّت,أوت
y2awwit,يْأوِّت,يأوت
2awwat,أَوَّت,أوت
2ootel,أَوتَيل,أوتيل
2ooda,أَوضَة,أوضة
2uwad,أُوَض,أوض
2ookee,أَوكَي,أوكي
2aale,آلِة,آلة
2awwalaani,أَوَّلَانِي,أولاني
2awaa2il,أَوَائِل,أوائل
2awwal,أَوَّل,أول
2il2awwal wittaali,الأَوَّل والتَّالِي,الأول والتالي
2aah,آَه,آه
ta2awwuh,تَأَوُّه,تأوه
2it2awwah,اِتْأَوَّه,اتأوه
yit2awwah,يِتْأَوَّه,يتأوه
t2awwah,تْأَوَّه,تأوه
m2aawaat,مْآوَاة,مآواة
2iiwaa2,إِيوَاء,إيواء
ma2wa,مَأْوَى,مأوى
ma2aawi,مَآوِي,مآوي
ma2wa 2il3ajaze,مَأْوَى العَجَزِة,مأوى العجزة
2i2wi,إِئْوِي,إئوي
2aawi,آوي,آوي
yi2wi,يأوِي,يأوي
y2aawi,يآوِي,يآوي
2awa,أَوَى,أوى
2aawa,آوَى,آوى
m2ayyid,مْؤيِّد,مؤيد
ta2yiid,تَأْيِيد,تأييد
2ayyid,أَيِّد,أيد
y2ayyid,يؤيِّد,يؤيد
2ayyad,أَيَّد,أيد
2iir,إِير,إير
2ayaas,آيَاس,آياس
qata3 2il2ayaas,آيَاس,آياس
2aayis,آيِس,آيس
y2aayis,يْآيِس,يآيس
2aayas,آيَس,آيس
2eesh,أَيش,أيش
qaayillo b2eesh,قَايله بإِيش,قايله بإيش
2ish ma3na,إِيش مَعْنَى,إيش معنى
qaddeesh,قَدَّيش,قديش
2ayluun,أَيْلُوُن,أيلون
2ayluul,أَيْلُول,أيلول
2ayluul deelo mabluul,أَيْلُول ذَيلُه مَبْلُول,أيلول ذيله مبلول
ween,وَين,وين
ween,وَين,وين
2aywa,أَيْوَا,أيوا
2aywan,أَيْواً,أيوا
2ee,أَي,أي
2ayy,أَيّ,أي
2ayy,أَيّ,أي
2aaye,آيِة,آية
2aaye min 2aayaat 2iljamaal,آيِة من آيات الجَمَال,آية من آيات الجمال
bi,بِ,ب
bu2ra,بُؤْرَة,بؤرة
biir,بِير,بير
2abyaar,أَبْيَار,أبيار
byaara,بْيَارَة,بيارة
bu2ar,بُؤَر,بؤر
2aabaar,آبَار,آبار
biir habi3,بِير هَبِع,بير هبع
sirrak bibiir,سِرَّك بِبِير,سرك ببير
majnuun rama 7ajar bilbiir biddo miit 3aaqil ytal3o,مَجْنُون رَمَى حَجَر بَِالبِِير بِدُّه مِيِّة عَاقِل يطَلْعُه,مجنون رمى حجر بالبير بده مية عاقل يطلعه
7ummarat 2ilbiir,حُمَّرَة البِير,حمرة البير
baas,بَاص,باص
baale,بَالِة,بالة
baale,بَالِة,بالة
baal,بَال,بال
3amaar bihadaatil baal,عمَار بهدَاة البَال,عمار بهداة البال
faadi 2ilbaal,فَاضي البَال,فاضي البال
baalak,بَالك,بالك
babuuj,بَابُوج,بابوج
bawaabiij,بَوَابِيج,بوابيج
baabuur,بَابُور,بابور
babboor,بَابَّور,بابور
bawaabiir,بَوَابِير,بوابير
baabuur 2izzeet,بَابُور الزَّيت,بابور الزيت
bawaabiiri,بَوَابِيرِي,بوابيري
babyoone,بَبْيَونِة,ببيونة
batte,بَتِّة,بتة
batt,بَتّ,بت
qati3 bat,قطع بَتّ,قطع بت
batte wurakke,بَتِّة ورَكِّة,بتة وركة
bitt,بِتّ,بت
ybitt,يْبِتّ,يبت
batt,بَتّ,بت
mabtuur,مَبْتُور,مبتور
2ubtur,اِبْتُر,ابتر
yubtur,يُبْتُر,يبتر
batar,بَتَر,بتر
batir,بَتِر,بتر
batriina,بَاتْرِينا,باترينا
biji7,بِجِح,بجح
bajaa7a,بَجَاحَة,بجاحة
2itbajja7,اِتْبَجَّح,اتبجح
yitbajja7,يِتْبَجَّح,يتبجح
tbajja7,تْبَجَّح,تبجح
badjra,بَحْرَا,بحرا
2ibdjar,اِبْجَر,ابجر
mbadjdjir,مْبَجِّر,مبجر
mboodjir,مْبَوجِر,مبوجر
2abdjar,أَبْجَر,أبجر
budjur,بُجُر,بجر
2itbadjdjaqk,اِتْبَجَّق,اتبجق
yitbadjdjaqk,يِتْبَجَّق,يتبجق
tbadjdjaqk,تْبَجَّق,تبجق
mabjuul,مَبْجُول,مبجول
2inbijil,اِنْبِجِل,انبجل
yinbijil,يِنْبِجِل,ينبجل
2inbajal,اِنْبَجَل,انبجل
bajam,بَجَم,بجم
bidjwir,بِجْوِر,بجور
ba7bathoone,بَحْبَثَونِة,بحبثونة
mba7ba7,مْبَحْبَح,مبحبح
ba7buu7,بَحْبُوح,بحبوح
ba7bi7,بَحْبِح,بحبح
2itba7ba7,اِتْبَحْبَح,اتبحبح
yba7bi7,يْبَحْبِح,يبحبح
yitba7ba7,يِتْبَحْبَح,يتبحبح
ba7ba7,بَحْبَح,بحبح
tba7ba7,تْبَحْبَح,تبحبح
yba7bish,يبَحْبِش,يبحبش
ba7bish,بَحْبِش,بحبش
ba7bash,بَحْبَش,بحبش
ba7bis,بَحْبِص,بحبص
yba7bis,يبَحْبِص,يبحبص
ba7bas,بَحْبَص,بحبص
ba7te,بَحْتِة,بحتة
ba7tiyye,بَحْتِيِّة,بحتية
ba7tiyye,بَحْتِيِّة,بحتية
ba7t,بَحْت,بحت
2inba7at fard ba7te,اِنْبَحَت فَرْد بَحْتِة,انبحت فرد بحتة
2inbi7it,اِنْبِحِت,انبحت
yinbi7it,يِنْبِحِت,ينبحت
2inba7at,اِنْبَحَت,انبحت
ba7is,بَحِث,بحث
2ab7aas,أَبْحَاث,أبحاث
bu7uus,بُحُوث,بحوث
baa7is,بَاحِث,باحث
2ib7as,اِبْحَث,ابحث
yib7as,يِبْحَث,يبحث
ba7as,بَحَث,بحث
2itbaa7as,اِتْبَاحَث,اتباحث
yitbaa7as,يِتْبَاحَث,يتباحث
tbaa7as,تْبَاحَث,تباحث
ba77a,بَحَّة,بحة
mab7uu7,مَبْحُوح,مبحوح
ba77,بَحّ,بح
bi77,بِحّ,بح
2inba77,اِنْبَحّ,انبح
yinba77,يِنْبَحّ,ينبح
ybi77,يبِحّ,يبح
ba77,بَحّ,بح
2inba77,اِنْبَحّ,انبح
mba77ir,مْبَحِّر,مبحر
ba7ra,بَحْرَة,بحرة
tab7iira,تَبْحِيرَة,تبحيرة
ba7ar,بَحَر,بحر
ba7ir,بَحِر,بحر
ba7ar,بَحَر,بحر
bi7aar,بِحَار,بحار
bu7uur,بُحُور,بحور
ba7ri,بَحْرِي,بحري
ba7riyye,بَحْرِيِّة,بحرية
2illi laqq 2ilba7ar biluqq 2ilbu7ayra,اللي لَق البَحَر بيلُق البُحَيرَة,اللي لق البحر بيلق البحيرة
btaakhdak 3alba7ar wubitraj3ak 3atshaan,بتَاخْذَك عَالبَحَر وبِتْرَجْعَك عَطْشَان,بتاخذك عالبحر وبترجعك عطشان
byi3mil min 2ilba7ar maqkaathi,بيِعْمَل من البَحَر مَقَاثِي,بيعمل من البحر مقاثي
2in kaan 2ilba7ar miqthaaye bitsiir 2ilkinne t7ibb 2il7amaaye,اِن كَان البَحَر مِقْثَايِة بِتْصِير الكِنِّة تحِبّ الحَمَايِة,ان كان البحر مقثاية بتصير الكنة تحب الحماية
2itba77ar,اِتْبَحَّر,اتبحر
yitba77ar,يِتْبَحَّر,يتبحر
tba77ar,تْبَحَّر,تبحر
2ab7ar,أَبْحَر,أبحر
2ib7ir,اِبْحِر,ابحر
yib7ir,يِبْحِر,يبحر
ba77ir,بَحِّر,بحر
yba77ir,يبَحِّر,يبحر
ba77ar,بَحَّر,بحر
ba7aze,بَحَزِة,بحزة
2ib7az,اِبْحَز,ابحز
ba77iz,بَحِّز,بحز
yib7az,يِبْحَز,يبحز
yba77iz,يبَحِّز,يبحز
ba7az,بَحَز,بحز
ba77az,بَحَّز,بحز
ba7ish,بَحِش,بحش
2inbi7ish,اِنْبِحِش,انبحش
yinbi7ish,يِنْبِحِش,ينبحش
2inba7ash,اِنْبَحَش,انبحش
ba7ash 3ashruush,بحش عَالشروش,بحش عالشروش
2ib7ash,اِبْحَش,ابحش
yib7ash,يِبْحَش,يبحش
ba7ash,بَحَش,بحش
mbaa7ase,مْبَاحَصِة,مباحصة
mbaa7asa,مْبَاحَصَة,مباحصة
baa7is,بَاحِص,باحص
2ib7as,اِبْحَص,ابحص
yib7as,يِبْحَص,يبحص
ybaa7is,يبَاحِص,يباحص
baa7as,بَاحَص,باحص
ba7as,بَحَص,بحص
mba77it,مْبَحِّط,مبحط
ba77it,بَحِّط,بحط
yba77it,يبَحِّط,يبحط
ba77at,بَحَّط,بحط
ba7laqa,بَحْلَقَة,بحلقة
ba7liq,بَحْلِق,بحلق
yba7liq,يبَحْلِق,يبحلق
ba7laq,بَحْلَق,بحلق
2imbakhbidj,مْبَخْبِج,مبخبج
bakhbakhe,بَخْبَخِة,بخبخة
bakhbikh,بَخْبِخ,بخبخ
ybakhbikh,يبَخْبِخ,يبخبخ
bakhbakh,بَخْبَخ,بخبخ
mbakhkhat,مْبَخَّت,مبخت
mibkhit,مِبْخِت,مبخت
bkheete,بْخَيتِة,بخيتة
bakht,بَخْت,بخت
bakhit,بَخِت,بخت
bkhuut,بْخُوت,بخوت
2abu 2ilibkhuut,أَبُو البْخُوت,أبو البخوت
zahrit 2ilbakhit,زَهْرِة البَخِت,زهرة البخت
bakhkhit,بَخِّت,بخت
ybakhkhit,يبَخِّت,يبخت
bakhkhat,بَخَّت,بخت
shal bakhto,شَلّ بَخْتُه,شل بخته
bakhtara,بَخْتَرَة,بخترة
tbakhtar,تْبَخْتَر,تبختر
yitbakhtar,يِتْبَخْتَر,يتبختر
tbakhtar,تْبَخْتَر,تبختر
bikhkh,بِخّ,بخ
bakhkha,بَخّة,بخة
bakhkhaakh,بَخَّاخ,بخاخ
2inbakhkh,اِنْبَخّ,انبخ
yinbakhkh,يِنْبَخّ,ينبخ
2inbakhkh,اِنْبَخّ,انبخ
bukhkh,بُخّ,بخ
ybukhkh,يبُخّ,يبخ
bakhkh,بَخّ,بخ
mabkhara,مَبْخَرَة,مبخرة
tabkhiira,تَبْخِيرَة,تبخيرة
bakhuur,بَخُور,بخور
bukhaar,بُخَار,بخار
bukhkhaar,بُخَّار,بخار
mabaakhir,مَبَاخِر,مباخر
bakhkhir,بَخِّر,بخر
bawaakhir,بَوَاخِر,بواخر
baakhira,بَاخِرَة,باخرة
tbakhkhar,تْبَخَّر,تبخر
ybakhkhir,يْبَخِّر,يبخر
tbakhkhar,يِتْبَخَّر,يتبخر
bakhkhar,بَخَّر,بخر
tbakhkhar,تْبَخَّر,تبخر
mbakhkhis,مْبَخِّس,مبخس
tabkhiis,تَبْخِيس,تبخيس
2itbakhkhas,اِتْبَخَّس,اتبخس
yitbakhkhas,يِتْبَخَّس,يتبخس
tbakhkhas,تْبَخَّس,تبخس
bakhkhis,بَخِّس,بخس
ybakhkhis,يبَخِّس,يبخس
bakhkhas,بَخَّس,بخس
mabkhuu3,مَبْخُوع,مبخوع
mabkhuu3,مَبْخُوع,مبخوع
2ibkha3,اِبْخَع,ابخع
2inibkhi3,اِنِبْخِع,انبخع
2inbikhi3,اِنْبِخِع,انبخع
yibkha3,يِبْخَع,يبخع
yinbikhi3,يِنْبِخِع,ينبخع
yinibkhi3,يِنِبْخِع,ينبخع
bakha3,بَخَع,بخع
2inbakha3,اِنْبَخَع,انبخع
bakhiil,بَخِيل,بخيل
bukhala,بُخُلَاء,بخلاء
bukhul,بُخُل,بخل
2ibkhal,اِبْخَل,ابخل
yibkhal,يِبْخَل,يبخل
bikhil,بِخِل,بخل
tbikhkhin,تْبِخِّن,تبخن
tbakhkhan,اِتْبَخَّن,اتبخن
yitbakhkhan,يتْبَخَّن,يتبخن
tbakhkhan,تْبَخَّن,تبخن
mbakhnis,مْبَخْنِس,مبخنس
bakhnis,بَخْنِس,بخنس
ybakhnis,يبَخْنِس,يبخنس
bakhnas,بَخْنَس,بخنس
mitbakhniq,مِتْبَخْنِق,متبخنق
2itbakhnaq,اِتْبَخْنَق,اتبخنق
yitbakhnaq,يِتْبَخْنَق,يتبخنق
tbakhnaq,تْبَخْنَق,تبخنق
baadi,بَادِي,بادي
2ibtidaa2i,اِبْتِدَائِي,ابتدائي
bidaaye,بِدَايِة,بداية
bad2,بَدْء,بدء
2ibda,اِبْدَا,ابدا
yibda,يِبْدَا,يبدا
bada,بَدَا,بدا
2ibda2,اِبْدَأ,ابدأ
yibda2,يِبْدَأ,يبدأ
bada2,بَدَأ,بدأ
2ibtidi,اِبْتِدِي,ابتدي
yibtidi,يِبْتِدِي,يبتدي
2ibtada,اِبْتَدَا,ابتدا
bidi2,بِدِء,بدء
bidaa2i,بِدَائِي,بدائي
biddo,بِدُّو,بدو
badduude,بَدُّودِة,بدودة
bidd,بِدّ,بد
baddaad,بَدَّاد,بداد
biduud,بِدُود,بدود
law ju7a baddaad kaan baddad biblaado,لو جُحَا بَدَّاد كَان بَدَّد ببلَادُهه,لو جحا بداد كان بدد ببلادهه
bidd,بِدّ,بد
biddi,بِدِّي,بدي
biddiish,بِدِّيش,بديش
mish wala bud,مِش ولَا بُدّ,مش ولا بد
budd,بُدّ,بد
min kull budd sabab,من كل بُد سبب,من كل بد سبب
laabudd,لَابُدّ,لابد
2istibdaad,اِسْتِبْدَاد,استبداد
baddid,بَدِّد,بدد
2ibaddad,اِتْبَدَّد,اتبدد
ybaddid,يبَدِّد,يبدد
yitbaddad,يِتْبَدَّد,يتبدد
baddad,بَدَّد,بدد
tbaddad,تْبَدَّد,تبدد
badri,بَدْرِي,بدري
mbaddir,مْبَدِّر,مبدر
badir,بَدِر,بدر
badir,بَدِر,بدر
bduura,بْدُورَة,بدورة
bduur,بْدُور,بدور
badir 2ilbuduur,بَدْر البدور,بدر البدور
badir 2ittamaam,بَدْر التَّمَام,بدر التمام
baddir,بَدِّر,بدر
ybaddir,يبَدِّر,يبدر
baddar,بَدَّر,بدر
mubdi3,مُبْدِع,مبدع
bid3a,بِدْعَة,بدعة
bida3,بِدْعَة,بدعة
3imil fii 2ilbuda3,عِمِل فِيه البُدَع,عمل فيه البدع
baddaa3a,بَدَّاعَة,بداعة
2ibdaa3,إِبْدَاع,إبداع
baddaa3,بَدَّاع,بداع
buda3,بُدَع,بدع
baddi3,بَدِّع,بدع
ybaddi3,يبَدِّع,يبدع
badda3,بَدَّع,بدع
2abda3,أَبْدَع,أبدع
yibdi3,يِبْدِع,يبدع
2ibdi3,اِبْدِع,ابدع
badle,بَدْلِة,بدلة
baddaale,بَدَّالِة,بدالة
badal,بَدَل,بدل
badiil,بَدِيل,بديل
tabdiil,تَبْدِيل,تبديل
badaayil,بَدَايِل,بدايل
budal,بُدَل,بدل
2itbaddal,اِتْبَدَّل,اتبدل
yitbaddal,يِتْبَدَّل,يتبدل
tbaddal,تْبَدَّل,تبدل
baddil,بَدِّل,بدل
baadil,بَادِل,بادل
ybaddil,يبَدِّل,يبدل
ybaadil,يْبَادِل,يبادل
baddal,بَدَّل,بدل
baadal,بَادَل,بادل
badani,بَدَنِي,بدني
badan,بَدَن,بدن
2abdaan,أَبْدَان,أبدان
2a3taa badan,أَعْطَاه بَدَن,أعطاه بدن
samm badani,سَمّ بَدَنِي,سم بدني
qash3ar badani,قَشْعَر بَدَنِي,قشعر بدني
nammal badani,نَمّل بَدَنِي,نمل بدني
hazz badani,هَزّ بَدَنِي,هز بدني
yunfud badanak,يُنْفُض بَدَنَك,ينفض بدنك
badu,بَدُو,بدو
bdawi,بَدَوِي,بدوي
tibdaaye,تِبْدَايِة,تبداية
baddi,بَدِّي,بدي
ybaddi,يبَدِّي,يبدي
badda,بَدَّى,بدى
tabziir,تَبْذِير,تبذير
mubazzir,مُبَذِّر,مبذر
bazra,بَذْرَة,بذرة
buzuur,بُذُور,بذور
bazrat kheer,بَذْرَة خَير,بذرة خير
bidhraawiyye,بِذْرَاوِيِّة,بذراوية
bazzir,بَذِّر,بذر
ybazzir,يبَذِّر,يبذر
bazzar,بَذَّر,بذر
baatinjaan,بَاذِنْجَان,باذنجان
baatinjaane,بَاذِنْجَانِة,باذنجانة
2itbarra2,اِتْبَرَّأ,اتبرأ
yitbarra2,يِتْبَرَّأ,يتبرأ
tbarra2,تْبَرَّأ,تبرأ
barri2,بَرِّئ,برئ
ybarri2,يبَرِّئ,يبرئ
barra2,بَرَّأ,برأ
tabrii2,تَبْرِيئ,تبريئ
baraa2a,بَرَاءَة,براءة
2abriyaa2,أَبْرِيَاء,أبرياء
barii2,بَرِيء,بريء
barbadje,بَرْبَجِة,بربجة
2itbarbadj,اِتْبَرْبَج,اتبربج
yitbarbadj,يِتْبَرْبَج,يتبربج
tbarbadj,تْبَرْبَج,تبربج
barba7a,بَرْبَحَة,بربحة
2itbarba7,اِتْبَرْبَح,اتبربح
yitbarba7,يِتْبَرْبَح,يتبربح
tbarba7,تْبَرْبَح,تبربح
barbuur,بَرْبُور,بربور
baraabiir,بَرَابِير,برابير
barbir,بَرْبِر,بربر
ybarbir,يبَرْبِر,يبربر
barbar,بَرْبَر,بربر
mbarbash,مْبَرْبَش,مبربش
barbuush,بَرْبُوش,بربوش
baraabiish,بَرَابِيش,برابيش
barbiish,بَرْبِيش,بربيش
baraabiish,بَرَابِيش,برابيش
barbish,بَرْبِش,بربش
ybarbish,يْبَرْبِش,يبربش
barbash,بَرْبَش,بربش
barbate,بَرْبَطَة,بربطة
2itbarbat,اِتْبَرْبَط,اتبربط
yitbarbat,يِتْبَرْبَط,يتبربط
tbarbat,تْبَرْبَط,تبربط
barbake,بَرْبَكِة,بربكة
2itbarbak,اِتْبَرْبَك,اتبربك
yitbarbak,يِتْبَرْبَك,يتبربك
tbarbak,تْبَرْبَك,تبربك
burtuqaali,بُرْتُقَالِي,برتقالي
burtuqaale,بُرْتُقَالِة,برتقالة
burtuqaal,بُرْتُقَال,برتقال
burut2gaani,بُرُتْقَانِي,برتقاني
burut2gaane,بُرُتْقَانِة,برتقانة
burutu2gaan,بُرُتْقَان,برتقان
barraaje,بَرَّاجِة,براجة
burj,بُرْج,برج
tabarruj,تَبَرُّج,تبرج
bardjaawi,بَرْجَاوِي,برجاوي
buruj,بُرُج,برج
2abraaj,أَبْرَاج,أبراج
2itbarraj,اِتْبَرَّج,اتبرج
yitbarraj,يِتْبَرَّج,يتبرج
titbarraj,تْبَرَّج,تبرج
bargiit,بَرْجِيت,برجيت
mbarjil,مْبَرْجِل,مبرجل
barjil,بَرْجِل,برجل
ybarjil,يبَرْجِل,يبرجل
barjal,بَرْجَل,برجل
barjame,بَرْجَمِة,برجمة
barjim,بَرْجِم,برجم
ybarjim,يبَرْجِم,يبرجم
barjam,بَرْجَم,برجم
2awlaad 2imbaari7,أَوْلَاد اِمبَارح,أولاد امبارح
baar7a,بَارْحَة,بارحة
2imbaari7,اِمْبَارِح,امبارح
bar7a,بَرْحَة,برحة
bira7,بِرَح,برح
3eeno baar7a,عينه بَارْحَة,عينه بارحة
baarikh,بَارِخ,بارخ
2ibrakh,اِبْرَخ,ابرخ
yibrakh,يِبْرَخ,يبرخ
barakh,بَرَخ,برخ
bardaan,بَرْدَان,بردان
baarid,بَارِد,بارد
mbarrad,مْبَرَّد,مبرد
barriide,بَرِّيد,بريد
burdaaye,بُرْدَايِة,برداية
baaruude,بَارُودِة,بارودة
bardiyye,بَرْدِيِّة,بردية
barrad,بَرَّاد,براد
buruud,بُرُود,برود
barid,بَرِد,برد
barid,بَرِد,برد
baraadi,بَرَادِي,برادي
bawaariid,بَوَارِيد,بواريد
wijho baarid,وجهُه بَاَرِد,وجهه بارد
bard bunkhur bil3azim,بَرْد بُنْخُر بَالعَظِم,برد بنخر بالعظم
3albaarid 2ilmistrii7,عَالبَارِد المِسْتِرِيح,عالبارد المستريح
barradin 3azaah,بَرَّدِن عزَاه,بردن عزاه
bard biquss 2ilmusmaar,برد بقص المسمَار,برد بقص المسمار
2ilmitghatti fiikbardaan,المتغطِّي فيك بَرْدَان,المتغطي فيك بردان
2ibrad,اِبْرَد,ابرد
boorid,بَورِد,بورد
2itbarrad,اِتْبَرَّد,اتبرد
barrid,بَرِّد,برد
yibrad,يِبْرَد,يبرد
yboorid,يبَورِد,يبورد
yitbarrad,يِتْبَرَّد,يتبرد
ybarrid,يبَرِّد,يبرد
birid,بِرِد,برد
boorad,بَورَد,بورد
tbarrad,تْبَرَّد,تبرد
barrad,بَرَّد,برد
barda3a,بَرْدَعَة,بردعة
baraadi3,بَرَادِع,برادع
3albarr,عَالبَرّ,عالبر
barr,بَرّ,بر
barri,بَرِّي,بري
barrani,بَرَّاني,براني
barraat,بَرَّاة,براة
barra,بَرَّا,برا
tabriir,تَبْرِير,تبرير
barrir,بَرِّر,برر
ybarrir,يبَرِّر,يبرر
barrar,بَرَّر,برر
baariz,بَارِز,بارز
barze,بَرْزِة,برزة
bruuz,بُرُوز,بروز
mubaaraze,مُبَارَزِة,مبارزة
2itbaariz,اِتْبَارَز,اتبارز
yitbaariz,يِتْبَارَز,يتبارز
tbaariz,تْبَارَز,تبارز
baariz,بَارِز,بارز
ybaariz,يبَارِز,يبارز
baaraz,بَارَز,بارز
2ubruz,اِبْرُز,ابرز
yibruz,يِبْرُز,يبرز
baraz,بَرَز,برز
burzuqa,بُرْزُقَة,برزقة
baraazqa,بَرَازْقَة,برازقة
baraaziq,بَرَازِق,برازق
broos,بْرَوس,بروس
barsh,بَرْش,برش
bursh,بُرْش,برش
broosh,بْرَوش,بروش
barshe,بَرْشِة,برشة
2inbarish,اِنْبَرِش,انبرش
2inbirish,اِنْبِرِش,انبرش
yinbarash,يِنْبَرَش,ينبرش
yinbirish,يِنْبِرِش,ينبرش
2inbarash,اِنْبَرَش,انبرش
2ubrush,اُبْرُش,ابرش
barash,بَرَش,برش
yibrush,يِبْرُش,يبرش
brisht,بْرِشْت,برشت
barsa,بَرْصَا,برصا
2abras,أَبْرَص,أبرص
mbarris,مْبَرِّص,مبرص
burus,بُرُص,برص
breesa3a,بْرَيصْعَة,بريصعة
baras,بَرَص,برص
brees,بْرَيص,بريص
bree3si,بْرَيعْصِي,بريعصي
burus,بُرُص,برص
burs,بُرْص,برص
2abu brees,أَبُو بْرَيص,أبو بريص
2ibrass,اِبْرَصّ,ابرص
yibrass,يِبْرَصّ,يبرص
2ibrass,اِبْرَصّ,ابرص
2ibras,اِبْرَص,ابرص
yibras,يِبْرَص,يبرص
biris,بِرِص,برص
barris,بَرِّص,برص
ybarris,يْبَرِّص,يبرص
barras,بَرَّص,برص
barduh,بَرْضُه,برضه
bart,بَرْط,برط
bart 7oome,بَرْط حَومِة,برط حومة
2ibrut,اِبْرُط,ابرط
yibrut,يِبْرُط,يبرط
barat,بَرَط,برط
baraatiish,بَرَاطِيش,براطيش
bartuushe,بَرْطُوشِة,برطوشة
baraatish,بَرَاطِش,براطش
mbarti3,مْبَرْطِع,مبرطع
barta3a,بَرْطَعَة,برطعة
2itbarta3,اِتْبَرْطَع,اتبرطع
barti3,بَرْطِع,برطع
yitbarta3,يِتْبَرْطَع,يتبرطع
ybarti3,يبَرْطِع,يبرطع
barta3,بَرْطَع,برطع
tbarta3,تْبَرْطَع,تبرطع
bartiil,بَرْطِيل,برطيل
bartil,بَرْطِل,برطل
ybartil,يبَرْطِل,يبرطل
bartal,بَرْطَل,برطل
mbartim,مْبَرْطِم,مبرطم
burtum,بُرْطُم,برطم
baraatim,بَرَاطِم,براطم
baraatiim,بَرَاطِيم,براطيم
bartim,بَرْطِم,برطم
ybartim,يبَرْطِم,يبرطم
bartam,بَرْطَم,برطم
2itbar3am,اِتْبَرْعَم,اتبرعم
yitbar3am,يِتْبَرْعَم,يتبرعم
tbar3am,تْبَرْعَم,تبرعم
baraa3im,بَرَاعِم,براعم
bur3um,بُرْعُم,برعم
burghi,بُرْغِي,برغي
baraaghi,بَرَاغِي,براغي
laazmo taqq baraaghi,لَازْمُه طَقّ بَرَاغِي,لازمه طق براغي
laazmo shadd baraaghi,لَازْمُه شَدّ بَرَاغِي,لازمه شد براغي
burghul,بُرْغُل,برغل
2ibriiq,إِبْرِيق,إبريق
brayyig,بْرَيِّق,بريق
bariq,بَرِق,برق
baraq,بَرَق,برق
2abaariiq,أَبَارِيق,أباريق
zayy 2ilbarq,زي البَرْق,زي البرق
2inbiriq,اِنْبِرِق,انبرق
barriq,بَرِّق,برق
2ubruq,اُبْرُق,ابرق
yinbiriq,يِنْبِرِق,ينبرق
yubruq,يُبْرُق,يبرق
ybarriq,يْبَرِّق,يبرق
2inbaraq,اِنْبَرَق,انبرق
baraq,بَرَق,برق
barraq,بَرَّق,برق
2itbarqat,اِتْبَرْقَط,اتبرقط
yitbarqat,يِتْبَرْقَط,يتبرقط
tbarqat,تْبَرْقَط,تبرقط
2imbarqa3,مْبَرْقَع,مبرقع
burqu3,بُرْقُع,برقع
burgu3,بُرْقُع,برقع
baraaqi3,بَرَاقِع,براقع
baraagi3,بَرَاقِع,براقع
barqi3,بَرْقِع,برقع
2itbarqa3,اِتْبَرْقَع,اتبرقع
ybarqi3,يبَرْقِع,يبرقع
yitbarqa3,يِتْبَرْقَع,يتبرقع
barqa3,بَرْقَع,برقع
tbarqa3,تْبَرْقَع,تبرقع
barquuqa,بَرْقُوقَة,برقوقة
bar2uu2,بَرْقُوق,برقوق
barquuq,بَرْقُوق,برقوق
mabruuk,مَبْرُوك,مبروك
mbaarik,مْبَارِك,مبارك
barraakiyye,بَرَّاكِيِّة,براكية
mbaarake,مْبَارَكِة,مباركة
birke,بِرْكِة,بركة
barake,بَرَكِة,بركة
baaruuke,بَارُوكِة,باروكة
bawaariik,بَوَارِيك,بواريك
bark,بَرْك,برك
birak,بِرَك,برك
2ijat barakitha,إِجَت بَرَكِتْهَا,إجت بركتها
barki,بَرْكِي,بركي
barake,بَرَكِة,بركة
2alf mabruuk,أَلف مَبْرُوك,ألف مبروك
2iido birke,اِيده بِرْكِة,ايده بركة
subbaarit barake,صُبَّارِة بَرَكِة,صبارة بركة
fii 2ilbarake,فيه البَرَكِة,فيه البركة
kheer wubarake,خير و بركة,خير و بركة
2itbaarak,اِتْبَارَك,اتبارك
yitbaarak,يِتْبَارَك,يتبارك
tbaarak,تْبَارَك,تبارك
2ubruk,اِبْرُك,ابرك
baarik,بَارِك,بارك
yibruk,يِبْرُك,يبرك
ybaarik,يبَارِك,يبارك
barak,بَرَك,برك
baarak,بَارَك,بارك
barkadan,بَرْكَدَن,بركدن
barlamaan,بَرْلَمَان,برلمان
barriim,بَرَِّيم,بريم
barraam,بَرَّام,برام
mabruume,مَبْرُومِة,مبرومة
barriime,بَرِّيمِة,بريمة
barim,بَرِم,برم
mabaariim,مَبَارِيم,مباريم
2inbarim,اِنْبَرِم,انبرم
yinbarim,يِنْبَرِم,ينبرم
2inbaram,اِنْبَرَم,انبرم
2ubrum,اُبْرُم,ابرم
yibrum,يبْرُم,يبرم
baram,بَرَم,برم
mbarmij,مْبَرْمِج,مبرمج
mbarmaj,مْبَرْمَج,مبرمج
barmaje,بَرْمَجِة,برمجة
barnaamaj,بَرْنَامَج,برنامج
birnaamij,بِرْنَامِج,برنامج
baraamij,بَرَامِج,برامج
2itbarmaj,اِتْبَرْمَج,اتبرمج
yitbarmaj,يِتْبَرْمَج,يتبرمج
tbarmaj,تْبَرْمَج,تبرمج
barmij,بَرْمِج,برمج
ybarmij,يبَرْمِج,يبرمج
barmaj,بَرْمَج,برمج
barmiil,بَرْمِيل,برميل
baraamiil,بَرَامِيل,براميل
barmil,بَرْمِل,برمل
ybarmil,يبَرْمِل,يبرمل
barmal,بَرْمَل,برمل
barniyye,بَرْنِيِّة,برنية
baraani,بَرَانِي,براني
2ibrindje,بْرِنْجِة,برنجة
mbarnas,مْبَرْنَس,مبرنس
burnus,بُرْنُس,برنس
baraanis,بَرَانِس,برانس
burneeta,بُرْنَيطَة,برنيطة
barnuute,بَرْنُوطِة,برنوطة
baraaniit,بَرَانِيط,برانيط
baraaniit,بَرَانِيط,برانيط
baraaniit 2ilmaskuub,بَرَانِيط المَسْكُوب,برانيط المسكوب
barwe,بَرْوِة,بروة
birwaaz,بِرْوَاز,برواز
baraawiiz,بَرَاوِيز,براويز
yitbarwaz janbha,يِتْبَرْوَز جَنْبَهَا,يتبروز جنبها
2itbarwaz,اِتْبَرْوَز,اتبروز
yitbarwaz,يِتْبَرْوَز,يتبروز
tbarwaz,تْبَرْوَز,تبروز
barwiz,بَرْوِز,بروز
ybarwiz,يْبَرْوِز,يبروز
barwaz,بَرْوَز,بروز
barraaye,بَرَّايِة,براية
mubaaraa,مُبَارَاة,مباراة
2inbara lsaani,اِنْبَرَى لْسَانِي,انبرى لساني
2ibri,اِبْرِي,ابري
baari,بَارِي,باري
2inbari,اِنْبَرِى,انبرى
yibri,يِبْرِي,يبري
yinbiri,يِنْبِرِي,ينبري
ybaari,يبَارِي,يباري
bara,بَرَى,برى
2inbara,اِنْبَرَى,انبرى
baara,بَارَى,بارى
2itbaara,اِتْبَارَى,اتبارى
yitbaara,يِتْبَارَى,يتبارى
tbaara,تْبَارَى,تبارى
breemus,بْرَيمُس,بريمس
briimus,بْرِيمُس,بريمس
mabzara,مَبْزَرَة,مبزرة
bizir,بِزِر,بزر
mabaazir,مَبَازِر,مبازر
2ubzur,اِبْزُر,ابزر
yubzur,يُبْزُر,يبزر
bazar,بَزَر,بزر
2imbazriqk,مْبَزْرِق,مبزرق
bazriqk,بَزْرِق,بزرق
ybazriqk,يبَزْرِق,يبزرق
bazraqk,بَزْرَق,بزرق
bazzaaze,بَزَّازِة,بزازة
bizz,بِزّ,بز
bazzaaz,بَزَّاز,بزاز
bzaaz,بْزَاز,بزاز
2ilbizz 2ilkazzaab,البِزّ الكَذَّاب,البز الكذاب
zayy loo7 2iliqzaaz laa tiiz wala bzaaz,زَيّ لَوح القَزَاز لَا طِيز ولَا بْزَاز,زي لوح القزاز لا طيز ولا بزاز
bazziz,بَزِّز,بزز
2itbazzaz,اِتْبَزَّز,اتبزز
yitbazzaz,يِتْبَزَّز,يتبزز
ybazziz,يبَزِّز,يبزز
tbazzaz,تْبَزَّز,تبزز
bazzaz,بَزَّز,بزز
bazqa,بَزْقَة,بزقة
bzaaqa,بْزَاقَة,بزاقة
buzzeeq,بُزَّيق,بزيق
mitlil bazqa,مثل البَزْقَة,مثل البزقة
2ubzuq,اُبْزُق,ابزق
bazziq,بَزِّق,بزق
yubzuq,يُبْزُق,يبزق
ybazziq,يبَزِّق,يبزق
bazaq,بَزَق,بزق
bazzaq,بَزَّق,بزق
bazlata,بَزْلَطَة,بزلطة
2itbazlat,اِتْبَزْلَط,اتبزلط
yitbazlat,يِتْبَزْلَط,يتبزلط
tbazlat,تْبَزْلَط,تبزلط
mbazzim,مْبَزِّم,مبزم
buzme,بُزْمِة,بزمة
bziim,بْزِيم,بزيم
bazaayim,بَزَايِم,بزايم
bazzim,بَزِّم,بزم
ybazzim,يبَزِّم,يبزم
bazzam,بَزَّم,بزم
biznis,بِزْنِس,بزنس
baasboor,بَاسْبَور,باسبور
basbise,بَسْبَسِة,بسبسة
basbuuse,بَسْبُوسِة,بسبوسة
basbuus,بَسْبُوس,بسبوس
bisbaas,بِسْبَاس,بسباس
basaabiis,بَسَابِيس,بسابيس
basbis,بَسْبِس,بسبس
ybasbis,يْبَسْبِس,يبسبس
basbas,بَسْبَس,بسبس
mbastar,مْبَسْتَر,مبستر
bastir,بَسْتِر,بستر
ybastir,يبَسْتِر,يبستر
bastar,بَسْتَر,بستر
bustaan,بُسْتَان,بستان
basaatiin,بَسَاتِين,بساتين
2ilbatin bustaan,البَطِن بُسْتَان,البطن بستان
baasuur,بَاسُور,باسور
bass,بَسّ,بس
bass,بَسّ,بس
bass,بَسّ,بس
bass,بَسّ,بس
biss,بِسّ,بس
bsaas,بْسَاس,بساس
bisas,بِسَس,بسس
bisse mghamda,بِسِّة مْغَمْضِة,بسة مغمضة
2ilbisse btookil 3ashaa,البِسِّة بتَوكِل عَشَاه,البسة بتوكل عشاه
biss,بِسّ,بس
ybiss,يبِسّ,يبس
bass,بَسّ,بس
bseese,بْسَيسِة,بسيسة
basaata,بَسَاطَة,بساطة
mabsuut,مَبْسُوط,مبسوط
mbassit,مْبَسِّط,مبسط
basta,بَسْطَة,بسطة
mbassata,مْبَسَّطَة,مبسطة
bsaat,بْسَاط,بساط
2ibassat,اِتْبَسَّط,اتبسط
yibassat,يِتْبَسَّط,يتبسط
tbassat,تْبَسَّط,تبسط
2istabsit,اِسْتَبْسِط,استبسط
yistabsit,يِسْتَبْسِط,يستبسط
2istabsat,اِسْتَبْسَط,استبسط
2ibsit,اِبْسِط,ابسط
bassit,بَسِّط,بسط
yibsit,يِبْسِط,يبسط
ybassit,يبَسِّط,يبسط
basat,بَسَط,بسط
bassat,بَسَّط,بسط
2inbasat,اِنْبَسَط,انبسط
yinbisit,يِنْبِسِط,ينبسط
yinbasit,يِنْبَسِط,ينبسط
2inbisit,اِنْبِسِط,انبسط
2inbasit,اِنْبَسِط,انبسط
minbisit,مِنْبِسِط,منبسط
basaatiir,بَسَاطِير,بساطير
bustaar,بُسْطَار,بسطار
busturma,بُسْطُرْمَة,بسطرمة
bustarma,بُسْطَرْمَة,بسطرمة
bsaa3,بْسَاع,بساع
baskuute,بَسْكُوتِة,بسكوتة
baskaleet,بَسْكَلَيت,بسكليت
bsuum,بْسُوم,بسوم
2ilibsuum 2issafra,البْسُوم الصَّفْرَا,البسوم الصفرا
2ibtisaame,اِبْتِسَامِة,ابتسامة
2ibtisim,اِبْتِسِم,ابتسم
yibtisim,يِبْتِسِم,يبتسم
2ibtasam,اِبْتَسَم,ابتسم
bamale,بَسْمَلِة,بسملة
basmil,بَسْمِل,بسمل
ybasmil,يبَسْمِل,يبسمل
basmal,بَسْمَل,بسمل
busht,بُشْت,بشت
basht,بَشْت,بشت
bishit,بِشِت,بشت
bshuute,بْشُوتِة,بشوتة
2ibshit,اِبْشِت,ابشت
yibshit,يِبْشِت,يبشت
bashat,بَشَت,بشت
mubaashir,مُبَاشِر,مباشر
mubashshir,مُبَشِّر,مبشر
bashari,بَشَرِي,بشري
bshaara,بْشَارَة,بشارة
bashra,بَشْرَة,بشرة
bashar,بَشَر,بشر
bshaarit kheer,بْشَارَة خير,بشارة خير
bashshir,بَشِّر,بشر
baashir,بَاشِر,باشر
ybashshir,يبَشِّر,يبشر
ybaashir,يبَاشِر,يباشر
bashshar,بَشَّر,بشر
baashar,بَاشَر,باشر
bashir,بَشِر,بشر
bashshaara,بَشَّارَة,بشارة
mibshara,مِبْشَرَة,مبشرة
2ibshur,اِبْشُر,ابشر
yibshur,يِبْشُر,يبشر
bashar,بَشَر,بشر
bishi3,بِشِع,بشع
mibsha33,مِبْشَعّ,مبشع
mbashshi3,مْبَشِّع,مبشع
bashaa3a,بَشَاعَة,بشاعة
2istabshi3,اِسْتَبْشِع,استبشع
yistabshi3,يِسْتَبْشِع,يستبشع
2istabsha3,اِسْتَبْشَع,استبشع
2ibsha33,اِبْشَعّ,ابشع
yibsha33,يِبْشَعّ,يبشع
2ibsha33,اِبْشَعّ,ابشع
2ibsha3,اِبْشَع,ابشع
yibsha3,يِبْشَع,يبشع
bishi3,بِشِع,بشع
bashshi3,بَشِّع,بشع
ybashshi3,يبَشِّع,يبشع
bashsha3,بَشَّع,بشع
bashkiir,بَشْكِير,بشكير
bashaakiir,بَشَاكِير,بشاكير
mabshuum,مَبْشُوم,مبشوم
mabaashiim,مَبَاشِيم,مباشيم
2inbishaam,اِنْبِشَام,انبشام
2inbishim,اِنْبِشِم,انبشم
yinbishim,يِنْبِشِم,ينبشم
2inbasham,اِنْبَشَم,انبشم
2ibshim,اِبْشِم,ابشم
yibshim,يِبْشِم,يبشم
basham,بَشَم,بشم
mbashnaqk,مْبَشْنَق,مبشنق
bushneeqka,بُشْنَيقَة,بشنيقة
bushneeqka,بُشْنَيقَة,بشنيقة
2itbashnaqk,اِتْبَشْنَق,اتبشنق
yitbashnaqk,يِتْبَشْنَق,يتبشنق
tbashnaqk,تْبَشْنَق,تبشنق
bashniqk,بَشْنِق,بشنق
ybashniqk,يبَشْنِق,يبشنق
bashnaqk,بَشْنَق,بشنق
basbaas,بَصْبَاص,بصباص
basbis,بَصْبِص,بصبص
ybasbis,يبَصْبِص,يبصبص
basbas,بَصْبَص,بصبص
biisaara,بِيصَارَة,بيصارة
basari,بَصَرِي,بصري
bassaara,بَصَّارَة,بصارة
busaara,بُصَارَة,بصارة
basar,بَصَر,بصر
2absir,اَبْصِر,ابصر
bassir,بَصِّر,بصر
yibsir,يِبْصِر,يبصر
ybassir,يبَصِّر,يبصر
2absar,أَبْصَر,أبصر
bassar,بَصَّر,بصر
2absar,أَبْصَر,أبصر
2absar,أَبْصَر,أبصر
bassaasa,بَصَّاصَة,بصاصة
bassa,بَصَّة,بصة
bassa,بَصَّة,بصة
basale,بَصَلِة,بصلة
yaa daakhil been 2ilbasale wuqishritha maa binuubak gheer rii7itha,يَا دَاخِل بَين البَصَلِة وقِشْرِتْهَا مَابينُوبَك غَير رِيحِتْهَا,يا داخل بين البصلة وقشرتها مابينوبك غير ريحتها
basal,بَصَل,بصل
basaltak ma7ruuqa,بَصَلْتَك مَحْرُوقَة,بصلتك محروقة
basme,بَصْمِة,بصمة
bisaame,بِصَامِة,بصامة
yubsum bil3ashra,يُبْصُم بَالعَشَرَة,يبصم بالعشرة
tarak basme,تَرَك بَصْمِة,ترك بصمة
2ubsum,اِبْصُم,ابصم
bassim,بَصِّم,بصم
yubsum,يُبْصُم,يبصم
ybassim,يبَصِّم,يبصم
basam,بَصَم,بصم
basim,بَصِم,بصم
bassam,بَصَّم,بصم
bdaa3a,بْضَاعَة,بضاعة
badaayi3,بَضَايِع,بضايع
tbadda3,تْبَضَّع,تبضع
yitbadda3,يِتْبَضَّع,يتبضع
tbadda3,تْبَضَّع,تبضع
budalle,بُضَلِّة,بضلة
batii2,بَطِيء,بطيء
mbatti2,مْبَطِّئ,مبطئ
butu2,بُطُء,بطء
2istabti2,اِسْتَبْطِئ,استبطئ
yistabti2,يِسْتَبْطِئ,يستبطئ
2istabta2,اِسْتَبْطَأ,استبطأ
batti2,بَطِّئ,بطئ
ybatti2,يبَطِّئ,يبطئ
batta2,بَطَّأ,بطأ
bataataaye,بَطَاطَايِة,بطاطاية
bataata,بَطَاطَا,بطاطا
2imbatbit,مْبَطْبِط,مبطبط
butbeet,بُطْبَيط,بطبيط
bataabit,بَطَابِط,بطابط
batbuut,بَطْبُوط,بطبوط
bataabiit,بَطَابِيط,بطابيط
batbit,بَطْبِط,بطبط
ybatbit,يبَطْبِط,يبطبط
batbat,بَطْبَط,بطبط
mbatta7,مْبَطَّح,مبطح
mabtuu7,مَبْطُوح,مبطوح
2imbaata7a,مْبَاطَحَة,مباطحة
2inbiti7,اِنْبِطِح,انبطح
yinbiti7,يِنْبِطِح,ينبطح
2inbata7,اِنْبَطَح,انبطح
2itbaata7,اِتْبَاطَح,اتباطح
yitbaata7,يِتْبَاطَح,يتباطح
tbaata7,تْبَاطَح,تباطح
baati7,بَاطِح,باطح
2ibta7,اِبْطَح,ابطح
2inbitaa7,اِنْبِطَاح,انبطاح
tbatta7,تْبَطَّح,تبطح
ybaati7,يبَاطِح,يباطح
yibta7,يِبْطَح,يبطح
yibatta7,يتْبَطَّح,يتبطح
baata7,بَاطَح,باطح
bata7,بَطَح,بطح
tbatta7,تْبَطَّح,تبطح
battiikha,بَطِّيخَة,بطيخة
battiikh,بَطِّيخ,بطيخ
battaariyya,بَطَّارِيِّة,بطارية
batraan,بَطْرَان,بطران
mitbattir,مِتْبَطِّر,متبطر
batar,بَطَر,بطر
2ibtar,اِبْطَر,ابطر
2itbattar,اِتْبَطَّر,اتبطر
yibtar,يِبْطَر,يبطر
yitbattar,يِتْبَطَّر,يتبطر
bitir,بِطِر,بطر
tbattar,تْبَطَّر,تبطر
mbatrikh,مْبَطْرِخ,مبطرخ
bataarikh,بَطَارِخ,بطارخ
batrikh,بَطْرِخ,بطرخ
ybatrikh,يبَطْرِخ,يبطرخ
batrakh,بَطْرَخ,بطرخ
mbatrin,مْبَطْرِن,مبطرن
batrin,بَطْرِن,بطرن
ybatrin,يبَطْرِن,يبطرن
batran,بَطْرَن,بطرن
batish,بَطِش,بطش
2ubtush,اِبْطِش,ابطش
yubtush,يُبْطِش,يبطش
batash,بَطَش,بطش
batt,بَطّ,بط
batt,بَطّ,بط
batt zaytuun,بَطّ زَيْتُون,بط زيتون
batta,بَطَّة,بطة
batta,بَطَّة,بطة
battit 2il2idjir,بَطِّة الإِجِر,بطة الإجر
butt,بُطّ,بط
ybutt,يبُطّ,يبط
batt,بَطّ,بط
bataayiq,بَطَايِق,بطايق
bitaaqa,بِطَاقَة,بطاقة
bitaale,بَطَالِة,بطالة
battaal,بَطَّال,بطال
mbattil,مْبَطِّل,مبطل
mbattil,مْبَطِّل,مبطل
butuule,بُطُولِة,بطولة
batal,بَطَل,بطل
2abtaal,أَبْطَال,أبطال
battil,بَطِّل,بطل
ybattil,يبَطِّل,يبطل
battal,بَطَّل,بطل
butme,بُطْمِة,بطمة
butam,بُطَم,بطم
2ibteeni,بْطَينِي,بطيني
mbattan,مْبَطَّن,مبطن
batin,بَطِن,بطن
baatoon,بَاطَون,باطون
batoon,بَاطَون,باطون
btuun,بْطُون,بطون
bawaatiin,بَوَاطِين,بواطين
batinha la7aliqha,بَطِنْهَا لَحَلِقْهَا,بطنها لحلقها
batinha faaqis,بَطِنْهَا فَاقِس,بطنها فاقس
3ala7im batno,عَلَحِم بَطْنُه,علحم بطنه
batno diribakke,بَطْنُه دربَّكِة,بطنه دربكة
batno mkazziz,بَطْنُه مقَزِّز,بطنه مقزز
2ibin batni byi3rif laratni,اِبن بَطْنِي بيعرف لرطْني,ابن بطني بيعرف لرطني
batinha tuulha,بَطِنْهَا طُولْهَا,بطنها طولها
na3aame tda33is bibatnak,نَعَامِة تدَعِّس بِبَطْنَك,نعامة تدعس ببطنك
sha3ar 2ilbatin,شَعَر البَطِن,شعر البطن
faati7 batno,فَاتِح بَطْنُه,فاتح بطنه
2araffish bibatno,أَرَفِّش بِبَطْنُه,أرفش ببطنه
wiqi3 satil batno,وِقِع سَطِل بَطْنُه,وقع سطل بطنه
batno kbiir,بَطْنُه كْبِير,بطنه كبير
batinha bisha7witha,بَطِنْهَا بِشَحْوِطْهَا,بطنها بشحوطها
7aamil batno 3adahro,حَامِل بَطْنُه عَظَهْرُه,حامل بطنه عظهره
batnidj,بَطْنِج,بطنج
ybatnidj,يبَطْنِج,يبطنج
batnadj,بَطْنَج,بطنج
batiyye,بَاطِيِّة,باطية
bawaati,بَوَاطِي,بواطي
3yuuni bazzu labarra,عيوني بَظُّوَا لبرّة,عيوني بظوا لبرة
buzz,بُظّ,بظ
ybuzz,يبُظّ,يبظ
bazz,بَظّ,بظ
badhiin,بَظِين,بظين
mba3biz,مْبَعْبِز,مبعبز
ba3buuz,بَعْبُوز,بعبوز
ba3aabiiz,بَعَابِيز,بعابيز
2itba3baz,اِتْبَعْبَز,اتبعبز
ba3biz,بَعْبِز,بعبز
yitba3baz,يِتْبَعْبَز,يتبعبز
yba3biz,يبَعْبِز,يبعبز
tba3baz,تْبَعْبَز,تبعبز
ba3baz,بَعْبَز,بعبز
ba3bish,بَعْبِش,بعبش
yba3bish,يبَعْبِش,يبعبش
ba3bash,بَعْبَش,بعبش
ba3basa,بَعْبَصَة,بعبصة
ba3bis,بَعْبِص,بعبص
yba3bis,يبَعْبِص,يبعبص
ba3bas,بَعْبَص,بعبص
ba3bi3,بَعْبِع,بعبع
yba3bi3,يبَعْبِع,يبعبع
ba3ba3,بَعْبِع,بعبع
mba3bal,مْبَعْبَل,مبعبل
ba3buul,بَعْبُول,بعبول
ba3aabiil,بَعَابِيل,بعابيل
ba3bale,بَعْبَلِة,بعبلة
2itba3bal,اِتْبَعْبَل,اتبعبل
yitba3bal,يِتْبَعْبَل,يتبعبل
tba3bal,تْبَعْبَل,تبعبل
ba3bil,بَعْبِل,بعبل
yba3bil,يبَعْبِل,يبعبل
ba3bal,بَعْبَل,بعبل
baa3it,بَاعِث,باعث
ba3it,بَعِث,بعث
bi3se,بِعْثِة,بعثة
2inbi3it,اِنْبِعِث,انبعث
yinbi3it,يِنْبِعِث,ينبعث
2inba3at,اِنْبَعَث,انبعث
2ib3at,اِبْعَث,ابعث
yib3at,يِبْعَث,يبعث
ba3at,بَعَث,بعث
mba3tar,مْبَعْثَر,مبعثر
mba3tara,مْبَعْثَرَة,مبعثرة
ba3tara,بَعْثَرَة,بعثرة
ba3tir,بَعْثِر,بعثر
yba3tir,يبَعْثِر,يبعثر
ba3tar,بَعْثَر,بعثر
2itba3tar,اِتْبَعْثَر,اتبعثر
yitba3tar,يِتْبَعْثَر,يتبعثر
tba3tar,تْبَعْثَر,تبعثر
mab3uuj,مَبْعُوج,مبعوج
mab3uuj,مَبْعُوج,مبعوج
ba33ij,بَعِّج,بعج
yba33ij,يبَعِّج,يبعج
ba33aj,بَعَّج,بعج
2ib3aj,اِبْعَج,ابعج
2inbi3ij,اِنْبِعِج,انبعج
2inib3ij,اِنِبْعِج,انبعج
yib3aj,يِبْعَج,يبعج
yinbi3ij,يِنْبِعِج,ينبعج
yinib3ij,يِنِبْعِج,ينبعج
ba3aj,بَعَج,بعج
2inba3aj,اِنْبَعَج,انبعج
mba3jir,مْبَعْجِر,مبعجر
mutabaa3id,مُتَبَاعِد,متباعد
mub3ad,مُبْعَد,مبعد
2ib3aad,إِبْعَاد,إبعاد
b3iid,بْعِيد,بعيد
b3iid 3annak,بْعِيد عَنَّك,بعيد عنك
b3iid 3an 2issaam3iin,بْعِيد عَن السَّامْعِين,بعيد عن السامعين
wuba3deen ma3ak,وبَعْدَين مَعَك,وبعدين معك
wuba3deen fiik,وبَعْدَين فِيك,وبعدين فيك
yaa ba3di,يَا بَعْدِي,يا بعدي
wuba3deen,وبَعْدَين,وبعدين
ba3idha,بعدهَا,بعدها
ba3idha,بَعْده,بعده
ba3id,بَعِد,بعد
2itbaa3ad,اِتْبَاعَد,اتباعد
yitbaa3ad,يِتْبَاعَد,يتباعد
tbaa3ad,تْبَاعَد,تباعد
baa3id,بَاعِد,باعد
ybaa3id,يبَاعِد,يباعد
baa3ad,بَاعَد,باعد
2ib3id,اِبْعِد,ابعد
2ib3id,اِبْعِد,ابعد
ba33id,بَعِّد,بعد
2istab3id,اِسْتَبْعِد,استبعد
yib3id,يِبْعِد,يبعد
yib3id,يِبْعِد,يبعد
yba33id,يبَعِّد,يبعد
yistab3id,يِسْتَبْعِد,يستبعد
ba3deen,بَعْدَين,بعدين
bi3id,بِعِد,بعد
2ab3ad,أَبْعَد,أبعد
ba33ad,بَعَّد,بعد
2istab3ad,اِسْتَبْعَد,استبعد
mabaa3ir,مَبَاعِر,مباعر
b3aara,بْعَارَة,بعارة
b3iir,بْعِير,بعير
ba3ir,بَعِر,بعر
bi3raan,بِعْرَان,بعران
mithil ba3ir 2ilidjmaal,مثل بَعِر الجمَال,مثل بعر الجمال
2itba33ar,اِتْبَعَّر,اتبعر
yitba33ar,يِتْبَعَّر,يتبعر
tba33ar,تْبَعَّر,تبعر
ba33ir,بَعِّر,بعر
yba33ir,يبَعِّر,يبعر
ba33ar,بَعَّر,بعر
ba3ze,بَعْزِة,بعزة
2itba33az,اِتْبَعَّز,اتبعز
yitba33az,يِتْبَعَّز,يتبعز
tba33az,تْبَعَّز,تبعز
2ba33izlo 3inee,أَبْعَز لُه عَينَيه,أبعز له عينيه
2ib3az,اِبْعَز,ابعز
ba33iz,بَعِّز,بعز
yib3az,يِبَعَز,يبعز
yba33iz,يبَعِّز,يبعز
ba3az,بَعَز,بعز
ba33az,بَعَّز,بعز
mba3zaq,مْبَعْزَق,مبعزق
mba3za2a,مْبَعْزَقَة,مبعزقة
ba3zaqa,بَعْزَقَة,بعزقة
2itba3zaq,اِتْبَعْزَق,اتبعزق
yitba3zaq,يِتْبَعْزَق,يتبعزق
tba3zaq,تْبَعْزَق,تبعزق
ba3ziq,بَعْزِق,بعزق
yba3ziq,يبَعْزِق,يبعزق
ba3zaq,بَعْزَق,بعزق
yib3as keefi,يِبْعَص كَيفِي,يبعص كيفي
2ib3as,اِبْعَص,ابعص
yib3as,يِبْعَص,يبعص
ba3as,بَعَص,بعص
ba3d,بَعْض,بعض
baa3uuda,بَاعُوضَة,باعوضة
baa3uud,بَاعُوض,باعوض
bawaa3iid,بَوَاعِيض,بواعيض
fooq ba3ad,فَوق بَعْض,فوق بعض
mab3uut,مَبْعُوط,مبعوط
mba33at,مْبَعَّط,مبعط
mab3uut,مَبْعُوط,مبعوط
ba3ta,بَعْطَة,بعطة
2ib3at,اِبْعَط,ابعط
2inbi3it,اِنْبِعِط,انبعط
2itba33at,اِتْبَعَّط,اتبعط
yib3at,يِبْعَط,يبعط
yinbi3it,يِنْبِعِط,ينبعط
yitba33at,يِتْبَعَّط,يتبعط
tba33at,تْبَعَّط,تبعط
ba3at,بَعَط,بعط
2inba3at,اِنْبَعَط,انبعط
bu33,بُعّ,بع
ybu33,يبُعّ,يبع
ba33,بَعّ,بع
2ib3aq,اِبْعَق,ابعق
ba3wik,بَعْوِق,بعوق
yib3aq,يِبْعَق,يبعق
yba3wik,يبَعْوِق,يبعوق
ba3aq,بَعَق,بعق
ba3wak,بَعْوَق,بعوق
ba3qish,بَعْقِش,بعقش
yba3qish,يبَعْقِش,يبعقش
ba3qash,بَعْقَش,بعقش
ba3il,بَعِل,بعل
ba3luus,بَعْلوُص,بعلوص
ba3aliis,بَعَالِيص,بعاليص
bu3leele,بُعْلَيلِة,بعليلة
ba3u,بَعُو,بعو
baghdade,بَغْدَدِة,بغددة
2itbaghdad,اِتْبَغْدَد,اتبغدد
baghdid,بَغْدِد,بغدد
yitbaghdad,يِتْبَغْدَد,يتبغدد
ybaghdid,يبَغْدِد,يبغدد
tbaghdad,تْبَغْدَد,تبغدد
baghdad,بَغْدَد,بغدد
baghghuul,بَغُّول,بغول
baghluun,بَغْلُون,بغلون
mbaghghil,مْبَغِّل,مبغل
baghil,بَغِل,بغل
bghala,بْغَلَة,بغلة
bghaal,بْغَال,بغال
bghaal,بْغَال,بغال
baghghil,بَغِّل,بغل
ybaghghil,يبَغِّل,يبغل
baghghal,بَغَّل,بغل
bughme,بُغْمِة,بغمة
bugham,بُغَم,بغم
bafte,بَفْتِة,بفتة
zayy 2ilbafte,زي البَفْتِة,زي البفتة
bufteek,بُفْتَيك,بفتيك
biff,بِفّ,بف
ybiff,يبِفّ,يبف
baff,بَفّ,بف
mbaqbish,مْبَقْبِش,مبقبش
baqkbuushe,بَقْبُوشِة,بقبوشة
baqkabiish,بَقَابِيش,بقابيش
baqkbish,بَقْبِش,بقبش
ybaqkbish,يبَقْبِش,يبقبش
baqkbash,بَقْبَش,بقبش
2itbaqbaq,اِتْبَقْبَق,اتبقبق
yitbaqbaq,يِتْبَقْبَق,يتبقبق
tbaqbaq,تْبَقْبَق,تبقبق
baqbiq,بَقْبِق,بقبق
ybaqbiq,يبَقْبِق,يبقبق
baqbaq,بَقْبَق,بقبق
buqkdje,بُقْجِة,بقجة
buqkadj,بُقَج,بقج
baqduunsiyye,بَقْدُونْسِيِّة,بقدونسية
baqduun,بَقْدُونِس,بقدونس
baqquura,بَقُّورَة,بقورة
baqruune,بَقْرُونِة,بقرونة
mbaqqir,مْبَقِّر,مبقر
baqara,بَقَرَة,بقرة
mbaqwar,مْبَقْوَر,مبقور
baaquura,بَاقُورَة,باقورة
baqar,بَقَر,بقر
2abqaar,أَبْقَار,أبقار
bawaaqiir,بَوَاقِير,بواقير
baqarit ju7a,بَقَرَة جُحَا,بقرة جحا
tidfa3 baqarat ju7a,تِدْفَع بَقَرَة جُحَا,تدفع بقرة جحا
baqara bakkiire,بقرة بكيرة,بقرة بكيرة
baqara manuu7a,بَقَرَة منوحة,بقرة منوحة
2abqar,أَبْقَر,أبقر
baqqir,بَقِّر,بقر
baqwir,بَقْوِر,بقور
2itbaqran,اِتْبَقْرَن,اتبقرن
baqrin,بَقْرِن,بقرن
ybaqrin,يبَقْرِن,يبقرن
ybaqqir,يبَقِّر,يبقر
ybaqwir,يبَقْوِر,يبقور
yitbaqran,يِتْبَقْرَن,يتبقرن
baqran,بَقْرَن,بقرن
tbaqran,تْبَقْرَن,تبقرن
baqwar,بَقْوَر,بقور
baqqar,بَقَّر,بقر
baqkradj,بَقْرَج,بقرج
baqkaaridj,بَقَارِج,بقارج
buq3a,بُقْعَة,بقعة
buqa3,بُقَع,بقع
2itbaqqa3,اِتْبَقَّع,اتبقع
yitbaqqa3,يِتْبَقَّع,يتبقع
tbaqqa3,تْبَقَّع,تبقع
baqqi3,بَقِّع,بقع
ybaqqi3,يبَقِّع,يبقع
baqqa3,بَقَّع,بقع
baqqa,بَقَّة,بقة
baqq,بَقّ,بق
buqq 2ilba7sa,بُقّ البَحْصَة,بق البحصة
zay 2ilbaqqa,زَيّ البَقَّة,زي البقة
baqqiq,بَقِّق,بقق
ybaqqiq,يبَقِّق,يبقق
baqqaq,بَقَّق,بقق
buqq,بُقّ,بق
ybuqq,يبُقّ,يبق
baqq,بَقّ,بق
baqqaale,بَقَّالِة,بقالة
buqkle,بُقْلِة,بقلة
buqkal,بُقَل,بقل
baq2le,بَقْلِة,بقلة
baqlawa,بَقْلَاوَة,بقلاوة
baqlaawi,بَقْلَاوِي,بقلاوي
7ayye baqlaawiyye,حَيِّة بَقْلَاوِيِّة,حية بقلاوية
mbaqklish,مْبَقْلِش,مبقلش
baqklashe,بَقْلَشِة,بقلشة
baqklish,بَقْلِش,بقلش
ybaqklish,يبَقْلِش,يبقلش
baqklash,بَقْلَش,بقلش
mbaqklil,مْبَقْلِل,مبقلل
baqluule,بَقْلُولِة,بقلولة
qulal,قُلَل,قلل
baqkaaliil,بَقَالِيل,بقاليل
baqklil,بَقْلِل,بقلل
ybaqklil,يبَقْلِل,يبقلل
baqklal,بَقْلَل,بقلل
baaqi,بَاقِي,باقي
baaqi,بَاقِي,باقي
baaqi,بَاقي,باقي
bawaaqi,بَوَاقِي,بواقي
baqa,بَقَى,بقى
2ibqa,اِبْقَى,ابقى
yibqa,يِبْقَى,يبقى
biqi,بِقِي,بقي
bikba,بيبقى,بيبقى
bakbake,بَكْبَكِة,بكبكة
bitshbitsh,بِكْبِك,بكبك
bakbik,بَكْبِك,بكبك
2itbakbak,اِتْبَكْبَك,اتبكبك
ybakbik,يبَكْبِك,يبكبك
yibakbak,يِتْبَكْبَك,يتبكبك
bakbak,بَكْبَك,بكبك
tbakbak,تْبَكْبَك,تبكبك
mbakkat,مْبَكَّت,مبكت
bakeet,بَاكَيت,باكيت
2itbakkat,اِتْبَكَّت,اتبكت
yitbakkat,يِتْبَكَّت,يتبكت
tbakkat,تْبَكَّت,تبكت
bakkit,بَكِّت,بكت
ybakkit,يبَكِّت,يبكت
bakkat,بَكَّت,بكت
bikriyye,بِكْرِيِّة,بكرية
bikir,بِكِر,بكر
bikri,بِكْرِي,بكري
bakaara,بَكَارَى,بكارى
bakkiir,بَكِّير,بكير
mbakkir,مْبَكِّر,مبكر
bakkiir,بَكِّير,بكير
baqkara bakkiire,بَقَرَة بَكِّيرِة,بقرة بكيرة
bukra,بُكْرَة,بكرة
bukra bitbayyin 2ilqar3a min 2im qruun,بكرة بتبين القرعة من إِم قرون,بكرة بتبين القرعة من إم قرون
bukra biduub 2ittalj wubibaan 2ilmarj,بكرة بيذوب الثلج وببَان المرج,بكرة بيذوب الثلج وببان المرج
bakkir,بَكِّر,بكر
ybakkir,يبَكِّر,يبكر
bakkar,بَكَّر,بكر
biikaar,بِيكَار,بيكار
bakradj,بَكْرَج,بكرج
mbaakase,مْبَاكَسِة,مباكسة
bukse,بُوكْسِة,بوكسة
buks,بُوكْس,بوكس
2itbakkas,اِتْبَكَّس,اتبكس
yitbakkas,يِتْبَكَّس,يتبكس
tbakkas,تْبَكَّس,تبكس
bakkis,بَكِّس,بكس
ybakkish,يبَكِّس,يبكس
bakkas,بَكَّس,بكس
bakkaash,بَكَّاش,بكاش
bakkish,بَكِّش,بكش
ybakkish,يْبَكِّش,يبكش
bakkash,بَكَّش,بكش
mbakkik,مْبَكِّك,مبكك
bakkik,بَكِّك,بكك
ybakkik,يبَكِّك,يبكك
bakkak,بَكَّك,بكك
baklashe,بَكْلَشِة,بكلشة
2itbaklash,اِتْبَكْلَش,اتبكلش
yitbaklash,يِتْبَكْلَش,يتبكلش
tbaklash,تْبَكْلَش,تبكلش
bakma,بَكْمَا,بكما
2abkam,أَبْكَم,أبكم
bukum,بُكُم,بكم
2inbikim,اِنْبِكِم,انبكم
yinbikim,يِنْبِكِم,ينبكم
2inbakam,اِنْبَكَم,انبكم
2itbakkam,اِتْبَكَّم,اتبكم
yitbakkam,يِتْبَكَّم,يتبكم
tbakkam,تْبَكَّم,تبكم
bakkaay,بَكَّاي,بكاي
buka,بُكَا,بكا
tabaaki,تَبَاكِي,تباكي
tabakki,تَبَكِّي,تبكي
bukaa2,بُكَاء,بكاء
tishki wutibki,تِشْكِي وتِبْكِي,تشكي وتبكي
ybakki 2il7ajar,يْبَكِّي الحَجَر,يبكي الحجر
ybakkii damm,يْبَكِّيه دم,يبكيه دم
tbaaka,تْبَاكَى,تباكى
2ibki,اِبْكِي,ابكي
bakki,بَكِّي,بكي
yibki,يِبْكِي,يبكي
ybakki,يْبَكِّي,يبكي
yitbaaka,يتْبَاكَى,يتباكى
tbaaka,تْبَاكَى,تباكى
baka,بَكَى,بكى
bakka,بَكَّى,بكى
mbalba7,مْبَلْبَح,مبلبح
balba7a,بَلْبَحَة,بلبحة
tbilbi7,تْبِلْبِح,تبلبح
balbi7,بَلْبِح,بلبح
ybalbi7,يبَلْبِح,يبلبح
balba7,بَلْبَح,بلبح
balbish,بَلْبِش,بلبش
ybalbish,يبَلْبِش,يبلبش
balbash,بَلْبَش,بلبش
balbas,بَلْبَص,بلبص
balbuus,بَلْبُوص,بلبوص
ybalbis,يبَلْبِص,يبلبص
balbis,بَلْبِص,بلبص
tbalbas,تْبَلْبَص,تبلبص
yitbalbas,يِتْبَلْبَص,يتبلبص
2itbalbas,اِتْبَلْبَص,اتبلبص
bil balbuus,بَالبَلْبُوص,بالبلبوص
balba3a,بَلْبَعَة,بلبعة
tbilbi3,تْبِلْبِع,تبلبع
balbi3,بَلْبِع,بلبع
ybalbi3,يبَلْبِع,يبلبع
balba3,بَلْبَع,بلبع
balbale,بَلْبَلِة,بلبلة
bulbule,بُلْبُلِة,بلبلة
bulbul,بُلْبُل,بلبل
bulbul,بُلْبُل,بلبل
balbuul,بَلْبُول,بلبول
bulbul,بُلْبُل,بلبل
balaabil,بَلَابِل,بلابل
qaddaa7 balaabil,قَدَّاح بَلَابِل,قداح بلابل
bilaadj,بِلَاج,بلاج
mballa7,مْبَلَّح,مبلح
bala7a,بَلَحَة,بلحة
bala7,بَلَح,بلح
tablii7,تَبْلِيح,تبليح
hurri bala7 yaa khookha,هُرِّي بَلَح يَا خوخَة,هري بلح يا خوخة
2itballa7,اِتْبَلَّح,اتبلح
yitballa7,يِتْبَلَّح,يتبلح
tballa7,تْبَلَّح,تبلح
mshalla7 wimballa7,مْشَلَّح ومْبَلَّح,مشلح ومبلح
2ablad,أَبْلَد,أبلد
baliid,بَلِيد,بليد
baladi,بَلَدِي,بلدي
baladiyye,بَلَدِيِّة,بلدية
balaade,بَلَادِة,بلادة
balad,بَلَد,بلد
balad,بَلَد,بلد
blaad,بْلَاد,بلاد
buldaan,بُلْدَان,بلدان
blaad 2alla 2ilwaas3a,بْلَاَد الله الوَاسْعَة,بلاد الله الواسعة
qadd 2ilbalad,قد البلد,قد البلد
zeet baladi,زيت بلدي,زيت بلدي
mfatti7 biblaad 3imyaan,مفتح ببْلَاَد عميَان,مفتح ببلاد عميان
min tiin blaadak lutt 3akhdaadak,مِن طِين بْلَاَدَك لُطّ عَخْدَادَك,من طين بلادك لط عخدادك
3aqlo byuuzin balad,عقله بْيُوزِن بَلَد,عقله بيوزن بلد
bi7ki labalad,بيِحْكِي لَبَلَد,بيحكي لبلد
baladiyyaat,بَلَدِيَّات,بلديات
ballid,بَلِّد,بلد
2itbaalad,اِتْبَالَد,اتبالد
yballid,يْبَلِّد,يبلد
yitbaalad,يِتْبَالَد,يتبالد
ballad,بَلَّد,بلد
tbaalad,تْبَالَد,تبالد
2ibliis,اِبْلِيس,ابليس
2abaalse,أَبَالْسِة,أبالسة
2ibliis bit3allam minno,اِبْلِيس بيِتْعلَّم مِنُّه,ابليس بيتعلم منه
bi3iddi bghanamaat 2ibliis,بِيعِدّ بِغَنَمَات اِبْلِيس,بيعد بغنمات ابليس
2it2ablas,اِتْأَبْلَس,اتأبلس
yit2ablas,يِتْأَبْلَس,يتأبلس
t2ablas,تْأَبْلَس,تأبلس
blaastik,بْلَاسْتِيك,بلاستيك
balaash,بَلَاش,بلاش
balaash,بَلَاش,بلاش
2iblash,اِبْلَش,ابلش
ballish,بَلِّش,بلش
yiblash,يِبْلَش,يبلش
yballish,يبَلِّش,يبلش
balash,بَلَش,بلش
ballash,بَلَّش,بلش
mabluush,مَبْلُوش,مبلوش
2inbilish,اِنْبِلِش,انبلش
yinbilish,يِنْبِلِش,ينبلش
2inbalash,اِنْبَلَش,انبلش
balsa,بَلْصَة,بلصة
ballaas,بَلَّاص,بلاص
ballaas,بَلَّاص,بلاص
ballis,بَلِّص,بلص
yballis,يبَلِّص,يبلص
ballas,بَلَّص,بلص
balta,بَلْطَة,بلطة
balaata,بَلَاطَة,بلاطة
balaata,بَلَاطَة,بلاطة
tabliit,تَبْلِيط,تبليط
baalto,بَالْطو,بالطو
balaat,بَلَاط,بلاط
balliit,بَلِّيط,بليط
balliite,بَلِّيطِة,بليطة
libis 2ilbalaata,لِبِس البَلَاطَة,لبس البلاطة
za3tar balaat,زَعْتَر بَلَاط,زعتر بلاط
7attu 3asidro balaata,حَطُّوَا عَصِدْرُه بَلَاطَة,حطوا عصدره بلاطة
libisil balaata,لِبِس البَلَاطَة,لبس البلاطة
3a blata,عَبَلَاطَة,عبلاطة
ruu7 ballit 2ilba7ar,رَوح بَلِّط البَحَر,روح بلط البحر
2ijaak miin yi3rifak yaa balluut,إِجَاك مِين يِعْرَفَك يَا بَلُّوط,إجاك مين يعرفك يا بلوط
2itballat,اِتْبَلَّط,اتبلط
yitballat,يِتْبَلَّط,يتبلط
tballat,تْبَلَّط,تبلط
ballit,بَلِّط,بلط
yballit,يبَلِّط,يبلط
ballat,بَلَّط,بلط
balluut,بَلُّوط,بلوط
mbaltik,مْبَلْطِق,مبلطق
baltaka,بَلْطَقَة,بلطقة
baltik,بَلْطِق,بلطق
ybaltik,يبَلْطِق,يبلطق
baltak,بَلْطَق,بلطق
2itbaltan,اِتْبَلْطَن,اتبلطن
yitbaltan,يِتْبَلْطَن,يتبلطن
tbaltan,تْبَلْطَن,تبلطن
baltin,بَلْطِن,بلطن
ybaltin,يبَلْطِن,يبلطن
baltan,بَلْطَن,بلطن
baltaloon,بَلْطَلَون,بلطلون
balaatiin,بَلَاطِين,بلاطين
mbooli3,مْبَولِع,مبولع
baali3,بَالِع,بالع
balluu3a,بَلُّوعَة,بلوعة
bali3,بَلِع,بلع
bala3oon,بَلْعَون,بلعون
balaalii3,بَلَالِيع,بلاليع
bala3iin,بَلَاعِين,بلاعين
bili3,بِلِع,بلع
yitla3 bil3ak,يِطْلَع بِلْعَك,يطلع بلعك
baali3 qkundara,بَالِع قُنْدَرَة,بالع قندرة
2ibla3,اِبْلَع,ابلع
yibla3,يِبْلَع,يبلع
bala3,بَلَع,بلع
tbil3it,تْبِلْعِط,تبلعط
bal3it,بَلْعِط,بلعط
2itbal3at,اِتْبَلْعَط,اتبلعط
ybal3it,يبَلْعِط,يبلعط
yitbal3at,يِتْبَلْعَط,يتبلعط
bal3at,بَلْعَط,بلعط
tbal3at,تْبَلْعَط,تبلعط
baaligh,بَالِغ,بالغ
baliigh,بَلِيغ,بليغ
mballigh,مْبَلِّغ,مبلغ
balaagha,بَلَاغَة,بلاغة
balgha,بَلْغَة,بلغة
buluugh,بُلُوغ,بلوغ
baaligh,بَالِغ,بالغ
ybaaligh,يبَالِغ,يبالغ
baalagh,بَالَغ,بالغ
balaagh,بَلَاغ,بلاغ
tabliigh,تَبْلِيغ,تبليغ
mablagh,مَبْلَغ,مبلغ
mabaaligh,مَبَالِغ,مبالغ
2itballagh,اِتْبَلَّغ,اتبلغ
yitballagh,يِتْبَلَّغ,يتبلغ
tballagh,تْبَلَّغ,تبلغ
2ublugh,اِبْلُغ,ابلغ
balligh,بَلِّغ,بلغ
yublugh,يُبْلُغ,يبلغ
yballigh,يْبَلِّغ,يبلغ
balagh,بَلَغ,بلغ
ballagh,بَلَّغ,بلغ
balgham,بَلْغَم,بلغم
balfe,بَلْفِة,بلفة
2inbilif,اِنْبِلِف,انبلف
yinbilif,يِنْبِلِف,ينبلف
2inbalaf,اِنْبَلَف,انبلف
2iblif,اِبْلِف,ابلف
yiblif,يِبْلِف,يبلف
balaf,بَلَف,بلف
balafoon,بَلَفَون,بلفون
baaliq,بَالِق,بالق
2ibluq,اِبْلُق,ابلق
yibluq,يِبْلُق,يبلق
balaq,بَلَق,بلق
balqish,بَلْقِش,بلقش
ybalqish,يبَلْقِش,يبلقش
balqash,بَلْقَش,بلقش
balqi3,بَلْقِع,بلقع
ybalqi3,يبَلْقِع,يبلقع
balqa3,بَلْقَع,بلقع
blukke,بْلُكِّة,بلكة
blukk,بْلُكّ,بلك
2itballak,اِتْبَلَّك,اتبلك
yitballak,يِتْبَلَّك,يتبلك
tballak,تْبَلَّك,تبلك
ballik,بَلِّك,بلك
yballik,يبَلِّك,يبلك
ballak,بَلَّك,بلك
balkame,بَلْكَمِة,بلكمة
2itbalkam,اِتْبَلْكَم,اتبلكم
yitbalkam,يِتْبَلْكَم,يتبلكم
tbalkam,تْبَلْكَم,تبلكم
balkim,بَلْكِم,بلكم
ybalkim,يبَلْكِم,يبلكم
balkam,بَلْكَم,بلكم
balkoone,بَلْكَونِة,بلكونة
balakoone,بَلَكَونِة,بلكونة
balakiin,بَلَاكِين,بلاكين
balkin,بَلْكِن,بلكن
balki,بَلْكِي,بلكي
balle,بَلِّة,بلة
balle,بَلِّة,بلة
mballal,مْبَلَّل,مبلل
mabluul,مَبْلُول,مبلول
ballo qatle,بَلُّه قتْلِة,بله قتلة
billha wu2ishrab mayyitha,بِلْهَا وَاِشْرَب مَيِّتْهَا,بلها واشرب ميتها
2ayluul deelo mabluul,أَيْلُول ذَيلُه مَبْلُول,أيلول ذيله مبلول
balal,بَلَل,بلل
2itballal,اِتْبَلَّل,اتبلل
yitballal,يِتْبَلَّل,يتبلل
tballal,تْبَلَّل,تبلل
bill,بِلّ,بل
ballil,بَلِّل,بلل
ybill,يبِلّ,يبل
yballil,يبَلِّل,يبلل
ball,بَلّ,بل
ballal,بَلَّل,بلل
baliila,بَلِيلَة,بليلة
mballim,مْبَلِّم,مبلم
ballim,بَلِّم,بلم
yballim,يْبَلِّم,يبلم
ballam,بَلَّم,بلم
ballane,بَلَّانِة,بلانة
balaaliin,بَلَالِين,بلالين
baaloon,بَالَون,بالون
balloone,بَلَّونِة,بلونة
ballane,بَلَّانِة,بلانة
balaaliin,بَلَالِين,بلالين
saayir mitil 2ilballoone,صَايِر مثل البَلَّونِة,صاير مثل البلونة
mbalhid,مْبَلْهِد,مبلهد
balhid,بَلْهِد,بلهد
ybalhid,يبَلْهِد,يبلهد
balhad,بَلْهَد,بلهد
balhamuuti,بَلْهَمُوطِي,بلهموطي
balhamuutiyye,بَلْهَمُوطِيِّة,بلهموطية
bluuze,بْلُوزِة,بلوزة
balaayiz,بَلَايِز,بلايز
baaluuza,بَالُوظَة,بالوظة
balaawi,بَلَاوِي,بلاوي
baali,بَالِي,بالي
balwe,بَلْوِة,بلوة
bala,بَلَا,بلا
2ibtilaa2,اِبْتِلَاء,ابتلاء
balaawi,بَلَاوِي,بلاوي
balaawi msabbara,بَلَاوِي مْصَبَّرة,بلاوي مصبرة
kiid wubala,كيد وبلَا,كيد وبلا
shala bala,شلَا بلَا,شلا بلا
suusitil bala,سوسة البلَا,سوسة البلا
reeto maa yibla,ريته مَا يِبْلَى,ريته ما يبلى
2inbili,اِنْبِلِي,انبلي
yinbili,يِنْبِلِي,ينبلي
2inbala,اِنْبَلَى,انبلى
2ibli,اِبْلِي,ابلي
2ibtali,اِبْتَلِي,ابتلي
2ibli,اِبْلِي,ابلي
yibli,يِبْلِي,يبلي
yibtali,يِبْتَلِي,يبتلي
yibla,يِبْلَى,يبلى
bala,بَلَى,بلى
2ibtala,اِبْتَلَى,ابتلى
bili,بِلِي,بلي
bumba,بُومْبَا,بومبا
bannaati,بَنَّاتِي,بناتي
banaat,بَنَات,بنات
banuute,بَنُّوتِة,بنوتة
binit,بِنِت,بنت
banaat dineen,بَنَات ذِنين,بنات ذنين
banaat na3ish,بَنَات نَعِش,بنات نعش
bint bnuut,بِنْت بْنُوت,بنت بنوت
bint 2imbaari7,بِنْت إِمْبَارِح,بنت إمبارح
sha3ar 2ilbanaat,شَعَر البَنَات,شعر البنات
2itbannat,اِتْبَنَّت,اتبنت
yitbannat,يِتْبَنَّت,يتبنت
tbannat,تْبَنَّت,تبنت
bannit,بَنِّت,بنت
ybannit,يبَنِّت,يبنت
bannat,بَنَّت,بنت
mbannaj,مْبَنَّج,مبنج
banj,بَنْج,بنج
bannij,بَنِّج,بنج
2itbannaj,اِتْبَنَّج,اتبنج
ybannij,يبَنِّج,يبنج
yibannaj,يِتْبَنَّج,يتبنج
bannaj,بَنَّج,بنج
tbannaj,تْبَنَّج,تبنج
banjar,بَنْجَر,بنجر
bunuud,بُنُود,بنود
band,بَنْد,بند
banaduura,بَنَدُورَة,بندورة
banadoora,بَنَدَورَة,بندورة
banduura,بَنْدُورَة,بندورة
bandoora,بَنْدَورَة,بندورة
banduuqk,بَنْدُوق,بندوق
banaadiiqk,بَنَادِيق,بناديق
bunduqaaye,بُنْدُقَايِة,بندقاية
bunduqiyye,بُنْدُقِيِّة,بندقية
bunduq,بُنْدُق,بندق
bundu2aaye,بُنْدُقَايِة,بندقاية
banaadiq,بَنَادِق,بنادق
bandiq,بَنْدِق,بندق
ybandiq,يبَنْدِق,يبندق
bandaq,بَنْدَق,بندق
bnaadool,بَنَادَول,بنادول
bundiyye,بُنْدِيِّة,بندية
banaadi,بَنَادِي,بنادي
banziin,بَنْزِين,بنزين
baanse,بَانْسِة,بانسة
mbannas,مْبَنَّس,مبنس
2itbannas,اِتْبَنَّس,اتبنس
yitbannas,يِتْبَنَّس,يتبنس
tbannas,تْبَنَّس,تبنس
bannis,بَنِّس,بنس
ybannis,يبَنِّس,يبنس
bannas,بَنَّس,بنس
banshir,بَنْشِر,بنشر
ybanshir,يبَنْشِر,يبنشر
banshar,بَنْشَر,بنشر
banshar,بَنْشَر,بنشر
mbanshir,مْبَنْشِر,مبنشر
mbannis,مْبَنِّص,مبنص
bans,بَنْص,بنص
bansa,بَنْصَا,بنصا
bunus,بُنُص,بنص
bans,بَنْص,بنص
bnuus,بْنُوص,بنوص
bannis,بَنِّص,بنص
ybannis,يبَنِّص,يبنص
bannas,بَنَّص,بنص
mbannit,مْبَنِّط,مبنط
bunt,بُنْط,بنط
bnuut,بْنُوط,بنوط
bannit,بَنِّط,بنط
ybannit,يبَنِّط,يبنط
bannat,بَنَّط,بنط
bantaloon,بَنْطَلَون,بنطلون
banaatiil,بَنَاطِيل,بناطيل
binneeqa,بِنَّيقَة,بنيقة
banaaniiq,بَنَانِيق,بنانيق
banniq,بَنِّق,بنق
ybanniq,يبَنِّق,يبنق
bannaq,بَنَّق,بنق
bank,بَنْك,بنك
qaa3id 3abank,قَاعِد عبَنْك,قاعد عبنك
bank,بَنْك,بنك
bank 2iddiraase,بَنْك الدِّرَاسِة,بنك الدراسة
bankeet,بَنْكَيت,بنكيت
bunni,بُنِّي,بني
binni,بِنِّي,بني
bunn,بُنّ,بن
2ibin,اِبِن,ابن
2abnaa2,أَبْنَاء,أبناء
2ibin 3izz,اِبِن عِز,ابن عز
2ibin 2imbaari7,اِبِن إِمبَارح,ابن إمبارح
2ibin biiro,اِبِن بيرو,ابن بيرو
2ibin 7alaal,اِبِن حَلَال,ابن حلال
2ibin 7alaal msaffa,اِبِن حَلَال مصفَّى,ابن حلال مصفى
2ibin 7araam,اِبِن حَرَام,ابن حرام
2ibin 2immo,اِبِن إِمُّه,ابن إمه
maa 2adrat minil khaal 2illa 2ibin 2ukhto,مَا أظرط من الخَال الَا اِبِن أخته,ما أظرط من الخال الا ابن أخته
bannuura,بَنُّورَة,بنورة
banaaniir,بَنَانِير,بنانير
binaa2an 3ala,بِنَاء على,بناء على
binaa2,بِنَاء,بناء
binaaye,بِنَايِة,بناية
baanyo,بَانْيو,بانيو
banna,بَنَّا,بنا
banaani,بَنَانِي,بناني
bannaaye,بَنَّايِة,بناية
mabna,مَبْنَى,مبنى
mabaani,مَبَانِي,مباني
tabanni,تَبَنِّي,تبني
2itbanna,اِتْبَنَّى,اتبنى
yitbanna,يِتْبَنَّى,يتبنى
tbanna,تْبَنَّى,تبنى
2inbini,اِنْبِنِي,انبني
yinbini,يِنْبِنِي,ينبني
2inbana,اِنْبَنَى,انبنى
2ibni,اِبْنِي,ابني
banni,بَنِّي,بني
yibni,يِبْنِي,يبني
ybanni,يبَنِّي,يبني
bana,بَنَى,بنى
banna,بَنَّى,بنى
mbahbat,مْبَهْبَط,مبهبط
bahbata,بَهْبَطَة,بهبطة
bahbit,بَهْبِط,بهبط
ybahbit,يبَهْبِط,يبهبط
bahbat,بَهْبَط,بهبط
2itbahbat,اِتْبَهْبَط,اتبهبط
yitbahbat,يِتْبَهْبَط,يتبهبط
tbahbat,تْبَهْبَط,تبهبط
baahit,بَاهِت,باهت
buhtaan,بُهْتَان,بهتان
2ibhat,إِبْهَت,إبهت
yibhat,يِبْهَت,يبهت
bahat,بَهَت,بهت
2abhaj,أَبْهَج,أبهج
mubtahij,مُبْتَهِج,مبتهج
mibhij,مِبْهِج,مبهج
bahje,بَهْجِة,بهجة
2ibhij,اِبْهِج,ابهج
2ibtahij,اِبْتَهِج,ابتهج
2istabhij,اِسْتَبْهِج,استبهج
yibhij,يِبْهِج,يبهج
yibtihij,يِبْتِهِج,يبتهج
yistabhij,يِسْتَبْهِج,يستبهج
2abhaj,أَبْهَج,أبهج
2ibtahaj,اِبْتَهَج,ابتهج
2istabhaj,اِسْتَبْهَج,استبهج
bahdale,بَهْدَلِة,بهدلة
bahaadil,بَهَادِل,بهادل
2itbahdal,اِتْبَهْدَل,اتبهدل
yitbahdal,يِتْبَهْدَل,يتبهدل
tbahdal,تْبَهْدَل,تبهدل
bahdil,بَهْدِل,بهدل
ybahdil,يبَهْدِل,يبهدل
bahdal,بَهْدَل,بهدل
baahir,بَاهِر,باهر
munbahir,مُنْبَهِر,منبهر
mabhuur,مَبْهُور,مبهور
mbahhar,مْبَهَّر,مبهر
mubhir,مُبْهِر,مبهر
mbahhar,مْبَهَّر,مبهر
bhaar,بْهَار,بهار
bhaaraat,بْهَارَات,بهارات
2inbihaar,اِنْبِهَار,انبهار
2inbihir,اِنْبِهِر,انبهر
yinbihir,يِنْبِهِر,ينبهر
2inbahar,اِنْبَهَر,انبهر
bahhir,بَهِّر,بهر
2ibhir,إِبْهِر,إبهر
yibhir,يِبْهِر,يبهر
ybahhir,يْبَهِّر,يبهر
bahhar,بَهَّر,بهر
2abhar,أَبْهَر,أبهر
mbahraj,مْبَهْرَج,مبهرج
bahraje,بَهْرَجِة,بهرجة
bahaariij,بَهَارِيج,بهاريج
bahrij,بَهْرِج,بهرج
ybahrij,يبَهْرِج,يبهرج
bahraj,بَهْرَج,بهرج
baahish,بَاهِش,باهش
baahshe,بَاهْشِة,باهشة
buhaaq,بُهَاق,بهاق
2ibtihaal,اِبْتِهَال,ابتهال
2ibtahil,اِبْتَهِل,ابتهل
yibtahil,يِبْتَهِل,يبتهل
2ibtahal,اِبْتَهَل,ابتهل
bahluul,بَهْلُول,بهلول
bahaaliil,بَهَالِيل,بهاليل
bahiim,بَهِيم,بهيم
bhiim,بْهِيم,بهيم
bayaayim,بَهَايِم,بهايم
2itbahman,اِتْبَهْمَن,اتبهمن
yitbahman,يِتْبَهْمَن,يتبهمن
tbahman,تْبَهْمَن,تبهمن
mbahwar,مْبَهْوَر,مبهور
bahwir,بَهْوِر,بهور
ybahwir,يبَهْوِر,يبهور
bahwar,بَهْوَر,بهور
mbahwagkq,مْبَهْوَق,مبهوق
bahwagkqa,بَهْوَقَة,بهوقة
tbahwagkq,تْبَهْوَق,تبهوق
yitbahwagkq,يِتْبَهْوَق,يتبهوق
2itbahwagkq,اِتْبَهْوَق,اتبهوق
mbahwik,مْبَهْوِك,مبهوك
bahwik,بَهْوِك,بهوك
ybahwik,يبَهْوِك,يبهوك
bahwak,بَهْوَك,بهوك
2itbaaha,اِتْبَاهَى,اتباهى
yitbaaha,يِتْبَاهَى,يتباهى
tbaaha,تْبَاهَى,تباهى
tabaahi,تَبَاهِي,تباهي
mutabaahi,مُتَبَاهِي,متباهي
mbawwab,مْبَوَِّب,مبوب
bawwaabe,بَوَّابِة,بوابة
tabwiib,تَبْوِيب,تبويب
baab,بَاب,باب
biibaan,بِيبَان,بيبان
2abwaab,أَبْوَاب,أبواب
bwaab,بْوَاب,بواب
baab riziq,بَاب رِزِق,باب رزق
baab 2issa3id,بَاب السَّعِد,باب السعد
baab 2ilmashaakil,بَاب المَشَاكِل,باب المشاكل
baab jhannam,بَاب جهنم,باب جهنم
baab wifiq,بَاب الوِفِق,باب الوفق
fata7 3alay baab,فَتَح عَلَي بَاب,فتح علي باب
3alibwaab,عَالبَوَاب,عالبواب
tifta7ish 3alay baab,تِفْتَحِش عَلَي بَاب,تفتحش علي باب
3abaab 2alla,عبَاب الله,عباب الله
3albaab,عَالبَاب,عالباب
2issane wara 2ilbaab,السَّنة ورَا البَاب,السنة ورا الباب
min baabha lami7raabha,مِن بَابْها لَمِحْرَابْهَا,من بابها لمحرابها
bawwib,بَوَِّّب,بوب
ybawwib,يبَوِّب,يبوب
bawwab,بَوَّب,بوب
mboobir,مْبَوبِر,مبوبر
boobir,بَوبِر,بوبر
yboobir,يْبَوبِر,يبوبر
boobar,بَوبَر,بوبر
mboobiz,مْبَوبِز,مبوبز
mboobiz,مْبَوبِز,مبوبز
boobiz,بَوبِز,بوبز
yboobiz,يبَوبِز,يبوبز
boobaz,بَوبَز,بوبز
mboobi3,مْبَوبِع,مبوبع
boobi3,بَوبِع,بوبع
yboobi3,يبَوبِع,يبوبع
booba3,بَوبَع,بوبع
bubbiyye,بُوبِّيِّة,بوبية
bubbu,بُوبُّو,بوبو
bubbiyyaat,بُوبِّيَات,بوبيات
2asaabii3 2ilbubbu,أَصَابِيع البُوبُّو,أصابيع البوبو
boot,بَوت,بوت
bwaat,بْوَات,بوات
booja,بَوجَا,بوجا
2abwaj,أَبْوَج,أبوج
buwaj,بُوَج,بوج
mubaa7,مُبَاح,مباح
baa7a,بَاحَة,باحة
2istibaa7a,اِسْتِبَاحَة,استباحة
boo7,بَوح,بوح
buu7,بُوح,بوح
2istabii7,اِسْتَبِيح,استبيح
ybuu7,يبُوح,يبوح
yistabii7,يِسْتَبِيح,يستبيح
baa7,بَاح,باح
2istabaa7,اِسْتَبَاح,استباح
mitboodar,مِتْبَودِر,متبودر
boodra,بَودْرَة,بودرة
2itboodar,اِتْبَودَر,اتبودر
yitboodar,يِتْبَودَر,يتبودر
tboodar,تْبَودَر,تبودر
baayr,بَايِر,باير
baayre,بَايْرِة,بايرة
buuri,بُورِي,بوري
bawaari,بَوَارِي,بواري
buur,بُور,بور
ybuur,يبُور,يبور
baar,بَار,بار
mbawwiz,مْبَوِّز,مبوز
buuz,بُوز,بوز
bwaaz,بْوَاز,بواز
sidd buuzak,سد بُوزَك,سد بوزك
buuzo shibreen,بُوزه شِبررِين,بوزه شبررين
qaalib buuzo,قَالب بوزه,قالب بوزه
buuz 2il2ikhs,بوز الَاخص,بوز الاخص
laawi buuzo,لَاوي بوزه,لاوي بوزه
7atni bibuuz 2ilmidfa3,حطني ببوز المدفع,حطني ببوز المدفع
bawwiz,بَوِّز,بوز
ybawwiz,يبَوِّز,يبوز
bawwaz,بَوَّز,بوز
buuse,بُوسِة,بوسة
tabwiis,تَبْوِيس,تبويس
2il2iid 2illi maa btiqdar 3aleeha buusha wu2id3i 3aleeha bilkasir,الإِيد اللي مَا بتقدر عليهَا بوسهَا وَادعي عليهَا بَالكسر,الإيد اللي ما بتقدر عليها بوسها وادعي عليها بالكسر
maa baas timha gheer 2imha,مَا بَاس ثِمهَا غير إِمهَا,ما باس ثمها غير إمها
2abuus 2iidak,أَبوس إِيدك,أبوس إيدك
baas 2ijri,بَاس إِجري,باس إجري
2il2iid 2illi maa btiqdar 3aleeha buusha wu2id3i 3aleeha bilkasir,الإِيد اللي مَا بتقدر عليهَا بوسهَا وَادعي عليهَا بَالكسر,الإيد اللي ما بتقدر عليها بوسها وادعي عليها بالكسر
2inbaas,اِنْبَاس,انباس
yinbaas,يِنْبَاس,ينباس
2inbaas,اِنْبَاس,انباس
buus,بُوس,بوس
bawwis,بَوِّس,بوس
ybuus,يبُوس,يبوس
ybawwis,يبَوِّس,يبوس
baas,بَاس,باس
bawwas,بَوَّس,بوس
2itbaawas,اِتْبَاوَس,اتباوس
yitbaawas,يِتْبَاوَس,يتباوس
tbaawas,تْبَاوَس,تباوس
mbawwish,مْبَوِّش,مبوش
boosh,بَوش,بوش
2abwaash,أَبْوَاش,أبواش
booshit mili7,بَوشِة مِلِح,بوشة ملح
bawwish,بَوِّش,بوش
ybawwish,يبَوِّش,يبوش
bawwash,بَوَّش,بوش
baatye,بَاطْيِة,باطية
bawat,بَوَط,بوط
bawaati,بوَاطي,بواطي
buuza,بُوظَة,بوظة
buukee,بُوكَيه,بوكيه
mbawwim,مْبَوِّم,مبوم
buume,بُومِة,بومة
buwam,بُوَم,بوم
bawwim,بَوِّم,بوم
2itbawman,تْبَوْمَن,تبومن
ybawwim,يبَوِّم,يبوم
yitbawman,يِتْبَوْمَن,يتبومن
tbawman,تْبَوْمَن,تبومن
bawwam,بَوَّم,بوم
boomalaaye,بَومَلَايِة,بوملاية
boomale,بَومَلِي,بوملي
baww,بَوّ,بو
baww yunfukh batnak,بَوّ يُنْفُخ بَطْنَك,بو ينفخ بطنك
booya,بَويَة,بوية
booyaji,بَويَجِي,بويجي
booyajiyye,بَويَجِيِّة,بويجية
bii2i,بِيئِي,بيئي
bii2a,بِيئَة,بيئة
beebas,بَيبَس,بيبس
bebbi,بِيبِّي,بيبي
beeti,بَيتِي,بيتي
baytuuti,بَيْتُوتِي,بيتوتي
baayit,بَايِت,بايت
baayit,بَايِت,بايت
biit,بِيت,بيت
beet,بَيت,بيت
beet,بَيت,بيت
mabiit,مَبِيت,مبيت
bayaat,بَيَات,بيات
beetuun,بَيتُون,بيتون
byuut,بْيُوت,بيوت
2abyaat,أَبْيَات,أبيات
beet madwi,بَيت مَضْوِي,بيت مضوي
beet malyaan,بَيت مَلْيَان,بيت مليان
beet rummaan,بَيت رُمَّان,بيت رمان
beet m3attim,بَيت مْعَتِّم,بيت معتم
beet kharaab,بَيت خَرَاب,بيت خراب
beet 3aamir,بَيت عَامِر,بيت عامر
beet 3amraan,بَيت عَمْرَان,بيت عمران
beet 2ajir,بَيت أَجِر,بيت أجر
yifta7 beet,يِفْتَح بَيت,يفتح بيت
bayyat 2inniyye,بَيَّت النِيِّة,بيت النية
sitt beet,سِتّ بَيت,ست بيت
matra7ak yaa baayit,مَطْرَحَك يَا بَايِت,مطرحك يا بايت
beet 2ilkhaaridj,بَيت الخَارِج,بيت الخارج
beet 2ilmay,بَيت المَي,بيت المي
kilmit yaa reet 3umurha maa kaanat bit3ammir beet,كِلْمِة يَارَيت عُمُرْهَا مَا كَانَت بِتْعَمِّر بَيت,كلمة ياريت عمرها ما كانت بتعمر بيت
beet khaalti,بَيت خَالْتِي,بيت خالتي
beet 2ilmuune,بَيت المُونِة,بيت المونة
beet 2ilmayy,بَيت المَيّ,بيت المي
beet 2alla,بَيت الله,بيت الله
baat,بَات,بات
bayyit,بَيِّت,بيت
ybiit,يْبِيت,يبيت
ybayyit,يبَيِّت,يبيت
baat,بَات,بات
bayyat,بَيَّت,بيت
beeji,بَيجِي,بيجي
beej,بَيج,بيج
2abyakh,أَبْيَخ,أبيخ
baayikh,بَايِخ,بايخ
bayaakha,بَيَاخَة,بياخة
bayyikh,بَيِّخ,بيخ
ybayyikh,يبَيِّخ,يبيخ
bayyakh,بَيَّخ,بيخ
biide,بِيدِة,بيدة
2ibaade,اِبَادِة,ابادة
mubiid,مُبِيد,مبيد
2ibaade jamaa3iyye,اِبَادِة جَمَاعيِّة,ابادة جماعية
mubiid 7ashari,مُبِيد حَشَرِي,مبيد حشري
biid,بِيد,بيد
ybiid,يبِيد,يبيد
2abaad,أَبَاد,أباد
baydar,بَيْدَر,بيدر
bayaadir,بَيَادِر,بيادر
rabsit 2ilbayaadir,رَبْصة البيَادِر,ربصة البيادر
matar rabsit 2ilbayaadir,مَطَر رَبْصة البيَادِر,مطر ربصة البيادر
3een 2ilbayaadir,عين البيَادر,عين البيادر
2ibin biiro,إِبِن بِيرُو,إبن بيرو
bayyaara,بَيَّارَة,بيارة
biiro,بِيرُو,بيرو
2ibin biiro,اِبِن بِيرُو,ابن بيرو
beesh,بَيش,بيش
beeda,بَيضَا,بيضا
2abyad,أَبْيَض,أبيض
biid,بِيض,بيض
beedaat,بَيضَات,بيضات
beeda,بَيضَة,بيضة
beed,بَيض,بيض
mubayyid,مُبَيِّض,مبيض
tabiid,تَبْيِيض,تبييض
bayaad,بَيَاض,بياض
byuud,بْيُوض,بيوض
wala biqli beeda,ولَا بِيقْلِي بَيضَة,ولا بيقلي بيضة
saf7ito beeda,صَفْحِتُه بَيضَا,صفحته بيضا
bibayyid 2ilwijih,بِيبَيِّض الوِجِه,بيبيض الوجه
faati7 timmo wuraakhi beedo,فَاتِح ثِمُّه و رَاخِي بَيضُه,فاتح ثمه و راخي بيضه
3eeno beeda,عَينُه بَيضَا,عينه بيضا
mish faaqis min 2ilbeeda,مِش فَاقِس مِن البَيضَة,مش فاقس من البيضة
maashi 3abeed,مَاشِي عبَيض,ماشي عبيض
3abeed,عبَيض,عبيض
zooba3a 2il2abyad,زَوبَعَة الأَبْيَض,زوبعة الأبيض
biid,بِيض,بيض
bayyid,بَيِّيض,بييض
2ibyadd,اِبْيَضّ,ابيض
ybiid,يْبِيض,يبيض
ybayyid,يبَيِّض,يبيض
baad,بَاض,باض
bayyad,بَيَّض,بيض
2ibyadd,اِبْيَضّ,ابيض
yibyadd,يِبْيَضّ,يبيض
baayi3,بَايِع,بايع
mistabyi3,مِسْتَبْيِع,مستبيع
bayyaa3,بَيَّاع,بياع
baayi3,بَايِع,بايع
bee3a,بَيعَة,بيعة
bee3,بَيع,بيع
bayyaa3,بَيَّاع,بياع
baa3 7aalo,بَاع حَالُه,باع حاله
baa3 2il3ishra,بَاع العِشْرَة,باع العشرة
bee3 wu shira,بَيع وشِرَا,بيع وشرا
bayyaa3 kalaam,بَيَّاع كَلَام,بياع كلام
bayya3o 2illi fooqo willi ta7to,بَيَّعه اللي فَوقُه وَاللِّي تَحْتُه,بيعه اللي فوقه واللي تحته
baayi3 watano,بَايِع وَطَنُه,بايع وطنه
2inbaa3,اِنْبَاع,انباع
yinbaa3,يِنْبَاع,ينباع
2inbaa3,اِنْبَاع,انباع
bii3,بِيع,بيع
bayyi3,بَيِّع,بيع
ybii3,يبِيع,يبيع
ybayyi3,يبَيِّع,يبيع
baa3,بَاع,باع
bayya3,بَيَّع,بيع
baayke,بَايْكِة,بايكة
bawaayik,بَوَايِك,بوايك
beela,بَيلَا,بيلا
beela beela,بَيلَا بَيلَا,بيلا بيلا
baayin,بَايِن,باين
mbayyin,مْبَيِّن,مبين
been,بَين,بين
been,بَين,بين
3abeen,عَبَين,عبين
labeen,لَبَين,لبين
beeni wubeenak,بَينِي وبَينَك,بيني وبينك
mutabaayin,مُتَبَايِن,متباين
baayin 3alee,بَايِن عليه,باين عليه
2ilbeen ytussak,البَين يطُسَّك,البين يطسك
ghraabil been,غُرَاب البَين,غراب البين
mbayyin 3alee,مْبَيِّن عَلَيه,مبين عليه
maa been 2ilbeen winnaya,مَا بَين البَين وَالنَّيَا,ما بين البين والنيا
2izhar wubaan 3aleek 2il2amaan,اِظْهَر وبَان عَلَيك الأَمَان,اظهر وبان عليك الأمان
baan,بَان,بان
ybaan,يبَان,يبان
baan,بَان,بان
2itbayyan,اِتْبَيَّن,اتبين
yitbayyan,يِتْبَيَّن,يتبين
tbayyan,تْبَيَّن,تبين
bayyin,بَيِّن,بين
ybayyin,يبَيِّن,يبين
bayyan,بَيَّن,بين
ta2ta2a,تَأْتَأَة,تأتأة
ta2ti2,تَأْتِئ,تأتئ
yta2ti2,يتَأْتِئ,يتأتئ
ta2ta2,تَأْتَأ,تأتأ
taa3,تَاع,تاع
mustatatibb,مُسْتَتِبّ,مستتب
2istatibb,اِسْتَتِبّ,استتب
yistatibb,يِسْتَتِبّ,يستتب
2istatabb,اِسْتَتَبّ,استتب
taabuut,تَابُوت,تابوت
tawaabiit,تَوَابِيت,توابيت
mtabbi3,مْتَبِّع,متبع
mtaabi3,مْتَابِع,متابع
mutaaba3a,مُتَابَعَة,متابعة
taba3,تَبَع,تبع
mutaabi3,مُتَابِع,متابع
2itba3,اِتْبَع,اتبع
tabbi3,تَبِّع,تبع
taabi3,تَابِع,تابع
yitba3,يِتْبَع,يتبع
ytabbi3,يْتَبِّع,يتبع
ytaabi3,يْتَابِع,يتابع
tibi3,تِبِع,تبع
tabba3,تَبَّع,تبع
taaba3,تَابَع,تابع
mtabbal,مْتَبَّل,متبل
talbiile,تَتْبِيلِة,تتبيلة
mtabbal,مْتَبَّل,متبل
tawaabil,تَوَابِل,توابل
tabbil,تَبِّل,تبل
ytabbil,يتَبِّل,يتبل
tabbal,تَبَّل,تبل
tabbuule,تَبُّولِة,تبولة
tabbaan,تَبَّان,تبان
tibin,تِبِن,تبن
mitbin,مِتْبِن,متبن
bittabin wu bitkarreb,بتَّبِّن و بتكرِّب,بتبن و بتكرب
tabbin,تَبِّن,تبن
ytabbin,يتَبِّن,يتبن
tabban,تَبَّن,تبن
tijaari,تِجَارِي,تجاري
tijaara,تِجَارَة,تجارة
taajir,تَاجِر,تاجر
matjar,مَتْجَر,متجر
tujjaar,تُجَّار,تجار
mataajir,مَتَاجِر,متاجر
taajir diin,تَاجِر دين,تاجر دين
ma7al tijaari,مَحَل تِجَارِي,محل تجاري
2ilghorfe 2ittijaariyye,الغرفِة التِّجَاريِّة,الغرفة التجارية
shughilha tijaari,شغلهَا تِجَارِي,شغلها تجاري
taajir,تَاجِر,تاجر
2ittaajar,اِتَّاجَر,اتاجر
ytaajir,يْتَاجِر,يتاجر
yittaajar,يِتَّاجَر,يتاجر
taajar,تَاجَر,تاجر
2ittaajar,اِتَّاجَر,اتاجر
ta7taani,تَحْتَانِي,تحتاني
ta7it,تَحِت,تحت
mta77it,مْتَحِّت,متحت
libis ta7taani,لِبِس تَحْتَانِي,لبس تحتاني
law 2iysiiruu 2idjreek fook wraasak lata7at,لَو يصِيرُوَا اِجْرَيك فَوق ورَاسِك تَحِت,لو يصيروا اجريك فوق وراسك تحت
min ta7it lata7it,من تَحِت لتَحِت,من تحت لتحت
2idduud taali3 min ta7itha,الدُّود طَالِع مِن تَحِتْهَا,الدود طالع من تحتها
rathaa ta7to,رَطْهَا تَحْتُه,رطها تحته
ta77it,تَحِّت,تحت
yta77it,يتَحِّت,يتحت
ta77at,تَحَّت,تحت
mta7ti7,مْتَحْتِح,متحتح
ta7ti7,تَحْتِح,تحتح
yta7ti7,يتَحْتِح,يتحتح
ta7ta7,تَحْتَح,تحتح
tu7fe,تُحْفِة,تحفة
mat7af,مَتْحَف,متحف
mataa7if,مَتَاحِف,متاحف
tu7af,تُحَف,تحف
2it7if,اِتْحِف,اتحف
yit7if,يِتْحِف,يتحف
2at7af,أَتْحَف,أتحف
takht,تَخْت,تخت
takhit,تَخِت,تخت
tkhuut,تْخُوت,تخوت
tkhuute,تْخُوتِة,تخوتة
mtakhtikh,مْتَخْتِخ,متختخ
takhtikh,تَخْتِخ,تختخ
ytakhtikh,يتَخْتِخ,يتختخ
takhtakh,تَخْتَخ,تختخ
taakhikh,تَاخِخ,تاخخ
tikhkh,تِخّ,تخ
ytikhkh,يتِخّ,يتخ
takhkh,تَخّ,تخ
tura,تُرَى,ترى
traanziit,تْرَانْزِيت,ترانزيت
turbe,تُرْبِة,تربة
turbe,تُرْبِة,تربة
bitraab 2ilmasaari,بِتْرَاب المَصَارِي,بتراب المصاري
turaabi,تُرَابِي,ترابي
turbe,تُرْبِة,تربة
traab,تْرَاب,تراب
traabaato 2akhaduu,ترَابَاته أخذوه,تراباته أخذوه
tarabeeza,تَرَابَيزَة,ترابيزة
tirbaas,تِرْبَاس,ترباس
taraabiis,تَرَابِيس,ترابيس
tarbis,تَرْبِس,تربس
ytarbis,يتَرْبِس,يتربس
tarbas,تَرْبَس,تربس
mtarti7,مْتَرْتِح,مترتح
tarti7i bman7uusik laa yijiiki 2an7as minno,ترتحي بمنحوسك لَا يجيكي أنحس منه,ترتحي بمنحوسك لا يجيكي أنحس منه
tarti7,تَرْتِح,ترتح
ytarti7,يتَرْتِح,يترتح
tarta7,تَرْتَح,ترتح
mtartir,مْتَرْتِر,مترتر
tartir,تَرْتِر,ترتر
ytartir,يتَرْتِر,يترتر
tartar,تَرْتَر,ترتر
tarjame,تَرْجَمِة,ترجمة
tarjim,تَرْجِم,ترجم
ytarjim,يتَرْجِم,يترجم
tarjam,تَرْجَم,ترجم
mtarri7,مْتَرِّح,مترح
tara7,تَرَح,ترح
2atraa7,أَتْرَاح,أتراح
tarri7,تَرِّح,ترح
ytarri7,يتَرِّح,يترح
tarra7,تَرَّح,ترح
mtarkhin,مْتَرْخِن,مترخن
tarkhin,تَرْخِن,ترخن
ytarkhin,يتَرْخِن,يترخن
tarkhan,تَرْخَن,ترخن
tarzi,تَرْزِي,ترزي
tarziyye,تَرْزِيِّة,ترزية
mtarras,مْتَرَّس,مترس
taras,تَرَس,ترس
mtarras,مْتَرَّس,مترس
matruus,مَتْرُوس,متروس
taras,تَرَس,ترس
tarraas,تَرَّاس,تراس
taris,تَرِس,ترس
2intiris,اِنْتِرِس,انترس
yintiris,يِنْتِرِس,ينترس
2intaras,اِنْتَرَس,انترس
2utrus,اِتْرُس,اترس
tarris,تَرِّس,ترس
yutrus,يُتْرُس,يترس
ytarris,يتَرِّس,يترس
taras,تَرَس,ترس
tarras,تَرَّس,ترس
targhale,تَرْغَلِة,ترغلة
targhil,تَرْغِل,ترغل
ytarghil,يتَرْغِل,يترغل
targhal,تَرْغَل,ترغل
tur2a,تُرْقَة,ترقة
taraa2i,تَرَاقِي,تراقي
turki,تُرْكِي,تركي
2atraak,أَتْرَاك,أتراك
taarik,تَارِك,تارك
matruuk,مَتْرُوك,متروك
tirke,تِرْكِة,تركة
taratshe,تَرَاكِة,تراكة
tirak,تِرَك,ترك
tarik,تَرِك,ترك
2ijaak 2ilmoot yaa taarik 2issalaa,إِجَاك الموت يَا تَارِك الصلَاة,إجاك الموت يا تارك الصلاة
2ilfaa3le 2ittaarke,الفَاعلة التَاركة,الفاعلة التاركة
2intirik,اِنْتِرِك,انترك
yintirik,يِنْتِرِك,ينترك
2intarak,اِنْتَرَك,انترك
2itruk,اِتْرُك,اترك
tarrik,تَرِّك,ترك
yitruk,يِتْرُك,يترك
ytarrik,يتَرِّك,يترك
tarak,تَرَك,ترك
tarrak,تَرَّك,ترك
tiralalli,تَرَلَلِّي,ترللي
turmaay,تُرْمَاي,ترماي
turmuse,تُرْمُسِة,ترمسة
turmus,تُرْمُس,ترمس
turmus,تُرْمُس,ترمس
taraamis,تَرَامِس,ترامس
tuzlutshe,تُزْلُطْشِة,تزلطشة
taasi3,تَاسِع,تاسع
tis3a,تِسْعَة,تسعة
tis3iin,تِسْعِين,تسعين
2awlaad tis3a,أَولَاد تِسْعَة,أولاد تسعة
tisi3,تِسْع,تسع
tassi3,تَسِّع,تسع
ytassi3,يتَسِّع,يتسع
tassa3,تَسَّع,تسع
tshukka,تْشُكَّة,تشكة
mut3ib,مُتْعِب,متعب
ta3baan,تَعْبَان,تعبان
ta3ab,تَعَب,تعب
2at3aab,أَتْعَاب,أتعاب
ta3baan 3a7aalo,تَعْبَان عحَالُه,تعبان عحاله
2it3ab,اِتْعَب,اتعب
ta33ib,تَعِّب,تعب
yit3ab,يِتْعَب,يتعب
yta33ib,يتَعِّب,يتعب
ti3ib,تِعِب,تعب
ta33ab,تَعَّب,تعب
2ata3tas,أَتَعْتَس,أتعتس
2imta3tas,مَتَعْتَس,متعتس
mta3tis,مْتَعْتِس,متعتس
ta3tase,تَعْتَسِة,تعتسة
ta3tis,تَعْتِس,تعتس
yta3tis,يتَعْتِس,يتعتس
ta3tas,تَعْتَس,تعتس
ta3ta3a,تَعْتَعَة,تعتعة
ta3ti3,تَعْتِع,تعتع
yta3ti3,يتَعْتِع,يتعتع
ta3ta3,تَعْتَع,تعتع
ta3iis,تَعِيس,تعيس
mat3uus,مَتْعُوس,متعوس
mataa3iis,مَتَاعِيس,متاعيس
tu3asaa2,تُعَسَاء,تعساء
ta3aase,تَعَاسِة,تعاسة
2iltaqa 2ilmat3uus 3akhaayib 2irraja,التَقَى المَتْعُوس عخَايِب الرجَا,التقى المتعوس عخايب الرجا
2it3is,اِتْعَس,اتعس
2it3is,اِتْعِس,اتعس
ta33is,تَعِّس,تعس
yit3as,يِتْعَس,يتعس
yit3is,يِتْعِس,يتعس
yta33is,يتَعِّس,يتعس
2at3as,أَتْعَس,أتعس
ti3is,تِعِس,تعس
2at3as,أَتْعَس,أتعس
ta33as,تَعَّس,تعس
ti33,تِعّ,تع
yti33,يتِعّ,يتع
ta33,تَعّ,تع
ta3aal,تَعَال,تعال
2itagha,اِتْغَى,اتغى
yitagha,يِتْغَا,يتغا
tagha,تَغَا,تغا
tafta,تَفْتَا,تفتا
taftafe,تَفْتَفِة,تفتفة
taftif,تَفْتِف,تفتف
ytaftif,يتَفْتِف,يتفتف
taftaf,تَفْتَف,تفتف
mtaffi7,مْتَفِّح,متفح
tuffaa7a,تُفَّاحَة,تفاحة
tuffaa7,تُفَّاح,تفاح
tafafii7,تَفَافِيح,تفافيح
tuffaa7it 2aadam,تُفَّاحِة آدم,تفاحة آدم
taffi7,تَفِّح,تفح
ytaffi7,يتَفِّح,يتفح
taffa7,تَفَّح,تفح
taafif,تَافِف,تافف
taffe,تَفِّة,تفة
2intaff,اِنْتَفّ,انتف
yintaff,يِنْتَفّ,ينتف
2intaff,اِنْتَفّ,انتف
tiff,تِفّ,تف
ytiff,يتِفّ,يتف
taff,تَفّ,تف
tifil,تِفِل,تفل
tafle,تَفْلِة,تفلة
tatfiil,تَتْفِيل,تتفيل
tifil,تِفِل,تفل
2itfil,اِتْفِل,اتفل
taffil,تَفِّل,تفل
yitfil,يِتْفِل,يتفل
ytaffil,يتَفِّل,يتفل
tafal,تَفَل,تفل
taffal,تَفَّل,تفل
taafih,تَافِه,تافه
tafaaha,تَفَاهَة,تفاهة
taffih,تَفِّه,تفه
2istatfih,اِسْتَتْفِه,استتفه
ytaffih,يتَفِّه,يتفه
yistatfih,يِسْتَتْفِه,يستتفه
taffah,تَفَّه,تفه
2istatfah,اِسْتَتْفَه,استتفه
tiki3,تِقِع,تقع
tiki3,تِقِع,تقع
tkuu3,تْقُوع,تقوع
taqniya,تَقْنِيَة,تقنية
mtaktak,مْتَكْتَك,متكتك
tuktuk,تُكْتُك,تكتك
takaatik,تَكَاتِك,تكاتك
taktik,تَكْتِك,تكتك
ytaktik,يْتَكْتِك,يتكتك
taktak,تَكْتَك,تكتك
mtakrin,مْتَكْرِن,متكرن
takrane,تَكْرَنِة,تكرنة
takrin,تَكْرِن,تكرن
ytakrin,يتَكْرِن,يتكرن
takran,تَكْرَن,تكرن
taksi,تَاكْسِي,تاكسي
takaasi,تَكَاسِي,تكاسي
taakik,تَاكِك,تاكك
takke,تَكِّة,تكة
takiyye,تَكِيِّة,تكية
mtakke,مْتَكِّة,متكة
matakke,مَتَكِّة,متكة
tikk,تِكّ,تك
ytikk,يتِكّ,يتك
takk,تَكّ,تك
tala,تَلَا,تلا
mtaltal,مْتَلْتَل,متلتل
taltil,تَلْتِل,تلتل
ytaltil,يتَلْتِل,يتلتل
taltal,تَلْتَل,تلتل
tili7,تِلِح,تلح
mtalli7,مْتَلِّح,متلح
talaa7a,تَلَاحَة,تلاحة
talli7,تَلِّح,تلح
ytalli7,يتَلِّح,يتلح
talla7,تَلَّح,تلح
mtallis,مْتَلِّس,متلس
tallis,تَلِّس,تلس
ytallis,يتَلِّس,يتلس
tallas,تَلَّس,تلس
talfaan,تَلْفَان,تلفان
taalif,تَالِف,تالف
talaf,تَلَف,تلف
2itlaf,اِتْلَف,اتلف
2itlif,اِتْلِف,اتلف
yitlaf,يِتْلَف,يتلف
yitlif,يِتْلِف,يتلف
tilif,تِلِف,تلف
2atlaf,أَتْلَف,أتلف
tilifizyoon,تِلِفِيزْيَون,تلفيزيون
talafoon,تَلَفَون,تلفون
talfin,تَلْفِن,تلفن
ytalfin,يتَلْفِن,يتلفن
talfan,تَلْفَن,تلفن
mitlakkish,مِتْلَكِّش,متلكش
2itlakkash,اِتْلَكَّش,اتلكش
yitlakkash,يِتْلَكَّش,يتلكش
tlakkash,تْلَكَّش,تلكش
tall,تَالّ,تال
talle,تَلِّة,تلة
tlaal,تْلَال,تلال
kharabha wuqa3ad 3atallitha,خربهَا وقعد عتلِّتهَا,خربها وقعد عتلتها
till,تِلّ,تل
ytill,يتِلّ,يتل
tall,تَلّ,تل
tilim,تِلِم,تلم
mtallam,مْتَلَّم,متلم
tilim,تِلِم,تلم
tallim,تَلِّم,تلم
ytallim,يتَلِّم,يتلم
tallam,تَلَّم,تلم
tilmiiz,تِلْمِيذ,تلميذ
talaamiiz,تَلَامِيذ,تلاميذ
2ittalmaz,اِتْتَلْمَذ,اتتلمذ
yittalmaz,يِتْتَلْمَذ,يتتلمذ
2ittalmaz,تْتَلْمَذ,تتلمذ
taalye,تَالْيِة,تالية
taali,تَالِي,تالي
tawaalii,توَالي,توالي
tawaali,توَالي,توالي
tamtame,تَمْتَمِة,تمتمة
tamtim,تَمْتِم,تمتم
ytamtim,يتَمْتِم,يتمتم
tamtam,تَمْتَم,تمتم
tamre,تَمْرِة,تمرة
tamir,تَمِر,تمر
tamarji,تَمَرْجِي,تمرجي
tamarjiyye,تَمَرْجِيِّة,تمرجية
mtamsi7,مْتَمْسِح,متمسح
timsaa7,تِمْسَاح,تمساح
tamaasii7,تَمَاسِيح,تماسيح
dumuu3 2ittamaasii7,دموع التَّمَاسِيح,دموع التماسيح
tamsi7,تَمْسِح,تمسح
ytamsi7,يتَمْسِح,يتمسح
tamsa7,تَمْسَح,تمسح
tamaam,تَمَام,تمام
tamaam,تَمَام,تمام
tamm 2innasiib,تَمّ النَّصِيب,تم النصيب
2ittamaam 3ala kheer,التَّمَام عَلى خَير,التمام على خير
tammim,تَمِّم,تمم
timm,تِمّ,تم
tamm,تَمّ,تم
ytimm,يتِمّ,يتم
ytamm,يتَمّ,يتم
ytammim,يتَمِّم,يتمم
tamm,تَمّ,تم
tammam,تَمَّم,تمم
tamann,تَمَنّ,تمن
tamanno,تَمَنُّه,تمنه
tamanha,تَمَنْهَا,تمنها
tamanhum,تَمَنْهُم,تمنهم
mtanbil,مْتَنْبِل,متنبل
tanbal,تَنْبَل,تنبل
tanaabil,تَنَابِل,تنابل
mtantif,مْتَنْتِف,متنتف
tantif,تَنْتِف,تنتف
ytantif,يتَنْتِف,يتنتف
tantaf,تَنْتَف,تنتف
tantani,تَنْتَنِي,تنتني
tini7,تِنِح,تنح
mtanni7,مْتَنِّح,متنح
tanaa7a,تَنَاحَة,تناحة
tanni7,تَنِّح,تنح
ytanni7,يتَنِّح,يتنح
tanna7,تَنَّح,تنح
tanda,تَنْدَة,تندة
tandara,تَنْدَرَى,تندرى
tannuura,تَنُّورَة,تنورة
tannuur,تَنُّور,تنور
tanaaniir,تَنَانِير,تنانير
tanake,تَنَكِة,تنكة
tank,تَنْك,تنك
mtannin,مْتَنِّن,متنن
tantuun,تَنْتُون,تنتون
tann,تَنّ,تن
tanhum,تَنْهُم,تنهم
tanno,تَنُّه,تنه
tanha,تَنْهَا,تنها
tannin,تَنِّن,تنن
ytannin,يتَنِّن,يتنن
tannan,تَنَّن,تنن
mtahtih,مْتَهْتِه,متهته
tahtih,تَهْتِه,تهته
ytahtih,يتَهْتِه,يتهته
tahtah,تَهْتَه,تهته
tuhme,تُهْمِة,تهمة
tuham,تُهَم,تهم
tahaayim,تَهَايِم,تهايم
2ittahim,اِتَّهِم,اتهم
yittahim,يِتَّهِم,يتهم
2ittaham,اِتَّهَم,اتهم
taw2am,تَوْأَم,توأم
toom,تَوم,توم
tawaa2im,تَوَائِم,توائم
taayib,تَايِب,تايب
toobe,تَوبِة,توبة
ybuus 2ittoobe,يبُوس التَّوبِة,يبوس التوبة
tuub,تُوب,توب
ytuub,يتُوب,يتوب
taab,تَاب,تاب
tuute,تُوتِة,توتة
tuutaaye,تُوتَايِة,توتاية
tuut,تُوت,توت
tootya,تَوتْيَا,توتيا
tawwit,تَوِّت,توت
ytawwit,يتَوِّت,يتوت
tawwat,تَوَّت,توت
taaj,تَاج,تاج
tiijaan,تِيجَان,تيجان
taaj 2il3aruus,تَاج العَرُوس,تاج العروس
taaj raasi,تَاج رَاسِي,تاج راسي
tawwij,تَوِّج,توج
ytawwij,يتَوِّج,يتوج
tawwaj,تَوَّج,توج
taawi7,تَاوِح,تاوح
2itwaa7a,اِتْوَاحَى,اتواحى
ytaawi7,يتَاوِح,يتاوح
yitwaa7a,يِتْوَاحَى,يتواحى
taawa7,تَاوَح,تاوح
twaa7a,تْوَاحَى,تواحى
tawwiz,تَوِّز,توز
tuuz,تُوز,توز
ytuuz,يتُوز,يتوز
ytawwiz,يتَوِّز,يتوز
tazz,تَزّ,تز
tawwaz,تَوَّز,توز
tawyan,تَوْيَان,تويان
2itwi,اِتْوِي,اتوي
yitwi,يِتْوِي,يتوي
tiwi,تِوِي,توي
tiita,تِيتَة,تيتة
mutaa7,مُتَاح,متاح
2atii7,أَتِيح,أتيح
ytii7,يتِيح,يتيح
2ataa7,أَتَاح,أتاح
tayyaar,تَيَّار,تيار
tayyaar siyaasi,تَيَّار سيَاسي,تيار سياسي
3aks 2ittayyaar,عكْس التَيَّار,عكس التيار
tayyaar hawa,تَيَّار هَوَا,تيار هوا
tiir,تِير,تير
ytiir,يتِير,يتير
taar,تَار,تار
2alla laa ytiir lak,الله لَا يتيرلك,الله لا يتيرلك
mtayyis,مْتَيِّس,متيس
taysuun,تَيْسُون,تيسون
taysane,تَيْسَنِة,تيسنة
tayaase,تَيَاسِة,تياسة
tees,تَيس,تيس
tyuus,تْيُوس,تيوس
2atyas,أَتْيَس,أتيس
tees m3am3am,تَيس مْعَمْعَم,تيس معمعم
tiis 3aahre,تَيس عَاهْرَة,تيس عاهرة
tayyis,تَيِّس,تيس
ytayyis,يتَيِّس,يتيس
tayyas,تَيَّس,تيس
mutayyam,مُتَيَّم,متيم
mtayyin,مْتَيِّن,متين
tiine,تِينِة,تينة
tiin,تِين,تين
hajiin waaqi3 bisallit tiin,هَجِين وَاقِع بسَلِّة تِين,هجين واقع بسلة تين
2ittawiile taalat 2ittiine wilqasiire dallat 7aziine,الطَّويِلِة طَالَت التِّينِة وَالقَصِيرِة ضَلَّت حَزِينِة,الطويلة طالت التينة والقصيرة ضلت حزينة
tayyin,تَيِّن,تين
ytayyin,يتَيِّن,يتين
tayyan,تَيَّن,تين
taayih,تَايِه,تايه
tawahaan,تَوَهَان,توهان
tawwih,تَوِّه,توه
ytawwih,يتَوِّه,يتوه
tawwah,تَوَّه,توه
saa2ib,ثَائِب,ثائب
ysaa2ib,يثَائِب,يثائب
saa2ab,ثَائَب,ثائب
mtaawabe,مْثَاوَبِة,مثاوبة
2ittaawab,اِتْثَاوَب,اتثاوب
yittaawab,يِتْثَاوَب,يتثاوب
2ittaawab,تْثَاوَب,تثاوب
sabaat,ثَبَات,ثبات
tasbiit,تَثْبِيت,تثبيت
2isbaat,إِثْبَات,إثبات
subuut,ثُبُوت,ثبوت
saabit,ثَابِت,ثابت
2isbit,اِثْبِت,اثبت
yisbit,يِثْبِت,يثبت
2asbat,أَثْبَت,أثبت
2itsabbat,اِتْثَبَّت,اتثبت
yitsabbat,يِتْثَبَّت,يتثبت
tsabbat,تْثَبَّت,تثبت
sabbit,ثَبِّت,ثبت
ysabbit,يثَبِّت,يثبت
sabbat,ثَبَّت,ثبت
2isbat,اِثْبَت,اثبت
yisbat,يِثْبَت,يثبت
sabat,ثَبَت,ثبت
musaabir,مُثَابِر,مثابر
musaabara,مُثَابَرَة,مثابرة
saabir,ثَابِر,ثابر
ysaabir,يثَابِر,يثابر
saabar,ثَابَر,ثابر
sarsara,ثَرْثَرَة,ثرثرة
sarsaar,ثَرْثَار,ثرثار
sarsir,ثَرْثِر,ثرثر
ysarsir,يثَرْثِر,يثرثر
sarsar,ثَرْثَر,ثرثر
thari,ثَرِي,ثري
2athriyaa2,أَثْرِيَاء,أثرياء
tharaa2,ثَرَاء,ثراء
tharaa2 faa7ish,ثَرَاء فَاحِش,ثراء فاحش
2isri,اِثْرِي,اثري
yisri,يِثْرِي,يثري
2asra,أَثْرَى,أثرى
tha3be,ثَعْبِة,ثعبة
tu3baan,ثُعْبَان,ثعبان
ta3aabiin,ثَعَابِين,ثعابين
sa3labe,ثَعْلَبِة,ثعلبة
sa3lab,ثَعْلَب,ثعلب
sa3aalib,ثَعَالِب,ثعالب
mathquub,مَثْقُوب,مثقوب
thuqkbe,ثُقْبِة,ثقبة
thuqub,ثُقُب,ثقب
thuqab,ثُقَب,ثقب
thuqkab,ثُقَب,ثقب
2uthqkub,اِثْقُب,اثقب
yuthqkub,يُثْقُب,يثقب
thaqkab,ثَقَب,ثقب
saqaafe,ثَقَافِة,ثقافة
saqaafi,ثَقَافِي,ثقافي
musaqqaf,مُثَقّف,مثقف
tasqiif,تَثْقِيف,تثقيف
2itsaqqaf,اِتْثَقَّف,اتثقف
yitsaqqaf,يِتْثَقَّف,يتثقف
tsaqqaf,تْثَقَّف,تثقف
saqqif,ثَقِّف,ثقف
ysaqqif,يثَقِّف,يثقف
saqqaf,ثَقَّف,ثقف
tqiilt2iilthgiil,ثْقِيل,ثقيل
thaqaale,ثَقَالِة,ثقالة
thuqul,ثُقُل,ثقل
2athqaal,أَثْقَال,أثقال
tqiil damm,ثْقِيل دَم,ثقيل دم
sabb thaqaalit dammo,صَب ثَقَالِة دَمُّه,صب ثقالة دمه
2itqal2it2al2ithgal,اِثْقَل,اثقل
taqqilta22ilthaggil,ثَقِّل,ثقل
2istatqil2istat2il2istathgil,اِسْتَثْقِل,استثقل
2itthaaqal,اِتْثَاقَل,اتثاقل
yitqal,يِثْقَل,يثقل
ytaqqil,يثَقِّل,يثقل
yistatqil,يِسْتَثْقِل,يستثقل
yitthaaqal,يِتْثَاقَل,يتثاقل
tiqil,ثِقِل,ثقل
2atqal,أَثْقَل,أثقل
taqqal,ثَقَّل,ثقل
2istatqal2istat2al2istathgal,اِسْتَثْقَل,استثقل
tthaaqal,تْثَاقَل,تثاقل
talaate,ثَلَاثِة,ثلاثة
talaat,ثَلَاث,ثلاث
taalit,ثَالِث,ثالث
talaata,ثُلَاثَاء,ثلاثاء
tallaaja,ثَلَّاجِة,ثلاجة
talij,ثَلِج,ثلج
talj,ثَلِج,ثلج
talj,ثَلْج,ثلج
tluuj,ثْلُوج,ثلوج
bukra biduub 2ittalj wu biban 2ilmarj,بُكْرة بيذوب الثلج وببَان المرج,بكرة بيذوب الثلج وببان المرج
tallij,ثَلِّج,ثلج
ytallij,يثَلِّج,يثلج
tallaj,ثَلَّج,ثلج
summa,ثُمّ,ثم
thamara,ثَمَرَة,ثمرة
2istithmaar,اِسْتِثْمَار,استثمار
thamar,ثَمَر,ثمر
wala 3umro bi3ammir wala bithammir,ولَا عُمرُه بيعَمِّر ولَا بيثَمِّر,ولا عمره بيعمر ولا بيثمر
thamarit zawaaj,ثَمَرَة زَوَاج,ثمرة زواج
2ib3id 2ukhti 3anni wukhudd thamarha minni,إِبْعِد أُخْتِي عَنِّي وخُذ ثَمَرْهَا مِنِّي,إبعد أختي عني وخذ ثمرها مني
2ithmir,اِثْمِر,اثمر
thammir,ثَمِّر,ثمر
2istathmir,اِسْتَثْمِر,استثمر
yithmir,يِثْمِر,يثمر
ythammir,يثَمِّر,يثمر
mustasmir,مُسْتَثْمِر,مستثمر
yistathmir,يِسْتَثْمِر,يستثمر
thamar,ثَمَر,ثمر
thammar,ثَمَّر,ثمر
2istathmar,اِسْتَثْمَر,استثمر
timm,ثِمّ,ثم
tumm,ثُمّ,ثم
tmaam,ثْمَام,ثمام
tmaam,ثْمَام,ثمام
fii btimmak 7aki,في بثِمَّك حَكِي,في بثمك حكي
laa min timmo wala min kimmo,لَا مِن ثِمُّه ولَا مِن كُمُّه,لا من ثمه ولا من كمه
maa btinball btimmo fuule,مَا بْتِنْبَلّ بْثِمُّه فُولِة,ما بتنبل بثمه فولة
faati7 timmo wuraakhi beedo,فَاتِح ثمُّه ورَاخِي بَيضُه,فاتح ثمه وراخي بيضه
tili3 min timmi,طِلِع مِن ثِمِّي,طلع من ثمي
min timmak latimmo,من ثِمَّك لثِمُّه,من ثمك لثمه
kalaamo birmi 2illuqme min 2ittim,كَلَامُه بْيِرْمِي الُّلقْمِة مِن الثِّم,كلامه بيرمي اللقمة من الثم
taamin,ثَامِن,ثامن
samiin,ثَمِين,ثمين
tamaanye,ثَمَانْيِة,ثمانية
taman,ثَمَان,ثمان
tumun,ثُمُن,ثمن
thaman,ثَمَن,ثمن
laa tuqaddar bithaman,لَا تُقَدَّر بثَمَن,لا تقدر بثمن
thammin,ثَمِّن,ثمن
ythammin,يثَمِّن,يثمن
thamman,ثَمَّن,ثمن
taani,ثَانِي,ثاني
matni,مَثْنِي,مثني
tanye,ثَنْيِة,ثنية
thnaaye,ثْنَايِة,ثناية
thanaa2,ثَنَاء,ثناء
2itni,اِثْنِي,اثني
tanni,ثَنِّي,ثني
2ithni,اِثْنِي,اثني
yitni,يِثْنِي,يثني
ytanni,يثَنِّي,يثني
2istasni,اِسْتَثْنِي,استثني
yistasni,يِسْتَثْنِي,يستثني
2istasna,اِسْتَثْنَى,استثنى
2istisnaa2,اِسْتِثْنَاء,استثناء
taani,ثَانِي,ثاني
2itneen,اِثْنَين,اثنين
2itneen,اِثْنَين,اثنين
yithni,يِثْنِي,يثني
tana,ثَنَى,ثنى
tanna,ثَنَّى,ثنى
2athna,أَثْنَى,أثنى
toob,ثَوب,ثوب
2athwaab,أَثْوَاب,أثواب
twaab,ثْوَاب,ثواب
tyaab,ثْيَاب,ثياب
mish min toobna,مِش مِن ثَوبْنَا,مش من ثوبنا
zalame malaat tyaabo,زَلَمِة مَلَاة ثْيَابُه,زلمة ملاة ثيابه
toob 2il7aqq,ثَوب الحَقّ,ثوب الحق
saa2ir,ثَائِر,ثائر
suwwaar,ثْوَّار,ثوار
thaayir,ثَائِر,ثائر
mthawwir,مْثَوِّر,مثور
sawra,ثَورَة,ثورة
toor,ثَور,ثور
tiiraan,ثِيرَان,ثيران
mitil 2ittoor 2ilhaayij,مِثِل الثُّور الهَايِج,مثل الثور الهايج
daqqu biba3ad 2ittiiraan,دَقُّوَا بِبَعَض الثِّيرَان,دقوا ببعض الثيران
suur,ثُور,ثور
thawwir,ثَوِّر,ثور
ysuur,يثُور,يثور
ythawwir,يثَوِّر,يثور
saar,ثَار,ثار
thawwar,ثَوَّر,ثور
toome,ثَومِة,ثومة
toomiyye,ثَومِيِّة,ثومية
mtawwame,مْثَوَّمِة,مثومة
toom,ثَوم,ثوم
jaaje,جَاجِة,جاجة
jaaj,جَاج,جاج
7unneerak wiljaaje tunqur 3eenak,حُنِّيرَك وَالجَاجِة تنقُر عينك,حنيرك والجاجة تنقر عينك
law tuuqaf 2iljaaje 3a 2ijir,لو توقف الجَاجة عإِجر,لو توقف الجاجة عإجر
ya3tiik 2il3aafye qadd maa mashat 2iljaje 7aafye,يعطيك العَافية قد مَا مشت الجَاجة حَافية,يعطيك العافية قد ما مشت الجاجة حافية
jaaje 7afrit 3araasha 3afrit,جَاجِة حفرِت عرَاسهَا عَفْرِت,جاجة حفرت عراسها عفرت
jaat,جَاط,جاط
madjbuub,مَجْبُوب,مجبوب
djibbe,جِبِّة,جبة
djibab,جِبَب,جبب
mdjabdjib,مْجَبْجِب,مجبجب
djabdjib,جَبْجِب,جبجب
tdjabdjab,تْجَبْجَب,تجبجب
yitdjabdjab,يِتْجَبْجَب,يتجبجب
tdjabdjab,تْجَبْجَب,تجبجب
jabde,جَبْدِة,جبدة
2injibid,اِنْجِبِد,انجبد
yinjibid,يِنْجِبِد,ينجبد
2injabad,اِنْجَبَد,انجبد
2ijbid,إِجْبِد,إجبد
yijbid,يِجْبِد,يجبد
jabad,جَبَد,جبد
2itjabbad,اِتْجَبَّد,اتجبد
yitjabbad,يِتْجَبَّد,يتجبد
tjabbad,تْجَبَّد,تجبد
jabbaar,جَبَّار,جبار
2ijbaari,إِجْبَاري,إجباري
mjaabir,مْجَابِر,مجابر
majbuur,مَجْبُور,مجبور
jbiire,جْبِيرِة,جبيرة
2ijbaar,إِجْبَار,إجبار
jabaayir,جَبَايِر,جباير
2ujbur,اِجْبُر,اجبر
jabbir,جَبِّر,جبر
2ijbir,اِجْبِر,اجبر
2injibir,اِنْجِبِر,انجبر
2itjabbar,اِتْجَبَّر,اتجبر
jaabir,جَابِر,جابر
yujbur,يُجْبِر,يجبر
yjabbir,يجَبِّر,يجبر
yijbir,يِجْبِر,يجبر
yinjibir,يِنْجِبِر,ينجبر
yitjabbar,يِتْجَبَّر,يتجبر
yjaabir,يجَابِر,يجابر
jabar,جَبَر,جبر
jabbar,جَبَّر,جبر
2ajbar,أَجْبَر,أجبر
2injabar,اِنْجَبَر,انجبر
tjabbar,تْجَبَّر,تجبر
jaabar,جَابَر,جابر
djabashe,جَبَشِة,جبشة
mjabbasa,مْجَبَّص,مجبص
jibis,جِبِص,جبص
jabbis,جَبِّص,جبص
yjabbis,يجَبِّص,يجبص
jabbas,جَبَّص,جبص
mjabbil,مْجَبِّل,مجبل
jable,جَبْلِة,جبلة
jabal,جَبَل,جبل
jbaal,جْبَال,جبال
jibaal,جِبَال,جبال
humuum jbaal,هُمُوم جْبَال,هموم جبال
jabbil,جَبِّل,جبل
2ijbil,إِجْبِل,إجبل
yijbil,يِجْبِل,يجبل
yjabbil,يجَبِّل,يجبل
jabal,جَبَل,جبل
jabbal,جَبَّل,جبل
jabaan,جَبَان,جبان
jubanaa2,جُبُنَاء,جبناء
jibne,جِبْنِة,جبنة
joobane,جَوبَنِة,جوبنة
djabbaane,جَبَّانِة,جبانة
jibin,جِبِن,جبن
jubun,جُبُن,جبن
jbiin,جْبِين,جبين
2ajbaan,أَجْبَان,أجبان
3araq jbiino,عَرَق جْبِينُه,عرق جبينه
jabbin,جَبِّن,جبن
joobin,جَوبِن,جوبن
yjabbin,يجَبِّن,يجبن
yjoobin,يجَوبِن,يجوبن
jabban,جَبَّن,جبن
jooban,جَوبَن,جوبن
jabha,جَبْهَة,جبهة
jusas,جُثَث,جثث
jusse,جُثِّة,جثة
jaa7id,جَاحِد,جاحد
ju7uud,جُحُود,جحود
2ij7ad,اِجْحَد,اجحد
yij7ad,يِجْحَد,يجحد
ja7ad,جَحَد,جحد
ja7irni,جَاحِر,جاحر
ja7ra,جَحْرَة,جحرة
2ij7ar,اِجْحَر,اجحر
yij7ar,يِجْحَر,يجحر
ja7ar,جَحَر,جحر
mja77ish,مْجَحِّش,مجحش
2aj7ash,أَجْحَش,أجحش
ja7ish,جَحِش,جحش
mjaa7ashe,مْجَاحَشِة,مجاحشة
j7uush,جْحُوش,جحوش
taj7iishe,تَجْحِيشِة,تجحيشة
2itja77ash,اِتْجَحّش,اتجحش
yitja77ash,يِتْجَحّش,يتجحش
tja77ash,تْجَحّش,تجحش
ja77ish,جَحِّش,جحش
tjaa7ash,تَجَاحَش,تجاحش
2itja7shan,اِتْجَحْشَن,اتجحشن
yja77ish,يجَحِّش,يجحش
yitja7shan,يِتْجَحْشَن,يتجحشن
yitjaa7ash,يِتْجَاحَش,يتجاحش
ja77ash,جَحّش,جحش
tjaa7ash,تَجَاحَش,تجاحش
tja7shan,تْجَحْشَن,تجحشن
jakhkha,جَخَّة,جخة
jukhkh,جُخّ,جخ
jukhkh bala mukhkh,جُخّ بلَا مُخّ,جخ بلا مخ
jukhkh,جُخّ,جخ
yjukhkh,يجُخّ,يجخ
jakhkh,جَخّ,جخ
mjakhdim,مْجَخْدِم,مجخدم
mdjakhdime ma3i,مْجَخْدِمة معي,مجخدمة معي
djukhraqk,جُخْرَاق,جخراق
djakhaariiqk,جَخَارِيق,جخاريق
2itdjakhraqk,اِتْجَخْرَق,اتجخرق
yitdjakhraqk,يِتْجَخْرَق,يتجخرق
tdjakhraqk,تْجَخْرَق,تجخرق
djakhruuqka,جَخْرُوقَة,جخروقة
djakhkhim,جَخِّم,جخم
ydjakhkhim,يجَخِّم,يجخم
djakhkham,جَخَّم,جخم
jukhmaash,جُخْمَاش,جخماش
jakhaamiish,جَخَامِيش,جخاميش
jadba,جَدْبَا,جدبا
2ajdab,أَجْدَب,أجدب
judub,جُدُب,جدب
judbaan,جِدْبَان,جدبان
jadbe,جَدْبِة,جدبة
2ijdib,اِجْدِب,اجدب
yijdib,يِجْدِب,يجدب
jadab,جَدَب,جدب
jaddi,جَدِّي,جدي
jdiid,جْدِيد,جديد
judud,جْدُد,جدد
jdaad,جْدَاد,جداد
jadd,جَدّ,جد
djaddaade,جَدَّادِة,جدادة
jiddiye,جِدِّيِّة,جدية
jidd,جِدّ,جد
jadd,جَدّ,جد
tajdiid,تَجْدِيد,تجديد
djdaad,جْدَاد,جداد
mustajidd,مُسْتَجِدّ,مستجد
jduud,جْدُود,جدود
juduud,جُدُود,جدود
2ajdaad,أَجْدَاد,أجداد
3anjadd,عَنجَدّ,عنجد
bjadd,بْجَد,بجد
2abban 3an jadd,أَبّاً عَن جَدّ,أبا عن جد
3aduu jiddak maa bi7ibbak 7atta law 3abadto mitil rabbak,عَدُو جِدَّك مَابِحِبَّك حَتَّى لَو عَبَدْتُه مِثِل رَبَّك,عدو جدك مابحبك حتى لو عبدته مثل ربك
jidd,جِدّ,جد
jidd,جِدّ,جد
jaddid,جَدِّد,جدد
2itjaddad,اِتْجَدَّد,اتجدد
2istajidd,اِسْتِجِدّ,استجد
yjidd,يجِدّ,يجد
yjaddid,يجَدِّد,يجدد
yjidd,يجِدّ,يجد
2istajidd,يِسْتِجِدّ,يستجد
yitjaddad,يِتْجَدَّد,يتجدد
jadd,جَدّ,جد
jaddad,جَدَّد,جدد
jadd,جَدّ,جد
2istajadd,اِسْتَجَدّ,استجد
tjaddad,تْجَدَّد,تجدد
mjaddara,مْجَدَّرَة,مجدرة
judari,جُدَرِي,جدري
jdaar,جْدَار,جدار
judraan,جُدْرَان,جدران
2iljidaar 2il7aajiz,الجِدَار الحَاجِز,الجدار الحاجز
2iljidaar 2ilfaasil,الجِدَار الفَاصِل,الجدار الفاصل
jaddir,جَدِّر,جدر
yjaddir,يجَدِّر,يجدر
jaddar,جَدَّر,جدر
jada3,جَدَع,جدع
jid3aan,جِدْعَان,جدعان
majduu3,مَجْدُوع,مجدوع
djaduu3iyye,جَدُوعِيِّة,جدوعية
jad3ane,جَدْعَنِة,جدعنة
ghaname majduu3a,غَنَمِة مَجْدُوعَة,غنمة مجدوعة
2injidi3,اِنْجِدِع,انجدع
yinjidi3,يِنْجِدِع,ينجدع
2injada3,اِنْجَدَع,انجدع
2ijda3,اِجْدَع,اجدع
2itjad3an,اِتْجَدْعَن,اتجدعن
yijda3,يِجْدَع,يجدع
2ajda3,أَجْدَع,أجدع
yitjad3an,يِتْجَدْعَن,يتجدعن
jada3,جَدَع,جدع
tjad3an,تْجَدْعَن,تجدعن
jadali,جَدَلِي,جدلي
jadduule,جَدُّولِة,جدولة
jidaal,جِدَال,جدال
jadaayil,جَدَايِل,جدايل
jadal,جَدَل,جدل
jadaadiil,جَدَادِيِل,جداديل
jaadil,جَادِل,جادل
jaddil,جَدِّل,جدل
yjaadil,يجَادِل,يجادل
yjaddil,يجَدِّل,يجدل
jaadal,جَادَل,جادل
jaddal,جَدَّل,جدل
jadwal,جَدْوَل,جدول
jadaawil,جَدَاوِل,جداول
2itjadwal,اِتْجَدْوَل,اتجدول
yitjadwal,يِتْجَدْوَل,يتجدول
tjadwal,تْجَدْوَل,تجدول
jadwil,جَدْوِل,جدول
yjadwil,يجَدْوِل,يجدول
jadwal,جَدْوَل,جدول
jadi,جَدِي,جدي
nijmit 2iljadi,نِجْمِة الجَدِي,نجمة الجدي
jaazibiyye,جَاذِبِيِّة,جاذبية
jazzaab,جَذَّاب,جذاب
jazib,جَذِب,جذب
2itjaazab,اِتْجَاذَب,اتجاذب
yitjaazab,يِتْجَاذَب,يتجاذب
tjaazab,تْجَاذَب,تجاذب
2injizib,اِنْجِذِب,انجذب
yinjizib,يِنْجِذِب,ينجذب
2injazab,اِنْجَذَب,انجذب
2ijzib,اِجْذِب,اجذب
yijzib,يِجْذِب,يجذب
jazab,جَذَب,جذب
mitdjadhmir,مِتْجَذْمِر,متجذمر
djadhmara,جَذْمَرَة,جذمرة
2itdjadhmar,اِتْجَذْمَر,اتجذمر
yitdjadhmar,يِتْجَذْمَر,يتجذمر
tdjadhmar,تْجَذْمَر,تجذمر
mitdjadhwir,مِتْجَذْوِر,متجذور
djadhwara,جَذْوَرَة,جذورة
2itdjadhwar,اِتْجَذْوَر,اتجذور
yitdjadhwar,يِتْجَذْوَر,يتجذور
tdjadhwar,تْجَذْوَر,تجذور
2ijraa2,إِجْرَاء,إجراء
jarii2,جَرِيئ,جريئ
mistarji,مِسْتَرْجِي,مسترجي
jur2a,جُرْأَة,جرأة
jaraa2a,جَرَاءَة,جراءة
tjarra2,تْجَرَّأ,تجرأ
2istajri,اِسْتَجْرِي,استجري
2istarji,اِسْتَرْجِي,استرجي
yitjarra2,يِتْجَرَّأ,يتجرأ
yistajri,يِسْتَجْرِي,يستجري
yistarji,يِسْتَرْجِي,يسترجي
tjarra2,تْجَرَّأ,تجرأ
2istajra,اِسْتَجْرَا,استجرا
2istarja,اِسْتَرْجى,استرجى
jarba,جَرْبَا,جربا
mjarrib,مْجَرِّب,مجرب
2ijrab,اِجْرَب,اجرب
jarbaan,جَرْبَان,جربان
jurub,جُرُب,جرب
jurub,جُرُب,جرب
mjarrib,مْجَرِّب,مجرب
tajrube,تَجْرُبِة,تجربة
tajriib,تَجْرِيب,تجريب
jarab,جَرَب,جرب
jraab,جْرَاب,جراب
tajaarub,تَجَارُب,تجارب
mjarrab,مْجَرَّب,مجرب
jarabiin,جَرَابِين,جرابين
jirbaan,جِرْبَان,جربان
gruub,جْرُوب,جروب
jarrib,جَرِّب,جرب
2ijrabb,اِجْرَبّ,اجرب
yjarrib,يجَرِّب,يجرب
yijrabb,يِجْرَبّ,يجرب
jarrab,جَرَّب,جرب
2ijrabb,اِجْرَبّ,اجرب
2is2al mjarrib wala tis2al khabiir,اِسْأَل مْجَرِّب ولَا تِسْأَل خَبِير,اسأل مجرب ولا تسأل خبير
mitdjarbi7,مِتْجَرْبِح,متجربح
2itdjarba7,اِتْجَرْبَح,اتجربح
yitdjarba7,يِتْجَرْبَح,يتجربح
tdjarba7,تْجَرْبَح,تجربح
djarabandiyye,جَرَبَنْدِيِّة,جربندية
djardjuu7,جَرْجُوح,جرجوح
djaraadjii7,جَرَاجِيح,جراجيح
djardji7,جَرْجِح,جرجح
2itdjardja7,اِتْجَرْجَح,اتجرجح
ydjardji7,يجَرْجِح,يجرجح
yitdjardja7,يِتْجَرْجَح,يتجرجح
djardja7,جَرْجَح,جرجح
tdjardja7,تْجَرْجَح,تجرجح
jarjara,جَرْجَرِة,جرجرة
jarjiir,جَرْجِير,جرجير
djardjiir,جَرْجِير,جرجير
djardjuur,جَرْجُور,جرجور
2itjarjar,اِتْجَرْجَر,اتجرجر
yitjarjar,يِتْجَرْجَر,يتجرجر
tjarjar,تْجَرْجَر,تجرجر
jarjir,جَرْجِر,جرجر
yjarjir,يجَرْجِر,يجرجر
jarjar,جَرْجَر,جرجر
mdjardjik,مْجَرْجِق,مجرجق
djardjaka,جَرْجَقَة,جرجقة
djardjaqk,جَرْجَق,جرجق
maluush djardjaqk,مَالوُش جَرْجَق,مالوش جرجق
majruu7,مَجْرُوح,مجروح
mjarra7,مْجَرَّح,مجرح
juru7,جُرُح,جرح
tajrii7,تَجْرِيح,تجريح
jruu7,جْرُوح,جروح
7atteet 2iidak 3al juru7,حَطَّيت اِيدَك عَالجُرُح,حطيت ايدك عالجرح
jarraa7,جَرَّاح,جراح
fatta7it jruu7i,فَتَّحِت جْرُوحِي,فتحت جروحي
7atteet mili7 3aljuru7 wusakatit,حَطَّيت مِلِح عَالجُرُح وسَكَتِت,حطيت ملح عالجرح وسكتت
2itjarwa7,اِتْجَرْوَح,اتجروح
yitjarwa7,يِتْجَرْوَح,يتجروح
tjarwa7,تْجَرْوَح,تجروح
2ijra7,اِجْرَح,اجرح
jarri7,جَرِّح,جرح
2injiri7,اِنْجِرِح,انجرح
yinjiri7,يِنْجِرِح,ينجرح
2injara7,اِنْجَرَح,انجرح
yijra7,يِجْرَح,يجرح
yjarri7,يجَرِّح,يجرح
jarra7,جَرَّح,جرح
jara7,جَرَح,جرح
jarda,جَرْدَا,جردا
2ijrad,إِجْرَد,إجرد
2ajrad,أَجْرَد,أجرد
mujarrad,مُجَرَّد,مجرد
2ijrad,إِجْرَد,إجرد
jaraayid,جَرَايِد,جرايد
jariide,جَرِيدِة,جريدة
jruudi,جْرُودِي,جرودي
jurud,جُرُد,جرد
jaraade,جَرَادِة,جرادة
jarraade,جَرَّادِة,جرادة
majruud,مَجْرُود,مجرود
majaariid,مَجَارِيد,مجاريد
3een 2iljaraade,عِين الجَرَادِة,عين الجرادة
2itjarrad,اِتْجَرَّد,اتجرد
yitjarrad,يِتْجَرَّد,يتجرد
tjarrad,تْجَرَّد,تجرد
2injirid,اِنْجِرِد,انجرد
yinjirid,يِنْجِرِد,ينجرد
2injarad,اِنْجَرَد,انجرد
2ujrud,اِجْرُد,اجرد
jarrid,جَرِّد,جرد
yujrud,يُجْرُد,يجرد
yjarrid,يجَرِّد,يجرد
jaraad,جَرَاد,جراد
jarad,جَرَد,جرد
jarrad,جَرَّد,جرد
mjardim,مْجَرْدِم,مجردم
jardim,جَرْدِم,جردم
yjardim,يجَرْدِم,يجردم
jardam,جَرْدَم,جردم
jardoon,جَرْدَون,جردون
jaraadiin,جَرَادِين,جرادين
mitdjardhim,مِتْجَرْذِم,متجرذم
2itdjardham,اِتْجَرْذَم,اتجرذم
yitdjardham,يِتْجَرْذَم,يتجرذم
tdjardham,تْجَرْذَم,تجرذم
majruur,مَجْرُور,مجرور
jarra,جَرَّة,جرة
majruura,مَجْرُورَة,مجرورة
jarr,جَرّ,جر
jarraar,جَرَّار,جرار
jawaariir,جَوَارِير,جوارير
majaariir,مَجَارِير,مجارير
bijurr b7aalo jar,بِيجُر بْحَاله جَر,بيجر بحاله جر
2il7abil jarraar,الحَبِل جَرَّار,الحبل جرار
2injarr,اِنْجَرّ,انجر
yinjarr,يِنْجَرّ,ينجر
2injarr,اِنْجَرّ,انجر
min diqni wudjurr,من دقني وجُر,من دقني وجر
jurr,جُرّ,جر
yjurr,يجُرّ,يجر
jarr,جَرّ,جر
jirzaaye,جِرْزَايِة,جرزاية
jurzaaye,جُرْزَايِة,جرزاية
jaraazi,جَرَازِي,جرازي
jirsa,جِرْسَة,جرسة
tajriis,تَجْرِيس,تجريس
jaras,جَرَس,جرس
2ajraas,أَجْرَاس,أجراس
jraas,جْرَاس,جراس
kibir 2ilbaatinjaan widdandanat 2ajraaso wunisi quffit 2izbaale 2illi kaanat tinkabb 3araaso,كبر البَاذنجَان وتدندنت أجرَاسه ونسي قُفِّة الزبَالة اللي كَانت تنكب عرَاسه,كبر الباذنجان وتدندنت أجراسه ونسي قفة الزبالة اللي كانت تنكب عراسه
2itjarras,اِتْجَرَّس,اتجرس
yitjarras,يِتْجَرَّس,يتجرس
tjarras,تْجَرَّس,تجرس
jarris,جَرِّس,جرس
yjarris,يجَرِّس,يجرس
jarras,جَرَّس,جرس
garsoon,جَرْسَون,جرسون
garasiin,جَرَاسِين,جراسين
majruush,مَجْرُوش,مجروش
jaaruushiyye,جَارُوشِيِّة,جاروشية
jaaruushe,جَارُوشِة,جاروشة
2ujrush,اِجْرُش,اجرش
yijrush,يِجْرُش,يجرش
jarash,جَرَش,جرش
jur3a,جُرْعَة,جرعة
jura3,جُرَع,جرع
tjarra3,تْجَرَّع,تجرع
yitjarra3,يِتْجَرَّع,يتجرع
tjarra3,تْجَرَّع,تجرع
jarraafe,جَرَّافِة,جرافة
graafe,جْرَافِة,جرافة
mijrafe,مِجْرَفِة,مجرفة
2ujruf,اِجْرُف,اجرف
2injirif,اِنْجِرِف,انجرف
jarrif,جَرِّف,جرف
yujruf,يُجْرُف,يجرف
yinjirif,يِنْجِرِف,ينجرف
yjarrif,يجَرِّف,يجرف
jaraf,جَرَف,جرف
2injaraf,اِنْجَرَف,انجرف
jarraf,جَرَّف,جرف
jarraal,جَرَّال,جرال
mujrim,مُجْرِم,مجرم
jariime,جَرِيمِة,جريمة
jarim,جَرِم,جرم
jaraa2im,جَرَائِم,جرائم
2idjrimin3anno,اِجرمنعنُّه,اجرمنعنه
2itjarram,اِتْجَرَّم,اتجرم
yitjarram,يِتْجَرَّم,يتجرم
tjarram,تْجَرَّم,تجرم
2ijrim,اِجْرِم,اجرم
2ujrum,اِجْرُم,اجرم
jarrim,جَرِّم,جرم
yijrim,يِجْرِم,يجرم
yijrum,يِجْرُم,يجرم
yjarrim,يجَرِّم,يجرم
2ajram,أَجْرَم,أجرم
jaram,جَرَم,جرم
jarram,جَرَّم,جرم
mdjarma3,مْجَرْمَع,مجرمع
djarmi3,جَرْمِع,جرمع
2itdjarma3,اِتْجَرْمَع,اتجرمع
ydjarmi3,يجَرْمِع,يجرمع
yitdjarma3,يِتْجَرْمَع,يتجرمع
djarma3,جَرْمَع,جرمع
tdjarma3,تْجَرْمَع,تجرمع
jurun,جُرُن,جرن
djarn,جَرْن,جرن
jarin,جَرِن,جرن
djurun,جُرُن,جرن
jruune,جْرُونِة,جرونة
7att 2il7uzun biljurun,حَطّ الحُزُن بَِالجُرُن,حط الحزن بالجرن
jurun na7il,جُرُن نَحِل,جرن نحل
djaraaniq,جَرَانِق,جرانق
jaariye,جَارِيِة,جارية
mjaaraa,مْجَارَاة,مجاراة
majra,مَجْرَى,مجرى
majaari,مَجَارِي,مجاري
majaari,مَجَارِي,مجاري
mjaari,مْجَارِي,مجاري
jawaari,جَوَارِي,جواري
majra 2il2a7daas,مَجْرَى الأحدَاث,مجرى الأحداث
majra 2ilmayy,مَجْرَى المَي,مجرى المي
majra 2iddam,مَجْرَى الدَّم,مجرى الدم
majra 2ittanaffus,مَجْرَى التنفس,مجرى التنفس
majra 2ilhawa,مَجْرَى الهَوَا,مجرى الهوا
majra 2innafas,مَجْرَى النَّفَس,مجرى النفس
majra 2ilbool,مَجْرَى البَول,مجرى البول
majaari 2ilhana,مَجَارِي الهَنَا,مجاري الهنا
majaari winfat7at,مَجَارِي وفَتَحَت,مجاري وفتحت
2ijri,اِجْرِي,اجري
jaari,جَارِي,جاري
yijri,يِجْرِي,يجري
yjaari,يْجَارِي,يجاري
jara,جَرَى,جرى
jaara,جَارَى,جارى
juzu2,جُزُء,جزء
juz2iyye,جُزْئِيِّة,جزئية
2ajzaa2,أَجْزَاء,أجزاء
jazzi2,جَزِّئ,جزئ
yjazzi2,يجَزِّئ,يجزئ
jazza2,جَزَّأ,جزأ
juzdaanduzdaan,جُزْدَان,جزدان
jazadiindazadiin,جَزَادِين,جزادين
majaazir,مَجَازِر,مجازر
majzara,مَجْزَرَة,مجزرة
juzur,جُزُر,جزر
jaziira,جَزِيرَة,جزيرة
jazara,جَزَرَة,جزرة
jazzaar,جَزَّار,جزار
jazar,جَزَر,جزر
jizz,جِزّ,جز
yjizz,يجِزّ,يجز
jazz,جَزّ,جز
mjazziz,مْجَزِّز,مجزز
mjazziz,مْجَزِّز,مجزز
jazziz,جَزِّز,جزز
yjazziz,يجَزِّز,يجزز
jazzaz,جَزَّز,جزز
jaazi3,جَازِع,جازع
jaza3,جَزَع,جزع
2ijza3,اِجْزَع,اجزع
2itjazza3,اِتْجَزَّع,اتجزع
yijza3,يِجْزَع,يجزع
yitjazza3,يِتْجَزَّع,يتجزع
jizi3,جِزِع,جزع
tjazza3,تْجَزَّع,تجزع
mujaazafe,مُجَازَفِة,مجازفة
jaazif,جَازِف,جازف
yjaazif,يجَازِف,يجازف
jaazaf,جَازَف,جازف
jazme,جَزْمِة,جزمة
jizam,جِزَم,جزم
2ijzim,اِجْزِم,اجزم
yijzim,يِجْزِم,يجزم
jazam,جَزَم,جزم
djizwe,جِزْوِة,جزوة
djazaawi,جَزَاوِي,جزاوي
jazaa2,جَزَاء,جزاء
jaazi,جَازِي,جازي
jazzi,جَزِّي,جزي
yjaazi,يجَازِي,يجازي
yjazzi,يجَزِّي,يجزي
jaaza,جَازَى,جازى
jazza,جَزَّى,جزى
jasadi,جَسَدِي,جسدي
jasad,جَسَد,جسد
2ajsaad,أَجْسَاد,أجساد
2itjassad,اِتْجَسَّد,اتجسد
yitjassad,يِتْجَسَّد,يتجسد
tjassad,تْجَسَّد,تجسد
jassid,جَسِّد,جسد
yjassid,يجَسِّد,يجسد
jassad,جَسَّد,جسد
tajsiir,تَجْسِير,تجسير
jisir,جِسِر,جسر
jsuur,جْسُور,جسور
jsuura,جْسُورَة,جسورة
jassir,جَسِّر,جسر
yjassir,يجَسِّر,يجسر
jassar,جَسَّر,جسر
tajassus,تَجَسُّس,تجسس
jasuus,جَاسُوس,جاسوس
mujassam,مُجَسَّم,مجسم
jawaasiis,جَوَاسِيس,جواسيس
jass,جَسّ,جس
jass nabid,جَسّ نَبِض,جس نبض
jiss,جِسّ,جس
tjassas,تْجَسَّس,تجسس
yjiss,يجِسّ,يجس
yitjassas,يِتْجَسَّس,يتجسس
jass,جَسّ,جس
tjassas,تْجَسَّس,تجسس
jisim,جِسِم,جسم
2ajsaam,أَجْسَام,أجسام
mjassim,مْجَسِّم,مجسم
jassim,جَسِّم,جسم
yjassim,يجَسِّم,يجسم
jassam,جَسَّم,جسم
jashi3,جَشِع,جشع
jasha3,جَشَع,جشع
tadjsiis,تَجْصِيص,تجصيص
jassis,جَصِّص,جصص
yjassis,يجَصِّص,يجصص
jassas,جَصَّص,جصص
djaadhidh,جَاظِظ,جاظظ
djaadhdh,جَاظّ,جاظ
djudhdh,جُظّ,جظ
ydjudhdh,يجُظّ,يجظ
djadhdh,جَظّ,جظ
ju3be,جُعْبِة,جعبة
ju3ab,جُعَب,جعب
ja3buube,جَعْبُوبِة,جعبوبة
ja3aabiib,جَعَابِيب,جعابيب
2imja3ja3,مْجَعْجَع,مجعجع
ja3ja3a,جَعْجَعَة,جعجعة
ja3ji3,جَعْجِع,جعجع
yja3ji3,يجَعْجِع,يجعجع
ja3ja3,جَعْجَع,جعجع
dju3djukke,جُعْجُكِّة,جعجكة
dja3djuule,جَعْجُولِة,جعجولة
dju3djul,جُعْجُل,جعجل
dja3aadjiil,جَعَاجِيل,جعاجيل
mja33ad,مْجَعَّد,مجعد
ji3de,جِعْدِة,جعدة
taja3iide,تَجْعِيدِة,تجعيدة
dju3eede,جُعَيدِة,جعيدة
djaa3id,جَاعِد,جاعد
djawaa3id,جَوَاعِد,جواعد
2itja33ad,اِتْجَعَّد,اتجعد
yitja33ad,يِتْجَعَّد,يتجعد
tja33ad,تْجَعَّد,تجعد
ja33id,جَعِّد,جعد
yja33id,يجَعِّد,يجعد
ja33ad,جَعَّد,جعد
2ij3aar,جْعَار,جعار
2abu ju3raan,أَبو جُعْرَان,أبو جعران
2ij3ar,اِجْعَر,اجعر
ju3raan,جُعْرَان,جعران
ja33ir,جَعِّر,جعر
yij3ar,يِجْعَر,يجعر
yja33ir,يجَعِّر,يجعر
ja3ar,جَعَر,جعر
ja33ar,جَعَّر,جعر
dja3ruum,جَعْرُوم,جعروم
dja3aariim,جَعَارِيم,جعاريم
dja3rame,جَعْرَمِة,جعرمة
dja3ruum,جَعْرُوم,جعروم
dja3aariim,جَعَارِيم,جعاريم
2itdja3ram,اِتْجَعْرَم,اتجعرم
yitdja3ram,يِتْجَعْرَم,يتجعرم
tdja3ram,تْجَعْرَم,تجعرم
mdja3rin,مْجَعْرِن,مجعرن
dja3rin,جَعْرِن,جعرن
ydja3rin,يجَعْرِن,يجعرن
dja3ran,جَعْرَن,جعرن
jaa3is,جَاعِص,جاعص
ja3sa,جَعْصَة,جعصة
2ij3as,اِجْعَص,اجعص
ja33is,جَعِّص,جعص
yij3as,يِجْعَص,يجعص
yja33is,يجَعِّص,يجعص
ja3as,جَعَص,جعص
ja33as,جَعَّص,جعص
dja33iit,جَعِّيط,جعيط
dja33it,جَعِّط,جعط
2idj3at,اِجْعَط,اجعط
ydja33it,يجَعِّط,يجعط
yidj3at,يِجْعَط,يجعط
dja33at,جَعَّط,جعط
dja3at,جَعَط,جعط
dju3uq,جُعُق,جعق
yij3alak,يِجْعَلك,يجعلك
2ij3aluuha b3oode,إِجعلوهَا بعودة,إجعلوها بعودة
2ij3al,اِجْعَل,اجعل
yij3al,يِجْعَل,يجعل
ja3al,جَعَل,جعل
mja3lis,مْجَعْلِص,مجعلص
ja3lase,جَعْلَصِة,جعلصة
ja3lis,جَعْلِص,جعلص
tja3las,تْجَعْلَص,تجعلص
yja3lis,يجَعْلِص,يجعلص
yitja3las,يِتْجَعْلَص,يتجعلص
ja3las,جَعْلَص,جعلص
tja3las,تْجَعْلَص,تجعلص
mja3lak,مْجَعْلَك,مجعلك
ja3lik,جَعْلِك,جعلك
yja3lik,يجَعْلِك,يجعلك
ja3lak,جَعْلَك,جعلك
dji3im,جِعِم,جعم
dji3im,جِعِم,جعم
madj3uum,مَجْعُوم,مجعوم
dja3am,جَعَم,جعم
dja3am yista7ak,جَعَم يسطحك,جعم يسطحك
2itdja33am,اِتْجَعَّم,اتجعم
yitdja33am,يِتْجَعَّم,يتجعم
tdja33am,تْجَعَّم,تجعم
2inji3im,اِنْجِعِم,انجعم
yinji3im,يِنْجِعِم,ينجعم
2inja3am,اِنْجَعَم,انجعم
mdja3miz,مْجَعْمِز,مجعمز
dja3miz,جَعْمِز,جعمز
ydja3miz,يجَعْمِز,يجعمز
dja3maz,جَعْمَز,جعمز
mja3mas,مْجَعْمَص,مجعمص
dja3masa,جَعْمَصَة,جعمصة
dja3mis,جَعْمِص,جعمص
2itdja3mas,اِتْجَعْمَص,اتجعمص
ydja3mis,يجَعْمِص,يجعمص
yitdja3mas,يِتْجَعْمَص,يتجعمص
tdja3mas,تْجَعْمَص,تجعمص
dja3mas,جَعْمَص,جعمص
minji3i,مِنْجِعِي,منجعي
2ij3i,إِجْعَي,إجعي
yij3i,يِجْعِي,يجعي
ja3a,جَعَى,جعى
jughub,جُغُب,جغب
jaghlafe,جَغْلَفِة,جغلفة
2itjaghlaf,اِتْجَغْلَف,اتجغلف
yitjaghlaf,يِتْجَغْلَف,يتجغلف
tjaghlaf,تْجَغْلَف,تجغلف
jaghlif,جَغْلِف,جغلف
yjaghlif,يجَغْلِف,يجغلف
jaghlaf,جَغْلَف,جغلف
jughme,جُغْمِة,جغمة
jughum,جُغُم,جغم
jughume,جْغُومِة,جغومة
2injighim,اِنْجِغِم,انجغم
yinjighim,يِنْجِغِم,ينجغم
2injagham,اِنْجَغَم,انجغم
2ijgham,اِجْغُم,اجغم
yijgham,يِجْغُم,يجغم
jagham,جَغَم,جغم
jifit,جِفِت,جفت
jifis,جِفِص,جفص
jafaasa,جَفَاصَة,جفاصة
jafaase,جَفَاصِة,جفاصة
tjaafas,تْجَافَص,تجافص
jaffis,جَفِّص,جفص
yitjaafas,يِتْجَافَص,يتجافص
yjaffis,يجَفِّص,يجفص
tjaafas,تْجَافَص,تجافص
jaffas,جَفَّص,جفص
mjaffaf,مْجَفَّف,مجفف
tajfiif,تَجْفِيف,تجفيف
jafaaf,جَفَاف,جفاف
2itjaffaf,اِتْجَفَّف,اتجفف
yitjaffaf,يِتْجَفَّف,يتجفف
tjaffaf,تْجَفَّف,تجفف
jaffif,جَفِّف,جفف
yjaffif,يجَفِّف,يجفف
jaffaf,جَفَّف,جفف
jiff,جِفّ,جف
yjiff,يجِفّ,يجف
jaff,جَفّ,جف
mjaffil,مْجَفِّل,مجفل
jafle,جَفْلِة,جفلة
2ijfil,اِجْفِل,اجفل
jaffil,جَفِّل,جفل
yijfil,يِجْفِل,يجفل
yjaffil,يجَفِّل,يجفل
jafal,جَفَل,جفل
jaffal,جَفَّل,جفل
jifne,جِفْنِة,جفنة
jifin,جِفِن,جفن
2ajfaan,أَجْفَان,أجفان
jfuun,جْفُون,جفون
jaafi,جَافِي,جافي
jafa,جَفَا,جفا
2ijfi,اِجْفِي,اجفي
yijfi,يِجْفِي,يجفي
jafa,جَفَى,جفى
jiqkir,جِقِر,جقر
mjaaqkara,مْجَاقَرَة,مجاقرة
jaqra,جَقْرَة,جقرة
jaqkar,جَقَر,جقر
jaaqkir,جَاقِر,جاقر
2ujqur,اِجْقُر,اجقر
yjaaqkir,يجَاقِر,يجاقر
yujqur,يُجْقُر,يجقر
jaaqkar,جَاقَر,جاقر
jaqar,جَقَر,جقر
mjaqqam,مْجَقِّم,مجقم
2ijqam,إِجْقَم,إجقم
jiqim,جِقِم,جقم
2itjaqqam,إِتْجَقَّم,إتجقم
jaaqim,جَاقِم,جاقم
yitjaqqam,يِتْجَقَّم,يتجقم
yjaaqim,يجَاقِم,يجاقم
tjaqqam,تْجَقَّم,تجقم
jaaqam,جَاقَم,جاقم
mitjakkik,مِتْجَكِّك,متجكك
tjakkak,تْجَكَّك,تجكك
yitjakkak,يِتْجَكَّك,يتجكك
tjakkak,تْجَكَّك,تجكك
jakeet,جَاكَيت,جاكيت
mjalbab,مْجَلْبَب,مجلبب
jallaabiyye,جَلَّابِيِّة,جلابية
jalaaliib,جَلَالِيب,جلاليب
djilbaane,جِلْبَانِة,جلبانة
jilbaab,جِلْبَاب,جلباب
jalaabiib,جَلَابِيب,جلابيب
2ijlib,اِجْلِب,اجلب
tjalbab,تْجَلْبَب,تجلبب
yijlib,يِجْلِب,يجلب
yitjalbab,يِتْجَلْبَب,يتجلبب
jalab,جَلَب,جلب
tjalbab,تْجَلْبَب,تجلبب
mjalbas,مْجَلْبَص,مجلبص
jalbis,جَلْبِص,جلبص
yjalbis,يجَلْبِص,يجلبص
jalbas,جَلْبَص,جلبص
djulbaatuu,جُلْبَاطُو,جلباطو
mjalbit,مْجَلْبِط,مجلبط
jalbit,جَلْبِط,جلبط
yjalbit,يجَلْبِط,يجلبط
jalbat,جَلْبَط,جلبط
mjalba3,مْجَلْبَع,مجلبع
jalbi3,جَلْبِع,جلبع
yjalbi3,يجَلْبِع,يجلبع
jalba3,جَلْبَع,جلبع
mjaltin,مْجَلْتِن,مجلتن
mjaltan,مْجَلْتَن,مجلتن
2itjaltan,اِتْجَلْتَن,اتجلتن
yitjaltan,يِتْجَلْتَن,يتجلتن
tjaltan,تْجَلْتَن,تجلتن
jaltin,جَلْتِن,جلتن
yjaltin,يجَلْتِن,يجلتن
jaltan,جَلْتَن,جلتن
jaljale,جَلْجَلِة,جلجلة
jalaajil,جَلَاجِل,جلاجل
fdii7a bjalaajil,فْضِيحَة بْجَلَاجِل,فضيحة بجلاجل
jaljil,جَلْجِل,جلجل
yjaljil,يجَلْجِل,يجلجل
jaljal,جَلْجَل,جلجل
jallaakh,جَلَّاخ,جلاخ
mjallikh,مْجَلِّخ,مجلخ
jallaakhit 2issakaakiin,جَلَّاخِة السكَاكين,جلاخة السكاكين
mjallikh 2issakaakiin,مجلخ السكَانين,مجلخ السكانين
tajliikh,تَجْلِيخ,تجليخ
2itjallakh,اِتْجَلَّخ,اتجلخ
yitjallakh,يِتْجَلَّخ,يتجلخ
tjallakh,تْجَلَّخ,تجلخ
jallikh,جَلِّخ,جلخ
yjallikh,يجَلِّخ,يجلخ
jallakh,جَلَّخ,جلخ
mjallid,مْجَلِّد,مجلد
jilde,جِلْدِة,جلدة
mjallad,مْجَلَّد,مجلد
tajliid,تَجْلِيد,تجليد
jalad,جَلَد,جلد
jalid,جَلِد,جلد
jalde,جَلْدِة,جلدة
jilde,جِلْدِة,جلدة
jild,جِلْد,جلد
jilde 3ala 3adme,جِلْدِة على عظمِة,جلدة على عظمة
mjalde 2iddinya,مجلدة الدنيَا,مجلدة الدنيا
jildit raaso khmiile,جِلْدِة رَاسه خميلة,جلدة راسه خميلة
min kull jild ruq3a,من كل جلد رقعة,من كل جلد رقعة
2itjallad,اِتْجَلَّد,اتجلد
yitjallad,يِتْجَلَّد,يتجلد
tjallad,تْجَلَّد,تجلد
2injilid,اِنْجِلِد,انجلد
yinjilid,يِنْجِلِد,ينجلد
2injalad,اِنْجَلَد,انجلد
2ijlid,اِجْلِد,اجلد
jallid,جَلِّد,جلد
yijlid,يِجْلِد,يجلد
yjallid,يجَلِّد,يجلد
jalad,جَلَد,جلد
jallad,جَلَّد,جلد
jaalis,جَالِس,جالس
mjallis,مْجَلِّس,مجلس
majlis,مَجْلِس,مجلس
jalse,جَلْسِة,جلسة
majaalis,مَجَالِس,مجالس
2ijlis,اِجْلِس,اجلس
jaalis,جَالِس,جالس
jallis,جَلِّس,جلس
yijlis,يِجْلِس,يجلس
yjaalis,يجَالِس,يجالس
yjallis,يجَلِّس,يجلس
jalas,جَلَس,جلس
jaalas,جَالَس,جالس
jallas,جَلَّس,جلس
mjallis,مْجَلِّص,مجلص
jallis,جَلِّص,جلص
yjallis,يجَلِّص,يجلص
jallas,جَلَّص,جلص
jalta,جَلْطَة,جلطة
2ujlut,اِجْلُط,اجلط
2itjallat,اِتْجَلَّط,اتجلط
yujlut,يُجْلُط,يجلط
yitjallat,يِتْجَلَّط,يتجلط
jalat,جَلَط,جلط
2itjallat,تْجَلَّط,تجلط
djal3asa,جَلْعَصَة,جلعصة
djal3is,جَلْعِص,جلعص
2itdjal3as,اِتْجَلْعَص,اتجلعص
ydjal3is,يجَلْعِص,يجلعص
yitdjal3as,يِتْجَلْعَص,يتجلعص
tdjal3as,تْجَلْعَص,تجلعص
djal3as,جَلْعَص,جلعص
mjal3im,مْجَلْعِم,مجلعم
jal3im,جَلْعِم,جلعم
yjal3im,يجَلْعِم,يجلعم
jal3am,جَلْعَم,جلعم
djalghafe,جَلْغَفِة,جلغفة
djalghif,جَلْغِف,جلغف
ydjalghif,يجَلْغِف,يجلغف
djalghaf,جَلْغَف,جلغف
djulughme,جُلُغْمِة,جلغمة
djalghim,جَلْغِم,جلغم
ydjalghim,يجَلْغِم,يجلغم
djalgham,جَلْغَم,جلغم
jilif,جِلِف,جلف
jalaafe,جَلَافِة,جلافة
2itjaalaf,اِتْجَالَف,اتجالف
yitjaalaf,يِتْجَالَف,يتجالف
tjaalaf,تْجَالَف,تجالف
djaalik,جَالِق,جالق
mdjallik,مْجَلِّق,مجلق
mdjaalaka,مْجَالَقَة,مجالقة
jaaluuqk,جَالُوق,جالوق
jawaaliiqk,جَوَالِيق,جواليق
2injiliqk,اِنْجِلِق,انجلق
yinjiliqk,يِنْجِلِق,ينجلق
2injalaqk,اِنْجَلَق,انجلق
2ujluq,اِجْلُق,اجلق
2ijtiliq,اِجْتِلِق,اجتلق
djallik,جَلِّق,جلق
jaaliqk,جَالِق,جالق
yujluqk,يُجْلُق,يجلق
yjaaliqk,يجَالِق,يجالق
yijtiliq,يِجْتِلِق,يجتلق
yjalliqk,يجَلِّق,يجلق
djaalak,جَالَق,جالق
2ijtalaq,اِجْتَلَق,اجتلق
djallak,جَلَّق,جلق
jalaqk,جَلَق,جلق
majalle,مَجَلِّة,مجلة
jill,جِلّ,جل
djalle,جَلِّة,جلة
jlaale,جْلَالِة,جلالة
jlaal,جْلَال,جلال
jalaayil,جَلَايِل,جلايل
jallil,جَلِّل,جلل
2ajill,أَجِلّ,أجل
yjill,يجِلّ,يجل
yjallil,يجَلِّل,يجلل
2ajall,أَجَلّ,أجل
jallal,جَلَّل,جلل
galan,جَلَن,جلن
glaan,جْلَان,جلان
mitjalli,مِتْجَلِّي,متجلي
jaalye,جَالْيِة,جالية
jalwe,جَلْوِة,جلوة
mjalliyye,مْجَلِّية,مجلية
jali,جَلِي,جلي
2ijlaa2,إِجَلَاء,إجلاء
majla,مَجْلَى,مجلى
majaali,مَجَالِي,مجالي
2ijli,اِجْلِي,اجلي
jalli,جَلِّي,جلي
2injali,اِنْجَلِي,انجلي
2ijli,اِجْلِي,اجلي
2itjalla,اِتْجَلَّى,اتجلى
yijli,يِجْلِي,يجلي
yjalli,يجَلِّي,يجلي
yinjali,يِنْجَلِي,ينجلي
tajalli,تَجَلِّي,تجلي
yijli,يِجْلِي,يجلي
yitjalla,يِتْجَلَّى,يتجلى
jalla,جَلَّى,جلى
2injala,اِنْجَلَى,انجلى
2ajla,أَجْلى,أجلى
tjalla,تْجَلَّى,تجلى
jala,جَلَى,جلى
gaamba,جَامْبَا,جامبا
gambariyyaaye,جَمْبَرِيَّايِة,جمبرياية
jumjume,جُمْجُمِة,جمجمة
jamaajim,جَمَاجِم,جماجم
jaamid,جَامِد,جامد
mjammad,مْجَمَّد,مجمد
djmuude,جْمُودِة,جمودة
jamiid,جَمِيد,جميد
jumuud,جُمُود,جمود
jamadaan,جَمَدَان,جمدان
djammaad,جَمَّاد,جماد
2ijmad,اِجْمَد,اجمد
jammid,جَمِّد,جمد
tjammad,تْجَمَّد,تجمد
yijmid,يِجْمَد,يجمد
yjammid,يجَمِّد,يجمد
yitjammad,يِتْجَمَّد,يتجمد
jimid,جِمِد,جمد
jammad,جَمَّد,جمد
tjammad,تْجَمَّد,تجمد
jamra,جَمْرَة,جمرة
jamir,جَمِر,جمر
2istijmaar,اِسْتِجْمَار,استجمار
3ala 2a7arr min 2iljamir,على أحر من الجَمِر,على أحر من الجمر
mtaffi 2iljamir,مْطَفّي الجَمِر,مطفي الجمر
jamrit 2il2ard,جَمْرِة الأرْض,جمرة الأرض
jamrit 2ilhawa,جَمْرِة الهَوَا,جمرة الهوا
jamrit 2ilmayy,جَمْرِة المَي,جمرة المي
jammir,جَمِّر,جمر
tjammar,تْجَمَّر,تجمر
2istajmir,اِسْتَجْمِر,استجمر
yjammir,يجَمِّر,يجمر
yitjammar,يِتْجَمَّر,يتجمر
yistajmir,يِسْتَجْمِر,يستجمر
jammar,جَمَّر,جمر
tjammar,تْجَمَّر,تجمر
2istajmar,اِسْتَجْمَر,استجمر
jamaa3i,جَمَاعِي,جماعي
2ijtimaa3i,اِجْتِمَاعِي,اجتماعي
jam3a,جَمْعَة,جمعة
jum3a,جُمْعَة,جمعة
majmuu3a,مَجْمُوعَة,مجموعة
jamaa3a,جَمَاعَة,جماعة
jaam3a,جَامْعَة,جامعة
jam3iyye,جَمْعِيِّة,جمعية
jaami3i,جَامِعِي,جامعي
jami3,جَمِع,جمع
tajmii3,تَجْمِيع,تجميع
jimaa3,جِمَاع,جماع
jaami3,جَامِع,جامع
mujamma3,مُجَمَّع,مجمع
2ijtimaa3,اِجْتَمَاع,اجتماع
mujtama3,مُجْتَمَع,مجتمع
majaamii3,مَجَامِيع,مجاميع
majmuu3,مَجْمُوع,مجموع
juma3,جُمَع,جمع
majaamii3,مَجَامِيع,مجاميع
jawaami3,جَوَامِع,جوامع
sooq 2iljum3a,سُوق الجُمْعَة,سوق الجمعة
salaat 2iljum3a,صَلَاة الجُمْعَة,صلاة الجمعة
khutbit 2iljum3a,خُطْبِة الجُمْعَة,خطبة الجمعة
bil2ijmaa3,بَالإِجْمَاع,بالإجماع
jamii3,جَمِيع,جميع
kulliyyit mujtama3,كُلِّيِة مُجْتَمَع,كلية مجتمع
khidmit mujtama3,خِدْمِة مُجْتَمَع,خدمة مجتمع
labanit 2ilmujtama3,لَبَنِة المُجْتَمَع,لبنة المجتمع
min majaamii3o,من مَجَامِيعُه,من مجاميعه
2ijtami3,اِجْتَمِع,اجتمع
2ijma3,اِجْمَع,اجمع
jammi3,جَمِّع,جمع
jaami3,جَامِع,جامع
2istajmi3,اِسْتَجْمِع,استجمع
yijma3,يِجْمَع,يجمع
yjammi3,يجَمِّع,يجمع
yjaami3,يجَامِع,يجامع
yistajmi3,يِسْتَجْمِع,يستجمع
yijtimi3,يِجْتِمِع,يجتمع
jama3,جَمَع,جمع
jamma3,جَمَّع,جمع
jaama3,جَامَع,جامع
2istajma3,اِسْتَجْمَع,استجمع
2ijmaa3,إِجْمَاع,إجماع
2ijtama3,اِجْتَمَع,اجتمع
tajammu3,تَجَمُّع,تجمع
2itjamma3,اِتْجَمَّع,اتجمع
yitjamma3,يِتْجَمَّع,يتجمع
tjamma3,تْجَمَّع,تجمع
mujmal,مُجْمَل,مجمل
jumal,جُمَل,جمل
jumle,جُمْلِة,جملة
2ajmal,أَجْمَل,أجمل
jamiil,جَمِيل,جميل
tajmiili,تَجْمِيلي,تجميلي
jmiile,جْمِيلِة,جميلة
mujaamale,مُجَامَلِة,مجاملة
jamaal,جَمَال,جمال
tajmiil,تَجْمِيل,تجميل
jmiil,جْمِيل,جميل
jamal,جَمَل,جمل
jammaal,جَمَّال,جمال
jamaayil,جَمَايِل,جمايل
jamaayil,جَمَايِل,جمايل
jmaal,جْمَال,جمال
jmiiltak 3a 7aalak,جْمِيلْتَك عَحَالَك,جميلتك عحالك
7ammal diini jmiile,حَمَّل دِينِي جْمِيلِة,حمل ديني جميلة
2akhaff min riishteen 3ala jamal,أَخَفّ مِن رِيشْتَين عَلى جَمَل,أخف من ريشتين على جمل
shughlak mitil 7raat 2iljammaal,شُغْلَك مِثِل حْرَاث الجَمَّال,شغلك مثل حراث الجمال
2itjammal,اِتْجَمَّل,اتجمل
yitjammal,يِتْجَمَّل,يتجمل
tjammal,تْجَمَّل,تجمل
jammil,جَمِّل,جمل
jaamil,جَامِل,جامل
yjammil,يجَمِّل,يجمل
yjaamil,يجَامِل,يجامل
jammal,جَمَّل,جمل
jaamal,جَامَل,جامل
2istijmaam,اِسْتِجْمَام,استجمام
2istajim,اِسْتَجِمّ,استجم
yistajim,يِسْتَجِمّ,يستجم
2istajam,اِسْتَجَمّ,استجم
mitjamhir,مِتْجَمْهِر,متجمهر
jumhuuriyye,جُمْهُورِيِّة,جمهورية
jumhuur,جُمْهُور,جمهور
jamaahiir,جَمَاهِير,جماهير
tjamhar,تْجَمْهَر,تجمهر
yitjamhar,يِتْجَمْهَر,يتجمهر
tjamhar,تْجَمْهَر,تجمهر
janbjamb,جَنْب,جنب
janaabi,جَنَابِي,جنابي
kull waa7ad binaam 3aljamb 2illi biray7o,كُلّ وَاحَد بِينَام عَالجَنْب اللِّي بِيرَيْحُه,كل واحد بينام عالجنب اللي بيريحه
2udrubo 3aljamb 2illi biwaj3o,اِضْرُبُه عَالجَنْب اللِّي بِوَجْعُه,اضربه عالجنب اللي بوجعه
januubi,جَنُوبِي,جنوبي
2ajnabi,أَجْنَبِي,أجنبي
2ajaanib,أَجَانِب,أجانب
janab,جَنَب,جنب
jambiyye,جَنْبِيِّة,جنبية
janaab,جَنَاب,جناب
7adrit janaab,حَضْرِة جَنَاب,حضرة جناب
jaanib,جَانِب,جانب
januub,جَنُوب,جنوب
jawaanib,جَوَانِب,جوانب
janaabi,جَنَابِي,جنابي
ween 2ildjanb 2illi biwadj3ik,وَين الجَنْب اللِّي بِيوَجْعَك,وين الجنب اللي بيوجعك
tajannub,تَجَنُّب,تجنب
2itjannab,اِتْجَنَّب,اتجنب
yitjannab,يِتْجَنَّب,يتجنب
tjannab,تْجَنَّب,تجنب
jannib,جَنِّب,جنب
yjannib,يجَنِّب,يجنب
jannab,جَنَّب,جنب
mjanna7,مْجَنَّح,مجنح
jnaa7,جْنَاح,جناح
janaa7,جَنَاح,جناح
jawaani7,جَوَانِح,جوانح
2ajni7a,أَجْنِحَة,أجنحة
2ajni7a,أَجْنِحَة,أجنحة
ta7t jnaa7,تَحْت جْنَاح,تحت جناح
janaa7 funduqi,جَنَاح فُنْدُقِي,جناح فندقي
janaa7 malaki,جَنَاح مَلَكِي,جناح ملكي
qasqas jnaa7aatha,قَصْقَص جَنَاحَاتْهَا,قصقص جناحاتها
mjannad,مْجَنَّد,مجند
mujannad,مُجَنَّد,مجند
tajniid,تَجْنِيد,تجنيد
jundi,جُنْدِي,جندي
junuud,جُنُود,جنود
2itjannad,اِتْجَنَّد,اتجند
yitjannad,يِتْجَنَّد,يتجند
tjannad,تْجَنَّد,تجند
jannid,جَنِّد,جند
yjannid,يجَنِّد,يجند
jannad,جَنَّد,جند
jnaaze,جْنَازِة,جنازة
jiinz,جِينْز,جينز
janaayiz,جَنَايِز,جنايز
2imshi bijnaaze wutimshiish bijwaaze,اِمْشِي بِجْنَازِة وتِمْشِيش بِجْوَازِة,امشي بجنازة وتمشيش بجوازة
mjanzar,مْجَنْزَر,مجنزر
janziir,جَنْزِير,جنزير
janaaziir,جَنَازِير,جنازير
2itjanzar,اِتْجَنْزَر,اتجنزر
yitjanzar,يِتْجَنْزَر,يتجنزر
tjanzar,تْجَنْزَر,تجنزر
janzir,جَنْزِر,جنزر
yjanzir,يجَنْزِر,يجنزر
janzar,جَنْزَر,جنزر
mutajaanis,مُتَجَانِس,متجانس
jinsiyye,جِنْسِيِّة,جنسية
jins,جِنْس,جنس
jins,جِنْس,جنس
tajaanus,تَجَانُس,تجانس
2ajnaas,أَجْنَاس,أجناس
jannis,جَنِّس,جنس
2itjaanas,اِتْجَانَس,اتجانس
jaanis,جَانِس,جانس
2itjannas,اِتْجَنَّس,اتجنس
yjannis,يجَنِّس,يجنس
yitjannas,يِتْجَنَّس,يتجنس
yjaanis,يجَانِس,يجانس
yitjaanas,يِتْجَانَس,يتجانس
jannas,جَنَّس,جنس
tjannas,تْجَنَّس,تجنس
jaanas,جَانَس,جانس
tjaanas,تْجَانَس,تجانس
mjannit,مْجَنِّط,مجنط
jant,جَنْط,جنط
jnuut,جْنُوط,جنوط
jannit,جَنِّط,جنط
yjannit,يجَنِّط,يجنط
jannat,جَنَّط,جنط
djunfees,جُنْفَيص,جنفيص
jankiyye,جَنْكِيِّة,جنكية
jankaay,جَنْكَاي,جنكاي
jank,جَنْك,جنك
jnuuk,جْنُوك,جنوك
jankali,جَنْكَلِي,جنكلي
jankala,جَنْكَلَا,جنكلا
majnuun,مَجْنُون,مجنون
majaaniin,مَجَانِين,مجانين
jneene,جْنَينِة,جنينة
junuun,جُنُون,جنون
janiin,جَنِين,جنين
jinni,جِنِّي,جني
jinn,جِنّ,جن
janaayni,جَنَايْنِي,جنايني
2ajinna,أَجِنَّة,أجنة
janaayin,جَنَايِن,جناين
janaayniyye,جَنَايْنِيِّة,جناينية
mustashfa 2ilmajaaniin,مُسْتَشْفَى المَجَْانِين,مستشفى المجانين
majnuun yi7ki wu3aaqil yisma3,مَجْنُون يِحْكِي وعَاقِل يِسْمَع,مجنون يحكي وعاقل يسمع
jinni 2illi yirkabak,جِنّ اللي يِرْكَبَك,جن اللي يركبك
2injann win7ann,اِنْجَنّ وَانِْحَنّ,انجن وانحن
talbat ruu7o 2iljanne,طلبت روحه الجَنِّة,طلبت روحه الجنة
3asfuur 2iljanne,عصفور الجَنِّة,عصفور الجنة
majnuun rama 7ajar bilbiir biddo miit 3aaqil ytal3o,مجنون رمى حجر بَالبير بده مية عَاقل يطلعه,مجنون رمى حجر بالبير بده مية عاقل يطلعه
2itjannan,اِتْجَنَّن,اتجنن
yitjannan,يِتْجَنَّن,يتجنن
tjannan,تْجَنَّن,تجنن
jinn,جِنّ,جن
2injann,اِنْجَنّ,انجن
jinaan,جِنَان,جنان
janne,جَنِّة,جنة
jannin,جَنِّن,جنن
yjinn,يجِنّ,يجن
yinjann,يِنْجَنّ,ينجن
yjannin,يجَنِّن,يجنن
jann,جَنّ,جن
2injann,اِنْجَنّ,انجن
jannan,جَنَّن,جنن
jahjahoon,جَهْجَهَون,جهجهون
jahjaha,جَهْجَهَة,جهجهة
jahjahit 2iddaww,جَهْجَهَة اَالضَّوّ,جهجهة االضو
jahjih,جَهْجِه,جهجه
yjahjih,يجَهْجِه,يجهجه
jahjah,جَهْجَه,جهجه
3al jahjahuun,عَالجَهْجَهَون,عالجهجهون
majhuud,مَجْهُود,مجهود
mujaahid,مُجَاهِد,مجاهد
jihaadi,جِهَادِي,جهادي
mujtahid,مُجْتَهِد,مجتهد
juhud,جُهُد,جهد
jihid,جِهِد,جهد
jihaad,جِهَاد,جهاد
2ijtihaad,اِجْتِهَاد,اجتهاد
juhuud,جُهُود,جهود
kabrit jihid,كَبْرِة جِهِد,كبرة جهد
2ijhid,اِجْهِد,اجهد
jaahid,جَاهِد,جاهد
2ijtahid,اِجْتَهِد,اجتهد
yijhid,يِجْهِد,يجهد
yjaahid,يِجَاهِد,يجاهد
yijtahid,يِجْتِهِد,يجتهد
2ajhad,أَجْهَد,أجهد
jaahad,جَاهَد,جاهد
2ijtahad,اِجْتَهَد,اجتهد
jahuuri,جَهُورِي,جهوري
jahir,جَهِر,جهر
jahran,جَهْراً,جهرا
mujaahir,مُجَاهِر,مجاهر
djihir,جِهِر,جهر
djhiir,جْهِير,جهير
djhuura,جْهُورَة,جهورة
2ijhar,اِجْهَر,اجهر
jaahir,جَاهِر,جاهر
yijhar,يِجْهَر,يجهر
yjaahir,يجَاهِر,يجاهر
jahar,جَهَر,جهر
jaahar,جَاهَر,جاهر
jaahiz,جَاهِز,جاهز
tajhiiz,تَجْهِيز,تجهيز
jhaaz,جْهَاز,جهاز
jihaaz,جِهَاز,جهاز
2ajhize,أَجْهِزِة,أجهزة
2akil jaahiz,أَكِل جَاهِز,أكل جاهز
jahhiz,جَهِّز,جهز
2itjahhaz,اِتْجَهَّز,اتجهز
yitjahhaz,يِتْجَهَّز,يتجهز
yjahhiz,يجَهِّز,يجهز
jahhaz,جِهَّز,جهز
tjahhaz,تْجَهَّز,تجهز
mijhid,مِجْهِض,مجهض
2ijhaad,اِجْهَاض,اجهاض
2ijhid,اِجْهِض,اجهض
yijhid,يِجْهِض,يجهض
2ajhad,أَجْهَض,أجهض
jaahil,جَاهِل,جاهل
majhuul,مَجْهُول,مجهول
jahala,جَهَلَة,جهلة
jahil,جَهِل,جهل
2itjahhal,اِتْجَهَّل,اتجهل
yitjahhal,يِتْجَهَّل,يتجهل
tjahhal,تْجَهَّل,تجهل
2itjaahal,اِتْجَاهَل,اتجاهل
tajhiil,تَجْهِيل,تجهيل
yitjaahal,يِتْجَاهَل,يتجاهل
tjaahal,تْجَاهَل,تجاهل
jahhil,جَهِّل,جهل
2ijhal,اِجْهَل,اجهل
yijhal,يِجْهَل,يجهل
yjahhil,يجَهِّل,يجهل
jihil,جِهِل,جهل
jahhal,جَهَّل,جهل
mjahhim,مْجَهِّم,مجهم
jihim,جِهِم,جهم
2ajham,أَجْهَم,أجهم
2ajhamaani,أَجْهَمَانِي,أجهماني
jahhim,جَهِّم,جهم
2itjahham,اِتْجَهَّم,اتجهم
yjahhim,يجَهِّم,يجهم
yitjahham,يِتْجَهَّم,يتجهم
jahham,جَهَّم,جهم
tjahham,تْجَهَّم,تجهم
jhannam,جْهَنَّم,جهنم
jhannam,جْهَنَّم,جهنم
djahnim,جَهْنِم,جهنم
2itdjahnam,اِتْجَهْنَم,اتجهنم
ydjahnim,يجَهْنِم,يجهنم
yitdjahnam,يِتْجَهْنَم,يتجهنم
djahnam,جَهْنَم,جهنم
tdjahnam,تْجَهْنَم,تجهنم
mustajaab,مُسْتَجَاب,مستجاب
jawaab,جَوَاب,جواب
2ijaabe,إِجَابِة,إجابة
2istijwaab,اِسْتِجْوَاب,استجواب
2ajwibe,أَجْوِبِة,أجوبة
jaawib,جَاوِب,جاوب
2itjaawab,تْجَاوَب,تجاوب
2istajwib,اِسْتَجْوِب,استجوب
yjaawib,يجَاوِب,يجاوب
yitjaawab,يِتْجَاوَب,يتجاوب
yistajwib,يِسْتَجْوِب,يستجوب
jaawab,جَاوَب,جاوب
tjaawab,تْجَاوَب,تجاوب
2istajwab,اِسْتَجْوَب,استجوب
2ishtiyaa7,اِجْتِيَاح,اجتياح
bitjuu7 wubitnuu7,بتجوح وبتنوح,بتجوح وبتنوح
juu7,جُوح,جوح
jawwi7,جَوِّح,جوح
2ishtaa7,اِجْتَاح,اجتاح
yishtaa7,يِجْتَاح,يجتاح
yjuu7,يجُوح,يجوح
yjawwi7,يجَوِّح,يجوح
2ishtaa7,اِجْتَاح,اجتاح
jaa7,جَاح,جاح
jawwa7,جَوَّح,جوح
juukh,جُوخ,جوخ
bimassi7 juukh,بمسح جوخ,بمسح جوخ
jawaad,جَوَاد,جواد
2ajaawiid,أَجَاوِيد,أجاويد
2ajaawid,أَجَاوِد,أجاود
2ajwaad,أَجْوَاد,أجواد
2ijaada,إِجَادَة,إجادة
juud,جُوَد,جود
jawaad,جَوَاد,جواد
tajwiid,تَجْوِيد,تجويد
2ajwide,أَجْوِدِة,أجودة
juud,جُود,جود
jawwid,جَوِّد,جود
2ajiid,أَجِيد,أجيد
yjuud,يجُود,يجود
yujiid,يُجِيد,يجيد
yjawwid,يجَوِّد,يجود
jaad,جَاد,جاد
2ajaad,أَجَاد,أجاد
jawwad,جَوَّد,جود
joodal,جَودَل,جودل
djoodal,جَودَل,جودل
jawaadil,جَوَادِل,جوادل
jaa2ir,جَائِر,جائر
mujiir,مُجِير,مجير
mujaawir,مُجَاوِر,مجاور
mjawwar,مْجَوَّر,مجور
mjaawir,مْجَاوِر,مجاور
jiire,جِيرِة,جيرة
joora,جَورَة,جورة
juur,جُور,جور
jaar,جَار,جار
jiiraan,جِيرَان,جيران
juwar,جُوَر,جور
2isseed 2iljaa2ir,الصيد الجَائِر,الصيد الجائر
2ahl 2iljiire,أَهْل الجِيرِة,أهل الجيرة
3alay 2iljiire,علي الجِيرِة,علي الجيرة
min djoorat 2il3asal,مِن جَورَة العَسَل,من جورة العسل
2itjaawar,اِتْجَاوَر,اتجاور
yitjaawar,يِتْجَاوَر,يتجاور
tjaawar,تْجَاوَر,تجاور
juur,جُور,جور
jiir,جِير,جير
jaawir,جَاوِر,جاور
jawwir,جَوِّر,جور
yjuur,يجُور,يجور
yjaawir,يجَاوِر,يجاور
yjawwir,يجَوِّر,يجور
yjiir,يجِير,يجير
jaar,جَار,جار
2ajaar,أَجَار,أجار
jaawar,جَاوَر,جاور
jawwar,جَوَّر,جور
djaaruu3a,جَارُوعَة,جاروعة
djoora3a,جَورَعَة,جورعة
djawaarii3,جَوَارِيع,جواريع
djoori3,جَورِع,جورع
ydjoori3,يجَورِع,يجورع
djoora3,جَورَع,جورع
jaa2iz,جَائِز,جائز
mjawwaz,مْجَوَّز,مجوز
mitjawwiz,مِتْجَوِّز,متجوز
mistajwiz,مِسْتَجْوِز,مستجوز
mijwiz,مِجْوِز,مجوز
mitjaawiz,مِتْجَاوِز,متجاوز
jooze,جَوزِة,جوزة
jiize,جِيزِة,جيزة
jwaaze,جْوَازِة,جوازة
jooze,جَوزِة,جوزة
2ijaaze,إِجَازِة,إجازة
jawaaz,جَوَاز,جواز
tajaawuz,تَجَاوُز,تجاوز
jooz,جَوز,جوز
jooz,جَوز,جوز
mijwiz,مِجْوِز,مجوز
jiizaan,جِيزَان,جيزان
jawaaz safar,جَوَاز سَفَر,جواز سفر
jiizit 2iddahir,جِيزِة الدهِر,جيزة الدهر
jiize tusubghak,جِيزِة تُصْبُغَك,جيزة تصبغك
joozit 2il7aliq,جَوزِة الحَلِق,جوزة الحلق
joozteen bkhuruj,جَوزْتَين بْخُرُج,جوزتين بخرج
2iljooz filbeet ra7me 7atta law kaan fa7me,الجَوز فِي البَيت رَحْمِة حَتَّى لَو كَان فَحْمِة,الجوز في البيت رحمة حتى لو كان فحمة
jiiz,جِيز,جيز
2ajjiz,أَجِّز,أجز
jaawiz,جَاوِز,جاوز
tjaawaz,تْجَاوَز,تجاوز
tjawwaz,تْجَوَّز,تجوز
jawwiz,جَوِّز,جوز
2istajwiz,اِسْتَجْوِز,استجوز
yujiiz,يُجِيز,يجيز
y2ajjiz,يأَجِّز,يأجز
yjaawiz,يجَاوِز,يجاوز
yitjaawaz,يِتْجَاوَز,يتجاوز
yitjawwaz,يِتْجَوَّز,يتجوز
jawaa2iz,جَوَائِز,جوائز
jaa2iza,جَائِزِة,جائزة
yjawwiz,يجَوِّز,يجوز
yistajwiz,يِسْتَجْوِز,يستجوز
2ajaaz,أَجَاز,أجاز
2ajjaz,أَجَّز,أجز
jaawaz,جَاوَز,جاوز
tjaawaz,تْجَاوَز,تجاوز
tjawwaz,تْجَوَّز,تجوز
jawwaz,جَوَّز,جوز
2istajwaz,اِسْتَجْوَز,استجوز
juu3aan,جُوْعَان,جوعان
ja3aan,جَعَان,جعان
majaa3a,مَجَاعَة,مجاعة
juu3,جُوع,جوع
juu3 2ishshuhra,جُوع الشهرة,جوع الشهرة
2iljuu3 kaafir,الجُوع كَافِر,الجوع كافر
juu3,جُوع,جوع
jawwi3,جَوِّع,جوع
yjuu3,يجُوع,يجوع
yjawwi3,يجَوِّع,يجوع
jaa3,جَاع,جاع
jawwa3,جَوَّع,جوع
joof,جَوف,جوف
mjawwaf,مْجَوَّف,مجوف
jawwaafe,جَوَّافِة,جوافة
tajwiif,تَجْوِيف,تجويف
jawwif,جَوِّف,جوف
yjawwif,يجَوِّف,يجوف
jawwaf,جَوَّف,جوف
juuqa,جُوقَة,جوقة
juwaq,جُوَق,جوق
majaal,مَجَال,مجال
jawle,جُولِة,جولة
tajawwul,تَجَوُّل,تجول
jawwaal,جَوَّال,جوال
djool,جَول,جول
mani3 tajawwul,منِع تَجَوُّل,منع تجول
2itjawwal,اِتْجَوَّل,اتجول
jaawil,جَاوِل,جاول
djuul,جُول,جول
yitjawwal,يِتْجَوَّل,يتجول
yjaawil,يجَاوِل,يجاول
ydjuul,يجُول,يجول
tjawwal,تْجَوَّل,تجول
jaawal,جَاوَل,جاول
djaal,جَال,جال
juune,جُونِة,جونة
jaah,جَاه,جاه
bijaah 2innabi,بجَاه النبي,بجاه النبي
jaaha,جَاهَة,جاهة
juwwaani,جُوَّانِي,جواني
juwwa,جُوَّا,جوا
djuwwaat,جُوَّاة,جواة
jaww,جَوّ,جو
jaww,جَوّ,جو
2ajwaa2,أَجْوَاء,أجواء
ghayyar jaww,غَيَّر جَوّ,غير جو
tarra 2iljaww,طَرَّى الجَوّ,طرى الجو
jaay,جَاي,جاي
jayye,جَيِّة,جية
tijiik mooje,تِيجِيك مُوجِة,تيجيك موجة
2iljaayyaat 2aktar min 2irraay7aat,الجَايَّات أَكْثَر مِن الرَّايْحَات,الجايات أكثر من الرايحات
2idjaak 2alla,إِجَاك الله,إجاك الله
2idjaak 2ilmoot yaa taarik 2issalaa,إِجَاك المَوت يَا تَارِك الصَّلَاة,إجاك الموت يا تارك الصلاة
2ijaahum khabaro,إِجَاهُم خَبَرُه,إجاهم خبره
2ijat saa3to,إِجَت سَاعْتُه,إجت ساعته
2iji,إِيجِي,إيجي
yiji,يِجِي,يجي
2ija,إِجَى,إجى
jaayib,جَايِب,جايب
jyuub,جْيُوب,جيوب
jyaab,جْيَاب,جياب
jeebe,جَيبِة,جيبة
jeeb,جَيب,جيب
jeeb,جَيب,جيب
jyuub,جْيُوب,جيوب
jyaab,جْيَاب,جياب
jaab wu7att,جَاب وحَط,جاب وحط
jaabna ktaaf,جَابنَا كتَاف,جابنا كتاف
jaabni 3amala wijhi,جَابْنِي عَمَلا وِجْهِي,جابني عملا وجهي
taraf 2iljeebe,طَرْف الجَيبِة,طرف الجيبة
min 2il3ibb laljeebe,مِن العِبّ للجَيبِة,من العب للجيبة
2injaab,اِنْجَاب,انجاب
yinjaab,يِنْجَاب,ينجاب
2injaab,اِنْجَاب,انجاب
jayyib,جَيِّب,جيب
yjayyib,يجَيِّب,يجيب
jayyab,جَيَّب,جيب
jiib,جِيب,جيب
yjiib,يجِيب,يجيب
jaab,جَاب,جاب
2ajwad,أَجْوَد,أجود
mitjayyid,مِتْجَيَّد,متجيد
jayyid,جَيِّد,جيد
tjayyad,تْجَيَّد,تجيد
djiid,جِيد,جيد
2ajiid,أَجِيد,أجيد
yitjayyad,يِتْجَيَّد,يتجيد
yjiid,يجِيد,يجيد
ydjiid,يجِيد,يجيد
tjayyad,تْجَيَّد,تجيد
2ajaad,أَجَاد,أجاد
djaad,جَاد,جاد
jiiri,جِيرِي,جيري
2istijaara,اِسْتِجَارَة,استجارة
tajyiir,تَجْيِير,تجيير
jiir,جِير,جير
2istajiir,اِسْتَجِير,استجير
jayyir,جَيِّر,جير
yistajiir,يِسْتَجِير,يستجير
yjayyir,يجَيِّر,يجير
2istajaar,اِسْتَجَار,استجار
jayyar,جَيَّر,جير
jeeshi,جَيشِي,جيشي
tajyiish,تَجْيِيش,تجييش
jeesh,جَيش,جيش
jeesh,جَيش,جيش
jyuush,جْيُوش,جيوش
jayyish,جَيِّش,جيش
yjayyish,يجَيِّش,يجيش
jayyash,جَيَّش,جيش
mjayyif,مْجَيِّف,مجيف
jiife,جِيفِة,جيفة
jiyaf,جِيَف,جيف
jayyif,جَيِّف,جيف
yjayyif,يجَيِّف,يجيف
jayyaf,جَيَّف,جيف
mjaayale,مْجَايَلِة,مجايلة
jiil,جِيل,جيل
2ajyaal,أَجْيَال,أجيال
mini jyaal,مِن جْيَال,من جيال
7aaf,حَاف,حاف
7aaf,حَاف,حاف
ma7buub,مَحْبُوب,محبوب
7abiib,حَبِيب,حبيب
7abbaab,حَبَّاب,حباب
7abbuub,حَبُّوب,حبوب
7abbiib,حَبِّيب,حبيب
7abaayib,حَبَايِب,حبايب
2a7ibba,أَحِبَّة,أحبة
7aab,حَاب,حاب
7aabib,حَابِب,حابب
7abbaat,حَبَّات,حبات
ma7abba,مَحَبِّة,محبة
7abbe,حَبِّة,حبة
7abbe,حَبِّة,حبة
7ubb,حُبّ,حب
7abb,حَبّ,حب
7buub,حْبُوب,حبوب
7ubuub,حُبُوب,حبوب
7abbak burs,حَبّك برص,حبك برص
7abbatak 7ayye,حَبَّتَك حيِّة,حبتك حية
7abbak barmiil,حَبَّك برميل,حبك برميل
7abbak 7ubb wughadab 2irrab,حَبَّك حُب وغَضَب الرَّب,حبك حب وغضب الرب
7abbit 3een,حَبِّة عين,حبة عين
7abb 2irrashaad,حَبّ الرَّشَاد,حب الرشاد
7abb 2ishshabaab,حَبّ الشَّبَاب,حب الشباب
7abbit 2ilbarake,حَبِّة البَرَكِة,حبة البركة
7abbit dawa,حَبِّة دَوَا,حبة دوا
7buub 2illuqaa7,حْبُوب اللُّقَاح,حبوب اللقاح
7buub mani3 7amil,حْبوب مَنِع الحَمِل,حبوب منع الحمل
7abbit khaal,حَبِّة خَال,حبة خال
7abbit shaame,حَبِّة شَامِة,حبة شامة
7abbit dummal,حَبِّة دُمَّل,حبة دمل
2il7abbe 2izzarqa,الحَبِّة الزَّرْقَا,الحبة الزرقا
7abb 3aziiz,حَبّ عَزِيز,حب عزيز
2il3adu maa bisiir 7abiib wili7maar maa bisiir tabiib,العَدُو مَابِصِير حَبِيب وَالحْمَار مَابِصِير طَبِيب,العدو مابصير حبيب والحمار مابصير طبيب
7amaatak bit7ibbak,حَمَاتِك بِتْحِبَّك,حماتك بتحبك
walaa 7abbe,ولَا حبة,ولا حبة
ba7ubb,بَحُبّ,بحب
2iza 7abiibak 3asal til7asuush kullo,إِذَا حَبِيبَك عَسَل تِلْحَسُوش كُلُّه,إذا حبيبك عسل تلحسوش كله
2in7abb,اِنْحَبّ,انحب
yin7abb,يِنْحَبّ,ينحب
2in7abb,اِنْحَبّ,انحب
7ibb,حِبّ,حب
7abbib,حَبِّب,حبب
y7abbib,يحَبِّب,يحبب
y7ibb,يحِبّ,يحب
7abb,حَبّ,حب
7abbab,حَبَّب,حبب
m7ab7ib,مْحَبْحِب,محبحب
7ab7abe,حَبْحَبِة,حبحبة
7ab7ib,حَبْحِب,حبحب
y7ab7ib,يَحَبْحِب,يحبحب
7ab7ab,حَبْحَب,حبحب
7abbaza,حَبَّذَا,حبذا
7abbiz,حَبِّذ,حبذ
y7abbiz,يحَبِّذ,يحبذ
7abbaz,حَبَّذ,حبذ
7ibara,حِبَرَة,حبرة
7ibir,حِبِر,حبر
7ibir 3awaraq,حِبِر عورَق,حبر عورق
7ibir 2il2umme,حِبِر الأُمِّة,حبر الأمة
2it7abbar,اِتْحَبَّر,اتحبر
yit7abbar,يِتْحَبَّر,يتحبر
t7abbar,تْحَبَّر,تحبر
7abbir,حَبِّر,حبر
y7abbir,يحَبِّر,يحبر
7abbar,حَبَّر,حبر
7abarbash,حَبَرْبَش,حبربش
7abarradj,حَبَرَّج,حبرج
7abruuq,حَبْرُوق,حبروق
7abaariiq,حَبَارِيق,حباريق
7abraqa,حَبْرَقَة,حبرقة
2it7abraq,اِتْحَبْرَق,اتحبرق
yit7abraq,يِتْحَبْرَق,يتحبرق
t7abraq,تْحَبْرَق,تحبرق
7abrame,حَبْرَمِة,حبرمة
2it7abram,اِتْحَبْرَم,اتحبرم
yit7abram,يِتْحَبْرَم,يتحبرم
t7abram,تْحَبْرَم,تحبرم
ma7buus,مَحْبُوس,محبوس
ma7aabiis,مَحَابِيس,محابيس
m7oobis,مْحَوبِس,محوبس
7abse,حَبْسِة,حبسة
7abis,حَبِس,حبس
7abbaas,حَبَّاس,حباس
ma7bas,مَحْبَس,محبس
7buus,حْبُوس,حبوس
7abaabiis,حَبَابِيس,حبابيس
ma7aabis,مَحَابِس,محابس
m7aabis,مْحَابِس,محابس
khirriij 7buus,خِرِّيج حْبوس,خريج حبوس
2i7bis,اِحْبِس,احبس
2in7abis,اِنْحَبِس,انحبس
7oobis,حَوبِس,حوبس
yi7bis,يِحْبِس,يحبس
yin7abis,يِنْحِبِس,ينحبس
y7oobis,يحَوبِس,يحوبس
7abas,حَبَس,حبس
2in7abas,اِنْحَبَس,انحبس
7oobas,حَوبَس,حوبس
mit7oobish,مِتْحَوبِش,متحوبش
7oobashe,حَوبَشِة,حوبشة
2it7oobash,اِتْحَوبَش,اتحوبش
yit7oobash,يِتْحَوبَش,يتحوبش
t7oobash,تْحَوبَش,تحوبش
2i7baat,إِحْبَاط,إحباط
mu7bat,مُحْبَط,محبط
7abbit,حَبِّط,حبط
y7abbit,يحَبِّط,يحبط
7abbat,حَبَّط,حبط
2i7bit,اِحْبِط,احبط
yi7bit,يِحْبِط,يحبط
2a7bat,أَحْبَط,أحبط
habatrash,حَبَطْرَش,حبطرش
7abaq,حَبَق,حبق
2illi sabaq shamm 2il7abaq,اللي سبق شم الحَبَق,اللي سبق شم الحبق
m7oobik,مْحَوبِك,محوبك
7abke,حَبْكِة,حبكة
7abkit 2ilqissa,حَبْكِة القِصَّة,حبكة القصة
2it7abbak,اِتْحَبَّك,اتحبك
yit7abbak,يِتْحَبَّك,يتحبك
t7abbak,تْحَبَّك,تحبك
2in7ibik,اِنْحِبِك,انحبك
yin7ibik,يِنْحِبِك,ينحبك
2in7abak,اِنْحَبَك,انحبك
2i7bik,اِحْبِك,احبك
7abbik,حَبِّك,حبك
7oobik,حَوبِك,حوبك
yi7bik,يِحْبِك,يحبك
y7abbik,يْحَبِّك,يحبك
y7oobik,يحَوبِك,يحوبك
7abak,حَبَك,حبك
7abbak,حَبَّك,حبك
7oobak,حَوبَك,حوبك
7ible,حِبْلِة,حبلة
7abale,حَبَلِة,حبلة
7abale,حَبَلِة,حبلة
7abale,حَبَلِة,حبلة
7abil,حَبِل,حبل
7abal,حَبَل,حبل
7baal,حْبَال,حبال
2il7abil 2issurri,الحَبْل السُّرِّي,الحبل السري
7abil 2ilwariid,حَبْل الوَرِيد,حبل الوريد
2il7abl 2ishshooki,الحَبْل الشُّوكي,الحبل الشوكي
7abbaale wallaade,حَبَّالِة ولَّادِة,حبالة ولادة
7abil 2il2afkaar,حَبْل الأفكَار,حبل الأفكار
7abil 2ilghasiil,حَبْل الغَسِيل,حبل الغسيل
7abil 2ilmashnaqa,حَبْل المَشنْنَقة,حبل المشننقة
wil7abil jarraar,وَالحَبِل جَرَّار,والحبل جرار
7abil 2ilkizib qasiir,حَبِل الكِذِب قَصِير,حبل الكذب قصير
yukhlut 2il7aabil binnaabil,يُخلط الحَابِل بَالنَّابِل,يخلط الحابل بالنابل
mqat3a 7baalha,مْقَطْعَة حْبَالْهَا,مقطعة حبالها
7abil 2ilghawa,حَبِل الغَوَى,حبل الغوى
7abil mwadda3,حَبِل مودِّع,حبل مودع
7baalo qasiire,حْبَالُه قَصِيرِة,حباله قصيرة
7baalo twiile,حْبَالُه طَوِيلِة,حباله طويلة
btil3ab 3al7ableen,بْتِلْعَب عَالْحَبْلَين,بتلعب عالحبلين
bil7abale tahhar mqeelit,بَاِلْحَبَلِة طَهَّر مْقَيلِط,بالحبلة طهر مقيلط
7abbaal,حَبَّال,حبال
7aabil,حَابِل,حابل
7abbil,حَبِّل,حبل
y7abbil,يحَبِّل,يحبل
7abbal,حَبَّل,حبل
7ablaq,حَبْلَق,حبلق
7abambam,حَبَمْبَم,حبمبم
yaa 7abambam,يَا حَبَمْبَم,يا حبمبم
7aabuun,حَابُون,حابون
7awaabiin,حَوَابِين,حوابين
mu7aabaa,مُحَابَاة,محاباة
7abi,حَبِي,حبي
2i7bi,اِحْبِي,احبي
7aabi,حَابِي,حابي
yi7bi,يِحْبِي,يحبي
y7aabi,يْحَابِي,يحابي
7aba,حَبَى,حبى
7aaba,حَابَى,حابى
7itt,حِتّ,حت
y7itt,يحِتّ,يحت
7att,حَتّ,حت
7ittaan,حِتَّان,حتان
7at7it,حَتْحِت,حتحت
y7at7it,يْحَتْحِت,يحتحت
7at7at,حَتْحَت,حتحت
mit7atrif,مِتْحَتْرِف,متحترف
7atrafe,حَتْرَفِة,حترفة
7atrif,حَتْرِف,حترف
2it7atraf,اِتْحَتْرَف,اتحترف
y7atrif,يْحَتْرِف,يحترف
yit7atraf,يِتْحَتْرَف,يتحترف
7atraf,حَتْرَف,حترف
t7atraf,تْحَتْرَف,تحترف
7atiif,حَتِيف,حتيف
m7aatafe,مْحَاتَفِة,محاتفة
7aatif,حَاتِف,حاتف
y7aatif,يحَاتِف,يحاتف
7aataf,حَاتَف,حاتف
7atfale,حَتْفَلِة,حتفلة
7atfil,حَتْفِل,حتفل
yit7atfil,يِحَتْفِل,يحتفل
t7atfal,حَتْفَل,حتفل
m7oottik,مْحَوتِك,محوتك
7oottik,حَوتِك,حوتك
y7oottik,يحَوتِك,يحوتك
7oottak,حَوتَك,حوتك
7atmi,حَتْمِي,حتمي
ma7tuum,مَحْتُوم,محتوم
7atman,حَتْماً,حتما
2it7attam,اِتْحَتَّم,اتحتم
yit7attam,يِتْحَتَّم,يتحتم
t7attam,تْحَتَّم,تحتم
7attim,حَتِّم,حتم
y7attim,يحَتِّم,يحتم
7attam,حَتَّم,حتم
7atta,حَتَّى,حتى
7atta,حَتَّى,حتى
la7atta,لَحَتَّى,لحتى
7usaale,حُثَالِة,حثالة
7ithil,حِثِل,حثل
7ithl,حِثْل,حثل
7usaalit 2ilmujtama3,حُثَالِة المُجْتَمَع,حثالة المجتمع
7uthaalit 2ilqahwe,حُثَالِة القَهْوِة,حثالة القهوة
7athiime,حَثِيمِة,حثيمة
7athmale,حَثْمَلِة,حثملة
7athmil,حَثْمِل,حثمل
y7athmil,يحَثْمِل,يحثمل
7athmal,حَثْمَل,حثمل
2i7thi,اِحْثِي,احثي
yi7thi,يِحْثِي,يحثي
7atha,حَثَى,حثى
m7ajjab,مْحَجَّب,محجب
7aajib,حَاجِب,حاجب
ma7juub,مَحْجُوب,محجوب
7aajib,حَاجِب,حاجب
7jaab,حْجَاب,حجاب
7ijaab,حِجَاب,حجاب
7awaajib,حَوَاجِب,حواجب
mish 3aadjbak 2i7liq 7awaadjbak,مش عَاجْبَك اِحْلِق حَوَاجْبَك,مش عاجبك احلق حواجبك
2in7ijib,اِنْحِجِب,انحجب
yin7ijib,يِنْحِجِب,ينحجب
2in7ajab,اِنْحَجَب,انحجب
2i7jib,اِحْجِب,احجب
2it7ajjab,اِتْحَجَّب,اتحجب
7ajjib,حَجِّب,حجب
yi7jib,يِحْجِب,يحجب
yit7ajjab,يِتْحَجَّب,يتحجب
y7ajjib,يحَجِّب,يحجب
7ajab,حَجَب,حجب
t7ajjab,تْحَجَّب,تحجب
7ajjab,حَجَّب,حجب
7jaab,حْجَاب,حجاب
2a7jibe,أَحْجِبِة,أحجبة
mi7tajj,مِحْتَجّ,محتج
7ujje,حُجَج,حجج
7ijje,حِجِّة,حجة
7ujje,حُجِّة,حجة
7ajj,حَجّ,حج
7aaj,حَاج,حاج
2i7tijaaj,اِحْتِجَاج,احتجاج
7ajj,حَجّ,حج
7ujjaaj,حُجَّاج,حجاج
7ujje b7aaje,حُجِّة بحَاجِة,حجة بحاجة
7ijj,حِجّ,حج
7ajjij,حَجِّج,حجج
t7ajjaj,تْحَجَّج,تحجج
7aajij,حَاجِج,حاجج
2i7tajj,اِحْتَجّ,احتج
y7ijj,يحِجّ,يحج
yit7ajjaj,يِتْحَجَّج,يتحجج
y7ajjij,يحَجِّج,يحجج
y7aajij,يحَاجِج,يحاجج
yi7tajj,يِحْتَجّ,يحتج
7ajj,حَجّ,حج
7ajjaj,حَجَّج,حجج
7aajaj,حَاجَج,حاجج
2i7tajj,اِحْتَجّ,احتج
t7ajjaj,تْحَجَّج,تحجج
mit7ajjir,مِتْحَجِّر,متحجر
mit7ajjir,مِتْحَجِّر,متحجر
ma7juur,مَحْجُور,محجور
7ajar,حَجَر,حجر
ma7jar,مَحْجَر,محجر
7ajir,حَجِر,حجر
7idjir,حِجِر,حجر
7ajjaar,حَجَّار,حجار
7jaara,حْجَارَة,حجارة
ma7aajir,مَحَاجِر,محاجر
7djuura,حْجُورَة,حجورة
7jaar,حْجَار,حجار
7ajar 2il2asaas,حَجَر الأَسَاس,حجر الأساس
7ajar 2il3een,حَجَر العَين,حجر العين
madruub b7ajar faadi,مَضْرُوب بْحَجَركْبِير,مضروب بحجركبير
min 2ishshajar lil 7ajar,مِن الشَّجَر للحَجَر,من الشجر للحجر
2u7jur,اِحْجُر,احجر
7ajjir,حَجِّر,حجر
2it7ajjar,اِتْحَجَّر,اتحجر
y7ajjir,يحَجِّر,يحجر
yit7ajjar,يِتْحَجَّر,يتحجر
yi7jur,يِحْجُر,يحجر
yu7jur,يُحْجُر,يحجر
7ajjar,حَجَّر,حجر
t7ajjar,تْحَجَّر,تحجر
7ajar,حَجَر,حجر
7aajiz,حَاجِز,حاجز
ma7juuz,مَحْجُوز,محجوز
7aajiz,حَاجِز,حاجز
7awaajiz,حَوَاجِز,حواجز
2i7jiz,اِحْجِز,احجز
2u7juz,اُحْجُز,احجز
yi7jiz,يِحْجِز,يحجز
yu7juz,يُحْجُز,يحجز
7ajaz,حَجَز,حجز
7ajale,حَجَلِة,حجلة
7ajalaan,حَجَلَان,حجلان
2awwal 2irruqees 7adjalaan,أَول الرُّقيص حَجَلَان,أول الرقيص حجلان
2i7jil,اِحْجِل,احجل
yi7jil,يِحْجِل,يحجل
7ajal,حَجَل,حجل
2a7jaam,أَحْجَام,أحجام
7ajim,حَجِم,حجم
ta7jiim,تَحْجِيم,تحجيم
2i7jim,اِحْجِم,احجم
yi7jim,يِحْجِم,يحجم
2a7jam,أَحْجَم,أحجم
2it7ajjam,اِتْحَجَّم,اتحجم
yit7ajjam,يِتْحَجَّم,يتحجم
t7ajjam,تْحَجَّم,تحجم
7ajjim,حَجِّم,حجم
y7ajjim,يحَجِّم,يحجم
7ajjam,حَجَّم,حجم
mi7djaane,مِحْجَانِة,محجانة
mi7djane,مِحْجَنِة,محجنة
ma7aadjin,مَحَاجِن,محاجن
7adba,حَدْبَا,حدبا
2a7dab,أَحْدَب,أحدب
m7addib,مْحَدِّب,محدب
7udub,حُدُب,حدب
m7addib,مْحَدِّب,محدب
7adabe,حَدَبِة,حدبة
2it7addab,اِتْحَدَّب,اتحدب
yit7addab,يِتْحَدَّب,يتحدب
t7addab,تْحَدَّب,تحدب
2i7dib,اِحْدِب,احدب
7addib,حَدِّب,حدب
yi7dib,يِحْدِب,يحدب
y7addib,يحَدِّب,يحدب
7idib,حِدِب,حدب
7addab,حَدَّب,حدب
7adiis,حَدِيث,حديث
7adaase,حَدَاثِة,حداثة
mu7aadase,مُحَادَثِة,محادثة
7adas,حَدَث,حدث
7aadis,حَادِث,حادث
ta7diis,تَحْدِيث,تحديث
7adiis,حَدِيث,حديث
2a7daas,أَحْدَاث,أحداث
7awaadis,حَوَادِث,حوادث
2a7aadiis,أَحَادِيث,أحاديث
2a7aadiis jaanibiyye,أَحَادِيث جَانِبِيِّة,أحاديث جانبية
2it7addas,اِتْحَدَّث,اتحدث
yit7addas,يِتْحَدَّث,يتحدث
t7addas,تْحَدَّث,تحدث
7addis,حَدِّث,حدث
7aadith,حَادِث,حادث
2i7dus,اِحْدُث,احدث
yi7dus,يِحْدُث,يحدث
y7addis,يحَدِّث,يحدث
y7aadith,يحَادِث,يحادث
7adas,حَدَث,حدث
7addas,حَدَّث,حدث
7aadath,حَادَث,حادث
mu7addad,مُحَدَّد,محدد
7aadd,حَادّ,حاد
m7addid,مْحَدِّد,محدد
7aadid,حَادِد,حادد
7adiide,حَدِيدِة,حديدة
7daade,حْدَادِة,حدادة
mi7dade,مِحْدَدِة,محددة
7add,حَدّ,حد
7idaad,حِدَاد,حداد
7adiid,حَدِيد,حديد
7addaad,حَدَّاد,حداد
7ada,حَدَا,حدا
7adaa2,حَدَاء,حداء
7adaadi,حَدَادِي,حدادي
7uduud,حُدُود,حدود
7duud,حْدُود,حدود
7adaayid,حَدَايِد,حدايد
7adaaya,حَدَايَا,حدايا
7aadde wuqaadde,حَادِّة وقَادِّة,حادة وقادة
7addu 2ilfeed,حَدُّوَا الفَيد,حدوا الفيد
la7addiit,لَحَدِّيت,لحديت
khalla 2il7adiid qadiid,خَلَّى الحَدِيد قَدِيد,خلى الحديد قديد
duqq 2il7adiid wuhuu 7aami,دُقّ الحَدِيد وهُو حَامِي,دق الحديد وهو حامي
3al7adiide,عَالحَدِيدِة,عالحديدة
la7add,لَحَدّ,لحد
min 7adha laradha,من حَدْهَا لرَدْهَا,من حدها لردها
2it7addad,اِتْحَدَّد,اتحدد
yit7addad,يِتْحَدَّد,يتحدد
t7addad,تْحَدَّد,تحدد
2in7add,اِنْحَدّ,انحد
yin7add,يِنْحَدّ,ينحد
2in7add,اِنْحَدّ,انحد
7idd,حِدّ,حد
7addid,حَدِّد,حدد
y7idd,يحِدّ,يحد
y7addid,يحَدِّد,يحدد
7add,حَدّ,حد
7addad,حَدَّد,حدد
mun7adir,مُنْحَدِر,منحدر
7aadir,حَادِر,حادر
min7adir,مِنْحَدِر,منحدر
mun7adar,مُنْحَدَر,منحدر
2in7adir,اِنْحَدِر,انحدر
yin7adir,يِنْحَدِر,ينحدر
2in7adar,اِنْحَدَر,انحدر
2i7dif,اِحْدِف,احدف
yi7dif,يِحْدِف,يحدف
7adaf,حَدَف,حدف
7idiq,حِدِق,حدق
7idiqg,حِدِق,حدق
7adiiqa,حَدِيقَة,حديقة
7adaayiq,حَدَايِق,حدايق
2it7aadaqg,اِتْحَادَق,اتحادق
yit7aadaqg,يِتْحَادَق,يتحادق
t7aadaqg,تْحَادَق,تحادق
mit7addi,مِتْحَدِّي,متحدي
ta7addi,تَحَدِّي,تحدي
2it7adda,اِتْحَدَّى,اتحدى
yit7adda,يِتْحَدَّى,يتحدى
t7adda,تْحَدَّى,تحدى
7azar,حَذَر,حذر
bi7azar,بِحَذَر,بحذر
ta7ziir,تَحْذِير,تحذير
7azir,حَذِر,حذر
m7azzir,مْحَذِّر,محذر
7azzir,حَذِّر,حذر
y7azzir,يحَذِّر,يحذر
7azzar,حَذَّر,حذر
2i7zar,اِحْذَر,احذر
yi7zar,يِحْذَر,يحذر
7izir,حِذِر,حذر
ma7zuuf,مَحْذُوف,محذوف
7azzif,حَذِّف,حذف
y7azzif,يحَذِّف,يحذف
7azzaf,حَذَّف,حذف
2in7izif,اِنْحِذِف,انحذف
yin7izif,يِنْحِذِف,ينحذف
2in7azaf,اِنْحَذَف,انحذف
2i7zif,اِحْذِف,احذف
yi7zif,يِحْذِف,يحذف
7azaf,حَذَف,حذف
7azif,حَذِف,حذف
m7aarib,مْحَارِب,محارب
m7oorib,مْحَورِب,محورب
7arib,حَرِب,حرب
7irbaaye,حِرْبَايِة,حرباية
mu7aarib,مُحَارِب,محارب
mu7aarabe,مُحَارَبِة,محاربة
7arbi,حَرْبِي,حربي
7urub,حُرُب,حرب
7ruub,حْرُوب,حروب
7uruub,حُرُوب,حروب
2it7aarab,اِتْحَارَب,اتحارب
yit7aarab,يِتْحَارَب,يتحارب
t7aarab,تْحَارَب,تحارب
7aarib,حَارِب,حارب
7oorib,حَورِب,حورب
y7aarib,يحَارِب,يحارب
y7oorib,يحَورِب,يحورب
7aarab,حَارَب,حارب
7oorab,حَورَب,حورب
m7arbish,مْحَرْبِش,محربش
7arbish,حَرْبِش,حربش
y7arbish,يحَرْبِش,يحربش
7arbash,حَرْبَش,حربش
mi7raath,مِحْرَاث,محراث
7raathe,حْرَاثِة,حراثة
7arath 3alay,حَرَث علي,حرث علي
3uud 2ili7raath,عُود الحْرَاث,عود الحراث
7raath,حْرَاث,حراث
maa bu7ruth 2il2ard 2illa 3djuulha,مَا بحرث الأرض إِلَا عجولهَا,ما بحرث الأرض إلا عجولها
shughlak mithil 7raath 2ildjammaal,شغلك مثل حْرَاث الجمَّال,شغلك مثل حراث الجمال
2in7arath 3aleeha,اِنْحَرَث عَلَيها,انحرث عليها
2in7irith,اِنْحِرِث,انحرث
yin7irith,يِنْحِرِث,ينحرث
2in7arath,اِنْحَرَث,انحرث
2u7ruth,اِحْرُث,احرث
yu7ruth,يُحْرُث,يحرث
7arath,حَرَث,حرث
mu7rij,مُحْرِج,محرج
mu7raj,مُحْرَج,محرج
7urdjaaye,حُرْجَايِة,حرجاية
2i7raaj,إِحْرَاج,إحراج
7urudj,حُرْج,حرج
7ruudje,حْرُوجِة,حروجة
2i7rij,اِحْرِج,احرج
7arrij,حَرِّج,حرج
2in7irij,اِنْحِرِج,انحرج
yi7rij,يِحْرِج,يحرج
yin7irij,يِنْحِرِج,ينحرج
y7arrij,يْحَرِّج,يحرج
2a7raj,أَحْرَج,أحرج
2in7araj,اِنْحَرَج,انحرج
harradj,حَرَّج,حرج
7ar7ashe,حَرْحَشِة,حرحشة
2it7ar7ash,اِتْحَرْحَش,اتحرحش
yit7ar7ash,يِتْحَرْحَش,يتحرحش
t7ar7ash,تْحَرْحَش,تحرحش
7ardaan,حَرْدَان,حردان
7arad,حَرَد,حرد
7aradaan,حَرَدَان,حردان
2abu 7arad,أَبُو حَرَد,أبو حرد
2i7rad,اِحْرَد,احرد
7arrid,حَرِّد,حرد
t7ardan,تْحَرْدَن,تحردن
yi7rad,يِحْرَد,يحرد
y7arrid,يحَرِّد,يحرد
yit7ardan,يِتْحَرْدَن,يتحردن
7arrad,حَرَّد,حرد
t7ardan,تْحَرْدَن,تحردن
7irid,حِرِد,حرد
7ardane,حَرْدَنِة,حردنة
7arwade,حَرْوَدِة,حرودة
2it7arwad,اِتْحَرْوَد,اتحرود
yit7arwad,يِتْحَرْوَد,يتحرود
t7arwad,تْحَرْوَد,تحرود
7urdube,حُرْدُبِة,حردبة
7araadib,حَرَادِب,حرادب
7aardoon,حَرْدَون,حردون
maadid raaso mitil 2il7aardoon,مَادِد رَاسُه مِثِل الحَرْدَون,مادد راسه مثل الحردون
biyhizz raaso mitil 2il7aardoon,بِيهِزّ رَاسُه مِثِل الحَرْدَون,بيهز راسه مثل الحردون
mu7arrar,مُحَرَّر,محرر
muta7arrir,مُتَحَرِّر,متحرر
7arraan,حَرَّان,حران
7aar,حَار,حار
7urr,حُرّ,حر
7ruuri,حْرُورِي,حروري
7arr,حَرّ,حر
7urriyye,حُرِّيِّة,حرية
7araara,حَرَارَة,حرارة
ta7riir,تَحْرِير,تحرير
7ariir,حَرِير,حرير
7arrir,حَرِّر,حرر
2it7arrar,اِتْحَرَّر,اتحرر
2i7tarr,اِحْتَرّ,احتر
y7arrir,يحَرِّر,يحرر
yit7arrar,يِتْحَرَّر,يتحرر
yi7tarr,يِحْتَرّ,يحتر
t7arrar,تْحَرَّر,تحرر
2i7tarr,اِحْتَرّ,احتر
7arrar,حَرَّر,حرر
mi7riz,مِحْرِز,محرز
7iriz,حِرِز,حرز
mish mi7irze,مش مِحِرْزِة,مش محرزة
2abu mi7riz 2il2a7mar,أَبو مِحْرِز الأَحْمَر,أبو محرز الأحمر
ma7ruus,مَحْرُوس,محروس
ma7aariis,مَحَارِيس,محاريس
7aaris,حَارِس,حارس
7urraas,حُرَّاس,حراس
7aras,حَرَس,حرس
2i7taris,اِحْتَرِس,احترس
2u7rus,اِحْرُس,احرس
yi7taris,يِحْتَرِس,يحترس
yu7rus,يُحْرُس,يحرس
2i7taras,اِحْتَرَس,احترس
7aras,حَرَس,حرس
mit7arsim,مِتْحَرْسِم,متحرسم
2it7arsam,اِتْحَرْسَم,اتحرسم
yit7arsam,يِتْحَرْسَم,يتحرسم
t7arsam,تْحَرْسَم,تحرسم
7arshe,حَرْشِة,حرشة
t7arrush,تَحَرُّش,تحرش
muta7arrish,مُتَحَرِّش,متحرش
7arsh,حَرْش,حرش
7ariish,حَرِيش,حريش
yi7riq 7ariishak,يِحْرِق حَرِيشَك,يحرق حريشك
yifda7 7ariishak,يِفْضَح حَرِيشَك,يفضح حريشك
2a7raash,أَحْرَاش,أحراش
2it7arrash,اِتْحَرَّش,اتحرش
yit7arrash,يِتْحَرَّش,يتحرش
t7arrash,تْحَرَّش,تحرش
7arrish,حَرِّش,حرش
y7arrish,يحَرِّش,يحرش
7arrash,حَرَّش,حرش
2in7irish,اِنْحِرِش,انحرش
yin7irish,يِنْحِرِش,ينحرش
2in7arash,اِنْحَرَش,انحرش
2u7rush,اُحْرُش,احرش
yu7rush,يُحْرُش,يحرش
7arash,حَرَش,حرش
7ariis,حَرِيص,حريص
7irs,حِرْص,حرص
2i7ris,اِحْرِص,احرص
7arris,حَرِّص,حرص
yi7ris,يِحْرِص,يحرص
y7arris,يحَرِّص,يحرص
7iris,حِرِص,حرص
7arras,حَرَّص,حرص
m7arrid,مْحَرِّض,محرض
ta7riid,تَحْرِيض,تحريض
2it7arrad,اِتْحَرَّض,اتحرض
yit7arrad,يِتْحَرَّض,يتحرض
t7arrad,تْحَرَّض,تحرض
7arrid,حَرِّض,حرض
y7arrid,يحَرِّض,يحرض
7arrad,حَرَّض,حرض
mun7arif,مُنْحَرِف,منحرف
mu7tarif,مُحْتَرِف,محترف
7arriif,حَرِّيف,حريف
7irfe,حِرْفِة,حرفة
2in7iraaf,إِنْحِرَاف,إنحراف
ta7riif,تَحْرِيف,تحريف
7arf,حَرْف,حرف
2i7tiraaf,اِحْتِرَاف,احتراف
7arf,حَرْف,حرف
7ruuf,حْرُوف,حروف
7iraf,حِرَف,حرف
7ruufe,حْرُوفِة,حروفة
7irfe yadawiyye,حِرْفِة يَدَوِيِّة,حرفة يدوية
2i7rif,اِحْرِف,احرف
2in7irif,اِنْحِرِف,انحرف
7arrif,حَرِّف,حرف
2i7tirif,اِحْتِرِف,احترف
2i7tarif,اِحْتَرِف,احترف
yi7rif,يِحْرِف,يحرف
yin7irif,يِنْحِرِف,ينحرف
y7arrif,يْحَرِّف,يحرف
yi7tirif,يِحْتِرِف,يحترف
yi7tarif,يِحْتَرِف,يحترف
7araf,حَرَف,حرف
2in7araf,اِنْحَرَف,انحرف
7arraf,حَرَّف,حرف
2i7taraf,اِحْتَرَف,احترف
7aruuqa,حَارُوقَة,حاروقة
m7arriq,مْحَرِّق,محرق
7awaariiq,حَوَارِيق,حواريق
7arraaq,حَرَّاق,حراق
m7arwaq,مْحَرْوَق,محروق
7urqa,حُرْقَة,حرقة
7ariiqa,حَرِيقَة,حريقة
7arwaqa,حَرْوَقِة,حروقة
7araqaan,حَرَقَان,حرقان
7araayiq,حَرَايِق,حرايق
7ariiqa ti7riqhum,حَرِيقَة تِحْرِقْهُم,حريقة تحرقهم
7araq raaso,حرق رَاسه,حرق راسه
2i7riq,اِحْرِق,احرق
7arriq,حَرِّق,حرق
7ariq,حَرِق,حرق
7arwiq,حَرْوِق,حروق
2it7arwaq,اِتْحَرْوَق,اتحروق
yi7riq,يِحْرِق,يحرق
y7arriq,يحَرِّق,يحرق
y7arwiq,يحَرْوِق,يحروق
yit7arwaq,يِتْحَرْوَق,يتحروق
7araq,حَرَق,حرق
7aariq,حَارِق,حارق
t7arwaq,تْحَرْوَق,تحروق
7arraq,حَرَّق,حرق
7arwaq,حَرْوَق,حروق
2in7iriq,اِنْحِرِق,انحرق
yin7iriq,يِنْحِرِق,ينحرق
2in7araq,اِنْحَرَق,انحرق
mit7arqis,مِتْحَرْقِص,متحرقص
2it7arqas,اِتْحَرْقَص,اتحرقص
yit7arqas,يِتْحَرْقَص,يتحرقص
t7arqas,تْحَرْقَص,تحرقص
7irik,حِرِك,حرك
7arakanji,حَرَكَنْجِي,حركنجي
7arake,حَرَكِة,حركة
7iraak,حِرَاك,حراك
mu7arrik,مُحَرِّك,محرك
mi7raak sharr,مِحْرَاك شَرّ,محراك شر
2it7arrak,اِتْحَرَّك,اتحرك
7arrik,حَرِّك,حرك
mi7raak,مِحْرَاك,محراك
2u7ruk,اُحْرُك,احرك
yit7arrak,يِتْحَرَّك,يتحرك
y7arrik,يحَرِّك,يحرك
yu7ruk,يُحْرُك,يحرك
t7arrak,تْحَرَّك,تحرك
7arrak,حَرَّك,حرك
7arak,حَرَك,حرك
7arkashe,حَرْكَشِة,حركشة
2it7arkash,اِتْحَرْكَش,اتحركش
yit7arkash,يِتْحَرْكَش,يتحركش
t7arkash,تْحَرْكَش,تحركش
ma7ruum,مَحْرُوم,محروم
7araam,حَرَام,حرام
mu7taram,مُحْتَرَم,محترم
7araam,حَرَام,حرام
mu7rim,مُحْرِم,محرم
7ariim,حَرِيم,حريم
7rayyim,حْرَيِّم,حريم
7urma,حُرْمَة,حرمة
7armane,حَرْمَنِة,حرمنة
ma7rame,مَحْرَمِة,محرمة
7irmaan,حِرْمَان,حرمان
7araam,حَرَام,حرام
7raam,حْرَام,حرام
2i7raam,إِحْرَام,إحرام
2i7tiram,اِحْتِرَام,احترام
7araami,حَرَامِي,حرامي
7aramiyye,حَرَمِيِّة,حرمية
ma7aariim,مَحَارِم,محارم
m7arram,مْحَرَّم,محرم
maal 7araam,مَال حَرَام,مال حرام
2ibin 7araam,اِبِن حَرَام,ابن حرام
kull 2il2i7tiram,كُلّ الإِحْتِرَام,كل الإحترام
maa nin7irim minnak,مَا نِنحِرِم منَّك,ما ننحرم منك
2alla laa yi7rimni minnak,الله لَايِحْرِمْني مِنَّك,الله لايحرمني منك
2a7ramat 2iddinya,أَحْرَمَت الدِّنْيَا,أحرمت الدنيا
ti7ram 3alay,تِحْرَم عَلِي,تحرم علي
3alayy 2il7araam,عَلَي الحَرَام,علي الحرام
7arrim,حَرِّم,حرم
2ista7rim,اِسْتَحْرِم,استحرم
2i7rim,اِحْرِم,احرم
2i7tirim,اِحْتِرِم,احترم
2i7tarim,اِحْتَرِم,احترم
2it7arman,اِتْحَرْمَن,اتحرمن
2i7rim,اِحْرِم,احرم
2in7irim,اِنْحِرِم,انحرم
yi7rim,يِحْرِم,يحرم
yin7irim,يِنْحِرِم,ينحرم
yin7arim,يِنْحَرِم,ينحرم
y7arrim,يحَرِّم,يحرم
yista7rim,يِسْتَحْرِم,يستحرم
yi7rim,يِحْرِم,يحرم
yi7tirim,يِحْتِرِم,يحترم
yi7tarim,يِحْتَرِم,يحترم
yit7arman,يِتْحَرْمَن,يتحرمن
7araamiyye,حَرَامِيِّة,حرامية
2in7aram,اِنْحَرَم,انحرم
7arram,حَرَّم,حرم
2ista7ram,اِسْتَحْرَم,استحرم
2a7ram,أَحْرَم,أحرم
7aarim,حَارِم,حارم
2i7taram,اِحْتَرَم,احترم
t7arman,تْحَرْمَن,تحرمن
7aram,حَرَم,حرم
2it7arram,اِتْحَرَّم,اتحرم
yit7arram,يِتْحَرَّم,يتحرم
t7arram,تْحَرَّم,تحرم
2i7ram,اِحْرَم,احرم
yi7ram,يِحْرَم,يحرم
7irim,حِرِم,حرم
7armase,حَرْمَصِة,حرمصة
2it7armas,اِتْحَرْمَص,اتحرمص
yit7armas,يِتْحَرْمَص,يتحرمص
t7armas,تْحَرْمَص,تحرمص
7arne,حَرْنِة,حرنة
2i7ran,اِحْرَن,احرن
2i7rin,اِحْرِن,احرن
yi7ran,يِحْرَن,يحرن
yi7rin,يِحْرِن,يحرن
7irin,حِرِن,حرن
a7ranet,أَحْرَن,أحرن
m7arwil,مْحَرْوِل,محرول
7arwil,حَرْوِل,حرول
y7arwil,يحَرْوِل,يحرول
7arwal,حَرْوَل,حرول
7aara,حَارَة,حارة
ta7arri,تَحَرِّي,تحري
7awaari,حَوَارِي,حواري
2it7arra,اِتْحَرَّى,اتحرى
yit7arra,يِتْحَرَّى,يتحرى
t7arra,تْحَرَّى,تحرى
7izib,حِزِب,حزب
2a7zaab,أَحْزَاب,أحزاب
7aazib,حَازِب,حازب
2iddinya 7aazbe,الدنيَا حَازْبِة,الدنيا حازبة
2it7azzab,اِتْحَزَّب,اتحزب
yit7azzab,يِتْحَزَّب,يتحزب
t7azzab,تْحَزَّب,تحزب
7uzzeera,حُزَّيرَة,حزيرة
7uzzeeriyye,حُزَّيرِيِّة,حزيرية
7azzuura,حَزُّورَة,حزورة
7azaaziir,حَزَازِير,حزازير
2i7zar,اِحْزَر,احزر
7azzir,حَزِّر,حزر
2it7azzar,اِتْحَزَّر,اتحزر
2in7izir,اِنْحِزِر,انحزر
yi7zar,يِحْزَر,يحزر
y7azzir,يحَزِّر,يحزر
yit7azzar,يِتْحَزَّر,يتحزر
yin7izir,يِنْحِزِر,ينحزر
7izir,حِزِر,حزر
7azzar,حَزَّر,حزر
t7azzar,تْحَزَّر,تحزر
2in7azar,اِنْحَزَر,انحزر
m7azziz,مْحَزِّز,محزز
7izz,حِزّ,حز
7izz,حِزّ,حز
7izz,حِزّ,حز
7zaaz,حْزَاز,حزاز
7zuuz,حْزُوز,حزوز
7zuuz,حْزُوز,حزوز
7azzat bibaali,حَزّت ببَالي,حزت ببالي
7azziz,حَزِّز,حزز
7izz,حِزّ,حز
y7izz,يحِزّ,يحز
y7azziz,يحَزِّز,يحزز
7azz,حَزّ,حز
7azzaz,حَزِّز,حزز
7aziit,حَزِيط,حزيط
2it7azwat,اِتْحَزْوَط,اتحزوط
yit7azwat,يِتْحَزْوَط,يتحزوط
t7azwat,تْحَزْوَط,تحزوط
7aziq,حَزِق,حزق
m7azziq,مْحَزِّق,محزق
m7azziq wimlazziq,مْحَزِّق و ملزق,محزق و ملزق
2i7zaq,اِحْزَق,احزق
7azziq,حَزِّق,حزق
2i7ziq,اِحْزِق,احزق
2u7zuk,اُحْزُق,احزق
yi7zaq,يِحْزَق,يحزق
y7azziq,يحَزِّق,يحزق
yi7ziq,يِحْزِق,يحزق
yu7zuk,يُحْزُق,يحزق
7iziq,حِزِق,حزق
7azzaq,حَزَّق,حزق
7azaq,حَزَق,حزق
7azak,حَزَق,حزق
m7azlat,مْحَزْلَط,محزلط
7azluut,حَزْلُوط,حزلوط
7azaaliit,حَزَالِيط,حزاليط
2it7azlat,اِتْحَزْلَط,اتحزلط
yit7azlat,يِتْحَزْلَط,يتحزلط
t7azlat,تْحَزْلَط,تحزلط
7aazim,حَازِم,حازم
m7azzame,مْحَزَّمِة,محزمة
7izme,حِزْمِة,حزمة
7uzme,حُزْمِة,حزمة
7zaam,حْزَام,حزام
7azim,حَزِم,حزم
2a7zime,أَحْزِمِة,أحزمة
7izam,حِزَم,حزم
7uzam,حُزَم,حزم
2it7azzam wirqus,اِتْحَزَّم وَارقُص,اتحزم وارقص
7zaam 2il2amaan,حْزَام الأَمَان,حزام الأمان
2ili7zaam 2innaari,الحْزَام النَّاري,الحزام الناري
2ili7zaam 2innaasif,الحْزَام النَّاسِف,الحزام الناسف
2i7zim,اِحْزِم,احزم
7azzim,حَزِّم,حزم
2it7azzam,اِتْحَزَّم,اتحزم
yi7zim,يِحْزِم,يحزم
y7azzim,يحَزِّم,يحزم
yit7azzam,يِتْحَزَّم,يتحزم
7azam,حَزَم,حزم
7azzam,حَزَّم,حزم
t7azzam,تْحَزَّم,تحزم
m7azmig,مْحَزْمِق,محزمق
7azmaga,حَزْمَقَة,حزمقة
2it7azmag,اِتْحَزْمَق,اتحزمق
yit7azmag,يِتْحَزْمَق,يتحزمق
t7azmag,تْحَزْمَق,تحزمق
7aziin,حَزِين,حزين
7azwane,حَزْوَنِة,حزونة
7uzun,حُزُن,حزن
2a7zaan,أَحْزَان,أحزان
yaa 7aziine,يَا حَزينِة,يا حزينة
7att 2il7uzun bildjurun,حَطّ الحُزُن بَالجُرُن,حط الحزن بالجرن
mitil 2ilmaalik 2il7aziin,مِثِل المَالِك الحَزِين,مثل المالك الحزين
2ittawiile taalat 2ittiine wilqasiire dallat 7aziine,الطَّوِيلِة طَالَت التِّينِة وَالقَصِيرِة ضَلَّت حَزِينِة,الطويلة طالت التينة والقصيرة ضلت حزينة
2i7zan,اِحْزَن,احزن
2i7zin,اِحْزِن,احزن
7azzin,حَزِّن,حزن
7azwin,حَزْوِن,حزون
yi7zan,يِحْزَن,يحزن
yi7zin,يِحْزِن,يحزن
y7azzin,يحَزِّن,يحزن
y7azwin,يحَزْوِن,يحزون
7izin,حِزِن,حزن
2a7zan,أَحْزَن,أحزن
7azzan,حَزَّن,حزن
7azwan,حَزْوَن,حزون
7asaabiyye,حَسَابيِّة,حسابية
7asbane,حَسْبَنِة,حسبنة
7isbe,حِسْبَة,حسبة
7saab,حْسَاب,حساب
7asab,حَسَب,حسب
7asab,حَسَب,حسب
2a7saab,أَحْسَاب,أحساب
7saab bilbank,حْسَاب بَالبنك,حساب بالبنك
7saab shakhsi,حْسَاب شخصي,حساب شخصي
7asab 7saab,حَسَب حْسَاب,حسب حساب
mu7aasabe,مُحَاسَبِة,محاسبة
mu7aasabe qadaa2iyye,مُحَاسَبِة قضَائية,محاسبة قضائية
ta7assub,تَحَسُّب,تحسب
ta7assuban,تَحَسُّباً,تحسبا
hadiik 2il7isbe,هَذِيك الحِسْبَة,هذيك الحسبة
2ibin 7asab wunasab,اِبن حَسَب ونَسَب,ابن حسب ونسب
kashaf 7asabi,كَشَف حَسَبي,كشف حسبي
traabo 7saabo,تْرَابُه حْسَابُه,ترابه حسابه
laa raqiib wala 7asiib,لَا رَقِيب ولَا حَسِيب,لا رقيب ولا حسيب
ma7suubiyye,مَحْسُوبِيِّة,محسوبية
ma7suub,مَحْسُوب,محسوب
2i7sib,اِحْسِب,احسب
7aasib,حَاسِب,حاسب
7assib,حَسِّب,حسب
t7assab,تْحَسَّب,تحسب
7asbin,حَسْبِن,حسبن
2it7asban,اِتْحَسْبَن,اتحسبن
yi7sib,يِحْسِب,يحسب
y7aasib,يحَاسِب,يحاسب
y7assib,يحَسِّب,يحسب
yit7assab,يِتْحَسَّب,يتحسب
mu7aasabe,مُحَاسَبِة,محاسبة
7asiib,حَسِيب,حسيب
y7asbin,يحَسْبِن,يحسبن
yit7asban,يِتْحَسْبَن,يتحسبن
7asab,حَسَب,حسب
7aasab,حَاسَب,حاسب
7assab,حَسَّب,حسب
t7assab,تْحَسَّب,تحسب
7asban,حَسْبَن,حسبن
t7asban,تْحَسْبَن,تحسبن
2it7aasab,اِتْحَاسَب,اتحاسب
yit7aasab,يِتْحَاسَب,يتحاسب
t7aasab,تْحَاسَب,تحاسب
2in7isib,اِنْحِسِب,انحسب
yin7isib,يِنْحِسِب,ينحسب
2in7asab,اِنْحَسَب,انحسب
7as7is,حَسْحِس,حسحس
y7as7is,يحَسْحِس,يحسحس
7as7as,حَسْحَس,حسحس
7aasid,حَاسِد,حاسد
ma7suud,مَحْسُود,محسود
7asad,حَسَد,حسد
7aasid,حَاسِد,حاسد
7ussaad,حُسَّاد,حساد
byi7sidu 2ilwaa7ad 3ahammo,بيحسِدُوَا الوَاحد عهمُّه,بيحسدوا الواحد عهمه
2i7sid,اِحْسِد,احسد
2in7isid,اِنْحِسِد,انحسد
yi7sid,يِحْسِد,يحسد
yin7isid,يِنْحِسِد,ينحسد
7asad,حَسَد,حسد
2in7asad,اِنْحَسَد,انحسد
min7asir,مِنْحِسِر,منحسر
mit7assir,مِتْحَسِّر,متحسر
7asra,حَسْرَة,حسرة
2in7isaar,إِنْحِسَار,إنحسار
yaa 7asirti,يَا حَسِرْتي,يا حسرتي
maat b7asrito,مَات بْحَسْرِتُه,مات بحسرته
shirib 7asrito,شرب حسرته,شرب حسرته
2it7assar,اِتْحَسَّر,اتحسر
7assir,حَسِّر,حسر
2in7isir,اِنْحِسِر,انحسر
yit7assar,يِتْحَسَّر,يتحسر
y7assir,يحَسِّر,يحسر
yin7asir,يِنْحِسِر,ينحسر
t7assar,تْحَسَّر,تحسر
7assar,حَسَّر,حسر
2in7asar,اِنْحَسَر,انحسر
7assaas,حَسَّاس,حساس
ma7suus,مَحْسُوس,محسوس
7aasis,حَاسِس,حاسس
7awaas,حَوَاس,حواس
7asaasiyye,حَسَاسِيِّة,حساسية
7as7ase,حَسْحَسِة,حسحسة
7aasse,حَاسِّة,حاسة
7iss,حِسّ,حس
2i7saas,إِحْسَاس,إحساس
ta7siis,تَحْسِيس,تحسيس
2a7aasiis,أَحَاسِيس,أحاسيس
fata7 7isso,فَتَح حِسُّه,فتح حسه
2il7aasse 2issaadse,الحَاسِّة السَادسِة,الحاسة السادسة
bikull 7awaasi,بكل حَوَاسِّي,بكل حواسي
t7assas,تْحَسَّس,تحسس
7iss,حِسّ,حس
7assis,حَسِّس,حسس
y7iss,يْحِسّ,يحس
y7assis,يحَسِّس,يحسس
yit7assas,يِتْحَسَّس,يتحسس
7ass,حَسّ,حس
7assas,حَسَّس,حسس
t7assas,تْحَسَّس,تحسس
mit7assif,مِتْحَسِّف,متحسف
7asaafe,حَسَافَة,حسافة
yaa 7asaafa,يَا حَسَافَة,يا حسافة
2it7assaf,اِتْحَسَّف,اتحسف
yit7assaf,يِتْحَسَّف,يتحسف
t7assaf,تْحَسَّف,تحسف
7asake,حَسَكِة,حسكة
7asake,حَسَكِة,حسكة
7iskin,حِسْكِن,حسكن
2it7askan,اِتْحَسْكَن,اتحسكن
yit7askan,يِتْحَسْكَن,يتحسكن
t7askan,تْحَسْكَن,تحسكن
7asim,حَسِم,حسم
7aasim,حَاسِم,حاسم
7aasim,حَاسِم,حاسم
ma7suum,مَحْسُوم,محسوم
ma7suummakhsuum,مَحْسُوم,محسوم
ma7aasiimmakhaasiim,مَحَاسِيم,محاسيم
2in7isim,اِنْحِسِم,انحسم
yin7isim,يِنْحِسِم,ينحسم
2in7asam,اِنْحَسَم,انحسم
2i7sim,اِحْسِم,احسم
yi7sim,يِحْسِم,يحسم
7asam,حَسَم,حسم
2a7san,أَحْسَن,أحسن
mu7sin,مُحْسِن,محسن
2a7san,أَحْسَن,أحسن
ta7siin,تَحْسِين,تحسين
2i7saan,إِحْسَان,إحسان
2ista7saan,اِسْتِحْسَان,استحسان
7assuun,حَسُّون,حسون
mit7assin,مِتْحَسِّن,متحسن
7asane,حَسَنِة,حسنة
7asasiin,حَسَاسِين,حساسين
2alla laa yi7sin lak,الله لَا يحسنلك,الله لا يحسنلك
7assin,حَسِّن,حسن
t7assan,تْحَسَّن,تحسن
2i7sin,اِحْسِن,احسن
2ista7sin,اِسْتَحْسِن,استحسن
y7assin,يحَسِّن,يحسن
yit7assan,يِتْحَسَّن,يتحسن
yi7sin,يِحْسِن,يحسن
yista7sin,يِسْتَحْسِن,يستحسن
yusta7san 2inno,يُسْتَحْسِن إِنُّه,يستحسن إنه
7assan,حَسَّن,حسن
t7assan,تْحَسَّن,تحسن
2a7san,أَحْسَن,أحسن
2ista7san,اِسْتَحْسَن,استحسن
7ashshid,حَشِّد,حشد
y7ashshid,يحَشِّد,يحشد
7ashshad,حَشَّد,حشد
2i7shid,اِحْشِد,احشد
yi7shid,يِحْشِد,يحشد
7ashad,حَشَد,حشد
7ushuud,حُشُود,حشود
7ashd,حَشِد,حشد
ma7shuur,مَحْشُور,محشور
7ashara,حَشَرَة,حشرة
7ashra,حَشْرَة,حشرة
2u7shur,اِحْشُر,احشر
2in7ishir,اِنْحِشِر,انحشر
7ashshir,حَشِّر,حشر
2it7ashshar,اِتْحَشَّر,اتحشر
yu7shur,يُحْشُر,يحشر
yin7ishir,يِنْحِشِر,ينحشر
y7ashshir,يحَشِّر,يحشر
yit7ashshar,يِتْحَشَّر,يتحشر
7ashar,حَشَر,حشر
2in7ashar,اِنْحَشَر,انحشر
7ashshar,حَشَّر,حشر
t7ashshar,تْحَشَّر,تحشر
7aashar,حَاشَر,حاشر
y7aashir,يحَاشِر,يحاشر
7aashir,حَاشِر,حاشر
m7aashara,مْحَاشَرَة,محاشرة
7ashiishe,حَشِيشِة,حشيشة
m7ashshish,مْحَشِّش,محشش
7ashshaash,حَشَّاش,حشاش
ma7shashe,مَحْشَشِة,محششة
7aashuushe,حَاشُوشِة,حاشوشة
7ashshaashe,حَشَّاشِة,حشاشة
ma7ashshe,مَحَشِّة,محشة
ma7ashsh,مَحَشّ,محش
7ashiish,حَشِيش,حشيش
7ashiish,حَشِيش,حشيش
7ashiish,حَشِيش,حشيش
7ashiishit qalb,حَشِيشِة قَلْب,حشيشة قلب
7ashiishit qalbi daable,حشيشة قلبي ذَابلة,حشيشة قلبي ذابلة
ta7shiish,تَحْشِيش,تحشيش
2in7ashsh,اِنْحَشّ,انحش
yin7ashsh,يِنْحَشّ,ينحش
2in7ashsh,اِنْحَشّ,انحش
7ishsh,حِشّ,حش
7ashshish,حَشِّش,حشش
y7ashshish,يحَشِّش,يحشش
y7ishsh,يحِشّ,يحش
7ashsh,حَشّ,حش
7ashshash,حَشَّش,حشش
m7ashfish,مْحَشْفِش,محشفش
7ashfishe,حَشْفَشِة,حشفشة
7ashfish,حَشْفِشِة,حشفشة
y7ashfish,يحَشْفِش,يحشفش
7ashfash,حَشْفَش,حشفش
mu7tasham,مُحْتَشَم,محتشم
mu7tashim,مُحْتَشِم,محتشم
7ishme,حِشْمِة,حشمة
m7aashim,مَحَاشِم,محاشم
2in7ishim,اِنْحِشِم,انحشم
yin7ishim,يِنْحِشِم,ينحشم
2in7asham,اِنْحَشَم,انحشم
2i7shim,اِحْشِم,احشم
2it7ashsham,اِتْحَشَّم,اتحشم
2i7tishim,اِحْتِشِم,احتشم
2i7tashim,اِحْتَشِم,احتشم
yi7shim,يِحْشِم,يحشم
yit7ashsham,يِتْحَشَّم,يتحشم
yi7tishim,يِحْتِشِم,يحتشم
yi7tashim,يِحْتَشِم,يحتشم
7asham,حَشَم,حشم
t7ashsham,تْحَشَّم,تحشم
2i7tasham,اِحْتَشَم,احتشم
ma7shi,مَحْشِي,محشي
7ashwe,حَشْوِة,حشوة
7ashi,حَشِي,حشي
ma7shi,مَحْشِي,محشي
ma7aashi,مَحَاشِي,محاشي
2a7shi kundara btimmak,أَحْشِي قُنْدَرَة بثِمُّه,أحشي قندرة بثمه
7ashwit 2asnaan,حَشْوِة أَسْنَان,حشوة أسنان
7ashwit kharuuf,حَشْوِة خَارُوف,حشوة خاروف
7ashi kalaam,حَشِي كَلَام,حشي كلام
2in7ishi,اِنْحِشِي,انحشي
yin7ishi,يِنْحِشِي,ينحشي
2in7asha,اِنْحَشَى,انحشى
2i7shi,اِحْشِي,احشي
7ashshi,حَشِّي,حشي
yi7shi,يِحْشِي,يحشي
y7ashshi,يحَشِّي,يحشي
7asha,حَشَى,حشى
7ashsha,حَشَّى,حشى
7aashi,حَاشِي,حاشي
7asha,حَشَا,حشا
7asha 2issaam3iin,حَشَا السَّامْعِين,حشا السامعين
2it7aasha,اِتْحَاشَى,اتحاشى
yit7aasha,يِتْحَاشَى,يتحاشى
t7aasha,تْحَاشَى,تحاشى
m7as7is,مْحَصْحِص,محصحص
bit7as7is wubitmasmis,بتحصحص وبتمصمص,بتحصحص وبتمصمص
7as7asa,حَصْحَصَة,حصحصة
2it7as7as,اِتْحَصْحَص,اتحصحص
yit7as7as,يِتْحَصْحَص,يتحصحص
t7as7as,تْحَصْحَص,تحصحص
7as7is,حَصْحِص,حصحص
y7as7is,يحَصْحِص,يحصحص
7as7as,حَصْحَص,حصحص
7asiid,حَصِيد,حصيد
7asaad,حَصَاد,حصاد
sawaaliif 7asiide,سوَاليف حَصِيدة,سواليف حصيدة
2in7isid,اِنْحِصِد,انحصد
yin7isid,يِنْحِصِد,ينحصد
2in7asad,اِنْحَصَد,انحصد
2i7sid,اِحْصِد,احصد
2u7sud,اُحْصُد,احصد
yi7sid,يِحْصِد,يحصد
yu7sud,يُحْصُد,يحصد
7asad,حَصَد,حصد
mu7aasar,مُحَاصَر,محاصر
ma7suur,مَحْصُور,محصور
7asiira,حَصِيرِة,حصيرة
7asir,حَصِر,حصر
7isaar,حِصَار,حصار
7asaayir,حَصَايِر,حصاير
7usar,حُصَر,حصر
7asir 2irth,حَصِر إِرث,حصر إرث
2u7sur,اِحْصُر,احصر
7aasir,حَاصِر,حاصر
2in7asir,اِنْحِصِر,انحصر
yu7sur,يُحْصُر,يحصر
yin7asir,يِنْحَصِر,ينحصر
y7aasir,يحَاصِر,يحاصر
7asar,حَصَر,حصر
2in7asar,اِنْحَصَر,انحصر
7aasar,حَاصَر,حاصر
7usrus,حُصْرُص,حصرص
mit7asram,مِتْحَصْرِم,متحصرم
7usrum,حُصْرُم,حصرم
7usrumaaye,حُصْرُمَايِة,حصرماية
7usrume,حُصْرُمِة,حصرمة
7usrummiyye,حُصْرُمِيِّة,حصرمية
7usrum,حُصْرُم,حصرم
tzabzabat wuhii 7usrum,تْزَبْزَبت وهي حُصْرُم,تزبزبت وهي حصرم
7asrim,حَصْرِم,حصرم
2it7asram,اِتْحَصْرَم,اتحصرم
y7asrim,يْحَصْرِم,يحصرم
yit7asram,يِتْحَصْرَم,يتحصرم
7asram,حَصْرَم,حصرم
t7asram,تْحَصْرَم,تحصرم
7issa,حِصَّة,حصة
7issas,حِصَص,حصص
m7assil,مْحَصِّل,محصل
7assaale,حَصَّالِة,حصالة
mi7sale,مِحْصَلِّة,محصلة
ma7suul,مَحْصُول,محصول
7oosale,حَوصَلِة,حوصلة
7aasil,حَاصِل,حاصل
ma7aasiil,مَحَاصِيل,محاصيل
7awaasil,حَوَاصِل,حواصل
7oosalto diiqa,حَوصَلتُه ضِيقِة,حوصلته ضيقة
kullo m7assil ba3do,كُلُّه مْحَصِّل بَعْضُه,كله محصل بعضه
2i7sal,اِحْصَل,احصل
7assil,حَصِّل,حصل
2u7sul,اُحْصُل,احصل
yi7sal,يِحْصَل,يحصل
y7assil,يحَصِّل,يحصل
yu7sul,يُحْصُل,يحصل
7asal,حَصَل,حصل
7assal,حَصَّل,حصل
7usmaas,حُصْمَاص,حصماص
m7assin,مْحَصِّن,محصن
m7assan,مْحَصَّن,محصن
7asaane,حَصَانِة,حصانة
ta7siin,تَحْصِين,تحصين
7isin,حِصِن,حصن
7saan,حْصَان,حصان
7seeni,حْصَيني,حصيني
7suune,حْصُونِة,حصونة
2a7sane,أَحْصَنِة,أحصنة
zayy 2ili7saan,زي الحْصَان,زي الحصان
2abu 2ili7seeni,أَبو الحْصَيني,أبو الحصيني
7assin,حَصِّن,حصن
2it7assan,اِتْحَصَّن,اتحصن
y7assin,يْحَصِّْن,يحصن
yit7assan,يِتْحَصَّن,يتحصن
7assan,حَصَّن,حصن
t7assan,تْحَصَّن,تحصن
7aswe,حَصْوِة,حصوة
7asa,حَصَى,حصى
7asaawi,حَصَاوِي,حصاوي
7asa 2ilbaan,حَصَى البَان,حصى البان
7asaawi kila,حَصَاوِي كِلَى,حصاوي كلى
2i7saa2,إِحْصَاء,إحصاء
2in7isi,اِنْحِصِي,انحصي
yin7isi,يِنْحِصِي,ينحصي
2in7as,اِنْحَصَى,انحصى
2i7si,اِحْصِي,احصي
yi7si,يِحْصِي,يحصي
2a7sa,أَحْصَى,أحصى
7aadir,حَاضِر,حاضر
m7addir,مْحَضِّر,محضر
7aadir,حَاضِر,حاضر
7aadir,حَاضِر,حاضر
7adra,حَضْرَة,حضرة
m7addir,مْحَضِّر,محضر
mu7aadara,مُحَاضَرَة,محاضرة
7adaara,حَضَارَة,حضارة
7uduur,حُضُور,حضور
ta7diir,تَحْضِير,تحضير
ma7dar,مَحْضَر,محضر
2isti7daar,اِسْتِحْضَار,استحضار
2i7tidaar,اِحْتِضَار,احتضار
7awaadir,حَوَاضِر,حواضر
laa ma7dhar wala mandhar,لَا مَحْضَر ولَا مَنْظَر,لا محضر ولا منظر
2it7addar,اِتْحَضَّر,اتحضر
yit7addar,يِتْحَضَّر,يتحضر
t7addar,تْحَضَّر,تحضر
2i7dar,اِحْضَر,احضر
7addir,حَضِّر,حضر
7aadir,حَاضِر,حاضر
2ista7dir,اِسْتَحْضِر,استحضر
yi7dar,يِحْضَر,يحضر
y7addir,يحَضِّر,يحضر
y7aadir,يحَاضِر,يحاضر
yista7dir,يِسْتَحْضِر,يستحضر
7idir,حِضِر,حضر
7addar,حَضَّر,حضر
7aadar,حَاَضَر,حاضر
2ista7dar,اِسْتَحْضَر,استحضر
2i7tidir,اِحْتِضِر,احتضر
yi7tidir,يِحْتِضِر,يحتضر
2i7tadar,اِحْتَضَر,احتضر
7adaane,حَضَانِة,حضانة
7addaane,حَضَّانِة,حضانة
7adhna,حَضْنَة,حضنة
7udun,حُضُن,حضن
7udun,حُضُن,حضن
2a7daan,أَحْضَان,أحضان
7duun,حْضُون,حضون
ta7diin,تَحْضِين,تحضين
2i7tidaan,اِحْتِضَان,احتضان
2i7tadin,اِحْتَضِن,احتضن
yi7tadin,يِحْتَضِن,يحتضن
2i7tadan,اِحْتَضَن,احتضن
7addin,حَضِّن,حضن
y7addin,يحَضِّن,يحضن
7addan,حَضَّن,حضن
2u7dun,اِحْضُن,احضن
yu7dun,يُحْضُن,يحضن
7adan,حَضَن,حضن
7atabe,حَطَبِة,حطبة
7atab,حَطَب,حطب
7attaab,حَطَّاب,حطاب
ma7tab,مَحْطَب,محطب
ma7aatib,مَحَاطِب,محاطب
law tuuqaf 7atabe,لَو تُوقَف حَطَبِة,لو توقف حطبة
3akhdar 2izzaytuun wala yaabis 2il7atab,أَخْضَر الزَّيْتُون ولَا يَابِس الحَطَب,أخضر الزيتون ولا يابس الحطب
m7at7itt,مْحَطْحِطّ,محطحط
m7at7itt,مْحَطْحِطّ,محطحط
7at7it,حَطْحِط,حطحط
y7at7it,يحَطْحِط,يحطحط
7at7at,حَطْحَط,حطحط
ma7tuut,مَحْطُوط,محطوط
mun7att,مُنْحَطّ,منحط
7aatit,حَاطِط,حاطط
ma7atta,مَحَطَّة,محطة
7atta,حَطَّة,حطة
m7aatata,مْحَاطَطَة,محاططة
7atta,حَطَّة,حطة
2in7itaat,إِنْحِطَاط,إنحطاط
7att 7taat,حَطّ حْطَاط,حط حطاط
7att ma7attit,حَطّ مَحَطَّة,حط محطة
7aatit,حَاطِط,حاطط
7utt,حُطّ,حط
2in7att,اِنْحَطّ,انحط
y7utt,يحُطّ,يحط
yin7att,يِنْحَطّ,ينحط
y7aatit,يحَاطِط,يحاطط
2in7att,اِنْحَطّ,انحط
7aatat,حَاطَط,حاطط
7att,حَطّ,حط
m7attam,مْحَطّم,محطم
7utaam,حُطَام,حطام
ta7tiim,تَحْطِيم,تحطيم
y7attim ma3nawiyyaat,يحَطِّم مَعْنَوِيَّات,يحطم معنويات
2it7attam,اِتْحَطَّم,اتحطم
yit7attam,يِتْحَطَّم,يتحطم
t7attam,تْحَطَّم,تحطم
7attim,حَطِّم,حطم
2in7itim,اِنْحِطِم,انحطم
2in7atim,اِنْحَطِم,انحطم
y7attim,يحَطِّم,يحطم
yin7itim,يِنْحِطِم,ينحطم
yin7atim,يِنْحَطِم,ينحطم
7attam,حَطَّم,حطم
2in7atam,اِنْحَطَم,انحطم
ma7zuur,مَحْظُور,محظور
7adhiira,حَظِيرَة,حظيرة
7azir,حَظِر,حظر
ma7zuur,مَحْظُور,محظور
7adhaayir,حَظَايِر,حظاير
2u7zur,اِحْظُر,احظر
2in7izir,اِنْحِظِر,انحظر
yu7zur,يُحْظُر,يحظر
yin7izir,يِنْحِظِر,ينحظر
7azar,حَظَر,حظر
2in7azar,اِنْحَظَر,انحظر
ma7zuuz,مَحْظُوظ,محظوظ
7azz,حَظّ,حظ
7zuuz,حْظُوظ,حظوظ
2illi maalo 7az laa yit3ab wala yishqa,اللِّي مَالُه حَظّ لَايِتْعَب ولَا يِشْقَى,اللي ماله حظ لايتعب ولا يشقى
7azzo min 2issama,حَظُّه من السَّمَا,حظه من السما
7azz 2a3tiini wubilba7r 2irmiini,حَظّ اِعْطِينِي وبَالبَحْر اِرْمِينِي,حظ اعطيني وبالبحر ارميني
2ibin 2ilma7zuuza,اِبِن المَحْظُوظَة,ابن المحظوظة
mit7aftil,مِتْحَفْتِل,متحفتل
7aftale,حَفْتَلِة,حفتلة
7aftil,حَفْتِل,حفتل
2it7aftal,اِتْحَفْتَل,اتحفتل
y7aftil,يحَفْتِل,يحفتل
yit7aftal,يِتْحَفْتَل,يتحفتل
7aftal,حَفْتَل,حفتل
t7aftal,تْحَفْتَل,تحفتل
7afiid,حَفِيد,حفيد
2a7faad,أَحْفَاد,أحفاد
7ufra,حُفْرَة,حفرة
7affaara,حَفَّارَة,حفارة
7affaar,حَفَّار,حفار
7ufar,حُفَر,حفر
7afar qabro b2iido,حَفَر قَبْره بإِيدُه,حفر قبره بإيده
7affaar qbuur,حَفَّار قْبُور,حفار قبور
2i7fir,اِحْفِر,احفر
7affir,حَفِّر,حفر
y7affir,يحَفِّر,يحفر
yi7fir,يِحْفِر,يحفر
7afar,حَفَر,حفر
7affar,حَفَّر,حفر
7afartali,حَفَرْتَلِي,حفرتلي
7afartaliyye,حَفَرْتَلِيِّة,حفرتلية
7afartat,حَفَرْتَل,حفرتل
ta7fiizi,تَحْفِيزي,تحفيزي
ta7fiiz,تَحْفِيز,تحفيز
7aafiz,حَافِز,حافز
7awaafiz,حَوَافِز,حوافز
7affiz,حَفِّز,حفز
2it7affaz,اِتْحَفَّز,اتحفز
y7affiz,يحَفِّز,يحفز
yit7affaz,يِتْحَفَّز,يتحفز
7affaz,حَفَّز,حفز
t7affaz,تْحَفَّز,تحفز
mu7aafiz,مُحَافِظ,محافظ
mu7tafiz,مُحْتَفِظ,محتفظ
7aafiz,حَافِظ,حافظ
m7aafiz,مْحَافِظ,محافظ
mit7affiz,مِتْحَفِّظ,متحفظ
ma7fuuz,مَحْفُوظ,محفوظ
mu7aafaza,مُحَافَظَة,محافظة
7affaada,حَفَّاظَة,حفاظة
7affuuda,حَفُّوظَة,حفوظة
ta7fiiz,تَحْفِيظ,تحفيظ
7ifiz,حِفِظ,حفظ
mu7aafiz,مُحَافِظ,محافظ
2i7tifaaz,اِحْتِفَاظ,احتفاظ
ta7affuz,تَحَفُّظ,تحفظ
ta7fiiz 2ilqur2aan,تَحْفِيظ القُرآن,تحفيظ القرآن
7aafiz mish faahim,حَافِظ مِش فَاهِم,حافظ مش فاهم
bil7ifiz wissoon,بَالحِفِظ وَالصَّون,بالحفظ والصون
2i7faz,اِحْفَظ,احفظ
7aafiz,حَافِظ,حافظ
2i7tifiz,اِحْتِفِظ,احتفظ
7affid,حَفِّظ,حفظ
2it7affaz,اِتْحَفَّظ,اتحفظ
yi7faz,يِحْفَظ,يحفظ
yi7tifiz,يِحْتِفِظ,يحتفظ
y7affid,يحَفِّظ,يحفظ
yit7affaz,يِتْحَفَّظ,يتحفظ
y7aafiz,يْحَافِظ,يحافظ
7ifiz,حِفِظ,حفظ
7aafaz,حَافَظ,حافظ
2i7tafaz,اِحْتَفَظ,احتفظ
7affad,حَفَّظ,حفظ
t7affaz,تْحَفَّظ,تحفظ
ma7fuuf,مَحْفُوف,محفوف
7iffe,حِفِّة,حفة
7aaffe,حَافِّة,حافة
7ifaf,حِفَف,حفف
7awaaf,حَوَاف,حواف
3al 7iffe,عَالحِفِّة,عالحفة
ma7fuuf bi,مَحْفُوف ب,محفوف ب
3a7aaffit qabro,عَحَافِّة قَبْرُه,عحافة قبره
7aff,حَفّ,حف
2it7affaf,اِتْحَفَّف,اتحفف
yit7affaf,يِتْحَفَّف,يتحفف
t7affaf,تْحَفَّف,تحفف
2in7aff,اِنْحَفّ,انحف
yin7aff,يِنْحَفّ,ينحف
2in7aff,اِنْحَفّ,انحف
7iff,حِفّ,حف
7affif,حَفِّف,حفف
y7iff,يحِفّ,يحف
y7affif,يحَفِّف,يحفف
7aff,حَفّ,حف
7affaf,حَفَّف,حفف
mi7tafil,مِحْتَفِل,محتفل
7afle,حَفْلِة,حفلة
2i7tifaal,اِحْتِفَال,احتفال
2i7tifaali,اِحْتِفَالِي,احتفالي
2i7tifil,اِحْتِفِل,احتفل
2i7tafil,اِحْتَفِل,احتفل
yi7tifil,يِحْتِفِل,يحتفل
yi7tafil,يِحْتَفِل,يحتفل
2i7tafal,اِحْتَفَل,احتفل
7afne,حَفْنِة,حفنة
bkhuut 2il3ifnaat bil7afnaat wubakht 2ilmalaayi7 bil2ard taayi7,بْخُوت العِفْنَات بَالحَفْنَات وبَخْت المَلَايِح بَِالأَرْض طَايِح,بخوت العفنات بالحفنات وبخت الملايح بالأرض طايح
2i7fin,اِحْفِن,احفن
yi7fin,يِحْفِن,يحفن
7afan,حَفَن,حفن
7aafi,حَافِي,حافي
7affaaye,حَفَّايِة,حفاية
ya3tiikil 3aafye qadd maa mashat 2iljaje 7aafye,يَعْطِيك العَافْيِة قَدّ مَا مَشَت الجَاجِة حَافْيِة,يعطيك العافية قد ما مشت الجاجة حافية
2i7fi,اِحْفَى,احفى
7affi,حَفِّي,حفي
yi7fa,يِحْفَى,يحفى
yi7affi,يحَفِّي,يحفي
7ifi,حِفِي,حفي
7affa,حَفَّى,حفى
7iqbe,حِقْبِة,حقبة
7iqab,حِقَب,حقب
2a7qaad,أَحْقَاد,أحقاد
7iqid,حِقِد,حقد
7aaqid,حَاقِد,حاقد
7aquud,حَقُود,حقود
2i7qid,اِحْقِد,احقد
yi7qid,يِحْقِد,يحقد
7aqad,حَقَد,حقد
7aqiir,حَقِير,حقير
7iqir,حِقِر,حقر
7uqara,حُقَرَة,حقرة
2ista7qir,اِسْتَحْقِر,استحقر
2i7taqir,اِحْتَقِر,احتقر
7aqqir,حَقِّر,حقر
2it7aaqar,اِتْحَاقَر,اتحاقر
yista7qir,يِسْتَحْقِر,يستحقر
yi7taqir,يِحْتَقِر,يحتقر
y7aqqir,يحَقِّر,يحقر
yit7aaqar,يِتْحَاقَر,يتحاقر
2istaqar,اِسْتَحْقَر,استحقر
2a7qar,أَحْقَر,أحقر
2i7taqar,اِحْتَقَر,احتقر
7aqqar,حَقَّر,حقر
t7aaqar,تْحَاقَر,تحاقر
7aqqaani,حَقَّانِي,حقاني
7aqiiqi,حَقِيقِي,حقيقي
ma7quuq,مَحْقُوق,محقوق
7aqaayiq,حَقَايِق,حقايق
7aqaa2iq,حَقَائِق,حقائق
7aqiiqa,حَقِيقَة,حقيقة
2a7aqqiyye,أَحَقِّيِّة,أحقية
7aqq,حَقّ,حق
7uquuq,حُقُوق,حقوق
2isti7qaaq,اِسْتِحْقَاق,استحقاق
ta7qiiq,تَحْقِيق,تحقيق
7uqq,حُقّ,حق
7uqq,حُقّ,حق
7uquuq,حُقُوق,حقوق
7quuq,حْقُوق,حقوق
7quuq,حْقُوق,حقوق
fooq 7aqqo duqqo,فَوق حُقُّه دُقُّه,فوق حقه دقه
3an 7aqq wa 7aqiiq,عَن حَقّ وحَقِيق,عن حق وحقيق
thoob 2il7aqq,ثَوب الحَقّ,ثوب الحق
2it7aqqaq,اِتْحَقَّق,اتحقق
7aqqiq,حَقِّق,حقق
2ista7iqq,اِسْتَحِقّ,استحق
7iqq,حِقّ,حق
2in7aqq,اِنْحَقّ,انحق
y7iqq,يحِقّ,يحق
yin7aqq,يِنْحَقّ,ينحق
yista7iqq,يِسْتَحِقّ,يستحق
yit7aqqaq,يِتْحَقَّق,يتحقق
y7aqqiq,يحَقِّق,يحقق
7aqq,حَقّ,حق
2in7aqq,اِنْحَقّ,انحق
2ista7aqq,اِسْتَحَقّ,استحق
t7aqqaq,تْحَقَّق,تحقق
7aqqaq,حَقَّق,حقق
7aqil,حَقِل,حقل
7quul,حْقُول,حقول
mi7tiqin,مِحْتِقِن,محتقن
7uqne,حُقْنِة,حقنة
2i7tiqaan,اِحْتَقَان,احتقان
mu7qaan,مُحْقَان,محقان
7uqan,حُقَن,حقن
ma7aaqiin,مَحَاقِين,محاقين
2i7qun,اِحْقِن,احقن
2i7tiqin,اِحْتِقِن,احتقن
yi7qun,يِحْقِن,يحقن
yi7tiqin,يِحْتِقِن,يحتقن
7aqan,حَقَن,حقن
2i7taqan,اِحْتَقَن,احتقن
y7ak7ake,حَكْحَكِة,حكحكة
7ak7ik,حَكْحِك,حكحك
y7ak7ik,يحَكْحِك,يحكحك
7ak7ak,حَكْحَك,حكحك
7aakir,حَاكِر,حاكر
mi7tikir,مِحْتِكِر,محتكر
7aakuura,حَاكُورَة,حاكورة
2i7tikaar,اِحْتِكَار,احتكار
7ikir,حِكِر,حكر
7awaakiir,حَوَاكِير,حواكير
2i7tikir,اِحْتِكِر,احتكر
2u7kur,اِحْكُر,احكر
yu7kur,يُحْكُر,يحكر
yi7tikir,يِحْتِكِر,يحتكر
7akar,حَكَر,حكر
2i7takar,اِحْتَكَر,احتكر
7akke,حَكِّة,حكة
2i7tikaak,اِحْتِكَاك,احتكاك
jildo bi7ukko,جِلْدُه بِيحُكُّه,جلده بيحكه
mish faadi y7ikk raaso,مِش فَاضِي يحِكّ رَاسُه,مش فاضي يحك راسه
7ikk,حِكّ,حك
7ukk,حُكّ,حك
2i7takk,اِحْتَكّ,احتك
y7ikk,يحِكّ,يحك
y7ukk,يحُكّ,يحك
yi7takk,يِحْتَكّ,يحتك
7akk,حَكّ,حك
2i7takk,اِحْتَكّ,احتك
7akiim,حَكِيم,حكيم
7ukamaa2,حُكَمَاء,حكماء
7ikme,حِكْمِة,حكمة
ma7kame,مَحْكَمِة,محكمة
7ukuume,حُكُومِة,حكومة
mu7aakame,مُحَاكَمِة,محاكمة
7ukuumi,حُكُومِي,حكومي
7ukum,حُكُم,حكم
7aakim,حَاكِم,حاكم
2a7kaam,أَحْكَام,أحكام
7ukkaam,حُكَّام,حكام
ma7aakim,مَحَاكِم,محاكم
7ukm 2ilqawi 3adda3iif,حُكْم القوي عَالضعيف,حكم القوي عالضعيف
7ukm 2ilhudhud,حُكْم الهدهد,حكم الهدهد
2u7kum,اُحْكُم,احكم
7akkim,حَكِّم,حكم
7aakim,حَاكِم,حاكم
2it7aakam,اِتْحَاكَم,اتحاكم
2it7akkam,اِتْحَكَّم,اتحكم
2ista7kim,اِسْتَحْكِم,استحكم
yi7kum,يِحْكُم,يحكم
yu7kum,يُحْكُم,يحكم
y7akkim,يحَكِّم,يحكم
y7aakim,يحَاكِم,يحاكم
yit7aakam,يِتْحَاكَم,يتحاكم
yit7akkam,يِتْحَكَّم,يتحكم
yista7kim,يِسْتَحْكِم,يستحكم
7akam,حَكَم,حكم
7akkam,حَكَّم,حكم
7aakam,حَاكَم,حاكم
t7aakam,تْحَاكَم,تحاكم
t7akkam,تْحَكَّم,تحكم
2ista7kam,اِسْتَحْكَم,استحكم
7ikaaye,حِكَايِة,حكاية
7kaaye,حْكَايِة,حكاية
mu7aakaa,مُحَاكَاة,محاكاة
7akawaati,حَكَوَاتِي,حكواتي
7akawanji,حَكَوَنْجِي,حكونجي
7aki,حَكِي,حكي
7akaawi,حَكَاوِي,حكاوي
bi7ki labalad,بيِحْكِي لَبَلَد,بيحكي لبلد
futtak bil7aki,فُتَّك بَِالحَكِي,فتك بالحكي
fii btimmak 7aki,فِي بثِمَّك حَكِي,في بثمك حكي
7aaki,حَاكِي,حاكي
2i7ki,اِحْكِي,احكي
7aaki,حَاكِي,حاكي
yi7ki,يِحْكِي,يحكي
y7aaki,يحَاكِي,يحاكي
7aka,حَكَى,حكى
7aaka,حَاكَى,حاكى
7akki,حَكِّي,حكي
y7akki,يحَكِّي,يحكي
7akka,حَكَّى,حكى
2it7aaka,يِتْحَاكَى,يتحاكى
yit7aaka,اِتْحَاكَى,اتحاكى
t7aaka,تْحَاكَى,تحاكى
m7oolib,مْحَولِب,محولب
ma7luub,مَحْلُوب,محلوب
7ilbe,حِلْبِة,حلبة
7albe,حَلْبِة,حلبة
mi7labe,مِحْلَبِة,محلبة
7aliib,حَلِيب,حليب
ma7lab,مَحْلَب,محلب
mi7lab,مِحْلَب,محلب
ma7aalib,مَحَالِب,محالب
byi7lib 2innamle,بيِحْلِب النَّمْلِة,بيحلب النملة
mish ma7luub b3eeno,مِش مَحْلُوب بْعَينُه,مش محلوب بعينه
2in7ilib,اِنْحِلِب,انحلب
yin7ilib,يِنْحِلِب,ينحلب
2in7alab,اِنْحَلَب,انحلب
2i7lib,اِحْلِب,احلب
7oolib,حَولِب,حولب
yi7lib,يِحْلِب,يحلب
y7oolib,يحَولِب,يحولب
7alab,حَلَب,حلب
7oolab,حَولَب,حولب
7aalit,حَالِت,حالت
7alit,حَلِت,حلت
2i7lit,اِحْلِت,احلت
yi7lit,يِحْلِت,يحلت
7alat,حَلَت,حلت
m7altim,مْحَلْتِم,محلتم
7altame,حَلْتَمِة,حلتمة
7altim,حَلْتِم,حلتم
y7altim,يحَلْتِم,يحلتم
7altam,حَلْتَم,حلتم
7laaje,حْلَاجِة,حلاجة
2i7lij,اِحْلِج,احلج
yi7lij,يِحْلِج,يحلج
7alaj,حَلَج,حلج
m7al7al,مْحَلْحَل,محلحل
y7al7il ziridhum,يحَلْحَل زِرِدهُم,يحلحل زردهم
y7al7il wisthum,يحَلْحَل وِسِطْهُم,يحلحل وسطهم
7al7il,حَلْحِل,حلحل
y7al7il,يحَلْحِل,يحلحل
7al7al,حَلْحَل,حلحل
7ilis,حِلِس,حلس
7allaas,حَلَّاس,حلاس
7ilis,حِلِس,حلس
7luus,حْلُوس,حلوس
7laas,حْلَاس,حلاس
7ilis milis,حِلِس مِلِس,حلس ملس
7ilis,حِلِس,حلس
2i7lis,اِحْلِس,احلس
7allis,حَلِّس,حلس
2i7lis,اِحْلِس,احلس
yi7lis,يِحْلِس,يحلس
yi7lis,يِحْلِس,يحلس
y7allis,يحَلِّس,يحلس
2a7las,أَحْلَس,أحلس
7alas,حَلَس,حلس
7allas,حَلَّس,حلس
7alwis,حَلْوِس,حلوس
y7alwish,يحَلْوِس,يحلوس
7alwas,حَلْوَس,حلوس
7laashe,حْلَاشِة,حلاشة
2i7lish,اِحْلِش,احلش
yi7lish,يِحْلِش,يحلش
7alash,حَلَش,حلش
7aaluushe,حَالُوشِة,حالوشة
7awaaliish,حَوَاليِش,حواليش
mi7lis,مِحْلِص,محلص
2i7lis,اِحْلَص,احلص
yi7lis,يِحْلَص,يحلص
7alas,حَلَص,حلص
mit7allif,مِتْحَلِّف,متحلف
7ilfaan,حِلْفَان,حلفان
7aliif,حَلِيف,حليف
7ulafaa2,حُلَفَاء,حلفاء
2innaas bti7lif b7ayaato,النَاس بتِحْلِف بحيَاتُه,الناس بتحلف بحياته
2i7lif,اِحْلِف,احلف
7allif,حَلِّف,حلف
2it7aalaf,اِتْحَالَف,اتحالف
2it7allaf,اِتْحَلَّف,اتحلف
2i7lif,اِحْلِف,احلف
yi7lif,يِحْلِف,يحلف
yi7lif,يِحْلِف,يحلف
y7allif,يحَلِّف,يحلف
yit7aalaf,يِتْحَالَف,يتحالف
yit7allaf,يِتْحَلَّف,يتحلف
7alaf,حَلَف,حلف
7ilif,حِلِف,حلف
7allaf,حَلَّف,حلف
t7aalaf,تْحَالَف,تحالف
t7allaf,تْحَلَّف,تحلف
2ista7lif,اِسْتَحْلِف,استحلف
yista7lif,يِسْتَحْلِف,يستحلف
2ista7laf,اِسْتَحْلَف,استحلف
m7alfish,مْحَلْفِش,محلفش
m7alfish,مْحَلْفِش,محلفش
7alfish,حَلْفِش,حلفش
y7alfish,يحَلْفِش,يحلفش
7alfash,حَلْفَش,حلفش
7allaaq,حَلَّاق,حلاق
7aaliq,حَالِق,حالق
7aaliq,حَالِق,حالق
7laaqa,حْلَاقَة,حلاقة
7aaluuqa,حَالُوقَة,حالوقة
7alqa,حَلْقَة,حلقة
7alaq,حَلْق,حلق
7alaq,حَلَق,حلق
7luuqa,حْلُوقَة,حلوقة
7luuq,حْلُوق,حلوق
7luuq,حْلُوق,حلوق
sidd 7alqak,سِد حَلْقَك,سد حلقك
7alqit sha3ar,حَلْقَة شعر,حلقة شعر
3ilke b7alq 2il3aalam,عِلْكِة بحَلْق العَالم,علكة بحلق العالم
2ishtaghal miit shaghle mitil 7laaqit 2ilqur3aan,اِشْتَغَل مِية شَغْلِة مِثِل حْلَاقَة القُرْعَان,اشتغل مية شغلة مثل حلاقة القرعان
2in7iliq,اِنْحِلِق,انحلق
yin7iliq,يِنْحِلِق,ينحلق
2in7alaq,اِنْحَلَق,انحلق
2i7liq,اِحْلِق,احلق
7alliq,حَلِّق,حلق
yi7liq,يِحْلِق,يحلق
y7alliq,يحَلِّق,يحلق
7alaq,حَلَق,حلق
7allaq,حَلَّق,حلق
7alquum,حَلْقُوم,حلقوم
7alaaqiim,حَلَاقِيم,حلاقيم
7alqim,حَلْقِم,حلقم
y7alqim,يحَلْقِم,يحلقم
7alqam,حَلْقَم,حلقم
mun7all,مُنْحَلّ,منحل
7alaal,حَلَال,حلال
ma7alli,مَحَلِّي,محلي
m7alli,مْحَلِّي,محلي
mu7tall,مُحْتَلّ,محتل
7allaal,حَلَّال,حلال
m7allil,مْحَلِّل,محلل
mu7tall,مُحْتَلّ,محتل
7ilal,حِلَل,حلل
7alle,حَلِّة,حلة
2i7tilaal,اِحْتِلَال,احتلال
2in7ilaal,اِنْحِلَال,انحلال
7alaal,حَلَال,حلال
7alaal,حَلَال,حلال
ma7all,مَحَلّ,محل
mu7allil,مُحَلِّل,محلل
ta7liil,تَحْلِيل,تحليل
raaseen bil7alaal,رَاسَين بَِالحَلَال,راسين بالحلال
raayidha bil7alaal,رَايِدْهَا بَِالحَلَال,رايدها بالحلال
2ibin 2il7alaal,اِبِن الحَلَال,ابن الحلال
fluus 7alaal,فْلُوس حَلَال,فلوس حلال
7alaal 3aleek,حَلَال عَلَيك,حلال عليك
2ibin 2il7alaal 3ind zikro bibaan,اِبِن الحَلَال عِند ذِكْرُه بِيبَان,ابن الحلال عند ذكره بيبان
bint 2il7alaal,بِنْت الحَلَال,بنت الحلال
7ill 3an raasi,حِلّ عَن رَاسِي,حل عن راسي
7ill 3an wijhi,حِلّ عن وجهي,حل عن وجهي
7allaal 2ilmashaakil,حَلَّال المَشَاكِل,حلال المشاكل
bukra bi7ilha 2alf 7allaal,بُكْرَه بِيحِلْهَا أَلْف حَلَّال,بكره بيحلها ألف حلال
7ill 3anni,حِلّ عَنِّي,حل عني
3ala 7all sha3ro,عَلى حَلّ شَعْرُه,على حل شعره
7ill 3an diini,حِلّ عن دِينِي,حل عن ديني
2i7tall,اِحْتَلّ,احتل
2it7allal,اِتْحَلَّل,اتحلل
2in7all,اِنْحَلّ,انحل
2ista7ill,اِسْتَحِلّ,استحل
7all,حَلّ,حل
7ill,حِلّ,حل
7allil,حَلِّل,حلل
yi7tall,يِحْتَلّ,يحتل
yit7allal,يِتْحَلَّل,يتحلل
yin7all,يِنْحَلّ,ينحل
yista7ill,يِسْتَحِلّ,يستحل
y7ill,يحِلّ,يحل
y7allil,يحَلِّل,يحلل
2i7tall,اِحْتَلّ,احتل
t7allal,تْحَلَّل,تحلل
2in7all,اِنْحَلّ,انحل
2ista7all,اِسْتَحَلّ,استحل
7all,حَلّ,حل
7allal,حَلَّل,حلل
2in7all wabaro,اِنْحَلّ وَبَرُه,انحل وبره
2ittoob 2in7all wabaro,الثَّوب اِنْحَلّ وَبَرُه,الثوب انحل وبره
7aliim,حَلِيم,حليم
7alame,حَلَمِة,حلمة
7ilim,حِلِم,حلم
7ulum,حُلُم,حلم
2i7tilaam,اِحْتِلَام,احتلام
2a7laam,أَحْلَام,أحلام
2i7lam,اِحْلَم,احلم
2i7tilim,اِحْتِلِم,احتلم
yi7lam,يِحْلَم,يحلم
yi7tilim,يِحْتِلِم,يحتلم
7ilim,حِلِم,حلم
2i7talam,اِحْتَلَم,احتلم
m7almiz,مْحَلْمِز,محلمز
7almaze,حَلْمَزِة,حلمزة
7almiz,حَلْمِز,حلمز
y7almiz,يحَلْمِز,يحلمز
7almaz,حَلْمَز,حلمز
7almase,حَلْمَسِة,حلمسة
7almis,حَلْمِس,حلمس
y7almis,يحَلْمِس,يحلمس
7almas,حَلْمَس,حلمس
7alamantiishi,حَلَمَنْتِيشِي,حلمنتيشي
m7alwish,مْحَلْوِش,محلوش
7alwashe,حَلْوَشِة,حلوشة
7alwish,حَلْوِش,حلوش
y7alwish,يحَلْوِش,يحلوش
7alwash,حَلْوَش,حلوش
2a7la,أَحْلَى,أحلى
7iluu,حِلو,حلو
mi7law,مِحْلَو,محلو
7alyaan,حَلْيَان,حليان
7leewa,حْلَيوَة,حليوة
7ilu,حِلُو,حلو
7alaawa,حَلَاوَة,حلاوة
7ilwaan,حِلْوَان,حلوان
7ilu,حِلُو,حلو
7alawanji,حَلَوَنْجِي,حلونجي
7alawanjiyye,حَلَوَنْجِيِّة,حلونجية
yaa 7alaawa,يَا حَلَاوَة,يا حلاوة
7alaawit 2ilmawduu3,حَلَاوِة المَوْضُوع,حلاوة الموضوع
2akal bi3aqli 7alaawa,أَكَل بعَقْلِي حَلَاوَة,أكل بعقلي حلاوة
7alaawit 2innus,حَلَاوِة النُّص,حلاوة النص
wijhik 7ilu 3aleena,وِجْهَك حِلُوعَلَينَا,وجهك حلوعلينا
riiq 7ilu,ريق حِلُو,ريق حلو
7aamid 7ilu,حَامِض حِلُو,حامض حلو
2i7laww,اِحْلَوّ,احلو
7alli,حَلِّي,حلي
2ista7li,اِسْتَحْلِي,استحلي
t7aalaa,تْحَالِى,تحالى
2it7alla,اِتْحَلَّى,اتحلى
2i7li,اِحْلِي,احلي
yi7laww,يِحْلَوّ,يحلو
y7alli,يْحَلِّي,يحلي
yista7li,يِسْتَحْلِي,يستحلي
yi7li,يِحْلِي,يحلي
yit7alla,يِتْحَلَّى,يتحلى
yit7aalaa,يِتْحَالى,يتحالى
7ali,حَلِي,حلي
7ili,حِلِي,حلي
7alla,حَلَّى,حلى
2ista7la,اِسْتَحْلَى,استحلى
t7aalaa,تْحَالى,تحالى
t7alla,تْحَلَّى,تحلى
7aliit,حَلِيت,حليت
m7am7im,مْحَمْحِم,محمحم
m7am7im,مْحَمْحِم,محمحم
7am7ame,حَمْحَمِة,حمحمة
7im7im,حِمْحِم,حمحم
7am7im,حَمْحِم,حمحم
y7am7im,يحَمْحِم,يحمحم
7am7am,حَمْحَم,حمحم
7amiid,حَمِيد,حميد
ma7muud,مَحْمُود,محمود
7amd,حَمْد,حمد
2i7mid 2alla,اِحْمِد الله,احمد الله
2i7mid rabbak,اِحْمِد رَبَّك,احمد ربك
laa 7amd wala jmiile,لَا حَمْد ولَا جْميلِة,لا حمد ولا جميلة
byistaahal 2il7amd,بْيِسْتَاهَل الحَمْد,بيستاهل الحمد
2i7mid,اِحْمِد,احمد
yi7mid,يِحْمِد,يحمد
7amad,حَمَد,حمد
7amra,حَمْرَا,حمرا
2a7mar,أَحْمَر,أحمر
2i7mar,إِحْمَر,إحمر
m7amriqk,مْحَمْرِق,محمرق
m7amrit,مْحَمْرِط,محمرط
mi7marr,مِحْمَرّ,محمر
mit7oomir,مِتْحَومِر,متحومر
7umur,حُمُر,حمر
m7ammar,مْحَمَّر,محمر
7oomra,حَومْرَة,حومرة
7maar,حْمَار,حمار
2i7miraar,اِحْمِرَار,احمرار
ta7miir,تَحْمِير,تحمير
7amiir,حَمِير,حمير
2abu mi7riz 2il2a7mar,أَبُو مِحْرِز الإِحْمَر,أبو محرز الإحمر
2abu 2ili7maar,أَبو الحْمَار,أبو الحمار
2il3adu maa bisiir 7abiib wili7maar maa bisiir tabiib,العَدُو مَابِيصِير حَبِيب وِالحْمَار مَابِيصِير طَبِيب,العدو مابيصير حبيب والحمار مابيصير طبيب
2ilheetaliyye 2il7amra,الهَيطَلِيِّة الحَمْرَا,الهيطلية الحمرا
2ilim7ammar wilimshammar,المْحَمَّر وَالمْشَمَّر,المحمر والمشمر
2absar 7maar miin mayyit,أَبْصَر حْمَار مِين ميِّت,أبصر حمار مين ميت
2at3as min 7amiir 2innawar,أَتْعَس مِن حَمِير النَّوَر,أتعس من حمير النور
2it7oomar,اِتْحَومَر,اتحومر
2ista7mir,اِسْتَحْمِر,استحمر
7ammir,حَمِّر,حمر
t7amran,تْحَمْرَن,تحمرن
2i7marr,اِحْمَرّ,احمر
7amriqk,حَمْرِق,حمرق
7amrit,حَمْرِط,حمرط
yit7oomar,يِتْحَومَر,يتحومر
yit7amran,يِتْحَمْرَن,يتحمرن
yi7marr,يِحْمَرّ,يحمر
y7amriqk,يحَمْرِق,يحمرق
y7amrit,يحَمْرِط,يحمرط
y7ammir,يحَمِّر,يحمر
yista7mir,يِسْتَحْمِر,يستحمر
t7oomar,تْحَومَر,تحومر
t7amran,تْحَمْرَن,تحمرن
2i7marr,اِحْمَرّ,احمر
7amraqk,حَمْرَق,حمرق
7amrat,حَمْرَط,حمرط
7ammar,حَمَّر,حمر
2ista7mar,اِسْتَحْمَر,استحمر
mit7ammis,مِتْحَمِّس,متحمس
7amsaawi,حَمْسَاوِي,حمساوي
mi7maase,مِحْمَاسِة,محماسة
7amaas,حَمَاس,حماس
7amaas,حَمَاس,حماس
mi7maas,مِحْمَاس,محماس
ma7aamiis,مَحَامِيس,محاميس
7ammis,حَمِّس,حمس
2it7ammas,اِتْحَمَّس,اتحمس
y7ammis,يحَمِّس,يحمس
yit7ammas,يِتْحَمَّس,يتحمس
7ammas,حَمَّس,حمس
t7ammas,تْحَمَّس,تحمس
7imish,حِمِش,حمش
2i7mish,اِحْمِش,احمش
7oomish,حَومِش,حومش
yi7mish,يِحْمِش,يحمش
y7oomish,يحَومِش,يحومش
7oomash,حَومَش,حومش
7amash,حَمَش,حمش
m7ammas,مْحَمَّص,محمص
7ammaasa,حَمَّاصَة,حماصة
7ammaasa,حَمَّاصَة,حماصة
7ummusaaye,حُمُّصَايِة,حمصاية
7ummuse,حُمُّصَة,حمصة
ta7miis,تَحْمِيص,تحميص
7ummus,حُمُّص,حمص
wijho mitil sa7in 2il7ummus,وِجْهُه مِثِل صَحْن الحُمُّص,وجهه مثل صحن الحمص
mitil 7ummustil kayy,مثل حُمُّصَة الكَيّ,مثل حمصة الكي
7ammis,حَمِّص,حمص
y7ammis,يحَمِّص,يحمص
7ammas,حَمَّص,حمص
7amassees,حَمَصَّيص,حمصيص
mit7ammid,مِتْحَمِّض,متحمض
7aamid,حَامِض,حامض
m7ammid,مْحَمِّض,محمض
7muuda,حْمُوضَة,حموضة
7aamid,حَامِض,حامض
7ummeed,حُمَّيض,حميض
7aamid 7ilu,حَامِض حِلُو,حامض حلو
nafsiyyaat m7amda,نَفْسِيَّات مْحَمْضَة,نفسيات محمضة
7ammid,حَمِّض,حمض
2ista7mid,اِسْتَحْمِض,استحمض
2it7ammad,اِتْحَمَّض,اتحمض
y7ammid,يحَمِّض,يحمض
yit7ammad,يِتْحَمَّض,يتحمض
yista7mid,يِسْتَحْمِض,يستحمض
7ammad,حَمَّض,حمض
t7ammad,تْحَمَّض,تحمض
2ista7mad,اِسْتَحْمَض,استحمض
7aamit,حَامِط,حامط
7amiit,حَمِيط,حميط
7amata,حَمَاطَة,حماطة
2i7mut,اِحْمُط,احمط
yi7mut,يِحْمُط,يحمط
7amat,حَمَط,حمط
min7imiq,مِنْحِمِق,منحمق
ma7muuq,مَحْمُوق,محموق
2in7imiq,اِنْحِمِق,انحمق
yin7imiq,يِنْحِمِق,ينحمق
2in7amaq,اِنْحَمَق,انحمق
mit7aamil,مِتْحَامَل,متحامل
mit7ammil,مِتْحَمِّل,متحمل
mista7mil,مِسْتَحْمِل,مستحمل
7aamil,حَامِل,حامل
7amla,حَمْلِة,حملة
m7ammal,مْحَمَّل,محمل
7aamil m7ammal,حَامِل مْحَمَّل,حامل محمل
7amaayil,حَمَايِل,حمايل
ta7miile,تَحْمِيلِة,تحميلة
7aamil,حَامِل,حامل
7muule,حْمُولِة,حمولة
7ammaale,حَمَّالِة,حمالة
ta7miil,تَحْمِيل,تحميل
ta7ammul,تَحَمُّل,تحمل
2isti7maal,اِسْتِحْمَال,استحمال
2i7timaal,اِحْتِمَال,احتمال
7aamil,حَامِل,حامل
7amil,حَمِل,حمل
7aamuul,حَامُول,حامول
ta7aamiil,تَحَامِيل,تحاميل
7awaamil,حَوَامِل,حوامل
7amilha 3aziiz,حَمِلْهَا عَزِيز,حملها عزيز
7aamil batno 3adahro,حَامِل بَطْنُه عَظَهْرُه,حامل بطنه عظهره
7ammal 2ahli jmiile,حمَّل أَهْلِي جْمِيلِة,حمل أهلي جميلة
2i7mil,اِحْمِل,احمل
7ammil,حَمِّل,حمل
2it7ammal,اِتْحَمَّل,اتحمل
2it7aamal,اِتْحَامَل,اتحامل
2ista7mil,اِسْتَحْمِل,استحمل
2i7mali,اِحْمَلِي,احملي
2i7timil,اِحْتِمِل,احتمل
yi7mil,يِحْمِل,يحمل
y7ammil,يحَمِّل,يحمل
yit7ammal,يِتْحَمَّل,يتحمل
yit7aamal,يِتْحَامَل,يتحامل
yista7mil,يِسْتَحْمِل,يستحمل
yi7timil,يِحْتِمِل,يحتمل
ti7mal,تِحْمَل,تحمل
7imil,حِمِل,حمل
7ammal,حَمَّل,حمل
t7ammal,تْحَمَّل,تحمل
t7aamal,تْحَامَل,تحامل
2ista7mal,اِسْتَحْمَل,استحمل
2i7tamal,اِحْتَمَل,احتمل
7imlat,حِمْلَت,حملت
7aamle min 3eenha,حَاَمْلِه مِن عَينْهَا,حامله من عينها
7amaame,حَمَامِة,حمامة
7amaame,حَمَامِة,حمامة
7amaam,حَمَام,حمام
2ijir 2il7amaame,اِجِر الحَمَامِة,اجر الحمامة
zayy zaghluul 2il7amaam,زَيّ زَغْلُول الحَمَام,زي زغلول الحمام
7amm,حَمّ,حم
mit7ammim,مِتْحَمِّم,متحمم
7ammaam,حَمَّام,حمام
7amm baali,حَمّ بَالِي,حم بالي
7ammaam mayy,حَمَّام مَي,حمام مي
7ammaam zeet,حَمَّام زَيت,حمام زيت
7imm,حِمّ,حم
7ammim,حَمِّم,حمم
2it7ammam,اِتْحَمَّم,اتحمم
y7imm,يحِمّ,يحم
y7ammim,يحَمِّم,يحمم
yit7ammam,يِتْحَمَّم,يتحمم
7amm,حَمّ,حم
7ammam,حَمَّم,حمم
t7ammam,تْحَمَّم,تحمم
7amu,حَمو,حمو
7amyaan,حَمْيَان,حميان
7aami,حَامِي,حامي
7aami,حَامِي,حامي
ma7mi,مَحْمِي,محمي
7amawaat,حَمَوَات,حموات
7imaaye,حِمَايِة,حماية
7amaaye,حَمَايِة,حماية
7amiyye,حَمِيِّة,حمية
mu7aami,مُحَامِي,محامي
7ama,حَمَا,حما
7aamiiha 7aramiiha,حَامِيهَا حَرَامِيهَا,حاميها حراميها
7amaatak bit7ibbak,حَمَاتَك بِتْحِبَّك,حماتك بتحبك
2i7mi,اِحْمِي,احمي
2i7mi,اِحْمِي,احمي
2it7aama,اِتْحَامَى,اتحامى
2i7timi,اِحْتِمِي,احتمي
7ammi,حَمِّي,حمي
yi7mi,يِحْمِي,يحمي
yi7mi,يِحْمِي,يحمي
yit7aama,يِتْحَامَى,يتحامى
yi7timi,يِحْتِمِي,يحتمي
y7ammi,يحَمِّي,يحمي
7imi,حِمِي,حمي
7ama,حَمَى,حمى
t7aama,تْحَامَى,تحامى
2i7tama,اِحْتَمَى,احتمى
7amma,حَمَّى,حمى
m7ambit,مْحَنْبِط,محنبط
7ambit,حَنْبِط,حنبط
y7ambit,يحَنْبِط,يحنبط
7ambat,حَنْبَط,حنبط
7antuur,حَنْتُور,حنتور
7anatiir,حَنَاتِير,حناتير
2it7antar,اِتْحَنْتَر,اتحنتر
yit7antar,يِتْحَنْتَر,يتحنتر
t7antar,تْحَنْتَر,تحنتر
7antashe,حَنْتَشِة,حنتشة
7anatsh,حَنْتَش,حنتش
7antish,حَنْتِش,حنتش
y7antish,يحَنْتِش,يحنتش
7antash,حَنْتَش,حنتش
7unjara,حُنْجَرَة,حنجرة
7andjuur,حَنْجُور,حنجور
7anaajir,حَنَاجِر,حناجر
7anaadjiir,حَنَاجِير,حناجير
m7andjis,مْحَنْجِص,محنجص
7andjis,حَنْجِص,حنجص
y7andjis,يحَنْجِص,يحنجص
7andjas,حَنْجَص,حنجص
7anjale,حَنْجَلِة,حنجلة
7anjil,حَنْجِل,حنجل
y7anjil,يحَنْجِل,يحنجل
7anjal,حَنْجَل,حنجل
7an7in,حَنْحِن,حنحن
y7an7in,يحَنْحِن,يحنحن
7an7an,حَنْحَن,حنحن
mit7andir,مِتْحَنْدِر,متحندر
7andir,حَنْدِر,حندر
2it7andar,اِتْحَنْدَر,اتحندر
y7andir,يحَنْدِر,يحندر
yit7andar,يِتْحَنْدَر,يتحندر
7andar,حَنْدَر,حندر
t7andar,تْحَنْدَر,تحندر
m7andiq,مْحَنْدِق,محندق
7andaqooq,حَنْدَقَوق,حندقوق
7andiq,حَنْدِق,حندق
y7andiq,يحَنْدِق,يحندق
7andaq,حَنْدَق,حندق
7anash,حَنَش,حنش
m7annas,مْحَنَّص,محنص
ta7niis,تَحْنِيص,تحنيص
2it7annas,اِتْحَنَّص,اتحنص
yit7annas,يِتْحَنَّص,يتحنص
t7annas,تْحَنَّص,تحنص
7annis,حَنِّص,حنص
y7annis,يحَنِّص,يحنص
7annas,حَنَّص,حنص
7inti,حِنْطِي,حنطي
ta7niit,تَحْنِيط,تحنيط
m7annat,مْحَنَّط,محنط
2it7annit,اِتْحَنَّط,اتحنط
yit7annit,يِتْحَنَّط,يتحنط
t7annit,تْحَنَّط,تحنط
7annit,حَنِّط,حنط
y7annit,يحَنِّط,يحنط
7annat,حَنَّط,حنط
7andal,حَنْظَل,حنظل
7andala,حَنْظَلَة,حنظلة
7anafiyye,حَنَفِيِّة,حنفية
7anafiyye,حَنَفِيِّة,حنفية
mu7annak,مُحَنَّك,محنك
m7annik,مْحَنِّك,محنك
7anak,حَنَك,حنك
7nuuk,حْنُوك,حنوك
shidd 7anakak,شِدّ حَنَكَك,شد حنكك
ytuqq 7anak,يطُقّ حَنَك,يطق حنك
taqq 2il7anak,طَقّ الحَنَك,طق الحنك
7annik,حَنِّك,حنك
2it7annak,اِتْحَنَّك,اتحنك
y7annik,يحَنِّك,يحنك
yit7annak,يِتْحَنَّك,يتحنك
7annak,حَنَّك,حنك
t7annak,تْحَنَّك,تحنك
7aniin,حَنِين,حنين
7anuun,حَنُون,حنون
7anaayin,حَنَايِن,حناين
7inniyye,حِنّيِّة,حنية
ta7niin,تَحْنِين,تحنين
7anaan,حَنَان,حنان
7inn,حِنّ,حن
2abu 2il7inn,أَبو الحِنّ,أبو الحن
7inn,حِنّ,حن
7annin,حَنِّن,حنن
y7inn,يحِنّ,يحن
y7annin,يحَنِّن,يحنن
7ann,حَنّ,حن
7annan,حَنَّن,حنن
ma7ni,مَحْنِي,محني
m7anna,مْحَنّى,محنى
7anye,حَنْيِة,حنية
7inna,حِنَّا,حنا
7unna,حُنَّا,حنا
2in7inaa2,اِنْحِنَاء,انحناء
7anni tiizak,حَنِّي طِيزَك,حني طيزك
2abu 2il7inna,أَبُو الحِنَّا,أبو الحنا
3ala fard 7inna,على فَرْد حِنَّا,على فرد حنا
2i7ni,اِحْنِي,احني
2in7ani,اِنْحَنِي,انحني
2in7ini,اِنْحِنِي,انحني
7anni,حَنِّي,حني
yi7ni,يِحْنِي,يحني
yin7ani,يِنْحَنِي,ينحني
yin7ini,يِنْحِنِي,ينحني
y7anni,يحَنِّي,يحني
7ana,حَنَى,حنى
2in7ana,اِنْحَنَى,انحنى
7anna,حَنَّى,حنى
7oobe,حَوبِة,حوبة
7uut,حُوت,حوت
7iitaan,حِيتَان,حيتان
2a7waj,أَحْوَج,أحوج
mi7taaj,مِحْتَاج,محتاج
7aaje,حَاجِة,حاجة
mu7taaj,مُحْتَاج,محتاج
2i7tiyaaj,اِحْتِيَاج,احتياج
2it7awwaj,اِتْحَوَّج,اتحوج
yit7awwaj,يِتْحَوَّج,يتحوج
t7awwaj,تْحَوَّج,تحوج
2i7taaj,اِحْتَاج,احتاج
7awwaj,حَوِّج,حوج
2i7wij,اِحْوِج,احوج
yi7taaj,يِحْتَاج,يحتاج
y7awwij,يحَوِّج,يحوج
yi7wij,يِحْوِج,يحوج
2i7taaj,إِحْتَاج,إحتاج
7awwaj,حَوَّج,حوج
2a7waj,أَحْوَج,أحوج
ta7wii7e,تَحْوِيحَة,تحويحة
7aa7,حَاح,حاح
2idduqqa wil7aa7,الدَقَّة وَالحَاح,الدقة والحاح
7awwi7,حَوِّح,حوح
7oo7i,حَوحِي,حوحي
y7awwi7,يحَوِّح,يحوح
y7oo7i,يحَوحِي,يحوحي
7awwa7,حَوَّح,حوح
7aa7a,حَاحَا,حاحا
m7awwid,مْحَوِّد,محود
7awade,حَوَدِة,حودة
7awwid,حَوِّد,حود
y7awwid,يحَوِّد,يحود
7awwad,حَوَّد,حود
ma7aawir,مَحَاوِر,محاور
mi7war,مِحْوَر,محور
7iwaar,حِوَار,حوار
m7awwir,مْحوِّر,محور
7uwweera,حُوَّيرَة,حويرة
7uura,حُورَة,حورة
7wayyir,حْوَيِّر,حوير
2itta7wiir,تَحْوِير,تحوير
7uwwar,حُوَّر,حور
7awwir,حَوِّر,حور
y7awwir,يحَوِّر,يحور
7awwar,حَوَّر,حور
7awarwar,حَوَرْوَر,حورور
2in7aaz,اِنْحَاز,انحاز
yin7aaz,يِنْحَاز,ينحاز
2in7aaz,اِنْحَاز,انحاز
muta7ayyiz,مُتَحَيِّز,متحيز
ta7ayyuz,تَحَيُّز,تحيز
2in7iyaaz,اِنْحِيَاز,انحياز
mun7aaz,مُنْحَاز,منحاز
mun7aaz,مُنْحَاز,منحاز
7aawuuz,حَاوُوز,حاووز
7awaawiiz,حَوَاوِيز,حواويز
7aayis,حَايِس,حايس
mi7taas,مِحْتَاس,محتاس
7oose,حَوسِة,حوسة
7uus,حُوس,حوس
2i7taas,اِحْتَاس,احتاس
y7uus,يِحُوس,يحوس
yi7taas,يِحْتَاس,يحتاس
7aas,حَاس,حاس
2i7taas,اِحْتَاس,احتاس
7aayish,حَايِش,حايش
m7awwish,مْحَوِّش,محوش
ta7wiishe,تَحْوِيشِة,تحويشة
7awwaashe,حَوَّاشِة,حواشة
7oosh,حَوش,حوش
ta7wiish,تَحْوِيش,تحويش
7waash,حْوَاش,حواش
7oosh 2ilghanam,حَوش الغَنَم,حوش الغنم
2in7aash,اِنْحَاش,انحاش
yin7aash,يِنْحَاش,ينحاش
2in7aash,اِنْحَاش,انحاش
7uush,حُوش,حوش
7awwish,حَوِّش,حوش
y7awwish,يحَوِّش,يحوش
y7uush,يحُوش,يحوش
7awwash,حَوَّش,حوش
7aash,حَاش,حاش
7aayis,حَايِص,حايص
7oos,حَوص,حوص
bi7uus wibiluus,بِيحُوص وبِيلُوص,بيحوص وبيلوص
7aas,حَاص,حاص
7uus,حُوص,حوص
y7uus,يحُوص,يحوص
y7aas,يحَاص,يحاص
7aas,حَاص,حاص
7aas,حَاص,حاص
7ood,حَوض,حوض
7waad,حْوَاض,حواض
7ood 2il2insaan,حَوض الإِنْسَان,حوض الإنسان
b7ood na3na3,بحَوض نَعْنَع,بحوض نعنع
7awwiit,حَوِّيط,حويط
ta7wiita,تَحْوِيطَة,تحويطة
2i7tiyaat,اِحْتِيَاط,احتياط
7eet,حَيط,حيط
mu7iit,مُحِيط,محيط
ta7wiit,تَحْوِيط,تحويط
7eet,حَيط,حيط
7eet,حَيط,حيط
7iitaan,حِيطَان,حيطان
dahir 2il7eet,ظَهِر الحيط,ظهر الحيط
7iit,حِيط,حيط
maakhid 2i7tiyaato,مَاخِذ اِحْتِيَاطه,ماخذ احتياطه
2il7eet 3al7eet,الحَيط عَالحَيط,الحيط عالحيط
law t7ut 2ijreek bil7eet,لَو تْحُطّ اِجْرَيك بَالحَيط,لو تحط اجريك بالحيط
fawwatni bil7eet,فَوَّتْنِي بَالحَيط,فوتني بالحيط
mistawti 7eetak,مِسْتَوْطِي حَيطَك,مستوطي حيطك
taali3 min 7eet,طَالِع مِن حَيط,طالع من حيط
2it7awwat,اِتْحَوَّط,اتحوط
yit7awwat,يِتْحَوَّط,يتحوط
t7awwat,تْحَوَّط,تحوط
2a7iit,أَحِيط,أحيط
7awwit,حَوِّط,حوط
2i7taat,اِحْتَاط,احتاط
7awwit,حَوِّط,حوط
y7iit,يحِيط,يحيط
y7awwit,يحَوِّط,يحوط
yi7taat,يِحْتَاط,يحتاط
y7awwit,يحَوِّط,يحوط
2a7aat,أَحَاط,أحاط
7awwat,حَوَّط,حوط
2i7taat,اِحْتَاط,احتاط
7awwat,حَوَّط,حوط
7uuf,حُوف,حوف
y7uuf,يحُوف,يحوف
7aaf,حَاف,حاف
7awaalayn,حَوَالَين,حوالين
7oola,حَولَا,حولا
min7iwil,مِنْحِوِل,منحول
mini7wil,مِنِحْوِل,منحول
2a7wal,أَحْوَل,أحول
musta7iil,مُسْتَحِيل,مستحيل
7aali,حَالِي,حالي
7uul,حُول,حول
m7aawil,مْحَاوِل,محاول
7awaale,حَوَالِة,حوالة
mu7aawale,مُحَاوَلِة,محاولة
2isti7aale,اِسْتَحَالِة,استحالة
ta7wiil,تَحْوِيل,تحويل
7aal,حَال,حال
7awal,حَوَل,حول
2a7waal,أَحْوَال,أحوال
2il2a7waal 2ilmadaniyye,الأحْوَال المَدَنِيِّة,الأحوال المدنية
bihuqq b7aalo,بيهُقّ بحَالُه,بيهق بحاله
qadd 7aalo,قَدّ حَالُه,قد حاله
7aalto bilweel,حَالْتُه بَالوَيل,حالته بالويل
7aali,حَالِي,حالي
7awwil,حوِّل,حول
7uul,حُول,حول
2i7wil,اِحوِل,احول
7aawil,حَاوِل,حاول
2ista7iil,اِسْتَحِيل,استحيل
y7awwil,يحوِّل,يحول
ya7uul,يحُول,يحول
yi7wil,يِحوِل,يحول
2in7iwil,اِنْحِوِل,انحول
2ini7iwil,اِنِحْوِل,انحول
yin7iwil,يِنْحِوِل,ينحول
yini7iwil,يِنِحْوِل,ينحول
y7aawil,يحَاوِل,يحاول
7aala,حَالِة,حالة
yista7iil,يِسْتَحِيل,يستحيل
7awwal,حوَّل,حول
7aal,حَال,حال
7awal,حَوَل,حول
2in7awal,اِنْحَوَل,انحول
7aawal,حَاوَل,حاول
2ista7aal,اِسْتَحَال,استحال
7aayim,حَايِم,حايم
ta7wiim,تَحْوِيم,تحويم
7oome,حَومِة,حومة
bart 7oome,بَرْط حَومِة,برط حومة
7uum,حُوم,حوم
7awwim,حَوِّم,حوم
y7uum,يحُوم,يحوم
y7awwim,يحَوِّم,يحوم
7aam,حَام,حام
7awwam,حَوَّم,حوم
ma7wi,مَحْوي,محوي
7aawi,حَاوِي,حاوي
mi7tawi,مِحْتَوِي,محتوي
7aawye,حَاوْيِة,حاوية
7awiyye,حَوِيِّة,حوية
mu7tawa,مُحْـتَوى,محـتوى
2i7wi,اِحْوِي,احوي
2i7tiwi,اِحْتِوِي,احتوي
yi7wi,يِحْوِي,يحوي
yi7tiwi,يِحْتِوِي,يحتوي
7iwi,حِوِي,حوي
2i7tawa,اِحْتَوَى,احتوى
2im7ayyi7,مْحَيِّح,محيح
7ayyi7,حَيِّح,حيح
y7ayyi7,يحَيِّح,يحيح
7ayya7,حيَّح,حيح
mu7aayid,مُحَايِد,محايد
7iyaadiyye,حِيَادِيِّة,حيادية
7iyaad,حِيَاد,حياد
7ayyid,حَيِّد,حيد
7iid,حِيد,حيد
y7iid,يحِيد,يحيد
y7ayyid,يحَيِّد,يحيد
7aad,حَاد,حاد
7ayyad,حَيَّد,حيد
7eedari,حَيدَرِي,حيدري
7eedariyye,حَيدَرِيِّة,حيدرية
m7ayyar,مْحَيَّر,محير
7ayraan,حَيْرَان,حيران
mi7taar,مِحْتَار,محتار
7iira,حِيرِة,حيرة
2i7tarna yaa qar3a min ween bidna nmashtik,اِحترنَا يَاقرعة من وين بدنَا نمشطك,احترنا ياقرعة من وين بدنا نمشطك
2i7taar,اِحْتَار,احتار
7ayyir,حَيِّر,حير
7aa2ir,حَائِر,حائر
yi7taar,يِحْتَار,يحتار
y7ayyir,يحَيِّر,يحير
2i7taar,اِحْتَار,احتار
7ayyar,حَيَّر,حير
m7ayrin,مْحَيْرِن,محيرن
m7ayrane,مْحَيْرَنِة,محيرنة
7ayrin,حَيْرِن,حيرن
y7ayrin,يْحَيْرِن,يحيرن
7ayran,حَيْرَن,حيرن
7eesh,حَيش,حيش
7eeshma,حَيشْمَا,حيشما
7ees,حَيص,حيص
7ees bees,حَيص بَيص,حيص بيص
7oofe,حَوفِة,حوفة
7oof,حَوف,حوف
yaa 7oof,يَا حَوف,يا حوف
7eef,حَيف,حيف
yaa 7eef,يَا حَيف,يا حيف
7ayyif,حيِّف,حيف
y7ayyif,يحيِّف,يحيف
7ayyaf,حَيَّف,حيف
7iiqataane,حِيقَطَانِة,حيقطانة
mu7taal,مُحْتَال,محتال
7iyalji,حِيَلْجِي,حيلجي
2i7aale,إِحَالِة,إحالة
7eel,حَيل,حيل
2i7tiyaal,اِحْتيَال,احتيال
2inhadd 7eeli,اِنْهَدّ حَيلِي,انهد حيلي
7iile,حِيلِة,حيلة
7iyal,حِيَل,حيل
2il7iile wissiile,الحِيلِة وَالسِّيلِة,الحيلة والسيلة
2il7iile wiliftiile,الحِيلِة وَالفْتِيلِة,الحيلة والفتيلة
maa 7iilto 7iile,مَا حِيلتُه حِيلِة,ما حيلته حيلة
maa 7iilto 2illada,مَا حِيلتُه اللَّضَى,ما حيلته اللضى
7iil,حِيل,حيل
2it7aayal,اِتْحَايَل,اتحايل
2i7taal,اِحْتَال,احتال
y7iil,يحِيل,يحيل
yit7aayal,يِتْحَايَل,يتحايل
yi7taal,يِحْتَال,يحتال
2a7aal,أَحَال,أحال
t7aayal,تْحَايَل,تحايل
2i7taal,اِحْتَال,احتال
7iin,حِين,حين
7iin,حِين,حين
7yaane,حْيَانِة,حيانة
7weene,حْوَينِة,حوينة
mista7yin,مِسْتَحْيِن,مستحين
m7ayyin,مْحَيِّن,محين
7yaane,حْيَانِة عَاد,حيانة عاد
7yaane,حْيَانِة فيه,حيانة فيه
2al7iin,الحِين,الحين
yaa 7weene,يَا حْوَينِة,يا حوينة
hal7iin,هَالحِين,هالحين
7ayyin,حَيِّن,حين
2ista7yin,اِسْتَحْيِن,استحين
y7ayyin,يحَيِّن,يحين
yista7yin,يِسْتَحْيِن,يستحين
7ayyan,حَيَّن,حين
2ista7yan,اِسْتَحيَن,استحين
mit7eewin,مِتْحَيوِن,متحيون
7aywane,حَيْوَنِة,حيونة
2a7aywan,أَحَيْوَن,أحيون
7ayawaan,حَيَوَان,حيوان
7aywaan,حَيْوَان,حيوان
2il7aywane bdammo,الحَيوَنِة بدمُّه,الحيونة بدمه
2it7eewan,اِتْحَيوَن,اتحيون
yit7eewan,يِتْحَيوَن,يتحيون
t7eewan,تْحَيوَن,تحيون
7aya,حَيَا,حيا
7ayy,حَيّ,حي
misti7i,مِسْتِحِي,مستحي
2a7yaa2,أَحيَاء,أحياء
m7ayyi,مْحيِّي,محيي
mista7i,مِسْتَحِي,مستحي
7ayaa,حَيَاة,حياة
ta7iyye,تَحِيِّة,تحية
7ayye,حَيِّة,حية
7ayye,حَيِّة,حية
7ayy,حَيّ,حي
ma7ya,مَحْيَا,محيا
ma7ya,مَحْيَا,محيا
7aya,حَيَاء,حياء
7ayaaya,حَيَايَا,حيايا
7ayaaya,حَيَايَا,حيايا
2a7yaa2,أَحيَاء,أحياء
7ayaaya,حَيَايَا,حيايا
7ayaaya,حَيَايَا,حيايا
2iddinya 7ayaa 2aw moot,الدِّنْيَا حَيَاة أَو مَوت,الدنيا حياة أو موت
7ayaa min 2ilqille,حَيَاة من القلِّة,حياة من القلة
wi7yaatak,وِحَيَاتَك,وحياتك
wi7yaat 2alla,وِحَيَاة الله,وحياة الله
2alla m7ayyi 2aslak,الله مْحيِّي أَصْلَك,الله محيي أصلك
2illi byisti7i bitruu7 3alee,الِّلي بْيِسْتِحِي بِتْرُوح عَلَيه,اللي بيستحي بتروح عليه
laa 7aya wala khajal,لَا حَيَاء ولَا خَجَل,لا حياء ولا خجل
taaqiq shirsh 2il7aya,طَاقِق شِرْش الحَيَاء,طاقق شرش الحياء
7ayye min ti7t 2ittibin,حَيِّة مِن تَحْت التِّبِن,حية من تحت التبن
2il7ayye maa bitsiir khayye,الحَيِّة مَابِتْصِير خَيِّة,الحية مابتصير خية
bookluu raas 2il7ayye,بيَوكْلُوَا رَاس الحَيِّة,بيوكلوا راس الحية
7ayye baqlaawiyye,حَيِّة بقلَاوية,حية بقلاوية
2i7yi,اِحيي,احيي
2i7ya,اِحْيَا,احيا
7ayyi,حيّ,حي
2isti7i,اِسْتِحِي,استحي
2ista7i,اِسْتَحِي,استحي
yi7yi,يِحْيَا,يحيا
yi7ya,يحيي,يحيي
y7ayyi,يحيّ,يحي
yisti7i,يِسْتِحِي,يستحي
yista7i,يِسْتَحِي,يستحي
7iyi,حِيِي,حيي
2a7ya,أَحيَا,أحيا
7ayya,حَيَّا,حيا
2ista7a,اِسْتَحَى,استحى
khaam,خَام,خام
khaame,خَامِة,خامة
mitkhabbi,مِتْخَبِّي,متخبي
mkhabbi,مْخَبِّي,مخبي
mkhabba,مْخَبَّى,مخبى
khaabye,خَابْيِة,خابية
tikhbaaye,تِخْبَايِة,تخباية
khawaabi,خَوَابي,خوابي
makhba2,مَخْبَأ,مخبأ
makhaabi,مَخَابِي,مخابي
2itkhabba,اِتْخَبَّا,اتخبا
makhaabi2,مَخَابِئ,مخابئ
khabbi,خَبِّي,خبي
ykhabbi,يخَبِّي,يخبي
yitkhabba,يِتْخَبَّا,يتخبا
khabba,خَبَّا,خبا
tkhabba,تْخَبَّا,تخبا
khubus,خُبُث,خبث
khabsane,خَبْثَنِة,خبثنة
khabiis,خَبِيث,خبيث
khubasa,خُبَثَاء,خبثاء
waram khabiis,وَرَم خَبِيث,ورم خبيث
2itkhabsan,اِتْخَبْثَن,اتخبثن
yitkhabsan,يِتْخَبْثَن,يتخبثن
tkhabsan,تْخَبْثَن,تخبثن
2is2al mjarrib wala tis2al khabiir,إِسْأَل مْجَرِّب ولَا تِسْأَل خَبِير,إسأل مجرب ولا تسأل خبير
khabiir,خَبِير,خبير
khubaraa2,خُبَرَاء,خبراء
khabariyye,خَبَرِيِّة,خبرية
mukhaabaraat,مُخَابَرَات,مخابرات
2ikhbaariyye,إِخَبَارِيِّة,إخبارية
khibra,خِبْرَة,خبرة
khabar,خَبَر,خبر
mukhbir,مُخْبِر,مخبر
2ikhtibaar,اِخْتِبَار,اختبار
2akhbaar,أَخْبَار,أخبار
2aquss khabarak,أَقُصّ خَبَرَك,أقص خبرك
2ijaahum khabaro,إِجَاهُم خَبَرُه,إجاهم خبره
maa kazzab khabar,مَا كَذَّب خَبَر,ما كذب خبر
khabbir,خَبِّر,خبر
2itkhaabar,اِتْخَابَر,اتخابر
2ikhtibir,اِخْتِبِر,اختبر
ykhabbir,يخَبِّر,يخبر
yitkhaabar,يِتْخَابَر,يتخابر
yikhtibir,يِخْتِبِر,يختبر
khabbar,خَبَّر,خبر
tkhaabar,تْخَابَر,تخابر
2ikhtabar,اِخْتَبَر,اختبر
khaabiz,خَابِز,خابز
khaabzo wu3aajno,خَابْزُه وعَاجْنُه,خابزه وعاجنه
khubze,خُبْزِة,خبزة
khabaaze,خَبَّازِة,خبازة
khubbeeze,خُبَّيزِة,خبيزة
khubbeezit 2ilijmaal,خُبَّيزِة الجْمَال,خبيزة الجمال
khabiz,خَبِز,خبز
khabiiz,خَبِيز,خبيز
khabbaaz,خَبَّاز,خباز
makhbaz,مَخْبَز,مخبز
khubiz,خُبِز,خبز
khubiz 3awiis,خُبِز عَوِيص,خبز عويص
khubuz,خُبُز,خبز
makhaabiz,مَخَابِز,مخابز
fatt khubiz,فَتّ خُبِز,فت خبز
khubiz rikhuu,خُبِز رِخُو,خبز رخو
2ikhbiz,اِخْبِز,اخبز
yikhbiz,يِخْبِز,يخبز
khabaz,خَبَز,خبز
mkhabbis,مْخَبِّص,مخبص
khabiisa,خَبِيصَة,خبيصة
mkhabbis,مْخَبِّص,مخبص
khabsa,خَبْصَة,خبصة
khabiisa,خَبِيصَة,خبيصة
takhbiis,تَخْبِيص,تخبيص
ruzz khabaabiis,رُزّ خَبَابِيص,رز خبابيص
2itkhabbas,اِتْخَبَّص,اتخبص
yitkhabbas,يِتْخَبَّص,يتخبص
tkhabbas,تْخَبَّص,تخبص
2ukhbus,اُخْبُص,اخبص
khabbis,خَبِّص,خبص
yukhbus,يُخْبُص,يخبص
ykhabbis,يخَبِّص,يخبص
khabas,خَبَص,خبص
khabbas,خَبَّص,خبص
khabta,خَبْطَة,خبطة
mukhbaat,مُخْبَاط,مخباط
mikhbaat,مِخْبَاط,مخباط
makhaabiit,مَخَابِيط,مخابيط
makhaabiit,مَخَابِيط,مخابيط
na3aame tkhabbit bibatnak,نَعَامِة تْخَبِّط بِبَطْنَك,نعامة تخبط ببطنك
2inkhibit,اِنْخِبِط,انخبط
yinkhibit,يِنْخِبِط,ينخبط
2inkhabat,اِنْخَبَط,انخبط
2ukhbut,اُخْبُط,اخبط
khabbit,خَبِّط,خبط
yukhbut,يُخْبُط,يخبط
ykhabbit,يخَبِّط,يخبط
khabat,خَبَط,خبط
khabbat,خَبَّط,خبط
tkhabbat,تْخَبَّط,تخبط
yitkhabbat,يِتْخَبَّط,يتخبط
2itkhabbat,اِتْخَبَّط,اتخبط
khabal,خَبَل,خبل
makhbuul,مَخْبُول,مخبول
minkhibil,مِنْخِبِل,منخبل
2ikhbil,اِخْبِل,اخبل
2inkhibil,اِنْخِبِل,انخبل
yikhbil,يِخْبِل,يخبل
yinkhibil,يِنْخِبِل,ينخبل
khabal,خَبَل,خبل
2inkhabal,اِنْخَبَل,انخبل
mkhootil,مْخَوتِل,مخوتل
khootil,خَوتِل,خوتل
ykhootil,يخَوتِل,يخوتل
khootal,خَوتَل,خوتل
khaatim,خَاتِم,خاتم
khatme,خَتْمِة,ختمة
khaatme,خَاتْمِة,خاتمة
khweetme,خْوَيتْمِة,خويتمة
khaatim,خَاتِم,خاتم
khatim,خَتِم,ختم
khawaatim,خَوَاتِم,خواتم
khtuume,خْتُومِة,ختومة
khawaatiim,خَوَاتِيم,خواتيم
mithil 2ilkhaatim bi2isba3ha,مِثِل الخَاتِم بإِصْبَعْهَا,مثل الخاتم بإصبعها
2ikhtim 2il3ilm,خَتَم العِلم,ختم العلم
khweetmit 2il7ayaaya,خْوَيتْمِة الحَيَايَا,خويتمة الحيايا
2inkhitim,اِنْخِتِم,انختم
yinkhitim,يِنْخِتِم,ينختم
2inkhatam,اِنْخَتَم,انختم
2ikhtim,اِخْتِم,اختم
khattim,خَتِّم,ختم
2ikhtitim,اِخْتِتِم,اختتم
yikhtim,يِخْتِم,يختم
ykhattim,يخَتِّم,يختم
yikhtitim,يِخْتِتِم,يختتم
khatam,خَتَم,ختم
khattam,خَتَّم,ختم
2ikhtatam,اِخْتَتَم,اختتم
mkhattan,مْخَتَّن,مختن
makhtuun,مَخْتُون,مختون
khitaan,خِتَان,ختان
2inkhitin,اِنْخِتِن,انختن
yinkhitin,يِنْخِتِن,ينختن
2inkhatan,اِنْخَتَن,انختن
2ikhtin,اِخْتِن,اختن
yikhtin,يِخْتِن,يختن
khatan,خَتَن,ختن
khattin,خَتِّن,ختن
ykhattin,يخَتِّن,يختن
khattan,خَتّن,ختن
mkhatyir,مْخَتْيِر,مختير
khityaar,خِتْيَار,ختيار
khityaariyye,خِتْيَارِيِّة,ختيارية
khataayre,خَتَايْرَة,ختايرة
khatyara,خَتْيَرَة,ختيرة
khatyir,خَتْيِر,ختير
ykhatyir,يْخَتْيِر,يختير
khatyar,خَتْيَر,ختير
khajuul,خَجُول,خجول
khajlaan,خَجْلَان,خجلان
khajlaan,خَجْلَان,خجلان
mkhaajale,مْخَاجَلِة,مخاجلة
khajal,خَجَل,خجل
takhjiil,تَخْجِيل,تخجيل
2ikhjal,اِخْجَل,اخجل
khajjil,خَجِّل,خجل
ykhajjil,يخَجِّل,يخجل
yikhjal,يِخْجَل,يخجل
khijil,خِجِل,خجل
khajjal,خَجَّل,خجل
mkhadda,مْخَدِّة,مخدة
makhadda,مَخَدِّة,مخدة
khadd,خَدّ,خد
khuduud,خْدُود,خدود
7att 2iido 3akhaddo,حَطّ اِيدُه عَخَدُّه,حط ايده عخده
min tiin blaadak lutt 3akhdaadak,مِن طِين بْلَادَك لُطّ عَخْدَادَك,من طين بلادك لط عخدادك
mkhaddar,مْخَدَّر,مخدر
mukhaddir,مُخَدِّر,مخدر
khadar,خَدَر,خدر
khadaraan,خَدَرَان,خدران
khaddir,خَدِّر,خدر
2ikhdar,اِخْدَر,اخدر
2itkhaddar,اِتْخَدَّر,اتخدر
2ikhdarr,اِخْدَرّ,اخدر
yikhdar,يِخْدَر,يخدر
yitkhaddar,يِتْخَدَّر,يتخدر
yikhdarr,يِخْدَرّ,يخدر
ykhaddir,يخَدِّر,يخدر
khidir,خِدِر,خدر
tkhaddar,تْخَدَّر,تخدر
2ikhdarr,اِخْدَرّ,اخدر
khaddar,خَدَّر,خدر
mukhaadi3,مُخَادِع,مخادع
khid3a,خِدْعَة,خدعة
khud3a,خُدْعَة,خدعة
khuda3,خُدَع,خدع
khida3,خِدَع,خدع
2ikhda3,اِخْدَع,اخدع
2inkhidi3,اِنْخِدِع,انخدع
yikhda3,يِخْدَع,يخدع
yinkhidi3,يِنْخِدِع,ينخدع
khada3,خَدَع,خدع
2inkhada3,اِنْخَدَع,انخدع
mustakhdam,مُسْتَخْدَم,مستخدم
khidme,خِدْمِة,خدمة
khaddaam,خَدَّام,خدام
2istikhdaam,اِسْتِخْدَام,استخدام
khadam,خَدَم,خدم
2ikhdim,اِخْدِم,اخدم
khaddim,خَدِّم,خدم
2istakhdim,اِسْتَخْدِم,استخدم
yikhdim,يِخْدِم,يخدم
ykhaddim,يخَدِّم,يخدم
yistakhdim,يِسْتَخْدِم,يستخدم
khadam,خَدَم,خدم
khaddam,خَدَّم,خدم
2istakhdam,اِسْتَخْدَم,استخدم
khizlaan,خِذْلَان,خذلان
takhaazul,تَخَاذُل,تخاذل
2inkhizil,اِنْخِذِل,انخذل
yinkhizil,يِنْخِذِل,ينخذل
2inkhazal,اِنْخَذَل,انخذل
2ikhzil,اِخْذِل,اخذل
yikhzil,يِخْذِل,يخذل
khazal,خَذَل,خذل
2itkhaazal,اِتْخَاذَل,اتخاذل
yitkhaazal,يِتْخَاذَل,يتخاذل
tkhaazal,تْخَاذَل,تخاذل
kharbaan,خَرْبَان,خربان
kharraab,خَرَّاب,خراب
kharaabe,خَرَابِة,خرابة
khirbe,خِرْبِة,خربة
kharruub,خَرُّوب,خروب
kharaab,خَرَاب,خراب
kharraabit byuut,خَرَّابِة بْيُوت,خرابة بيوت
yaa khariib 2ilkooshe,يَا خَرِّيب الكَوشِة,يا خريب الكوشة
2ikhrab,اِخْرَب,اخرب
kharrib,خَرِّب,خرب
yikhrab,يِخْرَب,يخرب
kharriib,خَرِّيب,خريب
ykharrib,يخَرِّب,يخرب
khirib,خِرِب,خرب
kharran,خَرَّب,خرب
mkharbash,مْخَرْبَش,مخربش
mkharbish,مْخَرْبِش,مخربش
mkharbash,مْخَرْبَش,مخربش
kharbuushe,خَرْبُوشِة,خربوشة
kharbuush,خَرْبُوش,خربوش
kharaabiish,خَرَابِيش,خرابيش
kharaabiish,خَرَابِيش,خرابيش
kharaabiish jaaj,خَرَابِيش جَاج,خرابيش جاج
2itkharbash,اِتْخَرْبَش,اتخربش
yitkharbash,يِتْخَرْبَش,يتخربش
tkharbash,تْخَرْبَش,تخربش
kharbish,خَرْبِش,خربش
ykharbish,يخَرْبِش,يخربش
kharbash,خَرْبَش,خربش
kharbata,خَرْبَطَة,خربطة
kharbuuta,خَرْبُوطَة,خربوطة
kharaabiit,خَرَابِيط,خرابيط
mkharbit,مْخَرْبِط,مخربط
2itkharbat,اِتْخَرْبَط,اتخربط
yitkharbat,يِتْخَرْبَط,يتخربط
tkharbat,تْخَرْبَط,تخربط
kharbit,خَرْبِط,خربط
ykharbit,يخَرْبِط,يخربط
kharbat,خَرْبَط,خربط
khurj,خُرْج,خرج
mitkharrij,مِتْخَرِّج,متخرج
takharruj,تَخَرُّج,تخرج
makhraj,مَخْرَج,مخرج
khurraaj,خُرَّاج,خراج
khaarij,خَارِج,خارج
khirriij,خِرِّيج,خريج
khuruj,خُرُج,خرج
mukhrij,مُخْرِج,مخرج
khruuj,خْرُوج,خروج
makhaarij,مَخَارِج,مخارج
kharaj walam ya3ud,خَرَج ولَم يعُد,خرج ولم يعد
joozteen bkhuruj,جَوزْتَين بْخُرْج,جوزتين بخرج
beet 2ilkhaarij,بَيت الخَارِج,بيت الخارج
shurraabo khuruj,شُرَّابُه خُرُج,شرابه خرج
2ukhruj,اُخْرُج,اخرج
kharrij,خَرِّج,خرج
2itkharraj,اِتْخَرَّج,اتخرج
2istakhrij,اِسْتَخْرِج,استخرج
khaarij,خَارِج,خارج
2itkhaaraj,اِتْخَارَج,اتخارج
yukhruj,يُخْرُج,يخرج
ykharrij,يخَرِّج,يخرج
yitkharraj,يِتْخَرَّج,يتخرج
yistakhrij,يِسْتَخْرِج,يستخرج
ykhaarij,يخَارِج,يخارج
yitkhaaraj,يِتْخَارَج,يتخارج
kharaj,خَرَج,خرج
kharraj,خَرَّج,خرج
tkharraj,تْخَرَّج,تخرج
2istikhraj,اِسْتَخْرَج,استخرج
khaaraj,خَارَج,خارج
tkhaaraj,تْخَارَج,تخارج
2istikhraaj,اِسْتِخْرَاج,استخراج
2ikhraaj,إِخْرَاج,إخراج
2ikhrij,اِخْرِج,اخرج
yikhrij,يخْرِج,يخرج
2akhraj,أَخْرَج,أخرج
khurkhushshe,خُرْخُشِّة,خرخشة
kharkhashe,خَرْخَشِة,خرخشة
khurkheeshe,خُرْخَيشِة,خرخيشة
kharaakhiish,خَرَاخِيش,خراخيش
b2iidha zayy 2ilkhurkheeshe,بإِيدْهَا زَيّ الخُرْخَيشِة,بإيدها زي الخرخيشة
2itkharkhash,اِتْخَرْخَش,اتخرخش
yitkharkhash,يِتْخَرْخَش,يتخرخش
tkharkhash,تْخَرْخَش,تخرخش
kharkhish,خَرْخِش,خرخش
ykharkhish,يخَرْخِش,يخرخش
kharkhash,خَرْخَش,خرخش
2itkhardaq,اِتْخَرْدَق,اتخردق
mkhardaq,مْخَرْدَق,مخردق
yitkhardaq,يِتْخَرْدَق,يتخردق
tkhardaq,تْخَرْدَق,تخردق
khardiq,خَرْدِق,خردق
ykhardiq,يخَرْدِق,يخردق
khardaq,خَرْدَق,خردق
khara,خَرَا,خرا
2ilkikhkh 2akhu 2ilkhara,الكِخّ أَخُو الخَرَا,الكخ أخو الخرا
wijhak mitil midfaash 2ilkhara,وِجْهَك مِثِل مِدْفَاش الخَرَا,وجهك مثل مدفاش الخرا
2ilkhaari wilqaari waa7ad,الخَارِي وَالقَارِي وَاحَد,الخاري والقاري واحد
2ikhra,اِخْرَا,اخرا
2itkharyan,اِتْخَرْيَن,اتخرين
khaari,خَارِي,خاري
yikhra,يِخْرَا,يخرا
yitkharyan,يِتْخَرْيَن,يتخرين
khara,خَرَا,خرا
tkharyan,تْخَرْيَن,تخرين
kharaze,خَرَزِة,خرزة
kharazit 2ilbiir,خَرَزِة البِير,خرزة البير
makhraz,مَخْرَز,مخرز
mikhraaz,مِخْرَاز,مخراز
mikhraz,مِخْرَز,مخرز
kharaz,خَرَز,خرز
makhaariz,مَخَارِز,مخارز
makhaariz,مَخَارِز,مخارز
kharaze zarqa,خَرَزِة زَرْقَا,خرزة زرقا
kharsa,خَرْسَا,خرسا
2akhras,أَخْرَس,أخرس
makhruus,مَخْرُوس,مخروس
khurus,خُرُس,خرس
khursaan,خُرْسَان,خرسان
kharas,خَرَس,خرس
2ikhras,اِخْرَس,اخرس
2inkhiris,اِنْخِرِس,انخرس
kharris,خَرِّس,خرس
2ikhris,اِخْرِس,اخرس
yikhras,يِخْرَس,يخرس
yinkhiris,يِنْخَرَس,ينخرس
ykharris,يخَرِّس,يخرس
yikhris,يِخْرِس,يخرس
khiris,خِرِس,خرس
2inkharas,اِنْخَرَس,انخرس
kharras,خَرَّس,خرس
kharas,خَرَس,خرس
khriisto,خْرِيسْتُو,خريستو
kharshuum,خَرْشُوم,خرشوم
kharaashiim,خَرَاشِيم,خراشيم
kharshame,خَرْشَمِة,خرشمة
2itkharsham,اِتْخَرْشَم,اتخرشم
yitkharsham,يِتْخَرْشَم,يتخرشم
tkharsham,تْخَرْشَم,تخرشم
khurus,خُرُص,خرص
khariis,خَرِيص,خريص
khurus,خُرُص,خرص
khariis,خَرِيص,خريص
khursaan,خُرْصَان,خرصان
khraas,خْرَاص,خراص
2akhraas,أَخْرَاص,أخراص
yikhrut,يِخْرُط,يخرط
makhruuti,مَخْرُوطِي,مخروطي
kharriit,خَرِّيط,خريط
kharraat,خَرَّاط,خراط
minkhirit,مِنْخِرِط,منخرط
makhruut,مَخْرُوط,مخروط
2inkhiraat,اِنْخِرَاط,انخراط
khariita,خَرِيطَة,خريطة
kharaayit,خَرَايِط,خرايط
2ukhrut,اُخْرُط,اخرط
2inkhirit,اِنْخِرِط,انخرط
kharwit,خَرْوِط,خروط
yinkhirit,يِنْخِرِط,ينخرط
ykharwit,يخَرْوِط,يخروط
yukhrut,يُخْرُط,يخرط
2inkharat,اِنْخَرَط,انخرط
kharwat,خَرْوَط,خروط
kharat,خَرَط,خرط
mitkhartish,مِتْخَرْطِش,متخرطش
khartuushe,خَرْطُوشِة,خرطوشة
khartuush,خَرْطُوش,خرطوش
kharaatiish,خَرَاطِيش,خراطيش
daftar khartuush,دَفْتَر خَرْطُوش,دفتر خرطوش
khartish,خَرْطِش,خرطش
2itkhartash,اِتْخَرْطَش,اتخرطش
ykhartish,يخَرْطِش,يخرطش
yitkhartash,يِتْخَرْطَش,يتخرطش
khartash,خَرْطَش,خرطش
tkhartash,تْخَرْطَش,تخرطش
khurre3a,خُرِّيعَة,خريعة
khar3a,خَرْعَة,خرعة
kharwa3,خَرْوَع,خروع
zayy 2ilkharwa3,زَيّ الخَرْوَع,زي الخروع
kharri3,خَرِّع,خرع
ykharri3,يخَرِّع,يخرع
kharra3,خَرَّع,خرع
2ikhtiri3,اِخْتِرِع,اخترع
yikhtiri3,يِخْتِرِع,يخترع
2ikhtara3,اِخْتَرَع,اخترع
2ikhtiraa3,اِخْتِرَاع,اختراع
mukhtari3,مُخْتَرِع,مخترع
mikhtiri3,مِخْتِرِع,مخترع
kharfaan,خَرْفَان,خرفان
khuraafi,خُرَافِي,خرافي
khariifi,خَرِيفي,خريفي
mkharrif,مْخَرِّف,مخرف
mkharrif,مْخَرِّف,مخرف
khoorafe,خَورَفِة,خورفة
kharfane,خَرْفَنِة,خرفنة
khurraafiiye,خُرَّافِيِّة,خرافية
khariif,خَرِيف,خريف
kharuuf,خَارُوف,خاروف
kharafaan,خَرَفَان,خرفان
khurraaf,خُرَّاف,خراف
kharariif,خَرَارِيف,خراريف
khirfaan,خِرْفَان,خرفان
kharrif,خَرِّف,خرف
kharfin,خَرْفِن,خرفن
khoorif,خَورِف,خورف
2ikhraf,اِخْرَف,اخرف
2itkharfan,اِتْخَرْفَن,اتخرفن
ykharrif,يخَرِّف,يخرف
yikhraf,يِخْرَف,يخرف
ykharfin,يخَرْفِن,يخرفن
yitkharfan,يِتْخَرْفَن,يتخرفن
ykhoorif,يخَورِف,يخورف
kharraf,خَرَّف,خرف
khirif,خِرِف,خرف
kharfan,خَرْفَن,خرفن
tkharfan,تْخَرْفَن,تخرفن
khooraf,خَورَف,خورف
mkharfish,مْخَرْفِش,مخرفش
khurfeesh,خُرْفَيش,خرفيش
kharfish,خَرْفِش,خرفش
ykharfish,يْخَرْفِش,يخرفش
kharfash,خَرْفَش,خرفش
khirqka,خِرْقَة,خرقة
khaariq,خَارِق,خارق
mkharriq,مْخَرِّق,مخرق
khirka,خِرْقَة,خرقة
2ikhruq,اِخْرُق,اخرق
kharaaqka,خَرَّاقَة,خراقة
kharaariiqk,خَرَارِيق,خراريق
khurq,خُرْق,خرق
khiraqk,خِرَق,خرق
2ukhruq,اُخْرُق,اخرق
yikhruq,يِخْرُق,يخرق
2ikhtiriq,اِخْتِرِق,اخترق
2itkharraq,اِتْخَرَّق,اتخرق
yukhruq,يُخْرُق,يخرق
yikhtiriq,يِخْتِرِق,يخترق
yitkharraq,يِتْخَرَّق,يتخرق
kharaq,خَرَق,خرق
2ikhtaraq,اِخْتَرَق,اخترق
tkharraq,تْخَرَّق,تخرق
kharamanji,خَرَمَنْجِي,خرمنجي
kharamanjiyye,خَرَمَنْجِيِّة,خرمنجية
mkharmin,مْخَرْمِن,مخرمن
kharmaan,خَرْمَان,خرمان
khurum,خُرُم,خرم
khruume,خْرُومِة,خرومة
khruum,خْرُوم,خروم
baakul 3akhurm 2il2ibre,بَاكُل عَخُرْم الإِبْرِة,باكل عخرم الإبرة
qadd khurm 2il2ibre,قَدّ خُرُم الإِبْرِة,قد خرم الإبرة
2ikhram,اِخْرَم,اخرم
yikhram,يِخْرَم,يخرم
khirim,خِرِم,خرم
kharrim,خَرِّم,خرم
ykharrim,يخَرِّم,يخرم
kharram,خَرَّم,خرم
2ukhrum,اُخْرُم,اخرم
yukhrum,يُخْرُم,يخرم
kharam,خَرَم,خرم
mkharmash,مْخَرْمَش,مخرمش
tkharmashe,خَرْمَشِة,خرمشة
kharmuushe,خَرْمُوشِة,خرموشة
kharaamiish,خَرَامِيش,خراميش
kharmish,خَرْمِش,خرمش
2itkharmash,اِتْخَرْمَش,اتخرمش
ykharmish,يخَرْمِش,يخرمش
yitkharmash,يِتْخَرْمَش,يتخرمش
kharmash,خَرْمَش,خرمش
tkharmash,تْخَرْمَش,تخرمش
mkharwish,مْخَرْوِش,مخروش
kharruushe,خَرُّوشِة,خروشة
kharruush,خَرُّوش,خروش
khreewish,خْرَيوِش,خريوش
madaafit khreewish,مَضَافِة خْرَيوِش,مضافة خريوش
kharwish,خَرْوِش,خروش
ykharwish,يخَرْوِش,يخروش
kharwash,خَرْوَش,خروش
mkhazbil,مْخَزْبِل,مخزبل
khazbale,خَزْبَلِة,خزبلة
khazbil,خَزْبِل,خزبل
ykhazbil,يخَزْبِل,يخزبل
khazbal,خَزْبَل,خزبل
khazafi,خَزَفِي,خزفي
khazaf,خَزَف,خزف
khuzuq,خُزُق,خزق
khuzuqa,خْزُوقَة,خزوقة
khazaq 3eeno,خَزَق عَينُه,خزق عينه
mukhkho khuzuq,مُخُّه خُزُق,مخه خزق
qadd khuzq 2il3aqrab,قَدّ خُزُق العَقْرَب,قد خزق العقرب
2ikhzuq,اِخْزُق,اخزق
khazziq,خَزِّق,خزق
yikhzuq,يِخْزُق,يخزق
makhzuuq,مَخْزُوق,مخزوق
ykhazziq,يخَزِّق,يخزق
khazaq,خَزَق,خزق
khazzaq,خَزَّق,خزق
2inkhiziq,اِنْخِزِق,انخزق
yinkhiziq,يِنْخِزِق,ينخزق
2inkhazaq,اِنْخَزَق,انخزق
khaazuuq,خَازُوق,خازوق
khawaaziiq,خَوَازِيق,خوازيق
mfa77ij 3amiit khazuuq,مْفَحِّج عَمِية خَازُوق,مفحج عمية خازوق
khooziq,خَوزِق,خوزق
2itkhoozaq,اِتْخَوزَق,اتخوزق
ykhooziq,يخَوزِق,يخوزق
yitkhoozaq,يِتْخَوزَق,يتخوزق
khoozaq,خَوزَق,خوزق
tkhoozaq,تْخَوزَق,تخوزق
khazwig,خَزْوِق,خزوق
ykhazwig,يخَزْوِق,يخزوق
khazwag,خَزْوَق,خزوق
makhzuune,مَخْزُونِة,مخزونة
makhzan,مَخْزَن,مخزن
takhziin,تَخْزِين,تخزين
khaziin,خَزِين,خزين
khazzaan,خَزَّان,خزان
makhaazin,مَخَازِن,مخازن
2itkhazzan,اِتْخَزَّن,اتخزن
yitkhazzan,يِتْخَزَّن,يتخزن
tkhazzan,تْخَزَّن,تخزن
khazzin,خَزِّن,خزن
ykhazzin,يخَزِّن,يخزن
khazzan,خَزَّن,خزن
mukhzi,مُخْزِي,مخزي
khazwe,خَزْوِة,خزوة
2alla yikhziik khazwit klaab,الله يخزيك خزوة كلَاب,الله يخزيك خزوة كلاب
2ikhzi,اِخْزِي,اخزي
2inkhizi,اِنْخِزِي,انخزي
yikhzi,يِخْزِي,يخزي
yinkhizi,يِنْخِزِي,ينخزي
khaza,خَزَى,خزى
2inkhaza,اِنْخَزَى,انخزى
khasraan,خَسْرَان,خسران
mistakhsir,مِسْتَخْسِر,مستخسر
khasaara,خَسَارَة,خسارة
makhsar,مَخْسَر,مخسر
2ikhsar,اِخْسَر,اخسر
khassir,خَسِّر,خسر
2istakhsir,اِسْتَخْسِر,استخسر
yikhsar,يِخْسَر,يخسر
ykhassir,يخَسِّر,يخسر
yistakhsir,يِسْتَخْسِر,يستخسر
2istakhsar,اِسْتَخْسَر,استخسر
khisir,خِسِر,خسر
khassar,خَسَّر,خسر
khasiis,خَسِيس,خسيس
khisse,خِسِّة,خسة
khasse,خَسِّة,خسة
khass,خَسّ,خس
kibrat 2ilkhasse braaso,كِبْرَت الخَسِّة بْرَاسُه,كبرت الخسة براسه
khiss,خِسّ,خس
ykhiss,يخِسّ,يخس
khass,خَسّ,خس
makhsuu3,مَخْسُوع,مخسوع
khaasi3,خَاسِع,خاسع
2ikhsa3,اِخْسَع,اخسع
yikhsa3,يِخْسَع,يخسع
khisi3,خِسِع,خسع
makhsuuf,مَخْسُوف,مخسوف
khasfe,خَسْفِة,خسفة
khusuuf,خُسُوف,خسوف
khasaf 3aleek 2ittalafoon,خَسَف عَلَيك التِّلِفَون,خسف عليك التلفون
khasaf 3aleek 2ilbaab,خَسَف عَلَيك البَاب,خسف عليك الباب
2ikhsif,اِخْسِف,اخسف
2inkhisif,اِنْخِسِف,انخسف
yinkhisif,يِنْخِسِف,ينخسف
yikhsif,يِخْسِف,يخسف
khasaf,خَسَف,خسف
2inkhasaf,اِنْخَسَف,انخسف
khashshaabiyye,خَشَّابِيِّة,خشابية
mkhashshib,مْخَشِّب,مخشب
khashabe,خَشَبِة,خشبة
khashab,خَشَب,خشب
duqqu 3alkhashab,دُقُّوَا عَالخَشَب,دقوا عالخشب
naqqaar 2ilkhashab,نَقَّار الخَشَب,نقار الخشب
khashabo 3ariid,خَشَبُه عَرِيض,خشبه عريض
2inshaalla maa btirja3 2illa 3akhashabe,انشَالله مَا بتِرْجَع إِلَّا عَخَشَبِة,انشالله ما بترجع إلا عخشبة
khashshib,خَشِّب,خشب
2itkhashshab,اِتْخَشَّب,اتخشب
ykhashshib,يخَشِّب,يخشب
yitkhashshab,يِتْخَشَّب,يتخشب
tkhashshab,تْخَشَّب,تخشب
khashshab,خَشَّب,خشب
khashkhashe,خَشْخَشِة,خشخشة
khushkheeshe,خُشْخَيشِة,خشخيشة
khushkhash,خُشْخَاش,خشخاش
khashaakhiish,خَشَاخِيش,خشاخيش
khashkhish,خَشْخِش,خشخش
ykhashkhish,يخَشْخِش,يخشخش
khashkhash,خَشْخَش,خشخش
khushshe,خُشِّة,خشة
khushshe,خُشِّة,خشة
khshaash,خْشَاش,خشاش
khushash,خُشَش,خشش
khushsh btiizi,خُشّ بطِيزِي,خش بطيزي
khushsh,خُشّ,خش
ykhushsh,يخُشّ,يخش
khashsh,خَشّ,خش
2itkhashshat,اِتْخَشَّط,اتخشط
yitkhashshat,يِتْخَشَّط,يتخشط
tkhashshat,تْخَشَّط,تخشط
2inkhishit,اِنْخِشِط,انخشط
yinkhishit,يِنْخِشِط,ينخشط
2inkhashat,اِنْخَشَط,انخشط
2ikhshut,اِخْشُط,اخشط
yikhshut,يِخْشُط,يخشط
khashat,خَشَط,خشط
khashshit,خَشِّط,خشط
ykhashshit,يخَشِّط,يخشط
khashshat,خَشَّط,خشط
khushut,خُشُط,خشط
khshuuta,خْشُوطَة,خشوطة
khaashi3,خَاشِع,خاشع
khushuu3,خُشُوع,خشوع
2ikhsha3,اِخْشَع,اخشع
yikhsha3,يِخْشَع,يخشع
khishi3,خِشِع,خشع
khaashuuqka,خَاشُوقَة,خاشوقة
mukhshaaqka,مُخْشَاقَة,مخشاقة
khawaashiiqk,خَوَاشِيق,خواشيق
makhaashiiqk,مَخَاشِيق,مخاشيق
2inkhashim,اِنْخَشِم,انخشم
makhshuum,مَخْشُوم,مخشوم
khashim,خَشِم,خشم
khshuum,خْشُوم,خشوم
dagg khshuum,دَقّ خْشُوم,دق خشوم
2ikhshim,اِخْشِم,اخشم
2inkhishim,اِنْخِشِم,انخشم
yinkhashim,يِنْخَشِم,ينخشم
yikhshim,يِخْشِم,يخشم
yinkhishim,يِنْخِشِم,ينخشم
khasham,خَشَم,خشم
2inkhasham,اِنْخَشَم,انخشم
2ikhtishi,اِخْتِشِى,اختشى
yikhtishi,يِخْتِشِى,يختشى
2ikhtasha,اِخْتَشَى,اختشى
mkhassar,مْخَصَّر,مخصر
takhsiir,تَخْصِير,تخصير
khasir,خَصِر,خصر
2ikhtisaar,اِخْتِصَار,اختصار
khsuur,خْصُور,خصور
bikhtisaar,بَاِخْتِصَار,باختصار
khassir,خَصِّر,خصر
2ikhtisir,اِخْتَصِر,اختصر
ykhassir,يخَصَّر,يخصر
yikhtisir,يخْتَصِر,يختصر
khassar,خَصَّر,خصر
2ikhtasar,اِخْتَصَر,اختصر
mkhassas,مْخَصَّص,مخصص
khsuusi,خْصُوصِي,خصوصي
khaass,خَاصّ,خاص
khaassiyye,خَاصِّيِّة,خاصية
takhassus,تَخَصُّص,تخصص
khuss,خُصّ,خص
khusuus,خُصُوص,خصوص
khawaas,خَوَاص,خواص
khsaas,خْصَاص,خصاص
khassis,خَصِّص,خصص
2itkhassas,اِتْخَصَّص,اتخصص
khuss,خُصّ,خص
ykhuss,يخُصّ,يخص
ykhassis,يخَصِّص,يخصص
yitkhassas,يِتْخَصَّص,يتخصص
khass,خَصّ,خص
khassas,خَصَّص,خصص
tkhassas,تْخَصَّص,تخصص
khusle,خُصْلِة,خصلة
mkhassal,مْخَصَّل,مخصل
khusle,خُصْلِة,خصلة
khusal,خُصَل,خصل
khisaal,خِصَال,خصال
khassil,خَصِّل,خصل
2itkhassal,اِتْخَصَّل,اتخصل
ykhassil,يخَصِّل,يخصل
yitkhassal,يِتْخَصَّل,يتخصل
khassal,خَصَّل,خصل
tkhassal,تْخَصَّل,تخصل
khasim,خَصِم,خصم
mitkhaasim,مِتْخَاصِم,متخاصم
makhsuum,مَخْصُوم,مخصوم
khasim,خَصِم,خصم
makhsuum,مَخْصُوم,مخصوم
khusuumaat,خُصُومَات,خصومات
khsuum,خُصُوم,خصوم
makhaasiim,مَخَاصِيم,مخاصيم
2ikhsim,اِخْصِم,اخصم
khaasim,خَاصِم,خاصم
2itkhaasam,اِتْخَاصَم,اتخاصم
2ikhtisim,اِخْتِصِم,اختصم
2inkhisim,اِنْخِصِم,انخصم
yikhsim,يِخْصِم,يخصم
yinkhisim,يِنْخِصِم,ينخصم
ykhaasim,يخَاصِم,يخاصم
yitkhaasam,يِتْخَاصَم,يتخاصم
yikhtisim,يِخْتِصِم,يختصم
khasam,خَصَم,خصم
2inkhasam,اِنْخَصَم,انخصم
khaasam,خَاصَم,خاصم
tkhaasam,تْخَاصَم,تخاصم
2ikhtasam,اِخْتَصَم,اختصم
makhsi,مَخْصِي,مخصي
khisye,خِصْيِة,خصية
khassa,خَصَّا,خصا
khassa 2il7amiir,خَصَّا الحَمِير,خصا الحمير
2ikhsi,اِخْصِي,اخصي
yikhsi,يِخْصِي,يخصي
khasa,خَصَى,خصى
khadkhada,خَضْخَضَة,خضخضة
khadkhid,خَضْخِض,خضخض
2itkhadkhad,اِتْخَضْخَض,اتخضخض
ykhadkhid,يخَضْخِض,يخضخض
yitkhadkhad,يِتْخَضْخَض,يتخضخض
khadkhad,خَضْخَض,خضخض
tkhadkhad,تْخَضْخَض,تخضخض
2akhdaraani,أَخْضَرَانِي,أخضراني
khadra,خَضْرَا,خضرا
2akhdar,أَخْضَر,أخضر
3akhdaraani,أَخْضَرَانِي,أخضراني
mikhdarr,مِخْضَرّ,مخضر
2ikhdar,إِخْضَر,إخضر
khudur,خُضُر,خضر
khudarji,خُضَرْجي,خضرجي
khudarjiyye,خُضَرْجيِّة,خضرجية
khadaar,خَضَار,خضار
khudaar,خُضَار,خضار
khudra,خُضْرَة,خضرة
khudrawaat,خُضْرَوَات,خضروات
bookil 2il2akhdar wil yaabis,بْيَوكِل الأَخْضَر وَاليَابِس,بيوكل الأخضر واليابس
nifso khadra,نِفسُه خَضْرَا,نفسه خضرا
2iido khadra,اِيدُه خَضْرَا,ايده خضرا
2ijirha khadra,إِجِرْهَا خَضْرَا,إجرها خضرا
tariiqak khadra,طَرِيقَك خَضْرَا,طريقك خضرا
2ikhdarr,اِخْضَرّ,اخضر
yikhdarr,يخْضَرّ,يخضر
2ikhdarr,اِخْضَرّ,اخضر
makhduud,مَخْضُوض,مخضوض
khadda,خَضَّة,خضة
khudd,خُضّ,خض
2inkhadd,اِنْخَضّ,انخض
ykhudd,يخُضّ,يخض
yinkhadd,يِنْخَضّ,ينخض
khadd,خَضّ,خض
2inkhadd,اِنْخَضّ,انخض
khatiyye,خَطِيِّة,خطية
khataaya,خَطَايَا,خطايا
khatiiti braqibtak,خَطِيتي بْرَقِبْتَك,خطيتي برقبتك
khatiito,خَطِيتُه,خطيته
2ilo khatiyye,اِلُه خَطِيِّة,اله خطية
khataaya 3ibaad,خَطَايَا عِبَاد,خطايا عباد
khtayy,خْطَيّ,خطي
2ikhti,اِخْطِي,اخطي
khata2,خَطَأ,خطأ
2akhtaa2,أَخْطَاء,أخطاء
yikhti,يِخْطِي,يخطي
2akhta,أَخْطَا,أخطا
2ikhti2,اِخْطِئ,اخطئ
yikhti2,يِخْطِئ,يخطئ
2akhta2,أَخْطَأ,أخطأ
khaati2,خَاطِئ,خاطئ
mikhti2,مِخْطِئ,مخطئ
khatti2,خَطِّئ,خطئ
ykhatti2,يخَطِّئ,يخطئ
khatta2,خَطَّأ,خطأ
khatiib,خَطِيب,خطيب
khaatib,خَاطِب,خاطب
khatiib,خَطِيب,خطيب
khutabaa2,خُطَبَاء,خطباء
khitaab,خِطَاب,خطاب
makhtuub,مَخْطُوب,مخطوب
khaatib,خَاطِب,خاطب
mukhaatab,مُخَاطَب,مخاطب
khutbe,خُطْبِة,خطبة
khutuube,خُطُوبِة,خطوبة
mukhaatabe,مُخَاطَبِة,مخاطبة
khaatib,خَاطِب,خاطب
khuttaab,خُطَّاب,خطاب
khutbit 2iljum3a,خُطْبِة الجُمْعَة,خطبة الجمعة
khutbit 2il3iid,خُطْبِة العِيد,خطبة العيد
2ukhtub,اُخْطُب,اخطب
2inkhitib,اِنْخِطِب,انخطب
khaatib,خَاطِب,خاطب
yikhtub,يِخْطُب,يخطب
yinkhatab,يِنْخِطِب,ينخطب
ykhaatib,يخَاطِب,يخاطب
khatab,خَطَب,خطب
2inkhatab,اِنْخَطَب,انخطب
khaatib,خَاطَب,خاطب
khattib,خَطِّب,خطب
ykhattib,يخَطِّب,يخطب
khattab,خَطَّب,خطب
2ikhtur,اِخْطُر,اخطر
khatiir,خَطِير,خطير
mikhtir,مِخْطِر,مخطر
2akhtar,أَخْطَر,أخطر
khatra,خَطْرَة,خطرة
khatra,خَطْرَة,خطرة
mkhaatara,مْخَاطَرَة,مخاطرة
khaatira,خَاطِرَة,خاطرة
khawaatir,خَوَاطِر,خواطر
khaatir,خَاطِر,خاطر
khatar,خَطَر,خطر
2ikhtaar,إِخْطَار,إخطار
khattaar,خَطَّار,خطار
khawaatir,خَوَاطِر,خواطر
2akhtaar,أَخْطَار,أخطار
makhaatir,مَخَاطِر,مخاطر
bkhaatrak,بْخَاطْرَك,بخاطرك
yiksir khaatir,يِكْسِر خَاطِر,يكسر خاطر
yijbur khaatir,يِجْبُر خَاطِر,يجبر خاطر
kallaf khaatro,كَلَّف خَاطْرُه,كلف خاطره
2akhad 3akhaatro,أَخَذ عَخَاطْرُه,أخذ عخاطره
2ilwalad 2il3aatil biksir 2ilkhaatir,الوَلَد العَاطِل بْيِكْسِر الخَاطِر,الولد العاطل بيكسر الخاطر
2akhud bkhaatirhum,آخذ بخَاطرهم,آخذ بخاطرهم
2ukhtur,اُخْطُر,اخطر
khaatir,خَاطِر,خاطر
yikhtur,يِخْطُر,يخطر
yukhtur,يُخْطُر,يخطر
ykhaatir,يخَاطِر,يخاطر
khatar,خَطَر,خطر
khatar,خَطَر,خطر
khaatar,خَاطَر,خاطر
khutta,خُطَّة,خطة
khatt,خَطّ,خط
mukhattat,مُخَطَّط,مخطط
khatti,خَطِّي,خطي
khutat,خُطَط,خطط
khutuut,خْطُوط,خطوط
khatt talafoon,خَطّ تَلَفَون,خط تلفون
khatit,خَطِّط,خطط
ykhatit,يخَطِّط,يخطط
khattat,خَطَّط,خطط
makhtuuf,مَخْطُوف,مخطوف
khtiife,خْطِيفِة,خطيفة
khattaaf,خَطَّاف,خطاف
wijho makhtuuf,وِجْهُه مَخْطُوف,وجهه مخطوف
makhtuuf loono,مَخْطُوف لَونُه,مخطوف لونه
khattaafit 2irjaal,خَطَّافِة الرجَال,خطافة الرجال
2ukhtuf rijlak,اُخْطُف رِجْلَك,اخطف رجلك
2ukhtuf 7aalak,اُخْطُف حَالَك,اخطف حالك
2ukhtuf,اُخْطُف,اخطف
yukhtuf,يُخْطُف,يخطف
khataf,خَطَف,خطف
2inkhitif,اِنْخِطِف,انخطف
yinkhitif,يِنْخِطِف,ينخطف
2inkhataf,اِنْخَطَف,انخطف
2ikhti,اِخْطِي,اخطي
khutwe,خُطْوِة,خطوة
khuta,خُطَا,خطا
2ikhtu,اِخْطُو,اخطو
yikhti,يِخْطِي,يخطي
yikhtu,يِخْطُو,يخطو
2akhta,أَخْطَا,أخطا
khata,خَطَى,خطى
khafshe,خَفْشِة,خفشة
khuffaash,خُفَّاش,خفاش
khafaafiish,خَفَافيِش,خفافيش
2ikhfish,اِخْفِش,اخفش
yikhfish,يِخْفِش,يخفش
khafash,خَفَش,خفش
mkhaffad,مْخَفَّض,مخفض
2inkhifaad,اِنْخِفَاض,انخفاض
munkhafid,مُنْخَفِض,منخفض
munkhafad,مُنْخَفَض,منخفض
takhfiid,تَخْفِيض,تخفيض
khaffid,خَفِّض,خفض
2inkhifid,اِنْخِفِض,انخفض
ykhaffid,يخَفِّض,يخفض
yinkhifid,يِنْخِفِض,ينخفض
khaffad,خَفَّض,خفض
2inkhafad,اِنْخَفَض,انخفض
khafiif,خَفِيف,خفيف
mistakhiff,مِسْتَخِفّ,مستخف
khuff,خُفّ,خف
2akhfaaf,أَخْفَاف,أخفاف
yaa bakht min zaar wukhaffaf,يَا بَخْت مِين زَار وخَفَّف,يا بخت مين زار وخفف
khaff 3aqli,خَفّ عَقْلِي,خف عقلي
khiff 3aleena,خِفّ عَلَينَا,خف علينا
khafiif 2indiif,خَفِيف نْظِيف,خفيف نظيف
khaffif,خَفِّف,خفف
khiff,خِفّ,خف
2istakhiff,اِسْتَخِفّ,استخف
ykhaffif,يخَفِّف,يخفف
2istikhfaaf,اِسْتِخْفَاف,استخفاف
ykhiff,يخِفّ,يخف
yistakhiff,يِسْتَخِفّ,يستخف
2akhaff,أَخَفّ,أخف
khaffaf,خَفَّف,خفف
khaff,خَفّ,خف
2istakhaff,اِسْتَخَفّ,استخف
makhfuuq,مَخْفُوق,مخفوق
khaffaaqa,خَفَّاقَة,خفاقة
mkhaafa2a,مْخَافَقَة,مخافقة
2ikhfaaq,إِخْفَاق,إخفاق
2inkhifiq,اِنْخِفِق,انخفق
yinkhifiq,يِنْخِفِق,ينخفق
2inkhafaq,اِنْخَفَق,انخفق
2ukhfuq,اِخْفُق,اخفق
2ikhfiq,اِخْفِق,اخفق
khaafi2,خَافِق,خافق
yikhfuq,يِخْفُق,يخفق
ykhaafi2,يخَافِق,يخافق
yikhfiq,يِخْفِق,يخفق
khafaq,خَفَق,خفق
khaafa2,خَافَق,خافق
2akhfaq,أَخْفَق,أخفق
khifye,خِفْيِة,خفية
2ikhfi,اِخْفِي,اخفي
yikhfi,يِخْفِي,يخفي
mutakhaffi,مُتَخَفِّي,متخفي
2inkhifi,اِنْخِفِي,انخفي
yinkhifi,يِنْخِفِي,ينخفي
2inkhafa,اِنْخَفَى,انخفى
2akhfa,أَخْفَى,أخفى
2ikhfi,اِخْفِي,اخفي
yikhfi,يِخْفِي,يخفي
khafa,خَفَى,خفى
2ikhtifi,اِخْتِفِي,اختفي
yikhtifi,يِخْتِفِي,يختفي
2ikhtafa,اِخْتَفَى,اختفى
khalbuus,خَلْبُوص,خلبوص
khalaabiis,خَلَابِيص,خلابيص
khulkhaal,خُلْخَال,خلخال
khalaakhiil,خَلَاخِيل,خلاخيل
titkhalkhal 3dhaamak,تِتْخَلْخَل عْظَامَك,تتخلخل عظامك
2itkhalkhal,اِتْخَلْخَل,اتخلخل
yitkhalkhal,يِتْخَلْخَل,يتخلخل
tkhalkhal,تْخَلْخَل,تخلخل
2ikhtilis,اِخْتِلِس,اختلس
mukhtalis,مُخْتَلِس,مختلس
mikhtilis,مِخْتِلِس,مختلس
khilse,خِلْسِة,خلسة
2ikhtilaas,اِخْتِلَاس,اختلاس
2ikhtalis,اِخْتَلِس,اختلس
yikhtilis,يِخْتِلِس,يختلس
yikhtalis,يِخْتَلِس,يختلس
2ikhtalas,اِخْتَلَس,اختلس
khaalis,خَالِص,خالص
mukhlis,مُخْلِص,مخلص
khalaas,خَلَاص,خلاص
mkhallis,مْخَلِّص,مخلص
khalaas,خَلَاص,خلاص
2ikhlaas,إِخْلَاص,إخلاص
takhallus,تَخَلُّص,تخلص
mustakhlas,مُسْتَخْلَص,مستخلص
2istikhlaas,اِسْتِخْلَاص,استخلاص
2ikhlis,اِخْلِص,اخلص
2ikhlis,اِخْلِص,اخلص
2itkhallas,اِتْخَلَّص,اتخلص
khallis,خَلِّص,خلص
2istakhlis,اِسْتَخْلِص,استخلص
yikhlis,يِخْلِص,يخلص
yikhlis,يِخْلِص,يخلص
yitkhallas,يِتْخَلَّص,يتخلص
yistakhlis,يِسْتَخْلِص,يستخلص
ykhallis,يخَلِّص,يخلص
khilis,خِلِص,خلص
tkhallas,تْخَلَّص,تخلص
2akhlas,أَخْلَص,أخلص
2istakhlas,اِسْتَخْلَص,استخلص
khallas,خَلَّص,خلص
mkhallat,مْخَلَّط,مخلط
khalliit,خَلِّيط,خليط
makhluut,مَخْلُوط,مخلوط
makhluuta,مَخْلُوطَة,مخلوطة
khalta,خَلْطَة,خلطة
khallaat,خَلَّاط,خلاط
2inkhilit,اِنْخِلِط,انخلط
yinkhilit,يِنْخِلِط,ينخلط
2inkhalat,اِنْخَلَط,انخلط
2ikhlut,اِخْلُط,اخلط
khaalit,خَالِط,خالط
yikhlut,يِخْلُط,يخلط
ykhaalit,يخَالِط,يخالط
khalat,خَلَط,خلط
khaalat,خَالَط,خالط
khalii3,خَلِيع,خليع
khaali3,خَالِع,خالع
mkhalla3,مْخَلَّع,مخلع
khalwa3a,خَلْوَعَة,خلوعة
khalaa3a,خَلَاعَة,خلاعة
khulu3,خُلُع,خلع
baab 2innajjaar mkhalla3,بَاب النجَّار مْخَلَّع,باب النجار مخلع
2ikhla3,اِخْلَع,اخلع
khalli3,خَلِّع,خلع
2itmakhla3,اِتْمَخْلَع,اتمخلع
2itkhalwa3,اِتْخَلْوَع,اتخلوع
yikhla3,يِخْلَع,يخلع
ykhalli3,يخَلِّع,يخلع
yitmakhla3,يِتْمَخْلَع,يتمخلع
yitkhalwa3,يِتْخَلْوَع,يتخلوع
khala3,خَلَع,خلع
khalla3,خَلَّع,خلع
tmakhla3,تْمَخْلَع,تمخلع
tkhalwa3,تْخَلْوَع,تخلوع
2inkhili3,اِنْخِلِع,انخلع
yinkhili3,يِنْخِلِع,ينخلع
2inkhila3,اِنْخَلَع,انخلع
khilaaf,خِلَاف,خلاف
mutakhallif,مُتَخَلِّف,متخلف
mukhtalif,مْخْتَلِف,مختلف
mkhaalif,مْخَالِف,مخالف
khilfe,خِلْفِة,خلفة
mukhaalafe,مُخَالَفِة,مخالفة
khilaafe,خِلَافِة,خلافة
khilaaf,خِلَاف,خلاف
takhalluf,تَخَلُّف,تخلف
2ikhtilaaf,اِخْتِلَاف,اختلاف
khalf,خَلْف,خلف
khalfi,خَلْفِي,خلفي
khaliife,خَلِيفِة,خليفة
takhliif,تَخْلِيف,تخليف
khulafaa2,خُلَفَاء,خلفاء
khalaayif,خَلَايِف,خلايف
yikhlif 3ala,يِخْلِف عَلى,يخلف على
2illi khallaf maa matish,اللِّي خَلَّف مَا مَاتِش,اللي خلف ما ماتش
khaalif tu3raf,خَالِف تُعْرَف,خالف تعرف
makhluuf,مَخْلُوف,مخلوف
2ikhlif,اِخْلِف,اخلف
3ikhlif,اِخْلِف,اخلف
khallif,خَلِّف,خلف
khaalif,خَالِف,خالف
2itkhaalaf,اِتْخَالَف,اتخالف
2itkhallaf,اِتْخَلَّف,اتخلف
2ikhtilif,اِخْتِلِف,اختلف
2istakhlif,اِسْتَخْلِف,استخلف
yikhlif,يِخْلِف,يخلف
ykhallif,يخَلِّف,يخلف
ykhaalif,يخَالِف,يخالف
yitkhaalaf,يِتْخَالَف,يتخالف
yitkhallaf,يِتْخَلَّف,يتخلف
yikhtilif,يِخْتِلِف,يختلف
yistakhlif,يِسْتَخْلِف,يستخلف
yikhlaf,يِخْلَف,يخلف
khalaf,خَلَف,خلف
khallaf,خَلَّف,خلف
khaalaf,خَالَف,خالف
tkhaalaf,تْخَالَف,تخالف
tkhallaf,تْخَلَّف,تخلف
2ikhtalaf,اِخْتَلَف,اختلف
2istakhlaf,اِسْتَخْلَف,استخلف
khilif,خِلِف,خلف
khuluq,خُلُق,خلق
khaaliq,خَالِق,خالق
makhluuq,مَخْلُوق,مخلوق
khalak,خَلَق,خلق
khuluq,خُلُق,خلق
khulqo braas manakhiiro,خُلْقُه برَاس مَنَاخِيرُه,خلقه براس مناخيره
2ukhluq,اُخْلُق,اخلق
2akhlaaq,أَخْلَاق,أخلاق
makhluuq,مَخْلُوق,مخلوق
makhaaliiq,مَخَالِيق,مخاليق
khilkaan,خِلْقَان,خلقان
2ilkhaaliq 2innaatiq,الخَالِق النَّاطِق,الخالق الناطق
fashshit khuluq,فشِّة خُلُق,فشة خلق
khulqo dayyiq,خُلْقُه ضَيِّق,خلقه ضيق
2ikhliq,اِخْلِق,اخلق
yukhluq,يُخْلُق,يخلق
yikhliq,يِخْلِق,يخلق
khalaq,خَلَق,خلق
2inkhiliq,اِنْخِلِق,انخلق
yinkhiliq,يِنْخِلِق,ينخلق
2inkhalaq,اِنْخَلَق,انخلق
2itkhallaq,اِتْخَلَّق,اتخلق
yitkhallaq,يِتْخَلَّق,يتخلق
tkhallaq,تْخَلَّق,تخلق
mukhtall,مُخْتَلّ,مختل
mkhallal,مْخَلَّل,مخلل
khalle,خَلِّة,خلة
khall,خَلّ,خل
mkhallalaaye,مْخَلَّلَايِة,مخللاية
mkhallal,مْخَلَّل,مخلل
khlaal,خْلَال,خلال
khalaayil,خَلَايِل,خلايل
khilaal,خِلَال,خلال
maakil roo7 2ilkhall,مَاكِل رَوح الخَلّ,ماكل روح الخل
khallil,خَلِّل,خلل
khill,خِلّ,خل
ykhallil,يخَلِّل,يخلل
ykhill,يخِلّ,يخل
khallal,خَلَّل,خلل
2akhall,أَخَلّ,أخل
2itkhallal,اِتْخَلَّل,اتخلل
yitkhallal,يِتْخَلَّل,يتخلل
tkhallal,تْخَلَّل,تخلل
khalanj,خَلَنْج,خلنج
khaali,خَالِي,خالي
mikhlawiyye,مِخْلَوِيِّة,مخلوية
mikhlaa,مِخْلَاة,مخلاة
khaliyye,خَلِيِّة,خلية
mikhlaaye,مِخْلَايِة,مخلاية
takhalli,تَخَلِّي,تخلي
khala,خَلَا,خلا
khalaaya,خَلَايَا,خلايا
khalli,خَلِّي,خلي
tkhalla,تْخَلَّى,تخلى
ykhalli,يخَلِّي,يخلي
yitkhalla,يِتْخَلَّى,يتخلى
takhalla,تَخَلَّى,تخلى
khalla,خَلَّى,خلى
khaliili,خَلِيلِي,خليلي
khalaayle,خَلَايْلِة,خلايلة
khaliil,خَلِيل,خليل
mkhammij,مْخَمِّج,مخمج
khammij,خَمِّج,خمج
ykhammij,يخَمِّج,يخمج
khammaj,خَمَّج,خمج
khamkhame,خَمْخَمِة,خمخمة
mkhamkhim,مْخَمْخِم,مخمخم
tkhimkhim,تْخِمْخِم,تخمخم
khamkhuum,خَمْخُوم,خمخوم
2itkhamkham,اِتْخَمْخَم,اتخمخم
yitkhamkham,يِتْخَمْخَم,يتخمخم
tkhamkham,تْخَمْخَم,تخمخم
khamkhim,خَمْخِم,خمخم
ykhamkhim,يخَمْخِم,يخمخم
khamkham,خَمْخَم,خمخم
makhmuud,مَخْمُود,مخمود
2ikhmid,اِخْمِد,اخمد
2inkhimid,اِنْخِمِد,انخمد
yikhmid,يِخْمِد,يخمد
yinkhimid,يِنْخِمِد,ينخمد
khamad,خَمَد,خمد
2inkhamad,اِنْخَمَد,انخمد
mkhammara,مْخَمَّرَة,مخمرة
mkhammar,مْخَمَّر,مخمر
mkhammar,مْخَمَّر,مخمر
mkhammar mkhammar,كَعَك مْخَمَّر,كعك مخمر
khamarji,خَمَرْجِي,خمرجي
khamra,خَمْرَة,خمرة
khammaara,خَمَّارَة,خمارة
khamir,خَمِر,خمر
2ilkhamiir wiliftiir,الخَمِير وَالفْطِير,الخمير والفطير
jiibi khamiirto,جِيبِي خَمِيرْتُه,جيبي خميرته
2ikhmar,اِخْمَر,اخمر
khamiir,خَمِير,خمير
khamiire,خَمِيِرِة,خميرة
2itkhammar,اِتْخَمَّر,اتخمر
yikhmar,يِخْمَر,يخمر
yitkhammar,يِتْخَمَّر,يتخمر
khimir,خِمِر,خمر
tkhammar,تْخَمَّر,تخمر
mkhammasiyye,مْخَمَّسِيِّة,مخمسية
khaamis,خَامِس,خامس
mkhammas,مْخَمَّس,مخمس
mkhammis,مْخَمِّس,مخمس
khamse,خَمْسِة,خمسة
khamas,خَمَس,خمس
khamsiin,خَمْسِين,خمسين
khamiis,خَمِيس,خميس
mkhammasiyye,مْخَمَّسِيِّة,مخمسية
kaff mkhammas,كَف مْخَمَّس,كف مخمس
khammis,خَمِّس,خمس
ykhammis,يخَمِّس,يخمس
khammas,خَمَّس,خمس
khamshe,خَمْشِة,خمشة
makhmash,مَخْمَش,مخمش
makhaamiish,مَخَامِيش,مخاميش
2ikhmish,اِخْمِش,اخمش
yikhmish,يِخْمِش,يخمش
khamash,خَمَش,خمش
takhmiish,تَخْمِيش,تخميش
2itkhammash,اِتْخَمَّش,اتخمش
yitkhammash,يِتْخَمَّش,يتخمش
tkhammash,تْخَمَّش,تخمش
khammish,خَمِّش,خمش
ykhammish,يخَمِّش,يخمش
khammash,خَمَّش,خمش
2inkhimish,اِنْخِمِش,انخمش
yinkhimish,يِنْخِمِش,ينخمش
2inkhamash,اِنْخَمَش,انخمش
makhmuu3,مَخْمُوع,مخموع
kham3a,خَمْعَة,خمعة
2ikhma3,اِخْمَع,اخمع
yikhma3,يِخْمِع,يخمع
khama3,خَمَع,خمع
2inkhimi3,اِنْخِمِع,انخمع
yinkhimi3,يِنْخِمِع,ينخمع
2inkhama3,اِنْخَمَع,انخمع
2akhmal,أَخْمَل,أخمل
khmiil,خْمِيل,خميل
khaamil,خَامِل,خامل
khamiil,خَمِيل,خميل
khumul,خُمُل,خمل
khumuul,خُمُول,خمول
jildit raaso khmiile,جِلْدِة رَاسُه خْمِيلِة,جلدة راسه خميلة
khammil,خَمِّل,خمل
2ikhmal,اِخْمَل,اخمل
yikhmal,يِخْمَل,يخمل
ykhammil,يخَمِّل,يخمل
khimil,خِمِل,خمل
khammal,خَمَّل,خمل
khamme,خَمِّة,خمة
khumm,خُمّ,خم
khamaayim,خَمَايِم,خمايم
khumm noom,خُمّ نّوم,خم نوم
maa dall bilkhumm 2illaa mam3uut 2iddanab,مَا ضَلّ بَالخُمّ إِلَا مَمْعُوط الذَّنَب,ما ضل بالخم إلا ممعوط الذنب
2inkhamm,اِنْخَمّ,انخم
yinkhamm,يِنْخَمّ,ينخم
2inkhamm,اِنْخَمّ,انخم
takhmiin,تَخْمِين,تخمين
khammin,خَمِّن,خمن
ykhammin,يخَمِّن,يخمن
khamman,خَمَّن,خمن
khanba,خَنْبَا,خنبا
mkhannib,مْخَنِّب,مخنب
2akhnab,أَخْنَب,أخنب
khunub,خُنُب,خنب
2ikhnib,اِخْنِب,اخنب
yikhnib,يِخْنِب,يخنب
khanab,خَنَب,خنب
khantariish,خَنْتَرِيش,خنتريش
khaniith,خَنِيث,خنيث
khinaath,خِنَاث,خناث
mukhannath,مُخَنَّث,مخنث
khanjar,خَنْجَر,خنجر
khanaajir,خَنَاجِر,خناجر
khanjar biqalbi,خَنْجَر بِقَلْبِي,خنجر بقلبي
khankhane,خَنْخَنِة,خنخنة
mkhankhin,مْخَنْخِن,مخنخن
khankhane,خَنْخَنِة,خنخنة
khankhin,خَنْخِن,خنخن
ykhankhin,يِخَنْخِن,يخنخن
khankhan,خَنْخَن,خنخن
khandaq,خَنْدَق,خندق
khanaadiq,خَنَادِق,خنادق
2itkhandaq,اِتْخَنْدَق,اتخندق
yitkhandaq,يِتْخَنْدَق,يتخندق
tkhandaq,تْخَنْدَق,تخندق
khanziire,خَنْزِيرِة,خنزيرة
khanziir,خَنْزِير,خنزير
khanaaziir,خَنَازِير,خنازير
khanzara,خَنْزَرَة,خنزرة
2akhanzar,أَخَنْزَر,أخنزر
2itkhanzar,اِتْخَنْزَر,اتخنزر
yitkhanzar,يِتْخَنْزَر,يتخنزر
tkhanzar,تْخَنْزَر,تخنزر
khaanis,خَانِس,خانس
2ikhnis,اِخْنَس,اخنس
yikhnis,يِخْنَس,يخنس
khanas,خَنَس,خنس
mitkhannis,مِتْخَنِّس,متخنس
2itkhannas,اِتْخَنَّس,اتخنس
yitkhannas,يِتْخَنَّس,يتخنس
tkhannas,تْخَنَّس,تخنس
khanshuur,خَنْشُور,خنشور
mkhanshir,مْخَنْشِر,مخنشر
khanaashiir,خَنَاشِير,خناشير
khanshir,خَنْشِر,خنشر
ykhanshir,يخَنْشِر,يخنشر
khanshar,خَنْشَر,خنشر
khannuus,خَنُّوص,خنوص
khanaaniis,خَنَانِيص,خنانيص
khannuus,خَنُّوص,خنوص
khanaaniis,خَنَانِيص,خنانيص
mitkhansir,مِتْخَنْصِر,متخنصر
mkhansir,مْخَنْصِر,مخنصر
2itkhansar,اِتْخَنْصَر,اتخنصر
khansir,خَنْصِر,خنصر
yitkhansar,يِتْخَنْصَر,يتخنصر
ykhansir,يخَنْصِر,يخنصر
tkhansar,تْخَنْصَر,تخنصر
khansar,خَنْصَر,خنصر
khantaq,خَنْطَق,خنطق
khantaq mantaq,خَنْطَق مَنْطَق,خنطق منطق
khantale,خَنْطَلِة,خنطلة
2itkhantal,اِتْخَنْطَل,اتخنطل
yitkhantal,يِتْخَنْطَل,يتخنطل
tkhantal,تْخَنْطَل,تخنطل
mkhanfir,مْخَنْفِر,مخنفر
khanfara,خَنْفَرَة,خنفرة
khanfir,خَنْفِر,خنفر
ykhanfir,يخَنْفِر,يخنفر
khanfar,خَنْفَر,خنفر
khunfasa,خُنْفَسَاء,خنفساء
khanaafis,خَنَافِس,خنافس
sayyaarit 2ilkhunfasa,سَيَّارَة الخُنْفَسَاء,سيارة الخنفساء
khanfis,خَنْفِس,خنفس
2itkhanfas,اِتْخَنْفَس,اتخنفس
ykhanfis,يخَنْفِس,يخنفس
yitkhanfas,يِتْخَنْفَس,يتخنفس
khanfas,خَنْفَس,خنفس
tkhanfas,تْخَنْفَس,تخنفس
makhnuuq,مَخْنُوق,مخنوق
makhnuuq,مَخْنُوق,مخنوق
khanqa,خَنْقَة,خنقة
khnaa2a,خْنَاقَة,خناقة
khaniq,خَنِق,خنق
bluuze khaniq,بلُوزِة خَنِق,بلوزة خنق
khunnaaq,خُنَّاق,خناق
khawaaniiq,خَوَانِيق,خوانيق
daqq bkhawaaniiq,دَقّ بخَوَانِيق,دق بخوانيق
2ikhnuq,اِخْنُق,اخنق
khaani2,خَانِق,خانق
2itkhaana2,اِتْخَانَق,اتخانق
2inkhiniq,اِنْخِنِق,انخنق
2itkhoona2,اِتْخَونَق,اتخونق
yikhnuq,يِخْنُق,يخنق
yinkhiniq,يِنْخِنِق,ينخنق
ykhaani2,يخَانِق,يخانق
yitkhaana2,يِتْخَانَق,يتخانق
yitkhoona2,يِتْخَونَق,يتخونق
khanaq,خَنَق,خنق
2inkhanaq,اِنْخَنَق,انخنق
khaana2,خَانَق,خانق
tkhaana2,تْخَانَق,تخانق
tkhoona2,تْخَونَق,تخونق
khaanum,خَانُوم,خانوم
mkhannam,مْخَنَّم,مخنم
mkhannim,مْخَنِّم,مخنم
2itkhannam,اِتْخَنَّمَ,اتخنم
yitkhannam,يِتْخَنَّمَ,يتخنم
tkhannam,تْخَنَّمَ,تخنم
khannim,خَنِّم,خنم
ykhannim,يخَنِّم,يخنم
khannam,خَنَّم,خنم
mkhannin,مْخَنِّن,مخنن
khnaane,خْنَانِة,خنانة
khanne,خَنِّة,خنة
2abu khnaane,أَبو خْنَانِة,أبو خنانة
khinn,خِنّ,خن
khannin,خَنِّن,خنن
ykhinn,يخِنّ,يخن
ykhannin,يخَنِّن,يخنن
khann,خَنّ,خن
khannan,خَنَّن,خنن
byikhwit,بْيِخْوِت,بيخوت
2ikhwit,اِخْوِت,اخوت
yikhwit,يِخْوِت,يخوت
khawat,خَوَت,خوت
2inkhiwit,اِنْخِوِت,انخوت
yinkhiwit,يِنْخِوِت,ينخوت
2inkhawat,اِنْخَوَت,انخوت
khoota,خَوثَا,خوثا
2akhwat,أَخْوَث,أخوث
khuut,خُوث,خوث
khawiitha,خَوِّيثِة,خويثة
2itkhawwat,اِتْخَوَّث,اتخوث
yitkhawwat,يِتْخَوَّث,يتخوث
tkhawwat,تْخَوَّث,تخوث
khookha,خَوخَة,خوخة
mkhawwikh,مْخَوِّخ,مخوخ
khookha,خَوخَة,خوخة
khookh,خَوخ,خوخ
hurri bala7 yaa khookha,هُرِّي بَلَح يَا خَوخَة,هري بلح يا خوخة
khawwikh,خَوِّخ,خوخ
ykhawwikh,يخَوِّخ,يخوخ
khawwakh,خَوَّخ,خوخ
khuud,خُود,خود
mkhawwir,مْخَوِّر,مخور
khawwir,خَوِّر,خور
ykhawwir,يخَوِّر,يخور
khawwar,خَوَّر,خور
mitkhawwish,مِتْخَوِّش,متخوش
khoosh,خَوش,خوش
khoosh boosh,خَوش بَوش,خوش بوش
khawwish,خَوِّش,خوش
2itkhawwash,اِتْخَوَّش,اتخوش
ykhawwish,يخَوِّش,يخوش
yitkhawwash,يِتْخَوَّش,يتخوش
khawwash,خَوَّش,خوش
tkhawwash,تْخَوَّش,تخوش
khuusa,خُوصَة,خوصة
khuwas,خُوَص,خوص
khawaas,خَوَاص,خواص
qaliil khawaas,قَلِيل خَوَاص,قليل خواص
fish khawaas,فِشّ خَوَاص,فش خواص
khaayif,خَايِف,خايف
khawwiif,خَوِّيف,خويف
khoof,خَوف,خوف
khoof 2alla,خَوف الله,خوف الله
khaaf,خَاف,خاف
khawwif,خَوِّف,خوف
ykhaaf,يخَاف,يخاف
ykhawwif,يخَوِّف,يخوف
khaaf,خَاف,خاف
khawwaf,خَوَّف,خوف
khaal,خَال,خال
khaal,خَال,خال
khwaal,خْوَال,خوال
labeet khaalti,لبَيت خَالْتِي,لبيت خالتي
maa 2adrat min 2ilkhaal 2illa 2ibin 2ukhto,مَا أَضْرَط مِن الخَال الَّا إِبِن أُخْتُه,ما أضرط من الخال الا إبن أخته
mikhwil,مِخْوِل,مخول
khawaali,خَوَالِي,خوالي
mkhawwil,مْخَوِّل,مخول
khaawil,خَاوِل,خاول
mukhawwal,مُخَوَّل,مخول
2ikhwil,اِخْوِل,اخول
khawwil,خَوِّل,خول
yikhwil,يِخْوِل,يخول
ykhawwil,يخَوِّل,يخول
khawal,خَوَل,خول
khawwal,خَوَّل,خول
makhwil,مَخْوِل,مخول
ymakhwil,يمَخْوِل,يمخول
makhwal,مَخْوَل,مخول
khaayin,خَايِن,خاين
khawwaan,خَوَّان,خوان
khawane,خَوَنِة,خونة
khiyaane,خِيَانِة,خيانة
khiwaan,خِوَان,خوان
khaan 2il2amaane,خَان الأمَانِة,خان الأمانة
khaan 2il3ishre,خَان العِشْرِة,خان العشرة
khawwin,خَوِّن,خون
khuun,خُون,خون
2istakhwin,اِسْتَخْوِن,استخون
ykhawwin,يخَوِّن,يخون
ykhuun,يخُون,يخون
yistakhwin,يِسْتَخْوِن,يستخون
khawwan,خَوَّن,خون
khaan,خَان,خان
2istakhwan,اِسْتَخْوَن,استخون
khaayib,خَايِب,خايب
khiibe,خِيبِة,خيبة
2it3abi yaa khaaybe lilghaaybe,اِتْعَبِي يَا خَايْبِة للغَايْبِة,اتعبي يا خايبة للغايبة
khayyib,خَيِّب,خيب
2itkhayyab,اِتْخَيَّب,اتخيب
khiib,خِيب,خيب
ykhiib,يخِيب,يخيب
ykhayyib,يخَيِّب,يخيب
yitkhayyab,يِتْخَيَّب,يتخيب
khaab,خَاب,خاب
khayyab,خَيَّب,خيب
tkhayyab,تْخَيَّب,تخيب
2akhyakh,أَخْيَخ,أخيخ
khaayikh,خَايِخ,خايخ
khiikha,خِيخَة,خيخة
mkheekhim,مْخَيخِم,مخيخم
kheekhim,خَيخِم,خيخم
ykheekhim,يخَيخِم,يخيخم
kheekham,خَيخَم,خيخم
khayyir,خَيِّر,خير
kheer,خَير,خير
mikhtaar,مِخْتَار,مختار
makhtara,مَخْتَرَة,مخترة
2istikhaara,اِسْتَخَارَة,استخارة
khyaara,خْيَارَة,خيارة
kheeri,خَيرِي,خيري
2ikhtiyaar,اِخْتِيَار,اختيار
mukhtaar,مُخْتَار,مختار
khayaar,خَيَار,خيار
khyaar,خْيَار,خيار
kheer,خَير,خير
2ahl 2ilkheer,أَهْل الخَير,أهل الخير
kheeraat 2alla,خَيرَات الله,خيرات الله
mish ra7 ti3raf kheeri 2illa lamma tjarrib gheeri,مِش رَح تِعْرَف خَيرِي إِلَّا لمَّا تْجرِّب غَيرِي,مش رح تعرف خيري إلا لما تجرب غيري
khyaar wufaqquus,خْيَار وفَقُّوس,خيار وفقوس
kheer wubarake,خير و بركة,خير و بركة
rijlo kheer,رِجْلُه خَير,رجله خير
wijhik kheer,وِجْهَك خَير,وجهك خير
2ilkheer 3alkheer,الخَير عَالخَير,الخير عالخير
mas7uub kheero,مَسْحُوب خَيرُه,مسحوب خيره
kheer maa 3milit,خَير مَا عْمِلِت,خير ما عملت
sinit kheer,سِنِة خَير,سنة خير
2ikhtaar,اِخْتَار,اختار
khayyir,خَيِّر,خير
2istakhiir,اِسْتَخِير,استخير
yikhtaar,يِخْتَار,يختار
2ikhtiyaari,اِخْتِيَارِي,اختياري
ykhayyir,يخَيِّر,يخير
yistakhiir,يِسْتَخِير,يستخير
2ikhtaar,اِخْتَار,اختار
khayyar,خَيَّر,خير
2istakhaar,اِسْتَخَار,استخار
khaayis,خَايِس,خايس
khees,خَيس,خيس
khayyis,خَيِّس,خيس
ykhayyis,يخَيِّس,يخيس
khayyas,خَيَّس,خيس
khiis,خِيس,خيس
ykhiis,يخِيس,يخيس
khaas,خَاس,خاس
kheesh,خَيش,خيش
2itkhayyash,اِتْخَيَّش,اتخيش
yitkhayyash,يِتْخَيَّش,يتخيش
tkhayyash,تْخَيَّش,تخيش
mkhayyit,مْخِيِّط,مخيط
mkhayyat,مْخَيَّط,مخيط
khyaata,خْيَاطَة,خياطة
khayyaat,خَيَّاط,خياط
kheet,خَيط,خيط
khyuut,خْيُوط,خيوط
khiitaan,خِيطَان,خيطان
2inqata3il kheet wfartat 2ilmisba7a,اِنْقَطَع الخَيط وفَرْطَت المِسْبَحَة,انقطع الخيط وفرطت المسبحة
khayyit,خَيِّط,خيط
ykhayyit,يخَيِّط,يخيط
khayyat,خَيَّط,خيط
khiiti,خِيطِي,خيطي
khiiti miiti,خِيطِي ميطي,خيطي ميطي
mkhayyil,مْخَيِّل,مخيل
mitkhayyil,مِتْخَيِّل,متخيل
khayaal,خَيَال,خيال
khayaal,خَيَال,خيال
takhayyul,تَخَيُّل,تخيل
kheel,خَيل,خيل
khayyaal,خَيَّال,خيال
khyuul,خْيُول,خيول
khayaal waasi3,خَيَال وَاسِع,خيال واسع
khayaal khasib,خَيَال خَصِب,خيال خصب
khayaal mariid,خَيَال مَرِيض,خيال مريض
bisra7 fiihaa 2ilkhayyaal,بْيِسْرَح فِيهَا الخَيَّال,بيسرح فيها الخيال
khayaali,خَيَالِي,خيالي
khayyil,خَيِّل,خيل
2itkhayyil,اِتْخَيَّل,اتخيل
khaayil,خَايِل,خايل
ykhayyil,يخَيِّل,يخيل
yitkhayyil,يِتْخَيَّل,يتخيل
ykhaayil,يِخَايَل,يخايل
khayyal,خَيَّل,خيل
tkhayyil,تْخَيَّل,تخيل
khaayal,خَايَل,خايل
mukhayyamji,مُخَيَّمْجِي,مخيمجي
mukhayyamjiyye,مُخَيَّمْجِيِّة,مخيمجية
kheeme,خَيمِة,خيمة
mukhayyam,مُخَيَّم,مخيم
khyaam,خْيَام,خيام
khiyam,خِيَم,خيم
mukhayyam laaji2iin,مُخَيَّم لَاجِئين,مخيم لاجئين
mukhayyam seefi,مُخَيَّم صيفي,مخيم صيفي
2abu khiime zarqa,أَبُو خَيمِة زَرْقَا,أبو خيمة زرقا
khiime zarqa,خَيمِة زَرْقَا,خيمة زرقا
mukhayyam 3askari,مُخَيَّم عَسْكَرِي,مخيم عسكري
khayyim,خَيِّم,خيم
ykhayyim,يخَيِّم,يخيم
khayyam,خَيَّم,خيم
khayy,خَيّ,خي
dabbe,دَبِّة,دبة
dabbe,دَبِّة,دبة
dabbaabe,دَبَّابِة,دبابة
dubb,دُبّ,دب
daabbe,دَابِّة,دابة
dubab,دُبَب,دبب
dibaba,دِبَبَة,دببة
dawaab,دَوَاب,دواب
kull man habb wadabb,كُلّ مَن هَبّ ودَبّ,كل من هب ودب
yjiib 2iddubb lakarmo,يجِيب الدُبّ لكَرْمُه,يجيب الدب لكرمه
misraat 2iddawaab,مِسْرَاة الدَّوَاب,مسراة الدواب
dibb,دِبّ,دب
2indabb,اِنْدَبّ,اندب
dabbib,دَبِّب,دبب
ydibb,يدِبّ,يدب
yindabb,يِنْدَبّ,يندب
ydabbib,يدَبِّب,يدبب
dabb,دَبّ,دب
2indabb,اِنْدَبّ,اندب
dabbab,دَبَّب,دبب
dabajaane,دَبَجَانِة,دبجانة
diibaaje,دِيبَاجِة,ديباجة
mdabdib,مْدَبْدِب,مدبدب
dabduub,دَبْدُوب,دبدوب
dabaadiib,دَبَادِيب,دباديب
bimuut bidabaadiibha,بيمُوت بدَبَادِيبها,بيموت بدباديبها
dabdib,دَبْدِب,دبدب
ydabdib,يدَبْدِب,يدبدب
dabdab,دَبْدَب,دبدب
dabbuur,دَبُّور,دبور
mdabbir,مْدَبِّر,مدبر
dabbuura,دَبُّورَة,دبورة
doobaara,دَوبَارَة,دوبارة
midbara,مِدْبَرَة,مدبرة
tadbiir,تَدْبِير,تدبير
dabaabiir,دَبُّور,دبور
dabbuura,دَبُّورَة,دبورة
madaabir,مَدَابِر,مدابر
dabaabiir,دَبَابِير,دبابير
dabbir raasak,دَبِّر رَاسَك,دبر راسك
3ishsh 2iddabaabiir,عِشّ الدَبَابِير,عش الدبابير
midbara wufaa3at,مِدْبَرَة وفَاعَت,مدبرة وفاعت
dabbir,دَبِّر,دبر
ydabbir,يدَبِّر,يدبر
dabbar,دَبَّر,دبر
2iddabbar,اِتْدَبَّر,اتدبر
yiddabbar,يِتْدَبَّر,يتدبر
2iddabbar,تْدَبَّر,تدبر
dibsiyye,دِبْسِيّة,دبسية
dabbaase,دَبَّاسِة,دباسة
dabbuus,دَبُّوس,دبوس
dibis,دِبِس,دبس
dabaabiis,دَبَابِيس,دبابيس
dibs 2irrumaan,دِبْس الرُّمَّان,دبس الرمان
dibsaato jaamdiin,دِبْسَاتُه جَامْدين,دبساته جامدين
dabbis,دَبِّس,دبس
2iddabbas,اِتْدَبَّس,اتدبس
ydabbis,يدَبِّس,يدبس
yiddabbas,يِتْدَبَّس,يتدبس
dabbas,دَبَّس,دبس
2iddabbas,تْدَبَّس,تدبس
dabase,دَبَسِة,دبسة
dibish,دِبِش,دبش
dabshe,دَبْشِة,دبشة
dabashe,دَبَشِة,دبشة
mdaabashe,مْدَابَشِة,مدابشة
dabshe,دَبْشِة,دبشة
dbaash,دْبَاش,دباش
2indibish,اِنْدِبِش,اندبش
yindibish,يِنْدِبِش,يندبش
2indabash,اِنْدَبَش,اندبش
2idbish,اِدْبِش,ادبش
daabish,دَابِش,دابش
yidbish,يِدْبِش,يدبش
ydaabish,يدَابِش,يدابش
dabash,دَبَش,دبش
daabash,دَابَش,دابش
daabi3,دَابِع,دابع
2idba3,اِدْبَع,ادبع
yidba3,يِدْبَع,يدبع
daba3,دَبَع,دبع
dbaagha,دْبَاغَة,دباغة
dabbaagh,دَبَّاغ,دباغ
2idbagh,اِدْبَغ,ادبغ
yidbagh,يِدْبَغ,يدبغ
dabagh,دَبَغ,دبغ
mdabbiq,مْدَبِّق,مدبق
dibiq,دِبِق,دبق
dabqa,دَبْقَة,دبقة
dbii2a,دْبِيقَة,دبيقة
dbaa2,دْبَاق,دباق
dabaayi2,دَبَايِق,دبايق
2idbaq,اِدْبَق,ادبق
dabbiq,دَبِّق,دبق
yidbaq,يِدْبَق,يدبق
ydabbiq,يدَبِّق,يدبق
dibiq,دِبِق,دبق
dabbaq,دَبَّق,دبق
dabbiike,دَبِّيكِة,دبيكة
dabke,دَبْكِة,دبكة
dabbak 3awijho,دَبَّك عَوِجْهُه,دبك عوجهه
dabbak bibatno,دَبَّك بِبَطْنُه,دبك ببطنه
2a3taa 2iddubbeek,أَعْطَاه الدُّبَّيك,أعطاه الدبيك
2idbik,اِدْبِك,ادبك
dabbik,دَبِّك,دبك
yidbik,يِدْبِك,يدبك
dubbeek,دُبَّيك,دبيك
ydabbik,يدَبِّك,يدبك
dabak,دَبَك,دبك
dabbak,دَبَّك,دبك
dabal,دَبَل,دبل
dible,دِبْلِة,دبلة
dubal,دُبَل,دبل
dable,دَبْلِة,دبلة
ktiir dable,كتير دَبْلِة,كتير دبلة
btiiji ma3a 2ilhubul dubul,بتِيجِي مَع الهُبُل دُبُل,بتيجي مع الهبل دبل
dabbil,دَبِّل,دبل
doobil,دَوبِل,دوبل
ydabbil,يدَبِّل,يدبل
ydoobil,يدَوبَل,يدوبل
dabbal,دَبَّل,دبل
doobal,دَوبَل,دوبل
dablij,دَبْلِج,دبلج
ydablij,يدَبْلِج,يدبلج
dablaj,دَبْلَج,دبلج
mdablaj,مْدَبْلَج,مدبلج
dablaje,دَبْلَجِة,دبلجة
diblumaasi,دِبْلُومَاسِي,دبلوماسي
dibluum,دِبْلُوم,دبلوم
dibloom,دِبْلَوم,دبلوم
diblumaasi,دِبْلُومَاسِي,دبلوماسي
dibluumaasiyye,دِبْلُومَاسِيِّة,دبلوماسية
dijj,دِجّ,دج
dajj,دَجّ,دج
dijj,دِجّ,دج
ydijj,يدِجّ,يدج
dajj,دَجّ,دج
dajjaal,دَجَّال,دجال
dajal,دَجَل,دجل
dajjil,دَجِّل,دجل
ydajjil,يدَجِّل,يدجل
dajjal,دَجَّل,دجل
dawaajin,دَوَاجِن,دواجن
mda7bar,مْدَحْبَر,مدحبر
da7bara,دَحْبَرَة,دحبرة
da7bir,دَحْبِر,دحبر
yda7bir,يدَحْبِر,يدحبر
da7bar,دَحْبَر,دحبر
da77iyye,دَحِّيِّة,دحية
da77a,دَحَّة,دحة
da77a,دَحَّة,دحة
da77a,دَحَّة,دحة
di77,دِحّ,دح
ydi77,يدِحّ,يدح
da77,دَحّ,دح
da7da7,دَحْدَح,دحدح
da7dir,دَحْدِر,دحدر
2idda7dar,اِتْدَحْدَر,اتدحدر
yda7dir,يدَحْدِر,يدحدر
yidda7dar,يِتْدَحْدَر,يتدحدر
da7dar,دَحْدَر,دحدر
2idda7dar,تْدَحْدَر,تدحدر
2imda7dil,مْدَحْدِل,مدحدل
du7daal,دُحْدَال,دحدال
da7aadiil,دَحَادِيل,دحاديل
du7deel,دُحْدَيل,دحديل
da7dil,دَحْدِل,دحدل
2idda7dal,اِتْدَحْدَل,اتدحدل
yda7dil,يدَحْدِل,يدحدل
yidda7dal,يِتْدَحْدَل,يتدحدل
da7dal,دَحْدَل,دحدل
2idda7dal,تْدَحْدَل,تدحدل
da7ir,دَحِر,دحر
daa7ir,دَاحِر,داحر
mad7uur,مَدْحُور,مدحور
2id7ar,اِدْحَر,ادحر
yid7ar,يِدْحَر,يدحر
da7ar,دَحَر,دحر
du7reeje,دُحْرَيجِة,دحريجة
du7rudjiyye,دُحْرُجيِّة,دحرجية
da7aariidj,دَحَارِيج,دحاريج
du7reej,دُحْرَيج,دحريج
da7rij,دَحْرِج,دحرج
2idda7raj,اِتْدَحْرَج,اتدحرج
yda7rij,يدَحْرِج,يدحرج
yidda7raj,يِتْدَحْرَج,يتدحرج
da7raj,دَحْرَج,دحرج
2idda7raj,تْدَحْرَج,تدحرج
mad7uus,مَدْحُوس,مدحوس
daa7uuse,دَاحُوسِة,داحوسة
dawaa7iis,دَوَاحِيس,دواحيس
da7ash 7aalo binnus,دَحَش حَالُه بَالنُّص,دحش حاله بالنص
bidha tid7ashha bmanaakhiiri,بدهَا تِدْحَشْهَا بمنَاخِيرِي,بدها تدحشها بمناخيري
2id7ash,اِدْحَش,ادحش
da77ish,دَحِّش,دحش
da7wish,دَحْوِش,دحوش
2indi7ish,اِنْدَحَش,اندحش
yid7ash,يِدْحَش,يدحش
yda77ish,يدَحِّش,يدحش
yindi7ish,يِنْدَحَش,يندحش
yda7wish,يدَحْوِش,يدحوش
da7ash,دَحَش,دحش
da77ash,دَحَّش,دحش
2inda7ash,اِنْدَحَش,اندحش
da7wash,دَحْوَش,دحوش
da77ig,دَحِّق,دحق
yda77ig,يدَحِّق,يدحق
da77ag,دَحَّق,دحق
daa7il,دَاحِل,داحل
mid7ale,مِدْحَلِة,مدحلة
madaa7il,مَدَاحِل,مداحل
daa7le,دَاحْلِة,داحلة
2id7al,اِدْحَل,ادحل
yid7al,يِدْحَل,يدحل
da7al,دَحَل,دحل
mda7mis,مْدَحْمِس,مدحمس
da7muus,دَحْمُوس,دحموس
da7aamiis,دَحَامِيس,دحاميس
da7nuun,دَحْنُون,دحنون
da7aaniin,دَحَانِين,دحانين
da7u,دَحُو,دحو
da7u,دَحُو,دحو
muddakhar,مُدَّخَر,مدخر
muddakharaat,مُدَّخَرَات,مدخرات
2iddikhir,اِدِّخِر,ادخر
yiddikhir,يِدِّخِر,يدخر
2iddakhar,اِدَّخَر,ادخر
dakhshedakhshi,دَخْشِة,دخشة
dakhiil,دَخِيل,دخيل
dukhalaa2,دُخَلَاء,دخلاء
dakhle,دَخْلِة,دخلة
dukhle,دُخْلِة,دخلة
mudaakhale,مُدَاخَلِة,مداخلة
madkhal,مَدْخَل,مدخل
tadakhkhul,تَدَخُّل,تدخل
tadaakhul,تَدَاخُل,تداخل
2idkhaal,إِدْخَال,إدخال
dukhuul,دُخُول,دخول
madaakhil,مَدَاخِل,مداخل
daakhil,دَاخِل,داخل
dakhil,دَخِل,دخل
daakhil,دَاخِل,داخل
dakhiil 2alla,دَخِيل الله,دخيل الله
wuyaa daar maa dakhkhalik sharr,ويَا دَار مَا دَخَلك شَر,ويا دار ما دخلك شر
2udkhul,اُدْخُل,ادخل
2iddakhkhal,تْدَخَّل,تدخل
yiddakhkhal,يتْدَخَّل,يتدخل
daakhili,دَاخِلِي,داخلي
yidkhul,يُدْخُل,يدخل
dakhal,دَخَل,دخل
2iddakhkhal,تْدَخَّل,تدخل
dakhmis,دَخْمِس,دخمس
2iddakhmas,اِتْدَخْمَس,اتدخمس
ydakhmis,يدَخْمِس,يدخمس
yiddakhmas,يِتْدَخْمَس,يتدخمس
dakhmas,دَخْمَس,دخمس
2iddakhmas,تْدَخْمَس,تدخمس
mudakhkhin,مُدَخِّن,مدخن
dakhane,دَخَنِة,دخنة
dukhkhaan,دُخَّان,دخان
tadkhiin,تَدْخِين,تدخين
daakhuun,دَاخُون,داخون
dawaakhiin,دَوَاخِين,دواخين
daakhuun 2issiyyaara,دَاخُون السيَّارة,داخون السيارة
dakhkhin,دَخِّن,دخن
ydakhkhin,يدَخِّن,يدخن
dakhkhan,دَخَّن,دخن
mdaadaa,مْدَادَاة,مداداة
daadi,دَادِي,دادي
ydaadi,يدَادِي,يدادي
daada,دَادَى,دادى
tadriib,تَدْرِيب,تدريب
mudarrib,مُدَرِّب,مدرب
middarib,مِتْدَرِّب,متدرب
darb,دَرْب,درب
durraab,دُرَّاب,دراب
daraariib,دَرَارِيب,دراريب
druub,دْرُوب,دروب
darb ysidd maa yridd,درب يسد مَا يرد,درب يسد ما يرد
2iddarrab,اِتْدَرَّب,اتدرب
darrib,دَرِّب,درب
yiddarrab,يِتْدَرَّب,يتدرب
ydarrib,يدَرِّب,يدرب
tdarrab,تْدَرَّب,تدرب
darrab,دَرَّب,درب
darabziin,دَرَبْزِين,دربزين
dirbaas,دِرْبَاس,درباس
daraabiis,دَرَابِيس,درابيس
darbis,دَرْبِس,دربس
ydarbis,يدَرْبِس,يدربس
darbas,دَرْبَس,دربس
darbiil,دَرْبِيل,دربيل
darabiil,دَرَابِيل,درابيل
darbil,دَرْبِل,دربل
ydarbil,يدَرْبِل,يدربل
darbal,دَرْبَل,دربل
durbiin,دُرْبِين,دربين
daraabiin,دَرَابِين,درابين
daarij,دَارِج,دارج
mistadrij,مِسْتَدْرِج,مستدرج
daraje,دَرَجِة,درجة
darraaje,دَرَّاجِة,دراجة
daraj,دَرَج,درج
duruj,دُرُج,درج
2istadraaj,اِسْتِدْرَاج,استدراج
draaj,دْرَاج,دراج
druuje,دْرُوجِة,دروجة
bittadriij,بَالتَدْرِيج,بالتدريج
darrij,دَرِّج,درج
2iddarraj,اِتْدَرَّج,اتدرج
2idrij,اِدْرِج,ادرج
2idruj,اِدْرُج,ادرج
2istadrij,اِسْتَدْرِج,استدرج
ydarrij,يدَرِّج,يدرج
yidruj,يِدْرُج,يدرج
yiddarraj,يِتْدَرَّج,يتدرج
2indirij,اِنْدِرِج,اندرج
2indarij,اِنْدَرِج,اندرج
yindirij,يِنْدِرِج,يندرج
yindarij,يِنْدَرِج,يندرج
yidrij,يِدْرِج,يدرج
yistadrij,يِسْتَدْرِج,يستدرج
darraj,دَرَّج,درج
2iddarraj,تْدَرَّج,تدرج
tadriij,تَدْرِيج,تدريج
2indaraj,اِنْدَرَج,اندرج
2adraj,أَدْرَج,أدرج
daraj,دَرَج,درج
2istadraj,اِسْتَدْرَج,استدرج
dardabe,دَرْدَبِة,دردبة
2iddardab,اِتْدَرْدَب,اتدردب
yiddardab,يِتْدَرْدَب,يتدردب
2iddardab,تْدَرْدَب,تدردب
mdarda7,مْدَرْدَح,مدردح
2iddarda7,اِتْدَرْدَح,اتدردح
yiddarda7,يِتْدَرْدَح,يتدردح
2iddarda7,تْدَرْدَح,تدردح
durdaas,دُرْدَاس,درداس
daraadiis,دَرَادِيس,دراديس
mdardi3,مْدَرْدِع,مدردع
darda3a,دَرْدَعَة,دردعة
dardi3,دَرْدِع,دردع
ydardi3,يدَرْدِع,يدردع
darda3,دَرْدَع,دردع
dardake,دَرْدَكِة,دردكة
dardake,دَرْدَكِة,دردكة
dardik,دَرْدِك,دردك
ydardik,يدَرْدِك,يدردك
dardak,دَرْدَك,دردك
middardi,مِتْدَرْدِي,متدردي
2iddarda,اِتْدَرْدَى,اتدردى
yiddarda,يِتْدَرْدَى,يتدردى
2iddarda,تْدَرْدَى,تدردى
mdarrir,مْدَرِّر,مدرر
durra,دُرَّة,درة
2istidraar,اِسْتِدْرَار,استدرار
durar,دُرَر,درر
kalaamak kullo durar,كلَامك كله دُرَر,كلامك كله درر
darrir,دَرِّر,درر
durr,دُرّ,در
2istadirr,اِسْتَدِرّ,استدر
ydarrir,يدَرِّر,يدرر
ydurr,يدُرّ,يدر
yistadirr,يِسْتَدِرّ,يستدر
darrar,دَرَّر,درر
darr,دَرّ,در
2istadarr,اِسْتَدَرّ,استدر
madruuz,مَدْرُوز,مدروز
draaze,دْرَازِة,درازة
2udruz,اِدْرُز,ادرز
yidruz,يِدْرُز,يدرز
daraz,دَرَز,درز
darriis,دَرِّيس,دريس
madrase,مَدْرَسِة,مدرسة
mudarris,مُدَرِّس,مدرس
tadriis,تَدْرِيس,تدريس
daris,دَرِس,درس
dars,دَرْس,درس
midraas,مِدْرَاس,مدراس
draas,دْرَاس,دراس
draase,دْرَاسِة,دراسة
druus,دْرُوس,دروس
madaaris,مَدَارِس,مدارس
madaariis,مَدَارِيس,مداريس
loo7 2idraas,لوح الدرَاس,لوح الدراس
7ajar 2idraas,حَجَر الدْرَاس,حجر الدراس
2indiris,اِنْدِرِس,اندرس
yindiris,يِنْدِرِس,يندرس
2indaras,اِنْدَرَس,اندرس
2iddarras,اِتْدَرَّس,اتدرس
yiddarras,يِتْدَرَّس,يتدرس
2iddarras,تْدَرَّس,تدرس
2idrus,اِدْرُس,ادرس
darris,دَرِّس,درس
yidrus,يِدْرُس,يدرس
ydarris,يدَرِّس,يدرس
daras,دَرَس,درس
darras,دَرَّس,درس
mdarra3,مْدَرَّع,مدرع
mdarra3,مْدَرَّع,مدرع
tadrii3,تَدْرِيع,تدريع
diri3,دِرِع,درع
druu3,دْرُوع,دروع
druu3 bashariyye,دْرُوع بَشَرِيِّة,دروع بشرية
2iddara3,اِتْدَرَّع,اتدرع
daari3,دَارِع,دارع
yiddara3,يِتْدَرَّع,يتدرع
ydaari3,يدَارِع,يدارع
daara3,دَارَع,دارع
2iddara3,تْدَرَّع,تدرع
darfe,دَرْفِة,درفة
duraf,دُرَف,درف
darfiil,دَرْفِيل,درفيل
daraafiil,دَرَافِيل,درافيل
2istidraaki,اِسْتِدْرَاكِي,استدراكي
middaarik,مِتْدَارِك,متدارك
midrik,مِدْرِك,مدرك
2idraak,إِدْرَاك,إدراك
2istidraak,اِسْتِدْرَاك,استدراك
darak,دَرَك,درك
2iddaarak,اِتْدَارَك,اتدارك
2istadrik,اِسْتَدْرِك,استدرك
2idrik,اِدْرِك,ادرك
yidrik,يِدْرِك,يدرك
yiddaarak,يِتْدَارَك,يتدارك
yistadrik,يِسْتَدْرِك,يستدرك
2adrak,أَدْرَك,أدرك
2iddaarak,تْدَارَك,تدارك
2istadrak,اِسْتَدْرَك,استدرك
middartshim,مِتْدَرْكِم,متدركم
2iddartsham,اِتْدَرْكَم,اتدركم
yiddartsham,يِتْدَرْكَم,يتدركم
2iddartsham,تْدَرْكَم,تدركم
draama,دْرَامَا,دراما
madruum,مَدْرُوم,مدروم
2idrum,اِدْرُم,ادرم
2indirim,اِنْدِرِم,اندرم
yindirim,يِنْدِرِم,يندرم
yidrum,يِدْرُم,يدرم
daram,دَرَم,درم
2indaram,اِنْدَرَم,اندرم
mdarrin,مْدَرِّن,مدرن
dirnaane,دِرْنَانِة,درنانة
darrin,دَرِّن,درن
ydarrin,يدَرِّن,يدرن
darran,دَرَّن,درن
dirham,دِرْهَم,درهم
daraahim,دَرَاهِم,دراهم
mdarwikh,مْدَرْوِخ,مدروخ
darwikh,دَرْوِخ,دروخ
ydarwikh,يدَرْوِخ,يدروخ
darwakh,دَرْوَخ,دروخ
middarwish,مِتْدَرْوِش,متدروش
darwiish,دَرْوِيش,درويش
darawiish,دَرَاوِيش,دراويش
2iddarwash,اِتْدَرْوَش,اتدروش
yiddarwash,يِتْدَرْوَش,يتدروش
2iddarwash,تْدَرْوَش,تدروش
middarwin,مِتْدَرْوِن,متدرون
darwin,دَرْوِن,درون
2iddarwan,اِتْدَرْوَن,اتدرون
ydarwin,يدَرْوِن,يدرون
yiddarwan,يِتْدَرْوَن,يتدرون
darwan,دَرْوَن,درون
2iddarwan,تْدَرْوَن,تدرون
daari,دَارِي,داري
middaari,مِتْدَارِي,متداري
mdaaraa,مْدَارَاة,مداراة
wala 7ada daari 3anhum,ولَا حدَا دَارِي عنهم,ولا حدا داري عنهم
yaaman daraw 3eeni tara,يَامن درى وعيني ترى,يامن درى وعيني ترى
2idra,اِدْرَى,ادرى
daari,دَارِي,داري
darri,دَرِّي,دري
2iddaara,اِتْدَارَى,اتدارى
yidra,يِدْرَى,يدرى
ydarri,يدَرِّي,يدري
ydaari,يِدَارِي,يداري
yiddaara,يِتْدَارَى,يتدارى
diri,دِري,دري
darra,دَرَّى,درى
daara,دَارَى,دارى
2iddaara,تْدَارَى,تدارى
duzdaan,دُزْدَان,دزدان
duzdaan,دَزَادِين,دزادين
dazziine,دَزِّينِة,دزينة
dist,دِسْت,دست
dsuute,دْسُوتَة,دسوتة
tab3o mitil 2iddist 2ilfaayir,طَبْعُه مِثِل الدِّسْت الفَايِر,طبعه مثل الدست الفاير
daste,دَسْتِة,دستة
dastuur,دَسْتوُر,دستور
dustuur,دَسْتوُر,دستور
dasaatiir,دَسَاتِير,دساتير
dassaas,دَسَّاس,دساس
daasis,دَاسِس,داسس
madsuus,مَدْسُوس,مدسوس
dasiisa,دَسِيسَة,دسيسة
dasaa2is,دَسَائِس,دسائس
bidiss danabo,بيدِسّ ذنَبُه,بيدس ذنبه
bidiss 2issum bil3asal,بيدِسّ السُّمّ بَالعَسَل,بيدس السم بالعسل
2il3iriq dassaas,العِرِق دَسَّاس,العرق دساس
2indass,اِنْدَسّ,اندس
yindass,يِنْدَسّ,يندس
2indass,اِنْدَسّ,اندس
diss,دِسّ,دس
ydiss,يدِسّ,يدس
dass,دَسّ,دس
disk,دِسْك,دسك
daskara,دَسْكَرَة,دسكرة
daskir,دَسْكِر,دسكر
2iddaskar,اِتْدَسْكَر,اتدسكر
ydaskir,يدَسْكِر,يدسكر
yiddaskar,يِتْدَسْكَر,يتدسكر
daskar,دَسْكَر,دسكر
2iddaskar,تْدَسْكَر,تدسكر
midsim,مِدْسِم,مدسم
mdassim,مْدَسِّم,مدسم
mdassim,مْدَسِّم,مدسم
dasam,دَسَم,دسم
kaamil 2iddasam,كَامِل الدَّسَم,كامل الدسم
qaliil 2iddasam,قَلِيل الدَّسَم,قليل الدسم
manzuu3 2iddasam,مَنْزُوع الدَّسَم,منزوع الدسم
dassim,دَسِّم,دسم
2istadsim,اِسْتَدْسِم,استدسم
ydassim,يدَسِّم,يدسم
yistadsim,يِسْتَدْسِم,يستدسم
dassam,دَسَّم,دسم
2istadsam,اِسْتَدْسَم,استدسم
mdashshib,مْدَشِّب,مدشب
tadshiib,تَدْشِيب,تدشيب
dashshib,دَشِّب,دشب
ydashshib,يدَشِّب,يدشب
dashshab,دَشَّب,دشب
dishdaashe,دِشْدَاشِة,دشداشة
dashaadiish,دَشَادِيش,دشاديش
2iddashdash,اِتْدَشْدَش,اتدشدش
yiddashdash,يِتْدَشْدَش,يتدشدش
2iddashdash,تْدَشْدَش,تدشدش
daashir,دَاشِر,داشر
dashaara,دَشَارَة,دشارة
2udshur,اِدْشُر,ادشر
dashshir,دَشِّر,دشر
yudshur,يُدْشُر,يدشر
ydashshir,يدَشِّر,يدشر
dashar,دَشَر,دشر
dashshar,دَشَّر,دشر
dishsh,دِشّ,دش
dushsh,دُشّ,دش
dishsh,دِشّ,دش
ydishsh,يدِشّ,يدش
dashsh,دَشّ,دش
dawwish,دَوِّش,دوش
ydawwish,يدَوِّش,يدوش
dawwash,دَوَّش,دوش
2iddawwash,اِتْدَوِّش,اتدوش
yiddawwash,يِتْدَوِّش,يتدوش
2iddawwash,تْدَوِّش,تدوش
daashi3,دَاشِع,داشع
daashi3 mush qaashi3,دَاشِع مِش قَاشِع,داشع مش قاشع
2idsha3,اِدْشَع,ادشع
yidsha3,يِدْشَع,يدشع
dasha3,دَشَع,دشع
dooshaqka,دَوشَقَة,دوشقة
dawaashiqk,دَوَاشِق,دواشق
dushmaan,دُشْمَان,دشمان
tidshaaye,تِدْشَايِة,تدشاية
dashwe,دَشْوِة,دشوة
2iddashsha,اِتْدَشَّا,اتدشا
dashshi,دَشِّي,دشي
yiddashsha,يِتْدَشَّا,يتدشا
ydashshi,يدَشِّي,يدشي
2iddashsha,تْدَشَّا,تدشا
dashsha,دَشَّى,دشى
da3buub,دَعْبُوب,دعبوب
da3aabiib,دَعَابِيب,دعابيب
2idda3bab,اِتْدَعْبَب,اتدعبب
yidda3bab,يِتْدَعْبَب,يتدعبب
2idda3bab,تْدَعْبَب,تدعبب
da3bib,دَعْبِب,دعبب
yda3bib,يدَعْبِب,يدعبب
da3bab,دَعْبَب,دعبب
da3bis,دَعْبِس,دعبس
yda3bis,يدَعْبِس,يدعبس
da3bas,دَعْبَس,دعبس
mda3bal,مْدَعْبَل,مدعبل
mda3bal,مْدَعْبَل,مدعبل
2idda3bal,اِتْدَعْبَل,اتدعبل
yidda3bal,يِتْدَعْبَل,يتدعبل
2idda3bal,تْدَعْبَل,تدعبل
da3bil,دَعْبِل,دعبل
yda3bil,يدَعْبِل,يدعبل
da3bal,دَعْبَل,دعبل
mda3dir,مْدَعْدِر,مدعدر
da3duura,دَعْدُورَة,دعدورة
da3ariir,دَعَعَادِير,دععادير
da3dir,دَعْدِر,دعدر
yda3dir,يدَعْدِر,يدعدر
da3dar,دَعْدَر,دعدر
daa3ir,دَاعِر,داعر
mdoo3ir,مْدَوعِر,مدوعر
da3aara,دَعَارَة,دعارة
beet da3aara,بَيت دَعَارَة,بيت دعارة
2id3ar,اِدْعَر,ادعر
yid3ar,يِدْعَر,يدعر
da3ar,دَعَر,دعر
doo3ir,دَوعِر,دوعر
ydoo3ir,يدَوعِر,يدوعر
doo3ar,دَوعَر,دوعر
mda3ziq,مْدَعْزِق,مدعزق
da3zaqa,دَعْزَقَة,دعزقة
da3ziq,دَعْزِق,دعزق
yda3ziq,يدَعْزِق,يدعزق
da3zaq,دَعْزَق,دعزق
da3sa,دَعْسِة,دعسة
da33aase,دَعَّاسِة,دعاسة
mid3ase,مِدْعَسِة,مدعسة
madaa3is,مَدَاعِس,مداعس
da3as 3araqibto,دَعَس عَرَقِبْتُه,دعس عرقبته
da33as bibatno,دَعَّس بِبَطْنُه,دعس ببطنه
da3as 3adanabo,دَعَس عَذَنَبُه,دعس عذنبه
2id3as,اِدْعَس,ادعس
da33is,دَعِّس,دعس
daa3is,دَاعِس,داعس
yid3as,يِدْعَس,يدعس
yda33is,يدَعِّس,يدعس
da3as,دَعَس,دعس
da33as,دَعَّس,دعس
da3is,دَعِس,دعس
da3wase,دَعْوَسِة,دعوسة
da3wis,دَعْوِس,دعوس
yda3wis,يدَعْوِس,يدعوس
da3was,دَعْوَس,دعوس
2indi3is,اِنْدِعِس,اندعس
yindi3is,يِنْدِعِس,يندعس
2inda3as,اِنْدَعَس,اندعس
mad3uuk,مَدْعُوك,مدعوك
da3ik,دَعِك,دعك
2id3ak,اِدْعَك,ادعك
2inda3ik,اِنْدَعِك,اندعك
yid3ak,يِدْعَك,يدعك
yinda3ik,يِنْدَعِك,يندعك
da3ak,دَعَك,دعك
2inda3ak,اِنْدَعَك,اندعك
da3kashe,دَعْكَشِة,دعكشة
da3kish,دَعْكِش,دعكش
yda3kish,يدَعْكِش,يدعكش
da3kash,دَعْكَش,دعكش
da3am,دَعِم,دعم
daa3im,دَاعِم,داعم
2id3am,اِدْعَم,ادعم
yid3am,يِدْعَم,يدعم
da3am,دَعَم,دعم
tad3iim,تَدْعِيم,تدعيم
da33im,دَعِّم,دعم
yda33im,يدَعِّم,يدعم
da33am,دَعَّم,دعم
du3aa2,دُعَاء,دعاء
da3we,دَعْوِة,دعوة
di3aaye,دِعَايِة,دعاية
di3aa2i,دِعَائِي,دعائي
daa3i,دَاعِي,داعي
2istid3aa2,اِسْتِدْعَاء,استدعاء
2indi3i,اِنْدِعِي,اندعي
yindi3i,يِنْدِعِي,يندعي
2inda3a,اِنْدَعَى,اندعى
2id3i,اِدْعِي,ادعي
yid3i,يِدْعِي,يدعي
da3a,دَعَا,دعا
2istad3i,اِسْتَدْعِي,استدعي
yistad3i,يِسْتَدْعِي,يستدعي
2istad3a,اِسْتَدْعَى,استدعى
mdaghdigh,مْدَغْدِغ,مدغدغ
daghdaghe,دَغْدَغَة,دغدغة
daghdigh,دَغْدِغ,دغدغ
ydaghdigh,يدَغْدِغ,يدغدغ
daghdagh,دَغْدَغ,دغدغ
dughri,دُغْرِي,دغري
daghshi,دَغْشِي,دغشي
2idghash,اِدْغَش,ادغش
daghghish,دَغِّش,دغش
yidghash,يِدْغَش,يدغش
ydaghghish,يدَغِّش,يدغش
daghash,دَغَش,دغش
daghghash,دَغَّش,دغش
mdaghghim,مْدَغِّم,مدغم
2idghaam,إِدْغَام,إدغام
dgheem,دْغَيم,دغيم
2abu dgheem,أَبو دْغَيم,أبو دغيم
daaghuum,دَاغُوم,داغوم
2abu daaghuum,أَبو دَاغُوم,أبو داغوم
2idghim,اِدْغِم,ادغم
daghghim,دَغِّم,دغم
yidghim,يِدْغِم,يدغم
ydaghghim,يدَغِّم,يدغم
2adgham,أَدْغَم,أدغم
daghgham,دَغَّم,دغم
daftar,دَفْتَر,دفتر
dafaatir,دَفَاتِر,دفاتر
2iddafaatir 2ilqadiime,الدَّفَاتِر القَدِيمِة,الدفاتر القديمة
daafuukh,دَافُوخ,دافوخ
dawaafiikh,دَوَافِيخ,دوافيخ
dafdafe,دَفْدَفِة,دفدفة
dafdif,دَفْدِف,دفدف
ydafdif,يدَفْدِف,يدفدف
dafdaf,دَفْدَف,دفدف
madfuus,مَدْفُوس,مدفوس
2indifis,اِنْدِفِس,اندفس
yindifis,يِنْدِفِس,يندفس
2indafas,اِنْدَفَس,اندفس
difish,دِفِش,دفش
dafshaan,دَفْشَان,دفشان
mdaafashe,مْدَافَشِة,مدافشة
midfaash,مِدْفَاش,مدفاش
wijhak mitil midfaashil khara,وِجْهَك مِثِل مِدْفَاش الخَرَا,وجهك مثل مدفاش الخرا
madaafish,مَدَافِش,مدافش
madaafiish,مَدَافِيش,مدافيش
2indifish,اِنْدِفِش,اندفش
yindifish,يِنْدِفِش,يندفش
2indafash,اِنْدَفَش,اندفش
2idfish,اِدْفِش,ادفش
daafish,دَافِش,دافش
daffish,دَفِّش,دفش
yidfish,يِدْفِش,يدفش
ydaffish,يدَفِّش,يدفش
ydaafish,يدَافِش,يدافش
dafash,دَفَش,دفش
daafash,دَافَش,دافش
daffash,دَفَّش,دفش
2idfashsh,اِدْفَشّ,ادفش
2idfash,اِدْفَش,ادفش
yidfash,يِدْفَش,يدفش
difish,دِفِش,دفش
2iddaafash,اِتْدَافَش,اتدافش
yiddaafash,يِتْدَافَش,يتدافش
tdaafash,تْدَافَش,تدافش
midfashsh,مِدْفَشّ,مدفش
2idfashsh,اِدْفَشّ,ادفش
yidfashsh,يِدْفَشّ,يدفش
mundafi3,مُنْدَفِع,مندفع
daffii3,دَفِّيع,دفيع
daafi3,دَافِع,دافع
duf3a,دُفْعَة,دفعة
dafi3,دَفِع,دفع
difaa3,دِفَاع,دفاع
midfa3,مِدْفَع,مدفع
madfa3,مَدْفَع,مدفع
daafi3,دَافِع,دافع
madaafi3,مَدَافِع,مدافع
dawaafi3,دوَافِع,دوافع
dafa3 damm qalbo,دَفَع دَمّ قَلْبُه,دفع دم قلبه
dafa3 2ilmablagh 3adooz baara,دَفَع المَبْلَغ عَدَوز بَارَة,دفع المبلغ عدوز بارة
mu7aami difaa3,مُحَامِي دِفَاع,محامي دفاع
7atni bibuuz 2ilmidfa3,حَطْنِي بِبُوز المِدْفَع,حطني ببوز المدفع
2idfa3,اِدْفَع,ادفع
daffi3,دَفِّع,دفع
2indifi3,اِنْدِفِع,اندفع
daafi3,دَافِع,دافع
yidfa3,يِدْفَع,يدفع
ydaffi3,يدَفِّع,يدفع
yindifi3,يِنْدِفِع,يندفع
ydaafi3,يدَافِع,يدافع
dafa3,دَفَع,دفع
daffa3,دَفَّع,دفع
2indafa3,اِنْدَفَع,اندفع
daafa3,دَافَع,دافع
daffe,دَفِّة,دفة
duff,دُفّ,دف
dfuuf,دْفُوف,دفوف
diff,دِفّ,دف
ydiff,يدِفّ,يدف
daff,دَفّ,دف
tadaffuq,تَدَفُّق,تدفق
2iddaffaq,اِتْدَفَّق,اتدفق
yiddaffaq,يِتْدَفَّق,يتدفق
2iddaffaq,تْدَفَّق,تدفق
2idfuqk,اِدْفُق,ادفق
yidfuqk,يِدْفُق,يدفق
dafaqk,دَفَق,دفق
madfuun,مَدْفُون,مدفون
dafin,دَفِن,دفن
madfan,مَدْفَن,مدفن
madaafin,مَدَافِن,مدافن
dafano b2ardo,دَفَنُه بأَرْضُه,دفنه بأرضه
mawhibe madfuune,مَوْهِبِة مَدْفُونِة,موهبة مدفونة
2idfin,اِدْفِن,ادفن
yidfin,يِدْفِن,يدفن
2indifin,اِنْدِفِن,اندفن
yindifin,يِنْدِفِن,يندفن
dafan,دَفَن,دفن
2indafan,اِنْدَفَن,اندفن
daafuur,دَافُور,دافور
dfuur,دْفُور,دفور
daafi,دَافِي,دافي
dafyaan,دَفْيَان,دفيان
daffaaye,دَفَّايِة,دفاية
dafa,دَفَا,دفا
2iddafa 3afa,الدَفَا عَفَا,الدفا عفا
2idfa,اِدْفَا,ادفا
daffi,دَفِّي,دفي
2iddaffa,اِتْدَفَّى,اتدفى
2istadfi,اِسْتَدْفِي,استدفي
yidfa,يِدْفَا,يدفا
ydaffi,يدَفِّي,يدفي
yiddaffa,يِتْدَفَّى,يتدفى
yistadfi,يِسْتَدْفِي,يستدفي
difi,دِفِي,دفي
daffa,دَفَّى,دفى
2iddaffa,تْدَفَّى,تدفى
2istadfa,اِسْتَدْفَى,استدفى
da2das,دَقْدَس,دقدس
yda2dis,يدَقْدِس,يدقدس
da2dis,دَقْدِس,دقدس
da2dase,دَقْدَسِة,دقدسة
mdaqqir,مْدَقِّر,مدقر
duqkraan,دُقْرَان,دقران
2indiqir,اِنْدِقِر,اندقر
yindiqir,يِنْدِقِر,يندقر
2indaqar,اِنْدَقَر,اندقر
2idqur,اِدْقُر,ادقر
daqqir,دَقِّر,دقر
daaqir,دَاقِر,داقر
2iddaaqar,اِتْدَاقَر,اتداقر
yidqur,يِدْقُر,يدقر
ydaqqir,يدَقِّر,يدقر
ydaaqir,يدَاقِر,يداقر
yiddaaqar,يِتْدَاقَر,يتداقر
daqar,دَقَر,دقر
daqqar,دَقَّر,دقر
daaqar,دَاقَر,داقر
2iddaaqar,تْدَاقَر,تداقر
mdaqqir,مْدَقِّر,مدقر
mdaqqir,مْدَقِّر,مدقر
mdaaqashe,مْدَاقَشِة,مداقشة
daaqish,دَاقِش,داقش
2idqush,اِدْقُش,ادقش
2idqashsh,اِدْقَشّ,ادقش
yidqush,يِدْقُش,يدقش
yidqashsh,يِدْقَشّ,يدقش
ydaaqish,يدَاقِش,يداقش
daaqash,دَاقَش,داقش
daqash,دَقَش,دقش
2adqashsh,اِدْقَشّ,ادقش
mdaqqiq,مْدَقِّق,مدقق
daaqiq,دَاقِق,داقق
daqiiqa,دَقِيقَة,دقيقة
daqqa,دَقَّة,دقة
madaqq,مَدَقّ,مدق
duqq,دُقّ,دق
daqq,دَقّ,دق
tadqiiq,تَدْقِيق,تدقيق
mudaqqiq,مُدَقِّق,مدقق
daqaayiq,دَقَايِق,دقايق
daqqo qatle,دَقُّه قَتْلِة,دقه قتلة
tadqiiq lughawi,تَدْقِيق لُغَوِي,تدقيق لغوي
daqiiqit samt,دَقِيقَة صَمْت,دقيقة صمت
fooq 7aqqo duqqo,فَوق حَقُّه دُقُّه,فوق حقه دقه
daqq 3asidro,دَقّ عَصِدْرُه,دق عصدره
daqni 2asfiin,دَقْنِي أَسْفِين,دقني أسفين
daaqqiin biba3ad mitil 2iliklaab 2issa3raane,دَاقِّين بِبَعَض زَيّ الكْلَاب الصَّعْرَانِة,داقين ببعض زي الكلاب الصعرانة
2ijat 2iddaqqa braaso,إِجَت الدَّقَّة بْرَاسُه,إجت الدقة براسه
2indaqq,اِنْدَقّ,اندق
yindaqq,يِنْدَقّ,يندق
2indaqq,اِنْدَقّ,اندق
2iddaaqaq,اِتْدَاقَق,اتداقق
yiddaaqaq,يِتْدَاقَق,يتداقق
tdaaqaq,تْدَاقَق,تداقق
duqq,دُقّ,دق
daqqiq,دَقِق,دقق
yduqq,يدُقّ,يدق
ydaqqiq,يدَقِّق,يدقق
daqq,دَقّ,دق
daqqaq,دَقَّق,دقق
duqqa,دُقَّة,دقة
duqqa,دُقَّة,دقة
daqlidj,دَقْلِج,دقلج
2iddaqladj,اِتْدَقْلَج,اتدقلج
ydaqlidj,يدَقْلِج,يدقلج
yiddaqladj,يِتْدَقْلَج,يتدقلج
daqladj,دَقْلَج,دقلج
2iddaqladj,تْدَقْلَج,تدقلج
duqme,دُقْمِة,دقمة
madquum,مَدْقُوم,مدقوم
daqme,دَقْمِة,دقمة
2idqum,اِدْقُم,ادقم
2indaqim,اِنْدَقِم,اندقم
yidqum,يِدْقُم,يدقم
yindaqim,يِنْدَقِم,يندقم
2indaqam,اِنْدَقَم,اندقم
daqam,دَقَم,دقم
dagmis,دَقْمِس,دقمس
ydagmis,يدَقْمِس,يدقمس
dagmas,دَقْمَس,دقمس
daqmish,دَقْمِش,دقمش
ydaqmish,يدَقْمِش,يدقمش
daqmash,دَقْمَش,دقمش
diqmaaq,دِقْمَاق,دقماق
daqamiiq,دَقَامِيق,دقاميق
daqmiq,دَقْمِق,دقمق
ydaqmiq,يدَقْمِق,يدقمق
daqmaq,دَقْمَق,دقمق
daktara,دَكْتَرَة,دكترة
duktuur,دَكْتُور,دكتور
dakaatre,دَكَاتْرَة,دكاترة
2iddaktar,اِتْدَكْتَر,اتدكتر
yiddaktar,يِتْدَكْتَر,يتدكتر
2iddaktar,تْدَكْتَر,تدكتر
dukturaa,دُكْتُورَاة,دكتوراة
dakase,دَكْسِة,دكسة
daakik,دَاكِك,داكك
madkuuk,مَدْكُوك,مدكوك
dikke,دِكّة,دكة
dikak,دِكَك,دكك
2indakk,اِنْدَكّ,اندك
yindakk,يِنْدَكّ,يندك
2indakk,اِنْدَكّ,اندك
dikk,دِكّ,دك
ydikk,يدِكّ,يدك
dakk,دَكّ,دك
mdookin,مْدَوكِن,مدوكن
daakin,دَاكِن,داكن
dawaakin,دَوَاكِن,دواكن
dukkaane,دُكَّانِة,دكانة
dukkanji,دُكَّنْجِي,دكنجي
dukkaan,دُكَّان,دكان
dukkanjiyye,دُكَّنْجِيِّة,دكنجية
dakaakiin,دَكَاكِين,دكاكين
dakaakiin,دَكَاكِين,دكاكين
dakkin,دَكِّن,دكن
dookin,دَوكِن,دوكن
ydakkin,يدَكِّن,يدكن
ydookin,يدَوكِن,يدوكن
dakkan,دَكَّن,دكن
dookan,دَوكَن,دوكن
dalib,دَلِب,دلب
duulaab,دُولَاب,دولاب
dawaaliib,دَوَالِيب,دواليب
2idlub,اِدْلُب,ادلب
yidlub,يِدْلُب,يدلب
dalab,دَلَب,دلب
mdalbi7,مْدَلْبِح,مدلبح
dalbi7,دَلْبِح,دلبح
ydalbi7,يدَلْبِح,يدلبح
dalba7,دَلْبَح,دلبح
dalbish,دَلْبِش,دلبش
2iddalbash,اِتْدَلْبَش,اتدلبش
ydalbish,يدَلْبِش,يدلبش
yiddalbash,يِتْدَلْبَش,يتدلبش
dalbash,دَلْبَش,دلبش
2iddalbash,تْدَلْبَش,تدلبش
dalbi3,دَلْبِع,دلبع
2iddalba3,اِتْدَلْبَع,اتدلبع
ydalbi3,يدَلْبِع,يدلبع
yiddalba3,يِتْدَلْبَع,يتدلبع
dalba3,دَلْبَع,دلبع
2iddalba3,تْدَلْبَع,تدلبع
madluu7,مَدْلُوح,مدلوح
dali7,دَلِح,دلح
2indili7,اِنْدِلِح,اندلح
yindili7,يِنْدِلِح,يندلح
2indala7,اِنْدَلَح,اندلح
2idla7,اِدْلَح,ادلح
yidla7,يِدْلَح,يدلح
dala7,دَلَح,دلح
mdalda2,مْدَلْدَق,مدلدق
daldi2,دَلْدِق,دلدق
ydaldi2,يدَلْدِق,يدلدق
dalda2,دَلْدَق,دلدق
2iddalda2,اِتْدَلْدَق,اتدلدق
yiddalda2,يِتْدَلْدَق,يتدلدق
2iddalda2,تْدَلْدَق,تدلدق
mdaldal,مْدَلْدَل,مدلدل
middaldil,مِتْدَلْدَل,متدلدل
dalduule,دَلْدُولِة,دلدولة
daladiil,دَلَادِيل,دلاديل
daldil,دَلْدِل,دلدل
2iddaldal,اِتْدَلْدَل,اتدلدل
ydaldil,يدَلْدِل,يدلدل
yiddaldal,يِتْدَلْدَل,يتدلدل
daldal,دَلْدَل,دلدل
2iddaldal,تْدَلْدَل,تدلدل
dolar,دُولَار,دولار
mdallis,مْدَلِّس,مدلس
tadliis,تَدْلِيس,تدليس
dalas,دَلَس,دلس
dallis,دَلِّس,دلس
ydallis,يدَلِّس,يدلس
dallas,دَلَّس,دلس
dili3,دِلِع,دلع
mdalla3,مْدَلَّع,مدلع
dalluu3,دَلُّوع,دلوع
daali3,دَالِع,دالع
dala3,دَلَع,دلع
2isim dala3,اِسِم دَلَع,اسم دلع
2idla3,اِدْلَع,ادلع
2iddala3,اِتْدَلَّع,اتدلع
dalli3,دَلِّع,دلع
yidla3,يِدْلَع,يدلع
yiddala3,يِتْدَلَّع,يتدلع
2istadli3,اِسْتَدْلِع,استدلع
yistadli3,يِسْتَدْلِع,يستدلع
ydalli3,يدَلِّع,يدلع
dala3,دَلَع,دلع
2iddala3,تْدَلَّع,تدلع
2istadla3,اِسْتَدْلَع,استدلع
dalla3,دَلَّع,دلع
dal3uub,دَلْعُوب,دلعوب
dalaa3iib,دَلَاعِيب,دلاعيب
dal3uube,دَلْعُوبِة,دلعوبة
dalaa3iib,دَلَاعِيب,دلاعيب
dal3ib,دَلْعِب,دلعب
2iddal3ab,اِتْدَلْعَب,اتدلعب
ydal3ib,يدَلْعِب,يدلعب
yiddal3ab,يِتْدَلْعَب,يتدلعب
dal3ab,دَلْعَب,دلعب
2iddal3ab,تْدَلْعَب,تدلعب
dal3oona,دَلْعَونِة,دلعونة
2iddal3an,اِتْدَلْعَن,اتدلعن
yiddal3an,يِتْدَلْعَن,يتدلعن
2iddal3an,تْدَلْعَن,تدلعن
2iddalghas,اِتْدَلْغَص,اتدلغص
dalghis,دَلْغِص,دلغص
yiddalghas,يِتْدَلْغَص,يتدلغص
ydalghis,يدَلْغِص,يدلغص
dalghas,دَلْغَص,دلغص
2iddalghas,تْدَلْغَص,تدلغص
mdallif,مْدَلِّف,مدلف
tadliif,تَدْلِيف,تدليف
dalif,دَلِف,دلف
2alif 2alif laa rtuube wala dalif,أَلِف أَلِف لا رْطُوبِة ولا دَلِف,ألف ألف لا رطوبة ولا دلف
2idlif,اِدْلِف,ادلف
dallif,دَلِّف,دلف
yidlif,يِدْلِف,يدلف
ydallif,يدَلِّف,يدلف
dalaf,دَلَف,دلف
dallaf,دَلَّف,دلف
madluuq,مَدْلُوق,مدلوق
middooli2,مِتْدَولِق,متدولق
madluuq,مَدْلُوق,مدلوق
madluuqa,مَدْلُوقَة,مدلوقة
doola2a,دَولَقَة,دولقة
2idluq,اِدْلُق,ادلق
2indiliq,اِنْدِلِق,اندلق
2iddoola2,اِتْدَولَق,اتدولق
yidluq,يِدْلُق,يدلق
yindiliq,يِنْدِلِق,يندلق
yiddoola2,يِتْدَولَق,يتدولق
dalaq,دَلَق,دلق
2indaliq,اِنْدَلَق,اندلق
2iddoola2,تْدَولَق,تدولق
tadliik,تَدْلِيك,تدليك
midlaak,مِدْلَاك,مدلاك
madaaliik,مَدَالِيك,مداليك
dallik,دَلِّك,دلك
ydallik,يدَلِّك,يدلك
dallak,دَلَّك,دلك
dalliil,دَلِّيل,دليل
mdallal,مْدَلَّل,مدلل
dalle,دَلِّة,دلة
dallaal,دَلَّال,دلال
2istidlaal,اِسْتِدْلَال,استدلال
daliil,دَلِيل,دليل
dalaal,دَلَال,دلال
tadliil,تَدْلِيل,تدليل
dlaal,دْلَال,دلال
2adille,أَدِلِّة,أدلة
dalaa2il,دَلَائِل,دلائل
2indall,اِنْدَلّ,اندل
2iddallal,اِتْدَلَّل,اتدلل
2istadill,اِسْتَدِلّ,استدل
dill,دِلّ,دل
dallil,دَلِّل,دلل
yindall,يِنْدَلّ,يندل
yiddallal,يِتْدَلَّل,يتدلل
yistadill,يِسْتَدِلّ,يستدل
ydill,يدِلّ,يدل
ydallil,يدَلِّل,يدلل
2indall,اِنْدَلّ,اندل
2iddallal,تْدَلَّل,تدلل
2istadall,اِسْتَدَلّ,استدل
dallal,دَلَّل,دلل
dall,دَلّ,دل
dulum,دُلُم,دلم
dluum,دْلُوم,دلوم
dluume,دْلُومِة,دلومة
mdalmis,مْدَلْمِس,مدلمس
dalmase,دَلْمَسِة,دلمسة
dalmis,دَلْمِس,دلمس
ydalmis,يدَلْمِس,يدلمس
dalmas,دَلْمَس,دلمس
mdalhim,مْدَلْهِم,مدلهم
dalhim,دَلْهِم,دلهم
ydalhim,يدَلْهِم,يدلهم
dalham,دَلْهَم,دلهم
dalu,دَلُو,دلو
dlaaw,دْلَاو,دلاو
middali,مِتْدَلِّي,متدلي
madaalye,مَدَالْيِة,مدالية
midaaliyye,مِيدَاليِّة,ميدالية
daalye,دَالْيِة,دالية
dawaalii,دَوَالِي,دوالي
dawaale,دَوَالِة,دوالة
2iddala,اِتْدَلَّى,اتدلى
yiddala,يِتْدَلَّى,يتدلى
2iddala,تْدَلَّى,تدلى
damij,دَمِج,دمج
2indimaaj,اِنْدِمَاج,اندماج
mudmaj,مُدْمَج,مدمج
2indimij,اِنْدِمِج,اندمج
yindimij,يِنْدِمِج,يندمج
2indamaj,اِنْدَمَج,اندمج
2idmij,اِدْمِج,ادمج
yidmij,يِدْمِج,يدمج
damaj,دَمَج,دمج
mindimij,مِنْدِمِج,مندمج
damdara,دَمْدَرَة,دمدرة
damdir,دَمْدِر,دمدر
ydamdir,يدَمْدِر,يدمدر
damdar,دَمْدَر,دمدر
daamir,دَامِر,دامر
damaar,دَمَار,دمار
daamir,دَامِر,دامر
dawaamir,دَوَامِر,دوامر
khaamro 3adaamro,خَامْرُه عَدَامْرُه,خامره عدامره
daamir 2ilghoor,دَامِر الغَور,دامر الغور
dammir,دَمِّر,دمر
2iddammar,اِتْدَمَّر,اتدمر
tadmiir,تَدْمِير,تدمير
ydammir,يدَمِّر,يدمر
yiddammar,يِتْدَمَّر,يتدمر
dammar,دَمَّر,دمر
2iddammar,تْدَمَّر,تدمر
middamir,مِتْدَمِّر,متدمر
middamir,مِتْدَمِّر,متدمر
deemaruuj,دَيمْرُوج,ديمروج
dimis,دِمِس,دمس
dawaamiis,دَوَامِيس,دواميس
damaayis,دَمَايِس,دمايس
damaasiin,دَمَاسِين,دماسين
dmuus,دْمُوس,دموس
dam3a,دَمْعَة,دمعة
dami3,دَمِع,دمع
dmuu3,دْمُوع,دموع
dmuu3 2ilfara7,دْمُوع الفَرَح,دموع الفرح
dmuu3 2ittamaasii7,دْمُوع التَّمَاسِيح,دموع التماسيح
majra 2iddami3,مَجْرَى الدَّمِع,مجرى الدمع
dam3ito rhayfe,دَمْعِتُه رْهَيْفِة,دمعته رهيفة
2idma3,اِدْمَع,ادمع
dammi3,دَمِّع,دمع
yidma3,يِدْمَع,يدمع
ydammi3,يدَمِّع,يدمع
dama3,دَمَع,دمع
damma3,دَمَّع,دمع
dmeegh,دْمَيغ,دميغ
dmaagh,دْمَاغ,دماغ
2admaghe,أَدْمِغَة,أدمغة
rayya7 dmaagho,رَيَّح دْمَاغُه,ريح دماغه
diimuqraatiyya,دِيمُقْرَاطِيِّة,ديمقراطية
mdammil,مْدَمِّل,مدمل
dimmal,دِمَّل,دمل
dummal,دُمَّل,دمل
damaamil,دَمَامِل,دمامل
faqa 2iddummale,فقى الدملة,فقى الدملة
2indimil,اِنْدِمِل,اندمل
dammil,دَمِّل,دمل
yindimil,يِنْدِمِل,يندمل
2idmil,اِدْمِل,ادمل
dummale,دُمَّلِة,دملة
ydammil,يدَمِّل,يدمل
2indamal,اِنْدَمَل,اندمل
2idmul,اِدْمُل,ادمل
dammal,دَمَّل,دمل
yidmil,يِدْمِل,يدمل
yidmul,يِدْمُل,يدمل
damal,دَمَل,دمل
damal,دَمَل,دمل
dimlij,دِمْلِج,دملج
damaalij,دَمَالِج,دمالج
diimaame,دِيمَامِة,ديمامة
damm,دَمّ,دم
khafiif damm,خَفِيف دَمّ,خفيف دم
tqiil damm,ثْقِيل دَمّ,ثقيل دم
ma 2asqa3 dammo,مَا أَسْقَع دَمُّه,ما أسقع دمه
dammo baarid,دَمُّه بَارِد,دمه بارد
dammo 7aami,دَمُّه حَامِي,دمه حامي
2iddamm 3addam tqiil,الدَّم عَالدَّم ثْقِيل,الدم عالدم ثقيل
bakkaa damm,بَكَّاه دَمّ,بكاه دم
2iddamm larrukab,الدَّمّ للرُّكَب,الدم للركب
nashshaf dammi,نشَّف دَمِّي,نشف دمي
dammo braqibtak,دَمُّه بْرَقِبْتَك,دمه برقبتك
damm 2izzaghluul,دَمّ الزَّغْلُول,دم الزغلول
fawwarli dammi,فَوَّر لِي دَمِّي,فور لي دمي
foorit damm,فَورِة دَمّ,فورة دم
damm 2izzaghlool,دَمّ الزَّغْلَول,دم الزغلول
massat dammo,مَصَّت دَمُّه,مصت دمه
ma 3induush damm,مَاعِنْدُوش دَمّ,ماعندوش دم
2iddamm 3umro maa bisiir mayy,الدَّمّ عُمْرُه مَا بِيصِير مَي,الدم عمره ما بيصير مي
mudmin,مُدْمِن,مدمن
2idmaan,إِدْمَان,إدمان
2idmin,اِدْمِن,ادمن
yidmin,يِدْمِن,يدمن
2adman,أَدْمَن,أدمن
mudmi,مُدْمِي,مدمي
dimaaye,دِمَايِة,دماية
dammayye,دَمَّايِّة,دماية
2idmi,اِدْمِي,ادمي
yidmi,يِدْمِي,يدمي
2adma,أَدْمَى,أدمى
danii2,دَنِيئ,دنيئ
mutadanni,مُتَدَنِّي,متدني
daniyye,دَنِيِّة,دنية
danaa2a,دَنَاءَة,دناءة
danaawe,دَنَاوِة,دناوة
nafso danii2a,نَفْسُه دَنِيئَة,نفسه دنيئة
2almaniyye wala 2iddaniyye,المَنِيِّة ولَا الدَّنِيِّة,المنية ولا الدنية
danni,دَنِّي,دني
ydanni,يدَنِّي,يدني
danna,دَنَّا,دنا
dandara,دَنْدَرَة,دندرة
dandir,دَنْدِر,دندر
ydandir,يدَنْدِر,يدندر
dandar,دَنْدَر,دندر
dindarma,دِنْدَرْمَة,دندرمة
mdandash,مْدَنْدَش,مدندش
dandish,دَنْدِش,دندش
ydandish,يدَنْدِش,يدندش
dandash,دَنْدَش,دندش
danaaniir,دَنَانِير,دنانير
diinaar,دِينَار,دينار
tadniis,تَدْنِيس,تدنيس
2iddannas,اِتْدَنَّس,اتدنس
yiddannas,يِتْدَنَّس,يتدنس
tdannas,تْدَنَّس,تدنس
dannis,دَنِّس,دنس
ydannis,يدَنِّس,يدنس
dannas,دَنَّس,دنس
mdannig,مْدَنِّق,مدنق
dannig,دَنِّق,دنق
ydannig,يدَنِّق,يدنق
dannag,دَنَّق,دنق
mdanqir,مْدَنْقِر,مدنقر
danqir,دَنْقِر,دنقر
ydanqir,يدَنْقِر,يدنقر
danqar,دَنْقَر,دنقر
dunum,دُنُم,دنم
dnuume,دْنُومِة,دنومة
daani,دَانِي,داني
dunu,دُنُو,دنو
2ilqaasi widdaani,القَاصِي وَالدَّانِي,القاصي والداني
2idnu,اِدْنُو,ادنو
yidnu,يِدْنُو,يدنو
dana,دَنَا,دنا
dinya,دِنْيَا,دنيا
dunya,دُنْيَا,دنيا
2iddunya 2aakhir waqit,الدُّنْيَا آخِر وَقِت,الدنيا آخر وقت
qaam 2iddunya 3araasha,قَام الدُّنْيَا عَرَاسْهَا,قام الدنيا عراسها
fazza3 2iddinya,فزَّع الدِّنْيَا,فزع الدنيا
rijil biddunyaaw rijil bil2aakhre,رِجِل بَالدُّنْيَا ورِجِل بَالآخْرِة,رجل بالدنيا ورجل بالآخرة
2iddinya zawaal,الدُّنْيَا زَوَال,الدنيا زوال
dahduushe,دَهْدُوشِة,دهدوشة
dahaadiish,دَهَادِيش,دهاديش
mdahdak,مْدَهْدَك,مدهدك
dahdik,دَهْدِك,دهدك
2iddahdak,اِتْدَهْدَك,اتدهدك
ydahdik,يدَهْدِك,يدهدك
yiddahdak,يِتْدَهْدَك,يتدهدك
dahdak,دَهْدَك,دهدك
2iddahdak,اِتْدَهْدَك,اتدهدك
dihri,دِهْرِي,دهري
dahir,دَهِر,دهر
dhuur,دْهُور,دهور
mdahrib,مْدَهْرِب,مدهرب
dahrib,دَهْرِب,دهرب
ydahrib,يدَهْرِب,يدهرب
dahrab,دَهْرَب,دهرب
madhuus,مَدْهُوس,مدهوس
2idhas,اِدْهَس,ادهس
2indihis,اِنْدِهِس,اندهس
yidhas,يِدْهَس,يدهس
yindihis,يِنْدِهِس,يندهس
dahas,دَهَس,دهس
2indahas,اِنْدَهَس,اندهس
mindihish,مِنْدِهِش,مندهش
madhuush,مَدْهُوش,مدهوش
2indihaash,اِنْدِهَاش,اندهاش
2idhish,اِدْهِش,ادهش
2indihish,اِنْدِهِش,اندهش
yidhish,يِدْهِش,يدهش
yindihish,يِنْدِهِش,يندهش
dahash,دَهَش,دهش
2indahash,اِنْدَهَش,اندهش
mdoohish,مْدَوهِش,مدوهش
doohish,دَوهِش,دوهش
ydoohish,يدَوهِش,يدوهش
doohash,دَوهَش,دوهش
madhuuk,مَدْهُوك,مدهوك
2idhak,اِدْهَك,ادهك
2indahik,اِنْدَهِك,اندهك
yidhak,يِدْهَك,يدهك
yindahik,يِنْدَهِك,يندهك
dahak,دَهَك,دهك
2indahak,اِنْدَهَك,اندهك
dihliiz,دِهْلِيز,دهليز
dahaaliiz,دَهَالِيز,دهاليز
dakhkhalni 2ibdahaaliiz,دَخَّلني بدَهَاليز,دخلني بدهاليز
dahliz,دَهْلِز,دهلز
2iddahlaz,اِتْدَهْلَز,اتدهلز
ydahliz,يدَهْلِز,يدهلز
yiddahlaz,يِتْدَهْلَز,يتدهلز
dahlaz,دَهْلَز,دهلز
2iddahlaz,تْدَهْلَز,تدهلز
daahim,دَاهِم,داهم
2idham,اِدْهَم,ادهم
ydaahim,يدَاهِم,يداهم
yidham,يِدْهَم,يدهم
daaham,دَاهَم,داهم
daham,دَهَم,دهم
dhuun,دْهُون,دهون
dhaan,دْهَان,دهان
dahhiin,دَهِّين,دهين
2idhan,اِدْهَن,ادهن
dahhin,دَهِّن,دهن
yidhan,يِدْهَن,يدهن
ydahhin,يدَهِّن,يدهن
dahan,دَهَن,دهن
dahhan,دَهَّن,دهن
middahwir,مِتْدَهْوِر,متدهور
tadahwur,تَدَهْوُر,تدهور
2iddahwar,اِتْدَهْوَر,اتدهور
yiddahwar,يِتْدَهْوَر,يتدهور
2iddahwar,تْدَهْوَر,تدهور
dahwase,دَهْوَسِة,دهوسة
dahwis,دَهْوِس,دهوس
ydahwis,يدَهْوِس,يدهوس
dahwas,دَهْوَس,دهوس
2iddahwal,اِتْدَهْوَل,اتدهول
yiddahwal,يِتْدَهْوَل,يتدهول
2iddahwal,تْدَهْوَل,تدهول
2iddahwal 3ala 3eeno,تدهول على عينه,تدهول على عينه
daahye,دَاهْيِة,داهية
dahwe,دَهْوِة,دهوة
dawaahi,دَوَاهِي,دواهي
yaama ta7t 2issawaahi dawaahi,يَا مَا تحت السوَاهي دوَاهي,يا ما تحت السواهي دواهي
zayy qkuffit 2iddahwe,زي قُفِّة الدَّهْوِة,زي قفة الدهوة
doob,دَوب,دوب
yaa doob,يَا دَوب,يا دوب
mdoobi7,مْدَوبِح,مدوبح
doobi7,دَوبِح,دوبح
ydoobi7,يدَوبِح,يدوبح
dooba7,دَوبَح,دوبح
dawwaadj,دَوَّاج,دواج
duudj,دُوج,دوج
dawwidj,دَوِّج,دوج
yduudj,يدُوج,يدوج
ydawwidj,يدَوِّج,يدوج
daadj,دَاج,داج
dawwadj,دَوَّج,دوج
mdoo7is,مْدَوحِس,مدوحس
doo7ase,دَوحَسِة,دوحسة
doo7is,دَوحِس,دوحس
ydoo7is,يدَوحِس,يدوحس
doo7as,دَوحَس,دوحس
daayikh,دَايِخ,دايخ
dookha,دَوخَة,دوخة
dawwikh,دَوِّخ,دوخ
duukh,دُوخ,دوخ
yduukh,يدُوخ,يدوخ
ydawwikh,يدَوِّخ,يدوخ
daakh,دَاخ,داخ
dawwakh,دَوَّخ,دوخ
duude,دُودِة,دودة
duud,دُود,دود
midwad,مِدْوَد,مدود
midwaad,مِدْوَاد,مدواد
diidaan,دِيدَان,ديدان
madaawid,مَدَاوِد,مداود
2idduud taali3 min ta7to,الدود طَالع من تحته,الدود طالع من تحته
fii duude 2ibtiizo,في دودة بطيزه,في دودة بطيزه
midwad 2ittaawle,مِدْوَد الطَّاولة,مدود الطاولة
2idduud taali3 min ta7tha,الدود طَالع من تحتهَا,الدود طالع من تحتها
dawwid,دَوِّد,دود
ydawwid,يدَوِّد,يدود
dawwad,دَوَّد,دود
dooda7,دَودَح,دودح
daayir,دَايِر,داير
midwara,مِدْوَرَة,مدورة
duwweera,دُوَّيرَة,دويرة
daa2ira,دَائِرَة,دائرة
dawra,دَوْرَة,دورة
2idaara,إِدَارَة,إدارة
mudiir,مُدِير,مدير
mudiiriyye,مُدِيريِّة,مديرية
daar,دَار,دار
duwwaar,دُوَّار,دوار
dawwaar,دَوَّار,دوار
door,دَور,دور
dawar,دَوَر,دور
mdaawir,مْدَاوِر,مداور
madaawir,مَدَاوِر,مداور
duur,دُور,دور
dawawiir,دَوَاوِير,دواوير
2adwaar,أَدْوَار,أدوار
dwaar,دْوَار,دوار
dawaayir,دَوَايِر,دواير
dawawiir,دَوَاوِير,دواوير
madaar,مَدَار,مدار
daayir 3a7all sha3ro,دَايِر عحل شَعْرُه,داير عحل شعره
wyaa daar maa dakhkhalik shar,ويَا دَار مَا دخلك شر,ويا دار ما دخلك شر
hadaak 2iddoor,هَذَاك الدَّور,هذاك الدور
dawriyya,دَوْرِيِّة,دورية
duwaar,دُوَار,دوار
doorit 2il7araami,دَوْرَة الحرَامي,دورة الحرامي
doorit 2israadj,دَوْرَة السرَاج,دورة السراج
doorit 2ishshams,دَوْرَة الشَّمس,دورة الشمس
doorit 2idhdhill,دَوْرَة الظِّل,دورة الظل
doorit 2ilghuraab,دَوْرَة الغرَاب,دورة الغراب
dawwir,دَوِّر,دور
2idwir,اِدْوِر,ادور
2indiwir,اِنْدِوِر,اندور
diir,دِير,دير
ydawwir,يدَوِّر,يدور
yidwir,يِدْوِر,يدور
yindiwir,يِنْدِوِر,يندور
ydiir,يدِير,يدير
mudaraa2mudara,مُدَرَاء,مدراء
dawwar,دَوَّر,دور
2idaara,اِدَارَة,ادارة
dawar,دَوَر,دور
2indawar,اِنْدَوَر,اندور
2adaar,أَدَار,أدار
diir,دِير,دير
ydiir,يدِير,يدير
daar,دَار,دار
mdoorikh,مْدَورِخ,مدورخ
doorakhe,دَورَخَة,دورخة
doorikh,دَورِخ,دورخ
ydoorikh,يدَورِخ,يدورخ
doorakh,دَورَخ,دورخ
dooraq,دَورَق,دورق
dawaariq,دَوَارِق,دوارق
duuz,دُوز,دوز
mdoozan,مْدَوزَن,مدوزن
doozin,دَوزِن,دوزن
ydoozin,يدَوزِن,يدوزن
doozan,دَوزَن,دوزن
madaas,مَدَاس,مداس
kull lbaas 2ilo madaas,مَدَاس,مداس
2iljanne biduun naas maa btindaas,الجنة بدون نَاس مَابتِنْدَاس,الجنة بدون ناس مابتنداس
duus,دُوس,دوس
2indaas,اِنْدَاس,انداس
yduus,يدُوس,يدوس
yindaas,ينْدَاس,ينداس
daas,دَاس,داس
2indaas,اِنْدَاس,انداس
dawwaase,دَوَّاسِة,دواسة
dawwaase,دَوَّاسِة,دواسة
2ili3yaar 2illi maa bisiibak bidwishak,العيَار اللي مَابصيبك بدوشك,العيار اللي مابصيبك بدوشك
2iddawash,اِتْدَوَّش,اتدوش
2idwish,اِدْوِش,ادوش
2indiwish,اِنْدِوِش,اندوش
yidwish,يِدْوِش,يدوش
yiddawash,يِتْدَوَّش,يتدوش
yindiwish,يِنْدِوِش,يندوش
dawash,دَوَش,دوش
2iddawash,تْدَوَّش,تدوش
2indawash,اِنْدَوَش,اندوش
dooshka,دَوشَكَة,دوشكة
dooshak,دَوشَك,دوشك
dawaashik,دَوَاشِك,دواشك
dawaashik,دَوَاشِك,دواشك
2imdoo3ir,مْدَوعِر,مدوعر
diikoor,دِيكَور,ديكور
handasit diikoor,هَنْدَسِة دِيكَور,هندسة ديكور
dookir,دَوكِر,دوكر
ydookir,يدَوكِر,يدوكر
dookar,دَوكَر,دوكر
dawla,دَوْلَة,دولة
doole,دَولِة,دولة
duwal,دَولِة,دولة
dawla,دَوْلَة,دولة
min 2alla doole,مِن الله دَولِة,من الله دولة
2iddaawal,اِتْدَاوَل,اتداول
yiddaawal,يِتْدَاوَل,يتداول
2iddaawal,تْدَاوَل,تداول
2alla ma3 dawaaliibak,الله مع دَوَالِيبَك,الله مع دواليبك
daayim,دَايِم,دايم
mdaawim,مْدَاوِم,مداوم
dawwaame,دَوَّامِة,دوامة
dwaam,دَوَام,دوام
dwaam,دَوَام,دوام
2addaayim 2illa,الدَّايِم الله,الدايم الله
duum,دُوم,دوم
diim,دِيم,ديم
daawim,دَاوِم,داوم
yduum,يدُوم,يدوم
ydiim,يدِيم,يديم
ydaawim,يدَاوِم,يداوم
daam,دَام,دام
2adaam,أَدَام,أدام
daawam,دَاوَم,داوم
mdoomi7,مْدَومِح,مدومح
doomi7,دَومِح,دومح
ydoomi7,يدَومِح,يدومح
dooma7,دَومَح,دومح
duuniyye,دُونِيّة,دونية
deewanji,دَيوَنْجِي,ديونجي
deewanjiyye,دَيوَنْجِيِّة,ديونجية
mdawwan,مْدَوَّن,مدون
diiwaan,دِيوَان,ديوان
dawawiin,دَوَاوِين,دواوين
dawawiin,دَوَاوِين,دواوين
biduun,بِدُون,بدون
dawawiin,دَوَاوِين,دواوين
duunan 3an,دُوناً عن,دونا عن
duun,دُون,دون
dawwin,دَوِّن,دون
deewin,دَيوِن,ديون
ydawwin,يدَوِّن,يدون
ydeewin,يدَيوِن,يديون
dawwan,دَوَّن,دون
deewan,دَيوَن,ديون
mudaawa,مْدَاوَاة,مداواة
dawa,دَوَاء,دواء
daa2,دَاء,داء
2adwiye,أَدْوِيِة,أدوية
dawaaha 3indi,دَوَاهَا عندي,دواها عندي
daawi,دَاوِي,داوي
2iddaawa,اِتْدَاوَى,اتداوى
ydaawi,يدَاوِي,يداوي
yiddaawa,يِتْدَاوَى,يتداوى
daawa,دَاوَى,داوى
2iddaawa,تْدَاوَى,تداوى
2adwiye,أَدْوِيِة,أدوية
dawa,دَوَا,دوا
dawaa,دَوَاة,دواة
de,دَي,دي
de de,دَي دَي,دي دي
dayyuus,دَيُّوث,ديوث
dayaasa,دَيَاثِة,دياثة
mdayyi7,مْدَيِّح,مديح
dayyi7,دَيِّح,ديح
ydayyi7,يدَيِّح,يديح
dayya7,دَيَّح,ديح
diir baalak 3alee,دير بَالك عليه,دير بالك عليه
diir baalak,دير بَالك,دير بالك
diiruu,ديروه,ديروه
duur,دُور,دور
yduur,يدُور,يدور
daar,دَار,دار
mdayyik,مْدَيِّك,مديك
diik,دِيك,ديك
dyuuk,دْيُوك,ديوك
dyuuke,ديوُكِة,ديوكة
shaayif 2iddiik 2arnab,شَايِف الدِّيك أَرْنَب,شايف الديك أرنب
law 2iybiid 2iddiik,لو يبيض الديك,لو يبيض الديك
diik fir3ooni,دِيك فِرْعَونِي,ديك فرعوني
diik mfar3in,دِيك مْفَرْعِن,ديك مفرعن
tabbuu 2idyuuk 3aba3ad,طبوَا الديوك عبعض,طبوا الديوك عبعض
dayyik,دَيِّك,ديك
ydayyik,يدَيِّك,يديك
dayyak,دَيَّك,ديك
diyaane,دَيَانِة,ديانة
middayyin,مِتْدَيِّن,متدين
2idaane,إِدَانِة,إدانة
diin,دِين,دين
2adyaan,أَدْيَان,أديان
deen,دَين,دين
dyuun,دْيُون,ديون
daliil 2idaane,دليل إِدَانِة,دليل إدانة
bi3izz diin,بعز دِين,بعز دين
7ammal diini jmiile,حَمَّل دِينِي جْمِيلِة,حمل ديني جميلة
yoom 2iddiin,يَوم الدِّين,يوم الدين
dayyin,دَيِّن,دين
daayin,دَايِن,داين
2iddaayan,اِتْدَايَن,اتداين
2iddayan,اِتْدَيَّن,اتدين
diin,دِين,دين
ydayyin,يدَيِّن,يدين
ydaayin,يْدَايِن,يداين
yiddaayan,يِتْدَايَن,يتداين
yiddayan,يِتْدَيَّن,يتدين
ydiin,يدِين,يدين
dayyan,دَيَّن,دين
daayan,دَايَن,داين
2iddaayan,تْدَايَن,تداين
2iddayan,تْدَيَّن,تدين
2adaan,أَدَان,أدان
daynaasoor,دَيْنَاصَور,ديناصور
diyye,دِيِّة,دية
daaye,دَايِة,داية
2ibin daaye,اِبِن دَايِة,ابن داية
mistaz2ib,مِسْتَذْئِب,مستذئب
diib,ذِيب,ذيب
zi2ib,ذِئِب,ذئب
zi2aab,ذِئَاب,ذئاب
dyaab,ذْيَاب,ذياب
zi2aab bashariyye,ذِئَِاب بشريِّة,ذئاب بشرية
2istaz2ib,اِسْتَذْئِب,استذئب
yistaz2ib,يِسْتَذْئِب,يستذئب
2istaz2ab,اِسْتَذْأَب,استذأب
dhaah,ذَاه,ذاه
dhaahuu,ظَاهُو,ظاهو
daabi7,ذَابِح,ذابح
dabi7,ذَبِح,ذبح
dbii7a,ذْبِيحَة,ذبيحة
madba7a,مَذْبَحَة,مذبحة
dabaayi7,ذَبَايِح,ذبايح
madaabi7,مَذَابِح,مذابح
daba7o min 2ilqatil,ذَبَحُه من القتل,ذبحه من القتل
dbii7it 2il2asaas,ذْبيحة الأسَاس,ذبيحة الأساس
dbii7it 2il3aqid,ذْبيحة العَقِد,ذبيحة العقد
sa3di dhdhaabi7,سعد الذَابح,سعد الذابح
dabii7it 2ildabir,ذبيحة القبر,ذبيحة القبر
dbii7it 2ilkhumsaan,ذْبيحة الخُمْسَان,ذبيحة الخمسان
2idba7,اِذْبَح,اذبح
dabbi7,ذَبِّح,ذبح
yidba7,يِذْبَح,يذبح
ydabbi7,يذَبِّح,يذبح
daba7,ذَبَح,ذبح
dabba7,ذَبَّح,ذبح
2indibi7,اِنْذِبِح,انذبح
yindibi7,يِنْذِبِح,ينذبح
2indaba7,اِنْذَبَح,انذبح
2iddabba7,اِتْذَبَّح,اتذبح
yiddabba7,يِتْذَبَّح,يتذبح
tdabba7,تْذَبَّح,تذبح
dablaan,ذَبْلَان,ذبلان
daabil,ذَابِل,ذابل
dible,ذِبْلِة,ذبلة
2idhbeel,ذْبَيل,ذبيل
dhubbeel,ذُبَّيل,ذبيل
dibal,ذِبَل,ذبل
7ashiishit qalbi daable,حشيشة قلبي ذَابلة,حشيشة قلبي ذابلة
dabbil,ذَبِّل,ذبل
2iddabbal,اِتْذَبَّل,اتذبل
2idbal,اِذْبَل,اذبل
yidbal,يِذْبَل,يذبل
ydabbil,يذَبِّل,يذبل
yiddabbal,يِتْذَبَّل,يتذبل
dabbal,ذَبَّل,ذبل
2iddabbal,تْذَبَّل,تذبل
dibil,ذِبِل,ذبل
mdhabli7,مْذَبْلِح,مذبلح
dhabli7,ذَبْلِح,ذبلح
ydhabli7,يذَبْلِح,يذبلح
dhabla7,ذَبْلَح,ذبلح
dharaawi,ذَرَاوِي,ذراوي
dura,ذُرَة,ذرة
duraaye,ذُرَايِة,ذراية
zarre,ذَرِّة,ذرة
wala zarrit 2akhlaaq,ولَا ذَرِّة أخلَاق,ولا ذرة أخلاق
byikhtiri3 2izzarra,بيختِرِع الذَرِّة,بيخترع الذرة
zarwe,ذَرْوِة,ذروة
madhri,مَذْرِي,مذري
madhri,مَذْرِي,مذري
midhraa,مِذْرَاة,مذراة
tidhraaye,تِذْرَايِة,تذراية
madhaari,مَذَاري,مذاري
2idhri,اِذْرِي,اذري
dharri,ذَرِّي,ذري
ydharri,يذَرِّي,يذري
yidhri,يِذْرِي,يذري
dhara,ذَرَى,ذرى
dharra,ذَرَّى,ذرى
diqin,ذِقِن,ذقن
diqin,ذِقِن,ذقن
dquun,ذْقُون,ذقون
duquun,ذُقُون,ذقون
2izra3ha bdiqni,اِزرعهَا بذِقْنني,ازرعها بذقنني
di7ik 3adiqno,ضِحِك عذِقْنه,ضحك عذقنه
maa3indo diqin 2immashshatta,مَاعنده ذِقِن ممشطَّة,ماعنده ذقن ممشطة
mitzakkir,مِتْذَكِّر,متذكر
zaakir,ذَاكِر,ذاكر
zaakira,ذَاكِرَة,ذاكرة
zikrayaat,ذِكْرَيَات,ذكريات
zikra,ذِكْرَى,ذكرى
dzakar,ذَكَر,ذكر
dhakar,ذَكَر,ذكر
dhakar,ذَكَر,ذكر
zukuur,ذُكُور,ذكور
zaakirat 2iljihaaz,ذَاكِرَة الجهَاز,ذاكرة الجهاز
fuqdaan zaakira,فقدَان ذَاكِرة,فقدان ذاكرة
zaakira d3iife,ذَاكِرَة ضْعِيفة,ذاكرة ضعيفة
zaakirat samake,ذَاكِرَة سَمكِة,ذاكرة سمكة
zaakirat dubbaane,ذَاكِرَة ذُبَّانِة,ذاكرة ذبانة
2itzdakkar,اِتْذَكَّر,اتذكر
2izkur,اِذْكُر,اذكر
zakkir,ذَكِّر,ذكر
yizkur,يِذْكُر,يذكر
yzakkir,يذَكِّر,يذكر
yitzdakkar,يِتْذَكَّر,يتذكر
muzakkira,مُذَكِّرَة,مذكرة
tadhkiir,تَذْكِير,تذكير
tazaakir,تَذَاكِر,تذاكر
tazkara,تَذْكَرَة,تذكرة
zakar,ذَكَر,ذكر
zakkar,ذَكَّر,ذكر
tzdakkar,تْذَكَّر,تذكر
zaki,ذَكِي,ذكي
2azkiyaa2,أَذْكِيَاء,أذكياء
zakaa2,ذَكَاء,ذكاء
2itzaaka,اِتْذَاكَى,اتذاكى
yitzaaka,يِتْذَاكَى,يتذاكى
tzaaka,تْذَاكَى,تذاكى
zaliil,ذَلِيل,ذليل
mazluul,مَذْلُول,مذلول
zaalil,ذَالِل,ذالل
zull,ذُلّ,ذل
dhaluul,ذَلُول,ذلول
zall 2ahli,ذل أهلي,ذل أهلي
laa traafiq 2izzaliil bitzill mitlo walaa tinzil daar 2ittahaayim tuthimi,لَا ترَافق الذَّلِيل بتذل مثله ولَا تنزل دَار التهَايم تتهمي,لا ترافق الذليل بتذل مثله ولا تنزل دار التهايم تتهمي
2itzallal,اِتْذَلَّل,اتذلل
zill,ذِلّ,ذل
yitzallal,يِتْذَلَّل,يتذلل
yzill,يذِلّ,يذل
tzallal,تْذَلَّل,تذلل
zall,ذَلّ,ذل
mazmuum,مَذْمُوم,مذموم
zimme,ذِمِّة,ذمة
zimam,ذِمَم,ذمم
laa tzimm wala tushkur 2illa ba3id sane wusitt 2ashhur,لَا تذم ولَا تشكر الَا بعد سنة وست اشهر,لا تذم ولا تشكر الا بعد سنة وست اشهر
2ahl 2izzimme,أَهل الذِّمِّة,أهل الذمة
bizzimme,بَالذمِّة,بالذمة
bzimtak,بذمتك,بذمتك
3aamil 2issab3a wuzimmitha,عَامل السبعة وذمتهَا,عامل السبعة وذمتها
maa 2awsa3 zimto,مَا أوسع ذمتك,ما أوسع ذمتك
2a7ot bzimti,أَحط بذمتي,أحط بذمتي
2inzamm,اِنْذَمّ,انذم
yinzamm,يِنْذَمّ,ينذم
2inzamm,اِنْذَمّ,انذم
zimm,ذِمّ,ذم
yzimm,يذِمّ,يذم
zamm,ذَمّ,ذم
muznib,مُذْنِب,مذنب
zanb,ذَنْب,ذنب
danab,ذَنَب,ذنب
zunuub,ذْنُوب,ذنوب
2adnaab,أَذْنَاب,أذناب
dnaab,ذْنَاب,ذناب
da3as 3adanabo,دعس عذنبه,دعس عذنبه
2iznib,اِذْنِب,اذنب
2istaznib,اِسْتَذْنِب,استذنب
yiznib,يِذْنِب,يذنب
yistaznib,يِسْتَذْنِب,يستذنب
2aznab,أَذْنَب,أذنب
2istaznab,اِسْتَذْنَب,استذنب
dhuhbaan,ذُهْبَان,ذهبان
mdahhab,مْذَهَّب,مذهب
zahaab,ذَهَاب,ذهاب
dahab,ذَهَب,ذهب
zahaab wu2iyaab,ذَهَاب وإِيَاب,ذهاب وإياب
kalaamo byitthaqqal bidhdhahab,كَلَامُه بْيِتْثَقَّل بَالذَّهَب,كلامه بيتثقل بالذهب
3admo min dahab,عَظْمُه مِن ذَهَب,عظمه من ذهب
2izhab,اِذْهَب,اذهب
dahhib,ذَهِّب,ذهب
yizhab,يِذْهَب,يذهب
ydahhib,يذَهِّب,يذهب
zahab,ذَهَب,ذهب
dahhab,ذَهَّب,ذهب
daayib,ذَايِب,ذايب
daayib,ذَايِب,ذايب
dubit b2awaa3iyyi,ذبت بأوَاعيي,ذبت بأواعيي
bukra biduub 2ittalj wubibaan 2ilmarj,بكرة بيذوب الثلج وببَان المرج,بكرة بيذوب الثلج وببان المرج
duub,ذُوب,ذوب
dawwib,ذَوِّب,ذوب
yduub,يذُوب,يذوب
ydawwib,يذَوِّب,يذوب
daab,ذَاب,ذاب
dawwab,ذَوَّب,ذوب
daayiq,ذَايِق,ذايق
zooq,ذَوق,ذوق
zooq,ذَوق,ذوق
2azwaaq,أَذْوَاق,أذواق
tadawwuq,تَذَوُّق,تذوق
mizwiq,مِذْوِق,مذوق
dawwaq,ذَوَّاق,ذواق
dawwiiq,ذَوِّيق,ذويق
2indaaq,اِنْذّاق,انذاق
yindaaq,يِنْذّاق,ينذاق
2indaaq,اِنْذّاق,انذاق
2itdawwaq,اِتْذَوَّق,اتذوق
yitdawwaq,يِتْذَوَّق,يتذوق
tdawwaq,تْذَوَّق,تذوق
dawwiq,ذَوِّق,ذوق
ydawwiq,يذَوِّق,يذوق
dawwaq,ذَوَّق,ذوق
duuq,ذُوق,ذوق
yduuq,يذُوق,يذوق
daaq,ذَاق,ذاق
muzii3,مُذِيع,مذيع
2izaa3a,إِذَاعَة,إذاعة
2il2izaa3a 2ilmadrasiyye,الإِذَاعَة المدرسية,الإذاعة المدرسية
zii3,ذِيِع,ذيع
yzii3,يذِيع,يذيع
2azaa3,أَذَاع,أذاع
deel,ذَيل,ذيل
dyaal,ذْيَال,ذيال
dyuul,ذْيُول,ذيول
byil3ab bdeelo,بيِلْعَب بْذَيلُه,بيلعب بذيله
2ayluul deelo mabluul,أَيْلُول ذَيلُه مَبْلُول,أيلول ذيله مبلول
bidyaal,بذْيَال,بذيال
dayyil,ذَيِّل,ذيل
ydayyil,يذَيِّل,يذيل
dayyal,ذَيَّل,ذيل
ra2iisi,رَئِيسِي,رئيسي
mitmaryis,مِتْمَرْيِس,متمريس
mrayyis,مْرَيِّس,مريس
rweese,رْوَيسِة,رويسة
ri2aase,رِئَاسِة,رئاسة
ra2iis,رَئِيس,رئيس
raas,رَاس,راس
raas,رَاس,راس
ru2asaa2,رُؤَسَاء,رؤساء
ruus,رُوس,روس
rawaayis,رَوَايِس,روايس
rikib raaso,رِكِب رَاسُه,ركب راسه
waqqaf 3araaso,وَقّف عرَاسه,وقف عراسه
3abba raaso,عَبَّى رَاس,عبى راس
kibir raaso,كِبِر رَاسُه,كبر راسه
qadd sha3ar raasak,قد شعر رَاسَك,قد شعر راسك
kassar raaso,كسَّر رَاسُه,كسر راسه
birfa3 2irraas,بْيِرْفَع الرَّاس,بيرفع الراس
wiqi3 2ilfaas birraas,وِقِع الفَاس بِالرَّاس,وقع الفاس بالراس
7araq raaso,حَرَق رَاسُه,حرق راسه
fata7at braasi taaqa,فَتَحَت بِرَاسِي طَاقَة,فتحت براسي طاقة
2akal raasi,أَكل رَاسي,أكل راسي
qalab taaqiyyet raaso,قلب طَاقية رَاسك,قلب طاقية راسك
duqq raasak bil7eet,دق رَاسك بَالحيط,دق راسك بالحيط
2ukhbut raasak bil7eet,اُخبط رَاسك بَالحيط,اخبط راسك بالحيط
tabakh raasi,طبخ رَاسي,طبخ راسي
3abba raaso,عَبَّى رَاس,عبى راس
7ill 3an raasi,حِلّ عن رَاسي,حل عن راسي
kabbar raas,كبَّر رَاس,كبر راس
kabbir raasak,كبِّر رَاسك,كبر راسك
yuuqa3 3araaso ghazz,يوقع عَرَاسُه غز,يوقع عراسه غز
raas 2il3asfuur,رَاس العصفور,راس العصفور
wiq3at braaso,وقعت برَاسُه,وقعت براسه
maa 7ada bitla3 ma3o braas,مَا حدَا بيطلع معه برَاس,ما حدا بيطلع معه براس
booklu raas 2il7ayye,بيوكلوَا رَاس الحية,بيوكلوا راس الحية
qamaqiir raasi,قَمَاقِير رَاسِي,قماقير راسي
raas ibraas,رَاس برَاس,راس براس
fooq ruushum,فوق رُوسْهم,فوق روسهم
jildet raaso khamiile,جلدة رَاسُه خميله,جلدة راسه خميله
raaso yaabis,رَاسُه يَابس,راسه يابس
qaam 2iddunya 3araasha,قَام الدنيَا عرَاسْهَا,قام الدنيا عراسها
li3ib braaso,لعب برَاسُه,لعب براسه
2itla3 min raasi,اِطلع من رَاسي,اطلع من راسي
raas 2ilkoom,رَاس الكَوم,راس الكوم
yjammi3 raaseen bil7alaal,يجَمِّع رَاسَين بالحَلال,يجمع راسين بالحلال
ba7utto fooq raasi,بَحُطُّه فَوق رَاسِي,بحطه فوق راسي
3ala raasi,عَلَى رَاسِي,على راسي
3ala raasi min fooq,عَلَى رَاسِي مِن فَوق,على راسي من فوق
2ir2as,اِرْأَس,ارأس
2itra22as,اِتْرَأَّس,اترأس
2itmaryas,اِتْمَرْيَس,اتمريس
yir2as,يِرْأَس,يرأس
yitra22as,يِتْرَأَّس,يترأس
yitmaryas,يِتْمَرْيَس,يتمريس
rayyis,رَيِّس,ريس
ra2as,رَأَس,رأس
tra22as,تْرَأَّس,ترأس
tmaryas,تْمَرْيَس,تمريس
ra2uuf,رَؤُوف,رؤوف
ra2fe,رَأْفِة,رأفة
2itra22af,اِتْرَأّف,اترأف
2ir2af,اِرْأَف,ارأف
yir2af,يِرْأَف,يرأف
yitra22af,يِتْرَأّف,يترأف
ri2if,رِئِف,رئف
tra22af,تْرَأّف,ترأف
ru2ya,رُؤيَة,رؤية
ru2ya,رُؤيَا,رؤيا
ra2i,رَأي,رأي
2araa2,آرَاء,آراء
raaye,رَايِة,راية
raaye,رَايِة,راية
mraaye,مْرَايِة,مراية
ru2a,رُؤَى,رؤى
miri,مِرِي,مري
muri,مُرِي,مري
maraaya,مَرَايَا,مرايا
yaaman daraw 3eeni tara,يَامَن دَرَى وعَينِي تَرَى,يامن درى وعيني ترى
2isbuu3 2irraaye,أُسْبُوع الرَّايِة,أسبوع الراية
2irta2i,اِرْتَئِي,ارتئي
ri,ر,ر
ri,ر,ر
yara,يَرَى,يرى
yara,يَرَى,يرى
yirta2i,يِرْتَئِي,يرتئي
ra2a,رَأَى,رأى
2ara,أَرَى,أرى
2irta2a,اِرْتَأى,ارتأى
raabish,رَابِش,رابش
suuq 2irraabish,سوق الرَابش,سوق الرابش
raaboor,رَابَور,رابور
raadyo,رَادْيو,راديو
baali3 raadyo,بَالع رَاديو,بالع راديو
rabbaani,رَبَّانِي,رباني
rabaaba,رَبَابَة,ربابة
rabb,رَبّ,رب
rabbaab,رَبَّاب,رباب
nshuuf wijih rabnaa,نْشُوف وِجِه رَبْنَا,نشوف وجه ربنا
kabb min 3ind 2irrab,كَبّ مِن عِنْد الرَّبّ,كب من عند الرب
bqalb wurabb,بِقَلْبّ و رَبّ,بقلب و رب
7ammal rabbi jmiile,حمَّل رَبِّي جْمِيلِة,حمل ربي جميلة
saba7iyyit rabna,صَبَحِيِّة رَبْنَا,صبحية ربنا
mootit rabnaa,مَوتِة رَبْنَا,موتة ربنا
3adu jiddak maa bi7ibbak 7atta law 3abadto mitil rabbak,عَدُو جِدَّك مَابِيحِبَّك حَتَّى لَو عَبَدْتُه مِثِل رَبَّك,عدو جدك مابيحبك حتى لو عبدته مثل ربك
marba7,مَرْبَح,مربح
murbi7,مُرْبِح,مربح
ribi7,رِبِح,ربح
2arbaa7,أَرْبَاح,أرباح
2il7ayaa ribi7 wukhasaara,الحَيَاة رِبِح وِخْسَارَة,الحياة ربح وخسارة
2irba7,اِرْبَح,اربح
rabbi7,رَبِّح,ربح
yirba7,يِرْبَح,يربح
rab7aan,رَبْحَان,ربحان
yrabbi7,يرَبِّح,يربح
ribi7,رِبِح,ربح
rabba7,رَبَّح,ربح
2itrabba7,اِتْرَبَّح,اتربح
yitrabba7,يِتْرَبَّح,يتربح
trabba7,تْرَبَّح,تربح
mrabrab,مْرَبْرَب,مربرب
rabruub,رَبْرَوب,ربروب
rabaariib,رَبَارِيب,رباريب
rabrabe,رَبْرَبِة,ربربة
rabrib,رَبْرِب,ربرب
2itrabrab,اِتْرَبْرَب,اتربرب
yrabrib,يرَبْرِب,يربرب
yitrabrab,يِتْرَبْرَب,يتربرب
rabrab,رَبْرَب,ربرب
trabrab,تْرَبْرَب,تربرب
rubze,رُبْزِة,ربزة
rubaz,رُبَز,ربز
rabaayiz,رَبَايِز,ربايز
rabsa,رَبْصَة,ربصة
raabuus,رَابُوص,رابوص
2abu raabuus,أَبو رَابُوص,أبو رابوص
rabsit 2ilbayaadir,رَبْصة البيَادِر,ربصة البيادر
2itrabbas,اِتْرَبَّص,اتربص
2urbus,اُرْبُص,اربص
yitrabbas,يِتْرَبَّص,يتربص
yurbus,يُرْبُص,يربص
trabbas,تْرَبَّص,تربص
rabas,رَبَص,ربص
mrabbat,مْرَبّط,مربط
mirtibit,مِرْتِبِط,مرتبط
muraabit,مُرَابِط,مرابط
mrabbat,مْرَبّط,مربط
rubbaat,رُبَّاط,رباط
raabit,رَابِط,رابط
2irtibaat,اِرْتِبَاط,ارتباط
rawaabit,روَابِط,روابط
rabtat 2issama,ربطت السمَا,ربطت السما
rabatatlo,ربطتله,ربطتله
2inrabat lsaani,اِنْرَبَط لسَاني,انربط لساني
rabat 2issaa3a,رَبَط السَاعة,ربط الساعة
rabat 2ilwalad,رَبَط الولد,ربط الولد
rabat 2izzalame,رَبَط الزلمة,ربط الزلمة
rabatni,رَبَطْني,ربطني
2irbit 2ili7maar matra7 ma biqullak saa7bo,إِربط الحمَار مطرح مَا بقلك صَاحبه,إربط الحمار مطرح ما بقلك صاحبه
k7iile wu3aawadat 3almarbat,كْحيلِة وعَاوَدَت عَالمَرْبَط,كحيلة وعاودت عالمربط
2urbut,اُرْبُط,اربط
2inribit,اِنْرِبِط,انربط
2itrabbat,اِتْرَبَّط,اتربط
2irtibit,اِرْتِبِط,ارتبط
raabit,رَابِط,رابط
yurbut,يِرْبُط,يربط
yinribit,يِنْرِبِط,ينربط
yitrabbat,يِتْرَبَّط,يتربط
yirtibit,يِرْتِبِط,يرتبط
yraabit,يرَابِط,يرابط
rabat,رَبَط,ربط
rabta,رَبْطَة,ربطة
rabt,رَبِط,ربط
2inrabat,اِنْرَبَط,انربط
maraabit,مَرَابِط,مرابط
marbat,مَرْبَط,مربط
raabita,رَابِطَة,رابطة
trabbat,تْرَبَّط,تربط
2irtabat,اِرْتَبَط,ارتبط
raabat,رَابَط,رابط
raabi3,رَابِع,رابع
mrab3in,مْرَبْعِن,مربعن
marbuu3,مَرْبُوع,مربوع
mitrabbi3,مِتْرَبِّع,متربع
mraabi3,مْرَابِع,مرابع
2arba3,أَرْبَع,أربع
2arba3iin,أَرْبَعِين,أربعين
rubu3,رُبُع,ربع
marba3aaniyye,مَرْبَعَانِيِّة,مربعانية
mraaba3a,مْرَابَعَة,مرابعة
murabba3,مُرَبَّع,مربع
rubu3,رُبُع,ربع
rbaa3,رْبَاع,رباع
rab3,رَبْع,ربع
rubuu3,رُبُوع,ربوع
trabba3 3ala 3arsh,تْرَبَّع على عرش,تربع على عرش
3al2arba3iin,عَالأَرْبَعِين,عالأربعين
2arba3tak ta3tiik,أَرْبَعْتَك تعطيك,أربعتك تعطيك
2itrabba3,اِتْرَبَّع,اتربع
rab3in,رَبْعِن,ربعن
raabi3,رَابِع,رابع
yitrabba3,يِتْرَبَّع,يتربع
yrab3in,يرَبْعِن,يربعن
yraabi3,يرَابِع,يرابع
trabba3,تْرَبَّع,تربع
2arba3a,أَرْبَعَة,أربعة
rab3an,رَبْعَن,ربعن
raaba3,رَابَع,رابع
2arbi3aa2,أَرْبِعَاء,أربعاء
rabii3,رَبِيع,ربيع
rabii3i,رَبِيعِي,ربيعي
rabii3iyye,رَبِيعِيِّة,ربيعية
mirtibik,مِرْتِبِك,مرتبك
mirbik,مِرْبِك,مربك
rabke,رَبْكِة,ربكة
2irtibaak,اِرْتِبَاك,ارتباك
2irbik,اِرْبِك,اربك
2irtibik,اِرْتِبِك,ارتبك
yirbik,يِرْبِك,يربك
yirtibik,يِرْتِبِك,يرتبك
rabak,رَبَك,ربك
2irtabak,اِرْتَبَك,ارتبك
mrabba,مْرَبَّى,مربى
mrabbi,مْرَبِّي,مربي
mrabba,مْرَبَّى,مربى
tirbaaye,تِرْبَايِة,ترباية
tarbiye,تَرْبِية,تربية
mrabba,مْرَبَّى,مربى
riba,رِبَا,ربا
qaliil tirbaaye,قليل تِرْبَايِة,قليل ترباية
wizaarit 2ittarbiye witta3liim,وزَارة التَرْبِية وَالتعليم,وزارة التربية والتعليم
2akal riba,أَكل رِبَا,أكل ربا
2irba,اِرْبَى,اربى
rabbi,رَبِّي,ربي
2itrabba,اِتْرَبَّى,اتربى
raabi,رَابِي,رابي
yirba,يِرْبَى,يربى
yrabbi,يرَبِّي,يربي
yitrabba,يِتْرَبَّى,يتربى
yraabi,يرَابِي,يرابي
mitrabbi,مِتْرَبِّي,متربي
ribi,رِبِي,ربي
rabba,رَبَّى,ربى
trabba,تْرَبَّى,تربى
raaba,رَابى,رابى
mrattab,مْرَتَّب,مرتب
martabe,مَرْتَبِة,مرتبة
tartiib,تَرْتِيب,ترتيب
raatib,رَاتِب,راتب
rutbe,رُتْبِة,رتبة
martabaan,مَرْتَبَان,مرتبان
rawaatib,رَوَاتِب,رواتب
rutab,رُتَب,رتب
maraatib,مَرَاتِب,مراتب
rattib,رَتِّب,رتب
2itrattab,اِتْرَتَّب,اترتب
yrattib,يرَتِّب,يرتب
yitrattab,يِتْرَتَّب,يترتب
rattab,رَتَّب,رتب
trattab,تْرَتَّب,ترتب
mrootish,مْرَوتِش,مروتش
rutuush,رُتُوش,رتوش
rootish,رَوتِش,روتش
yrootish,يرَوتِش,يروتش
rootash,رَوتَش,روتش
tartiile,تَرْتِيلِة,ترتيلة
tartiil,تَرْتِيل,ترتيل
taraatiil,تَرَاتِيل,تراتيل
rattil,رَتِّل,رتل
yrattil,يرَتِّل,يرتل
rattal,رَتَّل,رتل
2irtijaaj,اِرْتِجَاج,ارتجاج
rujj,رُجّ,رج
2inrajj,اِنْرَجّ,انرج
yrujj,يرُجّ,يرج
yinrajj,يِنْرَجّ,ينرج
rajj,رَجّ,رج
2inrajj,اِنْرَجّ,انرج
murjee7a,مُرْجَيحَة,مرجيحة
marjii7,مَرَاجِيح,مراجيح
2irja7,اِرْجَح,ارجح
rajji7,رَجِّح,رجح
marji7,مَرْجِح,مرجح
2itmarja7,اِتْمَرْجَح,اتمرجح
yirja7,يِرْجَح,يرجح
yrajji7,يرَجِّح,يرجح
ymarji7,يمَرْجِح,يمرجح
yitmarja7,يِتْمَرْجَح,يتمرجح
raja7,رَجَح,رجح
rajja7,رَجَّح,رجح
marja7,مَرْجَح,مرجح
tmarja7,تْمَرْجَح,تمرجح
mitrooji7,مِتْرَوجِح,متروجح
2itrooja7,اِتْرَوجَح,اتروجح
yitrooja7,يِتْرَوجَح,يتروجح
trooja7,تْرَوجَح,تروجح
mraajade,مْرَاجَدِة,مراجدة
raajid,رَاجِد,راجد
yraajid,يرَاجِد,يراجد
raajad,رَاجَد,راجد
ragashe,رَجَشِة,رجشة
ragashe,رَجَشِة,رجشة
mitraaji3,مِتْرَاجِع,متراجع
raj3a,رَجْعَة,رجعة
mraaja3a,مْرَاجَعَة,مراجعة
muraaja3a,مُرَاجَعَة,مراجعة
tarjii3,تَرْجِيع,ترجيع
2inshaalla maa btirja3 2illa 3akhashabe,انشَالله مَا بترجع إِلَا عخشبة,انشالله ما بترجع إلا عخشبة
roo7a bala raj3a,رَوحة بلَا رَجْعَة,روحة بلا رجعة
2irja3,اِرْجَع,ارجع
raaji3,رَاجِع,راجع
rajji3,رَجِّع,رجع
2itraaja3,اِتْرَاجَع,اتراجع
yirja3,يِرْجَع,يرجع
yraaji3,يرَاجِع,يراجع
yrajji3,يرَجِّع,يرجع
yitraaja3,يِتْرَاجَع,يتراجع
riji3,رِجِع,رجع
raaja3,رَاجَع,راجع
rajja3,رَجَّع,رجع
traaja3,تْرَاجَع,تراجع
2istirjaa3,اِسْتِرْجَاع,استرجاع
2istarji3,اِسْتَرْجِع,استرجع
yistarji3,يِسْتَرْجِع,يسترجع
2istarja3,اِسْتَرْجَع,استرجع
rajfe,رَجْفِة,رجفة
2irjuf,اِرْجُف,ارجف
yirjuf,يِرْجُف,يرجف
rajaf,رَجَف,رجف
2ijir,إِجِر,إجر
2ijreen,إِجْرَين,إجرين
2ijri 3a2ijrak,إِجِرِي عإِجرك,إجري عإجرك
nazaro been 2ijree,نظره بين إِجِرِيه,نظره بين إجريه
tili3 bil2ijir,طلع بَالإِجر,طلع بالإجر
2ijirha khadra,إِجِرْهَا خَضْرَا,إجرها خضرا
7utt 2ideek wu 2ijreek bimayy baarde,حُطّ إِِيدَيك وإِجْرَيك بِمَيّ بَارْدِة,حط إيديك وإجريك بمي باردة
baas 2ijri,بَاس إِجْرِي,باس إجري
la2ijri,لإِِجْرِي,لإجري
2ijreena bilfalqa sawa,إِجرينَا بَالفلقة سوَا,إجرينا بالفلقة سوا
jarr 2ijro,جَرّ إِجْرُه,جر إجره
kasar 2ijro,كَسَر إِجْرُه,كسر إجره
qata3 2ijro,قَطَع إِجْرُه,قطع إجره
rijjaali,رِجَّالِي,رجالي
mustarjil,مُسْتَرْجِل,مسترجل
2irtijaali,اِرْتِجَالِي,ارتجالي
murtajal,مُرْتَجَل,مرتجل
marjale,مَرْجَلِة,مرجلة
2ijir,اِجِر,اجر
rujuule,رُجُولِة,رجولة
rijaal,رِجَال,رجال
rjaal,رْجَال,رجال
rajul,رَجُل,رجل
rijjaal,رِجَّال,رجال
2istirjaal,اِسْتِرْجَال,استرجال
2irtijaal,اِرْتِجَال,ارتجال
rijil,رِجِل,رجل
rijleen,رِجْلَين,رجلين
2ijriin,اِجْرَين,اجرين
maraajil,مَرَاجِل,مراجل
rajul 2a3maal,رجل أعمَال,رجل أعمال
rajul diin,رجل دين,رجل دين
rajul sulta,رجل سلطة,رجل سلطة
2ukht rjaal,أُخْت رْجَال,أخت رجال
la2ijri,لَاجْري,لاجري
law ysiiruu 2ijreek fooq wuraasak lata7at,لو يصيروَا اجريك فوق ورَاسك تحت,لو يصيروا اجريك فوق وراسك تحت
baas 2ijri,بَاس إِجري,باس إجري
3alee 2ijri,عليه اِجر,عليه اجر
2ijir min wara wu2ijir min quddaam,اِجِر من ورَا وَاِجِر من قُدَّام,اجر من ورا واجر من قدام
fish makaan t7utt 2ijrak fii,فِشّ مَكَان تْحُطّ اِجْرَك فِيه,فش مكان تحط اجرك فيه
rijlo kheer 3almakaan,رجله خير,رجله خير
2aksir rijlik,أَكسر رجلك,أكسر رجلك
2aqta3 rijil,أَقطع رجل,أقطع رجل
3iddi rjaalik 3iddi min 2ilaqra3 lalimsaddi,عدي رجَالك عدي من الإِقرع للمصدي,عدي رجالك عدي من الإقرع للمصدي
rajjil,رَجِّل,رجل
2istarjil,اِسْتَرْجِل,استرجل
2irtajil,اِرْتَجِل,ارتجل
2itmarjal,اِتْمَرْجَل,اتمرجل
yrajjil,يْرَجِّل,يرجل
yistarjil,يِسْتَرْجَل,يسترجل
yirtajil,يِرْتَجِل,يرتجل
yitmarjal,يِتْمَرْجَل,يتمرجل
2istarjal,اِسْتَرْجَل,استرجل
2irtajal,اِرْتَجَل,ارتجل
tmarjal,تْمَرْجَل,تمرجل
rajjal,رَجَّل,رجل
rajiim,رَجِيم,رجيم
rajim,رَجِم,رجم
2urjum,اِرْجُم,ارجم
yurjum,يِرْجُم,يرجم
rajam,رَجَم,رجم
rajaa2,رَجَاء,رجاء
raja,رَجَا,رجا
yaa shaayif 2izzool yaa khaayib 2irraja,يَا شَايِف الزَّول يَا خَايِب الرَّجَا,يا شايف الزول يا خايب الرجا
2irju,اِرْجُو,ارجو
2itrajja,اِتْرَجَّى,اترجى
2istarji,اِسْتَرْجِي,استرجي
yistarji,يِسْتَرْجِي,يسترجي
yirju,يِرْجُو,يرجو
yitrajja,يِتْرَجَّى,يترجى
raja,رَجَا,رجا
trajja,تْرَجَّى,ترجى
2istarja,اِسْتَرْجَى,استرجى
mar7aba,مَرْحَبَا,مرحبا
maraa7ib,مَرَاحِب,مراحب
mura77ib,مُرَحِّب,مرحب
mra77ab,مْرَحَّب,مرحب
yaa mar7abaa bik,يَا مَرْحَبَا بك,يا مرحبا بك
ra77ib,رَحِّب,رحب
yra77ib,يرَحِّب,يرحب
ra77ab,رَحَّب,رحب
mra7ri77,مْرَحْرِحّ,مرحرح
mra7ri77,مْرَحْرِحّ,مرحرح
ra7ri7,رَحْرِح,رحرح
yra7ri7,يرَحْرِح,يرحرح
ra7ra7,رَحْرَح,رحرح
ri7le,رِحْلِة,رحلة
mar7ale,مَرْحَلِة,مرحلة
tar7iil,تَرْحِيل,ترحيل
ra7al,رَحَل,رحل
ri7al,رِحَل,رحل
maraa7il,مَرَاحِل,مراحل
ri7laaye,رِحْلايِة,رحلاية
2ir7al,اِرْحَل,ارحل
ra77il,رَحِّل,رحل
2itra77al,اِتْرَحَّل,اترحل
yir7al,يِرْحَل,يرحل
yra77il,يرَحِّل,يرحل
yitra77al,يِتْرَحَّل,يترحل
ra7al,رَحَل,رحل
ra77al,رَحَّل,رحل
tra77al,تْرَحَّل,ترحل
mar7uum,مَرْحُوم,مرحوم
ra7me,رَحْمِة,رحمة
ra7me,رَحْمِة,رحمة
2istir7aam,اِسْتِرْحَام,استرحام
ra7im,رَحِم,رحم
2ar7aam,أَرْحَام,أرحام
2ir7am 7aalak,اِرحَم حَالك,ارحم حالك
laa bir7am wala bikhalli ra7mit 2alla tinzil,لَا برحم ولَا بخلِّي رحمة الله تنزل,لا برحم ولا بخلي رحمة الله تنزل
t3iish wutitra77am,تعيش وتِتْرَحَّم,تعيش وتترحم
ra7mit 2allaa 3alee,رَحْمَة الله عليه,رحمة الله عليه
2alf ra7me wunuur,أَلف رَحْمِة ونور عليه,ألف رحمة ونور عليه
silat 2arra7im,صِلة الرّحَم,صلة الرحم
qati3 2arra7im,قطِع الرّحِم,قطع الرحم
min ra7im 2almu3aana,من رَحِم المُعَانَاة,من رحم المعاناة
talbat roo7o 2irra7me,طلبت روحه الرحمة,طلبت روحه الرحمة
2iljooz filbeet ra7me 7atta law kaan fa7me,الجوز في البيت رحمة حتى لو كَان فحمة,الجوز في البيت رحمة حتى لو كان فحمة
3aqil 2irra7maan,عقل الرَّحْمَن,عقل الرحمن
rii7it 2ilmar7uum,ريحة المرحوم,ريحة المرحوم
maa 3induush yamma 2ir7amiini,مَا عندوش يَمَّا ارحميني,ما عندوش يما ارحميني
2ir7am,رْحَم,رحم
2itra77am,اِتْرَحَّم,اترحم
ra7maan,رَحْمَن,رحمن
2istar7im,اِسْتَرْحِم,استرحم
yir7am,يِرْحَم,يرحم
yitra77am,يتْرَحَّم,يترحم
yistar7im,يِسْتَرْحِم,يسترحم
ra7am,رَحَم,رحم
tra77am,تْرَحَّم,ترحم
2istar7am,اِسْتَرْحَم,استرحم
ra7a,رَحَى,رحى
mrakhrikh,مْرَخْرِخ,مرخرخ
rakhrakha,رَخْرَخَة,رخرخة
rakhrikh,رَخْرِخ,رخرخ
yrakhrikh,يرَخْرِخ,يرخرخ
rakhrakh,رَخْرَخ,رخرخ
rkhiis,رْخِيص,رخيص
rkhaas,رْخَاص,رخاص
mrakhkhis,مْرَخِّص,مرخص
mistarkhis,مِسْتَرْخِص,مسترخص
mrakhkhas,مْرَخَّص,مرخص
rukhsa,رُخْصَة,رخصة
rukhus,رُخُص,رخص
tarkhiis,تَرْخِيص,ترخيص
taraakhiis,تَرَاخِيص,تراخيص
rukhas,رُخَص,رخص
la7im rkhiis,لحم رْخِيص,لحم رخيص
2irkhas,اِرْخَص,ارخص
rakhkhis,رَخِّص,رخص
2itrakhkhas,اِتْرَخَّص,اترخص
2istarkhis,اِسْتَرْخَص,استرخص
yirkhas,يِرْخَص,يرخص
yrakhkhis,يرَخِّص,يرخص
yitrakhkhas,يِتْرَخَّص,يترخص
yistarkhis,يِسْتَرْخَص,يسترخص
2arkhas,أَرْخَص,أرخص
rikhis,رِخِص,رخص
rakhkhas,رَخَّص,رخص
trakhkhas,تْرَخَّص,ترخص
2istarkhas,اِسْتَرْخَص,استرخص
rikhu,رِخُو,رخو
rakhawi,رَخَوِي,رخوي
2istirkhaa2,اِسْتِرْخَاء,استرخاء
rakhaa2,رَخَاء,رخاء
rakha 2il7abil,رَخَى الحبل,رخى الحبل
khubiz rikhuu,خُبِز رِخُو,خبز رخو
2irkhi,اِرْخِي,ارخي
rakhkhi,رَخِّي,رخي
2istarkhi,اِسْتَرْخِي,استرخي
raakhi,رَاخِي,راخي
yirkhi,يِرْخِي,يرخي
yrakhkhi,يرَخِّي,يرخي
yistarkhi,يِسْتَرْخِي,يسترخي
rakha,رَخَى,رخى
rakhkha,رَخَّى,رخى
2istarkha,اِسْتَرْخَى,استرخى
radi7,رَدِح,ردح
2irda7,اِرَدَح,اردح
yirda7,يِرَدَح,يردح
rada7,رَدَح,ردح
murtadd,مُرْتَدّ,مرتد
raddaade,رَدَّادِة,ردادة
mraade,مْرَادِة,مرادة
radaayid,رَدَايِد,ردايد
biyrudd jawaabaat,بِيرُدّ جَوَابَات,بيرد جوابات
biyrudd 2irroo7,بِيرُدّ الرَّوح,بيرد الروح
darb ysidd maa yridd,دَرْب يسِدّ مَا يرِدّ,درب يسد ما يرد
min 7adha laradha,من حَدْهَا لرَدْهَا,من حدها لردها
2inradd,اِنْرَدّ,انرد
yinradd,يِنْرَدّ,ينرد
2inradd,اِنْرَدّ,انرد
rudd,رُدّ,رد
raddid,رَدِّد,ردد
raadid,رَادِد,رادد
2irtadd,اِرْتَدّ,ارتد
2istaridd,اِسْتَرِدّ,استرد
traddad,تْرَدَّد,تردد
yitraddad,يِتْرَدَّد,يتردد
2itraddad,اِتْرَدَّد,اتردد
yrudd,يرُدّ,يرد
yraddid,يرَدِّد,يردد
yraadid,يرَادِد,يرادد
yirtadd,يِرْتَدّ,يرتد
yistaridd,يِسْتَرِدّ,يسترد
radd,رَدّ,رد
taraddud,تَرَدُّد,تردد
2istirdaad,اِسْتِرْدَاد,استرداد
radd,رَدّ,رد
raddad,رَدَّد,ردد
raadad,رَادَد,رادد
2irtadd,اِرْتَدّ,ارتد
2istaradd,اِسْتَرَدّ,استرد
raadaar,رَادَار,رادار
raadi3,رَادِع,رادع
2inridi3,اِنْرِدِع,انردع
yinridi3,يِنْرِدِع,ينردع
2inrada3,اِنْرَدَع,انردع
2irda3,اِرْدَع,اردع
yirda3,يِرْدَع,يردع
rada3,رَدَع,ردع
muraadif,مُرَادِف,مرادف
raadif,رَادِف,رادف
yraadif,يرَادِف,يرادف
raadaf,رَادَف,رادف
raadim,رَادِم,رادم
2inridim,اِنْرِدِم,انردم
yinridim,يِنْرِدِم,ينردم
2inradam,اِنْرَدَم,انردم
radim,رَدِم,ردم
2irdum,اِرْدُم,اردم
2urdum,اُرْدُم,اردم
yurdum,يُرْدُم,يردم
yirdum,يِرْدُم,يردم
radam,رَدَم,ردم
rdaan,رْدَان,ردان
2arda,أَرْدَى,أردى
radi,رَدِي,ردي
razaale,رَذَالِة,رذالة
raziil,رَذِيل,رذيل
raziile,رَذِيلِة,رذيلة
razaa2il,رَذَائِل,رذائل
2itraazal,اِتْرَاذَل,اتراذل
yitraazal,يِتْرَاذَل,يتراذل
traazal,تْرَاذَل,تراذل
razzil,رَذِّل,رذل
yrazzil,يرَذِّل,يرذل
razzal,رَذّل,رذل
mraaraa,مْرَارَاة,مراراة
raari,رَارِي,راري
yraari,يرَارِي,يراري
raara,رَارَى,رارى
ruzze,رُزِّة,رزة
razze,رَزِّة,رزة
ruzz,رُزّ,رز
razziz,رَزِّز,رزز
yrazziz,يرَزِّز,يرزز
razzaz,رَزَّز,رزز
marzuu3,مَرْزُوع,مرزوع
2irza3,اِرْزَع,ارزع
2irtizi3,اِرْتِزِع,ارتزع
2inrizi3,اِنْرِزِع,انرزع
yirza3,يِرْزَع,يرزع
yinrizi3,يِنْرِزِع,ينرزع
yirtizi3,يِرْتِزِع,يرتزع
raza3,رَزَع,رزع
2inraza3,اِنْرَزَع,انرزع
2irtaza3,اِرْتَزَع,ارتزع
rizqa,رِزْقَة,رزقة
2arzaaq,أَرْزَاق,أرزاق
riziq,رِزِق,رزق
razzaaq,رَزَّاق,رزاق
murtazaq,مُرْتَزَق,مرتزق
2irzuq,اِرْزُق,ارزق
2itrazzaq,اِتْرَزَّق,اترزق
2istarziq,اِسْتَرْزِق,استرزق
yirzuq,يِرْزُق,يرزق
yitrazzaq,يِتْرَزَّق,يترزق
yistarziq,يِسْتَرْزِق,يسترزق
razaq,رَزَق,رزق
trazzaq,تْرَزَّق,ترزق
2istarzaq,اِسْتَرْزَق,استرزق
ruznaame,رُزْنَامِة,رزنامة
mirtizi,مِرْتِزِي,مرتزي
miritzi,مِرِتْزِي,مرتزي
2irtizi,اِرْتِزِي,ارتزي
yirtizi,يِرْتِزِي,يرتزي
2irtaza,اِرْتَزَى,ارتزى
raasib,رَاسِب,راسب
raasib,رَاسِب,راسب
rusuub,رُسُوب,رسوب
rawaasib,روَاسِب,رواسب
2irsub,اِرْسُب,ارسب
rassib,رَسِّب,رسب
yirsub,يِرْسُب,يرسب
yrassib,يرَسِّب,يرسب
rasab,رَسَب,رسب
rassab,رَسَّب,رسب
2imrastak2,مْرَسْتَق,مرستق
rastik2,رَسْتِق,رستق
yrastik2,يرَسْتِق,يرستق
rastak2,رَسْتَق,رستق
raasikh,رَاسِخ,راسخ
2irsakh,اِرْسَخ,ارسخ
rassikh,رَسِّخ,رسخ
yirsakh,يِرْسَخ,يرسخ
yrassikh,يرَسِّخ,يرسخ
risikh,رِسِخ,رسخ
rassakh,رَسَّخ,رسخ
rusugh,رُسُغ,رسغ
2arsaagh,أَرْسَاغ,أرساغ
rusul,رُسُل,رسل
rasuul,رَسُول,رسول
risaale,رِسَالِة,رسالة
rasaa2il,رَسَائِل,رسائل
rasaayil,رَسَايِل,رسايل
2irsil,اِرْسِل,ارسل
2irsaal,اِرْسَال,ارسال
muraasil,مُرَاسِل,مراسل
2itraasal,اِتْرَاسَل,اتراسل
yirsil,يِرْسِل,يرسل
yitraasal,يِتْرَاسَل,يتراسل
2arsal,أَرْسَل,أرسل
traasal,تْرَاسَل,تراسل
rasmi,رَسْمِي,رسمي
marsuum,مَرْسُوم,مرسوم
rasme,رَسْمِة,رسمة
rasmiyye,رَسْمِيِّة,رسمية
marsuum,مَرْسُوم,مرسوم
rassaam,رَسَّام,رسام
maraasiim,مَرَاسِيم,مراسيم
rasmat 3alee,رَسْمت علِيه,رسمت عليه
malaami7ha marsuume rasim,مَلَامِحهَا مَرْسُومِة رَسِم,ملامحها مرسومة رسم
rasmit 3een,رَسْمِة عين,رسمة عين
2inrisim,اِنْرِسِم,انرسم
yinrisim,يِنْرِسِم,ينرسم
2inrasam,اِنْرَسَم,انرسم
2irsum,اِرْسُم,ارسم
yirsum,يِرْسُم,يرسم
rasam,رَسَم,رسم
rasan,رَسَن,رسن
2arsaan,أَرْسَان,أرسان
qaati3 2irrasan,قَاطع الرَّسَن,قاطع الرسن
fallatlo 2irrasan,فلَّت له الرَّسَن,فلت له الرسن
rushte,رُشْتِة,رشتة
murashshi7,مْرَشِّح,مرشح
murashshi7,مْرَشِّح,مرشح
rashi7,رَشِح,رشح
murashsha7,مُرَشَّح,مرشح
rashshi7,رَشِّح,رشح
2itrashsha7,اِتْرَشَّح,اترشح
yrashshi7,يرَشِّح,يرشح
2irsha7,اِرْشَح,ارشح
yirsha7,يِرْشَح,يرشح
yitrashsha7,يِتْرَشَّح,يترشح
rashsha7,رَشَّح,رشح
rasha7,رَشَح,رشح
trashsha7,تْرَشَّح,ترشح
2irshaad,إِرْشَاد,إرشاد
tarshiid,تَرْشِيد,ترشيد
murshid,مُرْشِد,مرشد
2irshid,اِرْشِد,ارشد
yurshid,يِرْشِد,يرشد
2arshad,أَرْشَد,أرشد
rashrashe,رَشْرَشِة,رشرشة
rashrish,رَشْرِش,رشرش
yrashrish,يرَشْرِش,يرشرش
rashrash,رَشْرَش,رشرش
rashshaash,رَشَّاش,رشاش
marshuush,مَرْشُوش,مرشوش
rashsh,رَشّ,رش
marshuush rashsh,مَرْشُوش رَشّ,مرشوش رش
rushsh,رُشّ,رش
yrushsh,يرُشّ,يرش
rashsh,رَشّ,رش
rashfe,رَشْفِة,رشفة
rshuuf,رْشُوف,رشوف
2urshuf,اُرْشُف,ارشف
yurshuf,يُرْشُف,يرشف
rashaf,رَشَف,رشف
rashiq,رَشِق,رشق
rashik,رَشِق,رشق
2inrishiq,اِنْرِشِق,انرشق
yinrishiq,يِنْرِشِق,ينرشق
2inrashaq,اِنْرَشَق,انرشق
2urshuq,اُرْشُق,ارشق
rashshiq,رَشِّق,رشق
2itrashshaq,اِتْرَشَّق,اترشق
yurshuq,يُرْشُق,يرشق
yrashshiq,يرَشِّق,يرشق
yitrashshaq,يِتْرَشَّق,يترشق
rashaq,رَشَق,رشق
rashshaq,رَشَّق,رشق
trashshaq,تْرَشَّق,ترشق
marshuum,مَرْشُوم,مرشوم
rashme,رَشْمِة,رشمة
rashim,رَشِم,رشم
mrashsham,مْرَشَّم,مرشم
2irshum,اِرْشُم,ارشم
2urshum,اُرْشُم,ارشم
yirshum,يِرْشُم,يرشم
yurshum,يُرْشُم,يرشم
rasham,رَشَم,رشم
murtashi,مُرْتَشِي,مرتشي
rashaawi,رَشْوِة,رشوة
rashwe,رَشْوِة,رشوة
2irshi,اِرْشِي,ارشي
yirshi,يِرْشِي,يرشي
rasha,رَشَا,رشا
raashi,رَاشِي,راشي
rashwit,رَشْوِط,رشوط
yrashwit,يرَشْوِط,يرشوط
rashwat,رَشْوَط,رشوط
mitrassid,مِتْرَصِّد,مترصد
2inrisid,اِنْرِصِد,انرصد
yinrisid,يِنْرِصِد,ينرصد
2inrasad,اِنْرَصَد,انرصد
rasiid,رَصِيد,رصيد
2arside,أَرْصِدِة,أرصدة
2irsud,اِرْصُد,ارصد
rassid,رَصِّد,رصد
2itrassad,اِتْرَصَّد,اترصد
yirsud,يِرْصُد,يرصد
yrassid,يرَصِّد,يرصد
yitrassad,يِتْرَصَّد,يترصد
rasad,رَصَد,رصد
rassad,رَصَّد,رصد
trassad,تْرَصَّد,ترصد
marsuus,مَرْصُوص,مرصوص
rasse,رَصِّة,رصة
rasaase,رَصَاصِة,رصاصة
rasaas,رَصَاص,رصاص
rasiis,رَصِيص,رصيص
rasaase bnuss sabaa7o,رَصَاصِة بنُص صَبَاحُه,رصاصة بنص صباحه
qalam rasaas,قَلم رَصَاص,قلم رصاص
russ,رُصّ,رص
2inrass,اِنْرَصّ,انرص
yruss,يرُصّ,يرص
yinrass,يِنْرَصّ,ينرص
rass,رَصّ,رص
2inrass,اِنْرَصّ,انرص
mrassa3,مْرَصَّع,مرصع
rsii3,رْصِيع,رصيع
rassi3,رَصِّع,رصع
yrassi3,يرَصِّع,يرصع
rassa3,رَصَّع,رصع
rsiif,رْصِيف,رصيف
2arsife,أَرْصِفِة,أرصفة
ridaa3a,رِضَاعَة,رضاعة
raddaa3a,رَضَّاعَة,رضاعة
rad3a,رَضْعَة,رضعة
lissaatak btirda3,لِسَّاتك بتِرْضَع,لساتك بترضع
2irda3,اِرْضَع,ارضع
raddi3,رَضِّع,رضع
yirda3,يِرْضَع,يرضع
yraddi3,يْرَضِّع,يرضع
ridi3,رِضِع,رضع
radda3,رَضَّع,رضع
radafe,رَضَفِة,رضفة
ruduf,رُضُف,رضف
rduufe,رْضُوفِة,رضوفة
mardi,مَرْضِي,مرضي
rida,رِضَا,رضا
2illi biz3al la7aalo birda la7aalo,اللي بزعل لحَاله بيرضَى لحَاله,اللي بزعل لحاله بيرضى لحاله
2alla yirda 3aleek,الله يرضى عليك,الله يرضى عليك
biridaay 3aleek,بِرِضَاي عليك,برضاي عليك
2irda,اِرْضَى,ارضى
raadi,رَاضِي,راضي
2itradda,اِتْرَضَّى,اترضى
2istardi,اِسْتَرْضِي,استرضي
yirda,يِرْضَى,يرضى
raadi,رَاضِي,راضي
yraadi,يرَاضِي,يراضي
yitradda,يِتْرَضَّى,يترضى
yistardi,يِسْتَرْضِي,يسترضي
ridi,رِضِي,رضي
raada,رَاضَى,راضى
tradda,تْرَضَّى,ترضى
2istarda,اِسْتَرْضَى,استرضى
2irdi,اِرْضِي,ارضي
yirdi,يِرْضِي,يرضي
2arda,أَرْضَى,أرضى
ritib,رِطِب,رطب
mrattib,مْرَطِّب,مرطب
rutuube,رْطُوبِة,رطوبة
rutabe,رُطَبِة,رطبة
rutab,رُطَب,رطب
2itrattab,اِتْرَطَّب,اترطب
yitrattab,يِتْرَطَّب,يترطب
trattab,تْرَطَّب,ترطب
rattib,رَطِّب,رطب
yrattib,يرَطِّب,يرطب
rattab,رَطَّب,رطب
mratrit,مْرَطْرِط,مرطرط
ratrit,رَطْرِط,رطرط
yratrit,يرَطْرِط,يرطرط
ratrat,رَطْرَط,رطرط
ratt,رَطّ,رط
rathaa ta7to,رَطْهَا تحته,رطها تحته
rutt,رُطّ,رط
yrutt,يرُطّ,يرط
ratt,رَطّ,رط
mrattal,مْرَطَّل,مرطل
ritil,رِطِل,رطل
rtaal,رْطَال,رطال
tartiil,تَرْطِيل,ترطيل
rattil,رَطِّل,رطل
yrattil,يرَطِّل,يرطل
rattal,رَطَّل,رطل
rataane,رَطَانِة,رطانة
2irtun,اِرْطُن,ارطن
yirtun,يِرْطُن,يرطن
ratan,رَطَن,رطن
martawaan,مَرْطَوَان,مرطوان
mur3ib,مُرْعِب,مرعب
ra3be,رَعْبِة,رعبة
ru3ub,رُعُب,رعب
filim ru3ub,فلِم رُعُب,فلم رعب
2akalit ra3be,أَكلِت رَعْبِة,أكلت رعبة
taasit 2irra3be,طَاسة الرّعْبِة,طاسة الرعبة
mar3uub,مَرْعُوب,مرعوب
2inri3ib,اِنْرِعِب,انرعب
yinri3ib,يِنْرِعِب,ينرعب
2inra3ab,اِنْرَعَب,انرعب
ra33ib,رَعِّب,رعب
yra33ib,يرَعِّب,يرعب
ra33ab,رَعَّب,رعب
2ir3ib,اِرْعِب,ارعب
2irta3ib,اِرْتَعِب,ارتعب
yir3ib,يِرْعِب,يرعب
yirta3ib,يِرْتَعِب,يرتعب
ra3ab,رَعَب,رعب
2irta3ab,اِرْتَعَب,ارتعب
ra3id,رَعِد,رعد
yhaddid wuyir3id,يهدِّد ويرْعِد,يهدد ويرعد
2ir3id,اِرْعِد,ارعد
yir3id,يِرْعِد,يرعد
ra3ad,رَعَد,رعد
2irti3id,اِرْتِعِد,ارتعد
yirti3id,يِرْتِعِد,يرتعد
2irta3ad,اِرْتَعَد,ارتعد
2itra3ra3,اِتْرَعْرَع,اترعرع
yitra3ra3,يِتْرَعْرَع,يترعرع
tra3ra3,تْرَعْرَع,ترعرع
ra3she,رَعْشِة,رعشة
2ir3ish,اِرْعِش,ارعش
2irta3ish,اِرْتَعِش,ارتعش
yir3ish,يِرْعِش,يرعش
yirta3ish,يِرْتَعِش,يرتعش
ra3ash,رَعَش,رعش
2irta3ash,اِرْتَعَش,ارتعش
muraa3i,مُرَاعِي,مراعي
muraa3aa,مُرَاعَاة,مراعاة
ra33aayye,رَعَّايِّة,رعاية
mar3a,مَرْعَى,مرعى
ri3aaye,رِعَايِة,رعاية
maraa3i,مَرَاعِي,مراعي
ru3aat,رُعَاة,رعاة
ri3yaan,رِعْيَان,رعيان
raa3i,رَاعِي,راعي
raa3i,رَاعِي,راعي
2akil wumar3a wuqillet san3a,أَكل ومرعى وقلة صنعة,أكل ومرعى وقلة صنعة
taqyiilit 2irru3yaan,تَقْيِيلِة الرُّعْيَان,تقييلة الرعيان
2ir3a,اِرْعَى,ارعى
raa3i,رَاعِي,راعي
yir3a,يِرْعَى,يرعى
yraa3i,يرَاعِي,يراعي
ra3a,رَعَى,رعى
raa3a,رَاعَى,راعى
raaghib,رَاغِب,راغب
marghuub,مَرْغُوب,مرغوب
raghbe,رَغْبِة,رغبة
raghbe jinsiyye,رَغْبِة جنسِيِّة,رغبة جنسية
gheer marghuub fii,غَير مَرْغُوب فِيه,غير مرغوب فيه
2irghab,اِرْغَب,ارغب
raghghib,رَغِّب,رغب
yirghab,يِرْغَب,يرغب
yraghghib,يرَغِّب,يرغب
righib,رِغِب,رغب
raghghab,رَغَّب,رغب
mraghrigh,مْرَغْرِغ,مرغرغ
raghrigh,رَغْرِغ,رغرغ
yraghrigh,يرَغْرِغ,يرغرغ
raghragh,رَغْرَغ,رغرغ
rghiif,رْغِيف,رغيف
2arghife,أَرْغِفَة,أرغفة
wijihhaa maa bid7ak larghiif 2issukhun,وجههَا مَا بضحك للرغيف السخن,وجهها ما بضحك للرغيف السخن
raghghaay,رَغَّاي,رغاي
raghwe,رَغْوِة,رغوة
raghi,رَغِي,رغي
2irghi,اِرْغِي,ارغي
yirghi,يِرْغِي,يرغي
ragha,رَغَى,رغى
rifraaf,رِفْرَاف,رفراف
rafrif,رَفْرِف,رفرف
yrafrif,يرَفْرِف,يرفرف
rafraf,رَفْرَف,رفرف
birfus 2inni3me,بِيرْفُس النِّعمِة,بيرفس النعمة
na3aame turfusak,نعَامة ترفسك,نعامة ترفسك
2irfus,اِرْفِس,ارفس
raffis,رَفِّس,رفس
yirfus,يِرْفِس,يرفس
yraffis,يرَفِّس,يرفس
rafas,رَفَس,رفس
raffas,رَفَّس,رفس
2inrifis,اِنْرِفِس,انرفس
yinrifis,يِنْرِفِس,ينرفس
2inrafas,اِنْرَفَس,انرفس
raafis,رَافِس,رافس
yraafis,يرَافِس,يرافس
raafas,رَافَس,رافس
rafish,رَفِش,رفش
rfuush,رْفُوش,رفوش
2araffish bibatno,أَرفش ببطنه,أرفش ببطنه
raffish,رَفِّش,رفش
yraffish,يرَفِّش,يرفش
raffash,رَفَّش,رفش
raafid,رَافِض,رافض
marfuud,مَرْفُوض,مرفوض
rafid,رَفِض,رفض
2irfud,اِرْفُض,ارفض
yirfud,يِرْفُض,يرفض
rafad,رَفَض,رفض
mirtafi3,مِرْتَفِع,مرتفع
rfii3,رْفِيع,رفيع
raf3a,رَفْعَة,رفعة
raaf3a,رَافْعَة,رافعة
muraafa3a,مُرَافَعَة,مرافعة
rafi3,رَفِع,رفع
tarfii3,تَرْفِيع,ترفيع
birfa3 2irraas,بيرفع الرَاس,بيرفع الراس
rafi3 3atab,رفع عتب,رفع عتب
2inrifi3,اِنْرِفِع,انرفع
yinrifi3,يِنْرِفِع,ينرفع
2inrafa3,اِنْرَفَع,انرفع
2irfa3,اِرْفَع,ارفع
raffi3,رَفِّع,رفع
2itraffa3,اِتْرَفَّع,اترفع
raafi3,رَافِع,رافع
marfuu3,مَرْفُوع,مرفوع
2irtifi3,اِرْتِفِع,ارتفع
2itraafa3,اِتْرَافَع,اترافع
yirfa3,يِرْفَع,يرفع
yitraffa3,يِتْرَفَّع,يترفع
yirtifi3,يِرْتِفِع,يرتفع
yitraafa3,يِتْرَافَع,يترافع
yraffi3,يرَفِّع,يرفع
raffa3,رَفَّع,رفع
rafa3,رَفَع,رفع
traffa3,تْرَفَّع,ترفع
2irtafa3,اِرْتَفَع,ارتفع
traafa3,تْرَافَع,ترافع
muraafiq,مُرَافِق,مرافق
rfiiq 2il3umur,رْفِيق العُمُر,رفيق العمر
rifqa,رِفْقَة,رفقة
rfiiq,رْفِيق,رفيق
raafiq,رَافِق,رافق
2itraafaq,اِتْرَافَق,اترافق
yraafiq,يرَافِق,يرافق
yitraafaq,يِتْرَافَق,يترافق
raafaq,رَافَق,رافق
traafaq,تْرَافَق,ترافق
mraffil,مْرَفِّل,مرفل
mraffal,مْرَفَّل,مرفل
raffil,رَفِّل,رفل
yraffil,يرَفِّل,يرفل
raffal,رَفَّل,رفل
raffih,رَفِّه,رفه
yraffih,يرَفِّه,يرفه
raffah,رَفَّه,رفه
tarfiihi,تَرْفِيهِي,ترفيهي
rafaahiyye,رَفَاهِيِّة,رفاهية
tarfiih,تَرْفِيه,ترفيه
mraaqib,مْرَاقِب,مراقب
mitraaqab,مِتْرَاقَب,متراقب
mirgabe,مِرْقَبِة,مرقبة
raqabe,رَقَبِة,رقبة
rguba,رْقُبَة,رقبة
rgaab,رْقَاب,رقاب
muraaqabe,مُرَاقَبِة,مراقبة
rqkuube,رْقُوبِة,رقوبة
marquubiyye,مَرْقُوبِيِّة,مرقوبية
muraaqib,مُرَاقِب,مراقب
raqiib,رَقِيب,رقيب
maraagib,مَرَاقِب,مراقب
rqaab,رْقَاب,رقاب
mraaqab,مْرَاقَب,مراقب
biraqabti,برَقَبْتِي,برقبتي
burj muraaqabe,برج مُرَاقَبِة,برج مراقبة
maqsuufit 2irraqabe,مقصوفِة الرَّقبة,مقصوفة الرقبة
laa raqiib wala 7asiib,لَا رقيب ولَا حسيب,لا رقيب ولا حسيب
qird yimza3 raqibtak,قرد يمزع رقبتك,قرد يمزع رقبتك
raaqib,رَاقِب,راقب
2itraqqab,اِتْرَقَّب,اترقب
2itraaqab,اِتْرَاقَب,اتراقب
yraaqib,يرَاقِب,يراقب
yitraaqab,يِتْرَاقَب,يتراقب
yitraqqab,يِتْرَقَّب,يترقب
raaqab,رَاقَب,راقب
traaqab,تْرَاقَب,تراقب
traqqab,تْرَقَّب,ترقب
raaqgkid,رَاقِد,راقد
rquude,رْقُودِة,رقودة
faltarqud roo7o bisalaam,فلِترقُد روحُه بسلَام,فلترقد روحه بسلام
2irqgkud,اِرْقُد,ارقد
yirqgkud,يِرْقُد,يرقد
raqgkad,رَقَد,رقد
riiqazaane,رِيقَزَانِة,ريقزانة
raqis,رَقِص,رقص
marqas,مَرْقَص,مرقص
raqqaas,رَقَّاص,رقاص
maraaqis,مَرَاقِص,مراقص
2awwal 2irraqis 7anjale,أَول الرَّقِص حَنْجَلَة,أول الرقص حنجلة
2irqus,اِرْقُص,ارقص
raqsa,رَقْصَة,رقصة
2urqus,اُرْقُص,ارقص
raqqis,رَقِّص,رقص
2itraqwas,اِتْرَقْوَص,اترقوص
yirqus,يِرْقُص,يرقص
yurqus,يُرْقُص,يرقص
yraqqis,يرَقِّص,يرقص
yitraqwas,يِتْرَقْوَص,يترقوص
raqas,رَقَص,رقص
raqqas,رَقَّص,رقص
traqwas,تْرَقْوَص,ترقوص
mra22at,مْرَقَّط,مرقط
ra22it,رَقِّط,رقط
yra22it,يرَقِّط,يرقط
ra22at,رَقَّط,رقط
ruq3a,رُقْعَة,رقعة
mraqqa3,مْرَقَّع,مرقع
tarqii3,تَرْقِيع,ترقيع
shuu biddak traqqi3 tatraqqi3,شو بدَّك ترَقِّع تترَقِّع,شو بدك ترقع تترقع
3aza yirqka3ak,عزَا يرقعك,عزا يرقعك
min kull jilid ruq3a,من كل جلد رقعة,من كل جلد رقعة
2itraqqa3,اِتْرَقَّع,اترقع
yitraqqa3,يِتْرَقَّع,يترقع
traqqa3,تْرَقَّع,ترقع
min raqqa3at maa 3iryat wa2in dabbarat maa jaa3at,من رَقَّعت مَا عِرْيت وَان دَبَّرت مَا جَاعت,من رقعت ما عريت وان دبرت ما جاعت
2irqa3,اِرْقَع,ارقع
raqqi3,رَقِّع,رقع
yirqa3,يِرْقَع,يرقع
yraqqi3,يرَقِّع,يرقع
raqa3,رَقَع,رقع
raqqa3,رَقَّع,رقع
rqiiq,رْقِيق,رقيق
ruqaaqa,رُقَاقَة,رقاقة
maraqqmarakk,مَرَقّ,مرق
riqqa,رِقَّة,رقة
raqaa2iq,رَقَائِق,رقائق
raqaayiq,رَقَايِق,رقايق
yariqq qalbo,يرِقّ قَلْبُه,يرق قلبه
rqaaqa b3adas,رُقَاقَة بعدس,رقاقة بعدس
2inraqq,اِنْرَقّ,انرق
yinraqq,يِنْرَقّ,ينرق
2inraqq,اِنْرَقّ,انرق
2itraqqaq,اِتْرَقَّق,اترقق
yitraqqaq,يِتْرَقَّق,يترقق
traqqaq,تْرَقَّق,ترقق
2istariqq,اِسْتَرِقّ,استرق
yistariqq,يِسْتَرِقّ,يسترق
2istaraqq,اِسْتَرَقّ,استرق
ruqq,رُقّ,رق
raqqiq,رَقِّق,رقق
yraqqiq,يرَقِّق,يرقق
yruqq,يرُقّ,يرق
raqq,رَقّ,رق
raqqaq,رَقَّق,رقق
mraqqam,مْرَقَّم,مرقم
raqam,رَقَم,رقم
2arqaam,أَرْقَام,أرقام
tarqiim,تَرْقِيم,ترقيم
3alamaat 2ittarqiim,عَلَامات التَّرْقِيم,علامات الترقيم
2itraqqam,اِتْرَقَّم,اترقم
yitraqqam,يِتْرَقَّم,يترقم
traqqam,تْرَقَّم,ترقم
raqqim,رَقِّم,رقم
yraqqim,يرَقِّم,يرقم
raqqam,رَقَّم,رقم
raaqi,رَاقِي,راقي
tarqiye,تَرْقِيِة,ترقية
riqii,رِقِي,رقي
ruqya,رُقْيَة,رقية
raaqi,رَاقِي,راقي
raqqi,رَقِّى,رقى
2itraqqa,اِتْرَقَّى,اترقى
2irqi,اِرْقِي,ارقي
yraqqi,يرَقِّى,يرقى
yitraqqa,يِتْرَقَّى,يترقى
yirqi,يِرْقِي,يرقي
raqqa,رَقَّى,رقى
traqqa,تْرَقَّى,ترقى
raqa,رَقَى,رقى
2irtiqi,اِرْتَقِي,ارتقي
yirtiqi,يِرْتَقِي,يرتقي
2irtaqa,اِرْتَقَى,ارتقى
mrakkib,مْرَكِّب,مركب
raakib,رَاكِب,راكب
mrakkab,مْرَكَّب,مركب
rukbe,رُكْبِة,ركبة
markuub,مَرْكُوب,مركوب
raakib,رَاكِب,راكب
markib,مَرْكِب,مركب
rikaab,رِكَاب,ركاب
2irtikaab,اِرْتِكَاب,ارتكاب
rukkaab,رُكَّاب,ركاب
maraakiib,مَرَاكِيب,مراكيب
rkaab,رْكَاب,ركاب
maraakib,مَرَاكِب,مراكب
rukab,رُكَب,ركب
rukub,رُكُب,ركب
2abu 2irrukab,أَبو الرُّكَب,أبو الركب
raakib raaso,رَاكِب رَاسُه,راكب راسه
rukuub,رُكُوب,ركوب
khafiif rkaab,خفيف رْكَاب,خفيف ركاب
khalli halmarkab yimshi,خلِّي هَالمركب يمشي,خلي هالمركب يمشي
damm larrukab,دم للرُكَب,دم للركب
2itrakkab,اِتْرَكَّب,اتركب
yitrakkab,يِتْرَكَّب,يتركب
trakkab,تْرَكَّب,تركب
2irkab,اِرْكَب,اركب
rakkib,رَكِّب,ركب
2irtikib,اِرْتِكِب,ارتكب
yirkab,يِرْكَب,يركب
yrakkib,يرَكِّب,يركب
yirtikib,يِرْتِكِب,يرتكب
rikib,رِكِب,ركب
rakkab,رَكَّب,ركب
2irtakab,اِرْتَكَب,ارتكب
raakid,رَاكِد,راكد
raakid,رَاكِد,راكد
rakaade,رَكَادِة,ركادة
rukuud,رُكُود,ركود
bratshade,برَكَادِة,بركادة
2irkud,اِرْكُد,اركد
rakkid,رَكِّّد,ركد
yirkud,يِرْكُد,يركد
yrakkid,يرَكِّّد,يركد
rakad,رَكَد,ركد
rakkad,رَكَّد,ركد
markazi,مَرْكَزِي,مركزي
raakiz,رَاكِز,راكز
mrakkiz,مْرَكِّز,مركز
mrakkiz,مْرَكِّز,مركز
rakaaze,رَكَازِة,ركازة
tarkiiz,تَرْكِيز,تركيز
markaz,مَرْكَز,مركز
maraakiz,مَرَاكِز,مراكز
rakkiz,رَكِّز,ركز
2irkaz,اِرْكَز,اركز
2irtikiz,اِرْتِكِز,ارتكز
yrakkiz,يرَكِّز,يركز
yirkaz,يِرْكَز,يركز
yirtikiz,يِرْتِكِز,يرتكز
rakkaz,رَكَّز,ركز
rikiz,رِكِز,ركز
2irtakaz,اِرْتَكَز,ارتكز
rakkaada,رَكَّاضَة,ركاضة
rakid,رَكِض,ركض
maalak 2ibturkud wub2iidak maras qaal nsiib nsiibna shaariilo faras,مَالك بتركض وبَايدك مرس قَال نسيب نسيبنَا شَاريله فرس,مالك بتركض وبايدك مرس قال نسيب نسيبنا شاريله فرس
yrakkid,يْرَكِّض,يركض
2irkud,اِرْكُض,اركض
rakkid,رَكِّض,ركض
yirkud,يِرْكُض,يركض
rakkad,رَكَّض,ركض
rakad,رَكَض,ركض
raaki3,رَاكِع,راكع
rak3a,رَكْعَة,ركعة
rukuu3,رُكُوع,ركوع
2irka3,اِرْكَع,اركع
rakki3,رَكِّع,ركع
yirka3,يِرْكَع,يركع
yrakki3,يرَكِّع,يركع
raka3,رَكَع,ركع
rakka3,رَكَّع,ركع
rakk,رَكّ,رك
rakiik,رَكِيك,ركيك
rakaake,رَكَاكِة,ركاكة
biddo ktiir rakk,بِدُّه كْثِير رَكّ,بده كثير رك
mitraakim,مِتْرَاكِم,متراكم
raakim,رَاكِم,راكم
2itraakam,اِتْرَاكَم,اتراكم
yraakim,يْرَاكِم,يراكم
yitraakam,يِتْرَاكَم,يتراكم
raakam,رَاكَم,راكم
traakam,تْرَاكَم,تراكم
rukun,رُكُن,ركن
2arkaan,أَرْكَان,أركان
2irkin 3ajanab,اِرْكِن عَجَنَب,اركن عجنب
2inrakan 3ajanb,اِنْرَكَن عَجَنَب,انركن عجنب
2inrikin,اِنْرِكِن,انركن
yinrikin,يِنْرِكِن,ينركن
2inrakan,اِنْرَكَن,انركن
2irkun,اِرْكُن,اركن
2irkin,اِرْكِن,اركن
2irtikin,اِرْتِكِن,ارتكن
yirkun,يِرْكُن,يركن
yirkin,يِرْكِن,يركن
yirtikin,يِرْتِكِن,يرتكن
rakan,رَكَن,ركن
2arkan,أَرْكَن,أركن
2irtakan,اِرْتَكَن,ارتكن
mrakki,مْرَكِّي,مركي
raaki,رَاكِي,راكي
rakwe,رَكْوِة,ركوة
rakkaaye,رَكَّايِة,ركاية
2itrakka,اِتْرَكَّى,اتركى
yitrakka,يِتْرَكَّى,يتركى
trakka,تْرَكَّى,تركى
2irki,اِرْكِي,اركي
rakki,رَكِّي,ركي
yirki,يِرْكِي,يركي
yrakki,يرَكِّي,يركي
raka,رَكَى,ركى
rakka,رَكَّى,ركى
tarmiij,تَرْمِيج,ترميج
rammij,رَمِّج,رمج
yrammij,يِرَمِّج,يرمج
rammaj,رَمَّج,رمج
rmaa7,رْمَاح,رماح
rumu7,رُمُح,رمح
rimaa7,رِمَاح,رماح
bidawwir 2irrumu7 bibatno,بيدوِّر الرُّمُح ببطنه,بيدور الرمح ببطنه
2irma7,اِرْمَح,ارمح
yirma7,يِرْمَح,يرمح
rama7,رَمَح,رمح
ramaad,رَمَاد,رماد
ramaadi,رَمَادِي,رمادي
mrammid,مْرَمِّد,مرمد
ramad,رَمَد,رمد
rammid,رَمِّد,رمد
yrammid,يرَمِّد,يرمد
rammad,رَمَّد,رمد
ramrame,رَمْرَمِة,رمرمة
ramrim,رَمْرِم,رمرم
yramrim,يرَمْرِم,يرمرم
ramram,رَمْرَم,رمرم
ramzi,رَمْزِي,رمزي
ramz,رَمْز,رمز
ramiz,رَمِز,رمز
rumuuz,رُمُوز,رموز
2irmuz,اِرْمُز,ارمز
yirmuz,يِرْمُز,يرمز
ramaz,رَمَز,رمز
ramzoor,رَمْزَور,رمزور
ramzoon,رَمْزَون,رمزون
mroomis,مْرَومِس,مرومس
roomis,رَومِس,رومس
yroomis,يرَومِس,يرومس
roomas,رَومَس,رومس
tarmiish,تَرْمِيش,ترميش
rimish,رِمِش,رمش
rmuush,رْمُوش,رموش
bakhdimak birmuush 3inay,بخدمك برموش عيني,بخدمك برموش عيني
2irmish,اِرْمِش,ارمش
rammish,رَمَّش,رمش
yirmish,يِرْمِش,يرمش
yrammish,يرَمَّش,يرمش
ramash,رَمَش,رمش
rammash,رَمَّش,رمش
mramdin,مْرَمْضِن,مرمضن
ramadaan,رَمَضَان,رمضان
ramaadiin,رَمَاضِين,رماضين
ramdin,رَمْضِن,رمضن
yramdin,يرَمْضِن,يرمضن
ramdan,رَمْضَن,رمضن
rammi3,رَمِّع,رمع
yrammi3,يرَمِّع,يرمع
ramma3,رَمَّع,رمع
2armal,أَرْمَل,أرمل
mrammal,مْرَمَّل,مرمل
ramlaawi,رَمْلَاوِي,رملاوي
ramle,رَمْلِة,رملة
ramle,رَمْلِة,رملة
ramil,رَمِل,رمل
rimaal,رِمَال,رمال
rmaal,رْمَال,رمال
2alla yrammil 2ilyahuud,الله يْرَمِّل اليهود,الله يرمل اليهود
rammil,رَمِّل,رمل
yrammil,يْرَمِّل,يرمل
rammal,رَمَّل,رمل
2itrammal,اِتْرَمَّل,اترمل
yitrammal,يِتْرَمَّل,يترمل
trammal,تْرَمَّل,ترمل
mrammam,مْرَمَّم,مرمم
rimme,رِمِّة,رمة
tarmiim,تَرْمِيم,ترميم
ramaayim,رَمَايِم,رمايم
2itrammam,اِتْرَمَّم,اترمم
yitrammam,يِتْرَمَّم,يترمم
trammam,تْرَمَّم,ترمم
rumm,رُمّ,رم
rammim,رَمِّم,رمم
yrammim,يرَمِّم,يرمم
yrumm,يرُمّ,يرم
ramm,رَمّ,رم
rammam,رَمَّم,رمم
marma,مَرْمَى,مرمى
marmi,مَرْمِي,مرمي
2irmi wara dahrak,اِرْمِي ورَا ظهرك,ارمي ورا ظهرك
rama qarafo,رَمَى قرفُه,رمى قرفه
rami,رَمِي,رمي
rama tuqlit dammo,رَمَى ثُقْلِة دَمُّه,رمى ثقلة دمه
rama 3aleeha 2ilyamiin,رَمى عليهَا اليمين,رمى عليها اليمين
rama 7aalo 3aleeha,رَمَى حَاله عليهَا,رمى حاله عليها
mramma zayy 2ishriita,مرمى زي الشريطة,مرمى زي الشريطة
2armiiha 3alee,أَرميهَا عليه,أرميها عليه
2irmi,اِرْمِي,ارمي
2irtimi,اِرْتِمِي,ارتمي
2iritmi,اِرِتْمِي,ارتمي
yirmi,يِرْمِي,يرمي
yirtimi,يِرْتِمِي,يرتمي
yiritmi,يِرِتْمِي,يرتمي
rama,رَمَى,رمى
2irtama,اِرْتَمَى,ارتمى
rami,رَمِي,رمي
rammaay,رَمَّاي,رماي
rammaayit bala,رَمَّايِة بَلَا,رماية بلا
rammi,رَمِّي,رمي
yrammi,يرَمِّي,يرمي
ramma,رَمَّى,رمى
2arnuub,أَرْنُوب,أرنوب
2arnab,أَرْنَب,أرنب
2araaniib,أَرَانِيب,أرانيب
2araanib,أَرَانِب,أرانب
shaayif 2iddiik 2arnab,شَايف الدِّيك أرْنَب,شايف الديك أرنب
2it2arnab,اِتْأَرْنَب,اتأرنب
yit2arnab,يِتْأَرْنَب,يتأرنب
t2arnab,تْأَرْنَب,تأرنب
tarannu7,تَرَنُّح,ترنح
2itranna7,اِتْرَنَّح,اترنح
yitranna7,يِتْرَنَّح,يترنح
tranna7,تْرَنَّح,ترنح
mitranni7,مِتْرَنِّح,مترنح
raanikh,رَانِخ,رانخ
2imrannakh,مْرَنَّخ,مرنخ
rannikh,رَنِّخ,رنخ
yrannikh,يرَنِّخ,يرنخ
rannakh,رَنَّخ,رنخ
mrandi7,مْرَنْدِح,مرندح
2imranda7,مْرَنْدَح,مرندح
randi7,رَنْدِح,رندح
yrandi7,يرَنْدِح,يرندح
randa7,رَنْدَح,رندح
randale,رَنْدَلِة,رندلة
mrandal,مْرَنْدَل,مرندل
randil,رَنْدِل,رندل
yrandil,يرَنْدِل,يرندل
randal,رَنْدَل,رندل
ranrane,رَنْرَنِة,رنرنة
ranrin,رَنْرِن,رنرن
yranrin,يرَنْرِن,يرنرن
ranran,رَنْرَن,رنرن
raanin,رَانِن,رانن
ranne,رَنِّة,رنة
tanne wranne,طنة ورنة,طنة ورنة
rann,رَنّ,رن
rinn,رِنّ,رن
yrinn,يرِنّ,يرن
rann,رَنّ,رن
rahiib,رَهِيب,رهيب
raahib,رَاهِب,راهب
rahbe,رَهْبِة,رهبة
rahbaani,رَهْبَانِي,رهباني
2irhaab,إِرْهَاب,إرهاب
2irhaabi,إِرْهَابي,إرهابي
raahib,رَاهِب,راهب
ruhbaan,رُهْبَان,رهبان
rahhib,رَهِّب,رهب
2irhaabi,إِرْهَابِي,إرهابي
2itrahban,اِتْرَهْبَن,اترهبن
yrahhib,يرَهِّب,يرهب
yitrahban,يِتْرَهْبَن,يترهبن
rahhab,رَهَّب,رهب
trahban,تْرَهْبَن,ترهبن
rahdale,رَهْدَلِة,رهدلة
mrahdal,مْرَهْدَل,مرهدل
rahdil,رَهْدِل,رهدل
yrahdil,يرَهْدِل,يرهدل
rahdal,رَهْدَل,رهدل
2imrahrit,مْرَهْرِط,مرهرط
rahrit,رَهْرِط,رهرط
yrahrit,يرَهْرِط,يرهرط
rahrat,رَهْرَط,رهرط
2itrahrat,اِتْرَهْرَط,اترهرط
yitrahrat,يِتْرَهْرَط,يترهرط
trahrat,تْرَهْرَط,ترهرط
rhayyif,رْهَيِّف,رهيف
dam3ito rhayfe,دَمِعْتُه رْهَيْفِة,دمعته رهيفة
murhaq,مُرْهَق,مرهق
2irhaaq,إِرْهَاق,إرهاق
2irhiq,اِرْهِق,ارهق
yirhiq,يِرْهِق,يرهق
2arhaq,أَرْهَق,أرهق
2itrahhal,اِتْرَهَّل,اترهل
yitrahhal,يِتْرَهَّل,يترهل
trahhal,تْرَهَّل,ترهل
mitrahhil,مِتْرَهِّل,مترهل
tarahhul,تَرَهُّل,ترهل
marham,مَرْهَم,مرهم
maraahim,مَرَاهِم,مراهم
marhuun,مَرْهُون,مرهون
rahiine,رَهِينِة,رهينة
rahin,رَهِن,رهن
rihaan,رِهَان,رهان
rahaa2in,رَهَائِن,رهائن
rahin 2ishaartak,رَهِن إِشَارْتَك,رهن إشارتك
marhuun bi,مَرْهُون ب,مرهون ب
2irhin,اِرْهِن,ارهن
raahin,رَاهِن,راهن
yirhin,يِرْهِن,يرهن
yraahin,يرَاهِن,يراهن
rahan,رَهَن,رهن
raahan,رَاهَن,راهن
roobe,رَوبِة,روبة
mraawbe,مْرَاوْبِة,مراوبة
roob,رَوب,روب
2arwaab,أَرْوَاب,أرواب
rwaab,رْوَاب,رواب
rawwib,رَوِّب,روب
yrawwib,يرَوِّب,يروب
rawwab,رَوَّب,روب
tirwiij,تَرْوِيج,ترويج
taraawiij,تَرَاوِيج,تراويج
raa7,رَاح,راح
ra7,رَح,رح
raayi7,رَايِح,رايح
mirtaa7,مِرْتَاح,مرتاح
mirtaa7,مِرْتَاح,مرتاح
mistarwi7,مِسْتَرْوِح,مستروح
mroo7in,مْرَوحِن,مروحن
mrayyi7,مْرَيِّح,مريح
raayi7,رَايِح,رايح
mrawwi7,مْرَوِّح,مروح
roo7,رَوح,روح
raa7a,رَاحَة,راحة
roo7a,رَوحَة,روحة
raa7a,رَاحَة,راحة
marwa7a,مَرْوَحَة,مروحة
2irtiyaa7,اِرْتِيَاح,ارتياح
taraawii7,تَرَاوِيح,تراويح
2arwaa7,أَرْوَاح,أرواح
maraawi7,مَرَاوِح,مراوح
roo7ha 7ilwe,رَوحْهَا حِلْوِة,روحها حلوة
til3at roo7i,طِلْعَت رَوحِي,طلعت روحي
2irroo7 birroo7,الرَّوح بالرَّوح,الروح بالروح
rawaa7,رَواح,رواح
tarwii7a,تَرْوِيحَة,ترويحة
tarwii7at 2issar7,تَرْويحَة السَّرْح,ترويحة السرح
2issaraa7a raa7a,الصَّرَاحة رَاحَة,الصراحة راحة
raa7it shorbit 2il7oome,رَاحَة شربة الحومة,راحة شربة الحومة
raa7it 2issabuu7,رَاحة الصبوح,راحة الصبوح
raa7it shurbit 2issabuu7,رَاحة شربة الصبوح,راحة شربة الصبوح
raa7it 2ighada,رَاحَة الغَدَا,راحة الغدا
raa7it shurbit 2ilghada,رَاحَة شربة الغَدَا,راحة شربة الغدا
roo7o tawiile,روحُه طويلة,روحه طويلة
2alla yjiibik ya toolit 2irroo7,الله يْجِيبِك يَا طُولِة الرَّوح,الله يجيبك يا طولة الروح
roo7o braas manaakhiiro,رّوحُه بْرَاس مَنَاخِيرُه,روحه براس مناخيره
2ittaayi7 raayi7,الطَايح رَايح,الطايح رايح
yaa raayi7 kattir malaayi7,يَا رَايح كثر ملَايح,يا رايح كثر ملايح
maakil roo7il khal,مَاكِل رَوح الخَلّ,ماكل روح الخل
ruu7 moot,رُوح مُوت,روح موت
3albaarid 2ilmistrii7,عَالبَارد المستريح,عالبارد المستريح
raayi7 jaay,رَايح جَاي,رايح جاي
raa7,رَاح,راح
ruu7,رُوح,روح
2irtaa7,اِرْتَاح,ارتاح
rayyi7,رَيِّح,ريح
roo7in,رَوحِن,روحن
2irwi7,إِرْوِح,إروح
2istarwi7,اِسْتَرْوِح,استروح
rawwi7,رَوِّح,روح
yruu7,يرُوح,يروح
yrawwi7,يرَوِّح,يروح
y2arwi7,يْأَرْوِح,يأروح
yirtaa7,يِرْتَاح,يرتاح
yrayyi7,يرَيِّح,يريح
tarwii7a,تَرْوِيحَة,ترويحة
mistirii7,مِسْتِرِيح,مستريح
yroo7in,يرَوحِن,يروحن
yistarwi7,يِسْتَرْوِح,يستروح
raa7,رَاح,راح
rawwa7,رَوَّح,روح
2arwa7,أَرْوَح,أروح
2istiraa7a,اِسْتِرَاحَة,استراحة
2irtaa7,اِرْتَاح,ارتاح
rayya7,رَيَّح,ريح
murii7,مُرِيح,مريح
2arya7,أَرْيَح,أريح
roo7an,رَوحَن,روحن
2istarwa7,اِسْتَرْوَح,استروح
2itrayya7,اِتْرَيَّح,اتريح
yitrayya7,يِتْرَيَّح,يتريح
trayya7,تْرَيَّح,تريح
raayid,رَايِد,رايد
2iraade,إِرَادِة,إرادة
taraawiide,تَرْوِيدِة,ترويدة
muraad,مُرَاد,مراد
taraawiid,تَرَاوِيد,تراويد
rawwid,رَوِّد,رود
raawid,رَاوِد,راود
riid,رِيد,ريد
yriid,يرِيد,يريد
yraawid,يرَاوِد,يراود
yrawwid,يرَوِّد,يرود
riid,رِيد,ريد
yriid,يرِيد,يريد
2araad,أَرَاد,أراد
raad,رَاد,راد
raawad,رَاوَد,راود
rawwad,رَوَّد,رود
ruuz,رُوز,روز
yruuz,يرُوز,يروز
raaz,رَاز,راز
mrawwas,مْرَوَّس,مروس
tarwiise,تَرْوِيسِة,ترويسة
rawwis,رَوِّس,روس
yrawwis,يرَوِّس,يروس
rawwas,رَوَّس,روس
2itrawwas,اِتْرَوَّس,اتروس
yitrawwas,يِتْرَوَّس,يتروس
trawwas,تْرَوَّس,تروس
riwshe,رِوْشِة,روشة
riwish,رِوِش,روش
2irwash,اِرْوَش,اروش
2irwash,اِرْوَش,اروش
rooshaan,رَوشَان,روشان
2irwish,اِرْوِش,اروش
yirwish,يِرْوِش,يروش
rawash,رَوَش,روش
ruusheeta,رَوشَّيتَة,روشيتة
riyaadi,رِيَاضِي,رياضي
mrayyid,مْرَيِّض,مريض
rawda,رَوْضَة,روضة
riyaada,رِيَاضَة,رياضة
tarwiid,تَرْوِيض,ترويض
taryiid,تَرْيِيض,ترييض
rawwid,رَوِّض,روض
rayyid,رَيِّض,ريض
2itrayyad,اِتْرَيَّض,اتريض
2itrawwad,اِتْرَوَّض,اتروض
yrawwid,يرَوِّض,يروض
yitrawwad,يِتْرَوَّض,يتروض
yrayyid,يرَيِّض,يريض
yitrayyad,يِتْرَيَّض,يتريض
rawwad,رَوَّض,روض
trawwad,تْرَوَّض,تروض
rayyad,رَيَّض,ريض
trayyad,تْرَيَّض,تريض
murawwi3,مُرَوِّع,مروع
rawwi3,رَوِّع,روع
yrawwi3,رَوِّع,روع
rawwa3,رَوَّع,روع
raw3a,رَوْعَة,روعة
raw3a,رَوْعَة,روعة
rawaa2i3,رَوَائِع,روائع
raa2i3,رَائِع,رائع
2arwa3,أَرْوَع,أروع
raa2i3,رَائِع,رائع
raayiq,رَايِق,رايق
tarwii2a,تَرْوِيقَة,ترويقة
tirwaak,تِرْوَاق,ترواق
rawaqaan,رَوَقَان,روقان
rawaaq,رَوَاق,رواق
taraawiik,تَرَاوِيك,تراويك
3arawaaq,عرَوَاق,عرواق
faayiq wuraayiq,فَايق و رَايق,فايق و رايق
ruuq,رُوق,روق
rawwiq,رَوِّق,روق
2itrawwa2,اِتْرَوَّق,اتروق
yruuq,يرُوق,يروق
yrawwiq,يرَوِّق,يروق
yitrawwa2,يِتْرَوَّق,يتروق
raaq,رَاق,راق
rawwaq,رَوَّق,روق
trawwa2,تْرَوَّق,تروق
ruumaansiyye,رُومَانْسِيِّة,رومانسية
riwaaye,رِوَايِة,رواية
rayy,رَيّ,ري
2irwi,اِرْوِي,اروي
2irtiwi,اِرْتَوى,ارتوى
2inriwi,اِنِرْوِي,انروي
yirwi,يِرْوِي,يروي
yirtiwi,يِرْتَوى,يرتوى
yinriwi,يِنِرْوِي,ينروي
rawa,رَوَى,روى
2irtawa,اِرْتَوى,ارتوى
riwi,رِوِي,روي
muriib,مُرِيب,مريب
riibe,رِيبِة,ريبة
2irtaab,اِرْتَاب,ارتاب
yirtaab,يِرْتَاب,يرتاب
2irtaab,اِرْتَاب,ارتاب
yaa reet,يَا رَيت,يا ريت
kilmet yaa reet 3umurha maa kaanat bit3ammir beet,كِلْمِة يَارَيت عُمِرْهَا مَا كَانَت بِتْعَمِّر بَيت,كلمة ياريت عمرها ما كانت بتعمر بيت
reeto maa yibla,رَيتُه مَا يبلَا,ريته ما يبلا
reet,رَيت,ريت
rii7aan,رِيحَان,ريحان
mirwi7,مِرْوِح,مروح
rii7a,رِيحَة,ريحة
rii7a,رِيحَة,ريحة
rii7,رِيح,ريح
maraa7,مَرَاح,مراح
2iriyaa7,رْيَاح,رياح
rawaa2i7,رَوَائِح,روائح
rawaayi7,رَوَايِح,روايح
fooq 2irrii7,فوق الريح,فوق الريح
min rii7it,من رِيحَة,من ريحة
rii7it 2il2im bitlimm,رِيحَة الإِم بتلم,ريحة الإم بتلم
rii7itil mar7uum,رِيحَة المرحوم,ريحة المرحوم
riikha,رِيخَة,ريخة
mrayyish,مْرَيِّش,مريش
riishe,رِيشِة,ريشة
riish,رِيش,ريش
riyash,رِيَش,ريش
3araaso riishe,عرَاسُه رِيشِة,عراسه ريشة
2akhaf min riishteen 3ala jamal,أَخف من ريشتين على جمل,أخف من ريشتين على جمل
rayyish,رَيِّش,ريش
yrayyish,يرَيِّش,يريش
rayyash,رَيَّش,ريش
rii3a,رِيعَة,ريعة
2irii3a,رِيعَة,ريعة
ryaa3,ريَاع,رياع
rayyi3,ريِّع,ريع
yrayyi3,يريِّع,يريع
rayya3,ريَّع,ريع
mrayyik,مْرَيِّق,مريق
riiq,رِيق,ريق
nashshaf riiqi,نَشّف رِيقِي,نشف ريقي
3arriiq,عَالرِّيق,عالريق
riiq 7iluu,رِيق حلو,ريق حلو
riiqa,رِيقَة,ريقة
riiqa riiqa,رِيقَة رِيقَة,ريقة ريقة
rayyiqk,رَيِّق,ريق
yrayyiqk,يرَيِّق,يريق
rayyaqk,رَيَّق,ريق
ryaale,رْيَالِة,ريالة
maryale,مَرْيَلِة,مريلة
maryuul,مَرْيُول,مريول
marayiil,مَرَايِيل,مراييل
maraayil,مَرَايِل,مرايل
ryaalto shaatte,رْيَالته شَاطِّة,ريالته شاطة
maryalit tabikh,مَرْيَلِة طَبِخ,مريلة طبخ
rayyil,رَيِّل,ريل
yrayyil,يرَيِّل,يريل
rayyal,رَيَّل,ريل
zbiibe,زْبِيبِة,زبيبة
zbiib,زْبِيب,زبيب
zibb,زِبّ,زب
zbaab,زْبَاب,زباب
darbil 7abiib mitil 2akil 2izbiib,ضَرْب الحَبِيب مِثِل أَكِل الزْبِيب,ضرب الحبيب مثل أكل الزبيب
2itzabzab,اِتْزَبْزَب,اتزبزب
yitzabzab,يِتْزَبْزَب,يتزبزب
tzabzab,تْزَبْزَب,تزبزب
zibdiyye,زِبْدِيِّة,زبدية
zabaadi,زَبَادِي,زبادي
zabaadi,زَبَادِي,زبادي
zabbid,زَبِّد,زبد
yzabbid,يزَبِّد,يزبد
zabbad,زَبَّد,زبد
zabrawaati,زَبْرَوَاتِي,زبرواتي
zubur,زُبُر,زبر
zbaar,زْبَار,زبار
ziibaar,زِيبَار,زيبار
zbaar,زْبَار,زبار
mzabrikh,مْزَبْرِخ,مزبرخ
mzabrikh,مْزَبْرِخ,مزبرخ
zabrikh,زَبْرِخ,زبرخ
yzabrikh,يزَبْرِخ,يزبرخ
zabrakh,زَبْرَخ,زبرخ
zabi3,زَبِع,زبع
2inzibi3,اِنْزِبِع,انزبع
yinzibi3,يِنْزِبِع,ينزبع
2inzaba3,اِنْزَبَع,انزبع
2izba3,اِزْبَع,ازبع
yizba3,يِزْبَع,يزبع
zaba3,زَبَع,زبع
zaabil,زَابِل,زابل
zbaale,زْبَالِة,زبالة
mazbale,مَزْبَلِة,مزبلة
zibil,زِبِل,زبل
zabbaal,زَبَّال,زبال
zabaayil,زَبَايِل,زبايل
mazaabil,مَزَابِل,مزابل
kanz fi mazbale,كنز في مزبلة,كنز في مزبلة
2istazbil,اِسْتَزْبِل,استزبل
yistazbil,يِسْتَزْبِل,يستزبل
2istazbal,اِسْتَزْبَل,استزبل
2inzibil,اِنْزِبِل,انزبل
yinzibil,يِنْزِبِل,ينزبل
2inzabal,اِنْزَبَل,انزبل
2itzabbal,اِتْزَبَّل,اتزبل
yitzabbal,يِتْزَبَّل,يتزبل
tzabbal,تْزَبَّل,تزبل
zabbil,زَبِّل,زبل
2izbil,اِزْبِل,ازبل
yzabbil,يزَبِّل,يزبل
yizbil,يِزْبِل,يزبل
zabbal,زَبَّل,زبل
zabal,زَبَل,زبل
zbuun,زْبُون,زبون
zabaayin,زَبَايِن,زباين
zaabin,زَابِن,زابن
2izbin,اِزْبِن,ازبن
yizbin,يِزْبِن,يزبن
zaban,زَبَن,زبن
zaatit,زَاتِت,زاتت
maztuut,مَزْتُوت,مزتوت
khallif wuzitt,خَلِّف وزِتّ,خلف وزت
zitt,زِتّ,زت
yzitt,يزِتّ,يزت
zatt,زَتّ,زت
2inzatt,اِنْزَتّ,انزت
yinzatt,يِنْزَتّ,ينزت
2inzatt,اِنْزَتّ,انزت
mitza7zi7,مِتْزَحْزِح,متزحزح
za7zi7,زَحْزِح,زحزح
2itza7za7,اِتْزَحْزَح,اتزحزح
yza7zi7,يزَحْزِح,يزحزح
yitza7za7,يِتْزَحْزَح,يتزحزح
za7za7,زَحْزَح,زحزح
yitza7za7,تْزَحْزَح,تزحزح
za7if,زَحِف,زحف
zaa7if,زَاحِف,زاحف
zawaa7if,زَوَاحِف,زواحف
2iz7af,اِزْحَف,ازحف
yiz7af,يِزْحَف,يزحف
za7af,زَحَف,زحف
2iz7aq,اِزْحَق,ازحق
yiz7aq,يِزْحَق,يزحق
za7aq,زَحَق,زحق
zu7leeta,زُحْلَيطَة,زحليطة
za7aaliit,زَحَالِيط,زحاليط
za7latato sayyaara,زَحْلَطَتُه سَيَّارَة,زحلطته سيارة
za7lit,زَحْلِط,زحلط
yza7lit,يْزَحْلِط,يزحلط
za7lat,زَحْلَط,زحلط
2itza7lat,اِتْزَحْلَط,اتزحلط
yitza7lat,يِتْزَحْلَط,يتزحلط
tza7lat,تْزَحْلَط,تزحلط
zu7leeqa,زُحْلَيقَة,زحليقة
za7aaliiq,زَحَالِيق,زحاليق
za7liq,زَحْلِق,زحلق
yza7liq,يزَحْلِق,يزحلق
za7laq,زَحْلَق,زحلق
2itza7laq,اِتْزَحْلَق,اتزحلق
yitza7laq,يِتْزَحْلَق,يتزحلق
tza7laq,تْزَحْلَق,تزحلق
za7maan,زَحْمَان,زحمان
maz7uum,مَزْحُوم,مزحوم
za7me,زَحْمِة,زحمة
2iz7am,اِزْحَم,ازحم
zaa7im,زَاحِم,زاحم
2inzi7im,اِنْزِحِم,انزحم
2istaz7im,اِسْتَزْحِم,استزحم
yiz7am,يِزْحَم,يزحم
yinzi7im,يِنْزِحِم,ينزحم
yzaa7im,يزَاحِم,يزاحم
yistaz7im,يِسْتَزْحِم,يستزحم
zi7im,زِحِم,زحم
2inza7am,اِنْزَحَم,انزحم
zaa7am,زَاحَم,زاحم
2istaz7am,اِسْتَزْحَم,استزحم
za7male,زَحْمَلِة,زحملة
2itza7mal,اِتْزَحْمَل,اتزحمل
yitza7mal,يِتْزَحْمَل,يتزحمل
tza7mal,تْزَحْمَل,تزحمل
zakhkh,زَخّ,زخ
zikhkh,زِخّ,زخ
yzikhkh,يزِخّ,يزخ
zakhkh,زَخّ,زخ
zikhim,زِخِم,زخم
zakham,زَخَم,زخم
mazruub,مَزْرُوب,مزروب
zaruube,زَارُوبِة,زاروبة
zriibe,زْرِيبِة,زريبة
muzrabbe,مُزْرَبِّة,مزربة
muzraab,مُزْرَاب,مزراب
mizraab,مِزْرَاب,مزراب
mizrab,مِزْرَب,مزرب
zarab,زَرَب,زرب
zirib,زِرْب,زرب
zaruube,زَارُوب,زاروب
zawaariib,زَوَارِيب,زواريب
mazaariib,مَزَارِيب,مزاريب
2uzrub,اُزْرُب,ازرب
yuzrub,يُزْرُب,يزرب
zarab,زَرَب,زرب
2inzirib,اِنْزِرِب,انزرب
yinzirib,يِنْزِرِب,ينزرب
2inzarab,اِنْزَرَب,انزرب
zarbii7a,زَرْبِيحَة,زربيحة
zarade,زَرَدِة,زردة
zarade,زَرَدِة,زردة
zarraadiyye,زَرَّادِيِّة,زرادية
zarad,زَرَد,زرد
y7al7il zaradhum,يحلْحِل زَرَدهم,يحلحل زردهم
zurdumme,زُرْدُمِّة,زردمة
zirr,زِرّ,زر
2azraar,أَزْرَار,أزرار
zraari,زْرَار,زرار
2itzarrar,اِتْزَرَّر,اتزرر
yitzarrar,يِتْزَرَّر,يتزرر
tzarrar,تْزَرَّر,تزرر
zirr,زِرّ,زر
zarrir,زَرِّر,زرر
yzarrir,يزَرِّر,يزرر
yzirr,يزِرّ,يزر
zarrar,زَرَّر,زرر
zarr,زَرّ,زر
zarzabe,زَرْزَبِة,زرزبة
mzarzib,مْزَرْزِب,مزرزب
zarzib,زَرْزِب,زرزب
yzarzib,يزَرْزِب,يزرزب
zarzab,زَرْزَب,زرزب
mzarzirr,مْزَرْزِرّ,مزرزر
zarzirr,زَرْزِرّ,زرزر
yzarzirr,يزَرْزِرّ,يزرزر
zarzarr,زَرْزَرّ,زرزر
zaari3,زَارِع,زارع
mazra3a,مَزْرَعَة,مزرعة
ziraa3a,زِرَاعَة,زراعة
zarrii3a,زَرِّيعَة,زريعة
zari3,زَرِع,زرع
muzaari3,مُزَارِع,مزارع
mazaari3,مَزَارِع,مزارع
yiqta3 zarrii3it 2ahlak,يِقْطَع زَرِّيعَة أهْلَك,يقطع زريعة أهلك
zarri3,زَرِّع,زرع
yzarri3,يزَرِّع,يزرع
zarra3,زَرَّع,زرع
2inziri3,اِنْزِرِع,انزرع
yinziri3,يِنْزِرِع,ينزرع
2inzara3,اِنْزَرَع,انزرع
2izra3,اِزْرَع,ازرع
yizra3,يِزْرَع,يزرع
zara3,زَرَع,زرع
zarif,زَرِف,زرف
zruuf,زْرُوف,زروف
zarfiil,زَرْفِيل,زرفيل
zaraafiil,زَرَافِيل,زرافيل
zarqa,زَرْقَا,زرقا
mzarriq,مْزَرِّق,مزرق
2azraq,أَزْرَق,أزرق
zuruq,زُرُق,زرق
zarraaka,زَرَّاقَة,زراقة
zaraaq,زَرَاق,زراق
mishtighil fii 2ishshughul 2il2azraq,مشتغل فيه الشغل الأزرق,مشتغل فيه الشغل الأزرق
3inee zuruq wisnaano furuq,عينيه زُرُق وَاسنَانُه فُرُق,عينيه زرق واسنانه فرق
3araqo bizruq zariq,عرقه بزرق زرق,عرقه بزرق زرق
mizraaqk,مِزْرَاق,مزراق
2abu mizraaqk,أَبو مِزْرَاق,أبو مزراق
2itzarraq,اِتْزَرَّق,اتزرق
yitzarraq,يِتْزَرَّق,يتزرق
tzarraq,تْزَرَّق,تزرق
2uzruq,اِزْرُق,ازرق
zarriq,زَرِّق,زرق
zarriq,زَرِّق,زرق
yuzruq,يُزْرُق,يزرق
yzarriq,يزَرِّق,يزرق
yzarriq,يزَرِّق,يزرق
zaraq,زَرَق,زرق
zarraq,زَرَّق,زرق
zarraq,زَرَّق,زرق
2itzarwaqk,اِتْزَرْوَق,اتزروق
yitzarwaqk,يِتْزَرْوَق,يتزروق
tzarwaqk,تْزَرْوَق,تزروق
mzargil,مْزَرْقِل,مزرقل
zargil,زَرْقِل,زرقل
yzargil,يزَرْقِل,يزرقل
zargal,زَرْقَل,زرقل
mzargin,مْزَرْقِن,مزرقن
zargin,زَرْقِن,زرقن
yzargin,يزَرْقِن,يزرقن
zargan,زَرْقَن,زرقن
2izrutsh,اِزْرُك,ازرك
2uzrutsh,اُزْرُك,ازرك
yuzrutsh,يُزْرُك,يزرك
yizrutsh,يِزْرُك,يزرك
zaratsh,زَرَك,زرك
mzarkash,مْزَرْكَش,مزركش
zarkashe,زَرْكَشِة,زركشة
2itzarkash,اِتْزَرْكَش,اتزركش
yitzarkash,يِتْزَرْكَش,يتزركش
tzarkash,تْزَرْكَش,تزركش
zarkish,زَرْكِش,زركش
yzarkish,يزَرْكِش,يزركش
zarkash,زَرْكَش,زركش
zarman,زَرْمَان,زرمان
2izram,اِزْرَم,ازرم
yizram,يِزْرَم,يزرم
zirim,زِرِم,زرم
zaraawiyye,زَرَاوِيِّة,زراوية
zutti,زُطِّي,زطي
zutt,زُطّ,زط
2illi biraafiq 2izzuttiyye byi7mil dafha,اللي بيرَافِق الزُطِّية بيحمل دفهَا,اللي بيرافق الزطية بيحمل دفها
mzattam,مْزَطَّم,مزطم
mzaatame,مْزَاطَمِة,مزاطمة
zatme,زَطْمِة,زطمة
zatmiyye,زَطْمِيِّة,زطمية
2itzattam,اِتْزَطَّم,اتزطم
yitzattam,يِتْزَطَّم,يتزطم
tzattam,تْزَطَّم,تزطم
2inzitim,اِنْزِطِم,انزطم
yinzitim,يِنْزِطِم,ينزطم
2inzatam,اِنْزَطَم,انزطم
2uztum,اُزْطُم,ازطم
zaatim,زَاطِم,زاطم
zattim,زَطِّم,زطم
yuztum,يُزْطُم,يزطم
yzaatim,يزَاطِم,يزاطم
yzattim,يزَطِّم,يزطم
zatam,زَطَم,زطم
zaatam,زَاطَم,زاطم
zattam,زَطَّم,زطم
za3buube,زَعْبُوبِة,زعبوبة
za3aabiib,زَعَابِيب,زعابيب
mza3bar,مْزَعْبَر,مزعبر
za3bir,زَعْبِر,زعبر
yza3bir,يزَعْبِر,يزعبر
za3bar,زَعْبَر,زعبر
za3buut,زَعْبُوط,زعبوط
za3aabiit,زَعَابِيط,زعابيط
za3tar,زَعْتَر,زعتر
zi3tar,زِعْتَر,زعتر
za3tar skhuuri,زَعْتَر صْخوري,زعتر صخوري
za3tar balaat,زعتر بلَاط,زعتر بلاط
za3tar naas,زعتر نَاس,زعتر ناس
muz3ij,مُزْعِج,مزعج
2iz3aaj,اِزْعَاج,ازعاج
2iz3ij,اِزْعِج,ازعج
2inzi3ij,اِنْزِعِج,انزعج
yiz3ij,يِزْعِج,يزعج
yinzi3ij,يِنْزِعِج,ينزعج
2az3aj,أَزْعَج,أزعج
2inza3aj,اِنْزَعَج,انزعج
2az3ar,أَزْعَر,أزعر
za3ra,زَعْرَا,زعرا
2az3ar,أَزْعَر,أزعر
zu3raan,زُعْرَان,زعران
za3ra,زَعْرَا,زعرا
za3rane,زَعْرَنِة,زعرنة
2az3ar,أَزْعَر,أزعر
zu3raan,زُعْرَان,زعران
tza3ran,تْزَعْرَن,تزعرن
yitza3ran,يِتْزَعْرَن,يتزعرن
tza3ran,تْزَعْرَن,تزعرن
za3rabe,زَعْرَبِة,زعربة
za3rib,زَعْرِب,زعرب
yza3rib,يزَعْرِب,يزعرب
za3rab,زَعْرَب,زعرب
mza3za3,مْزَعْزَع,مزعزع
mitza3zi3,مِتْزَعْزِع,متزعزع
za3za3a,زَعْزَعَة,زعزعة
za3zi3,زَعْزِع,زعزع
2itza3za3,اِتْزَعْزَع,اتزعزع
yza3zi3,يزَعْزِع,يزعزع
yitza3za3,يِتْزَعْزَع,يتزعزع
za3za3,زَعْزَع,زعزع
tza3za3,تْزَعْزَع,تزعزع
miz3ata,مِزْعَطَة,مزعطة
z3uut,زْعُوط,زعوط
2inzi3it,اِنْزِعِط,انزعط
yinzi3it,يِنْزِعِط,ينزعط
2inza3at,اِنْزَعَط,انزعط
za33it,زَعِّط,زعط
2iz3at,اِزْعَط,ازعط
yza33it,يزَعِّط,يزعط
yiz3at,يِزْعَط,يزعط
za33at,زَعَّط,زعط
za3at,زَعَط,زعط
za3faraan,زَعْفَرَان,زعفران
tzi3wiqk,تْزِعْوِق,تزعوق
2iz3aqk,اِزْعَق,ازعق
za33iqk,زَعِّق,زعق
za3wiqk,زَعْوِق,زعوق
yiz3aqk,يِزْعَق,يزعق
yza33iqk,يزَعِّق,يزعق
yza3wiqk,يزَعْوِق,يزعوق
za3aqk,زَعَق,زعق
za33aqk,زَعَّق,زعق
za3waqk,زَعْوَق,زعوق
za3laan,زَعْلَان,زعلان
mza33il,مْزّعِّل,مزعل
za3al,زَعَل,زعل
yiz3al wuyinfiliq,يِزْعَل وينفِلِق,يزعل وينفلق
yiz3al wuytuqq raaso bil7eet,يِزْعَل ويطُق رَاسه بَالحيط,يزعل ويطق راسه بالحيط
za3alo sa3ib,زَعَلُه صَعِب,زعله صعب
2itzaa3al,اِتْزَاعَل,اتزاعل
yitzaa3al,يِتْزَاعَل,يتزاعل
tzaa3al,تْزَاعَل,تزاعل
2iz3al,اِزْعَل,ازعل
za33il,زَعِّل,زعل
zaa3il,زَاعِل,زاعل
yiz3al,يِزْعَل,يزعل
yza33il,يزَعِّل,يزعل
yzaa3il,يزَاعِل,يزاعل
zi3il,زِعِل,زعل
za33al,زَعَّل,زعل
zaa3al,زَاعَل,زاعل
2az3am,أَزْعَم,أزعم
za3iim,زَعِيم,زعيم
zu3amaa2,زُعَمَاء,زعماء
maz3uum,مَزْعُوم,مزعوم
2itza33am,اِتْزَعَّم,اتزعم
yitza33am,يِتْزَعَّم,يتزعم
tza33am,تْزَعَّم,تزعم
za3muut,زَعْمُوط,زعموط
za3matuut,زَعْمَطَوط,زعمطوط
za3aamiit,زَعَامِيط,زعاميط
zu3matshtshiyye,زُعْمَكِّيِة,زعمكية
za3nuube,زَعْنُوبِة,زعنوبة
za3aaniib,زَعَانِيب,زعانيب
z3eetmaan,زْعَيتْمَان,زعيتمان
zughub,زُغُب,زغب
zughubri,زُغُبْرِي,زغبري
zughubriyye,زُغُبْرِيِّة,زغبرية
mzaghrib,مْزَغْرِب,مزغرب
zaghruub,زَغْرُوب,زغروب
zaghaariib,زَغَارِيب,زغاريب
zaghruute,زَغْرُوتِة,زغروتة
zaghaariit,زَغَارِيت,زغاريت
zaghrit,زَغْرِت,زغرت
yzaghrit,يزَغْرِت,يزغرت
zaghrat,زَغْرَت,زغرت
zaghzigh,زَغْزِغ,زغزغ
yzaghzigh,يزَغْزِغ,يزغزغ
zaghzagh,زَغْزَغ,زغزغ
2uzghut,اِزْغُط,ازغط
yuzghut,يُزْغُط,يزغط
zaghat,زَغَط,زغط
mzooghil,مْزَوغِل,مزوغل
2izghil,اِزْغِل,ازغل
yizghil,يِزْغِل,يزغل
zaghal,زَغَل,زغل
2imzaghlil,مْزَغْلِل,مزغلل
zaghlale,زَغْلَلِة,زغللة
zaghlil,زَغْلِل,زغلل
yzaghlil,يزَغْلِل,يزغلل
zaghlal,زَغْلَل,زغلل
zaghluul,زَغْلُول,زغلول
zaghaaliil,زَغَالِيل,زغاليل
damm 2izzaghluul,دَمّ الزَّغْلُول,دم الزغلول
damm 2izzaghluul,دَمّ الزَّغْلُول,دم الزغلول
mzaghwil,مْزَغْوِل,مزغول
zaghwil,زَغْوِل,زغول
yzaghwil,يْزَغْوِل,يزغول
zaghwal,زَغْوَل,زغول
mzaffit,مْزَفِّت,مزفت
mzaffat,مْزَفَّت,مزفت
zifte,زِفْتِة,زفتة
zift,زِفْت,زفت
2itzaffat,اِتْزَفَّت,اتزفت
yitzaffat,يِتْزَفَّت,يتزفت
tzaffat,تْزَفَّت,تزفت
zaffit,زَفِّت,زفت
2itzaftan,اِتْزَفْتَن,اتزفتن
yitzaftan,يِتْزَفْتَن,يتزفتن
yzaffit,يزَفِّت,يزفت
zaffat,زَفَّت,زفت
tzaftan,تْزَفْتَن,تزفتن
zifre,زِفْرِة,زفرة
zifir,زِفِر,زفر
zafaara,زَفَارَة,زفارة
2itzaffar,اِتْزَفَّر,اتزفر
yitzaffar,يِتْزَفَّر,يتزفر
tzaffar,تْزَفَّر,تزفر
zaffir,زَفِّر,زفر
2itzaafar,اِتْزَافَر,اتزافر
2istazfir,اِسْتَزْفِر,استزفر
yzaffir,يزَفِّر,يزفر
yistazfir,يِسْتَزْفِر,يستزفر
yitzaafar,يِتْزَافَر,يتزافر
zaffar,زَفَّر,زفر
2istazfar,اِسْتَزْفَر,استزفر
tzaafar,تْزَافَر,تزافر
zaffe,زَفِّة,زفة
2ilbinit bti7lam bizzaffe wuhii billaffe,البنت بتحلم بَالزَّفِّة وهي بَالَّلفِّة,البنت بتحلم بالزفة وهي باللفة
ziff,زِفّ,زف
2inzaff,اِنْزَفّ,انزف
yziff,يزِفّ,يزف
yinzaff,يِنْزَفّ,ينزف
zaff,زَفّ,زف
2inzaff,اِنْزَفّ,انزف
zaqquut,زَقُّوت,زقوت
2izqka7,اِزْقَح,ازقح
yizqka7,يِزْقَح,يزقح
zaqka7,زَقَح,زقح
zgurt,زْقُرْت,زقرت
zgurtiyye,زْقُرْتِيِّة,زقرتية
zgurt,زْقُرْت,زقرت
zgurti,زْقُرْتِي,زقرتي
zgurtiyye,زْقُرْتِيِّة,زقرتية
2imzaqriq,مْزَقْرِق,مزقرق
zaqriq,زَقْرِق,زقرق
yzaqriq,يزَقْرِق,يزقرق
zaqraq,زَقْرَق,زقرق
mzaqziq,مْزَقْزِق,مزقزق
zaqzaqa,زَقْزَقَة,زقزقة
zaqzuuqa,زَقْزُوقَة,زقزوقة
zu2zee2a,زُقْزَيقَة,زقزيقة
zaqziq,زَقْزِق,زقزق
yzaqziq,يزَقْزِق,يزقزق
zaqzaq,زَقْزَق,زقزق
zuqqeeta,زُقَّيطَة,زقيطة
2uzqut,اِزْقُط,ازقط
yuzqut,يُزْقُط,يزقط
zaqat,زَقَط,زقط
2azqaf,أَزْقَف,أزقف
ziqef,زِقِف,زقف
zaqfe,زَقْفِة,زقفة
zaqqif,زَقِّف,زقف
yizaqqif,يزَقِّف,يزقف
zaqqaf,زَقَّف,زقف
zigg,زِقّ,زق
zuqqazukkazu22a,زُقَّة,زقة
zuqq,زُقّ,زق
zaqk2aayiqk2,زَقَايِق,زقايق
2inzaqq,اِنْزَقّ,انزق
yinzaqq,يِنْزَقّ,ينزق
2inzaqq,اِنْزَقّ,انزق
zuqq,زُقّ,زق
yzuqq,يزُقّ,يزق
zaqq,زَقّ,زق
zuqle,زُقْلِة,زقلة
zuqum,زُقُم,زقم
zuqum,زُقُم,زقم
zuqum 2il3ijil,زُقُم العِجِل,زقم العجل
zquum,زْقُوم,زقوم
zquume,زْقُومِة,زقومة
zaak2i,زَاقِي,زاقي
yzaak2i,يزَاقِي,يزاقي
zaak2a,زَاقَى,زاقى
mzakkim,مْزَكِّم,مزكم
zukaam,زُكَام,زكام
zakkim,زَكِّم,زكم
yzakkim,يزَكِّم,يزكم
zakkam,زَكَّم,زكم
2azka,أَزْكَى,أزكى
zaakye,زَاكْيِة,زاكية
zaaki,زَاكِي,زاكي
zakaa,زَكَاة,زكاة
zakaa,زَكَاة,زكاة
tazkiye,تَزْكِيِة,تزكية
zakawaat,زَكَوَات,زكوات
zawaaki,زَوَاكِي,زواكي
bittazkiye,بَالتّزْكِيِة,بالتزكية
2istazki,اِسْتَزْكِي,استزكي
yistazki,يِسْتَزْكِي,يستزكي
2istazka,اِسْتَزْكَى,استزكى
zakki,زَكِّي,زكي
yzakki,يزَكِّي,يزكي
zakka,زَكَّى,زكى
zalaabya,زَلَابِيِّة,زلابية
zilzaal,زِلْزَال,زلزال
zalaazil,زَلَازِل,زلازل
2itzalzal,اِتْزَلْزَل,اتزلزل
yitzalzal,يِتْزَلْزَل,يتزلزل
tzalzal,تْزَلْزَل,تزلزل
mzallat,مْزَلَّط,مزلط
tazliit,تَزْلِيط,تزليط
bookil 2izzalat,بيوكل الزّلط,بيوكل الزلط
byuzlut zalit,بيزلط زلط,بيزلط زلط
2izlut,اِزْلُط,ازلط
2uzlut,اُزْلُط,ازلط
2itzallat,اِتْزَلَّط,اتزلط
mazlit,مَزْلِط,مزلط
yizlut,يِزْلُط,يزلط
yuzlut,يُزْلُط,يزلط
yitzallat,يِتْزَلَّط,يتزلط
ymazlit,يمَزْلِط,يمزلط
zalat,زَلَط,زلط
tzallat,تْزَلَّط,تزلط
mazlat,مَزْلَط,مزلط
mazlata,مَزْلَطَة,مزلطة
2itmazlat,اِتْمَزْلَط,اتمزلط
yitmazlat,يِتْمَزْلَط,يتمزلط
tmazlat,تْمَزْلَط,تمزلط
zala3,زَلَع,زلع
zal3a,زَلْعَة,زلعة
2izla3,اِزْلَع,ازلع
yizla3,يِزْلَع,يزلع
zalafe,زَلَفِة,زلفة
zallaaqka,زَلَّاقَة,زلاقة
2uzluq,اُزْلُق,ازلق
zalliq,زَلِّق,زلق
2uzluq,اُزْلُق,ازلق
mazliq,مَزْلِق,مزلق
yuzluq,يُزْلُق,يزلق
yuzluq,يُزْلُق,يزلق
yizluq,يِزْلُق,يزلق
yzalliq,يزَلِّق,يزلق
ymazliq,يمَزْلِق,يمزلق
zalaq,زَلَق,زلق
ziliq,زِلِق,زلق
zallaq,زَلَّق,زلق
mazlaq,مَزْلَق,مزلق
2itzalqam,اِتْزَلْقَم,اتزلقم
yitzalqam,يِتْزَلْقَم,يتزلقم
tzalqam,تْزَلْقَم,تزلقم
zalle,زَلِّة,زلة
zallit 2ilsaan,زَلِّة لْسَان,زلة لسان
zill,زِلّ,زل
yzill,يزِلّ,يزل
zall,زَلّ,زل
zallaamiyye,زَلَّامِيِّة,زلامية
zalame,زَلَمِة,زلمة
zlaam,زْلَام,زلام
zulum,زُلُم,زلم
2ukht zlaam,أُخْت زْلَام,أخت زلام
2itzalman,اِتْزَلْمَن,اتزلمن
yitzalman,يِتْزَلْمَن,يتزلمن
tzalman,تْزَلْمَن,تزلمن
zamm,زَمّ,زم
2itzammat,اِتْزَمَّت,اتزمت
yitzammat,يِتْزَمَّت,يتزمت
tzammat,تْزَمَّت,تزمت
mitzammit,مِتْزَمِّت,متزمت
tazammut,تَزَمُّت,تزمت
zummaara,زُمَّارَة,زمارة
tazmiir,تَزْمِير,تزمير
mizmaar,مِزْمَار,مزمار
zaazmuur,زَامُور,زامور
zawaamiir,زَوَامِير,زوامير
zummaar,زُمَّار,زمار
mazaamiir,مَزَامِير,مزامير
zamaamiir,زَمَامِير,زمامير
zammuurit 2il7alq,زَمُّورِة الحلق,زمورة الحلق
zammaar,زَمَّار,زمار
2ibin 2ittabbaal zammaar,إِبِن الطَبَّال زَمَّار,إبن الطبال زمار
zammuure,زَمُّورِة,زمورة
zammir,زَمِّر,زمر
yzammir,يزَمِّر,يزمر
zammar,زَمَّر,زمر
zmiit,زْمِيط,زميط
2iddinya zmiita,الدنيَا زْمْيطَة,الدنيا زميطة
2izmut,اِزْمُط,ازمط
yizmut,يِزْمُط,يزمط
zamat,زَمَط,زمط
zummeeta,زُمَّيطَة,زميطة
zamqaan,زَمْقَان,زمقان
2izmaq,اِزْمَق,ازمق
yizmaq,يِزْمَق,يزمق
zimiq,زِمِق,زمق
zmikke,زْمِكِّة,زمكة
zamiil,زَمِيل,زميل
2izmiil,اِزْمِيل,ازميل
zmiil,زْمِيل,زميل
2azaamiil,أَزَامِيل,أزاميل
zumalaa2,زُمَلَاء,زملاء
zamaayil,زَمَايِل,زمايل
2azaamiil,أَزَامِيل,أزاميل
zamme,زَمِّة,زمة
zammaat,زَمَّات,زمات
zimm,زِمّ,زم
yzimm,يزِمّ,يزم
zamm,زَمّ,زم
mutazaamin,مُتَزَامِن,متزامن
zamaan,زَمَان,زمان
zaman,زَمَن,زمن
2azmaan,أَزْمَان,أزمان
zamaan,زَمَان,زمان
zamaan,زَمَان,زمان
2azmine,أَزْمِنِة,أزمنة
hazzamanaat,هَالزَّمَنَات,هالزمنات
zaman 2aghbar,زَمَن أغْبَر,زمن أغبر
zamani,زَمَنِي,زمني
bittazaamun,بَالتَّزَامُن,بالتزامن
laa lissade wlaa lilhadde wlaa la3athraat 2izzaman,لَا للسدة ولَا للهدة ولَا لعثرَات الزمن,لا للسدة ولا للهدة ولا لعثرات الزمن
tazaamun,تَزَامُن,تزامن
2itzaaman,اِتْزَامَن,اتزامن
yitzaaman,يِتْزَامَن,يتزامن
tzaaman,تْزَامَن,تزامن
zannuube,زَنُّوبِة,زنوبة
zanaaniib,زَنَانِيب,زنانيب
mzanibre,مْزَنِبْرِة,مزنبرة
zambuur,زَنْبُور,زنبور
zanaabiir,زَنَابِير,زنابير
zambuut,زَنْبُوط,زنبوط
zanaabiit,زَنَابِيط,زنابيط
zambiil,زَنْبِيل,زنبيل
zanaabiil,زَنَابِيل,زنابيل
2illi bifta7 zambiilo kull 2innaas bit3abbi 3alee,اللِّي بْيِفْتَح زَنْبِيلُه كُلّ النَّاس بِتْعَبِّي عَلَيه,اللي بيفتح زنبيله كل الناس بتعبي عليه
zantuute,زَنْتُوتِة,زنتوتة
mzangal,مْزَنْجَل,مزنجل
zangiil,زَنْجِيل,زنجيل
zinikh,زِنِخ,زنخ
zanaakha,زَنَاخَة,زناخة
zanakha,زَنَخَة,زنخة
zannikh,زَنِّخ,زنخ
2itzaanakh,اِتْزَانَخ,اتزانخ
2itzannakh,اِتْزَنَّخ,اتزنخ
yzannikh,يزَنِّخ,يزنخ
yitzaanakh,يِتْزَانَخ,يتزانخ
yitzannakh,يِتْزَنَّخ,يتزنخ
2aznakh,أَزْنَخ,أزنخ
zannakh,زَنَّخ,زنخ
tzaanakh,تْزَانَخ,تزانخ
tzannakh,تْزَنَّخ,تزنخ
znaad,زْنَاد,زناد
znaad 2irraqabe,زْنَاد الرَّقَبِة,زناد الرقبة
zandif,زَنْدِف,زندف
yzandif,يزَنْدِف,يزندف
zandaf,زَنْدَف,زندف
zunnaar,زُنَّار,زنار
zanaaniir,زَنَانِير,زنانير
2iidi bzunnaarak,إِيدِي بزُنَّارَك,إيدي بزنارك
zanzalakht,زَنْزَلَخْت,زنزلخت
zanzaane,زَنْزَانِة,زنزانة
zanaaziin,زَنَازِين,زنازين
zuntaarii,زُنْطَارِي,زنطاري
mzantar,مْزَنْطَر,مزنطر
2itzantar,اِتْزَنْطَر,اتزنطر
yitzantar,يِتْزَنْطَر,يتزنطر
tzantar,تْزَنْطَر,تزنطر
zannaaq,زَنَّاق,زناق
zannaaqka,زَنَّاقَة,زناقة
zannaaqkiyye,زَنَّاقِيِّة,زناقية
maznuuq,مَزْنُوق,مزنوق
zanqa,زَنْقَة,زنقة
zannaaq,زَنَّاق,زناق
zannaaq 2issabi3 2irwaa7,زَنَّاق السبِع أروَاح,زناق السبع أرواح
2uznuq,اِزْنُق,ازنق
2inziniq,اِنْزِنِق,انزنق
2inzaniq,اِنْزَنِق,انزنق
yuznuq,يُزْنُق,يزنق
yinziniq,يِنْزِنِق,ينزنق
yinzaniq,يِنْزَنِق,ينزنق
2inzanaq,اِنْزَنَق,انزنق
zanaq,زَنَق,زنق
zunqul,زُنْقُل,زنقل
mzannakiyye,مْزَنَّكِيِّة,مزنكية
ziinko,زِينْكَو,زينكو
zannan,زَنَّان,زنان
zannane,زَنَّانِة,زنانة
zann,زَنّ,زن
zinn,زِنّ,زن
yzinn,يزِنّ,يزن
zann,زَنّ,زن
zhaab,زْهَاب,زهاب
zahhib,زَهِّب,زهب
yzahhib,يزَهِّب,يزهب
zahhab,زَهَّب,زهب
zaahid,زَاهِد,زاهد
zuhud,زُهُد,زهد
2izhad,اِزْهَد,ازهد
yizhad,يِزْهَد,يزهد
zahad,زَهَد,زهد
mzahra,مْزَهْرَة,مزهرة
2izdihir,مُزْدَهِر,مزدهر
zhurra,زْهُرَّة,زهرة
zahra,زَهْرَة,زهرة
zahra,زَهْرَة,زهرة
mazhariyye,مَزْهَرِيِّة,مزهرية
zahir,زَهِر,زهر
2izdihaar,اِزْدِهَار,ازدهار
2azhaar,أَزْهَار,أزهار
zahrit shabaab,زَهْرَة شبَاب,زهرة شباب
maa2 zahir,مَاء زَهِر,ماء زهر
li3ib 2izzahir,لعِب الزَّهِر,لعب الزهر
2abu 2izzuhuur,أَبو الزهور,أبو الزهور
zahri,زَهْرِي,زهري
2izdihir,اِزْدِهِر,ازدهر
tzahhir,تْزَهِّر,تزهر
yizdihir,يِزْدِهِر,يزدهر
zahharat,زَهَّرَت,زهرت
2izdahar,اِزْدَهَر,ازدهر
zahramaan,زَهْرَمَان,زهرمان
zahrame,زَهْرَمِة,زهرمة
zahramaan 2ilbukhaari,زَهْرَمَان البُخَاري,زهرمان البخاري
2itzahram,اِتْزَهْرَم,اتزهرم
yitzahram,يِتْزَهْرَم,يتزهرم
tzahram,تْزَهْرَم,تزهرم
zahzaha,زَهْزَهَة,زهزهة
mzahzih,مْزَهْزِه,مزهزه
zahzih,زَهْزِه,زهزه
yzahzih,يزَهْزِه,يزهزه
zahzah,زَهْزَه,زهزه
zahqaan,زَهْقَان,زهقان
zahaq,زَهَق,زهق
2izhaaq,اِزْهَاق,ازهاق
zahhaqni 3iishti,زَهَّقني عيشتي,زهقني عيشتي
zahhiq,زَهِّق,زهق
2izhaq,اِزْهَق,ازهق
2azhiq,أَزْهِق,أزهق
yizhaq,يِزْهَق,يزهق
yuzhiq,يُزْهِق,يزهق
yzahhiq,يزَهِّق,يزهق
zihiq,زِهِق,زهق
zahhaq,زَهَّق,زهق
2azhaq,أَزْهَق,أزهق
2itzahmar,اِتْزَهْمَر,اتزهمر
yitzahmar,يِتْزَهْمَر,يتزهمر
tzahmar,تْزَهْمَر,تزهمر
zooba3a,زَوبَعَة,زوبعة
zawaabi3,زَوَابِع,زوابع
zoobi3,زَوبِع,زوبع
yzoobi3,يزَوبِع,يزوبع
zooba3,زَوبَع,زوبع
mutazawwij,مُتَزَوِّج,متزوج
zawaaj,زَوَاج,زواج
zooj,زَوج,زوج
2azwaaj,أَزْوَاج,أزواج
ziije,زِيجِة,زيجة
tazwiij,تَزْوِيج,تزويج
2itzawwaj,اِتْزَوَّج,اتزوج
yitzawwaj,يِتْزَوَّج,يتزوج
tzawwaj,تْزَوَّج,تزوج
zawwij,زَوِّج,زوج
yzawwij,يزَوِّج,يزوج
zawwaj,زَوَّج,زوج
ziyaade,زِيَادِة,زيادة
mzaawade,مْزَاوَدِة,مزاودة
mizwade,مِزْوَدِة,مزودة
mazaawid,مَزَاوِد,مزاود
zuwwaade,زُوَّادِة,زوادة
zaad,زَاد,زاد
yziidha 3alee,يزِيدْهَا عَلَيه,يزيدها عليه
zawwaditha,زَوَّدِتْهَا,زودتها
ziid,زِيد,زيد
zawwid,زَوِّد,زود
2istaziid,اِسْتَزِيد,استزيد
zaawid,زَاوِد,زاود
yziid,يزِيد,يزيد
yzawwid,يزوِّد,يزود
yistaziid,يِسْتَزِيد,يستزيد
yzaawid,يزَاوِد,يزاود
2izdiyaad,اِزْدِيَاد,ازدياد
zaad,زَاد,زاد
zawwad,زَوَّد,زود
2istazaad,اِسْتَزَاد,استزاد
zaawad,زَاوَد,زاود
mzawwar,مْزَوَّر,مزور
ziyaara,زِيَارَة,زيارة
zaa2ir,زَائِر,زائر
zoor,زَور,زور
tazwiir,تَزْوِير,تزوير
zuwwaar,زُوَّار,زوار
2injara7 zoori,اِنْجَرَح زَورِي,انجرح زوري
bizzoor,بَالزَّور,بالزور
zuur,زُور,زور
zawwir,زَوِّر,زور
2izwar,اِزْوَر,ازور
2itzaawar,اِتْزَاوَر,اتزاور
2izwir,اِزْوِر,ازور
yzuur,يزُور,يزور
yzawwir,يزَوِّر,يزور
yizwar,يِزْوَر,يزور
yitzaawar,يِتْزَاوَر,يتزاور
yizwir,يِزْوِر,يزور
zaar,زَار,زار
zawwar,زَوَّر,زور
ziwir,زِوِر,زور
tzaawar,تْزَاوَر,تزاور
zawar,زَوَر,زور
zuuzu,زُوزُو,زوزو
wara2 zuuzu,وَرَق زُوزُو,ورق زوزو
zoo3a,زَوعَة,زوعة
zawwi3,زَوِّع,زوع
yzawwi3,يزَوِّع,يزوع
zawwa3,زَوَّع,زوع
zaayigh,زَايِغ,زايغ
3eeno zaaygha,عينه زَايْغَة,عينه زايغة
zuugh,زُوغ,زوغ
zawwigh,زَوِّغ,زوغ
yzuugh,يزُوغ,يزوغ
yzawwigh,يزَوِّغ,يزوغ
zaagh,زَاغ,زاغ
zawwagh,زَوَّغ,زوغ
zaayif,زَايِف,زايف
zawafaan,زَوَفَان,زوفان
zawwif,زَوِّف,زوف
yzawwif,يزَوِّف,يزوف
zawwaf,زَوَّف,زوف
zaa2il,زَائِل,زائل
2izaale,إِزَالِة,إزالة
muzaawale,مُزَاوَلِة,مزاولة
zawaal,زَوَال,زوال
2iddinya zawaal,الدنيَا زوَال,الدنيا زوال
yaa shaayif 2izzool yaa khaayib 2irradja,يَا شَايِف الزَّول يَا خَايِب الرَّجَا,يا شايف الزول يا خايب الرجا
zuul,زُول,زول
ziil,زِيل,زيل
zaawil,زَاوِل,زاول
zool,زَول,زول
yzuul,يزُول,يزول
yziil,يزِيل,يزيل
yzaawil,يزَاوِل,يزاول
zaal,زَال,زال
2azaal,أَزَال,أزال
zaawal,زَاوَل,زاول
mitzaawil,مِتْزَاوِل,متزاول
2itzaawal,اِتْزَاوَل,اتزاول
yitzaawal,يِتْزَاوَل,يتزاول
tzaawal,تْزَاوَل,تزاول
mizwi,مِزْوِي,مزوي
zaawiye,زَاوِيِة,زاوية
zawaaya,زَوَايَا,زوايا
2izwi,اِزْوِي,ازوي
2inziwi,اِنْزِوِي,انزوي
yizwi,يِزْوِي,يزوي
yinziwi,يِنْزِوِي,ينزوي
zawa,زَوَى,زوى
2inzawa,اِنْزَوَى,انزوى
miizaab,مِيزَاب,ميزاب
zeebaaniyye,زَيبَانِيِّة,زيبانية
mzayyit,مْزَيِّت,مزيت
zeeti,زَيتِي,زيتي
zeet,زَيت,زيت
maa 7ada biquul 3an zeeto 3ikir,مَا حدَا بقول عن زِيتُه عكر,ما حدا بقول عن زيته عكر
maa byitla3 2izzeet 2illa min kutur 2il3asir,مَا بيطلع الزِّيت إِلَا من كثر العَصِر,ما بيطلع الزيت إلا من كثر العصر
2ayyaam 2izzeet 2asba7it 2amseet,أَيَّام الزِّيت أصبحت أمسيت,أيام الزيت أصبحت أمسيت
ysubb 2izzeet 3annaar,يصُبّ الزَّيت عالنَّار,يصب الزيت عالنار
zayyit,زَيِّت,زيت
yzayyit,يزَيِّت,يزيت
zayyat,زَيَّت,زيت
ziit,زِيت,زيت
kull zeet wu2inta7 2il7eet,كل زِيت وَانطح الحيط,كل زيت وانطح الحيط
dahno bizzeet wu2irmii barra 2ilbeet,دهّنه بَالزِّيت وَارميه ورَا البيت,دهنه بالزيت وارميه ورا البيت
2illi bookil zeet bibaan 3aznuudo,اللي بوكل الزِّيت ببَان على زنوده,اللي بوكل الزيت ببان على زنوده
2it3am 2ibnak zeet wu2irmii filbeet,اِطعم ابنك زِيت وَارميه في البيت,اطعم ابنك زيت وارميه في البيت
2illi 2immo filbeet bookil khubze wuzeet,اللي أمه في البيت بوكل خبز وزِيت,اللي أمه في البيت بوكل خبز وزيت
2izzeet 3amuud 2ilbeet,الزِّيت عمود البيت,الزيت عمود البيت
khubiz wuzeet 3amaarit 2ilbeet,خبز وزِيت عمَارة البيت,خبز وزيت عمارة البيت
2in kaan filbeet khubiz wuzeet zaggafit 2ana wughanneet,إِن كَان في البيت خبز وزِيت زقفت أنَا وغنيت,إن كان في البيت خبز وزيت زقفت أنا وغنيت
zeetna fi beetna,زِيتنَا في بيتنَا,زيتنا في بيتنا
zeetna fi dqiiqna,زِيتنَا في دقيقنَا,زيتنا في دقيقنا
saarilha beet wu2ibriiq zeet,صَار لهَا بيت وَابريق زِيت,صار لها بيت وابريق زيت
zaytuunezatuune,زَيْتُونِة,زيتونة
zaytuunezatuune,زَيْتُونِة,زيتونة
zaytuunzatuun,زَيْتُون,زيتون
zaytuun jilti,زَيْتُون جِلْطي,زيتون جلطي
2akhdar 2izzaytuun wala yaabis 2il7atab,أَخضر الزيتون ولَا يَابس الحطب,أخضر الزيتون ولا يابس الحطب
2izzaytuune mitil maa biddak minha bidha minnak,الزيتونة مثل مَا بدك منهَا بدهَا منك,الزيتونة مثل ما بدك منها بدها منك
zaayi7,زَايِح,زايح
zaayi7,زَايِح,زايح
mazyuu7,مَزْيُوح,مزيوح
zii7 min wijhi,زِيح من وجهي,زيح من وجهي
hamm wunzaa7,هم وَاِنْزَاح,هم وانزاح
zii7,زِيح,زيح
2inzaa7,اِنْزَاح,انزاح
yzii7,يزِيح,يزيح
yinzaa7,يِنْزَاح,ينزاح
zaa7,زَاح,زاح
2inzaa7,اِنْزَاح,انزاح
zaayde,زَايْدِة,زايدة
zawaayid,زَوَايِد,زوايد
zeed,زَيد,زيد
2ubba 2izzeed,أَوبَّا الزَيد,أوبا الزيد
ziir,زِير,زير
ziir,زِير,زير
2azyaar,أَزْيَار,أزيار
zyaar,زْيَار,زيار
ziir 2itfaa7,زِير الطفَاح,زير الطفاح
ziir nisaa2,زِير نِسَاء,زير نساء
zeeta,زَيطَة,زيطة
zeeta wuzambaleeta,زَيطَة وزَمْبَلَيطَة,زيطة وزمبليطة
zayyit,زَيِّط,زيط
yzayyit,يزَيِّط,يزيط
zayyat,زَيَّط,زيط
muzayyaf,مُزَيَّف,مزيف
ziiqk,زِيق,زيق
bimshi 2izziiq 2izziiq webiquul yaa rabb stiire,بيِمْشِي الزِّيق الزِّيق وبِيقُول يَارَبّ سْتِيرِة,بيمشي الزيق الزيق وبيقول يارب ستيرة
mazyuun,مَزْيُون,مزيون
mzayyan,مْزَيَّن,مزين
ziine,زِينِة,زينة
zayyin,زَيِّن,زين
2itzayyan,اِتْزَيَّن,اتزين
yzayyin,يزَيِّن,يزين
yitzayyan,يِتْزَيَّن,يتزين
zayyan,زَيَّن,زين
tzayyan,تْزَيَّن,تزين
ziyy,زِيّ,زي
2azyaa2,أَزْيَاء,أزياء
zayy,زَيّ,زي
mas2uul,مَسْؤُول,مسؤول
saa2il,سَائِل,سائل
mas2uul,مَسْؤُول,مسؤول
su2aal,سُؤَال,سؤال
mas2uul,مَسْؤُول,مسؤول
2as2ile,أَسْئِلَة,أسئلة
mush saa2il,مُش سَائِل,مش سائل
2is2al mjarrib wala tis2al khabiir,اِسأل مجرب ولَا تسأل خبير,اسأل مجرب ولا تسأل خبير
2is2al,اِسْأَل,اسأل
2itsaa2al,اِتْسَاءَل,اتساءل
yis2al,يِسْأَل,يسأل
masaa2il,مَسَائِل,مسائل
mas2ale,مَسْأَلِة,مسألة
yitsaa2al,يِتْسَاءَل,يتساءل
sa2al,سَأَل,سأل
tsaa2al,تْسَاءَل,تساءل
2is2am,اِسْأَم,اسأم
yis2am,يِسْأَم,يسأم
si2im,سِئِم,سئم
saada,سَادَة,سادة
saako,سَاكُو,ساكو
saak,سَاك,ساك
mutasabbib,مُتَسَبِّب,متسبب
masabbe,مَسَبِّة,مسبة
sabab,سَبَب,سبب
2asbaab,أَسْبَاب,أسباب
min kull budd sabab,من كل بد سبب,من كل بد سبب
2insabb,اِنْسَبّ,انسب
yinsabb,يِنْسَبّ,ينسب
2insabb,اِنْسَبّ,انسب
2itsabbab,اِتْسَبَّب,اتسبب
yitsabbab,يِتْسَبَّب,يتسبب
tsabbab,تْسَبَّب,تسبب
sibb,سِبّ,سب
sabbib,سَبِّب,سبب
ysibb,يسِبّ,يسب
ysabbib,يسَبِّب,يسبب
sabb,سَبّ,سب
sabbab,سَبَّب,سبب
sbuute,سْبُوتِة,سبوتة
misbit,مِسْبِت,مسبت
sabte,سَبْتِة,سبتة
sabat,سَبَت,سبت
sabt,سَبْت,سبت
subaat,سُبَات,سبات
dakhal 2issabt btiiz 2ilyahuud,دخل السَّبت بطيز اليهود,دخل السبت بطيز اليهود
msabba7a,مْسَبَّحَة,مسبحة
misba7a,مِسْبَحَة,مسبحة
sabaa7a,سَبَّاحَة,سباحة
masba7,مَسْبَح,مسبح
masaabi7,مَسَابِح,مسابح
masaabi7,مَسَابِح,مسابح
siba7,سِبَح,سبح
sub7aaniyye,سُبْحَانِيِّة,سبحانية
3assub7aaniyye,عَالسُّبْحَانيِّة,عالسبحانية
3almisba7a,عَالمسبحة,عالمسبحة
2inqata3 2ilkheet wufartat 2ilmisba7a,اِنقطع الخيط وفرطت المسبحة,انقطع الخيط وفرطت المسبحة
2itsabba7,اِتْسَبَّح,اتسبح
yitsabba7,يِتْسَبَّح,يتسبح
tsabba7,تْسَبَّح,تسبح
2isba7,اِسْبَح,اسبح
sabbi7,سَبِّح,سبح
yisba7,يِسْبَح,يسبح
sub7aan,سُبْحَان,سبحان
ysabbi7,يسَبِّح,يسبح
sibi7,سِبِح,سبح
sabba7,سَبَّح,سبح
sibir,سِبِر,سبر
sibrik bsibir,سِبْرِك بِسِبِر,سبرك بسبر
sabarda7a,سَبَرْدَحَة,سبردحة
msabsib,مْسَبْسِب,مسبسب
sabsabe,سَبْسَبِة,سبسبة
sabsib,سَبْسِب,سبسب
ysabsib,يسَبْسِب,يسبسب
sabsab,سَبْسَب,سبسب
subbaat,سُبََّاط,سباط
sibit,سِبِط,سبط
sabaabiit,سَبَابِيط,سبابيط
saabi3,سَابِع,سابع
sbaa3i,سْبَاعِي,سباعي
sab3aawi,سَبْعَاوِي,سبعاوي
sab3a,سَبْعَة,سبعة
sab3aawi,سَبْعَاوِي,سبعاوي
sabi3,سَبِع,سبع
2usbuu3,أُسْبُوع,أسبوع
sbaa3,سْبَاع,سباع
2asaabii3,أَسَابِيع,أسابيع
2usbuu3 2il3aruus,أُسْبوع العَرُوس,أسبوع العروس
raadi3 7aliib sbaa3,رَاضِع حَلِيب سْبَاع,راضع حليب سباع
sabi3 walla dabi3,سَبِع ولَا ضَبِع,سبع ولا ضبع
3aqadha sab7a,عقدهَا سبعة,عقدها سبعة
3aamil 2issab3aw zimmitha,عَامل السَّبْعَة وذِمِّتْهَا,عامل السبعة وذمتها
sabbi3,سَبِّع,سبع
2itsabba3,اِتْسَبَّع,اتسبع
sab3in,سَبْعِن,سبعن
ysabbi3,يسَبِّع,يسبع
yitsabba3,يِتْسَبَّع,يتسبع
sab3iin,سَبْعِين,سبعين
ysab3in,يسَبْعِن,يسبعن
tsabba3,تْسَبَّع,تسبع
sabba3,سَبَّع,سبع
sab3an,سَبْعَن,سبعن
musaabaqa,مُسَابَقَة,مسابقة
sabaqk,سَبَق,سبق
mutasaabiq,مُتَسَابِق,متسابق
sibaaq,سِبَاق,سباق
sbaaqk,سْبَاق,سباق
2ija tayil7aqhum sabaqhum,إِجَى تَيِلْحَقْهُم سَبَقْهُم,إجى تيلحقهم سبقهم
2istibiq,اِسْتِبِق,استبق
saabiq,سَابِق,سابق
sabbiq,سَبِّق,سبق
2usbuq,اِسْبُق,اسبق
2itsaabaq,اِتْسَابَق,اتسابق
yistibiq,يِسْتِبِق,يستبق
ysabbiq,يسَبِّق,يسبق
ysaabiq,يسَابِق,يسابق
yusbuq,يُسْبُق,يسبق
yitsaabaq,يِتْسَابَق,يتسابق
sabaqq,سَبَق,سبق
saabaq,سَابَق,سابق
2istabaq,اِسْتَبَق,استبق
tsaabaq,تْسَابَق,تسابق
sabbaq,سَبَّق,سبق
msabbak,مْسَبَّك,مسبك
sbaake,سْبَاكِة,سباكة
tasbiik,تَسْبِيك,تسبيك
sabbaak,سَبَّاك,سباك
sabbik,سَبِّك,سبك
2itsabbak,اِتْسَبَّك,اتسبك
ysabbik,يسَبِّك,يسبك
yitsabbak,يِتْسَبَّك,يتسبك
sabbak,سَبَّك,سبك
tsabbak,تْسَبَّك,تسبك
msabbal,مْسَبَّل,مسبل
tasbiile,تَسْبِيلِة,تسبيلة
sabale,سَبَلِة,سبلة
sabiil,سَبِيل,سبيل
sabal,سَبَل,سبل
subul,سُبُل,سبل
faati7ha sabiil,فَاتِحْهَا سَبِيل,فاتحها سبيل
sabalo faarigh,سبلُه فَارغة,سبله فارغة
sabbil,سَبِّل,سبل
ysabbil,يسَبِّل,يسبل
sabbal,سَبَّل,سبل
sabahlale,سَبَهْلَلِة,سبهللة
sbiirto,سْبِيرْتُو,سبيرتو
sbitaar,سْبِيطَار,سبيطار
sbeetaar,سْبَيطَار,سبيطار
sbaayki,سْبَايْكِي,سبايكي
staayl,سْتَايْل,ستايل
sitte,سِتِّة,ستة
sitt,سِتّ,ست
sitt beet,سِتّ بَيت,ست بيت
sitt raasak,سِتّ راسَك,ست راسك
sitt 2issittaat,سِتّ السِّتَّات,ست الستات
sattit,سَتِّت,ستت
sittiin,سِتِّين,ستين
sittaati,سِتَّاتِي,ستاتي
2itsattat,اِتْسَتِّت,اتستت
ysattit,يسَتِّت,يستت
yitsattat,يِتْسَتِّت,يتستت
sattat,سَتَّت,ستت
tsattat,تْسَتِّت,تستت
studyoo,سْتُودْيَو,ستوديو
mastuur,مَسْتُور,مستور
mutasattir,مُتَسَتِّر,متستر
sitre,سِتْرَة,سترة
staara,سْتَارَة,ستارة
sutra,سُتْرَة,سترة
sutra,سُتْرَة,سترة
tasattur,تَسَتُّر,تستر
sitri,سِتْرِي,ستري
sataari,سَتَارِي,ستاري
sataayir,سَتَايِر,ستاير
sutar,سُتَر,ستر
satar 3aleeha,سَتَر عليهَا,ستر عليها
2ustur 3awalaayaana,اُسْتُر عولَايَانَا,استر عولايانا
khalli 2ittaabiq mastuur,خَلِّي الطَّابِق مَسْتُور,خلي الطابق مستور
3eele mastuura,عِيلِة مَسْتُورَة,عيلة مستورة
maa khalla sitir mghatta,مَا خلَّى سِتِر مْغَطَّى,ما خلى ستر مغطى
2insitir,اِنْسِتِر,انستر
yinsitir,يِنْسِتِر,ينستر
2insatar,اِنْسَتَر,انستر
tsattar,تْسَتَّر,تستر
2ustur,اُسْتُر,استر
sattir,سَتِّر,ستر
sitir,سِتِر,ستر
yustur,يُسْتُر,يستر
ysattir,يسَتِّر,يستر
yitsattar,يِتْسَتَّر,يتستر
saatir,سَاتِر,ساتر
satar,سَتَر,ستر
sattar,سَتَّر,ستر
tsattar,تْسَتَّر,تستر
sattif,سَتِّف,ستف
ysattif,يسَتِّف,يستف
sattaf,سَتَّف,ستف
satwe,سَتْوِة,ستوة
la7me fi satwe,لحمة في سَتْوِة,لحمة في ستوة
sityaane,سِتْيَانِة,ستيانة
msadjdji7,مْسَجِّح,مسجح
msadjdji7,مْسَجِّح,مسجح
sadjdji7,سَجِّح,سجح
ysadjdji7,يسَجِّح,يسجح
sadjdja7,سَجَّح,سجح
sijjaade,سِجَّادِة,سجادة
sajde,سَجْدِة,سجدة
sujuud,سُجُود,سجود
masjid,مَسْجِد,مسجد
sijjaade,سِجَّادِّة,سجادة
sajaajiid,سَجَاجِيد,سجاجيد
masaajid,مَسَاجِد,مساجد
2isjud,اِسْجُد,اسجد
2usjud,اُسْجُد,اسجد
yusjud,يُسْجُد,يسجد
yisjud,يِسْجُد,يسجد
sajad,سَجَد,سجد
sigaara,سِيجَارَة,سيجارة
sagaayir,سَجَايِر,سجاير
msajjil,مْسَجِّل,مسجل
msajjal,مْسَجَّل,مسجل
tasjiil,تَسْجِيل,تسجيل
musajjil,مُسَجِّل,مسجل
musajjil,مُسَجِّل,مسجل
2itsajjal,اِتْسَجَّل,اتسجل
yitsajjal,يِتْسَجَّل,يتسجل
tsajjal,تْسَجَّل,تسجل
sijil,سِجِل,سجل
sajjil,سَجِّل,سجل
ysajjil,يسَجِّل,يسجل
sajjal,سَجَّل,سجل
sajjal 2ilbeet b2isimha,سَجَّل البَيت باسِمْهَا,سجل البيت باسمها
sadjloone,سَجْلَونِة,سجلونة
sajloon,سَجْلَون,سجلون
2insijim,اِنْسِجِم,انسجم
yinsijim,يِنْسِجِم,ينسجم
2insijam,اِنْسَجَم,انسجم
2insijaam,اِنْسِجَام,انسجام
munsajim,مُنْسَجِم,منسجم
masjuun,مَسْجُون,مسجون
sijin,سِجِن,سجن
masjuun,مَسْجُون,مسجون
sajiin,سَجِين,سجين
sjuun,سْجُون,سجون
masaajiin,مَسَاجِين,مساجين
sujanaa2,سُجَنَاء,سجناء
khirriij sjuun,خرِّيج سْجون,خريج سجون
2isjin,اِسْجِن,اسجن
2insijin,اِنْسِجِن,انسجن
yisjin,يِسْجِن,يسجن
yinsijin,يِنْسِجِن,ينسجن
sajan,سَجَن,سجن
2insijan,اِنْسَجَن,انسجن
sa7aabe,سَحَابِة,سحابة
su7ub,سُحُب,سحب
sa7aab,سَحَاب,سحاب
saa7ib,سَاحِب,ساحب
mas7uub,مَسْحُوب,مسحوب
sa7be,سَحْبِة,سحبة
sa77aab,سَحَّاب,سحاب
2insi7aab,اِنْسِحَاب,انسحاب
2issaa7ib saa7ib,الصَّاحِب سَاحِب,الصاحب ساحب
bissa7be,بَالسَّحْبِة,بالسحبة
mas7uub min lsaano,مَسْحُوب من لسَانه,مسحوب من لسانه
mas7uub kheero,مَسْحُوب خيره,مسحوب خيره
2is7ab,اِسْحَب,اسحب
sa77ib,سَحِّب,سحب
2insi7ib,اِنْسِحِب,انسحب
2itsa77ab,اِتْسَحَّب,اتسحب
yis7ab,يِسْحَب,يسحب
ysa77ib,يسَحِّب,يسحب
yinsi7ib,يِنْسِحِب,ينسحب
yitsa77ab,يِتْسَحَّب,يتسحب
sa7ab,سَحَب,سحب
sa77ab,سَحَّب,سحب
2insa7ab,اِنْسَحَب,انسحب
tsa77ab,تْسَحَّب,تسحب
sa7tuut,سَحْتُوت,سحتوت
sa7aatiit,سَحَاتِيت,سحاتيت
sa77iij,سَحِّيج,سحيج
sa77ij,سَحِّج,سحج
yisa77ij,يسَحِّج,يسحج
sa77aj,سَحَّج,سحج
si7ri,سِحْرِي,سحري
sa77aara,سَحَّارَة,سحارة
si7ir,سِحِر,سحر
saa7ir,سَاحِر,ساحر
s7uur,سْحُور,سحور
msa77araati,مْسَحَّرَاتي,مسحراتي
sa7aa7iir,سَحَاحِير,سحاحير
si7ir,سِحِر,سحر
2as7aar,أَسْحَار,أسحار
s7uura,سْحُورَة,سحورة
sa7ara,سَحَرَة,سحرة
msa77araatiyye,مْسَحَّرَاتيِّة,مسحراتية
2insi7ir,اِنْسِحِر,انسحر
yinsi7ir,يِنْسِحِر,ينسحر
2insa7ar,اِنْسَحَر,انسحر
2is7ar,اِسْحَر,اسحر
2itsa77ar,اِتْسَحَّر,اتسحر
yis7ar,يِسْحَر,يسحر
yitsa77ar,يِتْسَحَّر,يتسحر
sa7ar,سَحَر,سحر
tsa77ar,تْسَحَّر,تسحر
msa7sil,مْسَحْسِل,مسحسل
su7seele,سُحْسَيلِة,سحسيلة
sa7aasiil,سَحَاسِيل,سحاسيل
sa7sil,سَحْسِل,سحسل
2itsa7sal,اِتْسَحْسَل,اتسحسل
ysa7sil,يسَحْسِل,يسحسل
yitsa7sal,يِتْسَحْسَل,يتسحسل
sa7sal,سَحْسَل,سحسل
tsa7sal,تْسَحْسَل,تسحسل
mas7uuq,مَسْحُوق,مسحوق
masaa7iiq,مَسَاحِيق,مساحيق
masaa7iiq 2ittajmiil,مَسَاحِيق التَّجْميل,مساحيق التجميل
2is7aq,اِسْحَق,اسحق
2insa7iq,اِنْسَحِق,انسحق
yis7aq,يِسْحَق,يسحق
yinsa7iq,يِنْسَحِق,ينسحق
sa7aq,سَحَق,سحق
2insa7aq,اِنْسَحَق,انسحق
saa7il,سَاحِل,ساحل
msa7wil,مْسَحْوِل,مسحول
si7liyye,سِحْلِيِّة,سحلية
sa7ala,سْحَلَة,سحلة
saa7il,سَاحِل,ساحل
sa7aali,سَحَالِي,سحالي
sawaa7il,سَوَاحِل,سواحل
2is7al,اِسْحَل,اسحل
2is7al,اِسْحَل,اسحل
2insi7il,اِنْسِحِل,انسحل
sa7wil,سَحْوِل,سحول
yis7al,يِسْحَل,يسحل
yis7al,يِسْحَل,يسحل
yinsi7il,يِنْسِحِل,ينسحل
ysa7wil,يسَحْوِل,يسحول
sa7al,سَحَل,سحل
2insa7al,اِنْسَحَل,انسحل
si7il,سِحِل,سحل
sa7wal,سَحْوَل,سحول
sa7lab,سَحْلَب,سحلب
saakhir,سَاخِر,ساخر
maskharji,مَسْخَرْجِي,مسخرجي
maskhara,مَسْخَرَة,مسخرة
taskhiir,تَسْخِير,تسخير
2iskhar,اِسْخَر,اسخر
maskhir,مَسْخِر,مسخر
2itmaskhar,اِتْمَسْخَر,اتمسخر
sakhkhir,سَخِّر,سخر
yiskhar,يِسْخَر,يسخر
ymaskhir,يمَسْخِر,يمسخر
yitmaskhar,يِتْمَسْخَر,يتمسخر
ysakhkhir,يسَخِّر,يسخر
sikhir,سِخِر,سخر
maskhar,مَسْخَر,مسخر
tmaskhar,تْمَسْخَر,تمسخر
sakhkhar,سَخَّر,سخر
msakhsikh,مْسَخْسِخ,مسخسخ
sakhsikh,سَخْسِخ,سخسخ
ysakhsikh,يسَخْسِخ,يسخسخ
sakhsakh,سَخْسَخ,سخسخ
maskhuut,مَسْخُوط,مسخوط
masaakhiit,مَسَاخِيط,مساخيط
sakhat,سَخَط,سخط
maskhuut,مَسْخُوط,مسخوط
sakhata,سَخْطَة,سخطة
masaakhiit,مَسَاخِيط,مساخيط
sakht,سَخْط,سخط
2a3uuzu billaa min 2issakht,أَعُوذ بِالله مِن السَّخْط,أعوذ بالله من السخط
sakhta tiskhatak,سَخْطَة تِسْخَطَك,سخطة تسخطك
2iskhat,اِسْخَط,اسخط
2itsakhkhat,اِتْسَخَّط,اتسخط
2insikhit,اِنْسِخِط,انسخط
yiskhat,يِسْخَط,يسخط
yitsakhkhat,يِتْسَخَّط,يتسخط
yinsikhit,يِنْسِخِط,ينسخط
2iskhat,اِسْخَط,اسخط
yiskhat,يِسْخَط,يسخط
sikhit,سِخِط,سخط
sakhat,سَخَط,سخط
tsakhkhat,تْسَخَّط,تسخط
2insakhat,اِنْسَخَط,انسخط
sakhiif,سَخِيف,سخيف
sukhafaa2,سُخَفَاء,سخفاء
sakhaafe,سَخَافِة,سخافة
sakhkhif,سَخِّف,سخف
2istaskhif,اِسْتَسْخِف,استسخف
2itsakhkhaf,اِتْسَخَّف,اتسخف
ysakhkhif,يسَخِّف,يسخف
yitsakhkhaf,يِتْسَخَّف,يتسخف
yistaskhif,يِسْتَسْخِف,يستسخف
sakhkhaf,سَخَّف,سخف
tsakhkhaf,تْسَخَّف,تسخف
2istaskhaf,اِسْتَسْخَف,استسخف
sakhle,سَخْلِة,سخلة
skhala,سْخَلَة,سخلة
skhuul,سْخُول,سخول
skhuule,سْخُولِة,سخولة
2ittuul tuul nakhle wil3aqil 3aqil sakhle,الطول طول نخلة وَالعقل عقل سخلة,الطول طول نخلة والعقل عقل سخلة
msakhkham,مْسَخَّم,مسخم
skhaam,سْخَام,سخام
skhaam 2ilbeen,سْخَام البين,سخام البين
min tiin blaadak sakhkhim 3akhdaadak,من طين بلَادك سخم عخدَادك,من طين بلادك سخم عخدادك
sakhkhim,سَخِّم,سخم
ysakhkhim,يسَخِّم,يسخم
sakhkham,سَخَّم,سخم
msakhmat,مْسَخْمَط,مسخمط
sukhmaat,سُخْمَاط,سخماط
sukhmaat,سُخْمَاط,سخماط
sakhmit,سَخْمِط,سخمط
2itsakhmat,اِتْسَخْمَط,اتسخمط
ysakhmit,يسَخْمِط,يسخمط
yitsakhmat,يِتْسَخْمَط,يتسخمط
sakhmat,سَخْمَط,سخمط
tsakhmat,تْسَخْمَط,تسخمط
skhuune,سْخَونِة,سخونة
msakhkhan,مْسَخَّن,مسخن
sakhkhaan,سَخَّان,سخان
saakhin,سَاخِن,ساخن
sukhun,سُخُن,سخن
wijihha maa bid7ak larghiif 2issukhun,وجههَا مَا بضحك للرغيف السخن,وجهها ما بضحك للرغيف السخن
waq3a sukhne,وقعة سخنة,وقعة سخنة
2iskhun,اِسْخُن,اسخن
sakhkhin,سَخِّن,سخن
2itsakhkhan,اِتْسَخَّن,اتسخن
2iskhan,اِسْخَن,اسخن
yiskhun,يِسْخُن,يسخن
ysakhkhin,يِسَخِّن,يسخن
yitsakhkhan,يِتْسَخَّن,يتسخن
yiskhan,يِسْخَن,يسخن
sikhin,سِخِن,سخن
sakhkhan,سَخَّن,سخن
tsakhkhan,تْسَخَّن,تسخن
saakhi,سَاخِي,ساخي
2iskha,اِسْخَى,اسخى
yiskha,يِسْخَى,يسخى
sikhi,سِخِي,سخي
masduu7,مَسْدُوح,مسدوح
minsidi7,مِنْسِدِح,منسدح
mitsaddi7,مِتْسَدِّح,متسدح
sadaa7,سَدَاح,سداح
sadaa7 madaa7,سَدَاح مَدَاح,سداح مداح
2isda7,اِسْدَح,اسدح
yisda7,يِسْدَح,يسدح
sada7,سَدَح,سدح
2insidi7,اِنْسِدِح,انسدح
yinsidi7,يِنْسِدِح,ينسدح
2insada7,اِنْسَدَح,انسدح
2itsadda7,اِتْسَدَّح,اتسدح
yitsadda7,يِتْسَدَّح,يتسدح
tsadda7,تْسَدَّح,تسدح
sidde,سِدِّة,سدة
saddaade,سَدَّادِة,سدادة
tasdiid,تَسْدِيد,تسديد
sadd,سَدّ,سد
sidad,سِدَد,سدد
sduud,سْدُود,سدود
sadd nifsi,سَدّ نفسي,سد نفسي
sidd buuzak,سِد بوزَك,سد بوزك
sidd nii3ak,سِد نيعَك,سد نيعك
2insaddat manaafsi,اِنْسَدَّت مَنَافْسِي,انسدت منافسي
sadd radd,سَدّ رَدّ,سد رد
darbi ysidd maa yridd,دَرْب يسِدّ مَا يْرِدّ,درب يسد ما يرد
sadde,سَدِّة,سدة
laa lissade wlaa lilhadde wlaa la3athraat 2izzaman,لَا للسدة ولَا للهدة ولَا لعثرَات الزمن,لا للسدة ولا للهدة ولا لعثرات الزمن
sidd,سِدّ,سد
masduud,مَسْدُود,مسدود
2insadd,اِنْسَدّ,انسد
saddid,سَدِّد,سدد
2itsaddad,اِتْسَدَّد,اتسدد
ysidd,يسِدّ,يسد
yinsadd,يِنْسَدّ,ينسد
ysaddid,يسَدِّد,يسدد
yitsaddad,يِتْسَدَّد,يتسدد
sadd,سَدّ,سد
2insadd,اِنْسَدّ,انسد
saddad,سَدَّد,سدد
tsaddad,تْسَدَّد,تسدد
sidir,سِدِر,سدر
sduur,سْدُور,سدور
sduura,سْدُورَة,سدورة
sidre,سِدْرِة,سدرة
qadd 2issidre 3alhidre,قد السِّدرِة عَالهِدْرِة,قد السدرة عالهدرة
mitil sidir 2iliknaafe,مثل سدر الكنَافة,مثل سدر الكنافة
musaddas,مُسَدَّس,مسدس
saadis,سَادِس,سادس
saraab,سَرَاب,سراب
tasriib,تَسْرِيب,تسريب
tasarrub,تَسَرُّب,تسرب
sarrib,سَرِّب,سرب
2itsarrab,اِتْسَرَّب,اتسرب
ysarrib,يسَرِّب,يسرب
yitsarrab,يِتْسَرَّب,يتسرب
sarrab,سَرَّب,سرب
tsarrab,تْسَرَّب,تسرب
siiraj,سِيرَج,سيرج
sraaj,سْرَاج,سراج
sarj,سَرْج,سرج
yaa sarj bimiil yaa 3anaan binqata3,يَا سرج بميل يَا عنَان بنقطع,يا سرج بميل يا عنان بنقطع
2usruj,اِسْرُج,اسرج
yusruj,يُسْرُج,يسرج
saraj,سَرَج,سرج
sar7aan,سَرْحَان,سرحان
saari7,سَارِح,سارح
sara7aan,سَرَحَان,سرحان
tasrii7,تَسْرِيح,تسريح
sar7,سَرْح,سرح
masra7,مَسْرَح,مسرح
masaari7,مَسَارِح,مسارح
masra7iyye,مَسْرَحِيِّة,مسرحية
yisra7 fiini,يِسْرَح فيني,يسرح فيني
tarwii7it 2issar7,تَرويحِة السَّرح,ترويحة السرح
bisra7 fiihaa 2ilkhayyaal,بيسرح فيهَا الخيَّال,بيسرح فيها الخيال
2isra7,اِسْرَح,اسرح
2isra7,اِسْرَح,اسرح
sarri7,سَرِّح,سرح
2itsarra7,اِتْسَرَّح,اتسرح
yisra7,يِسْرَح,يسرح
ysarri7,يسَرِّح,يسرح
yisra7,يِسْرَح,يسرح
yitsarra7,يِتْسَرَّح,يتسرح
siri7,سِرِح,سرح
sarra7,سَرَّح,سرح
sara7,سَرَح,سرح
tsarra7,تْسَرَّح,تسرح
sard,سَرْد,سرد
sirdaa7,سِرْدَاح,سرداح
sirdaa7i mirdaa7i,سردَاحي مردَاحي,سرداحي مرداحي
sirdaa7i,سِرْدَاحِي,سرداحي
sirri,سِرِّي,سري
surra,سُرَّة,سرة
suruur,سُرُور,سرور
sirr,سِرّ,سر
sriir,سْرِير,سرير
sirri,سِرِّي,سري
2asraar,أَسْرَار,أسرار
saraayir,سَرَايِر,سراير
2asirra,أَسِرَّة,أسرة
surar,سُرَر,سرر
ysurr qalbak wukhaatrak,يسُر قلبَك وخَاطْرَك,يسر قلبك وخاطرك
burtuqaal 2abu surra,برتقَال أبو سُرَّة,برتقال أبو سرة
sirro ghamiiq,سِرُِّه غميق,سره غميق
2ilkalaam bsirrak,الكلَام بسِرَّك,الكلام بسرك
sirri mirri,سِرِّي مِرِّي,سري مري
masarra,مَسَرَّة,مسرة
2ibn 2iddurra maminuush masarra,إِبْن الضُّرَّة مَامِنُّوش مَسَرَّة,إبن الضرة مامنوش مسرة
sirr,سِرّ,سر
surr,سُرّ,سر
ysurr,يسُرّ,يسر
ysirr,يسِرّ,يسر
sarr,سَرّ,سر
2asarr,أَسَرّ,أسر
sarriis,سَرِّيس,سريس
msarsab,مْسَرْسَب,مسرسب
sarsabe,سَرْسَبِة,سرسبة
2itsarsab,اِتْسَرْسَب,اتسرسب
yitsarsab,يِتْسَرْسَب,يتسرسب
tsarsab,تْسَرْسَب,تسرسب
sarsi7,سَرْسِح,سرسح
2itsarsa7,اِتْسَرْسَح,اتسرسح
ysarsi7,يسَرْسِح,يسرسح
yitsarsa7,يِتْسَرْسَح,يتسرسح
sarsa7,سَرْسَح,سرسح
tsarsa7,تْسَرْسَح,تسرسح
sarsari,سَرْسَرِي,سرسري
sarsariyye,سَرْسَرِيِّة,سرسرية
sarsara,سَرْسَرَة,سرسرة
2itsarsar,اِتْسَرْسَر,اتسرسر
yitsarsar,يِتْسَرْسَر,يتسرسر
tsarsar,تْسَرْسَر,تسرسر
siraat,سِرَاط,سراط
2issiraat 2ilmustaqiim,السِّرَاط المُسْتَقِيم,السراط المستقيم
mashsheeto 3assiraat 2ilmustaqiim,مشِّيتُه عَالسِّرَاط المُسْتَقِيم,مشيته عالسراط المستقيم
2usrut,اُسْرُط,اسرط
yusrut,يُسْرُط,يسرط
sarat,سَرَط,سرط
sartuum,سَرْطُوم,سرطوم
misri3,مِسْرِع,مسرع
2asra3,أَسْرَع,أسرع
sarii3,سَرِيع,سريع
sur3a,سُرْعَة,سرعة
tasaaru3,تَسَارُع,تسارع
bsur3a,بسُرْعَة,بسرعة
maa 2asra3,مَا أسْرَع,ما أسرع
2isri3,اِسْرِع,اسرع
sarri3,سَرِّع,سرع
2itsaara3,اِتْسَارَع,اتسارع
2itsarra3,اِتْسَرَّع,اتسرع
yisri3,يِسْرِع,يسرع
ysarri3,يسَرِّع,يسرع
yitsaara3,يِتْسَارَع,يتسارع
yitsarra3,يِتْسَرَّع,يتسرع
2asra3,أَسْرَع,أسرع
sarra3,سَرَّع,سرع
tsaara3,تْسَارَع,تسارع
tsarra3,تْسَرَّع,تسرع
musrif,مُسْرِف,مسرف
2israaf,إِسْرَاف,إسراف
2isrif,اِسْرِف,اسرف
yisrif,يِسْرِف,يسرف
2asraf,أَسْرَف,أسرف
sarraaq,سَرَّاق,سراق
sirqa,سِرْقَة,سرقة
bissirqa,بَالسِّرْقَة,بالسرقة
2insiriq,اِنْسِرِق,انسرق
2isruq,اِسْرُق,اسرق
2istiriq,اِسْتِرِق,استرق
2itsarraq,اِتْسَرَّق,اتسرق
yisruq,يِسْرُق,يسرق
yistiriq,يِسْتِرِق,يسترق
yitsarraq,يِتْسَرَّق,يتسرق
saraq,سَرَق,سرق
2istaraq,اِسْتَرَق,استرق
tsarraq,تْسَرَّق,تسرق
yinsiriq,يِنْسِرِق,ينسرق
2insaraq,اِنْسَرَق,انسرق
sarkit,سَرْقِط,سرقط
2itsarkat,اِتْسَرْقَط,اتسرقط
ysarkit,يسَرْقِط,يسرقط
yitsarkat,يِتْسَرْقَط,يتسرقط
sarkat,سَرْقَط,سرقط
tsarkat,تْسَرْقَط,تسرقط
sirilaak,سِرِلَاك,سرلاك
2sarmaj,أَسَرْمَج,أسرمج
msarmidj,مْسَرْمِج,مسرمج
sarmadje,سَرْمَجِة,سرمجة
maa 2asarmadjak,مَا أسَرْمَجك,ما أسرمجك
2itsarmadj,اِتْسَرْمَج,اتسرمج
yitsarmadj,يِتْسَرْمَج,يتسرمج
tsarmadj,تْسَرْمَج,تسرمج
msarwale,مْسَرْوَلِة,مسرولة
sirwaal,سِرْوَال,سروال
saraawiil,سَرَاوِيل,سراويل
mastuu7,مَسْطُوح,مسطوح
sati7,سَطِح,سطح
sati7,سَطِح,سطح
2ustuu7,أُسْطُوح,أسطوح
2asaatii7,أَسَاطِيح,أساطيح
stuu7,سْطُوح,سطوح
sati7 yista7ak,سَطِح يسْطَحَك,سطح يسطحك
mistaa7,مِسْطَاح,مسطاح
masaatii7,مَسَاطِيح,مساطيح
shatwit 2ilmasaatii7,شَتْوِة المَسَاطِيح,شتوة المساطيح
2ista7,اِسْطَح,اسطح
2insiti7,اِنْسِطِح,انسطح
2itsatta7,اِتْسَطَّح,اتسطح
satti7,سَطِّح,سطح
yista7,يِسْطَح,يسطح
yinsiti7,يِنْسِطِح,ينسطح
ysatti7,يسَطِّح,يسطح
yitsatta7,يِتْسَطَّح,يتسطح
sata7,سَطَح,سطح
2insata7,اِنْسَطَح,انسطح
satta7,سَطَّح,سطح
tsatta7,تْسَطَّح,تسطح
mistara,مِسْطَرَة,مسطرة
mistara,مِسْطَرَة,مسطرة
2ustuura,أُسْطُورَة,أسطورة
satir,سَطِر,سطر
saatuur,سَاطُور,ساطور
mastariin,مَسْطَرِين,مسطرين
stuur,سْطُور,سطور
masaatir,مَسَاطِر,مساطر
2asaatiir,أَسَاطِير,أساطير
sawaatiir,سَوَاطِير,سواطير
nuqta 3assatir,نُقْطَة عَالسَّطِر,نقطة عالسطر
been 2issutuur,بين السطور,بين السطور
mashshato 3al mistara,مَشَّتُه عَالمِسْطَرَة,مشته عالمسطرة
3al mistara,عَالمِسْطَرَة,عالمسطرة
2itsattar,اِتْسَطَّر,اتسطر
yitsattar,يِتْسَطَّر,يتسطر
tsattar,تْسَطَّر,تسطر
sattir,سَطِّر,سطر
ysattir,يسَطِّر,يسطر
sattar,سَطَّر,سطر
masaatiil,مَسَاطِيل,مساطيل
mastuul,مَسْطُول,مسطول
msattil,مْسَطِّل,مسطل
satil,سَطِل,سطل
sutul,سُطُل,سطل
satil,سَطِل,سطل
stuule,سْطُولِة,سطولة
wiqi3 satil batno,وقع سطل بطنه,وقع سطل بطنه
bisattil,بيسَطِّل,بيسطل
sattil,سَطِّل,سطل
2ustul,اُسْطُل,اسطل
ysattil,يسَطِّل,يسطل
yustul,يُسْطُل,يسطل
sattal,سَطَّل,سطل
satal,سَطَل,سطل
2insitil,اِنْسِطِل,انسطل
yinsitil,يِنْسِطِل,ينسطل
2insatal,اِنْسَطَل,انسطل
mastuum,مَسْطُوم,مسطوم
2insitim,اِنْسِطِم,انسطم
yinsitim,يِنْسِطِم,ينسطم
2insatam,اِنْسَطَم,انسطم
2ustum,اُسْطُم,اسطم
yustum,يُسْطُم,يسطم
satam,سَطَم,سطم
satu,سَطو,سطو
satu musalla7,سَطو مُسَلَّح,سطو مسلح
2ustu,اِسْطُو,اسطو
yustu,يُسْطُو,يسطو
sata,سَطَى,سطى
2issa3aatin,اِسَّعَاتِن,اسعاتن
sa3iid,سَعِيد,سعيد
sa3ad,سَعَد,سعد
sa3aade,سَعَادِة,سعادة
musaa3ade,مُسَاعَدِة,مساعدة
musaa3id,مُسَاعِد,مساعد
2ilmalaafiz sa3id,المَلَافِظ سَعَد,الملافظ سعد
sa3ad,سَعَد,سعد
sa3ad bala3,سَعد بَلَع,سعد بلع
sa3ad 2is3uud,سَعد السعود,سعد السعود
sa3ad 2ilkhabaaya,سَعد الخَبَايَا,سعد الخبايا
sa3ad 2idhdhaabi7,سَعد الذَّابح,سعد الذابح
sa3iid 2innasbe,سعيد النصبة,سعيد النصبة
2is3id,اِسْعِد,اسعد
saa3id,سَاعِد,ساعد
yis3id,يِسْعِد,يسعد
ysaa3id,يسَاعِد,يساعد
2as3ad,أَسْعَد,أسعد
saa3ad,سَاعَد,ساعد
2itsaa3ad,اِتْسَاعَد,اتساعد
yitsaa3ad,يِتْسَاعَد,يتساعد
tsaa3ad,تْسَاعَد,تساعد
2is3ad,اِسْعَد,اسعد
yis3ad,يِسْعَد,يسعد
si3id,سِعِد,سعد
sa3dane,سَعْدَنِة,سعدنة
sa3daan,سَعْدَان,سعدان
sa3aadiin,سَعَادِين,سعادين
sa3din,سَعْدِن,سعدن
2itsa3dan,اِتْسَعْدَن,اتسعدن
ysa3din,يسَعْدِن,يسعدن
yitsa3dan,يِتْسَعْدَن,يتسعدن
sa3dan,سَعْدَن,سعدن
tsa3dan,تْسَعْدَن,تسعدن
sa3raan,سَعْرَان,سعران
mas3uur,مَسْعُور,مسعور
tas3iira,تَسْعِيرَة,تسعيرة
si3ir,سِعِر,سعر
2as3aar,أَسْعَار,أسعار
daaqqiin biba3ad mitil 2iliklaab 2issa3raane,دَاقين ببعض زي الكلَاب الصعرَانة,داقين ببعض زي الكلاب الصعرانة
2insi3ir,اِنْسِعِر,انسعر
sa33ir,سَعِّر,سعر
2itsa33ar,اِتْسَعَّر,اتسعر
yinsi3ir,يِنْسِعِر,ينسعر
ysa33ir,يسَعِّر,يسعر
yitsa33ar,يِتْسَعَّر,يتسعر
2insa3ar,اِنْسَعَر,انسعر
sa33ar,سَعَّر,سعر
tsa33ar,تْسَعَّر,تسعر
2is3aaf,إِسْعَاف,إسعاف
sa3af,سَعَف,سعف
2is3aafaat 2awwaliyye,إِسْعَافَات أوَّلِيِّة,إسعافات أولية
sayyaarit 2is3aaf,سيَّارَة إِسْعَاف,سيارة إسعاف
2is3if,اِسْعِف,اسعف
yis3if,يِسْعِف,يسعف
2as3af,أَسْعَف,أسعف
sa3le,سَعْلِة,سعلة
2is3al,اِسْعَل,اسعل
yis3al,يِسْعَل,يسعل
sa3al,سَعَل,سعل
s3awa,سْعَوَة,سعوة
sa3aw,سَعُو,سعو
sa3i,سَعِي,سعي
saa3i,سَاعِي,ساعي
2is3a,اِسْعَى,اسعى
yis3a,يِسْعَى,يسعى
sa3a,سَعَى,سعى
saffaa7,سَفَّاح,سفاح
msaffi7,مْسَفّح,مسفح
saffaa7,سَفَّاح,سفاح
safi7,سَفِح,سفح
sufuu7,سُفُوح,سفوح
2ilhawa byisfa7 safi7,الهوَا بيِسْفَح سَفِح,الهوا بيسفح سفح
saffi7,سَفِّح,سفح
2isfa7,اِسْفَح,اسفح
ysaffi7,يسَفِّح,يسفح
yisfa7,يِسْفَح,يسفح
saffa7,سَفَّح,سفح
safa7,سَفَح,سفح
saafikh,سَافِخ,سافخ
masfuukh,مَسْفُوخ,مسفوخ
safikh,سَفِخ,سفخ
2insifikh,اِنْسِفِخ,انسفخ
yinsifikh,يِنْسِفِخ,ينسفخ
2insafakh,اِنْسَفَخ,انسفخ
2isfakh,اِسْفَخ,اسفخ
yisfakh,يِسْفَخ,يسفخ
safakh,سَفَخ,سفخ
msaafir,مْسَافِر,مسافر
sufra,سُفْرَة,سفرة
safra,سَفْرَة,سفرة
saffiire,سَفِّيرَة,سفيرة
safaara,سَفَارَة,سفارة
sufraji,سُفْرَجِي,سفرجي
safar,سَفَر,سفر
musaafir,مْسَافِر,مسافر
safiir,سَفِير,سفير
saffiir,سَفِّير,سفير
sufrajiyye,سُفَرْجِيِّة,سفرجية
sufar,سُفَر,سفر
sufaraa2,سُفَرَاء,سفراء
2ufrush 2issufra,اُفْرُش السُّفْرَة,افرش السفرة
saafir,سَافِر,سافر
saffir,سَفِّر,سفر
ysaafir,يسَافِر,يسافر
ysaffir,يسَفِّر,يسفر
saafar,سَافَر,سافر
saffar,سَفَّر,سفر
safirtaas,سَفِرْطَاس,سفرطاس
safat,سَفَط,سفط
sfuuta,سْفُوطَة,سفوطة
2usfut,اُسْفُط,اسفط
2insifit,اِنْسِفِط,انسفط
yinsifit,يِنْسِفِط,ينسفط
2insafat,اِنْسَفَط,انسفط
2itsaffat,اِتْسَفَّط,اتسفط
yitsaffat,يِتْسَفَّط,يتسفط
tsaffat,تْسَفَّط,تسفط
yusfut,يِسْفُط,يسفط
safat,سَفَط,سفط
saffit,سَفِّط,سفط
ysaffit,يسَفِّط,يسفط
saffat,سَفَّط,سفط
2isfa3,اِسْفَع,اسفع
yisfa3,يِسْفَع,يسفع
safa3,سَفَع,سفع
saafif,سَافِف,سافف
sfiife,سْفِيفِة,سفيفة
saffaaye,سَفَّايِة,سفاية
sfeefi,سْفَيفِي,سفيفي
safaayif,سَفَايِف,سفايف
2insaff,اِنْسَفّ,انسف
yinsaff,يِنْسَفّ,ينسف
2insaff,اِنْسَفّ,انسف
siff,سِفّ,سف
ysiff,يسِفّ,يسف
saff,سَفّ,سف
2isfuq,اِسْفُق,اسفق
2usfuq,اُسْفُق,اسفق
2insafiq,اِنْسَفِق,انسفق
yisfuq,يِسْفُق,يسفق
yusfuq,يُسْفُق,يسفق
yinsafaq,يِنْسَفَق,ينسفق
yinsafiq,يِنْسَفِق,ينسفق
safaq,سَفَق,سفق
2insafaq,اِنْسَفَق,انسفق
2isfik,اِسْفِك,اسفك
yisfik,يِسْفِك,يسفك
safak,سَفَك,سفك
saafil,سَافِل,سافل
safala,سَفَلَة,سفلة
safaale,سَفَالِة,سفالة
saffil,سَفِّل,سفل
2itsaafal,اِتْسَافَل,اتسافل
ysaffil,يسَفِّل,يسفل
2asfal,أَسْفَل,أسفل
yitsaafal,يِتْسَافَل,يتسافل
saffal,سَفَّل,سفل
tsaafal,تْسَافَل,تسافل
msaflat,مْسَفْلَت,مسفلت
msaflat,مْسَفْلَت,مسفلت
2isfalt,اِسْفَلْت,اسفلت
2itsaflat,اِتْسَفْلَت,اتسفلت
yitsaflat,يِتْسَفْلَت,يتسفلت
tsaflat,تْسَفْلَت,تسفلت
saflit,سَفْلِت,سفلت
ysaflit,يسَفْلِت,يسفلت
saflat,سَفْلَت,سفلت
msafliq,مْسَفْلِق,مسفلق
saflaqa,سَفْلَقَة,سفلقة
safliq,سَفْلِق,سفلق
ysafliq,يسَفْلِق,يسفلق
saflaq,سَفْلَق,سفلق
safiine,سَفِينِة,سفينة
sfiine,سْفِينِة,سفينة
sufun,سُفُن,سفن
safaayin,سَفَايِن,سفاين
safiih,سَفِيه,سفيه
sufahaa2,سُفَهَاء,سفهاء
2itsaffah,اِتْسَفَّه,اتسفه
yitsaffah,يِتْسَفَّه,يتسفه
tsaffah,تْسَفَّه,تسفه
saffih,سَفِّه,سفه
ysaffih,يسَفِّه,يسفه
saffah,سَفَّه,سفه
msa2si2,مْسَقْسَق,مسقسق
sa2si2,سَقْسِق,سقسق
ysa2si2,يسَقْسِق,يسقسق
sa2sa2,سَقْسَق,سقسق
saaqit,سَاقِط,ساقط
saqata,سَقَطَة,سقطة
sagaayit,سَقَايِط,سقايط
sqkgiita,سْقِيطَة,سقيطة
saaqit,سَاقِط,ساقط
saqqaata,سَقَّاطَة,سقاطة
saqqaata,سَقَّاطَة,سقاطة
siqit min 3eeni,سقط من عيني,سقط من عيني
saqtat waraqto,سقطت ورقته,سقطت ورقته
2itsaaqat,اِتْسَاقَط,اتساقط
2isqut,اِسْقُط,اسقط
saqqit,سَقِّط,سقط
yisqut,يِسْقُط,يسقط
ysaqqit,يسَقِّط,يسقط
yitsaaqat,يِتْسَاقَط,يتساقط
saqat,سَقَط,سقط
saqqat,سَقَّط,سقط
tsaaqat,تْسَاقَط,تساقط
saq3a,سَقْعَة,سقعة
msaqqa3a,مْسَقَّعَة,مسقعة
2asqa3,أَسْقَع,أسقع
saqqaa3asaggaa3asakkaa3a,سَقَّاعَة,سقاعة
maa 2asqa3 wijho,مَا أَسْقَع وجهه,ما أسقع وجهه
2isqka3,اِسْقَع,اسقع
saqqkki3,سَقِّع,سقع
yisqka3,يِسْقَع,يسقع
ysaqqkki3,يسَقِّع,يسقع
siqki3,سِقِع,سقع
saqqkka3,سَقَّع,سقع
sqiife,سْقِيفِة,سقيفة
saqif,سَقِف,سقف
squuf,سْقُوف,سقوف
saqaayif,سَقَايِف,سقايف
saqf 2ittawaqu3aat,سَقْف التّوقُّعَات,سقف التوقعات
2itsaqqaf,اِتْسَقَّف,اتسقف
yitsaqqaf,يِتْسَقَّف,يتسقف
tsaqqaf,تْسَقَّف,تسقف
2usquf,اِسْقُف,اسقف
saqqif,سَقِّف,سقف
yusquf,يُسْقُف,يسقف
ysaqqif,يسَقِّف,يسقف
saqaf,سَقَف,سقف
saqqaf,سَقَّف,سقف
saqiim,سَقِيم,سقيم
saqam,سَقَم,سقم
2asqaam,أَسْقَام,أسقام
tisqaaye,تِسْقَايِة,تسقاية
sqiyye,سْقِيِّة,سقية
saqi,سَقِي,سقي
2istisqaa2,اِسْتِسْقَاء,استسقاء
2insiqi,اِنْسِقِي,انسقي
yinsiqi,يِنْسِقِي,ينسقي
2insaqa,اِنْسَقَى,انسقى
2isqi,اِسْقِي,اسقي
2isqi,اِسْقِي,اسقي
yisqi,يِسْقِي,يسقي
yisqi,يِسْقِي,يسقي
saqa,سَقَى,سقى
2asqa,أَسْقَى,أسقى
maskuub,مَسْكُوب,مسكوب
sakbe,سَكْبِة,سكبة
baraaniit 2ilmaskuub,برَانيط المسكوب,برانيط المسكوب
2iskub,اِسْكُب,اسكب
2uskub,اُسْكُب,اسكب
2insakib,اِنْسَكِب,انسكب
2insikib,اِنْسِكِب,انسكب
yiskub,يِسْكُب,يسكب
yuskub,يُسْكُب,يسكب
yinsakib,يِنْسَكِب,ينسكب
yinsikib,يِنْسِكِب,ينسكب
sakab,سَكَب,سكب
2insakab,اِنْسَكَب,انسكب
saakit,سَاكِت,ساكت
saakit,سَاكِت,ساكت
taskiite,تَسْكِيتِة,تسكيتة
taskiit,تَسْكِيت,تسكيت
sukuut,سُكُوت,سكوت
2issaakit 3an 2il7aqq shaytaan 2akhras,السَّاكِت عن الحق شيطَان أخرَس,الساكت عن الحق شيطان أخرس
byishtiri skuuto,بِيشتري سْكُوتُه,بيشتري سكوته
naqqitna biskuutak,نقِّطنَا بسْكُوتُك,نقطنا بسكوتك
sukkeeti,سُكَّيتِي,سكيتي
3assukkeeti,عَالسُّكَّيتِي,عالسكيتي
2itsakkat,اِتْسَكَّت,اتسكت
yitsakkat,يِتْسَكَّت,يتسكت
tsakkat,تْسَكَّت,تسكت
2iskut,اِسْكُت,اسكت
sakkit,سَكِّت,سكت
2uskut,اُسْكُت,اسكت
yiskut,يِسْكُت,يسكت
ysakkit,يسَكِّت,يسكت
yuskut,يُسْكُت,يسكت
sakat,سَكَت,سكت
sakkat,سَكَّت,سكت
saktir,سَكْتِر,سكتر
ysaktir,يسَكْتِر,يسكتر
saktar,سَكْتَر,سكتر
msakitm,مْسَكْتِم,مسكتم
saktim,سَكْتِم,سكتم
ysaktim,يسَكْتِم,يسكتم
saktam,سَكْتَم,سكتم
msookij,مْسَوكِج,مسوكج
sakkij,سَكِّج,سكج
ysakkij,يسَكِّج,يسكج
sakkaj,سَكَّج,سكج
sakraan,سَكْرَان,سكران
msakkir,مْسَكِّر,مسكر
sikkiir,سِكِّير,سكير
sukarji,سُكَرْجِي,سكرجي
sukarjiyye,سُكَرْجِيِّة,سكرجية
sukkara,سُكَّرَة,سكرة
msakkir,مْسَكِّر,مسكر
msakkar,مْسَكَّر,مسكر
sukkara,سُكَّرَة,سكرة
sukkara,سُكَّرَة,سكرة
sukur,سُكُر,سكر
sukkar,سُكَّر,سكر
sukkari,سُكَّري,سكري
sitshtshar,سِكَّر,سكر
sukur lassubi7,سُكُر للصُّبِح,سكر للصبح
2iskar,اِسْكَر,اسكر
tsakkar,تْسَكَّر,تسكر
sakkir,سَكِّر,سكر
yiskar,يِسْكَر,يسكر
yitsakkar,يِتْسَكَّر,يتسكر
taskiir,تَسْكِير,تسكير
ysakkir,يسَكِّر,يسكر
sikir,سِكِر,سكر
tsakkar,تْسَكَّر,تسكر
sakkar,سَكَّر,سكر
skarbiine,سْكَرْبِينِة,سكربينة
saksuuke,سَكْسُوكِة,سكسوكة
sakaasiik,سَكَاسِيك,سكاسيك
2iskaafi,إِسْكَافِي,إسكافي
2iskaafiyye,إِسْكَافِيِّة,إسكافية
msakwike,مْسَكْوِكِة,مسكوكة
saakik,سَاكِك,ساكك
sakwake,سَكْوَكِة,سكوكة
sikke,سِكِّة,سكة
sikak,سِكَك,سكك
sukk,سُكّ,سك
sakwik,سَكْوِك,سكوك
ysukk,يسُكّ,يسك
ysakwik,يِسَكْوِك,يسكوك
sakwak,سَكْوَك,سكوك
sakk,سَكّ,سك
2iskaale,اِسْكَالِة,اسكالة
skambiil,اِسْكَمْبِيل,اسكمبيل
2iskamle,إِسْكَمْلِة,إسكملة
saakin,سَاكِن,ساكن
maskuun,مَسْكُون,مسكون
mustakiin,مُسْتَكِين,مستكين
miskiin,مِسْكِين,مسكين
masaakiin,مَسَاكِين,مساكين
maskuun,مَسْكُون,مسكون
saakin,سَاكِن,ساكن
maskane,مَسْكَنِة,مسكنة
sukne,سُكْنِة,سكنة
sakan,سَكَن,سكن
sakan,سَكَن,سكن
maskan,مَسْكَن,مسكن
musakkin,مُسَكِّن,مسكن
sikkiin,سِكِّين,سكين
masaakin,مَسَاكِن,مساكن
sakaakiin,سَكَاكِين,سكاكين
sakan tullaab,سَكَن طُلَّاب,سكن طلاب
titmaskan tatitmakkan,تِتْمَسْكَن تَتِمَكَّن,تتمسكن تتمكن
haay mish miskiine haay sikkiine,هَاي مِش مِسْكِينِة هَاي سِكِّينِة,هاي مش مسكينة هاي سكينة
sakaakiin biqalbi,سَكَاكِين بِقَلْبِي,سكاكين بقلبي
mjallikh 2issakaakiin,مجلخ السكَانين,مجلخ السكانين
2iza wiqi3 2iljamal btiktar sakaakiino,إِذَا وقع الجمل بتكثر سكَاكينه,إذا وقع الجمل بتكثر سكاكينه
2uskun,اِسْكُن,اسكن
sakkin,سَكِّن,سكن
2istakiin,اِسْتَكِين,استكين
2itmaskan,اِتْمَسْكَن,اتمسكن
yuskun,يُسْكُن,يسكن
ysakkin,يسَكِّن,يسكن
2insakan,اِنْسَكَن,انسكن
yinsakan,يِنْسَكَن,ينسكن
yistakiin,يِسْتَكِين,يستكين
yitmaskan,يِتْمَسْكَن,يتمسكن
sakan,سَكَن,سكن
sakkan,سَكَّن,سكن
2insakan,اِنْسَكَن,انسكن
2istakaan,اِسْتَكَان,استكان
tmaskan,تْمَسْكَن,تمسكن
saknaaj,سَكْنَاج,سكناج
satshwa7a,سَكْوَحَة,سكوحة
2itsatshwa7,اِتْسَكْوَح,اتسكوح
yitsatshwa7,يِتْسَكْوَح,يتسكوح
tsatshwa7,تْسَكْوَح,تسكوح
sala,سَلَا,سلا
salbi,سَلْبِي,سلبي
salb,سَلِب,سلب
salbi,سَلْبي,سلبي
saalib,سَالِب,سالب
masluub,مَسْلُوب,مسلوب
salbiyye,سَلْبيِّة,سلبية
saalib,سَالِب,سالب
2usluub,أُسْلُوب,أسلوب
2asaaliib,أَسَالِيب,أساليب
2insilib,اِنْسِلِب,انسلب
yinsilib,يِنْسِلِب,ينسلب
2insalab,اِنْسَلَب,انسلب
2islib,اِسْلِب,اسلب
yislib,يِسْلِب,يسلب
salab,سَلَب,سلب
salbuud,سَلْبُود,سلبود
salaabiid,سَلَابِيد,سلابيد
salbade,سَلْبَدِة,سلبدة
2itsalbad,اِتْسَلْبَد,اتسلبد
yitsalbad,يِتْسَلْبَد,يتسلبد
tsalbad,تْسَلْبَد,تسلبد
mitsalbit,مِتْسَلْبِط,متسلبط
salbata,سَلْبَطَة,سلبطة
2itsalbat,اِتْسَلْبَط,اتسلبط
yitsalbat,يِتْسَلْبَط,يتسلبط
tsalbat,تْسَلْبَط,تسلبط
musalla7,مُسَلَّح,مسلح
slaa7lik,سْلَاحْلِك,سلاحلك
slaa7,سْلَاح,سلاح
2asli7a,أَسْلِحَة,أسلحة
salli7,سَلِّح,سلح
2itsalla7,اِتْسَلَّح,اتسلح
ysalli7,يسَلِّح,يسلح
yitsalla7,يِتْسَلَّح,يتسلح
salla7,سَلَّح,سلح
tsalla7,تْسَلَّح,تسلح
slaakhi,سْلَاخِي,سلاخي
masluukh,مَسْلُوخ,مسلوخ
sliikha,سْلِيخَة,سليخة
maslakh,مَسْلَخ,مسلخ
masaalikh,مَسَالِخ,مسالخ
salaayikh,سَلَايِخ,سلايخ
2abu rijil masluukha,أَبو رجل مَسْلُوخَة,أبو رجل مسلوخة
2islakh,اِسْلَخ,اسلخ
sallikh,سَلِّخ,سلخ
2insilikh,اِنْسِلِخ,انسلخ
yislakh,يِسْلَخ,يسلخ
ysallikh,يسَلِّخ,يسلخ
yinsilikh,يِنْسِلِخ,ينسلخ
salakh,سَلَخ,سلخ
sallakh,سَلَّخ,سلخ
2insalakh,اِنْسَلَخ,انسلخ
soolaar,سَولار,سولار
silis,سِلِس,سلس
salaase,سَلَاسِة,سلاسة
musalsal,مُسَلْسَل,مسلسل
mutasalsil,مُتَسَلْسِل,متسلسل
silsile,سِلْسِلِة,سلسلة
2itsalsal,اِتْسَلْسَل,اتسلسل
yitsalsal,يِتْسَلْسَل,يتسلسل
tsalsal,تْسَلْسَل,تسلسل
salaasil,سَلَاسِل,سلاسل
mutasallit,مُتَسَلِّط,متسلط
mitsallit,مِتْسَلِّط,متسلط
salata,سَلَطَة,سلطة
salata,سَلَطَة,سلطة
sulta,سُلْطَة,سلطة
ysallit 2iddoo2 3ala,يسَلِّط الضَّوء على,يسلط الضوء على
2itsallat,اِتْسَلَّط,اتسلط
sallit,سَلِّط,سلط
yitsallat,يِتْسَلَّط,يتسلط
ysallit,يسَلِّط,يسلط
tsallat,تْسَلَّط,تسلط
sallat,سَلَّط,سلط
msaltin,مْسَلْطِن,مسلطن
sultaaniyye,سُلْطَانيِّة,سلطانية
sultaan,سُلْطَان,سلطان
sultaani,سُلْطَانِي,سلطاني
salaatiin,سَلَاطِين,سلاطين
shyuukh 2issultaan,شيوخ السَّلَاطين,شيوخ السلاطين
2innoom sultaan,النُّوم سُلْطَان,النوم سلطان
sultaan zamaano,سُلْطَان زَمَانُه,سلطان زمانه
saltin,سَلْطِن,سلطن
ysaltin,يسَلْطِن,يسلطن
saltan,سَلْطَن,سلطن
sil3a,سِلْعَة,سلعة
sila3,سِلَع,سلع
2itsalla3,اِتْسَلَّع,اتسلع
yitsalla3,يِتْسَلَّع,يتسلع
tsalla3,تْسَلَّع,تسلع
salli3,سَلِّع,سلع
ysalli3,يسَلِّع,يسلع
salla3,سَلَّع,سلع
sal3uus,سَلْعُوس,سلعوس
msal3is,مْسَلْعِس,مسلعس
salaa3iis,سَلَاعِيس,سلاعيس
sal3is,سَلْعِس,سلعس
ysal3is,يسَلْعِس,يسلعس
sal3as,سَلْعَس,سلعس
2immasligh,مْمَسْلِغ,ممسلغ
maslagha,مَسْلَغَة,مسلغة
masligh,مَسْلِغ,مسلغ
ymasligh,يمَسْلِغ,يمسلغ
maslagh,مَسْلَغ,مسلغ
salaf,سَلَف,سلف
mitsallif,مِتْسَلِّف,متسلف
mistalif,مِسْتَلِف,مستلف
soolaafe,سَولَافِة,سولافة
soolafe,سَولَفِة,سولفة
salaf,سَلَف,سلف
silif,سِلِف,سلف
saalif,سَالِف,سالف
salaayif,سَلَايِف,سلايف
slaaf,سْلَاف,سلاف
sawaalif,سَوَالِف,سوالف
sawaaliif,سَوَالِيف,سواليف
sawaalif,سوَالِف,سوالف
2il7ayaa salaf wudeen,الحَيَاة سَلَف ودَين,الحياة سلف ودين
2issalaf 2issaali7,السَّلف الصَّالِح,السلف الصالح
sawaaliif tarma,سَوَالِيف طَرْمَا,سواليف طرما
2itsallaf,اِتْسَلَّف,اتسلف
sallif,سَلِّف,سلف
soolif,سَولِف,سولف
yitsallaf,يِتْسَلَّف,يتسلف
ysallif,يسَلِّف,يسلف
ysoolif,يسَولِف,يسولف
tsallaf,تْسَلَّف,تسلف
sallaf,سَلَّف,سلف
soolaf,سَولَف,سولف
msalfiq,مْسَلْفِق,مسلفق
salfaqa,سَلْفَقَة,سلفقة
salfiq,سَلْفِق,سلفق
ysalfiq,يسَلْفِق,يسلفق
salfaq,سَلْفَق,سلفق
msalwi2,مْسَلْوِق,مسلوق
saliq,سَلِق,سلق
masluuq,مَسْلُوق,مسلوق
salqa,سَلْقَة,سلقة
sala2la2,سَلَقْلَق,سلقلق
saliq,سَلِق,سلق
2isluq,اِسْلُق,اسلق
2usluq,اُسْلُق,اسلق
2insiliq,اِنْسِلِق,انسلق
yisluq,يِسْلُق,يسلق
yusluq,يُسْلُق,يسلق
yinsiliq,يِنْسِلِق,ينسلق
salaq,سَلَق,سلق
2insalaq,اِنْسَلَق,انسلق
salqata,سَلْقَطَة,سلقطة
2itsalqat,اِتْسَلْقَط,اتسلقط
yitsalqat,يِتْسَلْقَط,يتسلقط
tsalqat,تْسَلْقَط,تسلقط
saalik,سَالِك,سالك
silki,سِلْكِي,سلكي
sallatshe,سَلَّاكِة,سلاكة
tasliike,تَسْلِيكِة,تسليكة
tasliik,تَسْلِيك,تسليك
silik,سِلِك,سلك
maslak,مَسْلَك,مسلك
2aslaak,أَسْلَاك,أسلاك
masaalik,مَسَالِك,مسالك
masaalik bawliyye,مَسَالِك بوليِّة,مسالك بولية
2itsallak,اِتْسَلَّك,اتسلك
yitsallak,يِتْسَلَّك,يتسلك
tsallak,تْسَلَّك,تسلك
2isluk,اِسْلُك,اسلك
2usluk,اُسْلُك,اسلك
sallik,سَلِّك,سلك
yisluk,يِسْلُك,يسلك
yusluk,يُسْلُك,يسلك
ysallik,يسَلِّك,يسلك
salak,سَلَك,سلك
sallak,سَلَّك,سلك
sallaal,سَلَّال,سلال
masluul,مَسْلُول,مسلول
masaaliil,مَسَالِيل,مساليل
salle,سَلِّة,سلة
sill,سِلّ,سل
slaal,سْلَال,سلال
kurat salle,كُرَة سَلِّة,كرة سلة
hajiin waaqi3 bisallit tiin,هجين وَاقع بسلة تين,هجين واقع بسلة تين
2itsallal,اِتْسَلَّل,اتسلل
tasallul,تَسَلُّل,تسلل
sill,سِلّ,سل
yitsallal,يِتْسَلَّل,يتسلل
ysill,يِسِلّ,يسل
tsallal,تْسَلَّل,تسلل
sall,سَلّ,سل
salmaan,سَلْمَان,سلمان
musaalim,مُسَالِم,مسالم
muslim,مُسْلِم,مسلم
saalim,سَالِم,سالم
saliim,سَلِيم,سليم
salaam,سَلَام,سلام
saliime,سَلِيمِة,سليمة
mustaslim,مُسْتَسْلِم,مستسلم
salaame,سَلَامِة,سلامة
tasliime,تَسْلِيمِة,تسليمة
2islaam,إِسْلَام,إسلام
salaam,سَلَام,سلام
salaam,سَلَام,سلام
2istilaam,اِسْتِلَام,استلام
2istislaam,اِسْتِسْلَام,استسلام
sullam,سُلَّم,سلم
tasliim,تَسْلِيم,تسليم
salaalim,سَلَالِم,سلالم
7aamil 2issullam bil3ard,حَامِل السُّلَّم بالعَرْض,حامل السلم بالعرض
tislam,تِسْلَم,تسلم
2islaamo nuss kumm,إِسْلَامه نُص كُم,إسلامه نص كم
salaam bil2iid,سَلَام بَالإِيد,سلام بالإيد
salaamaat,سَلَامَات,سلامات
yaa salaam,يَا سَلَام,يا سلام
3asalaamto,عَسَلَامِتُه,عسلامته
salaamto,سَلَامْتُه,سلامته
2alf salaame 3alee,أَلف سَلَامِة عليه,ألف سلامة عليه
bidnaa salaame ba7tiyye,بدنَا سَلَامِة بحتِيِّة,بدنا سلامة بحتية
reeto saalim,ريتُه سَالِم,ريته سالم
saalim ghaanim,سَالِم غَانِم,سالم غانم
saliim mu3aafa,سَلِيم معَافَى,سليم معافى
2ijat saliime,اِجَت سَلِيمِة,اجت سليمة
salaamit silmak,سَلَامِة سِلْمَك,سلامة سلمك
salaamit fihmak,سَلَامِة فِهْمَك,سلامة فهمك
bissalaame 2in shaalla,بَالسَّلَامِة ان شَاء الله,بالسلامة ان شاء الله
2il3awad bsalaamto,العوض بسلَامته,العوض بسلامته
2istalim,اِسْتَلِم,استلم
2istaslim,اِسْتَسْلِم,استسلم
2islam,اِسْلَم,اسلم
2islim,اِسْلِم,اسلم
mistalim,مِسْتَلِم,مستلم
sallim,سَلِّم,سلم
2itsallam,اِتْسَلَّم,اتسلم
2istilim,اِسْتِلِم,استلم
2it2aslam,اِتْأَسْلَم,اتأسلم
yistaslim,يِسْتَسْلِم,يستسلم
yislam,يِسْلَم,يسلم
yislim,يِسْلِم,يسلم
ysallim,يسَلِّم,يسلم
yitsallam,يِتْسَلَّم,يتسلم
yistilim,يِسْتِلِم,يستلم
yistalim,يِسْتَلِم,يستلم
yit2aslam,يِتْأَسْلَم,يتأسلم
silim,سِلِم,سلم
2aslam,أَسْلَم,أسلم
sallam,سَلَّم,سلم
tsallam,تْسَلَّم,تسلم
2islaami,اِسْلَامِي,اسلامي
2istalam,اِسْتَلَم,استلم
2istaslam,اِسْتَسْلَم,استسلم
t2aslam,تْأَسْلَم,تأسلم
musalli,مُسَلِّي,مسلي
tislaaye,تِسْلَايِة,تسلاية
tasaali,تَسَالِي,تسالي
salli,سَلِّي,سلي
ysalli,يسَلِّي,يسلي
salla,سَلَّى,سلى
2itsalla,اِتْسَلَّى,اتسلى
yitsalla,يِتْسَلَّى,يتسلى
tsalla,تْسَلَّى,تسلى
msalwi3,مْسَلْوِع,مسلوع
msalwa3a,مْسَلْوَعَة,مسلوعة
salwi3,سَلْوِع,سلوع
ysalwi3,يسَلْوِع,يسلوع
salwa3,سَلْوَع,سلوع
simij,سِمِج,سمج
samaaje,سَمَاجِة,سماجة
2itsaamaj,اِتْسَامَج,اتسامج
yitsaamaj,يِتْسَامَج,يتسامج
tsaamaj,تْسَامَج,تسامج
simi7,سِمِح,سمح
saami7,سَامِح,سامح
msaami7,مْسَامِح,مسامح
msaama7,مْسَامَح,مسامح
tasaamu7,تَسَامُح,تسامح
2ilimsaami7 kriim,الِمْسَامِح كَريم,المسامح كريم
2isma7,اِسْمَح,اسمح
saami7,سَامِح,سامح
2itsaama7,اِتْسَامَح,اتسامح
2istasmi7,اِسْتَسْمِح,استسمح
yisma7,يِسْمَح,يسمح
ysaami7,يسَامِح,يسامح
yitsaama7,يِتْسَامَح,يتسامح
yistasmi7,يِسْتَسْمِح,يستسمح
sama7,سَمَح,سمح
saama7,سَامَح,سامح
tsaama7,تْسَامَح,تسامح
2istasma7,اِسْتَسْمَح,استسمح
msammad,مْسَمَّد,مسمد
samaad,سَمَاد,سماد
smiid,سْمِيد,سميد
samiid,سَمِيد,سميد
ka3ik bismiid,كعك بسْمِيد,كعك بسميد
btirmi samiid,بتِرْمِي سَمِيد,بترمي سميد
sammid,سَمِّد,سمد
ysammid,يسَمِّد,يسمد
sammad,سَمَّد,سمد
samra,سَمْرَا,سمرا
2asmar,أَسْمَر,أسمر
2ismar,اِسْمَر,اسمر
mustamirr,مُسْتَمِرّ,مستمر
2asmaraani,أَسْمَرَانِي,أسمراني
sumur,سُمُر,سمر
mitmasmir,مِتْمَسْمِر,متمسمر
mismaar,مِسْمَار,مسمار
musmaar,مُسْمَار,مسمار
samaar,سَمَار,سمار
2istimraar,اِسْتِمْرَار,استمرار
saamir,سَامِر,سامر
masaamiir,مَسَامِير,مسامير
khubiz 2asmar,خبز أَسْمَر,خبز أسمر
naaqis 2il7eet musmaar,نَاقِص الحيط مُسْمَار,ناقص الحيط مسمار
masaamiir 2irrukab,مسَامير الرُّكَب,مسامير الركب
musmaar fil 3untara,مُسْمَار في العنترة,مسمار في العنترة
bard biquss 2ilmusmaar,برد بقص المِسْمَار,برد بقص المسمار
sammir,سَمِّر,سمر
2itmasmar,اِتْمَسْمَر,اتمسمر
2istimirr,اِسْتِمِرّ,استمر
2itsaamar,اِتْسَامَر,اتسامر
2ismarr,اِسْمَرّ,اسمر
ysammir,يسَمِّر,يسمر
yitmasmar,يِتْمَسْمَر,يتمسمر
yismarr,يِسْمَرّ,يسمر
yistimirr,يِسْتِمِرّ,يستمر
yitsaamar,يِتْسَامَر,يتسامر
yistamirr,يِسْتَمِرّ,يستمر
tmasmar,تْمَسْمَر,تمسمر
sammar,سَمَّر,سمر
2ismarr,اِسْمَرّ,اسمر
2istamar,اِسْتَمَرّ,استمر
tsaamar,تْسَامَر,تسامر
samsara,سَمْسَرَة,سمسرة
simsaar,سِمْسَار,سمسار
samaasre,سَمَاسْرِة,سماسرة
simsaariyye,سِمْسَارِيِّة,سمسارية
samsir,سَمْسِر,سمسر
ysamsir,يسَمْسِر,يسمسر
samsar,سَمْسَر,سمسر
msamsam,مْسَمْسَم,مسمسم
simsime,سِمْسِمَة,سمسمة
simsim,سِمْسِم,سمسم
ka3ik 2ibsimsim,كعك بسِمْسِم,كعك بسمسم
saar wijhi mitil 7abbit 2issimsime,صَار وجهي مثل حبة السمسم,صار وجهي مثل حبة السمسم
msammit,مْسَمِّط,مسمط
tasmiit,تَسْمِيط,تسميط
smaat,سْمَاط,سماط
masmat,مَسْمَط,مسمط
2insamat min 2ilbard,اِنْسَمَط من البرد,انسمط من البرد
2ismut,اِسْمُط,اسمط
2usmut,اُسْمُط,اسمط
2insimit,اِنْسِمِط,انسمط
sammit,سَمِّط,سمط
yismut,يِسْمُط,يسمط
yusmut,يُسْمُط,يسمط
yinsimit,يِنْسِمِط,ينسمط
ysammit,يسَمِّط,يسمط
samat,سَمَط,سمط
2insamat,اِنْسَمَط,انسمط
sammat,سَمَّط,سمط
masma3,مَسْمَع,مسمع
masmuu3,مَسْمُوع,مسموع
saami3,سَامِع,سامع
sammaa3a,سَمَّاعَة,سماعة
samaa3,سَمَاع,سماع
sum3a,سُمْعَة,سمعة
sam3a,سَمْعَة,سمعة
smee3a,سْمَيعَة,سميعة
sama3,سَمَع,سمع
suma3,سُمَع,سمع
samma3 3aleena 2iljiiraan,سَمَّع علينَا الحَارة,سمع علينا الحارة
samma3ni 7aki,سَمَّعني حَكِي,سمعني حكي
sama3o 3aqaddo,سَمَعُه عقَدُّه,سمعه عقده
talla3 3alay sum3a,طلَّع علي سُمْعَة,طلع علي سمعة
sum3a mnii7a,سُمْعَة منيحة,سمعة منيحة
sum3a 3aatle,سُمْعَة عَاطلِة,سمعة عاطلة
masmuu3iyyaato mush halqadd,مَسْمُوعِيَّاتُه مش هَالقد,مسموعياته مش هالقد
2isma3,اِسْمَع,اسمع
sammi3,سَمِّع,سمع
yisma3,يِسْمَع,يسمع
ysammi3,يسَمِّع,يسمع
simi3,سِمِع,سمع
samma3,سَمَّع,سمع
2itsamma3,اِتْسَمَّع,اتسمع
yitsamma3,يِتْسَمَّع,يتسمع
tsamma3,تْسَمَّع,تسمع
samaga,سَمَقَة,سمقة
summaaq,سُمَّاق,سماق
mismaqka,مِسْمَقَة,مسمقة
masaamiqk,مَسَامِق,مسامق
samake,سَمَكِة,سمكة
mismake,مِسْمَكِة,مسمكة
masmake,مَسْمَكِة,مسمكة
samak,سَمَك,سمك
masaamik,مَسَامِك,مسامك
zaakirit samake,ذَاكِرَة سَمَكِة,ذاكرة سمكة
samake wudaaykha,سَمَكِة ودَايخَة,سمكة ودايخة
smiik,سْمِيك,سميك
sumk,سُمْك,سمك
sammik,سَمِّك,سمك
ysammik,يسَمِّك,يسمك
sammak,سَمَّك,سمك
samkari,سَمْكَري,سمكري
samkari,سَمْكَرِي,سمكري
samkariyye,سَمْكَريِّة,سمكرية
masmuum,مَسْمُوم,مسموم
simm,سِمّ,سم
ysimm,يسِمّ,يسم
samm,سَمّ,سم
simmaawi,سِمَّاوِي,سماوي
samm,سَمّ,سم
samuum,سَمُوم,سموم
sumuum,سُمُوم,سموم
samm 2ilhaari,سَمّ الهَارِي,سم الهاري
sammim,سَمِّم,سمم
2itsammam,اِتْسَمَّم,اتسمم
ysammim,يسَمِّم,يسمم
yitsammam,يِتْسَمَّم,يتسمم
sammam,سَمَّم,سمم
tsammam,تْسَمَّم,تسمم
samiin,سَمِين,سمين
sumne,سُمْنِة,سمنة
samne,سَمْنِة,سمنة
sammuune,سَمُّونِة,سمونة
mithil 2issamne 3al3asal,مثل السَّمْنِة عَالعسَل,مثل السمنة عالعسل
2isman,اِسْمَن,اسمن
sammin,سَمِّن,سمن
yisman,يِسْمَن,يسمن
ysammin,يسَمِّن,يسمن
simin,سِمِن,سمن
samman,سَمَّن,سمن
samandara,سَمَنْدَرَة,سمندرة
2isim,اِسِم,اسم
2usum,اُسُم,اسم
2asaami,أَسَامِي,أسامي
2isim 3ala musamma,اِسِم على مُسّمَّى,اسم على مسمى
3aashat 2il2asaami,عَاشَت الأسَامِي,عاشت الأسامي
2alla wismalla,الله واِسِم الله,الله واسم الله
sama,سَمَا,سما
7ill 3an samaay,حِلّ عَن سَمَاي,حل عن سماي
walla law tshajjir lassama,وَالله لَو تْشَجِّر للسّمَا,والله لو تشجر للسما
shaabta lassama,شَابْطَة للسَّمَا,شابطة للسما
waasle ma3i lassama,وَاصْلِة مَعِي للسَّمَا,واصلة معي للسما
min 2issama,مِن السَّمَا,من السما
sumuww,سُمُوّ,سمو
sama,سَمَاء,سماء
2ismu,اِسْمُو,اسمو
yismu,يَسْمُو,يسمو
sama,سَمَا,سما
msammi,مْسَمِّي,مسمي
musamma,مُسَمَّى,مسمى
sammi birra7maan,سَمِّي بَالرحمن,سمي بالرحمن
mush msammi,مش مْسَمِّي,مش مسمي
2isim 3ala musamma,اِسِم على مُسَمَّى,اسم على مسمى
sammi,سَمِّي,سمي
ysammi,يسَمِّي,يسمي
samma,سَمَّى,سمى
saanti,سَانْتِي,سانتي
snaaj,سْنَاج,سناج
2insani7,اِنْسَنِح,انسنح
yinsini7,يِنْسَنِح,ينسنح
2insana7,اِنْسَنَح,انسنح
musaanade,مُسَانَدِة,مساندة
sanad,سَنَد,سند
masnad,مَسْنَد,مسند
mustanad,مُسْتَنَد,مستند
masaanid,مَسَانِد,مساند
2itsannad,اِتْسَنَّد,اتسند
yitsannad,يِتْسَنَّد,يتسند
tsannad,تْسَنَّد,تسند
2isnid,اِسْنِد,اسند
2istinid,اِسْتِنِد,استند
sannid,سَنِّد,سند
yisnid,يِسْنِد,يسند
yistinid,يِسْتِنِد,يستند
ysannid,يسَنِّد,يسند
sanad,سَنَد,سند
sannad,سَنَّد,سند
2istanad,اِسْتَنَد,استند
sansafiil,سَنْسَفِيل,سنسفيل
2al3an sansafiil,أَلعن سَنْسَفِيل,ألعن سنسفيل
sinsile,سِنْسِلِة,سنسلة
sinisle,سِنِسْلِة,سنسلة
sinsaal,سِنْسَال,سنسال
sanaasil,سَنَاسِل,سناسل
sanaasiil,سَنَاسِيل,سناسيل
sansil,سَنْسِل,سنسل
ysansil,يسَنْسِل,يسنسل
sansal,سَنْسَل,سنسل
sniif,سْنِيف,سنيف
sanaayif,سَنَايِف,سنايف
sanfuur,سَنْفُور,سنفور
sanaafir,سَنَافِر,سنافر
sanfara,سَنْفَرَة,سنفرة
waraq sanfara,وَرَق سَنْفَرَة,ورق سنفرة
2itsanfar,اِتْسَنْفَر,اتسنفر
yitsanfar,يِتْسَنْفَر,يتسنفر
tsanfar,تْسَنْفَر,تسنفر
sanfir,سَنْفِر,سنفر
ysanfir,يسَنْفِر,يسنفر
sanfar,سَنْفَر,سنفر
sankuu7,سَنْكُوح,سنكوح
sanakii7,سَنَاكِيح,سناكيح
sanka7a,سَنْكَحَة,سنكحة
2itsanka7,اِتْسَنْكَح,اتسنكح
yitsanka7,يِتْسَنْكَح,يتسنكح
tsanka7,تْسَنْكَح,تسنكح
sinima,سِينِمَا,سينما
sanaame,سَنَامِة,سنامة
sanamakke,سَنَمَكِّة,سنمكة
sunni,سُنِّي,سني
sunne,سُنَّة,سنة
masan,مَسَنّ,مسن
sinn,سِنّ,سن
2asnaan,أَسْنَان,أسنان
sunan,سُنَن,سنن
snuun,سْنُون,سنون
snaan,سْنَان,سنان
harrillo snaano,هَرِّلُّه سْنَانُه,هرله سنانه
7alli snuunak,حَلِّي سْنُونَك,حلي سنونك
mqalli3 snaano,مْقَلِّع سْنَانُه,مقلع سنانه
2asnaan labaniyye,أَسْنَان لَبَنِيِّة,أسنان لبنية
7ashwit snaan,حَشْوِة سْنَان,حشوة سنان
rassit snaan,رَصِّة سْنَان,رصة سنان
sinn,سِنّ,سن
sannin,سَنِّن,سنن
ysinn,يسِنّ,يسن
ysannin,يسَنِّن,يسنن
sann,سَنّ,سن
sannan,سَنَّن,سنن
msaniwre,مْسَنْوَرَة,مسنورة
mistanni,مِسْتَنِّي,مستني
misni,مِسْنِي,مسني
sane,سَنِة,سنة
sniin,سْنِين,سنين
sane kabiise,سَنِة كبيسِة,سنة كبيسة
saarli sane ba7kiilak,صَارلي سَنِة بحكيلك,صارلي سنة بحكيلك
sane 3an sane,سَنِة عن سَنِة,سنة عن سنة
sane wara sane,سَنِة ورَا سَنِة,سنة ورا سنة
sanit 2ittanake,سَنِة التنكة,سنة التنكة
sanit siid siidi,سَنِة سيد سيدي,سنة سيد سيدي
dayya3it sniin 3umri,ضيَّعت سنين عُمْري,ضيعت سنين عمري
2istanna,اِسْتَنَّى,استنى
yistanna,يِسْتَنَّى,يستنى
2istanna,اِسْتَنَّى,استنى
2issane wara 2ilbaab,السَّنة ورَا البَاب,السنة ورا الباب
2isni,اِسْنِي,اسني
yisni,يِسْنِي,يسني
sana,سَنَى,سنى
sahraan,سَهْرَان,سهران
sahra,سَهْرَة,سهرة
sahhiir,سَهِّير,سهير
sahar,سَهَر,سهر
2ishar,اِسْهَر,اسهر
sahhir,سَهِّر,سهر
yishar,يِسْهَر,يسهر
ysahhir,يسَهِّر,يسهر
sihir,سِهِر,سهر
sahhar,سَهَّر,سهر
mistaahil,مِسْتَاهِل,مستاهل
sahil,سَهِل,سهل
mashuul,مَسْهُول,مسهول
mistashil,مِسْتَسْهِل,مستسهل
msahhil,مْسَهِّل,مسهل
musahhil,مُسَهِّل,مسهل
tashiil,تَسْهِيل,تسهيل
sahil,سَهِل,سهل
2ishaal,اِسْهَال,اسهال
shuul,سْهُول,سهول
ween yaa msahhil,وين يَا مْسَهِّل,وين يا مسهل
sahhil,سَهِّل,سهل
2istashil,اِسْتَسْهِل,استسهل
tsahhal,تْسَهَّل,تسهل
2itsaahal,اِتْسَاهَل,اتساهل
2insahil,اِنْسَهِل,انسهل
2inishil,اِنِسْهِل,انسهل
ysahhil,يْسَهِّل,يسهل
yistashil,يِسْتَسْهِل,يستسهل
yitsahhal,يِتْسَهَّل,يتسهل
2istaahal,اِسْتَاهَل,استاهل
yinsahil,يِنْسَهِل,ينسهل
yinishil,يِنِسْهِل,ينسهل
yitsaahal,يِتْسَاهَل,يتساهل
2istashal,اِسْتَسْهَل,استسهل
2insahal,اِنْسَهَل,انسهل
yistaahal,يِسْتَاهَل,يستاهل
2istaahal,اِسْتَاهَل,استاهل
tsaahal,تْسَاهَل,تساهل
tsahhal,تْسَهَّل,تسهل
sahhal,سَهَّل,سهل
musaahame,مُسَاهَمِة,مساهمة
sahim,سَهِم,سهم
sahim,سَهِم,سهم
shaam,سْهَام,سهام
2ashum,أَسْهُم,أسهم
saahim,سَاهِم,ساهم
ysaahim,يسَاهِم,يساهم
saaham,سَاهَم,ساهم
msahmad,مْسَهْمَد,مسهمد
msahmad,مْسَهْمِد,مسهمد
sahmid,سَهْمِد,سهمد
ysahmid,يسَهْمِد,يسهمد
sahmad,سَهْمَد,سهمد
saahi,سَاهِي,ساهي
sweehi,سْوَيهِي,سويهي
yaama ta7t 2issawaahi dawaahi,يَا مَا تحت السوَاهي دوَاهي,يا ما تحت السواهي دواهي
2isha,اِسْهَى,اسهى
sahhi,سَهِّي,سهي
ysahhi,يسَهِّي,يسهي
yisha,يِسْهَى,يسهى
sahha,سَهَّى,سهى
sihi,سِهِي,سهي
sayyi2,سَيِّئ,سيئ
sayyi2a,سَيِّئَة,سيئة
suu2,سُوء,سوء
sayyi2aat,سَيِّئَات,سيئات
masaawi2,مَسَاوِئ,مساوئ
2aswa2,أَسْوَأ,أسوأ
2asdiqaa2 2issuu2,أَصْدِقَاء السُّوء,أصدقاء السوء
sii2,سِيئ,سيئ
ysii2,يسِيئ,يسيئ
2asaa2,أَسَاء,أساء
suu2,سُوء,سوء
ysuu2,يسُوء,يسوء
saa2,سَاء,ساء
saa7a,سَاحَة,ساحة
siyaade,سِيَادِة,سيادة
sooda,سَودَا,سودا
2aswad,أَسْوَد,أسود
miswadd,مِسْوَدّ,مسود
suud,سُود,سود
siwweed,سِوَّيد,سويد
miswadde,مِسْوَدِّة,مسودة
sweedi,سْوَيدِي,سويدي
bisawwid 2ilwijih,بيسَوِّد الوِجِه,بيسود الوجه
fadii7it 2il3anze 2issooda,فضيحة العنزة السودَا,فضيحة العنزة السودا
ghudde sooda,غدة سودَا,غدة سودا
sawwid,سَوِّد,سود
2iswadd,اِسْوَدّ,اسود
yiswadd,يِسْوَدّ,يسود
ysawwid,يسَوِّد,يسود
2iswadd,اِسْوَدّ,اسود
sawwad,سَوَّد,سود
2iswaara,اِسوَارَة,اسوارة
suura,سُورَة,سورة
suur,سُور,سور
sawaari,سَوَارِي,سواري
2aswaar,أَسْوَار,أسوار
2asaawir,أَسَاوِر,أساور
suwar,سُوَر,سور
ka3ik 2asaawir,كعك أسَاوِر,كعك أساور
sawwir,سَوِّر,سور
ysawwir,يسَوِّر,يسور
sawwar,سَوَّر,سور
msooriq,مْسَورِق,مسورق
sooriq,سَورِق,سورق
ysooriq,يسَورِق,يسورق
sooraq,سَورَق,سورق
msawwis,مْسَوِّس,مسوس
suuse,سُوسِة,سوسة
suus,سُوس,سوس
suusit 2ilbala,سُوسِة البَلَا,سوسة البلا
2itsawwas,اِتْسَوَّس,اتسوس
yitsawwas,يِتْسَوَّس,يتسوس
tsawwas,تْسَوَّس,تسوس
sawwis,سَوِّس,سوس
ysawwis,يسَوِّس,يسوس
sawwas,سَوَّس,سوس
miswaata,مِسْوَاطَة,مسواطة
soot,سَوط,سوط
swaat,سْوَاط,سواط
masaawiit,مَسَاوِيط,مساويط
swee3aati,سْوَيعَاتِي,سويعاتي
saa3a,سَاعَة,ساعة
see3a,سِاعَة,ساعة
saa3it shaytaan,سَاعَة شيطَان,ساعة شيطان
yoom 2issaa3a,يوم السَّاعَة,يوم الساعة
saa3iitha,سَاعِيتهَا,ساعيتها
2ijat saa3to,إِجت سَاعته,إجت ساعته
2ibin saa3to,اِبن سَاعْتُه,ابن ساعته
mustasaagh,مُسْتَسَاغ,مستساغ
musawwigh,مُسَوِّغ,مسوغ
sawwigh,سَوِّغ,سوغ
2istasiigh,اِسْتَسِيغ,استسيغ
ysawwigh,يسَوِّغ,يسوغ
yistasiigh,يِسْتَسِيغ,يستسيغ
sawwagh,سَوَّغ,سوغ
2istasaagh,اِسْتَسَاغ,استساغ
masaafe,مَسَافِة,مسافة
taswiif,تَسْوِيف,تسويف
sawwif,سَوِّف,سوف
ysawwif,يسَوِّف,يسوف
sawwaf,سَوَّف,سوف
suuqi,سُوقِي,سوقي
saayiq,سَايِق,سايق
swaaqa,سْوَاقَة,سواقة
suuq,سُوق,سوق
tasuwwuq,تَسَوُّق,تسوق
taswiiq,تَسْوِيق,تسويق
sawwaaq,سَوَّاق,سواق
2aswaaq,أَسْوَاق,أسواق
saayiq 2alla 3aleek,سَايِق الله عليك,سايق الله عليك
2itsawwaq,اِتْسَوَّق,اتسوق
sawwiq,سَوِّق,سوق
suuq,سُوق,سوق
yitsawwaq,يِتْسَوَّق,يتسوق
ysawwiq,يسَوِّق,يسوق
ysuuq,يسُوق,يسوق
tsawwaq,تْسَوَّق,تسوق
sawwaq,سَوَّق,سوق
saaq,سَاق,ساق
miswaak,مِسْوَاك,مسواك
masaawiik,مَسَاوِيك,مساويك
tasawwul,تَسَوُّل,تسول
mutasawwil,مُتَسَوِّل,متسول
2itsawwal,اِتْسوَّل,اتسول
yitsawwal,يتْسوَّل,يتسول
tsawwal,تْسوَّل,تسول
musaawame,مُسَاوَمِة,مساومة
saawim,سَاوِم,ساوم
ysaawim,يسَاوِم,يساوم
saawam,سَاوَم,ساوم
sawa,سَوَا,سوا
kulnaa bilhawa sawa,كلنَا بَالهوَا سوَا,كلنا بالهوا سوا
mustawa,مُسْتَوَى,مستوى
msawwi,مْسَوِّي,مسوي
musaawi,مُسَاوِي,مساوي
mistawi,مِسْتَوِي,مستوي
musaawaa,مُسَاوَاة,مساواة
taswiye,تَسْوِيِة,تسوية
taswiye,تَسْوِيِة,تسوية
swaa,سْوَاة,سواة
mabruuk 3ala siwaak,مبروك على سِوَاك,مبروك على سواك
byiswa,بيِسوَى,بيسوى
maa byiswa,مَا بيِسوَى,ما بيسوى
sawwi,سَوِّى,سوى
saawi,سَاوِي,ساوي
2istawi,اِسْتِوِي,استوي
ysawwi,يسَوِّى,يسوى
ysaawi,يسَاوِي,يساوي
yistawi,يِسْتِوِي,يستوي
2iswa,اِسْوَى,اسوى
yiswa,يِسْوَى,يسوى
sawwa,سَوَّى,سوى
saawa,سَاوَى,ساوى
2istawa,اِسْتَوى,استوى
siwi,سِوِي,سوي
saayib,سَايِب,سايب
saayib,سَاِيب,سايب
siibe,سِيبِة,سيبة
tasayyub,تَسَيُّب,تسيب
sayabaan,سَيَبَان,سيبان
siyab,سِيَب,سيب
siibni b7aali,سِيبني بحَالي,سيبني بحالي
2ilmaal 2issaayib bi3allim 2issirqa,المَال السَّايِب بعلِّم السِّرْقَة,المال السايب بعلم السرقة
saaybe 2ishshaghle,سَايْبة الشّغلِة,سايبة الشغلة
2itsayyab,اِتْسَيَّب,اتسيب
siib,سِيب,سيب
ysiib,يسِيب,يسيب
yitsayyab,يِتْسَيَّب,يتسيب
saab,سَاب,ساب
tsayyab,تْسَيَّب,تسيب
msaybin,مْسَيْبِن,مسيبن
siibaan,سِيبَان,سيبان
saybin,سَيْبِن,سيبن
ysaybin,يْسَيْبِن,يسيبن
sayban,سَيْبَن,سيبن
msayyaj,مْسَيَّج,مسيج
syaaj,سْيَاج,سياج
2asyije,أَسْيِجِة,أسيجة
2itsayyaj,اِتْسَيَّج,اتسيج
yitsayyaj,يِتْسَيَّج,يتسيج
tsayyaj,تْسَيَّج,تسيج
sayyij,سَيِّج,سيج
ysayyij,يْسَيِّج,يسيج
sayyaj,سَيَّج,سيج
siyaa7a,سِيَاحَة,سياحة
saayi7,سَايِح,سايح
saya7aan,سَيَحَان,سيحان
sayyaa7 nayyaa7,سيَّاح نيَّاح,سياح نياح
sayyaa7,سَيَّاح,سياح
sayyaa7a nayyaa7a,سيَّاحة نيَّاحة,سياحة نياحة
tsayya7 dammo,تْسَيَّح دَمُّه,تسيح دمه
2itsayya7,اِتْسَيَّح,اتسيح
yitsayya7,يِتْسَيَّح,يتسيح
tsayya7,تْسَيَّح,تسيح
sayyi7,سَيِّح,سيح
suu7,سُوح,سوح
sii7,سِيح,سيح
ysayyi7,يسَيِّح,يسيح
ysii7,يسِيح,يسيح
ysuu7,يسُوح,يسوح
saa7,سَاح,ساح
saa7,سَاح,ساح
sayya7,سَيَّح,سيح
siikh,سِيخ,سيخ
syaakh,أَسْيَاخ,أسياخ
sayyid,سَيِّد,سيد
siid,سِيد,سيد
syaad,سْيَاد,سياد
2asyaad,أَسْيَاد,أسياد
siidi,سِيدي,سيدي
min sanit siid siidi,من سنة سيد سيدي,من سنة سيد سيدي
siidaa,سِيدَا,سيدا
masiira,مَسِيرَة,مسيرة
msaayara,مْسَايَرَة,مسايرة
siire,سِيرِة,سيرة
sayyaara,سَيَّارَة,سيارة
siyyaara,سِيَّارَة,سيارة
seer,سَير,سير
siyar,سِيَر,سير
masaar,مَسَار,مسار
seer,سَير,سير
siir,سِير,سير
sayyir,سَيِّر,سير
2itsayyar,اِتْسَيَّر,اتسير
saayir,سَايِر,ساير
yitsayyar,يِتْسَيَّر,يتسير
ysiir,يسِير,يسير
ysayyir,يسَيِّر,يسير
ysaayir,يْسَايِر,يساير
tsayyar,تْسَيَّر,تسير
saar,سَار,سار
sayyar,سَيَّر,سير
saayar,سَايَر,ساير
siyaasi,سِيَاسِي,سياسي
msaayase,مْسَايَسِة,مسايسة
siyaase,سِيَاسِة,سياسة
siyaasi,سِيَاسِي,سياسي
saayis,سَايِس,سايس
ysaayis,يْسَايِس,يسايس
saayis,سَايَس,سايس
seesa3aseesa3a,سَيسَعَة,سيسعة
msayyit,مْسَيِّط,مسيط
siit,سِيط,سيط
sayyit,سَيِّط,سيط
ysayyit,يسَيِّط,يسيط
sayyat,سَيَّط,سيط
msaytir,مْسَيْطِر,مسيطر
saytara,سَيْطَرَة,سيطرة
2itsaytar,اِتْسَيْطَر,اتسيطر
yitsaytar,يِتْسَيْطَر,يتسيطر
tsaytar,تْسَيْطَر,تسيطر
saytir,سَيْطِر,سيطر
ysaytir,يْسَيْطِر,يسيطر
saytar,سَيْطَر,سيطر
seef,سَيف,سيف
syuuf,سْيُوف,سيوف
raaso wu2alf seef,رَاسُه وأَلْف سَيف,راسه وألف سيف
saayqa,سَايْقَة,سايقة
musiil,مُسِيل,مسيل
seel,سَيل,سيل
sayalaan,سَيَلَان,سيلان
syuul,سيُول,سيول
siil,سِيل,سيل
sayyil,سَيِّل,سيل
ysiil,يسِيل,يسيل
ysayyil,يسَيِّل,يسيل
saal,سَال,سال
sayyal,سَيَّل,سيل
mish,ش,ش
mitshaa2im,مِتْشَائِم,متشائم
tashaa2um,تَشَائُم,تشائم
shu2um,شُؤُم,شؤم
mash2uum,مَشْؤُوم,مشؤوم
2itshaa2am,اِتْشَائَم,اتشائم
yitshaa2am,يِتْشَائَم,يتشائم
tshaa2am,تْشَائَم,تشائم
sha2n,شَأْن,شأن
shaan,شَان,شان
shu2uun,شُؤُون,شؤون
3ashaano,عشَانُه,عشانه
3ashinno,عَشِنُّه,عشنه
3ashaan,عَشَان,عشان
mishaan,مِشَان,مشان
3ashaan khaatrak,عَشَان خَاطْرَك,عشان خاطرك
3alashaan,عَلَشَان,علشان
shaash,شَاش,شاش
shaaf,شَاف,شاف
shaale,شَالِة,شالة
shaal,شَال,شال
shalaayil,شَلَايِل,شلايل
shaami,شَامِي,شامي
shawaam,شَوَام,شوام
shaam,شَام,شام
shaame,شَامِة,شامة
shaay,شَاي,شاي
shabbe,شَبِّة,شبة
shabbabbe,شَبَّابِة,شبابة
shaabb,شَابّ,شاب
shabaab,شَبَاب,شباب
shabaab,شَبَاب,شباب
shabb,شَبّ,شب
yjaddid shabaabo,يجدِّد شَبَابُه,يجدد شبابه
shbuubiyye,شْبُوبِيِّة,شبوبية
shabb 2iqsha3iini yaa mara,شَابّ اقشعيني يَا مرة,شاب اقشعيني يا مرة
2itshabbab,اِتْشَبَّب,اتشبب
yitshabbab,يِتْشَبَّب,يتشبب
tshabbab,تْشَبَّب,تشبب
shabbib,شَبِّب,شبب
yshabbib,يشَبِّب,يشبب
shabbab,شَبَّب,شبب
shabaabi,شَبَابِي,شبابي
mshabbi7,مْشَبِّح,مشبح
shaba7,شَبَح,شبح
shubbaa7,شُبَّاح,شباح
2ashbaa7,أَشْبَاح,أشباح
shababii7,شَبَابِيح,شبابيح
2inshibi7,اِنْشِبِح,انشبح
yinshibi7,يِنْشِبِح,ينشبح
2inshaba7,اِنْشَبَح,انشبح
2ishbi7,اِشْبَح,اشبح
shabbi7,شَبِّح,شبح
yishbi7,يِشْبَح,يشبح
yshabbi7,يشَبِّح,يشبح
shaba7,شَبَح,شبح
shabba7,شَبَّح,شبح
shabara,شَبَرَة,شبرة
shibriyye,شِبْرِيِّة,شبرية
shibir,شِبِر,شبر
shibir,شِبِر,شبر
shbuur,شْبُور,شبور
shbuura,شْبُورَة,شبورة
2ashbaar,أَشْبَار,أشبار
shabaari,شَبَارِي,شباري
shibir wunuss,شِبِر ونص,شبر ونص
bitqiis mruwwitha bishshibir,بتقيس مروتهَا بَالشبر,بتقيس مروتها بالشبر
shabbir,شَبِّر,شبر
yshabbir,يشَبِّر,يشبر
shabbar,شَبَّر,شبر
shabra7a,شَبْرَحَة,شبرحة
shabri7,شَبْرِح,شبرح
yshabri7,يِشَبْرِح,يشبرح
shabra7,شَبْرَح,شبرح
shabrakha,شَبْرَخَة,شبرخة
mshabrikh,مْشَبْرِخ,مشبرخ
shabrikh,شَبْرِخ,شبرخ
yshabrikh,يشَبْرِخ,يشبرخ
shabrakh,شَبْرَخ,شبرخ
mshabraq2,مْشَبْرَق,مشبرق
shabraq2a,شَبْرَقَة,شبرقة
shabraq2,شَبْرَق,شبرق
2itshabraq2,اِتْشَبْرَق,اتشبرق
yitshabraq2,يِتْشَبْرَق,يتشبرق
tshabraq2,تْشَبْرَق,تشبرق
shabriq2,شَبْرِق,شبرق
yshabriq2,يشَبْرِق,يشبرق
shabraq2,شَبْرَق,شبرق
mshabshib,مْشَبْشِب,مشبشب
shibshib,شِبْشِب,شبشب
shabaashib,شَبَاشِب,شباشب
2itshabshab,اِتْشَبْشَب,اتشبشب
yitshabshab,يِتْشَبْشَب,يتشبشب
tshabshab,تْشَبْشَب,تشبشب
shabbaasa,شَبَّاصَة,شباصة
shubasi,شُبَصي,شبصي
2itshabbas,اِتْشَبَّص,اتشبص
yitshabbas,يِتْشَبَّص,يتشبص
tshabbas,تْشَبَّص,تشبص
shabbis,شَبِّص,شبص
yshabbis,يشَبِّص,يشبص
shabbas,شَبَّص,شبص
shaabit,شَابِط,شابط
shaabit lassama,شَابِط للسمَا,شابط للسما
2ishbut,اِشْبُط,اشبط
2ushbut,اُشْبُط,اشبط
yishbut,يِشْبُط,يشبط
yushbut,يُشْبُط,يشبط
shabat,شَبَط,شبط
shaabit,شَابِط,شابط
yshaabit,يشَابِط,يشابط
shaabat,شَابَط,شابط
shab3aan,شَبْعَان,شبعان
mitshabbi3,مِتْشَبِّع,متشبع
2alla laa yishbi3ak,الله لَا يِشْبِعَك,الله لا يشبعك
shibi3 moot,شبع موت,شبع موت
2ishba3,اِشْبَع,اشبع
shabbi3,شَبِّع,شبع
2itshabba3,اِتْشَبَّع,اتشبع
yishba3,يِشْبَع,يشبع
yshabbi3,يشَبِّع,يشبع
yitshabba3,يِتْشَبَّع,يتشبع
shibi3,شِبِع,شبع
shabba3,شَبَّع,شبع
tshabba3,تْشَبَّع,تشبع
shabke,شَبْكِة,شبكة
mashbak,مَشْبَك,مشبك
shubbaak,شُبَّاك,شباك
2ishtibaak,اِشْتِبَاك,اشتباك
mashaabik,مَشَابِك,مشابك
shabaabiik,شَبَابِيك,شبابيك
shabak 2il3arab 3arabeen,شَبَك العَرَب عَرَبَين,شبك العرب عربين
2itshabbak,اِتْشَبَّك,اتشبك
yitshabbak,يِتْشَبَّك,يتشبك
tshabbak,تْشَبَّك,تشبك
2inshibik,اِنْشِبِك,انشبك
yinshibik,يِنْشِبِك,ينشبك
2inshabak,اِنْشَبَك,انشبك
2ishabik,اِشْبِك,اشبك
shabbik,شَبِّك,شبك
2ishtibik,اِشْتِبِك,اشتبك
yishbik,يِشْبِك,يشبك
yshabbik,يشَبِّك,يشبك
yishtibik,يِشْتِبِك,يشتبك
tashbiik,تَشْبِيك,تشبيك
shabak,شَبَك,شبك
shabbak,شَبَّك,شبك
2ishtabak,اِشْتَبَك,اشتبك
shoobak,شَوبَك,شوبك
shawaabik,شَوَابِك,شوابك
shbilke,شْبِلْكِة,شبلكة
shibil,شِبِل,شبل
2ashbaal,أَشْبَال,أشبال
haada 2ishshibil min zaak 2il2asad,هذَا الشِّبِل من ذَاك الأسد,هذا الشبل من ذاك الأسد
mashbuuh,مَشْبُوه,مشبوه
shubha,شُبْهَه,شبهه
shabah,شَبَه,شبه
shabiih,شَبِيه,شبيه
shabaayih,شَبَايِه,شبايه
2ashbaah,أَشْبَاه,أشباه
shabbih,شَبِّه,شبه
2ishbih,اِشْبِه,اشبه
2ishbih,اِشْبِه,اشبه
yishbih,يِشْبِه,يشبه
yshabbih,يشَبِّه,يشبه
yishbih,يِشْبِه,يشبه
2ashbah,أَشْبَه,أشبه
shabbah,شَبَّه,شبه
shabah,شَبَه,شبه
mshattat,مْشَتَّت,مشتت
mitshattit,مِتْشَتِّت,متشتت
shataat,شَتَات,شتات
tashtiit,تَشْتِيت,تشتيت
shattit,شَتِّت,شتت
2itshattat,اِتْشَتَّت,اتشتت
yshattit,يشَتِّت,يشتت
yitshattat,يِتْشَتَّت,يتشتت
shattat,شَتَّت,شتت
tshattat,تْشَتَّت,تشتت
shatle,شَتْلِة,شتلة
shtiile,شْتِيلِة,شتيلة
mashtiil,مَشْتِيل,مشتيل
mashtal,مَشْتَل,مشتل
mashaatil,مَشَاتِل,مشاتل
shatil,شَتِل,شتل
shattil,شَتِّل,شتل
yshattil,يشَتِّل,يشتل
shattal,شَتَّل,شتل
2ishtil,اِشْتِل,اشتل
yishtil,يِشْتِل,يشتل
shatal,شَتَل,شتل
shataayil,شَتَايِل,شتايل
2ishtil,اِشْتِل,اشتل
yishtil,يِشْتِل,يشتل
shatal,شَتَل,شتل
2ishtim,اِشْتِم,اشتم
yishtim,يِشْتِم,يشتم
shatam,شَتَم,شتم
shataayim,شَتَايِم,شتايم
shatiime,شَتِيمِة,شتيمة
mshatti,مْشَتِّي,مشتي
shitwiyye,شِتْوِيِّة,شتوية
shatawiyye,شَتَويِّة,شتوية
shita,شِتَاء,شتاء
shita,شِتَا,شتا
sallam 2isseef 3ashshita,سلَّم الصِّيف عَالشِّتَا,سلم الصيف عالشتا
shatti,شَتِّي,شتي
yshatti,يشَتِّي,يشتي
shatta,شَتَّى,شتى
shajarasajara,شَجَرَة,شجرة
shujjeera,شُجَّيرَة,شجيرة
shajar,شَجَر,شجر
2ashjaar2asjaar,أَشْجَار,أشجار
shajarit 2il3eele,شَجَرِة العيلة,شجرة العيلة
law tshajjir lassama,لو تشجر للسمَا,لو تشجر للسما
law titla3 braaso shajara,لو تطلع برَاسه شجرة,لو تطلع براسه شجرة
maa shajra 2illa 2inhazzat,مَا شَجَرَة الَّا انهزَّت,ما شجرة الا انهزت
maqtuu3 min shajara,مقطوع من شَجَرَة,مقطوع من شجرة
min 2ishshajar lil7ajar,من الشَّجر للحجر,من الشجر للحجر
shajjir,شَجِّر,شجر
yshajjir,يِشَجِّر,يشجر
shajjar,شَجَّر,شجر
shujaa3,شُجَاع,شجاع
shuj3aan,شُجْعَان,شجعان
shajaa3a,شَجَاعَة,شجاعة
shajji3,شَجِّع,شجع
2itshajja3,اِتْشَجَّع,اتشجع
tashjii3,تَشْجِيع,تشجيع
yshajji3,يشَجِّع,يشجع
yitshajja3,يِتْشَجَّع,يتشجع
shajja3,شَجَّع,شجع
tshajja3,تْشَجَّع,تشجع
shu7baar,شُحْبَار,شحبار
sha7bir,شَحْبِر,شحبر
2itsha7bar,اِتْشَحْبَر,اتشحبر
ysha7bir,يشَحْبِر,يشحبر
yitsha7bar,يِتْشَحْبَر,يتشحبر
sha7bar,شَحْبَر,شحبر
tsha7bar,تْشَحْبَر,تشحبر
mitsha7tif,مِتْشَحْتِف,متشحتف
sha7tafe,شَحْتَفِة,شحتفة
sha7tif,شَحْتِف,شحتف
2itsha7taf,اِتْشَحْتَف,اتشحتف
ysha7tif,يشَحْتِف,يشحتف
yitsha7taf,يِتْشَحْتَف,يتشحتف
sha7taf,شَحْتَف,شحتف
tsha7taf,تْشَحْتَف,تشحتف
sha7ii7,شَحِيح,شحيح
shu77,شُحّ,شح
sha77aad,شَحَّاذ,شحاذ
shaa7id,شَاحِذ,شاحذ
shi7de,شِحْذِة,شحذة
sha77aad,شَحَّاذ,شحاذ
sha7aa7iid,شَحَاحِيذ,شحاحيذ
sha77aad wimsharrit,شَحَّاذ ومْشَرِّط,شحاذ ومشرط
qaati3 2iido wushaa7id 3aleeha,قَاطِع إِيدُه وشَاحِذ عَلَيهَا,قاطع إيده وشاحذ عليها
2ish7ad,اِشْحَذ,اشحذ
2itsha7wad,اِتْشَحْوَذ,اتشحوذ
yish7ad,يِشْحَذ,يشحذ
yitsha7wad,يِتْشَحْوَذ,يتشحوذ
shi7id,شِحِذ,شحذ
tsha7wad,تْشَحْوَذ,تشحوذ
msha77ar,مْشَحَّر,مشحر
msha7war,مْشَحْوَر,مشحور
sh7aar,شْحَار,شحار
sha77aar,شَحَّار,شحار
yitsha77ar,اِتْشَحَّر,اتشحر
2itsha77ar,يِتْشَحَّر,يتشحر
tsha77ar,تْشَحَّر,تشحر
sha77ir,شَحِّر,شحر
ysha77ir,يشَحِّر,يشحر
sha77ar,شَحَّر,شحر
sha7t,شَحْط,شحط
sha7it,شَحِط,شحط
msha77it,مْشَحِّط,مشحط
msha77at,مْشَحَّط,مشحط
sh7uut,شْحَوط,شحوط
shu7weeta,شُحْوَيطَة,شحويطة
sha77aata,شَحَّاطَة,شحاطة
shu77aata,شُّحَّاطَة,شحاطة
shaa7uut,شَاحُوط,شاحوط
shawaa7iit,شَوَاحِيط,شواحيط
batinha bisha7witha,بطنهَا بيشحوطهَا,بطنها بيشحوطها
2inshi7it,اِنْشِحِط,انشحط
yinshi7it,يِنْشِحِط,ينشحط
2insha7at,اِنْشَحَط,انشحط
2ish7at,اِشْحَط,اشحط
sha77it,شَحِّط,شحط
sha7wit,شَحْوِط,شحوط
yish7at,يِشْحَط,يشحط
ysha77it,يشَحِّط,يشحط
ysha7wit,يشَحْوِط,يشحوط
sha7at,شَحَط,شحط
sha77at,شَحَّط,شحط
sha7wat,شَحْوَط,شحوط
mitsha7tit,مِتْشَحْطِط,متشحطط
sha7tata,شَحْطَطَة,شحططة
sha7tit,شَحْطِط,شحطط
2itsha7tat,اِتْشَحْطَط,اتشحطط
ysha7tit,يشَحْطِط,يشحطط
yitsha7tat,يِتْشَحْطَط,يتشحطط
sha7tat,شَحْطَط,شحطط
tsha7tat,تْشَحْطَط,تشحطط
sha7af,شَحَف,شحف
sh7uuf,شْحُوف,شحوف
sha7me,شَحْمِة,شحمة
sha7im,شَحِم,شحم
shu7uum,شُحُوم,شحوم
sha7mit 2iddaan,شَحْمِة الذَّان,شحمة الذان
shaa7in,شَاحِن,شاحن
mash7uun,مَشْحُون,مشحون
shaa7in,شَاحِن,شاحن
shawaa7in,شَوَاحِن,شواحن
2inshi7in,اِنْشِحِن,انشحن
yinshi7in,يِنْشِحِن,ينشحن
2insha7an,اِنْشَحَن,انشحن
2ish7an,اِشْحَن,اشحن
yish7an,يِشْحَن,يشحن
sha7an,شَحَن,شحن
msha7nik,مْشَحْنِك,مشحنك
sha7nik,شَحْنِك,شحنك
ysha7nik,يشَحْنِك,يشحنك
sha7nak,شَحْنَك,شحنك
2ishkhab,اِشْخَب,اشخب
shakhkhib,شَخِّب,شخب
yishkhab,يِشْخَب,يشخب
yshakhkhib,يشَخِّب,يشخب
shakhab,شَخَب,شخب
shakhkhab,شَخَّب,شخب
shakhbata,شَخْبَطَة,شخبطة
shakhbuuta,شَخْبُوطَة,شخبوطة
shakhaabiit,شَخَابِيط,شخابيط
shakhbit,شَخْبِط,شخبط
yshakhbit,يشَخْبِط,يشخبط
shakhbat,شَخْبَط,شخبط
2ishkhat,اِشْخَت,اشخت
yishkhat,يِشْخَت,يشخت
shakhat,شَخَت,شخت
shakhtuura,شَخْتُورَة,شختورة
shakhaatiir,شَخَاتِير,شخاتير
shakhkha,شَخَّة,شخة
shakhaayikh,شَخَايِخ,شخايخ
ruu7 shukhkh wunaam,رُوح شُخّ ونَام,روح شخ ونام
2abu shakhkha,أَبو شَخَّة,أبو شخة
shukhkh,شُخّ,شخ
yshukhkh,يشُخّ,يشخ
shakhkh,شَخّ,شخ
shakhkhikh,شَخِّخ,شخخ
yshakhkhikh,يشَخِّخ,يشخخ
shakhkhakh,شَخَّخ,شخخ
shakhar,شَخَر,شخر
yishkhar,يِشْخَر,يشخر
2ishkhar,اِشْخَر,اشخر
shakhkhar,شَخّر,شخر
yshakhkhir,يشَخِّر,يشخر
shakhkhir,شَخِّر,شخر
shakhwar,شَخْوَر,شخور
yshakhwir,يشَخْوِر,يشخور
shakhwir,شَخْوِر,شخور
shkhaar,شْخَار,شخار
shakhwara,شَخْوَرَة,شخورة
tashkhiir,تَشْخِير,تشخير
shakhra,شَخْرَة,شخرة
shakhshuukh,شَخْشُوخ,شخشوخ
shakhshikh,شَخْشِخ,شخشخ
yshakhshikh,يشَخْشِخ,يشخشخ
shakhshakh,شَخْشَخ,شخشخ
mshakhkhas,مْشَخَّص,مشخص
mshakhkhis,مْشَخِّص,مشخص
shakhsi,شَخْصِي,شخصي
shakhsiyye,شَخْصِيِّة,شخصية
yshakhsane,شَخْصَنِة,شخصنة
tashkhiis,تَشْخِيص,تشخيص
shakhs,شَخْص,شخص
shaakhis,شَاخِص,شاخص
2ashkhaas,أَشْخَاص,أشخاص
shukhuus,شُخُوص,شخوص
2itshakhkhas,اِتْشَخَّص,اتشخص
yitshakhkhas,يِتْشَخَّص,يتشخص
tshakhkhas,تْشَخَّص,تشخص
shakhkhis,شَخِّص,شخص
shakhsin,شَخْصِن,شخصن
yshakhkhis,يشَخِّص,يشخص
yshakhsin,يشَخْصِن,يشخصن
shakhkhas,شَخَّص,شخص
shakhsan,شَخْصَن,شخصن
2itshakhkhat,اِتْشَخَّط,اتشخط
yitshakhkhat,يِتْشَخَّط,يتشخط
tshakhkhat,تْشَخَّط,تشخط
2inshikhit,اِنْشِخِط,انشخط
yinshikhit,يِنْشِخِط,ينشخط
2inshakhat,اِنْشَخَط,انشخط
shakhat,شَخَط,شخط
yishkhat,يِشْخَط,يشخط
2ishkhat,اِشْخَط,اشخط
shakhkhat,شَخَّط,شخط
yshakhkhit,يشَخِّط,يشخط
shakhkhit,شَخِّط,شخط
shakhta,شَخْطَة,شخطة
mishkhaale,مِشْخَالِة,مشخالة
mishkhaal,مِشْخَال,مشخال
mashaakhiil,مَشَاخِيل,مشاخيل
2inshikhil,اِنْشِخِل,انشخل
yinshikhil,يِنْشِخِل,ينشخل
2inshakhal,اِنْشَخَل,انشخل
2ushkhul,اُشْخُل,اشخل
2ishkhul,اِشْخُل,اشخل
yushkhul,يُشْخُل,يشخل
yishkhul,يِشْخُل,يشخل
shakhal,شَخَل,شخل
mshakhla3,مْشَخْلَع,مشخلع
mshakhla3,مْشَخْلَع,مشخلع
shakhla3a,شَخْلَعَة,شخلعة
2itshakhla3,اِتْشَخْلَع,اتشخلع
yitshakhla3,يِتْشَخْلَع,يتشخلع
tshakhla3,تْشَخْلَع,تشخلع
mutashaddid,مُتَشَدِّد,متشدد
shaadid,شَادِد,شادد
shadde,شَدِّة,شدة
shadde,شَدِّة,شدة
mashad,مَشَد,مشد
tashdiid,تَشْدِيد,تشديد
tashaddud,تَشَدُّد,تشدد
shadd,شَدّ,شد
shdaad,شْدَاد,شداد
yshidd 2il7abil,يشَدّ الحبل,يشد الحبل
yshidd dahro,يشِد ظَهْرُه,يشد ظهره
yshidd sha3ro,يشِد شعرُه,يشد شعره
shadd baraaghi,شَدّ بَرَاغِي,شد براغي
shadd 3adali,شَدّ عَضَلِي,شد عضلي
shaadid 3a7aalo,شَادِد عحَالُه,شادد عحاله
tashdiid 2amni,تَشْدِيد أمني,تشديد أمني
tashaddud diini,تَشَدُّد ديني,تشدد ديني
binshadd fii 2iddahir,بيِنْشَدّ فِيه الظَّهِر,بينشد فيه الظهر
yshidd 7eelo,يشِد حيلُه,يشد حيله
shidiid,شَدِيد,شديد
shidd,شِدّ,شد
2itshaddad,تْشَدَّد,تشدد
shaddid,شَدِّد,شدد
yshidd,يشِدّ,يشد
yitshaddad,يِتْشَدَّد,يتشدد
yshaddid,يشَدِّد,يشدد
shadd,شَدّ,شد
2ishtadd,اِشْتَدّ,اشتد
yishtadd,يِشْتَدّ,يشتد
2ishtadd,اِشْتَدّ,اشتد
shaddad,شَدَّد,شدد
tshaddad,تْشَدَّد,تشدد
2inshadd,اِنْشَدّ,انشد
yinshadd,يِنْشَدّ,ينشد
2inshadd,اِنْشَدّ,انشد
shaadir,شَادِر,شادر
shawaadir,شَوَادِر,شوادر
shadfa,شَدْفَا,شدفا
shidfaawi,شِدْفَاوِي,شدفاوي
2ashdaf,أَشْدَف,أشدف
shuduf,شُدُف,شدف
2itshaddaq,اِتْشَدَّق,اتشدق
2itmashdaq,اِتْمَشْدَق,اتمشدق
yitshaddaq,يِتْشَدَّق,يتشدق
yitmashdaq,يِتْمَشْدَق,يتمشدق
tshaddaq,تْشَدَّق,تشدق
tmashdaq,تْمَشْدَق,تمشدق
shaaz,شَاذ,شاذ
shawaaz,شَوَاذ,شواذ
shuzuuz,شُذُوذ,شذوذ
shizz,شِذّ,شذ
yshizz,يشِذّ,يشذ
shazz,شَذّ,شذ
mshoorib,مْشَورِب,مشورب
mshoorab,مْشَورَب,مشورب
shaarib,شَارِب,شارب
msharrab,مْشَرَّب,مشرب
shurbe,شُرْبِة,شربة
shurbe,شُرْبِة,شربة
shurraabe,شُرَّابِة,شرابة
shirbe,شِرْبِة,شربة
mashrabiyye,مَشْرَبيِّة,مشربية
sharbe,شَرْبِة,شربة
shaarib,شَارِب,شارب
shurub,شُرُب,شرب
mashruub,مَشْرُوب,مشروب
tashriib,تَشْرِيب,تشريب
shirab,شِرَب,شرب
shawaarib,شَوَارِب,شوارب
mashaariib,مَشَارِيب,مشاريب
shurraabit khuruj,شُرَّابِة خُرُج,شرابة خرج
shoorabe,شَورَبِة,شوربة
3eeb 3ashawaarbo,عَيب عَشَوَارْبُه,عيب عشواربه
daarat 2ishshirbe,دَارَت الشِّربِة,دارت الشربة
shirib 7asrito,شِرِب حسرته,شرب حسرته
bilha wu2ishrab mayyitha,بلهَا وإِشرب ميتهَا,بلها وإشرب ميتها
3ahashshaarib,عهَالشَّارِب,عهالشارب
shaarib min 7aliib 7maara,شَارِب من حليب حمَارة,شارب من حليب حمارة
shaarib min kull nabi3,شَارِب من كل نبِع,شارب من كل نبع
sharrib,شَرِّب,شرب
2itsharrab,اِتْشَرَّب,اتشرب
2ishrab,اِشْرَب,اشرب
ysharrib,يْشَرِّب,يشرب
yitsharrab,يِتْشَرَّب,يتشرب
yishrab,يِشْرَب,يشرب
shirib,شِرِب,شرب
sharrab,شَرَّب,شرب
tsharrab,تْشَرَّب,تشرب
sharaabii7,شَرَابِيح,شرابيح
sharbuu7,شَرْبُوح,شربوح
sharbuu7,شَرْبُوح,شربوح
sharaabii7,شَرَابِيح,شرابيح
sharbuu7 2ilmiqiikthaa,شَرْبُوح المِقْثَاة,شربوح المقثاة
tsharba7,تْشَرْبَح,تشربح
yitsharba7,يتْشَرْبَح,يتشربح
tsharba7,تْشَرْبَح,تشربح
msharbak,مْشَرْبَك,مشربك
sharbik,شَرْبِك,شربك
ysharbik,يْشَرْبِك,يشربك
sharbak,شَرْبَك,شربك
msharrit,مْشَرِّت,مشرت
sharrit,شَرِّت,شرت
ysharrit,يشَرِّت,يشرت
sharrat,شَرَّت,شرت
msharti7,مْشَرْتِح,مشرتح
shartuu7a,شَرْتُوحَة,شرتوحة
shartuu7,شَرْتُوح,شرتوح
sharaatii7,شَرَاتِيح,شراتيح
2itsharta7,اِتْشَرْتَح,اتشرتح
yitsharta7,يِتْشَرْتَح,يتشرتح
tsharta7,تْشَرْتَح,تشرتح
shiri7,شِرِح,شرح
sharii7a,شَرِيحَة,شريحة
shari7,شَرِح,شرح
sharaayi7,شَرَايِح,شرايح
tashrii7,تَشْرِيح,تشريح
2itsharra7,اِتْشَرَّح,اتشرح
yitsharra7,يِتْشَرَّح,يتشرح
tsharra7,تْشَرَّح,تشرح
2inshiri7,اِنْشِرِح,انشرح
yinshiri7,يِنْشِرِح,ينشرح
2inshara7,اِنْشَرَح,انشرح
2ishra7,اِشَرَح,اشرح
sharri7,شَرِّح,شرح
yishra7,يِشَرَح,يشرح
ysharri7,يشَرِّح,يشرح
shara7,شَرَح,شرح
sharra7,شَرَّح,شرح
sharkha,شَرْخَة,شرخة
sharuukh,شَرُوخ,شروخ
sharkh,شَرْخ,شرخ
sharkh,شَرْخ,شرخ
shruukh,شْرُوخ,شروخ
2inshirikh,اِنْشِرِخ,انشرخ
yinshirikh,يِنْشِرِخ,ينشرخ
2insharakh,اِنْشَرَخ,انشرخ
2ishrakh,اِشْرَخ,اشرخ
yishrakh,يِشْرَخ,يشرخ
sharakh,شَرَخ,شرخ
msharrad,مْشَرَّد,مشرد
shaarid,شَارِد,شارد
tasharrud,تَشَرُّد,تشرد
shaarid 2izzihin,شَارِد الذهن,شارد الذهن
2ishshaarde wilwaarde,الشَّارْدِة وَالوَارْدِة,الشاردة والواردة
2itsharrad,اِتْشَرَّد,اتشرد
yitsharrad,يِتْشَرَّد,يتشرد
tsharrad,تْشَرَّد,تشرد
2ushrud,اُشْرُد,اشرد
sharrid,شَرِّد,شرد
yushrud,يُشْرُد,يشرد
ysharrid,يشَرِّد,يشرد
sharad,شَرَد,شرد
sharrad,شَرَّد,شرد
2itshardaq,اِتْشَرْدَق,اتشردق
yitshardaq,يِتْشَرْدَق,يتشردق
tshardaq,تْشَرْدَق,تشردق
shirriir,شِرِّير,شرير
2ashraar,أَشْرَار,أشرار
sharr,شَرّ,شر
shruur,شْرُور,شرور
mi7raak shar,مِحْرَاك شَرّ,محراك شر
2uksir 2ishshar,اِكْسِر الشَّرّ,اكسر الشر
wuyaa daar maa dakhkhalik shar,ويَا دَار مَا دَخَلِك شَرّ,ويا دار ما دخلك شر
shurr,شُرّ,شر
yshurr,يشُرّ,يشر
sharr,شَرّ,شر
msharrish,مْشَرِّش,مشرش
shirish,شِرِش,شرش
shruush,شْرُوش,شروش
ba7ash 3ashruush,بحش عَالشروش,بحش عالشروش
ba7ash 3ashruush,بحش عشروش,بحش عشروش
qala3u shruushhum,قلعوَا شروشهم,قلعوا شروشهم
sharrish,شَرِّش,شرش
ysharrish,يشَرِّش,يشرش
sharrash,شَرَّش,شرش
msharshib,مْشَرْشِب,مشرشب
sharshuube,شَرْشُوبِة,شرشوبة
sharaashiib,شَرَاشِيب,شراشيب
sharshuu7,شَرْشُوح,شرشوح
sharaashii7,شَرَاشِيح,شراشيح
sharshuu7,شَرْشُوح,شرشوح
sharaashii7,شَرَاشِيح,شراشيح
sharshi7,شَرْشِح,شرشح
2itsharsha7,اِتْشَرْشَح,اتشرشح
ysharshi7,يشَرْشِح,يشرشح
yitsharsha7,يِتْشَرْشَح,يتشرشح
sharsha7,شَرْشَح,شرشح
tsharsha7,تْشَرْشَح,تشرشح
msharshir,مْشَرْشِر,مشرشر
shashara,شَرْشَرَة,شرشرة
sharshuur,شَرْشُور,شرشور
sharaashiir,شَرَاشِير,شراشير
sharshir,شَرْشِر,شرشر
ysharshir,يشَرْشِر,يشرشر
sharshar,شَرْشَر,شرشر
sharshaf,شَرْشَف,شرشف
sharaashif,شَرَاشِف,شراشف
sharshaf salaa,شَرْشَف صلَاة,شرشف صلاة
shaaruut,شَارُوط,شاروط
shawaariit,شَوَارِيط,شواريط
mashruut,مَشْرُوط,مشروط
shariita,شَرِيطَة,شريطة
shriita,شْرِيطَة,شريطة
shurta,شُرْطَة,شرطة
shurti,شُرْطِي,شرطي
shart,شَرْط,شرط
mashrat,مَشْرَط,مشرط
sharaayit,شَرَايِط,شرايط
shruut,شْرُوط,شروط
mashaarit,مَشَارِط,مشارط
makiinit 2ishsharaayit,مَكِينِة الشَّرَايِط,مكينة الشرايط
mramma zayy 2ishriita,مْرَمَّى زَيّ الشْرِيطَة,مرمى زي الشريطة
sha77aad wimsharrit,شَحَّاذ و مْشَرِّط,شحاذ و مشرط
2ushrut,اُشْرُط,اشرط
2insharit,اِنْشَرِط,انشرط
shaarit,شَارِط,شارط
2itsharrat,اِتْشَرَّط,اتشرط
sharwit,شَرْوِط,شروط
yushrut,يُشْرُط,يشرط
yinsharit,يِنْشَرِط,ينشرط
yshaarit,يْشَارِط,يشارط
yitsharrat,يِتْشَرَّط,يتشرط
ysharwit,يشَرْوِط,يشروط
masharrit,مْشَرِّط,مشرط
sharat,شَرَط,شرط
shaarat,شَارَط,شارط
tsharrat,تْشَرَّط,تشرط
sharwat,شَرْوَط,شروط
2insharat,اِنْشَرَط,انشرط
shoortubb,شَورْطُبّ,شورطب
mshartit,مْشَرْطِط,مشرطط
shartuute,شَرْطُوطِة,شرطوطة
sharaatiit,شَرَاطِيط,شراطيط
shartit,شَرْطِط,شرطط
yshartit,يشَرْطِط,يشرطط
shartat,شَرْطَط,شرطط
msharra3,مْشَرَّع,مشرع
tashrii3i,تَشْرِيعِي,تشريعي
shar3i,شَرْعِي,شرعي
tashrii3,تَشْرِيع,تشريع
sharii3a,شَرِيعَة,شريعة
shar3iyye,شَرْعِيِّة,شرعية
shari3,شَرْع,شرع
shaari3,شَارِع,شارع
mashruu3,مَشْرُوع,مشروع
mashaarii3,مَشَارِيع,مشاريع
shawaari3,شَوَارِع,شوارع
2ibin shawaari3,اِبِن شَوَارِع,ابن شوارع
fata7 braaso shaari3,فَتَح بِرَاسُه شَارِع,فتح براسه شارع
shraa3 2illaban,شْرَاع اللبن,شراع اللبن
2itsharra3,اِتْشَرَّع,اتشرع
yitsharra3,يِتْشَرَّع,يتشرع
tsharra3,تْشَرَّع,تشرع
2itshaara3,اِتْشَارَع,اتشارع
2ishra3,اِشْرَع,اشرع
sharri3,شَرِّع,شرع
yishra3,يِشْرَع,يشرع
shraa3,شْرَاع,شراع
ysharri3,يشَرِّع,يشرع
yitshaara3,يِتْشَارَع,يتشارع
shara3,شَرَع,شرع
sharra3,شَرَّع,شرع
tshaara3,تْشَارَع,تشارع
mushrif,مُشْرِف,مشرف
shariif,شَرِيف,شريف
shurafaa2,شُرَفَاء,شرفاء
sharaf,شَرَف,شرف
shariif,شَرِيف,شريف
shurafaa2,شُرَفَاء,شرفاء
2abu sharaf,أَبو شَرَف,أبو شرف
jariimit sharaf,جريمة شَرَف,جريمة شرف
sharrif,شَرِّف,شرف
2istashrif,اِسْتَشْرِف,استشرف
ysharrif,يشَرِّف,يشرف
yistashrif,يِسْتَشْرِف,يستشرف
sharraf,شَرَّف,شرف
2istashraf,اِسْتَشْرَف,استشرف
2itsharraf,اِتْشَرَّف,اتشرف
yitsharraf,يِتْشَرَّف,يتشرف
tsharraf,تْشَرَّف,تشرف
sharqi,شَرْقِي,شرقي
mustashriq,مُسْتَشْرِق,مستشرق
sharqaan,شَرْقَان,شرقان
mushriq,مُشْرِق,مشرق
sharqa,شَرْقَا,شرقا
mashraqk,مَشْرَق,مشرق
mashaariqk,مَشَارِق,مشارق
mashaariiqk,مَشَارِيق,مشاريق
shuruuq,شُرُوق,شروق
tashriiq,تَشْرِيق,تشريق
sharq,شَرْق,شرق
2istishraaq,اِسْتَشْرَاق,استشراق
2ayyaam 2ittashriiq,أَيَّام التَّشْرِيق,أيام التشريق
2ashraqat wu2anwarat,أَشْرَقت وأنورت,أشرقت وأنورت
2ishsharq 2il2awsat,الشَّرق الأوسط,الشرق الأوسط
sharriq,شَرِّق,شرق
2ishriq,اِشْرِق,اشرق
2istashriq,اِسْتَشْرِق,استشرق
2ishraq,اِشْرَق,اشرق
sharqa,شَرْقَة,شرقة
ysharriq,يشَرِّق,يشرق
yishriq,يِشْرِق,يشرق
yistashriq,يِسْتَشْرِق,يستشرق
yishraq,يِشْرَق,يشرق
sharraq,شَرَّق,شرق
2ashraq,أَشْرَق,أشرق
2istashraq,اِسْتَشْرَق,استشرق
shiriq,شِرِق,شرق
shraak,شْرَاك,شراك
khubiz shraak,خبز شْرَاك,خبز شراك
mshaarik,مْشَارِك,مشارك
mushaarake,مُشَارَكِة,مشاركة
shirke,شِرْكِة,شركة
shirk,شِرْك,شرك
mushaarik,مُشَارِك,مشارك
mushtarik,مُشْتَرِك,مشترك
2ishtiraak,اِشْتِرَاك,اشتراك
shariik,شَرِيك,شريك
shiraak,شِرَاك,شراك
shurakaa2,شُرَكَاء,شركاء
sharrik,شَرِّك,شرك
ysharrik,يشَرِّك,يشرك
sharrak,شَرَّك,شرك
2ishrik,اِشْرِك,اشرك
shaarik,شَارِك,شارك
2itshaarak,اِتْشَارَك,اتشارك
2ishtirik,اِشْتِرِك,اشترك
yishrik,يِشْرِك,يشرك
yshaarik,يْشَارِك,يشارك
yitshaarak,يِتْشَارَك,يتشارك
yishtirik,يِشْتِرِك,يشترك
2ashrak,أَشْرَك,أشرك
shaarak,شَارَك,شارك
tshaarak,تْشَارَك,تشارك
2ishtarak,اِشْتَرَك,اشترك
msharram,مْشَرَّم,مشرم
mashruum,مَشْرُوم,مشروم
2inshirim,اِنْشِرِم,انشرم
yinshirim,يِنْشِرِم,ينشرم
2insharam,اِنْشَرَم,انشرم
2ushrum,اُشْرُم,اشرم
yushrum,يُشْرُم,يشرم
sharam,شَرَم,شرم
msharma7i,مْشَرْمَحي,مشرمحي
msharma7,مْشَرْمَح,مشرمح
sharmuu7a,شَرْمُوحَة,شرموحة
sharaamii7,شَرَامِيح,شراميح
bilimsharma7i,بِالمْشَرْمَحي,بالمشرمحي
2itsharma7,اِتْشَرْمَح,اتشرمح
yitsharma7,يِتْشَرْمَح,يتشرمح
tsharma7,تْشَرْمَح,تشرمح
sharmata,شَرْمَطَة,شرمطة
sharmuut,شَرْمُوط,شرموط
sharaamiit,شَرَامِيط,شراميط
sharmit,شَرْمِط,شرمط
ysharmit,يشَرْمِط,يشرمط
sharmat,شَرْمَط,شرمط
2itsharmat,اِتْشَرْمَط,اتشرمط
yitsharmat,يِتْشَرْمَط,يتشرمط
tsharmat,تْشَرْمَط,تشرمط
mitsharnikh,مِتْشَرْنِخ,متشرنخ
sharniikha,شَرْنِيخَة,شرنيخة
sharaaniikh,شَرَانِيخ,شرانيخ
2itsharnakh,اِتْشَرْنَخ,اتشرنخ
yitsharnakh,يِتْشَرْنَخ,يتشرنخ
tsharnakh,تْشَرْنَخ,تشرنخ
mitsharniq,مِتْشَرْنِق,متشرنق
sharnaqa,شَرْنَقَة,شرنقة
sharaaniq,شَرَانِق,شرانق
sharniiq,شَرْنِيق,شرنيق
2iddi7ke min 2ishshiiq lashsharniiq,الضحكة من الشيق للشَّرْنِيق,الضحكة من الشيق للشرنيق
2itsharnaq,اِتْشَرْنَق,اتشرنق
yitsharnaq,يِتْشَرْنَق,يتشرنق
tsharnaq,تْشَرْنَق,تشرنق
shirwaal,شِروَال,شروال
sharaawiil,شَرَاوِيل,شراويل
2ishtiri,اِشْتِرِي,اشتري
yishtiri,يِشْتِرِي,يشتري
shara,شَرَى,شرى
sharwe,شَرْوِة,شروة
sharye,شَرْيِة,شرية
shaari,شَارِي,شاري
mishtiri,مِشْتِرِي,مشتري
sharawi,شَرَوِي,شروي
sharawi gharawi,شَرَوِي غَرَوِي,شروي غروي
2ishtiri,اِشْتِرِي,اشتري
2itsharra,اِتْشَرَّى,اتشرى
yishtiri,يِشْتِرِي,يشتري
yitsharra,يتْشَرَّى,يتشرى
tsharra,تْشَرَّى,تشرى
2ishtara,اِشْتَرَى,اشترى
2ishazloon,شَزْلَون,شزلون
shushbarak,شُشْبَرَك,ششبرك
shiishbarak,شِيشْبَرَك,شيشبرك
shishme,شِشْمِة,ششمة
shisham,شِشَم,ششم
shishme winfat7at,شِشْمِة وَاِنْفَتْحَت,ششمة وانفتحت
shawaati2,شَوَاطِئ,شواطئ
shaati2,شَاطِئ,شاطئ
mashtuub,مَشْطُوب,مشطوب
shaatib,شَاطِب,شاطب
mshattib,مْشَطِّب,مشطب
mashaatiib,مَشَاطِيب,مشاطيب
shatib,شَطِب,شطب
mshattib,مْشَطِّب,مشطب
shaatib,شَاطِب,شاطب
mshattab,مْشَطَّب,مشطب
tashtiib,تَشْطِيب,تشطيب
mishtib,مِشْطَب,مشطب
mshattab,مْشَطَّب,مشطب
2ishtub,اِشْطُب,اشطب
shattib,شَطِّب,شطب
2inshitib,اِنْشِطِب,انشطب
yishtub,يِشْطُب,يشطب
yshattib,يشَطِّب,يشطب
yinshitib,يِنْشِطِب,ينشطب
shatab,شَطَب,شطب
shattab,شَطَّب,شطب
2inshatab,اِنْشَطَب,انشطب
2itshattab,اِتْشَطَّب,اتشطب
yitshattab,يِتْشَطَّب,يتشطب
tshattab,تْشَطَّب,تشطب
shat7a,شَطْحَة,شطحة
ishta7,اِشْطَح,اشطح
yishta7,يِشْطَح,يشطح
shata7,شَطَح,شطح
shaatir,شَاطِر,شاطر
shattuur,شَطُّور,شطور
shuttaar,شُطَّار,شطار
shataara,شَطَارَة,شطارة
shatir,شَطِر,شطر
2itshaatar,اِتْشَاطَر,اتشاطر
2itshattar,اِتْشَطَّر,اتشطر
yitshaatar,يِتْشَاطَر,يتشاطر
yitshattar,يِتْشَطَّر,يتشطر
tshaatar,تْشَاطَر,تشاطر
tshattar,تْشَطَّر,تشطر
shatranj,شَطْرَنْج,شطرنج
mshatshit,مْشَطْشِط,مشطشط
shatshit,شَطْشِط,شطشط
yshatshit,يشَطْشِط,يشطشط
shatshat,شَطْشَط,شطشط
shaatit,شَاطِط,شاطط
shatta,شَطَّة,شطة
shatt,شَطّ,شط
shaatta ryaalto,شَاطَّة ريَالته,شاطة ريالته
shattat wunattat,شطت ونطت,شطت ونطت
shatwit,شَطْوِط,شطوط
shutt,شُطّ,شط
yshatwit,يشَطْوِط,يشطوط
yshutt,يشُطّ,يشط
shatwat,شَطْوَط,شطوط
shatt,شَطّ,شط
shatfe,شَطْفِة,شطفة
shattaafe,شَطَّافِة,شطافة
shatif,شَطِف,شطف
tashtiif,تَشْطِيف,تشطيف
2ushtuf,اُشْطُف,اشطف
shattif,شَطِّف,شطف
yushtuf,يُشْطُف,يشطف
yshattif,يشَطِّف,يشطف
shataf,شَطَف,شطف
shattaf,شَطَّف,شطف
2inshitif,اِنْشِطِف,انشطف
yinshitif,يِنْشِطِف,ينشطف
2inshataf,اِنْشَطَف,انشطف
shatal,شَطِل,شطل
shtuule,شْطُولِة,شطولة
shataane,شَطَانِة,شطانة
shaytaani,شِيطَانِي,شيطاني
shiitaan,شِيطَان,شيطان
shayaatiin,شَيَاطِين,شياطين
shaytaan,شَيْطَان,شيطان
2itshaytan,اِتْشَيْطَن,اتشيطن
yitshaytan,يِتْشَيْطَن,يتشيطن
tshaytan,تْشَيْطَن,تشيطن
shaytane,شَيْطَنِة,شيطنة
shaytin,شَيْطِن,شيطن
yshaytin,يْشَيْطِن,يشيطن
shaytan,شَيْطَن,شيطن
shatwe,شَطْوَة,شطوة
mitsha33ib,مِتْشَعِّب,متشعب
sha3bi,شَعْبِيّ,شعبي
shu3be,شُعْبِة,شعبة
shaa3uub,شَاعُوب,شاعوب
sha3ib,شَعِب,شعب
shu3ab,شُعَب,شعب
shawaa3iib,شَوَاعِيب,شواعيب
sha33ib,شَعِّب,شعب
2itsha33ab,اِتْشَعَّب,اتشعب
yisha33ib,يشَعِّب,يشعب
yitsha33ab,يِتْشَعَّب,يتشعب
tsha33ab,تْشَعَّب,تشعب
sha33ab,شَعَّب,شعب
2itsha3bat,اِتْشَعْبَط,اتشعبط
yitsha3bat,يِتْشَعْبَط,يتشعبط
tsha3bat,تْشَعْبَط,تشعبط
sha3ith,شَعِث,شعث
sh3uuth,شْعُوث,شعوث
shaa3iri,شَاعِري,شاعري
msha33ir,مْشَعِّر,مشعر
shaa3ir,شَاعِر,شاعر
shaa3ir,شَاعِر,شاعر
shu3uur,شُعُور,شعور
2istish3aar,اِسْتَشْعَار,استشعار
shi3ir,شِعِر,شعر
sha3ar,شَعَر,شعر
mashaa3ir,مَشَاعِر,مشاعر
2ash3aar,أَشْعَار,أشعار
shi3aar,شِعَار,شعار
sh3uur,شْعُور,شعور
beet 2ishsha3ar,بَيت الشَّعَر,بيت الشعر
3ala 7al sha3ro,عَلَى حَلّ شَعْرُه,على حل شعره
waqqaf sha3ar raaso,وقَّف شعر رَاسه,وقف شعر راسه
sha3ar 2ilbatin,شَعَر البَطَن,شعر البطن
tili3 sha3ar 3alsaani,طِلِع شَعَر عَلْسَانِي,طلع شعر علساني
3ala 7all sha3ro,عَلَى حَلّ شَعْرُه,على حل شعره
3ashsha3ra,عَالشَّعْرَة,عالشعرة
mitil 2ishsha3ra min 2al3ajiine,مِثِل الشَّعْرَة مِن العَجِينِة,مثل الشعرة من العجينة
qam7e willa sh3iire,قمحة ولَا شعيرة,قمحة ولا شعيرة
qadd sha3ar raasak,قَدّ شَعَر رَاسَك,قد شعر راسك
2istash3ir,اِسْتَشْعِر,استشعر
2ish3ir,اِشْعِر,اشعر
sha33ir,شَعِّر,شعر
2ish3ur,اِشْعُر,اشعر
yush3ur,يُشْعُر,يشعر
yish3ur,يِشْعُر,يشعر
yistash3ir,يِسْتَشْعِر,يستشعر
sha3ra,شَعْرَة,شعرة
yish3ir,يِشْعِر,يشعر
ysha33ir,يشَعِّر,يشعر
sha3ar,شَعَر,شعر
2istash3ar,اِسْتَشْعَر,استشعر
2ash3ar,أَشْعَر,أشعر
sha33ar,شَعَّر,شعر
sh3iire,شْعِيرِة,شعيرة
sh3iire,شْعِيرِة,شعيرة
sh3iir,شْعِير,شعير
sha3r 2ilbanaat,شَعَر البَنَات,شعر البنات
sha3shaboone,شَعْشَبَونِة,شعشبونة
sha3shaboon,شَعْشَبَون,شعشبون
msha3wit,مْشَعْوِط,مشعوط
sha3ta,شَعْطَة,شعطة
2ish3at,اِشْعَط,اشعط
sha3wit,شَعْوِط,شعوط
yish3at,يِشْعَط,يشعط
ysha3wit,يشَعْوِط,يشعوط
sha3at,شَعَط,شعط
sha3wat,شَعْوَط,شعوط
2inshi3it,اِنْشِعِط,انشعط
yinshi3it,يِنْشِعِط,ينشعط
2insha3at,اِنْشَعَط,انشعط
2itsha3wat,اِتْشَعْوَط,اتشعوط
yitsha3wat,يِتْشَعْوَط,يتشعوط
tsha3wat,تْشَعْوَط,تشعوط
mushta3il,مُشْتَعِل,مشتعل
shu3le,شُعْلِة,شعلة
2ishti3aal,اِشْتِعَال,اشتعال
shu3al,شُعَل,شعل
zayy 2ishshu3le,زي الشُّعلِة,زي الشعلة
2ishti3il,اِشْتِعِل,اشتعل
sha33il,شَعِّل,شعل
yishti3il,يِشْتِعِل,يشتعل
ysha33il,يشَعِّل,يشعل
2ishta3al,اِشْتَعَل,اشتعل
sha33al,شَعَّل,شعل
mitsha3liq,مْتْشَعْلِق,متشعلق
2itsha3laq,اِتْشَعْلَق,اتشعلق
yitsha3laq,يِتْشَعْلَق,يتشعلق
tsha3laq,تْشَعْلَق,تشعلق
msha3lil,مْشَعْلِل,مشعلل
2itsha3lal,اِتْشَعْلَل,اتشعلل
yitsha3lal,يِتْشَعْلَل,يتشعلل
tsha3lal,تْشَعْلَل,تشعلل
sha3lil,شَعْلِل,شعلل
ysha3lil,يشَعْلِل,يشعلل
sha3lal,شَعْلَل,شعلل
sha3aaniin,شَعَانِين,شعانين
sha3nuun,شَعْنُون,شعنون
sha3aaniin,شَعَانِين,شعانين
3iid 2ishsha3aaniin,عِيد الشَّعَانِين,عيد الشعانين
2itsha3nan,اِتْشَعْنَن,اتشعنن
yitsha3nan,يِتْشَعْنَن,يتشعنن
tsha3nan,تْشَعْنَن,تشعنن
shaghab,شَغَب,شغب
mushaaghib,مُشَاغِب,مشاغب
shaaghib,شَاغِب,شاغب
yshaaghib,يشَاغِب,يشاغب
shaaghab,شَاغَب,شاغب
shaghuuf,شَغُوف,شغوف
shaghaf,شَغَف,شغف
mashghuul,مَشْغُول,مشغول
mashghale,مَشْغَلِة,مشغلة
shaghghaal,شَغَّال,شغال
shaghghiil,شَغِّيل,شغيل
shaghghiil,شَغِّيل,شغيل
shaghghaal,شَغَّال,شغال
shughlaane,شُغْلَانِة,شغلانة
shaghle,شَغْلِة,شغلة
shughul,شُغُل,شغل
mashghal,مَشْغَل,مشغل
shaghghaal,شَغَّال,شغال
shaghghiile,شَغِّيلِة,شغيلة
mashaaghil,مَشَاغِل,مشاغل
shaghal baali,شَغَل بَالي,شغل بالي
mishtighil fii 2ishshughul 2il2azraq,مشتغل فيه الشغل الأزرق,مشتغل فيه الشغل الأزرق
shughulha mitil shughul 2immi ladurritha,شغلهَا مثل شغل إِمي لضرتهَا,شغلها مثل شغل إمي لضرتها
laa shaghle wlaa mashghale,لَا شغلة ولَا مشغلة,لا شغلة ولا مشغلة
2itshaghghal,اِتْشَغَّل,اتشغل
yitshaghghal,يِتْشَغَّل,يتشغل
tshaghghal,تْشَغَّل,تشغل
2ishghil,اِشْغَل,اشغل
2ishtaghil,اِشْتِغِل,اشتغل
shaghghil,شَغِّل,شغل
tashghiil,تَشْغِيل,تشغيل
2itshaaghal,اِتْشَاغَل,اتشاغل
yishghil,يِشْغَل,يشغل
yishtaghil,يِشْتِغِل,يشتغل
yshaghghil,يشَغِّل,يشغل
yitshaaghal,يِتْشَاغَل,يتشاغل
shaghal,شَغَل,شغل
2ishtaghal,اِشْتَغَل,اشتغل
shaghghal,شَغَّل,شغل
tshaaghal,تْشَاغَل,تشاغل
shaghnafe,شَغْنَفِة,شغنفة
2itshaghnaf,اِتْشَغْنَف,اتشغنف
yitshaghnaf,يِتْشَغْنَف,يتشغنف
tshaghnaf,تْشَغْنَف,تشغنف
mshaffar,مْشَفَّر,مشفر
shafra,شَفْرَة,شفرة
2itshaffar,اِتْشَفَّر,اتشفر
yitshaffar,يِتْشَفَّر,يتشفر
tshaffar,تْشَفَّر,تشفر
shaffir,شَفِّر,شفر
yshaffir,يشَفِّر,يشفر
shaffar,شَفَّر,شفر
mshafshaf,مْشَفْشَف,مشفشف
tshifshif,تْشِفْشِف,تشفشف
2itshafshaf,اِتْشَفْشَف,اتشفشف
yitshafshaf,يِتْشَفْشَف,يتشفشف
tshafshaf,تْشَفْشَف,تشفشف
shafshif,شَفْشِف,شفشف
yshafshif,يشَفْشِف,يشفشف
shafshaf,شَفْشَف,شفشف
shaafit,شَافِط,شافط
shaffaat,شَفَّاط,شفاط
shaffaat 2ilkhara,شَفَّاط الخَرَا,شفاط الخرا
shafta,شَفْطَة,شفطة
2itshaffat,اِتْشَفَّط,اتشفط
yitshaffat,يِتْشَفَّط,يتشفط
tshaffat,تْشَفَّط,تشفط
shaffit,شَفِّط,شفط
yshaffit,يشَفِّط,يشفط
shaffat,شَفَّط,شفط
2inshifit,اِنْشِفِط,انشفط
yinshifit,يِنْشِفِط,ينشفط
2inshafat,اِنْشَفَط,انشفط
2ishfut,اِشْفُط,اشفط
2ushfut,اُشْفُط,اشفط
yishfut,يِشْفُط,يشفط
yushfut,يُشْفُط,يشفط
shafat,شَفَط,شفط
shafii3,شَفِيع,شفيع
shufa3aa2,شُفَعَاء,شفعاء
shafaa3a,شَفَاعَة,شفاعة
2itshaffa3,اِتْشَفَّع,اتشفع
yitshaffa3,يِتْشَفَّع,يتشفع
tshaffa3,تْشَفَّع,تشفع
2ishfa3,اِشْفَع,اشفع
yishfa3,يِشْفَع,يشفع
shafa3,شَفَع,شفع
shaffaaf,شَفَّاف,شفاف
shiffe,شِفِّة,شفة
shafaayif,شَفَايِف,شفايف
shiff,شِفّ,شف
2istashiff,اِسْتَشِفّ,استشف
yshiff,يشِفّ,يشف
yistashiff,يِسْتَشِفّ,يستشف
shaff,شَفّ,شف
2istashaff,اِسْتَشَفّ,استشف
shafaqa,شَفَقَة,شفقة
2ishfaq,اِشْفَق,اشفق
shaffiq,شَفِّق,شفق
yishfaq,يِشْفَق,يشفق
yshaffiq,يشَفِّق,يشفق
shifiq,شِفِق,شفق
shaffaq,شَفَّق,شفق
mshaffa,مْشَفَّى,مشفى
shifaa2,شِفَاء,شفاء
mustashfa,مُسْتَشْفَى,مستشفى
mashfa,مَشْفَى,مشفى
tashaffi,تَشَفِّي,تشفي
mashaafi,مَشَافِي,مشافي
yishfi ghaliil,يِشْفِي غليل,يشفي غليل
bilhana wishshifa,بَالهنَاء وَالشِفَاء,بالهناء والشفاء
2ishfi,اِشْفِي,اشفي
shaffi,شَفِّي,شفي
2ishtifi,اِشْتِفِي,اشتفي
2itshaffa,اِتْشَفَّى,اتشفى
2inshifi,اِنْشِفي,انشفي
yishfi,يِشْفِي,يشفي
yinshifi,يِنْشِفي,ينشفي
yshaffi,يشَفِّي,يشفي
yishtifi,يِشْتِفِي,يشتفي
yitshaffa,يِتْشَفَّى,يتشفى
shafa,شَفَى,شفى
2inshafa,اِنْشَفَى,انشفى
shaffa,شَفَّى,شفى
tshaffa,تْشَفَّى,تشفى
2ishtafi,اِشْتَفَى,اشتفى
shaqbi3,شَقْبِع,شقبع
yshaqbi3,يشَقْبِع,يشقبع
shaqba3,شَقْبَع,شقبع
mashquu7,مَشْقُوح,مشقوح
2ishqa7,اِشْقَح,اشقح
yishqa7,يِشْقَح,يشقح
shaqa7,شَقَح,شقح
shaqra,شَقْرَا,شقرا
2ashqar,أَشْقَر,أشقر
2ishqkar,إِشْقَر,إشقر
2ashqaraani,أَشْقَرَانِي,أشقراني
shuqur,شُقُر,شقر
qahwe shaqra,قهوِة شَقرَا,قهوة شقرا
2itshaqqar,اِتْشَقَّر,اتشقر
yitshaqqar,يِتْشَقَّر,يتشقر
tshaqqar,تْشَقَّر,تشقر
shaqqir,شَقِّر,شقر
sha22ir,شَقِّر,شقر
yshaqqir,يشَقِّر,يشقر
ysha22ir,يشَقِّر,يشقر
shaqqar,شَقَّر,شقر
sha22ar,شَقَّر,شقر
shakrikshagrig,شَقْرِق,شقرق
yshakrikyshagrig,يشَقْرِق,يشقرق
shakrakshagrag,شَقْرَق,شقرق
mshaqkram,مْشَقْرَم,مشقرم
shaqkrame,شَقْرَمِة,شقرمة
shaqkrim,شَقْرِم,شقرم
yshaqkrim,يشَقْرِم,يشقرم
shaqkram,شَقْرَم,شقرم
shaaqi3,شَاقِع,شاقع
2ishqa3,اِشْقَع,اشقع
shaqqi3,شَقِّع,شقع
yishqa3,يِشْقَع,يشقع
yshaqqi3,يشَقِّع,يشقع
shaqa3,شَقَع,شقع
shaqqa3,شَقَّع,شقع
shaqafe,شَقَفِة,شقفة
shaaquuf,شَاقُوف,شاقوف
shqiif,شْقِيف,شقيف
shaqfe,شَقْفِة,شقفة
shawaaqiif,شَوَاقِيف,شواقيف
shaqaayif,شَقَايِف,شقايف
shuqaf,شُقَف,شقف
2itshaqqaf,اِتْشَقَّف,اتشقف
yitshaqqaf,يِتْشَقَّف,يتشقف
tshaqqaf,تْشَقَّف,تشقف
shaqqif,شَقِّف,شقف
yshaqqif,يشَقِّف,يشقف
shaqqaf,شَقَّف,شقف
2inshiqaaq,اِنْشِقَاق,انشقاق
shaaquuq,شَاقُوق,شاقوق
shawaaqiiq,شوَاقِيق,شواقيق
shuuqiyye,شُوقِيِّة,شوقية
shaqiiqa,شَقِيقَة,شقيقة
shaqiiq,شَقِيق,شقيق
2ashiqqaa2,أَشِقَّاء,أشقاء
shaqqa,شَقَّة,شقة
shu22a,شُقَّة,شقة
tashaqquq,تَشَقُّق,تشقق
shuqaq,شُقَق,شقق
shu2a2,شُقَق,شقق
shaqq 2illifit,شَقّ الِّلفْت,شق اللفت
shaqq 2il2ard wutili3 minha,شَق الأرض وطلع منهَا,شق الأرض وطلع منها
2inshaqqat 2il2ard wubal3ato,اِنْشَقَّت الأَرْض وبَلْعَتُه,انشقت الأرض وبلعته
tashaqquqaat 2ilwilaade,تَشَقُّقَات الولَادة,تشققات الولادة
shaqqkk 2ilbeet,شَقّ البَيت,شق البيت
shuqq,شُقّ,شق
2inshaqq,اِنْشَقّ,انشق
shaqq,شَقّ,شق
2itshaqqaq,اِتْشَقَّق,اتشقق
yshuqq,يشُقّ,يشق
yinshaqq,يِنْشَقّ,ينشق
yitshaqqaq,يِتْشَقَّق,يتشقق
shaqq,شَقّ,شق
2inshaqq,اِنْشَقّ,انشق
tshaqqaq,تْشَقَّق,تشقق
shaaqil,شَاقِل,شاقل
sheekil,شَيقِل,شيقل
mashqkuul,مَشْقُول,مشقول
shawaakil,شَوَاقِل,شواقل
mashaaqkiil,مَشَاقِيل,مشاقيل
2ushqiikul,اُشْقُل,اشقل
yushqiikul,يُشْقُل,يشقل
shaqiikal,شَقَل,شقل
shuqleeb,شُقْلَيب,شقليب
shaqluub,شَقْلُوب,شقلوب
mshaqlab,مْشَقْلَب,مشقلب
sheekh mshaqklab,شِيخ مْشَقْلَب,شيخ مشقلب
bishshaqluub,بَالشَّقْلُوب,بالشقلوب
3ashshaqluub,عَالشَّقْلُوب,عالشقلوب
3ashshuqleeb,عَالشُّقْلَيب,عالشقليب
shaqlib,شَقْلِب,شقلب
2itshaqlib,اِتْشَقْلَب,اتشقلب
yshaqlib,يشَقْلِب,يشقلب
yitshaqlib,يِتْشَقْلَب,يتشقلب
shaqlab,شَقْلَب,شقلب
tshaqlib,تْشَقْلَب,تشقلب
mashqiikiiguum,مَشْقُوم,مشقوم
2ushqiikgum,اُشْقُم,اشقم
yushqiikgum,يُشْقُم,يشقم
shaqiikgam,شَقَم,شقم
mashqi,مَشْقِي,مشقي
shaqi,شَقِي,شقي
2ashqiyaa2,أَشْقيَاء,أشقياء
shaqa,شَقَاء,شقاء
2ishqa,اِشْقَى,اشقى
2ishqi,اِشْقِي,اشقي
2itshaaqa,اِتْشَاقَى,اتشاقى
yishqa,يِشْقَى,يشقى
yishqi,يِشْقِي,يشقي
yitshaaqa,يِتْشَاقَى,يتشاقى
shiqi,شِقِي,شقي
shaqa,شَقَى,شقى
tshaaqa,تْشَاقَى,تشاقى
2inshikaa7,اِنْشِكَاح,انشكاح
munshaki7,مُنْشَكِح,منشكح
minshiki7,مِنْشِكِح,منشكح
2inshaki7,اِنْشَكِح,انشكح
yinshaki7,يِنْشَكِح,ينشكح
2inshaka7,اِنْشَكَح,انشكح
mashkuur,مَشْكُور,مشكور
shukran,شُكْرَا,شكرا
shukur,شُكُر,شكر
2ushkur,اُشْكُر,اشكر
2ishkur,اِشْكُر,اشكر
2itshakkar,اِتْشَكَّر,اتشكر
yushkur,يُشْكُر,يشكر
yishkur,يِشْكُر,يشكر
yitshakkar,يِتْشَكَّر,يتشكر
shakaara,شَكَارِى,شكارى
shakar,شَكَر,شكر
tshakkar,تْشَكَّر,تشكر
shookaraan,شَوكَرَان,شوكران
shakshake,شَكْشَكِة,شكشكة
shakshik,شَكْشِك,شكشك
yshakshik,يشَكْشِك,يشكشك
shakshak,شَكْشَك,شكشك
shaakik,شَاكِك,شاكك
shakke,شَكِّة,شكة
shakk,شَكّ,شك
mashakk,مَشَكّ,مشك
shukuuk,شُكُوك,شكوك
2inshakk,اِنْشَكّ,انشك
yinshakk,يِنْشَكّ,ينشك
2inshakk,اِنْشَكّ,انشك
shukk,شُكّ,شك
shakkik,شَكِّك,شكك
2itshakkak,اِتْشَكَّك,اتشكك
yshukk,يشُكّ,يشك
yshakkik,يشَكِّك,يشكك
yitshakkak,يتْشَكَّك,يتشكك
shakk,شَكّ,شك
shakkak,شَكَّك,شكك
tshakkak,تْشَكَّك,تشكك
shakli,شَكْلِي,شكلي
mashkalji,مَشْكَلْجِي,مشكلجي
mashkaljiyye,مَشْكَلْجِيِّة,مشكلجية
shakle,شَكَلِة,شكلة
mushkile,مُشْكِلِة,مشكلة
shikil,شِكِل,شكل
shakil,شَكِل,شكل
shakil,شَكِل,شكل
2ashkaal,أَشْكَال,أشكال
mashaakil,مَشَاكِل,مشاكل
hal2ashkaal,هَالأشْكَال,هالأشكال
shaklo,شكله,شكله
2ushkul,اُشْكُل,اشكل
shakkil,شَكِّل,شكل
2itmashkal,اِتْمَشْكَل,اتمشكل
mashkil,مَشْكِل,مشكل
tashkiil,تَشْكِيل,تشكيل
2inshikil,اِنْشِكِل,انشكل
yushkul,يُشْكُل,يشكل
yshakkil,يشَكِّل,يشكل
yitmashkal,يِتْمَشْكَل,يتمشكل
ymashkil,يمَشْكِل,يمشكل
yinshikil,يِنْشِكِل,ينشكل
shakal,شَكَل,شكل
shakkal,شَكَّل,شكل
tmashkal,تْمَشْكَل,تمشكل
mashkal,مَشْكَل,مشكل
2inshakal,اِنْشَكَل,انشكل
shukalaata,شُكَلَاتَة,شكلاتة
2ushkum,اُشْكُم,اشكم
yishkum,يِشْكُم,يشكم
shakam,شَكَم,شكم
2ishkiinaaz,إِشْكِينَاز,إشكيناز
shakwe,شَكْوِة,شكوة
shakwa,شَكْوَى,شكوى
shakaawi,شَكَاوِي,شكاوي
2ishki,اِشْكِي,اشكي
2itshakka,اِتْشَكَّى,اتشكى
2ishtiki,اِشْتِكِي,اشتكي
2itshakwan,اِتْشَكوَن,اتشكون
yishki,يِشْكِي,يشكي
yitshakka,يِتْشَكَّى,يتشكى
yishtiki,يِشْتِكِي,يشتكي
yitshakwan,يِتْشَكوَن,يتشكون
shaka,شَكَى,شكى
tshakka,تْشَكَّى,تشكى
2ishtaka,اِشْتَكَى,اشتكى
tshakwan,تْشَكوَن,تشكون
shalabi,شَلَبِي,شلبي
shilib,شِلِب,شلب
2ashlab,أَشْلَب,أشلب
shalabi,شَلَبِي,شلبي
mshalbak,مْشَلْبَك,مشلبك
shalbake,شَلْبَكِة,شلبكة
shalbik,شَلْبِك,شلبك
2itshalbak,اِتْشَلْبَك,اتشلبك
yshalbik,يشَلْبِك,يشلبك
yitshalbak,يِتْشَلْبَك,يتشلبك
shalbak,شَلْبَك,شلبك
tshalbak,تْشَلْبَك,تشلبك
shaltuune,شَلْتُونِة,شلتونة
mshalla7,مْشَلَّح,مشلح
shaali7,شَالِح,شالح
shaali7,شَالِح,شالح
shali7,شَلِح,شلح
tashlii7,تَشْلِيح,تشليح
mi3laka mshalla7a,مِعْلَقَة مْشَلَّحَة,معلقة مشلحة
mshalla7 wimballa7,مْشَلَّح ومْبَلَّح,مشلح ومبلح
2ishla7,اِشْلَح,اشلح
tshalla7,تْشَلَّح,تشلح
yishla7,يِشْلَح,يشلح
yitshalla7,يِتْشَلَّح,يتشلح
shili7,شِلِح,شلح
tshalla7,تْشَلَّح,تشلح
shalli7,شَلِّح,شلح
yshalli7,يشَلِّح,يشلح
shalla7,شَلَّح,شلح
tashliikh,تَشْلِيخ,تشليخ
shallikh,شَلِّخ,شلخ
yshallikh,يشَلِّخ,يشلخ
shallakh,شَلَّخ,شلخ
shlikhta,شْلِخْتَا,شلختا
shilish,شِلِش,شلش
mashluush,مَشْلُوش,مشلوش
2ishlish,اِشْلِش,اشلش
yishlish,يِشْلِش,يشلش
2inshilish,اِنْشِلِش,انشلش
2inishlish,اِنِشْلِش,انشلش
yinshilish,يِنْشِلِش,ينشلش
yinishlish,يِنِشْلِش,ينشلش
2inshalash,اِنْشَلَش,انشلش
shalash,شَلَش,شلش
shaaliish,شَالِيش,شاليش
shaaliish,شَالِيش,شاليش
mshallit,مْشَلِّط,مشلط
tashliit,تَشْلِيط,تشليط
shallit,شَلِّط,شلط
yshallit,يشَلِّط,يشلط
shallat,شَلَّط,شلط
mshaltif,مْشَلْطِف,مشلطف
shaltuufe,شَلْطُوفِة,شلطوفة
shalaatiif,شَلَاطِيف,شلاطيف
shaltif,شَلْطِف,شلطف
yshaltif,يشَلْطِف,يشلطف
shaltaf,شَلْطَف,شلطف
shaali3,شَالِع,شالع
mashluu3,مَشْلُوع,مشلوع
mshalla3,مْشَلَّع,مشلع
shala3,شَلَع,شلع
2ishla3,اِشْلَع,اشلع
2inshili3,اِنْشِلِع,انشلع
2itshalla3,اِتَشَلَّع,اتشلع
yishla3,يِشْلَع,يشلع
yinshili3,يِنْشِلِع,ينشلع
yitshalla3,يِتَشَلَّع,يتشلع
2ishala3,اِنْشَلَع,انشلع
tshalla3,تَشَلَّع,تشلع
shala3,شَلَع,شلع
shalfaawi,شَلْفَاوِي,شلفاوي
mshallif,مْشَلِّف,مشلف
shalfe,شَلْفِة,شلفة
shallif,شَلِّف,شلف
yshallif,يشَلِّف,يشلف
shallaf,شَلَّف,شلف
shalfata,شَلْفَطَة,شلفطة
mshalfit,مْشَلْفِط,مشلفط
shalfit,شَلْفِط,شلفط
yshalfit,يشَلْفِط,يشلفط
shalfat,شَلْفَط,شلفط
shalfaqa,شَلْفَقَة,شلفقة
shalfiq,شَلْفِق,شلفق
yshalfiq,يشَلْفِق,يشلفق
shalfaq,شَلْفَق,شلفق
mshallaq,مْشَلِّق,مشلق
shaaliq,شَالِق,شالق
mashluuq,مَشْلُوق,مشلوق
shaaliq nii3o,شَالِق نِيعُه,شالق نيعه
mil3aka mshallaka,ملعقة مْشَلَّقِة,ملعقة مشلقة
2ilimshallaka,المْشَلَّقِة,المشلقة
2ushluq,اِشْلُق,اشلق
yishluq,يِشْلُق,يشلق
shalaq,شَلَق,شلق
shlukke,شْلُوكِّة,شلوكة
shlukke,شْلُكِّة,شلكة
mashluul,مَشْلُول,مشلول
mashaaliil,مَشَالِيل,مشاليل
shille,شِلِّة,شلة
shilaliyye,شِلَليِّة,شللية
shalal,شَلَل,شلل
shallaal,شَلَّال,شلال
shilal,شِلَل,شلل
shall 2amalo,شل أمله,شل أمله
shill,شِلّ,شل
2inshall,اِنْشَلّ,انشل
yshill,يشِلّ,يشل
yinshall,يِنْشَلّ,ينشل
shall,شَلّ,شل
2inshall,اِنْشَلّ,انشل
shallistoon,شَلِّسْتَون,شلستون
shilin,شِلِن,شلن
shluune,شْلُونِة,شلونة
2akhu 2ishshilin,أَخو الشِّلِن,أخو الشلن
shalwit,شَلْوِط,شلوط
yshalwit,يشَلْوِط,يشلوط
shalwat,شَلْوَط,شلوط
shloon,شْلَون,شلون
shloon,شْلَون,شلون
shala,شَلَا,شلا
shala bala,شَلَا بَلَا,شلا بلا
shaambo,شَامْبَو,شامبو
2ishmit,اِشْمَت,اشمت
yishmit,يِشْمَت,يشمت
shimit,شِمِت,شمت
shamtaan,شَمْتَان,شمتان
shamaate,شَمَاتِة,شماتة
sham7uut,شَمْحُوط,شمحوط
shamaa7iit,شَمَاحِيط,شماحيط
shaamikh,شَامِخ,شامخ
mshammar,مْشَمَّر,مشمر
shmaar,شْمَار,شمار
shammir 3an 2ideek wusaa3idna,شَمِّر عن ايديك وسَاعدنَا,شمر عن ايديك وساعدنا
2ilim7ammar wilimshammar,المحمر وَالمشمر,المحمر والمشمر
shammir,شَمِّر,شمر
2ushmur,اُشْمُر,اشمر
yshammir,يشَمِّر,يشمر
yushmur,يُشْمُر,يشمر
shammar,شَمَّر,شمر
shamar,شَمَر,شمر
shamsi,شَمْسِي,شمسي
shamis,شَمِس,شمس
shamsiyye,شَمْسِيِّة,شمسية
shamaasi,شَمَاسِي,شماسي
mitil 3een 2ishshamis,مثل عين الشَّمِس,مثل عين الشمس
wara 2ishshams,ورَا الشَّمش,ورا الشمش
daarat 2ishshams,دَارت الشَّمِس,دارت الشمس
shamisto 3aalye,شَمْسِتُه عَالية,شمسته عالية
2itshammas,اِتْشَمَّس,اتشمس
shammis,شَمِّس,شمس
yshammis,يشَمِّس,يشمس
yitshammas,يِتْشَمَّس,يتشمس
shammas,شَمَّس,شمس
tshammas,تْشَمَّس,تشمس
2ishmis,اِشْمِس,اشمس
yishmis,يِشْمِس,يشمس
shamas,شَمَس,شمس
shamshame,شَمْشَمِة,شمشمة
shamshim,شَمْشِم,شمشم
yshamshim,يشَمْشِم,يشمشم
shamsham,شَمْشَم,شمشم
shamiit,شَمِيط,شميط
shamit,شَمِط,شمط
shammuuti,شَمُّوطي,شموطي
2ushmut,اُشْمُط,اشمط
yushmut,يُشْمُط,يشمط
shamat,شَمَط,شمط
shamtata,شَمْطَطَة,شمططة
shamtit,شَمْطِط,شمطط
2itshamtat,اِتْشَمْطَط,اتشمطط
yshamtit,يِشَمْطِط,يشمطط
yitshamtat,يِتْشَمْطَط,يتشمطط
shamtat,شَمْطَط,شمطط
tshamtat,تْشَمْطَط,تشمطط
mshamma3,مْشَمَّع,مشمع
sham3a,شَمْعَة,شمعة
shammaa3a,شَمَّاعَة,شماعة
mshamma3,مْشَمَّع,مشمع
shami3,شَمِع,شمع
sham3adaan,شَمْعَدَان,شمعدان
shammaa3a y3alliq 3aleeha fashalo,شَمَّاعَة يعلِّق عَلَيهَا فَشَلُه,شماعة يعلق عليها فشله
yshammi3 2ilkheet,يشَمِّع الخيط,يشمع الخيط
maakhidha shammaa3a,مَاخِذْهَا شَمَّاعَة,ماخذها شماعة
shammi3,شَمِّع,شمع
yshammi3,يِشَمِّع,يشمع
shamma3,شَمَّع,شمع
shamaal,شَمَال,شمال
shamle,شَمْلِة,شملة
sheemil,شَيمِل,شيمل
zeet sheemil,زَيت شَيمِل,زيت شيمل
2ishmal,اِشْمَل,اشمل
yishmal,يِشْمَل,يشمل
shimil,شِمِل,شمل
shimmaame,شِمَّامِة,شمامة
shummaame,شُمَّامِة,شمامة
shimmaam,شِمَّام,شمام
shummaam,شُمَّام,شمام
yshimm 2ilhawaa,يشم الهوَا,يشم الهوا
shimm,شِمّ,شم
shammim,شَمِّم,شمم
yshimm,يشِمّ,يشم
yshammim,يشَمِّم,يشمم
shamm,شَمّ,شم
shammam,شَمَّم,شمم
shanab,شَنَب,شنب
misik 3ashanabo,مسك عشَنَبُه,مسك عشنبه
shanbar,شَنْبَر,شنبر
shumbur,شُنْبُر,شنبر
shamaabir,شَنَابِر,شنابر
mshantir,مْشَنْتِر,مشنتر
shantir,شَنْتِر,شنتر
yshantir,يشَنْتِر,يشنتر
shantar,شَنْتَر,شنتر
mitshannij,مِتْشَنَّج,متشنج
tashannuj,تَشَنُّج,تشنج
2itshannaj,اِتْشَنَّج,اتشنج
yitshannaj,يِتْشَنَّج,يتشنج
tshannaj,تْشَنَّج,تشنج
mshankhar,مْشَنْخَر,مشنخر
2itshankhar,اِتْشَنْخَر,اتشنخر
yitshankhar,يِتْشَنْخَر,يتشنخر
tshankhar,تْشَنْخَر,تشنخر
shandiire,شَنْدِيرِة,شنديرة
shanaadiir,شَنَادِير,شنادير
shandil,شَنْدِل,شندل
yshandil,يشَنْدِل,يشندل
shandal,شَنْدَل,شندل
shanshara,شَنْشَرَة,شنشرة
shanaashir,شَنَاشِر,شناشر
shanashiir,شَنَاشِير,شناشير
mshanshal,مْشَنْشَل,مشنشل
shanshuul,شَنْشَول,شنشول
shanaashiil,شَنَاشِيل,شناشيل
shanshil,شَنْشِل,شنشل
2itshanshal,اِتْشَنْشَل,اتشنشل
yshanshil,يشَنْشِل,يشنشل
yitshanshal,يِتْشَنْشَل,يتشنشل
shanshal,شَنْشَل,شنشل
tshanshal,تْشَنْشَل,تشنشل
2imshannis,مْشَنِّص,مشنص
shans,شَنْص,شنص
shannis,شَنِّص,شنص
yshannis,يشَنِّص,يشنص
shannas,شَنَّص,شنص
shantiita,شَنْطَة,شنطة
shanaatiiti,شَنَاطِي,شناطي
shnaat,شْنَاط,شناط
shangkal,شَنْغَل,شنغل
shanaagkil,شَنَاغِل,شناغل
shangkil,شَنْغِل,شنغل
yshangkil,يشَنْغِل,يشنغل
shangkal,شَنْغَل,شنغل
mshannif,مْشَنِّف,مشنف
2ushnuf,اُشْنُف,اشنف
yushnuf,يُشْنُف,يشنف
shanaf,شَنَف,شنف
mshanniq,مْشَنِّق,مشنق
mashnuuq,مَشْنُوق,مشنوق
mashnaqa,مَشْنَقَة,مشنقة
mashaaniq,مَشَانِق,مشانق
7ablil mashnaqa,حبل المَشْنَقَة,حبل المشنقة
bi7illin 3an 7ablil mashnaqa,بِيحلِّن عن حبل المَشْنَقَة,بيحلن عن حبل المشنقة
qaadi 2izghaar shanaq 7aalo,قَاضي الصغَار شنق حَاله,قاضي الصغار شنق حاله
shanniq,شَنِّق,شنق
2itshanna2,اِتْشَنَّق,اتشنق
2ishnuq,اِشْنُق,اشنق
yshanniq,يشَنِّق,يشنق
yitshanna2,يِتْشَنَّق,يتشنق
yishnuq,يِشْنُق,يشنق
shannaq,شَنَّق,شنق
tshanna2,تْشَنَّق,تشنق
shanaq,شَنَق,شنق
mshanki7,مْشَنْكِح,مشنكح
shanki7,شَنْكِح,شنكح
yshanki7,يشَنْكِح,يشنكح
shanka7,شَنْكَح,شنكح
shinkaar,شِنْكَار,شنكار
shanaakir,شَنَاكِر,شناكر
shinn,شِنّ,شن
yshinn,يشِنّ,يشن
shann,شَنّ,شن
mushaahid,مُشَاهِد,مشاهد
shahaade,شَهَادِة,شهادة
shahaade,شَهَادِة,شهادة
shaahid,شَاهِد,شاهد
2istishhaad,اِسْتَشْهَاد,استشهاد
shahiid,شَهِيد,شهيد
mashhad,مَشْهَد,مشهد
shuhuud,شُهُود,شهود
shuhadaa2,شُهَدَاء,شهداء
mashaahid,مَشَاهِد,مشاهد
2istishhaadi,اِسْتَشْهَادي,استشهادي
tshaahad 3aroo7ak,تْشَاهَد عروحك,تشاهد عروحك
tashahhud,تَشَهُّد,تشهد
2itshahhad,اِتْشَهَّد,اتشهد
yitshahhad,يِتْشَهَّد,يتشهد
tshahhad,تْشَهَّد,تشهد
2ishhad,اِشْهَد,اشهد
shahhid,شَهِّد,شهد
2istashhid,اِسْتَشْهِد,استشهد
2itshaahad,اِتْشَاهَد,اتشاهد
shaahid,شَاهِد,شاهد
yishhad,يِشْهَد,يشهد
yshahhid,يشَهِّد,يشهد
yistashhid,يِسْتَشْهِد,يستشهد
yitshaahad,يِتْشَاهَد,يتشاهد
yshaahid,يشَاهِد,يشاهد
shihid,شِهِد,شهد
shahhad,شَهَّد,شهد
2istashhad,اِسْتَشْهَد,استشهد
tshaahad,تْشَاهَد,تشاهد
shaahad,شَاهَد,شاهد
shahiir,شَهِير,شهير
mashhuur,مَشْهُور,مشهور
shahri,شَهْرِي,شهري
mashaahiir,مَشَاهِير,مشاهير
shuhra,شُهْرَة,شهرة
shahriyye,شَهْرِيِّة,شهرية
tashhiir,تَشْهِير,تشهير
shahar,شَهَر,شهر
shhuur,شْهُور,شهور
shahr 2ilkheer,شَهْر الخَير,شهر الخير
2itshahhar,اِتْشَهَّر,اتشهر
yitshahhar,يِتْشَهَّر,يتشهر
tshahhar,تْشَهَّر,تشهر
2ishhir,اِشْهِر,اشهر
2inshihir,اِنْشِهِر,انشهر
shahhir,شَهِّر,شهر
2ashhar,أَشْهَر,أشهر
yishhir,يِشْهِر,يشهر
yinshihir,يِنْشِهِر,ينشهر
yshahhir,يشَهِّر,يشهر
shahar,شَهَر,شهر
2inshahar,اِنْشَهَر,انشهر
shahhar,شَهَّر,شهر
shahqa,شَهْقَة,شهقة
2ishhaq,اِشْهَق,اشهق
yishhaq,يِشْهَق,يشهق
shihiq,شِهِق,شهق
shahhil,شَهِّل,شهل
yshahhil,يشَهِّل,يشهل
shahhal,شَهَّل,شهل
shahim,شَهِم,شهم
shahaame,شَهَامِة,شهامة
2itshaaham,اِتْشَاهَم,اتشاهم
yitshaaham,يِتْشَاهَم,يتشاهم
tshaaham,تْشَاهَم,تشاهم
shahwane,شَهْوَنِة,شهونة
2ishtaheetlak hal2akle,اِشْتَهَيتلك هالأَكْلِة,اشتهيتلك هالأكلة
manzaro bishahhi,منظَرُه بيشَهِّى,منظره بيشهى
shahhi,شَهِّى,شهى
2ishtihi,اِشْتِهِي,اشتهي
2itshahwan,اِتْشَهْوَن,اتشهون
yshahhi,يشَهِّى,يشهى
yishtihi,يِشْتِهِي,يشتهي
yitshahwan,يِتْشَهْوَن,يتشهون
shahha,شَهَّى,شهى
2ishtaha,اِشْتَهَى,اشتهى
tshahwan,تْشَهْوَن,تشهون
shuu,شُو,شو
shuu,شُو,شو
shoob,شَوب,شوب
mshawwib,مْشَوِّب,مشوب
shoob,شَوب,شوب
shawwib,شَوِّب,شوب
yshawwib,يشَوِّب,يشوب
shawwab,شَوَّب,شوب
shoobara,شَوبَرَة,شوبرة
shoobir,شَوبِر,شوبر
yshoobir,يشَوبِر,يشوبر
shoobar,شَوبَر,شوبر
shawi7,شَوِّح,شوح
yshawi7,يشَوِّح,يشوح
shawa7,شَوَّح,شوح
shoor,شَور,شور
2ishaara,إِشَارَة,إشارة
shooro min raaso,شَورُه مِن رَاسُه,شوره من راسه
2ishshoor shooro,الشَّور شَورُه,الشور شوره
shuur,شُور,شور
shaawir,شَاوِر,شاور
2itshaawar,اِتْشَاوَر,اتشاور
2istashiir,اِسْتَشِير,استشير
yshuur,يشُور,يشور
yshaawir,يشَاوِر,يشاور
yitshaawar,يِتْشَاوَر,يتشاور
yistashiir,يِسْتَشِير,يستشير
shaar,شَار,شار
shaawar,شَاوَر,شاور
tshaawar,تْشَاوَر,تشاور
2istashaar,اِسْتَشَار,استشار
mishwaar,مِشْوَار,مشوار
mashaawiir,مَشَاوِير,مشاوير
mashwar,مَشْوَر,مشور
ymashwir,يمَشْوِر,يمشور
mashwir,مَشْوِر,مشور
tmashwar,تْمَشْوَر,تمشور
yitmashwar,يِتْمَشْوَر,يتمشور
2itmashwar,اِتْمَشْوَر,اتمشور
shurt,شُورْت,شورت
shaashe,شَاشِة,شاشة
mshawwash,مْشَوَّش,مشوش
tashwiish,تَشْوِيش,تشويش
shawwish,شَوِّش,شوش
2itshawwash,اِتْشَوَّش,اتشوش
yshawwish,يشَوِّش,يشوش
yitshawwash,يِتْشَوَّش,يتشوش
shawwash,شَوَّش,شوش
tshawwash,تْشَوَّش,تشوش
shoosha7a,شَوشَحَة,شوشحة
shooshi7,شَوشِح,شوشح
yshooshi7,يشَوشِح,يشوشح
shoosha7,شَوشَح,شوشح
mshooshir,مْشَوشِر,مشوشر
shooshara,شَوشَرَة,شوشرة
shooshir,شَوشِر,شوشر
yshooshir,يشَوشِر,يشوشر
shooshar,شَوشَر,شوشر
mishwaat,مِشْوَاط,مشواط
mshawwit,مْشَوِّط,مشوط
shaayit,شَايِط,شايط
shaayit,شَايِط,شايط
shawwaata,شَوَّاطَة,شواطة
shoote,شَوطَة,شوطة
shoot,شَوط,شوط
shwaat,شْوَاط,شواط
shuut,شُوط,شوط
shawwit,شَوِّط,شوط
yshawwit,يشَوِّط,يشوط
yshuut,يشُوط,يشوط
shawwat,شَوَّط,شوط
shaat,شَاط,شاط
shuufaani,شُوفَانِي,شوفاني
shuufaaniyye,شُوفَانِيِّة,شوفانية
shaayif,شَايِف,شايف
shuufe,شُوفِة,شوفة
tashwiif,تَشْوِيف,تشويف
shoofe,شَوفِة,شوفة
shawwaafe,شَوَّافِة,شوافة
shaayif 7aalo,شَايِف حَالُه,شايف حاله
tashwiif 2issaaj,تشويف الصَاج,تشويف الصاج
shufnaalo,شفنَاله,شفناله
shuuf,شُوف,شوف
shawwif,شَوِّف,شوف
yshuuf,يشُوف,يشوف
yshawwif,يشَوِّف,يشوف
shaaf,شَاف,شاف
shawwaf,شَوَّف,شوف
tshaawaf,تْشَاوَف,تشاوف
yitshaawaf,يِتْشَاوَف,يتشاوف
2itshaawaf,اِتْشَاوَف,اتشاوف
shoofeeriyye,شَوفَيرِيِّة,شوفيرية
shoofeer,شَوفَير,شوفير
mushtaaq,مُشْتَاق,مشتاق
shooq,شَوق,شوق
2ishtaaq,اِشْتَاق,اشتاق
shawwiq,شَوِّق,شوق
yishtaaq,يِشْتَاق,يشتاق
yshawwiq,يشَوِّق,يشوق
2ishtaaq,اِشْتَاق,اشتاق
shawwaq,شَوَّق,شوق
shooke,شَوكِة,شوكة
shiik,شِيك,شيك
shook,شَوك,شوك
shuwak,شُوَك,شوك
yqalli3 shooko b2iido,يقَلِّع شَوكُه بإِيدُه,يقلع شوكه بإيده
shawwik,شَوِّك,شوك
2itshawwak,اِتْشَوَّك,اتشوك
yshawwik,يشَوِّك,يشوك
yitshawwak,يِتْشَوَّك,يتشوك
shawwak,شَوَّك,شوك
tshawwak,تْشَوَّك,تشوك
shwaal,شْوَال,شوال
shool,شَول,شول
mashwi,مَشْوِي,مشوي
shaawi,شَاوِي,شاوي
shwayy,شْوَيّ,شوي
shawi,شَوِي,شوي
2inshiwi,اِنْشِوِي,انشوي
2ishwi,اِشْوِي,اشوي
yishwi,يِشْوِي,يشوي
yinshiwi,يِنْشِوِي,ينشوي
shawa,شَوَى,شوى
2inshawa,اِنْشَوَى,انشوى
shii,شِي,شي
2asheen,أَشَين,أشين
shii,شِي,شي
shayy,شَيّ,شي
2ishi,إِشِي,إشي
2ishi wishwayyaat,إِشِي وشْوَيَّات,إشي وشويات
shii,شِي,شي
shii,شِي,شي
kulshi,كُلّ شِي,كل شي
shaayib,شَايِب,شايب
shiibaan,شِيبَان,شيبان
sheeb,شَيب,شيب
shaab sha3ir raasi,شَاب شعر رَاسي,شاب شعر راسي
ba3id maa shaab wadduu 2ilkuttaab,بعد مَا شَاب ودوه الكتَّاب,بعد ما شاب ودوه الكتاب
bishayyib sha3ir 2irraas,بيشيِّب شعر الرَاس,بيشيب شعر الراس
2akal raaso 2ishsheeb,أَكَل رَاسُه الشَّيب,أكل راسه الشيب
shaayib 3aayib,شَايِب عَايِب,شايب عايب
dineen 2ishshaayib,ذنين الشَايب,ذنين الشايب
shayyib,شَيِّب,شيب
shiib,شِيب,شيب
yshiib,يشِيب,يشيب
yshayyib,يشَيِّب,يشيب
shaab,شَاب,شاب
shayyab,شَيَّب,شيب
shibs,شِيبْس,شيبس
mashyakha,مَشْيَخَة,مشيخة
sheekh,شَيخ,شيخ
shiikh,شِيخ,شيخ
shyuukh,شْيُوخ,شيوخ
sheekh 2ishshabaab,شِيخ الشبَاب,شيخ الشباب
sheekh mshaqlab,شِيخ مْشَقْلَب,شيخ مشقلب
sheekh 2ilma7shi,شِيخ المَحْشِي,شيخ المحشي
sheekh 2ilqabiile,شِيخ القبِيلِة,شيخ القبيلة
sheekh 2ilmasjid,شِيخ المَسْجِد,شيخ المسجد
2itshayyakh,اِتْشَيَّخ,اتشيخ
yitshayyakh,يِتْشَيَّخ,يتشيخ
tshayyakh,تْشَيَّخ,تشيخ
shiikh,شِيخ,شيخ
2istishyikh,اِسْتَشْيِخ,استشيخ
yshiikh,يشِيخ,يشيخ
yistishyikh,يِسْتَشْيِخ,يستشيخ
2istashyakh,اِسْتَشْيَخ,استشيخ
shaakh,شَاخ,شاخ
shiid,شِيد,شيد
shayyid,شَيِّد,شيد
yshayyid,يشَيِّد,يشيد
shayyad,شَيَّد,شيد
shayyadh,شَيَّذ,شيذ
yshayyidh,يشَيِّذ,يشيذ
shayyidh,شَيِّذ,شيذ
shaadh,شَاذ,شاذ
yshiidh,يشِيذ,يشيذ
shiidh,شِيذ,شيذ
shaayidh,شَايِذ,شايذ
shaayish,شَايِش,شايش
shiishe,شِيشِة,شيشة
shayyish,شَيِّش,شيش
yshayyish,يشَيِّش,يشيش
shayyash,شَيَّش,شيش
shishniyye,شِيشْنيِّة,شيشنية
shii3i,شِيعِي,شيعي
shiyuu3i,شِيُوعِي,شيوعي
shaa2i3,شَائِع,شائع
mashaa3,مَشَاع,مشاع
shii3a,شِيعَة,شيعة
shiyuu3iyye,شِيُوعِيِّة,شيوعية
2ishaa3a,إِشَاعَة,إشاعة
shuyyi3 jusmaano,شُيِّع جُثْمَانُه,شيع جثمانه
shayyi3,شَيِّع,شيع
2itshayya3,اِتْشَيَّع,اتشيع
shii3,شِيع,شيع
yshii3,يشيع,يشيع
yshayyi3,يشَيِّع,يشيع
yitshayya3,يِتْشَيَّع,يتشيع
shaa3,شَاع,شاع
shayya3,شَيَّع,شيع
tshayya3,تْشَيَّع,تشيع
sheef,شَيف,شيف
shiiq,شِيق,شيق
2idde7ke min 2ishshiiq lashsharniiq,الضحكة من الشيق للشرنيق,الضحكة من الشيق للشرنيق
shiik,شِيك,شيك
tashyiik,تَشْيِيك,تشييك
shayyik,شيِّك,شيك
tshayyak,تْشَيَّك,تشيك
yshayyik,يشيِّك,يشيك
yitshayyak,تْشَيَّك,تشيك
shayyak,شَيَّك,شيك
tshayyak,تْشَيَّك,تشيك
sheekil,شَيكِل,شيكل
shawaakil,شَوَاكِل,شواكل
shaayil,شَايِل,شايل
sheel,شَيل,شيل
sheele,شَيلِة,شيلة
sheel 2ilqam7,شَيل القَمْح,شيل القمح
shayyil,شَيِّل,شيل
shiil,شِيل,شيل
yshiil,يشِيل,يشيل
yshayyil,يشَيِّل,يشيل
shaal,شَال,شال
shayyal,شَيَّل,شيل
sheen,شَين,شين
mushiin,مُشِين,مشين
mshayyin,مْشَيَّن,مشين
shayyin,شَيِّن,شين
yshayyin,يشَيِّن,يشين
shayyan,شَيَّن,شين
shiin,شِين,شين
yshiin,يشِين,يشين
shaan,شَان,شان
shiyye,شِيِّة,شية
mi3idto shiyye,معدته شِيِّة,معدته شية
saaje,صَاجِة,صاجة
saaj,صَاج,صاج
saagh,صَاغ,صاغ
saagh saliim,صَاغ سَلِيم,صاغ سليم
saaye,صَايِة,صاية
ssabbe,صَبِّة,صبة
sabaaba,صَبَابَة,صبابة
sabb,صَبّ,صب
sabb tuqlit dammo 3alee,صَبّ ثُقْلِة دَمُّه عَلَيه,صب ثقلة دمه عليه
sabbaab 2ishshaay wilqahwe,صَبَّاب الشَاي وَالقهوة,صباب الشاي والقهوة
sabbaab,صَبَّاب,صباب
2insabb,اِنْصَبّ,انصب
yinsabb,يِنْصَبّ,ينصب
2insabb,اِنْصَبّ,انصب
subb,صُبّ,صب
ysubb,يصُبّ,يصب
sabb,صَبّ,صب
sabaaba,صَبَابَا,صبابا
sabbaa7i,صَبَّاحِي,صباحي
msabbi7,مْصَبِّح,مصبح
msaabi7,مْصَابِح,مصابح
sabaa7iyye,صَبَاحِيِّة,صباحية
subi7,صُبِح,صبح
sabaa7,صَبَاح,صباح
sabaa7,صَبَاح,صباح
tasbii7,تَصْبِيح,تصبيح
sabbuu7,صَبُّوح,صبوح
sabaa7 2ilkheer,صَبَاح الخير,صباح الخير
2isbi7 3asaa3it halmasa,اِصْبِح عسَاعِة هَالمَسَا,اصبح عساعة هالمسا
msaabi7 2immaasi,مصَابح ممَاسي,مصابح مماسي
saba7iyyit rabna,صَبَاحِيِّة ربنَا,صباحية ربنا
sabbi7,صَبِّح,صبح
2istabi7,اِصْطَبِح,اصطبح
2itsabba7,اِتْصَبَّح,اتصبح
2isbi7,اِصْبِح,اصبح
ysabbi7,يصَبِّح,يصبح
yistabi7,يِصْطَبِح,يصطبح
yitsabba7,يِتْصَبَّح,يتصبح
yisbi7,يِصْبِح,يصبح
sabba7,صَبَّح,صبح
2istaba7,اِصْطَبَح,اصطبح
tsabba7,تْصَبَّح,تصبح
2asba7,أَصْبَح,أصبح
sabra,صَبْرَة,صبرة
sabra,صَبْرَة,صبرة
sabbaara,صَبَّارَة,صبارة
tasbiire,تَصْبِيرِة,تصبيرة
sabir,صَبِر,صبر
sabir,صَبِر,صبر
tasbiir,تَصْبِير,تصبير
sabir 2ayyuub,صَبِر أيوب,صبر أيوب
sabri nifid,صَبِري نِفِذ,صبري نفذ
subbaarit barake,صُبَّارة بركة,صبارة بركة
2usbur,اُصْبُر,اصبر
sabbir,صَبِّر,صبر
2istabir,اِصْطَبِر,اصطبر
yusbur,يُصْبُر,يصبر
ysabbir,يصَبِّر,يصبر
yistabir,يِصْطَبِر,يصطبر
subbaara,صُبَّارَة,صبارة
saabir,صَابِر,صابر
sabar,صَبَر,صبر
sabbar,صَبَّر,صبر
2istabar,اِصْطَبَر,اصطبر
sabsabe,صَبْصَبِة,صبصبة
sabsib,صَبْصِب,صبصب
ysabsib,يصَبْصِب,يصبصب
sabsab,صَبْصَب,صبصب
msabba3,مْصَبِّع,مصبع
seeba3a,صَيبَعَة,صيبعة
2isbaa3,إِصْبَاع,إصباع
2asaabi3,أَصَابِع,أصابع
2asaabii3,أَصَابِيع,أصابيع
2isba3,إِصْبَع,إصبع
musba3aaniyyaat,مُصْبَعَانِيَّات,مصبعانيات
sha33al 2asaab3o 2il3ashra,شَعَّل أَصَابْعُه العَشْرَة,شعل أصابعه العشرة
2irbut 2isba3ak mlii7 laa bidmi wala biqkii7,اِِرْبُط إِصْبَعَك مْلِيح لَا بْيِدْمِي ولَا بِيقِيح,اربط إصبعك مليح لا بيدمي ولا بيقيح
sabbi3,صَبِّع,صبع
ysabbi3,يصَبِّع,يصبع
sabba3,صَبَّع,صبع
masbuugh,مَصْبُوغ,مصبوغ
sabgha,صَبْغَة,صبغة
jiize tusbughak,جيزِة تصبغك,جيزة تصبغك
2usbugh,اُصْبُغ,اصبغ
2itsabbagh,اِتْصَبَّغ,اتصبغ
saabigh,صَابِغ,صابغ
yusbugh,يُصْبُغ,يصبغ
yitsabbagh,يِتْصَبَّغ,يتصبغ
sabagh,صَبَغ,صبغ
tsabbagh,تْصَبَّغ,تصبغ
sabbaane,صَبَّانِة,صبانة
saabuune,صَابُونِة,صابونة
sabbaan,صَبَّان,صبان
saabuun,صَابُون,صابون
sabbaane,صَبَّانِة,صبانة
sawaabiin,صَوَابِين,صوابين
2akhtaam 2issaabuun,أَخْتَام الصَّابُون,أختام الصابون
2il3atab saabuun 2ilqalb,العَتَب صَابُون القَلْب,العتب صابون القلب
saabuune naabulsiyye,صَابُونِة نَابُلسِيِّة,صابونة نابلسية
saabuunit 2irrukbe,صَابُونِة الرُّكْبِة,صابونة الركبة
saabuun 2iljali,صَابُون الجَلِي,صابون الجلي
saabuun saa2il,صَابُون سَائِل,صابون سائل
soobin,صَوبِن,صوبن
ysoobin,يصَوبِن,يصوبن
sooban,صَوبَن,صوبن
mutasaabi,مُتَصَابِي,متصابي
sabi,صَبِي,صبي
sibyaan,صِبْيَان,صبيان
sabaaya,صَبَايَا,صبايا
7asan sabi,حسن صَبِي,حسن صبي
tayiiji 2issabi binsalli 3annabi,تَييجي الصَّبي بنصلِّي عَالنَّبي,تييجي الصبي بنصلي عالنبي
2itsaaba,اِتْصَابَى,اتصابى
yitsaaba,يِتْصَابَى,يتصابى
tsaaba,تْصَابَى,تصابى
su7be,صُحْبِة,صحبة
saa7ib,صَاحِب,صاحب
2as7aab,أَصْحَاب,أصحاب
2as7aabiin,أَصْحَابِين,أصحابين
msaa7ib,مْصَاحِب,مصاحب
saa7ib nakhwe,صَاحِب نَخْوَة,صاحب نخوة
saa7ib 2ilmushkile,صَاحِب المشكلة,صاحب المشكلة
saa7ib 2ard,صَاحِب أرض,صاحب أرض
saa7ib saa7bo,صَاحِب صَاحبه,صاحب صاحبه
saa7ib masla7a,صَاحِب مَصْلَحَة,صاحب مصلحة
saa7ib masla7a,صَاحِب مَصْلَحَة,صاحب مصلحة
yudrub su7be,يُضْرُب صُحْبِة,يضرب صحبة
saa7ib waajib,صَاحِب وَاجب,صاحب واجب
2i7zar 3aduuwak marra wusaa7bak miit marra,اِحذر عدوك مرة وصَاحْبَك مية مرة,احذر عدوك مرة وصاحبك مية مرة
saa7ib diin,صَاحِب دين,صاحب دين
saa7ib khuluq,صَاحِب خُلُق,صاحب خلق
saa7ib mruwwe,صَاحِب مروِّة,صاحب مروة
saa7ib natte,صَاحِب نَتِّة,صاحب نتة
saa7ib,صَاحِب,صاحب
2isti7ib,اِصْطِحِب,اصطحب
ysaa7ib,يصَاحِب,يصاحب
yisti7ib,يِصْطِحِب,يصطحب
saa7ab,صَاحَب,صاحب
2ista7ab,اِصْطَحَب,اصطحب
sa7ii7,صَحِيح,صحيح
si77i,صِحِّي,صحي
si77a,صِحَّة,صحة
masa77a,مَصَحَّة,مصحة
sa77,صَحّ,صح
sa77 badanak,صَحّ بدنك,صح بدنك
3adad sa7ii7,عَدَد صَحِيح,عدد صحيح
sa77atlo,صَحّتله,صحتله
2itsa77a7,اِتْصَحَّح,اتصحح
yitsa77a7,يِتْصَحَّح,يتصحح
tsa77a7,تْصَحَّح,تصحح
sa77i7,صَحِّح,صحح
si77,صِحّ,صح
ysi77,يصِحّ,يصح
tas7ii7,تَصْحِيح,تصحيح
ysa77i7,يصَحِّح,يصحح
sa77,صَحّ,صح
sa77a7,صَحَّح,صحح
sa7sa7a,صَحْصَحَة,صحصحة
msa7si7,مْصَحْصِح,مصحصح
sa7si7,صَحْصِح,صحصح
ysa7si7,يصَحْصِح,يصحصح
sa7sa7,صَحْصَح,صحصح
sa7aafe,صَحَافِة,صحافة
sa7iife,صَحِيفِة,صحيفة
mus7af,مُصْحَف,مصحف
mitil 2innuqta filmus7af,مثل النُّقطة في المصحف,مثل النقطة في المصحف
sa7afi,صَحَفِي,صحفي
masaa7if,مَصَاحِف,مصاحف
sa7in,صَحِن,صحن
s7uun,صَحِن,صحن
saa7i,صَاحِي,صاحي
sa7u,صَحُو,صحو
si7u,صِحُو,صحو
saa7i,صَاحِي,صاحي
tis7aaye,تِصْحَايِة,تصحاية
sa7we,صَحْوِة,صحوة
si7i 3a7aalo,صِحِي عحَاله,صحي عحاله
2is7a,اِصْحَى,اصحى
sa77i,صَحِّي,صحي
yis7a,يِصْحَى,يصحى
ysa77i,يصَحِّي,يصحي
si7i,صِحِي,صحي
sa77a,صَحَّى,صحى
2is7,اِصْحَى,اصحى
2is7ak,اِصْحَك,اصحك
sakhra,صَخْرَة,صخرة
sakhir,صَخِر,صخر
7afar bissakhir,حَفَر بَالصَّخِر,حفر بالصخر
saad,صَاد,صاد
sadde,صَدِّة,صدة
2insadd,اِنْصَدّ,انصد
yinsadd,يِنْصَدّ,ينصد
2insadd,اِنْصَدّ,انصد
laa bisudd wala birudd,لَا بيصُد ولَا بيرُد,لا بيصد ولا بيرد
sudd,صُدّ,صد
ysudd,يصُدّ,يصد
sadd,صَدّ,صد
mutasaddir,مُتَصَدِّر,متصدر
musaadar,مُصَادَر,مصادر
sidriyye,صِدْرِيِّة,صدرية
sidir,صِدِر,صدر
sadir,صَدِر,صدر
sdeeri,صْدَيرِي,صديري
tasdiir,تَصْدِير,تصدير
masdar,مَصْدَر,مصدر
sduur,صْدُور,صدور
masaadir,مَصَادِر,مصادر
khudu 2ilbanaat min sduur 2il3ammaat,خُذُوَا البنَات من صْدُور العمَّات,خذوا البنات من صدور العمات
faarid sidro,فَارِد صِدْرُه,فارد صدره
daqq 3asidro,دَقّ عَصَدْرُه,دق عصدره
faati7 sidro,فَاتح صِدْرُه,فاتح صدره
7attuu 3asidro balaata,حَطُّوا عَصِدْرُه بَلَاطَة,حطوا عصدره بلاطة
saddir,صَدِّر,صدر
2itsaddar,اِتْصَدَّر,اتصدر
saadir,صَادِر,صادر
2isdir,اِصْدِر,اصدر
ysaddir,يصَدِّر,يصدر
yitsaddar,يِتْصَدَّر,يتصدر
ysaadir,يصَادِر,يصادر
yisdir,يِصْدِر,يصدر
saddar,صَدَّر,صدر
tsaddar,تْصَدَّر,تصدر
saadar,صَادَر,صادر
2asdar,أَصْدَر,أصدر
msaddi3,مْصَدِّع,مصدع
sudaa3,صُدَاع,صداع
saddi3,صَدِّع,صدع
ysaddi3,يصَدِّع,يصدع
sadda3,صَدَّع,صدع
musaadif,مُصَادِف,مصادف
sudfe,صُدْفِة,صدفة
sadafe,صَدَفِة,صدفة
sadaf,صَدَف,صدف
sudaf,صُدَف,صدف
yaa ma7aasin 2issudaf,يَا محَاسِن الصُّدَف,يا محاسن الصدف
2isduf,اِصْدُف,اصدف
2usduf,اُصْدُف,اصدف
saadif,صَادِف,صادف
yisduf,يِصْدُف,يصدف
yusduf,يُصْدُف,يصدف
ysaadif,يصَادِف,يصادف
sadaf,صَدَف,صدف
saadaf,صَادَف,صادف
saadiqsaadi2,صَادَق,صادق
sadaqasada2a,صَدَقَة,صدقة
sadaaqa,صَدَاقَة,صداقة
sadiiq,صَدِيق,صديق
sidiqsidi2,صِدِق,صدق
2asdiqaa2,أَصْدِقَاء,أصدقاء
maa saddaqit 3a2alla,مَا صَدِّقِت عَالله,ما صدقت عالله
maa saddaqit masaadiiq 2alla,مَا صَدِّقِت مَصَادِيق الله,ما صدقت مصاديق الله
sadiiq saduuq,صَدِيق صدوق,صديق صدوق
2usduq,اُصْدُق,اصدق
saddiqsaddi2,صَدِّق,صدق
saadiq,صَادِق,صادق
tsaddaqtsadda2,تْصَدَّق,تصدق
yusduq,يُصْدُق,يصدق
ysaddiqysaddi2,يصَدِّق,يصدق
ysaadiq,يصَادِق,يصادق
yitsaddaqyitsadda2,يِتْصَدَّق,يتصدق
sadaq,صَدَق,صدق
saddaqsadda2,صَدَّق,صدق
saadaq,صَادَق,صادق
tsaddaqtsadda2,تْصَدَّق,تصدق
2isdum,اِصْدِم,اصدم
2insidim,اِنْصِدِم,انصدم
2inisdim,اِنِصْدِم,انصدم
2itsaadam,اِتْصَادَم,اتصادم
2istidim,اِصْطِدِم,اصطدم
yisdum,يِصْدِم,يصدم
yinsidim,يِنْصِدِم,ينصدم
sadme,صَدْمِة,صدمة
yinisdim,يِنِصْدِم,ينصدم
yitsaadam,يِتْصَادَم,يتصادم
yistidim,يِصْطِدِم,يصطدم
sadam,صَدَم,صدم
2insadam,اِنْصَدَم,انصدم
tsaadam,تْصَادَم,تصادم
2istadam,اِصْطَدَم,اصطدم
msaddi,مْصَدِّي,مصدي
msaddi,مْصَدِّي,مصدي
sada,صَدَا,صدا
sada,صَدَى,صدى
3iddi rjaalik 3iddi min liqra3 lalimsaddi,عدي رجَالك عدي من الإِقرع للمصدي,عدي رجالك عدي من الإقرع للمصدي
2isda,اِصْدَا,اصدا
saddi,صَدِّي,صدي
yisda,يِصْدَا,يصدا
ysaddi,يصَدِّي,يصدي
sidi,صِدِي,صدي
sadda,صَدَّى,صدى
2itsadda,اِتْصَدَّى,اتصدى
yitsadda,يِتْصَدَّى,يتصدى
tsadda,تْصَدَّى,تصدى
mitsarbi3,مِتْصَرْبِع,متصربع
mitsarbi3,مِتْصَرْبِع,متصربع
sarbi3,صَرْبِع,صربع
2itsarba3,اِتْصَرْبَع,اتصربع
ysarbi3,يصَرْبِع,يصربع
yitsarba3,يِتْصَرْبَع,يتصربع
sarba3,صَرْبَع,صربع
tsarba3,تْصَرْبَع,تصربع
sarii7,صَرِيح,صريح
saraa7a,صَرَاحَة,صراحة
tasrii7,تَصْرِيح,تصريح
tasrii7,تَصْرِيح,تصريح
tasaarii7,تَصَارِيح,تصاريح
2itsaara7,اِتْصَارَح,اتصارح
yitsaara7,يِتْصَارَح,يتصارح
tsaara7,تْصَارَح,تصارح
2itsarra7,اِتْصَرَّح,اتصرح
yitsarra7,يِتْصَرَّح,يتصرح
tsarra7,تْصَرَّح,تصرح
sarri7,صَرِّح,صرح
saari7,صَارِح,صارح
ysarri7,يصَرِّح,يصرح
ysaari7,يصَارِح,يصارح
sarra7,صَرَّح,صرح
saara7,صَارَح,صارح
sraakh,صْرَاخ,صراخ
2usrukh,اُصْرُخ,اصرخ
yusrukh,يُصْرُخ,يصرخ
sarakh,صَرَخ,صرخ
sriikh,صْرِيخ,صريخ
saaruukh,صَارُوخ,صاروخ
sawaariikh,صَوَارِيخ,صواريخ
saaruukhi,صَارُوخِي,صاروخي
sarkha,صَرْخَة,صرخة
sarrikh,صَرِّخ,صرخ
ysarrikh,يصَرِّخ,يصرخ
sarrakh,صَرَّخ,صرخ
musirr,مُصِرّ,مصر
surra,صُرَّة,صرة
musraara,مُصْرَارَة,مصرارة
saraar,صَرَار,صرار
2israar,إِصْرَار,إصرار
surar,صُرَر,صرر
2abu surra,أَبُو صُرَّة,أبو صرة
zaytuun surri,زَيْتُون صُرِّي,زيتون صري
surri,صُرِّي,صري
surr,صُرّ,صر
sirr,صِرّ,صر
ysurr,يصُرّ,يصر
ysirr,يصِرّ,يصر
sarr,صَرّ,صر
2asarr,أَصَرّ,أصر
sirs,صِرْص,صرص
sarsuur,صَرْصُور,صرصور
sarsuur,صَرْصُور,صرصور
saraasiir,صَرَاصِير,صراصير
7awaajbo mitil 2issarsuur,حَوَاجْبُه مِثِل الصَّرْصُور,حواجبه مثل الصرصور
sartalliyye,صَرْطَلِّيّة,صرطلية
masruu3,مَصْرُوع,مصروع
masarii3,مَصَارِيع,مصاريع
sar3a,صَرْعَة,صرعة
musaara3a,مُصَارَعَة,مصارعة
sara3,صَرَع,صرع
siraa3,صِرَاع,صراع
2abu sraa3,أَبو صْرَاع,أبو صراع
2isra3,اِصْرَع,اصرع
2insiri3,اِنْصِرِع,انصرع
saari3,صَارِع,صارع
2itsaara3,اِتْصَارَع,اتصارع
yisra3,يِصْرَع,يصرع
yinsiri3,يِنْصِرِع,ينصرع
ysaari3,يصَارِع,يصارع
yitsaara3,يِتْصَارَع,يتصارع
sara3,صَرَع,صرع
tasaaru3,تَصَارُع,تصارع
2insara3,اِنْصَرَع,انصرع
saara3,صَارَع,صارع
tsaara3,تْصَارَع,تصارع
masrafji,مَصْرَفْجِي,مصرفجي
sarriif,صَرِّيف,صريف
mitsarrif,مِتْصَرَّف,متصرف
sraafe,صْرَافِة,صرافة
sarf,صَرْف,صرف
masruuf,مَصْرُوف,مصروف
tasarruf,تَصَرُّف,تصرف
masrif,مَصْرِف,مصرف
masraf,مَصْرَف,مصرف
musraf,مُصْرَف,مصرف
sarraaf,صَرَّاف,صراف
masaariif,مَصَارِيف,مصاريف
masaarif,مَصَارِف,مصارف
masaarif,مَصَارِف,مصارف
masaarif,مَصَارِف,مصارف
2isrif,اِصْرِف,اصرف
sarrif,صَرِّف,صرف
2itsarraf,اِتْصَرَّف,اتصرف
2insirif,اِنْصِرِف,انصرف
2itmasraf,اِتْمَصْرَف,اتمصرف
yisrif,يِصْرِف,يصرف
yitmasraf,يِتْمَصْرَف,يتمصرف
ysarrif,يصَرِّف,يصرف
yitsarraf,يِتْصَرَّف,يتصرف
yinsirif,يِنْصِرِف,ينصرف
saraf,صَرَف,صرف
tmasraf,تْمَصْرَف,تمصرف
sarraf,صَرَّف,صرف
tsarraf,تْصَرَّف,تصرف
2insaraf,اِنْصَرَف,انصرف
2usruk,اُصْرُك,اصرك
yusruk,يُصْرُك,يصرك
sarak,صَرَك,صرك
surmaaye,صُرْمَايِة,صرماية
saraami,صَرَامِي,صرامي
wijho mitil 2issurmaaye,وجهه مثل الصُّرْمَايِة,وجهه مثل الصرماية
surtillo surmaaye,صرتله صُرْمَايِة,صرتله صرماية
zayy surmaayit 2il3iid,زي صُرْمَايِة العيد,زي صرماية العيد
surmaayaati,صُرْمَايَاتِي,صرماياتي
sarma7a,صَرْمَحَة,صرمحة
2itsarma7,اِتْصَرْمَح,اتصرمح
yitsarma7,يِتْصَرْمَح,يتصرمح
tsarma7,تْصَرْمَح,تصرمح
mustabe,مُصْطَبِة,مصطبة
mastabe,مَصْطَبِة,مصطبة
masaatib,مَصَاطِب,مصاطب
qaa3de 3al mustabe,قَاعدة عَالمُصْطَبِة,قاعدة عالمصطبة
2alla yistifil fiik,الله يِصْطِفِل فيك,الله يصطفل فيك
2istifil,اِصْطِفِل,اصطفل
yistifil,يِصْطِفِل,يصطفل
2istafal,اِصْطَفَل,اصطفل
sa3ib,صَعِب,صعب
su3uube,صُعُوبِة,صعوبة
2itsa33ab,اِتْصَعَّب,اتصعب
yitsa33ab,يِتْصَعَّب,يتصعب
tsa33ab,تْصَعَّب,تصعب
2is3ab,اِصْعَب,اصعب
sa33ib,صَعِّب,صعب
2istas3ib,اِسْتَصْعِب,استصعب
yis3ab,يِصْعَب,يصعب
ysa33ib,يصَعِّب,يصعب
yistas3ib,يِسْتَصْعِب,يستصعب
si3ib,صِعِب,صعب
sa33ab,صَعَّب,صعب
2as3ab,أَصْعَب,أصعب
2istas3ab,اِسْتَصْعَب,استصعب
si3ib 3alee,صِعِب عليه,صعب عليه
2illi byis3ab 3aleek byifqirak,اللي بيصعب عليك بيفقرك,اللي بيصعب عليك بيفقرك
mas3uuq,مَصْعُوق,مصعوق
saa3iqa,صَاعِقَة,صاعقة
sawaa3iq,صَوَاعِق,صواعق
nizil 3alee 2ilkhabar mitil 2issaa3iqa,نِزِل عَلَيه الخَبَر مِثْل الصَّاعِقَة,نزل عليه الخبر مثل الصاعقة
2is3aq,اِصْعَق,اصعق
2insi3iq,اِنْصِعِق,انصعق
yis3aq,يِصْعَق,يصعق
yinsi3iq,يِنْصِعِق,ينصعق
yinis3iq,يِنِصْعِق,ينصعق
sa3aq,صَعَق,صعق
2insa3aq,اِنْصَعَق,انصعق
zghiir,صْغِير,صغير
zghaar,صْغَار,صغار
zghiir,صْغِير,صغير
zghaar,صْغَار,صغار
bala zughra,بلَا صُغْرَة,بلا صغرة
qaadi 2izghaar shanaq 7aalo,قَاضي الصغَار شنق حَاله,قاضي الصغار شنق حاله
szaghghir,صَغِّر,صغر
2istasghir,اِسْتَصْغِر,استصغر
sughra,صُغْرَة,صغرة
2itszaghghar,اِتْصَغَّر,اتصغر
yitszaghghar,يِتْصَغَّر,يتصغر
tszaghghar,تْصَغَّر,تصغر
2iszghar,اِصْغَر,اصغر
yiszghar,يِصْغَر,يصغر
yszaghghir,يصَغِّر,يصغر
yistasghir,يِسْتَصْغِر,يستصغر
szighir,صِغِر,صغر
szaghghar,صَغَّر,صغر
2istasghar,اِسْتَصْغَر,استصغر
musaafa7a,مُصَافَحَة,مصافحة
saf7a,صَفْحَة,صفحة
sfii7a,صْفِيحَة,صفيحة
saf7,صَفْح,صفح
sfaa7,صْفَاح,صفاح
saafi7,صَافِح,صافح
bissaafi7,بَالصَّافح,بالصافح
saf7a wintawit,صَفْحَة وَانطوت,صفحة وانطوت
saf7itak sooda,صَفْحَتك سودَا,صفحتك سودا
saf7itak beeda,صَفْحَتك بيضَا,صفحتك بيضا
yi7riq sfaa7 2illi khallafak,يِحرِق صْفَاح اللي خلَّفك,يحرق صفاح اللي خلفك
2isfa7,اِصْفَح,اصفح
saafi7,صَافِح,صافح
2itsaffa7,اِتْصَفَّح,اتصفح
yisfa7,يِصْفَح,يصفح
ysaafi7,يصَافِح,يصافح
yitsaffa7,يِتْصَفَّح,يتصفح
safa7,صَفَح,صفح
saafa7,صَافَح,صافح
tsaffa7,تْصَفَّح,تصفح
safra,صَفْرَا,صفرا
safra,صَفْرَا,صفرا
2asfar,أَصْفَر,أصفر
msafrin,مْصَفْرِن,مصفرن
sufur,صُفُر,صفر
2isfar,إِصْفَر,إصفر
sifir,صِفِر,صفر
2asfaar,أَصْفَار,أصفار
sifriyye,صِفْرِيِّة,صفرية
2asfaar,أَصْفَار,أصفار
sifir,صِفِر,صفر
suffaara,صُفَّارَة,صفارة
misfaar,مِصْفَار,مصفار
safaar,صَفَار,صفار
masaafir,مَصَافِر,مصافر
di7ke safra,ضِحْكِة صَفْرَا,ضحكة صفرا
daa2 2issufur,دَاء الصُّفُر,داء الصفر
sifir 3ashmaal,صِفِر عَالشمَال,صفر عالشمال
saffir,صَفِّر,صفر
safrin,صَفْرِن,صفرن
ysaffir,يصَفِّر,يصفر
ysafrin,يصَفْرِن,يصفرن
saffar,صَفَّر,صفر
safran,صَفْرَن,صفرن
safartaas,صَفَرْطَاس,صفرطاس
2isfa3,اِصْفَع,اصفع
yisfa3,يِصْفَع,يصفع
safa3,صَفَع,صفع
saf3a,صَفْعَة,صفعة
saffe,صَفِّة,صفة
saff,صَفّ,صف
sfuuf,صْفُوف,صفوف
saffit snaan,صَفِّة سنَان,صفة سنان
suff,صُفّ,صف
saffif,صَفِّف,صفف
ysuff,يصُفّ,يصف
ysaffif,يصَفِّف,يصفف
saff,صَفّ,صف
saffaf,صَفَّف,صفف
ysuff 7aki,يصُفّ حَكِي,يصف حكي
safan,صَفَن,صفن
yusfun,يُصْفُن,يصفن
2usfun,اُصْفُن,اصفن
saafin,صَافِن,صافن
safne,صَفْنِة,صفنة
tsaffan,تْصَفَّن,تصفن
yitsaffan,يِتْصَفَّن,يتصفن
2itsaffan,اِتْصَفَّن,اتصفن
saafi,صَافي,صافي
saffaaye,صَفَّايِة,صفاية
safa,صَفَا,صفا
misfaaye,مِصْفَايِة,مصفاية
masaafi,مَصَافِي,مصافي
niito saafye,نيته صَافية,نيته صافية
saafi yaa laban,صَافي يَا لبن,صافي يا لبن
2itsaffa,اِتْصَفَّى,اتصفى
yitsaffa,يِتْصَفَّى,يتصفى
tsaffa,تْصَفَّى,تصفى
saffi,صَفِّى,صفى
2itsaafa,اِتْصَافَى,اتصافى
2isfa,اِصْفَى,اصفى
yisfa,يِصْفَى,يصفى
ysaffi,يصَفِّى,يصفى
yitsaafa,يِتْصَافَى,يتصافى
sifi,صِفِي,صفي
saffa,صَفَّى,صفى
tsaafa,تْصَافَى,تصافى
suquur,صُقُور,صقور
saqir,صَقِر,صقر
2isqil,اِصْقِل,اصقل
yisqil,يِصْقِل,يصقل
saqal,صَقَل,صقل
saliibe,صَلِيبِة,صليبة
salb,صَلْب,صلب
sulb,صُلْب,صلب
saliib,صَلِيب,صليب
2ism 2issaliib,اِسم الصليب,اسم الصليب
2uslub,اُصْلُب,اصلب
2itsallab,اِتْصَلَّب,اتصلب
2aslab,أَصْلَب,أصلب
yuslub,يُصْلُب,يصلب
yitsallab,يِتْصَلَّب,يتصلب
salab,صَلَب,صلب
tsallab,تْصَلَّب,تصلب
masla7ji,مَصْلَحْجِي,مصلحجي
musla7a,مُصْلَحَة,مصلحة
masla7a,مَصْلَحَة,مصلحة
2islaa7,إِصْلَاح,إصلاح
mustala7,مُصْطَلَح,مصطلح
musaal7a,مُصَالَحَة,مصالحة
2islaa7i,إِصْلَاحي,إصلاحي
taslii7,تَصْلِيح,تصليح
salaa7,صَلَاح,صلاح
sulu7,صُلُح,صلح
masaali7,مَصَالِح,مصالح
2itsalla7,اِتْصَلَّح,اتصلح
yitsalla7,يِتْصَلَّح,يتصلح
tsalla7,تْصَلَّح,تصلح
2itmasla7,اِتْمَصْلَح,اتمصلح
saali7,صَالِح,صالح
2isla7,اِصْلَح,اصلح
2insili7,اِنْصِلِح,انصلح
salli7,صَلِّح,صلح
2istasli7,اِسْتَصْلِح,استصلح
yitmasla7,يِتْمَصْلَح,يتمصلح
yisla7,يِصْلَح,يصلح
yinsili7,يِنْصِلِح,ينصلح
ysalli7,يصَلِّح,يصلح
yistasli7,يِسْتَصْلِح,يستصلح
ysaali7,يصَالِح,يصالح
sili7,صِلِح,صلح
2insala7,اِنْصَلَح,انصلح
salla7,صَلَّح,صلح
2istasla7,اِسْتَصْلَح,استصلح
saala7,صَالَح,صالح
tmasla7,تْمَصْلَح,تمصلح
mitsalta7,مِتْصَلْطِح,متصلطح
salta7a,صَلْطَحَة,صلطحة
2itsalta7,اِتْصَلْطَح,اتصلطح
yitsalta7,يِتْصَلْطَح,يتصلطح
tsalta7,تْصَلْطَح,تصلطح
msaltim,مْصَلْطِم,مصلطم
saltim,صَلْطِم,صلطم
ysaltim,يصَلْطِم,يصلطم
saltam,صَلْطَم,صلطم
sal3a,صَلْعَا,صلعا
msalli3,مْصَلِّع,مصلع
2asla3,أَصْلَع,أصلع
misla33,مِصْلَعّ,مصلع
sulu3,صُلُع,صلع
sal3a,صَلْعَة,صلعة
sala3,صَلَع,صلع
salli3,صَلِّع,صلع
ysalli3,يصَلِّع,يصلع
salla3,صَلَّع,صلع
saale,صَالِة,صالة
saaloon,صَالَون,صالون
msalli,مْصَلِّي,مصلي
salaa,صَلَاة,صلاة
msallayye,مْصَلَّيِة,مصلية
salawiyye,صَلَويِّة,صلوية
msalla,مْصَلَّى,مصلى
mish msalli 3annabi,مش مصلي عَالنبي,مش مصلي عالنبي
salli,صَلِّى,صلى
ysalli,يصَلِّى,يصلى
salla,صَلَّى,صلى
saamit,صَامِت,صامت
samt,صَمْت,صمت
2ismut,اُصْمُت,اصمت
yismut,يِصْمُت,يصمت
samat,صَمَت,صمت
saamid,صَامِد,صامد
masmuud,مَصْمُود,مصمود
samade,صَمَادِة,صمادة
sammade,صَمَّادِة,صمادة
samadiyye,صَمَدِيِّة,صمدية
sumuud,صُمُود,صمود
2usmud,اُصْمُد,اصمد
2insamid,اِنْصَمِد,انصمد
sammid,صَمِّد,صمد
yusmud,يُصْمُد,يصمد
yinsamid,يِنْصَمِد,ينصمد
ysammid,يصَمِّد,يصمد
samad,صَمَد,صمد
2insamad,اِنْصَمَد,انصمد
sammad,صَمَّد,صمد
samsuum,صَمْصُوم,صمصوم
samaasiim,صَمَاصِيم,صماصيم
samigh,صَمِغ,صمغ
samigh 2iddaan,صَمِغ الذَّان,صمغ الذان
2itsammagh,اِتْصَمَّغ,اتصمغ
yitsammagh,يِتْصَمَّغ,يتصمغ
tsammagh,تْصَمَّغ,تصمغ
sammigh,صَمِّغ,صمغ
ysammigh,يصَمِّغ,يصمغ
sammagh,صَمَّغ,صمغ
summeele,صُمَّيلِة,صميلة
summeel,صُمَّيل,صميل
sammaa2,صَمَّاء,صماء
2asamm,أَصَمّ,أصم
summ,صُمّ,صم
tasmiim,تَصْمِيم,تصميم
sammaam,صَمَّام,صمام
sammim,صَمِّم,صمم
2insamm,اِنْصَمّ,انصم
ysammim,يصَمِّم,يصمم
yinsamm,يِنْصَمّ,ينصم
sammam,صَمَّم,صمم
2insamm,اِنْصَمّ,انصم
sneeb3a,صْنَيبْعَة,صنيبعة
sanja,صَنْجَا,صنجا
2asnaj,أَصْنَج,أصنج
sunuj,صُنُج,صنج
sannij,صَنِّج,صنج
ysannij,يصَنِّج,يصنج
sannaj,صَنَّج,صنج
sandii7a,صَنْدِيحَة,صنديحة
sanaadii7,صَنَادِيح,صناديح
sunduuq,صَنْدُوق,صندوق
sanaadiiq,صَنَادِيق,صناديق
sunduuq 2iseesam,صندوق السيسم,صندوق السيسم
sandal,صَنْدَل,صندل
sandal,صَنْدَل,صندل
sanaadil,صَنَادِل,صنادل
sannaara,صَنَّارَة,صنارة
ghamzat 2issanaara,غَمْزَت الصَّنَارة,غمزت الصنارة
msansin,مْصَنْصِن,مصنصن
sansane,صَنْصَنِة,صنصنة
sansin,صَنْصِن,صنصن
ysansin,يصَنْصِن,يصنصن
sansan,صَنْصَن,صنصن
sinaa3a,صِنَاعَة,صناعة
mutasanni3,مُتَصَنِّع,متصنع
saani3,صَانِع,صانع
san3a,صَنْعَة,صنعة
saan3a,صَانْعَة,صانعة
masna3,مَصْنَع,مصنع
sanaay3i,صَنَايْعِي,صنايعي
masaani3,مَصَانِع,مصانع
2akl wumar3a wuqillet san3a,أَكل ومرعى وقلة صنعة,أكل ومرعى وقلة صنعة
sabi3 sanaayi3 wilbakht daayi3,سبع صنَايع وَالبخت ضَايع,سبع صنايع والبخت ضايع
2insini3,اِنْصِنِع,انصنع
yinsini3,يِنْصِنِع,ينصنع
2insana3,اِنْصَنَع,انصنع
sanni3,صَنِّع,صنع
2isna3,اِصْنَع,اصنع
2itsanna3,اِتْصَنَّع,اتصنع
ysanni3,يصَنِّع,يصنع
yisna3,يِصْنَع,يصنع
yitsanna3,يِتْصَنَّع,يتصنع
sanna3,صَنّع,صنع
sana3,صَنَع,صنع
tsanna3,تْصَنَّع,تصنع
tasniif,تَصْنِيف,تصنيف
sanf,صَنْف,صنف
sinf,صِنْف,صنف
2asnaaf,أَصْنَاف,أصناف
2itsannaf,اِتْصَنَّف,اتصنف
yitsannaf,يِتْصَنَّف,يتصنف
tsannaf,تْصَنَّف,تصنف
sannif,صَنِّف,صنف
ysannif,يصَنِّف,يصنف
sannaf,صَنَّف,صنف
msannim,مْصَنِّم,مصنم
2asnaam,أَصْنَام,أصنام
sanam,صَنَم,صنم
sanne,صَنِّة,صنة
sanaayin,صَنَايِن,صناين
sunni,صِنّ,صن
tsunn,يصُنّ,يصن
sannat,صَنّ,صن
sanoobar,صْنَوبَر,صنوبر
siiniyye,صِينِيِّة,صينية
sawaani,صَوَانِي,صواني
2ishadj,اِصْهَج,اصهج
yishadj,يِصْهَج,يصهج
sahadj,صَهَج,صهج
sihir,صِهِر,صهر
2ashaar,أَصْهَار,أصهار
2ashira,أَصْهِرِة,أصهرة
shuura,صْهُورِة,صهورة
msaahara,مْصَاهَرَة,مصاهرة
2itsaahar,اِتْصَاهَر,اتصاهر
yitsaahar,يِتْصَاهَر,يتصاهر
tsaahar,تْصَاهَر,تصاهر
2ishar,اِصْهَر,اصهر
saahir,صَاهِر,صاهر
2insihir,اِنْصِهِر,انصهر
yishar,يِصْهَر,يصهر
yinsihir,يِنْصِهِر,ينصهر
ysaahir,يصَاهِر,يصاهر
sahar,صَهَر,صهر
2insahar,اِنْصَهَر,انصهر
saahar,صَاهَر,صاهر
sihriij,صِهْرِيج,صهريج
sahaariij,صَهَارِيج,صهاريج
sahsane,صَهْصَنِة,صهصنة
2itsahsan,اِتْصَهْصَن,اتصهصن
yitsahsan,يِتْصَهْصَن,يتصهصن
tsahsan,تْصَهْصَن,تصهصن
2imsahlil,مْصَهْلِل,مصهلل
sahlil,صَهْلِل,صهلل
ysahlil,يصَهْلِل,يصهلل
sahlal,صَهْلَل,صهلل
sahwane,صَهْوَنِة,صهونة
2itsahwan,اِتْصَهْوَن,اتصهون
yitsahwan,يِتْصَهْوَن,يتصهون
2itsahwan,تْصَهْوَن,تصهون
suhyuuni,صُهْيُونِيّ,صهيوني
mutasahyin,مُتَصَهْيِن,متصهين
sahaayne,صَهَايْنِة,صهاينة
2itsahyan,اِتْصَهْيَن,اتصهين
yitsahyan,يِتْصَهْيَن,يتصهين
tsahyan,تْصَهْيَن,تصهين
musaab,مُصَاب,مصاب
sawwaab,صَوَّاب,صواب
soob,صَوب,صوب
mitsaawib,مِتْصَاوِب,متصاوب
2isaabe,إِصَابِة,إصابة
msiibe,مْصِيبِة,مصيبة
masaayib,مَصَايِب,مصايب
sooba,صَوبَّة,صوبة
2ili3yaar 2illi maa bisiibak bidwishak,العيَار اللي مَابصيبك بدوشك,العيار اللي مابصيبك بدوشك
siib,صِيب,صيب
2itsaawab,اِتْصَاوَب,اتصاوب
siib,صِيب,صيب
2insaab,اِنْصَاب,انصاب
ysiib,يصِيب,يصيب
yitsaawab,يِتْصَاوَب,يتصاوب
ysiib,يصِيب,يصيب
yinsaab,يِنْصَاب,ينصاب
2asaab,أَصَاب,أصاب
tsaawab,تْصَاوَب,تصاوب
saab,صَاب,صاب
saayb,صَايِب,صايب
2insaab,اِنْصَاب,انصاب
taswiit,تَصْوِيت,تصويت
soot,صَوت,صوت
2aswaat,أَصْوَات,أصوات
fata7it sooti 3alee,فَتَحِت صَوتِي عَلَيه,فتحت صوتي عليه
sawwit,صَوِّت,صوت
ysawwit,يصَوِّت,يصوت
sawwat,صَوَّت,صوت
sooja,صَوجَا,صوجا
2aswaj,أَصْوَج,أصوج
suuj,صُوج,صوج
musawwir,مُصَوِّر,مصور
musawwar,مُصَوَّر,مصور
suura,صُورَة,صورة
taswiir,تَصْوِير,تصوير
suwar,صُوَر,صور
sawwir,صَوِّر,صور
2itsawwar,اِتْصَوَّر,اتصور
ysawwir,يصَوِّر,يصور
yitsawwar,يِتْصَوَّر,يتصور
sawwar,صَوَّر,صور
tsawwar,تْصَوَّر,تصور
saa3,صَاع,صاع
sii3aan,صِيعَان,صيعان
suu3aan,صُوعَان,صوعان
biddi 2aruddillo 2issaa3 saa3een,بِدِّي أَرُدِّله الصَّاع صَاعَين,بدي أردله الصاع صاعين
suufi,صُوفِيّ,صوفي
suufe,صُوفِة,صوفة
suufiyye,صُوفِيِّة,صوفية
suuf,صُوف,صوف
suufto 7amra,صوفْتُه حمرَا,صوفته حمرا
2itsawwaf,اِتْصَوَّف,اتصوف
yitsawwaf,يِتْصَوَّف,يتصوف
tsawwaf,تْصَوَّف,تصوف
saayim,صَايِم,صايم
syaam,صْيَام,صيام
suum,صُوم,صوم
sawwim,صَوِّم,صوم
ysuum,يصُوم,يصوم
ysawwim,يصَوِّم,يصوم
saam,صَام,صام
sawwam,صَوَّم,صوم
msoomi3,مْصَومَع,مصومع
sooma3a,صَومَعَة,صومعة
sawaami3,صَوَامِع,صوامع
2itsooma3,اِتْصَومَع,اتصومع
yitsooma3,يِتْصَومَع,يتصومع
tsooma3,تْصَومَع,تصومع
sawn,صَوْن,صون
siyaane,صِيَانِة,صيانة
taswiine,تَصْوِينِة,تصوينة
saa7bit 2issoon wil3afaaf,صَاحِبة الصَّون وَالعفَاف,صاحبة الصون والعفاف
suun,صُون,صون
sawwin,صَوِّن,صون
ysuun,يصُون,يصون
ysawwin,يصَوِّن,يصون
saan,صَان,صان
taswiin,تَصْوِين,تصوين
sawwin,صَوِّن,صون
ysawwin,يصَوِّن,يصون
sawwan,صَوَّن,صون
sawwan,صَوَّن,صون
siit,صِيت,صيت
sayyit,صَيِّت,صيت
ysayyit,يصَيِّت,يصيت
sayyat,صَيَّت,صيت
see7a,صَيحَة,صيحة
syaa7,صْيَاح,صياح
sii7,صِيح,صيح
sayyi7,صَيِّح,صيح
ysii7,يصِيح,يصيح
ysayyi7,يصَيِّح,يصيح
saa7,صَاح,صاح
sayya7,صَيَّح,صيح
mitsayyad,مِتْصَيِّد,متصيد
seeda,صَيدِة,صيدة
masyade,مَصْيَدِة,مصيدة
seed,صَيد,صيد
sayyaad,صَيَّاد,صياد
yistaad bilmayye 2il3ikre,يصْطَاد بَالمية العِكْرِة,يصطاد بالمية العكرة
siid,صِيد,صيد
2istaad,اِصْطَاد,اصطاد
tsayyad,اِتْصَيَّد,اتصيد
ysiid,يصِيد,يصيد
yistaad,يِصْطَاد,يصطاد
yitsayyad,يِتْصَيَّد,يتصيد
saad,صَاد,صاد
2istaad,اِصْطَاد,اصطاد
tsayyad,تْصَيَّد,تصيد
saydaliyye,صَيْدَلِيِّة,صيدلية
saydali,صَيْدَلِي,صيدلي
saydalaani,صَيْدَلَانِي,صيدلاني
masiiri,مَصِيرِي,مصيري
saayir,صَايِر,صاير
masiir,مَصِير,مصير
siiri,صِيرِي,صيري
siira,صِيرَة,صيرة
bisiirlo,بيصير له,بيصير له
siir,صِير,صير
ysiir,يصِير,يصير
saar,صَار,صار
saayi3,صَايِع,صايع
suyya3,صُيَّع,صيع
sayaa3a,صَيَاعَة,صياعة
sayyi3,صَيِّع,صيع
2itsayya3,اِتْصَيَّع,اتصيع
sii3,صِيع,صيع
2itmaswa3,اِتْمَصْوَع,اتمصوع
ysayyi3,يصَيِّع,يصيع
yitsayya3,يِتْصَيَّع,يتصيع
ysii3,يصِيع,يصيع
yitmaswa3,يِتْمَصْوَع,يتمصوع
sayya3,صَيَّع,صيع
tsayya3,تْصَيَّع,تصيع
saa3,صَاع,صاع
tmaswa3,تْمَصْوَع,تمصوع
siigha,صِيغَة,صيغة
siigha,صِيغَة,صيغة
siyagh,صِيَغ,صيغ
siyaagha,صِيَاغَة,صياغة
siigh,صِيَغ,صيغ
suugh,صُوغ,صوغ
ysiigh,يصِيغ,يصيغ
ysuugh,يصُوغ,يصوغ
saagh,صَاغ,صاغ
msayyif,مْصَيِّف,مصيف
msayyif,مْصَيِّف,مصيف
masyaf,مَصْيَف,مصيف
seef,صَيف,صيف
siif,صِيف,صيف
masaayif,مَصَايِف,مصايف
sallam 2isseef 3ashshita,سلَّم الصِّيف عَالشِّتَا,سلم الصيف عالشتا
sayyif,صَيِّف,صيف
ysayyif,يصَيِّف,يصيف
sayyaf,صَيَّف,صيف
siniyye,صِينِيِّة,صينية
daani,ضَانِي,ضاني
madbuub,مَضْبُوب,مضبوب
dabaab,ضَبَاب,ضباب
dubb 7aalak,ضُبّ حَالك,ضب حالك
dubb,ضُبّ,ضب
2indabb,اِنْضَبّ,انضب
dabbib,ضَبِّب,ضبب
2iddabbab,اِتْضَبَّب,اتضبب
ydubb,يضُبّ,يضب
yindabb,يِنْضَبّ,ينضب
ydabbib,يضَبِّب,يضبب
yiddabbab,يِتْضَبَّب,يتضبب
dabb,ضَبّ,ضب
2indabb,اِنْضَبّ,انضب
dabbab,ضَبَّب,ضبب
2iddabbab,تْضَبَّب,تضبب
dabara,ضَبَرَة,ضبرة
reetha dabara,رَيتْهَا ضَبَرَة,ريتها ضبرة
mdabdab,مْضَبْضَب,مضبضب
dabdib,ضَبْضِب,ضبضب
2iddabdab,اِتْضَبْضَب,اتضبضب
ydabdib,يضَبْضِب,يضبضب
yiddabdab,يِتْضَبْضَب,يتضبضب
dabdab,ضَبْضَب,ضبضب
2iddabdab,تْضَبْضَب,تضبضب
mundabit,مُنْضَبِط,منضبط
zaabit,ضَابِط,ضابط
mazbuut,مَضْبُوط,مضبوط
2indibaat,اِنْضِبَاط,انضباط
daabit,ضَابِط,ضابط
dubbaat,ضُبَّاط,ضباط
2idbut,اِضْبُط,اضبط
2indabit,اِنْضَبِط,انضبط
2izbat,اِضْبَط,اضبط
zabbit,ضَبِّط,ضبط
yidbut,يِضْبُط,يضبط
yindabit,يِنْضَبِط,ينضبط
yizbat,يِضْبَط,يضبط
yzabbit,يضَبِّط,يضبط
dabat,ضَبَط,ضبط
2indabat,اِنْضَبَط,انضبط
zibit,ضِبِط,ضبط
zabbat,ضَبَّط,ضبط
madbuu3,مَضْبُوع,مضبوع
daabi3,ضَابِع,ضابع
dabi3,ضَبِع,ضبع
dbaa3,ضْبَاع,ضباع
sabi3 walla dabi3,سبع ولَا ضبع,سبع ولا ضبع
2idba3,اِضْبَع,اضبع
2iddabba3,اِتْضَبَّع,اتضبع
2indibi3,اِنْضِبِع,انضبع
dabbi3,ضَبِّع,ضبع
yidba3,يِضْبَع,يضبع
yindibi3,يِنْضِبِع,ينضبع
ydabbi3,يضَبِّع,يضبع
yiddabba3,يِتْضَبَّع,يتضبع
daba3,ضَبَع,ضبع
2indaba3,اِنَضَبَع,انضبع
dabba3,ضَبَّع,ضبع
2iddabba3,تْضَبَّع,تضبع
dajje,ضَجِّة,ضجة
daayij,ضَايِج,ضايج
dujj,ضُجّ,ضج
ydujj,يضُجّ,يضج
dajj,ضَجّ,ضج
duuj,ضُوج,ضوج
yduuj,يضُوج,يضوج
daaj,ضَاج,ضاج
dha7dhaa7,ضَحْضَاح,ضحضاح
dh7aadhii7,ضَحَاضِيح,ضحاضيح
di7ke,ضِحْكِة,ضحكة
du7ke,ضُحْكِة,ضحكة
de7ik,ضِحِك,ضحك
du7uk,ضُحُك,ضحك
di7ke naashfe,ضِحْكِة نَاشْفِة,ضحكة ناشفة
filit 3alee 2iddi7ik,فِلِت عَلَيه الضِّحِك,فلت عليه الضحك
wijihhaa maa bid7ak larghiif 2issukhun,وجههَا مَا بيضحك للرغيف السخن,وجهها ما بيضحك للرغيف السخن
raqa3at di7ke,رَقَعَت ضِحْكِة,رقعت ضحكة
di7ik 3alay,ضِحِك علي,ضحك علي
2id7ak b3ibbak,اِضْحَك بعبَّك,اضحك بعبك
di7ke safra,ضِحْكِة صَفْرَا,ضحكة صفرا
2id7ak,اِضْحَك,اضحك
da77ik,ضَحِّك,ضحك
mad7ake,مَضْحَكِة,مضحكة
mud7ik,مُضْحِك,مضحك
yid7ak,يِضْحَك,يضحك
yda77ik,يْضَحِّك,يضحك
di7ik,ضِحِك,ضحك
da77ak,ضَحَّك,ضحك
muda77i,مُضَحِّي,مضحي
du7a,ضُحَى,ضحى
2ad7a,أَضْحَى,أضحى
2ud7iye,أُضْحِيِة,أضحية
tad7iye,تَضْحِيِة,تضحية
da7iyye,ضَحِيِّة,ضحية
2adaa7i,أَضَاحِي,أضاحي
3iid 2il2ad7a,عيد الأضْحَى,عيد الأضحى
3iid 2idhi7iyye,عيد الضِّحِيِّة,عيد الضحية
yil3ab door 2idda7iyye,يلعب دور الضَّحِيِّة,يلعب دور الضحية
dawaa7i,ضَوَاحِي,ضواحي
daa7iye,ضَاحِيِة,ضاحية
da77i,ضَحِّي,ضحي
yda77i,يضَحِّي,يضحي
da77a,ضَحَّى,ضحى
madakhkha,مَضَخَّة,مضخة
dukhkh,ضُخّ,ضخ
2indakhkh,اِنْضَخّ,انضخ
ydukhkh,يضُخّ,يضخ
yindakhkh,يِنْضَخّ,ينضخ
dakhkh,ضَخّ,ضخ
2indakhkh,اِنْضَخّ,انضخ
dakhim,ضَخِم,ضخم
dakhaame,ضَخَامِة,ضخامة
dakhkhim,ضَخِّم,ضخم
2istadkhim,اِسْتَضْخِم,استضخم
2itdakhkham,اِتْضَخَّم,اتضخم
yitdakhkham,يِتْضَخَّم,يتضخم
ydakhkhim,يضَخِّم,يضخم
yistadkhim,يِسْتَضْخِم,يستضخم
tdakhkham,تْضَخَّم,تضخم
dakhkham,ضَخَّم,ضخم
2istadkham,اِسْتَضْخَم,استضخم
daarib,ضَارِب,ضارب
darib,ضَارِب,ضارب
darib,ضَارِب,ضارب
darbe,ضَرْبِة,ضربة
dariibe,ضَرِيبِة,ضريبة
darib,ضَرِب,ضرب
daraayib,ضَرَايِب,ضرايب
darbit 7azz,ضَرْبِة حَظ,ضربة حظ
darbit shamis,ضَرْبِة شَمِس,ضربة شمس
2indarab 3ala qalbo,اِنْضَرَب على قلبُه,انضرب على قلبه
darbat braaso,ضَرْبَت برَاسه,ضربت براسه
darbit laazim,ضَرْبِة لَازِم,ضربة لازم
mukhkho daarib,مُخُّه ضَارِب,مخه ضارب
madruub b7ajar faadi,مضروب بحجر فَاضي,مضروب بحجر فاضي
madruub b7ajar kbiir,مضروب بحجر كبير,مضروب بحجر كبير
2udrub,اِضْرُب,اضرب
daarib,ضَارِب,ضارب
2indirib,اِنْضِرِب,انضرب
2inidrib,اِنِضْرِب,انضرب
yidrub,يِضْرُب,يضرب
yindirib,يِنْضِرِب,ينضرب
yinidrib,يِنِضْرِب,ينضرب
ydaarib,يضَارِب,يضارب
darab,ضَرَب,ضرب
2indarab,اِنْضَرَب,انضرب
daarab,ضَارَب,ضارب
2idraab,اِضْرَاب,اضراب
midrib,مِضْرِب,مضرب
madruub,مَضْرُوب,مضروب
2idrib,اِضْرِب,اضرب
yidrib,يِضْرِب,يضرب
2adrab,أَضْرَب,أضرب
daruuri,ضَرُورِي,ضروري
mudir,مُضِر,مضر
daruuri,ضَرُورِي,ضروري
muttar,مُضْطَر,مضطر
durra,ضُرَّة,ضرة
daruura,ضَرُورَة,ضرورة
2ittiraar,اِضْطِرَار,اضطرار
darar,ضَرَر,ضرر
daraayir,ضَرَايِر,ضراير
2imm 2iddaraayir,إِمّ الضَّرَايِر,إم الضراير
2adraar,أَضْرَار,أضرار
hubuut 2ittiraari,هُبُوط اِضْطِرَارِيّ,هبوط اضطراري
2iddurra murra,الضرة مُرَّة,الضرة مرة
shughulha mitil shughul 2immi ladurritha,شغلهَا مثل شغل إِمي لضرتهَا,شغلها مثل شغل إمي لضرتها
2ibin 2iddurra maminuush masarra,اِبن الضرة ممنوش مسرَّة,ابن الضرة ممنوش مسرة
2ittar,اِضْطَر,اضطر
durra,ضُر,ضر
2ittiraari,اِضْطِرَارِيّ,اضطراري
yittar,يِضْطَر,يضطر
ydurr,يضُرّ,يضر
2ittar,اِضْطَر,اضطر
darr,ضَرّ,ضر
darat,ضَرَط,ضرط
yudrut,يُضْرُط,يضرط
2udrut,اُضْرُط,اضرط
darrat,ضَرَّط,ضرط
ydarrit,يضَرِّط,يضرط
darrit,ضَرِّط,ضرط
bidarrit 3aleena,بيضَرِّط علينَا,بيضرط علينا
darta,ضَرْطَة,ضرطة
draat,ضْرَاط,ضراط
2istadrat,اِسْتَضْرَط,استضرط
yistadrit,يِسْتَضْرِط,يستضرط
2istadrit,اِسْتَضْرِط,استضرط
2adrat,أَضْرَط,أضرط
maa 2adrat min 2ilkhaal 2illa 2ibin 2ukhto,مَا أَضْرَط من الخَال الَا إِبن أخته,ما أضرط من الخال الا إبن أخته
mda3da3,مْضَعْضَع,مضعضع
da3di3,ضَعْضِع,ضعضع
yda3di3,يضَعْضِع,يضعضع
da3da3,ضَعْضَع,ضعضع
da3iif,ضَعِيف,ضعيف
d3iif,ضْعِيف,ضعيف
mudaa3af,مُضَاعَف,مضاعف
di3if,ضِعْف,ضعف
da3faan,ضَعْفَان,ضعفان
du3afaa2,ضُعُفَاء,ضعفاء
2ad3aaf,أَضْعَاف,أضعاف
mda33if,مْضَعِّف,مضعف
da3if,ضَعِف,ضعف
da3af,ضَعَف,ضعف
dh3uuf,ضْعُوف,ضعوف
2id3af,اِضْعَف,اضعف
da33if,ضَعِّف,ضعف
2istad3if,اِسْتَضْعِف,استضعف
daa3if,ضَاعِف,ضاعف
2itdaa3af,اِتْضَاعَف,اتضاعف
yid3af,يِضْعَف,يضعف
yda33if,يضَعِّف,يضعف
yistad3if,يِسْتَضْعِف,يستضعف
ydaa3if,يضَاعِف,يضاعف
yitdaa3af,يِتْضَاعَف,يتضاعف
di3if,ضِعِف,ضعف
da33af,ضَعَّف,ضعف
2istad3af,اِسْتَضْعَف,استضعف
daa3af,ضَاعَف,ضاعف
tdaa3af,تْضَاعَف,تضاعف
madghuut,مَضْغُوط,مضغوط
daghit,ضَغِط,ضغط
2idghat,اِضْغَط,اضغط
2indaghit,اِنْضَغِط,انضغط
yidghat,يِضْغَط,يضغط
yindaghit,يِنْضَغِط,ينضغط
daghat,ضَغَط,ضغط
2indaghat,اِنْضَغَط,انضغط
daffaawi,ضَفَّاوِي,ضفاوي
daffe,ضَفِّة,ضفة
daffe,ضَفِّة,ضفة
difaaf,ضِفَاف,ضفاف
2iddaffe 2ilgharbiyye,الضَّفِّة الغربية,الضفة الغربية
dili3,ضِلِع,ضلع
dili3,ضِلِع,ضلع
dluu3,ضْلُوع,ضلوع
dlaa3,ضْلَاع,ضلاع
2adlaa3,أَضْلَاع,أضلاع
dul3aan,ضُلْعَان,ضلعان
mutawaazi 2adlaa3,متوَازي أضلَاع,متوازي أضلاع
2ilo dili3 bilqissa,اله ضِلِع بَالقِصَّة,اله ضلع بالقصة
dili3 qaasir,ضِلِع قَاصِر,ضلع قاصر
2arba3 wu3ishriin dili3,أَربع وعِشْرِين ضِلِع,أربع وعشرين ضلع
dili3 2i3waj,ضلع إِعوج,ضلع إعوج
dalaayli,ضَلَايْلِي,ضلايلي
dalaal,ضَلَال,ضلال
dallil,ضَلِّل,ضلل
dill,ضِلّ,ضل
ydill,يضِلّ,يضل
ydallil,يضَلِّل,يضلل
dall,ضَلّ,ضل
dallal,ضَلَّل,ضلل
dumuur,ضُمُور,ضمور
damiir,ضَمِير,ضمير
damiiro si7i,ضَمِيرُه صِحِي,ضميره صحي
damiiro naayim,ضَمِيرُه نَايِم,ضميره نايم
damme,ضَمِّة,ضمة
dumme,ضُمِّة,ضمة
2indimaam,اِنْضِمَام,انضمام
dmaam,ضْمَام,ضمام
dumam,ضُمَم,ضمم
dumm,ضُمّ,ضم
2indamm,اِنْضَمّ,انضم
ydumm,يضُمّ,يضم
yindamm,يِنْضَمّ,ينضم
damm,ضَمّ,ضم
2indamm,اِنْضَمّ,انضم
tadmiin,تَضْمِين,تضمين
damaan,ضَمَان,ضمان
tadaamun,تَضَامُن,تضامن
madmuun,مَضْمُون,مضمون
2idman,اِضْمَن,اضمن
dammin,ضَمِّن,ضمن
2itdaaman,اِتْضَامَن,اتضامن
2iddamman,اِتْضَمَّن,اتضمن
yidman,يِضْمَن,يضمن
ydammin,يضَمِّن,يضمن
mutadaamin,مُتَضَامِن,متضامن
dimin,ضِمِن,ضمن
damaane,ضَمَانِة,ضمانة
yiddamman,يِتْضَمَّن,يتضمن
yitdaaman,يِتْضَامَن,يتضامن
dimin,ضِمِن,ضمن
damman,ضَمَّن,ضمن
tdamman,تْضَمَّن,تضمن
tdaaman,تْضَامَن,تضامن
dana,ضَنَى,ضنى
muttahad,مُضْطَهَد,مضطهد
2ittihaad,اِضْطِهَاد,اضطهاد
2idtahid,اِضْطَهِد,اضطهد
yittahid,يِضْطَهِد,يضطهد
2ittahad,اِضْطَهَد,اضطهد
2iddinya daww,الدُّنْيَا ضَوّ,الدنيا ضو
daawi,ضَاوي,ضاوي
madwi,مَضْوِي,مضوي
daawi,ضَاوي,ضاوي
daww,ضَوّ,ضو
2adwaa2,أَضْوَاء,أضواء
dwaaw,ضْوَاو,ضواو
3ama dawwo,عَمَى ضَوُّه,عمى ضوه
2idwi,اِضوي,اضوي
dawwi,ضَوِّى,ضوى
yidwi,يِضْوِي,يضوي
ydawwi,يضَوِّى,يضوى
dawa,ضَوَى,ضوى
dawwa,ضَوَّى,ضوى
dayaa3,ضَيَاع,ضياع
daayi3,ضَايِع,ضايع
saayi3 daayi3,صَايَع ضَايِع,صايع ضايع
dii3,ضِيع,ضيع
dayyi3,ضَيِّع,ضيع
ydii3,يضِيع,يضيع
ydayyi3,يضَيِّع,يضيع
daa3,ضَاع,ضاع
dayya3,ضَيَّع,ضيع
2istidaafe,اِسْتِضَافِة,استضافة
dyaafe,ضْيَافِة,ضيافة
deef,ضَيف,ضيف
diif,ضِيف,ضيف
dyuuf,ضْيُوف,ضيوف
deef khafiif ndiif,ضِيف خفيف نظيف,ضيف خفيف نظيف
deef tqiil,ضِيف ثقيل,ضيف ثقيل
hada wijih 2iddeef,هذَا وجه الضِّيف,هذا وجه الضيف
dayyif,ضَيِّف,ضيف
2iddayyaf,اِتْضَيَّف,اتضيف
2istadiif,اِسْتَضِيف,استضيف
ydayyif,يضَيِّف,يضيف
madyuuf,مَضْيُوف,مضيوف
mudiif,مُضِيف,مضيف
yiddayyaf,يِتْضَيَّف,يتضيف
mudaaf,مُضَاف,مضاف
yistadiif,يِسْتَضِيف,يستضيف
dayyaf,ضَيَّف,ضيف
2iddayyaf,تْضَيَّف,تضيف
2istadaaf,اِسْتَضَاف,استضاف
2idaafa,إِضَافِة,إضافة
diif,ضِيف,ضيف
ydiif,يضِيف,يضيف
daaf,ضَاف,ضاف
diif,ضِيف,ضيف
ydiif,يضِيف,يضيف
2adaaf,أَضَاف,أضاف
dayaaqidayaa2i,ضَيَاقِي,ضياقي
diyyiqdiyyi2,ضِيِّق,ضيق
mitdaayiqmiddaayi2,مِتْضَايِق,متضايق
dayaaq,ضَيَاق,ضياق
tadyiiqtadyii2,تَضْيِيق,تضييق
diiqadii2a,ضِيقَة,ضيقة
khulqo diyyiq,خُلْقُه ضِيِّق,خلقه ضيق
dayyiqdayyi2,ضَيِّق,ضيق
diiq,ضِيق,ضيق
ydayyiqydayyi2,يضَيِّق,يضيق
dayyaqdayya2,ضَيَّق,ضيق
mdaayiq,مْضَايِق,مضايق
daayiq,ضَايِق,ضايق
ydaayiq,يْضَايِق,يضايق
daayaq,ضَايَق,ضايق
mdaayin,مْضَايِن,مضاين
daayin,ضَايِن,ضاين
ydaayin,يْضَايِن,يضاين
daayan,ضَايَن,ضاين
mtaati,مْطَاطِي,مطاطي
mtaataa,مْطَاطَاة,مطاطاة
taati,طَاطِي,طاطي
ytaati,يطَاطِي,يطاطي
taata,طَاطَا,طاطا
taabe,طَابِة,طابة
taabo,طَابو,طابو
taase,طَاسِة,طاسة
taasit 2irra3be,طَاسِة الرَّعبِة,طاسة الرعبة
taasit 2ilkhiffe,طَاسِة الخِفِّة,طاسة الخفة
taasit 2ilkadda,طَاسِة الخَضَّة,طاسة الخضة
taasit 2irrashfe,طَاسِة الرَّشْفِة,طاسة الرشفة
taasit 2irrajfe,طَاسِة الرَّجْفِة,طاسة الرجفة
taasit 2irraw3a,طَاسِة الرَّوعَة,طاسة الروعة
taasit 2ilwirte,طَاسِة الوِرْثِة,طاسة الورثة
tibbi,طِبِّي,طبي
tabb,طَبّ,طب
matabbe,مَطَبِّة,مطبة
matabb,مَطَبّ,مطب
tubbe,طُبِّة,طبة
tabiib,طَبِيب,طبيب
2atibbaa2,أَطِبَّاء,أطباء
tubab,طُبَب,طبب
tabb saakit,طَبّ سَاكِت,طب ساكت
tabbu 2idyuuk 3aba3ad,طبوَا الديوك عبعض,طبوا الديوك عبعض
2il3adu maa bisiir 7abiib wili7maar maa bisiir tabiib,العدو مَابصير حبيب وَالحمَار مَابصير طبيب,العدو مابصير حبيب والحمار مابصير طبيب
tubb,طُبّ,طب
tabbib,طَبِّب,طبب
ytubb,يطُبّ,يطب
tibb,طِبّ,طب
ytabbib,يطَبِّب,يطبب
tabb,طَبّ,طب
tabbab,طَبَّب,طبب
matbuukh,مَطْبُوخ,مطبوخ
matbuukh,مَطْبُوخ,مطبوخ
tabbaakh,طَبَّاخ,طباخ
tabiikh,طَبِيخ,طبيخ
tabiikh mwaat,طبيخ مْوَات,طبيخ موات
2utbukh,اُطْبُخ,اطبخ
tabbikh,طَبِّخ,طبخ
mataabikh,مَطَابِخ,مطابخ
matbakh,مَطْبَخ,مطبخ
tabkha,طَبْخَة,طبخة
yutbukh,يُطْبُخ,يطبخ
ytabbikh,يطَبِّخ,يطبخ
tabakh,طَبَخ,طبخ
tabbakh,طَبَّخ,طبخ
tabara,طَبَرَة,طبرة
tubur,طُبُر,طبر
taabuur,طَابُور,طابور
tawaabiir,طَوَابِير,طوابير
2il3irsaan tawaabiir,العِرْسَان طَوَابِير,العرسان طوابير
tabbir,طَبِّر,طبر
ytabbir,يطَبِّر,يطبر
tabbar,طَبَّر,طبر
mtoobir,مْطَوبِر,مطوبر
toobir,يطَوبِر,يطوبر
ytoobir,طَوبِر,طوبر
toobar,طَوبَر,طوبر
mtoobiz,مْطَوبِز,مطوبز
taabiz,طَابِز,طابز
tubziyye,طُبْزِيِّة,طبزية
tabza,طَبْزَة,طبزة
tabaazi,طَبَازِي,طبازي
2utbuz,اُطْبُز,اطبز
toobiz,طَوبِز,طوبز
ytoobiz,يطَوبِز,يطوبز
yutbuz,يُطْبُز,يطبز
toobaz,طَوبَز,طوبز
tabaz,طَبَز,طبز
tabbuush,طَبُّوش,طبوش
mtabbash,مْطَبِّش,مطبش
tabshiyye,طَبْشِيِّة,طبشية
mtaabashe,مْطَابَشِة,مطابشة
tabash,طَبَش,طبش
tatbiish,تَطْبِيش,تطبيش
tabaashi,طَبَاشِي,طباشي
2utbush,اُطْبُش,اطبش
tabbish,طَبِّش,طبش
2ittaabash,اِتْطَابَش,اتطابش
2intibish,اِنْطِبِش,انطبش
2ittabbash,اِتْطَبَّش,اتطبش
yutbush,يُطْبُش,يطبش
yintibish,يِنْطِبِش,ينطبش
yittabbash,يِتْطَبَّش,يتطبش
ytabbish,يطَبِّش,يطبش
yittaabash,يِتْطَابَش,يتطابش
tabash,طَبَش,طبش
2itabash,اِنْطَبَش,انطبش
2ittabbash,تْطَبَّش,تطبش
tabbash,طَبَّش,طبش
2ittaabash,تْطَابَش,تطابش
tabshuura,طَبْشُورَة,طبشورة
tabshuur,طَبْشُور,طبشور
tabaashiir,طَبَاشِير,طباشير
tabtabe,طَبْطَبِة,طبطبة
tabtib,طَبْطِب,طبطب
ytabtib,يطَبْطِب,يطبطب
tabtab,طَبْطَب,طبطب
tabii3i,طَبِيعِي,طبيعي
mtabbi3,مْطَبِّع,مطبع
mtabbi3,مْطَبِّع,مطبع
tub3a,طُبْعَة,طبعة
tabii3a,طَبِيعَة,طبيعة
matba3a,مَطْبَعَة,مطبعة
tibaa3a,طِبَاعَة,طباعة
tatbii3,تَطْبِيع,تطبيع
taabi3,طَبِع,طبع
2atbaa3,أَطْبَاع,أطباع
taabi3,طَابِع,طابع
tawaabi3,طَوَابِع,طوابع
tuba3,طُبَع,طبع
mataabi3,مَطَابِع,مطابع
2itba3,اِطْبَع,اطبع
tabbi3,طَبِّع,طبع
yitba3,يِطْبَع,يطبع
2intabi3,اِنْطَبِع,انطبع
2intibi3,اِنْطِبِع,انطبع
yintabi3,يِنْطَبِع,ينطبع
yintibi3,يِنْطِبِع,ينطبع
ytabbi3,يطَبِّع,يطبع
taba3,طَبَع,طبع
2intaba3,اِنْطَبَع,انطبع
tabba3,طَبَّع,طبع
matbuuq,مَطْبُوق,مطبوق
mtabbaqaaniyye,مْطَبَّقَانِيِّة,مطبقانية
mtabbaq,مْطَبَّق,مطبق
tabaq,طَبَق,طبق
tatbiiq,تَطْبِيق,تطبيق
2atbaaq,أَطْبَاق,أطباق
tibq 2il2asil,طِبْق الأصِل,طبق الأصل
law tintibiq 2issama 3al2ard,لو تِنْطِبِق السمَا عَالأرض,لو تنطبق السما عالأرض
mitil 2ittabaq,مِثِل الطَّبَق,مثل الطبق
2utbuq,اُطْبُق,اطبق
tabbiq,طَبِّق,طبق
taabiq,طَابِق,طابق
2intibiq,اِنْطِبِق,انطبق
ytabbiq,يطَبِّق,يطبق
yutbuq,يِطْبُق,يطبق
yintibiq,يِنْطِبِق,ينطبق
tabaqa,طَبَقَة,طبقة
ytaabiq,يطَابِق,يطابق
tabbaq,طَبَّق,طبق
tibq,طِبْق,طبق
tabaq,طَبَق,طبق
2intabaq,اِنْطَبَق,انطبق
taabaq,طَابَق,طابق
tabil,طَبِل,طبل
tabliyye,طَبْلِيِّة,طبلية
table,طَبْلِة,طبلة
tbuul,طْبُول,طبول
tablit daan,طَبْلِة ذَان,طبلة ذان
mnaqqayiin 3attabliyye,منَقَّيين عَالطَّبْلِيِّة,منقيين عالطبلية
2ibin 2ittabbaal zammaar,إِبِن طَبَّال زَمَّار,إبن طبال زمار
2ija 2ittabil ghatta 3ala 2innaayaat,إِجى الطَّبِل غَطَّى على النَايَات,إجى الطبل غطى على النايات
2utbul,اُطْبُل,اطبل
2intibil,اِنْطِبِل,انطبل
tabbil,طَبِّل,طبل
yutbul,يُطْبُل,يطبل
yintibil,يِنْطِبِل,ينطبل
tabbaal,طَبَّال,طبال
ytabbil,يطَبِّل,يطبل
tabal,طَبَل,طبل
2itabal,اِنْطَبَل,انطبل
tabbal,طَبَّل,طبل
mtablij,مْطَبْلِج,مطبلج
tabluuj,طَبْلُوج,طبلوج
tabaaliij,طَبَالِيج,طباليج
tablij,طَبْلِج,طبلج
ytablij,يطَبْلِج,يطبلج
tablaj,طَبْلَج,طبلج
taabuun,طَابُون,طابون
taabuun,طَابُون,طابون
tawaabiin,طَوَابِين,طوابين
tabanja,طَبَنْجَة,طبنجة
daaribha tabanja,ضَاربهَا طَبَنْجَة,ضاربها طبنجة
tajje,طَجِّة,طجة
tadjdje,طَجِّة,طجة
tujj,طُجّ,طج
2intajj,اِنْطَجّ,انطج
yintajj,يِنْطَجّ,ينطج
ytujj,يطُجّ,يطج
tajj,طَجّ,طج
2intajj,اِنْطَجّ,انطج
ta7bish,طَحْبِش,طحبش
2itta7bash,اِتْطَحْبَش,اتطحبش
yta7bish,يطَحْبِش,يطحبش
yitta7bash,يِتْطَحْبَش,يتطحبش
ta7bash,طَحْبَش,طحبش
2itta7bash,تْطَحْبَش,تطحبش
mta7bil,مْطَحْبِل,مطحبل
ta7bil,طَحْبِل,طحبل
yta7bil,يطَحْبِل,يطحبل
ta7bal,طَحْبَل,طحبل
taa7ish,طَاحِش,طاحش
mta77ish,مْطَحِّش,مطحش
ta77ish,طَحِّش,طحش
yta77ish,يطَحِّش,يطحش
ta77ash,طَحَّش,طحش
2it7ash,اِطْحَش,اطحش
yit7ash,يِطْحَش,يطحش
ta7ash,طَحَش,طحش
taa7in,طَاحِن,طاحن
t7iine,طْحِينِة,طحينة
ta7ne,طَحْنِة,طحنة
taa7uune,طَاحُونِة,طاحونة
t7iin,طْحِين,طحين
ta77aan,طَحَّان,طحان
ta77aan,طَحَّان,طحان
tawaa7iin,طَوَاحِين,طواحين
2abu taa7uune,أَبو طَاحُونِة,أبو طاحونة
yoom 2itta77aan yoomo,يوم الطحَان يومه,يوم الطحان يومه
yoom 2itta7ne,يوم الطحنة,يوم الطحنة
zayy 2iddiim 3attaa7uune,زي الديم عَالطَّاحُونِة,زي الديم عالطاحونة
2it7an,اِطْحَن,اطحن
ta77in,طَحِّن,طحن
taa7in,طَاحِن,طاحن
2ittaa7an,اِتْطَاحَن,اتطاحن
2inti7in,اِنْطِحِن,انطحن
yit7an,يطْحَن,يطحن
yta77in,يطَحِّن,يطحن
yinti7in,يِنْطِحِن,ينطحن
ytaa7in,يطَاحِن,يطاحن
yittaa7an,يِتْطَاحَن,يتطاحن
ta7an,طَحَن,طحن
ta77an,طَحَّن,طحن
2inta7an,اِنْطَحَن,انطحن
taa7an,طَاحَن,طاحن
2ittaa7an,تْطَاحَن,تطاحن
2it7i,اِطْحِي,اطحي
yit7i,يِطْحِي,يطحي
ta7a,طَحَى,طحى
takhkh,طَخّ,طخ
takhkhaakh,طَخَّاخ,طخاخ
takhkhaakh 2ilgamil,طخَّاخ القَمِل,طخاخ القمل
tukhkh,طُخّ,طخ
ytukhkh,يطُخّ,يطخ
takhkh,طَخّ,طخ
matruub,مَطْرُوب,مطروب
mutrib,مُطْرِب,مطرب
2itrib,اِطْرِب,اطرب
2intirib,اِنْطِرِب,انطرب
yitrib,يِطْرِب,يطرب
2itrib,اِطْرِب,اطرب
yitrib,يِطْرِب,يطرب
2atrab,أَطْرَب,أطرب
yintirib,يِنْطِرِب,ينطرب
tarab,طَرَب,طرب
2intarab,اِنْطَرَب,انطرب
mtarbish,مْطَرْبِش,مطربش
2itrubsh,طْرُبْش,طربش
tarbuush,طَرْبُوش,طربوش
taraabiish,طَرَابِيش,طرابيش
3alay 2ittarbuush,عَلَيّ الطَّرْبُوش,علي الطربوش
tarbish,طَرْبِش,طربش
ytarbish,يطَرْبِش,يطربش
tarbash,طَرْبَش,طربش
tarbaq 2iddinya fooq raaso,طَرْبَق الدِّنْيَا فَوق رَاسُه,طربق الدنيا فوق راسه
tarbiq,طَرْبِق,طربق
ytarbiq,يطَرْبِق,يطربق
tarbaq,طَرْبَق,طربق
mtarbil,مْطَرْبِل,مطربل
matruu7,مَطْرُوح,مطروح
tarraa7a,طَرَّاحَة,طراحة
mitra7a,مِطْرَحَة,مطرحة
turraa7a,طُرَّاحَة,طراحة
mutra7,مُطْرَح,مطرح
matra7,مَطْرَح,مطرح
mataari7,مَطَارِح,مطارح
taraarii7,طَرَارِيح,طراريح
mataari7,مُطْرَح,مطرح
mataari7,مَطَارِح,مطارح
matra7ak yaa baayit,مَطْرَحَك يَا بَايت,مطرحك يا بايت
gheer mutra7,غير مُطْرَح,غير مطرح
2irbut 2ili7maar matra7 maa biqullak saa7bo,اِرْبُط الحْمَار مَطْرَح مَا بِيقُلَّك صَاحْبُه,اربط الحمار مطرح ما بيقلك صاحبه
2itra7,اِطْرَح,اطرح
tarri7,طَرِّح,طرح
yitra7,يِطْرَح,يطرح
ytarri7,يطَرِّح,يطرح
tara7,طَرَح,طرح
tarra7,طَرَّح,طرح
tarraade,طَرَّادِة,طرادة
mutaarade,مُطَارَدِة,مطاردة
mtaarade,مْطَارَدِة,مطاردة
2istitraad,اِسْتِطْرَاد,استطراد
tard,طَرْد,طرد
truude,طْرُودِة,طرودة
tarrid,طَرِّد,طرد
2utrud,اُطْرُد,اطرد
taarid,طَارِد,طارد
2istatrid,اِسْتَطْرِد,استطرد
2intirid,اِنْطِرِد,انطرد
mutaarad,مُطَارَد,مطارد
yutrud,يُطْرُد,يطرد
yintirid,يِنْطِرِد,ينطرد
ytarrid,يطَرِّد,يطرد
ytaarid,يطَارِد,يطارد
yistatrid,يِسْتَطْرِد,يستطرد
tarad,طَرَد,طرد
2intarad,اِنْطَرَد,انطرد
tarrad,طَرَّد,طرد
taarad,طَارَد,طارد
2istatrad,اِسْتَطْرَد,استطرد
taarir,طَارِر,طارر
turr,طُرّ,طر
yturr,يطُرّ,يطر
tarr,طَرّ,طر
mtarriz,مْطَرِّز,مطرز
mtarraz,مْطَرَّز,مطرز
tarz,طَرْز,طرز
tatriiz,تَطْرِيز,تطريز
2aakhir tarz,آخر طرز,آخر طرز
tarriz,طَرِّز,طرز
ytarriz,يطَرِّز,يطرز
tarraz,طَرَّز,طرز
tarsha,طَرْشَا,طرشا
2atrash,أَطْرَش,أطرش
turush,طُرُش,طرش
turshaan,طُرْشَان,طرشان
tarsh,طَرْش,طرش
traashe,طْرَاشِة,طراشة
tarriish,طَرِّيش,طريش
2utrush,اُطْرُش,اطرش
yutrush,يُطْرُش,يطرش
tarash,طَرَش,طرش
2itrashsh,اِطْرَشّ,اطرش
yitrashsh,يِطْرَشّ,يطرش
2itrashsh,اِطْرَشّ,اطرش
2itrash,اِطْرَش,اطرش
yitrash,يِطْرَش,يطرش
tirish,طِرِش,طرش
turshaaq,طُرْشَاق,طرشاق
3alayy 2itturshaaq,عَلَي الطُّرْشَاق,علي الطرشاق
tarshiq,طَرْشِق,طرشق
ytarshiq,يطَرْشِق,يطرشق
tarshaq,طَرْشَق,طرشق
tartuur,طَرْطُور,طرطور
taraatiir,طَرَاطِير,طراطير
tartuur,طَرْطُور,طرطور
taraatiir,طَرَاطِير,طراطير
bi7aqq 2ittartuur,بحق الطَّرطور,بحق الطرطور
tartashe,طَرْطَشِة,طرطشة
tartuushe,طَرْطُوشِة,طرطوشة
taraatiish,طَرَاطِيش,طراطيش
tartish,طَرْطِش,طرطش
ytartish,يطَرْطِش,يطرطش
tartash,طَرْطَش,طرطش
tartuu3,طَرْطوُع,طرطوع
taraatii3,طَرَاطِيع,طراطيع
tartuufe,طَرْطُوفِة,طرطوفة
taraatiif,طَرَاطِيف,طراطيف
tartif,طَرْطِف,طرطف
ytartif,يطَرْطِف,يطرطف
tartaf,طَرْطَف,طرطف
tartaqa,طَرْطَقَة,طرطقة
tartiq,طَرْطِق,طرطق
ytartiq,يطَرْطِق,يطرطق
tartaq,طَرْطَق,طرطق
tariif,طَرِيف,طريف
mitirfe,مِطِرْفِة,مطرفة
mitrif,مِطْرِف,مطرف
mutatarrif,مُتَطَرِّف,متطرف
taraf,طَرَف,طرف
turfaan,طُرْفَان,طرفان
2atraaf,أَطْرَاف,أطراف
taraf kheet,طَرَف خَيط,طرف خيط
taraf 2iljeebe,طَرَف الجَيبَة,طرف الجيبة
2ittarraf,اِتْطَرَّف,اتطرف
yittarraf,يِتْطَرَّف,يتطرف
2ittarraf,تْطَرَّف,تطرف
turqa,طُرْقَة,طرقة
tariiq,طَرِيق,طريق
mutraaq,مُطْرَاق,مطراق
turuq,طُرُق,طرق
turuqaat,طُرُقَات,طرقات
turuq,طُرُق,طرق
tariiqa,طَرِيقَة,طريقة
mataariiq,مَطَارِيق,مطاريق
yutruq jamii3 2il2abwaab,يُطْرُق جَمِيع الأَبْوَاب,يطرق جميع الأبواب
jaay 3attariiq,جَاي عَالطَّرِيق,جاي عالطريق
masaafit 2ittariiq,مسَافِة الطَّرِيق,مسافة الطريق
tariiqak khadra,طَرِيقَك خَضْرَة,طريقك خضرة
marraaq 2ittariiq,مَرَّاق الطَّرِيق,مراق الطريق
2utruq,اُطْرُق,اطرق
tarriq,طَرِّق,طرق
yutruq,يُطْرُق,يطرق
ytarriq,يطَرِّق,يطرق
taraq,طَرَق,طرق
tarraq,طَرَّق,طرق
tarqa3a,طَرْقَعَة,طرقعة
tarqi3,طَرْقِع,طرقع
ytarqi3,يطَرْقِع,يطرقع
tarqa3,طَرْقَع,طرقع
tarma,طَرْمَا,طرما
tarma,طَرْمَا,طرما
2atram,أَطْرَم,أطرم
2atram,أَطْرَم,أطرم
turum,طُرُم,طرم
turum,طُرُم,طرم
taram,طَرَم,طرم
2intarim,اِنْطَرِم,انطرم
2intirim,اِنْطِرِم,انطرم
yintarim,يِنْطَرَم,ينطرم
yintirim,يِنْطِرِم,ينطرم
2intaram,اِنْطَرَم,انطرم
trombe,طْرُومْبِة,طرومبة
trombiil,طْرُومْبِيل,طرومبيل
mittarmikh,مِتْطَرْمِخ,متطرمخ
tarmikh,طَرْمِخ,طرمخ
2ittarmakh,اِتْطَرْمَخ,اتطرمخ
ytarmikh,يطَرْمِخ,يطرمخ
yittarmakh,يِتْطَرْمَخ,يتطرمخ
tarmakh,طَرْمَخ,طرمخ
2ittarmakh,اِتْطَرْمَخ,اتطرمخ
tari,طَرِي,طري
taraawe,طَرَاوِة,طراوة
2ittarri 2iljaw,تْطَرِّي الجَوّ,تطري الجو
tarri,طَرِّي,طري
2istatra,اِسْتَطْرِي,استطري
ytarri,يطَرِّي,يطري
yistatri,يِسْتَطْرِي,يستطري
tarra,طَرَّى,طرى
2istatra,اِسْتَطْرَى,استطرى
taaza,طَازَا,طازا
yaa doob taaza,يَادَوب طَازَا,يادوب طازا
tuzz,طُزّ,طز
tazziize,طَزِّيزِة,طزيزة
tuzzeeze,طُزَّيزِة,طزيزة
2intazz,اِنْطَزّ,انطز
tuzz,طُزّ,طز
yintazz,يِنْطَزّ,ينطز
ytuzz,يطُزّ,يطز
tazz,طَزّ,طز
2intazz,اِنْطَزّ,انطز
matzuu3,مَطْزُوع,مطزوع
matzuu3,مَطْزُوع,مطزوع
taz3a,طَزْعَة,طزعة
taz3e,طَزْعِة,طزعة
2itza3,اِطْزَع,اطزع
tazzi3,طَزِّع,طزع
2intizi3,اِنْطِزِع,انطزع
2initzi3,اِنِطْزِع,انطزع
yitza3,يِطْزَع,يطزع
yintizi3,يِنْطِزِع,ينطزع
yinitzi3,يِنِطْزِع,ينطزع
ytazzi3,يطَزِّع,يطزع
taza3,طَزَع,طزع
2intaza3,اِنْطَزَع,انطزع
tazza3,طَزَّع,طزع
tasse,طَسِّة,طسة
tassaas,طَسَّاس,طساس
2ilbeen ytusso,البَين يطُسُّه,البين يطسه
ytusso bahdale,يطُسُّه بَهْدَلِة,يطسه بهدلة
tuss,طُسّ,طس
ytuss,يطُسّ,يطس
tass,طَسّ,طس
tastase,طَسْطَسِة,طسطسة
tastis,طَسْطِس,طسطس
ytastis,يطَسْطِس,يطسطس
tastas,طَسْطَس,طسطس
tishte,طِشْتَة,طشتة
tushut,طُشُت,طشت
tshuute,طْشُوتِة,طشوتة
tshuut,طْشُوت,طشوت
mtashshish,مْطَشِّش,مطشش
taashish,طَاشِش,طاشش
tashshe,طَشِّة,طشة
tashshit 2ittoome,طَشِّة الثَّومِة,طشة الثومة
tushsh,طُشّ,طش
tashshish,طَشِّش,طشش
ytushsh,يطُشّ,يطش
ytashshish,يطَشِّش,يطشش
tashsh,طَشّ,طش
tashshash,طَشَّش,طشش
tashtuush,طَشْطُوش,طشطوش
tashaatiish,طَشَاطِيش,طشاطيش
tashtish,طَشْطِش,طشطش
ytashtish,يطَشْطِش,يطشطش
tashtash,طَشْطَش,طشطش
tatli,طَطْلي,ططلي
t3je,طَعْجِة,طعجة
mta3waj,مْطَعْوَج,مطعوج
ta3wij,طَعْوِج,طعوج
yta3wij,يطَعْوِج,يطعوج
ta3waj,طَعْوَج,طعوج
2it3aj,اِطْعَج,اطعج
yit3aj,يِطْعَج,يطعج
ta3aj,طَعَج,طعج
2ittaa3ash,اِتْطَاعَش,اتطاعش
yittaa3ash,يِتْطَاعَش,يتطاعش
2ittaa3ash,تْطَاعَش,تطاعش
2inti3ish,اِنْطِعِش,انطعش
yinti3ish,يِنْطِعِش,ينطعش
2inta3ash,اِنْطَعَش,انطعش
2it3ash,اِطْعَش,اطعش
yit3ash,يِطْعَش,يطعش
ta3ash,طَعَش,طعش
tu33eeta,طُعَّيطَة,طعيطة
ta33it,طَعّط,طعط
yta33it,يطَعّط,يطعط
ta33at,طَعَّط,طعط
ta33a,طَعَّة,طعة
ta3im,طَعِم,طعم
mat3am,مَطْعَم,مطعم
tu3um,طُعُم,طعم
mat3uum,مَطْعَوم,مطعوم
mataa3im,مَطَاعِم,مطاعم
mataa3iim,مَطَاعِيم,مطاعيم
2it3im,اِطْعِم,اطعم
2istat3im,اِسْتَطْعِم,استطعم
ta33im,طَعِّم,طعم
2itta33am,اِتْطَعَّم,اتطعم
yit3im,يِطْعِم,يطعم
yistat3im,يِسْتَطْعِم,يستطعم
yitta33am,يِتْطَعَّم,يتطعم
yta33im,يطَعِّم,يطعم
2at3am,أَطْعَم,أطعم
ta33am,طَعَّم,طعم
2istat3am,اِسْتَطْعَم,استطعم
2itta33am,تْطَعَّم,تطعم
ta3ne,طَعْنِة,طعنة
ta3in,طَعِن,طعن
ta3in binnasab,طَعِن بَالنَّسَب,طعن بالنسب
ta3in fii qaraar,طَعِن فِي قَرَار,طعن في قرار
ta3in bilkalaam,طَعَِن بِالكَلَام,طعن بالكلام
ta3in bidda3wa,طَعِن بِالدَّعْوِة,طعن بالدعوة
ta3in bil7ukum,طَعِن بِالحُكُم,طعن بالحكم
2it3an,اِطْعَن,اطعن
yit3an,يِطْعَن,يطعن
ta3an,طَعَن,طعن
ta3nuuze,طَعْنُوزِة,طعنوزة
ta3aaniiz,طَعَانِيز,طعانيز
taaghi,طَاغِي,طاغي
taaghiye,طَاغِيِة,طاغية
tughaa,طُغَاة,طغاة
tughyaan,طُغْيَان,طغيان
taaghuut,طَاغُوت,طاغوت
tawaaghiit,طَوَاغِيت,طواغيت
2itgha,اِطْغَى,اطغى
yitgha,يِطْغَى,يطغى
tagha,طَغَى,طغى
taafi7,طَافِح,طافح
taafi7,طَافِح,طافح
tfaa7,طْفَاح,طفاح
zeet tfaa7,زيت طْفَاح,زيت طفاح
ziir tfaa7,زير طْفَاح,زير طفاح
tafa7 2ilkeel,طَفَح الكيل,طفح الكيل
taffi7,طَفِّح,طفح
2itfa7,اِطْفَح,اطفح
ytaffi7,يطَفِّح,يطفح
yitfa7,يِطْفَح,يطفح
tafa7,طَفَح,طفح
taffa7,طَفَّح,طفح
tafraan,طَفْرَان,طفران
toofariyye,طَوفَرِيِّة,طوفرية
taafuur,طَافُور,طافور
tafar,طَفَر,طفر
tawaafiir,طَوَافِير,طوافير
2itfar,اِطْفِر,اطفر
yitfar,يِطْفِر,يطفر
tifir,طِفِر,طفر
matfuus,مَطْفُوس,مطفوس
taafis,طَافِس,طافس
tafse,طَفْسِة,طفسة
2utfus,اُطْفُس,اطفس
2ittaafas,اِتْطَافَس,اتطافس
2intifis,اِنْطِفِس,انطفس
yutfus,يُطْفُس,يطفس
yittaafas,يِتْطَافَس,يتطافس
yintifis,يِنْطِفِس,ينطفس
tafas,طَفَس,طفس
2intafas,اِنْطَفَس,انطفس
2ittaafas,تْطَافَس,تطافس
tafshaan,طَفْشَان,طفشان
tafash,طَفَش,طفش
tatfiish,تَطْفِيش,تطفيش
2itfash,اِطْفَش,اطفش
taffish,طَفِّش,طفش
yitfash,يِطْفَش,يطفش
ytaffish,يطَفِّش,يطفش
tifish,طِفِش,طفش
taffash,طَفَّش,طفش
mtaftif,مْطَفْطِف,مطفطف
taftaaf,طَفْطَاف,طفطاف
tuftaaf,طُفْطَاف,طفطاف
roo7o mtaftife,روحُه مْطَفْطِفِة,روحه مطفطفة
taftif,طَفْطِف,طفطف
ytaftif,يطَفْطِف,يطفطف
taftaf,طَفْطَف,طفطف
tafiif,طَفِيف,طفيف
mutataffil,مُتَطَفِّل,متطفل
tufuule,طُفُولِة,طفولة
tufuuli,طُفُولي,طفولي
tifil,طِفِل,طفل
2atfaal,أَطْفَال,أطفال
2ataafiil,أَطَافِيل,أطافيل
2ittaffal,اِتْطَفَّل,اتطفل
yittaffal,يِتْطَفَّل,يتطفل
2ittaffal,تْطَفَّل,تطفل
taafi,طَافِي,طافي
matfi,مَطْفِي,مطفي
taffaaye,طَفَّايِة,طفاية
mtafayye,مْطَفِيِّة,مطفية
qalbo matfi,قلبه مَطْفِي,قلبه مطفي
2itfi,اِطْفِي,اطفي
taffi,طَفِّى,طفى
yitfi,يِطْفِي,يطفي
ytaffi,يطَفِّى,يطفى
tafa,طَفَى,طفى
taffa,طَفَّى,طفى
taqis,طَقِس,طقس
taqis,طَقِس,طقس
tuquus,طُقُوس,طقوس
2ittaqqas,اِتْطَقَّس,اتطقس
yittaqqas,يِتْطَقَّس,يتطقس
2ittaqqas,تْطَقَّس,تطقس
tatq2iish,تَطْقِيش,تطقيش
taqq22ish,طَقِّش,طقش
2itq2ash,اِطْقَش,اطقش
yitq2ash,يِطْقَش,يطقش
ytaqq22ish,يطَقِّش,يطقش
taq2ash,طَقَش,طقش
taqq22ash,طَقَّش,طقش
taqtaqa,طَقْطَقَة,طقطقة
taqtaqa,طَقْطَقَة,طقطقة
tuqteeqa,طُقْطَيقَة,طقطيقة
tuqtaaqa,طُقْطَاقَة,طقطاقة
tuqtuq,طُقْطُق,طقطق
tuqtaaq,طُقْطَقَاق,طقطقاق
taqtiq,طَقْطِق,طقطق
ytaqtiq,يطَقْطِق,يطقطق
taqtaq,طَقْطَق,طقطق
tuqee3a,طُقَّيعَة,طقيعة
taaqi3,طَاقِع,طاقع
takgi3,طَقِع,طقع
mtaggi3,مْطَقِّع,مطقع
bittaqgaa3a,بَالطَّقَاعَة,بالطقاعة
mitqa3a,مِطْقَعَة,مطقعة
mitqaa3a,مِطْقَاعَة,مطقاعة
2itga3,اِطْقَع,اطقع
taqqi3,طَقِّع,طقع
taqaa3a,طَقَاعَة,طقاعة
taggi3,طَقِّع,طقع
yitga3,يِطْقَع,يطقع
ytaqqi3,يطَقِّع,يطقع
ytaggi3,يطَقِّع,يطقع
taga3,طَقَع,طقع
tagga3,طَقَّع,طقع
taqqa3,طَقَّع,طقع
taqqa,طَقَّة,طقة
mil7a 2ittuqqo,مِلْحَة تْطُقُّه,ملحة تطقه
tuqq wumuut,طُقّ ومَوت,طق وموت
ytuqqillak 3iriq,يطُقِّلَّك عِرْق,يطقلك عرق
ytuqq 7anak,يطقّ حَنَك,يطق حنك
tuqq,طُقّ,طق
taqqiq,طَقِّق,طقق
ytuqq,يطُقّ,يطق
ytaqqiq,يطَقِّق,يطقق
taqq,طَقّ,طق
taqqaq,طَقَّق,طقق
mtagmish,مْطَقْمِش,مطقمش
mitqim,مِطْقِم,مطقم
taqim,طَقِم,طقم
taaqam,طَاقَم,طاقم
2atqum,أَطْقُم,أطقم
tquume,طْقُومِة,طقومة
tawaaqim,طَوَاقِم,طواقم
taqqim,طَقِّم,طقم
tagmish,طَقْمِش,طقمش
ytaqqim,يطَقِّم,يطقم
ytagmish,يطَقْمِش,يطقمش
taqqam,طَقَّم,طقم
tagmash,طَقْمَش,طقمش
mittallib,مِتْطَلِّب,متطلب
taalib,طَالِب,طالب
matluub,مَطْلُوب,مطلوب
tulbe,طُلْبِة,طلبة
talab,طَلَب,طلب
taalib,طَالِب,طالب
tullaab,طُلَّاب,طلاب
2utlub,اِطْلُب,اطلب
2ittallab,اِتْطَلَّب,اتطلب
yutlub,يُطْلُب,يطلب
yittallab,يِتْطَلَّب,يتطلب
talab,طَلَب,طلب
2ittallab,تْطَلَّب,تطلب
taltale,طَلْطَلِة,طلطلة
taltil,طَلْطِل,طلطل
ytaltil,يطَلْطِل,يطلطل
taltal,طَلْطَل,طلطل
taltamiis,طَلْطَمِيس,طلطميس
taali3,طَالِع,طالع
mtalli3,مْطَلِّع,مطلع
mittali3,مِتْطَلِّع,متطلع
tatlii3a,تَطْلِيعَة,تطليعة
tal3a,طَلْعَة,طلعة
2istitlaa3,اِسْتِطْلَاع,استطلاع
2ittilaa3,اِطَِّّلَاع,اطلاع
tluu3,طْلُوع,طلوع
mutlaa3,مُطْلَاع,مطلاع
taluu3,طَلُوع,طلوع
mataali3,مَطَالِع,مطالع
talii3a,طَلِيعَة,طليعة
talaa2i3,طَلَائِع,طلائع
tili3 3ala,طِلِع على,طلع على
yitla3 3aqabri,يطلع عقبري,يطلع عقبري
3attaal3a winnaazle,عَالطَّالعة وَالنَازلة,عالطالعة والنازلة
byitla3lo,بيِطْلَعله,بيطلعله
taali3 min 7eet,طَالِع من حيط,طالع من حيط
tili3 min 3eeni,طلع من عيني,طلع من عيني
talla3li qruun,طلعلي قرون,طلعلي قرون
2itla3,اِطْلَع,اطلع
talli3,طَلِّع,طلع
2ittalla3,اِتْطَلَّع,اتطلع
taali3,طَالِع,طالع
2istatli3,اِسْتَطْلِع,استطلع
yitla3,يِطْلَع,يطلع
ytalli3,يطَلِّع,يطلع
yittalla3,يِتْطَلَّع,يتطلع
ytaali3,يطَالِع,يطالع
yistatli3,يِسْتَطْلِع,يستطلع
tili3,طِلِع,طلع
talla3,طَلَّع,طلع
tatallu3,تَطَلُّع,تطلع
2ittalla3,تْطَلَّع,تطلع
taala3,طَالَع,طالع
2istatla3,اِسْتَطْلَع,استطلع
2ittali3,اِطَّلِع,اطلع
yittali3,يِطَّلِع,يطلع
2ittala3,اِطَّلَع,اطلع
mtallaq,مْطَلَّق,مطلق
taliiq,طَلِيق,طليق
taliq,طَلِق,طلق
mtalliq,مْطَلِّق,مطلق
mtallaq,مْطَلَّق,مطلق
2intilaaq,اِنْطِلَاق,انطلاق
tallaaqa,طَلَّاقَة,طلاقة
talaqa,طَلَقَة,طلقة
talqa,طَلْقَة,طلقة
talaaqa,طَلَاقَة,طلاقة
talaaq,طَلَاق,طلاق
talq,طَلْق,طلق
tuluq,طُلُق,طلق
taliiq,طَلِيق,طليق
tluuqa,طْلُوقَة,طلوقة
talliq,طَلِّق,طلق
2itliq,اِطْلِق,اطلق
2itlaqi,اِطْلَقِي,اطلقي
2ittallaq,اِتْطَلَّق,اتطلق
ytalliq,يطَلِّق,يطلق
yittallaq,يِتْطَلَّق,يتطلق
2intiliq,اِنْطِلِق,انطلق
titlaq,تِطْلَق,تطلق
yitliq,يِطْلِق,يطلق
2itlaaq,اِطْلَاق,اطلاق
yintiliq,يِنْطِلِق,ينطلق
tallaq,طَلَّق,طلق
2ittallaq,تْطَلَّق,تطلق
tilqat,طِلْقَت,طلقت
2intalaq,اِنْطَلَق,انطلق
2atlaq,أَطْلَق,أطلق
tilqka,طِلْقَة,طلقة
talle,طَلِّة,طلة
2aja ytull 2akal 2ilkull,إِجَى يطُل أكل الكل,إجى يطل أكل الكل
tull,طُلّ,طل
ytull,يطُلّ,يطل
tall,طَلّ,طل
talhiine,طَلْهِينِة,طلهينة
talaahiin,طَلَاهِين,طلاهين
tatli,تَطْلِي,تطلي
2itli,اِطْلِي,اطلي
yitli,يِطْلِي,يطلي
2intili,اِنْطِلِي,انطلي
yintili,يِنْطِلِي,ينطلي
tala,طَلَى,طلى
2intala,اِنْطَلَى,انطلى
tambiil,طَمْبِيل,طمبيل
tumbiil,طُمْبِيل,طمبيل
matmuur,مَطْمُور,مطمور
matmuura,مَطْمُورَة,مطمورة
tamir,طَمِر,طمر
mataamiir,مَطَامِير,مطامير
hoon 7afarna wuhoon tamarna,هون حفرنَا وهون طَمَرنَا,هون حفرنا وهون طمرنا
2intimir,اِنْطِمِر,انطمر
2utmur,اُطْمُر,اطمر
2initmir,اِنِطْمِر,انطمر
yutmur,يُطْمُر,يطمر
yintimir,يِنْطِمِر,ينطمر
yinitmir,يِنِطْمِر,ينطمر
tamar,طَمَر,طمر
2intamar,اِنْطَمَر,انطمر
tamse,طَمْسِة,طمسة
maa byi3rif 2ilkhamse min 2ittamse,مَا بيعرف الخمسة من الطَّمْسِة,ما بيعرف الخمسة من الطمسة
2utmus,اُطْمُس,اطمس
yutmus,يُطْمُس,يطمس
tamas,طَمَس,طمس
mtamtam,مْطَمْطَم,مطمطم
tamtame,طَمْطَمِة,طمطمة
tamtim,طَمْطِم,طمطم
2ittamtam,اِتْطَمْطَم,اتطمطم
ytamtim,يطَمْطِم,يطمطم
yittamtam,يِتْطَمْطَم,يتطمطم
2ittamtam,تْطَمْطَم,تطمطم
tamtam,طَمْطَم,طمطم
tammaa3,طَمَّاع,طماع
taami3,طَامِع,طامع
tam3aan,طَمْعَان,طمعان
tama3,طَمَع,طمع
2itma3,اِطْمَع,اطمع
tammi3,طَمِّع,طمع
yitma3,يِطْمَع,يطمع
ytammi3,يطَمِّع,يطمع
timi3,طِمِع,طمع
tamma3,طَمَّع,طمع
mtammil,مْطَّمِّل,مطمل
mtoomil,مْطَومِل,مطومل
tammil,طَمِّل,طمل
toomil,طَومِل,طومل
ytammil,يطَمِّل,يطمل
ytoomil,يطَومِل,يطومل
tammal,طَمَّل,طمل
toomal,طَومَل,طومل
tamam,طَمَم,طمم
tumm,طُمّ,طم
2intamm,اِنْطَمّ,انطم
ytumm,يطُمّ,يطم
yintamm,يِنْطَمّ,ينطم
tamm,طَمّ,طم
2intamm,اِنْطَمّ,انطم
tamambuura,طَمَمْبُورَة,طممبورة
mittammin,مِتْطَمِّن,متطمن
2ittamman,اِتْطَمَّن,اتطمن
tammin,طَمِّن,طمن
yittamman,يِتْطَمَّن,يتطمن
ytammin,يطَمِّن,يطمن
2ittamman,تْطَمَّن,تطمن
tamman,طَمَّن,طمن
taniib,طَنِيب,طنيب
tunub,طُنُب,طنب
taniib 3awalaayaak,طنيب عولَايَاك,طنيب عولاياك
tumbur,طُنْبُر,طنبر
tumburji,طُنْبُرْجِي,طنبرجي
tambuuz,طَنْبُوز,طنبوز
tanaabiiz,طَنَابِيز,طنابيز
tanje,طَنْجِة,طنجة
tunuj,طُنُج,طنج
tunaj,طُنَج,طنج
2utnuj,اُطْنُج,اطنج
yutnuj,يُطْنُج,يطنج
tanaj,طَنَج,طنج
mtanjir,مْطَنْجِر,مطنجر
tanjiir,طَنْجِير,طنجير
tanjara,طَنْجَرَة,طنجرة
tunjara,طُنْجَرَة,طنجرة
tandjiir,طَنْجِير,طنجير
tanaajir,طَنَاجِر,طناجر
tanaadjiir,طَنَاجِير,طناجير
tanjara wulaqat ghataaha,طَنْجَرَة ولقت غطَاهَا,طنجرة ولقت غطاها
2iid 2ittanjara,إِيد الطَّنجَرَة,إيد الطنجرة
tanjir,طَنْجِر,طنجر
ytanjir,يطَنْجِر,يطنجر
tanjar,طَنْجَر,طنجر
2ittinniz,تْطِنِّز,تطنز
tatniiz,تَطْنِيز,تطنيز
tanniz,طَنِّز,طنز
ytanniz,يطَنِّز,يطنز
tannaz,طَنَّز,طنز
mtanzi3,مْطَنْزِع,مطنزع
tanzi3,طَنْزِع,طنزع
ytanzi3,يطَنْزِع,يطنزع
tanza3,طَنْزَع,طنزع
tatniish,تَطْنِيش,تطنيش
mtannish,مْطَنِّش,مطنش
tannish,طَنِّش,طنش
ytannish,يطَنِّش,يطنش
tannash,طَنَّش,طنش
tant,طَنْط,طنط
mtantar,مْطَنْطَر,مطنطر
mtantar,مْطَنْطَر,مطنطر
tantara,طَنْطَرَة,طنطرة
tantuur,طَنْطُور,طنطور
tanaatiir,طَنَاطِير,طناطير
tantir,طَنْطِر,طنطر
ytantir,يطَنْطِر,يطنطر
tantar,طَنْطَر,طنطر
tuntushshe,طُنْطُشِّة,طنطشة
tanaatiish,طَنَاطِيش,طناطيش
tantish,طَنْطِش,طنطش
ytantish,يطَنْطِش,يطنطش
tantash,طَنْطَش,طنطش
tantuufe,طَنْطُوفِة,طنطوفة
tanaatiif,طَنَاطِيف,طناطيف
tantif,طَنْطِف,طنطف
ytantif,يطَنْطِف,يطنطف
tantaf,طَنْطَف,طنطف
tanne,طَنِّة,طنة
taniin,طَنِين,طنين
tanne wranne,طنة ورنة,طنة ورنة
tinn,طِنّ,طن
ytinn,يطِنّ,يطن
tann,طَنّ,طن
tahbuub,طَهْبُوب,طهبوب
tahaabiib,طَهَابِيب,طهابيب
tahbij,طَهْبِج,طهبج
ytahbij,يطَهْبِج,يطهبج
tahbaj,طَهْبَج,طهبج
taahir,طَاهِر,طاهر
tahaara,طَهَارَة,طهارة
tuhur,طُهُر,طهر
thuur,طْهُور,طهور
mtahhir,مْطَهِّر,مطهر
mutahhir,مُطَهِّر,مطهر
bil7abale tahhar mqaalit,بَالحبلة طهر مقيلط,بالحبلة طهر مقيلط
2ittahhar,اِتْطَهَّر,اتطهر
tahhir,طَهِّر,طهر
yittahhar,يِتْطَهَّر,يتطهر
ytahhir,يطَهِّر,يطهر
2ittahhar,تْطَهَّر,تطهر
tahhar,طَهَّر,طهر
tah2aan,طَهْقَان,طهقان
taha2,طَهَق,طهق
tahhi2,طَهِّق,طهق
ytahhi2,يطَهِّق,يطهق
tahha2,طَهَّق,طهق
2itha2,اِطْهَق,اطهق
yitha2,يِطْهَق,يطهق
tihi2,طِهِق,طهق
tuub,طُوب,طوب
tuube,طُوبِة,طوبة
tuwab,طُوَب,طوب
bookil tuub 2ilard,بَوكِل طُوب الأَرْض,بوكل طوب الأرض
tawwib,طَوِّب,طوب
ytawwib,يطَوِّب,يطوب
tawwab,طَوَّب,طوب
toobarji,طَوبَرْجِي,طوبرجي
toobarjiyye,طَوبَرْجِيِّة,طوبرجية
toobane,طَوبَنِة,طوبنة
toobin,طَوبِن,طوبن
ytoobin,يطَوبِن,يطوبن
tooban,طَوبَن,طوبن
2ittawwa7,اِتْطَوَّح,اتطوح
yittawwa7,يِتْطَوَّح,يتطوح
2ittawwa7,تْطَوَّح,تطوح
mutatawwir,مُتَطَوِّر,متطور
tatwiir,تَطْوِير,تطوير
toor,طَور,طور
tuur,طُور,طور
2atwaar,أَطْوَار,أطوار
ghariib 2atwaar,غريب أطْوَار,غريب أطوار
tawwir,طَوِّر,طور
2ittawwar,اِتْطَوَّر,اتطور
ytawwir,يطَوِّر,يطور
yittawwar,يِتْطَوَّر,يتطور
tawwar,طَوَّر,طور
2ittawwar,تْطَوَّر,تطور
tuuriyye,طُورِيِّة,طورية
tawaari,طَوَارِي,طواري
tooz,طَوز,طوز
tuuz,طُوز,طوز
ytuuz,يطُوز,يطوز
taaz,طَاز,طاز
tuus,طُوس,طوس
toos,طَوس,طوس
twaas,طوَاس,طواس
taase wa7de,طَاسة وحده,طاسة وحده
taasit 2irrajfe,طَاسة الرجفة,طاسة الرجفة
tawaashi,طَوَاشِي,طواشي
tooshe,طَوشِة,طوشة
tuwash,طُوَش,طوش
2itwish,اِطْوِش,اطوش
taawish,طَاوِش,طاوش
2ittaawash,اِتْطَاوَش,اتطاوش
yitwish,يِطْوِش,يطوش
ytaawish,يطَاوِش,يطاوش
yittaawash,يِتْطَاوَش,يتطاوش
tawash,طَوَش,طوش
taawash,طَاوَش,طاوش
2ittaawash,تْطَاوَش,تطاوش
tawwit,طَوِّط,طوط
ytawwit,يطَوِّط,يطوط
tawwat,طَوَّط,طوط
mtooti7,مْطَوطِح,مطوطح
mtooti7,مْطَوطِح,مطوطح
mtoota7,مْطَوطَح,مطوطح
tawaati7,طَوَاطِح,طواطح
tooti7,طَوطِح,طوطح
ytooti7,يطَوطِح,يطوطح
toota7,طَوطَح,طوطح
tawwii3,طَوِّيع,طويع
mutii3,مُطِيع,مطيع
mustataa3,مُسْتَطَاع,مستطاع
mtaawi3,مْطَاوِع,مطاوع
taa3a,طَاعَة,طاعة
2istitaa3a,اِسْتِطَاعَة,استطاعة
tatawwu3,تَطَوُّع,تطوع
mutatawwi3,مُتْطَوِّع,متطوع
ta7t too3ak,تَحْت طَوعَك,تحت طوعك
tii3,طِيع,طيع
taawi3,طَاوِع,طاوع
tawwi3,طَوِّع,طوع
too3,طَوع,طوع
2ittawwa3,تْطَوَّع,تطوع
ytii3,يطِيع,يطيع
ytaawi3,يطَاوِع,يطاوع
ytawwi3,يطَوِّع,يطوع
2istatii3,اِسْتَطِيع,استطيع
yistatii3,يِسْتَطِيع,يستطيع
yittawwa3,يِتْطَوَّع,يتطوع
taa3,طَاع,طاع
taawa3,طَاوَع,طاوع
tawwa3,طَوَّع,طوع
3istataa3,اِسْتَطَاع,استطاع
2ittawwa3,تْطَوَّع,تطوع
tawaaf,طَوَاف,طواف
toof,طَوف,طوف
tuuf,طُوف,طوف
tawwif,طَوِّف,طوف
ytuuf,يطُوف,يطوف
ytawwif,يطَوِّف,يطوف
taaf,طَاف,طاف
tawwaf,طَوَّف,طوف
taayiq,طَايِق,طايق
taaqa,طَاقَة,طاقة
taaqa,طَاقَة,طاقة
taaqiyye,طَاقِيِّة,طاقية
tooq,طَوق,طوق
twaaq,طْوَاق,طواق
tawaaqii,طَوَاقِي,طواقي
muthallath 2ittaaqaat,مثلت الطَاقَات,مثلت الطاقات
2infata7atlo taaq2it 2ilq2adir,اِنفتحتله طَاقة القدر,انفتحتله طاقة القدر
taayiq 3aljamii3,طَايِق عَالجميع,طايق عالجميع
fata7at braasi taaqa,فتحت برَاسي طَاقة,فتحت براسي طاقة
tiiq,طِيق,طيق
2ittaawaq,اِتْطَاوَق,اتطاوق
tawwiq,طَوِّق,طوق
2intaaq,اِنْطَاق,انطاق
ytiiq,يطِيق,يطيق
yintaaq,يِنْطَاق,ينطاق
yittaawaq,يِتْطَاوَق,يتطاوق
ytawwiq,يطَوِّق,يطوق
taaq,طَاق,طاق
2intaaq,اِنْطَاق,انطاق
2ittaawaq,تْطَاوَق,تطاوق
tawwaq,طَوَّق,طوق
mtaawal,مْطَاوَل,مطاول
mitwall,مِطْوَلّ,مطول
tawalaan,طَوَلَان,طولان
tawiil,طَوِيل,طويل
twaal,طْوَال,طوال
taayil,طَايِل,طايل
mtawwil,مْطَوِّل,مطول
taawle,طَاوْلِة,طاولة
tawaayil,طَوَايِل,طوايل
tuul,طُول,طول
2atwaal,أَطْوَال,أطوال
3ala tuul,على طُول,على طول
hizz tuulak,هِز طولَك,هز طولك
mustatiil,مُسْتَطِيل,مستطيل
tuul 3umri,طُول عمري,طول عمري
mtawwil,مْطَوِّل,مطول
tawwal roo7o,طَوَّل روحُه,طول روحه
tawwal baalo,طَوَّل بَاله,طول باله
tuulha wu3ardha waa7ad,طُولْهَا وعرضهَا وَاحد,طولها وعرضها واحد
batinha tuulha,بطنهَا طولهَا,بطنها طولها
7baalo tawiile,حبَاله طويلة,حباله طويلة
2ittawiile taalat 2ittiine wilqasiire dallat 7aziine,الطويلة طَالت التينة وَالقصيرة ضلت حزينة,الطويلة طالت التينة والقصيرة ضلت حزينة
2ija 3ala tuulo,إِجى على طُولُه,إجى على طوله
2ittaawal,اِتْطَاوَل,اتطاول
tuul,طُول,طول
2itwal,اِطْوَل,اطول
tawwil,طَوِّل,طول
2istatwil,اِسْتَطْوِل,استطول
2ittawal,اِتْطَوَّل,اتطول
ytuul,يطُول,يطول
yitwal,يِطْوَل,يطول
ytawwil,يطَوِّل,يطول
yittawal,يِتْطَوَّل,يتطول
yistatwil,يِسْتَطْوِل,يستطول
yittaawal,يِتْطَاوَل,يتطاول
2atwal,أَطْوَل,أطول
taal,طَال,طال
tiwil,طِوِل,طول
tawwal,طَوَّل,طول
2ittawal,تْطَوَّل,تطول
2istatwal,اِسْتَطْوَل,استطول
tataawal,تَطَاوَل,تطاول
mintiwi,مِنْطَوِي,منطوي
matwa,مَطْوَة,مطوة
mataawi,مَطَاوِي,مطاوي
2itwi,اِطْوِي,اطوي
2intiwi,اِنْطِوِي,انطوي
yitwi,يِطْوِي,يطوي
yintiwi,يِنْطِوِي,ينطوي
tawa,طَوَى,طوى
2intawa,اِنْطَوَى,انطوى
tiiba,طِيبَة,طيبة
tayyib,طَيِّب,طيب
tayyib,طَيِّب,طيب
nifso taybe,نِفْسُه طَيْبِة,نفسه طيبة
tiib,طِيب,طيب
tayyib,طَيِّب,طيب
2ittayyab,اِتْطَيَّب,اتطيب
2istatyib,اِسْتَطْيَب,استطيب
ytiib,يطِيب,يطيب
yittayyib,يطَيِّب,يطيب
yittayyab,يِتْطَيَّب,يتطيب
yistatyib,يِسْتَطْيَب,يستطيب
taab,طَاب,طاب
tayyab,طَيَّب,طيب
2ittayyab,تْطَيَّب,تطيب
2istatyab,اِسْتَطْيَب,استطيب
mataawii7,مَطَاوِيح,مطاويح
taayi7,طَايِح,طايح
taayi7,طَايِح,طايح
2ittaayi7 raayi7,الطَّايِح رَايِح,الطايح رايح
tii7,طِيح,طيح
ytii7,يطيح,يطيح
taa7,طَاح,طاح
tayyaara,طَيَّارَة,طيارة
tayyaar,طَيَّار,طيار
taayir,طَايِر,طاير
taayir min 2ilfara7,طَايِر مِن الفَرَح,طاير من الفرح
tayaraan,طَيَرَان,طيران
mataar,مَطَار,مطار
teer,طَير,طير
tyuur,طْيُور,طيور
law fii kheer maa kaan ramaa 2itteer,لَو فِيه خَير مَا كَان رَمَاه الطَّير,لو فيه خير ما كان رماه الطير
2atayyir mayy,أَطيِّر مي,أطير مي
tiir,طِير,طير
tayyir,طَيِّر,طير
ytiir,يطير,يطير
ytayyir,يطَيِّر,يطير
taar,طَار,طار
tayyar,طَيَّر,طير
mtayyiz,مْطَيِّز,مطيز
tiiz,طِيز,طيز
tyaaz,طْيَاز,طياز
khushsh 2ibtiizi,خُش بطِيزي,خش بطيزي
2il7as tiizi,اِلْحَس طِيزي,الحس طيزي
busit tiizo,بُسِت طِيزُه,بست طيزه
fii duude 2ibtiizo,في دودة بطيزه,في دودة بطيزه
tayyiz,طَيِّز,طيز
ytayyiz,يطَيِّز,يطيز
tayyaz,طَيَّز,طيز
tees,طَيس,طيس
taayish,طَايِش,طايش
teesh,طَيش,طيش
tiish,طِيش,طيش
ytiish,يطِيش,يطيش
taash,طَاش,طاش
mtayyin,مْطَيِّن,مطين
tiin,طِين,طين
tayyuun,طَيُّون,طيون
2atayyin 3iishto,أَطَيِّن عيشتُه,أطين عيشته
daan min tiin wudaan min 3ajiin,ذَان من طين وذَان من عجين,ذان من طين وذان من عجين
min tiin blaadak lutt 3akhdaadak,من طين بلَادك لط عخدَادك,من طين بلادك لط عخدادك
tayyin,طَيِّن,طين
ytayyin,يطَيِّن,يطين
tayyan,طَيَّن,طين
mdhaaba7a,مْظَابَحَة,مظابحة
dhaabi7,ظَابِح,ظابح
ydhaabi7,يظَابِح,يظابح
dhaaba7,ظَابَح,ظابح
zarf,ظَرِف,ظرف
zruufe,ظْرُوفِة,ظروفة
zarif,ظَرْف,ظرف
zuruuf,ظُرُوف,ظروف
zariif,ظَرِيف,ظريف
zurafa,ظُرُفَاء,ظرفاء
zraaf,ظْرَاف,ظراف
zaraafe,ظَرَافِة,ظرافة
2istizraaf,اِسْتِظْرَاف,استظراف
2itzaaraf,اِتْظَارَف,اتظارف
yitzaaraf,يِتْظَارَف,يتظارف
tzaaraf,تْظَارَف,تظارف
2istazrif,اِسْتَظْرِف,استظرف
yistazrif,يِسْتَظْرِف,يستظرف
2istazraf,اِسْتَظْرَف,استظرف
difir,ظِفِر,ظفر
dufur,ظُفُر,ظفر
2adaafir,أَظَافِر,أظافر
2iddifir 3umro maa byitla3 min 2illa7im,الظِّفِر عُمْرُه مَا بْيِطْلَع مِن الَّلحِم,الظفر عمره ما بيطلع من اللحم
ytuul dufurha,يطول ظُفُرْهَا,يطول ظفرها
2izfar,اِظْفَر,اظفر
yizfar,يِظْفَر,يظفر
zifir,ظِفِر,ظفر
dill,ظِلّ,ظل
tazliil,تَظْلِيل,تظليل
daayil,ظَايِل,ظايل
dall,ظَلّ,ظل
ydall,يظَلّ,يظل
dall,ظَلّ,ظل
mzallil,مْظَلِّل,مظلل
zallil,ظَلِّل,ظلل
yzallil,يظَلِّل,يظلل
zallal,ظَلَّل,ظلل
zaalim,ظَالِم,ظالم
mzallim,مْظَلِّم,مظلم
muzlim,مُظْلِم,مظلم
zulum,ظُلُم,ظلم
zalaam,ظَلَام,ظلام
3aamuud 2izzalaam,عَامود الظلَام,عامود الظلام
2uzlum,اُظْلُم,اظلم
zallim,ظَلِّم,ظلم
mazluum,مَظْلُوم,مظلوم
yuzlum,يُظْلُم,يظلم
yzallim,يظَلِّم,يظلم
zalam,ظَلَم,ظلم
zallam,ظَلَّم,ظلم
zann,ظَنّ,ظن
zunuun,ظُنُون,ظنون
zannak bima7allo,ظَنَّك بِمَحَلُّه,ظنك بمحله
maa zanneeti,مَا ظَنِّيتي,ما ظنيتي
khayyab zunuuni,خَيَّب ظْنُونِي,خيب ظنوني
zunn,ظُنّ,ظن
yzunn,يظُنّ,يظن
zann,ظَنّ,ظن
mitzaahir,مِتْظَاهِر,متظاهر
muzaahara,مُظَاهَرَة,مظاهرة
dahir,ظَهِر,ظهر
mazhar,مَظْهَر,مظهر
zuhuur,ظُهُور,ظهور
mutazaahir,مُتَظَاهِر,متظاهر
duhur,ظُهُر,ظهر
dhuur,ظْهُور,ظهور
mazaahir,مَظَاهِر,مظاهر
2izhar wubaan 3aleek 2il2amaan,اِظْهَر وبَان عليك الأمَان,اظهر وبان عليك الأمان
dhahril beet,ظَهِر البيت,ظهر البيت
dhahril 7eet,ظَهِر الحيط,ظهر الحيط
3almazaahir,عَالمَظَْاهِر,عالمظاهر
2idhdhuhuur 2il2i3laami,الظُهُور الإِعلَامي,الظهور الإعلامي
7aamil batno 3adahro,حَامل بطنه عظهره,حامل بطنه عظهره
binshadd fii 2iddahir,بنشد فيه الظهر,بنشد فيه الظهر
2izhar,اِظْهَر,اظهر
tzaahar,تْظَاهَر,تظاهر
yizhar,يِظْهَر,يظهر
yitzaahar,يِتْظَاهَر,يتظاهر
zahar,ظَهَر,ظهر
tzaahar,تْظَاهَر,تظاهر
3a,عَ,ع
3aara,عَارَة,عارة
laffat 3aara wu 3ar3ara,لفت عَارة وعرعرة,لفت عارة وعرعرة
3aal,عَال,عال
3ibi3,عِبِء,عبء
2a3baa3,أَعْبَاء,أعباء
3ibb,عِبّ,عب
3baab,عْبَاب,عباب
2id7ak b3ibbak,اِضْحَك بعبَّك,اضحك بعبك
2aqkiddo la3ibbi wu2atla3 minno,أَقده لعبي وأطلع منه,أقده لعبي وأطلع منه
min 2il3ibb laljeebe,من العِب للجِيبِة,من العب للجيبة
3ubb,عُبّ,عب
y3ubb,يعُبّ,يعب
3abb,عَبّ,عب
3abasi,عَبَثِي,عبثي
3abas,عَبَث,عبث
2i3bas,اِعْبَث,اعبث
yi3bas,يِعْبَث,يعبث
3abas,عَبَث,عبث
m3abbid,مْعَبِّد,معبد
3aabid,عَابِد,عابد
3ubbaad,عُبَّاد,عباد
m3abbad,مْعَبَّد,معبد
3baade,عْبَادِة,عبادة
3ubuudiyye,عُبُودِيِّة,عبودية
2isti3baad,اِسْتِعْبَاد,استعباد
ta3biid,تَعْبِيد,تعبيد
3abid,عَبِد,عبد
ma3bad,مَعْبَد,معبد
3abiid,عَبِيد,عبيد
ma3aabid,مَعَابِد,معابد
raas 2il3abid,رَاس العَبِد,راس العبد
3adu jiddak maa bi7ibbak 7atta law 3abadto mitil rabbak,عدو جدك مَابيحبك حتى لو عبدته مثل ربك,عدو جدك مابيحبك حتى لو عبدته مثل ربك
m3abdiitha 2il3ijil,معبديتهَا العجل,معبديتها العجل
yhidd 2ilma3bad billi fii,يهِد المَعْبَد بَاللي فيه,يهد المعبد باللي فيه
2ijaa 2il3aqil 2il3abiid,إِجَاه العقل العبيد,إجاه العقل العبيد
2abu 2il3abid,أَبو العَبِد,أبو العبد
3aqil 2il3abeed,عقل العبيد,عقل العبيد
fustuk 3abiid,فُسْتُق عَبِيد,فستق عبيد
2i3bud,اِعْبُد,اعبد
2u3bud,اُعْبُد,اعبد
3abbid,عَبِّد,عبد
2it3abbad,اِتْعَبَّد,اتعبد
2ista3bid,اِسْتَعْبِد,استعبد
yi3bud,يِعْبُد,يعبد
yu3bud,يُعْبُد,يعبد
y3abbid,يعَبِّد,يعبد
yit3abbad,يِتْعَبَّد,يتعبد
yista3bid,يِسْتَعْبِد,يستعبد
3abad,عَبَد,عبد
3abbad,عَبَّد,عبد
t3abbad,تْعَبَّد,تعبد
2ista3bad,اِسْتَعْبَد,استعبد
mu3tabar,مُعْتَبَر,معتبر
3ibri,عِبْرِي,عبري
3ibraani,عِبْرَانِي,عبراني
3ubra,عُبْرَة,عبرة
3aabir,عَابِر,عابر
3abuura,عَبُورَة,عبورة
3ibra,عِبْرَة,عبرة
2i3tibaar,اِعْتِبَار,اعتبار
ta3biir,تَعْبِير,تعبير
3ubuur,عُبُور,عبور
ma3bar,مَعْبَر,معبر
ta3aabiir,تَعَابِير,تعابير
3ibar,عِبَر,عبر
ma3aabir,مَعَابِر,معابر
3abir,عَبِر,عبر
3aabir sabiil,عَابِر سبيل,عابر سبيل
bi3tibaar,بِاعْتِبَار,باعتبار
radd 2i3tibaar,رد اِعْتِبَار,رد اعتبار
3abbir,عَبِّر,عبر
2i3tabir,اِعْتَبِر,اعتبر
2i3tibir,اِعْتِبِر,اعتبر
2u3bur,اِعْبُر,اعبر
y3abbir,يعَبِّر,يعبر
yi3tibir,يِعْتِبِر,يعتبر
yi3tabir,يِعْتَبِر,يعتبر
yi3bur,يِعْبُر,يعبر
mu3abbir,مُعَبِّر,معبر
3ibaara,عِبَارَة,عبارة
3abbar,عَبَّر,عبر
2i3tabar,اِعْتَبَر,اعتبر
3abar,عَبَر,عبر
m3abbis,مْعَبِّس,معبس
3abuus,عَبُوس,عبوس
3aabis,عَابِس,عابس
ta3biise,تَعْبِيسِة,تعبيسة
2i3bis,اِعْبِس,اعبس
3abbis,عَبِّس,عبس
yi3bis,يِعْبِس,يعبس
y3abbis,يعَبِّس,يعبس
3abas,عَبَس,عبس
3abbas,عَبَّس,عبس
3abiit,عَبِيط,عبيط
m3aabata,مَعَابَطَة,معابطة
3abbuuta,عَبُّوطَة,عبوطة
ta3biit,تَعْبِيط,تعبيط
3abaata,عَبَاطَة,عباطة
2u3but,اُعْبُط,اعبط
3abbit,عَبِّط,عبط
3aabit,عَابِط,عابط
2it3aabat,اِتْعَابَط,اتعابط
yu3but,يُعْبُط,يعبط
y3abbit,يعَبِّط,يعبط
y3aabit,يعَابِط,يعابط
yit3aabat,يِتْعَابَط,يتعابط
3abat,عَبَط,عبط
3aabat,عَابَط,عابط
t3aabat,تْعَابَط,تعابط
3abbat,عَبَّط,عبط
m3ab3ib,مْعَبْعِب,معبعب
3ab3ib,عَبْعِب,عبعب
y3ab3ib,يعَبْعِب,يعبعب
3ab3ab,عَبْعَب,عبعب
m3abbiq,مْعَبِّق,معبق
ta3biiq,تَعْبِيق,تعبيق
3abbiq,عَبِّق,عبق
y3abbiq,يعَبِّق,يعبق
3abbaq,عَبَّق,عبق
3abqari,عَبْقَرِي,عبقري
3abaaqira,عَبَاقِرَة,عباقرة
2it3abqar,اِتْعَبْقَر,اتعبقر
yit3abqar,يِتْعَبْقَر,يتعبقر
t3abqar,تْعَبْقَر,تعبقر
ma3buutsh,مَعْبُوك,معبوك
3aabitsh,عَابِك,عابك
2i3bitsh,اِعْبِك,اعبك
yi3bitsh,يِعْبِك,يعبك
3abatsh,عَبَك,عبك
3abhar,عَبْهَر,عبهر
m3abba,مْعَبَّى,معبى
3abaye,عَبَايِة,عباية
ti3baaye,تِعْبَايِة,تعباية
3ubi,عُبُي,عبي
3ibi,عِبِي,عبي
3abba raas,عَبَّى رَاس,عبى راس
3abbi,عَبِّي,عبي
2it3abba,اِتْعَبَّى,اتعبى
y3abbi,يعَبِّي,يعبي
yit3abba,يِتْعَبَّى,يتعبى
3abba,عَبَّى,عبى
t3abba,تْعَبَّى,تعبى
3atbaan,عَتْبَان,عتبان
3aatib,عَاتِب,عاتب
3atabe,عَتَبِة,عتبة
3atab,عَتَب,عتب
2il3atab 3aqadd 2ilma7abbe,العَتَب عقد المحبِّة,العتب عقد المحبة
ghayyir 2il2a3taab,غيِّر الأعتَاب,غير الأعتاب
rafi3 3atab,رفع عَتَب,رفع عتب
2il3atab saabuun 2ilqalb,العَتَب صَابون القلب,العتب صابون القلب
3attib,عَتِّب,عتب
2i3tab,اِعْتَب,اعتب
y3attib,يعَتِّب,يعتب
2i3tab,اِعْتَب,اعتب
yi3tab,يِعْتَب,يعتب
3aatab,عَاتَب,عاتب
yi3tab,يِعْتَب,يعتب
3itib,عِتِب,عتب
3attab,عَتَّب,عتب
m3itt,مْعِتّ,معت
3itt,عِتّ,عت
y3itt,يعِتّ,يعت
3att,عَتّ,عت
ta3tiir,تَعْثِير,تعثير
m3atris,مْعَتْرِس,معترس
3atriis,عَتْرَيس,عتريس
3it3atras,اِتْعَتْرَس,اتعترس
3atris,عَتْرِس,عترس
y3atris,يعَتْرِس,يعترس
yit3atras,يِتْعَتْرَس,يتعترس
3atras,عَتْرَس,عترس
t3atras,تْعَتْرَس,تعترس
3atiiq,عَتِيق,عتيق
3utqi,عُتْقِي,عتقي
2i3tiq,اِعْتِق,اعتق
2i3taq,اِعْتَق,اعتق
3attiq,عَتِّق,عتق
yi3taq,يِعْتَق,يعتق
yi3tiq,يِعْتِق,يعتق
y3attiq,يعَتِّق,يعتق
3itiq,عِتِق,عتق
2a3taq,أَعْتَق,أعتق
3attaq,عَتَّق,عتق
3utqi,عُتْقِي,عتقي
djaadje 3utqiyye,جَاجِة عُتقيِّة,جاجة عتقية
2ddihin bil3ataaqi,الدِّهِن بِالعَتَاقِي,الدهن بالعتاقي
3atale,عَتَلِة,عتلة
3atle,عَتْلِة,عتلة
3attaal,عَتَّال,عتال
3taale,عْتَالِة,عتالة
2i3til,اِعْتِل,اعتل
3attil,عَتِّل,عتل
yi3til,يِعْتِل,يعتل
y3attil,يعَتِّل,يعتل
3atal,عَتَل,عتل
3attal,عَتَّل,عتل
m3attim,مْعَتِّم,معتم
3atme,عَتْمِة,عتمة
ta3tiim,تَعْتِيم,تعتيم
ta3tiim 2i3laami,تَعْتِيم إِعْلَامِي,تعتيم إعلامي
3attamat 2il3een,عتَّمت العين,عتمت العين
3attamat 2iddinya,عتَّمت الدنيَا,عتمت الدنيا
qalbo m3attim,قَلْبُه مْعَتِّم,قلبه معتم
3attim,عَتِّم,عتم
y3attim,يعَتِّم,يعتم
3attam,عَتَّم,عتم
m3aththith,مْعَثِّث,معثث
3aththith,عَثِّث,عثث
y3aththith,يعَثِّث,يعثث
3aththath,عَثَّث,عثث
m3attar,مْعَثَّر,معثر
3thaar,عْثَار,عثار
laa lissade walaa lilhadde wala la3atraat 2izzaman,لَا للسدة ولَا للهدة ولَا لعثرَات الزمن,لا للسدة ولا للهدة ولا لعثرات الزمن
3attir,عَثِّر,عثر
3athara,عَثَرَة,عثرة
2it3attar,اِتْعَثَّر,اتعثر
yit3attar,يِتْعَثَّر,يتعثر
y3attir,يعَثِّر,يعثر
t3attar,تْعَثَّر,تعثر
3attar,عَثَّر,عثر
3ajiib,عَجِيب,عجيب
3ajaayib,عَجَايِب,عجايب
3ajiib,عَجِيب,عجيب
3aajib,عَاجِب,عاجب
mu3jab,مُعْجَب,معجب
3ijbe,عِجْبِة,عجبة
3ajab,عَجَب,عجب
3ijab,عِجَب,عجب
farjaaha 2il3ajab,فَرْجَاهَا العَجَب,فرجاها العجب
sanduuq 2il3ajab,صَنْدُوق العَجَب,صندوق العجب
yaa reet 3aajib,يَاريت عَاجِب,ياريت عاجب
2i3jib,اِعْجِب,اعجب
2it3ajjab,اِتْعَجَّب,اتعجب
3ajjib,عَجِّب,عجب
yi3jib,يِعْجِب,يعجب
y3ajjib,يعَجِّب,يعجب
yit3ajjab,يِتْعَجَّب,يتعجب
2i3jib,اِعْجِب,اعجب
yi3jib,يِعْجِب,يعجب
2a3jab,أَعْجَب,أعجب
3ajjab,عَجَّب,عجب
t3ajjab,تْعَجَّب,تعجب
3ajab,عَجَب,عجب
3ijje,عِجِّة,عجة
2a3idj,أَعِج,أعج
3adjdj,عَجّ,عج
3adjaadj,عَجَاح,عجاح
3idjdj,عِجّ,عج
y3idjdj,يعِجّ,يعج
3adjdj,عَجّ,عج
m3ajram,مْعَجْرَم,معجرم
3ajar,عَجَر,عجر
3ajruum,عَجْرُوم,عجروم
3ajaariim,عَجَارِيم,عجاريم
muta3ajrif,مُتَعَجْرِف,متعجرف
3ajrafe,عَجْرَفِة,عجرفة
2it3ajraf,اِتْعَجْرَف,اتعجرف
yit3ajraf,يِتْعَجْرَف,يتعجرف
t3ajraf,تْعَجْرَف,تعجرف
3ajuuz,عَجُوز,عجوز
m3ajjiz,مْعَجِّز,معجز
3ajaayiz,عَجَايِز,عجايز
3ajawiiz,عَجَاوِيز,عجاويز
2ayyaam 2il3ajuuz,أَيَّام العَجُوز,أيام العجوز
bard 2il3ajuuz,برد العَجُوز,برد العجوز
2ibritil 3ajuuze,إِبرة العجوزة,إبرة العجوزة
3ajjiz,عَجِّز,عجز
y3ajjiz,يعَجِّز,يعجز
3ajjaz,عَجَّز,عجز
3ijiz,عِجِز,عجز
yi3jaz,يِعْجَز,يعجز
2i3jaz,اِعْجَز,اعجز
3ajiz,عَجِز,عجز
3aajiz,عَاجِز,عاجز
2a3jaz,أَعْجَز,أعجز
yi3jiz,يِعْجِز,يعجز
2i3jiz,اِعْجِز,اعجز
2i3jaaz,إِعْجَاز,إعجاز
mu3jize,مُعْجِزِة,معجزة
ma3juuq,مَعْجُوق,معجوق
m3ajjaqa,مْعَجَّق,معجق
3ajjii2,عَجِّيق,عجيق
3ajqa,عَجْقَة,عجقة
2u3juq,اِعْجُق,اعجق
yu3juq,يُعْجُق,يعجق
3ajaq,عَجَق,عجق
3ajuul,عَجُول,عجول
3aajil,عَاجِل,عاجل
mista3jil,مِسْتَعْجِل,مستعجل
zuqum 2il3ijil,زُقُم العِجِل,زقم العجل
3ajal,عَجَل,عجل
3ajal,عَجَل,عجل
3ijil,عِجِل,عجل
3jaal,عْجَال,عجال
3juul,عْجَول,عجول
3adjdjaal,عَجَّال,عجال
maqiil 2il3adjdjaal,مقيل العجَّال,مقيل العجال
3ajale,عَجَلِة,عجلة
m3abdiitha 2il3ijil,معبديتهَا العجل,معبديتها العجل
maa bu7ruth 2il2ard 2illa 3juulha,مَا بحرث الأرض إِلَا عجولهَا,ما بحرث الأرض إلا عجولها
2ista3jil,اِسْتَعْجِل,استعجل
2it3ajjal,اِتْعَجَّل,اتعجل
3ajjil,عَجِّل,عجل
yista3jil,يسْتَعْجِل,يستعجل
yit3ajjal,يِتْعَجَّل,يتعجل
y3ajjil,يعَجِّل,يعجل
2ista3jal,اِسْتَعْجَل,استعجل
t3ajjal,تْعَجَّل,تعجل
3ajjal,عَجَّل,عجل
3ajame,عَجَمِة,عجمة
m3ajjin,مْعَجِّن,معجن
3aajin,عَاجِن,عاجن
ma3juun,مَعْجُون,معجون
3ajiin,عَجِين,عجين
3ajin,عَجِن,عجن
ma3aajiin,مَعَاجِين,معاجين
2ard ma3juun,أَرض مَعْجُون,أرض معجون
ma3juun 2asnaan,مَعْجُون أسنَان,معجون أسنان
bitlitt wubti3jin,بتلِت وبتِعْجِن,بتلت وبتعجن
khaabzo wu3aajno,خَابزُه وعَاجْنُه,خابزه وعاجنه
daan min tiin wudaan min 3ajiin,ذَان من طين وذَان من عجين,ذان من طين وذان من عجين
mitil 2ishsha3ra min 2il3ajiine,مثل الشعرة من العجينة,مثل الشعرة من العجينة
2i3jin,اِعْجِن,اعجن
2in3ijin,اِنْعِجِن,انعجن
3ajiine,عَجِينِة,عجينة
3ajjin,عَجِّن,عجن
yi3jin,يِعْجِن,يعجن
yin3ijin,يِنْعِجِن,ينعجن
y3ajjin,يعَجِّن,يعجن
3ajan,عَجَن,عجن
2in3ajan,اِنْعَجَن,انعجن
3ajjan,عَجَّن,عجن
3adji,عَجِي,عجي
3idjyaan,عِجْيَان,عجيان
3adiid,عَدِيد,عديد
3idde,عِدِّة,عدة
3idde,عِدِّة,عدة
3adad,عَدَد,عدد
ti3daad,تِعْدَاد,تعداد
2isti3daad,اِسْتِعْدَاد,استعداد
2a3daad,أَعْدَاد,أعداد
ta3uddud,تَعَدُّد,تعدد
maaske 2il3idde,مَاسْكِة العِدَّة,ماسكة العدة
bi3iddi bghanamaat 2ibliis,بِيعِدّ بْغَنَمَات اِبْلِيس,بيعد بغنمات ابليس
3idd,عِدّ,عد
3addid,عَدِّد,عدد
2ista3idd,اِسْتَعِدّ,استعد
2a3idd,أَعِدّ,أعد
y3idd,يعِدّ,يعد
y3addid,يعَدِّد,يعدد
yista3idd,يِسْتَعِدّ,يستعد
y3idd,يعِدّ,يعد
3add,عَدّ,عد
3addad,عَدَّد,عدد
2ista3add,اِسْتَعَدّ,استعد
2a3add,أَعَدّ,أعد
3adara,عَدَرَة,عدرة
3adase,عَدَسِة,عدسة
3adas,عَدَس,عدس
duqqkkit 2il3adas,دُقَّة العَدَس,دقة العدس
2illi bidri bidri willi maa bidri biquul kaff 3adas,اللي بيدري بيدري وَاللي مَابيدري بيقول كَف عَدَس,اللي بيدري بيدري واللي مابيدري بيقول كف عدس
kabb 2il3adasaat,كب العدسَات,كب العدسات
rqaaqa b3adas,رقَاقة بعدس,رقاقة بعدس
2a3dal,أَعْدَل,أعدل
3aadil,عَادِل,عادل
3idil,عِدِل,عدل
m3addal,مْعَدَّل,معدل
mu3tadil,مُعْتَدِل,معتدل
mu3aadala,مُعَادَلِة,معادلة
3adil,عَدِل,عدل
ta3diil,تَعْدِيل,تعديل
3adiil,عَديِل,عديل
3adal,عَدَل,عدل
mu3addal,مُعَدَّل,معدل
2i3tidaal,اِعْتِدَال,اعتدال
3adal,عَدَل,عدل
3adaayil,عَدَايِل,عدايل
2i3dil,اِعْدِل,اعدل
3addil,عَدِّل,عدل
2it3addal,اِتْعَدَّل,اتعدل
2i3tidil,اِعْتِدِل,اعتدل
3aadil,عَادِل,عادل
2in3idil,اِنْعِدِل,انعدل
3adaale,عَدَالِة,عدالة
yi3dil,يِعْدِل,يعدل
y3addil,يعَدِّل,يعدل
2it3addal,يِتْعَدَّل,يتعدل
yin3idil,يِنْعِدِل,ينعدل
yi3tidil,يِعْتِدِل,يعتدل
y3aadil,يعَادِل,يعادل
3adal,عَدَل,عدل
3addal,عَدَّل,عدل
t3addal,تْعَدَّل,تعدل
2in3adal,اِنْعَدَل,انعدل
2i3tadal,اِعْتَدَل,اعتدل
3aadal,عَادَل,عادل
ma3duum,مَعْدُوم,معدوم
3adam,عَدَم,عدم
2i3daam,إِعْدَام,إعدام
3aadim,عَادِم,عادم
3awaadim,عوَادِم,عوادم
yi3dam 2ahlo,يِعْدَم أهله,يعدم أهله
3adam 3aqlo,عَدَم عَقْلُه,عدم عقله
3aadme 2ahli,عَادمة أهلي,عادمة أهلي
2i3dim,اِعْدِم,اعدم
2i3dam,اِعْدَم,اعدم
yi3dim,يِعْدِم,يعدم
yi3dam,يِعْدَم,يعدم
2a3dam,أَعْدَم,أعدم
3adam,عَدَم,عدم
3addin,عَدِّن,عدن
ma3dan,مَعْدَن,معدن
ma3aadin,مَعَادِن,معادن
3addinno,عَدِّنُّه,عدنه
3addinha,عَدِّنْهَا,عدنها
mu3di,مُعْدِي,معدي
3idwaani,عِدْوَانِي,عدواني
3idwaan,عِدْوَان,عدوان
mu3aadaa,مُعَادَاة,معاداة
3adaawa,عَدَاوِة,عداوة
3adwa,عَدْوَى,عدوى
3adu,عَدُو,عدو
2i3tidaa2,اِعْتِدَاء,اعتداء
3ada,عَدَا,عدا
2a3daa2,أَعْدَاء,أعداء
3aduwwaat 2alayy,عدوَات علي,عدوات علي
2il3adu maa bisiir 7abiib wili7maar maa bisiir tabiib,العدو مَابصير حبيب وَالحمَار مَابصير طبيب,العدو مابصير حبيب والحمار مابصير طبيب
2i7zar 3aduuwwak marra wusa7bak miit marra,اِحذر عَدُوَّك مرة وصَاحبك مية مرة,احذر عدوك مرة وصاحبك مية مرة
2issawa 3al3ada,السّوَا عَالعَدَا,السوا عالعدا
sal3ada,سَلْعَدَا,سلعدا
3aadi,عَادِي,عادي
2i3tidi,اِعْتِدِي,اعتدي
3addi,عَدِّي,عدي
2it3adda,اِتْعَدَّى,اتعدى
2i3di,اِعْدِي,اعدي
2in3idi,اِنْعِدِي,انعدي
yin3idi,يِنْعِدِي,ينعدي
y3aadi,يعَادِي,يعادي
yi3tidi,يِعْتِدِي,يعتدي
3aduwwiin,عَدُوِّين,عدوين
y3addi,يعَدِّى,يعدى
yit3adda,يِتْعَدَّى,يتعدى
yi3di,يِعْدِي,يعدي
2in3ada,اِنْعَدَى,انعدى
3aada,عَادَى,عادى
2i3tada,اِعْتَدَى,اعتدى
3adda,عَدَّى,عدى
t3adda,تْعَدَّى,تعدى
3ada,عَدَى,عدى
3adhib,عَذِب,عذب
3azaab,عَذَاب,عذاب
3azzib,عَذِّب,عذب
2it3azzab,اِتْعَذَّب,اتعذب
2ista3dhib,اِسْتَعْذِب,استعذب
y3azzib,يعَذِّب,يعذب
yit3azzab,يِتْعَذَّب,يتعذب
yista3dhib,يِسْتَعْذِب,يستعذب
3azzab,عَذَّب,عذب
t3azzab,تْعَذَّب,تعذب
2ista3dhab,اِسْتَعْذَب,استعذب
3azraa2,عَذْرَاء,عذراء
3uzri,عُذْري,عذري
3azaara,عَذَارى,عذارى
3azraawaat,عَذْرَاوَات,عذراوات
2i3tizaar,اِعْتِذَار,اعتذار
3uzur,عُذُر,عذر
2a3zaar,أَعْذَار,أعذار
3awaadhir,عَوَاذِر,عواذر
2al 3adhraa2,العَذْرَاء,العذراء
wil3adra,وَالعَذْرَا,والعذرا
2u3zur,اُعْذُر,اعذر
2it3azzar,اِتْعَذَّر,اتعذر
2i3tizir,اِعْتِذِر,اعتذر
yu3zur,يُعْذُر,يعذر
yit3azzar,يِتْعَذَّر,يتعذر
yi3tizir,يِعْتِذِر,يعتذر
3azar,عَذَر,عذر
t3azzar,تْعَذَّر,تعذر
2i3tazar,اِعْتَذَر,اعتذر
3uruube,عُرُوبِة,عروبة
3ribaaya,عَرَبَايِة,عرباية
3arabi,عَرَبِي,عربي
2i3raab,اِعْرَاب,اعراب
3irbaan,عِرْبَان,عربان
3arab,عَرَب,عرب
shabak 2il3arab 3arabeen,شبك العرب عربين,شبك العرب عربين
2i3rib,اِعْرِب,اعرب
3arrib,عَرِّب,عرب
yi3rib,يِعْرِب,يعرب
y3arrib,يعَرِّب,يعرب
2a3rab,أَعْرَب,أعرب
3arrab,عَرَّب,عرب
3arbiid,عَرْبِيد,عربيد
3araabiid,عَرَابِيد,عرابيد
3arbade,عَرْبَدِة,عربدة
3arbid,عَرْبِد,عربد
y3arbid,يعَرْبِد,يعربد
3arbad,عَرْبَد,عربد
mit3arbish,مِتْعَرْبِش,متعربش
3arbashe,عَرْبَشِة,عربشة
2it3arbash,اِتْعَرْبَش,اتعربش
yit3arbash,يِتْعَرْبَش,يتعربش
t3arbash,تْعَرْبَش,تعربش
3arbuun,عَرْبُون,عربون
3araabiin,عَرَابِين,عرابين
3arbin,عَرْبِن,عربن
y3arbin,يعَرْبِن,يعربن
3arban,عَرْبَن,عربن
3arboon,عَرْبَون,عربون
3arja,عَرْجَا,عرجا
2a3raj,أَعْرَج,أعرج
m3arraj,مْعَرَّج,معرج
3uruj,عُرُج,عرج
3arje,عَرْجِة,عرجة
3urje,عُرْجِة,عرجة
ta3arruj,تَعَرُّج,تعرج
ta3riij,تَعْرِيج,تعريج
2i3ruj,اِعْرُج,اعرج
2u3ruj,اُعْرُج,اعرج
3arrij,عَرِّج,عرج
yi3ruj,يِعْرُج,يعرج
yu3ruj,يُعْرُج,يعرج
y3arrij,يعَرِّج,يعرج
3araj,عَرَج,عرج
3arraj,عَرَّج,عرج
ta3riid,تَعْرِيد,تعريد
3arrid,عَرِّد,عرد
y3arrid,يعَرِّد,يعرد
3arrad,عَرَّد,عرد
3aarir,عَارِر,عارر
musta3irr,مُسْتَعِرّ,مستعر
3irra,عِرَّة,عرة
3urr,عُرّ,عر
3irar,عِرَر,عرر
3urr wulaad,عُرّ وْلَاد,عر ولاد
3irr,عِرّ,عر
2isti3irr,اِسْتِعِرّ,استعر
2in3arr,اِنْعَرّ,انعر
y3irr,يعِرّ,يعر
yin3arr,يِنْعَرّ,ينعر
yisti3irr,يِسْتِعِرّ,يستعر
3arr,عَرّ,عر
2in3arr,اِنْعَرّ,انعر
2ista3arr,اِسْتَعَرّ,استعر
3irzaan,عِرْزَان,عرزان
3araaziin,عَرَازِين,عرازين
3araaysi,عَرَايْسِي,عرايسي
3araayis,عَرَايِس,عرايس
3araayis,عَرَايِس,عرايس
3irse,عِرْسِة,عرسة
3aruus,عَرُوس,عروس
3aruusa,عَرُوسَة,عروسة
3aruuse,عَرُوسِة,عروسة
3irsaan,عِرْسَان,عرسان
3ariis,عَرِيس,عريس
3urus,عُرُس,عرس
2a3raas,أَعْرَاس,أعراس
3irsaan,عِرْسَان,عرسان
bikull 3urus 2ilhum fii qurus,بكل عرس الهم فيه قرص,بكل عرس الهم فيه قرص
3ariishe,عَرِيشِة,عريشة
3araayish,عَرَايِش,عرايش
m3arrash,مْعَرَّش,معرش
3arsh,عَرْش,عرش
3uruush,عُرُوش,عروش
3ruush,عْرُوش,عروش
yitrabba3 3ala 3arsh,يتربَّع على عَرْش,يتربع على عرش
2u3rush,اُعْرُش,اعرش
3arrish,عَرِّش,عرش
yu3rush,يُعْرُش,يعرش
y3arrish,يعَرِّش,يعرش
3arash,عَرَش,عرش
3arrash,عَرَّش,عرش
3ars,عَرْص,عرص
3ariid,عَرِيض,عريض
3raad,عْرَاض,عراض
m3aarid,مْعَارِض,معارض
mu3aarada,مُعَارَضَة,معارضة
3araada,عَرَاضَة,عراضة
2isti3raad,اِسْتِعْرَاض,استعراض
2i3tiraad,اِعْتِرَاض,اعتراض
mu3aarid,مُعَارِض,معارض
3ard,عَرْض,عرض
3arid,عَرِض,عرض
3ard,عَرْض,عرض
3arid,عَرْض,عرض
3uruud,عُرُوض,عروض
2a3raad,أَعْرَاض,أعراض
bi3ard 2ukhti,بعَرْض أختي,بعرض أختي
bi3ard khawaatak,بعَرْض خوَاتك,بعرض خواتك
bi3ard 2innawar,بعَرْض النور,بعرض النور
tuulha wu3aridha waa7ad,طولهَا وعرضهَا وَاحد,طولها وعرضها واحد
3al 3ard,عَالعرض,عالعرض
2i3rid,اِعْرِض,اعرض
ma3ruud,مَعْرُوض,معروض
ma3aarid,مَعَارِض,معارض
ma3rad,مَعْرَض,معرض
3arrid,عَرِّض,عرض
2it3arrad,اِتْعَرَّض,اتعرض
muta3arrad,مُتَعَرِّض,متعرض
2ista3rid,اِسْتَعْرِض,استعرض
2i3tirid,اِعْتِرِض,اعترض
3aarid,عَارِض,عارض
yi3rid,يِعْرِض,يعرض
y3arrid,يعَرِّض,يعرض
yit3arrad,يِتْعَرَّض,يتعرض
yista3rid,يِسْتَعْرِض,يستعرض
yi3tirid,يِعْتِرِض,يعترض
y3aarid,يعَارِض,يعارض
3arad,عَرَض,عرض
3arrad,عَرَّض,عرض
t3arrad,تْعَرَّض,تعرض
2ista3rad,اِسْتَعْرَض,استعرض
2i3tarad,اِعْتَرَض,اعترض
3aarad,عَارَض,عارض
3arriit,عَرِّيط,عريط
3arraat,عَرَّاط,عراط
3arta,عَرْطَة,عرطة
2u3rut,اُعْرُط,اعرط
3arrit,عَرِّط,عرط
yu3rut,يُعْرُط,يعرط
y3arrit,يعَرِّط,يعرط
3arat,عَرَط,عرط
3arrat,عَرَّط,عرط
3ar3ara,عَرْعَرَة,عرعرة
3ar3uur,عَرْعُور,عرعور
3araa3iir,عَرَاعِير,عراعير
laffat 3aara wu 3ar3ara,لفت عَارة وعرعرة,لفت عارة وعرعرة
ta3riife,تَعْرِيفِة,تعريفة
ma3rife,مَعْرِفِة,معرفة
ma3rife,مَعْرِفِة,معرفة
3urf,عُرْف,عرف
ta3riif,تَعْرِيف,تعريف
ta3riif,تَعْرِيف,تعريف
ta3aaruf,تَعَارُف,تعارف
ma3ruuf,مَعْرُوف,معروف
2i3tiraaf,اِعْتِرَاف,اعتراف
ta3aariif,تَعَارِيف,تعاريف
ma3aarif,مَعَارِف,معارف
3urf 2iddiik,عُرْف الدِّيك,عرف الديك
2i3taraf bi3admit lsaano,اِعْتَرَف بعظْمِة لسَانُه,اعترف بعظمة لسانه
2abu 2il3urreef,أَبُو العُرَّيف,أبو العريف
2ijaak miin yi3rifak yaa balluut,إِجَاك مين يعرفك يَا بلُّوط,إجاك مين يعرفك يا بلوط
2i3rif,اِعْرِف,اعرف
3arrif,عَرِِّف,عرف
2it3arraf,اِتْعَرَّف,اتعرف
2it3aaraf,اِتْعَارَف,اتعارف
2i3tirif,اِعْتِرِف,اعترف
3urreef,عُرَّيف,عريف
yi3raf,يِعْرَف,يعرف
3aarif,عَارِف,عارف
y3arrif,يعَرِّف,يعرف
yit3arraf,يِتْعَرَّف,يتعرف
yit3aaraf,يِتْعَارَف,يتعارف
yi3tirif,يِعْتِرِف,يعترف
3irif,عِرِف,عرف
3arraf,عَرَّف,عرف
t3arraf,تْعَرَّف,تعرف
t3aaraf,تْعَارَف,تعارف
2i3taraf,اِعْتَرَف,اعترف
m3arraq,مْعَرَّق,معرق
3arqaan,عَرْقَان,عرقان
3irqiyye,عِرْقِيِّة,عرقية
3iraagiyye,عِرَاقِيِّة,عراقية
3araq,عَرَق,عرق
3irq,عِرْق,عرق
3uruuq,عُرُوق,عروق
3ruuq,عْرُوق,عروق
3ruuqa,عْرُوقَة,عروقة
ysabsib 3araq,يصَبْصِب عَرَق,يصبصب عرق
yshurr 3araq,يشُر عَرَق,يشر عرق
3araaqa,عَرَاقَة,عراقة
byimshi bi3ruuqo,بيمشي بعروقُه,بيمشي بعروقه
2il3iriq dassaas,العِرِْق دَسَّاس,العرق دساس
3irq 2innisa,عِرْق النسَا,عرق النسا
3araqo maraqo,عرقه مرقه,عرقه مرقه
3araqo bizruq zariq,عرقه بزرق زرق,عرقه بزرق زرق
3araq jbiino,عرق جبينه,عرق جبينه
ytuqqillak 3iriq,يطقِّلك عرق,يطقلك عرق
3iriq dhaanu,عرق ذَانه,عرق ذانه
2i3raq,اِعْرَق,اعرق
3arriq,عَرِّق,عرق
yi3raq,يِعْرَق,يعرق
y3arriq,يعَرِّق,يعرق
3iriq,عِرِق,عرق
3arraq,عَرَّق,عرق
m3arqkib,مْعَرْقِب,معرقب
3arguub,عَرْقُوب,عرقوب
3araagiib,عَرَاقِيب,عراقيب
3arqkib,عَرْقِب,عرقب
y3arqkib,يعَرْقِب,يعرقب
3arqkab,عَرْقَب,عرقب
3iriqsuus,عِرِقْسُوس,عرقسوس
mit3arqis,مِتْعَرْقِص,متعرقص
3arqis,عَرْقِص,عرقص
2it3arqas,اِتْعَرْقَص,اتعرقص
y3arqis,يعَرْقِص,يعرقص
yit3arqas,يِتْعَرْقَص,يتعرقص
3arqas,عَرْقَص,عرقص
t3arqas,تْعَرْقَص,تعرقص
3arqale,عَرْقَلِة,عرقلة
3araaqil,عَرَاقِل,عراقل
3araaqiil,عَرَاقِيل,عراقيل
byit3arqal bi7aalo,بيتْعَرْقَل بحَالُه,بيتعرقل بحاله
3arqil,عَرْقِل,عرقل
2it3arqal,اِتْعَرْقَل,اتعرقل
y3arqil,يعَرْقِل,يعرقل
yit3arqal,يِتْعَرْقَل,يتعرقل
3arqal,عَرْقَل,عرقل
t3arqal,تْعَرْقَل,تعرقل
ma3aarik,مَعَارِك,معارك
ma3rake,مَعْرَكِة,معركة
mit3arkas,مِتْعَرْكِس,متعركس
m3arkas,مْعَرْكَس,معركس
3arkase,عَرْكَسِة,عركسة
2it3arkas,اِتْعَرْكَس,اتعركس
yit3arkas,يِتْعَرْكَس,يتعركس
t3arkas,تْعَرْكَس,تعركس
3arkas,عَرْكَس,عركس
y3arkis,يعَرْكِس,يعركس
3arkis,عَرْكِس,عركس
m3arram,مْعَرَّم,معرم
3urme,عُرْمِة,عرمة
3raam,عْرَام,عرام
3uram,عُرَم,عرم
2u3rum,اُعْرُم,اعرم
3arrim,عَرِّم,عرم
2it3arram,اِتْعَرَّم,اتعرم
yu3rum,يُعْرُم,يعرم
y3arrim,يعَرِّم,يعرم
yit3arram,يِتْعَرَّم,يتعرم
3aram,عَرَم,عرم
3arram,عَرَّم,عرم
t3arram,تْعَرَّم,تعرم
3armuush,عَرْمُوش,عرموش
3araamiish,عَرَامِيش,عراميش
m3armit,مْعَرْمَط,معرمط
3armit,عَرْمِط,عرمط
y3armit,يعَرْمِط,يعرمط
3armat,عَرْمَط,عرمط
3arnuus,عَرْنُوص,عرنوص
3araaniis,عَرَانِيص,عرانيص
3arnis,عَرْنِص,عرنص
y3arnis,يعَرْنِص,يعرنص
3arnas,عَرْنَص,عرنص
3urwa,عُروَة,عروة
bil3urwa,بَالعروة,بالعروة
3aari,عَارِي,عاري
min raqqa3at maa 3iryat wu2in dabbarat maa jaa3at,من رَقَّعت مَا عِرْيت وَان دَبَّرت مَا جَاعت,من رقعت ما عريت وان دبرت ما جاعت
3arri,عَرِّي,عري
2it3arra,اِتْعَرَّى,اتعرى
2i3ra,اِعْرَى,اعرى
y3arri,يعَرِّي,يعري
yit3arra,يِتْعَرَّى,يتعرى
yi3ra,يِعْرَى,يعرى
3arra,عَرَّى,عرى
t3arra,تْعَرَّى,تعرى
3iri,عِرِي,عري
3izzaabi,عِزَّابي,عزابي
3azzaabi,عَزَّابي,عزابي
3azzaabiyye,عَزَّابيِّة,عزابية
3izbe,عِزْبِة,عزبة
3zuubiyye,عُزُوبِيِّة,عزوبية
m3azzab,مْعَزَّب,معزب
3izab,عِزَب,عزب
3azzaabi dahir wala 2armal shahir,عَزَّابي دهِر ولَا أرمل شهر,عزابي دهر ولا أرمل شهر
3azaara,عَزَارَة,عزارة
ta3ziir,تَعْزِير,تعزير
3izraa2iil,عِزْرَائِيل,عزرائيل
3izraan,عِزْرَان,عزران
3azaariin,عَزَارِين,عزارين
3azzir,عَزِّر,عزر
y3azzir,يعَزِّر,يعزر
3azzar,عَزَّر,عزر
mit3azrin,مِتْعَزْرِن,متعزرن
3azrane,عَزْرَنِة,عزرنة
2it3azran,اِتْعَزْرَن,اتعزرن
yit3azran,يِتْعَزْرَن,يتعزرن
t3azran,تْعَزْرَن,تعزرن
3aziiz,عَزِيز,عزيز
mu3tazz,مُعْتَزّ,معتز
3aaziz,عَازِز,عازز
m3azziz,مْعَزِّز,معزز
3izze,عِزِّة,عزة
3izwe,عِزْوِة,عزوة
3izz,عِزّ,عز
talabuuha t3azzazat tarakuuha tnaddamat,طلبوهَا تْعَزَّزت تركوهَا تندَّمت,طلبوها تعززت تركوها تندمت
bi3izz diin,بِعِزّ دِين,بعز دين
nifso 3aziize,نفسه عزيزة,نفسه عزيزة
7amilha 3aziiz,حملهَا عزيز,حملها عزيز
3izz,عِزّ,عز
3azziz,عَزِّز,عزز
2it3azzaz,اِتْعَزَّز,اتعزز
2i3tazz,اِعْتَزّ,اعتز
y3izz,يعِزّ,يعز
y3azziz,يعَزِّز,يعزز
2a3azz,أَعَزّ,أعز
yit3azzaz,يِتْعَزَّز,يتعزز
yi3tazz,يِعْتَزّ,يعتز
3azz,عَزّ,عز
3azzaz,عَزَّز,عزز
t3azzaz,تْعَزَّز,تعزز
2i3tazz,اِعْتَزّ,اعتز
3aazif,عَازِف,عازف
3uzuuf,عُزُوف,عزوف
3azif,عَزِف,عزف
2i3zif,اِعْزِف,اعزف
yi3zif,يِعْزِف,يعزف
3azaf,عَزَف,عزف
3azak,عَزَق,عزق
3azakni,عَزَقْنِي,عزقني
2u3zuqk,اُعْزُق,اعزق
yu3zuqk,يُعْزُق,يعزق
3azaqk,عَزَق,عزق
mu3tazil,مُعْتَزِل,معتزل
ma3zuul,مَعْزُول,معزول
3uzle,عُزْلِة,عزلة
ta3ziil,تَعْزِيل,تعزيل
2i3tizaal,اِعْتِزَال,اعتزال
zayy qaadi ma3zuul,زي قَاضي معزول,زي قاضي معزول
2i3zil,اِعْزِل,اعزل
2in3izil,اِنْعِزِل,انعزل
3azzil,عَزِّل,عزل
2i3tazil,اِعْتَزِل,اعتزل
2i3tizil,اِعْتِزِل,اعتزل
yi3zil,يِعْزِل,يعزل
yin3izil,يِنْعِزِل,ينعزل
y3azzil,يعَزِّل,يعزل
yi3tazil,يِعْتَزِل,يعتزل
yi3tizil,يِعْتِزِل,يعتزل
3azal,عَزَل,عزل
2in3azal,اِنْعَزَل,انعزل
3azzal,عَزَّل,عزل
2i3tazal,اِعْتَزَل,اعتزل
3aazim,عَازِم,عازم
ma3zuum,مَعْزُوم,معزوم
3azuume,عَزُومِة,عزومة
3aziime,عَزِيمِة,عزيمة
ta3ziim,تَعْزِيم,تعزيم
ma3zuum,مَعْزُوم,معزوم
3azaayim,عَزَايِم,عزايم
ma3aaziim,مَعَازِيم,معازيم
yaa jaay bala 3aziime yaa qaliil 2ilqiime,يَا جَاي بلَا عزيمة يَا قليل القيمة,يا جاي بلا عزيمة يا قليل القيمة
2i3zim,اِعْزِم,اعزم
2in3izim,اِنْعِزِم,انعزم
3azzim,عَزِّم,عزم
2it3aazam,اِتْعَازَم,اتعازم
yi3zim,يِعْزِم,يعزم
yin3izim,يِنْعِزِم,ينعزم
y3azzim,يعَزِّم,يعزم
yit3aazam,يِتْعَازَم,يتعازم
3azam,عَزَم,عزم
2in3azam,اِنْعَزَم,انعزم
3azzam,عَزَّم,عزم
t3aazam,تْعَازَم,تعازم
3aza,عَزَا,عزا
3aza,عَزَا,عزا
yaakhud 3azaa,يَاخُذ عَزَا,ياخذ عزا
yinbaa3u bil3aza,يِنبَاعوَا بَالعَزَا,ينباعوا بالعزا
3aza yirka3ak,عزَا يرقعك,عزا يرقعك
barradin 3azaa,بردن عزَاه,بردن عزاه
3azzi,عَزِّي,عزي
y3azzi,يعَزِّي,يعزي
3azza,عَزَّى,عزى
3asra,عَسْرَا,عسرا
m3assar,مْعَسَّر,معسر
3asraawi,عَسْرَاوِي,عسراوي
2a3sar,أَعْسَر,أعسر
3usur,عُسُر,عسر
3usur,عُسُر,عسر
3usur hadim,عُسُر هَضِم,عسر هضم
3assir,عَسِّر,عسر
2i3sar,اِعْسَر,اعسر
2it3assar,اِتْعَسَّر,اتعسر
y3assir,يعَسِّر,يعسر
yi3sar,يِعْسَر,يعسر
yit3assar,يِتْعَسَّر,يتعسر
3assar,عَسَّر,عسر
3isir,عِسِر,عسر
t3assar,تْعَسَّر,تعسر
3iss,عِسّ,عس
y3iss,يعِسّ,يعس
3ass,عَسّ,عس
ta3assuffi,تَعَسُّفي,تعسفي
2it3assaf,اِتْعَسَّف,اتعسف
yit3assaf,يِتْعَسَّف,يتعسف
t3assaf,تْعَسَّف,تعسف
m3asqkid,مْعَسْقِد,معسقد
m3asqkid,مْعَسْقِد,معسقد
3asqkid,عَسْقِد,عسقد
y3asqkid,يعَسْقِد,يعسقد
3asqkad,عَسْقَد,عسقد
3asquule,عَسْقُولِة,عسقولة
3asaaqiil,عَسَاقِيل,عساقيل
3askari,عَسْكَرِي,عسكري
m3askir,مْعَسْكِر,معسكر
3askari,عَسْكَرِي,عسكري
3asaakir,عَسَاكِر,عساكر
3askir,عَسْكِر,عسكر
y3askir,يعَسْكِر,يعسكر
3askar,عَسْكَر,عسكر
mu3askar,مُعَسْكَر,معسكر
3asali,عَسَلِي,عسلي
ma3suul,مَعْسُول,معسول
3assuul,عَسُّول,عسول
3asaasiil,عَسَاسِيل,عساسيل
3asaliyye,عَسَلِيِّة,عسلية
3asaliyye,عَسَلِيِّة,عسلية
3seeli,عْسَيلي,عسيلي
3asal,عَسَل,عسل
m3assil,مْعَسِّل,معسل
shahar 3asal,شهر عَسَل,شهر عسل
lsano 3asal,لسَانه عَسَل,لسانه عسل
2iza 7abiibak 3asal til7asuush kullu,إِذَا حبيبك عسل تلحسوش كله,إذا حبيبك عسل تلحسوش كله
3ala qalbo 2a7la min 2il3asal,عَلَى قَلْبُه أَحْلَى مِن العَسَل,على قلبه أحلى من العسل
la3alla wa3asa,لعلّ وعَسَى,لعل وعسى
3asa,عَسَى,عسى
3aasi,عَاسِي,عاسي
y3aasi,يعَاسِي,يعاسي
3aasa,عَاسَى,عاسى
3ishbe,عِشْبِة,عشبة
3ishib,عِشِب,عشب
ta3shiib,تَعْشِيب,تعشيب
3ushub,عُشُب,عشب
2a3shaab,أَعْشَاب,أعشاب
3ashshib,عَشِّب,عشب
y3ashshib,يعَشِّب,يعشب
3ashshab,عَشَّب,عشب
3ashti,عَشْتِي,عشتي
3aashir,عَاشِر,عاشر
mi3sharaani,مِعْشَرَاني,معشراني
3ashaa2iri,عَشَائِري,عشائري
3ashara,عَشَرَة,عشرة
3ishriin,عِشْرِين,عشرين
3ishre,عِشْرِة,عشرة
3ashiire,عَشِيرِة,عشيرة
3ushur,عُشُر,عشر
3ashiir,عَشِير,عشير
3ashaa2ir,عَشَائِر,عشائر
2a3shaar,أَعْشَار,أعشار
3ashaayir,عَشَايِر,عشاير
3ushara,عُشَرَا,عشرا
maa byit3aashar,مَا بيتعَاشر,ما بيتعاشر
3ishrit 3umur,عِشْرِة عمر,عشرة عمر
2il3ishre maa bithuun 2illa 3a2ibin 2il7araam,العِشْرِة مَابتهون الَا عَابن الحرَام,العشرة مابتهون الا عابن الحرام
3aashir,عَاشِر,عاشر
y3aashir,يعَاشِر,يعاشر
3aashar,عَاشَر,عاشر
m3ashshish,مْعَشِّش,معشش
3ishsh,عِشّ,عش
2a3shaash,أَعْشَاش,أعشاش
qreed 2il3ishsh,قَرِيد العِشّ,قريد العش
3ashshish,عَشِّش,عشش
y3ashshish,يعَشِّش,يعشش
3ashshash,عَشَّش,عشش
3ashfe,عَشْفِة,عشفة
3ashqaan,عَشْقَان,عشقان
3aashiq,عَاشِق,عاشق
3ishiq,عِشِق,عشق
3aashiq,عَاشِق,عاشق
ta3shiiq,تَعْشِيق,تعشيق
3ushshaaq,عُشَّاق,عشاق
2i3shaq,اِعْشَق,اعشق
3ashshiq,عَشِّق,عشق
yi3shaq,يِعْشَق,يعشق
y3ashshiq,يعَشِّق,يعشق
3ishiq,عِشِق,عشق
3ashshaq,عَشَّق,عشق
3asham,عَشَم,عشم
3ashshim,عَشِّم,عشم
2it3ashsham,اِتْعَشَّم,اتعشم
y3ashshim,يعَشِّم,يعشم
yit3ashsham,يِتْعَشَّم,يتعشم
3ashsham,عَشَّم,عشم
t3ashsham,تْعَشَّم,تعشم
3ashwe,عَشْوِة,عشوة
3isha,عِشَا,عشا
3ashwiyye,عَشْوِيِّة,عشوية
3asha,عَشَا,عشا
2il3asha 2illayli,العَشَا الليلي,العشا الليلي
2ilbisse btookil 3ashaa,البسة بتوكل عَشَاه,البسة بتوكل عشاه
3asha 2ilmiyyit,عَشَا الميت,عشا الميت
2it3ashsha,اِتْعَشَّى,اتعشى
3ashshi,عَشَّي,عشي
2i3sha,اِعْشَى,اعشى
y3ashshi,يعَشَّي,يعشي
yi3sha,يِعْشَى,يعشى
yit3ashsha,يِتْعَشَّى,يتعشى
3ashsha,عَشَّى,عشى
3ishi,عِشِي,عشي
t3ashsha,تْعَشَّى,تعشى
m3assib,مْعَصِّب,معصب
3asabi,عَصَبِي,عصبي
3asabiyye,عَصَبِيِّة,عصبية
3isaabe,عِصَابِة,عصابة
3asab,عَصَب,عصب
3asab,عَصَب,عصب
3usbaan,عُصْبَان,عصبان
2a3saab,أَعْصَاب,أعصاب
2il3asabiyye 2ilqabaliyye,العَصَبِيِّة القَبَلِيِّة,العصبية القبلية
2il3asab 2issaabi3,العَصَب السَابع,العصب السابع
2a3saabi mish mit7amle,أَعصَابي مش متحملة,أعصابي مش متحملة
3assib,عَصِّب,عصب
y3assib,يعَصِّب,يعصب
3assab,عَصَّب,عصب
mu3aasir,مُعَاصِر,معاصر
3asri,عَصْرِي,عصري
3asruune,عَصْرُونِة,عصرونة
3asruuniyye,عَصْرُونِيِّة,عصرونية
ma3sara,مَعْصَرَة,معصرة
3asir,عَصِر,عصر
2i3saar,إِعْصَار,إعصار
3asir,عَصِر,عصر
3asiir,عَصِير,عصير
maa byitla3 2izzeet 2illa min kutr 2il3asir,مَا بْيِطْلَع الزَّيت إِلَاّ مِن كُثْر العَصِر,ما بيطلع الزيت إلا من كثر العصر
2a3aasiir,أَعَاصِير,أعاصير
3usuur,عُصُور,عصور
3asaayir,عَصَايِر,عصاير
ma3aasir,مَعَاصِر,معاصر
yu3sur bi7aalo,يُعْصُر بحَاله,يعصر بحاله
yu3sur mukhkho,يُعْصُر مُخُّه,يعصر مخه
maa byitla3 2izzeet 2illa min kutur 2il3asir,مَا بيطلع الزِّيت إِلَا من كثر العَصِر,ما بيطلع الزيت إلا من كثر العصر
2u3sur,اُعْصُر,اعصر
3assir,عَصِّر,عصر
3aasir,عَاصِر,عاصر
yu3sur,يُعْصُر,يعصر
y3assir,يعَصِّر,يعصر
y3aasir,يعَاصِر,يعاصر
3asar,عَصَر,عصر
3assar,عَصَّر,عصر
3aasar,عَاصَر,عاصر
3aasis,عَاصِص,عاصص
3ass 3adanabo,عَصّ عذنبه,عص عذنبه
3usso musso,عصه مصه,عصه مصه
3uss,عُصّ,عص
y3uss,يعُصّ,يعص
3ass,عَصّ,عص
m3as3is,مْعَصْعِص,معصعص
3as3uus,عَصْعُوص,عصعوص
3asaa3iis,عَصَاعِيص,عصاعيص
3as3is,عَصْعِص,عصعص
y3as3is,يعَصْعِص,يعصعص
3as3as,عَصْعَص,عصعص
3aasife,عَاصِفِة,عاصفة
3awaasif,عَوَاصِف,عواصف
3asaafiir,عَصَافِير,عصافير
3asfuuriyye,عَصْفُورِيِّة,عصفورية
3asfuur,عَصْفُور,عصفور
3usfur,عُصْفُر,عصفر
3asaafiir batni bitzaqziq,عَصَافِير بطني بتزقزِق,عصافير بطني بتزقزق
3asaafiir 2il7ubb,عَصَافِير الحُب,عصافير الحب
2il3asfuura qaalatli,العَصْفُورة قَالتلي,العصفورة قالتلي
raas 2il3asfuur,رَاس العَصْفُور,راس العصفور
3asfuur 2iljanne,عَصْفُور الجنة,عصفور الجنة
m3aslij,مْعَصْلِج,معصلج
3aslij,عَصْلِج,عصلج
y3aslij,يعَصْلِج,يعصلج
3aslaj,عَصْلَج,عصلج
m3assim,مْعَصِّم,معصم
3aasim,عَاصِم,عاصم
mi3tasim,مِعْتَصِم,معتصم
ma3suum,مَعْصُوم,معصوم
3aasime,عَاصِمِة,عاصمة
3aasme,عَاصْمِة,عاصمة
2i3tisaam,اِعْتِصَام,اعتصام
2isti3saam,اِسْتِعْصَام,استعصام
3awaasim,عَوَاصِم,عواصم
2i3sim,اِعْصِم,اعصم
3assim,عَصِّم,عصم
2i3tasim,اِعْتَصِم,اعتصم
2ista3sim,اِسْتَعْصِم,استعصم
yi3sim,يِعْصِم,يعصم
y3assim,يعَصِّم,يعصم
yi3tasim,يِعْتَصِم,يعتصم
yi3tisim,يِعْتِصِم,يعتصم
yista3sim,يِسْتَعْصِم,يستعصم
3asam,عَصَم,عصم
3assam,عَصَّم,عصم
2i3tasam,اِعْتَصَم,اعتصم
2ista3sam,اِسْتَعْصَم,استعصم
3usmus,عُصْمُص,عصمص
3usmalli,عُصْمَلِّي,عصملي
3ismalliyye,عُصْمَلِّية,عصملية
qgilaadit 2il3ismalli,قلَادة العصملي,قلادة العصملي
musta3si,مُسْتَعْصِي,مستعصي
3isyaan,عِصْيَان,عصيان
ma3siye,مَعْصِيِة,معصية
3asaaye,عَصَايِة,عصاية
3asa,عَصَا,عصا
ma3aasi,مَعَاصِي,معاصي
3usi,عُصِي,عصي
t3allim 2il3usi 3ajnaabak,تْعلِّم العُصِي عجنَابك,تعلم العصي عجنابك
3asa muusa,عَصَا موسى,عصا موسى
3aasi,عَاصِي,عاصي
laa7iq waraak b3asaaye,لَاحق ورَاك بعصَاية,لاحق وراك بعصاية
magrat 2il3asa,مَقْرَط العَصَا,مقرط العصا
2i3sa,اِعْصَى,اعصى
2i3si,اِعْصِي,اعصي
3assi,عَصِّي,عصي
yi3sa,يِعْصَى,يعصى
yi3si,يِعْصِي,يعصي
y3assi,يعَصِّي,يعصي
3isi,عِصِي,عصي
3asa,عَصى,عصى
3assa,عَصَّى,عصى
2ista3si,اِسْتَعْصِي,استعصي
yista3si,يِسْتَعْصِي,يستعصي
2ista3sa,اِسْتَعْصَى,استعصى
3addaada,عَضَّاضَة,عضاضة
3adda,عَضَّة,عضة
3add lsaano,عض لسَانه,عض لسانه
3udda,عُضَّة,عضة
halba7 3udda,هلبح عضة,هلبح عضة
3udd,عُضّ,عض
y3udd,يعُضّ,يعض
3add,عَضّ,عض
3ad3ada,عَضْعَضَة,عضعضة
3ad3id,عَضْعِض,عضعض
y3ad3id,يعَضْعِض,يعضعض
3ad3ad,عَضْعَض,عضعض
3adale,عَضَلِة,عضلة
3udwiyye,عُضْويِّة,عضوية
3udwaan,عُضْوَان,عضوان
3udu,عُضُو,عضو
2a3daa2,أَعْضَاء,أعضاء
m3atbin,مْعَطْبِن,معطبن
ma3tuub,مَعْطُوب,معطوب
ma3aatiib,مَعَاطِيب,معاطيب
3utbe,عُطْبِة,عطبة
3atab,عَطَب,عطب
2u3tub,اُعْطُب,اعطب
3attib,عَطِّب,عطب
2in3itib,اِنْعِطِب,انعطب
3atbin,عَطْبِن,عطبن
2i3tab,اِعْطَب,اعطب
yu3tub,يُعْطُب,يعطب
yin3itib,يِنْعِطِب,ينعطب
y3attib,يعَطِّب,يعطب
y3atbin,يعَطْبِن,يعطبن
yi3tab,يِعْطَب,يعطب
3atab,عَطَب,عطب
2in3atab,اِنْعَطَب,انعطب
3attab,عَطَّب,عطب
3atban,عَطْبَن,عطبن
3itib,عِطِب,عطب
3utur,عُطُر,عطر
3utuur,عُطُور,عطور
3attir,عَطِّر,عطر
2it3attar,اِتْعَطَّر,اتعطر
y3attir,يعَطِّر,يعطر
yit3attar,يِتْعَطَّر,يتعطر
3attar,عَطَّر,عطر
t3attar,تْعَطَّر,تعطر
3ats,عَطِس,عطس
3aatis,عَاطِس,عاطس
3atse,عَطْسِة,عطسة
3aatso 3atis,عَاطْسُه عَطِس,عاطسه عطس
2u3tus,اُعْطُس,اعطس
3attis,عَطِّس,عطس
3aatis,عَاطِس,عاطس
yu3tus,يُعْطُس,يعطس
y3attis,يعَطِّس,يعطس
y3aatis,يعَاطِس,يعاطس
3atas,عَطَس,عطس
3attas,عَطَّس,عطس
3aatas,عَاطَس,عاطس
3atshaan,عَطْشَان,عطشان
mit3attish,مِتْعَطِّش,متعطش
3atash,عَطَش,عطش
janbo 2ilmayy wu3atshaan,جنبه المي وعَطْشَان,جنبه المي وعطشان
btaakhdak 3alba7ar wubitraj3ak 3atshaan,بتَاخدك عَالبحر وبترجعك عطشَان,بتاخدك عالبحر وبترجعك عطشان
2i3tash,اِعْطَش,اعطش
3attish,عَطِّش,عطش
2it3attash,اِتْعَطَّش,اتعطش
yi3tash,يِعْطَش,يعطش
y3attish,يعَطِّش,يعطش
yit3attash,يِتْعَطَّش,يتعطش
3itish,عِطِش,عطش
3attash,عَطَّش,عطش
t3attash,تْعَطَّش,تعطش
3aatifi,عَاطِفِي,عاطفي
3utuufe,عُطُوفِة,عطوفة
muta3aatif,مُتَعَاطِف,متعاطف
3aatife,عَاطِفِة,عاطفة
2isti3taaf,اِسْتِعْطَاف,استعطاف
3atif,عَطِف,عطف
mun3ataf,مُنْعَطَف,منعطف
3awaatif,عَوَاطِف,عواطف
2i3tif,اِعْطِف,اعطف
2it3aataf,اِتْعَاطَف,اتعاطف
2ista3tif,اِسْتَعْطِف,استعطف
2in3itif,اِنْعِطِف,انعطف
yi3tif,يِعْطِف,يعطف
yit3aataf,يِتْعَاطَف,يتعاطف
yista3tif,يِسْتَعْطِف,يستعطف
yin3itif,يِنْعِطِف,ينعطف
3ataf,عَطَف,عطف
t3aataf,تْعَاطَف,تعاطف
2ista3taf,اِسْتَعْطَف,استعطف
2in3ataf,اِنْعَطَف,انعطف
3awaatli,عَوَاطْلِي,عواطلي
3atlaan,عَطْلَان,عطلان
3aatil,عَاطِل,عاطل
m3attil,مْعُطِّل,معطل
3utle,عُطْلِة,عطلة
3utul,عُطُل,عطل
3utal,عُطَل,عطل
2ilwalad 2il3aatil biksir 2ilkhaatir,الولد العَاطل بكسر الخَاطر,الولد العاطل بكسر الخاطر
3attil,عَطِّل,عطل
2i3tal,اِعْطَل,اعطل
2it3attal,اِتْعَطَّل,اتعطل
yi3tal,يِعْطَل,يعطل
y3attil,يعَطِّل,يعطل
yit3attal,يِتْعَطَّل,يتعطل
3itil,عِطِل,عطل
3attal,عَطَّل,عطل
t3attal,تْعَطَّل,تعطل
3attaal,عَطَّال,عطال
3attaal battaal,عَطَّال بطَّال,عطال بطال
t3aatal,تْعَاطَل,تعاطل
yit3aatal,يِتْعَاطَل,يتعاطل
2it3aatal,اِتْعَاطَل,اتعاطل
m3attin,مْعَطِّن,معطن
3attin,عَطِّن,عطن
y3attin,يعَطِّن,يعطن
3attan,عَطَّن,عطن
mit3aati,مِتْعَاطِى,متعاطى
ma3ti,مَعْطِي,معطي
3atwe,عَطْوِة,عطوة
3atiyye,عَطِيِّة,عطية
3ataa2,عَطَاء,عطاء
ta3aati,تَعَاطِي,تعاطي
3ataaya,عَطَايَا,عطايا
2a3ta kilme,أَعْطَى كلمة,أعطى كلمة
2a3ta qool,أَعْطَى قول,أعطى قول
ma3ti wijih,مَعْطِي وجه,معطي وجه
ma3ti 3een,مَعْطِي عين,معطي عين
2alla ma3tii,الله مَعْطِيه,الله معطيه
2a3taakum 3umro,أَعْطَاكُم عُمْرُه,أعطاكم عمره
far7iti maa ba3tiiha la7ada,فَرْحِتِي مَا بَعْطِيهَا لَحَدَا,فرحتي ما بعطيها لحدا
2arba3tak ti3tiik,أَربَعْتَك تَعْطِيك,أربعتك تعطيك
2i3ti,اِعْطِي,اعطي
2a3ti,أَعْطِي,أعطي
2it3aata,اِتْعَاطَى,اتعاطى
yi3ti,يِعْطِي,يعطي
ya3ti,يَعْطِي,يعطي
yit3aata,يِتْعَاطَى,يتعاطى
3ata,عَطَى,عطى
2a3ta,أَعْطَى,أعطى
t3aata,تْعَاطَى,تعاطى
m3adhrit,مْعَظْرِت,معظرت
m3adhrit,مْعَظْرِت,معظرت
3adhrata,عَظْرَتَة,عظرتة
3adhrit,عَظْرِت,عظرت
y3adhrit,يعَظْرِت,يعظرت
3adhrat,عَظْرَت,عظرت
mu3zam,مُعْظَم,معظم
m3addim,مْعَظِّم,معظم
3aziim,عَظِيم,عظيم
3uzamaa2,عُظَمَاء,عظماء
3aziim,عَظِيم,عظيم
3adme,عَظْمِة,عظمة
3azame,عَظَمِة,عظمة
3adim,عَظِم,عظم
3daam,عْظَام,عظام
3azzam 2allaa 2ajrakum,عَظَّم الله أجركم,عظم الله أجركم
3admo min dahab,عظمه من ذهب,عظمه من ذهب
biqarqi3in 3daamo bqabro,بقرقعن عظَامه بقبره,بقرقعن عظامه بقبره
3adhmo 2izraq,عَظْمُه إِزْرَق,عظمه إزرق
3azzim,عَظِّم,عظم
2ista3dhim,اِسْتَعْظِم,استعظم
t3aazam,تْعَاظَم,تعاظم
3addim,عَظِّم,عظم
y3addim,يعَظِّم,يعظم
2a3zam,أَعْظَم,أعظم
y3azzim,يعَظِّم,يعظم
yit3aazam,يِتْعَاظَم,يتعاظم
yista3dhim,يِسْتَعْظِم,يستعظم
3addam,عَظَّم,عظم
3azzam,عَظَّم,عظم
t3aazam,تْعَاظَم,تعاظم
2ista3dham,اِسْتَعْظَم,استعظم
m3aafara,مْعَافَرَة,معافرة
2i3fir,اِعْفِر,اعفر
3affir,عَفِّر,عفر
3aafir,عَافِر,عافر
yi3fir,يِعْفِر,يعفر
y3affir,يعَفِّر,يعفر
y3aafir,يعَافِر,يعافر
3afar,عَفَر,عفر
3affar,عَفَّر,عفر
3aafar,عَافَر,عافر
3ifriit,عِفْرِيت,عفريت
mit3afrit,مِتْعَفْرِت,متعفرت
3ifriit,عِفْرِيت,عفريت
3afaariit,عَفَارِيت,عفاريت
raakbo 3ifriit,رَاكْبُه عِفْرِيت,راكبه عفريت
3akaff 3ifriit,عَكَفّ عِفْرِيت,عكف عفريت
2it3afrat,اِتْعَفْرَت,اتعفرت
yit3afrat,يِتْعَفْرَت,يتعفرت
t3afrat,تْعَفْرَت,تعفرت
3afaarim,عَفَارِم,عفارم
ma3fuus,مَعْفُوس,معفوس
2i3fis,اِعْفِس,اعفس
3affis,عَفِّس,عفس
yi3fis,يِعْفِس,يعفس
y3affis,يعَفِّس,يعفس
3afas,عَفَس,عفس
3affas,عَفَّس,عفس
3ifish,عِفِش,عفش
3afaasha,عَفَاشِة,عفاشة
3afish,عَفِش,عفش
2i3fish,اِعْفِش,اعفش
3affish,عَفِّش,عفش
yi3fish,يِعْفِش,يعفش
y3affish,يعَفِّش,يعفش
3afash,عَفَش,عفش
3affash,عَفَّش,عفش
m3afshak,مْعَفْشَك,معفشك
3afshiika,عَفْشَيكَا,عفشيكا
3afshake,عَفْشَكِة,عفشكة
3afshik,عَفْشِك,عفشك
2it3afshak,اِتْعَفْشَك,اتعفشك
y3afshik,يعَفْشِك,يعفشك
yit3afshak,يِتْعَفْشَك,يتعفشك
3afshak,عَفْشَك,عفشك
t3afshak,تْعَفْشَك,تعفشك
m3affas,مْعَفَّص,معفص
2u3fus,اُعْفُص,اعفص
3affis,عَفِّص,عفص
yu3fus,يُعْفُص,يعفص
y3affis,يعَفِّص,يعفص
3afas,عَفَص,عفص
3affas,عَفَّص,عفص
3affit,عَفِّط,عفط
y3affit,يعَفِّط,يعفط
3affat,عَفَّط,عفط
3afiif,عَفِيف,عفيف
3iffe,عِفِِّة,عفة
3afaaf,عَفَاف,عفاف
3iff,عِفّ,عف
3affif,عَفِّف,عفف
2it3affaf,اِتْعَفَّف,اتعفف
y3iff,يعِفّ,يعف
y3affif,يعَفِّف,يعفف
yit3affaf,يِتْعَفَّف,يتعفف
3aff,عَفّ,عف
3affaf,عَفَّف,عفف
t3affaf,تْعَفَّف,تعفف
m3affiq,مْعَفِّق,معفق
3afiq,عَفِق,عفق
3afqa,عَفْقَة,عفقة
3afke,عَفْقِة,عفقة
2u3fuq,اُعْفُق,اعفق
2i3fik,اِعْفِق,اعفق
3affiq,عَفّق,عفق
yu3fuq,يُعْفُق,يعفق
yi3fik,يِعْفِق,يعفق
y3affiq,يعَفّق,يعفق
3afaq,عَفَق,عفق
3afak,عَفَق,عفق
3affaq,عَفَّق,عفق
m3afkash,مْعَفْكَش,معفكش
3afkuush,عَفْكَوش,عفكوش
3afaakiish,عَفَاكِيش,عفاكيش
3afkashe,عَفْكَشِة,عفكشة
3afkish,عَفْكِش,عفكش
y3afkish,يعَفْكِش,يعفكش
3afkash,عَفْكَش,عفكش
3aflasa,عَفْلَصَة,عفلصة
3aflis,عَفْلِص,عفلص
y3aflis,يعَفْلِص,يعفلص
3aflas,عَفْلَص,عفلص
m3affin,مْعَفِّن,معفن
3affuun,عَفُّون,عفون
3ifin,عِفِن,عفن
3afan,عَفَن,عفن
bkhuut 2il3ifnaat bil7afnaat wubakht 2ilmalaayi7 bil2arid taayi7,بخوت العِفْنَات بَالحَفْنَات وبخت الملَايح بَالأرض طَايِح,بخوت العفنات بالحفنات وبخت الملايح بالأرض طايح
3affin,عَفِّن,عفن
2it3affan,اِتْعَفَّن,اتعفن
y3affin,يعَفِّن,يعفن
yit3affan,يِتْعَفَّن,يتعفن
3affan,عَفَّن,عفن
t3affan,تْعَفَّن,تعفن
2ista3fi,اِسْتَعْفِي,استعفي
mu3aafa,مُعَافَى,معافى
3afwan,عَفْواً,عفوا
3awaafi,عوَافي,عوافي
3aafye,عَافْيِة,عافية
3afu,عَفو,عفو
2i3faa2,إِعْفَاء,إعفاء
2ajir wu3aafye,أَجر وعَافْيِة,أجر وعافية
2il3afu,العَفو,العفو
ya3tiikil 3aafye,يعطيك العَافْيِة,يعطيك العافية
3al3aafye,عَالعَافْيِة,عالعافية
ya3tiikil 2il3aafye qadd maa mashat 2iljaje 7aafye,يعطيك العَافية قد مَا مشت الجَاجة حَافية,يعطيك العافية قد ما مشت الجاجة حافية
si77a wu3aafye,صحة وعَافْيِة,صحة وعافية
2i3fi,اِعْفِي,اعفي
2i3fi,اِعْفِي,اعفي
3aafi,عَافِي,عافي
2it3aafa,اِتْعَافَى,اتعافى
yi3fi,يِعْفِي,يعفي
yi3fi,يِعْفِي,يعفي
y3aafi,يعَافِي,يعافي
yit3aafa,يِتْعَافَى,يتعافى
yista3fi,يِسْتَعْفِي,يستعفي
3afa,عَفَا,عفا
2a3fa,أَعْفَى,أعفى
3aafa,عَافَى,عافى
t3aafa,تْعَافَى,تعافى
2ista3fa,اِسْتَعْفَى,استعفى
3uqbaal,عُقْبَال,عقبال
3ugub,عُقُب,عقب
mu3aaqab,مُعَاقَب,معاقب
ta3qiibe,تَعْقِيبِة,تعقيبة
3iqaab,عِقَاب,عقاب
ta3qiib,تَعْقِيب,تعقيب
3uqbaal 3indak,عُقْبَال عندك,عقبال عندك
3aaqib,عَاقِب,عاقب
3aqqib,عَقِّب,عقب
y3aaqib,يعَاقِب,يعاقب
y3aqqib,يعَقِّب,يعقب
3aaqab,عَاقَب,عاقب
3aqqab,عَقَّب,عقب
m3aqqad,مْعَقَّد,معقد
3aqiide,عَقِيدِة,عقيدة
3aqiide,عَقِيدِة,عقيدة
3uqde,عُقْدِة,عقدة
3aqkde,عَقْدِة,عقدة
ta3qiid,تَعْقِيد,تعقيد
3uqud,عُقُد,عقد
2i3tiqaad,اِعْتِقَاد,اعتقاد
3aqid,عَقِد,عقد
3aqaa2id,عَقَائِد,عقائد
3quude,عْقُودِة,عقودة
3uquud,عُقُود,عقود
3uqad,عُقَد,عقد
3aqdit 2iddaar,عَقدة الدَار,عقدة الدار
3aqid zawaaj,عَقِد زوَاج,عقد زواج
3aqadha sab7a,عقدهَا سبعة,عقدها سبعة
fikk 2il3uqde,فك العُقْدَة,فك العقدة
3akkid,عَقِّد,عقد
2i3qid,اِعْقِد,اعقد
2u3qud,اُعْقُد,اعقد
3aqqid,عَقِّد,عقد
2it3aqqad,اِتْعَقَّد,اتعقد
2i3taqid,اِعْتَقِد,اعتقد
2i3tiqid,اِعْتِقِد,اعتقد
2it3aaqad,اِتْعَاقَد,اتعاقد
2in3iqid,اِنْعِقِد,انعقد
yi3qid,يِعْقِد,يعقد
yu3qud,يُعْقُد,يعقد
y3aqqid,يعَقِّد,يعقد
yit3aqqad,يِتْعَقَّد,يتعقد
yi3taqid,يِعْتَقِد,يعتقد
yi3tiqid,يِعْتِقِد,يعتقد
yin3iqid,يِنْعِقِد,ينعقد
yit3aaqad,يِتْعَاقَد,يتعاقد
y3akkid,يعَقِّد,يعقد
3aqad,عَقَد,عقد
3aqqad,عَقَّد,عقد
t3aqqad,تْعَقَّد,تعقد
2i3taqad,اِعْتَقَد,اعتقد
2in3aqad,اِنْعَقَد,انعقد
t3aaqad,تْعَاقَد,تعاقد
3akkad,عَقَّد,عقد
3aqaar,عَقَار,عقار
3uqur,عُقُر,عقر
b3uqur daaro,بعُقُر دَاره,بعقر داره
2u3qur,اُعْقُر,اعقر
yu3qur,يُعْقُر,يعقر
3aqar,عَقَر,عقر
3aqrab,عَقْرَب,عقرب
3aqaarib,عَقَارِب,عقارب
2il2aqaarib 3aqaarib,الأقَارب عقَارب,الأقارب عقارب
qadd khuzq 2il3aqrab,قد خزق العقرب,قد خزق العقرب
qadd tiiz 2il3aqrabe,قد طيز العقربَا,قد طيز العقربا
m3aakashe,مْعَاقَشِة,معاقشة
3aaqkish,عَاقِش,عاقش
3aqqkkish,عَقِّش,عقش
y3aaqkish,يعَاقِش,يعاقش
y3aqqkkish,يعَقِّش,يعقش
3aaqkash,عَاقَش,عاقش
3aqqkkash,عَقِّش,عقش
3uqsa,عُقْصَة,عقصة
3uqas,عُقَص,عقص
3uquuq,عُقُوق,عقوق
3aaqq,عَاقّ,عاق
3qiiqa,عْقِيقَة,عقيقة
3iqq,عِقّ,عق
y3iqq,يعِقّ,يعق
3aqq,عَقّ,عق
ma3quul,مَعْقُول,معقول
3aaqil,عَاقِل,عاقل
3aqlaani,عَقْلَانِي,عقلاني
3aqliyye,عَقْلِيِّة,عقلية
mu3taqal,مُعْتَقَل,معتقل
3gaal,عْقَال,عقال
3aqil,عَقِل,عقل
2i3tiqaal,اِعْتِقَال,اعتقال
3quul,عْقُول,عقول
2il3aqil ziine,العَقِل زينِة,العقل زينة
mayyalat 3gaal 2abuuha,ميَّلت عْقَال أبوهَا,ميلت عقال أبوها
3een 2il3aqil,عين العَقِل,عين العقل
3aqlo byuuzin balad,عقله بيوزن بلد,عقله بيوزن بلد
qillit 3aqil,قلة عَقِل,قلة عقل
3aqil 2il3abeed,عَقِل العبيد,عقل العبيد
3aqil 2irra7maan,عَقِل الرحمن,عقل الرحمن
3aqlaato biluqqu,عَقْلَاتُه بيلُقُّوَا,عقلاته بيلقوا
3aqlaato 3ala batte wunuss,عَقْلَاتُه على بتِّة ونُص,عقلاته على بتة ونص
3aqlo bittars,عَقْلُه بَالتَّرْس,عقله بالترس
2i3qal,اِعْقَل,اعقل
3aqqil,عَقِّل,عقل
2i3tiqil,اِعْتِقِل,اعتقل
yi3qal,يِعْقَل,يعقل
y3aqqil,يِعَقِّل,يعقل
yi3tiqil,يِعْتِقِل,يعتقل
3iqil,عِقِل,عقل
3aqqal,عَقَّل,عقل
2i3taqal,اِعْتَقَل,اعتقل
3akkuub,عَكُّوب,عكوب
3akkib,عَكِّب,عكب
y3akkib,يعَكِّب,يعكب
3akkab,عَكَّب,عكب
m3akkar,مْعَكَّر,معكر
2ikir,عِكِر,عكر
3akra,عَكْرَة,عكرة
3akkar safu 2il3alaaqa,عَكَّر صفو العلَاقة,عكر صفو العلاقة
mazaajo t3akkar,مزَاجُه تْعَكَّر,مزاجه تعكر
byinsharab ma3a 2ilmayy 2il3ikra,بينشرب مع المي العِكْرَة,بينشرب مع المي العكرة
maa 7ada biquul 3an zeeto 3ikir,مَا حدَا بقول عن زيته عكر,ما حدا بقول عن زيته عكر
2u3kur,اُعْكُر,اعكر
3akkir,عَكِّر,عكر
2it3akkar,اِتْعَكَّر,اتعكر
yu3kur,يُعْكُر,يعكر
y3akkir,يعَكِّر,يعكر
yit3akkar,يِتْعَكَّر,يتعكر
3akar,عَكَر,عكر
3akkar,عَكَّر,عكر
t3akkar,تْعَكَّر,تعكر
3akruut,عَكْرُوت,عكروت
3akaariit,عَكَارِيت,عكاريت
3akrit,عَكْرِت,عكرت
y3akrit,يعَكْرِت,يعكرت
3akrat,عَكْرَت,عكرت
2i3akrat,اِتْعَكْرَت,اتعكرت
yi3akrat,يِتْعَكْرَت,يتعكرت
t3akrat,تْعَكْرَت,تعكرت
3ukkaaze,عُكَّازِة,عكازة
2ibnil 3aaze 3ukkaaze,إِبن العَازِة عُكَّازِة,إبن العازة عكازة
3akkiz,عَكِّز,عكز
2it3akkaz,اِتْعَكَّز,اتعكز
y3akkiz,يعَكِّز,يعكز
yit3akkaz,يِتْعَكَّز,يتعكز
3akkaz,عَكَّز,عكز
t3akkaz,تْعَكَّز,تعكز
3aksi,عَكْسِي,عكسي
ma3kuus,مَعْكُوس,معكوس
m3aakase,مْعَاكَسِة,معاكسة
3aks,عَكْس,عكس
bil3aks,بَالعَكْس,بالعكس
2i3kis,اِعْكِس,اعكس
3aakis,عَاكِس,عاكس
2in3ikis,اِنْعِكِس,انعكس
yi3kis,يِعْكِس,يعكس
yin3ikis,يِنْعِكِس,ينعكس
y3aakis,يعَاكِس,يعاكس
3akas,عَكَس,عكس
2in3akas,اِنْعَكَس,انعكس
3aakas,عَاكَس,عاكس
m3akkish,مْعَكِّش,معكش
3aakish,عَاكِش,عاكش
3akish,عَكِش,عكش
3kuushe,عْكُوشِة,عكوشة
2i3kish,اِعْكِش,اعكش
3akkish,عَكِّش,عكش
yi3kish,يَعْكِش,يعكش
y3akkish,يعَكِّش,يعكش
3akash,عَكَش,عكش
3akkash,عَكَّش,عكش
mu3takif,مُعْتَكِف,معتكف
3akfe,عَكْفِة,عكفة
2i3tikaaf,اِعْتِكَاف,اعتكاف
2i3kif,اِعْكِف,اعكف
2i3tikif,اِعْتِكِف,اعتكف
yi3kif,يِعْكِف,يعكف
yi3tikif,يِعْتِكِف,يعتكف
3akaf,عَكَف,عكف
2i3takaf,اِعْتَكَف,اعتكف
3aakik,عَاكِك,عاكك
3akke,عَكّة,عكة
3akk,عَكّ,عك
3atshatsh,عَكَك,عكك
3ikkha,عِكْهَا,عكها
2abu 2il3akkaat,أَبُو العَكَّات,أبو العكات
3ukk,عُكّ,عك
y3ukk,يعُكّ,يعك
3akk,عَكّ,عك
3aakim,عَاكِم,عاكم
3akme,عَكْمِة,عكمة
2u3kum,اُعْكُم,اعكم
3akkim,عَكِّم,عكم
yu3kum,يُعْكُم,يعكم
y3akkim,يعَكِّم,يعكم
3akam,عَكَم,عكم
3akkam,عَكَّم,عكم
3aknane,عَكْنَنِة,عكننة
3aknan samaay,عَكْنَن سمَاي,عكنن سماي
3aknin,عَكْنِن,عكنن
y3aknin,يعَكْنِن,يعكنن
3aknan,عَكْنَن,عكنن
m3allab,مْعَلَّب,معلب
3ilbe,عِلْبِة,علبة
ta3liib,تَعْلِيب,تعليب
3ilab,عِلَب,علب
3allib,عَلِّب,علب
2it3allab,اِتْعَلَّب,اتعلب
y3allib,يعَلِّب,يعلب
yit3allab,يِتْعَلَّب,يتعلب
3allab,عَلَّب,علب
t3allab,تْعَلَّب,تعلب
mu3aalaja,مُعَالَجَة,معالجة
3ilaaj,عِلَاج,علاج
faalij laa t3aalij,فَالِج لَا تعَالِج,فالج لا تعالج
3aalij,عَالِج,عالج
2it3aalaj,اِتْعَالَج,اتعالج
y3aalij,يعَالِج,يعالج
yit3aalaj,يِتْعَالَج,يتعالج
3aalaj,عَالَج,عالج
t3aalaj,تْعَالَج,تعالج
m3allit,مْعَلِّط,معلط
mu3laat,مُعْلَاط,معلاط
mu3laat,مُعْلَاَط,معلاط
ma3aaliit,مَعَالِيط,معاليط
3allit,عَلِّط,علط
y3allit,يعَلِّط,يعلط
3allat,عَلَّط,علط
3alaf,عَلَف,علف
3alaf,عَلَف,علف
2a3laaf,أَعْلَاف,أعلاف
2i3lif,اِعْلِف,اعلف
yi3lif,يِعْلِف,يعلف
3alaf,عَلَف,علف
mu3alliq,مُعَلِّق,معلق
3aaliq,عَالِق,عالق
mit3alqin,مِتْعَلْقِن,متعلقن
m3allaq,مْعَلَّق,معلق
3alqa,عَلْقَة,علقة
3alaaqa,عَلَاقَة,علاقة
3allaaqa,عَلَّاقَة,علاقة
3aliiqkga,عَلِيقَة,عليقة
ma3laqa,مَعْلَقَة,معلقة
ta3liiq,تَعْلِيق,تعليق
3ulleeq,عُلَّيق,عليق
mu3laaq,مُعْلَاق,معلاق
3ashaan 2ilward yinsaqa 2il3ulleeq,عَشَان الوَرْد يِنْسَقَى العُلَّيق,عشان الورد ينسقى العليق
3aliiq,عَلِيق,عليق
2it3aalaq,اِتْعَالَق,اتعالق
2i3laq,اِعْلَق,اعلق
3alliq,عَلِّق,علق
2it3allaq,اِتْعَلَّق,اتعلق
2it3alqan,اِتْعَلْقَن,اتعلقن
yi3laq,يِعْلَق,يعلق
y3alliq,يعَلِّق,يعلق
yit3allaq,يِتْعَلَّق,يتعلق
yit3aalaq,يِتْعَالَق,يتعالق
yit3alqan,يِتْعَلْقَن,يتعلقن
3iliq,عِلِق,علق
3allaq,عَلَّق,علق
t3allaq,تْعَلَّق,تعلق
t3aalaq,تْعَالَق,تعالق
t3alqan,تْعَلْقَن,تعلقن
3alqam,عَلْقَم,علقم
3ilk,عِلْك,علك
3ilke,عِلْكِة,علكة
3laak,عْلَاك,علاك
3laak msaddi,عْلَاك مْصَدِّي,علاك مصدي
3ilke btimm 2il3aalam,علكة بثم العَالم,علكة بثم العالم
2i3lik,اِعْلِك,اعلك
3allik,عَلِّك,علك
yi3lik,يِعْلِك,يعلك
y3allik,يعَلِّك,يعلك
3alak,عَلَك,علك
3allak,عَلَّك,علك
3aalil,عَالِل,عالل
ta3liile,تَعْلِيلِة,تعليلة
3ille,عِلِّة,علة
3ilal,عِلَل,علل
ta3aaliil,تَعَالِيل,تعاليل
3all qalbi,عَلّ قلبي,عل قلبي
bifishshish 2il3ille,بفشش العلة,بفشش العلة
3allil,عَلِّل,علل
3ill,عِلّ,عل
2it3allal,اِتْعَلَّل,اتعلل
y3allil,يعَلِّل,يعلل
y3ill,يعِلّ,يعل
yit3allal,يِتْعَلَّل,يتعلل
3allal,عَلَّل,علل
3all,عَلّ,عل
t3allal,تْعَلَّل,تعلل
ma3luuma,مَعْلُومِة,معلومة
3ilmaani,عِلْمَانِي,علماني
3allaame,عَلَّامِة,علامة
ta3liimi,تَعْلِيمي,تعليمي
ma3luum,مَعْلُوم,معلوم
3aalami,عَالَمِي,عالمي
ma3luum,مَعْلُوم,معلوم
3alma,عَلْمَا,علما
3ilmaaniyye,عِلْمَانيِّة,علمانية
3alaame,عَلَامِة,علامة
2isti3laam,اِسْتِعْلَام,استعلام
3ilim,عِلِم,علم
3aalim,عَالِم,عالم
3aalam,عَالَم,عالم
muta3allim,مُتَعَلِّم,متعلم
ta3liim,تَعْلِيم,تعليم
2i3laam,إِعْلَام,إعلام
2i3laami,إِعْلَامي,إعلامي
3alam,عَلَم,علم
ma3luum,مَعْلُوم,معلوم
m3allim,مْعَلِّم,معلم
m3allim,مْعَلِّم,معلم
3uluum,عُلُوم,علوم
3ulamaa2,عُلَمَاء,علماء
2a3laam,أَعْلَام,أعلام
3allam 3alee,عَلَّم عليه,علم عليه
manaara fil3ilim,مَنَارَة في العلم,منارة في العلم
2ashhar min naar 3ala 3alam,أَشهر من نَار على عَلَم,أشهر من نار على علم
3aalami,عَالَمِي,عالمي
2ibin 3aalam wunaas,اِبن عَالَم ونَاس,ابن عالم وناس
3allim,عَلِّم,علم
2it3allam,اِتْعَلَّم,اتعلم
2ista3lim,اِسْتَعْلِم,استعلم
y3allim,يعَلِّم,يعلم
yit3allam,يِتْعَلَّم,يتعلم
yista3lim,يِسْتَعْلِم,يستعلم
3allam,عَلَّم,علم
t3allam,تْعَلَّم,تعلم
2ista3lam,اِسْتَعْلَم,استعلم
2i3lim,اِعْلِم,اعلم
yi3lim,يِعْلِم,يعلم
2a3lam,أَعْلَم,أعلم
2i3laan,إِعْلَان,إعلان
2i3lin,اِعْلِن,اعلن
yi3lin,يِعْلِن,يعلن
2a3lan,أَعْلَن,أعلن
2i3lu,اِعْلُو,اعلو
yi3lu,يِعْلُو,يعلو
3ala,عَلَا,علا
2a3la,أَعْلَى,أعلى
muta3aali,مُتَعَالِي,متعالي
3aali,عَالِي,عالي
3illiyye,عِلِّيِّة,علية
ta3aali,تَعَالِي,تعالي
2isti3laa3,اِسْتِعْلَاء,استعلاء
3ilu,عِلو,علو
3ala 2umm,عَلَى أُمّ,على أم
2i3la,اِعْلَى,اعلى
3alli,عَلِّي,علي
2it3aala,اِتْعَالَى,اتعالى
2ista3li,اِسْتَعْلي,استعلي
yi3la,يِعْلَى,يعلى
y3alli,يعَلِّي,يعلي
yit3aala,يِتْعَالَى,يتعالى
yista3li,يِسْتَعْلي,يستعلي
3ili,عِلِي,علي
3alla,عَلَّى,على
t3aala,تْعَالَى,تعالى
2ista3la,اِسْتَعْلَى,استعلى
3aali,عَالِي,عالي
yii 3alee,يي عَلَيه,يي عليه
3aal 3aal,عَال عَال,عال عال
3ali,عَلِي,علي
dineen 3ali,ذنين عَلِي,ذنين علي
3ala,عَلَى,على
3alawwaa,عَلوَّاه,علواه
3alawlaylaa,عَلَوْلَيْلَاه,علوليلاه
3amd,عَمْد,عمد
bil3amd,بِالعَمْد,بالعمد
3amdan,عَمْداً,عمدا
mu3tamid,مُعْتَمِد,معتمد
3umde,عُمْدِة,عمدة
2i3timaad,اِعْتِمَاد,اعتماد
ta3miid,تَعْمِيد,تعميد
3amiid,عَمِيد,عميد
3aamuud,عَامُود,عامود
3umadaa2,عُمَدَاء,عمداء
3awaamiid,عَوَامِيد,عواميد
3aamuud 2izzalaam,عَامُود الظَّلَام,عامود الظلام
2i3timid,اِعْتِمِد,اعتمد
2i3tamid,اِعْتَمِد,اعتمد
3ammid,عَمِّد,عمد
2it3ammad,اِتْعَمَّد,اتعمد
yi3timid,يِعْتِمِد,يعتمد
yi3tamid,يِعْتَمِد,يعتمد
y3ammid,يعَمِّد,يعمد
yit3ammad,يِتْعَمَّد,يتعمد
2i3tamad,اِعْتَمَد,اعتمد
3ammad,عَمَّد,عمد
t3ammad,تْعَمَّد,تعمد
3ammid,عَمِّد,عمد
y3ammid,يعََمِّد,يعمد
3ammad,عَمَّد,عمد
3amraan,عَمْرَان,عمران
2isti3maari,اِسْتِعْمَاري,استعماري
3aamir,عَامِر,عامر
mu3ammir,مُعَمِّر,معمر
m3ammir,مْعَمِّر,معمر
3amaar,عَمَار,عمار
mi3timir,مِعْـتِمِر,معـتمر
3aamir,عَامِر,عامر
3umra,عُمْرَة,عمرة
musta3mara,مُسْتَعْمَرَة,مستعمرة
m3ammara,مْعَمَّرَة,معمرة
3aamuura,عَامُورَة,عامورة
3amaara,عَمَارَة,عمارة
2isti3maar,اِسْتِعْمَار,استعمار
musta3mir,مُسْتَعْمِر,مستعمر
3aamir,عَامِر,عامر
3umur,عُمُر,عمر
3amaar,عَمَار,عمار
3umur,عُمُر,عمر
2a3maar,أَعْمَار,أعمار
3awaamiir,عَوَامِير,عوامير
3amaayir,عَمَايِر,عماير
2aakhir hal3umur,آخر هَالعمر,آخر هالعمر
2awwal 3umro,أَول عُمْرُه,أول عمره
maa 3umriish,مَا عُمْريش,ما عمريش
faatak nus 3umrak,فَاتك نص عمرك,فاتك نص عمرك
2ilo 3umur,إِله عمر,إله عمر
2inkatablo 3umur djdiid,إِنكتبله عمر جديد,إنكتبله عمر جديد
2a3taakum 3umro,أَعطَاكم عمره,أعطاكم عمره
2i3timir,اِعْتِمِر,اعتمر
2ista3mir,اِسْتَعْمِر,استعمر
3ammir,عَمِّر,عمر
2i3mar,اِعْمَر,اعمر
yi3mar,يِعْمَر,يعمر
yi3timir,يِعْتِمِر,يعتمر
yista3mir,يِسْتَعْمِر,يستعمر
y3ammir,يعَمِّر,يعمر
3amar,عَمَر,عمر
2i3tamar,اِعْتَمَر,اعتمر
2ista3mar,اِسْتَعْمَر,استعمر
3ammar,عَمَّر,عمر
3amsha,عَمْشَا,عمشا
2a3mash,أَعْمَش,أعمش
3umush,عُمُش,عمش
3amash,عَمَش,عمش
2i3mish,اِعْمِش,اعمش
2in3imish,اِنْعِمِش,انعمش
yi3mish,يِعْمِش,يعمش
yin3imish,يِنْعِمِش,ينعمش
3amash,عَمَش,عمش
2in3amash,اِنْعَمَش,انعمش
mit3amshiq,مِتْعَمْشِق,متعمشق
3amshaqa,عَمْشَقَة,عمشقة
2it3amshaq,اِتْعَمْشَق,اتعمشق
yit3amshaq,يِتْعَمْشَق,يتعمشق
t3amshaq,تْعَمْشَق,تعمشق
m3ammis,مْعَمِّص,معمص
m3ammis,مْعَمِّص,معمص
3ammis,عَمِّص,عمص
y3ammis,يعَمِّص,يعمص
3ammas,عَمَّص,عمص
2a3maq,أَعْمَق,أعمق
3amiiq,عَمِيق,عميق
3umuq,عُمُق,عمق
3ammiq,عَمِّق,عمق
2it3ammaq,اِتْعَمَّق,اتعمق
y3ammiq,يعَمِّق,يعمق
yit3ammaq,يِتْعَمَّق,يتعمق
3ammaq,عَمَّق,عمق
t3ammaq,تْعَمَّق,تعمق
ma3muul,مَعْمُول,معمول
musta3mal,مُسْتَعْمَل,مستعمل
3amle,عَمْلِة,عملة
3umuule,عُمُولِة,عمولة
3amaliyye,عَمَليِّة,عملية
mu3aamale,مُعَامَلِة,معاملة
3umle,عُمْلِة,عملة
ma3mal,مَعْمَل,معمل
2isti3maal,اِسْتِعْمَال,استعمال
ta3aamul,تَعَامُل,تعامل
3amal,عَمَل,عمل
3aamil,عَامِل,عامل
ma3mal,مَعْمَل,معمل
ma3aamiil,مَعَامِيل,معاميل
3umalaa2,عُمَلَاء,عملاء
3amiil,عَمِيل,عميل
3amaala,عَمَالِة,عمالة
3amaayil,عَمَايِل,عمايل
2a3maal,أَعْمَال,أعمال
3ummaal,عُمَّال,عمال
ma3aamil,مَعَامِل,معامل
3imil 3amal,عِمِل عَمَل,عمل عمل
3imil 2a3maal,عِمِل أعْمَال,عمل أعمال
3imil 7jaabaat,عِمِل حْجَابَات,عمل حجابات
3ammaali,عَمَّالي,عمالي
3imil 7aalo,عِمِل حَاله,عمل حاله
3aamil 2issab3a wuzimmitha,عَامل السبعة وذمتهَا,عامل السبعة وذمتها
3imlatlo 3amal,عملتله عمل,عملتله عمل
kheer maa 3milit,خير مَا عملت,خير ما عملت
2i3mal,اِعْمَل,اعمل
2ista3mil,اِسْتَعْمِل,استعمل
2it3aamal,اِتْعَامَل,اتعامل
3ammaal,عَمَّال,عمال
ma3mil,مَعْمِل,معمل
2itma3mal,اِتْمَعْمَل,اتمعمل
2in3imil,اِنْعِمِل,انعمل
yi3mal,يِعْمَل,يعمل
yin3imil,يِنْعِمِل,ينعمل
yista3mil,يِسْتَعْمِل,يستعمل
yit3aamal,يِتْعَامَل,يتعامل
yma3mil,يمَعْمِل,يمعمل
yitma3mal,يِتْمَعْمَل,يتمعمل
3imil,عِمِل,عمل
2in3amal,اِنْعَمَل,انعمل
2ista3mal,اِسْتَعْمَل,استعمل
t3aamal,تْعَامَل,تعامل
ma3mal,مَعْمَل,معمل
tma3mal,تْمَعْمَل,تمعمل
3imlaaq,عِمْلَاق,عملاق
3amaaliqa,عَمَالِقَة,عمالقة
3amlaqa,عَمْلَقَة,عملقة
3aamim,عَامِم,عامم
3aam,عَام,عام
3umuumi,عُمُومِي,عمومي
3aamiyye,عَامِّيِّة,عامية
3amaame,عَمَامِة,عمامة
3amme,عَمِّة,عمة
3umuum,عُمُوم,عموم
3amm,عَمّ,عم
3maam,عْمَام,عمام
3muum,عْمُوم,عموم
3am,عَم,عم
3aamim wutaamim,عَامِم وطَامِم,عامم وطامم
3al 3umuum,عَالعُمُوم,عالعموم
2ibin 2il3amm huwwe 2illi binazzil 3an dahr 2ilfaras,اِبْن العَمّ هُو اللِّي بينَزِّل عَن ظَهْر الفَرَس,ابن العم هو اللي بينزل عن ظهر الفرس
3ammim,عَمِّم,عمم
3imm,عِمّ,عم
2it3ammim,اِتْعَمَّم,اتعمم
y3imm,يعِمّ,يعم
y3ammim,يعَمِّم,يعمم
yit3ammim,يِتْعَمَّم,يتعمم
3amm,عَمّ,عم
3ammam,عَمَّم,عمم
t3ammim,تْعَمَّم,تعمم
3imyaani,عِمْيَاني,عمياني
3amaat,عَمَاة,عماة
3amya,عَمْيَا,عميا
2a3ma,أَعْمَى,أعمى
3umi,عُمِي,عمي
3ama yi3mii,عَمَى يِعْمِيه,عمى يعميه
2in3ama 3ala qalbi,اِنعمى على قلبي,انعمى على قلبي
3amaat 2iliqmaar,عمَاة القمَار,عماة القمار
badal maa yka77ilha 3amaaha,بدل مَا يكحلهَا عمَاهَا,بدل ما يكحلها عماها
mfatti7 biblaad 3imyaan,مفتح ببلَاد عميَان,مفتح ببلاد عميان
2i3mi,اِعْمِي,اعمي
2in3imi,اِنْعِمِي,انعمي
yi3mi,يِعْمِي,يعمي
yin3imi,يِنْعِمِي,ينعمي
3ama,عَمَى,عمى
2in3ama,اِنْعَمَى,انعمى
ma3mi,مَعْمِي,معمي
3ama,عَمَى,عمى
zayy 2il3ama,زي العَمَى,زي العمى
2ashuuf 2il3ama wala 2ashuufo,أَشوف العَمَى ولَا أشوفه,أشوف العمى ولا أشوفه
3al3imyaani,عَالعِمْيَاني,عالعمياني
ma3mi qmaaro,مَعْمِي قْمَارُه,معمي قماره
2ista3mi,اِسْتَعْمِي,استعمي
yista3mi,يِسْتَعْمِي,يستعمي
2ista3ma,اِسْتَعْمَى,استعمى
3an,عَن,عن
3anaan,عَنَان,عنان
yaa sarj bimiil yaa 3anaan binqata3,يَا سرج بيميل يَا عنَان بينقطع,يا سرج بيميل يا عنان بينقطع
3innaabi,عِنَّابي,عنابي
3inbe,عِنْبِة,عنبة
3inbe,عِنْبِة,عنبة
3unbe,عُنْبِة,عنبة
3inab,عِنَب,عنب
3innaab,عِنَّاب,عناب
3unub,عُنُب,عنب
biddak 3inab walla biddak tqaatil 2innaatuur,بدك عنب ولَا بدك تقَاتل النَاطور,بدك عنب ولا بدك تقاتل الناطور
3anbar,عَنْبَر,عنبر
3antar,عَنْتَر,عنتر
m3antir,مْعَنْتِر,معنتر
3untara,عُنْتَرَة,عنترة
3antir,عَنْتِر,عنتر
y3antir,يعَنْتِر,يعنتر
3antar,عَنْتَر,عنتر
3aniid,عَنِيد,عنيد
3ind,عِنْد,عند
3inaad,عِنَاد,عناد
3indiina,عِنْدِينا,عندينا
maa 3indak,مَاعندك,ماعندك
3inna,عِنْدنا,عندنا
3aanid,عَانِد,عاند
3annid,عَنِّد,عند
y3aanid,يعَانِد,يعاند
y3annid,يعَنِّد,يعند
3aanad,عَانَد,عاند
3annad,عَنَّد,عند
3anze,عَنْزِة,عنزة
di7kit 3anze 3abaab maslakh,ضحكة عَنْزِة عبَاب مسلخ,ضحكة عنزة عباب مسلخ
fadii7it 2il3anze 2issooda,فضيحة العنزة السودَا,فضيحة العنزة السودا
3aanis,عَانِس,عانس
3awaanis,عَوَانِس,عوانس
3unuuse,عُنُوسِة,عنوسة
3annis,عَنِّس,عنس
y3annis,يعَنِّس,يعنس
3annas,عَنَّس,عنس
3unsuriyye,عُنْصُرِيِّة,عنصرية
2it3ansar,اِتْعَنْصَر,اتعنصر
yit3ansar,يِتْعَنْصَر,يتعنصر
t3ansar,تْعَنْصَر,تعنصر
3unsuri,عُنْصُرِي,عنصري
3anaasir,عَنَاصِر,عناصر
3unsur,عُنْصُر,عنصر
m3ansil,مْعَنْصِل,معنصل
3ansale,عَنْصَلِة,عنصلة
3unsul,عُنْصُل,عنصل
2it3ansal,اِتْعَنْصَل,اتعنصل
yit3ansal,يِتْعَنْصَل,يتعنصل
t3ansal,تْعَنْصَل,تعنصل
3antabiikh,عَنْطَبِيخ,عنطبيخ
3antabiil,عَنْطَبِيل,عنطبيل
3antaza,عَنْطَزَة,عنطزة
2it3antaz,اِتْعَنْطَز,اتعنطز
yit3antaz,يِتْعَنْطَز,يتعنطز
t3antaz,تْعَنْطَز,تعنطز
3aniif,عَنِيف,عنيف
3unf,عُنْف,عنف
3annif,عَنِّف,عنف
y3annif,يعَنِّف,يعنف
3annaf,عَنَّف,عنف
m3anfis,مْعَنْفِص,معنفص
3anfasa,عَنْفَصَة,عنفصة
3anfis,عَنْفِص,عنفص
y3anfis,يعَنْفِص,يعنفص
3anfas,عَنْفَص,عنفص
3inaaq,عِنَاق,عناق
2i3tinaaq,اِعْتِنَاق,اعتناق
3unuq,عُنُق,عنق
2a3naaq,أَعْنَاق,أعناق
qati3 2il2a3naaq wala qati3 2il2arzaaq,قَطْع الأعنَاق ولَا قَطْع الأرزَاق,قطع الأعناق ولا قطع الأرزاق
3unuq 2irra7im,عُنُق الرحم,عنق الرحم
rabtit 3unuq,رَبْطِة عُنُق,ربطة عنق
3aaniq,عَانِق,عانق
2i3tiniq,اِعْتِنِق,اعتنق
y3aaniq,يعَانِق,يعانق
yi3tiniq,يِعْتِنِق,يعتنق
3aanaq,عَانَق,عانق
2i3tanaq,اِعْتَنَق,اعتنق
3anquud,عَنْقُود,عنقود
3anaaqiid,عَنَاقِيد,عناقيد
2aakhir 2il3anquud,آخِر العَنْقُود,آخر العنقود
m3anqir,مْعَنْقِر,معنقر
3anqara,عَنْقَرَة,عنقرة
3anqir 3gaalo,مْعَنْقِر عْقَاله,معنقر عقاله
3anqir,عَنْقِر,عنقر
y3anqir,يعَنْقِر,يعنقر
3anqar,عَنْقَر,عنقر
m3ankish,مْعَنْكِش,معنكش
2it3ankash,اِتْعَنْكَش,اتعنكش
yit3ankash,يِتْعَنْكَش,يتعنكش
t3ankash,تْعَنْكَش,تعنكش
3inn,عِنّ,عن
y3inn,يعِنّ,يعن
3ann,عَنّ,عن
3inwaan,عِنْوَان,عنوان
3anaawiin,عَنَاوِين,عناوين
3anwin,عَنْوِن,عنون
y3anwin,يعَنْوِن,يعنون
3anwan,عَنْوَن,عنون
m3anwan,مْعَنْوَن,معنون
ma3aani,مَعَانِي,معاني
ma3na,مَعْنَى,معنى
3inaaye,عِنَايِة,عناية
mu3aanaa,مُعَانَاة,معاناة
3aani,عَانِي,عاني
y3aani,يعَانِي,يعاني
3aana,عَانَى,عانى
2i3ni,اِعْنِي,اعني
yi3ni,يِعْنِي,يعني
3ana,عَنَى,عنى
3uhda,عُهْدِة,عهدة
ma3huud,مَعْهُود,معهود
3aahid,عَاهِد,عاهد
y3aahid,يعَاهِد,يعاهد
3aahad,عَاهَد,عاهد
2it3ahhad,اِتْعَهَّد,اتعهد
yit3ahhad,يِتْعَهَّد,يتعهد
t3ahhad,تْعَهَّد,تعهد
2i3had,اِعْهَد,اعهد
yi3had,يِعْهَد,يعهد
3ahid,عَهِد,عهد
3uhuud,عُهُود,عهود
3ahid,عَهِد,عهد
ta3ahhud,تَعَهُّد,تعهد
3aahre,عَاهْرِة,عاهرة
m3oohar,مْعَوهَر,معوهر
tees 3aahre,تيس عَاهْرِة,تيس عاهرة
3ooja,عَوجَا,عوجا
ma3wuuj,مَعْوُوج,معووج
2a3waj,أَعْوَج,أعوج
2i3wadj,إِعْوَج,إعوج
3uuj,عُوج,عوج
2in3iwaaj,اِنْعِوَاج,انعواج
3awaj,عَوَج,عوج
dhili3 2i3wadj,ضلع إِعوج,ضلع إعوج
dili3 2a3waj,ضلع أعوج,ضلع أعوج
2ilbooja 2il3ooja,البوجة العوجَا,البوجة العوجا
2i3wij,اِعْوِج,اعوج
2in3iwij,اِنْعِوِج,انعوج
yin3iwij,يِنْعِوِج,ينعوج
yi3wij,يِعْوِج,يعوج
2in3awaj,اِنْعَوَج,انعوج
3awaj,عَوَج,عوج
mu3taad,مُعْتَاد,معتاد
mit3awwid,مِتْعَوِّد,متعود
3aadatan,عَادَةً,عادة
3aad,عَاد,عاد
3oode,عَودِة,عودة
3aade,عَادِة,عادة
3awaayid,عَوَايِد,عوايد
3aa2id,عَائِد,عائد
3aa2id,عَائِد,عائد
3aadi,عَادِي,عادي
ta3wiid,تَعْوِيد,تعويد
2ij3aluuha b3oode,اِجْعَلُوهَا بْعَودِة,اجعلوها بعودة
miftaa7 2il3oode,مِفْتَاح العَودِة,مفتاح العودة
bil3aade,بَالعَادِة,بالعادة
3uud,عُود,عود
y3uud,يعُود,يعود
3aad,عَاد,عاد
2it3awwad,اِتْعَوَّد,اتعود
3awwid,عَوِّد,عود
yit3awwad,يِتْعَوَّد,يتعود
y3awwid,يعَوِّد,يعود
t3awwad,تْعَوَّد,تعود
3awwad,عَوَّد,عود
3iyaaz,عِيَاذ,عياذ
mu3awwidhaat,مُعوِّذَات,معوذات
2it3awwaz,اِتْعوَّذ,اتعوذ
yit3awwaz,يِتْعوَّذ,يتعوذ
t3awwaz,تْعَوَّذ,تعوذ
mu3awwidhatiin,مُعَوِّذِتَين,معوذتين
ta3wiize,تَعْوِيذِة,تعويذة
ta3aawiiz,تَعَاوِيذ,تعاويذ
2a3war,أَعْوَر,أعور
3uur,عُور,عور
3awar,عَوَر,عور
3waar,عْوَار,عوار
2ilmara 2illi joozha biquul 3anha 3oora kull 2innaas btil3ab fiiha 2ilkoora,المَرَة الِّلي جَوزْهَا بِيقُول عَنْهَا عَورَا كُلّ النَّاس بْتِلْعَب فِيهَا الكَورَة,المرة اللي جوزها بيقول عنها عورا كل الناس بتلعب فيها الكورة
2i3wir,اِعْوِر,اعور
3awwir,عَوِّر,عور
2it3awwar,اِتْعَوَّر,اتعور
yi3wir,يِعْوِر,يعور
3oora,عَورَا,عورا
y3awwir,يعَوِّر,يعور
yit3awwar,يِتْعَوَّر,يتعور
3awar,عَوَر,عور
2in3awar,اِنْعَوَر,انعور
3awwar,عَوَّر,عور
t3awwar,تْعَوَّر,تعور
3awra,عَوْرَة,عورة
3awra,عَوْرَة,عورة
2in3iwir,اِنْعِوِر,انعور
2ini3wir,اِنِعْوِر,انعور
yin3iwir,يِنْعِوِر,ينعور
yini3wir,يِنِعْوِر,ينعور
3aaze,عَازِة,عازة
3aayiz,عَايِز,عايز
2ibnil 3aaze 3ukkaaze,إِبن العَازِة عُكَّازِة,إبن العازة عكازة
mi3taaz,مِعْتَاز,معتاز
mi3taaz,مِعْتَاز,معتاز
2i3taaz,اِعْتَاز,اعتاز
yi3taaz,يِعْتَاز,يعتاز
2i3taaz,اِعْتَاز,اعتاز
3awad,عَوَض,عوض
3alee 2il3awad wuminno 2il3awad,عليه العَوَِض ومنه العوض,عليه العوض ومنه العوض
2il3awad bsalaamto,العَوَض بسلَامته,العوض بسلامته
3awwid,عَوِّض,عوض
2ista3iid,اِسْتَعِيض,استعيض
2it3awwad,اِتْعَوَّض,اتعوض
y3awwid,يعَوِّض,يعوض
yit3awwad,يِتْعَوَّض,يتعوض
yista3iid,يِسْتَعِيض,يستعيض
3awwad,عَوَّض,عوض
t3awwad,تْعَوَّض,تعوض
2ista3aad,اِسْتَعَاض,استعاض
ta3wiid,تَعْوِيض,تعويض
3aayif,عَايِف,عايف
shaayif ta3aayif,شَايِف تعَايِف,شايف تعايف
3awwif,عَوِّف,عوف
y3awwif,يعَوِّف,يعوف
3aaf,عَاف,عاف
3awwaf,عَوَّف,عوف
3oofe,عَوفِة,عوفة
3uuf,عُوف,عوف
y3uuf,يعُوف,يعوف
mu3awwaq,مُعَوَّق,معوق
2i3aaqa,إِعَاقَة,إعاقة
mu3iiq,مُعِيق,معيق
3aa2iq,عَائِق,عائق
3awaa2iq,عَوَائِق,عوائق
3iiq,عِيق,عيق
3awwiq,عَوِّق,عوق
2it3awwaq,اِتْعَوَّق,اتعوق
2ista3wiq,اِسْتَعْوِق,استعوق
y3iiq,يعِيق,يعيق
y3awwiq,يعَوِّق,يعوق
yit3awwaq,يِتْعَوَّق,يتعوق
3awqi,عَوْقِي,عوقي
t3awwaqat,تْعَوَّقَت,تعوقت
yista3wiq,يِسْتَعْوِق,يستعوق
2a3aaq,أَعَاق,أعاق
3awwaq,عَوَّق,عوق
t3awwaq,تْعَوَّق,تعوق
3awwaqat,عَوِّقَت,عوقت
2ista3waq,اِسْتَعْوَق,استعوق
3awatshe,عَوَّاكَة,عواكة
3awaale,عَوَالِة,عوالة
mi3wal,مِعْوَل,معول
ma3aawil,مَعَاوِل,معاول
3awwil,عَوِّل,عول
2it3aawal,اِتْعَاوَل,اتعاول
2ista3wil,اِسْتَعْوِل,استعول
y3awwil,يعَوِّل,يعول
yit3aawal,يِتْعَاوَل,يتعاول
yista3wil,يِسْتَعْوِل,يستعول
3awwal,عَوَّل,عول
t3aawal,تْعَاوَل,تعاول
2ista3wal,اِسْتَعْوَل,استعول
3awiil,عَوِيل,عويل
3awwim,عَوِّم,عوم
y3awwim,يعَوِّم,يعوم
3awwam,عَوَّم,عوم
3uum,عُوم,عوم
y3uum,يعُوم,يعوم
3aam,عَام,عام
3aayim,عَايِم,عايم
3awwame,عَوَّامِة,عوامة
muta3aawin,مُتَعَاوِن,متعاون
3awaayni,عَوَاينِي,عوايني
3awaayniyye,عَوَاينِيِّة,عواينية
ta3aawun,تَعَاوُن,تعاون
3aawin,عَاوِن,عاون
2it3aawan,اِتْعَاوَن,اتعاون
y3aawin,يعَاوِن,يعاون
2a3iin,أَعِين,أعين
y3iin,يعِين,يعين
2a3aan,أَعَان,أعان
yit3aawan,يِتْعَاوَن,يتعاون
3aawan,عَاوَن,عاون
t3aawan,تْعَاوَن,تعاون
3oon,عَون,عون
3oone,عَونِة,عونة
3aaha,عَاهَة,عاهة
3aaha,عَاهَة,عاهة
3aahaatak yaa watan,عَاهَاتك يَا وطن,عاهاتك يا وطن
ma3tuuh,مَعْتُوه,معتوه
ma3aatiih,مَعَاتِيه,معاتيه
3iwa,عِوَا,عوا
walla la2akhalli 3waa yoosal lamaalta,وَالله لأخلي عْوَاه يوصل لمَالطَا,والله لأخلي عواه يوصل لمالطا
3awwi,عوِّي,عوي
2i3wi,اِعْوِي,اعوي
y3awwi,يعوِّي,يعوي
yi3wi,يِعْوِي,يعوي
3awwa,عوَّى,عوى
3awa,عَوَى,عوى
3aayib,عَايِب,عايب
3ayyib,عَيِّب,عيب
y3ayyib,يعَيِّب,يعيب
3ayyab,عَيَّب,عيب
2ista3yib,اِسْتَعْيِب,استعيب
yista3yib,يِسْتَعْيِب,يستعيب
2ista3yab,اِسْتَعْيَب,استعيب
3iib,عِيب,عيب
y3iib,يعِيب,يعيب
3aab,عَاب,عاب
3eeb,عَيب,عيب
3eebe,عَيبِة,عيبة
3eeb,عَيب,عيب
3yuub,عْيُوب,عيوب
2i3aade,إِعَادِة,إعادة
3iidiyye,عِيدِيِّة,عيدية
3ayaadi,عَيَادِي,عيادي
3iid,عِيد,عيد
3iyaade,عِيَادِة,عيادة
2a3yaad,أَعْيَاد,أعياد
y3iid ma2saat,يعِيد مأسَاة,يعيد مأساة
m3aayade,مْعَايَدِة,معايدة
ta3wiid,تَعْوِيد,تعويد
3uud,عُود,عود
3ayyid,عَيِّد,عيد
3aawid,عَاوِد,عاود
2a3waad,أَعْوَاد,أعواد
2it3ayyad,اِتْعَيَّد,اتعيد
3iidaan,عِيدَان,عيدان
3uud 2ili7raath,عُود الحْرَاث,عود الحراث
y3ayyid,يعَيِّد,يعيد
y3aawid,يعَاوِد,يعاود
2ij3aluuha b3oode,اِجَعَلُوهَا عَودِة,اجعلوها عودة
3iid,عِيد,عيد
yit3ayyad,يِتْعَيَّد,يتعيد
y3iid,يعِيد,يعيد
3ayyad,عَيَّد,عيد
3aawad,عَاوَد,عاود
3aad,عَاد,عاد
t3ayyad,تْعَيَّد,تعيد
3aar,عَار,عار
2i3aara,إِعَارَة,إعارة
mi3yaar,مِعْيَار,معيار
ma3aayiir,مَعَايِير,معايير
3yaar,عْيَار,عيار
y3aayir,يْعَايِر,يعاير
2ili3yaar 2illi maa bisiibak bidwishak,العْيَار اللي مَابصيبك بدوشك,العيار اللي مابصيبك بدوشك
3iirna skuutak,عِيرنَا سكوتَك,عيرنا سكوتك
3iir,عِير,عير
2ista3iir,اِسْتَعِير,استعير
3ayyir,عَيِّر,عير
3aayir,عَايِر,عاير
yista3iir,يِسْتَعِير,يستعير
y3ayyir,يعَيِّر,يعير
y3iir,يعِير,يعير
3aar,عَار,عار
2ista3aar,اِسْتَعَار,استعار
3ayyar,عَيَّر,عير
3aayar,عَايَر,عاير
ma3iishe,مَعِيشِة,معيشة
3aayish,عَايِش,عايش
3ayyiish,عَيِّيش,عييش
3iishe,عِيشِة,عيشة
ta3aayush,تَعَايُش,تعايش
ma3aash,مَعَاش,معاش
3iish miin qaddak,عِيش مين قدَّك,عيش مين قدك
3iishit 3izz,عِيشِة عِز,عيشة عز
3iishe min 2ilqille,عِيشِة من القِلِّة,عيشة من القلة
t3iish,تْعِيش,تعيش
3iish,عِيش,عيش
3ayyish,عَيِّش,عيش
2it3aayash,اِتْعَايَش,اتعايش
y3iish,يعِيش,يعيش
y3ayyish,يعَيِّش,يعيش
yit3aayash,يِتْعَايَش,يتعايش
3aash,عَاش,عاش
3ayyash,عَيَّش,عيش
t3aayash,تْعَايَش,تعايش
m3ayyit,مْعيِّط,معيط
3yaat,عْيَاط,عياط
mfa77im 3yaat,مفحم عيَاط,مفحم عياط
3ayyit,عيِّط,عيط
y3ayyit,يْعيِّط,يعيط
3ayyat,عيَّط,عيط
3eele,عَيلِة,عيلة
mu3iil,مُعِيل,معيل
3ayyil,عَيِّل,عيل
3awaa2il,عَوَائِل,عوائل
3iyal,عِيَل,عيل
2il3eele billeele,العَيلِة بَاللَّيلِة,العيلة بالليلة
3iil,عِيل,عيل
y3iil,يعِيل,يعيل
2a3aal,أَعَال,أعال
3ayyine,عَيِّنِة,عينة
m3ayyin,مْعَيِّن,معين
m3aayin,مْعَايِن,معاين
mu3ayyan,مُعَيَّن,معين
ma3yuun,مَعْيُون,معيون
3ayyine,عيِّنِه,عينه
3een,عَين,عين
m3aayane,مْعَايَنِة,معاينة
ta3yiin,تَعْيِين,تعيين
3yuun,عْيُون,عيون
mish ma7luub b3eeno,مِشْ مَحْلُوب بْعَينُه,مش محلوب بعينه
3ayyin kheer,عَيِّن خِير,عين خير
3eeno kariime,عَينُه كَرِيمِة,عينه كريمة
mish maali 3een,مِش مَالِي عَين,مش مالي عين
2a3tato 3een,أَعْطَتُه عَين,أعطته عين
3een wumaa sallat 3annabi,عَين ومَا صَلَّت عَالنَّبِي,عين وما صلت عالنبي
2ba33izlo 3inee,أَبَعِّز لُه عَينِيه,أبعز له عينيه
2ashiillo bizrit 3inee,أَشِيل لُه بِزْرِة عَينِيه,أشيل له بزرة عينيه
3alee 2il3een,عَلَيه العَين,عليه العين
3eeno faarghe,عَينُه فَارْغَة,عينه فارغة
3eeno zaaygha,عَينُه زَايْغَة,عينه زايغة
3eeno diiqa,عَينُه ضِيقَة,عينه ضيقة
2ilo 3ineen braas,اِلُه عَينَين بْرَاس,اله عينين براس
3inee bitlaqwatu,عَينِيه بْيِتْلَقْوَطُوا,عينيه بيتلقوطوا
fatti7 3eenak,فَتِّح عَينَك,فتح عينك
3yuuno wilqabir,عْيُونُه والقَبِر,عيونه والقبر
tili3 min 3eeni,طِلِع مِن عَينِي,طلع من عيني
siqit min 3eeni,سَقَط مِن عَينِي,سقط من عيني
3een qawiyye,عِين قَوِيِّة,عين قوية
2iddahwal 3ala 3eeno,تْدَهْوَل عَلَى عَينُه,تدهول على عينه
7aamle min 3eenha,حَامْلِة مِن عَينْهَا,حاملة من عينها
3eeno baar7a,عَينُه بَارْحَة,عينه بارحة
3een 2ilbayaadir,عَين البَيَادِر,عين البيادر
bidha tnaqqi 3ala 3eenha,بِدْهَا تْنَقِّي عَلَى عَينْهَا,بدها تنقي على عينها
3ayyin,عَيِّن,عين
2it3ayyan,اِتْعَيَّن,اتعين
3aayin,عَايِن,عاين
y3ayyin,يعَيِّن,يعين
yit3ayyan,يِتْعَيَّن,يتعين
y3aayin,يْعَايِن,يعاين
3ayyan,عَيَّن,عين
t3ayyan,تْعَيَّن,تعين
3aayan,عَايَن,عاين
m3ayyi,مْعَيِّي,معيي
m3aayaa,مْعَايَاة,معاياة
3aya,عَيَا,عيا
3indo 3aya,عنده عيَا,عنده عيا
3ayyaan,عَيَّان,عيان
3aayi,عَايي,عايي
3ayyi,عَيِّي,عيي
2i3ya,اِعْيَى,اعيى
y3aayi,يعَايي,يعايي
y3ayyi,يعَيِّي,يعيي
yi3ya,يِعْيَى,يعيى
3aaya,عَايَى,عايى
3ayya,عَيَّى,عيى
3iyi,عِيِي,عيي
ghaaz,غَاز,غاز
ghubb,غُبّ,غب
yghubb,يِغُبّ,يغب
ghabb,غَبّ,غب
2aghbar,أَغْبَر,أغبر
ghabra,غَبْرَا,غبرا
ghubur,غُبُر,غبر
ghabra,غَبْرَة,غبرة
ghabara,غَبَرَة,غبرة
katkatuu 3anni 2ilghabara,كتكتوَا عني الغبرة,كتكتوا عني الغبرة
2i3tiiha ghabara,اِعطيهَا غبرة,اعطيها غبرة
2itghabbar,اِتْغَبَّر,اتغبر
ghabbir,غَبِّر,غبر
2ighbur,اِغْبُر,اغبر
yitghabbar,يِتْغَبَّر,يتغبر
yghabbir,يغَبِّر,يغبر
yighbur,يِغْبُر,يغبر
tghabbar,تْغَبَّر,تغبر
ghabbar,غَبَّر,غبر
ghabar,غَبَر,غبر
mitghabbis,مِتْغَبِّس,متغبس
2itghabbas,اِتْغَبَّس,اتغبس
yitghabbas,يِتْغَبَّس,يتغبس
tghabbas,تْغَبَّس,تغبس
mghabbish,مْغَبِّش,مغبش
ghabaash,غَبَاش,غباش
ghabbish,غَبِّش,غبش
2itghabbash,اِتْغَبَّش,اتغبش
yghabbish,يغَبِّش,يغبش
yitghabbash,يِتْغَبَّش,يتغبش
ghabbash,غَبَّش,غبش
tghabbash,تْغَبَّش,تغبش
ghabghabe,غَبْغَبِة,غبغبة
ghabghib,غَبْغِب,غبغب
yghabghib,يغَبْغِب,يغبغب
ghabghab,غَبْغَب,غبغب
ghabi,غَبِي,غبي
2aghbiyaa2,أَغْبِيَاء,أغبياء
ghabaawe,غَبَاوِة,غباوة
ghabaa2,غَبَاء,غباء
2itghaaba,اِتْغَابَى,اتغابى
2istaghbi,اِسْتَغْبِي,استغبي
yitghaaba,يِتْغَابَى,يتغابى
yistaghbi,يِسْتَغْبِي,يستغبي
tghaaba,تْغَابَى,تغابى
2istaghba,اِسْتَغْبَى,استغبى
ghathbara,غَثْبَرَة,غثبرة
qaamat 2ilghathbara,قَامت الغثبرة,قامت الغثبرة
2itghathbar,اِتْغَثْبَر,اتغثبر
yitghathbar,يِتْغَثْبَر,يتغثبر
tghathbar,تْغَثْبَر,تغثبر
ghathbir,غَثْبِر,غثبر
yghathbir,يغَثْبِر,يغثبر
ghathbar,غَثْبَر,غثبر
ghudde,غُدِّة,غدة
ghudad,غُدَد,غدد
ghudde sooda,غدة سودَا,غدة سودا
ghaddaar,غَدَّار,غدار
ghadir,غَدِر,غدر
mughaadir,مُغَادِر,مغادر
mghaadir,مْغَادِر,مغادر
ghaadir,غَادِر,غادر
ghaadir,غَادِر,غادر
2ughdur,اُغْدُر,اغدر
2inghidir,اِنْغِدِر,انغدر
yghaadir,يغَادِر,يغادر
yughdur,يُغْدُر,يغدر
yinghidir,يِنْغِدِر,ينغدر
maghduur,مَغْدُور,مغدور
mughaadara,مُغَادَرَة,مغادرة
ghaadar,غَادَر,غادر
ghadar,غَدَر,غدر
2inghadar,اِنْغَدَر,انغدر
ghadwe,غَدْوِة,غدوة
ghadaa2,غَدَا,غدا
ghaddi,غَدِّى,غدى
2itghadda,اِتْغَدَّى,اتغدى
yghaddi,يغَدِّى,يغدى
yitghadda,يِتْغَدَّى,يتغدى
ghadda,غَدَّى,غدى
tghadda,تْغَدَّى,تغدى
taghziye,تَغْذِيِة,تغذية
2itghazza,اِتْغَذَّى,اتغذى
yitghazza,يِتْغَذَّى,يتغذى
tghazza,تْغَذَّى,تغذى
ghazzi,غَذِّي,غذي
yghazzi,يغَذِّي,يغذي
ghazza,غَذَّى,غذى
ghariib,غَرِيب,غريب
gharbi,غَرْبِي,غربي
ghurabaa2,غُرَبَاء,غرباء
gharba,غَرْبَا,غربا
2istighraab,اِسْتِغْرَاب,استغراب
mistaghrib,مِسْتَغْرِب,مستغرب
ghurbe,غُرْبِة,غربة
ghuraab,غُرَاب,غراب
mughtarib,مُغْتَرِب,مغترب
gharb,غَرْب,غرب
maghrib,مَغْرِب,مغرب
ghirbaan,غِرْبَان,غربان
shuu jaab 2ilghuraab lammo,شو جَاب الغرَاب لَامه,شو جاب الغراب لامه
ghraab 2ilbeen,غرَاب البين,غراب البين
ghurbiyye,غُرْبِيِّة,غربية
ghurbiyye,غُرْبِيِّة,غربية
gharrib,غَرِّب,غرب
2itgharrab,اِتْغَرَّب,اتغرب
2ightirib,اِغْتِرِب,اغترب
2istaghrib,اِسْتَغْرِب,استغرب
ygharrib,يغَرِّب,يغرب
yitgharrab,يِتْغَرَّب,يتغرب
yightirib,يِغْتِرِب,يغترب
yistaghrib,يِسْتَغْرِب,يستغرب
gharrab,غَرَّب,غرب
2aghrab,أَغْرَب,أغرب
tgharrab,تْغَرَّب,تغرب
2ightarab,اِغْتَرَب,اغترب
2istaghrab,اِسْتَغْرَب,استغرب
gharbale,غَرْبَلِة,غربلة
ghirbaal,غِرْبَال,غربال
tghirbil,تْغِرْبِل,تغربل
ghurbaal,غُرْبَال,غربال
yaa m2aamne birjaal yaa m2aamne bilmayy bilghirbaal,يَا مآمنة بَالرجَال يَا مآمنة بَالمي بَالغربَال,يا مآمنة بالرجال يا مآمنة بالمي بالغربال
2itgharbal,اِتْغَرْبَل,اتغربل
yitgharbal,يِتْغَرْبَل,يتغربل
tgharbal,تْغَرْبَل,تغربل
gharbil,غَرْبِل,غربل
ygharbil,يغَرْبِل,يغربل
gharbal,غَرْبَل,غربل
gharrid,غَرِّد,غرد
ygharrid,يغَرِّد,يغرد
gharrad,غَرَّد,غرد
maghruur,مَغْرُور,مغرور
ghiraara,غِرَارَة,غرارة
ghurra,غُرَّة,غرة
ghuruur,غُرُور,غرور
ghurar,غُرَر,غرر
gharrir,غَرِّر,غرر
2ingharr,اِنْغَرّ,انغر
ygharrir,يغَرِّر,يغرر
yingharr,يِنْغَرّ,ينغر
gharrar,غَرَّر,غرر
2ingharr,اِنْغَرّ,انغر
mgharriz,مْغَرِّز,مغرز
ghurze,غُرْزِة,غرزة
ghariize,غَرِيزِة,غريزة
ghuraz,غُرَز,غرز
ghuraz,غَرَائِز,غرائز
maa btiiji ghurze fiiki,مَا بتيجي غرزة فيك,ما بتيجي غرزة فيك
2ighriz,اِغْرِز,اغرز
gharriz,غَرِّز,غرز
yighriz,يِغْرِز,يغرز
ygharriz,يغَرِّز,يغرز
gharaz,غَرَز,غرز
gharraz,غَرَّز,غرز
ghaarish,غَارِش,غارش
gharish,غَرِش,غرش
2ughrush,اُغْرُش,اغرش
yughrush,يُغْرُش,يغرش
gharash,غَرَش,غرش
gharad,غَرَض,غرض
2aghraad,أَغْرَاض,أغراض
ghurdhaan,غُرْضَان,غرضان
gharado shariif,غَرَضُه شريف,غرضه شريف
gharado mush shariif,غَرَضُه مش شريف,غرضه مش شريف
maghrafe,مَغْرَفِة,مغرفة
ghurfe,غُرْفِة,غرفة
mighrafe,مِغْرَفِة,مغرفة
maghaarif,مَغَارِف,مغارف
ghuraf,غُرَف,غرف
2ijat 2ilqidre t3aayir 2ilmaghrafe qkaalatilha ruu7i yaa samra yaa mqka7lafe min yoom yoomik mjawwafe,إِجت القدرة تعَاير المغرفة قَالت الهَا روحي يَا سمرة يَا مْقَحْلَفة من يوم يومك مجوفة,إجت القدرة تعاير المغرفة قالت الها روحي يا سمرة يا مقحلفة من يوم يومك مجوفة
mitil danabit 2ilmighrafe,مِثِل ذنبِة المِغْرَفِة,مثل ذنبة المغرفة
2ighrif,اِغْرِف,اغرف
yighrif,يِغْرِف,يغرف
gharaf,غَرَف,غرف
gharqaan,غَرْقَان,غرقان
ghariiq,غَرِيق,غريق
gharaq,غَرَق,غرق
byighraq bishurbit mayy,بْيِغْرَق بِشُرْبِة مَيّ,بيغرق بشربة مي
gharqaan lashuushto,غَرْقَان لشوشتُه,غرقان لشوشته
gharqaan biddyuun,غَرْقَان بَالديون,غرقان بالديون
2ilghariiq byit3allaq biqashshe,الغَرِيق بْيِتْعَلَّق بِقَشِّة,الغريق بيتعلق بقشة
2ighraq,اِغْرَق,اغرق
gharriq,غَرِّق,غرق
2istaghriq,اِسْتَغْرِق,استغرق
yighraq,يِغْرَق,يغرق
ygharriq,يغَرِّق,يغرق
yistaghriq,يِسْتَغْرِق,يستغرق
ghiriq,غِرِق,غرق
gharraq,غَرَّق,غرق
2istaghraq,اِسْتَغْرَق,استغرق
maghruum,مَغْرُوم,مغروم
gharaame,غَرَامِة,غرامة
ghariim,غَرِيم,غريم
gharaam,غَرَام,غرام
gharaa2im,غَرَائِم,غرائم
gharrim,غَرِّم,غرم
2inghirim,اِنْغِرِم,انغرم
2itgharram,اِتْغَرَّم,اتغرم
ygharrim,يغَرِّم,يغرم
yitgharram,يِتْغَرَّم,يتغرم
yinghirim,يِنْغِرِم,ينغرم
gharram,غَرَّم,غرم
tgharram,تْغَرَّم,تغرم
2ingharam,اِنْغَرَم,انغرم
mughri,مُغْرِي,مغري
ghazzaawi,غَزَّاوِي,غزاوي
ghazaazwe,غَزَازْوِة,غزازوة
ghazze,غَزِّة,غزة
yuuqa3 3araaso ghazz,يُوقَع عَرَاسُه غَزّ,يوقع عراسه غز
2itghazzaz,اِتْغَزَّز,اتغزز
yitghazzaz,يِتْغَزَّز,يتغزز
tghazzaz,تْغَزَّز,تغزز
2inghazz,اِنْغَزّ,انغز
yinghazz,يِنْغَزّ,ينغز
2inghazz,اِنْغَزّ,انغز
ghuzz,غُزّ,غز
ghazziz,غَزِّز,غزز
yghuzz,يغُزّ,يغز
ghazz,غَزّ,غز
yghazziz,يغَزِّز,يغزز
ghazz,غَزّ,غز
ghazzaz,غَزَّز,غزز
ghazaale,غَزَالِة,غزالة
ghazal,غَزَل,غزل
ghuzlaan,غُزْلَان,غزلان
ghizlaan,غِزْلَان,غزلان
ghazaalto saar7a,غزَالته سَارحة,غزالته سارحة
2ighzil,اِغْزِل,اغزل
2itghazzal,اِتْغَزَّل,اتغزل
ghaazil,غَازِل,غازل
yighzil,يِغْزِل,يغزل
yitghazzal,يِتْغَزَّل,يتغزل
yghaazil,يغَازِل,يغازل
ghazal,غَزَل,غزل
tghazzal,تْغَزَّل,تغزل
ghaazal,غَازَل,غازل
ghazwe,غَزْوِة,غزوة
ghazu,غَزُو,غزو
maghza,مَغْزَى,مغزى
ghaazi,غَازِي,غازي
maghaazi,مَغَازِي,مغازي
2ighzu,اِغْزو,اغزو
yighzu,يِغْزو,يغزو
ghaza,غَزَا,غزا
ghassaale,غَسَّالِة,غسالة
maghsale,مَغْسَلِة,مغسلة
taghsiil,تَغْسِيل,تغسيل
ghusul,غُسُل,غسل
ghasiil,غَسِيل,غسيل
maghaasil,مَغَاسِل,مغاسل
taghsiil 2amwaat,تَغْسِيل أموَات,تغسيل أموات
ghassaalit 7oodeen,غَسَّالِة حوضين,غسالة حوضين
laabis 2illi 3a7abil 2ilghasiil,لَابس اللي عحبل الغسيل,لابس اللي عحبل الغسيل
2ighsil,اِغْسِل,اغسل
ghassil,غَسِّل,غسل
2itghassal,اِتْغَسَّل,اتغسل
yighsil,يِغْسِل,يغسل
yghassil,يغَسِّل,يغسل
yitghassal,يِتْغَسَّل,يتغسل
ghasal,غَسَل,غسل
ghassal,غَسَّل,غسل
tghassal,تْغَسَّل,تغسل
ghashshaash,غَشَّاش,غشاش
ghashshiish,غَشِّيش,غشيش
taghshiish,تَغْشِيش,تغشيش
ghushsh,غُشّ,غش
2inghashsh,اِنْغَشّ,انغش
yinghashsh,يِنْغَشّ,ينغش
2inghashsh,اِنْغَشّ,انغش
ghushsh,غُشّ,غش
ghashshish,غَشِّش,غشش
yghushsh,يغُشّ,يغش
yghashshish,يغَشِّش,يغشش
ghashsh,غَشّ,غش
ghashshash,غَشَّش,غشش
ghashiim,غَشِيم,غشيم
ghashaame,غَشَامِة,غشامة
2itghashman,اِتْغَشْمَن,اتغشمن
ghashshim,غَشِّم,غشم
yghashshim,يغَشِّم,يغشم
yitghashman,يِتْغَشْمَن,يتغشمن
tghashman,تْغَشْمَن,تغشمن
ghashsham,غَشَّم,غشم
2itghaasham,اِتْغَاشَم,اتغاشم
yitghaasham,يِتْغَاشَم,يتغاشم
tghaasham,تْغَاشَم,تغاشم
ghaasib,غَاصِب,غاصب
ghaasib,غَاصِب,غاصب
maghsuub,مَغْصُوب,مغصوب
ghasib,غَصِب,غصب
2ightisaab,اِغْتِصَاب,اغتصاب
mughtasib,مُغْتَصِب,مغتصب
2ighsib,اِغْصِب,اغصب
ghassib,غَصِّب,غصب
2ightisib,اِغْتِصِب,اغتصب
2inghisib,اِنْغِصِب,انغصب
yighsib,يِغْصِب,يغصب
yinghisib,يِنْغِصِب,ينغصب
yghassib,يغَصِّب,يغصب
yightisib,يِغْتِصِب,يغتصب
ghasab,غَصَب,غصب
2inghasab,اِنْغَصَب,انغصب
ghassab,غَصَّب,غصب
2ightasab,اِغْتَصَب,اغتصب
ghaasis,غَاصِص,غاصص
ghassa,غَصَّة,غصة
yghuss baalak,يغُص بَالك,يغص بالك
ghuss,غُصّ,غص
yghuss,يغُصّ,يغص
ghass,غَصّ,غص
maghduub,مَغْضُوب,مغضوب
ghadbaan,غَضْبَان,غضبان
ghadiib,غَضِيب,غضيب
ghadab,غَضَب,غضب
2ighdab,اِغْضَب,اغضب
2itghaddab,اِتْغَضَّب,اتغضب
yighdab,يِغْضَب,يغضب
yitghaddab,يِتْغَضَّب,يتغضب
ghidib,غِضِب,غضب
tghaddab,تْغَضَّب,تغضب
mghatrish,مْغَطْرِش,مغطرش
ghatrish,غَطْرِش,غطرش
yghatrish,يغَطْرِش,يغطرش
ghatrash,غَطْرَش,غطرش
ghaatis,غَاطِس,غاطس
ghatuuse,غَطُوسِة,غطوسة
mightaas,مِغْطَاس,مغطاس
maghtas,مَغْطَس,مغطس
maghaatiis,مَغَاطِيس,مغاطيس
maghaatis,مَغَاطِس,مغاطس
ghataayis,غَطَايِس,غطايس
ghatis,غَطِس,غطس
2ughtus,اُغْطُس,اغطس
2itghattas,اِتْغَطَّس,اتغطس
ghattis,غَطِّس,غطس
yughtus,يُغْطُس,يغطس
yitghattas,يِتْغَطَّس,يتغطس
yghattis,يغَطِّس,يغطس
ghatas,غَطَس,غطس
tghattas,تْغَطَّس,تغطس
ghattas,غَطَّس,غطس
ghaatit,غَاطِط,غاطط
ghatta,غَطَّة,غطة
ghutt,غُطّ,غط
yghutt,يغُطّ,يغط
ghatt,غَطّ,غط
mitghatti,مِتْغَطِّي,متغطي
2aghtiye,أَغْطِيِة,أغطية
ghitaa2,غِطَاء,غطاء
tightaaye,تِغْطَايِة,تغطاية
taghtiye,تَغْطِيِة,تغطية
ghata,غَطَا,غطا
2aghtiye,أَغْطِيِة,أغطية
sitir wughata,سِتر وغَطَا,ستر وغطا
ghatta 3alee,غَطَّى عليه,غطى عليه
kilme wuradd ghataaha,كلمة ورد غطَاهَا,كلمة ورد غطاها
maa khalla sitir mghatta,مَا خلَّى سِتِر مْغَطَّى,ما خلى ستر مغطى
ghatti,غَطِّي,غطي
2itghatta,اِتْغَطَّى,اتغطى
mghatta,مْغَطَّى,مغطى
yghatti,يغَطِّي,يغطي
yitghatta,يِتْغَطَّى,يتغطى
ghatta,غَطَّى,غطى
tghatta,تْغَطَّى,تغطى
ghafuur,غَفُور,غفور
maghfira,مَغْفِرَة,مغفرة
2istighfaar,اِسْتِغْفَار,استغفار
ghufraan,غُفْرَان,غفران
2ighfir,اِغْفِر,اغفر
2istaghfir,اِسْتَغْفِر,استغفر
2inghifir,اِنْغِفِر,انغفر
yighfir,يِغْفِر,يغفر
yinghifir,يِنْغِفِر,ينغفر
yistaghfir,يِسْتَغْفِر,يستغفر
ghafar,غَفَر,غفر
2inghafar,اِنْغَفَر,انغفر
2istaghfar,اِسْتَغْفَر,استغفر
ghiff,غِفّ,غف
yghiff,يغِفّ,يغف
ghaff,غَفّ,غف
mughaffal,مُغَفَّل,مغفل
ghafle,غَفْلِة,غفلة
saa3it 2ilghafle,سَاعة الغَفْلِة,ساعة الغفلة
2ighfal,اِغْفَل,اغفل
2itghaafal,اِتْغَافَل,اتغافل
2istaghfil,اِسْتَغْفِل,استغفل
2inghifil,اِنْغِفِل,انغفل
yighfal,يِغْفَل,يغفل
yinghifil,يِنْغِفِل,ينغفل
yitghaafal,يِتْغَافَل,يتغافل
yistaghfil,يِسْتَغْفِل,يستغفل
ghifil,غِفِل,غفل
2inghafal,اِنْغَفَل,انغفل
tghaafal,تْغَافَل,تغافل
2istaghfal,اِسْتَغْفَل,استغفل
ghaafi,غَافِي,غافي
ghafwe,غَفْوِة,غفوة
2ighfa,اِغْفَى,اغفى
ghaffi,غَفِّي,غفي
yighfa,يِغْفَى,يغفى
yghaffi,يغَفِّي,يغفي
ghifi,غِفِي,غفي
ghaffa,غَفَّى,غفى
ghaalib,غَالِب,غالب
ghalbaan,غَلْبَان,غلبان
mghallab,مْغَلَّب,مغلب
mghallabaawi,مْغَلَّبَاوي,مغلباوي
ghaalib,غَالِب,غالب
maghluub,مَغْلُوب,مغلوب
ghalabe,غَلَبِة,غلبة
2ilqaalib ghaalib,القَالب غَالب,القالب غالب
maghluub 3ala 2amro,مَغْلُوب عَلى أَمْرُه,مغلوب على أمره
ktiir ghalabe,كثير غلبة,كثير غلبة
2ighlib,اِغْلِب,اغلب
ghallib,غَلِّب,غلب
2itghallab,اِتْغَلَّب,اتغلب
2inghilib,اِنْغِلِب,انغلب
yighlib,يِغْلِب,يغلب
yinghilib,يِنْغِلِب,ينغلب
yghallib,يغَلِّب,يغلب
yitghallab,يِتْغَلَّب,يتغلب
2aghlab,أَغْلَب,أغلب
ghalab,غَلَب,غلب
2inghalab,اِنْغَلَب,انغلب
ghallab,غَلَّب,غلب
tghallab,تْغَلَّب,تغلب
ghallith,غَلِّث,غلث
yghallith,يغَلِّث,يغلث
ghallath,غَلَّث,غلث
ghaliisiyye,غَلِيسِيِّة,غليسية
ghalaayis,غَلَايِس,غلايس
ghalat,غَلَط,غلط
ghalta,غَلْطَة,غلطة
ghalat,غَلَط,غلط
2aghlaat,أَغْلَاط,أغلاط
wala ghalta,ولَا غَلْطَة,ولا غلطة
2ighlat,اِغْلَط,اغلط
ghallit,غَلِّط,غلط
ghaalit,غَالِط,غالط
yighlat,يِغْلَط,يغلط
yghallit,يغَلِّط,يغلط
yghaalit,يغَالِط,يغالط
ghilit,غِلِط,غلط
ghallat,غَلَّط,غلط
ghaalat,غَالَط,غالط
taghliif,تَغْلِيف,تغليف
ghilaaf,غِلَاف,غلاف
mughallaf,مُغَلَّف,مغلف
ghallif,غَلِّف,غلف
yghallif,يغَلِّف,يغلف
ghallaf,غَلَّف,غلف
mughlaq,مُغْلَق,مغلق
munghaliq,مُنْغَلِق,منغلق
2ighlaaq,إِغْلَاق,إغلاق
ghallig,غَلِّق,غلق
2ighliq,اِغْلِق,اغلق
2inghiliq,اِنْغِلِق,انغلق
yghallig,يغَلِّق,يغلق
yighliq,يِغْلِق,يغلق
yinghiliq,يِنْغِلِق,ينغلق
ghallag,غَلَّق,غلق
2aghlaq,أَغْلَق,أغلق
2inghalaq,اِنْغَلَق,انغلق
2istighlaali,اِسْتِغْلَالِي,استغلالي
minghall,مِنْغَلّ,منغل
maghluul,مَغْلُول,مغلول
ghull,غُلّ,غل
ghill,غِلّ,غل
ghalle,غَلِّة,غلة
ghlaal,غْلَال,غلال
ghaliil,غَلِيل,غليل
2istighlaal,اِسْتِغْلَال,استغلال
fashsh ghullo,فَش غُلُّه,فش غله
yishfi ghaliil,يِشْفِي غَلِيل,يشفي غليل
2istaghill,اِسْتَغِلّ,استغل
2inghall,اِنْغَلّ,انغل
yinghall,يِنْغَلّ,ينغل
yistaghill,يِسْتَغِلّ,يستغل
2inghall,اِنْغَلّ,انغل
2istaghall,اِسْتَغَلّ,استغل
ghalmuushe,غَلْمُوشِة,غلموشة
ghallaaye,غَلَّايِة,غلاية
ghaali,غَالِي,غالي
maghlawanji,مَغْلَوَنْجِي,مغلونجي
2aghla,أَغْلَى,أغلى
ghalwe,غَلْوِة,غلوة
ghalaawe,غَلَاوِة,غلاوة
mughaalaa,مُغَالَاة,مغالاة
ghali,غَلِي,غلي
ghalayaan,غَلَيَان,غليان
ghala,غَلَا,غلا
ghili qalbi,غِلِي قَلبي,غلي قلبي
2ighliiha,اِغليهَا,اغليها
maghli,مَغْلِي,مغلي
yaa hala wughala,يَا هلَا وَغَلَا,يا هلا وغلا
ghilyat mayyaato,غليت ميَاته,غليت مياته
2ighli,اِغْلِي,اغلي
ghalli,غَلَّي,غلي
2itghalla,اِتْغَلَّى,اتغلى
2istaghli,اِسْتَغْلِي,استغلي
ghaali,غَالِي,غالي
2ighli,اِغْلِي,اغلي
2ighla,اِغْلَى,اغلى
yighli,يِغْلِي,يغلي
yighli,يِغْلِي,يغلي
yghalli,يغَلَّي,يغلي
yighla,يِغْلَى,يغلى
yitghalla,يِتْغَلَّى,يتغلى
yistaghli,يِسْتَغْلِي,يستغلي
yghaali,يغَالِي,يغالي
ghili,غِلِي,غلي
ghala,غَلَى,غلى
ghalla,غَلَّى,غلى
ghili,غِلِي,غلي
tghalla,تْغَلَّى,تغلى
2istaghla,اِسْتَغْلَى,استغلى
ghaala,غَالَى,غالى
maghmuur,مَغْمُور,مغمور
ghammaara,غَمَّارَة,غمارة
ghamra,غَمْرَة,غمرة
mughaamara,مُغَامَرَة,مغامرة
ghimer,غِمِر,غمر
ghumur,غُمُر,غمر
ghamartni blutfak,غَمَرتني بلطفك,غمرتني بلطفك
2itghammar,اِتْغَمَّر,اتغمر
yitghammar,يِتْغَمَّر,يتغمر
tghammar,تْغَمَّر,تغمر
2ughmur,اُغْمُر,اغمر
ghaamir,غَامِر,غامر
ghammir,غَمِّر,غمر
2inghimir,اِنْغِمِر,انغمر
2inghamir,اِنْغَمِر,انغمر
yghammir,يغَمِّر,يغمر
yughmur,يُغْمُر,يغمر
yinghimir,يِنْغِمِر,ينغمر
yinghamir,يِنْغَمِر,ينغمر
yghaamir,يغَامِر,يغامر
ghamar,غَمَر,غمر
2inghamar,اِنْغَمَر,انغمر
ghaamar,غَامَر,غامر
ghammar,غَمَّر,غمر
ghammaaze,غَمَّازِة,غمازة
ghamze,غَمْزِة,غمزة
2ighmiz,اِغْمِز,اغمز
yighmiz,يِغْمِز,يغمز
ghamaz,غَمَز,غمز
ghammiz,غَمِّز,غمز
yghammiz,يغَمِّز,يغمز
ghammaz,غَمَّز,غمز
2itghaamaz,اِتْغَامَز,اتغامز
yitghaamaz,يِتْغَامَز,يتغامز
tghaamaz,تْغَامَز,تغامز
maghmuus,مَغْمُوس,مغموس
2inghimaas,اِنْغِمَاس,انغماس
taghmiis,تَغْمِيس,تغميس
2itghammas,اِتْغَمَّس,اتغمس
yitghammas,يِتْغَمَّس,يتغمس
tghammas,تْغَمَّس,تغمس
2ighmis,اِغْمِس,اغمس
2inghimis,اِنْغِمِس,انغمس
2inighmis,اِنِغْمِس,انغمس
ghammis,غَمِّس,غمس
yighmis,يِغْمِس,يغمس
yinghimis,يِنْغِمِس,ينغمس
yinighmis,يِنِغْمِس,ينغمس
yghammis,يغَمِّس,يغمس
ghamas,غَمَس,غمس
2inghamas,اِنْغَمَس,انغمس
ghammas,غَمَّس,غمس
ghaamid,غَامِض,غامض
mghammid,مْغَمِّض,مغمض
ghamda,غَمْضَة,غمضة
ghumuud,غُمُوض,غموض
bighamdit 3een,بغَمْضَة عين,بغمضة عين
bisse mghamda,بسة مغمضة,بسة مغمضة
wuhuwwa mghammid,وهو مغمض,وهو مغمض
ghammid,غَمِّض,غمض
2ighmad,اِغْمَض,اغمض
yighmad,يِغْمَض,يغمض
yghammid,يغَمِّض,يغمض
ghimid,غِمِض,غمض
ghammad,غَمَّض,غمض
mghamgham,مْغَمْغَم,مغمغم
2itghamgham,اِتْغَمْغَم,اتغمغم
yitghamgham,يِتْغَمْغَم,يتغمغم
tghamgham,تْغَمْغَم,تغمغم
ghamiiq,غَمِيق,غميق
ghaamiq,غَامِق,غامق
ghawaamiq,غَوَامِق,غوامق
mighmakaan,مِغْمَقَان,مغمقان
ghammiq,غَمِّق,غمق
2istaghmiq,اِسْتَغْمِق,استغمق
2ighmaq,اِغْمَق,اغمق
yighmaq,يِغْمَق,يغمق
yghammiq,يغَمِّق,يغمق
yistaghmiq,يِسْتَغْمِق,يستغمق
ghimiq,غِمِق,غمق
ghammaq,غَمَّق,غمق
2istaghmaq,اِسْتَغْمَق,استغمق
maghmuum,مَغْمُوم,مغموم
ghamaame,غَمَامِة,غمامة
ghumme,غُمِّة,غمة
ghamm,غَمّ,غم
hamm wughamm,هم وغَم,هم وغم
ghimm,غِمّ,غم
2inghamm,اِنْغَمّ,انغم
yghimm,يغِمّ,يغم
yinghamm,يِنْغَمّ,ينغم
ghamm,غَمّ,غم
2inghamm,اِنْغَمّ,انغم
2ighmaa2,إِغْمَاء,إغماء
ghummaaye,غُمَّايِة,غماية
2ughma,أُغْمَى,أغمى
2ughma,اُغْمَى,اغمى
2ighma,اِغْمَى,اغمى
yughma,يُغْمَى,يغمى
ghimi,غِمِي,غمي
yighma,يِغْمَى,يغمى
ghunji,غُنْجي,غنجي
ghannuuj,غَنُّوج,غنوج
ghanaj,غَنَج,غنج
baaba ghannuuj,بَابَا غَنُّوج,بابا غنوج
ghannij,غَنِّج,غنج
2itghannaj,اِتْغَنَّج,اتغنج
yghannij,يغَنِّج,يغنج
yitghannaj,يِتْغَنَّج,يتغنج
ghannaj,غَنَّج,غنج
tghannaj,تْغَنَّج,تغنج
ghandara,غَنْدَرَة,غندرة
2itghandar,اِتْغَنْدَر,اتغندر
yitghandar,يِتْغَنْدَر,يتغندر
tghandar,تْغَنْدَر,تغندر
ghaanim,غَانِم,غانم
ghaname,غَنَمِة,غنمة
ghaniime,غَنِيمِة,غنيمة
ghanam,غَنَم,غنم
ghaanim,غَانِم,غانم
ghanaayim,غَنَايِم,غنايم
bi3iddi bghanamaat 2ibliis,بعد بغنمَات ابليس,بعد بغنمات ابليس
2ighnam,اِغْنَم,اغنم
2ightanim,اِغْتِنِم,اغتنم
yighnam,يِغْنَم,يغنم
yightanim,يِغْتِنِم,يغتنم
ghinim,غِنِم,غنم
2ightanam,اِغْتَنَم,اغتنم
ghani,غَنِي,غني
2aghniyaa2,أَغْنِيَاء,أغنياء
2ughniyye,أُغْنِيِّة,أغنية
ghinaa2,غِنَا,غنا
ghinaa2i,غِنَائِي,غنائي
ghinaa2,غِنَاء,غناء
ghuna,غُنَا,غنا
mughanni,مُغَنِّي,مغني
mghannawaati,مْغَنَّوَاتِي,مغنواتي
2aghaani,أَغَانِي,أغاني
ghanaani,غَنَانِي,غناني
ghanwiyye,غَنْوِيِّة,غنوية
ghanaani,غَنَانِي,غناني
mghannawaatiyye,مْغَنَّوَاتِيِّة,مغنواتية
mitil maa ghanna 2ilimghanni,مثل مَا غَنَّى المغنِّي,مثل ما غنى المغني
2ighna,اِغْنَى,اغنى
2ighni,اِغْنِي,اغني
ghanni,غَنِّي,غني
2itghanna,اِتْغَنَّى,اتغنى
2istaghni,اِسْتَغْنِي,استغني
yighna,يِغْنِى,يغنى
yighni,يِغْنِي,يغني
yghanni,يغَنِّي,يغني
yitghanna,يِتْغَنَّى,يتغنى
yistaghni,يِسْتَغْنِي,يستغني
ghini,غِنِي,غني
2aghna,أَغْنَى,أغنى
ghanna,غَنَّى,غنى
tghanna,تْغَنَّى,تغنى
2istaghna,اِسْتَغْنَى,استغنى
maghaara,مَغَارَة,مغارة
ghaara,غَارَة,غارة
mughur,مُغُر,مغر
faati7 timmo mitil 2ilmaghaara,فَاتح ثمه مثل المَغَارَة,فاتح ثمه مثل المغارة
ghuur,غُور,غور
yghuur,يغُور,يغور
ghaar,غَار,غار
mghaawaze,مْغَاوَزِة,مغاوزة
ghaawiz,غَاوِز,غاوز
yghaawiz,يغَاوِز,يغاوز
ghaawaz,غَاوَز,غاوز
ghweeshe,غْوَيشِة,غويشة
ghawaayish,غَوَايِش,غوايش
ghawwish,غَوِّش,غوش
yghawwish,يغَوِّش,يغوش
ghawwash,غَوَّش,غوش
ghaayis,غَايِص,غايص
ghawwaasa,غَوَّاصَة,غواصة
ghoos,غَوص,غوص
ghuus,غُوص,غوص
yghuus,يغُوص,يغوص
ghaas,غَاص,غاص
ghuul,غُول,غول
ghiilaan,غِيلَان,غيلان
2ightiyaal,اِغْتِيَال,اغتيال
2ightaal,اِغْتَال,اغتال
yightaal,يِغْتَال,يغتال
2ightaal,اِغْتَال,اغتال
ghaawi,غَاوِي,غاوي
ghaawye,غَاوْيِة,غاوية
2ighwaa2,إِغْوَاء,إغواء
2ighwi,اِغْوِي,اغوي
2inghiwi,اِنْغِوِي,انغوي
2ighwi,اِغْوِي,اغوي
yighwi,يِغْوِي,يغوي
yighwi,يِغْوِي,يغوي
yinghiwi,يِنْغِوِي,ينغوي
ghawa,غَوَى,غوى
2aghwa,أَغْوَى,أغوى
2inghawa,اِنْغَوى,انغوى
mughayyib,مُغَيَّب,مغيب
ghiyaabi,غِيَابِي,غيابي
ghaayib,غَايِب,غايب
ghaayib,غَايِب,غايب
gheebe,غَيبِة,غيبة
ghiibe,غِيبِة,غيبة
2istighaabe,اِسْتِغَابِة,استغابة
ghaybuube,غَيبوبِة,غيبوبة
ghiyaab,غيَاب,غياب
gheeb,غَيب,غيب
2it3abi yaa khaaybe lilghaaybe,اِتعبي يَا خَايبة للغَايْبِة,اتعبي يا خايبة للغايبة
ghayyabat 2iddinya,غَيَّبَت الدنيَا,غيبت الدنيا
kiff maghyab,كِف مَغْيَب,كف مغيب
2it3abi yaa khaybe lalghaaybe,إِتعبي يَا خَايبة للغَايبة,إتعبي يا خايبة للغايبة
ghiib,غِيب,غيب
ghayyib,غَيِّب,غيب
2itghayyab,اِتْغَيَّب,اتغيب
2ightaab,اِغْتَاب,اغتاب
2istaghiib,اِسْتَغِيب,استغيب
yghiib,يغِيب,يغيب
yghayyib,يغَيِّب,يغيب
yitghayyab,يِتْغَيَّب,يتغيب
yightaab,يِغْتَاب,يغتاب
yistaghiib,يِسْتَغِيب,يستغيب
ghaabe,غَابِة,غابة
maghyab,مَغْيَب,مغيب
ghaab,غَاب,غاب
ghayyab,غَيَّب,غيب
tghayyab,تْغَيَّب,تغيب
2ightaab,اِغْتَاب,اغتاب
2istaghaab,اِسْتَغَاب,استغاب
ghayth,غَيْث,غيث
ghooth,غَوث,غوث
wakaalit 2ilghooth,وَكَالِة الغَوث,وكالة الغوث
mughiith,مُغِيث,مغيث
2ighaathe,إِغَاثِة,إغاثة
2istighaathe,إِسْتِغَاثِة,إستغاثة
ghiith,غِيث,غيث
yghiith,يغِيث,يغيث
2aghaath,أَغَاث,أغاث
2istaghiith,اِسْتَغِيث,استغيث
yistaghiith,يِسْتَغِيث,يستغيث
2istaghaath,اِسْتَغَاث,استغاث
ghaad,غَاد,غاد
ghayyuur,غَيُّور,غيور
ghayraan,غَيْرَان,غيران
mitghayyir,مِتْغَيِّر,متغير
ghayraan,غَيْرَان,غيران
ghiire,غِيرِة,غيرة
ghayaar,غَيَار,غيار
taghyiir,تَغْيِير,تغيير
taghayyur,تَغَيُّر,تغير
wugheero,وغَيرُه,وغيره
ghaar,غَار,غار
ghayyir,غَيِّر,غير
2itghayyar,اِتْغَيَّر,اتغير
gheer,غَير,غير
yghaar,يْغَار,يغار
yghayyir,يغَيِّر,يغير
yitghayyar,يِتْغَيَّر,يتغير
ghaar,غَار,غار
ghayyar,غَيَّر,غير
tghayyar,تْغَيَّر,تغير
ghaayiz,غَايِظ,غايظ
maghyuuz,مَغْيُوظ,مغيوظ
gheez,غَيظ,غيظ
ghiiz,غِيظ,غيظ
2inghaaz,اِنْغَاظ,انغاظ
yghiiz,يغِيظ,يغيظ
yinghaaz,يِنْغَاظ,ينغاظ
ghaaz,غَاظ,غاظ
2inghaaz,اِنْغَاظ,انغاظ
mghayyim,مْغَيِّم,مغيم
gheeme,غَيمِة,غيمة
ghyuum,غْيُوم,غيوم
gheeme sooda,غَيمِة سودَا,غيمة سودا
ghayyim,غَيِّم,غيم
yghayyim,يغَيِّم,يغيم
ghayyam,غَيَّم,غيم
mghayyin,مْغَيِّن,مغين
ghayyin,غَيِّن,غين
yghayyin,يغَيِّن,يغين
ghayyan,غَيَّن,غين
ghaaye,غَايِة,غاية
ghayy,غَيّ,غي
fa,فَ,ف
funduq,فُنْدُق,فندق
fanaadiq,فَنَادِق,فنادق
faara,فَارَة,فارة
faar,فَار,فار
fiiraan,فِيرَان,فيران
faas,فَاس,فاس
fa2s,فَأْس,فأس
fu2uus,فُؤُوس,فؤوس
wiqi3 2ilfaas birraas,وقع الفَاس بَالرَاس,وقع الفاس بالراس
faal,فَال,فال
faal 2alla wala faalak,فَال الله ولَا فَالك,فال الله ولا فالك
2ilfaal 2ilak 2inshaalla,الفَال الك ان شَاء الله,الفال الك ان شاء الله
mutafaa2il,مُتَفَائِل,متفائل
mutafaa2il,مُتَفَائِل,متفائل
tafaa2ul,تَفَاؤُل,تفاؤل
faawil,فَاوِل,فاول
2if2il,اِفْئِل,افئل
2itfaa2al,اِتْفَائَل,اتفائل
faa2il,فَائِل,فائل
yif2il,يِفْئِل,يفئل
yfaa2il,يْفَائِل,يفائل
yitfaa2al,يِتْفَائَل,يتفائل
yfaawil,يفَاوِل,يفاول
faa2al,فَاءَل,فاءل
fa2al,فَأَل,فأل
tfaa2al,تْفَائَل,تفائل
faawal,فَاوَل,فاول
mfabrak,مْفَبْرَك,مفبرك
fabriike,فَبْرِيكِة,فبريكة
fabrake,فَبْرَكِة,فبركة
fabaariik,فَبَارِيك,فباريك
2itfabrak,اِتْفَبْرَك,اتفبرك
yitfabrak,يِتْفَبْرَك,يتفبرك
tfabrak,تْفَبْرَك,تفبرك
fabrik,فَبْرِك,فبرك
yfabrik,يفَبْرِك,يفبرك
fabrak,فَبْرَك,فبرك
mfattat,مْفَتَّت,مفتت
fatt,فَتّ,فت
futaat,فُتَات,فتات
fatt khubiz,فَتّ خُبِز,فت خبز
2itfattat,اِتْفَتَّت,اتفتت
yitfattat,يِتْفَتَّت,يتفتت
tfattat,تْفَتَّت,تفتت
2infatt,اِنْفَتّ,انفت
yinfatt,يِنْفَتّ,ينفت
2infatt,اِنْفَتّ,انفت
fitt,فِتّ,فت
fattit,فَتِّت,فتت
yfitt,يفِتّ,يفت
fatte,فَتِّة,فتة
yfattit,يفَتِّت,يفتت
fatt,فَتّ,فت
fattat,فَتَّت,فتت
fitih,فِتِح,فتح
mfatti7,مْفَتِّح,مفتح
mfatti7,مْفَتِّح,مفتح
mfatta7,مْفَتَّح,مفتح
fattaa7,فَتَّاح,فتاح
fattaa7a,فَتَّاحَة,فتاحة
fat7a,فَتْحَة,فتحة
fat7a,فَتْحَة,فتحة
miftaa7,مِفْتَاح,مفتاح
mafatii7,مَفَاتِيح,مفاتيح
2infat7at manaafsi,اِنفتحت منَافسي,انفتحت منافسي
miftaa7 2il3awda,مِفْتَاح العودَة,مفتاح العودة
2itjawwazha bilfat7a wishsheekh rislaan,تجوَّزهَا بَالفَتْحَة وَالشيخ رُسْلَان,تجوزها بالفتحة والشيخ رسلان
yaa fattaa7 yaa 3aliim,يَا فَتَّاح يَا عَلِيم,يا فتاح يا عليم
faati7ha 3aleeh,فَاتِحهَا عليه,فاتحها عليه
faati7 batno,فَاتِح بطنه,فاتح بطنه
2alla faati7 3aleeh,الله فَاتِح عليه,الله فاتح عليه
majari wufat7at,مجَاري وفتحت,مجاري وفتحت
fatta7it jruu7i,فتحت جروحي,فتحت جروحي
tifta7ish 3alay baab,تفتحش علي بَاب,تفتحش علي باب
fatti7 3eenak,فتح عينك,فتح عينك
faati7 timmo wuraakhi beedo,فَاتِح ثمُّه ورَاخي بيضه,فاتح ثمه وراخي بيضه
mfatti7 biblaad 3imyaan,مفتح ببلَاد عميَان,مفتح ببلاد عميان
2ifta7,اِفْتَح,افتح
fatti7,فَتِّح,فتح
yifta7,يِفْتَح,يفتح
fawaati7,فَوَاتِح,فواتح
faati7,فَاتِح,فاتح
faati7,فَاتِح,فاتح
yfatti7,يفَتِّح,يفتح
fata7,فَتَح,فتح
fatta7,فَتِّح,فتح
maftuu7,مَفْتُوح,مفتوح
maftuu7a,مَفْتُوحَة,مفتوحة
munfati7,مُنْفَتِح,منفتح
mitfatti7,مِتْفَتَّح,متفتح
2iftitaa7iyye,اِفْتِتَاحِيِّة,افتتاحية
2istiftaa7iyye,اِسْتِفْتَاحِيِّة,استفتاحية
faat7a,فَاتْحَة,فاتحة
faat7a,فَاتْحَة,فاتحة
fatti7 dineek ma3i,فتح ذنيك معي,فتح ذنيك معي
2infata7 zayy 2ishshishme,اِنْفَتَح زي الشِّشمة,انفتح زي الششمة
2iqru 3aroo7o 2ilfaat7a,اِقروَا عروحه الفَاتْحَة,اقروا عروحه الفاتحة
maqriyye faati7ti,مقريِّة فَاتِحتي,مقرية فاتحتي
2infiti7,اِنْفِتِح,انفتح
2inifti7,اِنِفْتِح,انفتح
2itfatta7,اِتْفَتَّح,اتفتح
2iftati7,اِفْتَتِح,افتتح
2istafti7,اِسْتَفْتِح,استفتح
faati7,فَاتِح,فاتح
yinfiti7,يِنْفِتِح,ينفتح
yinifti7,يِنِفْتِح,ينفتح
yitfatta7,يِتْفَتَّح,يتفتح
yiftati7,يِفْتَتِح,يفتتح
yistafti7,يِسْتَفْتَح,يستفتح
yfaati7,يفَاتِح,يفاتح
2infata7,اِنْفَتَح,انفتح
tfatta7,تْفَتَّح,تفتح
2iftata7,اِفْتَتَح,افتتح
2istafta7,اِسْتَفْتَح,استفتح
faata7,فَاتَح,فاتح
fatri,فَتْرِي,فتري
faatr,فَاتِر,فاتر
fatra,فَتْرَة,فترة
fawaatiir,فَوَاتِير,فواتير
faatuura,فَاتُورَة,فاتورة
2iftar,اِفْتَر,افتر
yiftar,يِفْتَر,يفتر
fitir,فِتِر,فتر
vatriine,فَتْرِينِة,فترينة
vataariin,فَتَارِين,فتارين
futteeshe,فُتَّيشِة,فتيشة
futteesh,فُتَّيش,فتيش
mufattish,مُفَتِّش,مفتش
taftiish,تَفْتِيش,تفتيش
fattish,فَتِّش,فتش
faatish,فَاتِش,فاتش
yfattish,يفَتِّش,يفتش
yfaatish,يفَاتِش,يفاتش
fattash,فَتَّش,فتش
faatash,فَاتَش,فاتش
fattuush,فَتُّوش,فتوش
fatfuute,فَتْفُوتِة,فتفوتة
fataafiit,فَتَافِيت,فتافيت
fatfit,فَتْفِت,فتفت
2itfatfat,اِتْفَتْفَت,اتفتفت
yfatfit,يفَتْفِت,يفتفت
yitfatfat,يِتْفَتْفَت,يتفتفت
fatfat,فَتْفَت,فتفت
tfatfat,تْفَتْفَت,تفتفت
ftiile,فْتِيلِة,فتيلة
fataayil,فَتَايِل,فتايل
maftuul,مَفْتُول,مفتول
fatle,فَتْلِة,فتلة
ftiil,فْتِيل,فتيل
quur 2ilmaftuul,قور المَفْتُول,قور المفتول
2iftil,اِفْتِل,افتل
tfattal,تْفَتَّل,تفتل
yiftil,يِفْتِل,يفتل
yitfattal,يتْفَتَّل,يتفتل
tfattal,تْفَتَّل,تفتل
fatal,فَتَل,فتل
2infatal raasi,اِنْفَتَل رَاسِي,انفتل راسي
2infitil,اِنْفِتِل,انفتل
yinfitil,يِنْفِتِل,ينفتل
2infatal,اِنْفَتَل,انفتل
fatwale,فَتْوَلِة,فتولة
2itfatwal,اِتْفَتْوَل,اتفتول
yitfatwal,يِتْفَتْوَل,يتفتول
tfatwal,تْفَتْوَل,تفتول
fattaan,فَتَّان,فتان
fitne,فِتْنِة,فتنة
fitan,فِتَن,فتن
fattin,فَتِّن,فتن
yfattin,يفَتِّن,يفتن
fattan,فَتَّن,فتن
fatwe,فَتْوِة,فتوة
mufti,مُفْتِي,مفتي
2iftaa2,إِفْتَاء,إفتاء
fataawa,فَتَاوَى,فتاوى
2ifti,اِفْتِي,افتي
2ifti,اِفْتِي,افتي
yifti,يِفْتِي,يفتي
2istiftaa2,اِسْتِفْتَاء,استفتاء
yifti,يِفْتِي,يفتي
2afta,أَفْتَى,أفتى
fata,فَتَى,فتى
faj2a,فَجْأَة,فجأة
mufaaja2a,مُفَاجَأَة,مفاجأة
fujaa2i,فُجَائِي,فجائي
faaji2,فَاجِئ,فاجئ
yfaaji2,يْفَاجِئ,يفاجئ
faaja2,فَاجَأ,فاجأ
2itfaaja2,اِتْفَاجَأ,اتفاجأ
yitfaaja2,يِتْفَاجَأ,يتفاجأ
tfaaja2,تْفَاجَأ,تفاجأ
fajara,فَجَرَة,فجرة
fajriyye,فَجْرِيِّة,فجرية
fujuur,فُجُور,فجور
faajir,فَاجِر,فاجر
fajir,فَجِر,فجر
tafjiir,تَفْجِير,تفجير
2infijaar,اِنْفِجَار,انفجار
min tiiz 2ilfajir,من طيز الفجر,من طيز الفجر
2itfajjar,اِتْفَجَّر,اتفجر
yitfajjar,يِتْفَجَّر,يتفجر
tfajjar,تْفَجَّر,تفجر
2ufjur,اِفْجُر,افجر
fajjir,فَجِّر,فجر
2infijir,اِنْفِجِر,انفجر
2inifjir,اِنِفْجِر,انفجر
yufjur,يُفْجُر,يفجر
yfajjir,يفَجِّر,يفجر
yinfijir,يِنْفِجِر,ينفجر
yinifjir,يِنِفْجِر,ينفجر
fajjar,فَجَّر,فجر
2infajar,اِنْفَجَر,انفجر
fajar,فَجَر,فجر
faj3aan,فَجْعَان,فجعان
mafjuu3,مَفْجُوع,مفجوع
mafaajii3,مَفَاجِيع,مفاجيع
faj3ane,فَجْعَنِة,فجعنة
faja3,فَجَع,فجع
2ifja3,اِفْجَع,افجع
2itfaj3an,اِتْفَجْعَن,اتفجعن
2infiji3,اِنْفِجِع,انفجع
2inifji3,اِنِفْجِع,انفجع
yifja3,يِفْجَع,يفجع
yinfiji3,يِنْفِجِع,ينفجع
yinifji3,يِنِفْجِع,ينفجع
yitfaj3an,يِتْفَجْعَن,يتفجعن
faja3,فَجَع,فجع
2infaja3,اِنْفَجَع,انفجع
tfaj3an,تْفَجْعَن,تفجعن
mfadjfidjdj,مْفَجْفِجّ,مفجفج
fadjfidjdj,فَجْفِجّ,فجفج
yfadjfidjdj,يفَجْفِجّ,يفجفج
fadjfadjdj,فَجْفَجّ,فجفج
feejam,فَيجَم,فيجم
feejan,فَيجَن,فيجن
fajwe,فَجْوِة,فجوة
fajwale,فَجْوَلِة,فجولة
fajwil,فَجْوِل,فجول
yfajwil,يفَجْوِل,يفجول
fajwal,فَجْوَل,فجول
2if7at,اِفْحَت,افحت
fa77it,فَحِّت,فحت
yif7at,يِفْحَت,يفحت
yfa77it,يفَحِّت,يفحت
fa7at,فَحَت,فحت
fa77at,فَحَّت,فحت
mfa77ij,مْفَحِّج,مفحج
fa7je,فَحْجِة,فحجة
mfaa7aje,مْفَاحَجِة,مفاحجة
mfa77ij 3amiit khazuuq,مْفَحِّج عَمِية خَازُوق,مفحج عمية خازوق
fa77ij,فَحِّج,فحج
2if7aj,اِفْحَج,افحج
faa7ij,فَاحِج,فاحج
yfa77ij,يفَحِّج,يفحج
yif7aj,يِفْحَج,يفحج
yfaa7ij,يفَاحِج,يفاحج
fa77aj,فَحَّج,فحج
fa7aj,فَحَج,فحج
faa7aj,فَاحَج,فاحج
maf7uur,مَفْحُور,مفحور
2if7ar,اِفْحَر,افحر
yif7ar,يِفْحَر,يفحر
fa7ar,فَحَر,فحر
fa7is,فَحِص,فحص
2if7as,اِفْحَص,افحص
2itfa77as,اِتْفَحَّص,اتفحص
yif7as,يِفْحَص,يفحص
yitfa77as,يِتْفَحَّص,يتفحص
fa7as,فَحَص,فحص
tfa77as,تْفَحَّص,تفحص
mfa7kash,مْفَحْكَش,مفحكش
fa7kish,فَحْكِش,فحكش
yfa7kish,يفَحْكِش,يفحكش
fa7kash,فَحْكَش,فحكش
mistaf7il,مُسْتَفْحِل,مستفحل
mfa7lal,مْفَحْلَل,مفحلل
fa7il,فَحِل,فحل
f7uul,فْحُول,فحول
2istaf7il,اِسْتَفْحِل,استفحل
yistaf7il,يِسْتَفْحِل,يستفحل
2istaf7al,اِسْتَفْحَل,استفحل
muf7im,مُفْحِم,مفحم
mfa77im,مْفَحِّم,مفحم
mif7ame,مِفْحَمِة,مفحمة
fa7me,فَحْمِة,فحمة
fa7im,فَحِم,فحم
mafaa7im,مَفَاحِم,مفاحم
2iljooz bilbeet ra7me 7atta law kaan fa7me,الجوز بَالبيت رحمة حتى لو كَان فَحْمِة,الجوز بالبيت رحمة حتى لو كان فحمة
mfa77im 3yaat,مفحم عيَاط,مفحم عياط
2if7im,اِفْحِم,افحم
fa77im,فَحِّم,فحم
yif7im,يِفْحِم,يفحم
yfa77im,يفَحِّم,يفحم
2af7am,أَفْحَم,أفحم
fa77am,فَحَّم,فحم
mufakhkhakh,مُفَخَّخ,مفخخ
fakhkha,فَخَّة,فخة
fakhkh,فَخّ,فخ
fkhuukh,فْخُوخ,فخوخ
2afkhaakh,أَفْخَاخ,أفخاخ
fakhkhikh,فَخِّخ,فخخ
2itfakhkhakh,اِتْفَخَّخ,اتفخخ
yfakhkhikh,يفَخِّخ,يفخخ
yitfakhkhakh,يِتْفَخَّخ,يتفخخ
fakhkhakh,فَخَّخ,فخخ
tfakhkhakh,تْفَخَّخ,تفخخ
fkhaad,فْخَاذ,فخاذ
fakhid,فَخِذ,فخذ
mfookhir,مْفَوخِر,مفوخر
mfookhir,مْفَوخِر,مفوخر
fakhuur,فَخُور,فخور
faakhir,فَاخِر,فاخر
faakhir min 2il2aakhir,فَاخِر من الآخر,فاخر من الآخر
fakhkhaara,فَخَّارَة,فخارة
faakhuura,فَاخُورَة,فاخورة
fakhir,فَخِر,فخر
fakhkhaar,فَخَّار,فخار
7aluubit fakhkhaar,حَلُوبِة فَخَّار,حلوبة فخار
fawaakhiir,فَوَاخِير,فواخير
fakhkhaar ykassir ba3do,فخَار يكسر بعضه,فخار يكسر بعضه
2ifkhar,اِفْخَر,افخر
2iftikhir,اِفْتِخِر,افتخر
fookhir,فَوخِر,فوخر
yifkhar,يِفْخَر,يفخر
yiftikhir,يِفْتِخِر,يفتخر
yfookhir,يفَوخِر,يفوخر
fikhir,فِخِر,فخر
2iftakhar,اِفْتَخَر,افتخر
fookhar,فَوخَر,فوخر
fakhfakha,فَخْفَخَة,فخفخة
2itfakhfakh,اِتْفَخْفَخ,اتفخفخ
yitfakhfakh,يِتْفَخْفَخ,يتفخفخ
tfakhfakh,تْفَخْفَخ,تفخفخ
fakhkhim,فَخِّم,فخم
yfakhkhim,يفَخِّم,يفخم
fakhkham,فَخَّم,فخم
fakhaame,فَخَامِة,فخامة
fakhim,فَخِم,فخم
fikhim,فِخِم,فخم
fidaa2i,فِدَائِي,فدائي
fidaa2i,فِدَائِي,فدائي
fidye,فِدْيِة,فدية
fida,فِدَا,فدا
2ifdi,اِفْدِي,افدي
2itfaada,اِتْفَادَى,اتفادى
yifdi,يِفْدِي,يفدي
yitfaada,يِتْفَادَى,يتفادى
fada,فَدَى,فدى
tfaada,تْفَادَى,تفادى
fartik,فَرْتِك,فرتك
yfartik,يفَرْتِك,يفرتك
fartak,فَرْتَك,فرتك
mfartak,مْفَرْتَك,مفرتك
furje,فُرْجِة,فرجة
firje,فِرْجِة,فرجة
farraadje,فَرَّاجِة,فراجة
faraj,فَرَج,فرج
tafriij,تَفْرِيج,تفريج
mutafarrij,مُتَفَرِّج,متفرج
2ifraaj,اِفْرَاج,افراج
2infiraaj,اِنْفِرَاج,انفراج
farjaa 2il3een 2il7amra,فَرْجَاه العين الحمرَا,فرجاه العين الحمرا
sunduuq 2ilfirdje,صندوق الفرجِة,صندوق الفرجة
farji,فَرْجَي,فرجي
farrij,فَرِّج,فرج
2itfarraj,اِتْفَرَّج,اتفرج
2ifrij,اِفْرِج,افرج
yfarji,يفَرْجَي,يفرجي
yfarrij,يفَرِّج,يفرج
2infirij,اِنْفِرِج,انفرج
yinfirij,يِنْفِرِج,ينفرج
yitfarraj,يِتْفَرَّج,يتفرج
yifrij,يِفْرِج,يفرج
farja,فَرْجَى,فرجى
farraj,فَرَّج,فرج
2infaraj,اِنْفَرَج,انفرج
tfarraj,تْفَرَّج,تفرج
2afraj,أَفْرَج,أفرج
fargoon,فَرْجَون,فرجون
far7aan,فَرْحَان,فرحان
faraay7i,فَرَايْحِي,فرايحي
far7a,فَرْحَة,فرحة
tafrii7e,تَفْرِيحِة,تفريحة
fraa7a,فْرَاحَة,فراحة
fara7,فَرَح,فرح
mush ma3ti far7iti la7ada,مُش معطي فَرْحِتي لحدَا,مش معطي فرحتي لحدا
2ifra7,اِْفْرَح,افرح
farri7,فَرِّح,فرح
yifra7,يِفْرَح,يفرح
yfarri7,يفَرِّح,يفرح
firi7,فِرِح,فرح
farra7,فَرَّح,فرح
farkh,فَرْخ,فرخ
farkh 2ilbatt 3awwaam,فَرْخ البط عَوَّام,فرخ البط عوام
farrikh,فَرِّخ,فرخ
yfarrikh,يفَرِّخ,يفرخ
farrakh,فَرَّخ,فرخ
mifrid,مِفْرِد,مفرد
2infiraadi,اِنْفِرَادي,انفرادي
fariid,فَرِيد,فريد
farde,فَرْدِة,فردة
fard,فَرْد,فرد
farid,فَرِد,فرد
fard,فَرْد,فرد
fruude,فْرُودِة,فرودة
2afraad,أَفْرَاد,أفراد
faarde,فَارْدِة,فاردة
2infiraad,اِنْفِرَاد,انفراد
3ala 2infiraad,على اِنْفِرَاد,على انفراد
2ifridha,إِفردهَا,إفردها
2ifrid,اِفْرِد,افرد
farrid,فَرِّد,فرد
2infirid,اِنْفِرِد,انفرد
2itfarrad,اِتْفَرَّد,اتفرد
2istafrid,اِسْتَفْرِد,استفرد
yifrid,يِفْرِد,يفرد
yfarrid,يفَرِّد,يفرد
yinfirid,يِنْفِرِد,ينفرد
yitfarrad,يِتْفَرَّد,يتفرد
yistafrid,يِسْتَفْرِد,يستفرد
farad,فَرَد,فرد
farrad,فَرَّد,فرد
2infarad,اِنْفَرَد,انفرد
tfarrad,تْفَرَّد,تفرد
2istafrad,اِسْتَفْرَد,استفرد
furreera,فُرَّيرَة,فريرة
fraari,فْرَارِي,فراري
firaar,فِرَار,فرار
fraariyye,فْرَارِيِّة,فرارية
furr,فُرّ,فر
yfurr,يْفُرّ,يفر
farr,فَرّ,فر
mfarraz,مْفَرَّز,مفرز
farraaze,فَرَّازِة,فرازة
fariz,فَرِز,فرز
friizar,فْرِيزَر,فريزر
tafriiz,تَفْرِيز,تفريز
freezar,فْرَيزَر,فريزر
3al farraaze,عَالفَرَّازِة,عالفرازة
2ifriz,اِفْرِز,افرز
farriz,فَرِّز,فرز
yifriz,يِفْرِز,يفرز
yfarriz,يفَرِّز,يفرز
2itfarraz,اِتْفَرَّز,اتفرز
yitfarraz,يِتْفَرَّز,يتفرز
faraz,فَرَز,فرز
farraz,فَرَّز,فرز
tfarraz,تْفَرَّز,تفرز
faaris,فَارِس,فارس
muftaris,مُفْتَرِس,مفترس
faras,فَرَس,فرس
maalak 2ibturkud wub2iidak maras qaal nsiib nsiibna shaariilo faras,مَالك بتركض وبَايدك مرس قَال نسيب نسيبنَا شَاريله فرس,مالك بتركض وبايدك مرس قال نسيب نسيبنا شاريله فرس
2ibnil 3amm huwwe 2illi binazzil 3an dahr 2ilfaras,اِبْن العَم هو اللي بينزِّل عن ظهر الفَرَس,ابن العم هو اللي بينزل عن ظهر الفرس
2iftiris,اِفْتِرِس,افترس
yiftiris,يِفْتِرِس,يفترس
2iftaras,اِفْتَرَس,افترس
farsamuuna,فَرْسَمَونَا,فرسمونا
farsuu7a,فَرْسُوحَة,فرسوحة
furshaaye,فُرْشَايِة,فرشاية
farshe,فَرْشِة,فرشة
mafrash,مَفْرَش,مفرش
faraashi,فَرَاشِي,فراشي
mafaarish,مَفَارِش,مفارش
farashilha 2il2arid ward,فَرَشِلْهَا الأَرْض وَرد,فرشلها الأرض ورد
mafruush,مَفْرُوش,مفروش
faraasha,فَرَاشِة,فراشة
2ifrish,اِفْرِش,افرش
2ufrush,اُفْرُش,افرش
farrish,فَرِّش,فرش
faarish,فَارِش,فارش
farshi,فَرْشِي,فرشي
2infirish,اِنْفِرِش,انفرش
yifrish,يِفْرِش,يفرش
yufrush,يُفْرُش,يفرش
yfarrish,يفَرِّش,يفرش
yinfirish,يِنْفِرِش,ينفرش
yfarshi,يفَرْشِي,يفرشي
farash,فَرَش,فرش
farrash,فَرَّش,فرش
2infarash,اِنْفَرَش,انفرش
farsha,فَرْشَى,فرشى
farshuu7a,فَرْشُوحَة,فرشوحة
fursa,فُرْصَة,فرصة
furas,فُرَص,فرص
fursa laa tu3awwad,فُرْصَة لَاتعوَّض,فرصة لاتعوض
fursa laa dahabiyye,فُرْصَة ذهبية,فرصة ذهبية
mafruud,مَفْرُوض,مفروض
fariida,فَرِيضَة,فريضة
2iftiraad,اِفْتِرَاض,افتراض
faraa2id,فَرَائِض,فرائض
2ilmafruud,المَفْرُوض,المفروض
2ifrid,اِفْرِض,افرض
2iftirid,اِفْتِرِض,افترض
2iftarid,اِفْتَرِض,افترض
yifrid,يِفْرِض,يفرض
2infirid,اِنْفِرِض,انفرض
yinfirid,يِنْفِرِض,ينفرض
yiftirid,يِفْتِرِض,يفترض
yiftarid,يِفْتَرِض,يفترض
farad,فَرَض,فرض
2infarad,اِنْفَرَض,انفرض
2iftarad,اِفْتَرَض,افترض
faarit,فَارِط,فارط
mfarrat,مْفَرَّط,مفرط
fraata,فْرَاطَة,فراطة
farat min 2iddu7uk,فَرَط من الضُّحُك,فرط من الضحك
fartat 2ilmasba7a,فرطت المسبحة,فرطت المسبحة
2itfarrat,اِتْفَرَّط,اتفرط
yitfarrat,يِتْفَرَّط,يتفرط
tfarrat,تْفَرَّط,تفرط
2infirit,اِنْفِرِط,انفرط
yinfirit,يِنْفِرِط,ينفرط
2infarat,اِنْفَرَط,انفرط
2ifrut,اِفْرُط,افرط
farrit,فَرِّط,فرط
yifrut,يِفْرُط,يفرط
yfarrit,يفَرِّط,يفرط
farat,فَرَط,فرط
farrat,فَرَّط,فرط
mfarta7,مْفَرْطَح,مفرطح
2itfarta7,اِتْفَرْطَح,اتفرطح
yitfarta7,يِتْفَرْطَح,يتفرطح
tfarta7,تْفَرْطَح,تفرطح
farti7,فَرْطِح,فرطح
yfarti7,يفَرْطِح,يفرطح
farta7,فَرْطَح,فرطح
fartuushe,فَرْطُوشِة,فرطوشة
faratiish,فَرْطِيش,فرطيش
mfarri3,مْفَرِّع,مفرع
mfarri3,مْفَرِّع,مفرع
miit mfarri3 wumiit mdarri3,مِية مْفَرِّع ومِية مْدَرِّع,مية مفرع ومية مدرع
far3i,فَرْعِي,فرعي
tafrii3a,تَفْرِيعَة,تفريعة
faaruu3a,فَارُوعَة,فاروعة
fari3,فَرِع,فرع
tafaarii3,تَفَارِيع,تفاريع
fruu3,فْرُوع,فروع
2afru3,أَفْرُع,أفرع
fawaarii3,فَوَارِيع,فواريع
farri3,فَرِّع,فرع
2itfarra3,اِتْفَرَّع,اتفرع
yfarri3,يفَرِّع,يفرع
yitfarra3,يِتْفَرَّع,يتفرع
farra3,فَرَّع,فرع
tfarra3,تْفَرَّع,تفرع
mfar3in,مْفَرْعِن,مفرعن
far3ane,فَرْعَنِة,فرعنة
2itfar3an,اِتْفَرْعَن,اتفرعن
yitfar3an,يِتْفَرْعَن,يتفرعن
tfar3an,تْفَرْعَن,تفرعن
far3in,فَرْعِن,فرعن
yfar3in,يفَرْعِن,يفرعن
far3an,فَرْعَن,فرعن
faarigh,فَارِغ,فارغ
2istifraagh,اِسْتِفْرَاغ,استفراغ
faraagh,فَرَاغ,فراغ
fawaarigh,فَوَارِغ,فوارغ
3eeno faargha,عينه فَارغة,عينه فارغة
2ifragh,اِفْرَغ,افرغ
farrigh,فَرِّغ,فرغ
2itfarragh,اِتْفَرَّغ,اتفرغ
2istafrigh,اِسْتَفْرِغ,استفرغ
yifragh,يِفْرَغ,يفرغ
yfarrigh,يفَرِّغ,يفرغ
yitfarragh,يِتْفَرَّغ,يتفرغ
yistafrigh,يِسْتَفْرِغ,يستفرغ
firigh,فِرِغ,فرغ
farragh,فَرَّغ,فرغ
tfarragh,تْفَرَّغ,تفرغ
2istafragh,اِسْتَفْرَغ,استفرغ
mfarfi7,مْفَرْفِح,مفرفح
farfa7a,فَرْفَحَة,فرفحة
farfi7,فَرْفِح,فرفح
yfarfi7,يفَرْفِح,يفرفح
farfa7,فَرْفَح,فرفح
mfarfid,مْفَرْفِد,مفرفد
2itfarfad,اِتْفَرْفَد,اتفرفد
yitfarfad,يِتْفَرْفَد,يتفرفد
tfarfad,تْفَرْفَد,تفرفد
farfid,فَرْفِد,فرفد
yfarfid,يفَرْفِد,يفرفد
farfad,فَرْفَد,فرفد
farfuur,فَرْفُور,فرفور
faraafiir,فَرَافِير,فرافير
farfara,فَرْفَرَة,فرفرة
farfir,فَرْفِر,فرفر
yfarfir,يفَرْفِر,يفرفر
farfar,فَرْفَر,فرفر
farfuush,فَرْفُوش,فرفوش
faraafiish,فَرَافِيش,فرافيش
mfarfish,مْفَرْفِش,مفرفش
farfashe,فَرْفَشِة,فرفشة
farfish,فَرْفِش,فرفش
yfarfish,يفَرْفِش,يفرفش
farfash,فَرْفَش,فرفش
mfarfit,مْفَرْفِط,مفرفط
farfit,فَرْفِط,فرفط
yfarfit,يفَرْفِط,يفرفط
farfat,فَرْفَط,فرفط
farfake,فَرْفَكِة,فرفكة
2itfarfak,اِتْفَرْفَك,اتفرفك
yitfarfak,يِتْفَرْفَك,يتفرفك
tfarfak,تْفَرْفَك,تفرفك
farfik,فَرْفِك,فرفك
yfarfik,يفَرْفِك,يفرفك
farfak,فَرْفَك,فرفك
firqa,فِرْقَة,فرقة
farqiyye,فَرْقِيِّة,فرقية
fraaq,فْرَاق,فراق
fariq,فَرِق,فرق
farq,فَرْق,فرق
fruuq,فْرُوق,فروق
fariiq,فَرِيق,فريق
tafriiq,تَفْرِيق,تفريق
furuuq,فُرُوق,فروق
firaq,فِرَق,فرق
2afriqa,أَفْرِقَة,أفرقة
firaq,فِرَق,فرق
fraaqo 3iid,فْرَاقُه عيد,فراقه عيد
farq 2issama 3an 2il2ard,فَرْق السمَا عن الأرض,فرق السما عن الأرض
2ifruq,اِفْرُق,افرق
2ufruq,اُفْرُق,افرق
farriq,فَرِّق,فرق
2itfarraq,اِتْفَرَّق,اتفرق
faariq,فَارِق,فارق
2ifriq,اِفْرِق,افرق
yifruq,يِفْرُق,يفرق
yufruq,يُفْرُق,يفرق
2infaraq,اِنْفَرَق,انفرق
yinfaraq,يِنْفَرَق,ينفرق
yfarriq,يفَرِّق,يفرق
yitfarraq,يِتْفَرَّق,يتفرق
yfaariq,يفَارِق,يفارق
tafriqa,تَفْرِقَة,تفرقة
yifriq,يِفْرِق,يفرق
faraq,فَرَق,فرق
2infaraq,اِنْفَرَق,انفرق
farraq,فَرَّق,فرق
tfarraq,تْفَرَّق,تفرق
faaraq,فَارَق,فارق
farqa3a,فَرْقَعَة,فرقعة
furqu3,فُرْقُع,فرقع
furqu3 looz,فُرْقُع لوز,فرقع لوز
farqi3,فَرْقِع,فرقع
yfarqi3,يفَرْقِع,يفرقع
farqa3,فَرْقَع,فرقع
farik,فَرِك,فرك
farraake,فَرَّاكِة,فراكة
farraakit sijjaad,فَرَّاكِة سِجَّاد,فراكة سجاد
friike,فْرِيكِة,فريكة
mfarrake,مْفَرَّكِة,مفركة
faraayik,فَرَايِك,فرايك
2ifrukha,إِفركهَا,إفركها
farkit daan,فركة ذَان,فركة ذان
mufraak khashab,مفرَاك خشب,مفراك خشب
2ufruk,اُفْرُك,افرك
2itfarrak,اِتْفَرَّك,اتفرك
yitfarrak,يِتْفَرَّك,يتفرك
tfarrak,تْفَرَّك,تفرك
2infirik,اِنْفِرِك,انفرك
yinfirik,يِنْفِرِك,ينفرك
2infarak,اِنْفَرَك,انفرك
farrik,فَرِّك,فرك
mufraak,مُفْرَاك,مفراك
farke,فَرْكِة,فركة
2ifruk,اِفْرُك,افرك
yufruk,يُفْرُك,يفرك
yfarrik,يفَرِّك,يفرك
yifruk,يِفْرُك,يفرك
farak,فَرَك,فرك
farrak,فَرَّك,فرك
mfarka7,مْفَرْكَح,مفركح
farka7a,فَرْكَحَة,فركحة
2itfarka7,اِتْفَرْكَح,اتفركح
yitfarka7,يِتْفَرْكَح,يتفركح
tfarka7,تْفَرْكَح,تفركح
farkashe,فَرْكَشِة,فركشة
farkish,فَرْكِش,فركش
yfarkish,يفَرْكِش,يفركش
2itfarkash,اِتْفَرْكَش,اتفركش
yitfarkash,يِتْفَرْكَش,يتفركش
farkash,فَرْكَش,فركش
tfarkash,تْفَرْكَش,تفركش
mafruum,مَفْرُوم,مفروم
farraame,فَرَّامِة,فرامة
maframe,مَفْرَمِة,مفرمة
farim,فَرِم,فرم
mafaarim,مَفَارِم,مفارم
farraamit mluukhiyye,فَرَّامِة ملوخِيِّة,فرامة ملوخية
2ufrum,اُفْرُم,افرم
farrim,فَرِّم,فرم
yufrum,يُفْرُم,يفرم
2infirim,اِنْفِرِم,انفرم
2inifrim,اِنِفْرِم,انفرم
yinfirim,يِنْفِرِم,ينفرم
yinifrim,يِنِفْرِم,ينفرم
yfarrim,يفَرِّم,يفرم
faram,فَرَم,فرم
2infaram,اِنْفَرَم,انفرم
farram,فَرَّم,فرم
farmashiyye,فَرْمَشِيِّة,فرمشية
farshamoone,فَرْمَشَونِة,فرمشونة
farmashaani,فَرْمَشَاني,فرمشاني
furun,فُرُن,فرن
furniine,فُرْنِينِة,فرنينة
freen,فْرَين,فرين
furun,فُرُن,فرن
fruune,فْرُونِة,فرونة
farraan,فَرَّان,فران
2ifranji,إِفْرَنْجِي,إفرنجي
farwe,فَرْوِة,فروة
faru,فَرُو,فرو
faraawi,فَرَاوي,فراوي
fawaari,فوَاري,فواري
mfarwil,مْفَرْوِل,مفرول
faraawle,فَرَاوْلِة,فراولة
faraawlaaye,فَرَاوْلَايِة,فراولاية
farwil,فَرْوِل,فرول
yfarwil,يفَرْوِل,يفرول
farwal,فَرْوَل,فرول
mafri,مَفْرِي,مفري
muftari,مُفْتَرِي,مفتري
2iftiraa,إِفْتِرَاء,إفتراء
fara masaato,فَرَى مَاسَاتُه,فرى ماساته
2infarat kilyiti,اِنفرت كليتي,انفرت كليتي
2iftari,اِفْتَرِي,افتري
2ifri,اِفْرِي,افري
2infiri,اِنْفِرِي,انفري
yiftari,يِفْتَرِي,يفتري
yinfiri,يِنْفِرِي,ينفري
yifri,يِفْرِي,يفري
2iftara,اِفْتَرَى,افترى
2infara,اِنْفَرَى,انفرى
fara,فَرَى,فرى
mafzuur,مَفْزُور,مفزور
mafzuur,مَفْزُور,مفزور
fazir,فَزِر,فزر
fazzuura,فَزُّورَة,فزورة
fawaaziir,فوَازِير,فوازير
fazar 2illi yufzurak,فَزَر اللي يِفْزُرك,فزر اللي يفزرك
7azzar fazzar,حَزِّر فَزِّر,حزر فزر
2ifzur,اِفْزُر,افزر
2ufzur,اُفْزُر,افزر
fazzir,فَزِّر,فزر
2itfazzar,اِتْفَزَّر,اتفزر
2infizir,اِنْفِزِر,انفزر
yifzur,يِفْزُر,يفزر
yufzur,يُفْزُر,يفزر
yitfazzar,يِتْفَزَّر,يتفزر
yinfizir,يِنْفِزِر,ينفزر
yfazzir,يفَزِّر,يفزر
fazar,فَزَر,فزر
2infazar,اِنْفَزَر,انفزر
fazzar,فَزَّر,فزر
tfazzar,تْفَزَّر,تفزر
faaziz,فَازِز,فازز
fizz,فِزّ,فز
yfizz,يفِزّ,يفز
fazz,فَزّ,فز
fazzii3,فَزِّيع,فزيع
mafzuu3,مَفْزُوع,مفزوع
mufzi3,مُفْزِع,مفزع
faz3a,فَزْعَة,فزعة
fazzaa3a,فَزَّاعَة,فزاعة
fazza3 2iddinya,فَزَّع الدنيَا,فزع الدنيا
2ifza3,اِفْزَع,افزع
fazzi3,فَزِّع,فزع
2ifzi3,اِفْزِع,افزع
2ifza3,اِفْزَع,افزع
2infizi3,اِنْفِزِع,انفزع
yifza3,يِفْزَع,يفزع
yfazzi3,يفَزِّع,يفزع
yifzi3,يِفْزِع,يفزع
yinfizi3,يِنْفِزِع,ينفزع
yifza3,يِفْزَع,يفزع
fizi3,فِزِع,فزع
2afza3,أَفْزَع,أفزع
fazza3,فَزَّع,فزع
2infaza3,اِنْفَزَع,انفزع
faza3,فَزَع,فزع
mfazlak,مْفَزْلَك,مفزلك
fazlake,فَزْلَكِة,فزلكة
2itfazlak,اِتْفَزْلَك,اتفزلك
yitfazlak,يِتْفَزْلَك,يتفزلك
tfazlak,تْفَزْلَك,تفزلك
vaazliin,فَازْلِين,فازلين
fustuqa,فُسْتُقَة,فستقة
fustuq,فُسْتُق,فستق
fustuq faadi,فُسْتُق فَاضي,فستق فاضي
qaddil fustuqa,قد الفُسْتُقَة,قد الفستقة
fustuq 3abiid,فُسْتُق عبيد,فستق عبيد
mfastiq,مْفَسْتِق,مفستق
fustaan,فُسْتَان,فستان
fasaatiin,فَسَاتِين,فساتين
fasii7,فَسِيح,فسيح
fus7a,فُسْحَة,فسحة
fusa7,فُسَح,فسح
2itfassa7,اِتْفَسَّح,اتفسح
yitfassa7,يِتْفَسَّح,يتفسح
tfassa7,تْفَسَّح,تفسح
2ifsi7,اِفْسِح,افسح
fassi7,فَسِّح,فسح
yifsi7,يِفْسِح,يفسح
yfassi7,يفَسِّح,يفسح
fasa7,فَسَح,فسح
fassa7,فَسَّح,فسح
faasikh,فَاسِخ,فاسخ
faasikh,فَاسِخ,فاسخ
mafsuukh,مَفْسُوخ,مفسوخ
fasikh,فَسِخ,فسخ
2ifsakh,اِفْسَخ,افسخ
fassikh,فَسِّخ,فسخ
yifsakh,يِفْسَخ,يفسخ
yfassikh,يفَسِّخ,يفسخ
2itfassakh,اِتْفَسَّخ,اتفسخ
yitfassakh,يِتْفَسَّخ,يتفسخ
fasakh,فَسَخ,فسخ
fassakh,فَسَّخ,فسخ
tfassakh,تْفَسَّخ,تفسخ
faasid,فَاسِد,فاسد
fusseediyye,فُسَّيديِّة,فسيدية
fasaad,فَسَاد,فساد
fassaad,فَسَّاد,فساد
tafsiid,تَفْسِيد,تفسيد
7aliibhum fasad,حليبهم فسد,حليبهم فسد
2ifsid,اِفْسِد,افسد
fassid,فَسِّد,فسد
yifsid,يِفْسِد,يفسد
2ifsid,اِفْسِد,افسد
yifsid,يِفْسِد,يفسد
2afsad,أَفْسَد,أفسد
yfassid,يفَسِّد,يفسد
fasad,فَسَد,فسد
fassad,فَسَّد,فسد
tafsiir,تَفْسِير,تفسير
2istifsaar,اِسْتِفْسَار,استفسار
wijho maa byitfassar,وجهه مَا بيتْفَسَّر,وجهه ما بيتفسر
fassir,فَسِّر,فسر
2istafsir,اِسْتَفْسِر,استفسر
yfassir,يفَسِّر,يفسر
2itfassar,اِتْفَسَّر,اتفسر
yitfassar,يِتْفَسَّر,يتفسر
yistafsir,يِسْتَفْسِر,يستفسر
fassar,فَسَّر,فسر
tfassar,تْفَسَّر,تفسر
2istafsar,اِسْتَفْسَر,استفسر
2add 2ilfisse,قَدّ الفِسِّة,قد الفسة
fisse,فِسِّة,فسة
fseesi,فْسَيسِي,فسيسي
foosta,فَوسْطَة,فوسطة
fasfase,فَسْفَسِة,فسفسة
fasfis,فَسْفِس,فسفس
yfasfis,يفَسْفِس,يفسفس
fasfas,فَسْفَس,فسفس
faasiq,فَاسِق,فاسق
fasaqa,فَسَقَة,فسقة
fusuuq,فُسُوق,فسوق
fisiq,فِسِق,فسق
2ufsuq,اُفْسُق,افسق
2ifsuq,اِفْسُق,افسق
2ifsiq,اِفْسِق,افسق
fassiq,فَسِّق,فسق
yifsuq,يِفْسُق,يفسق
yufsuq,يُفْسُق,يفسق
yifsiq,يِفْسِق,يفسق
yfassiq,يفَسِّق,يفسق
fasaq,فَسَق,فسق
fassaq,فَسَّق,فسق
mfasqal,مْفَسْقَل,مفسقل
fasqale,فَسْقَلِة,فسقلة
fasqil,فَسْقِل,فسقل
yfasqil,يفَسْقِل,يفسقل
fasqal,فَسْقَل,فسقل
faasi,فَاسِي,فاسي
fasu,فَسو,فسو
2ifsi,اِفْسِي,افسي
fassi,فَسِّي,فسي
yifsi,يِفْسِي,يفسي
yfassi,يفَسِّي,يفسي
fasa,فَسَى,فسى
fassa,فَسَّى,فسى
mafshuukh,مَفْشُوخ,مفشوخ
fashkha,فَشْخَة,فشخة
2ifshakh,اِفْشَخ,افشخ
yifshakh,يِفْشَخ,يفشخ
2infishikh,اِنْفِشِخ,انفشخ
yinfishikh,يِنْفِشِخ,ينفشخ
fashakh,فَشَخ,فشخ
2infashakh,اِنْفَشَخ,انفشخ
mfashkhar,مْفَشْخَر,مفشخر
fashkhara,فَشْخَرَة,فشخرة
2itfashkhar,اِتْفَشْخَر,اتفشخر
yitfashkhar,يِتْفَشْخَر,يتفشخر
tfashkhar,تْفَشْخَر,تفشخر
fashkharji,فَشْخَرْجِي,فشخرجي
fashshaar,فَشَّار,فشار
fashar,فَشَر,فشر
fashir,فَشِر,فشر
fashshir,فَشِّر,فشر
yfashshir,يفَشِّر,يفشر
fashshar,فَشَّر,فشر
fishshe,فِشِّة,فشة
fashshe,فَشِّة,فشة
faashuush,فَاشُوش,فاشوش
fishash,فِشَش,فشش
3ala faashuush,على فَاشُوش,على فاشوش
bifishshish 2il3ille,بفِشِّش العِلِّة,بفشش العلة
fashshit khuluq,فشة خلق,فشة خلق
2itfashshash,اِتْفَشَّش,اتفشش
fishsh,فِشّ,فش
yitfashshash,يِتْفَشَّش,يتفشش
yfishsh,يفِشّ,يفش
tfashshash,تْفَشَّش,تفشش
fashsh,فَشّ,فش
mfashfish,مْفَشْفِش,مفشفش
mfashfish,مْفَشْفِش,مفشفش
fishfaash,فِشْفَاش,فشفاش
fashfish,فَشْفِش,فشفش
yfashfish,يفَشْفِش,يفشفش
fashfash,فَشْفَش,فشفش
fashshiq,فَشِّق,فشق
2ufshuq,اُفْشُق,افشق
2ifshuq,اِفْشُق,افشق
yfashshiq,يفَشِّق,يفشق
yufshuq,يُفْشُق,يفشق
yifshuq,يِفْشُق,يفشق
fashshaq,فَشَّق,فشق
fashaq,فَشَق,فشق
fashake,فَشَكِة,فشكة
fashkil,فَشْكِل,فشكل
yfashkil,يفَشْكِل,يفشكل
fashkal,فَشْكَل,فشكل
faashil,فَاشِل,فاشل
fashal,فَشَل,فشل
2itfashshal,اِتْفَشَّل,اتفشل
yitfashshal,يِتْفَشَّل,يتفشل
tfashshal,تْفَشَّل,تفشل
2ifshal,اِفْشَل,افشل
fashshil,فَشِّل,فشل
yifshal,يِفْشَل,يفشل
yfashshil,يفَشِّل,يفشل
fishil,فِشِل,فشل
fashshal,فَشَّل,فشل
faashi,فَاشِي,فاشي
faashiyye,فَاشِيِّة,فاشية
2ifshaa2,إِفْشَاء,إفشاء
2ifshi,اِفْشِي,افشي
yifshi,يِفْشِي,يفشي
2ifshi,اِفْشِي,افشي
yifshi,يِفْشِي,يفشي
fasha,فَشَى,فشى
2afsha,أَفْشَى,أفشى
2afsa7,أَفْصَح,أفصح
fis7a,فِصِح,فصح
fasii7,فَصِيح,فصيح
fasaa7a,فَصَاحَة,فصاحة
2itfassa7,اِتْفَصَّح,اتفصح
yitfassa7,يِتْفَصَّح,يتفصح
tfassa7,تْفَصَّح,تفصح
fassi7,فَصِّح,فصح
2itfas7an,اِتْفَصْحَن,اتفصحن
yfassi7,يفَصِّح,يفصح
yitfas7an,يِتْفَصْحَن,يتفصحن
tfas7an,تْفَصْحَن,تفصحن
fassa7,فَصَّح,فصح
fass,فَصّ,فص
tafsiis,تَفْصِيص,تفصيص
fsuus,فْصُوص,فصوص
fassis,فَصِّص,فصص
yfassis,يفَصِّص,يفصص
fassas,فَصَّص,فصص
fas3a,فَصْعَا,فصعا
fas3uun,فَصْعُون,فصعون
2afsa3,أَفْصَع,أفصع
2ifsa3,إِفْصَع,إفصع
fasaa3iin,فَصَاعِين,فصاعين
fusu3,فُصُع,فصع
fas3a,فَصْعَة,فصعة
fasfase,فَصْفَصِة,فصفصة
fasfis,فَصْفِص,فصفص
yfasfis,يفَصْفِص,يفصفص
fasfas,فَصْفَص,فصفص
munfasil,مُنْفَصِل,منفصل
mfaasale,مْفَاصَلِة,مفاصلة
tafsiile,تَفْصِيلِة,تفصيلة
tafsiile,تَفْصِيلِة,تفصيلة
mafsuul,مَفْصُول,مفصول
faasle,فَاصْلِة,فاصلة
fussaaliyye,فُصَّاليِّة,فصالية
fasiile,فَصِيلِة,فصيلة
fasil,فَصِل,فصل
2infisaal,اِنْفِصَال,انفصال
tafsiil,تَفْصِيل,تفصيل
fasiil,فَصِيل,فصيل
fsuul,فْصُول,فصول
tafaasiil,تَفَاصِيل,تفاصيل
fawaasil,فَوَاصِل,فواصل
fasaa2il,فَصَائِل,فصائل
fasaa2il,فَصَائِل,فصائل
fsuulha 2innaaqsa,فصولهَا النَاقصة,فصولها الناقصة
fasiilit damm,فَصِيلِة دم,فصيلة دم
fasiil siyaasi,فَصِيل سِيَاسِي,فصيل سياسي
2ifsil,اِفْصِل,افصل
2infisil,اِنْفِصِل,انفصل
fassil,فَصِّل,فصل
faasil,فَاصِل,فاصل
yifsil,يِفْصِل,يفصل
yinfisil,يِنْفِصِل,ينفصل
yfassil,يفَصِّل,يفصل
2itfassal,اِتْفَصَّل,اتفصل
yitfassal,يِتْفَصَّل,يتفصل
yfaasil,يفَاصِل,يفاصل
fasal,فَصَل,فصل
2infasal,اِنْفَصَل,انفصل
fassal,فَصَّل,فصل
tfassal,تْفَصَّل,تفصل
faasal,فَاصَل,فاصل
mafsuum,مَفْصُوم,مفصوم
mafaasiim,مَفَاصِيم,مفاصيم
fasme,فَصْمِة,فصمة
fusaam,فُصَام,فصام
2ifsim,اِفْصِم,افصم
2ufsum,اُفْصُم,افصم
yifsim,يِفْصِم,يفصم
yufsum,يُفْصُم,يفصم
2infisim,اِنْفِصِم,انفصم
yinfisim,يِنْفِصِم,ينفصم
fasam,فَصَم,فصم
2infasam,اِنْفَصَم,انفصم
fada,فَضَا,فضا
fadaa2,فَضَاء,فضاء
fadaa2i,فَضَائِي,فضائي
fadii7a,فَضِيحَة,فضيحة
fadaayi7,فَضَايِح,فضايح
fdii7a bjalaajil,فضيحة بجلَاجل,فضيحة بجلاجل
fadii7it 2il3anze 2issooda,فَضِيحَة العنزة السودَا,فضيحة العنزة السودا
2ifda7,اِفْضَح,افضح
2infidi7,اِنْفِضِح,انفضح
faddi7,فَضِّح,فضح
yifda7,يِفْضَح,يفضح
yinfidi7,يِنْفِضِح,ينفضح
yfaddi7,يفَضِّح,يفضح
fada7,فَضَح,فضح
2infada7,اِنْفَضَح,انفضح
fadda7,فَضَّح,فضح
fiddi,فِضِّي,فضي
fidda,فِضَّة,فضة
fudd,فُضّ,فض
yfudd,يفُضّ,يفض
fadd,فَضّ,فض
fadfaad,فَضْفَاض,فضفاض
fadfada,فَضْفَضَة,فضفضة
fadfid,فَضْفِض,فضفض
yfadfid,يفَضْفِض,يفضفض
fadfad,فَضْفَض,فضفض
mfaddil,مْفَضِّل,مفضل
fadil,فَضِل,فضل
2afdaal,أَفْضَال,أفضال
saa7ib tfadil,صَاحِب فَضِل,صاحب فضل
gharraqni bfadlo,غَرَّقني بفضْلُه,غرقني بفضله
mfaddil 3araasi min fooq,مْفَضِّل عرَاسي من فوق,مفضل عراسي من فوق
2afdal,أَفْضَل,أفضل
faddil,فَضِّل,فضل
2itfaddal,اِتْفَضَّل,اتفضل
yfaddil,يفَضِّل,يفضل
yitfaddal,يِتْفَضَّل,يتفضل
faddal,فَضَّل,فضل
tfaddal,تْفَضَّل,تفضل
faadi,فَاضِي,فاضي
fadaawe,فَضَاوِة,فضاوة
faadi 2ilbaal,فَاضي البَال,فاضي البال
fustuq faadi,فستق فَاضي,فستق فاضي
mish shaayef 2ilfada,مش شَايف الفَضَا,مش شايف الفضا
2ifda,اِفْضَى,افضى
faddi,فَضِّي,فضي
2itfadda,اِتْفَضَّى,اتفضى
yifda,يِفْضَى,يفضى
yfaddi,يفَضِّي,يفضي
yitfadda,يِتْفَضَّى,يتفضى
fidi,فِضِي,فضي
fadda,فَضَّى,فضى
tfadda,تْفَضَّى,تفضى
fat7al,فَطْحَل,فطحل
fatiira,فَطِيرَة,فطيرة
ftuur,فْطُور,فطور
2iftaar,اِفْطَار,افطار
ftiir,فْطِير,فطير
fataayir,فَطَايِر,فطاير
2ilkhamiir wiliftiir,الخمير وَالفطير,الخمير والفطير
2iftar,اِفْطَر,افطر
2aftir,اِفْطِر,افطر
fattir,فَطِّر,فطر
yiftar,يِفْطَر,يفطر
yiftir,يِفْطِر,يفطر
yfattir,يفَطِّر,يفطر
fitir,فِطِر,فطر
2aftar,أَفْطَر,أفطر
fattar,فَطَّر,فطر
faatis,فَاطِس,فاطس
mfattis,مْفَطِّس,مفطس
ftiise,فْطِيسِة,فطيسة
fataayis,فَطَايِس,فطايس
fatasna min 2idde7ik,فطسنَا من الضحك,فطسنا من الضحك
la3an faatso,لعن فَاطسه,لعن فاطسه
fattis,فَطِّس,فطس
2uftus,اِفْطُس,افطس
yuftus,يُفْطُس,يفطس
yfattis,يفَطِّس,يفطس
fatas,فَطَس,فطس
fattas,فَطَّس,فطس
fut3a,فُطْعَة,فطعة
fatfata,فَطْفَطَة,فطفطة
fatfit,فَطْفِط,فطفط
yfatfit,يفَطْفِط,يفطفط
fatfat,فَطْفَط,فطفط
maftuum,مَفْطُوم,مفطوم
2iftum,اُفْطُم,افطم
2infitim,اِنْفِطِم,انفطم
yiftum,يِفْطُم,يفطم
yinfitim,يِنْفِطِم,ينفطم
fatam,فَطَم,فطم
2infatam,اِنْفَطَم,انفطم
fitin,فِطِن,فطن
fatiin,فَطِين,فطين
faatin,فَاطِن,فاطن
2iftan,اِفْطَن,افطن
2itfattan,اِتْفَطَّن,اتفطن
yiftan,يِفْطَن,يفطن
yitfattan,يِتْفَطَّن,يتفطن
fitin,فِطِن,فطن
tfattan,تْفَطَّن,تفطن
fattin,فَطِّن,فطن
yfattin,يفَطِّن,يفطن
fattan,فَطَّن,فطن
fadhii3,فَظِيع,فظيع
fazii3,فَظِيع,فظيع
mfazzi3,مْفَظِّع,مفظع
mistafdhi3,مِسْتَفْظِع,مستفظع
fazaa3a,فَظَاعَة,فظاعة
fazzi3,فَظِّع,فظع
2istafdhi3,اِسْتَفْظِع,استفظع
yfazzi3,يفَظِّع,يفظع
yistafdhi3,يِسْتَفْظِع,يستفظع
fazza3,فَظَّع,فظع
2istafdha3,اِسْتَفْظَع,استفظع
mfa3tish,مْفَعْتِش,مفعتش
fa3tashe,فَعْتَشِة,فعتشة
fa3tish,فَعْتِش,فعتش
yfa3tish,يفَعْتِش,يفعتش
fa3tash,فَعْتَش,فعتش
maf3uus,مَفْعُوص,مفعوص
mafaa3iis,مَفَاعِيص,مفاعيص
maf3uus,مَفْعُوص,مفعوص
fa33is,فَعِّص,فعص
2if3as,اِفْعَص,افعص
fa3wis,فَعْوِص,فعوص
2itfa3was,اِتْفَعْوَص,اتفعوص
yif3as,يِفْعَص,يفعص
yfa33is,يفَعِّص,يفعص
2infi3is,اِنْفِعِص,انفعص
2inif3is,اِنِفْعِص,انفعص
yinfi3is,يِنْفِعِص,ينفعص
yinif3is,يِنِفْعِص,ينفعص
2itfa33as,اِتْفَعَّص,اتفعص
yitfa33as,يِتْفَعَّص,يتفعص
yfa3wis,يفَعْوِص,يفعوص
yitfa3was,يِتْفَعْوَص,يتفعوص
fa3as,فَعَص,فعص
fa33as,فَعَّص,فعص
2infa3as,اِنْفَعَص,انفعص
tfa33as,تْفَعَّص,تفعص
fa3was,فَعْوَص,فعوص
tfa3was,تْفَعْوَص,تفعوص
faa3it,فَاعِط,فاعط
2if3at,اِفْعَط,افعط
yif3at,يِفْعَط,يفعط
fa3at,فَعَط,فعط
faa3i3,فَاعِع,فاعع
fa33a,فَعَّة,فعة
fu33,فُعّ,فع
fi33,فِعّ,فع
yfi33,يفِعّ,يفع
yfu33,يفُعّ,يفع
fa33,فَعّ,فع
fa3fil,فَعْفِل,فعفل
tfa3fal,تْفَعْفَل,تفعفل
fa3fil,يفَعْفِل,يفعفل
yitfa3fal,يِتْفَعْفَل,يتفعفل
fa3fal,فَعْفَل,فعفل
tfa3fal,تْفَعْفَل,تفعفل
mfa3kash,مْفَعْكَش,مفعكش
fa3kuush,فَعْكُوش,فعكوش
fa3aakiish,فَعَاكِيش,فعاكيش
fa3kashe,فَعْكَشِة,فعكشة
fa3kish,فَعْكِش,فعكش
yfa3kish,يفَعْكِش,يفعكش
2itfa3kash,اِتْفَعْكَش,اتفعكش
yitfa3kash,يِتْفَعْكَش,يتفعكش
fa3kash,فَعْكَش,فعكش
tfa3kash,تْفَعْكَش,تفعكش
munfa3il,مُنْفَعِل,منفعل
fa33aal,فَعَّال,فعال
faa3il,فَاعِل,فاعل
fa3aaliyye,فَعَالِيِّة,فعالية
tafaa3ul,تَفَاعُل,تفاعل
2itfa33al,اِتْفَعَّل,اتفعل
yitfa33al,يِتْفَعَّل,يتفعل
tfa33al,تْفَعَّل,تفعل
2infi3il,اِنْفِعِل,انفعل
yinfi3il,يِنْفِعِل,ينفعل
2infi3al,اِنْفَعَل,انفعل
2infi3aal,اِنْفِعَال,انفعال
fi3il,فِعِل,فعل
2af3aal,أَفْعَال,أفعال
faa3il kheer,فَاعِل خِير,فاعل خير
2ilfaa3le 2ittaarke,الفَاعلة التَاركة,الفاعلة التاركة
2if3al,اِفْعَل,افعل
fa33il,فَعِّل,فعل
yif3al,يِفْعَل,يفعل
yfa33il,يفَعِّل,يفعل
fa3al,فَعَل,فعل
fa33al,فَعَّل,فعل
2ifti3aal,اِفْتِعَال,افتعال
2ifti3il,اِفْتِعِل,افتعل
yifti3il,يِفْتِعِل,يفتعل
2ifta3al,اِفْتَعَل,افتعل
2ifghar,اِفْغَر,افغر
yifghar,يِفْغَر,يفغر
faghar,فَغَر,فغر
mfaghghas,مْفَغَّص,مفغص
mafghuus,مَفْغُوص,مفغوص
2itfaghghas,اِتْفَغَّص,اتفغص
yitfaghghas,يِتْفَغَّص,يتفغص
tfaghghas,تْفَغَّص,تفغص
faghghis,فَغِّص,فغص
yfaghghis,يفَغِّص,يفغص
2infighis,اِنْفِغِص,انفغص
yinfighis,يِنْفِغِص,ينفغص
faghghas,فَغَّص,فغص
2infaghas,اِنْفَغَص,انفغص
faghim,فَغِم,فغم
2infighim,اِنْفِغِم,انفغم
yinfighim,يِنْفِغِم,ينفغم
2infagham,اِنْفَغَم,انفغم
2ifgham,اِفْغَم,افغم
yifgham,يِفْغَم,يفغم
fagham,فَغَم,فغم
faafi,فَافِي,فافي
mafquud,مَفْقُود,مفقود
faqiid,فَقِيد,فقيد
faaqid,فَاقِد,فاقد
miftaqid,مِفْتَقِد,مفتقد
fuqde,فُقْدِة,فقدة
badal faaqid,بدل فَاقِد,بدل فاقد
2ifqid,اِفْقِد,افقد
faqqid,فَقِّد,فقد
2itfaqqad,اِتْفَقَّد,اتفقد
2istafqid,اِسْتَفْقِد,استفقد
2iftiqid,اِفْتِقِد,افتقد
2iftaqid,اِفْتَقِد,افتقد
yifqid,يِفْقِد,يفقد
yfaqqid,يفَقِّد,يفقد
yitfaqqad,يِتْفَقَّد,يتفقد
yistafqid,يِسْتَفْقِد,يستفقد
yiftiqid,يِفْتِقِد,يفتقد
yiftaqid,يِفْتَقِد,يفتقد
faqad,فَقَد,فقد
faqqad,فَقَّد,فقد
tfaqqad,تْفَقَّد,تفقد
2istafqad,اِسْتَفْقَد,استفقد
2iftaqad,اِفْتَقَد,افتقد
faqiir,فَقِير,فقير
fuqara,فُقَرَاء,فقراء
muftaqir,مُفْتَقِر,مفتقر
faqara,فَقَرَة,فقرة
fuqur,فُقُر,فقر
faqir,فَقِر,فقر
faqaar,فَقَار,فقار
faqir damm,فَقِر دم,فقر دم
fuqur wunuqur,فقر و نقر,فقر و نقر
2ifqar,اِفْقَر,افقر
faqqir,فَقِّر,فقر
2itfaaqar,اِتْفَاقَر,اتفاقر
yifqar,يِفْقَر,يفقر
yfaqqir,يفَقِّر,يفقر
yitfaaqar,يِتْفَاقَر,يتفاقر
2iftiqir,اِفْتِقِر,افتقر
2iftaqir,اِفْتَقِر,افتقر
yiftiqir,يِفْتِقِر,يفتقر
yiftaqir,يِفْتَقِر,يفتقر
fiqir,فِقِر,فقر
faqqar,فَقَّر,فقر
tfaaqar,تْفَاقَر,تفاقر
2iftaqar,اِفْتَقَر,افتقر
faaqiz,فَاقِز,فاقز
2ufquz2ufkus,اُفْقُز,افقز
yufquzyufkus,يُفْقُز,يفقز
faqazfakas,فَقَز,فقز
faagis,فَاقِس,فاقس
faaqis,فَاقِس,فاقس
faqquuse,فَقُّوسِة,فقوسة
mafqase,مَفْقَسِة,مفقسة
faqse,فَقْسِة,فقسة
faqis,فَقِس,فقس
faqis,فَقِس,فقس
faqquus,فَقُّوس,فقوس
mafaaqis,مَفَاقِس,مفاقس
mish faaqis minil beeda,مش فَاقس من البيضة,مش فاقس من البيضة
batinha faaqis,بطنهَا فَاقِس,بطنها فاقس
khyaaruw faqquus,خيَار وفقوس,خيار وفقوس
2ifqis,اِفْقِس,افقس
2ufqus,اُفْقُس,افقس
faqqis,فَقِّس,فقس
yifqis,يِفْقِس,يفقس
yufqus,يُفْقُس,يفقس
2infiqis,اِنْفِقِس,انفقس
yinfiqis,يِنْفِقِس,ينفقس
2inifqis,اِنِفْقِس,انفقس
yinifqis,يِنِفْقِس,ينفقس
yfaqqis,يفَقِّس,يفقس
faqqas,فَقَّس,فقس
faqas,فَقَس,فقس
2infaqas,اِنْفَقَس,انفقس
faaqish,فَاقِش,فاقش
mafquush,مَفْقُوش,مفقوش
fuqqaashiyye,فُقَّاشِيِّة,فقاشية
wijho faaqish,وجهه فَاقِش,وجهه فاقش
2ufqush,اِفْقُش,افقش
faqqish,فَقِّش,فقش
yufqush,يُفْقُش,يفقش
yfaqqish,يفَقِّش,يفقش
faqash,فَقَش,فقش
faqqash,فَقَّش,فقش
mafquu3,مَفْقُوع,مفقوع
faaqi3,فَاقِع,فاقع
fawaaqi3,فَوَاقِع,فواقع
fuq3a,فُقْعَة,فقعة
faqi3,فَقِع,فقع
fuqu3,فُقُع,فقع
faqa3it du7uk,فَقَع ضُحُك,فقع ضحك
faqa3 maraarti,فقع مرَارتي,فقع مرارتي
faq3at ma3i,فقعت معي,فقعت معي
2ifqa3,اِفَقَع,افقع
faqqi3,فَقِّع,فقع
yifqa3,يِفْقَع,يفقع
2infiqi3,اِنْفِقِع,انفقع
yinfiqi3,يِنْفِقِع,ينفقع
yfaqqi3,يفَقِّع,يفقع
faqa3,فَقَع,فقع
2infaqa3,اِنْفَقَع,انفقع
faqqa3,فَقَّع,فقع
mfaqfiqmfa2fi2,مْفَقْفِق,مفقفق
faqfiqfa2fi2,فَقْفِق,فقفق
yfaqfiqyfa2fi2,يفَقْفِق,يفقفق
faqfaqfa2fa2,فَقْفَق,فقفق
faqqaaq,فَقَّاق,فقاق
faqqiq,فَقِّق,فقق
yfaqqiq,يفَقِّق,يفقق
faqqaq,فَقَّق,فقق
faqma,فَقْمَا,فقما
mutafaaqim,مُتَفَاقِم,متفاقم
2ifqam,اِفْقَم,افقم
fuqum,فُقُم,فقم
faqme,فَقْمِة,فقمة
tafaaqum,تَفَاقُم,تفاقم
faaqim,فَاقِم,فاقم
yfaaqim,يفَاقِم,يفاقم
2itfaaqam,اِتْفَاقَم,اتفاقم
yitfaaqam,يِتْفَاقَم,يتفاقم
faaqam,فَاقَم,فاقم
tfaaqam,تْفَاقَم,تفاقم
fiqih,فِقِه,فقه
faqiih,فَقِيه,فقيه
laa yifqah shii,لَا يفْقَه شي,لا يفقه شي
2ifqah,اِفْقَه,افقه
2itfaqqah,اِتْفَقَّه,اتفقه
yifqah,يِفْقَه,يفقه
yitfaqqah,يِتْفَقَّه,يتفقه
fiqih,فِقِه,فقه
tfaqqah,تْفَقَّه,تفقه
mfaaqkaat,مْفَاقَاة,مفاقاة
faqa 2iddumale,فقى الدملة,فقى الدملة
2ifqi,اِفْقِي,افقي
faaqki,فَاقِي,فاقي
yifqi,يِفْقِي,يفقي
yfaaqki,يفَاقِي,يفاقي
faqa,فَقَى,فقى
faaqka,فَاقَى,فاقى
fak7a,فَكْحَا,فكحا
2ifka7,اِفْكَح,افكح
2afka7,أَفْكَح,أفكح
fuku7,فُكُح,فكح
mfakki7,مْفَكِّح,مفكح
tafkii7,تَفْكِيح,تفكيح
2alla yifka7ak,الله يفكَحَك,الله يفكحك
2ifka7,اِفْكَح,افكح
fakki7,فَكِّح,فكح
yifka7,يِفْكَح,يفكح
yfakki7,يفَكِّح,يفكح
faka7,فَكَح,فكح
fakka7,فَكَّح,فكح
mfakkir,مْفَكِّر,مفكر
mifkir,مِفْكِر,مفكر
fikra,فِكْرَة,فكرة
tafkiir,تَفْكِير,تفكير
mufakkir,مُفَكِّر,مفكر
fikir,فِكِر,فكر
tafakkur,تَفَكُّر,تفكر
2afkaar,أَفْكَار,أفكار
3afikra,عَفِكْرَة,عفكرة
fakkir,فَكِّر,فكر
2itfakkar,اِتْفَكَّر,اتفكر
yfakkir,يفَكِّر,يفكر
yitfakkar,يِتْفَكَّر,يتفكر
fakkar,فَكَّر,فكر
tfakkar,تْفَكَّر,تفكر
fitshatsh,فِكَك,فكك
mafkuuk,مَفْكُوك,مفكوك
tafkiik,تَفْكِيك,تفكيك
fakke,فَكِّة,فكة
mafakk,مَفَكّ,مفك
fakk,فَكّ,فك
2ifkuuk,فْكُوك,فكوك
fikk 2il3uqde,فِكّ العُقِْدة,فك العقدة
fikk,فِكّ,فك
fakkik,فَكِّك,فكك
2itfakkak,اِتْفَكَّك,اتفكك
yfikk,يفِكّ,يفك
2infakk,اِنْفَكّ,انفك
yinfakk,يِنْفَكّ,ينفك
yfakkik,يفَكِّك,يفكك
yitfakkak,يِتْفَكَّك,يتفكك
fakk,فَكّ,فك
2infakk,اِنْفَكّ,انفك
fakkak,فَكَّك,فكك
tfakkak,تْفَكَّك,تفكك
faakha,فَاكْهَة,فاكهة
fakhane,فَكْهَنِة,فكهنة
fawaake,فوَاكِه,فواكه
fakahanji,فَكَهَنْجِي,فكهنجي
2itfakhan,اِتْفَكْهَن,اتفكهن
yitfakhan,يِتْفَكْهَن,يتفكهن
tfakhan,تْفَكْهَن,تفكهن
faluuti,فَلُوتِي,فلوتي
faltaan,فَلْتَان,فلتان
falataan,فَلَتَان,فلتان
filit 3alee 2iddi7ik,فلت عليه الضحك,فلت عليه الضحك
fallat lo 2irrasan,فَلَّت له الرسن,فلت له الرسن
2itfallat,اِتْفَلَّت,اتفلت
yitfallat,يِتْفَلَّت,يتفلت
tfallat,تْفَلَّت,تفلت
2infilit,اِنْفِلِت,انفلت
yinfilit,يِنْفِلِت,ينفلت
2infalat,اِنْفَلَت,انفلت
2iflat,اِفْلَت,افلت
2iflit,اِفْلِت,افلت
2itfalwat,اِتْفَلْوَت,اتفلوت
fallit,فَلِّت,فلت
yiflat,يِفْلَت,يفلت
yiflit,يِفْلِت,يفلت
yitfalwat,يِتْفَلْوَت,يتفلوت
yfallit,يفَلِّت,يفلت
filit,فِلِت,فلت
tfalwat,تْفَلْوَت,تفلوت
fallat,فَلَّت,فلت
2infilij,اِنْفِلِج,انفلج
yinfilij,يِنْفِلِج,ينفلج
2infalaj,اِنْفَلَج,انفلج
btiflij,بْتِفْلِج,بتفلج
2iflij,اِفْلِج,افلج
yiflij,يِفْلِج,يفلج
falaj,فَلَج,فلج
mafluuj,مَفْلُوج,مفلوج
faalij,فَالِج,فالج
faali7,فَالِح,فالح
fallaa7i,فَلَّاحِي,فلاحي
falaa7a,فَلَاحَة,فلاحة
flaa7a,فْلَاحَة,فلاحة
fallaa7,فَلَّاح,فلاح
2ifla7,اِفْلَح,افلح
2ifla7,اِفْلَح,افلح
yifla7,يِفْلَح,يفلح
yifla7,يِفْلَح,يفلح
fili7,فِلِح,فلح
fala7,فَلَح,فلح
mfallikh,مْفَلِّخ,مفلخ
tafliikh,تَفْلِيخ,تفليخ
2itfallakh,اِتْفَلَّخ,اتفلخ
yitfallakh,يِتْفَلَّخ,يتفلخ
tfallakh,تْفَلَّخ,تفلخ
2iflakh,اِفْلَخ,افلخ
fallikh,فَلِّخ,فلخ
yiflakh,يِفْلَخ,يفلخ
yfallikh,يفَلِّخ,يفلخ
falakh,فَلَخ,فلخ
fallakh,فَلَّخ,فلخ
mfallis,مْفَلِّس,مفلس
filis,فِلِس,فلس
fluus,فْلُوس,فلوس
fallis,فَلِّس,فلس
yfallis,يفَلِّس,يفلس
fallas,فَلَّس,فلس
tafallas,تفَلَّس,تفلس
falastiin,فَلَسْطِين,فلسطين
falastiini,فَلَسْطِينِي,فلسطيني
mfalsi3,مْفَلْسِع,مفلسع
falsa3a,فَلْسَعَة,فلسعة
falsi3,فَلْسِع,فلسع
yfalsi3,يفَلْسِع,يفلسع
falsa3,فَلْسَع,فلسع
falaasifa,فَلَاسِفَة,فلاسفة
faylasuuf,فَيلَسُوف,فيلسوف
tfalsaf,تْفَلْسَف,تفلسف
yitfalsaf,يِتْفَلْسَف,يتفلسف
2itfalsaf,اِتْفَلْسَف,اتفلسف
falsafe,فَلْسَفِة,فلسفة
mfalsaf,مْفَلْسَف,مفلسف
mfalsafji,مْفَلْسَفْجِي,مفلسفجي
tfilsif,تْفِلْسِف,تفلسف
mfallis,مْفَلِّص,مفلص
faalsu,فَالْصُو,فالصو
tafliis,تَفْلِيص,تفليص
fallis,فَلِّص,فلص
yfallis,يفَلِّص,يفلص
fallas,فَلَّص,فلص
falta7,فَلْطَح,فلطح
faali3,فَالِع,فالع
faali3,فَالِع,فالع
mafluu3,مَفْلُوع,مفلوع
2ifla3,اِفْلَع,افلع
yifla3,يِفْلَع,يفلع
2infili3,اِنْفِلِع,انفلع
yinfili3,يِنْفِلِع,ينفلع
fala3,فَلَع,فلع
2infala3,اِنْفَلَع,انفلع
fal3uus,فَلْعُوص,فلعوص
falaa3iis,فَلَاعِيص,فلاعيص
falfale,فَلْفَلِة,فلفلة
filfile,فِلْفِلِة,فلفلة
fleefle,فْلَيفْلِة,فليفلة
falaafil,فَلَافِل,فلافل
filfil,فِلْفِل,فلفل
filfil 2aswad,فِلْفِل أسود,فلفل أسود
2itfalfal,اِتْفَلْفَل,اتفلفل
yitfalfal,يِتْفَلْفَل,يتفلفل
tfalfal,تْفَلْفَل,تفلفل
falfil,فَلْفِل,فلفل
yfalfil,يفَلْفِل,يفلفل
falfal,فَلْفَل,فلفل
falqa,فَلْقَة,فلقة
falqa,فَلْقِة,فلقة
7azzo byifluq 2issakhir,حظُّه بيِفْلُق الصخر,حظه بيفلق الصخر
2ifluq,اُفْلُق,افلق
falliq,فَلِّق,فلق
2infiliq,اِنْفِلِق,انفلق
2itfallaq,اِتْفَلَّق,اتفلق
yifluq,يِفْلُق,يفلق
yfalliq,يفَلِّق,يفلق
yinfiliq,يِنْفِلِق,ينفلق
yitfallaq,يِتْفَلَّق,يتفلق
fallaq,فَلَق,فلق
fallaq,فَلَّق,فلق
2infalaq,اِنْفَلَق,انفلق
tfallaq,تْفَلَّق,تفلق
falak,فَلَك,فلك
mfallal,مْفَلِّل,مفلل
full,فُلّ,فل
fulle,فُلِّة,فلة
villa,فِلَّة,فلة
tafliil,تَفْلِيل,تفليل
vilal,فِلَل,فلل
fallil,فَلِّل,فلل
yfallil,يفَلِّل,يفلل
2itfallal,اِتْفَلَّل,اتفلل
yitfallal,يِتْفَلَّل,يتفلل
fallal,فَلَّل,فلل
tfallal,تْفَلَّل,تفلل
mfallik,مْفَلِّك,مفلك
fallik,فَلِّك,فلك
yfallik,يفَلِّك,يفلك
fallak,فَلَّك,فلك
filim,فِلِم,فلم
2aflaam,أَفْلَام,أفلام
sa7ab 2aflaam,سَحب أفْلَام,سحب أفلام
2infilim,اِنْفِلِم,انفلم
yinfilim,يِنْفِلِم,ينفلم
2infalam,اِنْفَلَم,انفلم
2iflam,اِفْلِم,افلم
yiflam,يِفْلِم,يفلم
falam,فَلَم,فلم
flaan,فْلَان,فلان
falliine,فَلِّينِة,فلينة
falliin,فَلِّين,فلين
mfalla,مْفَلَّى,مفلى
tiflaaye,تِفْلَايِة,تفلاية
2itfalla,اِتْفَلَّى,اتفلى
yitfalla,يِتْفَلَّى,يتفلى
tfalla,تْفَلَّى,تفلى
falli,فَلِّي,فلي
yfalli,يفَلِّي,يفلي
falla,فَلَّى,فلى
mfantiz,مْفَنْتِز,مفنتز
fantaziyye,فَنْتَزِيِّة,فنتزية
fantiz,فَنْتِز,فنتز
yfantiz,يفَنْتِز,يفنتز
2itfantaz,اِتْفَنْتَز,اتفنتز
yitfantaz,يِتْفَنْتَز,يتفنتز
fantaz,فَنْتَز,فنتز
tfantaz,تْفَنْتَز,تفنتز
mfanjir,مْفَنْجِر,مفنجر
fanjir,فَنْجِر,فنجر
yfanjir,يفَنْجِر,يفنجر
fanjar,فَنْجَر,فنجر
finjaal,فِنْجَال,فنجال
fanajiil,فَنَاجِيل,فناجيل
finjaan,فِنْجَان,فنجان
fanajiin,فَنَاجِين,فناجين
finjaan qahwe,فِنْجَان قهوة,فنجان قهوة
finjaan 2ilqaadi,فِنْجَان القَاضِي,فنجان القاضي
tafniid,تَفْنِيد,تفنيد
2itfannad,اِتْفَنَّد,اتفند
yitfannad,يِتْفَنَّد,يتفند
tfannad,تْفَنَّد,تفند
fannid,فَنِّد,فند
yfannid,يفَنِّد,يفند
fannad,فَنَّد,فند
mafnuus,مَفْنُوس,مفنوس
faanuus,فَانُوس,فانوس
fawaaniis,فَوَانِيس,فوانيس
2infinis,اِنْفِنِس,انفنس
yinfinis,يِنْفِنِس,ينفنس
2infanas,اِنْفَنَس,انفنس
2ifnis,اِفْنِس,افنس
yifnis,يِفْنِس,يفنس
fanas,فَنَس,فنس
mfannish,مْفَنِّش,مفنش
tafniish,تَفْنِيش,تفنيش
2itfannash,اِتْفَنَّش,اتفنش
yitfannash,يِتْفَنَّش,يتفنش
tfannash,تْفَنَّش,تفنش
fannish,فَنِّش,فنش
yfannish,يفَنِّش,يفنش
fannash,فَنَّش,فنش
funut,فُنُط,فنط
2itfannat,اِتْفَنَّط,اتفنط
yitfannat,يِتْفَنَّط,يتفنط
tfannat,تْفَنَّط,تفنط
fannit,فَنِّط,فنط
yfannit,يفَنِّط,يفنط
fannat,فَنَّط,فنط
fanni3,فَنِّع,فنع
yfanni3,يفَنِّع,يفنع
fanna3,فَنَّع,فنع
fanka7a,فَنْكَحَة,فنكحة
2itfanka7,اِتْفَنْكَح,اتفنكح
yitfanka7,يِتْفَنْكَح,يتفنكح
tfanka7,تْفَنْكَح,تفنكح
faanilla,فَانِيلَّا,فانيلا
fannaan,فَنَّان,فنان
fanne,فَنِّة,فنة
fannaan,فَنَّان,فنان
fann,فَنّ,فن
fanni,فَنِّي,فني
fanne 2ijdiide,فَنِّة جديدة,فنة جديدة
finn,فِنّ,فن
fannin,فَنِّن,فنن
2itfannan,اِتْفَنَّن,اتفنن
yfinn,يفِنّ,يفن
yfannin,يفَنِّن,يفنن
yitfannan,يِتْفَنَّن,يتفنن
fann,فَنّ,فن
fannan,فَنَّن,فنن
tfannan,تْفَنَّن,تفنن
faani,فَانِي,فاني
fanaa2,فَنَاء,فناء
2ifni,اِفْنِي,افني
yifni,يِفْنِي,يفني
2ifna,اِفْنَي,افني
yifna,يِفْنَي,يفني
2afna,أَفْنَى,أفنى
fana,فَنَى,فنى
fahqa,فَهْقَة,فهقة
mfaahaqa,مْفَاهَقَة,مفاهقة
2ifhaq,اِفْهَق,افهق
faahiq,فَاهِق,فاهق
yifhaq,يِفْهَق,يفهق
yfaahiq,يفَاهِق,يفاهق
fahaq,فَهَق,فهق
faahaq,فَاهَق,فاهق
fahlaqa,فَهْلَقَة,فهلقة
fahliq,فَهْلِق,فهلق
yfahliq,يفَهْلِق,يفهلق
fahlaq,فَهْلَق,فهلق
fahlawi,فَهْلَوِي,فهلوي
fahlawiyye,فَهْلَوِيِّة,فهلوية
mutafahhim,مُتَفَهِّم,متفهم
fahmaan,فَهْمَان,فهمان
fahiim,فَهِيم,فهيم
mafhuum,مَفْهُوم,مفهوم
faahim,فَاهِم,فاهم
fahmaan,فَهْمَان,فهمان
fihim,فِهِم,فهم
2istifhaam,اِسْتِفْهَام,استفهام
mafhuum,مَفْهُوم,مفهوم
mafaahiim,مَفَاهِيم,مفاهيم
qillit fihim,قِلِّة فِهِم,قلة فهم
3alaamit 2istifhaam,علَامة اِسْتِفْهَام,علامة استفهام
fii miit 3alaamit 2istifhaam,في مية علَامة اِسْتِفْهَام على,في مية علامة استفهام على
2ifham,اِفْهَم,افهم
fahhim,فَهِّم,فهم
2istafhim,اِسْتَفْهِم,استفهم
2itfahham,اِتْفَهَّم,اتفهم
2itfahman,اِتْفَهْمَن,اتفهمن
yifham,يِفْهَم,يفهم
yfahhim,يفَهِّم,يفهم
yistafhim,يِسْتَفْهِم,يستفهم
2infihim,اِنْفِهِم,انفهم
yinfihim,يِنْفِهِم,ينفهم
yitfahham,يِتْفَهَّم,يتفهم
2itfaaham,اِتْفَاهَم,اتفاهم
yitfaaham,يِتْفَاهَم,يتفاهم
yitfahman,يِتْفَهْمَن,يتفهمن
fihim,فِهِم,فهم
fahham,فَهَّم,فهم
2istafham,اِسْتَفْهَم,استفهم
2infaham,اِنْفَهَم,انفهم
tfahham,تْفَهَّم,تفهم
tfaaham,تْفَاهَم,تفاهم
tfahman,تْفَهْمَن,تفهمن
mfahhi,مْفَهِّي,مفهي
faahi,فَاهِي,فاهي
fahhi,فَهِّي,فهي
yfahhi,يفَهِّي,يفهي
fahha,فَهَّى,فهى
faayit,فَايِت,فايت
foote,فَوتِة,فوتة
tafwiit,تَفْوِيت,تفويت
futtak bil7aki,فتك بَالحكي,فتك بالحكي
fuut,فُوت,فوت
fawwit,فَوِّت,فوت
yfuut,يفُوت,يفوت
yfawwit,يفَوِّت,يفوت
faat,فَات,فات
fawwat,فَوَّت,فوت
2afwaaj,أَفْوَاج,أفواج
fooj,فَوج,فوج
faayi7,فَايِح,فايح
fawwaa7a,فَوَّاحَة,فواحة
fuu7,فُوح,فوح
fawwi7,فَوِّح,فوح
yfuu7,يفُوح,يفوح
yfawwi7,يفَوِّح,يفوح
faa7,فَاح,فاح
fawwa7,فَوَّح,فوح
mfoodis,مْفَودِس,مفودس
foodaas,فَودَاس,فوداس
foodis,فَودِس,فودس
yfoodis,يفَودِس,يفودس
foodas,فَودَس,فودس
foor,فَور,فور
mfawwir,مْفَوَّر,مفور
mfawwara,مْفَوَّرَة,مفورة
foora,فَورَة,فورة
foorat damm,فَورَة دَمّ,فورة دم
foorat damm,فَورَة دَمّ,فورة دم
fawwar li dammi,فَوَّر لي دمي,فور لي دمي
fawwir,فَوِّر,فور
yfawwir,يفَوِّر,يفور
fuur,فُور,فور
yfuur,يفُور,يفور
fawwar,فَوَّر,فور
faar,فَار,فار
fawaari,فَوَارِي,فواري
faayiz,فَايِز,فايز
fooz,فَوز,فوز
fuuz,فُوز,فوز
yfuuz,يفُوز,يفوز
faaz,فَاز,فاز
fawwiz,فَوِّز,فوز
yfawwiz,يفَوِّز,يفوز
fawwaz,فَوَّز,فوز
faayish,فَايِش,فايش
fawwaashe,فَوَّاشِة,فواشة
fuush,فُوش,فوش
yfuush,يفُوش,يفوش
faash,فَاش,فاش
fawdawi,فَوْضَوِي,فوضوي
fawda,فَوْضَى,فوضى
mufaawada,مُفَاوَضَة,مفاوضة
2itfaawad,اِتْفَاوَض,اتفاوض
yitfaawad,يِتْفَاوَض,يتفاوض
tfaawad,تْفَاوَض,تفاوض
faawid,فَاوِض,فاوض
yfaawid,يفَاوِض,يفاوض
faawad,فَاوَض,فاوض
fuuta,فُوطَة,فوطة
fuwat,فوَط,فوط
fawwit,فَوِّط,فوط
yfawwit,يفَوِّط,يفوط
2itfawwat,اِتْفَوَّط,اتفوط
yitfawwat,يِتْفَوَّط,يتفوط
fawwat,فَوَّط,فوط
tfawwat,تْفَوَّط,تفوط
faa2iq,فَائِق,فائق
mutafawwiq,مُتَفَوِّق,متفوق
fooqaani,فَوقَانِي,فوقاني
fooq,فَوق,فوق
fooq,فَوق,فوق
fawqiyye,فَوقِيِّة,فوقية
tafawwuq,تَفَوُّق,تفوق
law 2iysiiruu 2ijreek fooq wraasak lata7at,لَو يصِيرُوَا اِجْرَيك فَوق ورَاسَك تَحِت,لو يصيروا اجريك فوق وراسك تحت
min fooq lafooq,مِن فَوق لَفَوق,من فوق لفوق
fooq ba3ad,فَوق بَعَض,فوق بعض
fooq 7aqqo duqqo,فَوق حَقُّه دُقُّه,فوق حقه دقه
fooq fooq,فَوق فَوق,فوق فوق
2itfawwaq,اِتْفَوَّق,اتفوق
fuuq,فُوق,فوق
yfuuq,يفُوق,يفوق
yitfawwaq,يِتْفَوَّق,يتفوق
faaq,فَاق,فاق
tfawwaq,تْفَوَّق,تفوق
fuule,فُولِة,فولة
fawaale,فَوَالِة,فوالة
fuul,فُول,فول
maa btinbal bthimmo fuule,مَا يتنيل بثمه فولة,ما يتنيل بثمه فولة
kul fuulew 2ilha kayyaalha,كل فولة وإِلهَا كيَالهَا,كل فولة وإلها كيالها
fii,فِيه,فيه
fii,فِي,في
fish,فِش,فش
fish khawaas,فِش خَوَاص,فش خواص
fayy,فَيّ,في
fayy wumayy,فَيّ ومَيّ,في ومي
mafaad,مَفَاد,مفاد
faa2ide,فَائِدِة,فائدة
mufiid,مُفِيد,مفيد
faayid,فَايِد,فايد
faayde,فَايْدِة,فايدة
food,فَود,فود
fiid,فِيد,فيد
feed,فَيد,فيد
fawaa2id,فوَائِد,فوائد
fiid,فِيد,فيد
2istafiid,اِسْتَفِيد,استفيد
yistafiid,يِسْتَفِيد,يستفيد
yfiid,يفِيد,يفيد
faad,فَاد,فاد
2istafaad,اِسْتَفَاد,استفاد
viidyoo,فِيدْيَو,فيديو
fiish,فِيش,فيش
fyaash,فْيَاش,فياش
fiyash,فِيَش,فيش
fiishe,فِيشِة,فيشة
fiyash,فِيَش,فيش
faayid,فَايِض,فايض
faa2id,فَائِض,فائض
feed,فَيض,فيض
2utrukha 3afeed 2alla,اِتْرُكْهَا عَفَيض الله,اتركها عفيض الله
fayadaan,فَيَضَان,فيضان
fiid,فِيض,فيض
yfiid,يفِيض,يفيض
faad,فَاض,فاض
faayi3,فَايِع,فايع
faayi3,فَايِع,فايع
faayaa3a,فَيَاعَة,فياعة
fii3,فِيع,فيع
fayyi3,فيِّع,فيع
mi2istayi3,مِسْتَفْيِع,مستفيع
yfii3,يفِيع,يفيع
yfayyi3,يفيِّع,يفيع
2i2istayi3,اِسْتَفْيِع,استفيع
yi2istayi3,يِسْتَفْيِع,يستفيع
faa3,فَاع,فاع
fayya3,فَيَّع,فيع
2istaya3,اِسْتَفيَع,استفيع
faayiq,فَايِق,فايق
faayiq wuraayiq,فَايق و رَايق,فايق و رايق
fiiq,فِيق,فيق
fayyiq,فَيِّق,فيق
yfiiq,يفِيق,يفيق
yfayyiq,يفَيِّق,يفيق
faaq,فَاق,فاق
fayyaq,فَيَّق,فيق
fayyil,فَيِّل,فيل
yfayyil,يفَيِّل,يفيل
fayyal,فَيَّل,فيل
faayl,فَايْل,فايل
fayal,فَيَل,فيل
fiil,فِيل,فيل
fiyala,فِيلَة,فيلة
saayra qadd 2ilfiil,صَايرة قد الفِيل,صايرة قد الفيل
qaashuush,قَاشُوش,قاشوش
qabbe,قَبِّة,قبة
qubbe,قُبِّة,قبة
qabbiyye,قَبِّيِّة,قبية
qaabe,قَابِة,قابة
qubab,قُبَب,قبب
qabb 3awijih 2iddinya,قَبّ عوجه الدنيَا,قب عوجه الدنيا
min qabbit,من قَبِّة,من قبة
qibb,قِبّ,قب
yqibb,يقِبّ,يقب
qabb,قَبّ,قب
qabii7,قَبِيح,قبيح
qubu7,قُبِح,قبح
taqbii7,تَقْبِيح,تقبيح
qabbi7,قَبِّح,قبح
2istaqbi7,اِسْتَقْبِح,استقبح
yqabbi7,يقَبِّح,يقبح
yistaqbi7,يِسْتَقْبِح,يستقبح
qabba7,قَبَّح,قبح
2istaqba7,اِسْتَقْبَح,استقبح
qabir,قَبِر,قبر
qbuur,قْبُور,قبور
3yoono wilqabir,عيونه وَالقبر,عيونه والقبر
3a7aaffit qabro,عحَافة قبره,عحافة قبره
biqarqi3in 3dhaamo bqabro,بقرقعن عظَامه بقبره,بقرقعن عظامه بقبره
bitqallab biqabro,بتقلب بقبره,بتقلب بقبره
dhabii7it 2ilqabir,ذبيحة القبر,ذبيحة القبر
qarsito wilqabir,قرصته وَالقبر,قرصته والقبر
qaabir 2ahlo,قَابر أهله,قابر أهله
2inqibir,اِنْقِبِر,انقبر
yinqibir,يِنْقِبِر,ينقبر
2inqabar,اِنْقَبَر,انقبر
2uqbur,اُقْبُر,اقبر
qabbir,قَبِّر,قبر
yuqbur,يُقْبُر,يقبر
qaabir,قَابِر,قابر
yqabbir,يقَبِّر,يقبر
qabar,قَبَر,قبر
qabbar,قَبَّر,قبر
mqabbis,مْقَبِّس,مقبس
miqbis,مِقْبِس,مقبس
2iqtibaas,اِقْتِبَاس,اقتباس
2iqtibis,اِقْتِبِس,اقتبس
yiqtibis,يِقْتِبِس,يقتبس
2iqtabas,اِقْتَبَس,اقتبس
mqabbis,مْقَبِّص,مقبص
taqbiis,تَقْبِيص,تقبيص
yitqabbas,اِتْقَبَّص,اتقبص
2itqabbas,يِتْقَبَّص,يتقبص
tqabbas,تْقَبَّص,تقبص
qabbis,قَبِّص,قبص
yqabbis,يقَبِّص,يقبص
qabbas,قَبَّص,قبص
qaabid,قَابِض,قابض
maqbuud,مَقْبُوض,مقبوض
qabda,قَبْضَة,قبضة
qabid,قَبِض,قبض
qabadit,قَبَضِت,قبضت
2uqbud,اُقْبُض,اقبض
qabbid,قَبِّض,قبض
yuqbud,يُقْبُض,يقبض
2inqibid,اِنْقِبِض,انقبض
yinqibid,يِنْقِبِض,ينقبض
yqabbid,يقَبِّض,يقبض
qabad,قَبَض,قبض
2inqabad,اِنْقَبَض,انقبض
qabbad,قَبَّض,قبض
qub3a,قُبْعَة,قبعة
qubu3,قُبُع,قبع
quba3,قُبَع,قبع
qubu3,قُبُع,قبع
gabba3at ma3i,قَبَّعت معي,قبعت معي
2illi qabba3 qabba3 willi rabba3 rabba3,اللي قَبَّع قَبَّع وَاللي ربع ربع,اللي قبع قبع واللي ربع ربع
mgabbi3,مْقَبِّع,مقبع
mqabbi3,مْقَبِّع,مقبع
qabbi3,قَبِّع,قبع
2iqba3,اِقْبَع,اقبع
goobi3,قَوبِع,قوبع
yqabbi3,يقَبِّع,يقبع
yiqba3,يِقْبَع,يقبع
2inqibi3,اِنْقِبِع,انقبع
yinqibi3,يِنْقِبِع,ينقبع
ygoobi3,يقَوبِع,يقوبع
qabba3,قَبَّع,قبع
qaba3,قَبَع,قبع
2inqaba3,اِنْقَبَع,انقبع
gooba3,قَوبَع,قوبع
qubqaab2ub2aab,قُبْقَاب,قبقاب
qabaaqiib2abaa2iib,قَبَاقِيب,قباقيب
mqaabiil,مْقَابِيل,مقابيل
muqaabil,مُقَابِل,مقابل
qabil,قَبِل,قبل
qabil,قَبِل,قبل
qaabil,قَابِل,قابل
mitqabbil,مِتْقَبِّل,متقبل
muqaabale,مُقَابَلِة,مقابلة
qubuul,قُبُول,قبول
taqabbul,تَقَبُّل,تقبل
2istiqbaal,اِسْتِقْبَال,استقبال
qbaali,قبَالي,قبالي
3indo qubuul,عنده قُبُول,عنده قبول
qubuul jaam3a,قُبُول جَامعة,قبول جامعة
qaabil 3ala 7aalo,قَابِل على حَاله,قابل على حاله
2istiqbaal 2ilqible,اِسْتِقبَال القبلة,استقبال القبلة
taqbiilit skhuune,تَقْبِيلِة سخونِة,تقبيلة سخونة
2iqbal,اِقْبَل,اقبل
2inqabil,اِنْقِبِل,انقبل
2itqabbal,اِتْقَبَّل,اتقبل
qaabil,قَابِل,قابل
2istaqbil,اِسْتَقْبِل,استقبل
yiqbal,يِقْبَل,يقبل
yinqabil,يِنْقِبِل,ينقبل
yitqabbal,يِتْقَبَّل,يتقبل
yqaabil,يقَابِل,يقابل
yistaqbil,يِسْتَقْبِل,يستقبل
qibil,قِبِل,قبل
2inqabal,اِنْقَبَل,انقبل
maqbuul,مَقْبُول,مقبول
mustaqbal,مُسْتَقْبَل,مستقبل
qible,قِبْلِة,قبلة
taqbiile,تَقْبِيلِة,تقبيلة
qbaal,قْبَال,قبال
tqabbal,تْقَبَّل,تقبل
qaabal,قَابَل,قابل
2istaqbal,اِسْتَقْبَل,استقبل
qubbaaniyye,قُبَّانِيِّة,قبانية
qatba,قَتْبَا,قتبا
2aqtab,أَقْتَب,أقتب
qutub,قُتُب,قتب
mqattib,مْقَتِّب,مقتب
qattib,قَتِّب,قتب
yqattib,يقَتِّب,يقتب
qattab,قَتَّب,قتب
mqattit,مْقَتِّت,مقتت
qattit,قَتِّت,قتت
yqattit,يقَتِّت,يقتت
qattat,قَتَّت,قتت
mqattir,مْقَتَّر,مقتر
mqattir,مْقَتِّر,مقتر
qatara,قَتَرَة,قترة
taqtiir,تَقْتِير,تقتير
qattir,قَتِّر,قتر
yqattir,يقَتِّر,يقتر
qattar,قَتَّر,قتر
mistaqtil,مِسْتَقْتِل,مستقتل
qatle,قَتْلِة,قتلة
qatil,قَتِل,قتل
qatal 7aalo,قَتَل حَاله,قتل حاله
2irrii7a btuqtul,الرِّيحة بتقتُل,الريحة بتقتل
ta3maa qatle,طَعْمَاه قَتْلِة,طعماه قتلة
2akil qatle,أَكَل قَتْلِة,أكل قتلة
qitaali,قِتَالِي,قتالي
2iqtul,اِقْتُل,اقتل
2uqtul,اُقْتُل,اقتل
qattil,قَتِّل,قتل
qaatil,قَاتِل,قاتل
2itqaatal,اِتْقَاتَل,اتقاتل
2istaqtil,اِسْتَقْتِل,استقتل
yiqtul,يِقْتُل,يقتل
yuqtul,يُقْتُل,يقتل
2inqitil,اِنْقِتِل,انقتل
yinqatal,يِنْقَتَل,ينقتل
yqattil,يقَتِّل,يقتل
2itqattal,اِتْقَتَّل,اتقتل
yitqattal,يِتْقَتَّل,يتقتل
yqaatil,يقَاتِل,يقاتل
yitqaatal,يِتْقَاتَل,يتقاتل
yistaqtil,يِسْتَقْتِل,يستقتل
qatal,قَتَل,قتل
2inqatal,اِنْقَتَل,انقتل
qatla,قَتْلَى,قتلى
qatiil,قَتِيل,قتيل
qattal,قَتَّل,قتل
tqattal,تْقَتَّل,تقتل
qaatal,قَاتَل,قاتل
tqaatal,تْقَاتَل,تقاتل
2istaqtal,اِسْتَقْتَل,استقتل
qaatim,قَاتِم,قاتم
qawaatim,قَوَاتِم,قواتم
qattim,قَتِّم,قتم
yqattim,يقَتِّم,يقتم
qattam,قَتَّم,قتم
mitkgathrid,مِتْقَثْرِد,متقثرد
2itkgathrad,اِتْقَثْرَد,اتقثرد
yitkgathrad,يِتْقَثْرَد,يتقثرد
tkgathrad,تْقَثْرَد,تقثرد
qudjdje,قُجّة,قجة
qudjadj,قُجَج,قجج
mithil 2ilqudjdje,مثل القُجّة,مثل القجة
qadjdjidj,قَجِّج,قجج
yqadjdjidj,يقَجِّج,يقجج
qadjdjadj,قَجَّج,قجج
mqadjqidj,مْقَجْقِج,مقجقج
qadjquudj,قَجْقُوج,قجقوج
qadjaaqiidj,قَجَاقِيج,قجاقيج
qadjqadje,قَجْقَجِة,قجقجة
qadjqidj,قَجْقِج,قجقج
yqadjqidj,يقَجْقِج,يقجقج
qadjqadj,قَجْقَج,قجقج
qga7be,قَحْبَة,قحبة
qga7aayib,قَحَايِب,قحايب
qg7aab,قْحَاب,قحاب
qga77ib,قَحِّب,قحب
yqga77ib,يقَحِّب,يقحب
qga77ab,قَحَّب,قحب
muq7aar,مُقْحَار,مقحار
maqaa7iir,مَقَاحِير,مقاحير
2iq7ar,اِقْحَر,اقحر
yiq7ar,يِقْحَر,يقحر
qa7ar,قَحَر,قحر
gkaa7uush,قَاحُوش,قاحوش
gkawaa7iish,قَوَاحِيش,قواحيش
2inki7ish,اِنْقِحِش,انقحش
yinki7ish,يِنْقِحِش,ينقحش
2inka7ash,اِنْقَحَش,انقحش
2ik7ash,اِقْحَش,اقحش
yik7ash,يِقْحَش,يقحش
ka7ash,قَحَش,قحش
2iq7as,اِقْحَص,اقحص
yiq7as,يِقْحَص,يقحص
qa7as,قَحَص,قحص
qa7it,قَحِط,قحط
2itqa77at,اِتْقَحَّط,اتقحط
yitqa77at,يِتْقَحَّط,يتقحط
tqa77at,تْقَحَّط,تقحط
2inqi7it,اِنقِحِط,انقحط
yinqi7it,يِنقِحِط,ينقحط
2inqa7at,اِنقَحَط,انقحط
qa77it,قَحِّط,قحط
2iq7at,اِقْحَط,اقحط
yiq7at,يِقْحَط,يقحط
yqa77it,يقَحِّط,يقحط
qa7at,قَحَط,قحط
qa77at,قَحَّط,قحط
mqa77if,مْقَحِّف,مقحف
mgka77if,مْقَحِّف,مقحف
muq7aaf,مُقْحَاف,مقحاف
miqk7aaf,مِقْحَاف,مقحاف
maqkaa7iif,مَقَاحِيف,مقاحيف
yiq7af 3akarmiito,يِقْحَف عكرميته,يقحف عكرميته
2iqk7af,اِقْحَف,اقحف
qka77if,قَحِّف,قحف
yiqk7af,يِقْحَف,يقحف
yqka77if,يقَحِّف,يقحف
qka7af,قَحَف,قحف
qka77af,قَحَّف,قحف
mka7ki7,مْقَحْقِح,مقحقح
qa7quu7,قَحْقُوح,قحقوح
qa7aaqii7,قَحَاقِيح,قحاقيح
qa7qi7ka7ki7,قَحْقِح,قحقح
ka7ki7,قَحْقِح,قحقح
yqa7qi7yka7ki7,يقَحْقِح,يقحقح
yka7ki7,يقَحْقِح,يقحقح
ka7ka7,قَحْقَح,قحقح
qa7qaka7ka7,قَحْقَح,قحقح
qka7lif,قَحْلِف,قحلف
yqka7lif,يقَحْلِف,يقحلف
qka7laf,قَحْلَف,قحلف
mqka7lif,مْقَحْلَف,مقحلف
qka7lafe,قَحْلَفِة,قحلفة
2idjat 2ilkidre t3aayir 2ilmaghrafe kaalatilha ruu7i yaa samra yaa mka7lafe min yoom yoomik mdjawwafe,إِجت القدرة تعَاير المغرفة قَالت الهَا روحي يَا سمرة يَا مْقَحْلَفة من يوم يومك مجوفة,إجت القدرة تعاير المغرفة قالت الها روحي يا سمرة يا مقحلفة من يوم يومك مجوفة
2iqti7aam,اِقْتِحَام,اقتحام
2iqti7im,اِقْتِحِم,اقتحم
yiqti7im,يِقْتِحِم,يقتحم
2iqta7am,اِقْتَحَم,اقتحم
2iq7im,اِقْحِم,اقحم
yiq7im,يِقْحِم,يقحم
2aq7am,أَقْحَم,أقحم
mka7miz,مْقَحْمِز,مقحمز
ka7miz,قَحْمِز,قحمز
yka7miz,يقَحْمِز,يقحمز
ka7maz,قَحْمَز,قحمز
mqa7mish,مْقَحْمِش,مقحمش
qa7mish,قَحْمِش,قحمش
yqa7mish,يقَحْمِش,يقحمش
qa7mash,قَحْمَش,قحمش
qad7iyye,قَدْحِيِّة,قدحية
miqda7a,مِقْدَحَة,مقدحة
qaddaa7a,قَدَّاحَة,قداحة
qkud7iyye,قُدْحِيِّة,قدحية
2ad7e,قَدْحِة,قدحة
qadi7,قَدِح,قدح
maqaadi7,مَقَادِح,مقادح
qdaa7,قْدَاح,قداح
qk2duu7,قْدُوح,قدوح
mqaddi7,مْقَدِّح,مقدح
3inee biqda7in 3alee,عينيه بيقدحن عليه,عينيه بيقدحن عليه
mqad7a ma3o,مقدحة معه,مقدحة معه
2inqidi7,اِنْقِدِح,انقدح
yinqidi7,يِنْقِدِح,ينقدح
2inqada7,اِنْقَدَح,انقدح
2iqda7,اِقْدَح,اقدح
yiqda7,يِقْدَح,يقدح
qada7,قَدَح,قدح
maqgkduud,مَقْدُود,مقدود
qadd,قَدّ,قد
qaddo 3amarteen,قَدُّه عَمَرْتَين,قده عمرتين
2inta qadha,أَنْت قَدْهَا,أنت قدها
miin qaddik,مِين قَدَّك,مين قدك
2inta qadha wuqduud,أَنْت قَدْهَا وقْدُود,أنت قدها وقدود
2aqiddo la3ibbiw 2atla3 minno,أَقِدُّه لَعِبِّي وأَطْلَع مِنُّه,أقده لعبي وأطلع منه
qadd 7aalo,قَدّ حَالُه,قد حاله
qkgidd,قِدّ,قد
qkgaddid,قَدِّد,قدد
yqkgidd,يقِدّ,يقد
yqkgaddid,يقَدِّد,يقدد
qadd,قَدّ,قد
qkgadd,قَدّ,قد
qkgaddad,قَدَّد,قدد
qaddee,قَدَّيه,قديه
qaddee,قَدَّيه,قديه
qaddeesh,قَدَّيش,قديش
qaddeesh,قَدَّيش,قديش
qgidir,قِدِر,قدر
miqdaar,مِقْدَار,مقدار
taqdiir,تَقْدِير,تقدير
taqdiir,تَقْدِير,تقدير
qadar,قَدَر,قدر
qadiir,قَدِير,قدير
qadiir,قَدِير,قدير
muqtadir,مُقْتَدِر,مقتدر
mqaddar,مْقَدَّر,مقدر
qgduur,قْدُور,قدور
maqaadiir,مَقَادِير,مقادير
taqaadiir,تَقَادِير,تقادير
2aqdaar,أَقْدَار,أقدار
qaddir,قَدِّر,قدر
qaadir,قَادِر,قادر
2iqdar,اِقْدَر,اقدر
yiqdar,يِقْدَر,يقدر
yqaddir,يقَدِّر,يقدر
qidir,قِدِر,قدر
qaddar,قَدَّر,قدر
muqaddas,مُقَدَّس,مقدس
maqdisi,مَقْدِسِي,مقدسي
mqaddas,مْقَدِّس,مقدس
qadaase,قَدَاسَة,قداسة
maqaadse,مَقَادْسِة,مقادسة
q2kuds,قُدْس,قدس
taqdiis,تَقْدِيس,تقديس
qaaduus,قَادُوس,قادوس
qawaadiis,قَوَادِيس,قواديس
qaaduus 2inna7il,قَادُوس النَّحل,قادوس النحل
qaddis,قَدِّس,قدس
yqaddis,يقَدِّس,يقدس
qaddas,قَدَّس,قدس
qadiim,قَدِيم,قديم
qdaam,قْدَام,قدام
qudaama,قُدَامَى,قدامى
quddaam,قُدَّام,قدام
quddaam,قُدَّام,قدام
quddaam,قُدَّام,قدام
mqaddame,مْقَدَّمِة,مقدمة
quddamaaniyye,قُدَّمَانِيِّة,قدمانية
qkadduum,قَدُّوم,قدوم
2istiqdaam,اِسْتِقْدَام,استقدام
qadam,قَدَم,قدم
muqaddam,مُقَدَّم,مقدم
2aqdaam,أَقْدَام,أقدام
maq2aadim,مَقَادِم,مقادم
kurat qadam,كُرة قَدَم,كرة قدم
rij3at riima la3aaditha 2ilqadiime,رِجْعَت رِيمَا لَعَادِتْهَا القَدِيم,رجعت ريما لعادتها القديم
2iid min wara w2iid min quddaam,إِيد من ورَا وَايد من قدَام,إيد من ورا وايد من قدام
muqaddim,مُقَدِّم,مقدم
qaddim,قَدِّم,قدم
2itqaddam,اِتْقَدَّم,اتقدم
2itqaadam,اِتْقَادَم,اتقادم
2istaqdim,اِسْتَقْدِم,استقدم
2iqdam,اِقْدَم,اقدم
yiqdam,يِقْدَم,يقدم
yqaddim,يقَدِّم,يقدم
yitqaddam,يِتْقَدَّم,يتقدم
yitqaadam,يِتْقَادَم,يتقادم
yistaqdim,يِسْتَقْدِم,يستقدم
qidim,قِدِم,قدم
taqaddum,تَقَدُّم,تقدم
qaddam,قَدَّم,قدم
tqaddam,تْقَدَّم,تقدم
tqaadam,تْقَادَم,تقادم
2istaqdam,اِسْتَقْدَم,استقدم
qazir,قَذِر,قذر
qazaara,قَذَارَة,قذارة
2itqaazar,اِتْقَاذَر,اتقاذر
2istaqzir,اِسْتَقْذِر,استقذر
yitqaazar,يِتْقَاذَر,يتقاذر
yistaqzir,يِسْتَقْذِر,يستقذر
tqaazar,تْقَاذَر,تقاذر
2istaqzar,اِسْتَقْذَر,استقذر
magdhuu3,مَقْذُوع,مقذوع
magaadhii3,مَقَاذِيع,مقاذيع
qaziife,قَذِيفِة,قذيفة
qazif,قَذِف,قذف
qazaayif,قَذَايِف,قذايف
qadhif mu7sanaat,قَذِف محصنَات,قذف محصنات
2iqzif,اِقْذِف,اقذف
2ikdhif,اِقْذِف,اقذف
yiqzif,يِقْذِف,يقذف
yikdhif,يِقْذِف,يقذف
qazaf,قَذَف,قذف
kadhaf,قَذَف,قذف
qudhle,قُذْلِة,قذلة
qudhal,قُذَل,قذل
mqkadhdhi,مْقَذِّي,مقذي
qkadha,قَذَى,قذى
qkadhdhi,قَذِّى,قذى
yqkadhdhi,يقَذِّى,يقذى
qkadhdha,قَذَّى,قذى
maqri,مَقْرِي,مقري
qaari,قَارِي,قاري
qur2aan,قُرْآن,قرآن
muqkri,مُقْرِي,مقري
qiraa2a,قِرَاءَة,قراءة
qgraaye,قْرَايِة,قراية
muqkriyye,مُقْرِيِّة,مقرية
yiqra 3alee,يِقْرَا عليه,يقرا عليه
2ilkhaari wilqaari waa7ad,الخَاري وَالقَاري وَاحد,الخاري والقاري واحد
qaariin 3ind nafs 2ishsheekh,قَارِين عند نفس الشيخ,قارين عند نفس الشيخ
qaruu wlaad ya3bad willa yidj3alhum maa qaruu,قروَا ولَاد يعبد ولَا يجعلهم مَا قروَا,قروا ولاد يعبد ولا يجعلهم ما قروا
2iqra,اِقْرَا,اقرا
qkgarri,قَرِّي,قري
yiqra,يِقْرَا,يقرا
yqkgarri,يقَرِّي,يقري
2inqara,اِنْقَرَا,انقرا
yinqara,يِنْقَرَا,ينقرا
qara,قَرَا,قرا
qkgarra,قَرَّا,قرا
2inqara,اِنْقَرَا,انقرا
qariib,قَرِيب,قريب
grayyib,قْرَيِّب,قريب
qraab,قْرَاب,قراب
qariiban,قَرِيباً,قريبا
qirbe,قِرْبِة,قربة
qariib,قَرِيب,قريب
qurb,قُرْب,قرب
qaarib,قَارِب,قارب
qirab,قِرَب,قرب
2aqaarib,أَقَارِب,أقارب
qawaarib,قَوَارِب,قوارب
taqriib,تَقْرِيب,تقريب
2il2aqaarib 3aqaarib,الأَقَارِب عَقَارِب,الأقارب عقارب
taalib 2ilqurb,طَالِب القُرْب,طالب القرب
qarrib,قَرِّب,قرب
2itqarrab,اِتْقَرَّب,اتقرب
qaarib,قَارِب,قارب
2istaqrib,اِسْتَقْرِب,استقرب
yqarrib,يقَرِّب,يقرب
yitqarrab,يِتْقَرَّب,يتقرب
yqaarib,يقَارِب,يقارب
yistaqrib,يِسْتَقْرِب,يستقرب
qarrab,قَرَّب,قرب
2aqrab,أَقْرَب,أقرب
tqarrab,تْقَرَّب,تقرب
qaarab,قَارَب,قارب
2istaqrab,اِسْتَقْرَب,استقرب
2araabiiz,قَرَابِيز,قرابيز
mqarbit,مْقَرْبِط,مقربط
qarbit,قَرْبِط,قربط
yqarbit,يقَرْبِط,يقربط
qarbat,قَرْبَط,قربط
mkarbi3,مْقَرْبِع,مقربع
karba3a,قَرْبَعَة,قربعة
karbi3,قَرْبِع,قربع
ykarbi3,يقَرْبِع,يقربع
karba3,قَرْبَع,قربع
kgaari7,قَارِح,قارح
qaari7,قَارِح,قارح
mqoori7,مْقَورِح,مقورح
mitqarri7,مِتْقَرِّح,متقرح
qkurraa7a,قُرَّاحَة,قراحة
qur7a,قُرْحَة,قرحة
2iqtiraa7,اِقْتِرَاح,اقتراح
taqurru7,تَقَرُّح,تقرح
qura7,قُرَح,قرح
2iqtiri7,اِقْتِرِح,اقترح
qoori7,قَورِح,قورح
yqoori7,يقَورِح,يقورح
2itqarra7,اِتْقَرَّح,اتقرح
yitqarra7,يِتْقَرَّح,يتقرح
yiqtiri7,يِقْتِرِح,يقترح
qoora7,قَورَح,قورح
tqarra7,تْقَرَّح,تقرح
2iqtara7,اِقْتَرَح,اقترح
qird,قِرْد,قرد
qruud,قْرُود,قرود
qird yirkabak,قِرْد يِرْكَبَك,قرد يركبك
qird yimza3 raqibtak,قِرْد يِمْزَع رَقِبْتَك,قرد يمزع رقبتك
bookil qadd qirde waalde,بْيَوكِل قَدّ قِرْدِة وَالْدِة,بيوكل قد قردة والدة
qariid,قَرِيد,قريد
qareed 2il3ishsh,قَرِيد العِشّ,قريد العش
qardin,قَرْدِن,قردن
yqardin,يقَرْدِن,يقردن
2itqardan,اِتْقَرْدَن,اتقردن
yitqardan,يِتْقَرْدَن,يتقردن
qardan,قَرْدَن,قردن
tqardan,تْقَرْدَن,تقردن
qkurr,قُرّ,قر
qaraar,قَرَار,قرار
2iqraar,إِقْرَار,إقرار
2istiqraar,اِسْتِقْرَار,استقرار
maqarr,مَقَرّ,مقر
muqur,مُقُر,مقر
qureera,قُرَيرَا,قريرا
mquura,مْقُورَة,مقورة
2inta mithil 2ilqurr fishsh shi 3asnaanak murr,اِنْت مِثِل القُرّ فِشّ شِي عَسْنَانَك مُرّ,انت مثل القر فش شي عسنانك مر
qarrir,قَرِّر,قرر
qurr,قُرّ,قر
2istaqirr,اِسْتَقِرّ,استقر
2istiqirr,اِسْتِقِرّ,استقر
yqurr,يقُرّ,يقر
taqaariir,تَقَارِير,تقارير
taqriir,تَقْرِير,تقرير
yqarrir,يقَرِّر,يقرر
yistaqirr,يِسْتَقِرّ,يستقر
yistiqirr,يِسْتِقِرّ,يستقر
qarr,قَرّ,قر
qarrar,قَرَّر,قرر
2istaqarr,اِسْتَقَرّ,استقر
miqrish,مِقْرِش,مقرش
qarshe,قَرْشِة,قرشة
qirsh,قِرْش,قرش
qirsh,قِرْش,قرش
qruush,قْرُوش,قروش
2illi ma3aa qirish biswa qirish willi ma3huush 2ishi maa biswa 2ishi,اللي معَاه قرش بسوى قرش وَاللي معهوش اشي مَا بسوى اشي,اللي معاه قرش بسوى قرش واللي معهوش اشي ما بسوى اشي
2uqrush,اُقْرُش,اقرش
yuqrush,يُقْرُش,يقرش
qarrish,قَرِّش,قرش
yqarrish,يقَرِّش,يقرش
qarash,قَرَش,قرش
qarrash,قَرَّش,قرش
2aarish,قَارِش,قارش
y2aarish,يقَارِش,يقارش
2aarash,قَارَش,قارش
2arshiil,قَرْشِيل,قرشيل
2araashiil,قَرَاشِيل,قراشيل
mqarras,مْقَرَّص,مقرص
qarsa,قَرْصَة,قرصة
qarse,قَرْصِة,قرصة
taqriis,تَقْرِيص,تقريص
kurreesa,قُرَّيصَة,قريصة
qaris,قَرِص,قرص
qurus,قُرُص,قرص
qurrees,قُرَّيص,قريص
qraas,قْرَاص,قراص
taqaariis,تَقَارِيص,تقاريص
qarsito wilqabir,قرصته وَالقبر,قرصته والقبر
bikul 3urus 2ilhum fiih qurus,بكل عرس الهم فيه قرص,بكل عرس الهم فيه قرص
2inqiris,اِنْقِرِص,انقرص
2iniqris,اِنِقْرِص,انقرص
2uqrus,اُقْرُص,اقرص
2iqrus,اِقْرُص,اقرص
2iqrus,اِقْرُص,اقرص
2uqrus,اُقْرُص,اقرص
qarris,قَرِّص,قرص
yiqrus,يِقْرُص,يقرص
yuqrus,يُقْرُص,يقرص
yiqrus,يِقْرُص,يقرص
yuqrus,يُقْرُص,يقرص
yinqiris,يِنْقِرِص,ينقرص
yiniqris,يِنِقْرِص,ينقرص
yqarris,يقَرِّص,يقرص
qaras,قَرَص,قرص
qaras,قَرَص,قرص
2inqaras,اِنْقَرَص,انقرص
qarras,قَرَّص,قرص
qarwase,قَرْوَصِة,قروصة
2itqarwas,اِتْقَرْوَص,اتقروص
yitqarwas,يِتْقَرْوَص,يتقروص
tqarwas,تْقَرْوَص,تقروص
qarwis,قَرْوِص,قروص
yqarwis,يقَرْوِص,يقروص
qarwas,قَرْوَص,قروص
munqarid,مُنْقَرِض,منقرض
mustaqridaat,مُسْتَقْرِضَات,مستقرضات
qard,قَرْض,قرض
qaarid,قَارِض,قارض
2inqiraad,اِنْقِرَاض,انقراض
quruud,قُرُوض,قروض
qawaarid,قَوَارِض,قوارض
2iqrid,اِقْرِض,اقرض
2iqtirid,اِقْتِرِض,اقترض
yiqrid,يِقْرِض,يقرض
yiqtirid,يِقْتِرِض,يقترض
2inqirid,اِنْقِرِض,انقرض
yinqirid,يِنْقِرِض,ينقرض
qarad,قَرَض,قرض
2iqtarad,اِقْتَرَض,اقترض
2inqarad,اِنْقَرَض,انقرض
2iqrid,اِقْرِض,اقرض
yiqrid,يِقْرِض,يقرض
2aqrad,أَقْرَض,أقرض
qaaruut,قَارُوط,قاروط
qawariit,قَوَاريط,قواريط
qarta,قَرْطَة,قرطة
qarta,قَرْطَة,قرطة
qarwate,قَرْوَطَة,قروطة
qaaruut,قَارُوط,قاروط
qiiraat,قِيرَاط,قيراط
qawariit,قَوَاريط,قواريط
qaraariit,قَرَارِيط,قراريط
2uqrut,اُقْرُط,اقرط
qarrit,قَرِّط,قرط
qarwit,قَرْوِط,قروط
yuqrut,يُقْرُط,يقرط
yqarrit,يقَرِّط,يقرط
yqarwit,يقَرْوِط,يقروط
qarat,قَرَط,قرط
qarrat,قَرَّط,قرط
qarwat,قَرْوَط,قروط
mqartas,مْقَرْطَس,مقرطس
qartoos,قَرْطَوس,قرطوس
2itqartas,اِتْقَرْطَس,اتقرطس
yitqartas,يِتْقَرْطَس,يتقرطس
tqartas,تْقَرْطَس,تقرطس
qartis,قَرْطِس,قرطس
yqartis,يقَرْطِس,يقرطس
qartas,قَرْطَس,قرطس
qartafe,قَرْطَفِة,قرطفة
qartuuf,قَرْطُوف,قرطوف
qaraatiif,قَرَاطِيف,قراطيف
2itqartaf,اِتْقَرْطَف,اتقرطف
yitqartaf,يِتْقَرْطَف,يتقرطف
tqartaf,تْقَرْطَف,تقرطف
qartif,قَرْطِف,قرطف
yqartif,يقَرْطِف,يقرطف
qartaf,قَرْطَف,قرطف
qirtalle,قِرْطَلِّة,قرطلة
qiigartal,قَرْطَل,قرطل
qiigaraatil,قَرَاطِل,قراطل
qartame,قَرْطَمِة,قرطمة
qartim,قَرْطِم,قرطم
yqartim,يقَرْطِم,يقرطم
qartam,قَرْطَم,قرطم
2aqra3,أَقْرَع,أقرع
quru3,قُرُع,قرع
mqarri3,مْقَرِّع,مقرع
karrii3a,قَرِيعَة,قريعة
mqaara3a,مْقَارَعَة,مقارعة
qur3a,قُرْعَة,قرعة
qar3a,قَرْعَة,قرعة
3iddi rjaalik 3iddi min liqra3 lelimsaddi,عدي رجَالك عدي من الأَقْرَع للمصدي,عدي رجالك عدي من الأقرع للمصدي
bukra bitbayyin 2ilqar3a min 2im qruun,بكرة بتبين القَرْعَا من إِم قرون,بكرة بتبين القرعا من إم قرون
mish ma3ruuf qar3it 2abuuha min ween,مش معروف قَرْعَة أبوهَا من وين,مش معروف قرعة أبوها من وين
2ishtaghal miit shaghle mitil 7laaqit 2ilqur3aan,اِشتغل مية شغلة مثل حلَاقة القُرْعَان,اشتغل مية شغلة مثل حلاقة القرعان
2iqtari3,اِقْتَرِع,اقترع
2iqra3,اِقْرَع,اقرع
qaari3,قَارِع,قارع
yiqtari3,يِقْتَرِع,يقترع
yiqra3,يِقْرَع,يقرع
yqaari3,يقَارِع,يقارع
qarri3,قَرِّع,قرع
yqarri3,يقَرِّع,يقرع
2iqtara3,اِقْتَرَع,اقترع
qara3,قَرَع,قرع
qaara3,قَارَع,قارع
qarra3,قَرَّع,قرع
muqrif,مُقْرِف,مقرف
qarriif,قَرِّيف,قريف
mistaqrif,مِسْتَقْرِف,مستقرف
qirfe,قِرْفِة,قرفة
qarraafiyye,قَرَّافِيِّة,قرافية
2iqtiraaf,اِقْتِرَاف,اقتراف
qaraf,قَرَف,قرف
yiqrif 3iishto,يِقْرِف عيشتُه,يقرف عيشته
qaraf yiqrifha,قَرَف يقرفهَا,قرف يقرفها
2iqrif,اِقْرِف,اقرف
qarrif,قَرِّف,قرف
2istaqrif,اِسْتَقْرِف,استقرف
qaryif,قَرْيِف,قريف
qarfaan,قَرْفَان,قرفان
2iqtirif,اِقْتِرِف,اقترف
2iqraf,اِقْرَف,اقرف
2inqirif,اِنْقِرِف,انقرف
yiqraf,يِقْرَف,يقرف
yiqrif,يِقْرِف,يقرف
yqarrif,يقَرِّف,يقرف
yinqirif,يِنْقِرِف,ينقرف
yistaqrif,يِسْتَقْرِف,يستقرف
yqaryif,يْقَرْيِف,يقريف
yiqtirif,يِقْتِرِف,يقترف
qirif,قِرِف,قرف
qaraf,قَرَف,قرف
qarraf,قَرَّف,قرف
2inqaraf,اِنْقَرَف,انقرف
2istaqraf,اِسْتَقْرَف,استقرف
qaryaf,قَرْيَف,قريف
2iqtaraf,اِقْتَرَف,اقترف
mqkarfish,مْقَرْفِش,مقرفش
qkarfashe,قَرْفَشِة,قرفشة
qkarfish,قَرْفِش,قرفش
yqkarfish,يقَرْفِش,يقرفش
qkarfash,قَرْفَش,قرفش
mqarfis,مْقَرْفِص,مقرفص
qarfasa,قَرْفَصَة,قرفصة
qarfis,قَرْفِص,قرفص
yqarfis,يقَرْفِص,يقرفص
qarfas,قَرْفَص,قرفص
mqarriq,مْقَرِّق,مقرق
qaariq,قَارِق,قارق
krukke,قْرُقِّة,قرقة
qurreeqa,قُرَّيقَة,قريقة
2uqruq,اُقْرُق,اقرق
qaariq,قَارِق,قارق
yuqruq,يُقْرُق,يقرق
yqaariq,يقَارِق,يقارق
qarriq,قَرِّق,قرق
yqarriq,يقَرِّق,يقرق
qaraq,قَرَق,قرق
qaaraq,قَارَق,قارق
qarraq,قَرَّق,قرق
qiikurqabbaash,قُرْقَبَّاش,قرقباش
mqarqid,مْقَرْقِد,مقرقد
mqarqid,مْقَرْقِد,مقرقد
qarqade,قَرْقَدِة,قرقدة
qarqid,قَرْقِد,قرقد
yqarqid,يقَرْقِد,يقرقد
qarqad,قَرْقَد,قرقد
gargara,قَرْقَرة,قرقرة
karkara,قَرْقَرة,قرقرة
qarqar,قَرْقَر,قرقر
qaraaqir,قرَاقِر,قراقر
gargir,قَرْقِر,قرقر
karkir,قَرْقِر,قرقر
ygargir,يقَرْقِر,يقرقر
ykarkir,يقَرْقِر,يقرقر
gargar,قَرْقَر,قرقر
karkar,قَرْقَر,قرقر
mqarqish,مْقَرْقِش,مقرقش
qarquushe,قَرْقُوشِة,قرقوشة
qaraaqiish,قَرَاقِيش,قراقيش
qarqish,قَرْقِش,قرقش
yqarqish,يقَرْقِش,يقرقش
qarqash,قَرْقَش,قرقش
qarqada,قَرْقَضَة,قرقضة
qarqid,قَرْقِض,قرقض
yqarqid,يقَرْقِض,يقرقض
qarqad,قَرْقَض,قرقض
mqarqit,مْقَرْقِط,مقرقط
qarqata,قَرْقَطَة,قرقطة
2idha 7azzak 3daam qariqto,إِذَا حظك عظَام قَرْقِطُه,إذا حظك عظام قرقطه
qarqit,قَرْقِط,قرقط
yqarqit,يقَرْقِط,يقرقط
qarqat,قَرْقَط,قرقط
qurqa3akurka3a,قُرْقَعَة,قرقعة
qarquu3akarkuu3a,قَرْقُوعَة,قرقوعة
qurqaa3,قُرْقَاع,قرقاع
qaraaqi3karaaki3,قَرَاقِع,قراقع
qaraaqii3karaakii3,قَرَاقِيع,قراقيع
qaraaqi3,قَرَاقِع,قراقع
qurqee3kurkee3,قُرْقَيع,قرقيع
biqarqi3in 3dhaamo bqabro,بيقرقعن عظَامه بقبره,بيقرقعن عظامه بقبره
2itqarqa3,اِتْقَرْقَع,اتقرقع
qarqi3,قَرْقِع,قرقع
qarqi3karki3,قَرْقِع,قرقع
2itqarqa32itkarka3,اِتقَرْقَع,اتقرقع
yqarqi3,يقَرْقِع,يقرقع
yitqarqa3,يِتقَرْقَع,يتقرقع
yqarqi3ykarki3,يقَرْقِع,يقرقع
yitqarqa3yitkarka3,يِتقَرْقَع,يتقرقع
qarqa3,قَرْقَع,قرقع
tqarqa3,تقَرْقَع,تقرقع
qarqa3karka3,قَرْقَع,قرقع
tqarqa3tkarka3,تقَرْقَع,تقرقع
qarquumkarkuum,قَرْقُوم,قرقوم
qarquum,قَرْقُوم,قرقوم
qaraqiim,قَرَاقِيم,قراقيم
qaraqiimkarakiim,قَرَاقِيم,قراقيم
2ilkarkuum maa byinkisir willaash maa bimuut,القَرْقُوم مَابينكسر وَاللَاش مَابيموت,القرقوم مابينكسر واللاش مابيموت
biddi 2ajiib qurmiito,بِدِّي أَجِيب قُرْمِيتُه,بدي أجيب قرميته
qurmiyye,قُرْمِيِّة,قرمية
biddi 2ajiib qurmiito,بِدِّي أَجِيب قُرْمِيتُه,بدي أجيب قرميته
qkgurmiyye,قُرْمِيِّة,قرمية
q2aarma,قَارْمَا,قارما
taqriim,تَقْرِيم,تقريم
qkgaraami,قَرَامِي,قرامي
ka7af 3akurmiyto,قحف عقرميته,قحف عقرميته
2itqarram,اِتْقَرَّم,اتقرم
yitqarram,يِتْقَرَّم,يتقرم
tqarram,تْقَرَّم,تقرم
2inqirim,اِنْقِرِم,انقرم
yinqirim,يِنْقِرِم,ينقرم
2inqaram,اِنْقَرَم,انقرم
2uqrum,اُقْرُم,اقرم
2iqrum,اِقْرُم,اقرم
qarrim,قَرِّم,قرم
yuqrum,يُقْرُم,يقرم
yiqrum,يِقْرُم,يقرم
yqarrim,يقَرِّم,يقرم
qarram,قَرَّم,قرم
qaram,قَرَم,قرم
qkarmiid,قَرْمِيد,قرميد
qurmuzi,قُرْمُزِي,قرمزي
qarmaze,قَرْمَزِة,قرمزة
mqarmiz,مْقَرْمِز,مقرمز
garmiz wunaggi,قَرْمِز ونقِّي,قرمز ونقي
qarmiz,قَرْمِز,قرمز
yqarmiz,يقَرْمِز,يقرمز
qarmaz,قَرْمَز,قرمز
mqarmat,مْقَرْمَط,مقرمط
qgarmata,قَرْمَطَة,قرمطة
qgarmit,قَرْمِط,قرمط
yqgarmit,يقَرْمِط,يقرمط
qgarmat,قَرْمَط,قرمط
qkgarma3a,قَرْمَعَة,قرمعة
garmuu3,قَرْمُوع,قرموع
garaamii3,قَرَامِيع,قراميع
qkgarmi3,قَرْمِع,قرمع
yqkgarmi3,يقَرْمِع,يقرمع
qkgarma3,قَرْمَع,قرمع
mqarrin,مْقَرِّن,مقرن
kgurniyye,قُرْنِيِّة,قرنية
maqruune,مَقْرُونِة,مقرونة
qurne,قُرْنِة,قرنة
qarin,قَرِن,قرن
qruun,قْرُون,قرون
talla3li qruun,طلعلي قرون,طلعلي قرون
bukra bitbayyin 2ilqar3a min 2im qruun,بكرة بتبين القرعة من إِم قرون,بكرة بتبين القرعة من إم قرون
2iqrin,اِقْرِن,اقرن
qaarin,قَارِن,قارن
qarrin,قَرِّن,قرن
yiqrin,يِقْرِن,يقرن
yqaarin,يقَارِن,يقارن
2itqaaran,اِتْقَارَن,اتقارن
yitqaaran,يِتْقَارَن,يتقارن
yqarrin,قَرِّن,قرن
qaran,قَرَن,قرن
qaaran,قَارَن,قارن
tqaaran,تْقَارَن,تقارن
qarran,قَرَّن,قرن
qarnabiit,قَرْنَبِيط,قرنبيط
qarawi,قَرَوِي,قروي
qura,قُرَى,قرى
qarye,قَرْيِة,قرية
qiz7a,قِزْحَة,قزحة
2iqza7,اِقْزَح,اقزح
kazzi7,قَزِّح,قزح
yiqza7,يِقْزَح,يقزح
ykazzi7,يقَزِّح,يقزح
qaza7,قَزَح,قزح
kazza7,قَزَّح,قزح
muqazziz,مُقَزِّز,مقزز
qkaaziz,قَازِز,قازز
qazaaze,قَزَازِة,قزازة
qazaaz,قَزَاز,قزاز
qazaayiz,قَزَايِز,قزايز
zay loo7il iqzaaz laa tiiz wala bzaaz,زي لوح القزَاز لَا طيز ولَا بزَاز,زي لوح القزاز لا طيز ولا بزاز
qazziz,قَزِّز,قزز
2itqazzaz,اِتْقَزَّز,اتقزز
qkizz,قِزّ,قز
yqazziz,يقَزِّز,يقزز
yitqazzaz,يِتْقَزَّز,يتقزز
yqkizz,يقِزّ,يقز
qazzaz,قَزَّز,قزز
tqazzaz,تْقَزَّز,تقزز
qkazz,قَزّ,قز
q2uz3a,قُزْعَة,قزعة
makgzuu3,مَقْزُوع,مقزوع
maqzuu3,مَقْزُوع,مقزوع
qaz3a,قَزْعَة,قزعة
qaza3 yiqza3 raqbitak,قَزَع يِقْزَع رقبتك,قزع يقزع رقبتك
2iqkza3,اِقْزَع,اقزع
2iniqkzi3,اِنِقْزِع,انقزع
2inqkizi3,اِنْقِزِع,انقزع
qkazzi3,قَزِّع,قزع
2itqkazza3,اِتْقَزَّع,اتقزع
yiqkza3,يِقْزَع,يقزع
yinqkizi3,يِنْقِزِع,ينقزع
yiniqkzi3,يِنِقْزِع,ينقزع
yqkazzi3,يقَزِّع,يقزع
yitqkazza3,يِتْقَزَّع,يتقزع
qkaza3,قَزَع,قزع
2inqkaza3,اِنْقَزَع,انقزع
qkazza3,قَزَّع,قزع
tqkazza3,تْقَزَّع,تقزع
quz3ur,قُزْعُر,قزعر
qazqaze,قَزْقَزِة,قزقزة
qazqiz,قَزْقِز,قزقز
yqazqiz,يقَزْقِز,يقزقز
qazqaz,قَزْقَز,قزقز
qkazma,قَزْمَة,قزمة
kizme,قِزْمِة,قزمة
qazam,قَزَم,قزم
taqazzum,تَقَزُّم,تقزم
2aqzaam,أَقْزَام,أقزام
qizam,قَزْمَة,قزمة
qazzim,قَزِّم,قزم
yqazzim,يقَزِّم,يقزم
qazzam,قَزَّم,قزم
2aazaan,قَازَان,قازان
kiizaan,قِيزَان,قيزان
m2azwil,مْقَزْوِل,مقزول
2azwale,قَزْوَلِة,قزولة
2azwil,قَزْوِل,قزول
y2azwil,يقَزْوِل,يقزول
2azwal,قَزْوَل,قزول
qazzi,قَزِّي,قزي
yqazzi,يقَزِّي,يقزي
qazza,قَزَّى,قزى
qass,قَسّ,قس
taqsiit,تَقْسِيط,تقسيط
qisit,قِسِط,قسط
2aqsaat,أَقْسَاط,أقساط
bittaqsiit 2ilmurii7,بَالتَقْسِيط المريح,بالتقسيط المريح
qassit,قَسّط,قسط
yqassit,يقَسّط,يقسط
2itqassat,اِتْقَسَّط,اتقسط
yitqassat,يِتْقَسَّط,يتقسط
qassat,قَسَّط,قسط
tqassat,تْقَسَّط,تقسط
taqsiime,تَقْسِيمِة,تقسيمة
qasiime,قَسِيمِة,قسيمة
qisme,قِسْمِة,قسمة
qisim,قِسِم,قسم
taqsiim,تَقْسِيم,تقسيم
qasam,قَسَم,قسم
2inqisaam,اِنْقِسَام,انقسام
taqaasiim,تَقَاسِيم,تقاسيم
qasaayim,قَسَايِم,قسايم
2aqsaam,أَقْسَام,أقسام
qisme wunasiib,قِسْمِة ونصيب,قسمة ونصيب
qasaman billa,قَسَماً بَالله,قسما بالله
2itqaasam,اِتْقَاسَم,اتقاسم
2iqsim,اِقْسِم,اقسم
qassim,قَسِّم,قسم
2itqassam,اِتْقَسَّم,اتقسم
yitqaasam,يِتْقَاسَم,يتقاسم
yiqsim,يِقْسِم,يقسم
qaasim,قَاسِم,قاسم
yqassim,يقَسِّم,يقسم
2inqisim,اِنْقِسِم,انقسم
2iniqsim,اِنِقْسِم,انقسم
yinqisim,يِنْقِسِم,ينقسم
yiniqsim,يِنِقْسِم,ينقسم
yitqassam,يِتْقَسَّم,يتقسم
tqaasam,تْقَاسَم,تقاسم
2aqsam,أَقْسَم,أقسم
qassam,قَسَّم,قسم
2inqasam,اِنْقَسَم,انقسم
tqassam,تْقَسَّم,تقسم
qusmaat,قُسْمَاط,قسماط
qaasi,قَاسِي,قاسي
qaswe,قَسْوِة,قسوة
2iqsa,اِقْسَى,اقسى
qassi,قَسِّي,قسي
qaasi,قَاسِي,قاسي
yiqsa,يِقْسَى,يقسى
yqassi,يقَسِّي,يقسي
yqaasi,يقَاسِي,يقاسي
qisi,قِسِي,قسي
qassa,قَسَّى,قسى
qaasa,قَاسَى,قاسى
mqashshib,مْقَشِّب,مقشب
qashshab,قَشَب,قشب
qashshib,قَشِّب,قشب
yqashshib,يقَشِّب,يقشب
qashshab,قَشَّب,قشب
mqkashbir,مْقَشْبِر,مقشبر
qkashbara,قَشْبَرَة,قشبرة
qkashbir,قَشْبِر,قشبر
yqkashbir,يقَشْبِر,يقشبر
qkashbar,قَشْبَر,قشبر
qaashi7,قَاشِح,قاشح
2iqsha7,اِقْشَح,اقشح
yiqsha7,يِقْشَح,يقشح
qasha7,قَشَح,قشح
mqashshar,مْقَشَّر,مقشر
qishre,قِشْرِة,قشرة
qisher,قِشِر,قشر
taqshiir,تَقْشِير,تقشير
qashir,قَشِر,قشر
qishrit 2irraas,قِشْرِة الرَّاس,قشرة الراس
yaa daakhil been 2ilbasale wuqishritha maa ynuubak gheer rii7itha,يَا دَاخِل بين البصلة وقشرتهَا مَاينوبك غير ريحتهَا,يا داخل بين البصلة وقشرتها ماينوبك غير ريحتها
2itqashshar,اِتْقَشَّر,اتقشر
yitqashshar,يِتْقَشَّر,يتقشر
tqashshar,تْقَشَّر,تقشر
qashshir,قَشِّر,قشر
yqashshir,يقَشِّر,يقشر
qashshar,قَشَّر,قشر
mqashshe,مْقَشِّة,مقشة
maqashshe,مَقَشِّة,مقشة
qashsh,قَشّ,قش
2inqashsh,اِنْقَشّ,انقش
yinqashsh,يِنْقَشّ,ينقش
2inqashsh,اِنْقَشّ,انقش
qushsh,قُشّ,قش
yqushsh,يقُشّ,يقش
qashsh,قَشّ,قش
qashta,قَشْطَة,قشطة
qashshaata,قَشَّاطَة,قشاطة
qishta,قِشْطَة,قشطة
qshaat,قْشَاط,قشاط
taqshiit,تَقْشِيط,تقشيط
2itqashshat,اِتْقَشَّط,اتقشط
yitqashshat,يِتْقَشَّط,يتقشط
tqashshat,تْقَشَّط,تقشط
qashshit,قَشِّط,قشط
yqashshit,يقَشِّط,يقشط
qashshat,قَشَّط,قشط
munqashi3,مُنْقَشِع,منقشع
qaashi3,قَاشِع,قاشع
qkashshaa3aat,قَشَّاعَات,قشاعات
qkashshaa3a,قَشَّاعَة,قشاعة
2inqishaa3,اِنْقِشَاع,انقشاع
shabb 2iqsha3iini yaa mara,شب اقشعيني يَا مرة,شب اقشعيني يا مرة
daashi3 mush qaashi3,دَاشع مش قَاشع,داشع مش قاشع
2iqsha3,اِقْشَع,اقشع
qashshi3,قَشِّع,قشع
2inqashi3,اِنْقَشِع,انقشع
yqashshi3,يقَشِّع,يقشع
yiqsha3,يِقْشَع,يقشع
yiqashi3,يِنْقِشِع,ينقشع
qashsha3,قَشَّع,قشع
qishi3,قِشِع,قشع
2iqasha3,اِنْقَشَع,انقشع
qash3ariira,قَشْعَرِيرَة,قشعريرة
qash3ar badani,قَشْعَر بدني,قشعر بدني
qash3ir,قَشْعِر,قشعر
yqash3ir,يقَشْعِر,يقشعر
qash3ar,قَشْعَر,قشعر
qush3eele,قُشْعَيلِة,قشعيلة
mqashshif,مْقَشِّف,مقشف
taqashshuf,تَقَشُّف,تقشف
2itqashshaf,اِتْقَشَّف,اتقشف
qashshif,قَشِّف,قشف
yqashshif,يقَشِّف,يقشف
yitqashshaf,يِتْقَشَّف,يتقشف
qashshaf,قَشَّف,قشف
tqashshaf,تْقَشَّف,تقشف
qkashfale,قَشْفَلِة,قشفلة
qkashfil,قَشْفِل,قشفل
yqkashfil,يقَشْفِل,يقشفل
qkashfal,قَشْفَل,قشفل
qashquush,قَشْقُوش,قشقوش
qashaaqiish,قَشَاقِيش,قشاقيش
qashqish,قَشْقِش,قشقش
yqashqish,يقَشْقِش,يقشقش
qashqash,قَشْقَش,قشقش
qkashal,قَشَل,قشل
qkshiil,قْشَيل,قشيل
tqkashshil 3a7aalha,تقَشِّل عحَالهَا,تقشل عحالها
tqkashshil 3araasha,تقَشِّل عرَاسهَا,تقشل عراسها
3iishit qashal,عيشِة قَشَل,عيشة قشل
yaa qkshiil,يَا قْشَيل,يا قشيل
yaa qkshiil raas,يَا قْشَيل رَاس,يا قشيل راس
yaa qiiksheel 2illi khallafatak,يَا قْشَيل اللِّي خَلَّفَتَك,يا قشيل اللي خلفتك
qkashshil,قَشِّل,قشل
yqkashshil,يقَشِّل,يقشل
qkashshal,قَشَّل,قشل
qiikishaniyye,قِشَنِيِّة,قشنية
qashniyye,قَشْنِيِّة,قشنية
mqashnit,مْقَشْنِط,مقشنط
qashnit,قَشْنِط,قشنط
yqashnit,يقَشْنِط,يقشنط
qashnat,قَشْنَط,قشنط
mqassab,مْقَصَّب,مقصب
qassaabiyye,قَصَّابيِّة,قصابية
qasab,قَصَب,قصب
qusseeb,قُصَّيب,قصيب
taqsiib,تَقْصِيب,تقصيب
2itqassab,اِتْقَصَّب,اتقصب
yitqassab,يِتْقَصَّب,يتقصب
tqassab,تْقَصَّب,تقصب
qassib,قَصِّب,قصب
yqassib,يقَصِّب,يقصب
qassab,قَصَّب,قصب
maqsuud,مَقْصُود,مقصود
qaasid,قَاصِد,قاصد
2iqtisaad,اِقْتِصَاد,اقتصاد
qasid,قَصِد,قصد
maqsad,مَقْصَد,مقصد
maqaasid,مَقَاصِد,مقاصد
maqaasid,مَقَاصِد,مقاصد
mustashfa 2ilmaqaasid,مستشفى المَقَاصِد,مستشفى المقاصد
qasiide,قَصِيدِة,قصيدة
qasaayid,قَصَايِد,قصايد
2iqsid,اِقْصِد,اقصد
2itqassad,اِتْقَصَّد,اتقصد
2istaqsid,اِسْتَقْصِد,استقصد
2iqtisid,اِقْتِصِد,اقتصد
yiqsid,يِقْصِد,يقصد
yitqassad,يِتْقَصَّد,يتقصد
yistaqsid,يِسْتَقْصِد,يستقصد
yiqtisid,يَقْتِصِد,يقتصد
qasad,قَصَد,قصد
tqassad,تْقَصَّد,تقصد
2istaqsad,اِسْتَقْصَد,استقصد
2iqtasad,اِقْتَصَد,اقتصد
qasiir,قَصِير,قصير
qsaar,قْصَار,قصار
mqassir,مْقَصِّر,مقصر
qasriyye,قَصْرِيِّة,قصرية
taksiire,تَقْصِيرِة,تقصيرة
takaasiir,تَقَاصِير,تقاصير
qksaara,قْصَارَة,قصارة
qassaar,قَصَّار,قصار
qassiir,قَصِّير,قصير
taqsiir,تَقْصِير,تقصير
qusur,قُصُر,قصر
qasriyye,قَصْرِيِّة,قصرية
qassaariyye,قَصَّارِيِّة,قصارية
qassiiriyye,قَصِّيرِيِّة,قصيرية
qassiire,قَصِّيرِة,قصيرة
qusur nazar,قُصُر نظر,قصر نظر
7abil 2ilkizib qasiir,حبل الكذب قَصِير,حبل الكذب قصير
2ittawiile taalat 2ittiine wilqasiire dallat 7aziine,الطويلة طَالت التينة وَالقَصِيرِة ضلت حزينة,الطويلة طالت التينة والقصيرة ضلت حزينة
7baalo qasiire,حبَاله قَصِيرِة,حباله قصيرة
qassir,قَصِّر,قصر
2istaqsir,اِسْتَقْصِر,استقصر
2iqsar,اِقْصَر,اقصر
yiqsar,يِقْصَر,يقصر
yqassir,يقَصِّر,يقصر
yistaqsir,يِسْتَقْصِر,يستقصر
qisir,قِصِر,قصر
qassar,قَصَّر,قصر
2istaqsar,اِسْتَقْصَر,استقصر
qaasis,قَاصِص,قاصص
maqsuus,مَقْصُوص,مقصوص
qassa,قَصَّة,قصة
qissa,قِصَّة,قصة
maqass,مَقَصّ,مقص
qisas,قِصَص,قصص
qassit sha3ar,قَصِّة شعر,قصة شعر
qassit 2ittoob,قَصِّة الثوب,قصة الثوب
2aquss khabarak,أَقُصّ خَبَرَك,أقص خبرك
quss,قُصّ,قص
yquss,يقُصّ,يقص
qass,قَصّ,قص
qus3a,قُصْعَة,قصعة
qusa3,قُصَع,قصع
qas3e,قَصْعَة,قصعة
qas3it 2ilbiir,قَصْعِة البِير,قصعة البير
2itqassa3,اِتْقَصَّع,اتقصع
2inqasi3,اِنْقَصِع,انقصع
yitqassa3,يِتْقَصَّع,يتقصع
yinqasa3,يِنْقَصَع,ينقصع
2inqasa3,اِنْقَصَع,انقصع
tqassa3,تْقَصَّع,تقصع
maqsuuf,مَقْصُوف,مقصوف
mqassaf,مْقَصَّف,مقصف
qusfe,قُصْفِة,قصفة
qasif,قَصِف,قصف
qusaf,قُصَف,قصف
yuqsuf 3umr,يقصف عمر,يقصف عمر
2uqsuf,اُقْصُف,اقصف
2uksuf,اُقْصُف,اقصف
yuqsuf,يُقْصُف,يقصف
2inqasif,اِنْقَصِف,انقصف
2inqisif,اِنْقِصِف,انقصف
yinqasif,يِنْقَصِف,ينقصف
yinqisif,يِنْقِصِف,ينقصف
yuksuf,يُقْصُف,يقصف
2itqassaf,اِتْقَصَّف,اتقصف
yitqassaf,يِتْقَصَّف,يتقصف
qasaf,قَصَف,قصف
2inqasaf,اِنْقَصَف,انقصف
kasaf,قَصَف,قصف
tqassaf,تْقَصَّف,تقصف
qasqas jnaa7aatha,قصقص جنَاحَاتهَا,قصقص جناحاتها
qasqis,قَصْقِص,قصقص
yqasqis,يقَصْقِص,يقصقص
qasqas,قَصْقَص,قصقص
miqsale,مِقْصَلِة,مقصلة
qasil,قَصِل,قصل
qasale,قَصَلِة,قصلة
maqaasil,مَقَاصِل,مقاصل
2uqsul,اُقْصُل,اقصل
yuqsul,يُقْصُل,يقصل
qasal,قَصَل,قصل
mqasmil,مْقَصْمِل,مقصمل
qasmale,قَصْمَلِة,قصملة
tqismil,تْقِصْمِل,تقصمل
qasmil,قَصْمِل,قصمل
yqasmil,يقَصْمِل,يقصمل
qasmal,قَصْمَل,قصمل
taqsii3a,تَقْصِيعَة,تقصيعة
tqiswi3,تْقِصوِع,تقصوع
2itqaswa3,اِتْقَصْوَع,اتقصوع
yitqaswa3,يِتْقَصْوَع,يتقصوع
tqaswa3,تْقَصْوَع,تقصوع
qaswal,قَصْوَل,قصول
qaswil,قَصْوِل,قصول
yqaswil,يقَصْوِل,يقصول
qaswal,قَصْوَل,قصول
2aqsa,أَقْصَى,أقصى
2istiqsaa2,اِسْتِقْصَاء,استقصاء
2ilmasjid 2ilaqsa,المَسْجِد الأَقْصَى,المسجد الأقصى
2aqsa maa 3ammar 2alla,أَقْصَى مَا عَمَّر الله,أقصى ما عمر الله
2iqsi,اِقْصِي,اقصي
2itqassa,اِتْقَصَّى,اتقصى
2istaqsi,اِسْتَقْصِي,استقصي
yiqsi,يِقْصِي,يقصي
yitqassa,يِتْقَصَّى,يتقصى
yistaqsi,يِسْتَقْصِي,يستقصي
2aqsa,أَقْصَى,أقصى
tqassa,تْقَصَّى,تقصى
2istaqsa,اِسْتَقْصَى,استقصى
2inqadd,اِنْقَضّ,انقض
yinqadd,يِنْقَضّ,ينقض
2inqadd,اِنْقَضّ,انقض
maqaadi,مَقَاضِي,مقاضي
qadiyye,قَضِيِّة,قضية
taqdiye,تَقْضِيِة,تقضية
tiqdaaye,تِقْضَايِة,تقضاية
qadaa2,قَضَاء,قضاء
qadaaya,قَضَايَا,قضايا
mqaddi,مْقَضِّي,مقضي
zay qaadi ma3zuul,زي قَاضي معزول,زي قاضي معزول
qaadi 2izghaar shanaq 7aalo,قَاضي الصغَار شنق حَاله,قاضي الصغار شنق حاله
finjaan 2ilqaadi,فِنْجَان القَاضِي,فنجان القاضي
qaadi,قَاضِي,قاضي
qaddi,قَضِّي,قضي
2iqdi,اِقْضِي,اقضي
yqaadi,يقَاضِي,يقاضي
yqaddi,يقَضِّي,يقضي
yiqdi,يِقْضِي,يقضي
qudaa,قُضَاة,قضاة
qaadi,قَاضِي,قاضي
qaada,قَاضَى,قاضى
qadda,قَضَّى,قضى
qada,قَضَى,قضى
qutbe,قُطْبِة,قطبة
2istiqtaab,اِسْتِقْطَاب,استقطاب
qutab,قُطَب,قطب
gattabat2iddinya,قَطَّبْت الدنيَا,قطبت الدنيا
tqaatab 2irramaas,تْقَاطَب الرَّمَاس,تقاطب الرماس
2itqattab,اِتْقَطَّب,اتقطب
yitqattab,يِتْقَطَّب,يتقطب
tqattab,تْقَطَّب,تقطب
2inqitib,اِنْقِطِب,انقطب
yinqitib,يِنْقِطِب,ينقطب
2inqatab,اِنْقَطَب,انقطب
qattib,قَطِّب,قطب
2itqaatab,اِتْقَاطَب,اتقاطب
yitqaatab,يِتْقَاطَب,يتقاطب
tqaatab,تْقَاطَب,تقاطب
2uqtub,اُقْطُب,اقطب
2istaqtib,اِسْتَقْطِب,استقطب
yuqtub,يُقْطُب,يقطب
yqattib,يقَطِّب,يقطب
yistaqtib,يِسْتَقْطِب,يستقطب
qatab,قَطَب,قطب
qattab,قَطَّب,قطب
2istaqtab,اِسْتَقْطَب,استقطب
qitaar,قِطَار,قطار
qatir,قَطِر,قطر
qattara,قَطَّارَة,قطارة
qatra,قَطْرَة,قطرة
qatir,قَطِر,قطر
qutur,قُطُر,قطر
2aqtaar,أَقْطَار,أقطار
lsaano byuqtur qatir,لسَانه بيُقْطُر قَطِر,لسانه بيقطر قطر
bil qattara,بَالقَطَّارَة,بالقطارة
qattir,قَطِّر,قطر
2uqtur,اُقْطُر,اقطر
yuqtur,يُقْطُر,يقطر
yqattir,يقَطِّر,يقطر
qatar,قَطَر,قطر
qattar,قَطَّر,قطر
qii2atramiiz,قَطْرَمِيز,قطرميز
qattuuse,قَطُّوسِة,قطوسة
mqattish,مْقَطِّش,مقطش
maqtuush,مَقْطُوش,مقطوش
qatiishe,قَطِيشِة,قطيشة
qataayish,قَطَايِش,قطايش
2inqitish,اِنْقِطِش,انقطش
yinqitish,يِنْقِطِش,ينقطش
2inqatash,اِنْقَطَش,انقطش
2uqtush,اُقْطُش,اقطش
yuqtush,يُقْطُش,يقطش
qattish,قَطِّش,قطش
yqattish,يقَطِّش,يقطش
qatash,قَطَش,قطش
qattash,قَطَّش,قطش
maqtuut,مَقْطُوط,مقطوط
2utt,قُطّ,قط
2taat,قْطَاط,قطاط
2utat,قُطَط,قطط
2il qutt maa bi7ibb 2illa khunnaaqo,القُطّ مَابِيحِبّ اِلَّا خُنَّاقُه,القط مابيحب الا خناقه
wadaneen 2il2utat,وَدَنَين القُطَط,ودنين القطط
2inqatt,اِنْقَطّ,انقط
yinqatt,يِنْقَطّ,ينقط
2inqatt,اِنْقَطّ,انقط
qutt,قُطّ,قط
yqutt,يقُطّ,يقط
qatt,قَطّ,قط
qattaa3a,قَطَّاعَة,قطاعة
qattaa3,قَطَّاع,قطاع
2iqtaa3i,إِقْطَاعِي,إقطاعي
qatii3a,قَطِيعَة,قطيعة
qatii3a,قَطِيعَة,قطيعة
mqaati3,مْقَاطِع,مقاطع
qaati3,قَاطِع,قاطع
muqtata3,مُقْتَطَع,مقتطع
mustaqta3,مُسْتَقْطَع,مستقطع
qit3a,قِطْعَة,قطعة
muqaata3a,مُقَاطَعَة,مقاطعة
muqaata3a,مُقَاطَعَة,مقاطعة
qattaa3a,قَطَّاعَة,قطاعة
taqaatii3,تَقَاطِيع,تقاطيع
mgaata3a,مْقَاطَعَة,مقاطعة
qati3,قَطِع,قطع
2istiqtaa3,اِسْتِقْطَاع,استقطاع
maqta3,مَقْطَع,مقطع
taqtii3,تَقْطِيع,تقطيع
qitaa3,قِطَاع,قطاع
qatii3,قَطِيع,قطيع
migtaa3,مِقْطَاع,مقطاع
qtuu3,قْطُوع,قطوع
qita3,قِطَع,قطع
maqaati3,مَقَاطِع,مقاطع
magaati3,مَقَاطِع,مقاطع
waqt mustaqta3,وقت مُسْتَقْطَع,وقت مستقطع
qattaa3 tariiq,قَطَّاع طريق,قطاع طريق
qaati3 2irra7im,قَاطِع الرَّحم,قاطع الرحم
2iqta3 2ishshak biyaqiin,اِقْطَع الشَّك بَاليقين,اقطع الشك باليقين
qaati3 2irrasan,قَاطِع الرسن,قاطع الرسن
2inqata3 2ilkheet,اِنْقَطَع الخَيط,انقطع الخيط
2inqat3at mayyaato,اِنقطعت ميَاته,انقطعت مياته
qaati3 2iido wushaa7id 3aleeha,قَاطِع إِيده وشَاحد عليهَا,قاطع إيده وشاحد عليها
2aqta3 rijil,أَقطع رجل,أقطع رجل
qata3it 2il2ayaas min,قطعت الأيَاس من,قطعت الأياس من
qati3 bat,قطع بت,قطع بت
nqatti3 2ilmahir,نقطع المهر,نقطع المهر
2iqta3,اِقْطَع,اقطع
qatti3,قَطِّع,قطع
qaati3,قَاطِع,قاطع
2itqatta3,اِتْقَطَّع,اتقطع
2iqtati3,اِقْتِطِع,اقتطع
2istaqti3,اِسْتَقْطِع,استقطع
2itmaqta3,اِتْمَقْطَع,اتمقطع
2inqiti3,اِنْقِطِع,انقطع
yiqta3,يِقْطَع,يقطع
yqatti3,يقَطِّع,يقطع
yqaati3,يقَاطِع,يقاطع
yitqatta3,يِتْقَطَّع,يتقطع
yiqtati3,يِقْتِطِع,يقتطع
yistaqti3,يِسْتَقْطِع,يستقطع
yitmaqta3,يِتْمَقْطَع,يتمقطع
yinqiti3,يِنْقِطِع,ينقطع
qata3,قَطَع,قطع
qatta3,قَطَّع,قطع
qaata3,قَاطَع,قاطع
2inqitaa3,اِنْقِطَاع,انقطاع
tqatta3,تْقَطَّع,تقطع
2iqtata3,اِقْتَطَع,اقتطع
2istaqta3,اِسْتَقْطَع,استقطع
tmaqta3,تْمَقْطَع,تمقطع
2inqata3,اِنْقَطَع,انقطع
maqtuuf,مَقْطَوف,مقطوف
qatfe,قَطْفِة,قطفة
qatayif,قَطَايِف,قطايف
qatif,قَطِف,قطف
maqtaf,مَقْطَف,مقطف
maqaatif,مَقَاطِف,مقاطف
2itqattaf,اِتْقَطَّف,اتقطف
yitqattaf,يِتْقَطَّف,يتقطف
tqattaf,تْقَطَّف,تقطف
2inqitif,اِنْقِطِف,انقطف
yinqitif,يِنْقِطِف,ينقطف
2inqataf,اِنْقَطَف,انقطف
2uqtuf,اُقْطُف,اقطف
qattif,قَطِّف,قطف
yuqtuf,يُقْطُف,يقطف
yqattif,يقَطِّف,يقطف
qataf,قَطَف,قطف
qattaf,قَطَّف,قطف
mqatqitmkatkit,مْقَطْقِط,مقطقط
qatquut,قَطْقُوط,قطقوط
qataaqiit,قَطَاقِيط,قطاقيط
qatqitkatkit,قَطْقِط,قطقط
yqatqitykatkit,يقَطْقِط,يقطقط
qatqatkatkat,قَطْقَط,قطقط
qatladje,قَطْلَجِة,قطلجة
qatlidj,قَطْلِج,قطلج
yqatlidj,يقَطْلِج,يقطلج
qatladj,قَطْلَج,قطلج
qatma,قَطْمَا,قطما
2aqtam,أَقْطَم,أقطم
qattuum,قَطُّوم,قطوم
qutum,قُطُم,قطم
maqtuum,مَقْطُوم,مقطوم
qutme,قُطْمِة,قطمة
2itqattam,اِتْقَطَّم,اتقطم
yitqattam,يِتْقَطَّم,يتقطم
tqattam,تْقَطَّم,تقطم
2inqitim,اِنْقِطِم,انقطم
yinqitim,يِنْقِطِم,ينقطم
2inqatam,اِنْقَطَم,انقطم
2uqtum,اُقْطُم,اقطم
qattim,قَطِّم,قطم
yuqtum,يُقْطُم,يقطم
yqattim,يقَطِّم,يقطم
qatam,قَطَم,قطم
qattam,قَطَّم,قطم
qutni,قُطْنِي,قطني
mqattin,مْقَطِّن,مقطن
qutteene,قُطَّينِة,قطينة
qutteen,قُطَّين,قطين
qutun,قُطُن,قطن
qiitaan,قِيطَان,قيطان
qattin,قَطِّن,قطن
yqattin,يقَطِّن,يقطن
qattan,قَطَّن,قطن
qtshaadhuum,قَاظُوم,قاظوم
qtshawaadhiim,قَوَاظِيم,قواظيم
qa3buura,قَعْبُورة,قعبورة
qa3aabiir,قَعَابِير,قعابير
muq3ad,مُقْعَد,مقعد
qaa3id,قَاعِد,قاعد
taq3iide,تَقْعِيدِة,تقعيدة
taq3iide,تَقْعِيدِة,تقعيدة
taq3iidit 2ittaabuun,تَقْعِيدِة الطَّابُون,تقعيدة الطابون
qaa3ida,قَاعْدِة,قاعدة
qa33aade,قَعَّادِة,قعادة
qku3diyye,قُعْدِيِّة,قعدية
qkga3uud,قَاعُود,قاعود
qkgawaa3iid,قَوَاعِيد,قواعيد
qu3uud,قْعُود,قعود
maq3ad,مَقْعَد,مقعد
taqaa3ud,تَقَاعُد,تقاعد
qa3de,قَعْدِة,قعدة
qa3ad,قَعَد,قعد
qku3ud,قُعُد,قعد
taqaa3iid,تَقَاعِيد,تقاعيد
maqaa3id,مَقَاعِد,مقاعد
qawaa3id,قَوَاعِد,قواعد
qk3uud,قْعُود,قعود
khudha qaa3ida,خذهَا قَاعْدِة,خذها قاعدة
qaayme qaa3de,قَايْمِة قَاعْدِة,قايمة قاعدة
qaa3de 3al mustabe,قَاعْدِة عَالمصطبة,قاعدة عالمصطبة
2uq3ud,اُقْعُد,اقعد
qa33id,قَعِّد,قعد
2itqaa3ad,اِتْقَاعَد,اتقاعد
2istaq3id,اِسْتَقْعِد,استقعد
yuq3ud,يُقْعُد,يقعد
yqa33id,يقَعِّد,يقعد
yitqaa3ad,يِتْقَاعَد,يتقاعد
yistaq3id,يِسْتَقْعِد,يستقعد
qa3ad,قَعَد,قعد
qa33ad,قَعَّد,قعد
tqaa3ad,تْقَاعَد,تقاعد
2istaq3ad,اِسْتَقْعَد,استقعد
maq3uur,مَقْعَور,مقعور
2iq3ar,اِقْعَر,اقعر
yiq3ar,يِقْعَر,يقعر
qa3ar,قَعَر,قعر
qkaa3ish,قَاعِش,قاعش
mqka33ish,مْقَعِّش,مقعش
2iqk3ash,اِقْعَش,اقعش
2iqk3ash,اِقْعَش,اقعش
yiqk3ash,يِقْعَش,يقعش
yiqk3ash,يِقْعَش,يقعش
qka3ash,قَعَش,قعش
2aqk3ash,أَقْعَش,أقعش
qu3fur,قُعْفُر,قعفر
qa3fuur,قَعْفُور,قعفور
qa3quurka3kuur,قَعْقُور,قعقور
qa3aaqiirka3aakiir,قَعَاقِير,قعاقير
qa3qasheka3kashe,قَعْقَشِة,قعقشة
qa3qishka3kish,قَعْقِش,قعقش
yqa3qishyka3kish,يقَعْقِش,يقعقش
qa3qashka3kash,قَعْقَش,قعقش
qaafir,قَافِر,قافر
2iqfar,اِقْفَر,اقفر
yiqfar,يِقْفَر,يقفر
qafar,قَفَر,قفر
2aqfaas,أَقْفَاص,أقفاص
qafas,قَفَص,قفص
qkuffe,قُفِّة,قفة
zay qkuffit 2iddahwe,زي قُفِّة الدهوة,زي قفة الدهوة
kibir 2ilbaatinjaan widdandanat 2ajraaso wunisi qkuffit 2izbaale 2illi kaanat tinkabb 3araaso,كبر البَاذنجَان وتدندنت أجرَاسه ونسي قُفِّة الزبَالة اللي كَانت تنكب عرَاسه,كبر الباذنجان وتدندنت أجراسه ونسي قفة الزبالة اللي كانت تنكب عراسه
mqafqaf,مْقَفْقَف,مقفقف
qafil,قَفِل,قفل
qaafile,قَافِلِة,قافلة
qafil,قَفِل,قفل
2aqfaal,أَقْفَال,أقفال
qfuule,قْفُولِة,قفولة
qawaafil,قوَافِل,قوافل
mukhkho qaffal,مُخُّه قَفَّل,مخه قفل
2itqaffal,اِتْقَفَّل,اتقفل
yitqaffal,يِتْقَفَّل,يتقفل
tqaffal,تْقَفَّل,تقفل
qaffil,قَفِّل,قفل
2iqfil,اِقْفِل,اقفل
yiqfil,يِقْفِل,يقفل
yqaffil,يقَفِّل,يقفل
qafal,قَفَل,قفل
qaffal,قَفَّل,قفل
qafa,قَفَى,قفى
min qafa 2iidha,من قفى إِيدهَا,من قفى إيدها
3ala qafa miin yshiil,على قَفَى مين يشيل,على قفى مين يشيل
qaffi,قَفِّي,قفي
yqaffi,يقَفِّي,يقفي
qaffa,قَفَّى,قفى
qafwe,قَفْوِة,قفوة
maqluub,مَقْلُوب,مقلوب
maqluub,مَقْلُوب,مقلوب
maqluube,مَقْلُوبِة,مقلوبة
qlaabe,قْلَابِة,قلابة
qalbe,قَلْبِة,قلبة
qalb,قَلْب,قلب
qalib,قَلِب,قلب
qaalib,قَالِب,قالب
maqlab,مَقْلَب,مقلب
2inqilaab,اِنْقِلَاب,انقلاب
qawaalib,قَوَالِب,قوالب
maqaalib,مَقَالِب,مقالب
qalbo matfi,قَلْبُه مطفي,قلبه مطفي
qamat qalbi,قمط قَلْبِي,قمط قلبي
bitqallab biqabro,بيتقلَّب بقبره,بيتقلب بقبره
2iglib widjhak,اِقْلِب وِجْهَك,اقلب وجهك
biqallib 2asaabii3,بيقَلِّب أسَابيع,بيقلب أسابيع
3al qalbi,عَلّ قَلْبِي,عل قلبي
maakhid bi7aalo maqlab,مَاخِذ بِحَالُه مَقْلَب,ماخذ بحاله مقلب
biqatti3 2ilqalb,بيقطِّع القَلُب,بيقطع القلب
2ilqaalib ghaalib,القَالب غَالب,القالب غالب
qaalib,قَالِب,قالب
qaalib buuzo,قَالِب بوزه,قالب بوزه
bqalb wurab,بقَلْب و رَبّ,بقلب و رب
2in3ama 3aqalbi,اِنْعَمَى على قَلْبِي,انعمى على قلبي
qalbo m3ammal,قَلْبُه مْعَمَّل,قلبه معمل
wiqi3 qalbi,وِقِع قَلْبِي,وقع قلبي
saar qalbi been 2ijrayy,صَار قَلْبِي بَين إِجْرَيّ,صار قلبي بين إجري
qalbo 2abyad,قَلْبُه أَبْيَض,قلبه أبيض
qalbo 2aswad,قَلْبُه أََسْوَد,قلبه أسود
2iqlib,اِقْلِب,اقلب
qallib,قَلِّب,قلب
2itqallab,اِتْقَلَّب,اتقلب
qaalib,قَالِب,قالب
maqlib,مَقْلِب,مقلب
yiqlib,يِقْلِب,يقلب
yqallib,يقَلِّب,يقلب
yitqallab,يِتْقَلَّب,يتقلب
yqaalib,يقَالِب,يقالب
ymaqlib,يمَقْلِب,يمقلب
qalab,قَلَب,قلب
qallab,قَلَّب,قلب
tqallab,تْقَلَّب,تقلب
qaalab,قَالَب,قالب
maqlab,مَقْلَب,مقلب
2inqilib,اِنْقِلِب,انقلب
yinqilib,يِنْقِلِب,ينقلب
2inqalab,اِنْقَلَب,انقلب
qaldje,قَلْجِة,قلجة
qalidj,قَلِج,قلج
2uqludj,اُقْلُح,اقلح
yuqludj,يُقْلُح,يقلح
qaladj,قَلَج,قلج
mqallid,مْقَلِّد,مقلد
mqallad,مْقَلَّد,مقلد
taqliid,تَقْلِيد,تقليد
taqliidi,تَقْلِيدِي,تقليدي
qkilaade,قِلَادِة,قلادة
gklaade,قْلَادِة,قلادة
taqliid,تَقْلِيد,تقليد
qkalaayid,قَلَايِد,قلايد
taqaaliid,تَقَالِيد,تقاليد
tqallad khatiyyitha,تْقَلَّد خطيتهَا,تقلد خطيتها
qallid,قَلِّد,قلد
2itqallad,اِتْقَلَّد,اتقلد
yqallid,يقَلِّد,يقلد
yitqallad,يِتْقَلَّد,يتقلد
qallad,قَلَّد,قلد
tqallad,تْقَلَّد,تقلد
2alze,قَلْزِة,قلزة
2i2luz,اِقْلُز,اقلز
yi2luz,يِقْلُز,يقلز
2alaz,قَلَز,قلز
m2aalish,مْقَالِش,مقالش
qkaaluush,قَالُوش,قالوش
qkawaaliish,قَوَالِيش,قواليش
2aalish,قَالِش,قالش
y2aalish,يقَالِش,يقالش
2aalash,قَالَش,قالش
2uqlut,اُقْلُط,اقلط
qallit,قَلِّط,قلط
yuqlut,يُقْلُط,يقلط
yqallit,يقَلِّط,يقلط
qalat,قَلَط,قلط
qallat,قَلَّط,قلط
mqkgalli3,مْقَلِّع,مقلع
mistaqli3,مِسْتَقْلِع,مستقلع
muqlee3a,مُقْلَيعَة,مقليعة
taqlii3e,تَقْلِيعَة,تقليعة
qal3a,قَلْعَة,قلعة
muqlee3,مُقْلَيع,مقليع
qilaa3,قِلَاع,قلاع
qala3uu shruushhum,قلعوَا شروشهم,قلعوا شروشهم
ma3 2ilqal3a,مَع القَلْعَة,مع القلعة
yqalli3 shooko b2iido,يقلع شوكه بإِيده,يقلع شوكه بإيده
mqalle3 snaano,مْقَلِّع سنَانه,مقلع سنانه
2iqla3,اِقْلَع,اقلع
qalli3,قَلِّع,قلع
2iqtili3,اِقْتِلِع,اقتلع
2istaqli3,اِسْتَقْلِع,استقلع
yiqla3,يِقْلَع,يقلع
yqalli3,يقَلِّع,يقلع
yiqtili3,يِقْتِلِع,يقتلع
yistaqli3,يِسْتَقْلِع,يستقلع
qala3,قَلَع,قلع
qalla3,قَلَّع,قلع
2iqtala3,اِقْتَلَع,اقتلع
2istaqla3,اِسْتَقْلَع,استقلع
2inqili3,اِنْقِلِع,انقلع
yinqili3,يِنْقِلِع,ينقلع
2inqala3,اِنْقَلَع,انقلع
mqal3at,مْقَلْعَط,مقلعط
kul3aat,قُلْعَاط,قلعاط
qal3it,قَلْعِط,قلعط
yqal3it,يقَلْعِط,يقلعط
qal3at,قَلْعَط,قلعط
qalqaan,قَلْقَان,قلقان
muqliq,مُقْلِق,مقلق
qaliq,قَلِق,قلق
qalqaan,قَلَْقَان,قلقان
qalaqaan,قَلَقَان,قلقان
2iqlaq,اِقْلَق,اقلق
yiqlaq,يِقْلَق,يقلق
qiliq,قِلِق,قلق
2mqalqiz,مْقَلْقِز,مقلقز
kalkiiz,قَلْقِيز,قلقيز
qalqazaane,قَلْقَزَانِة,قلقزانة
qalqiz,قَلْقِز,قلقز
yqalqiz,يقَلْقِز,يقلقز
qalqaz,قَلْقَز,قلقز
qalqiilya,قَلْقِيلْيا,قلقيليا
qalqale,قَلْقَلِة,قلقلة
qalqil,قَلْقِل,قلقل
yqalqil,يقَلْقِل,يقلقل
qalqal,قَلْقَل,قلقل
qaliil,قَلِيل,قليل
qlaal,قْلَال,قلال
qulle,قُلّة,قلة
qille,قِلِّة,قلة
2aqall,أَقَلّ,أقل
qulal,قُلَل,قلل
qall qiimto,قل قيمته,قل قيمته
qillit 3aqil,قِلِّة عقل,قلة عقل
qillit qiime,قِلِّة قِيمِة,قلة قيمة
qaliil khawaas,قليل خوَاص,قليل خواص
mush qaliil,مُش قَلِيل,مش قليل
mish qaliil,مِش قَلِيل,مش قليل
2istaqall,اِسْتَقِلّ,استقل
qallil,قَلِّل,قلل
yistaqall,يِسْتَقِلّ,يستقل
qill,قِلّ,قل
yqill,يقِلّ,يقل
2istiqlaal,اِسْتِقْلَال,استقلال
yqallil,يقَلِّل,يقلل
2istaqall,اِسْتَقَلّ,استقل
qall,قَلّ,قل
qallal,قَلَّل,قلل
mqallam,مْقَلَّم,مقلم
taqliim,تَقْلِيم,تقليم
qalam,قَلَم,قلم
tshalam,قَلَم,قلم
2aqlaam,أَقْلَام,أقلام
2itshlaam,اِقْلَام,اقلام
marfuu3 3anno 2ilqalam,مرفوع عنُّه القَلَم,مرفوع عنه القلم
qallim,قَلِّم,قلم
yqallim,يقَلِّم,يقلم
qallam,قَلَّم,قلم
m2alwiz,مْقَلْوِز,مقلوز
2alwiz,قَلْوِز,قلوز
y2alwiz,يقَلْوِز,يقلوز
2alwaz,قَلْوَز,قلوز
qali,قَلِي,قلي
qallaaye,قَلَّايِة,قلاية
qalye,قَلْيِة,قلية
2itqalla,اِتْقَلَّى,اتقلى
yitqalla,يِتْقَلَّى,يتقلى
tqalla,تْقَلَّى,تقلى
qalli,قَلِّي,قلي
yqalli,يقَلِّي,يقلي
qalla,قَلَّى,قلى
byi3rifish yiqli beeda,بيعرفش يِقْلِي بيضة,بيعرفش يقلي بيضة
wala byiqli beeda,ولَا بيِقْلِي بيضة,ولا بيقلي بيضة
2iqli,اِقْلِي,اقلي
yiqli,يِقْلِي,يقلي
qala,قَلَى,قلى
mqkambiz,مْقَمْبِز,مقمبز
qumbaazqgunbaaz,قُمْبَاز,قمباز
qkambiz,قَمْبِز,قمبز
yqkambiz,يقَمْبِز,يقمبز
qkambaz,قَمْبَز,قمبز
qam7a,قَمْحِة,قمحة
qam7iyye,قَمْحِيِّة,قمحية
qam7,قَمْح,قمح
qam7e willa sh3iire,قمحة ولَا شعيرة,قمحة ولا شعيرة
2ammuur,قَمُّور,قمور
2amaamiir,قَمَامِير,قمامير
mqammar,مْقَمَّر,مقمر
qamar,قَمَر,قمر
2aqmaar,أَقْمَار,أقمار
3amaat 2iliqmaar,عمَاة القمَار,عماة القمار
2in3ama qmaari,اِنعمى قمَاري,انعمى قماري
zayy 2ilqamar,زي القَمَر,زي القمر
m3ami qmaro,معمي قمَاره,معمي قماره
qammir,قَمِّر,قمر
yqammir,يقَمِّر,يقمر
qammar,قَمَّر,قمر
qawaamiis,قَوَامِيس,قواميس
qaamuus,قَامُوس,قاموس
qmaashe,قْمَاشِة,قماشة
qmaash,قْمَاش,قماش
qaamis,قَامِص,قامص
maqmuus,مَقْمُوص,مقموص
qamiis,قَمِيص,قميص
qumsaan,قُمْصَان,قمصان
qalbi qaamisni,قلبي قَامِصني,قلبي قامصني
qamiis noom,قَمِيص نوم,قميص نوم
2iqmis,اِقْمِص,اقمص
2inqimis,اِنْقِمِص,انقمص
yiqmis,يِقْمِص,يقمص
yinqimis,يِنْقِمِص,ينقمص
2inqamas,اِنْقَمَص,انقمص
qamas,قَمَص,قمص
mqammat,مْقَمَّط,مقمط
qamta,قَمْطَة,قمطة
qmaat,قْمَاط,قماط
maqaamit,مَقَامِط,مقامط
qamat qalbi,قمط قلبي,قمط قلبي
2uqmut,اُقْمُط,اقمط
qammit,قَمِّط,قمط
2itqammat,اِتْقَمَّط,اتقمط
yuqmut,يُقْمُط,يقمط
yqammit,يقَمِّط,يقمط
yitqammat,يِتْقَمَّط,يتقمط
qamat,قَمَط,قمط
qammat,قَمَّط,قمط
tqammat,تْقَمَّط,تقمط
qami3,قَمِع,قمع
qammi3,قَمِّع,قمع
2iqma3,اِقْمَع,اقمع
yiqma3,يِقْمَع,يقمع
2inqimi3,اِنْقِمِع,انقمع
yinqimi3,يِنْقِمِع,ينقمع
yqammi3,يقَمِّع,يقمع
qama3,قَمَع,قمع
2inqama3,اِنْقَمَع,انقمع
qamma3,قَمَّع,قمع
2igma3,اِقْمَع,اقمع
yigma3,يِقْمَع,يقمع
gama3,قَمَع,قمع
qamquur,قَمْقُور,قمقور
qamaqiir,قَمَاقِير,قماقير
qamaqiir raasi,قَمَاقِير رَاسِي,قماقير راسي
2ilqiir wilqamaqiir,القِير وَالقَمَاقِير,القير والقماقير
qamquush,قَمْقَوش,قمقوش
qamaaqiish,قَمَاقِيش,قماقيش
qkamqkashe,قَمْقَشِة,قمقشة
qkamqkish,قَمْقِش,قمقش
yqkamqkish,يقَمْقِش,يقمقش
qkamqkash,قَمْقَش,قمقش
mqammil,مْقَمِّل,مقمل
qamle,قَمْلِة,قملة
qamil,قَمِل,قمل
takhkhaakh 2ilgamil,طخَاخ القمل,طخاخ القمل
qammil,قَمِّل,قمل
yqammil,يقَمِّل,يقمل
qammal,قَمَّل,قمل
qimme,قِمِّة,قمة
qimam,قِمَم,قمم
qumandara,قُمُنْدَرَة,قمندرة
mqkannab,مْقَنَّب,مقنب
qannibni wula tkarribni,قَنَّبني ولَاتكرِّبني,قنبني ولاتكربني
qkannib,قَنِّب,قنب
yqkannib,يقَنِّب,يقنب
qkannab,قَنَّب,قنب
2umbur,قُنْبُر,قنبر
kanbuuta,قَنْبُوطَة,قنبوطة
kanaabiit,قَنَابِيط,قنابيط
qanaabil,قَنَابِل,قنابل
qunbule,قُنْبُلِة,قنبلة
mitkannid,مِتْقَنِّد,متقند
mkannid,مْقَنِّد,مقند
2itkannad,اِتْقَنَّد,اتقند
yitkannad,يِتْقَنَّد,يتقند
tkannad,تْقَنَّد,تقند
qkundara,قُنْدَرَة,قندرة
qkanaadir,قَنَادِر,قنادر
baali3 qkundara,بَالِع قُنْدَرَة,بالع قندرة
baali3 qkundara bil3ard,بَالع قُنْدَرَة بَالعرض,بالع قندرة بالعرض
2a7shi qkundara btummak,أَحشي قُنْدَرَة بثمك,أحشي قندرة بثمك
qkundara wulaaqat 2ukhutha,قُنْدَرَة ولَاقت أختهَا,قندرة ولاقت أختها
mukhkho qkundara,مُخُّه قُنْدَرَة,مخه قندرة
qkundarji,قُنْدَرْجِي,قندرجي
qkundarjiyye,قُنْدَرْجِيِّة,قندرجية
mitqkandir,مِتْقَنْدِر,متقندر
2itqkandar,اِتْقَنْدَر,اتقندر
yitqkandar,يِتْقَنْدَر,يتقندر
tqkandar,تْقَنْدَر,تقندر
mqandil,مْقَنْدِل,مقندل
qandiil,قَنْدِيل,قنديل
qanduul,قَنْدُول,قندول
qundiil,قُنْدِيل,قنديل
qanaadiil,قَنَادِيل,قناديل
2ilqandiil 2issafari,القَنْدِيل السَّفَرِي,القنديل السفري
qinnaara,قِنَّارَة,قنارة
qanaaniir,قَنَانِير,قنانير
kulna ruus maa 7ada fiina qanaaniir,كُلْنَا رُوس مَاحَدَا فِينَا قَنَانِير,كلنا روس ماحدا فينا قنانير
qunza3a,قُنْزَعَة,قنزعة
qanaazi3,قَنَازِع,قنازع
mqkannish,مْقَنِّش,مقنش
qkannish,قَنِّش,قنش
yqkannish,يقَنِّش,يقنش
qkannash,قَنَّش,قنش
mqkanshi3,مْقَنْشِع,مقنشع
qkansha3e,قَنْشَعِة,قنشعة
qkanshi3,قَنْشِع,قنشع
yqkanshi3,يقَنْشِع,يقنشع
qkansha3,قَنْشَع,قنشع
qans,قَنْص,قنص
qaansa,قَانْصَة,قانصة
qannaas,قَنَّاص,قناص
qawaanis,قَوَانِص,قوانص
2uqnus,اُقْنُص,اقنص
2iqtinis,اِقْتِنِص,اقتنص
yuqnus,يُقْنُص,يقنص
yiqtinis,يِقْتِنِص,يقتنص
qanas,قَنَص,قنص
2iqtanas,اِقْتَنَص,اقتنص
muqni3,مُقْنِع,مقنع
qanuu3,قَنُوع,قنوع
miqtini3,مِقْتِنِع,مقتنع
qanaa3a,قَنَاعَة,قناعة
2iqtinaa3,اِقْتِنَاع,اقتناع
qinaa3,قِنَاع,قناع
2aqni3a,أَقْنِعَة,أقنعة
laa byishba3 wala byiqna3,لَا بيشبع ولَا بيقنع,لا بيشبع ولا بيقنع
2alla laa yishbi3ak wala yiqni3ak,الله لَا يشبعك ولَا يقنعك,الله لا يشبعك ولا يقنعك
2iqni3,اِقْنِع,اقنع
2iqtini3,اِقْتِنِع,اقتنع
2iqna3,اِقْنَع,اقنع
2itqanna3,اِتْقَنَّع,اتقنع
qanni3,قَنِّع,قنع
yiqni3,يِقْنِع,يقنع
yiqtini3,يِقْتِنِع,يقتنع
yiqna3,يِقْنَع,يقنع
yitqanna3,يِتْقَنَّع,يتقنع
yqanni3,يقَنِّع,يقنع
2aqna3,أَقْنَع,أقنع
2iqtana3,اِقْتَنَع,اقتنع
qini3,قِنِع,قنع
tqanna3,تْقَنَّع,تقنع
qanna3,قَنَّع,قنع
mqan3ar,مْقَنْعَر,مقنعر
tqan3ara,قَنْعَرَة,قنعرة
2itqan3ar,اِتْقَنْعَر,اتقنعر
yitqan3ar,يِتْقَنْعَر,يتقنعر
tqan3ar,تْقَنْعَر,تقنعر
mitkannif,مِتْقَنِّف,متقنف
mqk2annaf,مْقَنَّف,مقنف
2itkannaf,اِتْقَنَّف,اتقنف
yitkannaf,يِتْقَنَّف,يتقنف
tkannaf,تْقَنَّف,تقنف
qanqazekankaze,قَنْقَزِة,قنقزة
mqanqizmkankiz,مْقَنْقِز,مقنقز
qanqizkankiz,قَنْقِز,قنقز
yqanqizykankiz,يقَنْقِز,يقنقز
qanqazkankaz,قَنْقَز,قنقز
qawaaniin,قَوَانِين,قوانين
qaanuun,قَانُون,قانون
mqannin,مْقَنِّن,مقنن
mqannin,مْقَنِّن,مقنن
qanniine,قَنِّينِة,قنينة
kunniine,قُنِّينِة,قنينة
qinniyye,قِنِّيِّة,قنية
taqniin,تَقْنِين,تقنين
qanaani,قَنَانِي,قناني
qannin,قَنِّن,قنن
yqannin,يقَنِّن,يقنن
qannan,قَنَّن,قنن
ganwe,قَنْوَة,قنوة
ganaawi,قَنَاوِي,قناوي
qanaa,قَنَاة,قناة
qanawaat,قَنَوَات,قنوات
qaani,قَانِي,قاني
muqtanayaat,مُقْتَنيَات,مقتنيات
2iqni,اِقْنِي,اقني
2iqtini,اِقْتِنِي,اقتني
yiqni,يِقْنِي,يقني
yiqtini,يِقْتِنِي,يقتني
2iqtana,اِقْتَنَى,اقتنى
qana,قَنَى,قنى
qahri,قَهْرِي,قهري
qaahir,قَاهِر,قاهر
qahhaar,قَهَّار,قهار
maqhuur,مَقْهُور,مقهور
qahir,قَهِر,قهر
qaharni 3aqalbi,قَهَرني عقلبي,قهرني عقلبي
2iqhar,اِقْهَر,اقهر
2inqahir,اِنْقَهِر,انقهر
2inqihir,اِنْقِهِر,انقهر
qaahir,قَاهِر,قاهر
yiqhar,يِقْهَر,يقهر
yinqahir,يِنْقَهِر,ينقهر
yinqihir,يِنْقِهِر,ينقهر
yqaahir,يقَاهِر,يقاهر
qahar,قَهَر,قهر
2inqahar,اِنْقَهَر,انقهر
qaahar,قَاهَر,قاهر
maqaahi,مَقَاهِي,مقاهي
maqha,مَقْهَى,مقهى
qahwe,قَهْوِة,قهوة
ghawa,قْهَوَة,قهوة
tshahwa,قَهْوَة,قهوة
2itshheewa,قْهَيوَة,قهيوة
qahwaji,قَهْوَجِي,قهوجي
qahwajiyye,قَهْوَجِيِّة,قهوجية
qahwigahwi,قَهْوِي,قهوي
2itqahwa2itgahwa,اِتْقَهْوَى,اتقهوى
yqahwiygahwi,يقَهْوي,يقهوي
yitqahwayitgahwa,يِتْقَهْوَى,يتقهوى
qahwagahwa,قَهْوَى,قهوى
tqahwatgahwa,تْقَهْوَى,تقهوى
qaat,قَات,قات
qiit,قِيت,قيت
yqiit,يقِيت,يقيت
quut,قُوت,قوت
mqaawa7a,مْقَاوَحَة,مقاوحة
qaawi7,قَاوِح,قاوح
yqaawi7,يقَاوِح,يقاوح
qaawa7,قَاوَح,قاوح
munqaad,مُنْقَاد,منقاد
qiyaade,قِيَادِة,قيادة
qaa2id,قَائِد,قائد
2inqiyaad,اِنْقِيَاد,انقياد
qgawwaad,قَوَّاد,قواد
qawad,قَوَد,قود
qaade,قَادِة,قادة
qawadil manaaqis,قَوَد المنَاقص,قود المناقص
quud,قُود,قود
2inqaad,اِنْقَاد,انقاد
yquud,يقُود,يقود
yinqaad,يِنْقَاد,ينقاد
qaad,قَاد,قاد
2inqaad,اِنْقَاد,انقاد
qiwwaara,قِوَّارَة,قوارة
qkuwwaara,قُوَّارَة,قوارة
taq2wiir,تَقْوِير,تقوير
miq2waar,مِقْوَار,مقوار
maq2aawiir,مَقَاوِير,مقاوير
qkawaawiir,قَوَاوِير,قواوير
q2awwir,قَوِّر,قور
yq2awwir,يقَوِّر,يقور
q2awwar,قَوَّر,قور
qooshe,قَوشِة,قوشة
quushe,قُوشِة,قوشة
quush,قُوش,قوش
qkawwish,قَوِّش,قوش
yquush,يقُوش,يقوش
yqkawwish,يْقَوِّش,يقوش
qaash,قَاش,قاش
qkawwash,قَوَّش,قوش
quuta,قُوطَة,قوطة
quwat,قُوَط,قوط
gootir,قَوطِر,قوطر
ygootir,يقَوطِر,يقوطر
gootar,قَوطَر,قوطر
qaa3a,قَاعَة,قاعة
qaa3,قَاع,قاع
bilqaa3,بَالقَاع,بالقاع
qaa3 2ilbeet,قَاع البيت,قاع البيت
qaa3 2ilmadiine,قَاع المَدِينِة,قاع المدينة
2wee2i,قْوَيقِي,قويقي
2im 2wee2i,إِمّ قْوَيقِي,إم قويقي
qweeq,قْوَيق,قويق
2imm qweeq,إِم قْوَيق,إم قويق
mqooqi7mkooki7,مْقَوقِح,مقوقح
mkookiz,مْقَوقِز,مقوقز
kookiz,قَوقِز,قوقز
ykookiz,يقَوقِز,يقوقز
kookaz,قَوقَز,قوقز
mitqooqi3,مِتْقَوقِع,متقوقع
qooqa3a,قَوقَعَة,قوقعة
qawaaqi3,قَوَاقِع,قواقع
ziraa3it qawqa3a,زِرَاعِة قَوقَعَة,زراعة قوقعة
2itqooqa3,اِتْقَوقَع,اتقوقع
yitqooqa3,يِتْقَوقَع,يتقوقع
tqooqa3,تْقَوقَع,تقوقع
maqaal,مَقَال,مقال
mqaawil,مْقَاوِل,مقاول
maquule,مَقُولِة,مقولة
qool,قَول,قول
muqaawil,مُقَاوِل,مقاول
2aqwaal,أَقْوَال,أقوال
2aqaawiil,أَقَاوِيل,أقاويل
2ilqiil wilqaal,القِيل وَالقَال,القيل والقال
quul wughayyir,قول وغير,قول وغير
tinqaal qwaalhum,تنقَال قوَالهم,تنقال قوالهم
qool waa7id,قُول وَاحِد,قول واحد
qaayillo b2eesh,قَايله بإِيش,قايله بإيش
qooltak,قُوْلتَك,قولتك
2a3ta qool,أَعطى قُول,أعطى قول
2itqawwal,اِتْقَوَّل,اتقول
yitqawwal,يِتْقَوَّل,يتقول
tqawwal,تْقَوَّل,تقول
quul,قُول,قول
qawwil,قَوِّل,قول
qaawil,قَاوِل,قاول
yqaawil,يقَاوِل,يقاول
yquul,يقُول,يقول
yqawwil,يقُوِّل,يقول
qaawal,قَاوَل,قاول
qaal,قَال,قال
qawwal,قَوَّل,قول
qawmi,قَوْمِي,قومي
mustaqiim,مُسْتَقِيم,مستقيم
qaayim,قَايِم,قايم
muqaawame,مُقَاوَمِة,مقاومة
2iqaame,إِقَامِة,إقامة
qawm,قَوْم,قوم
muqiim,مُقِيم,مقيم
2aqwaam,أَقْوَام,أقوام
kawaam kawaam,قوَام قوَام,قوام قوام
yquum fiiha,يقوم فيهَا,يقوم فيها
qaam qyaame,قَام قيَامة,قام قيامة
qaam 2iddunya 3araasha,قَام الدنيَا عرَاسهَا,قام الدنيا عراسها
qumnaa bilwaajib,قمنَا بَالوَاجب,قمنا بالواجب
qaayim biwaajibaato,قَايِم بوَاجِبَاته,قايم بواجباته
qaayme qaa3de,قَايمة قَاعدة,قايمة قاعدة
qaayim 3aleeha,قَايِم عليهَا,قايم عليها
2issiraat 2ilmustaqiim,الصِّرَاط المُسْتَقِيم,الصراط المستقيم
mashshaa 3assiraat 2ilmustaqiim,مَشَّاه على الصِّرَاط المُسْتَقِيم,مشاه على الصراط المستقيم
yaa qawm,يَا قَوْم,يا قوم
qawwim,قَوِّم,قوم
quum,قُوم,قوم
qaawim,قَاوِم,قاوم
2istaqiim,اِسْتَقِيم,استقيم
qawaa2im,قَوَائِم,قوائم
2awaam,قَوَام,قوام
qaa2ime,قَائِمِة,قائمة
yqawwim,يقَوِّم,يقوم
yquum,يقُوم,يقوم
yqaawim,يقَاوِم,يقاوم
qiim,قِيم,قيم
yqiim,يقِيم,يقيم
yistaqiim,يِسْتَقِيم,يستقيم
qawwam,قَوَّم,قوم
qaam,قَام,قام
qaawam,قَاوَم,قاوم
2aqaam,أَقَام,أقام
2istiqaam,اِسْتَقَام,استقام
qawi,قَوِي,قوي
2aqwiyaa2,أَقْويَاء,أقوياء
qawaaya,قوَايَا,قوايا
mistaqwi,مِسْتَقْوِي,مستقوي
quwwe,قُوِّة,قوة
3een qawiyye,عين قوية,عين قوية
2iqwa,اِقْوَى,اقوى
qawwi,قَوِّي,قوي
2itqaawa,اِتْقَاوَى,اتقاوى
2istaqwi,اِسْتَقْوِي,استقوي
yiqwa,يِقْوَى,يقوى
yqawwi,يقَوِّي,يقوي
yitqaawa,يِتْقَاوَى,يتقاوى
yistaqwi,يِسْتَقْوِي,يستقوي
2aqwa,أَقْوَى,أقوى
qiwi,قِوِي,قوي
qawwa,قَوَّى,قوى
tqaawa,تْقَاوَى,تقاوى
2istaqwa,اِسْتَقْوَى,استقوى
mqayyi7,مْقَيِّح,مقيح
qee7,قَيح,قيح
2itqayyi7,اِتْقَيَّح,اتقيح
yitqayyi7,يِتْقَيَّح,يتقيح
tqayya7,تْقَيَّح,تقيح
mqayyad,مْقَيَّد,مقيد
mqayyad,مْقَيَّد,مقيد
qeed,قَيد,قيد
qyuud,قْيُود,قيود
qayyid,قَيِّد,قيد
2itqayyad,اِتْقَيَّد,اتقيد
yqayyid,يقَيِّد,يقيد
yitqayyad,يِتْقَيَّد,يتقيد
qayyad,قَيَّد,قيد
tqayyad,تْقَيَّد,تقيد
maqaas,مَقَاس,مقاس
miqyaas,مِقْيَاس,مقياس
maqaayiis,مَقَايِيس,مقاييس
qiis,قِيس,قيس
qayyis,قَيِّس,قيس
yqiis,يقِيس,يقيس
yqayyis,يقَيِّس,يقيس
2inqaas,اِنْقَاس,انقاس
yinqaas,يِنْقَاس,ينقاس
qaas,قَاس,قاس
qayyas,قَيَّس,قيس
2inqaas,اِنْقَاس,انقاس
mqayyish,مْقَيِّش,مقيش
qiishe,قِيشِة,قيشة
qaayish,قَايِش,قايش
qayyish,قَيِّش,قيش
yqaayish,يْقَايِش,يقايش
yqayyish,يقَيِّش,يقيش
qaayash,قَايَش,قايش
qayyash,قَيَّش,قيش
muqaayada,مْقَايَضَة,مقايضة
qaayid,قَايِض,قايض
yqaayid,يْقَايِض,يقايض
qaayad,قَايَض,قايض
mqeeqasemkeekase,مْقَيقَسِة,مقيقسة
qeeqiskeekis,قَيقِس,قيقس
yqeeqisykeekis,يقَيقِس,يقيقس
qeeqaskeekas,قَيقَس,قيقس
mustaqiil,مِسْتَقِيل,مستقيل
2istiqaale,اِسْتِقَالِة,استقالة
2istaqiil,اِسْتَقِيل,استقيل
2aqiil,أَقِيل,أقيل
yistaqiil,يِسْتَقِيل,يستقيل
yqiil,يقيل,يقيل
2istaqaal,اِسْتَقَال,استقال
2aqaal,أَقَال,أقال
qayluule,قَيْلُولِة,قيلولة
qaylil,قَيْلِل,قيلل
yqaylil,يْقَيْلِل,يقيلل
qaylal,قَيْلَل,قيلل
qayyil,قَيِّل,قيل
yqayyil,يقَيِّل,يقيل
qayyal,قَيَّل,قيل
qayyim,قَيِّم,قيم
qiime,قِيمِة,قيمة
qiime,قِيمِة,قيمة
taqyiim,تَقْيِيم,تقييم
maqaam,مَقَام,مقام
qiyam,قِيَم,قيم
qyaame,قْيَامِة,قيامة
yoom 2ilqiyaame,يوم القْيَامِة,يوم القيامة
kaniisit 2ilqiyaame,كنيسة القْيَامِة,كنيسة القيامة
qaam qyaame,قَام قيَامة,قام قيامة
qillit qiime,قلة قِيمِة,قلة قيمة
qal qiimto,قل قِيمْتُه,قل قيمته
yaa jaay bala 3aziime yaa qaliil 2ilqiime,يَا جَاي بلَا عزيمة يَا قليل القِيمِة,يا جاي بلا عزيمة يا قليل القيمة
2itqayyam,اِتْقَيَّم,اتقيم
yitqayyam,يِتْقَيَّم,يتقيم
tqayyam,تْقَيَّم,تقيم
qayyim,قَيِّم,قيم
qiim,قِيم,قيم
yqayyim,يقَيِّم,يقيم
yqiim,يقِيم,يقيم
qayyam,قَيَّم,قيم
qaam,قَام,قام
mukta2ib,مُكْتَئِب,مكتئب
ka2iib,كَئِيب,كئيب
ka2aabe,كآبَة,كآبة
2ikti2aab,اِكْتِئَاب,اكتئاب
2ik2ib,اِكْئِب,اكئب
2ikti2ib,اِكْتِئِب,اكتئب
yikti2ib,يِكْتِئِب,يكتئب
yik2ib,يِكْئِب,يكئب
2ikta2ab,اِكْتَئَب,اكتئب
ka2ab,كَأَب,كأب
kaas,كَاس,كاس
kaase,كَاسِة,كاسة
koose,كَاسِة,كاسة
ka2ann,كَأَنّ,كأن
ka2ann,كَأَنّ,كأن
ka2inn,كَئِنّ,كئن
ka2inn,كَئِنّ,كئن
kaabooy,كَابَوي,كابوي
kaar,كَار,كار
kaaziyye,كَازِيِّة,كازية
kaaz,كَاز,كاز
mkaakaa,مْكَاكَاة,مكاكاة
kaaka,كَاكَا,كاكا
kakka,كَاكَّا,كاكا
kaaki,كَاكِي,كاكي
ykaaki,يكَاكِي,يكاكي
kaaka,كَاكَى,كاكى
kaani,كَانِي,كاني
kaani wumaani,كَانِي ومَانِي,كاني وماني
kabaabe,كَبَابِة,كبابة
kubaaye,كُبَّايِة,كباية
kubbe,كُبِّة,كبة
kabb,كَبّ,كب
takbiib,تَكْبِيب,تكبيب
kabaab,كَبَاب,كباب
kabab,كَبَب,كبب
kabb 2il3adasaat,كَبّ العدسَات,كب العدسات
kabb min 2irrab,كّبّ مِن الرَّبّ,كب من الرب
kabb 2irrab,كَبّ الرَّبّ,كب الرب
kibb,كِبّ,كب
kabbib,كَبِّب,كبب
ykibb,يكِبّ,يكب
ykabbib,يكَبِّب,يكبب
kabb,كَبّ,كب
kabbab,كَبَّب,كبب
2inkabb,اِنْكَبّ,انكب
yinkabb,يِنْكَبّ,ينكب
2inkabb,اِنْكَبّ,انكب
makbuut,مَكْبُوت,مكبوت
makaabiit,مَكَابِيت,مكابيت
kabit,كَبِت,كبت
kabbuut,كَبُّوت,كبوت
kabaabiit,كَبَابِيت,كبابيت
2ikbit,اِكْبِت,اكبت
yikbit,يِكْبِت,يكبت
2inkibit,اِنْكِبِت,انكبت
yinkibit,يِنْكِبِت,ينكبت
kabat,كَبَت,كبت
2inkabat,اِنْكَبَت,انكبت
mkoobij,مْكَوبِج,مكوبج
kibde,كِبْدِة,كبدة
kabbuud,كَبُّود,كبود
kibid,كِبِد,كبد
kabaabiid,كَبَابِيد,كبابيد
2itkabbad,اِتْكَبَّد,اتكبد
kaabid,كَابِد,كابد
yitkabbad,يِتْكَبَّد,يتكبد
ykaabid,يكَابِد,يكابد
tkabbad,تْكَبَّد,تكبد
kaabad,كَابَد,كابد
kabbaara,كَبَّارَة,كبارة
kbiir,كْبِير,كبير
mutakabbir,مُتَكَبِّر,متكبر
mitkabbir,مِتْكَبِّر,متكبر
2akaabri,أَكَابْرِي,أكابري
kabraan,كَبْرَان,كبران
2akaabir,أَكَابِر,أكابر
kbaar,كْبَار,كبار
kubbaara,كُبَّارَة,كبارة
mwakbir,مْوَكْبِر,موكبر
kabra,كَبْرَة,كبرة
kabiira,كَبِيرَة,كبيرة
kibir,كِبِر,كبر
takabbur,تَكَبُّر,تكبر
takbiir,تَكْبِير,تكبير
mkaabara,مْكَابَرَة,مكابرة
kabaa2ir,كَبَائِر,كبائر
min 7add maa yquul 2allaahu 2akbar,من حد مَا يقول الله أكبر,من حد ما يقول الله أكبر
kbiire b7aqqo,كْبِيرة بحقُّه,كبيرة بحقه
kbiiro,كبيرُه,كبيره
kabbar raas,كَبَّر رَاس,كبر راس
madruub b7ajar kbiir,مضروب بحجر كبير,مضروب بحجر كبير
batno kbiir,بطنه كبير,بطنه كبير
2ikbar,اِكْبَر,اكبر
kabbir,كَبِّر,كبر
2itkabbar,تْكَبَّر,تكبر
2istakbir,اِسْتَكْبِر,استكبر
wakbir,يْوَكْبِر,يوكبر
kaabir,كَابِر,كابر
yikbar,يِكْبَر,يكبر
ykabbir,يْكَبِّر,يكبر
yitkabbar,يِتْكَبَّر,يتكبر
yistakbir,يِسْتَكْبِر,يستكبر
ywakbir,يْوَكْبِر,يوكبر
ykaabir,يكَابِر,يكابر
kibir,كِبِر,كبر
kabbar,كَبَّر,كبر
2itkabbar,اِتْكَبَّر,اتكبر
2akbar,أَكْبَر,أكبر
2istakbar,اِسْتَكْبَر,استكبر
wakbar,وَكْبَر,وكبر
kaabar,كَابَر,كابر
2istakbirha walaw 3adjra,اِسْتَكْبِرْهَا ولَو عَجَرَة,استكبرها ولو عجرة
wakbir,وَكْبِر,وكبر
ywakbir,يوَكْبِر,يوكبر
wakbar,وَكْبَر,وكبر
wakbara,وَكْبَرَة,وكبرة
mkabrit,مْكَبْرِت,مكبرت
kibriite,كِبْرِيتِة,كبريتة
kibriit,كِبْرِيت,كبريت
mkabbis,مْكَبِّس,مكبس
kabsiyye,كَبْسِيِّة,كبسية
kaabuuse,كَابُوسِة,كابوسة
kawaabiis,كَوَابِيس,كوابيس
kabse,كَبْسِة,كبسة
kabse,كَبْسِة,كبسة
kabis,كَبِس,كبس
kabiis,كَبِيس,كبيس
zaytuun kabiis,زيتون كَبيس,زيتون كبيس
kaabuus,كَابُوس,كابوس
kawaabiis,كَوَابِيس,كوابيس
2inkabas 3ala nafasi,اِنكَبَس عَلى نَفَسُه,انكبس على نفسه
bikabsit zirr,بكَبْسِة زر,بكبسة زر
mkabse ma3o,مْكَبسِة معه,مكبسة معه
2ikbis,اِكْبِس,اكبس
kabbis,كَبِّس,كبس
yikbis,يِكْبِس,يكبس
ykabbis,يكَبِّس,يكبس
kabbaas,كَبَّاس,كباس
2inkibis,اِنْكِبِس,انكبس
yinkibis,يِنْكِبِس,ينكبس
kabas,كَبَس,كبس
kabbas,كَبَّس,كبس
2inkabas,اِنْكَبَس,انكبس
kabshe,كَبْشِة,كبشة
mkaabashe,مْكَابَشِة,مكابشة
kabsh,كَبْش,كبش
kubbaash,كُبَّاش,كباش
kubbaash,كُبَّاش,كباش
kabaabiish,كَبَابِيش,كبابيش
kbuush,كْبُوش,كبوش
kabshil fidaa,كَبْش الفِدَا,كبش الفدا
kabsh qrunful,كَبْش قرنفُل,كبش قرنفل
2ikbish,اِكْبِش,اكبش
kaabish,كَابِش,كابش
yikbish,يِكْبِش,يكبش
ykaabish,يكَابِش,يكابش
kabash,كَبَش,كبش
kaabash,كَابَش,كابش
kabkabe,كَبْكَبِة,كبكبة
kabkib,كَبْكِب,كبكب
ykabkib,يكَبْكِب,يكبكب
kabkab,كَبْكَب,كبكب
kabiine,كَبِينِة,كبينة
kabaayin,كَبَايِن,كباين
2itshbi,اِكْبَى,اكبى
yitshbi,يِكْبَى,يكبى
tshaba,كَبى,كبى
kaatib,كَاتِب,كاتب
maktuub,مَكْتُوب,مكتوب
maktabe,مَكْتَبِة,مكتبة
ktaabe,كْتَابِة,كتابة
kuttaab,كُتَّاب,كتاب
kaatib,كَاتِب,كاتب
ktaab,كْتَاب,كتاب
maktuub,مَكْتُوب,مكتوب
maktab,مَكْتَب,مكتب
kuttaab,كُتَّاب,كتاب
kataatiib,كَتَاتِيب,كتاتيب
kutub,كُتُب,كتب
makaatiib,مَكَاتِيب,مكاتيب
makaatib,مَكَاتِب,مكاتب
makaatib,مَكَاتِب,مكاتب
katab ktaabo,كَتَب كتَابه,كتب كتابه
2inkatablo 3umur jdiid,اِنْكَتَبلُه عمر جديد,انكتبله عمر جديد
ba3id maa shaab wadduu 2ilkuttaab,بعد مَا شَاب ودوه الكُتَّاب,بعد ما شاب ودوه الكتاب
katbil ktaab,كتب الكْتَاب,كتب الكتاب
2ilmaktuub maa fii minno mahruub,المَكْتُوب مَافِي مِنُّه مَهْرُوب,المكتوب مافي منه مهروب
taakul 2iliktaab 2akil,تَاكل الكتَاب أكِل,تاكل الكتاب أكل
2uktub,اُكْتُب,اكتب
kattib,كَتِّب,كتب
kaatib,كَاتِب,كاتب
yuktub,يُكْتُب,يكتب
2inkitib,اِنْكِتِب,انكتب
yinkitib,يِنْكِتِب,ينكتب
ykattib,يكَتِّب,يكتب
katiibe,كَتِيبِة,كتيبة
kutayyib,كُتَيِّب,كتيب
ykaatib,يكَاتِب,يكاتب
katab,كَتَب,كتب
2inkatab,اِنْكَتَب,انكتب
kattab,كَتَّب,كتب
kaatab,كَاتَب,كاتب
kaatit,كَاتِت,كاتت
makatte,مَكَتِّة,مكتة
kitt,كِتّ,كت
ykitt,يكِتّ,يكت
katt,كَتّ,كت
mitkattif,مِتْكَتِّف,متكتف
kitif,كِتِف,كتف
2aktaaf,أَكْتَاف,أكتاف
la7m ktaafi min kheerak,لحم كْتَافي من خيرك,لحم كتافي من خيرك
mkattaf,مْكَتَّف,مكتف
jaabna ktaaf,جَابنَا كتَاف,جابنا كتاف
kattif,كَتِّف,كتف
2itkattaf,اِتْكَتَّف,اتكتف
ykattif,يكَتِّف,يكتف
yitkattaf,يِتْكَتَّف,يتكتف
kattaf,كَتَّف,كتف
tkattaf,تْكَتَّف,تكتف
katkuut,كَتْكَوُت,كتكوت
kataakiit,كَتَاكِيت,كتاكيت
katkatuu 3anni 2ilghabara,كتكتوَا عني الغبرة,كتكتوا عني الغبرة
katkit,كَتْكِت,كتكت
ykatkit,يكَتْكِت,يكتكت
katkat,كَتْكَت,كتكت
mitkattil,مِتْكَتِّل,متكتل
kutle,كُتْلِة,كتلة
kitteele,كِتَّيلِة,كتيلة
kutteele,كُتَّيلِة,كتيلة
kutal,كُتَل,كتل
kattil,كَتِّل,كتل
ykattil,يكَتِّل,يكتل
2itkattal,اِتْكَتَّل,اتكتل
yitkattal,يِتْكَتَّل,يتكتل
kattal,كَتَّل,كتل
tkattal,تْكَتَّل,تكتل
katuum,كَتُوم,كتوم
takattum,تَكَتُّم,تكتم
katim,كَتِم,كتم
kitmaan,كِتْمَان,كتمان
katam 3ala nafasi,كَتَم على نفسي,كتم على نفسي
2iktim,اِكْتِم,اكتم
2inkitim,اِنْكِتِم,انكتم
2itkattam,اِتْكَتَّم,اتكتم
yiktim,يِكْتِم,يكتم
yinkitim,يِنْكِتِم,ينكتم
yitkattam,يِتْكَتَّم,يتكتم
katam,كَتَم,كتم
2inkatam,اِنْكَتَم,انكتم
tkattam,تْكَتَّم,تكتم
ktiir,كْثِير,كثير
mistaktir,مِسْتَكْثِر,مستكثر
kutur,كُثُر,كثر
ktiir dable,كتير دبلة,كتير دبلة
kattar kheero,كَثَّر خيرُه,كثر خيره
biliktiir,بَالكثير,بالكثير
ktiir wakashe,كثير وكشة,كثير وكشة
kthiir ghalabe,كثير غلبة,كثير غلبة
tshthiir 7aratshe,كثير حَرَكِة,كثير حركة
min kutur,من كثر,من كثر
kattir,كَثِّر,كثر
2istaktar,اِسْتَكْثِر,استكثر
2iktar,اِكْثَر,اكثر
yiktar,يِكْثَر,يكثر
ykattir,يكَثِّر,يكثر
yistaktar,يِسْتَكْثِر,يستكثر
2akthar,أَكْثَر,أكثر
kitir,كِثِر,كثر
kattar,كَثَّر,كثر
2istaktar,اِسْتَكْثَر,استكثر
kasiif,كَثِيف,كثيف
kasaafe,كَثَافِة,كثافة
kassaf jhuudo,كَثَّف جهوده,كثف جهوده
2ilkathaafe 2issukkaaniyye,الكَثَافِة السُّكَّانِيِّة,الكثافة السكانية
kassif,كَثِّف,كثف
ykassif,يكَثِّف,يكثف
2itkassaf,اِتْكَثَّف,اتكثف
yitkassaf,يِتْكَثَّف,يتكثف
kassaf,كَثَّف,كثف
tkassaf,تْكَثَّف,تكثف
kaa7it,كَاحِت,كاحت
ku7te,كُحْتِة,كحتة
ka7tuut,كَحْتُوت,كحتوت
ka7atiit,كَحَاتِيت,كحاتيت
ka77aate,كَحَّاتِة,كحاتة
ka7tate,كَحْتَتِة,كحتتة
2itka7tat,اِتْكَحْتَت,اتكحتت
2ik7at,اِكْحَت,اكحت
ka77it,كَحِّت,كحت
yik7at,يِكْحَت,يكحت
yka77it,يكَحِّت,يكحت
yitka7tat,يِتْكَحْتَت,يتكحتت
ka7at,كَحَت,كحت
ka77at,كَحَّت,كحت
tka7tat,تْكَحْتَت,تكحتت
ka77a,كَحِّة,كحة
2iza biku77 byitla3 ma3o masaari,إِذَا بيكُح بيطلع معه مصَاري,إذا بيكح بيطلع معه مصاري
ku77,كُحّ,كح
yku77,يكُحّ,يكح
ka77,كَحّ,كح
ka7ruut,كَحْرُوت,كحروت
ka7aariit,كَحَارِيت,كحاريت
ka7rit,كَحْرِت,كحرت
yka7rit,يكَحْرِت,يكحرت
ka7rat,كَحْرَت,كحرت
kaa7ish,كَاحِش,كاحش
2ik7ash,اِكْحَش,اكحش
ka7wish,كَحْوِش,كحوش
yik7ash,يِكْحَش,يكحش
yinki7ish,اِنْكِحِش,انكحش
yinki7ish,يِنْكِحِش,ينكحش
ykaa7ish,يكَاحِش,يكاحش
yka7wish,يكَحْوِش,يكحوش
ka7ash,كَحَش,كحش
2inka7ash,اِنْكَحَش,انكحش
kaa7ash,كَاحَش,كاحش
ka7wash,كَحْوَش,كحوش
mka7ki7,مْكَحْكِح,مكحكح
ka7ki7,كَحْكِح,كحكح
yka7ki7,يكَحْكِح,يكحكح
ka7ka7,كَحْكَح,كحكح
mik7al,مِكْحَل,مكحل
ku7ul,كُحُل,كحل
k7aal,كْحَال,كحال
mik7ale,مِكْحَلِة,مكحلة
makaa7il,مَكَاحِل,مكاحل
ka77alit 3yuuni bshooftak,كَحَّلِت عيوني بشوفتك,كحلت عيوني بشوفتك
badal maa yka77ilha 3amaaha,بدل مَا يكحلهَا عمَاهَا,بدل ما يكحلها عماها
ka77il,كَحِّل,كحل
2itka77al,اِتْكَحَّل,اتكحل
2istak7il,اِسْتَكْحِل,استكحل
yka77il,يكَحِّل,يكحل
yitka77al,يِتْكَحَّل,يتكحل
yistak7il,يِسْتَكْحِل,يستكحل
ka77al,كَحَّل,كحل
tka77al,تْكَحَّل,تكحل
2istak7al,اِسْتَكْحَل,استكحل
mtsha7nitsh,مْكَحْنِك,مكحنك
tsha7nitsh,كَحْنِك,كحنك
ytsha7nitsh,يكَحْنِك,يكحنك
tsha7natsh,كَحْنَك,كحنك
ka7yaan,كَحْيَان,كحيان
2ik7a,اِكْحَى,اكحى
yik7a,يِكْحَى,يكحى
ki7i,كِحِي,كحي
ka7iire,كَحِيرَة,كحيرة
kikhkh,كِخّ,كخ
2il kikhkh 2akhu 2ilkhara,الكِخّ أَخُو الخَرَا,الكخ أخو الخرا
kaadi7,كَادِح,كادح
2ikda7,اِكْدَح,اكدح
yikda7,يِكْدَح,يكدح
kada7,كَدَح,كدح
kaddade,كَدَّادِة,كدادة
kidd,كِدّ,كد
ykidd,يكِدّ,يكد
kadd,كَدّ,كد
mitkaddir,مِتْكَدِّر,متكدر
kadar,كَدَر,كدر
kaadir,كَادِر,كادر
kawaadir,كَوَادِر,كوادر
kaddir,كَدِّر,كدر
ykaddir,يكَدِّر,يكدر
2itkaddar,اِتْكَدَّر,اتكدر
yitkaddar,يِتْكَدَّر,يتكدر
kaddar,كَدَّر,كدر
tkaddar,تْكَدَّر,تكدر
mitkaddis,مِتْكَدِّس,متكدس
kaddis,كَدِّس,كدس
ykaddis,يكَدِّس,يكدس
2itkaddas,اِتْكَدَّس,اتكدس
yitkaddas,يِتْكَدَّس,يتكدس
kaddas,كَدَّس,كدس
tkaddas,تْكَدَّس,تكدس
kadash,كَدَش,كدش
kdiish,كْدِيش,كديش
3iish yaa kdiish,عِيش يَا كْدِيش,عيش يا كديش
mkaddam,مْكَدَّم,مكدم
kadme,كَدْمِة,كدمة
kaddim,كَدِّم,كدم
2ikdim,اِكْدِم,اكدم
yikdim,يِكْدِم,يكدم
ykaddim,يكَدِّم,يكدم
kadam,كَدَم,كدم
kaddam,كَدَّم,كدم
kiddaan,كِدَّان,كدان
kidyaane,كِدْيَانِة,كديانة
kaza,كَذَا,كذا
kazzaabkadhdhaab,كَذَّاب,كذاب
kizib 2ilkizbe wasaddaqha,كِذِب الكِذبِة وصَدَّقهَا,كذب الكذبة وصدقها
2ilbiz 2ilkazzaab,البِزّ الكَذَّاب,البز الكذاب
maa kadhdhab khabar,مَا كَذَّب خَبَر,ما كذب خبر
2ikzib2ikdhib,اِكْذِب,اكذب
kazzibkadhdhib,كَذِّب,كذب
yikzibyikdhib,يِكْذِب,يكذب
ykazzibykadhdhib,يكَذِّب,يكذب
kizbe,كِذْبِة,كذبة
byikzib 2ikizbe wubiysaddiqha,بيِكْذِب الكِذْبِة وبيصدِّقهَا,بيكذب الكذبة وبيصدقها
kizbi,كِذْبِي,كذبي
kizib,كِذِب,كذب
kazzabkadhdhab,كَذَّب,كذب
2ikzib,اِكْذِب,اكذب
yikzib,يِكْذِب,يكذب
kizib,كِذِب,كذب
kazabkadhab,كَذَب,كذب
makruub,مَكْرُوب,مكروب
mkarrab,مْكَرَّب,مكرب
koorba,كَورْبَة,كوربة
karib,كَرِب,كرب
kraab,كْرَاب,كراب
bittabin wu bitkarrib,بتبن و بتكرب,بتبن و بتكرب
qannibni wula tkarribni,قَنَّبني ولَاتكرِّبني,قنبني ولاتكربني
2ikrib,اِكْرِب,اكرب
karrib,كَرِّب,كرب
yikrib,يِكْرِب,يكرب
2inkirib,اِنْكِرِب,انكرب
yinkirib,يِنْكِرِب,ينكرب
ykarrab,يكَرِّب,يكرب
karab,كَرَب,كرب
2inkarab,اِنْكَرَب,انكرب
karrab,كَرَّب,كرب
mkarbidj,مْكَرْبِج,مكربج
kurbaaj,كُرْبَاج,كرباج
karaabiij,كَرَابِيج,كرابيج
2iykarbidj min 2ilkhoof,يكَرْبِج من الخوف,يكربج من الخوف
karbidj,كَرْبِج,كربج
ykarbidj,يكَرْبِج,يكربج
karbadj,كَرْبَج,كربج
kirbaal,كِرْبَال,كربال
karaabiil,كَرَابِيل,كرابيل
karbil,كَرْبِل,كربل
ykarbil,يكَرْبِل,يكربل
karbal,كَرْبَل,كربل
karboone,كَرْبَونِة,كربونة
karboon,كَرْبَون,كربون
kaarit,كَارِت,كارت
kruut,كْرُوت,كروت
kart,كَرِت,كرت
makruut,مَكْرُوت,مكروت
karate,كَرَتَة,كرتة
2ukrut,اُكْرُت,اكرت
yukrut,يُكْرُت,يكرت
karat,كَرَت,كرت
mkartan,مْكَرْتَن,مكرتن
kartuune,كَرْتَونِة,كرتونة
kartuun,كَرْتَون,كرتون
karaatiin,كَرَاتِين,كراتين
2aflaam kartuun,أَفْلَام كَرْتَون,أفلام كرتون
kartin,كَرْتِن,كرتن
ykartin,يكَرْتِن,يكرتن
kartan,كَرْتَن,كرتن
kawaaris,كَوَارِث,كوارث
kaarise,كَارِثِة,كارثة
mkarrij,مْكَرِّج,مكرج
karaaj,كَرَاج,كراج
2ukruj,اُكْرُج,اكرج
yukruj,يُكْرُج,يكرج
karrij,كَرِّج,كرج
ykarrij,يكَرِّج,يكرج
karaj,كَرَج,كرج
karraj,كَرَّج,كرج
karakhane,كَرَخَانِة,كرخانة
kurdi,كُرْدِي,كردي
2akraad,أَكْرَاد,أكراد
tsharduush,كَرْدُوش,كردوش
tshardoosh,كَرْدَوش,كردوش
tsharadiish,كَرَادِيش,كراديش
kgardal,كَرْدَل,كردل
kgaraadil,كَرَادِل,كرادل
kirdaane,كِرْدَانِة,كردانة
kirdaan,كِرْدَان,كردان
karaadiin,كَرَادِين,كرادين
mkarrar,مْكَرَّر,مكرر
kaarir,كَارِر,كارر
tikraar,تِكْرَار,تكرار
takriir,تَكْرِير,تكرير
2ittikraar bi3allim 2ishshuttaar,التِّكْرَار بيعلِّم الشُّطَّار,التكرار بيعلم الشطار
2ittikraar bi3allim 2ili7maar,التِّكْرَار بيعلِّم الحمَار,التكرار بيعلم الحمار
kurr,كُرّ,كر
karrir,كَرِّر,كرر
ykurr,يكُرّ,يكر
ykarrir,يكَرِّر,يكرر
2itkarrar,اِتْكَرَّر,اتكرر
yitkarrar,يِتْكَرَّر,يتكرر
karr,كَرّ,كر
karrar,كَرَّر,كرر
tkarrar,تْكَرَّر,تكرر
kriiza,كْرِيزَة,كريزة
tsharzaan,كَرْزَان,كرزان
tsharuze,كَرُوزِة,كروزة
karaze,كَرَزِة,كرزة
2ikriize,إِكْرِيزِة,إكريزة
karraaz,كَرَّاز,كراز
karaz,كَرَز,كرز
karaz 2akhdar,كَرَز أخْضر,كرز أخضر
karriz,كَرِّز,كرز
ykarriz,يكَرِّز,يكرز
karraz,كَرَّز,كرز
kaarizma,كَارِيزْمَا,كاريزما
kirzim,كِرْزِم,كرزم
karraase,كَرَّاسِة,كراسة
karris,كَرِّس,كرس
ykarris,يكَرِّس,يكرس
karras,كَرَّس,كرس
mkarsa7,مْكَرْسَح,مكرسح
2itkarsa7,اِتْكَرْسَح,اتكرسح
yitkarsa7,يِتْكَرْسَح,يتكرسح
tkarsa7,تْكَرْسَح,تكرسح
kirsanne,كِرْسَنِّه,كرسنه
kursi,كُرْسِي,كرسي
karaasi,كَرَاسِي,كراسي
2ijir kursi,إِجر كرسي,إجر كرسي
mkarrish,مْكَرِّش,مكرش
kaarish,كَارِش,كارش
karshe,كَرْشِة,كرشة
kriishe,كْرِيشِة,كريشة
karsh,كَرْش,كرش
kruush,كْرُوش,كروش
2ukrush,اُكْرُش,اكرش
2ikrush,اِكْرُش,اكرش
yukrush,يُكْرُش,يكرش
yikrush,يِكْرُش,يكرش
2inkirish,اِنْكِرِش,انكرش
yinkirish,يِنْكِرِش,ينكرش
2inikrish,اِنِكْرِش,انكرش
yinikrish,يِنِكْرِش,ينكرش
karrish,كَرّش,كرش
ykarrish,يكَرّش,يكرش
karash,كَرَش,كرش
2inkarash,اِنْكَرَش,انكرش
karrash,كَرَّش,كرش
kurreese,كُرَّيصَة,كريصة
kar3a,كَرْعَة,كرعة
kraa3,كْرَاع,كراع
kara3iin,كَرَاعِين,كراعين
2ikra3,اِكْرَع,اكرع
yikra3,يِكْرَع,يكرع
karri3,كَرِّع,كرع
ykarri3,يكَرِّع,يكرع
kara3,كَرَع,كرع
karra3,كَرَّع,كرع
karf,كَرْف,كرف
2ukruf,اُكْرُف,اكرف
yukruf,يُكْرُف,يكرف
karaf,كَرَف,كرف
karfate,كَرْفَتِة,كرفتة
2itkarfat,اِتْكَرْفَت,اتكرفت
yitkarfat,يِتْكَرْفَت,يتكرفت
tkarfatat,تْكَرْفَت,تكرفت
mkarfi3,مْكَرْفِع,مكرفع
karfa3a,كَرْفَعَة,كرفعة
karfi3,كَرْفِع,كرفع
ykarfi3,يكَرْفِع,يكرفع
2itkarfa3,اِتْكَرْفَع,اتكرفع
yitkarfa3,يِتْكَرْفَع,يتكرفع
karfa3,كَرْفَع,كرفع
tkarfa3,تْكَرْفَع,تكرفع
krukke,كْرُكِّة,كركة
mkarrik,مْكَرِّك,مكرك
kreek,كْرَيك,كريك
kreek,كْرَيك,كريك
bil kreek,بَالكْرَيك,بالكريك
karaakiib,كَرَاكِيب,كراكيب
karkuube,كَرْكُوبِة,كركوبة
karkuube,كَرْكُوبِة,كركوبة
karaakiib,كَرَاكِيب,كراكيب
karkib,كَرْكِب,كركب
2itkarkab,اِتْكَرْكَب,اتكركب
ykarkib,يكَرْكِب,يكركب
yitkarkab,يِتْكَرْكَب,يتكركب
karkab,كَرْكَب,كركب
tkarkab,تْكَرْكَب,تكركب
kurkabaash,كُرْكَبَاش,كركباش
tshartshir,كَرْكِر,كركر
karkir,كَرْكِر,كركر
ytshartshir,يكَرْكِر,يكركر
ykarkir,يكَرْكِر,يكركر
tshartshar,كَرْكَر,كركر
karkar,كَرْكَر,كركر
mkarkaz,مْكَرْكَز,مكركز
2itkarkaz,اِتْكَرْكَز,اتكركز
yitkarkaz,يِتْكَرْكَز,يتكركز
tkarkaz,تْكَرْكَز,تكركز
karkazaan,كَرْكَزَان,كركزان
krukse,كْرُكْسِة,كركسة
tshirtshaffe,كِرْكَفِّة,كركفة
kurkuffe,كُرْكُفِّة,كركفة
kurkumi,كُرْكُمي,كركمي
kurkum,كُرْكُم,كركم
kurkamme,كُرْكَمِّة,كركمة
kariim,كَرِيم,كريم
kurama,كُرَمَاء,كرماء
2akaarim,أَكَارِم,أكارم
mikrim,مِكْرِم,مكرم
karaame,كَرَامِة,كرامة
karmiyye,كَرْمِيِّة,كرمية
2ikraamiyye,إِكْرَامِيِّة,إكرامية
karam,كَرَم,كرم
karim,كَرِم,كرم
kruum,كْرُوم,كروم
kruume,كْرُومِة,كرومة
min3im wumikrim,منعم ومكرم,منعم ومكرم
tuul karim,طول كَرِم,طول كرم
tikram,تِكْرَم,تكرم
tikram 3eenak,تِكْرَم عينك,تكرم عينك
kirmaal,كِرِمَالك,كرمالك
btinqa7 3aleehum karaamithum,بتنقح عليهم كَرَامِتهم,بتنقح عليهم كرامتهم
mas7at bikaraamto 2il2ard,مسحت بكَرَامِتُه الأرض,مسحت بكرامته الأرض
ni3mit kariim,نعمة كَرِيم,نعمة كريم
2itkarram,اِتْكَرَّم,اتكرم
2ikram,اِكْرَم,اكرم
karrim,كَرِّم,كرم
2ikrim,اِكْرِم,اكرم
yikram,يِكْرَم,يكرم
ykarrim,يكَرِّم,يكرم
yitkarram,يِتْكَرَّم,يتكرم
yikrim,يِكْرِم,يكرم
takriim,تَكْرِيم,تكريم
kirmaal,كِرْمَال,كرمال
kirim,كِرِم,كرم
karram,كَرَّم,كرم
tkarram,تْكَرَّم,تكرم
2akram,أَكْرَم,أكرم
karmashe,كَرْمَشِة,كرمشة
karmish,كَرْمِش,كرمش
ykarmish,يكَرْمِش,يكرمش
2itkarmash,اِتْكَرْمَش,اتكرمش
yitkarmash,يِتْكَرْمَش,يتكرمش
karmash,كَرْمَش,كرمش
tkarmash,تْكَرْمَش,تكرمش
mitkarmil,مِتْكَرْمِل,متكرمل
karamiil,كَرَامَيل,كراميل
2itkarmal,اِتْكَرْمَل,اتكرمل
yitkarmal,يِتْكَرْمَل,يتكرمل
tkarmal,تْكَرْمَل,تكرمل
karniib,كَرْنِيب,كرنيب
karaaniib,كَرَانِيب,كرانيب
karnabe,كَرْنَبِة,كرنبة
2itkarnab,اِتْكَرْنَب,اتكرنب
yitkarnab,يِتْكَرْنَب,يتكرنب
tkarnab,تْكَرْنَب,تكرنب
kariih,كَرِيه,كريه
makruuh,مَكْرُوه,مكروه
karaahiyye,كَرَاهيِّة,كراهية
kuruh,كُرُه,كره
2ikraah,إِكْرَاه,إكراه
karrahni 3iishti,كَرِّهني عيشتي,كرهني عيشتي
khitaab karaahiyye,خِطَاب كَرَاهيِّة,خطاب كراهية
2ikrah,اِكْرَه,اكره
karrih,كَرِّه,كره
2ikrah,اِكْرِه,اكره
yikrah,يِكْرَه,يكره
ykarrih,يكَرِّه,يكره
yikrah,يِكْرِه,يكره
kirih,كِرِه,كره
karrah,كَرَّه,كره
2akrah,أَكْرَه,أكره
mkarhab,مْكَرْهَب,مكرهب
karhaba,كَرْهَبَا,كرهبا
karhib,كَرْهِب,كرهب
2itkarhab,اِتْكَرْهَب,اتكرهب
ykarhib,يكَرْهِب,يكرهب
yitkarhab,يِتْكَرْهَب,يتكرهب
karhab,كَرْهَب,كرهب
tkarhab,تْكَرْهَب,تكرهب
kurawi,كُرَوِي,كروي
koora,كَورَة,كورة
kura,كُرَة,كرة
karwate,كَرْوَتِة,كروتة
karwit,كَرْوِت,كروت
ykarwit,يكَرْوِت,يكروت
karwat,كَرْوَت,كروت
kroondee,كْرَونْدَيه,كرونديه
2ikri,اِكْرِي,اكري
yikri,يِكْرِي,يكري
kara,كَرَى,كرى
mkazbir,مْكَزْبِر,مكزبر
kuzbara,كُزْبَرَة,كزبرة
kizbara,كِزْبَرَة,كزبرة
kazdara,كَزْدَرَة,كزدرة
kazdir,كَزْدِر,كزدر
ykazdir,يكَزْدِر,يكزدر
kazdar,كَزْدَر,كزدر
kaaziz,كَازِز,كازز
kizz,كِزّ,كز
ykizz,يكِزّ,يكز
kazz,كَزّ,كز
kuzluk,كُزْلُك,كزلك
tshuzlutsh,كُزْلُك,كزلك
tshazaalitsh,كَزَالِك,كزالك
2ikzim,اِكْزِم,اكزم
yikzim,يِكْزِم,يكزم
kazam,كَزَم,كزم
kassiib,كَسِّيب,كسيب
2iktisaab,اِكْتِسَاب,اكتساب
kisib,كِسِب,كسب
kisibha,كِسِبهَا,كسبها
yiksab min 3araq jbiino,يِكْسَب من عَرَق جْبينُه,يكسب من عرق جبينه
2alla laa kasbak,الله لَا يكَسِّبَك,الله لا يكسبك
2iksab,اِكْسَب,اكسب
kassib,كَسِّب,كسب
2itkassab,اِتْكَسَّب,اتكسب
2iktisib,اِكْتِسِب,اكتسب
yiksab,يِكْسَب,يكسب
ykassib,يكَسِّب,يكسب
yitkassab,يِتْكَسَّب,يتكسب
yiktisib,يِكْتِسِب,يكتسب
kisib,كِسِب,كسب
kassab,كَسَّب,كسب
tkassab,تْكَسَّب,تكسب
2iktasab,اِكْتَسَب,اكتسب
kustuk,كُسْتُك,كستك
kastanaa2i,كَسْتَنَائي,كستنائي
kastanaaye,كَسْتَنَايِة,كستناية
kastana,كَسْتَنَا,كستنا
maksuu7,مَكْسُوح,مكسوح
miktisi7,مِكْتِسِح,مكتسح
kas7a,كَسْحَة,كسحة
2iksa7,اِكْسَح,اكسح
2inkisi7,اِنْكِسِح,انكسح
2iktisi7,اِكْتِسِح,اكتسح
yiksa7,يِكْسَح,يكسح
yinkisi7,يِنْكِسِح,ينكسح
2iktisaa7,اِكْتِسَاح,اكتساح
yiktisi7,يِكْتِسِح,يكتسح
kasa7,كَسَح,كسح
2inkasa7,اِنْكَسَح,انكسح
2iktasa7,اِكْتَسَح,اكتسح
kasaad,كَسَاد,كساد
kaasid,كَاسِد,كاسد
2iksid,اِكْسَد,اكسد
yiksid,يِكْسَد,يكسد
kisid,كِسِد,كسد
kassid,كَسِّد,كسد
ykassid,يكَسِّد,يكسد
kassad,كَسَّد,كسد
mkassar,مْكَسَّر,مكسر
maksuura,مَكْسُورَة,مكسورة
kasra,كَسْرَة,كسرة
mkaasara,مْكَاسَرَة,مكاسرة
kasir,كَسِر,كسر
taksiir,تَكْسِير,تكسير
mkassaraat,مْكَسَّرَات,مكسرات
kasar nifso,كَسَر نِفْسُه,كسر نفسه
kasar na3sito,كَسَر نَعْسِتُه,كسر نعسته
fakhkhaar ykassir ba3do,فخَار يكسر بعضه,فخار يكسر بعضه
jami3 taksiir,جمع تَكْسِير,جمع تكسير
tannuura kasraat,تنورة كَسْرَات,تنورة كسرات
kasrit 2innifis,كَسْرِة النفس,كسرة النفس
2aksir rijlik,أَكْسِر رِجْلَك,أكسر رجلك
kassar raaso,كَسَر رَاسُه,كسر راسه
maksuur 3alayy,مَكْسُور عَلِي,مكسور علي
maksuur,مَكْسُور,مكسور
maksuur,مَكْسُور,مكسور
kasar kilme,كَسَر كِلْمِة,كسر كلمة
2uksir 2ishshar,اِكْسِر الشَّر,اكسر الشر
2il2iid 2illi maa btiqdar 3aleeha buusha wu 2id3i 3aleeha,الإِيد اللِّي مَا بْتِقْدَر عَلَيهَا بُوسْهَا وَاِدْعِي عَلَيهَا بِالْكَسِر,الإيد اللي ما بتقدر عليها بوسها وادعي عليها بالكسر
2iksir,اِكْسِر,اكسر
kassir,كَسِّر,كسر
2inkisir,اِنْكِسِر,انكسر
kaasir,كَاسِر,كاسر
yiksir,يِكْسِر,يكسر
ykassir,يكَسِّر,يكسر
yinkisir,يِنْكِسِر,ينكسر
2itkassar,اِتْكَسَّر,اتكسر
yitkassar,يِتْكَسَّر,يتكسر
ykaasir,يكَاسِر,يكاسر
kasar,كَسَر,كسر
kassar,كَسَّر,كسر
2inkasar,اِنْكَسَر,انكسر
2itkassar,تْكَسَّر,تكسر
kaasar,كَاسَر,كاسر
kuss,كُسّ,كس
ksuus,كْسُوس,كسوس
ksaas,كْسَاس,كساس
kuss 2ukhtak,كُسّ أُخْتَك,كس أختك
maksuuf,مَكْسُوف,مكسوف
kasfe,كَسْفِة,كسفة
2iksif,اِكْسِف,اكسف
yiksif,يِكْسِف,يكسف
kasaf,كَسَف,كسف
2inkisif,اِنْكِسِف,انكسف
yinkisif,يِنْكِسِف,ينكسف
2inkasaf,اِنْكَسَف,انكسف
kaslaan,كَسْلَان,كسلان
kasuul,كَسُول,كسول
kasaala,كَسَالَى,كسالى
mitkaasil,مِتْكَاسِل,متكاسل
mkassil,مْكَسِّل,مكسل
mistaksil,مِسْتَكْسِل,مستكسل
kasal,كَسَل,كسل
kassil,كَسِّل,كسل
ykassil,يكَسِّل,يكسل
2istaksil,اِسْتَكْسِل,استكسل
yistaksil,يِسْتَكْسِل,يستكسل
2itkaasal,اِتْكَاسَل,اتكاسل
yitkaasal,يِتْكَاسَل,يتكاسل
kassal,كَسَّل,كسل
2istaksal,اِسْتَكْسَل,استكسل
tkaasal,تْكَاسَل,تكاسل
mkassam,مْكَسَّم,مكسم
kasim,كَسِم,كسم
ksuum,كْسُوم,كسوم
maksi,مَكْسِي,مكسي
maksi,مَكْسِي,مكسي
kiswe,كِسْوِة,كسوة
kiswe,كِسْوِة,كسوة
kiswit 2ilka3be,كِسْوِة الكَعْبِة,كسوة الكعبة
kiswit 2il3aruus,كِسْوِة العروس,كسوة العروس
2iksi,اِكْسِي,اكسي
yiksi,يِكْسِي,يكسي
kasa,كَسَى,كسى
2aksha7,أَكْشَح,أكشح
kaashi7,كَاشِح,كاشح
kashaa7a,كَشَاحَة,كشاحة
2itkashsha7,اِتْكَشَّح,اتكشح
yitkashsha7,يِتْكَشَّح,يتكشح
2inkishi7,اِنْكِشِح,انكشح
yinkishi7,يِنْكِشِح,ينكشح
tkashsha7,تْكَشَّح,تكشح
2inkasha7,اِنْكَشَح,انكشح
kaasheer,كَاشَير,كاشير
mkashshir,مْكَشّر,مكشر
kishir,كِشِر,كشر
kashra,كَشْرَة,كشرة
takshiire,تَكْشِيرِة,تكشيرة
kashshir,كَشِّر,كشر
ykashshir,يكَشِّر,يكشر
kashshar,كَشَّر,كشر
kashshaash,كَشَّاش,كشاش
kishsh,كِشّ,كش
kaashish,كَاشِش,كاشش
bikishsh dhubbaab,بِيكِش ذُبَّان,بيكش ذبان
kashshish,كَشِّش,كشش
kishsh,كِشّ,كش
ykishsh,يكِشّ,يكش
ykashshish,يكَشِّش,يكشش
kashsh,كَشّ,كش
kashshash,كَشَّش,كشش
makshuuf,مَكْشُوف,مكشوف
mkashshaf,مْكَشَّف,مكشف
2istikshaafi,اِسْتِكْشَافِي,استكشافي
2iktishaaf,اِكْتِشَاف,اكتشاف
2istikshaaf,اِسْتِكْشَاف,استكشاف
kashshaaf,كَشَّاف,كشاف
kashif,كَشِف,كشف
kashfiyye,كَشْفِيِّة,كشفية
2inkashaf 7asabha,اِنْكَشَف حَسَبْهَا,انكشف حسبها
3al makshuuf,عَالمَكْشُوف,عالمكشوف
2ikshif,اِكْشِف,اكشف
kashshif,كَشِّف,كشف
2iktishif,اِكْتِشِف,اكتشف
2istakshif,اِسْتَكْشِف,استكشف
yikshif,يِكْشِف,يكشف
2inkishif,اِنْكِشِف,انكشف
yinkishif,يِنْكِشِف,ينكشف
2inikshif,اِنِكْشِف,انكشف
yinikshif,يِنِكْشِف,ينكشف
ykashshif,يكَشِّف,يكشف
kaashif,كَاشِف,كاشف
2itkashshaf,اِتْكَشَّف,اتكشف
yitkashshaf,يِتْكَشَّف,يتكشف
yiktishif,يِكْتِشِف,يكتشف
yistakshif,يِسْتَكْشِف,يستكشف
kashaf,كَشَف,كشف
2inkashaf,اِنْكَشَف,انكشف
kashshaf,كَشَّف,كشف
tkashshaf,تْكَشَّف,تكشف
2iktashaf,اِكْتَشَف,اكتشف
2istakshaf,اِسْتَكْشَف,استكشف
kushuk,كُشُك,كشك
kishik,كِشِك,كشك
kshuuk,كْشُوك,كشوك
mkashkash,مْكَشْكَش,مكشكش
kashkashe,كَشْكَشِة,كشكشة
kashkashli,كشكشلي,كشكشلي
kashkish,كَشْكِش,كشكش
ykashkish,يكَشْكِش,يكشكش
kashkash,كَشْكَش,كشكش
ka3ib,كَعِب,كعب
muka33ab,مُكَعَّب,مكعب
k3uub,كْعُوب,كعوب
2abu ka3ib,أَبو كَعِب,أبو كعب
ka3ib 2irrijil,كَعِب الرِّجل,كعب الرجل
ka3ib 3aali,كَعِب عَالي,كعب عالي
ka3bashe,كَعْبَشِة,كعبشة
ka3buush,كَعْبُوش,كعبوش
ka3aabiish,كَعَابِيش,كعابيش
ka3bish,كَعْبِش,كعبش
2itka3bash,اِتْكَعْبَش,اتكعبش
yka3bish,يكَعْبِش,يكعبش
yitka3bash,يِتْكَعْبَش,يتكعبش
ka3bash,كَعْبَش,كعبش
tka3bash,تْكَعْبَش,تكعبش
ka3buul,كَعْبُول,كعبول
mka3bal,مْكَعْبَل,مكعبل
ka3aabiil,كَعَابِيل,كعابيل
ka3bale,كَعْبَلِة,كعبلة
ka3bil,كَعْبِل,كعبل
yka3bil,يكَعْبِل,يكعبل
2itka3bal,اِتْكَعْبَل,اتكعبل
yitka3bal,يِتْكَعْبَل,يتكعبل
ka3bal,كَعْبَل,كعبل
tka3bal,تْكَعْبَل,تكعبل
kaa3ish,كَاعِش,كاعش
mka3wish,مْكَعْوِش,مكعوش
ka3she,كَعْشِة,كعشة
ka3washe,كَعْوَشِة,كعوشة
2ik3ash,اِكْعَش,اكعش
ka3wish,كَعْوِش,كعوش
yka3wish,يكَعْوِش,يكعوش
yik3ash,يِكْعَش,يكعش
ka3ash,كَعَش,كعش
ka3wash,كَعْوَش,كعوش
ki33,كِعّ,كع
ka33,كَعّ,كع
ku33,كُعّ,كع
yku33,يكُعّ,يكع
ka33,كَعّ,كع
mka33ik,مْكَعِّك,مكعك
ka3ke,كَعْكِة,كعكة
ka3ik,كَعِك,كعك
ka3ik bzeet,كَعِك بزَيت,كعك بزيت
ka3ik mkhammar,كَعِك مْخَمَّر,كعك مخمر
ka33ik,كَعِّك,كعك
yka33ik,يكَعِّك,يكعك
ka33ak,كَعَّك,كعك
ka3kabaan,كَعْكَبَان,كعكبان
ka3kuuz,كَعْكُوز,كعكوز
ka3kooz,كَعْكَوز,كعكوز
ka3aakiiz,كَعَاكِيز,كعاكيز
ka3kuush,كَعْكُوش,كعكوش
ka3aakiish,كَعَاكِيش,كعاكيش
mka3kash,مْكَعْكَش,مكعكش
ka3kashe,كَعْكَشِة,كعكشة
ka3kuushe,كَعْكُوشِة,كعكوشة
ka3aakiish,كَعَاكِيش,كعاكيش
ka3kish,كَعْكِش,كعكش
yka3kish,يِكَعْكِش,يكعكش
ka3kash,كَعْكَش,كعكش
tsh3eetshli,كْعَيكْلِي,كعيكلي
ka3kal,كَعْكَل,كعكل
ka3aakil,كَعَاكِل,كعاكل
ka3aakiil,كَعَاكِيل,كعاكيل
mka3mash,مْكَعْمَش,مكعمش
ka3mashe,كَعْمَشِة,كعمشة
ka3mish,كَعْمِش,كعمش
yka3mish,يكَعْمِش,يكعمش
ka3mash,كَعْمَش,كعمش
2ik3a,اِكْعَى,اكعى
yik3a,يِكْعَى,يكعى
ka3a,كَعَى,كعى
mkaaghaa,مْكَاغَاة,مكاغاة
kaaghi,كَاغِي,كاغي
ykaaghi,يكَاغِي,يكاغي
kaagha,كَاغَى,كاغى
kaafi2,كَافِئ,كافئ
ykaafi2,يكَافِئ,يكافئ
kaafa2,كَافَأ,كافأ
mukaaf2a,مُكَافَئَة,مكافئة
kafaa2a,كَفَاءَة,كفاءة
makfuut,مَكْفُوت,مكفوت
kafta,كَفْتَة,كفتة
kifta,كِفْتَة,كفتة
2ikfit,اِكْفِت,اكفت
kaffit,كَفِّت,كفت
yikfit,يِكْفِت,يكفت
2inkifit,اِنْكِفِت,انكفت
yinkifit,يِنْكِفِت,ينكفت
ykaffit,يكَفِّت,يكفت
kafat,كَفَت,كفت
2inkafat,اِنْكَفَت,انكفت
kaffat,كَفَّت,كفت
mukaafi7,مُكَافِح,مكافح
kifaa7,كِفَاح,كفاح
kaafi7,كَافِح,كافح
ykaafi7,يكَافِح,يكافح
kaafa7,كَافَح,كافح
kaffaara,كَفَّارَة,كفارة
kfaara,كْفَارَة,كفارة
kufur,كُفُر,كفر
kaafir,كَافِر,كافر
takfiir,تَكْفِير,تكفير
kufur,كُفُر,كفر
kuffaar,كُفَّار,كفار
kafriyyaat,كَفْرِيَّات,كفريات
2ukfur,اُكْفُر,اكفر
kaffir,كَفِّر,كفر
yukfur,يُكْفُر,يكفر
ykaffir,يكَفِّر,يكفر
kafar,كَفَر,كفر
kaffar,كَفَّر,كفر
kaffiyye,كَفِّيِّة,كفية
kaff,كَفّ,كف
kfuuf,كْفُوف,كفوف
2iido wil 2ilkaff,اِيدُه وَالكَفّ,ايده والكف
3akaff 3afriit,عَكَفّ عَفْرِيت,عكف عفريت
kaffuu 2iido,كفوَا إِيده,كفوا إيده
2itkaffaf,اِتْكَفَّف,اتكفف
yitkaffaf,يِتْكَفَّف,يتكفف
tkaffaf,تْكَفَّف,تكفف
kuff,كُفّ,كف
kaffif,كَفِّف,كفف
ykuff,يكُفّ,يكف
ykaffif,يكَفِّف,يكفف
kaff,كَفّ,كف
kaffaf,كَفَّف,كفف
kafkiir,كَفْكِير,كفكير
kafaakiir,كَفَاكِير,كفاكير
2itkafkaf,اِتْكَفْكَف,اتكفكف
yitkafkaf,يِتْكَفْكَف,يتكفكف
tkafkaf,تْكَفْكَف,تكفكف
kafkif,كَفْكِف,كفكف
ykafkif,يكَفْكِف,يكفكف
kafkaf,كَفْكَف,كفكف
2itkaffal,اِتْكَفَّل,اتكفل
yitkaffal,يِتْكَفَّل,يتكفل
tkaffal,تْكَفَّل,تكفل
2inkifil,اِنْكِفِل,انكفل
yinkifil,يِنْكِفِل,ينكفل
2inkafal,اِنْكَفَل,انكفل
2ikfal,اِكْفَل,اكفل
yikfal,يِكْفَل,يكفل
kifil,كِفِل,كفل
kafaale,كَفَالِة,كفالة
kufalaa2,كُفَلَاء,كفلاء
kafiil,كَفِيل,كفيل
kaafi,كَافِي,كافي
kifaaye,كِفَايِة,كفاية
kaafi,كَافِي,كافي
minkifi,مِنْكِفِي,منكفي
kaafi,كَافِي,كافي
mkaffi,مْكَفِّي,مكفي
kifaaye,كِفَايِة,كفاية
2iktifaa2,اِكْتِفَاء,اكتفاء
kaafi kheero sharro,كَافِي خيره شرُّه,كافي خيره شره
bikaffi,بيكَفِّي,بيكفي
kaffi,كَفِّي,كفي
2iktafi,اِكْتِفِي,اكتفي
2istakfi,اِسْتَكْفِي,استكفي
2ikfi,اِكْفِي,اكفي
ykaffi,يكَفِّي,يكفي
yiktafi,يِكْتِفِي,يكتفي
yistakfi,يِسْتَكْفِي,يستكفي
2inkifi,اِنْكِفِي,انكفي
yinkifi,يِنْكِفِي,ينكفي
yikfi,يِكْفِي,يكفي
kaffa,كَفَّى,كفى
2iktafa,اِكْتَفَى,اكتفى
2istakfa,اِسْتَكْفى,استكفى
2inkafa,اِنْكَفَى,انكفى
kafa,كَفَى,كفى
mkeeki7,مْكَيكِح,مكيكح
keeka7e,كَيكَحِة,كيكحة
keeki7,كَيكِح,كيكح
ykeeki7,يْكَيكِح,يكيكح
keeka7,كَيكَح,كيكح
2akalban,أَكَلْبَن,أكلبن
2aklab,أَكْلَب,أكلب
kalbuun,كَلْبُون,كلبون
kalbane,كَلْبَنِة,كلبنة
tshallabe,كَلَّابِة,كلابة
maklabe,مَكْلَبِة,مكلبة
kalib,كَلِب,كلب
kalb,كَلْب,كلب
klaab,كْلَاب,كلاب
tshalaaliib,كَلَالِيب,كلاليب
makaalib,مَكَالِب,مكالب
faswit 2ilkalb,فسوة الكَلْب,فسوة الكلب
2alla yikhziik khazwit 2iliklaab,الله يخزيك خزوة الكلَاب,الله يخزيك خزوة الكلاب
daaqqiin biba3ad mitil 2iliklaab 2issa3raane,دَاقين ببعض زي الكلَاب الصعرَانة,داقين ببعض زي الكلاب الصعرانة
2itkalban,اِتْكَلْبَن,اتكلبن
2itkaalab,اِتْكَالَب,اتكالب
yitkalban,يِتْكَلْبَن,يتكلبن
yitkaalab,يِتْكَالَب,يتكالب
tkalban,تْكَلْبَن,تكلبن
tkaalab,تْكَالَب,تكالب
kullaaj,كُلَّاج,كلاج
mkalli7,مْكَلِّح,مكلح
kaali7,كَالِح,كالح
kalli7,كَلِّح,كلح
ykalli7,يكَلِّح,يكلح
2ikla7,اِكْلَح,اكلح
yikla7,يِكْلَح,يكلح
2ikla7,كَلَح,كلح
yikla7,كَلَح,كلح
kala7,كَلَح,كلح
kili7,كِلِح,كلح
kalla7,كَلَّح,كلح
mkallis,مْكَلِّس,مكلس
kilsaat,كَلْسَات,كلسات
kalsuun,كَلْسَون,كلسون
kils,كِلْس,كلس
kalaasiin,كَلَاسِين,كلاسين
mkallis,مْكَلِّس,مكلس
klaasiiki,كْلَاسِيكِي,كلاسيكي
kaluushe,كَالُوشِة,كالوشة
kawaaliish,كَوَاليش,كواليش
mkallif,مْكَلِّف,مكلف
muklif,مُكْلِف,مكلف
mkallif,مْكَلِّف,مكلف
kulfe,كُلْفِة,كلفة
takliif,تَكْلِيف,تكليف
kalaf,كَلَف,كلف
kulaf,كُلَف,كلف
takaaliif,تَكَالِيف,تكاليف
kallaf khaatro,كلف خَاطره,كلف خاطره
kallif,كَلِّف,كلف
2itkallaf,اِتْكَلَّف,اتكلف
ykallif,يكَلِّف,يكلف
yitkallaf,يِتْكَلَّف,يتكلف
kallaf,كَلَّف,كلف
tkallaf,تْكَلَّف,تكلف
mkalka3,مْكَلْكَع,مكلكع
kalkuu3a,كَلْكُوعَة,كلكوعة
kalaakii3,كَلَاكِيع,كلاكيع
2itkalka3,اِتْكَلْكَع,اتكلكع
yitkalka3,يِتْكَلْكَع,يتكلكع
tkalka3,تْكَلْكَع,تكلكع
kalki3,كَلْكِع,كلكع
ykalki3,يكَلْكِع,يكلكع
kalka3,كَلْكَع,كلكع
mkalkil,مْكَلْكِل,مكلكل
kalkuul,كَلْكُول,كلكول
kalaakiil,كَلَاكِيل,كلاكيل
jildo mkalkil,جلده مْكَلْكِل,جلده مكلكل
kull,كُلّ,كل
tshilliil,كِلِّيل,كليل
kalleet wumalleet,كَلِّيت وملِّيت,كليت ومليت
kill,كِلّ,كل
ykill,يكِلّ,يكل
kall,كَلّ,كل
mukaalame,مُكَالَمِة,مكالمة
kilme,كِلْمِة,كلمة
kalaam,كَلَام,كلام
biddi 2iyyaak bkilimteen,بدي ايَاك بكِلِمتين,بدي اياك بكلمتين
kilme min hoon wukilme min hoon,كِلْمِة مِن هَون وكِلْمِة مِن هَون,كلمة من هون وكلمة من هون
maluush kilme,مَالوش كِلْمِة,مالوش كلمة
kasar kilmit,كسر كلمة,كسر كلمة
2ilkalaam bsirrak,الكلَام بسرك,الكلام بسرك
jooz kalaam,جوز كَلَام,جوز كلام
2i3ta kilme,أَعْطَى كِلْمِة,أعطى كلمة
kilmew rad ghataaha,كلمة ورد غطَاهَا,كلمة ورد غطاها
2itkallam,اِتْكَلَّم,اتكلم
kallim,كَلِّم,كلم
ykallim,يكَلِّم,يكلم
yitkallam,يِتْكَلَّم,يتكلم
kallam,كَلَّم,كلم
tkallam,تْكَلَّم,تكلم
kalamantiina,كَلَمَنْتيِنَا,كلمنتينا
mkalhis,مْكَلْهِس,مكلهس
kalhis,كَلْهِس,كلهس
ykalhis,يكَلْهِس,يكلهس
kalhas,كَلْهَس,كلهس
kalaawi,كَلَاوِي,كلاوي
kulwe,كُلْوِة,كلوة
kulliyye,كُلِّيِّة,كلية
kilye,كِلْيِة,كلية
kalaawi,كَلَاوِي,كلاوي
2infarat kilyiti,اِنفرت كليتي,انفرت كليتي
kam,كَم,كم
2akam,أَكَم,أكم
2akammin,أَكَمِّن,أكمن
kam,كَم,كم
kam,كَم,كم
2akam,أَكَم,أكم
2akammin,أَكَمِّن,أكمن
kama,كَمَا,كما
kamaato,كَمَاتُه,كماته
kamaaki,كَمَاك,كماك
mkambir,مْكَمْبِر,مكمبر
kambir,كَمْبِر,كمبر
ykambir,يكَمْبِر,يكمبر
kambar,كَمْبَر,كمبر
kambiyuutir,كَمْبِيُوتِر,كمبيوتر
kmaaje,كْمَاجِة,كماجة
kamaayij,كَمَايِج,كمايج
kimikh,كِمِخ,كمخ
kamkha,كَمْخَة,كمخة
kamkha,كَمْخَة,كمخة
kimmaade,كِمَّادِة,كمادة
tshammad,كَمَّد,كمد
kamira,كَامِيرَا,كاميرا
kamir,كَمِر,كمر
kamir band,كَمِر بند,كمر بند
makmuur,مَكْمُور,مكمور
2inkimir,اِنْكِمِر,انكمر
yinkimir,يِنْكِمِر,ينكمر
2inkamar,اِنْكَمَر,انكمر
2ukmur,اُكْمُر,اكمر
yukmur,يُكْمُر,يكمر
kamar,كَمَر,كمر
kaamis,كَامِس,كامس
minkimish,مِنْكِمِش,منكمش
kaamish,كَامِش,كامش
kaamish,كَامِش,كامش
kamshe,كَمْشِة,كمشة
2ikmish,اِكْمِش,اكمش
2ukmush,اُكْمُش,اكمش
yikmish,يِكْمِش,يكمش
yukmush,يُكْمُش,يكمش
2inkimish,اِنْكِمِش,انكمش
yinkimish,يِنْكِمِش,ينكمش
2inikmish,اِنِكْمِش,انكمش
yinikmish,يِنِكْمِش,ينكمش
kamash,كَمَش,كمش
2inkamash,اِنْكَمَش,انكمش
tshamtshara,كَمْكَرَة,كمكرة
mtshamtshar,مْكَمْكَر,مكمكر
tshamtshir,كَمْكِر,كمكر
ytshamtshir,يكَمْكِر,يكمكر
tshamtshir,كَمْكَر,كمكر
2itshamtshar,اِتْكَمْكَر,اتكمكر
yitshamtshar,يِتْكَمْكَر,يتكمكر
tshamtshar,تْكَمْكَر,تكمكر
kamkame,كَمْكَمِة,كمكمة
mkamkam,مْكَمْكَم,مكمكم
kamkim,كَمْكِم,كمكم
ykamkim,يكَمْكِم,يكمكم
kamkam,كَمْكَم,كمكم
2itkamkam,اِتْكَمْكَم,اتكمكم
yitkamkam,يِتْكَمْكَم,يتكمكم
tkamkam,تْكَمْكَم,تكمكم
mkammil,مْكَمِّل,مكمل
2istakmil,اِسْتَكْمِل,استكمل
yistakmil,يِسْتَكْمِل,يستكمل
2istakmal,اِسْتَكْمَل,استكمل
kammil,كَمِّل,كمل
ykammil,يكَمِّل,يكمل
kammal,كَمَّل,كمل
2ikmal,اِكْمَل,اكمل
yikmal,يِكْمَل,يكمل
kimil,كِمِل,كمل
kamaal,كَمَال,كمال
kaamil,كَامِل,كامل
2akam,أَكَم,أكم
2akam,أَكَم,أكم
b2akam,بْأَكَم,بأكم
bkam,بْكَم,بكم
kum,كُم,كم
kmaam,كْمَام,كمام
2akmaam,أَكْمَام,أكمام
laa min timmow laa min kimmo,لَا من ثمه ولَا من كمه,لا من ثمه ولا من كمه
kammaame,كَمَّامِة,كمامة
kamiin,كَمِين,كمين
kammuun,كَمُّون,كمون
kamaan,كَمَان,كمان
2abu kammuune,أَبو كمونة,أبو كمونة
2imm kammuune,إِم كمونة,إم كمونة
kamaan,كَمَان,كمان
makmuun,مَكْمُون,مكمون
2ukmun,اُكْمُن,اكمن
yukmun,يُكْمُن,يكمن
kimin,كِمِن,كمن
kanabaaye,كَنَبَايِة,كنباية
kanab,كَنَب,كنب
kanze,كَنْزِة,كنزة
mikniz,مِكْنِز,مكنز
mkanniz,مْكَنِّز,مكنز
kanz,كَنْز,كنز
kunuuz,كُنُوز,كنوز
kanz fii mazbale,كنز في مزبلة,كنز في مزبلة
2itkannaz,اِتْكَنَّز,اتكنز
yitkannaz,يِتْكَنَّز,يتكنز
tkannaz,تْكَنَّز,تكنز
kanniz,كَنِّز,كنز
2uknuz,اُكْنُز,اكنز
2iknuz,اِكْنُز,اكنز
yuknuz,يُكْنُز,يكنز
yiknuz,يِكْنُز,يكنز
ykanniz,يكَنِّز,يكنز
kanaz,كَنَز,كنز
kannaz,كَنَّز,كنز
kannas,كَنَّس,كنس
ykannis,يكَنِّس,يكنس
kannis,كَنِّس,كنس
tkannas,تْكَنَّس,تكنس
2itkannas,اِتْكَنَّس,اتكنس
yitkannas,يِتْكَنَّس,يتكنس
maa byitkannas,مَا بيتْكَنَّس,ما بيتكنس
miknise,مِكْنِسِة,مكنسة
makaanis,مَكَانِس,مكانس
mikinse,مِكِنْسِة,مكنسة
makaanis,مَكَانِس,مكانس
mukunse,مُكُنْسِة,مكنسة
kaniise,كَنِيسِة,كنيسة
kanaa2is,كَنَائِس,كنائس
kanaayis,كَنَايِس,كنايس
mtshanna3,مْكَنَّع,مكنع
2itshanna3,اِتْكَنَّع,اتكنع
yitshanna3,يِتْكَنَّع,يتكنع
2itshanna3,تْكَنَّع,تكنع
tshanni3,كَنِّع,كنع
ytshanni3,يكَنِّع,يكنع
tshanna3,كَنَّع,كنع
kan3ashe,كَنْعَشِة,كنعشة
mkan3ish,مْكَنْعِش,مكنعش
kan3ish,كَنْعِش,كنعش
ykan3ish,يكَنْعِش,يكنعش
kan3ash,كَنْعَش,كنعش
knaafe,كْنَافِة,كنافة
knaafa,كْنَافَة,كنافة
kanfuush,كَنْفُوش,كنفوش
mkanfish,مْكَنْفِش,مكنفش
kanafiish,كَنَافِيش,كنافيش
kanfoosh,كَنْفَوش,كنفوش
2itkanfash,اِتْكَنْفَش,اتكنفش
yitkanfash,يِتْكَنْفَش,يتكنفش
tkanfash,تْكَنْفَش,تكنفش
kanfish,كَنْفِش,كنفش
ykanfish,يكَنْفِش,يكنفش
kanfash,كَنْفَش,كنفش
kankuuze,كَنْكُوزِة,كنكوزة
kanaakiiz,كَنَاكِيز,كناكيز
mkankin,مْكَنْكِن,مكنكن
kankane,كَنْكَنِة,كنكنة
kankin,كَنْكِن,كنكن
ykankin,يكَنْكِن,يكنكن
kankan,كَنْكَن,كنكن
kaanin,كَانِن,كانن
kaanuun,كَانُون,كانون
kinne,كِنِّة,كنة
maknuune,مَكْنُونِة,مكنونة
kaanuun,كَانُون,كانون
kawaaniin,كَوَانِين,كوانين
kanaayin,كَنَايِن,كناين
kinn,كِنّ,كن
kannin,كَنِّن,كنن
ykinn,يكِنّ,يكن
ykannin,يكَنِّن,يكنن
kann,كَنّ,كن
kannan,كَنَّن,كنن
mkahrab,مْكَهْرَب,مكهرب
kahrabaa2i,كَهْرَبَائِي,كهربائي
kahrabji,كَهْرَبْجِي,كهربجي
kahraba,كَهْرَبَا,كهربا
kahrabaa2,كَهْرَبَاء,كهرباء
kahrabjiyye,كَهْرَبْجِيِّة,كهربجية
kahrib,كَهْرِب,كهرب
ykahrib,يكَهْرِب,يكهرب
2itkahrab,اِتْكَهْرَب,اتكهرب
yitkahrab,يِتْكَهْرَب,يتكهرب
kahrab,كَهْرَب,كهرب
tkahrab,تْكَهْرَب,تكهرب
2akhan,أَكْهَن,أكهن
kahiin,كَهِين,كهين
kahaayin,كَهَايِن,كهاين
kuhun,كُهُن,كهن
kaahin,كَاهِن,كاهن
kahane,كَهَنِة,كهنة
2itkahhan,اِتْكَهَّن,اتكهن
yitkahhan,يِتْكَهَّن,يتكهن
tkahhan,تْكَهَّن,تكهن
koot,كَوت,كوت
koojak,كَوجَاك,كوجاك
kawaajik,كَوَاجِك,كواجك
2akwaakh,أَكْوَاخ,أكواخ
kuukh,كُوخ,كوخ
kuud,كُود,كود
mkawwar,مْكَوَّر,مكور
mkaawir,مْكَاوِر,مكاور
kawwaara,كَوَّارَة,كوارة
kawaawiir,كَوَاوِير,كواوير
kawwir,كَوِّر,كور
ykawwir,يكَوِّر,يكور
2itkawwar,اِتْكَوَّر,اتكور
yitkawwar,يِتْكَوَّر,يتكور
kawwar,كَوَّر,كور
tkawwar,تْكَوَّر,تكور
kuuz,كُوز,كوز
kwaaz,كْوَاز,كواز
kull maa daqq 2ilkuuz biljarra,كل مَا دق الكوز بَالجَرَّة,كل ما دق الكوز بالجرة
kuusaaya,كُوسَايِة,كوساية
kuusha,كُوشَه,كوشه
kawwaash,كَوَّاش,كواش
yaa khariib 2ilkooshe,يَا خريب الكوشة,يا خريب الكوشة
kawshuuk,كَوْشُوك,كوشوك
zimto kawshuuk,ذمته كَوْشُوك,ذمته كوشوك
2akwa3,أَكْوَع,أكوع
kuu3,كُوع,كوع
mkawwi3,مْكَوِّع,مكوع
koo3,كَوع,كوع
kuu3,كُوع,كوع
kwaa3,كْوَاع,كواع
bi3rafish kuu3o min buu3o,بِعرَفِش كُوعُه من بُوعُه,بعرفش كوعه من بوعه
kawwi3,كَوِّع,كوع
ykawwi3,يكَوِّع,يكوع
kawwa3,كَوَّع,كوع
kuu3,كُوع,كوع
koofirji,كَوفَرْجِي,كوفرجي
koofaliyye,كَوفَلِيِّة,كوفلية
2itkoofal,اِتْكَوفَل,اتكوفل
yitkoofal,يِتْكَوفَل,يتكوفل
tkoofal,تْكَوفَل,تكوفل
koofil,كَوفِل,كوفل
ykoofil,يكَوفِل,يكوفل
koofal,كَوفَل,كوفل
kuufiyye,كُوفِيِّة,كوفية
kawaakib,كَوَاكِب,كواكب
kawkab,كَوْكَب,كوكب
tshuule,كُولِة,كولة
mkawwam,مْكَوَّم,مكوم
koom,كَوم,كوم
koom la7im,كَوم لَحِم,كوم لحم
raas 2ilkoom,رَاس الكَوم,راس الكوم
2itkawwam,اِتْكَوَّم,اتكوم
yitkawwam,يِتْكَوَّم,يتكوم
tkawwam,تْكَوَّم,تكوم
kawwim,كَوِّم,كوم
ykawwim,يكَوِّم,يكوم
kawwam,كَوَّم,كوم
kuumiidi,كُومِيدِي,كوميدي
mukawwan,مُكَوَّن,مكون
kawni,كَوْنِي,كوني
kaayin,كَايِن,كاين
koon,كَون,كون
makaan,مَكَان,مكان
2akwaan,أَكْوَان,أكوان
2amaakin,أَمَاكِن,أماكن
kaa2in,كَائِن,كائن
2amkine,أَمْكِنِة,أمكنة
2itkawwan,اِتْكَوَّن,اتكون
yitkawwan,يِتْكَوَّن,يتكون
tkawwan,تْكَوَّن,تكون
kuun,كُوْن,كون
kawwin,كَوِّن,كون
ykuun,يكُون,يكون
ykawwin,يكَوِّن,يكون
kawwan,كَوَّن,كون
kaan,كَان,كان
mikwaaye,مِكْوَايِة,مكواية
mikwaji,مِكْوَجي,مكوجي
kawi,كَوِي,كوي
kayy,كَيّ,كي
mikwajiyye,مِكْوَجيِّة,مكوجية
2inkiwi,اِنْكِوِي,انكوي
yinkiwi,يِنْكِوِي,ينكوي
2inkawa,اِنْكَوَى,انكوى
2ikwi,اِكْوِي,اكوي
yikwi,يِكْوِي,يكوي
kawa,كَوَى,كوى
makyuud,مَكْيُود,مكيود
makaayiid,مَكَايِيد,مكاييد
mkaayade,مْكَايَدِة,مكايدة
makiide,مَكِيدِة,مكيدة
makaa2id,مَكَائِد,مكائد
keed,كَيد,كيد
kiid wubala,كَيد وبَلَا,كيد وبلا
kaydi,كَيْدِي,كيدي
kaayid,كَايِد,كايد
ykaayid,يْكَايِد,يكايد
kaayad,كَايَد,كايد
kiid,كِيد,كيد
ykiid,يكِيد,يكيد
kaad,كَاد,كاد
kiis,كِيس,كيس
kyaas,كْيَاس,كياس
til3at min kiis,طِلْعَت مِن كِيس,طلعت من كيس
kiisnaw kiiskum waa7id,كِيسْنَا وكِيسْكُم وَاحِد,كيسنا وكيسكم واحد
2iido mitil kiis 2irruzz,اِيدُه مِثِل كِيس الرُّز,ايده مثل كيس الرز
kaash,كَاش,كاش
2itkayyash,اِتْكَيَّش,اتكيش
yitkayyash,يِتْكَيَّش,يتكيش
tkayyash,تْكَيَّش,تكيش
kayyish,كَيِّش,كيش
ykayyish,يكَيِّش,يكيش
kayyash,كَيَّش,كيش
mkayyif,مْكَيِّف,مكيف
keef,كَيف,كيف
mukayyif,مُكَيِّف,مكيف
keef,كَيف,كيف
keef,كَيف,كيف
kiif,كِيف,كيف
kiif,كِيف,كيف
saa7ib keef,صَاحِب كَيف,صاحب كيف
3akeef kayyuufak,عَكَيف كَيُّوفَك,عكيف كيوفك
kayyif,كَيِّف,كيف
2itkayyaf,اِتْكَيَّف,اتكيف
2itkaayaf,اِتْكَايَف,اتكايف
ykayyif,يكَيِّف,يكيف
yitkayyaf,يِتْكَيَّف,يتكيف
yitkaayaf,يِتْكَايَف,يتكايف
kayyaf,كَيَّف,كيف
tkayyaf,تْكَيَّف,تكيف
tkaayaf,تْكَايَف,تكايف
keeka,كَيكَة,كيكة
keek,كَيك,كيك
kiks,كِيكْس,كيكس
kiilu,كِيلُو,كيلو
keele,كَيلِة,كيلة
mikyaal,مِكْيَال,مكيال
kayyaal,كَيَّال,كيال
ykiil bimikyaaleen,يْكِيل بمكيَالين,يكيل بمكيالين
kul fuulew 2ilha kayyaalha,كل فولة وإِلهَا كيَالهَا,كل فولة وإلها كيالها
kayyil,كَيِّل,كيل
kiil,كِيل,كيل
yakiil,يْكِيل,يكيل
ykayyal,يكَيِّل,يكيل
kaal,كَال,كال
kayyal,كَيَّل,كيل
kayaan,كَيَان,كيان
li,لِ,ل
2ila,إِلَى,إلى
la,لَ,ل
la2iim,لَئِيم,لئيم
mulaa2im,مُلَائِم,ملائم
lu2ama,لُؤَمَة,لؤمة
la2mane,لَئْمَنِة,لئمنة
lu2um,لُؤُم,لؤم
2itla2man,اِتْلَأْمَن,اتلأمن
2itlaa2am,اِتْلَائَم,اتلائم
yitla2man,يِتْلَأْمَن,يتلأمن
yitlaa2am,يِتْلَائَم,يتلائم
tla2man,تْلَأْمَن,تلأمن
tlaa2am,تْلَائَم,تلائم
laa,لَا,لا
laa,لَا,لا
balaash,بَلَاش,بلاش
balaash,بَلَاش,بلاش
yaa balaash,يَا بَلَاش,يا بلاش
willa,وِلَا,ولا
labiib,لَبِيب,لبيب
libb,لِبّ,لب
lubb,لُبّ,لب
lubb 2ilmawduu3,لُبّ المَوْضُوع,لب الموضوع
labba7,لَبَّح,لبح
ylabbi7,يلَبِّح,يلبح
labbi7,لَبِّح,لبح
labkha,لَبْخَة,لبخة
labbikh,لَبِّخ,لبخ
ylabbikh,يلَبِّخ,يلبخ
labbakh,لَبَّخ,لبخ
2inlibikh,اِنْلِبِخ,انلبخ
yinlibikh,يِنْلِبِخ,ينلبخ
2inlabakh,اِنْلَبَخ,انلبخ
2ilbakh,اِلْبَخ,البخ
yilbakh,يِلْبَخ,يلبخ
labakh,لَبَخ,لبخ
laabid,لَابِد,لابد
mlabbid,مْلَبِّد,ملبد
mitlabbid,مِتْلَبِّد,متلبد
lbaade,لْبَادِة,لبادة
lbaad,لْبَاد,لباد
labiide,لَبِيدِة,لبيدة
2itlabbad,اِتْلَبَّد,اتلبد
2ilbud,اِلْبِد,البد
yilbad,يِلْبِد,يلبد
yitlabbad,يِتْلَبَّد,يتلبد
labad,لَبَد,لبد
tlabbad,تْلَبَّد,تلبد
labbiis,لَبِّيس,لبيس
laabis,لَابِس,لابس
talbiise,تَلْبِيسِة,تلبيسة
libse,لِبْسِة,لبسة
lbaas,لْبَاس,لباس
mlabbas,مْلَبَّس,ملبس
libisil balaata,لبس البلَاطة,لبس البلاطة
laabsew mitlabse,لَابسة و متلبسة,لابسة و متلبسة
laabsew mitlabse,لَابْسِة و متلبسة,لابسة و متلبسة
2istalbis,اِسْتَلْبِس,استلبس
mlabbase,مْلَبَّسِة,ملبسة
2itlabbas,اِتْلَبَّس,اتلبس
yitlabbas,يِتْلَبَّس,يتلبس
tlabbas,تْلَبَّس,تلبس
2ilbis,اِلْبِس,البس
labbis,لَبِّس,لبس
yistalbis,يِسْتَلْبِس,يستلبس
yilbis,يِلْبَس,يلبس
ylabbis,يلَبِّس,يلبس
libis,لِبِس,لبس
mitlabbis,مِتْلَبِّس,متلبس
2istalbas,اِسْتَلْبَس,استلبس
labbas,لَبَّس,لبس
libis,لِبِس,لبس
labasa,لَبَصَة,لبصة
labbis,لَبِّص,لبص
ylabbis,يلَبِّص,يلبص
labbas,لَبَّص,لبص
mlabbit,مْلَبِّط,ملبط
libit,لِبِط,لبط
labta,لَبْطَة,لبطة
talbiit,تَلْبِيط,تلبيط
2ulbut,اُلْبُط,البط
yulbut,يُلْبُط,يلبط
labbit,لَبِّط,لبط
ylabbit,يلَبِّط,يلبط
labat,لَبَط,لبط
labbat,لَبَّط,لبط
mlabbak,مْلَبَّك,ملبك
mitlabbik,مِتْلَبِّك,متلبك
labbik,لَبِّك,لبك
2itlabbak,اِتْلَبَّك,اتلبك
ylabbik,يلَبِّك,يلبك
yitlabbak,يِتْلَبَّك,يتلبك
labbak,لَبَّك,لبك
tlabbak,تْلَبَّك,تلبك
liblib,لِبْلِب,لبلب
labaalib,لَبَالِب,لبالب
labane,لَبَنِه,لبنه
lbaan,لْبَان,لبان
laban,لَبَن,لبن
laban,لَبَن,لبن
2albaan,أَلْبَان,ألبان
labane mdawwara,لَبَنِة مْدَوَّرَة,لبنة مدورة
labane da3aabiil,لَبَنِة دَعَابِيل,لبنة دعابيل
labanit binaa2,لَبَنِة بِنَاء,لبنة بناء
labane da7aabiir,لَبَنِة دَحَابِير,لبنة دحابير
saga 2illaban,سقَا اللبن,سقا اللبن
labaniyye,لَبَنِيِّة,لبنية
luubya,لُوبْيَا,لوبيا
labbi,لَبِّي,لبي
ylabbi,يلَبِّي,يلبي
labba,لَبَّى,لبى
lattaat,لَتَّات,لتات
latt,لَتّ,لت
maltuut,مَلْتُوت,ملتوت
malaatiit,مَلَاتِيت,ملاتيت
ylitt wuyi3jin,يلِت ويعجِن,يلت ويعجن
litt,لِتّ,لت
ylitt,يلِتّ,يلت
latt,لَتّ,لت
litir,لِتِر,لتر
latgha,لَتْغَة,لتغة
2iltagh,اِلْتَغ,التغ
yiltagh,يِلْتَغ,يلتغ
latagh,لَتَغ,لتغ
maltiine,مَلْتِينِة,ملتينة
maltin,مَلْتِن,ملتن
lattin,لَتِّن,لتن
ylattin,يلَتِّن,يلتن
ymaltin,يمَلْتِن,يملتن
maltan,مَلْتَن,ملتن
lattan,لَتَّن,لتن
2alsime,أَلَثِمِة,ألثمة
lusum,لُثُم,لثم
lsaam,لْثَام,لثام
2itlassam,اِتْلَثَّم,اتلثم
yitlassam,يِتْلَثَّم,يتلثم
tlassam,تْلَثَّم,تلثم
mulassam,مْلَثَّم,ملثم
laaji2,لَاجِئ,لاجئ
lujuu2,لُجُوء,لجوء
malja2,مَلْجَأ,ملجأ
malaaji2,مَلَاجِئ,ملاجئ
lujuu2 siyaasi,لُجُوء سِيَاسِي,لجوء سياسي
malja2 2aytaam,مَلْجَأ أَيْتَام,ملجأ أيتام
2ilja2,اِلْجَأ,الجأ
2iltaji2,اِلْتِجِئ,التجئ
yilja2,يِلْجَأ,يلجأ
yiltaji2,يِلْتِجِئ,يلتجئ
laja2,لَجَأ,لجأ
2iltaja2,اِلْتَجَأ,التجأ
mladjdjidj,مْلَجِّج,ملجج
ladjdjidj,لَجِّج,لجج
yladjdjidj,يلَجِّج,يلجج
ladjdjadj,لَجَّج,لجج
ljaam,لْجَام,لجام
taldjiim,تَلْجِيم,تلجيم
2aljime,أَلْجِمِة,ألجمة
2itlajjam,اِتْلَجَّم,اتلجم
2ildhim,اِلْجِم,الجم
yitlajjam,يِتْلَجَّم,يتلجم
yildjim,يِلْجِم,يلجم
tlajjam,تْلَجَّم,تلجم
ladjam,لَجَم,لجم
lajne,لَجْنِة,لجنة
ljaan,لْجَان,لجان
ludjdjaaye,لُجَّايِة,لجاية
la7uu7,لَحُوح,لحوح
mil7aa7,مِلْحَاح,ملحاح
2il7aa7,إِلْحَاح,إلحاح
li77,لِحّ,لح
li77,لِحّ,لح
yli77,يلِحّ,يلح
yli77,يلِحّ,يلح
la77,لَحّ,لح
2ala77,أَلَحّ,ألح
laa7is,لَاحِس,لاحس
la7wase,لَحْوَسِة,لحوسة
la7se,لَحْسِة,لحسة
la7se,لَحْسِة,لحسة
2il7as tiizi,اِلْحَس طيزي,الحس طيزي
2il7as tatin3as,اِلْحَس تتنعس,الحس تتنعس
mukhkho 2inla7as,مُخُّه اِنْلَحَس,مخه انلحس
2il7as,اِلْحَس,الحس
la77is,لَحِّس,لحس
la7wis,لَحْوِس,لحوس
yil7as,يِلْحَس,يلحس
yla77is,يلَحِّس,يلحس
yla7wis,يلَحْوِس,يلحوس
2inli7is,اِنْلِحِس,انلحس
yinli7is,يِنْلِحِس,ينلحس
la7as,لَحَس,لحس
la77as,لَحَّس,لحس
la7was,لَحْوَس,لحوس
2inla7as,اِنْلَحَس,انلحس
mal7uush,مَلْحُوش,ملحوش
2il7ash,اِلْحَش,الحش
yil7ash,يِلْحَش,يلحش
2inli7ish,اِنْلِحِش,انلحش
yinli7ish,يِنْلِحِش,ينلحش
la7ash,لَحَش,لحش
2inla7ash,اِنْلَحَش,انلحش
mla77at,مْلَحِّط,ملحط
la77it,لَحِّط,لحط
yla77it,يلَحِّط,يلحط
la77at,لَحَّط,لحط
la7zi,لَحْظِي,لحظي
la7za,لَحْظَة,لحظة
mulaa7aza,مُلَاحَظَة,ملاحظة
la7za,لَحْظَة,لحظة
mal7uuze,مَلْحُوظَة,ملحوظة
la7zit shiitaan,لَحْظَة شيطَان,لحظة شيطان
laa7iz,لَاحِظ,لاحظ
ylaa7iz,يلَاحِظ,يلاحظ
laa7az,لَاحَظ,لاحظ
mitla77if,مِتْلَحِّف,متلحف
mil7afe,مِلْحَفِة,ملحفة
l7aaf,لْحَاف,لحاف
2al7ife,أَلْحِفِة,ألحفة
lu7uf,لُحُف,لحف
malaa7if,مَلَاحِف,ملاحف
3aqadd l7aafak midd 2ijreek,عقد لْحَافك مِد إِجريك,عقد لحافك مد إجريك
2itla77af,اِتْلَحَّف,اتلحف
yitla77af,يِتْلَحَّف,يتلحف
tla77af,تْلَحَّف,تلحف
milti7if,مِلْتِحِف,ملتحف
2ilti7if,اِلْتِحِف,التحف
yilti7if,يِلْتِحِف,يلتحف
2ilta7af,اِلْتَحَف,التحف
mal7uuq,مَلْحُوق,ملحوق
mulaa7aq,مُلَاحَق,ملاحق
mla77iq,مْلَحِّق,ملحق
laa7iq,لَاحِق,لاحق
mulaa7aqa,مُلَاحَقَة,ملاحقة
laa7iq waraak b3asaaye,لَاحق ورَاك بعصَاية,لاحق وراك بعصاية
la77aqha l7uuq,لَحَّقهَا لحوق,لحقها لحوق
laa7iq 3alhamm,لَاحِق عَالهم,لاحق عالهم
2il7aq,اِلْحَق,الحق
la77iq,لَحِّق,لحق
2inli7iq,اِنْلِحِق,انلحق
2ilti7iq,اِلْتِحِق,التحق
laa7iq,لَاحِق,لاحق
malaa7iq,مَلَاحِق,ملاحق
mul7aq,مُلْحَق,ملحق
yil7aq,يِلْحَق,يلحق
yla77iq,يلَحِّق,يلحق
yinli7iq,يِنْلِحِق,ينلحق
yilti7iq,يِلْتِحِق,يلتحق
ylaa7iq,يلَاحِق,يلاحق
2itlaa7aq,اِتْلَاحَق,اتلاحق
yitlaa7aq,يِتْلَاحَق,يتلاحق
li7iq,لِحِق,لحق
la77aq,لَحَّق,لحق
2inla7aq,اِنْلَحَق,انلحق
2ilta7aq,اِلْتَحَق,التحق
laa7aq,لَاحَق,لاحق
tlaa7aq,تْلَاحَق,تلاحق
mla7la7,مْلَحْلَح,ملحلح
la7la7e,لَحْلَحِة,لحلحة
la7li7,لَحْلِح,لحلح
2itla7la7,اِتْلَحْلَح,اتلحلح
yla7li7,يلَحْلِح,يلحلح
yitla7la7,يِتْلَحْلَح,يتلحلح
la7la7,لَحْلَح,لحلح
tla7la7,تْلَحْلَح,تلحلح
mutalaa7im,مُتْلَاحِم,متلاحم
mal7ame,مَلْحَمِة,ملحمة
la7me,لَحْمِة,لحمة
la7miyye,لَحْمِيِّة,لحمية
lu7me,لُحْمِة,لحمة
la77aam,لَحَّام,لحام
la7im,لَحِم,لحم
malaa7im,مَلَاحِم,ملاحم
koom la7im,كوم لحم,كوم لحم
la7me fi satwe,لَحْمِة في ستوة,لحمة في ستوة
3alla7im,عَاللحِم,عاللحم
2il7im,اِلْحِم,الحم
la77im,لَحِّم,لحم
2itla77am,اِتْلَحَّم,اتلحم
yil7im,يِلْحِم,يلحم
yla77im,يلَحِّم,يلحم
2inli7im,اِنْلِحِم,انلحم
yinli7im,يِنْلِحِم,ينلحم
yitla77am,يِتْلَحَّم,يتلحم
2itlaa7am,اِتْلَاحَم,اتلاحم
yitlaa7am,يِتْلَاحَم,يتلاحم
la7am,لَحَم,لحم
la77am,لَحَّم,لحم
2inla7am,اِنْلَحَم,انلحم
tla77am,تْلَحَّم,تلحم
tlaa7am,تْلَاحَم,تلاحم
la7mase,لَحْمَسِة,لحمسة
la7mis,لَحْمِس,لحمس
yla7mis,يلَحْمِس,يلحمس
la7mas,لَحْمَس,لحمس
la7in,لَحِن,لحن
2al7aan,أَلْحَان,ألحان
la77in,لَحِّن,لحن
yla77in,يلَحِّن,يلحن
la77an,لَحَّن,لحن
multa7i,مُلْتَحِي,ملتحي
li7ye,لِحْيِة,لحية
lu7a,لُحَى,لحى
haay li7yiti,هَاي لِحْيِتي,هاي لحيتي
2ilti7i,اِلْتِحِي,التحي
yilti7i,يِلْتِحِي,يلتحي
2ilta7a,اِلْتَحَى,التحى
mlakhbat,مْلَخْبَط,ملخبط
lakhbata,لَخْبَطَة,لخبطة
lakhbit,لَخْبِط,لخبط
ylakhbit,يلَخْبِط,يلخبط
2itlakhbat,اِتْلَخْبَط,اتلخبط
yitlakhbat,يِتْلَخْبَط,يتلخبط
lakhbat,لَخْبَط,لخبط
tlakhbat,تْلَخْبَط,تلخبط
lakhkha,لَخَّة,لخة
lukhkh,لُخّ,لخ
ylukhkh,يلُخّ,يلخ
lakhkh,لَخّ,لخ
talkhiis,تَلْخِيص,تلخيص
mulakhkhas,مُلَخَّص,ملخص
talaakhiis,تَلَاخِيص,تلاخيص
lakhkhis,لَخِّص,لخص
lakhkhis,يلَخِّص,يلخص
2itlakhkhas,اِتْلَخَّص,اتلخص
yitlakhkhas,يِتْلَخَّص,يتلخص
lakhkhas,لَخَّص,لخص
tlakhkhas,تْلَخَّص,تلخص
mlakhlakh,مْلَخْلَخ,ملخلخ
lakhlakhe,لَخْلَخِة,لخلخة
lakhlikh,لَخْلِخ,لخلخ
ylakhlikh,يلَخْلِخ,يلخلخ
lakhlakh,لَخْلَخ,لخلخ
miltikhim,مِلْتِخِم,ملتخم
malkhuum,مَلْخُوم,ملخوم
malaakhiim,مَلَاخِيم,ملاخيم
lakhme,لَخْمِة,لخمة
2ilkham,اِلْخَم,الخم
2inlikhim,اِنْلِخِم,انلخم
2iltikhim,اِلْتِخِم,التخم
laakhim,لَاخِم,لاخم
2itlakhkham,اِتْلَخَّم,اتلخم
yilkham,يِلْخَم,يلخم
yinlikhim,يِنْلِخِم,ينلخم
yiltikhim,يِلْتِخِم,يلتخم
yilaakhim,يلَاخِم,يلاخم
yitlakhkham,يِتْلَخَّم,يتلخم
lakham,لَخَم,لخم
2inlakham,اِنْلَخَم,انلخم
2iltakham,اِلْتَخَم,التخم
laakham,لَاخَم,لاخم
tlakhkham,تْلَخَّم,تلخم
laduud,لَدُود,لدود
2aladd,أَلَدّ,ألد
laadid,لَادِد,لادد
lidd,لِدّ,لد
ylidd,يلِدّ,يلد
ladd,لَدّ,لد
malduu3,مَلْدُوع,ملدوع
lad3a,لَدْعَة,لدعة
2ilda3,اِلْدَع,الدع
yilda3,يِلْدَع,يلدع
lada3,لَدَع,لدع
2inlidi3,اِنْلِدِع,انلدع
yinlidi3,يِنْلِدِع,ينلدع
2inlada3,اِنْلَدَع,انلدع
ladwa3a,لَدْوَعَة,لدوعة
ladwi3,لَدْوِع,لدوع
yladwi3,يلَدْوِع,يلدوع
ladwa3,لَدْوَع,لدوع
2itladwa3,اِتْلَدْوَع,اتلدوع
yitladwa3,يِتْلَدْوَع,يتلدوع
tladwa3,تْلَدْوَع,تلدوع
ladgha,لَدْغَا,لدغا
2aldagh,أَلْدَغ,ألدغ
ludugh,لُدُغ,لدغ
ladgha,لَدْغَة,لدغة
2ildagh,اِلْدَغ,الدغ
yildagh,يِلْدَغ,يلدغ
ladagh,لَدَغ,لدغ
2inlidigh,اِنْلِدِغ,انلدغ
yinlidigh,يِنْلِدِغ,ينلدغ
2inladagh,اِنْلَدَغ,انلدغ
mladdin,مْلَدِّن,ملدن
laddin,لَدِّن,لدن
yladdin,يلَدِّن,يلدن
laddan,لَدَّن,لدن
ledan,لِدَن,لدن
mlaadi,مْلَادِي,ملادي
laadi,لَادِي,لادي
ylaadi,يلَادِي,يلادي
laada,لَادى,لادى
laziiz,لَذِيذ,لذيذ
lazze,لَذِّة,لذة
2itlazzaz,اِتْلَذَّذ,اتلذذ
2istaliz,اِسْتَلِذ,استلذ
yitlazzaz,يِتْلَذَّذ,يتلذذ
yistaliz,يِسْتَلِذ,يستلذ
tlazzaz,تْلَذَّذ,تلذذ
2istalaz,اِسْتَلَذ,استلذ
laadhi3,لَاذِع,لاذع
laaziz,لَازِز,لازز
lizz,لِزّ,لز
ylizz,يلِزّ,يلز
lazz,لَزّ,لز
laz3a,لَزْعَة,لزعة
lazi3,لَزِع,لزع
lazwa3a,لَزْوَعَة,لزوعة
2itlazwa3,اِتْلَزْوَع,اتلزوع
yitlazwa3,يِتْلَزْوَع,يتلزوع
tlazwa3,تْلَزْوَع,تلزوع
lazwi3,لَزْوِع,لزوع
ylazwi3,يلَزْوِع,يلزوع
lazwa3,لَزْوَع,لزوع
2inlizi3,اِنْلِزِع,انلزع
yinlizi3,يِنْلِزِع,ينلزع
2inlaza3,اِنْلَزَع,انلزع
2ilza3,اِلْزَع,الزع
yilza3,يِلْزَع,يلزع
laza3,لَزَع,لزع
mlazziq,مْلَزِّق,ملزق
luzzeeq,لُزَّيق,لزيق
talziiq,تَلْزِيق,تلزيق
m7azziq wimlazziq,مْحَزِّق ومْلَزِّق,محزق وملزق
lazqa,لَزْقَة,لزقة
lazaaziiq,لَزَازِيق,لزازيق
2ilzaq,اِلْزَق,الزق
lazziq,لَزِّق,لزق
2itlazzaq,اِتْلَزَّق,اتلزق
ylazziq,يلَزِّق,يلزق
laziq,لَزِق,لزق
yitlazzaq,يِتْلَزَّق,يتلزق
yilzaq,يِلْزَق,يلزق
liziq,لِزِق,لزق
lazzaq,لَزَّق,لزق
tlazzaq,تْلَزَّق,تلزق
multazim,مُلْتَزِم,ملتزم
laazim,لَازِم,لازم
2ilzaami,إِلْزَامِي,إلزامي
mulaazim,مْلَازِم,ملازم
malzuum,مَلَزُوم,ملزوم
malzame,مَلْزَمِة,ملزمة
2iltizaam,اِلْتِزَام,التزام
mustalzim,مُسْتَلْزَم,مستلزم
lzuum,لْزُوم,لزوم
malaazim,مَلَازِم,ملازم
2ilzam 7duudak,اِلْزَم حدودَك,الزم حدودك
fishsh 7ada 2ili 3alee darbit laazim,فش حدَا الي عليه ضربة لَازِم,فش حدا الي عليه ضربة لازم
2ilzim,اِلْزِم,الزم
2ilzam,اِلْزَم,الزم
lazzim,لَزِّم,لزم
laazim,لَازِم,لازم
2iltizim,اِلْتِزِم,التزم
2istalzim,اِسْتَلْزِم,استلزم
2ilzam,اِلْزَم,الزم
yilzam,يِلْزَم,يلزم
yilzam,يِلْزَم,يلزم
ylazzim,يلَزِّم,يلزم
ylaazim,يلَازِم,يلازم
yiltizim,يِلْتِزِم,يلتزم
yistalzim,يِسْتَلْزِم,يستلزم
yilzim,يِلْزِم,يلزم
lizim,لِزِم,لزم
lazam,لَزَم,لزم
lazzam,لَزَّم,لزم
laazam,لَازَم,لازم
2iltazam,اِلْتَزَم,التزم
2istalzam,اِسْتَلْزَم,استلزم
2alzam,أَلْزَم,ألزم
lissa,لِسَّه,لسه
laasis,لَاسِس,لاسس
liss,لِسّ,لس
yliss,يلِسّ,يلس
lass,لَسّ,لس
mlassi3,مْلَسِّع,ملسع
laasi3,لَاسِع,لاسع
las3a,لَسْعَة,لسعة
2ilsa3,اِلْسَع,السع
laswi3,لَسْوِع,لسوع
2itlaswa3,اِتْلَسْوَع,اتلسوع
yilsa3,يِلْسَع,يلسع
2inlisi3,اِنْلِسِع,انلسع
yinlisi3,يِنْلِسِع,ينلسع
ylaswi3,يلَسْوِع,يلسوع
yitlaswa3,يِتْلَسْوَع,يتلسوع
lasa3,لَسَع,لسع
2inlasa3,اِنْلَسَع,انلسع
laswa3,لَسْوَع,لسوع
tlaswa3,تْلَسْوَع,تلسوع
milsin,مِلْسِن,ملسن
mlassin,مْلَسِّن,ملسن
mlaasane,مْلَاسَنِة,ملاسنة
lseene,لْسَينِة,لسينة
lisseene,لِسَّينِة,لسينة
lsaan,لْسَان,لسان
2alsine,أَلْسِنِة,ألسنة
waraq lsaan,وَرَق لْسَان,ورق لسان
lsaan 2ittoor,لْسَان الثَّور,لسان الثور
yquss lsaan lsaan 2il3aalam,يِقُصّ لْسَان العَالَم,يقص لسان العالم
tili3 sha3ar 3alsaani,طِلِع شَعَر عَلْسَانِي,طلع شعر علساني
lsano binaqqit 3asal,لْسَانُه بينقِّط عَسَل,لسانه بينقط عسل
lsano binaqqit samm,لْسَانه بينقِّط سَمّ,لسانه بينقط سم
lsano 7ilu,لْسَانُه حِلُو,لسانه حلو
lsano mitbarri minno,لَْسَانُه مِتْبَرِّي مِنُّه,لسانه متبري منه
lsano 2atwal minno,لْسَانُه أَطْوَل مِنُّه,لسانه أطول منه
tabkhit lsaanaat,طَبْخَة لْسَانَات,طبخة لسانات
lsaan 2ilmizmaar,لْسَان المِزْمَار,لسان المزمار
dubb lsaanak,ضُبّ لْسَانَك,ضب لسانك
2aquss lsaano,أَقُصّ لْسَانُه,أقص لسانه
3admit lsaani,عَظْمِة لْسَانِي,عظمة لساني
lsaano sabi3 shatalaat,لْسَانُه سَبَِع شَطلَات,لسانه سبع شطلات
lsaanak maa yijiish 3alsaani,لْسَانَك مَايِجِيش عَلْسَاني,لسانك مايجيش علساني
mas7uub min lsaano,مَسْحُوب مِن لْسَانُه,مسحوب من لسانه
3add lsaano,عَضّ لسَانه,عض لسانه
lsaano tawiil,لْسَانه طَوِيل,لسانه طويل
lsaano bsabi3 shatalaat,لْسَانه بسَبَع شَطَلَات,لسانه بسبع شطلات
2iljawaab 3ataraf lsaano,الجوَاب عطَرَف لْسَانُه,الجواب عطرف لسانه
lsaano zifir,لْسَانُه زِفِر,لسانه زفر
2irbot lsaanak mlii7 laa bidmi wala biqii7,اِرْبُط لْسَانَك مْلِيح لَابْيِدْمِي ولَا بِيقِيح,اربط لسانك مليح لابيدمي ولا بيقيح
lassin,لَسِّن,لسن
2itlaasan,اِتْلَاسَن,اتلاسن
ylassin,يلَسِّن,يلسن
yitlaasan,يِتْلَاسَن,يتلاسن
lassan,لَسَّن,لسن
tlaasan,تْلَاسَن,تلاسن
talaashi,تَلَاشِي,تلاشي
2itlaasha,اِتْلَاشَى,اتلاشى
yitlaasha,يِتْلَاشَى,يتلاشى
tlaasha,تْلَاشَى,تلاشى
talassus,تَلَصُّص,تلصص
liss,لِصّ,لص
lusuus,لُصُوص,لصوص
2itlassas,اِتْلَصَّص,اتلصص
yitlassas,يِتْلَصَّص,يتلصص
tlassas,تْلَصَّص,تلصص
mlassim,مْلَصِّم,ملصم
mlassim,مْلَصِّم,ملصم
lassim,لَصِّم,لصم
ylassim,يلَصِّم,يلصم
lassam,لَصَّم,لصم
maldame,مَلْضَمِة,ملضمة
malaadim,مَلَاضِم,ملاضم
2uldum,اُلْضُم,الضم
yuldum,يُلْضُم,يلضم
ladam,لَضَم,لضم
lada,لَضَى,لضى
maa 7iltuush 2illada,مَا حيلتوش اللَّضى,ما حيلتوش اللضى
latkha,لَطْخَة,لطخة
litikh,لِطِخ,لطخ
taltiikh,تَلْطِيخ,تلطيخ
mlattakh,مْلَطَّخ,ملطخ
2iltakh,اِلْطَخ,الطخ
lattikh,لَطِّخ,لطخ
2istaltikh,اِسْتَلْطِخ,استلطخ
yiltakh,يِلْطَخ,يلطخ
ylattikh,يلَطِّخ,يلطخ
2itlattakh,اِتْلَطَّخ,اتلطخ
yitlattakh,يِتْلَطَّخ,يتلطخ
yistaltikh,يِسْتَلْطِخ,يستلطخ
latakh,لَطَخ,لطخ
lattakh,لَطَّخ,لطخ
tlattakh,تْلَطَّخ,تلطخ
2istaltakh,اِسْتَلْطَخ,استلطخ
maltis,مَلْطِس,ملطس
ymaltis,يمَلْطِس,يملطس
maltas,مَلْطَس,ملطس
maltashe,مَلْطَشِة,ملطشة
maltuush,مَلْطُوش,ملطوش
malaatish,مَلَاطِش,ملاطش
malaatiish,مَلَاطِيش,ملاطيش
latshe,لَطْشِة,لطشة
taltiishe,تَلْطِيشِة,تلطيشة
latshe,لَطْشِة,لطشة
mlaatashe,مْلَاطَشِة,ملاطشة
taltiish,تَلْطِيش,تلطيش
latish,لَطِش,لطش
talaatiish,تَلَاطِيش,تلاطيش
talaatiish 7aki,تَلَاطِيش حَكِي,تلاطيش حكي
latwish,لَطْوِش,لطوش
2iltush,اِلْطُش,الطش
2ultush,اُلْطُش,الطش
2inlitish,اِنْلِطِش,انلطش
lattish,لَطِّش,لطش
2itlattash,اِتْلَطَّش,اتلطش
laatish,لَاطِش,لاطش
yiltush,يِلْطُش,يلطش
yultush,يُلْطُش,يلطش
yinlitish,يِنْلِطِش,ينلطش
ylattish,يلَطِّش,يلطش
yitlattash,يِتْلَطَّش,يتلطش
ylaatish,يلَاطِش,يلاطش
ylatwish,يلَطْوِش,يلطوش
latash,لَطَش,لطش
2inlatash,اِنْلَطَش,انلطش
lattash,لَطَّش,لطش
tlattash,تْلَطَّش,تلطش
laatash,لَاطَش,لاطش
latwash,لَطْوَش,لطوش
laatit,لَاطِط,لاطط
lattaaye,لَطَّايِة,لطاية
latt,لَطّ,لط
min tiin blaadak lutt 3akhdaadak,مِن طِين بْلَادَك لُطّ عَخْدَادَك,من طين بلادك لط عخدادك
lutt,لُطّ,لط
ylutt,يلُطّ,يلط
yinlatt,يِنْلَطّ,ينلط
yinlatt,يِنْلَطّ,ينلط
latt,لَطّ,لط
2inlatt,اِنْلَطّ,انلط
maltuu3,مَلْطُوع,ملطوع
lat3a,لَطْعَة,لطعة
lati3,لَطِع,لطع
2ilta3,اِلْطَع,الطع
latti3,لَطِّع,لطع
yilta3,يِلْطَع,يلطع
ylatti3,يلَطِّع,يلطع
lata3,لَطَع,لطع
latta3,لَطَّع,لطع
2altaf,أَلْطَف,ألطف
latiif,لَطِيف,لطيف
latiif,لَطِيف,لطيف
2istiltaaf,اِسْتِلْطَاف,استلطاف
lutuf,لُطُف,لطف
yaa latiif,يَا لَطِيف,يا لطيف
2ultuf,اُلْطُف,الطف
lattif,لَطِّف,لطف
2itlattaf,اِتْلَطَّف,اتلطف
laatif,لَاطِف,لاطف
2itlaataf,اِتْلَاَطَف,اتلاطف
2istaltif,اِسْتَلْطِف,استلطف
yultuf,يُلْطُف,يلطف
ylattif,يلَطِّف,يلطف
yitlattaf,يِتْلَطَّف,يتلطف
ylaatif,يلَاطِف,يلاطف
yitlaataf,يِتْلَاَطَف,يتلاطف
yistaltif,يِسْتَلْطِف,يستلطف
lataf,لَطَف,لطف
lattaf,لَطَّف,لطف
tlattaf,تْلَطَّف,تلطف
laataf,لَاَطَف,لاطف
tlaataf,تْلَاَطَف,تلاطف
2istaltaf,اِسْتَلْطَف,استلطف
mlattam,مْلَطَّم,ملطم
latim,لَطِم,لطم
yultum 3akheebto,يُلْطُم عخيبتُه,يلطم عخيبته
sakhkham wulattam,سَخَّم ولَطَّم,سخم ولطم
latme,لَطْمِة,لطمة
msakhkham wumlattam,مسَخَّم وملَطَّم,مسخم وملطم
2ultum,اُلْطُم,الطم
lattim,لَطِّم,لطم
yultum,يُلْطُم,يلطم
ylattim,يلَطِّم,يلطم
latam,لَطَم,لطم
lattam,لَطَّم,لطم
mlazlaz,مْلَظْلَظ,ملظلظ
lazluuz,لَظْلُوظ,لظلوظ
lazaaliiz,لَظَالِيظ,لظاليظ
lazlaze,لَظْلَظِة,لظلظة
lazliz,لَظْلِظ,لظلظ
ylazliz,يلَظْلِظ,يلظلظ
lazlaz,لَظْلَظ,لظلظ
mla3wab,مْلَعْوَب,ملعوب
la33iib,لَعِّيب,لعيب
mil3abe,مِلْعَبِة,ملعبة
li3be,لِعْبِة,لعبة
lu3be,لُعْبِة,لعبة
talaa3ub,تَلَاعُب,تلاعب
li3ib,لِعِب,لعب
mal3uub,مَلْعُوب,ملعوب
2al3aab,أَلْعَاب,ألعاب
lu3ab,لُعَب,لعب
malaa3iib,مَلَاعِيب,ملاعيب
li3ib biraas,لِعِب برَاس,لعب براس
btil3ab 3al7ableen,بتلعب عَالحبلين,بتلعب عالحبلين
li3ib bi2a3saab,لِعِب بأعصَاب,لعب بأعصاب
malaa3ib,مَلَاعِب,ملاعب
mal3ab,مَلْعَب,ملعب
li3ib 2ibdeelo,لِعب بذيله,لعب بذيله
li3ib bi3addaad 3umro,لِعِب بعدَّاد عمره,لعب بعداد عمره
zayy 2illu3be,زي اللُّعْبِة,زي اللعبة
byil3ab bilmasaari li3ib,بيِلْعَب بَالمصَاري لِعِب,بيلعب بالمصاري لعب
2ilhawa byil3ab li3ib,الهوَا بيلعب لِعِب,الهوا بيلعب لعب
2il3ab,اِلْعَب,العب
la33ib,لَعِّب,لعب
laa3ib,لَاعِب,لاعب
2itlaa3ab,اِتْلَاعَب,اتلاعب
yil3ab,يِلْعَب,يلعب
yla33ib,يلَعِّب,يلعب
ylaa3ib,يلَاعِب,يلاعب
yitlaa3ab,يِتْلَاعَب,يتلاعب
li3ib,لِعِب,لعب
laa3ib,لَاعِب,لاعب
laa3ibe,لَعِّيبِة,لعيبة
laa3ib,لَاعِب,لاعب
la33ab,لَعَّب,لعب
laa3ab,لَاعَب,لاعب
tlaa3ab,تْلَاعَب,تلاعب
mla3ban,مْلَعْبَن,ملعبن
la3bane,لَعْبَنِة,لعبنة
la3wabe,لَعْوَبِة,لعوبة
2itla3wab,اِتْلَعْوَب,اتلعوب
yitla3wab,يِتْلَعْوَب,يتلعوب
tla3wab,تْلَعْوَب,تلعوب
2itla3ban,اِتْلَعْبَن,اتلعبن
yitla3ban,يِتْلَعْبَن,يتلعبن
tla3ban,تْلَعْبَن,تلعبن
la3bik,لَعْبِك,لعبك
yla3bik,يلَعْبِك,يلعبك
2itla3bak,اِتْلَعْبَك,اتلعبك
yitla3bak,يِتْلَعْبَك,يتلعبك
la3bak,لَعْبَك,لعبك
tla3bak,تْلَعْبَك,تلعبك
mal3aqa,مَلْعَقَة,ملعقة
mil3aqa,مِلْعَقَة,ملعقة
malaa3iq,مَلَاعِق,ملاعق
mil3aqa mshalla7a,مِلْعَقَة مشَلَّحَة,ملعقة مشلحة
la3wiq,لَعْوِق,لعوق
yla3wiq,يلَعْوِق,يلعوق
la3waq,لَعْوَق,لعوق
ma3laqa,مَعْلَقَة,معلقة
ma3aaliq,مَعَالِق,معالق
mla3lab,مْلَعْلَب,ملعلب
mla3la3,مْلَعْلَع,ملعلع
la3la3e,لَعْلَعِة,لعلعة
la3li3,لَعْلِع,لعلع
yla3li3,يلَعْلِع,يلعلع
la3la3,لَعْلَع,لعلع
mal3uun,مَلْعُون,ملعون
malaa3iin,مَلَاعِين,ملاعين
mal3uun,مَلْعُون,ملعون
la3ne,لَعْنِة,لعنة
mal3ane,مَلْعَنِة,ملعنة
la3anit faatso,لعنت فَاطسه,لعنت فاطسه
la33in,لَعِّن,لعن
2il3an,اِلْعَن,العن
2itmal3an,اِتْمَلْعَن,اتملعن
yla33in,يلَعِّن,يلعن
yil3an,يِلْعَن,يلعن
yitmal3an,يِتْمَلْعَن,يتملعن
2al3an,أَلْعَن,ألعن
la3an,لَعَن,لعن
la33an,لَعَّن,لعن
tmal3an,تْمَلْعَن,تملعن
la3ye,لَعْيِة,لعية
la3ayaan,لَعَيَان,لعيان
la33i,لَعِّى,لعى
2il3i,اِلْعِي,العي
yil3i,يِلْعِي,يلعي
yla33i,يلَعِّي,يلعي
li3i,لِعِي,لعي
la33a,لَعَّى,لعى
lughde,لُغْدِة,لغدة
lughad,لُغَد,لغد
2alghaaz,أَلْغَاز,ألغاز
lughuz,لُغُز,لغز
laghat,لَغَط,لغط
laaghigh,لَاغِغ,لاغغ
lughgh,لُغّ,لغ
ylughgh,يلُغّ,يلغ
laghgh,لَغّ,لغ
laghluugha,لَغْلُوغَة,لغلوغة
laghaaliigh,لَغَالِيغ,لغاليغ
laghligh,لَغْلِغ,لغلغ
ylaghligh,يلَغْلِغ,يلغلغ
laghlagh,لَغْلَغ,لغلغ
mlaghgham,مْلَغَّم,ملغم
malghuum,مَلْغُوم,ملغوم
lughum,لُغُم,لغم
2alghaam,أَلْغَام,ألغام
7aqil 2alghaam,حَقِل ألْغَام,حقل ألغام
laghghim,لَغِّم,لغم
ylaghghim,يلَغِّم,يلغم
2itlaghgham,اِتْلَغَّم,اتلغم
yitlaghgham,يِتْلَغَّم,يتلغم
laghgham,لَغَّم,لغم
tlaghgham,تْلَغَّم,تلغم
laghmasa,لَغْمَصَة,لغمصة
2itlaghmas,اِتْلَغْمَص,اتلغمص
yitlaghmas,يِتْلَغْمَص,يتلغمص
tlaghmas,تْلَغْمَص,تلغمص
laghmis,لَغْمِص,لغمص
ylaghmis,يلَغْمِص,يلغمص
laghmas,لَغْمَص,لغمص
laghmata,لَغْمَطَة,لغمطة
2itlaghmat,اِتْلَغْمَط,اتلغمط
yitlaghmat,يِتْلَغْمَط,يتلغمط
tlaghmat,تْلَغْمَط,تلغمط
laghmit,لَغْمِط,لغمط
ylaghmit,يلَغْمِط,يلغمط
laghmat,لَغْمَط,لغمط
lugha,لُغَة,لغة
laaghi,لَاغِي,لاغي
ylaaghi,يْلَاغِي,يلاغي
laagha,لَاغَى,لاغى
laghwasa,لَغْوَصَة,لغوصة
laghwis,لَغْوِص,لغوص
ylaghwis,يلَغْوِص,يلغوص
laghwas,لَغْوَص,لغوص
malghi,مَلْغي,ملغي
2ilghaa2,إِلْغَاء,إلغاء
2ilghi,اِلْغِي,الغي
yilghi,يِلْغِي,يلغي
2iltighi,اِلْتِغِي,التغي
2iltaghi,اِلْتَغِي,التغي
2inlighi,اِنْلِغِي,انلغي
2inlaghi,اِنْلَغِي,انلغي
yiltighi,يِلْتِغِي,يلتغي
yiltaghi,يِلْتَغِي,يلتغي
yinlighi,يِنْلِغِي,ينلغي
2ilghi,اِلْغِي,الغي
yilghi,يِلْغِي,يلغي
2algha,أَلْغَى,ألغى
yinlaghi,يِنْلَغِي,ينلغي
lagha,لَغَى,لغى
2iltagha,اِلْتَغَى,التغى
2inlagha,اِنْلَغَى,انلغى
lafte,لَفْتِة,لفتة
laafite,لَافِتِة,لافتة
lifte,لِفْتِة,لفتة
lifit,لِفِت,لفت
shaqq 2illifit,شق اللفت,شق اللفت
2ilfit,اِلْفِت,الفت
2iltafit,اِلْتَفِت,التفت
2iltifit,اِلْتِفِت,التفت
2itlaffat,اِتْلَفَّت,اتلفت
yilfit,يِلْفِت,يلفت
yiltafit,يِلْتَفِت,يلتفت
yiltifit,يِلْتِفِت,يلتفت
yitlaffat,يِتْلَفَّت,يتلفت
lafat,لَفَت,لفت
2iltafat,اِلْتَفَت,التفت
tlaffat,تْلَفَّت,تلفت
malfuu7,مَلْفُوح,ملفوح
laf7a,لَفْحَة,لفحة
laf7it hawa,لَفْحَة هوَا,لفحة هوا
2ilfa7,اِلْفَح,الفح
2iltafi7,اِلْتَفِح,التفح
2iltifi7,اِلْتِفِح,التفح
yilfa7,يِلْفَح,يلفح
yiltafi7,يِلْتَفِح,يلتفح
yiltifi7,يِلْتِفِح,يلتفح
lafa7,لَفَح,لفح
2iltafa7,اِلْتَفَح,التفح
lafiz,لَفِظ,لفظ
malfaz,مَلْفَظ,ملفظ
2alfaaz,أَلْفَاظ,ألفاظ
malaafiz,مَلَافِظ,ملافظ
2ilmalaafiz sa3id,الملَافِظ سعد,الملافظ سعد
2ilfuz,اِلْفُظ,الفظ
2itlaffaz,اِتْلَفَّظ,اتلفظ
yilfuz,يِلْفُظ,يلفظ
yitlaffaz,يِتْلَفَّظ,يتلفظ
lafaz,لَفَظ,لفظ
tlaffaz,تْلَفَّظ,تلفظ
lfaa3,لْفَاع,لفاع
lufu3,لُفُع,لفع
2inlifi3,اِنْلِفِع,انلفع
yinlifi3,يِنْلِفِع,ينلفع
2inlafa3,اِنْلَفَع,انلفع
2ilfa3,اِلْفَع,الفع
yilfa3,يِلْفَع,يلفع
lafa3,لَفَع,لفع
2itlaffa3,اِتْلَفَّع,اتلفع
yitlaffa3,يِتْلَفَّع,يتلفع
tlaffa3,تْلَفَّع,تلفع
laffi3,لَفِّع,لفع
ylaffi3,يلَفِّع,يلفع
laffa3,لَفَّع,لفع
malfuuf,مَلْفُوف,ملفوف
malfuufaaye,مَلْفُوفَايِة,ملفوفاية
laffe,لَفِّة,لفة
laffe,لَفِّة,لفة
malfuuf,مَلْفُوف,ملفوف
lafaayif,لَفَايِف,لفايف
laffat 3aara wu 3ar3ara,لَفَّت عَارَة وعَرْعَرَة,لفت عارة وعرعرة
yliff wiyduur,يلِف ويدور,يلف ويدور
2ilbint bti7lam bizzaffe wuhii billaffe,البنت بتحلم بَالزَّفِّة وهي بَاللَفِّة,البنت بتحلم بالزفة وهي باللفة
liff,لِفّ,لف
laffif,لَفِّف,لفف
yliff,يلِفّ,يلف
ylaffif,يلَفِّف,يلفف
laff,لَفّ,لف
laffaf,لَفَّف,لفف
mlaffaq,مْلَفَّق,ملفق
talfiiq,تَلْفِيق,تلفيق
2itlaffaq,اِتْلَفَّق,اتلفق
yitlaffaq,يِتْلَفَّق,يتلفق
tlaffaq,تْلَفَّق,تلفق
laffiq,لَفِّق,لفق
ylaffiq,يلَفِّق,يلفق
laffaq,لَفَّق,لفق
loofake,لَوفَكِة,لوفكة
loofik,لَوفِك,لوفك
yloofik,يلَوفِك,يلوفك
loofak,لَوفَك,لوفك
laflafe,لَفْلَفِة,لفلفة
2itlaflaf,اِتْلَفْلَف,اتلفلف
yitlaflaf,يِتْلَفْلَف,يتلفلف
tlaflaf,تْلَفْلَف,تلفلف
laflif,لَفْلِف,لفلف
ylaflif,يلَفْلِف,يلفلف
laflaf,لَفْلَف,لفلف
laafi,لَافِي,لافي
2inlifi,اِنْلِفِي,انلفي
yinlifi,يِنْلِفِي,ينلفي
2inlafa,اِنْلَفَى,انلفى
2ilfi,اِلْفِي,الفي
yilfi,يِلْفِي,يلفي
lafa,لَفَى,لفى
mlaqqib,مْلَقِّب,ملقب
mlaqqab,مْلَقَّب,ملقب
laqab,لَقَب,لقب
2alqaab,أَلْقَاب,ألقاب
2itlaqqab,اِتْلَقَّب,اتلقب
yitlaqqab,يِتْلَقَّب,يتلقب
tlaqqab,تْلَقَّب,تلقب
laqqib,لَقِّب,لقب
ylaqqib,يلَقِّب,يلقب
laqqab,لَقَّب,لقب
mlaqqa7,مْلَقَّح,ملقح
mitlaqqi7,مِتْلَقِّح,متلقح
luqaa7,لُقَاح,لقاح
talqii7,تَلْقِيح,تلقيح
laqqi7,لَقِّح,لقح
laqqi7,لَقِّح,لقح
2itlaqqa7,اِتْلَقَّح,اتلقح
2itlaqqa7,اِتْلَقَّح,اتلقح
ylaqqi7,يلَقِّح,يلقح
ylaqqi7,يلَقِّح,يلقح
yitlaqqa7,يِتْلَقَّح,يتلقح
yitlaqqa7,يِتْلَقَّح,يتلقح
laqqa7,لَقَّح,لقح
laqqa7,لَقَّح,لقح
tlaqqa7,تْلَقَّح,تلقح
tlaqqa7,تْلَقَّح,تلقح
luqqeeta,لُقَّيطَة,لقيطة
luqta,لُقْطَة,لقطة
malqat,مَلْقَط,ملقط
talqiit,تَلْقِيط,تلقيط
lqaat,لْقَاط,لقاط
malaaqit,مَلَاقِط,ملاقط
malqat sha3ar,مَلْقَط شَعَر,ملقط شعر
malqat ghasiil,مَلْقَط غَسِيل,ملقط غسيل
malqat 7awaajib,مَلْقَط حَوَاجِب,ملقط حواجب
malqat tibbi,مَلْقَط طِبِّي,ملقط طبي
malqat 2akil,مَلْقَط أَكِل,ملقط أكل
malqat fa7am,مَلْقَط فَحَم,ملقط فحم
2ulqut,اُلْقُط,القط
2iltiqit,اِلْتِقِط,التقط
laqqit,لَقِّط,لقط
2itla2wat,اِتْلَقْوَط,اتلقوط
2itlaqqat,اِتْلَقَّط,اتلقط
yulqut,يُلْقُط,يلقط
yulqutha 3attaayir,يُلقطهَا عَالطَاير,يلقطها عالطاير
laqqit,لَقِّط,لقط
2inliqit,اِنْلِقِط,انلقط
ylaqqit,يلَقِّط,يلقط
yinliqit,يِنْلَقَط,ينلقط
ylaqqit,يلَقِّط,يلقط
yitlaqqat,يِتْلَقَّط,يتلقط
yitla2wat,يِتْلَقْوَط,يتلقوط
yiltiqit,يِلْتِقِط,يلتقط
laqat,لَقَط,لقط
laqqat,لَقَّط,لقط
2inlaqat,اِنْلَقَط,انلقط
laqqat,لَقَّط,لقط
tlaqqat,تْلَقَّط,تلقط
tla2wat,تْلَقْوَط,تلقوط
2iltaqat,اِلْتَقَط,التقط
2ulquf,اُلْقُف,القف
2itlaqqaf,اِتْلَقّف,اتلقف
yulquf,يُلْقُف,يلقف
yitlaqqaf,يِتْلَقّف,يتلقف
laqaf,لَقَف,لقف
tlaqqaf,تْلَقّف,تلقف
bitluqhaa,بتلقهَا,بتلقها
biluqq laqq,بيلُق بيلُق,بيلق بيلق
2inlaqq,اِنْلَقّ,انلق
yinlaqq,يِنْلَقّ,ينلق
2inlaqq,اِنْلَقّ,انلق
luqq,لُقّ,لق
yluqq,يلُقّ,يلق
laqq,لَقّ,لق
luqme,لُقْمِة,لقمة
luqam,لُقَم,لقم
qadd 2illuqme,قد اللقمة,قد اللقمة
kalaamo birmi 2illuqme min 2ittim,كلَامه بيرمي اللقمة من الثم,كلامه بيرمي اللقمة من الثم
mish mithanni bluqmito,مش متهني بلقمته,مش متهني بلقمته
2inqat3at luqimto,اِنقطعت لقمته,انقطعت لقمته
wislat 2illuqme littim,وصلت اللُّقْمِة للثِّم,وصلت اللقمة للثم
bluqmito,بلُقْمِتُه,بلقمته
2itlaqqam,اِتْلَقَّم,اتلقم
yitlaqqam,يِتْلَقَّم,يتلقم
tlaqqam,تْلَقَّم,تلقم
laqqim,لَقِّم,لقم
2itlaqman,اِتَلَقْمَن,اتلقمن
yitlaqman,يِتَلَقْمَن,يتلقمن
ylaqqim,يلَقِّم,يلقم
laqqam,لَقَّم,لقم
tlaqman,تَلَقْمَن,تلقمن
laqgkan,لَقَن,لقن
talqiin,تَلْقِين,تلقين
lqgkuune,لْقُونِة,لقونة
2itlaqqan,اِتْلَقَّن,اتلقن
yitlaqqan,يِتْلَقَّن,يتلقن
tlaqqan,تْلَقَّن,تلقن
laqqin,لَقِّن,لقن
ylaqqin,يلَقِّن,يلقن
laqqan,لَقَّن,لقن
mlaqwaj,مْلَقْوَج,ملقوج
laqwaja,لَقْوَجَة,لقوجة
2itlaqwaj,اِتْلَقْوَج,اتلقوج
yitlaqwaj,يِتْلَقْوَج,يتلقوج
tlaqwaj,تْلَقْوَج,تلقوج
mustalqi,مُسْتَلْقِي,مستلقي
laaqi,لَاقِي,لاقي
lqiyye,لْقِيِّة,لقية
laaqiiha lqiyye,لَاقِيهَا لقيِّة,لاقيها لقية
yulqi 2iddoo2,يُلْقِي الضُّوء,يلقي الضوء
yulqu bi2aydiihum 2ila 2ittahluka,يُلْقُوَا بأيديهم إِلى التهلكة,يلقوا بأيديهم إلى التهلكة
mish laaqiiha min 2ishshaari3,مش لَاقِيهَا من الشَارع,مش لاقيها من الشارع
yulqi 2illoom,يُلْقِي اللوم,يلقي اللوم
2istalqi,اِسْتَلْقِي,استلقي
2ilqa,اِلْقَى,القى
2iltiqi,اِلْتِقِي,التقي
laaqi,لَاقِي,لاقي
2itlaaqa,اِتْلَاقَى,اتلاقى
2itlaqqa,اِتْلَقَّى,اتلقى
2ilqi,اِلْقِي,القي
2istalaqqi,اِسْتَلَقِّى,استلقى
liqaa2,لِقَاء,لقاء
yistalqi,يِسْتَلْقِي,يستلقي
yilqa,يِلْقَى,يلقى
yiltiqi,يِلْتِقِي,يلتقي
ylaaqi,يلَاقِي,يلاقي
yitlaaqa,يِتْلَاقَى,يتلاقى
yitlaqqa,يِتْلَقَّى,يتلقى
yulqi,يُلْقِي,يلقي
yistalaqqi,يِسْتَلَقِّى,يستلقى
2istalqa,اِسْتَلْقى,استلقى
2ilqa,اِلْقَى,القى
yilqa,يِلْقَى,يلقى
laqa,لَقَى,لقى
liqi,لِقِي,لقي
2iltaqa,اِلْتَقَى,التقى
laaqa,لَاقَى,لاقى
tlaaqa,تْلَاقَى,تلاقى
tlaqqa,تْلَقَّى,تلقى
2alqa,أَلْقى,ألقى
2istalaqqa,اِسْتَلَقَّى,استلقى
luks,لُوكْس,لوكس
liki3,لِكِع,لكع
2itmalka3,اِتْمَلْكَع,اتملكع
2itlakka3,اِتْلَكَّع,اتلكع
yitmalka3,يتْمَلْكَع,يتملكع
yitlakka3,يِتْلَكَّع,يتلكع
tmalka3,تْمَلْكَع,تملكع
tlakka3,تْلَكَّع,تلكع
2itlakkak,اِتْلَكَّك,اتلكك
yitlakkak,يِتْلَكَّك,يتلكك
tlakkak,تْلَكَّك,تلكك
lakme,لَكْمِة,لكمة
mulaakame,مُلَاكَمِة,ملاكمة
2ulkum,اُلْكُم,الكم
2itlaakam,اِتْلَاكَم,اتلاكم
yulkum,يُلْكُم,يلكم
yitlaakam,يِتْلَاكَم,يتلاكم
lakam,لَكَم,لكم
tlaakam,تْلَاكَم,تلاكم
lakaan,لَكَان,لكان
laakin,لٰكِن,لكن
lakne,لَكْنِة,لكنة
lam,لَم,لم
lammalamman,لَمَّا,لما
lammaa7,لَمَّاح,لماح
lamba,لَمْبَة,لمبة
lam7a,لَمْحَة,لمحة
talmii7,تَلْمِيح,تلميح
lammi7,لَمِّح,لمح
2ilma7,اِلْمَح,المح
yilma7,يِلْمَح,يلمح
ylammi7,يلَمِّح,يلمح
lama7,لَمَح,لمح
lamma7,لَمَّح,لمح
lamiz,لَمِز,لمز
2ilmiz,اِلْمِز,المز
lammiz,لَمِّز,لمز
2itlaamaz,اِتْلَامَز,اتلامز
yilmiz,يِلْمِز,يلمز
ylammiz,يلَمِّز,يلمز
yitlaamaz,يِتْلَامَز,يتلامز
lamaz,لَمَز,لمز
lammaz,لَمَّز,لمز
tlaamaz,تْلَامَز,تلامز
lamse,لَمْسِة,لمسة
talaamus,تَلَامُس,تلامس
lamis,لَمِس,لمس
malmas,مَلْمَس,ملمس
yiltimis 3udhur,يِلْتِمِس عُذُر,يلتمس عذر
2itlammas,اِتْلَمَّس,اتلمس
yitlammas,يِتْلَمَّس,يتلمس
tlammas,تْلَمَّس,تلمس
2ilmas,اِلْمَس,المس
2ilmis,اِلْمِس,المس
lammis,لَمِّس,لمس
2iltimis,اِلْتِمِس,التمس
2itlaamas,اِتْلَامَس,اتلامس
yilmas,يِلْمَس,يلمس
yilmis,يِلْمِس,يلمس
ylammis,يلَمِّس,يلمس
yiltimis,يِلْتِمِس,يلتمس
yitlaamas,يِتْلَامَس,يتلامس
lammas,لَمَّس,لمس
2iltamas,اِلْتَمَس,التمس
tlaamas,تْلَامَس,تلامس
lamas,لَمَس,لمس
2itlammas,اِتْلَمَّس,اتلمس
yitlammas,يِتْلَمَّس,يتلمس
tlammas,تْلَمَّس,تلمس
laamda,لَامْضَة,لامضة
2itlammad,اِتْلَمَّض,اتلمض
yitlammad,يِتْلَمَّض,يتلمض
tlammad,تْلَمَّض,تلمض
lammii3,لَمِّيع,لميع
lam3a,لَمْعَة,لمعة
talmii3,تَلْمِيع,تلميع
lammi3,لَمِّع,لمع
yilma3,يِلْمَع,يلمع
ylammi3,يلَمِّع,يلمع
2ilma3,اِلْمَع,المع
2itlamma3,اِتْلَمَّع,اتلمع
yitlamma3,يِتْلَمَّع,يتلمع
lama3,لَمَع,لمع
lamma3,لَمَّع,لمع
tlamma3,تْلَمَّع,تلمع
lamlame,لَمْلَمِة,لملمة
lamlim,لَمْلِم,لملم
ylamlam,يلَمْلِم,يلملم
lamlam,لَمْلَم,لملم
mulimm,مُلِم,ملم
miltamm,مِلْتَمّ,ملتم
laamim,لَامِم,لامم
malmuum,مَلْمُوم,ملموم
lamme,لَمِّة,لمة
lamam,لَمَم,لمم
2ilmaam,إِلْمَام,إلمام
lamm,لَمّ,لم
rii7it 2il2im bitlimm,ريحة الإِم بتلم,ريحة الإم بتلم
malmuum lamm,مَلْمُوم لَمّ,ملموم لم
limm,لِمّ,لم
lammim,لَمِّم,لمم
2iltamm,اِلْتَمّ,التم
ylimm,يلِمّ,يلم
ylammim,يلَمِّم,يلمم
yiltamm,يِلْتَمّ,يلتم
lamm,لَمّ,لم
lammam,لَمَّم,لمم
2iltamm,اِلْتَمّ,التم
2alimm,أَلِمّ,ألم
ylimm,يْلِمّ,يلم
2alamm,أَلَمّ,ألم
lan,لَن,لن
miltihib,مِلْتِهِب,ملتهب
2iltihaab,اِلْتِهَاب,التهاب
lahab,لَهَب,لهب
2iltihib,اِلْتِهِب,التهب
yiltihib,يِلْتِهِب,يلتهب
2iltahab,اِلْتَهَب,التهب
laahith,لَاهِث,لاهث
lahith,لَهِث,لهث
2ilhath,اِلْهَث,الهث
yilhath,يِلْهَث,يلهث
laahith,لَاهِث,لاهث
ylaahith,يلَاهِث,يلاهث
lahath,لَهَث,لهث
laahath,لَاهَث,لاهث
lahje,لَهْجِة,لهجة
mitlahwidj,مِتْلَهْوِج,متلهوج
lahwadje,لَهْوَجِة,لهوجة
lahwidj,لَهْوِج,لهوج
2itlahwadj,اِتْلَهْوَج,اتلهوج
yitlahwadj,يِتْلَهْوَج,يتلهوج
ylahwidj,يلَهْوِج,يلهوج
2ilhaj,اِلْهَج,الهج
yilhaj,يِلْهَج,يلهج
lahwadj,لَهْوَج,لهوج
lahaj,لَهَج,لهج
lahwadj,تْلَهْوَج,تلهوج
2inlihid,اِنْلِهِد,انلهد
yinlihid,يِنْلِهِد,ينلهد
2inlahad,اِنْلَهَد,انلهد
2ilhad,اِلْهَد,الهد
yilhad,يِلْهَد,يلهد
lahad,لَهَد,لهد
lahit,لَهِط,لهط
2inlihit,اِنْلِهِط,انلهط
yinlihit,يِنْلِهِط,ينلهط
2inlahat,اِنْلَهَط,انلهط
2ilhat,اِلْهَط,الهط
yilhat,يِلْهَط,يلهط
lahat,لَهَط,لهط
mitlahhif,مِتْلَهِّف,متلهف
malhuuf,مَلْهُوف,ملهوف
lahfe,لَهْفِة,لهفة
2itlahhaf,اِتْلَهَّف,اتلهف
yitlahhaf,يِتْلَهَّف,يتلهف
tlahhaf,تْلَهَّف,تلهف
mlahlib,مْلَهْلِب,ملهلب
lahlib,لَهْلِب,لهلب
ylahlib,يلَهْلِب,يلهلب
lahlab,لَهْلَب,لهلب
mulhim,مُلْهِم,ملهم
2ilhaam,اِلْهَام,الهام
2ilhim,اِلْهِم,الهم
2iltihim,اِلْتِهِم,التهم
yilhim,يِلْهِم,يلهم
yiltihim,يِلْتِهِم,يلتهم
2alham,أَلْهَم,ألهم
2iltaham,اِلْتَهَم,التهم
lahmad,لَهْمَد,لهمد
ylahmid,يلَهْمِد,يلهمد
lahmid,لَهْمِد,لهمد
lahmade,لَهْمَدِة,لهمدة
miltihi,مِلْتَهَي,ملتهي
laahi,لَاهِي,لاهي
lahhaaye,لَهَّايِة,لهاية
malaahi,مَلَاهِي,ملاهي
malha,مَلْهَى,ملهى
2ilhi,اِلْهِي,الهي
lahhi,لَهِّي,لهي
yilhi,يِلْهِي,يلهي
ylahhi,يلَهِّي,يلهي
2iltihi,اِلْتِهِي,التهي
yiltihi,يِلْتِهِي,يلتهي
laha,لَهَى,لهى
lahha,لَهَّى,لهى
2iltaha,اِلْتَهَى,التهى
law,لَوْ,لو
leewa,لَيوَا,ليوا
loola,لَولَا,لولا
liwaa2,لِوَاء,لواء
liwaa2,لِوَاء,لواء
2alwiye,أَلْوِيِة,ألوية
luub,لُوب,لوب
yluub,يلُوب,يلوب
laab,لَاب,لاب
looj,لَوج,لوج
lwaaj,لْوَاج,لواج
loo7a,لَوحَة,لوحة
lawwii7,لَوِّيح,لويح
miltiwi7,مِلْتِوِح,ملتوح
malwuu7,مَلْوُوح,ملووح
loo7,لَوح,لوح
2alwaa7,أَلْوَاح,ألواح
zay loo7il iqzaaz laa tiiz wala bzaaz,زَيّ لَوح القَزَاز لَا طِيز ولَا بْزَاز,زي لوح القزاز لا طيز ولا بزاز
lawwi7,لَوِّح,لوح
2ilwi7,اِلْوِح,الوح
2iltiwi7,اِلْتِوِح,التوح
yiltiwi7,يِلْتِوِح,يلتوح
ylawwi7,يلَوِّح,يلوح
yilwi7,يِلْوِح,يلوح
2iltawa7,إِلْتَوَح,إلتوح
lawwa7,لَوَّح,لوح
lawa7,لَوَح,لوح
mlaawid,مْلَاوِد,ملاود
mlawwid,مْلَوِّد,ملود
laawid,لَاوِد,لاود
lawwid,لَوِّد,لود
ylaawid,يلَاوِد,يلاود
ylawwid,يلَوِّد,يلود
laawad,لَاوَد,لاود
lawwad,لَوَّد,لود
mlawwidh,مْلَوِّذ,ملوذ
malaadh,مَلَاذ,ملاذ
luudh,لُوذ,لوذ
lawwidh,لَوِّذ,لوذ
yluudh,يلُوذ,يلوذ
ylawwidh,يلَوِّذ,يلوذ
laadh,لَاذ,لاذ
lawwadh,لَوَّذ,لوذ
looze,لَوزِة,لوزة
looze,لَوزِة,لوزة
looz,لَوز,لوز
luwaz,لُوَز,لوز
luwazo naazlaat,لُوَزُه نَازْلَات,لوزه نازلات
2ilwadi3 looz,الوَضِع لَوز,الوضع لوز
lweez,لْوَيز,لويز
2imm lweez,إِم لْوَيز,إم لويز
luush,لُوش,لوش
lawwish,لَوِّش,لوش
yluush,يلُوش,يلوش
ylawwish,يلَوِّش,يلوش
lawwash,لَوَّش,لوش
laash,لَاش,لاش
laayis,لَايِص,لايص
bit7uus wubitluus,بِتْحوص وبِتْلوص,بتحوص وبتلوص
ylawwis,لوِّص,لوص
luus,لُوص,لوص
laawis,لَاوِص,لاوص
laas,يلوِّص,يلوص
yluus,يلُوص,يلوص
ylaawis,يلَاوِص,يلاوص
lawwis,لوِّص,لوص
laas,لَاص,لاص
laawas,لَاوَص,لاوص
laayit,لَايِط,لايط
laata,لَاطَة,لاطة
luut,لُوط,لوط
lawwit,لَوِّط,لوط
yluut,يلُوط,يلوط
ylawwit,يلَوِّط,يلوط
lawwat,لَوَّط,لوط
2itlawwat,اِتْلَوَّط,اتلوط
yitlawwat,يِتْلَوَّط,يتلوط
tlawwat,تْلَوَّط,تلوط
laat,لَاط,لاط
loo3a,لَوعَة,لوعة
2itlawwa3,اِتْلَوَّع,اتلوع
yitlawwa3,يِتْلَوَّع,يتلوع
tlawwa3,تْلَوَّع,تلوع
lawwi3,لَوِّع,لوع
ylawwi3,يلَوِّع,يلوع
lawwa3,لَوَّع,لوع
laayif,لَايِف,لايف
luuf,لُوف,لوف
luuf,لُوف,لوف
yluuf,يلُوف,يلوف
laaf,لَاف,لاف
looqa,لَوقَا,لوقا
lawwaaq,لَوَّاق,لواق
2ilwaq,اِلْوَق,الوق
luuq,لُوق,لوق
lawwiq,لَوِّق,لوق
2ilwiq,اِلْوِق,الوق
2itlawwaq,اِتْلَوَّق,اتلوق
laawiq,لَاوِق,لاوق
luuq,لُوق,لوق
yilwiq,يِلْوِق,يلوق
2iltiwiq,اِلْتِوِق,التوق
yiltiwiq,يِلْتِوِق,يلتوق
ylawwiq,يلَوِّق,يلوق
yitlawwaq,يِتْلَوَّق,يتلوق
ylaawiq,يلَاوِق,يلاوق
yluuq,يلُوق,يلوق
lawaq,لَوَق,لوق
2iltawaq,اِلْتَوَق,التوق
lawwaq,لَوَّق,لوق
tlawwaq,تْلَوَّق,تلوق
laawaq,لَاوَق,لاوق
laaq,لَاق,لاق
luukg,لُوك,لوك
yluukg,يلُوك,يلوك
laakg,لَاك,لاك
lawlabi,لَولَبِي,لولبي
mloolib,مْلَولِب,ملولب
lawlab,لَولَب,لولب
2itloolab,اِتْلَولَب,اتلولب
yitloolab,يِتْلَولَب,يتلولب
tloolab,تْلَولَب,تلولب
loolib,لَولِب,لولب
yloolib,يلَولِب,يلولب
loolab,لَولَب,لولب
loolasa,لَولَصَة,لولصة
mloolis,مْلَولِص,ملولص
loolis,لَولِص,لولص
yloolis,يلَولِص,يلولص
loolas,لَولَص,لولص
malaam,مَلَام,ملام
loom,لَوم,لوم
luum,لُوم,لوم
yluum,يلُوم,يلوم
laam,لَام,لام
mlawwan,مْلوَّن,ملون
loon,لَون,لون
2alwaan,أَلْوَان,ألوان
lawwin,لَوِّن,لون
2itlawwan,اِتْلَوَّن,اتلون
ylawwin,يلَوِّن,يلون
yitlawwan,يِتْلَوَّن,يتلون
lawwan,لَوَّن,لون
tlawwan,تْلَوَّن,تلون
laawi,لَاوي,لاوي
2iltiwaa2,اِلْتِوَاء,التواء
laawi buuzo,لَاوي بوزه,لاوي بوزه
lawa buuzo,لَوى بوزُه,لوى بوزه
2inliwi,اِنْلِوِى,انلوى
yinliwi,يِنْلِوِى,ينلوى
2inlawa,اِنْلَوَى,انلوى
2ilwi,اِلْوِي,الوي
2itlawwa,اِتْلَوَّى,اتلوى
yilwi,يِلْوِي,يلوي
2iltiwi,اِلْتِوِي,التوي
yiltiwi,يِلْتِوِي,يلتوي
yitlawwa,يِتْلَوَّى,يتلوى
lawa,لَوَى,لوى
2iltawa,اِلْتَوَى,التوى
tlawwa,تْلَوَّى,تلوى
qalbi min 2il7aamid laawi,قلبي من الحَامِض لَاوِي,قلبي من الحامض لاوي
lii7,لِيح,ليح
ylii7,يلِيح,يليح
laa7,لَاح,لاح
laayikh,لَايِخ,لايخ
ladd,لَادّ,لاد
talyiis,تَلْيِيس,تلييس
2itlayyas,اِتْلَيَّس,اتليس
yitlayyas,يِتْلَيَّس,يتليس
tlayyas,تْلَيَّس,تليس
layyis,ليِّس,ليس
ylayyis,يليِّس,يليس
layyas,لَيَّس,ليس
mlayyas,مْلَيَّس,مليس
laysa,لَيْسَ,ليس
leesta,لَيسْتَه,ليسته
laweesh,لَوَيش,لويش
leesh,لَيش,ليش
3aleesh,عَلَيش,عليش
laleesh,لَلَيش,لليش
leesh,لَيش,ليش
laweesh,لَوَيش,لويش
mlayyis,مْلَيِّص,مليص
laasa,لَاصَة,لاصة
lasa,لَاصَة,لاصة
2itlayyas,اِتْلَيَّص,اتليص
yitlayyas,يِتْلَيَّص,يتليص
tlayyas,تْلَيَّص,تليص
layyis,لَيِّص,ليص
ylayyis,يلَيِّص,يليص
layyas,لَيَّص,ليص
liife,لِيفِة,ليفة
liyaf,لِيَف,ليف
2itlayyaf,اِتْلَيَّف,اتليف
yitlayyaf,يِتْلَيَّف,يتليف
tlayyaf,تْلَيَّف,تليف
layyif,لَيِّف,ليف
ylayyif,يلَيِّف,يليف
layyaf,لَيَّف,ليف
laayiq,لَايِق,لايق
yliiq,يلِيق,يليق
laaq,لَاق,لاق
leele,لَيلِة,ليلة
leel,لَيل,ليل
billeel,بِالَّليل,بالليل
layaali,لَيَالِي,ليالي
nsaas 2illayaali,نْصَاص اللَّيَالِي,نصاص الليالي
layyil,لَيِّل,ليل
ylayyil,يلَيِّل,يليل
layyal,لَيَّل,ليل
mleelikh,مْلَيلِخ,مليلخ
leelikh,لَيلِخ,ليلخ
yleelikh,يْلَيلِخ,يليلخ
leelakh,لَيلَخ,ليلخ
leelaki,لَيلَكِي,ليلكي
leelak,لَيلَك,ليلك
laymuuni,لَيْمُونِي,ليموني
laymuun,لَيْمُون,ليمون
laymuun 2abu sfeer,لَيْمُون أَبُو صْفِير,ليمون أبو صفير
layyin,لَيِّن,لين
liyuune,لِيُونِة,ليونة
liin,لِين,لين
liin,لِين,لين
layyin,لَيِّن,لين
yliin,يلين,يلين
ylayyin,يلَيِّن,يلين
laan,لَان,لان
layyan,لَيَّن,لين
liiwaan,لِيوَان,ليوان
liyye,لِيِّة,لية
maa,مَا,ما
maa,مَا,ما
maa,مَا,ما
maalo,مَالُه,ماله
maa,مَا,ما
yaama,يَا مَا,يا ما
matrik,مَاتْرِك,ماترك
maasuura,مَاسُورَة,ماسورة
mawaasirji,مَوَاسِرْجِي,مواسرجي
mawaasirjiyye,مَوَاسِرْجِيِّة,مواسرجية
mawaasiir,موَاسِير,مواسير
mitil 2ilmaasuura,مثل المَاسورة,مثل الماسورة
maasha,مَاشَا,ماشا
mutt,مُتّ,مت
ymutt,يمُتّ,يمت
matt,مَتّ,مت
mitir,مِتِر,متر
2amtaar,أَمْتَار,أمتار
maatoor,مَاتَور,ماتور
2itmattar,اِتْمَتَّر,اتمتر
yitmattar,يِتْمَتَّر,يتمتر
tmattar,تْمَتَّر,تمتر
mattir,مَتِّر,متر
ymattir,يمَتِّر,يمتر
mattar,مَتَّر,متر
mut3a,مُتْعَة,متعة
2amti3a,أَمْتِعَة,أمتعة
2istimtaa3,اِسْتِمْتَاع,استمتاع
mataa3,مَتَاع,متاع
matti3,مَتِّع,متع
2itmatta3,اِتْمَتَّع,اتمتع
2istamti3,اِسْتَمْتِع,استمتع
ymatti3,يمَتِّع,يمتع
yitmatta3,يِتْمَتَّع,يتمتع
yistamti3,يِسْتَمْتِع,يستمتع
matta3,مَتَّع,متع
tmatta3,تْمَتَّع,تمتع
2istamta3,اِسْتَمْتَع,استمتع
tmittiqk2,تْمِتِّق,تمتق
tmittiqk2,تْمَتِّق,تمتق
2itmattaqk2,اِتْمَتَّق,اتمتق
yitmattaqk2,يِتْمَتَّق,يتمتق
tmattaqk2,تْمَتَّق,تمتق
matle,مَتْلِة,متلة
matliik,مَتْلِيك,متليك
matiin,مَتِين,متين
mataane,مَتَانِة,متانة
mutun,مُتْن,متن
mattin,مَتِّن,متن
2imtan,اِمْتَن,امتن
yimtan,يِمْتَن,يمتن
ymattin,يمَتِّن,يمتن
mitin,مِتِن,متن
mattan,مَتَّن,متن
mata,مَتَى,متى
2eemta,أَيمْتَا,أيمتا
2eemat,أَيمَت,أيمت
mata,مَتَى,متى
misil,مِثِل,مثل
masal,مَثَل,مثل
2amsaal,أَمْثَال,أمثال
tamsiil,تَمْثِيل,تمثيل
masiil,مَثِيل,مثيل
2amsile,أَمْثِلِة,أمثلة
misaal,مِثَال,مثال
maasil,مَاثِل,ماثل
ymaasil,يمَاثِل,يماثل
maasal,مَاثَل,ماثل
mumassil,مُمَثِّل,ممثل
tamaasiil,تَمَاثِيل,تماثيل
timsaal,تِمْثَال,تمثال
2itmassal,اِتْمَثَّل,اتمثل
yitmassal,يِتْمَثَّل,يتمثل
tmassal,تْمَثَّل,تمثل
massil,مَثِّل,مثل
ymassil,يمَثِّل,يمثل
massal,مَثَّل,مثل
madjdje,مَجِّة,مجة
midjdj,مِجّ,مج
ymidjdj,يمِجّ,يمج
madjdj,مَجّ,مج
tamjiid,تَمْجِيد,تمجيد
majid,مَجِد,مجد
2amjaad,أَمْجَاد,أمجاد
2akhad maddo,أَخذ مَجْدُه,أخذ مجده
majjid,مَجِّد,مجد
ymajjid,يمَجِّد,يمجد
majjad,مَجَّد,مجد
maajistiir,مَاجِسْتِير,ماجستير
madjqa,مَجْقَة,مجقة
2imdjuq,اِمْجُق,امجق
2itmadjdjaq,اِتْمَجَّق,اتمجق
yimdjuq,يِمْجُق,يمجق
yitmadjdjaq,يِتْمَجَّق,يتمجق
madjaq,مَجَق,مجق
tmadjdjaq,تْمَجَّق,تمجق
m7aara,مْحَارَة,محارة
ma7aar,مَحَار,محار
ma77ir,مَحِّر,محر
yma77ir,يمَحِّر,يمحر
ma77ar,مَحَّر,محر
m7aqq22a,مْحَقَّة,محقة
2im7aq,اِمْحَق,امحق
2inmi7iq,اِنْمِحِق,انمحق
yim7aq,يِمْحَق,يمحق
yinmi7iq,يِنْمِحِق,ينمحق
ma7aq,مَحَق,محق
2inma7aq,اِنْمَحَق,انمحق
2immaa7ake,مْمَاحَكِة,مماحكة
maa7ik,مَاحِك,ماحك
2itma77ak,اِتْمَحَّك,اتمحك
ymaa7ik,يمَاحِك,يماحك
yitma77ak,يِتْمَحَّك,يتمحك
maa7ak,مَاحَك,ماحك
tma77ak,تْمَحَّك,تمحك
ma7il,مَحِل,محل
mam7uun,مَمْحُون,ممحون
mamaa7iin,مَمَاحِين,مماحين
mi7ne,مِحْنِة,محنة
mu7un,مُحُن,محن
2imti7aan,اِمْتِحَان,امتحان
mi7an,مِحَن,محن
2im7in,اِمْحِن,امحن
2imta7in,اِمْتَحِن,امتحن
2imti7in,اِمْتِحِن,امتحن
yim7in,يِمْحِن,يمحن
2inmi7in,اِنْمِحِن,انمحن
yinmi7in,يِنْمِحِن,ينمحن
yimta7in,يِمْتَحِن,يمتحن
yimti7in,يِمْتِحِن,يمتحن
ma7an,مَحَن,محن
2inma7an,اِنْمَحَن,انمحن
2imta7an,اِمْتَحَن,امتحن
ma77aaye,مَحَّايِة,محاية
ma7i,مَحِي,محي
ma7u,مَحُو,محو
ma7u 2ummiyye,مَحُو أُمِّيِّة,محو أمية
2im7i,اِمْحِي,امحي
yim7i,يِمْحِي,يمحي
2inmi7i,اِنْمِحِي,انمحي
yinmi7i,يِنْمِحِي,ينمحي
ma7a,مَحَى,محى
2inma7a,اِنْمَحَى,انمحى
ma77i,مَحِّي,محي
yma77ir,يمَحِّي,يمحي
ma77a,مَحَّى,محى
makhtara,مَخْتَرَة,مخترة
mukhtaar,مُخْتَار,مختار
makhaatiir,مَخَاتِير,مخاتير
makhtir,مَخْتِر,مختر
2itmakhtar,اِتْمَخْتَر,اتمختر
ymakhtir,يمَخْتِر,يمختر
yitmakhtar,يِتْمَخْتَر,يتمختر
makhtar,مَخْتَر,مختر
tmakhtar,تْمَخْتَر,تمختر
mukhkh,مُخّ,مخ
mkhaakh,مْخَاخ,مخاخ
mkhuukh,مْخُوخ,مخوخ
mukhkho khuzuq,مُخُّه خُزُق,مخه خزق
kabbar mukhkho,كَبَّر مُخُّه,كبر مخه
mukhkho kbiir,مُخُّه كْبِير,مخه كبير
mukhkho byuuzin balad,مُخُّه بِيُوزِن بَلَد,مخه بيوزن بلد
mukhkho qundara,مُخُّه قُنْدَرَه,مخه قندره
mukhkho zghiir,مُخُّه صْغِير,مخه صغير
mukhkho ndiif,مُخُّه نْظِيف,مخه نظيف
mukhkho msaddi,مُخُّه مْصَدِّي,مخه مصدي
zaghghar mukhkho,صَغَّر مُخُّه,صغر مخه
7aatit mukhkho min mukhkh,حَاطِط مُخُّه مِن مُخّ,حاطط مخه من مخ
makhuur,مَاخوُر,ماخور
mawaakhiir,مَوَاخِير,مواخير
makhshiir,مَخْشِير,مخشير
makhiid,مَخِيض,مخيض
laban makhiid,لَبَن مَخِيض,لبن مخيض
makhaad,مَخَاض,مخاض
tamkhiit,تَمْخِيط,تمخيط
makhkhit,مَخِّط,مخط
ymakhkhit,يمَخِّط,يمخط
makhkhat,مَخَّط,مخط
makhmikh,مَخْمِخ,مخمخ
ymakhmikh,يمَخْمِخ,يمخمخ
makhmakh,مَخْمَخ,مخمخ
makhiij,مَخِيج,مخيج
makhaayij,مَخَايِج,مخايج
mid7aa,مِدْحَا,مدحا
mid7aa,مِدْحَاة,مدحاة
madi7,مَدِح,مدح
middaa7i,مِدَّاحِي,مداحي
siddaa7i middaa7i,سدَاحي مِدَّاحِي,سداحي مداحي
2imda7,اِمْدَح,امدح
maddi7,مَدِّح,مدح
yimda7,يِمْدَح,يمدح
ymaddi7,يمَدِّح,يمدح
mada7,مَدَح,مدح
madda7,مَدَّح,مدح
mumtadd,مُمْتَدّ,ممتد
maaddi,مَادِّي,مادي
maadid,مَادِد,مادد
mitmaddid,مِتْمَدِّد,متمدد
maadde,مَادِّة,مادة
mudde,مُدِّة,مدة
madd,مَدّ,مد
mduud,مْدُود,مدود
madd,مَدّ,مد
madad,مَدَد,مدد
2imdaad,اِمْدَاد,امداد
mawaad,مَوَاد,مواد
2amiddilli,أَمِدِّ لِي,أمد لي
maadid buuzo,مَادِد بوزُه,مادد بوزه
2inmadd,اِنْمَدّ,انمد
yinmadd,يِنْمَدّ,ينمد
2inmadd,اِنْمَدّ,انمد
midd,مِدّ,مد
maddid,مَدِّد,مدد
madiid,مَدِيد,مديد
midd,مِدّ,مد
2istamidd,اِسْتَمِدّ,استمد
ymidd,يمِدّ,يمد
ymaddid,يمَدِّد,يمدد
2itmaddad,اِتْمَدَّد,اتمدد
2imtadd,اِمْتَدّ,امتد
yitmaddad,يِتْمَدَّد,يتمدد
yimtadd,يِمْتَدّ,يمتد
ymidd,يمِدّ,يمد
yistamidd,يِسْتَمِدّ,يستمد
madd,مَدّ,مد
maddad,مَدَّد,مدد
tmaddad,تْمَدَّد,تمدد
2imtadd,اِمْتَدّ,امتد
2amadd,أَمَدّ,أمد
2istamadd,اِسْتَمَدّ,استمد
midaalye,مِيدَالْيِة,ميدالية
midaaliyye,مِيدَالِيِّة,ميدالية
mdaam,مَدَام,مدام
madani,مَدَنِي,مدني
madiine,مَدِينِة,مدينة
madiine,مَدِينِة,مدينة
mudun,مُدُن,مدن
maddin,مَدِّن,مدن
2itmaddan,اِتْمَدَّن,اتمدن
ymaddin,يمَدِّن,يمدن
yitmaddan,يِتْمَدَّن,يتمدن
maddan,مَدَّن,مدن
tmaddan,تْمَدَّن,تمدن
tamaadi,تَمَادِي,تمادي
mada,مَدَى,مدى
2itmaada,اِتْمَادَى,اتمادى
yitmaada,يِتْمَادَى,يتمادى
tmaada,تْمَادَى,تمادى
2immadhdhir,مْمَذِّر,ممذر
2immadhdhir,مْمَذِّر,ممذر
madhdhaagha,مَذَّاغَة,مذاغة
2imra2a,اِمْرَأَة,امرأة
mara,مَرَة,مرة
shabb 2iqsha3iini yaa mara,شَبّ اِقْشَعِينِي يَا مَرَة,شب اقشعيني يا مرة
2imra2a,اِمْرَأَة,امرأة
maraatii,مَرَاتِي,مراتي
murtabaan,مُرْتَبَان,مرتبان
martiine,مَرْتِينِة,مرتينة
martadilla,مَرْتَدَيلَّا,مرتديلا
marj,مَرْج,مرج
marij,مَرِج,مرج
tamriij,تَمْرِيج,تمريج
mruuj,مْرُوج,مروج
mruuje,مْرُوجِة,مروجة
bukra biduub 2ittalj wubibaan 2ilmarj,بكرة بيذوب الثلج وبيبَان المرج,بكرة بيذوب الثلج وبيبان المرج
2umruj,اُمْرُج,امرج
marrij,مَرِّج,مرج
yumruj,يُمْرُج,يمرج
ymarrij,يمَرِّج,يمرج
maraj,مَرَج,مرج
marraj,مَرَّج,مرج
miri7,مِرِح,مرح
mara7,مَرَح,مرح
mraa7,مْرَاح,مراح
mari7,مَرِح,مرح
2imra7,اِمْرَح,امرح
2imra7,اِمْرَح,امرح
yimra7,يِمْرَح,يمرح
yimra7,يِمْرَح,يمرح
miri7,مِرِح,مرح
mara7,مَرَح,مرح
mitmarrid,مِتْمَرِّد,متمرد
tamarrud,تَمَرُّد,تمرد
2itmarrad,اِتْمَرَّد,اتمرد
yitmarrad,يِتْمَرَّد,يتمرد
tmarrad,تْمَرَّد,تمرد
mardi7,مَرْدِح,مردح
ymardi7,يمَرْدِح,يمردح
marda7,مَرْدَح,مردح
mirdaa7i,مِرْدَاحِي,مرداحي
sirdaa7i mirdaa7i,سردَاحي مِرْدَاحِي,سرداحي مرداحي
marda7a,مَرْدَحَة,مردحة
tmirdi7,تْمِرْدِح,تمردح
2immardigh,مْمَرْدِغ,ممردغ
mardagha,مَرْدَغَة,مردغة
mardigh,مَرْدِغ,مردغ
2itmardagh,اِتْمَرْدَغ,اتمردغ
ymardigh,يمَرْدِغ,يمردغ
yitmardagh,يِتْمَرْدَغ,يتمردغ
mardagh,مَرْدَغ,مردغ
tmardagh,تْمَرْدَغ,تمردغ
mardif,مَرْدِف,مردف
ymardif,يمَرْدِف,يمردف
mardaf,مَرْدَف,مردف
mariir,مَرِير,مرير
murr,مُرّ,مر
mustamirr,مُسْتَمِرّ,مستمر
marra,مَرَّة,مرة
2imraar,إِمْرَار,إمرار
maraara,مَرَارَة,مرارة
mamar,مَمَر,ممر
muruur,مُرُور,مرور
maraar,مَرَار,مرار
tamriir,تَمْرِير,تمرير
2istimraar,اِسْتِمْرَار,استمرار
muruur 2ilkiraam,مُرُور الكِرَام,مرور الكرام
2ishaarit muruur,اِشَارِة مُرُور,اشارة مرور
faqa3 maraarti,فقع مرَارتي,فقع مرارتي
2i7zar 3aduuwak marra wsa7bak miit marra,اِحذر عدوك مَرَّة وصَاحبك مية مرة,احذر عدوك مرة وصاحبك مية مرة
2itmarrar,اِتْمَرَّر,اتمرر
yitmarrar,يِتْمَرَّر,يتمرر
tmarrar,تْمَرَّر,تمرر
murr,مُرّ,مر
marrir,مَرِّر,مرر
2istimirr,اِسْتِمِرّ,استمر
marrir,مَرِّر,مرر
ymurr,يمُرّ,يمر
ymarrir,يْمَرِّر,يمرر
ymarrir,يْمَرِّر,يمرر
yistimirr,يِسْتِمِرّ,يستمر
marr,مَرّ,مر
marrar,مَرَّر,مرر
marrar,مَرَّر,مرر
2istamarr,اِسْتَمَرّ,استمر
mutamirris,مُتَمَرِّس,متمرس
mamruus,مَمْرُوس,ممروس
marase,مَرَسِة,مرسة
mumaarase,مُمَارَسِة,ممارسة
maras,مَرَس,مرس
maris,مَرِس,مرس
2amraas,أَمْرَاس,أمراس
maalak 2ibturkud wub2iidak maras qaal nsiib nsiibna shaariilo faras,مَالك بتركض وبَايدك مرس قَال نسيب نسيبنَا شَاريله فرس,مالك بتركض وبايدك مرس قال نسيب نسيبنا شاريله فرس
2inmiris,اِنْمِرِس,انمرس
yinmiris,يِنْمِرِس,ينمرس
2inmaras,اِنْمَرَس,انمرس
2umrus,اِمْرُس,امرس
maaris,مَارِس,مارس
2itmaaras,اِتْمَرَّس,اتمرس
yumrus,يُمْرُس,يمرس
ymaaris,يمَارِس,يمارس
yitmaaras,يِتْمَرَّس,يتمرس
maras,مَرَس,مرس
maaras,مَارَس,مارس
tmaarras,تْمَرَّس,تمرس
marish,مَرِش,مرش
2inmirish,اِنْمِرِش,انمرش
yinmirish,يِنْمِرِش,ينمرش
2inmarash,اِنْمَرَش,انمرش
2umrush,اُمْرُش,امرش
yumrush,يُمْرُش,يمرش
marash,مَرَش,مرش
marsha7a,مَرْشَحَة,مرشحة
miit marsha7a,مية مرشحة,مية مرشحة
mamruus,مَمْرُوص,ممروص
maris,مَرِص,مرص
2umrus,اُمْرُص,امرص
yumrus,يُمْرُص,يمرص
maras,مَرَص,مرص
marris,مَرِّص,مرص
ymarris,يمَرِّص,يمرص
marras,مَرَّص,مرص
2inmiris,اِنْمِرِص,انمرص
yinmiris,يِنْمِرِص,ينمرص
2inmaras,اِنْمَرَص,انمرص
mariid,مَرِيض,مريض
mraad,مْرَاض,مراض
marda,مَرْضَى,مرضى
marad,مَرَض,مرض
mumarrid,مُمَرِّض,ممرض
tamriid,تَمْرِيض,تمريض
2amraad,أَمْرَاض,أمراض
2ilmarad 2ilghariib,المَرَض الغريب,المرض الغريب
hadaak 2ilmarad,هَدَاك المَرِض,هداك المرض
2imrad,اِمْرَض,امرض
marrid,مَرِّض,مرض
2istamrid,اِسْتَمْرِض,استمرض
2itmaarad,اِتْمَارَض,اتمارض
2itmarrad,اِتْمَرَّض,اتمرض
yimrad,يِمْرَض,يمرض
ymarrid,يمَرِّض,يمرض
yistamrid,يِسْتَمْرِض,يستمرض
yitmaarad,يِتْمَارَض,يتمارض
yitmarrad,يِتْمَرَّض,يتمرض
mirid,مِرِض,مرض
marrad,مَرَّض,مرض
2istamrad,اِسْتَمْرَض,استمرض
tmaarad,تْمَارَض,تمارض
tmarrad,تْمَرَّض,تمرض
murtabaan,مُرْطَبَان,مرطبان
2imra3,اِمْرَع,امرع
yimra3,يِمْرَع,يمرع
2inmiri3,اِنْمِرِع,انمرع
yinmiri3,يِنْمِرِع,ينمرع
mara3,مَرَع,مرع
2inmara3,اِنْمَرَع,انمرع
marraghghat sharafhum bitraab,مَرَّغت شرفهم بَالترَاب,مرغت شرفهم بالتراب
marrigh,مَرِّغ,مرغ
ymarrigh,يمَرِّغ,يمرغ
marragh,مَرَّغ,مرغ
miriq,مِرْق,مرق
2immooraqk,مْمَورَق,ممورق
maraqa,مَرَقَة,مرقة
mooraqka,مَورَقَة,مورقة
maraq,مَرْق,مرق
maraaq,مَرَاق,مراق
mimraq,مِمْرَق,ممرق
mamaariq,مَمَارِق,ممارق
maariq,مَارِق,مارق
2immarriq,مْمَرِّق,ممرق
2immooriqk,مْمَورِق,ممورق
marraaq 2ittariiq,مرَاق الطريق,مراق الطريق
3araqo maraqo,عرقه مرقه,عرقه مرقه
2itmarraq,اِتْمَرَّق,اتمرق
yitmarraq,يِتْمَرَّق,يتمرق
tmarraq,تْمَرَّق,تمرق
2umruq,اُمْرُق,امرق
marriq,مَرِّق,مرق
mooriqk,مَورِق,مورق
yumruq,يُمْرُق,يمرق
ymarriq,يمَرِّق,يمرق
ymooriqk,يمَورِق,يمورق
2itmooraqk,اِتْمَورَق,اتمورق
yitmooraqk,يِتْمَورَق,يتمورق
marraaq,مَرَّاق,مراق
maraq,مَرَق,مرق
marraq,مَرَّق,مرق
mooraqk,مَورَق,مورق
tmooraqk,تْمَورَق,تمورق
tmirqit,تْمِرْقِط,تمرقط
2itmarqat,اِتْمَرْقَط,اتمرقط
yitmarqat,يِتْمَرْقَط,يتمرقط
tmarqat,تْمَرْقَط,تمرقط
mirkaas,مِرْكَاس,مركاس
maraakiis,مَرَاكِيس,مراكيس
maramyye,مَرَمِيِّة,مرمية
marmara,مَرْمَرَة,مرمرة
marmarit 2il3iishe,مَرْمَرَة العيشة,مرمرة العيشة
2itmarmar,اِتْمَرْمَر,اتمرمر
yitmarmar,يِتْمَرْمَر,يتمرمر
tmarmar,تْمَرْمَر,تمرمر
marmir,مَرْمِر,مرمر
ymarmir,يمَرْمِر,يمرمر
marmar,مَرْمَر,مرمر
marmatoon,مَرْمَطَون,مرمطون
marmata,مَرْمَطَة,مرمطة
marmit,مَرْمِط,مرمط
2itmarmat,اِتْمَرْمَط,اتمرمط
ymarmit,يمَرْمِط,يمرمط
yitmarmat,يِتْمَرْمَط,يتمرمط
tmarmat,تْمَرْمَط,تمرمط
marmat,مَرْمَط,مرمط
marma3uun,مَرْمَعَون,مرمعون
2immarmagh,مْمَرْمَغ,ممرمغ
marmigh,مَرْمِغ,مرمغ
ymarmigh,يمَرْمِغ,يمرمغ
2itmarmagh,اِتْمَرْمَغ,اتمرمغ
yitmarmagh,يِتْمَرْمَغ,يتمرمغ
marmagh,مَرْمَغ,مرمغ
tmarmagh,تْمَرْمَغ,تمرمغ
marin,مَرِن,مرن
muruune,مُرُونِة,مرونة
tamriin,تَمْرِين,تمرين
tamaariin,تَمَارِين,تمارين
2itmarran,اِتْمَرَّن,اتمرن
marrin,مَرِّن,مرن
yitmarran,يِتْمَرَّن,يتمرن
ymarrin,يمَرِّن,يمرن
tmarran,تْمَرَّن,تمرن
marran,مَرَّن,مرن
murhaash,مُرْهَاش,مرهاش
mruuwe,مُرُوِّة,مروة
bitqiis mruwwitha bishshibir,بتقيس مْرُوِّتهَا بَالشبر,بتقيس مروتها بالشبر
qaliil mruwwe,قليل مُرُوِّة,قليل مروة
mamzuuj,مَمْزُوج,ممزوج
mazaaji,مَزَاجي,مزاجي
maziij,مَزَيج,مزيج
mazaaj,مَزَاج,مزاج
3amazaajo,عَمَزَاجُه,عمزاجه
2amzije,أَمْزِجِة,أمزجة
2imzij,اِمْزِج,امزج
yimzij,يِمْزِج,يمزج
2inmizij,اِنْمِزِج,انمزج
yinmizij,يِنْمِزِج,ينمزج
mazaj,مَزَج,مزج
2inmazaj,اِنْمَزَج,انمزج
mizgaan,مِزْجَان,مزجان
2imza7,اِمْزَح,امزح
yimza7,يِمْزَح,يمزح
mizi7,مِزِح,مزح
mazzii7,مَزِّيح,مزيح
mizi7,مِزِح,مزح
miz7a,مِزْحَة,مزحة
maazi7,مَازِح,مازح
mizdaagh,مِزْدَاغ,مزداغ
mazaadiigh,مَزَادِيغ,مزاديغ
mizz,مِزّ,مز
mizz,مِزّ,مز
ymizz,يمِزّ,يمز
mazz,مَزّ,مز
mazziz,مَزِّز,مزز
ymazziz,يمَزِّز,يمزز
mazzaz,مَزَّز,مزز
2umzut,اُمْزُط,امزط
yumzut,يُمْزُط,يمزط
mazat,مَزَط,مزط
maazi3,مَازِع,مازع
2immaza3,مْمَزَّع,ممزع
mamzuu3,مَمْزُوع,ممزوع
mazi3,مَزِع,مزع
mazi3,مَزِع,مزع
tamzii3,تَمْزِيع,تمزيع
maza3 yimza3ak,مَزَع يِمْزَعَك,مزع يمزعك
mal3aqa 2immaza3a,مِلعَقة مْمَزَّعَة,ملعقة ممزعة
2imza3,اِمْزَع,امزع
mazzi3,مَزِّع,مزع
2inmizi3,اِنْمِزِع,انمزع
yinmizi3,يِنْمِزِع,ينمزع
2inmaza3,اِنْمَزَع,انمزع
yimza3,يِمْزَع,يمزع
2itmazza3,اِتْمَزَّع,اتمزع
yitmazza3,يِتْمَزَّع,يتمزع
ymazzi3,يمَزِّع,يمزع
maza3,مَزَع,مزع
tmazza3,تْمَزَّع,تمزع
mazza3,مَزَّع,مزع
2itmazzaq,اِتْمَزَّق,اتمزق
mumazzaq,مُمَزَّق,ممزق
tamziiq,تَمْزِيق,تمزيق
mazziq,مَزِّق,مزق
ymazziq,يمَزِّق,يمزق
yitmazzaq,يِتْمَزَّق,يتمزق
mazzaq,مَزَّق,مزق
tmazzaq,تْمَزَّق,تمزق
mazleeq,مَزْلَيق,مزليق
mazmaze,مَزْمَزِة,مزمزة
2itmazmaz,اِتْمَزْمَز,اتمزمز
yitmazmaz,يِتْمَزْمَز,يتمزمز
tmazmaz,تْمَزْمَز,تمزمز
mazmiz,مَزْمِز,مزمز
ymazmiz,يمَزْمِز,يمزمز
mazmaz,مَزْمَز,مزمز
maastar,مَاسْتَر,ماستر
masij,مَسِج,مسج
masii7i,مَسِيحِي,مسيحي
massaa7a,مَسَّاحَة,مساحة
masi7,مَسِح,مسح
maasi7,مَاسِح,ماسح
mamsa7a,مَمْسَحَة,ممسحة
mis7aa,مِسْحَاة,مسحاة
mamaasi7,مَمَاسِح,مماسح
2inmisi7,اِنْمِسِح,انمسح
yinmisi7,يِنْمِسِح,ينمسح
2inmasa7,اِنْمَسَح,انمسح
2itmassa7,اِتْمَسَّح,اتمسح
yitmassa7,يِتْمَسَّح,يتمسح
tmassa7,تْمَسَّح,تمسح
mas7at bikaraamto 2il2ard,مَسَحَت بكرَامته الأرض,مسحت بكرامته الأرض
2imsa7ha bdaqni,اِمْسَحهَا بذِقني,امسحها بذقني
2imsa7,اِمْسَح,امسح
massi7,مَسِّح,مسح
yimsa7,يِمْسَح,يمسح
ymassi7,يمَسِّح,يمسح
masa7,مَسَح,مسح
massa7,مَسَّح,مسح
mamsuukh,مَمْسَوخ,ممسوخ
maasikh,مَاسِخ,ماسخ
mamaasiikh,مَمَاسِيخ,مماسيخ
maskh,مَسْخ,مسخ
2inmisikh,اِنْمِسِخ,انمسخ
yinmisikh,يِنْمِسِخ,ينمسخ
2inmasakh,اِنْمَسَخ,انمسخ
2imsakh,اِمْسَخ,امسخ
massikh,مَسِّخ,مسخ
yimsakh,يِمْسَخ,يمسخ
ymassikh,يمَسِّخ,يمسخ
masakh,مَسَخ,مسخ
massakh,مَسَّخ,مسخ
tamsiid,تَمْسِيد,تمسيد
2itmassad,اِتْمَسَّد,اتمسد
yitmassad,يِتْمَسَّد,يتمسد
tmassad,تْمَسَّد,تمسد
massid,مَسِّد,مسد
ymassid,يمَسِّد,يمسد
massad,مَسَّد,مسد
mawaasiir,مَوَاسِير,مواسير
moosarji,مَوسَرْجِي,موسرجي
massaas,مَسَّاس,مساس
maass,مَاسّ,ماس
mutamaasik,مُتَمَاسِك,متماسك
mutamassik,مُتَمَسِّك,متمسك
mistika,مِسْتِكَة,مستكة
massaake,مَسَّاكِة,مساكة
maske,مَسْكِة,مسكة
2imsaak,إِمْسَاك,إمساك
mamsak,مَمْسَك,ممسك
misk,مِسْك,مسك
mamaasik,مَمَاسِك,مماسك
2imsik 7aalak,اِمْسِك حَالك,امسك حالك
2imsik,اِمْسِك,امسك
2imsik,اِمْسِك,امسك
massik,مَسِّك,مسك
2itmaasak,اِتْمَاسَك,اتماسك
2itmassak,اِتْمَسَّك,اتمسك
yimsik,يِمْسِك,يمسك
yimsik,يِمْسِك,يمسك
2inmisik,اِنْمِسِك,انمسك
2inimsik,اِنِمْسِك,انمسك
yinmisik,يِنْمِسِك,ينمسك
yinimsik,يِنِمْسِك,ينمسك
ymassik,يمَسِّك,يمسك
yitmaasak,يِتْمَاسَك,يتماسك
yitmassak,يِتْمَسَّك,يتمسك
misik,مِسِك,مسك
masak,مَسَك,مسك
2inmasak,اِنْمَسَك,انمسك
massak,مَسَّك,مسك
tmaasak,تْمَاسَك,تماسك
tmassak,تْمَسَّك,تمسك
masalle,مَسَلِّة,مسلة
2illi fii masalle btinghazo,اللي فيه مَسَلِّة بتنغزُه,اللي فيه مسلة بتنغزه
maasiye,مَاسِيِة,ماسية
masa,مَسَا,مسا
2imsaabi7 2immaasi,مصَابح ممَاسي,مصابح مماسي
2alla ymassiik bilkheer,الله يمَسِّيك بَالخير,الله يمسيك بالخير
masa 2ilkheer,مَسَا الخير,مسا الخير
3asaa3it halmasa,عسَاعِة هَالمَسَا,عساعة هالمسا
2immaasi,مْمَاسِي,مماسي
massi,مَسِّي,مسي
2itmassa,اِتْمَسَّى,اتمسى
ymassi,يمَسِّي,يمسي
yitmassa,يِتْمَسَّى,يتمسى
massa,مَسَّى,مسى
tmassa,تْمَسَّى,تمسى
mish,مِش,مش
mush,مُش,مش
mashshaata,مَشَّاطَة,مشاطة
maashta,مَاشْطَة,ماشطة
mushut,مُشُط,مشط
misht,مِشْط,مشط
misht 2il2ard,مِشْط الأَرْض,مشط الأرض
mshaat,مْشَاط,مشاط
mshuut,مْشُوط,مشوط
mshuuta,مْشُوطَة,مشوطة
mshaat,مْشَاط,مشاط
tamshiit,تَمْشِيط,تمشيط
kharat mushti,خرَط مُشطِي,خرط مشطي
mushut 3adim,مُشُط عَظِم,مشط عظم
misht 2il2ijir,مِشْط الإِجِر,مشط الإجر
2itmashshat,اِتْمَشَّط,اتمشط
yitmashshat,يِتْمَشَّط,يتمشط
tmashshat,تْمَشَّط,تمشط
mashshit,مَشِّط,مشط
ymashshit,يمَشِّط,يمشط
mashshat,مَشَّط,مشط
meesha3,مَيشَع,ميشع
mishmishi,مِشْمِشِي,مشمشي
mishmishe,مِشْمِشِة,مشمشة
mishmishaaye,مِشْمِشَايِة,مشمشاية
mishmish,مِشْمِش,مشمش
bilmishmish,بَالمِشْمِش,بالمشمش
mashi,مَشِي,مشي
maashi,مَاشِي,ماشي
maashi,مَاشِي,ماشي
mashshaay,مَشَّاي,مشاي
maashi 3abeed,مَاشي عبيض,ماشي عبيض
2imshi,اِمْشِي,امشي
mashshi,مَشِّي,مشي
2itmashsha,اِتْمَشَّى,اتمشى
yimshi,يِمْشِي,يمشي
ymashshi,يمَشِّي,يمشي
yitmashsha,يِتْمَشَّى,يتمشى
mishi,مِشِي,مشي
mashsha,مَشَّى,مشى
tmashsha,تْمَشَّى,تمشى
2imshi,اِمْشِي,امشي
yimshi,يِمْشِي,يمشي
masha,مَشَى,مشى
masri,مَصْرِي,مصري
masaarwe,مَصَارْوِة,مصاروة
musraan,مُصْرَان,مصران
misriyyaat,مِصْرِيَّات,مصريات
masir,مَصِر,مصر
masaari,مَصَارِي,مصاري
bitraab 2ilmasaari,بترَاب المصَاري,بتراب المصاري
mamsuus,مَمْصُوص,ممصوص
massaasa,مَصَّاصَة,مصاصة
massaasa,مَصَّاصَة,مصاصة
mass,مَص,مص
massiis,مَصِّيص,مصيص
massat dammo,مصّت دمه,مصت دمه
muss,مُص,مص
ymuss,يمُص,يمص
mass,مَصّ,مص
2imtass,اِمْتَصّ,امتص
yimtass,يِمْتَصّ,يمتص
2imtass,اِمْتَصّ,امتص
mastariim,مَصْطَرِيم,مصطريم
mamsuu3,مَمْصُوع,ممصوع
2imsa3,اِمْصَع,امصع
yimsa3,يِمْصَع,يمصع
masa3,مَصَع,مصع
masil,مَصِل,مصل
misil,مِصِل,مصل
2amsaal,أَمْصَال,أمصال
msuule,مْصُولِة,مصولة
masmasa,مَصْمَصَة,مصمصة
bit7as7is wubitmasmis,بتحصحص وبتمصمص,بتحصحص وبتمصمص
masmis,مَصْمِص,مصمص
ymasmis,يمَصْمِص,يمصمص
masmas,مَصْمَص,مصمص
madigh,مَضِغ,مضغ
2umdugh,اُمْضُغ,امضغ
yumdugh,يُمْضُغ,يمضغ
madagh,مَضَغ,مضغ
madmada,مَضْمَضَة,مضمضة
2itmadmad,اِتْمَضْمَض,اتمضمض
yitmadmad,يِتْمَضْمَض,يتمضمض
tmadmad,تْمَضْمَض,تمضمض
2imdi,اِمْضِي,امضي
yimdi,يِمْضِي,يمضي
mada,مَضَى,مضى
maadi,مَاضِي,ماضي
timdaayit,تِمْضَايِة,تمضاية
maadi,مَاضِي,ماضي
maddi,مَضِّيي,مضيي
ymaddi,يمَضِّي,يمضي
madda,مَضَّى,مضى
matar,مَطَر,مطر
matara,مَطَرَة,مطرة
matara,مَطَرَة,مطرة
mataara,مَطَارَة,مطارة
2imtir,اِمْطِر,امطر
yimtir,يِمْطِر,يمطر
mattir,مَطِّر,مطر
ymattir,يمَطِّر,يمطر
2amtar,أَمْطَر,أمطر
mattar,مَطَّر,مطر
mattaati,مَطَّاطِي,مطاطي
matta,مَطَّة,مطة
mattaat,مَطَّاط,مطاط
2inmatt,اِنْمَطّ,انمط
yinmatt,يِنْمَطّ,ينمط
2inmatt,اِنْمَطّ,انمط
2itmattat,اِتْمَطَّط,اتمطط
yitmattat,يِتْمَطَّط,يتمطط
tmattat,تْمَطَّط,تمطط
mutt,مُطّ,مط
mattit,مَطِّط,مطط
ymutt,يمُطّ,يمط
ymattit,يمَطِّط,يمطط
matt,مَطّ,مط
mattat,مَطَّط,مطط
mumaatale,مُمَاطَلِة,مماطلة
maatil,مَاطِل,ماطل
ymaatil,يمَاطِل,يماطل
maatal,مَاطَل,ماطل
matmata,مَطْمَطَة,مطمطة
matmat,مَطْمَط,مطمط
matmit,مَطْمِط,مطمط
ymatmit,يمَطْمِط,يمطمط
matmat,مَطْمَط,مطمط
ma3,مَع,مع
mi3de,مِعْدِة,معدة
biglib 2ilmi3de,بقلب المعدة,بقلب المعدة
ma3deer,مَعَدَير,معدير
mam3uus,مَمْعُوس,ممعوس
2inmi3is,اِنْمِعِس,انمعس
yinmi3is,يِنْمِعِس,ينمعس
2inma3as,اِنْمَعَس,انمعس
2im3as,اِمْعَس,امعس
yim3as,يِمْعَس,يمعس
ma3as,مَعَس,معس
mam3uus,مَمْعُوص,ممعوص
2inmi3is,اِنْمِعِص,انمعص
yinmi3is,يِنْمِعِص,ينمعص
2inma3as,اِنْمَعَص,انمعص
2im3as,اِمْعَص,امعص
yim3as,يِمْعَص,يمعص
ma3as,مَعَص,معص
mam3uut,مَمْعُوط,ممعوط
ma33aata,مَعَّاطَة,معاطة
maa dall bilkhumm 2illaa mam3uut 2iddanab,مَا ضل بَالخم إِلَا مَمْعُوط الذنب,ما ضل بالخم إلا ممعوط الذنب
2itma33at,اِتْمَعَّط,اتمعط
yitma33at,يِتْمَعَّط,يتمعط
tma33at,تْمَعَّط,تمعط
2inmi3it,اِنْمِعِط,انمعط
yinmi3it,يِنْمِعِط,ينمعط
2inma3at,اِنْمَعَط,انمعط
2im3at,اِمْعَط,امعط
ma33it,مَعِّط,معط
yim3at,يِمْعَط,يمعط
yma33it,يمَعِّط,يمعط
ma3at,مَعَط,معط
ma33at,مَعَّط,معط
m3ayye,مْعَيِّة,معية
ma33aakke,مَعَّاكِة,معاكة
ma3ik,مَعِك,معك
2itma33ak,اِتْمَعَّك,اتمعك
yitma33ak,يِتْمَعَّك,يتمعك
tma33ak,تْمَعَّك,تمعك
ma33ik,مَعِّك,معك
yma33ik,يمَعِّك,يمعك
ma33ak,مَعَّك,معك
2inmi3ik,اِنْمِعِك,انمعك
yinmi3ik,يِنْمِعِك,ينمعك
2inma3ak,اِنْمَعَك,انمعك
2im3ak,اِمْعَك,امعك
yim3ak,يِمْعَك,يمعك
ma3ak,مَعَك,معك
2itma33an,اِتْمَعَّن,اتمعن
yitma33an,يِتْمَعَّن,يتمعن
tma33an,تْمَعَّن,تمعن
tama33un,تَمَعُّن,تمعن
maa3uun,مَاعُون,ماعون
mawaa3iin,مَوَاعِين,مواعين
mawaa3iin,مَوَاعِين,مواعين
ma33i,مَعِّي,معي
maa3i,مَاعِي,ماعي
yma33i,يمَعِّي,يمعي
ymaa3i,يمَاعِي,يماعي
ma33a,مَعَّى,معى
maa3a,مَاعَى,ماعى
maghdje,مَغْجِة,مغجة
2itmaghghadj,اِتْمَغَّج,اتمغج
yitmaghghadj,يِتْمَغَّج,يتمغج
tmaghghadj,تْمَغَّج,تمغج
maghghidj,مَغِّج,مغج
ymaghghidj,يمَغِّج,يمغج
maghghadj,مَغَّج,مغج
2inmighidj,اِنْمِغِج,انمغج
yinmighidj,يِنْمِغِج,ينمغج
2inmaghadj,اِنْمَغَج,انمغج
2imghadj,اِمْغَج,امغج
yimghadj,يِمْغَج,يمغج
maghadj,مَغَج,مغج
maghra,مَغْرَة,مغرة
mamghuus,مَمْغُوص,ممغوص
mamaaghiis,مَمَاغِيص,مماغيص
maghis,مَغِص,مغص
2imghas,اِمْغَص,امغص
yimghas,يِمْغَص,يمغص
2inmighis,اِنْمِغِص,انمغص
2inimghis,اِنِمْغِص,انمغص
yinmighis,يِنْمِغِص,ينمغص
yinimghis,يِنِمْغِص,ينمغص
maghas,مَغَص,مغص
2inmaghas,اِنْمَغَص,انمغص
2immaghghit,اِمَّغِّط,امغط
mugheet,مُغَّيط,مغيط
maghghit,مَغِّط,مغط
ymaghghit,يمَغِّط,يمغط
2itmaghghat,اِتْمَغَّط,اتمغط
yitmaghghat,يِتْمَغَّط,يتمغط
maghghat,مَغَّط,مغط
tmaghghat,تْمَغَّط,تمغط
maqit,مَقِت,مقت
2umqut,اُمْقُت,امقت
2imqut,اِمْقُت,امقت
yumqut,يُمْقُت,يمقت
yimqut,يِمْقُت,يمقت
maqat,مَقَت,مقت
miqkthaa,مِقْثَاة,مقثاة
maqkaathi,مَقَاثِي,مقاثي
maqkir,مَقِر,مقر
2imqkuur,مْقُور,مقور
2imqkuure,مْقُورِة,مقورة
ma2late,مَقْلَتِة,مقلتة
2itma2lat,اِتْمَقْلَت,اتمقلت
yitma2lat,يِتْمَقْلَت,يتمقلت
tma2lat,تْمَقْلَت,تمقلت
ma2lase,مَقْلَسِة,مقلسة
tmi2lis,تْمِقْلِس,تمقلس
2itma2las,اِتْمَقْلَس,اتمقلس
yitma2las,يِتْمَقْلَس,يتمقلس
tma2las,تْمَقْلَس,تمقلس
miktha,مِكْثَا,مكثا
mukuuth,مُكُوث,مكوث
2aakhiril miktha,آخر المكثَا,آخر المكثا
2umkuth,اُمْكُث,امكث
yumkuth,يُمْكُث,يمكث
makath,مَكَث,مكث
makkaar,مَكَّار,مكار
makir,مَكِر,مكر
2umkur,اُمْكُر,امكر
yumkur,يُمْكُر,يمكر
makar,مَكَر,مكر
makke,مَكِّة,مكة
makkaake,مَكَّاكِة,مكاكة
makana,مَكَنِة,مكنة
maakina,مَاكِنَة,ماكنة
mumkin,مُمْكِن,ممكن
maakin,مَاكِن,ماكن
maakin,مَاكِن,ماكن
2imkaaniyye,إِمْكَانِيِّة,إمكانية
makiine,مَكِينِة,مكينة
tamkiin,تَمْكِين,تمكين
tamakkun,تَمَكُّن,تمكن
makaan,مَكَان,مكان
2amkine,أَمْكِنِة,أمكنة
makaayin,مَكَايِن,مكاين
makiinit 2ishsharaayit,مَكِينِة الشَّرَايِط,مكينة الشرايط
byitmaskan layitmakkan,بِيتْمَسْكَن ليِتْمَكَّن,بيتمسكن ليتمكن
makkin,مَكِّن,مكن
2itmakkan,اِتْمَكَّن,اتمكن
2imkin,اِمْكِن,امكن
yumkin,يُمْكِن,يمكن
yimkin,يِمْكِن,يمكن
ymakkin,يمَكِّن,يمكن
yitmakkan,يِتْمَكَّن,يتمكن
2amkan,أَمْكَن,أمكن
makkan,مَكَّن,مكن
tmakkan,تْمَكَّن,تمكن
mikaaniiki,مِيكَانِيكِي,ميكانيكي
malyaan,مَلْيَان,مليان
2immalla,مْمَّلَّى,مملى
yimli 3een,يِمْلِي عين,يملي عين
qalbi malyaan 3alee,قلبي مَلْيَان عليه,قلبي مليان عليه
3eeno malyaane,عينه مَلْيَانِة,عينه مليانة
2imli,اِمْلِي,املي
malli,مَلِّي,ملي
yimli,يِمْلِي,يملي
ymalli,يمَلِّي,يملي
2imtili,اِمْتِلِي,امتلي
yimtili,يِمْتِلِي,يمتلي
mala,مَلَا,ملا
2imla,اِمْلَا,املا
yimla,يِمْلَا,يملا
mala,مَلَا,ملا
malla,مَلَّى,ملى
2imtala,اِمْتَلَا,امتلا
2itmalla,اِتْمَلَّى,اتملى
yitmalla,يِتْمَلَّى,يتملى
tmalla,تْمَلَّى,تملى
maltiit,مَلْتِيت,ملتيت
maalidj,مَالِج,مالج
mawaalidj,موَالِج,موالج
2umludj,اُمْلُج,املج
yumludj,يُمْلُج,يملج
maladj,مَلَج,ملج
mlii7,مْلِيح,مليح
malii7,مَلِيح,مليح
2immala7,مْمَلَّح,مملح
mlii7,مْلِيح,مليح
mlaa7,مْلَاح,ملاح
maali7,مَالِح,مالح
mistamli7,مِسْتَمْلِح,مستملح
mil7a,مِلْحَة,ملحة
2immaala7a,مْمَالَحَة,ممالحة
mal7a,مَلْحَة,ملحة
2immalla7,مْمَلَّح,مملح
2immalla7,مْمَلَّح,مملح
malluu7,مَلُّوح,ملوح
mamluu7,مَمْلُوح,مملوح
mili7,مِلِح,ملح
mulu7,مُلُح,ملح
mil7a 2ittuqqo,مِلْحَة تطُقُّه,ملحة تطقه
7atteet mili7 3aljuru7 wusakatit,حطيت مِلِح عَالجرح وسكتت,حطيت ملح عالجرح وسكتت
yaa raayi7 kattir malaayi7,يَا رَايح كثر ملَايح,يا رايح كثر ملايح
khubz wumili7,خبز ومِلِح,خبز وملح
2ilmili7 maa 2atmar fii,المِلِح مَا أثمر فيه,الملح ما أثمر فيه
mil7a 3arukibto,مِلْحَة عركبته,ملحة عركبته
3eeno mish 2immalla7a,عَينُه مِش مْمَلَّحَة,عينه مش مملحة
2irbut 2isba3ak mlii7 laa bidmi wala biqii7,إِرْبُط إِصْبَعَك مْلِيح لَا بْيِدْمِي ولَا بِيقِيح,إربط إصبعك مليح لا بيدمي ولا بيقيح
2itmalla7,اِتْمَلَّح,اتملح
yitmalla7,يِتْمَلَّح,يتملح
tmalla7,تْمَلَّح,تملح
malli7,مَلِّح,ملح
2itmaala7,اِتْمَالَح,اتمالح
ymalli7,يمَلِّح,يملح
yitmaala7,يِتْمَالَح,يتمالح
2istamli7,اِسْتَمْلِح,استملح
yistamli7,يِسْتَمْلِح,يستملح
tmaala7,تْمَالَح,تمالح
malla7,مَلَّح,ملح
2istamla7,اِسْتَمْلَح,استملح
mluukhiyye,مْلُوخِيِّة,ملوخية
2imlakh,اِمْلَخ,املخ
yimlakh,يِمْلَخ,يملخ
malakh,مَلَخ,ملخ
mildimsi,مِلْدِمْسِي,ملدمسي
2amlas,أَمْلَس,أملس
milis,مِلِس,ملس
milis,مِلِس,ملس
2imlas,إِمْلَس,إملس
millaas,مِلَاَّس,ملاس
tmallas,تْمَلَّس,تملس
mallis,مَلِّس,ملس
yitmallas,يِتْمَلَّس,يتملس
ymallis,يمَلِّس,يملس
tmallas,تْمَلَّس,تملس
mallas,مَلَّس,ملس
2itmalsa3,اِتْمَلْسَع,اتملسع
yitmalsa3,يِتْمَلْسَع,يتملسع
tmalsa3,تْمَلْسَع,تملسع
malliis,مَلِّيص,مليص
zaytuun malliisa,زَيْتُون مَلِّيصَة,زيتون مليصة
2umlus,اُمْلُص,املص
yumlus,يُمْلُص,يملص
malas,مَلَص,ملص
2imlat,إِمْلَط,إملط
mulut,مُلُط,ملط
malit,مَلِط,ملط
malt,مَلْط,ملط
malyata,مَلْيَطَة,مليطة
2itmallat,اِتْمَلَّط,اتملط
yitmallat,يِتْمَلَّط,يتملط
tmallat,تْمَلَّط,تملط
2itmalyat,اِتْمَلْيَط,اتمليط
yitmalyat,يِتْمَلْيَط,يتمليط
tmalyat,تْمَلْيَط,تمليط
maltasa,مَلْطَسَة,ملطسة
maltis,مَلْطِس,ملطس
ymaltis,يمَلْطِس,يملطس
maltas,مَلْطَس,ملطس
mal3a,مَلْعَة,ملعة
2inmili3,اِنْمِلِع,انملع
yinmili3,يِنْمِلِع,ينملع
2inmala3,اِنْمَلَع,انملع
mutamilliq,مُتَمَلِّق,متملق
tamalluq,تَمَلُّق,تملق
mallig,مَلِّق,ملق
ymallig,يمَلِّق,يملق
mallag,مَلَّق,ملق
mallagat,مَلَّقَت,ملقت
2itmallaq,اِتْمَلَّق,اتملق
yitmallaq,يِتْمَلَّق,يتملق
tmallaq,تْمَلَّق,تملق
muluuki,مُلُوكي,ملوكي
milke,مِلْكِة,ملكة
mlaak,مْلَاك,ملاك
tamliik,تَمْلِيك,تمليك
malik,مَلِك,ملك
maalik,مَالِك,مالك
malakaan,مَلَكَان,ملكان
muluuk,مُلُوك,ملوك
mullaak,مُلَّاك,ملاك
mitil 2ilmaalik 2il7aziin,مثل المَالك الحزين,مثل المالك الحزين
malik 2ilghaabe,مَلِك الغَابة,ملك الغابة
2imlik,اِمْلِك,املك
2itmallak,اِتْمَلَّك,اتملك
2itmaalak,اِتْمَالَك,اتمالك
yimlik,يِمْلِك,يملك
yitmallak,يِتْمَلَّك,يتملك
yitmaalak,يِتْمَالَك,يتمالك
malak,مَلَك,ملك
tmallak,تْمَلَّك,تملك
tmaalak,تْمَالَك,تمالك
mallaan,مَلَّان,ملان
maluul,مَلُول,ملول
mumill,مُمِلّ,ممل
maalil,مَالِل,مالل
mille,مِلِّة,ملة
malle,مَلِّة,ملة
malal,مَلَل,ملل
maluul,مَلُول,ملول
milal,مِلَل,ملل
kall wumall,كَلّ ومَلّ,كل ومل
bittafsiil 2ilmumill,بَالتَّفْصِيل المُمِلّ,بالتفصيل الممل
mallil,مَلِّل,ملل
mill,مِلّ,مل
ymill,يمِلّ,يمل
ymallil,يِمَلِّل,يملل
2itmallal,اِتْمَلَّل,اتملل
yitmallal,يِتْمَلَّل,يتملل
mall,مَلّ,مل
mallal,مَلَّل,ملل
tmallal,تْمَلَّل,تملل
malliim,مَلِّيم,مليم
malaaliim,مَلَالِيم,ملاليم
3ala daayir malliim,على دَايِر مَلِّيم,على داير مليم
mitmalmil,مِتْمَلْمِل,متململ
malmale,مَلْمَلِة,ململة
2itmalmal,اِتْمَلْمَل,اتململ
yitmalmal,يِتْمَلْمَل,يتململ
tmalmal,تْمَلْمَل,تململ
mlaaye,مْلَايِة,ملاية
2imlaa2,إِمْلَاء,إملاء
mlaayet 2issalaa,ملَاية الصلَاة,ملاية الصلاة
mlaayet 2isriir,مْلَايِة السرير,ملاية السرير
2imli,اِمْلِي,املي
yimli,يِمْلِي,يملي
2amla,أَمْلَى,أملى
malyuun,مَلْيَون,مليون
malaayiin,مَلَايِين,ملايين
malyin,مَلْيِن,ملين
ymalyin,يْمَلْيِن,يملين
malyan,مَلْيَن,ملين
min,مِن,من
3aminno,عَمِنُّه,عمنه
min,مِن,من
mantij,مَنْتَج,منتج
ymantij,يمَنْتَج,يمنتج
mantaj,مَنْتَج,منتج
2immantaj,مْمَنْتَج,ممنتج
mantaje,مَنْتَجِة,منتجة
muuntaaj,مُونْتَاج,مونتاج
mandjaqa,مَنْجَقَة,منجقة
bala mandjaqa,بلَا منجقة,بلا منجقة
mindjahaatlak,مِنْجَهَاتْلَك,منجهاتلك
maani7,مَانِح,مانح
manuu7,مَنُوح,منوح
mnii7,مْنِيح,منيح
mnaa7,مْنَاح,مناح
manuu7a,مَنُوحَة,منوحة
min7a,مِنْحَة,منحة
man7,مَنْح,منح
manaa7a,مَنَاحَة,مناحة
3imil manaa7a,عِمِل مَنَاحَة,عمل مناحة
mina7,مِنَح,منح
shuu manna7o,شو مَنَّحه,شو منحه
2imna7,اِمْنَح,امنح
2itmaana7,اِتْمَانَح,اتمانح
manni7,مَنِّح,منح
yimna7,يِمْنَح,يمنح
yitmaana7,يِتْمَانَح,يتمانح
ymanni7,يمَنِّح,يمنح
mana7,مَنَح,منح
tmaana7,تْمَانَح,تمانح
manna7,مَنَّح,منح
manaakh,مَنَاخ,مناخ
mandiil,مَنْدِيل,منديل
mandal,مَنْدَل,مندل
manaadiil,مَنَادِيل,مناديل
mandiil mu3attar,مَنْدِيل مُعَطَّر,منديل معطر
badrub bilmandal,بضْرُب بَالمَنْدَل,بضرب بالمندل
mamnuu3,مَمْنُوع,ممنوع
maani3,مَانِع,مانع
mawaani3,مَوَانِع,موانع
maani3,مَانِع,مانع
2immaani3,مْمَانِع,ممانع
manaa3a,مَنَاعَة,مناعة
2imna3,اِمْنَع,امنع
maani3,مَانِع,مانع
2itmanna3,اِتْمَنَّع,اتمنع
2imtani3,اِمْتِنِع,امتنع
yimna3,يِمْنَع,يمنع
ymaani3,يمَانِع,يمانع
yitmanna3,يِتْمَنَّع,يتمنع
yimtani3,يٍمْتِنِع,يمتنع
mana3,مَنَع,منع
maana3,مَانَع,مانع
tmanna3,تْمَنَّع,تمنع
2imtana3,اِمْتَنَع,امتنع
mimankir,مِتْمَنْكِر,متمنكر
manaakiir,مَنَاكِير,مناكير
mankir,مَنْكِر,منكر
2itmankar,اِتْمَنْكَر,اتمنكر
ymankir,يمَنْكِر,يمنكر
yitmankar,يِتْمَنْكَر,يتمنكر
mankar,مَنْكَر,منكر
tmankar,تْمَنْكَر,تمنكر
mumtann,مُمْتَنّ,ممتن
minniyye,مِنِّيِّة,منية
2imtinaan,اِمْتَنَان,امتنان
minn,مِنّ,من
minniitak 3a7aalak,مِنِّيِّتك عحَالك,منيتك عحالك
2itmannan,اِتْمَنَّن,اتمنن
yitmannan,يِتْمَنَّن,يتمنن
tmannan,تْمَنَّن,تمنن
manawi,مَنَوي,منوي
2umniyye,أُمْنِيِّة,أمنية
maniyye,مَنِيِّة,منية
mani,مَنِي,مني
muna,مُنَى,منى
2amaani,أَمَانِي,أماني
2il7ayawaan 2ilmanawi,الحيوَان المَنَوي,الحيوان المنوي
yoom 2ilmuna,يوم المُنَى,يوم المنى
muna 3eeni,مُنَى عيني,منى عيني
2itmanna,اِتْمَنَّى,اتمنى
2istamni,اِسْتَمْنِي,استمني
yitmanna,يِتْمَنَّى,يتمنى
yistamni,يِسْتَمْنِي,يستمني
tmanna,تْمَنَّى,تمنى
2istamna,اِسْتَمْنَى,استمنى
muhje,مُهْجِة,مهجة
tamhiidi,تَمْهِيدي,تمهيدي
tamhiid,تَمْهِيد,تمهيد
mahd,مَهْد,مهد
2itmahhad,اِتْمَهَّد,اتمهد
yitmahhad,يِتْمَهَّد,يتمهد
tmahhad,تْمَهَّد,تمهد
mahhid,مَهِّد,مهد
ymahhid,يمَهِّد,يمهد
mahhad,مَهَّد,مهد
mahir,مَهِر,مهر
mhuur,مْهُور,مهور
mahir ta7t 2issijjaade,مَهِر تَحْت السجَادة,مهر تحت السجادة
nqatti3 2ilmahir,نقطع المهر,نقطع المهر
2imhaqk,اِمْهَق,امهق
yimhaqk,يِمْهَق,يمهق
mahaqk,مَهَق,مهق
muhle,مُهْلِة,مهلة
mahil,مَهِل,مهل
muhal,مُهَل,مهل
3ala mahlak,على مَهْلَك,على مهلك
3ala 2aqall min mahlak,على أقل من مَهْلَك,على أقل من مهلك
2imhil,اِمْهِل,امهل
2itmahhal,اِتْمَهَّل,اتمهل
yimhil,يِمْهِل,يمهل
yitmahhal,يِتْمَهَّل,يتمهل
2amhal,أَمْهَل,أمهل
tmahhal,تْمَهَّل,تمهل
mahmaa,مَهْمَا,مهما
mahmiz,مَهْمِز,مهمز
ymahmiz,يمَهْمِز,يمهمز
mahmaz,مَهْمَز,مهمز
mihani,مِهَنِي,مهني
mihne,مِهْنِة,مهنة
mihaniyye,مِهَنِيِّة,مهنية
2imtihaan,اِمْتِهَان,امتهان
mihan,مِهَن,مهن
2imtihin,اِمْتِهِن,امتهن
yimtihin,يِمْتِهِن,يمتهن
2imtahan,اِمْتَهَن,امتهن
muu,مُو,مو
moobaayl,مَوبَايْل,موبايل
mayyit,مَيِّت,ميت
miyyit,مِيِّت,ميت
mawwaat,مَوَّات,موات
2amwaat,أَمْوَات,أموات
moote,مَوتِة,موتة
moot,مَوت,موت
moote wa7de,مَوتِة وَحْدِة,موتة وحدة
shibi3 moot,شِبِع مَوت,شبع موت
hwaat moot,هْوَاة مَوت,هواة موت
mootit rabnaa,مَوتِة ربنَا,موتة ربنا
maat miit muute,مَات مية موتِة,مات مية موتة
ghabrit 2ilmoot,غَبَرة المَوت,غبرة الموت
tabiikh mwaat,طبيخ موَات,طبيخ موات
3asha 2ilmiyyit,عشَا المِيِّت,عشا الميت
2akhol miyyet,أَخو المِيِّت,أخو الميت
muut,مُوت,موت
mawwit,مَوِّت,موت
2istamwit,اِسْتَمْوِت,استموت
2istamiit,اِسْتَمِيت,استميت
ymuut,يمُوت,يموت
ymawwit,يمَوِّت,يموت
yistamwit,يِسْتَمْوِت,يستموت
yistamiit,يِسْتَمِيت,يستميت
maat,مَات,مات
mawwat,مَوَّت,موت
2istamwat,اِسْتَمْوَت,استموت
2istamaat,اِسْتَمَات,استمات
2immawwaj,مْمَوَّج,مموج
mooje,مَوجِة,موجة
2amwaaj,أَمْوَاج,أمواج
tijiih mooje,تِيجِيه مَوجِة,تيجيه موجة
yirkab 2ilmooje,يِرْكَب المَوجِة,يركب الموجة
mooje sawtiyye,مَوجِة صَوْتِيِّة,موجة صوتية
mooje daw2iyye,مَوجِة ضَوْئِيِّة,موجة ضوئية
moojit bard,مَوجِة بَرْد,موجة برد
moojit 7arr,مَوجِة حَرّ,موجة حر
moojit ghadab,مَوجِة غَضَب,موجة غضب
moojit sukhriye,مَوجِة سُخْرِيِة,موجة سخرية
mawwij,مَوِّج,موج
ymawwij,يمَوِّج,يموج
2itmawwaj,اِتْمَوَّج,اتموج
yitmawwaj,يِتْمَوَّج,يتموج
mawwaj,مَوَّج,موج
tmawwaj,تْمَوَّج,تموج
moo7,مَوح,موح
muud,مُود,مود
moodeel,مَودَيل,موديل
3al moodeel,عَالمَودَيل,عالموديل
tidrab bhalmoodeel,تِضْرَب بْهَالمَودَيل,تضرب بهالموديل
mooz,مَوز,موز
la2abu mooze,لأَبُو مَوزِة,لأبو موزة
mooze,مَوزِة,موزة
muus,مُوس,موس
2amwaas,أَمْوَاس,أمواس
mwaas,مْوَاس,مواس
muusa,مُوسَى,موسى
3asa muusa,عَصَا مُوسَى,عصا موسى
3asa muusa,عَصَا مُوسَى,عصا موسى
muusiiq2i,مُوسِيقِي,موسيقي
muusiiq2a,مُوسِيقَى,موسيقى
2immawwad,مْمَوَّض,مموض
mooda,مَوضَة,موضة
3al mooda,عَالمَوضَة,عالموضة
mawwid,مَوِّض,موض
ymawwid,يمَوِّض,يموض
mawwad,مَوَّض,موض
mool,مَول,مول
tamwiil,تَمْوِيل,تمويل
maal,مَال,مال
maal,مَال,مال
2amwaal,أَمْوَال,أموال
2itmawwal,اِتْمَوَّل,اتمول
yitmawwal,يِتْمَوَّل,يتمول
tmawwal,تْمَوَّل,تمول
mawwil,مَوِّل,مول
ymawwil,يمَوِّل,يمول
mawwal,مَوَّل,مول
mawwaal,مَوَّال,موال
mawaawiil,مَوَاويل,مواويل
3ahal mawwaal,عهَالمَوَّال,عهالموال
maayin,مَايِن,ماين
muune,مُونِة,مونة
tamwiin,تَمْوِين,تموين
beet 2ilmuune,بيت المُونِة,بيت المونة
muun,مُون,مون
mawwin,مَوِّن,مون
2itmawwan,اِتْمَوَّن,اتمون
ymuun,يمُون,يمون
ymawwin,يمَوِّن,يمون
yitmawwan,يِتْمَوَّن,يتمون
maan,مَان,مان
mawwan,مَوَّن,مون
tmawwan,تْمَوَّن,تمون
mayye,مَيِّة,مية
mayy,مَيّ,مي
fayy wumayy,فَيّ ومَيّ,في ومي
2inqat3at mayyaato,اِنقطعت ميَاته,انقطعت مياته
beet 2ilmayy,بَيت المَيّ,بيت المي
ghilyat mayyaato,غليت مَيَّاتُه,غليت مياته
2atayyir mayy,أَطير مَيّ,أطير مي
beet 2ilmayy,بيت المَيّ,بيت المي
mayyit naar,مَيِّة نَار,مية نار
mayyaato khilsuu,ميَّاته خلصوَا,مياته خلصوا
mayyaato m3aalyaat,ميَّاته معَاليَات,مياته معاليات
mayyaato 3annaar,ميَّاته عَالنَار,مياته عالنار
byistaad bilmayye 2il3ikre,بيصطَاد بَالميِّة العكرة,بيصطاد بالمية العكرة
2il2imti7aan mayy,الإِمتِحَان مَيّ,الإمتحان مي
billha wu2ishrab mayyitha,بلهَا وإِشرب ميتهَا,بلها وإشرب ميتها
2ilmayy btimshi min ta7it 2ijree,المَيِّة بتِمْشِي من تَحِت إِجْرَيه,المية بتمشي من تحت إجريه
2immaawaa,مْمَّاوَاة,مماواة
timwaaye,تِمْوَايِة,تمواية
mawwi,مَوِّي,موي
ymawwi,يمَوِّي,يموي
mawwa,مَوَّى,موى
meebara,مَيبَرَة,ميبرة
mayaabir,مَيَابِر,ميابر
miidaani,مِيدَانِي,ميداني
mayaadiin,مَيَادِين,ميادين
miidaan,مِيدَان,ميدان
miir,مِير,مير
ymiir,يمِير,يمير
maar,مَار,مار
marmariyye,مَرْمَرِية,مرمرية
meeraamiyye,مَيرَامِيِّة,ميرامية
mumtaaz,مُمْتَاز,ممتاز
2imtiyaaz,اِمْتيَاز,امتياز
mumayyiz,مُمَيَّز,مميز
mumtaaz,مُمْتَاز,ممتاز
mayyize,مَيِّزِة,ميزة
2imtiyaaz,اِمْتيَاز,امتياز
mayyiz,مَيِّز,ميز
ymayyiz,يمَيِّز,يميز
2itmayyaz,اِتْمَيَّز,اتميز
yitmayyaz,يِتْمَيَّز,يتميز
2imtaaz,اِمْتَاز,امتاز
yimtaaz,يِمْتَاز,يمتاز
mayyaz,مَيَّز,ميز
tmayyaz,تْمَيَّز,تميز
2imtaaz,اِمْتَاز,امتاز
meesh,مَيش,ميش
mayyish,مَيِّش,ميش
ymayyish,يمَيِّش,يميش
mayyash,مَيَّش,ميش
2amyas,أَمْيَص,أميص
maayis,مَايِص,مايص
mayaasa,مَيَاصَة,مياصة
mayyis,مَيِّص,ميص
2itmaayas,اِتْمَايَص,اتمايص
ymayyis,يمَيِّص,يميص
yitmaayas,يِتْمَايَص,يتمايص
mayyas,مَيَّص,ميص
tmaayas,تْمَايَص,تمايص
meetin,مَيطِن,ميطن
ymeetin,يْمَيطِن,يميطن
meetan,مَيطَن,ميطن
miiti,مِيطِي,ميطي
khiiti miiti,خيطي مِيطِي,خيطي ميطي
maayi3,مَايِع,مايع
mayaa3a,مَيَاعَة,مياعة
2itmaaya3,اِتْمَايَع,اتمايع
mumayyi3,مُمَيِّع,مميع
mii3,مِيع,ميع
ymii3,يمِيع,يميع
yitmaaya3,يِتْمَايَع,يتمايع
mayyi3,مَيِّع,ميع
ymayyi3,يمَيِّع,يميع
maa3,مَاع,ماع
tmaaya3,تْمَايَع,تمايع
mayya3,مَيَّع,ميع
mayyaal,مَيَّال,ميال
maayil,مَايِل,مايل
malye,مَالْيِة,مالية
meele,مَيلِة,ميلة
meel,مَيل,ميل
tamaayul,تَمَايُل,تمايل
mawaali,مَوَالِي,موالي
muyuul,مُيُول,ميول
yaa sarj bimiil yaa 3anaan binqata3,يَا سرج بميل يَا عنَان بنقطع,يا سرج بميل يا عنان بنقطع
miil,مِيل,ميل
mayyil,ميِّل,ميل
2istamiil,اِسْتَمِيل,استميل
2itmaayal,اِتْمَايَل,اتمايل
ymiil,يمِيل,يميل
ymayyil,يميِّل,يميل
yistamiil,يِسْتَمِيل,يستميل
yitmaayal,يِتْمَايَل,يتمايل
maal,مَال,مال
mayyal,مَيَّل,ميل
2istamaal,اِسْتَمَال,استمال
tmaayal,تْمَايَل,تمايل
7aalo maayil,حَالُه المَايِل,حاله المايل
miima3a,مِيمَعَة,ميمعة
miin,مِين,مين
miin,مِين,مين
miyye,مِيِّة,مية
mfa77ij 3amiit khazuuq,مْفَحِّج عَمِية خَازُوق,مفحج عمية خازوق
7ammal 2ahli miit jmiile,حَمَّل أَهْلِي مِية جْمِيلِة,حمل أهلي مية جميلة
naba2,نَبَأ,نبأ
2anbaa2,أَنْبَاء,أنباء
nabi,نَبِي,نبي
2anbiyaa2,أَنْبِيَاء,أنبياء
nabbi2,نَبِّئ,نبئ
2itnabba2,اِتْنَبَّأ,اتنبأ
ynabbi2,ينَبِّئ,ينبئ
yitnabba2,يِتْنَبَّأ,يتنبأ
nabba2,نَبَّأ,نبأ
tnabba2,تْنَبَّأ,تنبأ
2anbiyaa2,أَنْبَيَاء,أنبياء
salaat 2innabi,صَلَاة النَّبِي,صلاة النبي
zaarna 2innabi,زَارْنَا النَّبِي,زارنا النبي
2unbuub,أُنْبُوب,أنبوب
2anaabiib,أَنَابِيب,أنابيب
ziraa3it 2anaabiib,زِرَاعَة أَنَابِيب,زراعة أنابيب
tifil 2anaabiib,طِفِل أَنَابِيب,طفل أنابيب
nabte,نَبْتِة,نبتة
nabbuut,نَبُّوت,نبوت
nabaat,نَبَات,نبات
manbat,مَنْبَت,منبت
manaabit,مَنَابِت,منابت
nabaabiit,نَبَابِيت,نبابيت
2unbut,اُنْبُت,انبت
2inbut,اِنْبُت,انبت
nabbit,نَبِّت,نبت
yunbut,يُنْبُت,ينبت
yinbut,يِنْبُت,ينبت
ynabbit,ينَبِّت,ينبت
nabat,نَبَت,نبت
nabbat,نَبَّت,نبت
nabi7,نَبِح,نبح
2inba7,اِنْبَح,انبح
naabi7,نَابِح,نابح
yinba7,يِنْبَح,ينبح
ynaabi7,ينَابِح,ينابح
naba7,نَبَح,نبح
naaba7,نَابَح,نابح
manbuuz,مَنْبُوذ,منبوذ
2unbuz,اُنْبُذ,انبذ
yinbuz,يِنْبُذ,ينبذ
2intibidh,اِنْتِبِذ,انتبذ
2intibidh,اِنْتِبِذ,انتبذ
nabaz,نَبَذ,نبذ
2intabadh,اِنْتَبَذ,انتبذ
nabir,نَبِر,نبر
2unbur,اُنْبُر,انبر
yunbur,يُنْبُر,ينبر
nabar,نَبَر,نبر
mnabbiz,مْنَبِّز,منبز
nabbiz,نَبِّز,نبز
2itnaabaz,اِتْنَابَز,اتنابز
ynabbiz,ينَبِّز,ينبز
yitnaabaz,يِتْنَابَز,يتنابز
nabbaz,نَبَّز,نبز
tnaabaz,تْنَابَز,تنابز
nabish,نَبِش,نبش
2inbush,اِنْبُش,انبش
nabbish,نَبِّش,نبش
yinbush,يِنْبُش,ينبش
ynabbish,ينَبِّش,ينبش
nabash,نَبَش,نبش
nabbash,نَبَّش,نبش
nabid,نَبِض,نبض
2unbud,اُنْبُض,انبض
yunbud,يُنْبُض,ينبض
nabad,نَبَض,نبض
bunbut,بُنْبُط,بنبط
nabbit,نَبِّط,نبط
2istanbit,اِسْتَنْبِط,استنبط
ynabbit,ينَبِّط,ينبط
yistanbit,يِسْتَنْبِط,يستنبط
nabbat,نَبَّط,نبط
2istanbat,اِسْتَنْبَط,استنبط
naabi3,نَابِع,نابع
nab3a,نَبْعَة,نبعة
manba3,مَنْبَع,منبع
manaabi3,مَنَابِع,منابع
raas 2innab3a,رَاس النَّبْعَة,راس النبعة
2inbu3,اِنْبُع,انبع
yinbu3,يِنْبُع,ينبع
2unbu3,اُنْبُع,انبع
yunbu3,يُنْبُع,ينبع
nab3at,نَبْعَت,نبعت
naba3,نَبَع,نبع
nabi3,نَبِع,نبع
naabigha,نَابِغَة,نابغة
nawaabigh,نَوَابِغ,نوابغ
2inbugh,اِنْبُغ,انبغ
yinbugh,يِنْبُغ,ينبغ
nabagh,نَبَغ,نبغ
2inbuq,اِنْبُق,انبق
naabiq,نَابِق,نابق
yinbuq,يِنْبُق,ينبق
nabaq,نَبَق,نبق
nabiil,نَبِيل,نبيل
nubalaa2,نُبَلَاء,نبلاء
nbaali,نْبَالي,نبالي
hadaf nabiil,هَدَف نَبِيل,هدف نبيل
naabulsi,نَابُلْسي,نابلسي
nawaabilse,نَوَابِلْسِة,نوابلسة
naablis,نَابْلِس,نابلس
saabuune naabulsiyye,صَابونِة نَابُلْسيِّة,صابونة نابلسية
mabiih,نَبِيه,نبيه
nabaaha,نَبَاهَة,نباهة
2intibaah,اِنْتِبَاه,انتباه
mintibih,مِنْتِبِه,منتبه
2itnabbah,اِتْنَبَّه,اتنبه
yitnabbah,يِتْنَبَّه,يتنبه
tnabbah,تْنَبَّه,تنبه
nabbih,نَبِّه,نبه
2intibih,اِنْتِبِه,انتبه
ynabbih,ينَبِّه,ينبه
yintibih,يِنْتِبِه,ينتبه
nabbah,نَبَّه,نبه
2intabah,اِنْتَبَه,انتبه
natiije,نَتِيجِة,نتيجة
mantuuj,مَنْتُوج,منتوج
2intaaj,اِنْتَاج,انتاج
nataa2ij,نَتَائِج,نتائج
2intij,اِنْتِج,انتج
2istantij,اِسْتَنْتِج,استنتج
yintij,يِنْتِج,ينتج
yintuj,اِنْتُج,انتج
yintuj,يِنْتُج,ينتج
yistantij,يِسْتَنْتِج,يستنتج
muntij,مُنْتِج,منتج
2antaj,أَنْتَج,أنتج
nataj,نَتَج,نتج
2istantaj,اِسْتَنْتَج,استنتج
2inta7,اِنْتَح,انتح
nati7,نَتِح,نتح
yinta7,يِنْتَح,ينتح
nata7,نَتَح,نتح
2intatir,اِنْتِتِر,انتتر
2itnatwar,اِتْنَتْوَر,اتنتور
yintatir,يِنْتِتِر,ينتتر
yitnatwar,يِتْنَتْوَر,يتنتور
2intatar,إِنْتَتَر,إنتتر
tnatwar,تْنَتْوَر,تنتور
natshe,نَتْشِة,نتشة
natshe,نَتْشِة,نتشة
2untush,اُنْتُش,انتش
nattish,نَتِّش,نتش
natwish,نَتْوِش,نتوش
yuntush,يِنْتُش,ينتش
ynattish,ينَتِّش,ينتش
ynatwish,ينَتْوِش,ينتوش
natshat,نَتَش,نتش
nattash,نَتَّش,نتش
natwash,نَتْوَش,نتوش
naati3,نَاتِع,ناتع
mnaata3a,مْنَاتَعَة,مناتعة
2alla yinta3ik bissalaame,الله يِنْتَعِك بَالسَّلَامِة,الله ينتعك بالسلامة
naati3,نَاتِع,ناتع
2inta3,اِنْتَع,انتع
natti3,نَتِّع,نتع
ynaati3,ينَاتِع,يناتع
yinta3,يِنْتَع,ينتع
ynatti3,ينَتِّع,ينتع
nata3,نَتَع,نتع
naata3,نَاتَع,ناتع
natta3,نَتَّع,نتع
tantuuf,تَنْتُوف,تنتوف
nitif,نِتِف,نتف
mantuuf,مَنْتُوف,منتوف
mantuuf,مَنْتُوف,منتوف
nitfe,نِتْفِة,نتفة
nattuufe,نَتُّوفِة,نتوفة
mantuufli,مَنْتُوفْلِي,منتوفلي
nataatiif,نَتَاتِيف,نتاتيف
mish 3aajbak ruu7 2intif 7awaadjbak,مش عَاجبك روح اِنْتِف حوَاجْبَك,مش عاجبك روح انتف حواجبك
nattafit sha3ri,نَتَّفِت شعري,نتفت شعري
tantiif,تَنْتِيف,تنتيف
natwafe,نَتْوَفِة,نتوفة
2intif,اِنْتِف,انتف
nattif,نَتِّف,نتف
yintif,يِنْتِف,ينتف
ynattif,ينَتِّف,ينتف
nataf,نَتَف,نتف
nattaf,نَتَّف,نتف
natwif,نَتْوِف,نتوف
ynatwif,ينَتْوِف,ينتوف
natwaf,نَتْوَف,نتوف
2intuqk,اِنْتُق,انتق
yintuqk,يِنْتُق,ينتق
nataqk,نَتَق,نتق
naatil,نَاتِل,ناتل
natil,نَتِل,نتل
2intil,اِنْتِل,انتل
yintil,يِنْتِل,ينتل
natal,نَتَل,نتل
nathir,نَثِر,نثر
2unthur,اُنْثُر,انثر
2inthur,اِنْثُر,انثر
yunthur,يُنْثُر,ينثر
yinthur,يِنْثُر,ينثر
2itnaathar,اِتْنَاثَر,اتناثر
yitnaathar,يِتْنَاثَر,يتناثر
tnaathar,تْنَاثَر,تناثر
nathar,نَثَر,نثر
najiib,نَجِيب,نجيب
2injaab,اِنْجَاب,انجاب
2injib,اِنْجِب,انجب
yinjib,يِنْجِب,ينجب
2anjab,أَنْجَب,أنجب
nadjadj,نَجَج,نجج
naaji7,نَاجِح,ناجح
najaa7,نَجَاح,نجاح
2inja7,اِنْجَح,انجح
najji7,نَجِّح,نجح
yinja7,يِنْجَح,ينجح
ynajji7,ينَجِّح,ينجح
niji7,نِجِح,نجح
najja7,نَجَّح,نجح
mnajjad,مْنَجَّد,منجد
najde,نَجْدِة,نجدة
mnajjid,مْنَجِّد,منجد
mnajjid,مْنَجِّد,منجد
najjid,نَجِّد,نجد
2injid,اِنْجِد,انجد
2istanjid,اِسْتَنْجِد,استنجد
yinjid,يِنْجِد,ينجد
yistanjid,يِسْتَنْجِد,يستنجد
ynajjid,ينَجِّد,ينجد
2anjad,أَنْجَد,أنجد
2istanjad,اِسْتَنْجَد,استنجد
najjad,نَجَّد,نجد
njaara,نْجَارَة,نجارة
najir,نَجِر,نجر
najjaar,نَجَّار,نجار
2itnajjar,اِتْنَجَّر,اتنجر
2unjur,اُنْجُر,انجر
2injur,اِنْجُر,انجر
najjir,نَجِّر,نجر
yitnajjar,يِتْنَجَّر,يتنجر
yunjur,يُنْجُر,ينجر
yinjur,يِنْجُر,ينجر
ynajjir,ينَجِّر,ينجر
tnajjar,تْنَجَّر,تنجر
najar,نَجَر,نجر
najjar,نَجَّر,نجر
2injaaz,إِنْجَاز,إنجاز
2injiz,اِنْجِز,انجز
yinjiz,يِنْجِز,ينجز
2anjaz,أَنْجَز,أنجز
nijis,نِجِس,نجس
najas,نَجَس,نجس
2anjaas,أَنْجَاس,أنجاس
najaase,نَجَاسِة,نجاسة
najjis,نَجِّس,نجس
ynajjis,ينَجِّس,ينجس
2itnajjas,اِتْنَجَّس,اتنجس
yitnajjas,يِتْنَجَّس,يتنجس
najjas,نَجَّس,نجس
tnajjas,تْنَجَّس,تنجس
2injaase,إِنْجَاصِة,إنجاصة
2injaas,إِنْجَاص,إنجاص
naj3a,نَجْعَة,نجعة
2anjaq,أَنْجَق,أنجق
manjal,مَنْجَل,منجل
njiil,نْجِيل,نجيل
manaajil,مَنَاجِل,مناجل
nijim,نِجِم,نجم
nujuum,نُجُوم,نجوم
nijmo ghaatis,نِجْمُه غَاطِس,نجمه غاطس
3ala nijmo gheem,على نِجْمُه غيم,على نجمه غيم
nijme,نِجْمِة,نجمة
biddo nijme min 2issama,بِدُّه نِجْمِة من السَّمَا,بده نجمة من السما
njuum 3izz 2idduhur,نْجُوم عِزّ الظُّهُر,نجوم عز الظهر
tanjiim,تَنْجِيم,تنجيم
munajjim,مُنَجِّم,منجم
manjam,مَنْجَم,منجم
manaajim,مَنَاجِم,مناجم
najjim,نَجِّم,نجم
ynajjim,ينَجِّم,ينجم
najjam,نَجَّم,نجم
naaji,نَاجِي,ناجي
najaa,نَجَاة,نجاة
munajaa,مُنَاجَاة,مناجاة
2istinjaa2,اِسْتِنْجَاء,استنجاء
tooq 2innajaa,طوق النَّجَاة,طوق النجاة
2unju,اُنْجُو,انجو
2inju,اِنْجُو,انجو
najji,نَجِّي,نجي
naaji,نَاجِي,ناجي
2itnaaja,اِتْنَاجَى,اتناجى
2istanji,اِسْتَنْجِي,استنجي
yunju,يُنْجُو,ينجو
yinju,يِنْجُو,ينجو
ynajji,ينَجِّي,ينجي
ynaaji,ينَاجِي,يناجي
yitnaaja,يِتْنَاجَى,يتناجى
yistanji,يِسْتَنْجِي,يستنجي
naja,نَجَى,نجى
najja,نَجَّى,نجى
naaja,نَاجَى,ناجى
tnaaja,تْنَاجَى,تناجى
2istanja,اِسْتَنْجَى,استنجى
na7iib,نَحِيب,نحيب
2in7ab,اِنْحَب,انحب
yin7ab,يِنْحَب,ينحب
na7ab,نَحَب,نحب
na7at bissakhir,نَحَت بَالصَّخِر,نحت بالصخر
2in7at,اِنْحَت,انحت
yin7at,يِنْحَت,ينحت
na7at,نَحَت,نحت
man7uut,مَنْحُوت,منحوت
na7it,نَحِت,نحت
ni77,نِحّ,نح
yni77,ينِحّ,ينح
na77,نَحّ,نح
2inti7aari,اِنْتِحَاري,انتحاري
mnaa7ara,مْنَاحَرَة,مناحرة
na7ir,نَحِر,نحر
na7ir,نَحِر,نحر
2inti7aar,اِنْتِحَار,انتحار
nu7uur,نْحُور,نحور
2in7ar,اِنْحَر,انحر
2inti7ir,اِنْتِحِر,انتحر
2inta7ir,اِنْتَحِر,انتحر
2itnaa7ar,اِتْنَاحَر,اتناحر
yin7ar,يِنْحَر,ينحر
yinti7ir,يِنْتِحِر,ينتحر
yinta7ir,يِنْتَحِر,ينتحر
yitnaa7ar,يِتْنَاحَر,يتناحر
na7ar,نَحَر,نحر
2inta7ar,اِنْتَحَر,انتحر
tnaa7ar,تْنَاحَر,تناحر
man7uus,مَنْحُوس,منحوس
manaa7iis,مَنَاحِيس,مناحيس
nu7aasi,نُحَاسي,نحاسي
n7aase,نْحَاسِة,نحاسة
na7s,نَحْس,نحس
na77aas,نَحَّاس,نحاس
nu7aas,نُحَاس,نحاس
tarti7i bman7uusik laa yijiiki 2an7as minno,ترتحي بمَنْحُوسَك لَا يجيكي أنحس منه,ترتحي بمنحوسك لا يجيكي أنحس منه
2in7as,اِنْحَس,انحس
yin7as,يَنْحَس,ينحس
2inti7is,اِنْتِحِس,انتحس
yinti7is,يِنْتِحِس,ينتحس
na7as,نَحَس,نحس
2inta7as,اِنْتَحَس,انتحس
2an7af,أَنْحَف,أنحف
n7iif,نْحِيف,نحيف
na7faan,نَحْفَان,نحفان
n7aaf,نْحَاف,نحاف
na7aafe,نَحَافِة,نحافة
nu7uf,نُحُف,نحف
2in7af,اِنْحَف,انحف
na77if,نَحِّف,نحف
yin7af,يِنْحَف,ينحف
yna77if,ينَحِّف,ينحف
ni7if,نِحِف,نحف
na77af,نَحَّف,نحف
na7iil,نَحِيل,نحيل
minti7il,مِنْتِحِل,منتحل
na7le,نَحْلِة,نحلة
man7ale,مَنْحَلِة,منحلة
2inta7aal,اِنْتِحَال,انتحال
na7il,نَحِل,نحل
manaa7il,مَنَاحِل,مناحل
2na 2inna7le,أَنَا النَحْلِة,أنا النحلة
khaliyyit na7il,خَلِيِّة نَحِل,خلية نحل
zayy khaliyyit 2inna7il,زَيّ خَلِيِّة النَّحِل,زي خلية النحل
zayy khaliyyit 2inna7il,زَيّ خَلِيِّة النَّحِل,زي خلية النحل
2inti7il,اِنْتِحِل,انتحل
yinti7il,يِنْتِحِل,ينتحل
2inta7al,اِنْتَحَل,انتحل
ni7na,نِحْنَا,نحنا
na7na7e,نَحْنَحِة,نحنحة
na7nuu7e,نَحْنُوحِة,نحنوحة
na7aanii7,نَحَانِيح,نحانيح
2itna7na7,اِتْنَحْنَح,اتنحنح
yitna7na7,يِتْنَحْنَح,يتنحنح
tna7na7,تْنَحْنَح,تنحنح
na7u,نَحُو,نحو
na7u,نَحُو,نحو
na7awi,نَحَوِي,نحوي
na7awi,نَحَوِي,نحوي
naa7iye,نَاحِيِة,ناحية
nawaa7i,نَوَاحِي,نواحي
min jamii3 2innawaa7i,مِن جَمِيع النَّوَاحِي,من جميع النواحي
na77i,نَحِّي,نحي
2itna77a,اِتْنَحَّى,اتنحى
yna77i,ينَحِّي,ينحي
yitna77a,يِتْنَحَّى,يتنحى
na77a,نَحَّى,نحى
tna77a,تْنَحَّى,تنحى
nukhbe,نُخْبِة,نخبة
2intikhaab,اِنْتِخَاب,انتخاب
muntakhab,مُنْتَخَب,منتخب
nakhib 2awwal,نَخِب أوَّل,نخب أول
nukhbit 2innukhbe,نُخْبِة النُّخْبِة,نخبة النخبة
nakhib,نَخِب,نخب
2intikhib,اِنْتِخِب,انتخب
yintikhib,يِنْتِخِب,ينتخب
2intakhab,اِنْتَخَب,انتخب
nakhkhaakh,نَخَّاخ,نخاخ
nikhkh,نِخّ,نخ
nakhkhikh,نَخِّخ,نخخ
ynikhkh,ينِخّ,ينخ
ynakhkhikh,ينَخِّخ,ينخخ
nakhkh,نَخّ,نخ
nakhkhakh,نَخَّخ,نخخ
minkhaar,مِنْخَار,منخار
munkhaar,مُنْخَار,منخار
nakhuur,نَخُور,نخور
manaakhiir,مَنَاخِير,مناخير
manaakhiir,مَنَاخِير,مناخير
ruu7i braas manakhiiri,روحي برَاس منَاخيري,روحي براس مناخيري
waasle ma3i laruus manakhiiri,وَاصلة معي لروس منَاخيري,واصلة معي لروس مناخيري
bti7ki ma3o min ruus manakhiirha,بتِحْكِي معه من روس منَاخيرهَا,بتحكي معه من روس مناخيرها
2unkhur,اُنْخُر,انخر
2inkhur,اِنْخُر,انخر
yinkhur,يِنْخُر,ينخر
yunkhur,يُنْخُر,ينخر
nakhar,نَخَر,نخر
nakhrib,نَخْرِب,نخرب
ynakhrib,ينَخْرِب,ينخرب
nakhrab,نَخْرَب,نخرب
nakhze,نَخْزِة,نخزة
munkhaaz,مُنْخَاز,منخاز
manaakhiiz,مَنَاخِيز,مناخيز
2unkhuz,اُنْخُز,انخز
nakhkhiz,نَخِّز,نخز
yunkhuz,يِنْخُز,ينخز
ynakhkhiz,ينَخِّز,ينخز
nakhaz,نَخَز,نخز
nakhkhaz,نَخَّز,نخز
nukhaa3,نُخَاع,نخاع
7atta 2innukhaa3,حتَّى النُّخَاع,حتى النخاع
2inkha3,اِنْخَع,انخع
yinkha3,يِنْخَع,ينخع
nakha3,نَخَع,نخع
tankhiil,تَنْخِيل,تنخيل
nakhle,نَخْلَة,نخلة
munkhul,مُنْخُل,منخل
munkhul,مُنْخُل,منخل
nakhil,نَخِل,نخل
nukhul,نُخُل,نخل
manaakhiil,مَنَاخِيل,مناخيل
nakhiil,نَخِيل,نخيل
2ittuul tuul nakhle wil3aqil 3aqil sakhle,الطول طول نخلة وَالعقل عقل سخلة,الطول طول نخلة والعقل عقل سخلة
nakhkhil,نَخِّّل,نخل
ynakhkhil,ينَخِّل,ينخل
nakhkhal,نَخّل,نخل
nakhwaji,نَخْوَجِي,نخوجي
nakhwe,نَخْوِة,نخوة
saa7ib nakhwe,صَاحِب نَخْوِة,صاحب نخوة
2intikhi,اِنْتِخِي,انتخي
2inkhi,اِنْخِي,انخي
yintikhi,يِنْتِخِي,ينتخي
yinkhi,يِنْخِي,ينخي
2intakha,اِنْتَخَى,انتخى
nakha,نَخَى,نخى
naadib,نَادِب,نادب
naddaabe,نَدَّابِة,ندابة
nadbe,نَدْبِة,ندبة
nadib,نَدِب,ندب
manduub,مَنْدُوب,مندوب
manduub 2ilmabii3aat,مَنْدُوب المَبِيعَات,مندوب المبيعات
2undub,اُنْدُب,اندب
2indub,اِنْدُب,اندب
2intidaab,اِنْتِدَاب,انتداب
yundub,يُنْدُب,يندب
yindub,يِنْدُب,يندب
nadab,نَدَب,ندب
niddiyye,نِدِّيِّة,ندية
tandiid,تَنْدِيد,تنديد
nidd,نِدّ,ند
2andaad,أَنْدَاد,أنداد
naddid,نَدِّد,ندد
ynaddid,ينَدِّد,يندد
naddad,نَدَّد,ندد
2andar,أَنْدَر,أندر
naadir,نَادِر,نادر
nawaadir,نَوَادِر,نوادر
naddi3,نَدِّع,ندع
ynaddi3,ينَدِّع,يندع
nadda3,نَدَّع,ندع
2undugh,اُنْدُغ,اندغ
2indugh,اِنْدُغ,اندغ
yundugh,يُنْدُغ,يندغ
yindugh,يِنْدُغ,يندغ
nadagh,نَدَغ,ندغ
nadif,نَدِف,ندف
naddif,نَدِّف,ندف
2indif,اِنْدِف,اندف
yindif,يِنْدِف,يندف
ynaddif,ينَدِّف,يندف
naddaf,نَدَّف,ندف
nadaf,نَدَف,ندف
nadmaan,نَدْمَان,ندمان
nadam,نَدَم,ندم
2indam,اِنْدَم,اندم
naddim,نَدِّم,ندم
yindam,يِنْدَم,يندم
ynaddim,ينَدِّم,يندم
nidim,نِدِم,ندم
naddam,نَدَّم,ندم
2indah,اِنْدَه,انده
yindah,يِنْدَه,ينده
nadah,نَدَه,نده
mnaddi,مْنَدِّي,مندي
naadi,نَادِي,نادي
nawaadi,نَوَادِي,نوادي
2andiye,أَنْدِيِة,أندية
muntada,مُنْتَدَى,منتدى
naadi,نَادِي,نادي
ynaadi,ينَادِي,ينادي
naddi,نَدِّي,ندي
ynaddi,ينَدِّي,يندي
naada,نَادَى,نادى
nadda,نَدَّى,ندى
2inzaar,اِنْذَار,انذار
naziir,نَذِير,نذير
nadir,نَذِر,نذر
nadran 3alayy,نَذراً علي,نذرا علي
naziir shu2um,نَذِير شُؤُم,نذير شؤم
2inzir,اِنْذِر,انذر
2indhur,اِنْذُر,انذر
2undhur,اُنْذُر,انذر
yinzir,يِنْذِر,ينذر
yindhir,يِنْذِر,ينذر
2inzaar,إِنْذَار,إنذار
yundhur,يُنْذُر,ينذر
2anzar,أَنْذَر,أنذر
nadhar,نَذَر,نذر
2andal,أَنْذَل,أنذل
nadil,نَذِل,نذل
2andaal,أَنْذَال,أنذال
nadaale,نَذَالِة,نذالة
2itnaadal,اِتْنَاذَل,اتناذل
yitnaadal,يِتْنَاذَل,يتناذل
tnaadal,تْنَاذَل,تناذل
narraaz,نَرَّاز,نراز
mnarfiz,مْنَرْفِز,منرفز
narfuuz,نَرْفُوز,نرفوز
narfiz,نَرْفِز,نرفز
ynarfiz,ينَرْفِز,ينرفز
2itnarfaz,اِتْنَرْفَز,اتنرفز
yitnarfaz,يِتْنَرْفَز,يتنرفز
narfaz,نَرْفَز,نرفز
tnarfaz,تْنَرْفَز,تنرفز
naarinjaaye,نَارِنْجَايِة,نارنجاية
naarinje,نَارِنْجِة,نارنجة
naarinj,نَارِنْج,نارنج
nazzaaze,نَزَّازِة,نزازة
nizz,نِزّ,نز
ynizz,ينِزّ,ينز
nazziz,نَزِّز,نزز
ynazziz,ينَزِّز,ينزز
nazz,نَزّ,نز
nazzaz,نَزَّز,نزز
nizaa3,نِزَاع,نزاع
naza3 maraaqi,نَزَع مرَاقِي,نزع مراقي
2inza3,اِنْزَع,انزع
2itnaaza3,اِتْنَازَع,اتنازع
yinza3,يِنْزَع,ينزع
2intizi3,اِنْتِزِع,انتزع
yintizi3,يِنْتِزِع,ينتزع
naazi3,نَازِع,نازع
ynaazi3,ينَازِع,ينازع
yitnaaza3,يِتْنَازَع,يتنازع
naza3,نَزَع,نزع
2intaza3,اِنْتَزَع,انتزع
naaza3,نَازَع,نازع
tnaaza3,تْنَازَع,تنازع
mustanzaf,مُسْتَنْزَف,مستنزف
naziif,نَزِيف,نزيف
2istinzaaf,اِسْتِنْزَاف,استنزاف
2istanzif,اِسْتَنْزِف,استنزف
2inzif,اِنْزِف,انزف
yinzif,يِنْزِف,ينزف
yistanzif,يِسْتَنْزِف,يستنزف
nazaf,نَزَف,نزف
2istanzaf,اِسْتَنْزَف,استنزف
nazle,نَزْلِة,نزلة
manzile,مَنْزِلِة,منزلة
nzuul,نْزُول,نزول
tanaazul,تَنَازُل,تنازل
manzil,مَنْزِل,منزل
manaazil,مَنَازِل,منازل
manaazil,مَنَازِل,منازل
naazil,نَازِل,نازل
3attaal3a winnaazle,عَالطَّالْعَة وَالنَازلة,عالطالعة والنازلة
laa traafiq 2iddaliil bitdhill mithlo walaa tinzil daar 2ittahaayim tuthimi,لَا ترَافق الذليل بتذل مثله ولَا تنزل دَار التهَايم تتهمي,لا ترافق الذليل بتذل مثله ولا تنزل دار التهايم تتهمي
2inzil,اِنْزِل,انزل
nazzil,نَزِّل,نزل
2itnaazal,اِتْنَازَل,اتنازل
yinzil,يِنْزِل,ينزل
mitnaazil,مِتْنَازِل,متنازل
ynazzil,ينَزِّل,ينزل
yitnaazal,يِتْنَازَل,يتنازل
nizil,نِزِل,نزل
nazzal,نَزَّل,نزل
tnaazal,تْنَازَل,تنازل
naziih,نَزِيه,نزيه
nuzha,نُزْهَة,نزهة
nazaaha,نَزَاهَة,نزاهة
mutanazzah,مُتَنَزَّه,متنزه
nuzah,نُزَه,نزه
nazzih,نَزِّه,نزه
2itnaazah,اِتْنَازَه,اتنازه
ynazzih,ينَزِّه,ينزه
yitnaazah,يِتْنَازَه,يتنازه
nazzah,نَزَّه,نزه
tnaazah,تْنَازَه,تنازه
nazwe,نَزْوِة,نزوة
2ansab,أَنْسَب,أنسب
munaasib,مُنَاسِب,مناسب
nisbe,نِسْبِة,نسبة
nsiib,نْسِيب,نسيب
nisab,نِسَب,نسب
nasaayib,نَسَايِب,نسايب
munaasabe,مُنَاسَبِة,مناسبة
maalak 2ibturkud wub2iidak maras qaal nsiib nsiibna shaariilo faras,مَالك بتركض وبَايدك مرس قَال نسيب نسيبنَا شَاريله فرس,مالك بتركض وبايدك مرس قال نسيب نسيبنا شاريله فرس
naasib,نَاسِب,ناسب
2itnaasab,اِتْنَاسَب,اتناسب
yitnaasab,يِتْنَاسَب,يتناسب
ynaasib,ينَاسِب,يناسب
tnaasab,تْنَاسَب,تناسب
naasab,نَاسَب,ناسب
nasij,نَسِج,نسج
nasiij,نَسِيج,نسيج
minsaaj,مِنْسَاج,منساج
manaasiij,مِنَاسِيج,مناسيج
min nasj 2ilkhayaal,من نَسِج الخيَال,من نسج الخيال
2insij,اِنْسِج,انسج
yinsij,يِنْسِج,ينسج
nasaj,نَسَج,نسج
mansuukh,مَنْسُوخ,منسوخ
nuskha,نُسْخَة,نسخة
nasikh,نَسِخ,نسخ
nusakh,نُسَخ,نسخ
2insakh,اِنْسَخ,انسخ
nassikh,نَسِّخ,نسخ
2itnaasakh,اِتْنَاسَخ,اتناسخ
2istansikh,اِسْتَنْسِخ,استنسخ
yinsakh,يِنْسَخ,ينسخ
ynassikh,ينَسِّخ,ينسخ
yitnaasakh,يِتْنَاسَخ,يتناسخ
yistansikh,يِسْتَنْسِخ,يستنسخ
nasakh,نَسَخ,نسخ
nassakh,نَسَّخ,نسخ
tnaasakh,تْنَاسَخ,تناسخ
2istansakh,اِسْتَنْسَخ,استنسخ
nusuur,نُسُور,نسور
nisir,نِسِر,نسر
niss,نِسّ,نس
nassaas,نَسَّاس,نساس
minsaas,مِنْسَاس,منساس
nasif,نَسِف,نسف
mansaf,مَنْسَف,منسف
minsaf,مِنْسَف,منسف
manaasif,مَنَاسِف,مناسف
manaasif,مَنَاسِف,مناسف
2insif,اِنْسِف,انسف
yinsif,يِنْسِف,ينسف
nasaf,نَسَف,نسف
tansiif,تَنْسِيف,تنسيف
nassif,نَسِّف,نسف
ynassif,ينَسِّف,ينسف
nassaf,نَسَّف,نسف
tansiiq,تَنْسِيق,تنسيق
nasaq,نَسَق,نسق
nassiq,نَسِّق,نسق
ynassiq,ينَسِّق,ينسق
nassaq,نَسَّق,نسق
mansak,مَنْسَك,منسك
manaasik,مَنَاسِك,مناسك
mnassil,مْنَسِّل,منسل
tansiil,تَنْسِيل,تنسيل
nasil,نَسِل,نسل
2ansaal,أَنْسَال,أنسال
nassil,نَسِّل,نسل
ynassil,ينَسِّل,ينسل
2itnaasal,اِتْنَاسَل,اتناسل
yitnaasal,يِتْنَاسَل,يتناسل
nassal,نَسَّل,نسل
tnaasal,تْنَاسَل,تناسل
nasiim,نَسِيم,نسيم
nisme,نَسْمِة,نسمة
nismit hawa,نَسْمِة هوَا,نسمة هوا
mitil 2innisme,مثل النَّسْمِة,مثل النسمة
nassim,نَسِّم,نسم
ynassim,ينَسِّم,ينسم
nassam,نَسَّم,نسم
nisnaas,نِسْنَاس,نسناس
nasnis,نَسْنِس,نسنس
ynasnis,ينَسْنِس,ينسنس
nasnas,نَسْنَس,نسنس
nasnase,نَسْنَسِة,نسنسة
mnasnis,مْنَسْنِس,منسنس
2itnasnas,اِتْنَسْنَس,اتنسنس
yitnasnas,يِتْنَسْنَس,يتنسنس
tnasnas,تْنَسْنَس,تنسنس
niswanji,نِسْوَنْجِي,نسونجي
nasawi,نَسَوِي,نسوي
nisaa2,نِسَاء,نساء
niswaan,نِسْوَان,نسوان
nasaawiin,نَسَاوِين,نساوين
nasawiyye,نَسَوِيِّة,نسوية
binfa3ish niswaan,بْينفَعِش نِسْوَان,بينفعش نسوان
2itnaswan,اِتْنَسْوَن,اتنسون
yitnaswan,يِتْنَسْوَن,يتنسون
tnaswan,تْنَسْوَن,تنسون
nassaay,نَسَّاي,نساي
naasi,نَاسِي,ناسي
nisyaan,نِسْيَان,نسيان
nisi 7aalo,نِسِي حَالُه,نسي حاله
2insa,اِنْسَى,انسى
nassi,نَسِّي,نسي
2itnaasa,اِتْنَاسَى,اتناسى
yinsa,يِنْسَى,ينسى
2intisi,اِنْتِسِي,انتسي
yintisi,يِنْتِسِي,ينتسي
2intasa,اِنْتَسَى,انتسى
ynassi,ينَسِّي,ينسي
yitnaasa,يِتْنَاسَى,يتناسى
nisi,نِسِي,نسي
nassa,نَسَّى,نسى
tnaasa,تْنَاسَى,تناسى
nash2a,نَشْأَة,نشأة
2inshaa2,إِنْشَاء,إنشاء
kalaam 2inshaa2,كلَام إِنْشَاء,كلام إنشاء
nashshi2,نَشِّئ,نشئ
2inshi2,اِنْشِئ,انشئ
2insha2,اِنْشَأ,انشأ
yinsha2,يَنْشَأ,ينشأ
ynashshi2,ينَشِّئ,ينشئ
yinshi2,يِنْشِئ,ينشئ
nasha2,نَشَأ,نشأ
nashsha2,نَشَّأ,نشأ
2ansha2,أَنْشَأ,أنشأ
naashib,نَاشِب,ناشب
nashshaab,نَشَّاب,نشاب
2inshib,اِنْشِب,انشب
2inshab,اِنْشَب,انشب
yinshab,يِنْشَب,ينشب
yinshib,يِنْشِب,ينشب
nashab,نَشَب,نشب
nashab,نَشَب,نشب
2unshuude,أُنْشُودِة,أنشودة
munaashade,مُنَاشَدِة,مناشدة
nashiid,نَشِيد,نشيد
2anaashiid,أَنَاشِيد,أناشيد
2innashiid 2ilwatani,النَّشِيد الوَطَنِي,النشيد الوطني
2inshid,اِنْشِد,انشد
naashid,نَاشِد,ناشد
yinshid,يِنْشِد,ينشد
ynaashid,ينَاشِد,يناشد
2anshad,أَنْشَد,أنشد
naashad,نَاشَد,ناشد
minshaar,مِنْشَار,منشار
manshar,مَنْشَر,منشر
munshaar,مُنْشَار,منشار
manaashiir,مَنَاشِير,مناشير
manaashir,مَنَاشِر,مناشر
nashir,نَشِر,نشر
nashra,نَشْرَة,نشرة
2unshur,اُنْشُر,انشر
yunshur,يُنْشُر,ينشر
yunshuru ghasiil ba3d,يُنْشُروَا غسيل بعض,ينشروا غسيل بعض
nashar,نَشَر,نشر
nashshir,نَشِّر,نشر
ynashshir,ينَشِّر,ينشر
nashshar,نَشَّر,نشر
2intishir,اِنْتِشِر,انتشر
yintishir,يِنْتِشِر,ينتشر
2intashar,اِنْتَشَر,انتشر
naashiz,نَاشِز,ناشز
mnashshiz,مْنَشِّز,منشز
nashaaz,نَشَاز,نشاز
2unshuz,اُنْشُز,انشز
yunshuz,يُنْشُز,ينشز
nashshiz,نَشِّز,نشز
ynashshiz,ينَشِّز,ينشز
nashaz,نَشَز,نشز
nashshaz,نَشَّز,نشز
nashsh,نَشّ,نش
laa bihishsh wala binishsh,لَا بِيهِشّ ولَا بِينِشّ,لا بيهش ولا بينش
hashsh wunashsh,هَشّ ونَشّ,هش ونش
nishsh,نِشّ,نش
ynishsh,ينِشّ,ينش
nashsh,نَشّ,نش
nashiit,نَشِيط,نشيط
nashaat,نَشَاط,نشاط
naashit,نَاشِط,ناشط
2itnashshat,اِتْنَشَّط,اتنشط
yitnashshat,يِتْنَشَّط,يتنشط
tnashshat,تْنَشَّط,تنشط
2inshat,اِنْشَط,انشط
nashshit,نَشِّط,نشط
yinshat,يِنْشَط,ينشط
ynashshit,ينَشِّط,ينشط
nishit,نِشِط,نشط
nashshat,نَشَّط,نشط
mnashshi3,مْنَشِّع,منشع
2insha3,اِنْشَع,انشع
yinsha3,يِنْشَع,ينشع
nasha3,نَشَع,نشع
2anshaf,أَنْشَف,أنشف
naashif,نَاشِف,ناشف
mnashshaf,مْنَشَّف,منشف
nashaafe,نَشَافِة,نشافة
minshafe,مِنْشَفِة,منشفة
nashshaafe,نَشَّافِة,نشافة
nashafaan,نَشَفَان,نشفان
tanshiif,تَنْشِيف,تنشيف
nawaashif,نوَاشِف,نواشف
manaashif,مَنَاشِف,مناشف
nashshaf riiqi,نَشَّف ريقي,نشف ريقي
wijho naashif,وجهه نَاشِف,وجهه ناشف
2i7liqlo 3annaashif,اِحلقلُه عَالنَّاشِف,احلقله عالناشف
2inshaf,اِنْشَف,انشف
nashshif,نَشِّف,نشف
2itnashshaf,اِتْنَشَّف,اتنشف
2itnaashaf,اِتْنَاشَف,اتناشف
yinshaf,يِنْشَف,ينشف
ynashshif,ينَشِّف,ينشف
yitnashshaf,يِتْنَشَّف,يتنشف
yitnaashaf,يِتْنَاشَف,يتناشف
nishif,نِشِف,نشف
nashshaf,نَشَّف,نشف
tnashshaf,تْنَشَّف,تنشف
tnaashaf,تْنَاشَف,تناشف
2istinshaaq,اِسْتِنْشَاق,استنشاق
nshuuq,نْشُوق,نشوق
2unshuq,اُنْشُق,انشق
2istanshiq,اِسْتَنْشِق,استنشق
yistanshiq,يِسْتَنْشِق,يستنشق
yunshuq,يُنْشُق,ينشق
2istanshaq,اِسْتَنْشَق,استنشق
nashaq,نَشَق,نشق
nashle,نَشْلِة,نشلة
nashshaal,نَشَّال,نشال
2intishaal,اِنْتِشَال,انتشال
2inshil,اِنْشِل,انشل
2intishil,اِنْتِشِل,انتشل
yinshil,يِنْشِل,ينشل
yintishil,يِنْتِشِل,ينتشل
nashal,نَشَل,نشل
2intashal,اِنْتَشَل,انتشل
mnashshin,مْنَشِّن,منشن
2itnashshan,اِتْنَشَّن,اتنشن
yitnashshan,يِتْنَشَّن,يتنشن
tnashshan,تْنَشَّن,تنشن
nashshin,نَشِّن,نشن
nayshin,نَيْشِن,نيشن
ynashshin,ينَشِّن,ينشن
ynayshin,يْنَيْشِن,ينيشن
nashshan,نَشَّن,نشن
nayshan,نَيْشَن,نيشن
2itnashnash,اِتْنَشْنَش,اتنشنش
yitnashnash,يِتْنَشْنَش,يتنشنش
tnashnash,تْنَشْنَش,تنشنش
mintishi,مِنْتَشِي,منتشي
mnashshi,مْنَشِّي,منشي
nashwe,نَشْوِة,نشوة
nasha,نَشَا,نشا
nashawiyyaat,نَشويَّات,نشويات
2intashi,اِنْتَشِي,انتشي
yintashi,يِنْتَشِي,ينتشي
2intishi,اِنْتِشِي,انتشي
yintishi,يِنْتِشِي,ينتشي
2intasha,اِنْتَشَى,انتشى
muntasib,مُنْتَصِب,منتصب
nasbe,نَصْبِة,نصبة
nasib,نَصِب,نصب
mansuub,مَنْصُوب,منصوب
mansuub,مَنْصُوب,منصوب
nasbe,نَصْبِة,نصبة
mansab,مَنْصَب,منصب
nassaab,نَصَّاب,نصاب
nasiib,نَصِيب,نصيب
2intisaab,اِنْتِصَاب,انتصاب
manaasib,مَنَاصِب,مناصب
naasib,نَاصِب,ناصب
sa3iid 2innasbe,سعيد النصبة,سعيد النصبة
2akal 2illi fii 2innasiib,أَكل اللي فيه النَّصِيب,أكل اللي فيه النصيب
2a3teeto 2illi fii 2innasiib,أَعطيته اللي فيه النَّصِيب,أعطيته اللي فيه النصيب
nassib,نَصِّب,نصب
2unsub,اُنْصُب,انصب
ynassib,ينَصِّب,ينصب
yunsub,يُنْصُب,ينصب
2intasib,اِنْتَصِب,انتصب
yintasib,يِنْتَصِب,ينتصب
nassab,نَصَّب,نصب
nasab,نَصَب,نصب
2intasab,اِنْتَصَب,انتصب
naasi7,نَاصِح,ناصح
nas7aan,نَصْحَان,نصحان
mnassi7,مْنَصِّح,منصح
nasaa7a,نَصَاحَة,نصاحة
nasii7a,نَصِيحَة,نصيحة
nasaa2i7,نَصَائِح,نصائح
nasaayi7,نَصَايِح,نصايح
2insa7,اِنْصَح,انصح
nassi7,نَصِّح,نصح
2insa7,اِنْصَح,انصح
2itnaasa7,اِتْنَاصَح,اتناصح
2intasi7,اِنْتِصِح,انتصح
yinsa7,يِنْصَح,ينصح
ynassi7,ينَصِّح,ينصح
yinsa7,يِنْصَح,ينصح
yitnaasa7,يِتْنَاصَح,يتناصح
yintasi7,يِنْتِصِح,ينتصح
nisi7,نِصِح,نصح
nassa7,نَصَّح,نصح
nasa7,نَصَح,نصح
tnaasa7,تْنَاصَح,تناصح
2intasa7,اِنْتَصَح,انتصح
nasiir,نَصِير,نصير
naasiri,نَاصِري,ناصري
muntasir,مُنْتَصِر,منتصر
nasraani,نَصْرَانِي,نصراني
nasaara,نَصَارَى,نصارى
naasira,نَاصْرَة,ناصرة
nasraaniyye,نَصْرَانِيِّة,نصرانية
nasir,نَصِر,نصر
2intisaar,اِنْتِصَار,انتصار
yunsur diinak,يُنْصُر دينك,ينصر دينك
2unsur,اُنْصُر,انصر
2insur,اِنْصُر,انصر
naasir,نَاصِر,ناصر
2intisir,اِنْتِصِر,انتصر
nassir,نَصِّر,نصر
2itnassar,اِتْنَصَّر,اتنصر
yunsur,يُنْصُر,ينصر
yinsur,يِنْصُر,ينصر
ynaasir,ينَاصِر,يناصر
yintisir,يِنْتِصِر,ينتصر
ynassir,ينَصِّر,ينصر
yitnassar,يِتْنَصَّر,يتنصر
nasar,نَصَر,نصر
naasar,نَاصَر,ناصر
2intasar,اِنْـتَصَر,انـتصر
nassar,نَصَّر,نصر
tnassar,تْنَصَّر,تنصر
nussiyye,نُصِّيِّة,نصية
nussiyye,نُصِّيِّة,نصية
nass,نَصّ,نص
nusuus,نُصُوص,نصوص
nasaasi,نَصَاصِي,نصاصي
faatak nuss 3umrak,فَاتَك نُصّ عُمْرَك,فاتك نص عمرك
7alaawit 2innuss,حَلَاوِة النُّصّ,حلاوة النص
nuss,نُصّ,نص
ynuss,ينُصّ,ينص
nass,نَصّ,نص
naasi3,نَاصِع,ناصع
2insa3,اِنْصَع,انصع
yinsa3,يِنْصَع,ينصع
nasa3,نَصَع,نصع
nuss,نُصّ,نص
2ansaas,أَنْصَاص,أنصاص
nassis,نَصِّص,نصص
ynassis,ينَصِّص,ينصص
nassas,نَصَّص,نصص
munsif,مُنْصِف,منصف
nisif,نِصِف,نصف
2insaaf,إِنْصَاف,إنصاف
2ansaaf,أَنْصَاف,أنصاف
nassif,نَصِّف,نصف
2insif,اِنْصِف,انصف
ynassif,ينَصِّف,ينصف
yinsif,يِنْصِف,ينصف
nassaf,نَصَّف,نصف
2ansaf,أَنْصَف,أنصف
mitnassil,مِتْنَصِّل,متنصل
2itnassal,اِتْنَصَّل,اتنصل
yitnassal,يِتْنَصَّل,يتنصل
tnassal,تْنَصَّل,تنصل
naadib,نَاضِب,ناضب
2indab,اِنْضَب,انضب
yindab,يِنْضَب,ينضب
nadab,نَضَب,نضب
naadij,نَاضِج,ناضج
nuduuj,نُضُوج,نضوج
2unduj,اُنْضُج,انضج
2induj,اِنْضُج,انضج
yunduj,يُنْضُج,ينضج
yinduj,يِنْضُج,ينضج
2indij,اِنْضِج,انضج
yindij,يِنْضِج,ينضج
nadaj,نَضَج,نضج
2andaj,أَنْضَج,أنضج
kull 2inaa2 yanda7 bimaa fii,كل إِنَاء يَنْضَح بمَا فيه,كل إناء ينضح بما فيه
2inda7,اِنْضَح,انضح
yinda7,يِنْضَح,ينضح
nada7,نَضَح,نضح
nadwe,نَضْوِة,نضوة
mnaata7a,مْنَاطَحَة,مناطحة
naati7,نَاطِح,ناطح
mish 3aadjbak ruu7 2inta7 raasak bil7eet,مش عَاجبك روح اِنْطح رَاسك بَالحيط,مش عاجبك روح انطح راسك بالحيط
2itnaata7,اِتْنَاطَح,اتناطح
yitnaata7,يِتْنَاطَح,يتناطح
tnaata7,تْنَاطَح,تناطح
2inta7,اِنْطَح,انطح
naati7,نَاطِح,ناطح
yinta7,يِنْطَح,ينطح
ynaati7,ينَاطِح,يناطح
nata7,نَطَح,نطح
naata7,نَاطَح,ناطح
mantara,مَنْطَرَة,منطرة
manaatiir,مَنَاطِير,مناطير
mintaar,مِنْطَار,منطار
manaatir,مَنَاطِر,مناطر
naatir,نَاطِر,ناطر
nawaatiir,نَوَاطير,نواطير
natuur,نَاطُور,ناطور
biddak 3inab walla biddak tqaatil 2innaatuur,بدك عنب ولَا بدك تقَاتل النَّاطُور,بدك عنب ولا بدك تقاتل الناطور
2untur,اُنْطُر,انطر
nattir,نَطِّر,نطر
yuntur,يُنْطُر,ينطر
ynattir,ينَطِّر,ينطر
natar,نَطَر,نطر
nattar,نَطَّر,نطر
natze,نَطْزِة,نطزة
nattiz,نَطِّز,نطز
2untuz,اُنْطُز,انطز
yuntuz,يُنْطُز,ينطز
2intuz,اِنْطُز,انطز
yintuz,يِنْطُز,ينطز
ynattiz,ينَطِّز,ينطز
nataz,نَطَز,نطز
nattaz,نَطَّز,نطز
natta,نَطَّة,نطة
shattat wunattat,شطت ونطت,شطت ونطت
nutt,نُطّ,نط
2itnattat,اِتْنَطَّط,اتنطط
ynutt,ينُطّ,ينط
yitnattat,يِتْنَطَّط,يتنطط
natt,نَطّ,نط
tnattat,تْنَطَّط,تنطط
nati3,نَطِع,نطع
2itnatta3,اِتْنَطَّع,اتنطع
yitnatta3,يِتْنَطَّع,يتنطع
tnatta3,تْنَطَّع,تنطع
naatif,نَاطِف,ناطف
qalbi naatif,قلبي نَاطف,قلبي ناطف
2intuf,اِنْطُف,انطف
yintuf,يِنْطُف,ينطف
naatif,نَاطِف,ناطف
ynaatif,يْنَاطِف,يناطف
nataf,نَطَف,نطف
naataf,نَاطَف,ناطف
muntufli,مُنْطُفْلِي,منطفلي
mantiqi,مَنْطِقِي,منطقي
mantiqa,مَنْطِقَة,منطقة
mistantiq,مِسْتَنْطِق,مستنطق
mantiq,مَنْطِق,منطق
manaatiq,مَنَاطِق,مناطق
mantaq,مَنْطَق,منطق
khantaq mantaq,خنطق منطق,خنطق منطق
2ilkhaaliq 2innaatiq,الخَالِق النَّاطِق,الخالق الناطق
2untuq,اُنْطُق,انطق
nattiq,نَطِّق,نطق
naatiq,نَاطِق,ناطق
yuntuq,يُنْطُق,ينطق
ynattiq,ينَطِّق,ينطق
nataq,نَطَق,نطق
nattaq,نَطَّق,نطق
mantiq,مَنْطِق,منطق
ymantiq,يمَنْطِق,يمنطق
mantaq,مَنْطَق,منطق
natnata,نَطْنَطَة,نطنطة
natnit,نَطْنِط,نطنط
ynatnit,ينَطْنِط,ينطنط
natnat,نَطْنَط,نطنط
minti,مِنْطِي,منطي
2inti,اِنْطِي,انطي
yinti,يِنْطِي,ينطي
2anta,أَنْطَى,أنطى
manzara,مَنْظَرَة,منظرة
naddaara,نَظَّارَة,نظارة
nazra,نَظْرَة,نظرة
munaazara,مُنَاظَرَة,مناظرة
manzar,مَنْظَر,منظر
nazar,نَظَر,نظر
kullak nazar,كُلَّك نَظَر,كلك نظر
2intizaar,اِنْتِظَار,انتظار
tanziir,تَنْظِير,تنظير
nadhiir,نَظِير,نظير
manzuur,مَنْظوُر,منظور
naazuur,نَاظَوُر,ناظور
manaazir,مَنَاظِر,مناظر
nadhaa2ir,نَظَائِر,نظائر
nawaaziir,نَوَاظِير,نواظير
laa ma7dar wala mandhar,لَا محضر ولَا منظر,لا محضر ولا منظر
nazaro been 2ijree,نَظَرُه بين اجريه,نظره بين اجريه
nazaro 3aali,نَظَرُه عَالي,نظره عالي
nazaro waati,نَظَرُه وَاطِي,نظره واطي
nazaro 3aqaddo,نَظَرُه عقدُّه,نظره عقده
2unzur,اُنْظُر,انظر
nazzir,نَظِّر,نظر
naadhir,نَاظِر,ناظر
2intizir,اِنْتِظِر,انتظر
2intazir,اِنْتَظِر,انتظر
2itmanzar,اِتْمَنْظَر,اتمنظر
yinzur,يِنْظُر,ينظر
yunzur,يُنْظُر,ينظر
ynazzir,يِنَظِّر,ينظر
ynaadhir,ينَاظِر,يناظر
yintizir,يِنْتِظِر,ينتظر
yintazir,يِنْتَظِر,ينتظر
yitmanzar,يِتْمَنْظَر,يتمنظر
nazar,نَظَر,نظر
nazzar,نَظَّر,نظر
naadhar,نَاظَر,ناظر
2intazar,اِنْتَظَر,انتظر
tmanzar,تْمَنْظَر,تمنظر
ndiif,نْظِيف,نظيف
nadaayfi,نَظَايْفِي,نظايفي
ndaaf,نْظَاف,نظاف
mistandif,مِسْتَنْظِف,مستنظف
nadaafe,نَظَافِة,نظافة
tandiif,تَنْظِيف,تنظيف
sum3ito ndiife,سمعته نْظِيفِة,سمعته نظيفة
3ala nadaafe,على نَظَافِة,على نظافة
2indaf,اِنْظَف,انظف
naddif,نَظِّف,نظف
2itnaddaf,اِتْنَظَّف,اتنظف
2itnaadaf,اِتْنَاظَف,اتناظف
2istandif,اِسْتَنْظِف,استنظف
yindaf,يِنْظَف,ينظف
ynaddif,ينَظِّف,ينظف
yitnaddaf,يِتْنَظَّف,يتنظف
yitnaadaf,يِتْنَاظَف,يتناظف
yistandif,يِسْتَنْظِف,يستنظف
nidif,نِظِف,نظف
naddaf,نَظَّف,نظف
tnaddaf,تْنَظَّف,تنظف
tnaadaf,تْنَاظَف,تناظف
2istandaf,اِسْتَنْظَف,استنظف
munazzam,مُنَظَّم,منظم
munazzame,مُنَظَّمِة,منظمة
tanziim,تَنْظِيم,تنظيم
tanziim,تَنْظِيم,تنظيم
nizaam,نِظَام,نظام
nizaam,نِظَام,نظام
2anzime,أَنْظِمِة,أنظمة
nazzim,نَظِّم,نظم
ynazzim,ينَظِّم,ينظم
2itnazzam,اِتْنَظَّم,اتنظم
yitnazzam,يِتْنَظَّم,يتنظم
nazzam,نَظَّم,نظم
tnazzam,تْنَظَّم,تنظم
mna3bil,مْنَعْبِل,منعبل
mna3bal,مْنَعْبَل,منعبل
na3bale,نَعْبَلِة,نعبلة
2itna3bal,اِتْنَعْبَل,اتنعبل
yitna3bal,يِتْنَعْبَل,يتنعبل
tna3bal,تْنَعْبَل,تنعبل
na3bil,نَعْبِل,نعبل
yna3bil,ينَعْبِل,ينعبل
na3bal,نَعْبَل,نعبل
na3it,نَعِت,نعت
2in3at,اِنْعَت,انعت
yin3at,يِنْعَت,ينعت
na3at,نَعَت,نعت
na3je,نَعْجِة,نعجة
n3aaj,نْعَاج,نعاج
laban n3aaj,لبن نْعَاج,لبن نعاج
shuu hatta3je yaa na3je,شو هَالطَّعْجِة يَا نعجِة,شو هالطعجة يا نعجة
na3ra,نَعْرَة,نعرة
2in3ar,اِنْعَر,انعر
yin3ar,يِنْعَر,ينعر
na3ar,نَعَر,نعر
nu3aas,نُعَاس,نعاس
na3saan,نَعْسَان,نعسان
mna3wis,مْنَعْوِس,منعوس
na3se,نَعْسَة,نعسة
na3as,نَعَس,نعس
kasar na3sito,كَسَر نَعْسِتُه,كسر نعسته
na33is,نَعِّس,نعس
2in3as,اِنْعَس,انعس
yin3as,يِنْعَس,ينعس
yna33is,ينَعِّس,ينعس
na3wis,نَعْوِس,نعوس
yna3wis,ينَعْوِس,ينعوس
ni3is,نِعِس,نعس
na33as,نَعَّس,نعس
na3was,نَعْوَس,نعوس
munta3ish,مُنْتَعِش,منتعش
2inti3aash,اِنْتِعَاش,انتعاش
na3ish,نَعِش,نعش
2in3aash,اِنْعَاش,انعاش
nu3uush,نُعُوش,نعوش
mismaar fi na3ish,مِسْمَار في نَعِش,مسمار في نعش
2inti3ish,اِنْتِعِش,انتعش
2in3ish,اِنْعِش,انعش
yin3ish,يِنْعِش,ينعش
2in3aash,إِنْعَاش,إنعاش
yinti3ish,يِنْتِعِش,ينتعش
2in3ish,اِنْعِش,انعش
yin3ish,يِنْعِش,ينعش
na3ash,نَعَش,نعش
2an3ash,أَنْعَش,أنعش
2inta3ash,اِنْتَعَش,انتعش
na3if,نَعِف,نعف
na3if,نَعِف,نعف
na33aafe,نَعَّافِة,نعافة
2in3af,اِنَعَف,انعف
yin3af,يِنَعَف,ينعف
na3af,نَعَف,نعف
na3iiq,نَعِيق,نعيق
2in3aq,اِنْعَق,انعق
na33iq,نَعِّق,نعق
yin3aq,يِنْعَق,ينعق
yna33iq,ينَعِّق,ينعق
na3aq,نَعَق,نعق
na33aq,نَعَّق,نعق
na3kuush,نَعْكُوش,نعكوش
na3kashe,نَعْكَشِة,نعكشة
na3kish,نَعْكِش,نعكش
yna3kish,ينَعْكِش,ينعكش
na3kash,نَعْكَش,نعكش
na3il,نَعِل,نعل
n3aal,نْعَال,نعال
2an3am,أَنْعَم,أنعم
naa3im,نَاعِم,ناعم
na33uum,نَعُّوم,نعوم
na3iiman,نَعِيماً,نعيما
na3am,نَعَم,نعم
nu3uume,نُعُومِة,نعومة
na3aame,نَعَامِة,نعامة
ni3me,نِعْمِة,نعمة
na3aam,نَعَام,نعام
2an3um,أَنْعُم,أنعم
ni3am,نِعَم,نعم
min3im wumikrim,منعم ومكرم,منعم ومكرم
na3aame tkhabbit bibatnak,نَعَامِة تخبط ببطنك,نعامة تخبط ببطنك
na3aame turfusak,نَعَامِة ترفسك,نعامة ترفسك
ni3mit kariim,نعمة كريم,نعمة كريم
munzu nu3uumit 2adaafirha,مُنْذ نُعُومِة أَظَافِرُه,منذ نعومة أظافره
2alla yin3im 3aleek,الله يِنْعِم عليك,الله ينعم عليك
3alayy 2inni3me,علي النِّعمِة,علي النعمة
wi7yaat hanni3me,وحيَاة هَالنِّعمِة,وحياة هالنعمة
2ibin ni3me,اِبِن نِعْمِة,ابن نعمة
na33im,نَعِّم,نعم
2in3im,اِنْعِم,انعم
2itna33am,اِتْنَعَّم,اتنعم
2istan3im,اِسْتَنْعِم,استنعم
2in3am,اِنْعَم,انعم
yin3am,يِنْعَم,ينعم
yna33im,ينَعِّم,ينعم
yin3im,يِنْعِم,ينعم
yitna33am,يِتْنَعَّم,يتنعم
yistan3im,يِسْتَنْعِم,يستنعم
min3im,مِنْعِم,منعم
ni3im,نِعِم,نعم
na33am,نَعَّم,نعم
2an3am,أَنْعَم,أنعم
tna33am,تْنَعَّم,تنعم
2istan3am,اِسْتَنْعَم,استنعم
na3nash,نَعْنَش,نعنش
yna3nish,ينَعْنِش,ينعنش
na3nish,نَعْنِش,نعنش
tna3nash,تْنَعْنَش,تنعنش
yitna3nash,يِتْنَعْنَش,يتنعنش
2itna3nash,اِتْنَعْنَش,اتنعنش
mna3nish,مْنَعْنِش,منعنش
na3nashe,نَعْنَشِة,نعنشة
na3nuu3,نَعْنُون,نعنون
mna3na3,مْنَعْنَع,منعنع
na3aanii3,نَعَانِيع,نعانيع
na3na3,نَعْنَع,نعنع
b7ood na3na3,بحوض نعنع,بحوض نعنع
na3i,نَعِي,نعي
2in3i,اِنْعِي,انعي
yin3i,يِنْعِي,ينعي
na3a,نَعَى,نعى
2unghud,اُنْغُد,انغد
yunghud,يُنْغُد,ينغد
naghad,نَغَد,نغد
naaghriyye,نَاغْرِيِّة,ناغرية
naghze,نَغْزِة,نغزة
tanghiiz,تَنْغِيز,تنغيز
2itnaghghaz,اِتْنَغَّز,اتنغز
yitnaghghaz,يِتْنَغَّز,يتنغز
tnaghghaz,تْنَغَّز,تنغز
2inghuz,اِنْغُز,انغز
2unghuz,اُنْغُز,انغز
naghghiz,نَغِّز,نغز
yinghuz,يِنْغُز,ينغز
yunghuz,يُنْغُز,ينغز
ynaghghiz,ينَغِّز,ينغز
naghaz,نَغَز,نغز
naghghaz,نَغَّز,نغز
naghaashe,نَغَاشِة,نغاشة
nighish,نِغِش,نغش
mnaaghashe,مْنَاغَشِة,مناغشة
naaghish,نَاغِش,ناغش
naghghish,نَغِّش,نغش
2istanghish,اِسْتَنْغِش,استنغش
ynaghghish,ينَغِّش,ينغش
yitnaaghash,ينَاغِش,يناغش
yistanghish,يِسْتَنْغِش,يستنغش
naghghash,نَغَّش,نغش
naaghash,نَاغَش,ناغش
2istanghash,اِسْتَنْغَش,استنغش
mnaghghas,مْنَغَّص,منغص
tanghiis,تَنْغِيص,تنغيص
2itnaghghas,اِتْنَغَّص,اتنغص
yitnaghghas,يِتْنَغَّص,يتنغص
tnaghghas,تْنَغَّص,تنغص
naghghis,نَغِّص,نغص
ynaghghis,ينَغِّص,ينغص
naghghas,نَغَّص,نغص
naghil,نَغِل,نغل
naghil,نَغِل,نغل
2unghul,اُنْغُل,انغل
yunghul,يُنْغُل,ينغل
naghal,نَغَل,نغل
mutanaaghim,مُتَنَاغِم,متناغم
naghame,نَغَمِة,نغمة
tanaaghum,تَنَاغُم,تناغم
naghame jdiide,نَغَمِة جديدِة,نغمة جديدة
naghghim,نَغِّم,نغم
ynaghghim,ينَغِّم,ينغم
2itnaagham,اِتْنَاغَم,اتناغم
yitnaagham,يِتْنَاغَم,يتناغم
naghgham,نَغَّم,نغم
tnaagham,تْنَاغَم,تناغم
mnaghnigh,مْنَغْنِغ,منغنغ
naghnagha,نَغْنَغَة,نغنغة
naghnigh,نَغْنِغ,نغنغ
ynaghnigh,ينَغْنِغ,ينغنغ
naghnagh,نَغْنَغ,نغنغ
2itnaghnagh,اِتْنَغْنَغ,اتنغنغ
yitnaghnagh,يِتْنَغْنَغ,يتنغنغ
tnaghnagh,تْنَغْنَغ,تنغنغ
naghnafe,نَغْنَفِة,نغنفة
2itnaghnaf,اِتْنَغْنَف,اتنغنف
yitnaghnaf,يِتْنَغْنَف,يتنغنف
tnaghnaf,تْنَغْنَف,تنغنف
naftara,نَفْتَرَة,نفترة
2itnaftar,اِتْنَفْتَر,اتنفتر
yitnaftar,يِتْنَفْتَر,يتنفتر
tnaftar,تْنَفْتَر,تنفتر
nafse,نَفْثِة,نفثة
2unfus,اُنْفُث,انفث
yinfus,يِنْفُث,ينفث
nafas,نَفَث,نفث
manfuukh,مَنْفُوخ,منفوخ
manfuukh,مَنْفُوخ,منفوخ
nafkha,نَفْخَة,نفخة
munfaakh,مُنْفَاخ,منفاخ
naafuukh,نَافُوخ,نافوخ
manaafiikh,مَنَافِيخ,منافيخ
nawaafiikh,نَوَافِيخ,نوافيخ
rii7 yinfukh batnak,ريح يِنْفُخ بطنك,ريح ينفخ بطنك
7ill 3ann naafuukhi,حِل عن نَافُوخِي,حل عن نافوخي
2itnaffakh,اِتْنَفَّخ,اتنفخ
yitnaffakh,يِتْنَفَّخ,يتنفخ
tnaffakh,تْنَفَّخ,تنفخ
2unfukh,اِنْفُخ,انفخ
2intifikh,اِنْتِفِخ,انتفخ
naafikh,نَافِخ,نافخ
naffikh,نَفِّخ,نفخ
yinfukh,يِنْفُخ,ينفخ
yintifikh,يِنْتِفِخ,ينتفخ
ynaafikh,ينَافِخ,ينافخ
ynaffikh,ينَفِّخ,ينفخ
nafakh,نَفَخ,نفخ
2intafakh,اِنْتَفَخ,انتفخ
naafakh,نَافَخ,نافخ
naffakh,نَفَّخ,نفخ
naafidh,نَافِذ,نافذ
mnaffid,مْنَفِّذ,منفذ
naafiz,نَافِذ,نافذ
mnaffiz,مْنَفِّذ,منفذ
naafize,نَافِذِة,نافذة
tanfiiz,تَنْفِيذ,تنفيذ
manfaz,مَنْفَذ,منفذ
nufuuz,نُفُوذ,نفوذ
manaafiz,مَنَافِذ,منافذ
nawaafiz,نَوَافِذ,نوافذ
2itnaffaz,اِتْنَفَّذ,اتنفذ
yitnaffaz,يِتْنَفَّذ,يتنفذ
tnaffaz,تْنَفَّذ,تنفذ
2unfud bijildak,اُنْفُذ بجِلْدَك,انفذ بجلدك
2unfud biriishak,اُنْفُذ بريشَك,انفذ بريشك
2unfud,اُنْفُذ,انفذ
naffiz,نَفِّذ,نفذ
2istanfiz,اِسْتَنْفِذ,استنفذ
naffid,نَفِّذ,نفذ
2infaz,اِنْفَذ,انفذ
2unfuz,اُنْفُذ,انفذ
yunfud,يُنْفُذ,ينفذ
yinfaz,يِنْفَذ,ينفذ
yunfuz,يُنْفُذ,ينفذ
ynaffiz,ينَفِّذ,ينفذ
ynaffid,ينَفِّذ,ينفذ
yistanfiz,يِسْتَنْفِذ,يستنفذ
nafad,نَفَذ,نفذ
nafaz,نَفَذ,نفذ
naffaz,نَفَّذ,نفذ
naffad,نَفَّذ,نفذ
2istanfaz,اِسْتَنْفَذ,استنفذ
munaffir,مُنْفِّر,منفر
mutanaafir,مُتَنَافِر,متنافر
mustanfir,مُسْتَنْفِر,مستنفر
naafuura,نَافُورَة,نافورة
nafar,نَفَر,نفر
nawaafiir,نَوَافِير,نوافير
2anfaar,أَنْفَار,أنفار
naafuura wufat7it,نَافورَة وفَتَحت,نافورة وفتحت
bi3ayyit mitil 2innaafuura,بِيعيِّط مِثِل النَّافُورَة,بيعيط مثل النافورة
naafuurit 3yaat,نَافورَة عْيَاط,نافورة عياط
2infur,اِنْفُر,انفر
naffir,نَفِّر,نفر
2itnaafar,اِتْنَافَر,اتنافر
2istanfir,اِسْتَنْفِر,استنفر
yinfur,يِنْفُر,ينفر
ynaffir,ينَفِّر,ينفر
yitnaafar,يِتْنَافَر,يتنافر
yistanfir,يِسْتَنْفِر,يستنفر
nafar,نَفَر,نفر
naffar,نَفَّر,نفر
tnaafar,تْنَافَر,تنافر
2istanfar,اِسْتَنْفَر,استنفر
tnaftar,تْنَفْتَر,تنفتر
yitnaftar,يِتْنَفْتَر,يتنفتر
2itnaftar,اِتْنَفْتَر,اتنفتر
nafsiyye,نَفْسِيِّة,نفسية
nafasa,نَفَسَا,نفسا
mtanfis,مْتَنْفِس,متنفس
mnasin,مْنَفْسِن,منفسن
nafiis,نَفِيس,نفيس
mnaffis,مْنَفِّس,منفس
munaafase,مُنَافَسِة,منافسة
nafs,نَفْس,نفس
nifis,نِفِس,نفس
tanaffus,تَنَفُّس,تنفس
munaafis,مُنَافِس,منافس
nfaas,نْفَاس,نفاس
nafas,نَفَس,نفس
manfas,مَنْفَس,منفس
nafas,نَفَس,نفس
nfuus,نْفُوس,نفوس
2anfus,أَنْفُس,أنفس
manaafis,مَنَافِس,منافس
manaafis,مَنَافِس,منافس
2akilto manfuuse,أَكلته منفوسة,أكلته منفوسة
la2aakhir nafas,لآخِر نَفَس,لآخر نفس
kasar nifso,كسر نِفْسُه,كسر نفسه
2infat7at manaafsi,اِنفتحت منَافسي,انفتحت منافسي
nifso 3aziize,نِفْسُه عزيزة,نفسه عزيزة
nifso taybe,نِفْسُه طيبة,نفسه طيبة
nafsiyyaat m7amda,نَفْسِيَّات مْحَمْضِة,نفسيات محمضة
nifso 7aamda,نفسه حَامْضَة,نفسه حامضة
nifso m7aamda,نفسه مْحَمْضَة,نفسه محمضة
nifso shaayfe,نفسه شَايفِة,نفسه شايفة
nifso tariyye,نفسه طرية,نفسه طرية
nifso khadra,نفسه خَضْرَا,نفسه خضرا
nifso maftuu7a,نِفْسُه مفتوحَة,نفسه مفتوحة
nifso mayte,نِفْسُه ميتة,نفسه ميتة
2inqata3 nafasi,اِنْقَطَع نَفَسِي,انقطع نفسي
wala nafas,وَلَا نَفَس,ولا نفس
biddiish 2asma3 nafasak,بدِّيش أَسْمَع نَفَسَك,بديش أسمع نفسك
2itnaafas,اِتْنَافَس,اتنافس
yitnaafas,يِتْنَافَس,يتنافس
tnaafas,تْنَافَس,تنافس
naffis,نَفِّس,نفس
2itnaffas,اِتْنَفَّس,اتنفس
naafis,نَافِس,نافس
tanfis,تَنْفِس,تنفس
2infis,اِنْفِس,انفس
nafsin,نَفْسِن,نفسن
ynaffis,يِنَفِّس,ينفس
yitnaffas,يِتْنَفَّس,يتنفس
ynaafis,ينَافِس,ينافس
ytanfis,يتَنْفِس,يتنفس
yinfis,يِنْفِس,ينفس
ynafsin,ينَفْسِن,ينفسن
naffas,نَفَّس,نفس
nafsiyye,نَفْسِيِّة,نفسية
manfuus,مَنْفُوس,منفوس
tnaffas,تْنَفَّس,تنفس
naafas,نَافَس,نافس
tanfas,تَنْفَس,تنفس
nafas,نَفَس,نفس
nafsan,نَفْسَن,نفسن
nifso saadde,نِفْسُه سَادِّة,نفسه سادة
manfuush,مَنْفُوش,منفوش
naafish,نَافِش,نافش
nafshe,نَفْشِة,نفشة
nafish,نَفِش,نفش
naafish 7aalo mitil 2inniis,نَافش حَاله مثل النيص,نافش حاله مثل النيص
nafash riisho,نَفَش ريشُه,نفش ريشه
naffish,نَفِّش,نفش
2infush,اِنْفُش,انفش
2unfush,اُنْفُش,انفش
yinfush,يِنْفُش,ينفش
yunfush,يُنْفُش,ينفش
ynaffish,ينَفِّش,ينفش
nafash,نَفَش,نفش
naffash,نَفَّش,نفش
mnaffid,مْنَفِّض,منفض
minfada,مِنْفَضَة,منفضة
manaafid,مَنَافِض,منافض
2intifid,اِنْتِفِض,انتفض
yintifid,يِنْتِفِض,ينتفض
2intafad,اِنْتَفَض,انتفض
2intifaada,اِنْتِفَاضَة,انتفاضة
nafid,نَفِض,نفض
yil3an 2abu 2illi nafadak,يلعن أبو اللي نفضك,يلعن أبو اللي نفضك
naffid 2edee,نَفَّض ايديه,نفض ايديه
2unfud,اُنْفُض,انفض
naffid,نَفِّض,نفض
yunfud,يُنْفُض,ينفض
ynaffid,ينَفِّض,ينفض
nafad,نَفَض,نفض
naffad,نَفَّض,نفض
naafi3,نَافِع,نافع
muntafi3,مُنْتَفِع,منتفع
manfa3a,مَنْفَعَة,منفعة
nafi3,نَفِع,نفع
2intifaa3,اِنْتِفَاع,انتفاع
manaafi3,مَنَافِع,منافع
2infa3,اِنْفَع,انفع
naffi3,نَفِّع,نفع
2itnaffa3,اِتْنَفَّع,اتنفع
2istanfi3,اِسْتَنْفِع,استنفع
2intifi3,اِنْتِفِع,انتفع
yinfa3,يِنْفَع,ينفع
ynaffi3,ينَفِّع,ينفع
yitnaffa3,يِتْنَفَّع,يتنفع
yistanfi3,يِسْتَنْفِع,يستنفع
yintifi3,يِنْتِفِع,ينتفع
2infa3,اِنْفَع,انفع
yinfa3,يِنْفَع,ينفع
nafa3,نَفَع,نفع
nifi3,نِفِع,نفع
naffa3,نَفَّع,نفع
tnaffa3,تْنَفَّع,تنفع
2istanfa3,اِسْتَنْفَع,استنفع
2intafa3,اِنْتَفَع,انتفع
niff,نِفّ,نف
yniff,ينِفّ,ينف
naff,نَفّ,نف
munaafiq,مُنَافِق,منافق
naafiq,نَافِق,نافق
mnaffiq,مْنَفِّق,منفق
nafaqa,نَفَقَة,نفقة
nafaq,نَفَق,نفق
nifaaq,نِفَاق,نفاق
2anfaaq,أَنْفَاق,أنفاق
2unfuq,اُنْفُق,انفق
naffiq,نَفِّق,نفق
2infiq,اِنْفِق,انفق
naafiq,نَافِق,نافق
yunfuq,يُنْفُق,ينفق
ynaffiq,ينَفِّق,ينفق
yinfiq,يِنْفِق,ينفق
ynaafiq,ينَافِق,ينافق
nafaq,نَفَق,نفق
naffaq,نَفَّق,نفق
2anfaq,أَنْفَق,أنفق
naafaq,نَافَق,نافق
manfuul,مَنْفُول,منفول
mnaffal,مْنَفَّل,منفل
naafile,نَافِلِة,نافلة
nawaafil,نوَافِل,نوافل
nafal,نَفَل,نفل
2itnaffal,اِتْنَفَّل,اتنفل
yitnaffal,يِتْنَفَّل,يتنفل
tnaffal,تْنَفَّل,تنفل
2infil,اِنْفِل,انفل
2unful,اُنْفُل,انفل
naffil,نَفِّل,نفل
yinfil,يِنْفِل,ينفل
yunful,يُنْفُل,ينفل
ynaffil,ينَفِّل,ينفل
nafal,نَفَل,نفل
naffal,نَفَّل,نفل
manfi,مَنْفِي,منفي
nufaayaat,نُفَايَات,نفايات
nafi,نَفِي,نفي
manfa,مَنْفَى,منفى
2infi,اِنْفِي,انفي
yinfi,يِنْفِي,ينفي
2itnaafa,اِتْنَافَى,اتنافى
yitnaafa,يِتْنَافَى,يتنافى
nafa,نَفَى,نفى
tnaafa,تْنَافَى,تنافى
mnaqqab,مْنَقَّب,منقب
mnaqqab,مْنَقَّب,منقب
naqab,نَقَب,نقب
naqaabe,نَقَابِة,نقابة
tanqiib,تَنْقِيب,تنقيب
naqiib,نَقِيب,نقيب
niqaab,نِقَاب,نقاب
nuqabaa2,نُقَبَاء,نقباء
naqqib,نَقِّب,نقب
2itnaqqab,اِتْنَقَّب,اتنقب
ynaqqib,ينَقِّب,ينقب
yitnaqqab,يِتْنَقَّب,يتنقب
naqqab,نَقَّب,نقب
tnaqqab,تْنَقَّب,تنقب
mnaqqa7,مْنَقَّح,منقح
tanqii7,تَنْقِيح,تنقيح
btinqa7 3aleehum karaamithum,بتنقح عليهم كرَامتهم,بتنقح عليهم كرامتهم
2inkga7,اِنْقَح,انقح
naqqi7,نَقِّح,نقح
yinkga7,يِنْقَح,ينقح
ynaqqi7,ينَقِّح,ينقح
nakga7,نَقَح,نقح
naqqa7,نَقَّح,نقح
naqid,نَقِد,نقد
2intiqaad,اِنْتَقَاد,انتقاد
naaqid,نَاقِد,ناقد
2intiqid,اِنْتَقِد,انتقد
yintiqid,يِنْتَقِد,ينتقد
2intaqad,اِنْتَقَد,انتقد
minqiz,مِنْقِذ,منقذ
munqiz,مُنْقِذ,منقذ
2inqaaz,اِنْقَاذ,انقاذ
2inqiz,اِنْقِذ,انقذ
yinqiz,يِنْقِذ,ينقذ
2anqaz,أَنْقَذ,أنقذ
naqra,نَقْرَة,نقرة
mnooqir,مْنَوقِر,منوقر
nooqara,نَوقَرَة,نوقرة
nooqar,نَوقَر,نوقر
nooqir,نَوقِر,نوقر
ynooqir,ينَوقِر,ينوقر
naaqir,نَاقِر,ناقر
mnaaqara,مْنَاقَرَة,مناقرة
nuqqaara,نُقَّارَة,نقارة
naqir,نَقِر,نقر
minqaar,مِنْقَار,منقار
manaaqiir,مَنَاقِير,مناقير
nuqqur,نُقُّر,نقر
2abu 2innuqqur,أَبو النقُّر,أبو النقر
nuqqar,نُقَّر,نقر
2abuu 2innuqqar,أَبو النقَّر,أبو النقر
nuqur,نُقُر,نقر
fuqur wunuqur,فقر و نُقُر,فقر و نقر
naqar raasi,نَقَر رَاسي,نقر راسي
naaqir winqiir,نَاقِر ونقير,ناقر ونقير
munqur 2ilkuusa,مُنْقُر الكوسَا,منقر الكوسا
nuqqaarat 2issakhir,نُقَّارَة الصخِر,نقارة الصخر
2itnaqqar,اِتْنَقَّر,اتنقر
yitnaqqar,يِتْنَقَّر,يتنقر
tnaqqar,تْنَقَّر,تنقر
2unqur,اُنْقُر,انقر
naqqir,نَقِّر,نقر
2itnaaqar,اِتْنَاقَر,اتناقر
naqwir,نَقْوِر,نقور
munqur,مُنْقُر,منقر
yunqur,يُنْقُر,ينقر
ynaqqir,ينَقِّر,ينقر
yitnaaqar,يِتْنَاقَر,يتناقر
ynaqwir,ينَقْوِر,ينقور
naqar,نَقَر,نقر
naqqar,نَقَّر,نقر
tnaaqar,تْنَاقَر,تناقر
naqwar,نَقْوَر,نقور
mnaqkriz,مْنَقْرِز,منقرز
naqkriz,نَقْرِز,نقرز
ynaqkriz,ينَقْرِز,ينقرز
naqkraz,نَقْرَز,نقرز
nuqrus,نُقْرُس,نقرس
naqrashe,نَقْرَشِة,نقرشة
nuqreeshe,نُقْرَيشِة,نقريشة
2itnaqrash,اِتْنَقْرَش,اتنقرش
yitnaqrash,يِتْنَقْرَش,يتنقرش
tnaqrash,تْنَقْرَش,تنقرش
nuqkze,نُقْزِة,نقزة
nuqkuz,نُقُز,نقز
2inquz,اِنْقُز,انقز
naqqiz,نَقِّز,نقز
yinquz,يِنْقُز,ينقز
ynaqqiz,ينَقِّز,ينقز
naqaz,نَقَز,نقز
naqqaz,نَقَّز,نقز
naaquus,نَاقُوس,ناقوس
nawaaqiis,نَوَاقِيس,نواقيس
daqq naaquus 2ilkhatar,دَقّ نَاقُوس الخَطَر,دق ناقوس الخطر
manquush,مَنْقُوش,منقوش
naqshe,نَقْشِة,نقشة
manquushe,مَنْقوُشِة,منقوشة
niqaash,نِقَاش,نقاش
nquush,نْقُوش,نقوش
manaaqiish,مَنَاقِيش,مناقيش
2itnaqqash,اِتْنَقَّش,اتنقش
yitnaqqash,يِتْنَقَّش,يتنقش
tnaqqash,تْنَقَّش,تنقش
naqqish,نَقِّش,نقش
ynaqqish,ينَقِّش,ينقش
naqqash,نَقَّش,نقش
2unqush,اُنْقُش,انقش
naaqish,نَاقِش,ناقش
yunqush,يُنْقُش,ينقش
ynaaqish,ينَاقِش,يناقش
naqash,نَقَش,نقش
naaqash,نَاقَش,ناقش
naaqis,نَاقِص,ناقص
nqiisa,نْقِيصَة,نقيصة
naaqis,نَاقِص,ناقص
nawaaqis,نوَاقِص,نواقص
quudil manaaqis,قود المنَاقص,قود المناقص
binnaaqis,بَالنَّاقِص,بالناقص
manaaqis,مَنَاقِس,مناقس
manqasa,مَنْقَصَة,منقصة
2itnaqqas,اِتْنَقَّص,اتنقص
yitnaqqas,يِتْنَقَّص,يتنقص
tnaqqas,تْنَقَّص,تنقص
2inqas,اِنْقَص,انقص
naqqis,نَقِّص,نقص
2istanqis,اِسْتَنْقِص,استنقص
yinqas,يِنْقَص,ينقص
ynaqqis,ينَقِّص,ينقص
yistanqis,يِسْتَنْقِص,يستنقص
niqis,نِقِص,نقص
naqqas,نَقَّص,نقص
2istanqas,اِسْتَنْقَص,استنقص
mutanaaqid,مُتَنَاقِض,متناقض
naqiid,نَقِيض,نقيض
naqd,نَقْض,نقض
tanaaqud,تَنَاقُض,تناقض
2anqaad,أَنْقَاض,أنقاض
2unqud,اُنْقُض,انقض
naaqid,نَاقِض,ناقض
yunqud,يُنْقُض,ينقض
ynaaqid,ينَاقِض,يناقض
2itnaaqad,اِتْنَاقَض,اتناقض
yitnaaqad,يِتْنَاقَض,يتناقض
naqad,نَقَض,نقض
naaqad,نَاقَض,ناقض
tnaaqad,تْنَاقَض,تناقض
nuqta,نُقْطَة,نقطة
nquut,نْقُوط,نقوط
tanqiit,تَنْقِيط,تنقيط
niqaat,نِقَاط,نقاط
nuqat,نُقَط,نقط
naqqitna biskuutak,نَقِّطنَا بسكوتَك,نقطنا بسكوتك
daa2 2innuqta,دَاء النُّقطَة,داء النقطة
2itnaqqat,اِتْنَقَّط,اتنقط
yitnaqqat,يِتْنَقَّط,يتنقط
tnaqqat,تْنَقَّط,تنقط
naqqit,نَقِّط,نقط
naqqit,نَقِّط,نقط
ynaqqit,يْنَقِّط,ينقط
ynaqqit,يْنَقِّط,ينقط
naqqat,نَقَّط,نقط
naqqat,نَقَّط,نقط
manquu3,مَنْقُوع,منقوع
naqi3,نَقِع,نقع
mustanqa3,مُسْتَنْقَع,مستنقع
2intiqi3,اِنْتِقِع,انتقع
yintiqi3,يِنْتِقِع,ينتقع
2intaqa3,اِنْتَقَع,انتقع
2inqa3,اِنْقَع,انقع
yinqa3,يِنْقَع,ينقع
naqa3,نَقَع,نقع
mnaaqafe,مْنَاقَفِة,مناقفة
naqqafe,نَقَّافِة,نقافة
naqqif,نَقِّف,نقف
ynaqqif,ينَقِّف,ينقف
naqqaf,نَقَّف,نقف
naqqaaq,نَقَّاق,نقاق
naqq,نَقّ,نق
manquuqman2uu2,مَنْقُوق,منقوق
nuqq,نُقّ,نق
ynuqq,ينُقّ,ينق
naqq,نَقّ,نق
manqal,مَنْقَل,منقل
naqil,نَقِل,نقل
tanaqqul,تَنَقُّل,تنقل
tanaaqul,تَنَاقُل,تناقل
naqil,نَقِل,نقل
manaaqil,مَنَاقِل,مناقل
2inqaal,اِنْقَال,انقال
yinqaal,يِنْقَال,ينقال
2inqaal,اِنْقَال,انقال
2intiqil,اِنْتِقِل,انتقل
yintiqil,يِنْتِقِل,ينتقل
2intaqal,اِنْتَقَل,انتقل
manquul,مَنْقُول,منقول
2unqul,اُنْقُل,انقل
2itnaqqal,اِتْنَقَّل,اتنقل
naqqil,نَقِّل,نقل
2itnaaqal,اِتْنَاقَل,اتناقل
yunqul,يُنْقُل,ينقل
yitnaqqal,يِتْنَقَّل,يتنقل
ynaqqil,ينَقِّل,ينقل
yitnaaqal,يِتْنَاقَل,يتناقل
naqal,نَقَل,نقل
tnaqqal,تْنَقَّل,تنقل
naqqal,نَقَّل,نقل
tnaaqal,تْنَاقَل,تناقل
naaqim,نَاقِم,ناقم
naqme,نَقْمِة,نقمة
2intaqim,اِنْتِقِم,انتقم
2itnaggam,اِتْنَقَّم,اتنقم
2inqum,اُنْقُم,انقم
yintaqim,يِنْتِقِم,ينتقم
yitnaggam,يِتْنَقَّم,يتنقم
yinqum,يِنْقُم,ينقم
2intaqam,اِنْتَقَم,انتقم
tnaggam,تْنَقَّم,تنقم
naqam,نَقَم,نقم
naqnaqa,نَقْنَقَة,نقنقة
naqaanqaaye,نَقَانْقَايِة,نقانقاية
nakniik,نَقْنِيق,نقنيق
naqaaniq,نَقَانِق,نقانق
naqniq,نَقْنِق,نقنق
ynaqniq,ينَقْنِق,ينقنق
naqnaq,نَقْنَق,نقنق
naqwade,نَقْوَدِة,نقودة
tniqwid,تْنَقْوِد,تنقود
2itnaqwad,اِتْنَقْوَد,اتنقود
yitnaqwad,يِتْنَقْوَد,يتنقود
tnaqwad,تْنَقْوَد,تنقود
naqi,نَقِي,نقي
tinqaaye,تِنْقَايِة,تنقاية
naqaa2,نَقَاء,نقاء
2itnaqqa,اِتْنَقَّى,اتنقى
yitnaqqa,يِتْنَقَّى,يتنقى
tnaqqa,تْنَقَّى,تنقى
naqqi wista7li,نَقِّي وَاسْتَحْلِي,نقي واستحلي
naqqi,نَقِّي,نقي
ynaqqil,ينَقِّي,ينقي
naqqa,نَقَّى,نقى
2intiqi,اِنْتِقِي,انتقي
yintiqi,يِنْتِقِي,ينتقي
2intaqa,اِنْتَقَى,انتقى
mankuub,مَنْكُوب,منكوب
manaakiib,مَنَاكِيب,مناكيب
nakbe,نَكْبِة,نكبة
nakbe,نَكْبِة,نكبة
2inkib,اِنْكِب,انكب
2unkub,اُنْكُب,انكب
yinkib,يِنْكِب,ينكب
yunkub,يُنْكُب,ينكب
nakab,نَكَب,نكب
naakit,نَاكِت,ناكت
nukte,نُكْتِة,نكتة
nakaate,نَكَاتِة,نكاتة
nukat,نُكَت,نكت
nukatji,نُكَتْجِي,نكتجي
2unkut,اُنْكُت,انكت
2inkut,اِنْكُت,انكت
nakkit,نَكِّت,نكت
2itnakwat,اِتْنَكْوَت,اتنكوت
yunkut,يُنْكُت,ينكت
yinkut,يِنْكُت,ينكت
ynakkit,ينَكِّت,ينكت
yitnakwat,يِتْنَكْوَت,يتنكوت
nakat,نَكَت,نكت
nakkat,نَكَّت,نكت
tnakwat,تْنَكْوَت,تنكوت
2inka7,اِنْكَح,انكح
yinka7,يِنْكَح,ينكح
naka7,نَكَح,نكح
nikaa7,نِكَاح,نكاح
nakadi,نَكَدِي,نكدي
nikid,نِكِد,نكد
nikadi,نِكَدِي,نكدي
mnakkid,مْنَكِّد,منكد
mnakkid,مْنَكِّد,منكد
nakad,نَكَد,نكد
2itnakkad,اِتْنَكَّد,اتنكد
yitnakkad,يِتْنَكَّد,يتنكد
tnakkad,تْنَكَّد,تنكد
nakkid,نَكِّد,نكد
ynakkid,ينَكِّد,ينكد
nakkad,نَكَّد,نكد
minkir,مِنْكِر,منكر
mitnakkir,مِتْنَكِّر,متنكر
tanakkuri,تَنَكُّرِي,تنكري
naakir,نَاكِر,ناكر
m2ankir,مْأَنْكِر,مأنكر
mwankir,مْوَنْكِر,مونكر
nakira,نَكِرَة,نكرة
nukraan,نُكْرَان,نكران
tnakkur,تَنَكُّر,تنكر
naakir 2ilfadil,نَاكِر الفَضِل,ناكر الفضل
naakir 2aslo,نَاكِر أصلُه,ناكر أصله
naakir 2iljamiil,نَاكِر الجَمِيل,ناكر الجميل
naakir 2il3ishra,نَاكِر العِشْرَة,ناكر العشرة
mitnakkir la2aslo,مِتْنَكِّر لأصله,متنكر لأصله
2inkir,اِنْكِر,انكر
wankir,وَنْكِر,ونكر
2unkur,اِنْكُر,انكر
2itnakkar,اِتْنَكَّر,اتنكر
yinkir,يِنْكِر,ينكر
ywankir,يوَنْكِر,يونكر
yunkur,يُنْكُر,ينكر
2istinkaar,اِسْتِنْكَار,استنكار
yitnakkar,يِتْنَكَّر,يتنكر
2ankar,أَنْكَر,أنكر
wankar,وَنْكَر,ونكر
nakar,نَكَر,نكر
tnakkar,تْنَكَّر,تنكر
nakze,نَكْزِة,نكزة
2unkuz,اُنْكُز,انكز
2inkuz,اِنْكُز,انكز
yunkuz,يُنْكُز,ينكز
yinkuz,يِنْكُز,ينكز
nakaz,نَكَز,نكز
nakse,نَكْسِة,نكسة
nakse,نَكْسِة,نكسة
2intikaase,اِنْتِكَاسِة,انتكاسة
2inkis,اِنْكِس,انكس
nakkis,نَكِّس,نكس
2intikis,اِنْتِكِس,انتكس
yinkis,يِنْكِس,ينكس
ynakkis,ينَكِّس,ينكس
2itnakkas,اِتْنَكَّس,اتنكس
yitnakkas,يِتْنَكَّس,يتنكس
yintikis,يِنْتِكِس,ينتكس
nakas,نَكَس,نكس
nakkas,نَكَّس,نكس
tnakkas,تْنَكَّس,تنكس
2intakas,اِنْتَكَس,انتكس
mnakkash,مْنَكَّش,منكش
mankuush,مَنْكُوش,منكوش
nakshe,نَكْشِة,نكشة
mankuushe,مَنْكُوشِة,منكوشة
nakkaashe,نَكَّاشِة,نكاشة
nakshe,نَكْشِة,نكشة
nakkaashit 2asnaan,نَكَّاشِة اسنَان,نكاشة اسنان
nakkaashit dineen,نَكَّاشِة ذنين,نكاشة ذنين
bankush raas,بنكش رَاس,بنكش راس
nakshit raas,نَكْشِة رَاس,نكشة راس
2intikish,اِنْتِكِش,انتكش
yintikish,يِنْتِكِش,ينتكش
2intakash,اِنْتَكَش,انتكش
nakkish,نَكِّش,نكش
2unkush,اِنْكُش,انكش
nakash,يُنْكُش,ينكش
ynakkish,يْنَكِّش,ينكش
bankush,نَكَش,نكش
nakkash,نَكَّش,نكش
naakif,نَاكِف,ناكف
mustankif,مُسْتَنْكِف,مستنكف
mnaakafe,مْنَاكَفِة,مناكفة
nkuuf,نْكُوف,نكوف
2unkuf,اُنْكُف,انكف
naakif,نَاكِف,ناكف
2istankif,اِسْتَنْكِف,استنكف
yinkuf,يِنْكُف,ينكف
ynaakif,ينَاكِف,يناكف
yistankif,يِسْتَنْكِف,يستنكف
nakaf,نَكَف,نكف
naakaf,نَاكَف,ناكف
2istankaf,اِسْتَنْكَف,استنكف
nikgle,نِكْلِة,نكلة
tankiil,تَنْكِيل,تنكيل
biswaash nigle,بسوَاش نكلة,بسواش نكلة
nakkil,نَكِّل,نكل
ynakkil,ينَكِّل,ينكل
nakkal,نَكَّل,نكل
mnakkah,مْنَكَّه,منكه
nakha,نَكْهَة,نكهة
2itnakkah,اِتْنَكَّه,اتنكه
yitnakkah,يِتْنَكَّه,يتنكه
tnakkah,تْنَكَّه,تنكه
nakkih,نَكِّه,نكه
ynakkih,ينَكِّه,ينكه
nakkah,نَكَّه,نكه
nikaaye,نِكَايِة,نكاية
2inki,اِنْكِي,انكي
yinki,يِنْكِي,ينكي
naka,نَكَى,نكى
nammuura,نَمُّورَة,نمورة
numra,نُمْرَة,نمرة
tanammur,تَنَمُّر,تنمر
mutanammir,مُتَنَمِّر,متنمر
nimir,نِمِر,نمر
numuur,نُمُور,نمور
numar,نُمَر,نمر
khudlak 3ahannumra,خذلك عهَالنُّمرَة,خذلك عهالنمرة
2itnammar,اِتْنَمَّر,اتنمر
nammir,نَمِّر,نمر
yitnammar,يِتْنَمَّر,يتنمر
ynammir,ينَمِّر,ينمر
tnammar,تْنَمَّر,تنمر
nammar,نَمَّر,نمر
namruud,نَمْرُود,نمرود
namaariid,نَمَارِيد,نماريد
2itnamrad,اِتْنَمْرَد,اتنمرد
yitnamrad,يِتْنَمْرَد,يتنمرد
tnamrad,تْنَمْرَد,تنمرد
nimis,نِمِس,نمس
mnammish,مْنَمِّش,منمش
namash,نَمَش,نمش
nammish,نَمِّش,نمش
ynammish,ينَمِّش,ينمش
nammash,نَمَّش,نمش
tanmiit,تَنْمِيط,تنميط
namat,نَمَط,نمط
2anmaat,أَنْمَاط,أنماط
nammit,نَمِّط,نمط
ynammit,ينَمِّط,ينمط
nammat,نَمَّط,نمط
namliyye,نَمْلِيّة,نملية
namle,نَمْلِة,نملة
namil,نَمِل,نمل
namaali,نَمَالِي,نمالي
byi7lib 2innamle,بيحلب النملة,بيحلب النملة
nammil,نَمِّل,نمل
ynammil,ينَمِّل,ينمل
nammal,نَمَّل,نمل
nammaam,نَمَّام,نمام
namiime,نَمِيمِة,نميمة
namme,نَمِّة,نمة
namiime,نَمِيمِة,نميمة
namaayim,نَمَايِم,نمايم
nimm,نِمّ,نم
ynimm,ينِمّ,ينم
namm,نَمّ,نم
namname,نَمْنَمِة,نمنمة
mayy bitnamnim,مَيّ بِتْنَمْنِم,مي بتنمنم
mnamnim,مْنَمْنِم,منمنم
namnim,نَمْنِم,نمنم
ynamnim,ينَمْنِم,ينمنم
namnam,نَمْنَم,نمنم
naami,نَامِي,نامي
numuw,نُمُو,نمو
2inmu,اِنْمو,انمو
nammi,نَمِّي,نمي
yinmu,يِنْمو,ينمو
ynammi,ينَمِّي,ينمي
nama,نَمَى,نمى
namma,نَمَّى,نمى
tanmiya,تَنْمِيَة,تنمية
muntami,مُنْتَمِي,منتمي
2intimaa2,اِنْتِمَاء,انتماء
2intimi,اِنْتِمِي,انتمي
2intami,اِنْتَمِي,انتمي
yintimi,يِنْتِمِي,ينتمي
yintami,يِنْتَمِي,ينتمي
2intama,اِنْتَمَى,انتمى
nahib,نَهِب,نهب
2inhab,اِنْهَب,انهب
yinhab,يِنْهَب,ينهب
nahab,نَهَب,نهب
manhaj,مَنْهَج,منهج
nahj,نَهْج,نهج
manaahij,مَنَاهِج,مناهج
2inhadj,اِنْهَج,انهج
nahhidj,نَهِّج,نهج
yinhadj,يِنْهَج,ينهج
ynahhidj,ينَهِّج,ينهج
nahadj,نَهَج,نهج
nahhadj,نَهَّج,نهج
tanhiide,تَنْهِيدِة,تنهيدة
mnaahade,مْنَاهَدِة,مناهدة
2itnahhad,اِتْنَهَّد,اتنهد
naahid,نَاهِد,ناهد
yitnahhad,يِتْنَهَّد,يتنهد
ynaahid,ينَاهِد,يناهد
tnahhad,تْنَهَّد,تنهد
naahad,نَاهَد,ناهد
nahaari,نَهَارِي,نهاري
nahir,نَهِر,نهر
nhaar,نْهَار,نهار
2anhaar,أَنْهَار,أنهار
leel nhaar,لَيل نْهَار,ليل نهار
daghaaliis 2inhaar,دغَاليس النْهَار,دغاليس النهار
2inhar,اِنْهَر,انهر
yinhar,يِنْهَر,ينهر
nahar,نَهَر,نهر
mnahridj,مْنَهْرِج,منهرج
nahridj,نَهْرِج,نهرج
ynahridj,ينَهْرِج,ينهرج
nahradj,نَهْرَج,نهرج
nahraze,نَهْرَزِة,نهرزة
nahriz,نَهْرِز,نهرز
2itnahraz,اِتْنَهْرَز,اتنهرز
ynahriz,ينَهْرِز,ينهرز
yitnahraz,يِتْنَهْرَز,يتنهرز
nahraz,نَهْرَز,نهرز
tnahraz,تْنَهْرَز,تنهرز
2intihaazi,اِنْتِهَازِي,انتهازي
2intihiz,اِنْتِهِز,انتهز
2itnaahaz,اِتْنَاهَز,اتناهز
yintihiz,يِنْتِهِز,ينتهز
yitnaahaz,يِتْنَاهَز,يتناهز
2intahaz,اِنْتَهَز,انتهز
tnaahaz,تْنَاهَز,تناهز
nahish,نَهِش,نهش
2inhash,اِنْهَش,انهش
yinhash,يِنْهَش,ينهش
nahash,نَهَش,نهش
nuhuud,نُهُوض,نهوض
nahda,نَهْضَة,نهضة
2inhad,اِنْهَض,انهض
naahid,نَاهِض,ناهض
yinhad,يِنْهَض,ينهض
ynaahid,ينَاهِض,يناهض
nahad,نَهَض,نهض
naahad,نَاهَض,ناهض
nahfe,نَهْفِة,نهفة
nahfe,نَهْفِة,نهفة
nahhif,نَهِّف,نهف
ynahhif,ينَهِّف,ينهف
nahhaf,نَهَّف,نهف
2itnaahaf,اِتْنَاهَف,اتناهف
yitnaahaf,يِتْنَاهَف,يتناهف
tnaahaf,تْنَاهَف,تناهف
2istanhif,اِسْتَنْهِف,استنهف
yistanhif,يِسْتَنْهِف,يستنهف
2istanhaf,اِسْتَنْهَف,استنهف
mnaahaqa,مْنَاهَقَة,مناهقة
nhiiq,نْهِيق,نهيق
2inhaq,اِنْهَق,انهق
nahhiq,نَهِّق,نهق
naahiq,نَاهِق,ناهق
yinhaq,يِنْهَق,ينهق
ynahhiq,ينَهِّق,ينهق
ynaahiq,ينَاهِق,يناهق
nahaq,نَهَق,نهق
nahhaq,نَهَّق,نهق
naahaq,نَاهَق,ناهق
2intihaak,اِنْتِهَاك,انتهاك
2intihik,اِنْتِهِك,انتهك
yintihik,يِنْتِهِك,ينتهك
2intahak,اِنْتَهَك,انتهك
nahnaha,نَهْنَهَة,نهنهة
nahnih,نَهْنِه,نهنه
ynahnih,ينَهْنِه,ينهنه
2itnahnah,اِتْنَهْنَه,اتنهنه
yitnahnah,يِتْنَهْنَه,يتنهنه
nahnah,نَهْنَه,نهنه
tnahnah,تْنَهْنَه,تنهنه
mintihi,مِنْتِهِي,منتهي
mintihi,مِنْتِهِي,منتهي
naahi,نَاهِي,ناهي
nihaa2i,نِهَائِي,نهائي
nihaaye,نِهَايِة,نهاية
2inha,اِنْهَى,انهى
2inhi,اِنْهِي,انهي
2intihi,اِنْتِهِي,انتهي
2intahi,اِنْتَهِي,انتهي
yinha,يِنْهَى,ينهى
yinhi,يِنْهِي,ينهي
2inhaa2,إِنْهَاء,إنهاء
yintihi,يِنْتِهِي,ينتهي
yintahi,يِنْتَهِي,ينتهي
naha,نَهَى,نهى
2anha,أَنْهَى,أنهى
2intaha,اِنْتَهَى,انتهى
niyaabe,نِيَابِة,نيابة
munaawabe,مُنَاوَبِة,مناوبة
tanaawub,تَنَاوُب,تناوب
noobe,نَوبِة,نوبة
naa2ib,نَائِب,نائب
nuwwaab,نُوَّاب,نواب
bittanaawub,بَالتَّنَاوُب,بالتناوب
nuub,نُوب,نوب
2itnaawab,اِتْنَاوَب,اتناوب
ynuub,ينُوب,ينوب
yitnaawab,يِتْنَاوَب,يتناوب
2intaab,اِنْتَاب,انتاب
yintaab,يِنْتَاب,ينتاب
naab,نَاب,ناب
tnaawab,تْنَاوَب,تناوب
2intaab,اِنْتَاب,انتاب
manaa7a,مَنَاحَة,مناحة
nawwaa7a,نَوَّاحَة,نواحة
bitjuu7 wubitnuu7,بتجوح وبتنوح,بتجوح وبتنوح
nayyaa7,نَيَّاح,نياح
sayyaa7 nayyaa7,سَيَّاح نَيَّاح,سياح نياح
sayyaa7a nayyaa7a,سَيَّاحة نَيَّاحة,سياحة نياحة
nwaa7,نْيَاح,نياح
nwaa7,نْوَاح,نواح
nuu7,نُوح,نوح
nawwi7,نَوِّح,نوح
ynuu7,ينُوح,ينوح
ynawwi7,ينَوِّح,ينوح
naa7,نَاح,ناح
nawwa7,نَوَّح,نوح
nuud,نُود,نود
ynuud,ينُود,ينود
naad,نَاد,ناد
nuwwaara,نُوَّارَة,نوارة
nuuri,نُورِي,نوري
nawari,نَوَرِي,نوري
mnawwir,مْنَوِّر,منور
nawrane,نَوْرَنِة,نورنة
nuwwaar,نُوَّار,نوار
naar,نَار,نار
3ala naar,على نَار,على نار
been naareen,بَين نَارَين,بين نارين
been naareen,بَين نَارَين,بين نارين
nuur,نُور,نور
nawar,نَوَر,نور
shajarit 2innuur,شَجَرِة النُّور,شجرة النور
nawwir,نَوِّر,نور
2itnawwar,اِتْنَوَّر,اتنور
2itnawran,اِتْنَوْرَن,اتنورن
ynawwir,ينَوِّر,ينور
yitnawwar,يِتْنَوَّر,يتنور
yitnawran,يِتْنَوْرَن,يتنورن
2inaara,إِنَارَة,إنارة
nawwar,نَوَّر,نور
tnawwar,تْنَوَّر,تنور
tnawran,تْنَوْرَن,تنورن
nooradj,نَورَج,نورج
nawaaridj,نوَارِج,نوارج
nawwaase,نَوَّاسِة,نواسة
naas,نَاس,ناس
2ibin naas,اِبِن نَاس,ابن ناس
2ibin 3aalam wunaas,اِبِن عَالَم ونَاس,ابن عالم وناس
za3tar naas,زَعْتَر نَاس,زعتر ناس
nawwaash,نَوَّاش,نواش
munaawashe,مُنَاوَشِة,مناوشة
2inwish,اِنْوِش,انوش
naawish,نَاوِش,ناوش
yinwish,يِنْوِش,ينوش
ynaawish,ينَاوِش,يناوش
nawash,نَوَش,نوش
naawash,نَاوَش,ناوش
tanwiis,تَنْوِيص,تنويص
nawwis,نَوِّص,نوص
ynawwis,ينَوِّص,ينوص
nawwas,نَوَّص,نوص
tanwii3,تَنْوِيع,تنويع
noo3,نَوع,نوع
2anwaa3,أَنْوَاع,أنواع
nawwi3,نَوِّع,نوع
ynawwi3,ينَوِّع,ينوع
nawwa3,نَوَّع,نوع
mnawwil,مْنَوِّل,منول
mnaawil,مْنَاوِل,مناول
nool,نَول,نول
minwaal,مِنوَال,منوال
naawil,نَاوِل,ناول
2itnaawal,اِتْنَاوَل,اتناول
nuul,نُول,نول
nawwil,نَوِّل,نول
ynaawil,ينَاوِل,يناول
yitnaawal,يِتْنَاوَل,يتناول
ynuul,ينُول,ينول
ynawwil,ينَوِّل,ينول
naawal,نَاوَل,ناول
tnaawal,تْنَاوَل,تناول
naal,نَال,نال
nawwal,نَوَّل,نول
naayim,نَايِم,نايم
mnawwam,مْنَوَّم,منوم
noome,نَومِة,نومة
manaam,مَنَام,منام
noom,نَوم,نوم
khumm noom,خُمّ نَوم,خم نوم
noomo khafiif,نَومُه خَفِيف,نومه خفيف
noomo tqiil,نَومُه ثْقِيل,نومه ثقيل
noomo ghuzlaani,نَومُه غُزْلَانِي,نومه غزلاني
shibi3 noom,شِبِع نَوم,شبع نوم
naam 3ala daano,نَام على ذَانه,نام على ذانه
naam 3ala ghimro,نَام على غِمْرُه,نام على غمره
naam 3ala la7im batno,نَام على لحم بطنه,نام على لحم بطنه
naam 3ala wijho tabb,نَام على وجهه طب,نام على وجهه طب
naam 3ala 2ilmasaari,نَام على المصَاري,نام على المصاري
naam 3ala 2ilmawduu3,نَام على الموضوع,نام على الموضوع
naamat 3aleek 7eeta,نَامت عليك حيطَة,نامت عليك حيطة
naam maa qaam,نَام مَا قَام,نام ما قام
noomit 2ahl 2ilkahif,نَومِة أَهِل الكَهْف,نومة أهل الكهف
nayyam 2ilibdaa3a,نَيَّم البضَاعَة,نيم البضاعة
naayim 3a2akam leera,نَايِم عأكم ليرة,نايم عأكم ليرة
naayim bil3asal,نَايِم بَالعسل,نايم بالعسل
naayim 3ala 2ilbalaata,نَايِم على البلَاطة,نايم على البلاطة
naam,نَام,نام
nawwim,نَوِّم,نوم
nayyim,نَيِّم,نيم
ynaam,ينَام,ينام
ynawwim,ينَوِّم,ينوم
ynayyim,ينَيِّم,ينيم
naam,نَام,نام
nawwam,نَوَّم,نوم
nayyam,نَيَّم,نيم
nuuniyye,نُونِيِّة,نونية
nawwih,نَوِّه,نوه
ynawwih,ينَوِّه,ينوه
nawwah,نَوَّه,نوه
tanwiih,تَنْوِيه,تنويه
niyye,نِيِّة,نية
3ala niyyaato,على نِيَّاته,على نياته
2abu niyye saar w2abu niiteen 2i7taar,أَبو نِيّة سَار و أبو نيّيتين إِحتَار,أبو نية سار و أبو نييتين إحتار
2inwi,اِنْوِي,انوي
yinwi,يِنْوِي,ينوي
nawa,نَوَى,نوى
mnayyib,مْنَيِّب,منيب
2inaabe,إِنَابِة,إنابة
naab,نَاب,ناب
2anyaab,أَنْيَاب,أنياب
2aniib,أَنِيب,أنيب
yniib,ينِيب,ينيب
2anaab,أَنَاب,أناب
niigaara,نِيجَارَا,نيجارا
neera,نَيرَة,نيرة
niira,نِيرَة,نيرة
niir,نِير,نير
niis,نِيص,نيص
naafish 7aalo mithil 2inniis,نَافش حَاله مثل النيص,نافش حاله مثل النيص
naayit,نَايِط,نايط
nayaata,نَيَاطَة,نياطة
2itnaayat,اِتْنَايَط,اتنايط
yitnaayat,يِتْنَايَط,يتنايط
tnaayat,تْنَايَط,تنايط
nii3,نِيع,نيع
nyaa3,نيَاع,نياع
nyuu3,نْيُوع,نيوع
sakkir nii3ak,سَكِّر نِيعَك,سكر نيعك
shaaliq nii3o,شَالِق نِيعُه,شالق نيعه
nii2aa,نِيقَة,نيقة
manyuuk,مَنْيُوك,منيوك
manyake,مَنْيَكِة,منيكة
neek,نَيك,نيك
niik,نِيك,نيك
2itmanyak,اِتْمَنْيَك,اتمنيك
yniik,ينِيك,ينيك
yitmanyak,يِتْمَنْيَك,يتمنيك
naak,نَاك,ناك
tmanyak,تْمَنْيَك,تمنيك
niyyaal,نِيَّال,نيال
niili,نِيلِي,نيلي
niil,نِيل,نيل
niile,نِيلِة,نيلة
nayl,نَيْل,نيل
sittiin niile,سِتِّين نِيلِة,ستين نيلة
nuul,نُول,نول
nayyil,نَيِّل,نيل
2itnayyal,اِتْنَيَّل,اتنيل
ynaal,يْنَال,ينال
ynayyil,ينَيِّل,ينيل
yitnayyal,يِتْنَيَّل,يتنيل
naal,نَال,نال
nayyal,نَيَّل,نيل
tnayyal,تْنَيَّل,تنيل
niyy,نِيّ,ني
ha22eet,هَئَّيت,هئيت
ha22eete,هَئَّيتِة,هئيتة
ha,هَا,ها
haat,هَات,هات
haad,هَاد,هاد
haadh,هَاذ,هاذ
haadhhaad,هَاذ,هاذ
haadhahaada,هٰذَا,هذا
haadi,هَاذِي,هاذي
haay,هَاي,هاي
habbe,هَبِّة,هبة
habuu,هَبُو,هبو
hibb 3alee,هِب عليه,هب عليه
hibb,هِبّ,هب
habbib,هَبِّب,هبب
yhibb,يهِبّ,يهب
yhabbib,يهَبِّب,يهبب
habb,هَبّ,هب
habbab,هَبَّب,هبب
habde,هَبْدِة,هبدة
habid,هَبِد,هبد
2inhibid,اِنْهِبِد,انهبد
yinhibid,يِنْهِبِد,ينهبد
2inhabad,اِنْهَبَد,انهبد
2ihbid,اِهْبِد,اهبد
yihbid,يِهْبِد,يهبد
habad,هَبَد,هبد
habra,هَبْرَة,هبرة
mhabbar,مْهَبَّر,مهبر
habra,هَبْرَة,هبرة
tahbiir,تَهْبِير,تهبير
2ithabbar,اِتْهَبَّر,اتهبر
yithabbar,يِتْهَبَّر,يتهبر
thabbar,تْهَبَّر,تهبر
2uhbur,اُهْبُر,اهبر
habbir,هَبِّر,هبر
yuhbur,يُهْبُر,يهبر
yhabbir,يهَبِّر,يهبر
habar,هَبَر,هبر
habbar,هَبَّر,هبر
mharbij,مْهَرْبِج,مهربج
habraj,هَبْرَج,هبرج
habrij,هَبْرِج,هبرج
yhabrij,يهَبْرِج,يهبرج
habraje,هَبْرَجِة,هبرجة
mhaabashe,مْهَابَشِة,مهابشة
mihbaash,مِهْبَاش,مهباش
mihbaash,مِهْبَاش,مهباش
mihbaash,مِهْبَاش,مهباش
mahaabiish,مَهَابِيش,مهابيش
2inhibish,اِنْهِبِش,انهبش
yinhibish,يِنْهِبِش,ينهبش
2inhabash,اِنْهَبَش,انهبش
2ihbish,اِهْبِش,اهبش
2ithaabash,اِتْهَابَش,اتهابش
yihbish,يِهْبِش,يهبش
yithaabash,يِتْهَابَش,يتهابش
habash,هَبَش,هبش
thaabash,تْهَابَش,تهابش
haabit,هَابِط,هابط
haabit,هَابِط,هابط
hubuut,هُبُوط,هبوط
2uhbut,اُهْبُط,اهبط
habbit,هَبِّط,هبط
yuhbut,يُهْبُط,يهبط
yhabbit,يهَبِّط,يهبط
habat,هَبَط,هبط
habbat,هَبَّط,هبط
habi3,هَبِع,هبع
biir habi3,بير هبع,بير هبع
tahbiik,تَهْبِيك,تهبيك
thabbikish hamm,تْهَبِّكْش هم,تهبكش هم
habbik,هَبِّك,هبك
yhabbik,يهَبِّك,يهبك
habbak,هَبَّك,هبك
habla,هَبْلَة,هبلة
2ahbal,أَهْبَل,أهبل
mahbuul,مَهْبُول,مهبول
hubul,هُبُل,هبل
hublaan,هُبْلَان,هبلان
mahaabiil,مَهَابِيل,مهابيل
hubbaal,هُبَّال,هبال
2istihbaal,اِسْتِهْبَال,استهبال
habal,هَبَل,هبل
bilhabal,بالهَبَل,بالهبل
3alhabale,عالهَبَلِة,عالهبلة
btiiji ma3a 2ilhubul dubul,بتيجي مع الهبل دبل,بتيجي مع الهبل دبل
kalaamo zayy hubbaal 2ittabiikh,كلَامه زي هُبَّال الطبيخ,كلامه زي هبال الطبيخ
2inhibil,اِنْهِبِل,انهبل
habbil,هَبِّل,هبل
2ithabbal,اِتْهَبَّل,اتهبل
2istahbil,اِسْتَهْبِل,استهبل
2ihball,اِهْبَلّ,اهبل
yihball,يِهْبَلّ,يهبل
yinhibil,يِنْهِبِل,ينهبل
yhabbil,يهَبِّل,يهبل
yithabbal,يِتْهَبَّل,يتهبل
yistahbil,يِسْتَهْبِل,يستهبل
2ihball,اِهْبَلّ,اهبل
2inhabal,اِنْهَبَل,انهبل
habbal,هَبَّل,هبل
thabbal,تْهَبَّل,تهبل
2istahbal,اِسْتَهْبَل,استهبل
habhabe,هَبْهَبِة,هبهبة
habhib,هَبْهِب,هبهب
yhabhib,يهَبْهِب,يهبهب
habhab,هَبْهَب,هبهب
habu,هَبو,هبو
habwaqka,هَبْوَقَة,هبوقة
2ithabwaqk,اِتْهَبْوَق,اتهبوق
yithabwaqk,يِتْهَبْوَق,يتهبوق
thabwaqk,تْهَبْوَق,تهبوق
habyaan,هَبْيَان,هبيان
2ihbi,اِهْبِي,اهبي
2ihbi,اِهْبِي,اهبي
yihbi,يِهْبِي,يهبي
yihbi,يِهْبِي,يهبي
haba,هَبَى,هبى
hibi,هِبِي,هبي
hatt,هَتّ,هت
hitt,هِتّ,هت
yhitt,يهِتّ,يهت
hatt,هَتّ,هت
hatra,هَتْرَا,هترا
2ahtar,أَهْتَر,أهتر
2ihtar,اِهْتَر,اهتر
mustahtir,مُسْتَهْتِر,مستهتر
hutur,هُتُر,هتر
muhaatara,مُهَاتَرَة,مهاترة
2istihtaar,اِسْتِهْتَار,استهتار
2ithattar,اِتْهَتَّر,اتهتر
yithattar,يِتْهَتَّر,يتهتر
thattar,تْهَتَّر,تهتر
hattir,هَتِّر,هتر
2istahtir,اِسْتَهْتِر,استهتر
haatir,هَاتِر,هاتر
yhattir,يهَتِّر,يهتر
yistahtir,يِسْتَهْتِر,يستهتر
yhaatir,يهَاتِر,يهاتر
hattar,هَتَّر,هتر
2istahtar,اِسْتَهْتَر,استهتر
haatar,هَاتَر,هاتر
hattiike,هَتِّيكِة,هتيكة
hatk,هَتْك,هتك
hatak 3ard,هَتَك عرض,هتك عرض
2ihtik,اِهْتِك,اهتك
hattik,هَتِّك,هتك
yhattik,يهَتِّك,يهتك
yihtik,يِهْتِك,يهتك
2ithattik,اِتْهَتَّك,اتهتك
yithattik,يِتْهَتَّك,يتهتك
hatak,هَتَك,هتك
hattak,هَتَّك,هتك
thattak,تْهَتَّك,تهتك
mhatwir,مْهَتْوِر,مهتور
hatwir,هَتْوِر,هتور
yhatwir,يهَتْوِر,يهتور
hatwar,هَتْوَر,هتور
haati,هَاتِي,هاتي
yhaati,يهَاتِي,يهاتي
haata,هَاتَى,هاتى
haadjidj,هَاجِج,هاجج
tahdjiidj,تَهْجِيج,تهجيج
hadjdjidj,هَجِّج,هجج
yhadjdjidj,يهَجِّج,يهجج
hadjdjadj,هَجَّج,هجج
hidjdj,هِجّ,هج
yhidjdj,يهِجّ,يهج
hadjdj,هَجّ,هج
haajid,هَاجِد,هاجد
tahajjud,تَهَجُّد,تهجد
hajjid,هَجِّد,هجد
yhajjid,يهَجِّد,يهجد
hajjad,هَجَّد,هجد
2uhjud,اُهْجُد,اهجد
2ithajjad,اِتْهَجَّد,اتهجد
yuhjud,يُهْجُد,يهجد
yithajjad,يِتْهَجَّد,يتهجد
hajad,هَجَد,هجد
thajjad,تْهَجَّد,تهجد
haajir,هَاجِر,هاجر
mahjuur,مَهْجُور,مهجور
hijra,هِجْرَة,هجرة
tahjiir,تَهْجِير,تهجير
muhaajir,مُهَاجِر,مهاجر
mahjar,مَهْجَر,مهجر
2inhijir,اِنْهِجِر,انهجر
yinhijir,يِنْهِجِر,ينهجر
2inhajar,اِنْهَجَر,انهجر
2uhjur,اُهْجُر,اهجر
hajjir,هَجِّر,هجر
haajir,هَاجِر,هاجر
yuhjur,يُهْجُر,يهجر
yhajjir,يهَجِّر,يهجر
2ithajjar,اِتْهَجَّر,اتهجر
yithajjar,يِتْهَجَّر,يتهجر
yhaajir,يهَاجِر,يهاجر
hajar,هَجَر,هجر
hajjar,هَجَّر,هجر
thajjar,تْهَجَّر,تهجر
haajar,هَاجَر,هاجر
haajis,هَاجِس,هاجس
hawaajis,هَوَاجِس,هواجس
hoojis,هَوجِس,هوجس
yhoojis,يهَوجِس,يهوجس
hoojas,هَوجَس,هوجس
haajis,هَاجِس,هاجس
yhaajis,يهَاجِس,يهاجس
haajas,هَاجَس,هاجس
hadjdjaas,هَجَّاص,هجاص
tahdjiis,تَهْجِيص,تهجيص
2ithadjdjas,اِتْهَجَّص,اتهجص
yithadjdjas,يِتْهَجَّص,يتهجص
thadjdjas,تْهَجَّص,تهجص
hadjdjis,هَجِّص,هجص
yhadjdjis,يهَجِّص,يهجص
hadjdjas,هَجَّص,هجص
2ihdja3,اِهْجَع,اهجع
yihdja3,يِهْجَع,يهجع
hadja3,هَجَع,هجع
hujuumi,هُجُومِي,هجومي
hujuum,هُجُوم,هجوم
2ithaajam,اِتْهَاجَم,اتهاجم
yithaajam,يِتْهَاجَم,يتهاجم
thaajam,تْهَاجَم,تهاجم
2inhijim,اِنْهِجِم,انهجم
yinhijim,يِنْهِجِم,ينهجم
2inhajam,اِنْهَجَم,انهجم
2uhjum,اُهْجُم,اهجم
2ithajjam,اِتْهَجَّم,اتهجم
haajim,هَاجِم,هاجم
yuhjum,يُهْجُم,يهجم
yithajjam,يِتْهَجَّم,يتهجم
yhaajim,يهَاجِم,يهاجم
hajam,هَجَم,هجم
thajjam,تْهَجَّم,تهجم
haajam,هَاجَم,هاجم
hijne,هِجْنِة,هجنة
hajiin,هَجِين,هجين
hijne,هِجْنِة,هجنة
mhajjan,مْهَجَّن,مهجن
hoodjane,هَوجَنِة,هوجنة
hadjdjaan,هَجَّان,هجان
2istihjaan,اِسْتِهْجَان,استهجان
hajiin waaqi3 bisallit tiin,هَجِين وَاقِع بسَلِّة تِين,هجين واقع بسلة تين
2ithajjan,اِتْهَجَّن,اتهجن
yithajjan,يِتْهَجَّن,يتهجن
thajjan,تْهَجَّن,تهجن
2istahjin,اِسْتَهْجِن,استهجن
hajjin,هَجِّن,هجن
hoodjin,هَوجِن,هوجن
yistahjin,يِسْتَهْجِن,يستهجن
yhajjin,يهَجِّن,يهجن
yhoodjin,يهَوجِن,يهوجن
2istahjan,اِسْتَهْجَن,استهجن
hajjan,هَجَّن,هجن
hoodjan,هَوجَن,هوجن
mahduud,مَهْدُود,مهدود
mahadde,مَهَدِّة,مهدة
tahdiid,تَهْدِيد,تهديد
laa lissade wlaa lilhadde wlaa la3athraat 2izzaman,لَا للسدة ولَا للهدة ولَا لعثرَات الزمن,لا للسدة ولا للهدة ولا لعثرات الزمن
2alla yhiddak,الله يهِدَّك,الله يهدك
hadd 7eeli,هَدّ حَيلِي,هد حيلي
2ithaddad,اِتْهَدَّد,اتهدد
yithaddad,يِتْهَدَّد,يتهدد
thaddad,تْهَدَّد,تهدد
hidd,هِدّ,هد
2inhadd,اِنْهَدّ,انهد
haddid,هَدِّد,هدد
yhidd,يهِدّ,يهد
yinhadd,يِنْهَدّ,ينهد
yhaddid,يهَدِّد,يهدد
hadde,هَدِّة,هدة
hadd,هَدّ,هد
2inhadd,اِنْهَدّ,انهد
haddad,هَدَّد,هدد
hadir,هَدِر,هدر
hadaru dammo,هَدَروَا دَمُّه,هدروا دمه
haddir,هَدِّر,هدر
2uhdur,اُهْدُر,اهدر
yuhdur,يُهْدُر,يهدر
2inhidir,اِنْهِدِر,انهدر
yinhidir,يِنْهِدِر,ينهدر
yhaddir,يهَدِّر,يهدر
hadar,هَدَر,هدر
2inhadar,اِنْهَدَر,انهدر
haddar,هَدَّر,هدر
haadif,هَادِف,هادف
hadaf,هَدَف,هدف
2ahdaaf,أَهْدَاف,أهداف
hadaf saami,هَدَف سَامِي,هدف سامي
2ihdif,اِهْدِف,اهدف
2istahdif,اِسْتَهْدِف,استهدف
yihduf,يِهْدُف,يهدف
yistahdif,يِسْتَهْدِف,يستهدف
hadaf,هَدَف,هدف
2istahdaf,اِسْتَهْدَف,استهدف
hoodale,هَودَلِة,هودلة
hoodil,هَودِل,هودل
yhoodil,يهَودِل,يهودل
hoodal,هَودَل,هودل
mahduum,مَهْدُوم,مهدوم
hidme,هِدْمِة,هدمة
hadim,هَدِم,هدم
hidam,هِدَم,هدم
2ithaddam,اِتْهَدَّم,اتهدم
yithaddam,يِتْهَدَّم,يتهدم
thaddam,تْهَدَّم,تهدم
2ihdim,اِهْدِم,اهدم
haddim,هَدّم,هدم
yihdim,يِهْدِم,يهدم
yhaddim,يهَدّم,يهدم
2inhadim,اِنْهَدِم,انهدم
2inhidim,اِنْهِدِم,انهدم
yinhadam,يِنْهَدَم,ينهدم
yinhidim,يِنْهِدِم,ينهدم
hadam,هَدَم,هدم
haddam,هَدَّم,هدم
2inhadam,اِنْهَدَم,انهدم
hudhud,هُدْهُد,هدهد
hudhud,هُدْهُد,هدهد
7ukmil hudhud,حكم الهدهد,حكم الهدهد
hidhid,هِدْهِد,هدهد
7ukmil hidhid,حكم الهِدْهِد,حكم الهدهد
mhadwil,مْهَدْوِل,مهدول
hadwale,هَدْوَلِة,هدولة
hadwil,هَدْوِل,هدول
yhadwil,يهَدْوِل,يهدول
hadwal,هَدْوَل,هدول
haadi,هَادِي,هادي
hidaaye,هِدَايَة,هداية
hadiyye,هَدِيِّة,هدية
huduu2,هُدُوء,هدوء
hadaayaa,هَدَايَا,هدايا
yaa haadi,يَا هَادي,يا هادي
3amaar bihadaatil baal,عمَار بهدَاة البَال,عمار بهداة البال
2inhidi,اِنْهِدِى,انهدى
yinhidi,يِنْهِدِى,ينهدى
2inhada,اِنْهَدَى,انهدى
2ihda,اِهْدَى,اهدى
haddi,هَدِّي,هدي
2ihdi,اِهْدِي,اهدي
2ihdi,اِهْدِي,اهدي
2ithaadaa,اِتْهَادَى,اتهادى
2istahdi,اِسْتَهْدِي,استهدي
haddi,هَدِّي,هدي
yihda,يِهْدَى,يهدى
yhaddi,يهَدِّي,يهدي
yihdi,يِهْدِي,يهدي
yihdi,يِهْدِي,يهدي
yithaadaa,يِتْهَادَى,يتهادى
yistahdi,يِسْتَهْدِي,يستهدي
yhaddi,يهَدِّي,يهدي
hidi,هِدِي,هدي
hadda,هَدَّى,هدى
hada,هَدَى,هدى
2ahda,أَهْدَى,أهدى
hadaat,هَدَاة,هداة
tahdi2a,تَهْدِئَة,تهدئة
thaadaa,تْهَادَى,تهادى
2istahda,اِسْتَهْدَى,استهدى
hadda,هَدَّى,هدى
mhadhrib,مْهَذْرَب,مهذرب
hadhrib,هَذْرِب,هذرب
yhadhrib,يهَذْرِب,يهذرب
hadhrab,هَذْرَب,هذرب
mhadhrim,مْهَذْرِم,مهذرم
hadhrim,يْهَذْرِم,يهذرم
yhadhrim,يهَذْرِم,يهذرم
hadhram,هَذْرَم,هذرم
haddaak,هَذَاك,هذاك
hadiik,هَذِيك,هذيك
hadlaan,هَذْلَان,هذلان
2abu hadlaan,أَبو هَذْلَان,أبو هذلان
hadool,هَذَول,هذول
hadolaak,هَذَولَاك,هذولاك
hrubbe,هْرُبِّة,هربة
muharrib,مُهَرِّب,مهرب
haarib,هَارِب,هارب
harbaan,هَرْبَان,هربان
harabe,هَرَابِة,هرابة
hrubbe,هْرُبِّة,هربة
huruub,هُرُوب,هروب
tahriib,تَهْرِيب,تهريب
haraaba,هَرَابَة,هرابة
2itharrab,اِتْهَرَّب,اتهرب
yitharrab,يِتْهَرَّب,يتهرب
tharrab,تْهَرَّب,تهرب
2uhrub,اُهْرُب,اهرب
harrib,هَرِّب,هرب
yihrub,يِهْرُب,يهرب
yharrib,يهَرِّب,يهرب
harab,هَرَب,هرب
harrab,هَرَّب,هرب
mharbij,مْهَرْبِج,مهربج
harbaje,هَرْبَجِة,هربجة
harbij,هَرْبِج,هربج
yharbij,يهَرْبِج,يهربج
harbaj,هَرْبَج,هربج
harbid,هَرْبِد,هربد
yharbid,يهَرْبِد,يهربد
harbad,هَرْبَد,هربد
hardja,هَرْجَة,هرجة
muharrij,مُهَرّج,مهرج
hardj,هَرْج,هرج
2uhrudj,اُهْرُج,اهرج
harrij,هَرِّج,هرج
yuhrudj,يُهْرُج,يهرج
mahrajaan,مَهْرَجَان,مهرجان
yahridj,يَهْرِج,يهرج
yharrij,يهَرِّج,يهرج
haradj,هَرَج,هرج
harraj,هَرَّج,هرج
mhargal,مْهَرْجَل,مهرجل
mhargil,مْهَرْجِل,مهرجل
hargil,هَرْجِل,هرجل
yhargil,يهَرْجِل,يهرجل
hargal,هَرْجَل,هرجل
hardabasht,هَرْدَبَشْت,هردبشت
hardabasht,هَرْدَبَشْت,هردبشت
hiraar,هِرَار,هرار
hurr,هُرّ,هر
yhurr,يهُرّ,يهر
harr,هَرّ,هر
mahruus,مَهْرُوس,مهروس
haris,هَرِس,هرس
2uhrus,اِهْرُس,اهرس
yihrus,يِهْرُس,يهرس
haras,هَرَس,هرس
mharrish,مْهَرِّش,مهرش
hirish,هِرِش,هرش
harish,هَرِش,هرش
2uhrush,اُهْرُش,اهرش
yuhrush,يُهْرُش,يهرش
harrish,هَرِّش,هرش
yharrish,يهَرِّش,يهرش
harash,هَرَش,هرش
harrash,هَرَّش,هرش
har3eeta,هَرْعَيتَا,هرعيتا
har3eeta,هَرْعَيتَا,هرعيتا
har3uu,هَرْعُو,هرعو
har3iito,هَرْعِيتُو,هرعيتو
harmaan,هَرْمَان,هرمان
mharman,مْهَرْمَن,مهرمن
haram,هَرَم,هرم
hirmoon,هِرْمَون,هرمون
2ihram,اِهْرَم,اهرم
yihram,يِهْرَم,يهرم
hirim,هِرِم,هرم
mharhir,مْهَرْهِر,مهرهر
harhir,هَرْهِر,هرهر
yharhir,يهَرْهِر,يهرهر
harhar,هَرْهَر,هرهر
hraawe,هْرَاوِة,هراوة
mahri,مَهْرِي,مهري
tihrii bilhana,تِهريه بَالهَنَا,تهريه بالهنا
matra7 maa yisri yihri,مَطْرَح مَايِسْرِي يِهْرِي,مطرح مايسري يهري
2ihri,اِهْرِي,اهري
yihri,يِهْرِي,يهري
2inhiri,اِنْهِرِي,انهري
yinhiri,يِنْهِرِي,ينهري
hara,هَرَى,هرى
2inhara,اِنْهَرَى,انهرى
2istihzaa2,اِسْتِهْزَاء,استهزاء
hazzi2,هَزِّء,هزء
2itmahza2,اِتْمَهْزَأ,اتمهزأ
2istahzi2,اِسْتَهْزِئ,استهزئ
yhazzi2,يهَزِّء,يهزء
yitmahza2,يِتْمَهْزَأ,يتمهزأ
yistahzi2,يِسْتَهْزِئ,يستهزئ
hazza2,هَزَّأ,هزأ
tmahza2,تْمَهْزَأ,تمهزأ
2istahza2,اِسْتَهْزَأ,استهزأ
mahzuur,مَهْزُور,مهزور
2uhzur,اُهْزُر,اهزر
yuhzur,يُهْزُر,يهزر
2inhizir,اِنْهِزِر,انهزر
yinhizir,ينَهْزِر,ينهزر
hazar,هَزَر,هزر
nahzar,نَهْزَر,نهزر
2ithazzaz,اِتْهَزَّز,اتهزز
yithazzaz,يِتْهَزَّز,يتهزز
thazzaz,تْهَزَّز,تهزز
hazzi,هَزِّة,هزة
hazz,هَزّ,هز
hazze 2ardiyye,هزة أرضية,هزة أرضية
naam biduun hazz,نَام بِدُون هَزّ,نام بدون هز
hizz,هِزّ,هز
hazziz,هَزِّز,هزز
yhizz,يهِزّ,يهز
yhazziz,يهَزِّز,يهزز
hazz,هَزّ,هز
hazzaz,هَزَّز,هزز
mahzale,مَهْزَلِة,مهزلة
2inhizim,اِنْهِزِم,انهزم
yinhizim,يِنْهِزِم,ينهزم
2inhazam,اِنْهَزَم,انهزم
2ihzim,اِهْزِم,اهزم
yihzim,يِهْزِم,يهزم
hazam,هَزَم,هزم
hazaa2im,هَزَائِم,هزائم
haziime,هَزِيمِة,هزيمة
hazhaze,هَزْهَزِة,هزهزة
hazhiz,هَزْهِز,هزهز
yhazhiz,يهَزْهِز,يهزهز
hazhaz,هَزْهَز,هزهز
2ithazhaz,اِتْهَزْهَز,اتهزهز
yithazhaz,يِتْهَزْهَز,يتهزهز
thazhaz,تْهَزْهَز,تهزهز
hassa,هَسَّه,هسه
hassa,هَسَّا,هسا
hisse,هِسِّة,هسة
3al hisse,على الهِسِّة,على الهسة
huss,هُسّ,هس
hassa3,هَسَّع,هسع
hassa3yaat,هَسَّاعيَّات,هساعيات
mhashis,مْهَسْهِس,مهسهس
hishise,هِسْهِسِة,هسهسة
hashase,هَسْهَسِة,هسهسة
hishis,هِسْهِس,هسهس
surut mithil 2ilhishise,صِرِت مِثِل الهِسْهِسِة,صرت مثل الهسهسة
hashis,هَسْهِس,هسهس
yhashis,يهَسْهِس,يهسهس
hashas,هَسْهَس,هسهس
hashshaat,هَشَّات,هشات
2ihshit,اِهْشِت,اهشت
hashshit,هَشِّت,هشت
yihshit,يِهْشِت,يهشت
yhashshit,يهَشِّت,يهشت
hashat,هَشَت,هشت
hashshat,هَشَّت,هشت
hashiir,هَشِير,هشير
hishsh,هِشّ,هش
mahashshe,مَهَشِّة,مهشة
hashsh,هَشّ,هش
laa bihishsh wala binishsh,لَا بِيهِشّ ولَا بِينِشّ,لا بيهش ولا بينش
hishsh,هِشّ,هش
yhishsh,يهِشّ,يهش
hashsh,هَشّ,هش
haashil,هَاشِل,هاشل
hashil,هَشِل,هشل
2ihshil,اِهْشَل,اهشل
yihshal,يِهْشَل,يهشل
hashal,هَشَل,هشل
mhashsham,مْهَشَّم,مهشم
tahshiim,تَهْشِيم,تهشيم
hashshim,هَشِّم,هشم
yhashshim,يهَشِّم,يهشم
2ithashsham,اِتْهَشَّم,اتهشم
yithashsham,يِتْهَشَّم,يتهشم
hashsham,هَشَّم,هشم
thashsham,تْهَشَّم,تهشم
hadrase,هَضْرَسِة,هضرسة
2ithadras,اِتَهَضْرَس,اتهضرس
yithadras,يِتَهَضْرَس,يتهضرس
thadras,تَهَضْرَس,تهضرس
hadmi,هَضْمِي,هضمي
mahduum,مَهْضُوم,مهضوم
haaduumi,هَاضُومِي,هاضومي
hadim,هَضِم,هضم
2inhidim,اِنْهِضِم,انهضم
2inhadim,اِنْهَضِم,انهضم
2uhdum,اُهْضُم,اهضم
yuhdum,يُهْضُم,يهضم
yinhadam,يِنْهَضَم,ينهضم
yinhidim,يِنْهِضِم,ينهضم
2ithaddam,اِتْهَضَّم,اتهضم
yithaddam,يِتْهَضَّم,يتهضم
thaddam,تْهَضَّم,تهضم
haddim,هَضِّم,هضم
yhaddim,يهَضِّم,يهضم
haddam,هَضَّم,هضم
hadam,هَضَم,هضم
2inhadam,اِنْهَضَم,انهضم
mhatbil,مْهَطْبِل,مهطبل
hatbil,هَطْبِل,هطبل
yhatbil,يهَطْبِل,يهطبل
hatbal,هَطْبَل,هطبل
hatla,هَطْلَا,هطلا
2ahtal,أَهْطَل,أهطل
hutul,هُطُل,هطل
hutuul,هُطُول,هطول
2ithattal,اِتْهَطَّل,اتهطل
yithattal,يِتْهَطَّل,يتهطل
thattal,تْهَطَّل,تهطل
hattil,هَطِّل,هطل
2ihtil,اِهْطِل,اهطل
yihtil,يِهْطِل,يهطل
yhattil,يهَطِّل,يهطل
hatal,هَطَل,هطل
hattal,هَطَّل,هطل
hadhakuu,هَذَكُو,هذكو
hadhool,هَظَول,هظول
hadheel,هَذَيل,هذيل
hadheelaak,هَذَيلَاك,هذيلاك
hadhoolaak,هَظَولَاك,هظولاك
haadhuwwa,هَاذُوَّا,هاذوا
haafit,هَافِت,هافت
haftaan,هَفْتَان,هفتان
mhaffat,مْهَفَّت,مهفت
2ithaffat,اِتْهَفَّت,اتهفت
yithaffat,يِتْهَفَّت,يتهفت
thaffat,تْهَفَّت,تهفت
2ihfit,اِهْفِت,اهفت
haffit,هَفِّت,هفت
yihfit,يِهْفِت,يهفت
yhaffit,يهَفِّت,يهفت
hafat,هَفَت,هفت
haffat,هَفَّت,هفت
mhaafate,مْهَافَتِة,مهافتة
2ithaafat,اِتْهَافَت,اتهافت
yithaafat,يِتْهَافَت,يتهافت
thaafat,تْهَافَت,تهافت
mahaffe,مْهَفِّة,مهفة
haff,هَفّ,هف
haffat nifso,هَفَّت نفسُه,هفت نفسه
hiff,هِفّ,هف
yhiff,يهِفّ,يهف
haff,هَفّ,هف
hafhafe,هَفْهَفِة,هفهفة
hafhif,هَفْهِف,هفهف
yhafhif,يهَفْهِف,يهفهف
hafhaf,هَفْهَف,هفهف
hafa,هَفَا,هفا
mahfi,مَهْفِي,مهفي
2inhafi,اِنْهَفِي,انهفي
yinhafi,يِنْهَفِي,ينهفي
2inhafa,اِنْهَفَا,انهفا
3alhafa,عَالهَفَا,عالهفا
haakish,هَاقِش,هاقش
haakash,هَاقَش,هاقش
yihaakish,يْهَاقِش,يهاقش
bihuqq b7aalo haqq,بِيهُقّ بِحَالُه هَقّ,بيهق بحاله هق
huqq,هُقّ,هق
yhuqq,يهُقّ,يهق
haqq,هَقّ,هق
mhatshbin,مْهَكْبِن,مهكبن
hatshbaan,هَكْبَان,هكبان
hatshbin,هَكْبِن,هكبن
yhatshbin,يهَكْبِن,يهكبن
hatshban,هَكْبَن,هكبن
mhatshtshif,مْهَكِّف,مهكف
haakuwwa,هَاكُوَّا,هاكوا
mhallabiyye,مْهَلَّبِيِّة,مهلبية
halba7,هَلْبَح,هلبح
halba7 3udda,هَلْبَح عضة,هلبح عضة
mhallis,مْهَلِّس,مهلس
hals,هَلْس,هلس
halliis,هَلِّيس,هليس
hallis,هَلِّس,هلس
yhallis,يهَلِّس,يهلس
hallas,هَلَّس,هلس
haalis,هَالِص,هالص
halas,هَلَص,هلص
2ihlas,اِهْلَص,اهلص
2uhlus,اُهْلُص,اهلص
yihlas,يِهْلَص,يهلص
yuhlus,يُهْلُص,يهلص
halat,هَلَط,هلط
2uhlut,اُهْلُط,اهلط
2ihlut,اِهْلُط,اهلط
yuhlut,يُهْلُط,يهلط
yihlut,يِهْلُط,يهلط
haalit,هَالِط,هالط
hallaq2,هَلَّق,هلق
halqeet,هَلْقَيت,هلقيت
halkaan,هَلْكَان,هلكان
mahluuk,مَهْلُوك,مهلوك
halki,هَلْكِي,هلكي
halaak,هَلَاك,هلاك
2istihlaak,اِسْتِهْلَاك,استهلاك
2ihlak,اِهْلَك,اهلك
2istahlik,اِسْتَهْلِك,استهلك
yihlak,يِهْلَك,يهلك
2ihlik,اِهْلِك,اهلك
yihlik,يِهْلِك,يهلك
2inhilik,اِنْهِلِك,انهلك
yinhilik,يِنْهِلِك,ينهلك
yistahlik,يِسْتَهْلِك,يستهلك
mustahlik,مُسْتَهْلِك,مستهلك
hilik,هِلِك,هلك
halak,هَلَك,هلك
2inhalak,اِنْهَلَك,انهلك
2istahlak,اِسْتَهْلَك,استهلك
halla,هَلَّا,هلا
hala,هَلَا,هلا
hilaali,هِلَالِي,هلالي
tahliile,تَهْلِيلِة,تهليلة
hilaal,هِلَال,هلال
tahliil,تَهْلِيل,تهليل
hill,هِلّ,هل
2istahill,اِسْتَهِلّ,استهل
hallil,هَلِّل,هلل
yhill,يهِلّ,يهل
yistahill,يِسْتَهِلّ,يستهل
yhallil,يهَلِّل,يهلل
hall,هَلّ,هل
2istahall,اِسْتَهَلّ,استهل
hallal,هَلَّل,هلل
mhalhal,مْهَلْهَل,مهلهل
mhalhal,مْهَلْهَل,مهلهل
halhil,هَلْهِل,هلهل
yhalhil,يهَلْهِل,يهلهل
halhal,هَلْهَل,هلهل
hamaji,هَمَجِي,همجي
hamaj,هَمَج,همج
hamajiyye,هَمَجِيِّة,همجية
hammij,هَمِّج,همج
yhammij,يهَمِّج,يهمج
hammaj,هَمَّج,همج
munhamir,مُنْهَمِر,منهمر
tahmiira,تَهْمِيرِة,تهميرة
hammir,هَمِّر,همر
2ihmar,اِهْمَر,اهمر
yhammir,يهَمِّر,يهمر
2inhimir,اِنْهِمِر,انهمر
yinhimir,يِنْهِمِر,ينهمر
yihmar,يِهْمَر,يهمر
hammar,هَمَّر,همر
2inhamar,اِنْهَمَر,انهمر
hamar,هَمَر,همر
hamze,هَمْزِة,همزة
hamiz,هَمِز,همز
2ihmiz,اِهْمِز,اهمز
2ithaamaz,اِتْهَامَز,اتهامز
yihmiz,يِهْمِز,يهمز
yithaamaz,يِتْهَامَز,يتهامز
hamaz,هَمَز,همز
thaamaz,تْهَامَز,تهامز
hamse,هَمْسِة,همسة
2ihmis,اِهْمِس,اهمس
2ithaamas,اِتْهَامَس,اتهامس
yihmis,يِهْمِس,يهمس
yithaamas,يِتْهَامَس,يتهامس
hamas,هَمَس,همس
thaamas,تْهَامَس,تهامس
mhammish,مْهَمَّش,مهمش
haamish,هَامِش,هامش
tahmiish,تَهْمِيش,تهميش
hawaamish,هَوَامِش,هوامش
2ithammash,اِتْهَمَّش,اتهمش
yithammash,يِتْهَمَّش,يتهمش
thammash,تْهَمَّش,تهمش
hammish,هَمِّش,همش
yhammish,يهَمِّش,يهمش
hammash,هَمَّش,همش
hamshari,هَمْشَرِي,همشري
hamshariyye,هَمْشَرِيِّة,همشرية
mahmuud,مَهْمُوض,مهموض
hamid,هَمِض,همض
2ihmud,اِهْمُض,اهمض
2inhamid,اِنْهَمِض,انهمض
yihmud,يِهْمُض,يهمض
yinhamid,يِنْهَمِض,ينهمض
hamad,هَمَض,همض
2inhamad,اِنْهَمَض,انهمض
haamit,هَامِط,هامط
2immahmat,مْمَهْمِط,ممهمط
mahmata,مَهْمَطَة,مهمطة
hammit,هَمِّط,همط
2ihmat,اِهْمَط,اهمط
2itmahmat,اِتْمَهْمَط,اتمهمط
yihmat,يِهْمَط,يهمط
yhammit,يهَمِّط,يهمط
yitmahmat,يِتْمَهْمَط,يتمهمط
hamat,هَمَط,همط
hammat,هَمَّط,همط
tmahmat,تْمَهْمَط,تمهمط
mahmit,مَهْمِط,مهمط
ymahmit,يمَهْمِط,يمهمط
mahmat,مَهْمَط,مهمط
haamil,هَامِل,هامل
muhmil,مُهْمِل,مهمل
hamal,هَمَل,همل
hamaale,هَمَالِة,همالة
2ihmaal,إِهْمَال,إهمال
2ihmil,اِهْمِل,اهمل
2ithaamal,اِتْهَامَل,اتهامل
yihmil,يِهْمِل,يهمل
yithaamal,يِتْهَامَل,يتهامل
2ahmal,أَهْمَل,أهمل
thaamal,تْهَامَل,تهامل
hammil,هَمِّل,همل
yhammil,يهَمِّل,يهمل
hammal,هَمَّل,همل
mahmuum,مَهْمُوم,مهموم
muhtamm,مُهْتَمّ,مهتم
muhimm,مُهِمّ,مهم
muhimme,مُهِمِّة,مهمة
mahaam,مَهَام,مهام
haamim,هَامِم,هامم
himme,هِمِّة,همة
hamm,هَمّ,هم
2ihtimaam,اِهْتِمَام,اهتمام
humuum,هْمُوم,هموم
shaayil 2ihmuum 2iddinya fooq raaso,شَايِل هْمُوم الدِّنْيَا فَوق رَاسُه,شايل هموم الدنيا فوق راسه
shidd 2ilhimme,شِدّ الهِمِّة,شد الهمة
2abu 2ilhamaayim,أَبُو الهَمَايِم,أبو الهمايم
hummi,هُمِّي,همي
2ihtamm,اِهْتَمّ,اهتم
himm,هِمّ,هم
yhimm,يهِمّ,يهم
yihtamm,يِهْتَمّ,يهتم
hamm,هَمّ,هم
2ihtamm,اِهْتَمّ,اهتم
hani,هَنِي,هني
mhanni,مْهَنِّي,مهني
mithanni,مِتْهَنِّى,متهنى
hana,هَنَا,هنا
hanaa2,هَنَاء,هناء
mish mithanni bluqmito,مش مِتْهَنِّى بلقمته,مش متهنى بلقمته
yoom thanna,يَوم تْهَنَّى,يوم تهنى
sa77a wuhana,صحَّة وهَنَا,صحة وهنا
hanni,هَنِّي,هني
2ithanna,اِتْهَنَّى,اتهنى
yhanni,يهَنِّي,يهني
yithanna,يِتْهَنَّى,يتهنى
hanna,هَنَّى,هنى
thanna,تْهَنَّى,تهنى
hnaabe,هْنَابِة,هنابة
hindi,هِنْدِي,هندي
hnuud,هْنُود,هنود
hind,هِنْد,هند
mithandiz,مِتْهَنْدِز,متهندز
2ithandaz,اِتْهَنْدَز,اتهندز
yithandaz,يِتْهَنْدَز,يتهندز
thandaz,تْهَنْدَز,تهندز
handis,هَنْدِس,هندس
yhandis,يهَنْدِس,يهندس
handas,هَنْدَس,هندس
handase,هَنْدَسِة,هندسة
muhandis,مُهَنْدِس,مهندس
mhandam,مْهَنْدَم,مهندم
handim,هَنْدِم,هندم
2ithandam,اِتْهَنْدَم,اتهندم
yhandim,يهَنْدِم,يهندم
yithandam,يِتْهَنْدَم,يتهندم
handam,هَنْدَم,هندم
thandam,تْهَنْدَم,تهندم
hnaak,هْنَاك,هناك
hinaak,هِنَاك,هناك
hniik,هْنِيك,هنيك
huniik,هُنِيك,هنيك
hankuuta,هَنْكُوتَة,هنكوتة
hinne,هِنِّي,هني
mhaahaa,مْهَاهَاة,مهاهاة
haahi,هَاهِي,هاهي
yhaahi,يهَاهِي,يهاهي
haaha,هَاهَى,هاهى
huu,هُو,هو
huwwa,هُوَّا,هوا
huuwwe,هُوَّي,هوي
tahwiib,تَهْوِيب,تهويب
mhawwib,مْهَوِّب,مهوب
hawwib,هَوِّب,هوب
yhawwib,يهَوِّب,يهوب
hawwab,هَوَّب,هوب
yahuudi,يَهُودِي,يهودي
yahuud,يَهُود,يهود
mhawwid,مْهَوِّد,مهود
hawade,هَوَدِة,هودة
tahwiid,تَهْوِيد,تهويد
yahuudiyye,يَهُوديِّة,يهودية
dakhal 2issabt btiiz 2ilyahuud,دَخَل السَّبْت بْطِيز اليَهُود,دخل السبت بطيز اليهود
hawwid,هَوِّد,هود
yhawwid,يهَوِّد,يهود
hawwad,هَوَّد,هود
mutahawwir,مُتَهَوِّر,متهور
mhawwir,مْهَوِّر,مهور
tahawwur,تَهَوُّر,تهور
hawwir,هَوِّر,هور
2ithawwar,اِتْهَوَّر,اتهور
yhawwir,يهَوِّر,يهور
yithawwar,يِتْهَوَّر,يتهور
hawwar,هَوَّر,هور
thawwar,تْهَوَّر,تهور
2inhiyaar,اِنْهِيَار,انهيار
2inhaar,اِنْهَار,انهار
yinhaar,يِنْهَار,ينهار
2inhaar,اِنْهَار,انهار
mahwuus,مَهْوُوس,مهووس
mahaawiis,مَهَاوِيس,مهاويس
hawas,هَوَس,هوس
2inhiwis,اِنْهِوِس,انهوس
yinhiwis,يِنْهِوِس,ينهوس
2inhawas,اِنْهَوَس,انهوس
hooshe,هَوشِة,هوشة
huwash,هُوَش,هوش
haawish,هَاوِش,هاوش
yhaawish,يهَاوِش,يهاوش
2ithaawash,اِتْهَاوَش,اتهاوش
yithaawash,يِتْهَاوَش,يتهاوش
haawash,هَاوَش,هاوش
thaawash,تْهَاوَش,تهاوش
hoole,هَولِة,هولة
hool,هَول,هول
hool,هَول,هول
2ahwaal,أَهْوَال,أهوال
hawwil,هَوِّل,هول
yhawwil,يهَوِّل,يهول
hawwal,هَوَّل,هول
2ahwan,أَهْوَن,أهون
muhiin,مُهِين,مهين
hoon,هَون,هون
haan,هَان,هان
mhawwin,مْهَوِّن,مهون
mutahaawin,مُتَهَاوِن,متهاون
2ihaane,إِهَانِة,إهانة
hoon,هَون,هون
haawin,هَاوِن,هاون
hiin qirshak wala thiin nafsak,هين قرشك ولَا تهين نفسك,هين قرشك ولا تهين نفسك
haanat,هَانت,هانت
2ahwan bala,أَهْوَن بلَا,أهون بلا
hiin,هِين,هين
2istahiin,اِسْتَهِين,استهين
haayin,هَايِن,هاين
mahyuun,مَهْيُون,مهيون
hiin,هِين,هين
hawwin,هَوِّن,هون
2ithaawan,اِتْهَاوَن,اتهاون
2istahwin,اِسْتَهْوِن,استهون
yhuun,يهُون,يهون
yhiin,يهِين,يهين
yistahiin,يِسْتَهِين,يستهين
yhiin,يهِين,يهين
yhawwin,يهَوِّن,يهون
yithaawan,يِتْهَاوَن,يتهاون
mahaane,مَهَانِة,مهانة
muhaan,مُهَان,مهان
yistahwin,يِسْتَهْوِن,يستهون
haan,هَان,هان
2istahaan,اِسْتَهَان,استهان
2ahaan,أَهَان,أهان
2ihaane,اِهَانِة,اهانة
hawwan,هَوَّن,هون
thaawan,تْهَاوَن,تهاون
2istahwan,اِسْتَهْوَن,استهون
hawhiw,هَوْهِو,هوهو
yhawhiw,يهَوْهِو,يهوهو
hawhiw,هَوْهِو,هوهو
mhawwi,مْهَوِّي,مهوي
haawi,هَاوِي,هاوي
mutahaawi,مُتَهَاوِى,متهاوى
huwaat,هُوَاة,هواة
mhaawi,مْهَاوِي,مهاوي
hawwaay,هَوَّاي,هواي
hawwaye,هَوَّايِة,هواية
hwaa,هْوَاة,هواة
hiwaaye,هِوَايِة,هواية
hawwaay,هَوَّاي,هواي
hawiyye,هَوِيِّة,هوية
hawa,هَوَا,هوا
2akal hawa,أَكَل هَوَا,أكل هوا
yshimm 2ilhawaa,يشِمّ الهَوَا,يشم الهوا
kulnaa bilhawa sawa,كُلْنَا بِالهَوَا سَوَا,كلنا بالهوا سوا
hwaat moot,هْوَاة مَوت,هواة موت
hawwiilo,هَوِّيلُه,هويله
hwaa tram3ak,هْوَاة ترمعك الوطَاة,هواة ترمعك الوطاة
hwaato wil3abaa,هْوَاته وَالعبَاة,هواته والعباة
biddo hwaa bnuss sabaa7o,بده هْوَاة بنص صبَاحه,بده هواة بنص صباحه
2ihwi,اِهْوِي,اهوي
2ihwa,اِهْوَى,اهوى
hawwi,هوِّي,هوي
2istahwi,اِسْتَهْوِي,استهوي
yihwi,يِهْوِي,يهوي
yihwa,يِهْوَى,يهوى
yhawwi,يهوِّي,يهوي
yistahwi,يِسْتَهْوِي,يستهوي
2ithaawa,اِتْهَاوَى,اتهاوى
yithaawa,يِتْهَاوَى,يتهاوى
hawa,هوَى,هوى
hawwa,هَوَّى,هوى
hiwi,هِوِي,هوي
2istahwa,اِسْتَهْوَى,استهوى
thaawa,تْهَاوَى,تهاوى
hii,هِي,هي
hiyye,هِيَّ,هي
mahyuub,مَهْيُوب,مهيوب
heebe,هَيبِة,هيبة
haab,هَاب,هاب
yhaab,يهَاب,يهاب
haab,هَاب,هاب
haayish,هَايِش,هايش
hiishe,هِيشِة,هيشة
hiish,هِيش,هيش
yhiish,يهِيش,يهيش
haash,هَاش,هاش
heetaliyye,هَيطَلِيِّة,هيطلية
haayif,هَايِف,هايف
hayaafe,هَيَافِة,هيافة
2ithaayaf,اِتْهَايَف,اتهايف
yithaayaf,يِتْهَايَف,يتهايف
thaayaf,تْهَايَف,تهايف
heek,هَيك,هيك
hiitsh,هِيك,هيك
heeka,هَيكَا,هيكا
heek wuheek,هَيك وهَيك,هيك وهيك
raa7 heek wuheek,رَاح هَيك ولَّا هَيك,راح هيك ولا هيك
hayaakil,هَيَاكِل,هياكل
haykal,هَيْكَل,هيكل
haykaliyye,هَيْكَلِيِّة,هيكلية
hiil,هِيل,هيل
heel,هَيل,هيل
hiil,هِيل,هيل
hayyil,هَيِّل,هيل
yhiil,يهِيل,يهيل
yhayyil,يهَيِّل,يهيل
haal,هَال,هال
hayyal,هَيَّل,هيل
heelamji,هَيلَمْجِي,هيلمجي
heelame,هَيلَمِة,هيلمة
halmane,هَلْمَنِة,هلمنة
heelim,هَيلِم,هيلم
yheelim,يْهَيلِم,يهيلم
heelam,هَيلَم,هيلم
haayim,هَايِم,هايم
haayim,هَايِم,هايم
haymaan,هَيْمَان,هيمان
hiyaam,هِيَام,هيام
hiim,هِيم,هيم
yhiim,يهِيم,يهيم
haam,هَام,هام
hayyin,هَيِّن,هين
hayyuutu,هَيُّوتُو,هيوتو
hayyuuti,هَيُّوتِي,هيوتي
hayni,هَيْنِي,هيني
hayyuuni,هَيُّونِي,هيوني
hayha,هَيْهَا,هيها
hayyo,هَيَّو,هيو
hayhum,هَيْهُم,هيهم
hayyaathum,هَيَّاتْهُم,هياتهم
hayyaathin,هَيَّاتْهِن,هياتهن
hayyaani,هَيَّانِي,هياني
wa,و,و
wayya,وَيَّا,ويا
muwaa2ame,مُوَائَمِة,موائمة
waa2im,وَائِم,وائم
ywaa2im,يوَائِم,يوائم
yitwaa2am,يِتْوَائَم,يتوائم
2itwaa2am,اِتْوَائَم,اتوائم
waa2am,وَائَم,وائم
twaa2am,تْوَائَم,توائم
waaw,وَاو,واو
mush hashshi 2ilwaaw,مُش هالشِّي الوَاو,مش هالشي الواو
wabaa2,وَبَاء,وباء
2awbi2a,أَوْبِئَة,أوبئة
tawbiikh,تَوْبِيخ,توبيخ
wabbikh,وَبِّخ,وبخ
ywabbikh,يوَبِّخ,يوبخ
wabbakh,وَبَّخ,وبخ
wabbir,وَبِّر,وبر
mwabbir,مْوَبِّر,موبر
wabar,وَبَر,وبر
ywabbir,يوَبِّر,يوبر
wabbar,وَبَّر,وبر
mwattid,مْوَتِّد,موتد
watad,وَتَد,وتد
2awtaad,أَوْتَاد,أوتاد
2itwattad,اِتْوَتّد,اتوتد
yitwattad,يِتْوَتّد,يتوتد
twattad,تْوَتّد,توتد
wattid,وَتِّد,وتد
ywattid,يوَتِّد,يوتد
wattad,وَتّد,وتد
2itwattar,اِتْوَتَّر,اتوتر
mitwattir,مِتْوَتِّر,متوتر
tawattur,تَوَتُّر,توتر
witir,وِتِر,وتر
watar,وَتَـر,وتـر
2awtaar,أَوْتَار,أوتار
2il2awtaar 2issawtiyye,الأوتَار الصوتية,الأوتار الصوتية
wattir,وَتِّر,وتر
2uutir,اُوتِر,اوتر
ywattir,يوَتِّر,يوتر
yitwattar,يِتْوَتَّر,يتوتر
yuutir,يُوتِر,يوتر
wattar,وَتَّر,وتر
twattar,تْوَتَّر,توتر
2awtar,أَوْتَر,أوتر
watwate,وَتْوَتِة,وتوتة
2itwatwat,اِتوَتْوَت,اتوتوت
yitwatwat,يِتوَتْوَت,يتوتوت
twatwat,توَتْوَت,توتوت
watwit,وَتْوِت,وتوت
ywatwit,يوَتْوِت,يوتوت
watwat,وَتْوَت,وتوت
wasiiqa,وَثِيقَة,وثيقة
wasaa2iq,وَثَائِق,وثائق
wasaa2iqi,وَثَائِقِي,وثائقي
2itwassaq,اِتْوَثَّق,اتوثق
yitwassaq,يِتْوَثَّق,يتوثق
twassaq,تْوَثَّق,توثق
wassiq,وَثِّق,وثق
ywassiq,يوَثِّق,يوثق
wassaq,وَثَّق,وثق
siqa,ثِقَة,ثقة
2uusaq,اُوثَق,اوثق
yuusaq,يُوثَق,يوثق
wisiq,وِثِق,وثق
mwajjab,مْوَجَّب,موجب
mwajjib,مْوَجِّب,موجب
wajbe,وَجْبِة,وجبة
waajib,وَاجِب,واجب
qumnaa bilwaajib,قمنَا بَالوَاجب,قمنا بالواجب
saa7ib waajib,صَاحب وَاجب,صاحب واجب
2itwajjab,اِتْوَجَّب,اتوجب
yitwajjab,يِتْوَجَّب,يتوجب
twajjab,تْوَجَّب,توجب
2uujib,اُوجِب,اوجب
wajjib,وَجِّب,وجب
2istawjib,اِسْتَوْجِب,استوجب
ywajjib,يوَجِّب,يوجب
yuujib,يُوجِب,يوجب
yistawjib,يِسْتَوْجِب,يستوجب
wajjab,وَجَّب,وجب
wijib,وِجِب,وجب
2istawjab,اِسْتَوْجَب,استوجب
biwijj wajj,بيوجّ وَجّ,بيوج وج
wijj,وِجّ,وج
ywijj,يْوِجّ,يوج
wajj,وَجّ,وج
jidd,جِدّ,جد
mawjuud,مَوْجُود,موجود
mutawaajid,مُتَوَاجِد,متواجد
wijdaan,وِجْدَان,وجدان
wujuud,وُجُود,وجود
2inwijid,اِنْوِجِد,انوجد
yinwijid,يِنْوِجِد,ينوجد
2inwajad,اِنْوَجَد,انوجد
2itwaajad,اِتْوَاجَد,اتواجد
2uujid,اُوجِد,اوجد
yajid,يَجِد,يجد
yitwaajad,يِتْوَاجَد,يتواجد
yuujid,يُوجِد,يوجد
wajad,وَجَد,وجد
twaajad,تْوَاجَد,تواجد
2awjad,أَوْجَد,أوجد
wajiiz,وَجِيز,وجيز
2iijaaz,إِيجَاز,إيجاز
muujaz,مُوجَز,موجز
2uujiz,اُوجِز,اوجز
yuujiz,يُوجِز,يوجز
2awjaz,أَوْجَز,أوجز
2inwiji3,اِنْوِجِع,انوجع
2itwajja3,اِتْوَجَّع,اتوجع
mawjuu3,مَوْجُوع,موجوع
waja3,وَجَع,وجع
2awjaa3,أَوْجَاع,أوجاع
mawaaji3,مَوَاجِع,مواجع
ween 2iljanb 2illi biwaj3ik,وين الجنب اللي بوجعك,وين الجنب اللي بوجعك
wajji3,وَجِّع,وجع
yinwiji3,يِنْوِجِع,ينوجع
yitwajja3,يِتْوَجَّع,يتوجع
ywajji3,يوَجِّع,يوجع
2inwaja3,اِنْوَجَع,انوجع
twajja3,تْوَجَّع,توجع
wajja3,وَجَّع,وجع
wudjaag,وُجَاق,وجاق
wajaaha,وَجَاهَة,وجاهة
wajaaha,وَجَاهَة,وجاهة
wijha,وِجْهَة,وجهة
wijhat nazar,وِجْهَة نَظَر,وجهة نظر
jaaha,جَاهَة,جاهة
waajha,وَاجْهَة,واجهة
muwaajaha,مُوَاجَهَة,مواجهة
wijih,وِجِه,وجه
tawjiih,تَوْجِيه,توجيه
wjuuh,وْجُوه,وجوه
wujuuh,وُجُوه,وجوه
tawjiihi,تَوْجِيهِي,توجيهي
maa 2asqa3 widjho,مَا أصقع وِجْهُه,ما أصقع وجهه
bibayyid 2ilwijih,ببيض الوِجِه,ببيض الوجه
wijhak mitil midfaashil khara,وِجْهَك مثل مدفَاش الخرَا,وجهك مثل مدفاش الخرا
nshuuf wijih rabnaa,نشوف وِجِه ربنَا,نشوف وجه ربنا
wijhik kheer 3aleena,وِجْهَك خير,وجهك خير
wijihhaa maa bid7ak larghiif 2issukhun,وِجِههَا مَا بضحك للرغيف السخن,وجهها ما بضحك للرغيف السخن
2ifrid wijhak,اِفْرِد وِجْهَك,افرد وجهك
2akhad wijihha,أَخَذ وِجِههَا,أخذ وجهها
2akhad wijih 3ala,أَخَذ وِجِه على,أخذ وجه على
wijho mitil 2issurmaaye,وِجْهُه مثل الصرمَايِة,وجهه مثل الصرماية
wijho naashif,وِجْهُه نَاشِف,وجهه ناشف
wijho 3adim,وِجْهُه عظِم,وجهه عظم
wijho baarid,وِجْهُه بَارِد,وجهه بارد
wijho mitil qaa3 2ittanjara,وِجْهُه مثل قَاع الطنجرة,وجهه مثل قاع الطنجرة
wijho binaqqit samm,وِجْهُه بنقِّط سَم,وجهه بنقط سم
wijho 3aabiq,وِجْهُه عَابِق,وجهه عابق
wijho mwarrid,وِجْهُه مورِّد,وجهه مورد
wijho maa bitfassar,وِجْهُه مَابتفَسَّر,وجهه مابتفسر
2irtama bwijhi,اِرتَمَى بوجْهِي,ارتمى بوجهي
wijho mitil sa7in 2ilimjaddara,وِجْهُه مثل صحن المجدرَّة,وجهه مثل صحن المجدرة
3awijih,عوِجِه,عوجه
wijih 2ilimkhadde,وِجِه المخدة,وجه المخدة
wijih 2issa77aara,وِجِه السحَارة,وجه السحارة
wijih 2ilbukse,وِجِه البُكْسِة,وجه البكسة
wijhil qahwe,وِجِه القهوة,وجه القهوة
wijhil balad,وِجِه البلد,وجه البلد
mish wijih ni3me,مش وِجِه نعمة,مش وجه نعمة
wijih kheer,وِجِه خير,وجه خير
wijih na7as,وِجِه نحس,وجه نحس
2akal wijhi,أَكل وِجْهِي,أكل وجهي
haay wijhi,هَاي وِجْهِي,هاي وجهي
wijih 2ishshabah,وِجِه الشَّبَه,وجه الشبه
wijih 2il2ikhtilaaf,وِجِه الَاختلَاف,وجه الاختلاف
wijih 2ilbinaaye,وِجِه البْنَايِة,وجه البناية
2ilbanaat bsaba3 wujuuh,البنَات بسبع وجوه,البنات بسبع وجوه
2itwajhan,اِتْوَجْهَن,اتوجهن
wajjih,وَجِّه,وجه
waajih,وَاجِه,واجه
yitwajhan,يِتْوَجْهَن,يتوجهن
ywaajih,يوَاجِه,يواجه
muwajjah,مُوَجَّه,موجه
ywajjih,يْوَجِّه,يوجه
jiha,جِهَة,جهة
tawajjuh,تَوَجُّه,توجه
2ittijih,اِتِّجِه,اتجه
yittijih,يِتِّجِه,يتجه
2ittajah,اِتَّجَه,اتجه
2ttijaah,اِتِّجَاه,اتجاه
twajhan,تْوَجْهَن,توجهن
wajjah,وَجَّه,وجه
waajah,وَاجَه,واجه
waaji,وَاجِي,واجي
ywaaji,يوَاجِي,يواجي
waaja,وَاجَى,واجى
wa7daani,وَحْدَانِي,وحداني
mitwa77id,مِتْوَحِّد,متوحد
wa7iid,وَحِيد,وحيد
waa7ad,وَاحَد,واحد
wa7de,وَحْدِة,وحدة
tawa77ud,تَوَحُّد,توحد
waa7ad,وَاحَد,واحد
waa7ad,وَاحَد,واحد
2itti7aad,اِتَّحَاد,اتحاد
7ada,حَدَا,حدا
7adayaat,حَدَيَات,حديات
2ilkhaari wilqaari waa7ad,الخَارِي وَالقَارِي وَاحَد,الخاري والقاري واحد
wa77id 2alla,وَحِّد الله,وحد الله
waa7ad waa7ad,وَاحَد وَاحَد,واحد واحد
mwa77id,مْوَحِّد,موحد
muwa77ad,مُوَحَّد,موحد
wa7iid 2ahlo,وَحِيد أهله,وحيد أهله
2il7aadi 2innabi,الحَادي النَّبي,الحادي النبي
mutta7id,مُتَّحِد,متحد
wa77id,وَحِّد,وحد
2itti7id,اِتِّحِد,اتحد
2itwa77ad,اِتْوَحَّد,اتوحد
ywa77id,يوَحِّد,يوحد
yitti7id,يِتِّحِد,يتحد
yitwa77ad,يِتْوَحَّد,يتوحد
2a7ad,أَحَد,أحد
2a7ad,أَحَد,أحد
7aadi,حَادي,حادي
wa77ad,وَحَّد,وحد
2itta7ad,اِتَّحَد,اتحد
twa77ad,تْوَحَّد,توحد
wa7shi,وَحْشي,وحشي
wa7she,وَحْشِة,وحشة
wa7shiyye,وَحْشيِّة,وحشية
wa7shane,وَحْشَنِة,وحشنة
wa7sh,وَحْش,وحش
wu7uush,وُحُوش,وحوش
7imaar wa7shi,حِمَار وَحْشي,حمار وحشي
2itwa77ash,اِتْوَحَّش,اتوحش
2istaw7ish,اِسْتَوْحِش,استوحش
yitwa77ash,يِتْوَحَّش,يتوحش
yistaw7ish,يِسْتَوْحِش,يستوحش
twa77ash,تْوَحَّش,توحش
2istaw7ash,اِسْتَوْحَش,استوحش
wa7il,وَحِل,وحل
2itwa77al,اِتْوَحَّل,اتوحل
yitwa77al,يِتْوَحَّل,يتوحل
twa77al,تْوَحَّل,توحل
2uu7il,اُوحِل,اوحل
wa77il,وَحِّل,وحل
yuu7il,يُوحِل,يوحل
ywa77il,يوَحِّل,يوحل
wa7al,وَحَل,وحل
wa77al,وَحَّل,وحل
mitwa77im,مِتْوَحِّم,متوحم
wa7me,وَحْمِة,وحمة
wu7aam,وُحَام,وحام
2itwa77am,اِتْوَحَّم,اتوحم
yitwa77am,يِتْوَحَّم,يتوحم
twa77am,تْوَحَّم,توحم
wa7wa7e,وَحْوَحِة,وحوحة
wa7wi7,وَحْوِح,وحوح
ywa7wi7,يوَحْوِح,يوحوح
wa7wa7,وَحْوَح,وحوح
wa7i,وَحِي,وحي
2ii7aa2,إِيحَاء,إيحاء
2uu7i,اُوحِي,اوحي
2istaw7i,اِسْتَوْحِي,استوحي
yuu7i,يُوحِي,يوحي
yistaw7i,يِسْتَوْحِي,يستوحي
2aw7a,أَوْحَى,أوحى
2istaw7a,اِسْتَوْحَى,استوحى
wakhri,وَخْرِي,وخري
wakhkhir,وَخِّر,وخر
ywakhkhir,يوَخِّر,يوخر
wakhkhar,وَخَّر,وخر
2awkham,أَوْخَم,أوخم
wikhim,وِخِم,وخم
wakhaame,وَخَامِة,وخامة
2itwaakham,اِتْوَاخَم,اتواخم
yitwaakham,يِتْوَاخَم,يتواخم
twaakham,تْوَاخَم,تواخم
mwakhwikh,مْوَخْوِخ,موخوخ
wakhwakha,وَخْوَخَة,وخوخة
wakhwikh,وَخْوِخ,وخوخ
ywakhwikh,يوَخْوِخ,يوخوخ
wakhwakh,وَخْوَخ,وخوخ
mawadde,مَوَدِّة,مودة
widd,وِدّ,ود
widdi,وِدِّي,ودي
widd,وِدّ,ود
2itwaddad,اِتْوَدّد,اتودد
ywidd,يوِدّ,يود
yitwaddad,يِتْوَدّد,يتودد
twaddad,تْوَدّد,تودد
wadd,وَدّ,ود
waddir,وَدِّر,ودر
mwaddir,مْوَدِّر,مودر
waddar 7aalo,وَدَّر حَاله,ودر حاله
ywaddir,يوَدِّر,يودر
waddar,وَدَّر,ودر
wadii3a,وَدِيعَة,وديعة
wadaa3,وَدَاع,وداع
mustawda3,مُسْتَوْدَع,مستودع
wadaa2i3,وَدَائِع,ودائع
2alla 2akhad wadaa3to,الله أخذ ودَاعته,الله أخذ وداعته
2itwadda3,اِتْوَدَّع,اتودع
yitwadda3,يِتْوَدَّع,يتودع
twadda3,تْوَدَّع,تودع
mitil maa wadda3it tlaaqi,مثل مَا وَدَّعت تلَاقي,مثل ما ودعت تلاقي
waddi3,وَدِّع,ودع
2istawdi3,اِسْتَوْدِع,استودع
2uudi3,اُودِع,اودع
ywaddi3,يوَدِّع,يودع
yistawdi3,يِسْتَوْدِع,يستودع
wadaa2i3,وَدَائِع,ودائع
wadaa3a,وَدَاعَة,وداعة
yuudi3,يُودِع,يودع
wadda3,وَدَّع,ودع
2istawda3,اِسْتَوْدَع,استودع
2awda3,أَوْدَع,أودع
tuudaaye,تُودَايِة,توداية
waadi,وَادِي,وادي
widyaan,وِديَان,وديان
waddi,وَدِّي,ودي
ywaddi,يوَدِّي,يودي
wadda,وَدَّى,ودى
2imwadhdhi7,مْوَذِّح,موذح
widhif,وِذِف,وذف
2itwaadhaf,اِتوَاذَف,اتواذف
yitwaadhaf,يِتوَاذَف,يتواذف
twaadhaf,توَاذَف,تواذف
warbe,وَرْبَة,وربة
warbaat,وَرْبَات,وربات
2uurib,اُورِب,اورب
waarib,وَارِب,وارب
yuurib,يُورِب,يورب
ywaarib,يوَارِب,يوارب
warab,وَرَب,ورب
waarab,وَارَب,وارب
mwartish,مْوَرْتِش,مورتش
wartashe,وَرْتَشِة,ورتشة
wartish,وَرْتِش,ورتش
ywartish,يوَرْتِش,يورتش
wartash,وَرْتَش,ورتش
wirse,وِرْثِة,ورثة
wiraase,وِرَاثِة,وراثة
miiraas,مِيرَاث,ميراث
waaris,وَارِث,وارث
2irth,إِرْث,إرث
waarith,وَارِث,وارث
warathe,وَرَثِة,ورثة
7asar 2irs,حصِر إِرْث,حصر إرث
2uuras,اُورَث,اورث
warris,وَرِّث,ورث
2itwaaras,اِتْوَارَث,اتوارث
yuuras,يُورَث,يورث
ywarris,يوَرِّث,يورث
yitwaaras,يِتْوَارَث,يتوارث
wiris,وِرِث,ورث
warras,وَرَّث,ورث
twaaras,تْوَارَث,توارث
warjaaha njuum 2idduhur,وَرْجَاهَا نجوم الظهر,ورجاها نجوم الظهر
warji,وَرْجِي,ورجي
ywarji,يوَرْجِي,يورجي
warja,وَرْجَى,ورجى
mustawrad,مُسْتَوْرَد,مستورد
warde,وَرْدِة,وردة
2istiiraad,اِسْتِيرَاد,استيراد
waarid jiddan,وَارِد جِدَا,وارد جدا
wird,وِرْد,ورد
warid,وَرِد,ورد
2awraad,أَوْرَاد,أوراد
wuruud,وُرُود,ورود
mitil 2ilwarde,مثل الوردة,مثل الوردة
waarid,وَارِد,وارد
waarid,وَارِد,وارد
2itwarrad,اِتْوَرَّد,اتورد
yitwarrad,يِتْوَرَّد,يتورد
twarrad,تْوَرَّد,تورد
warrid,وَرِّد,ورد
2istawrid,اِسْتَوْرِد,استورد
ywarrid,يوَرِّد,يورد
yistawrid,يِسْتَوْرِد,يستورد
warrad,وَرَّد,ورد
2istawrad,اِسْتَوْرَد,استورد
warraara,وَرَّارَة,ورارة
wirr,وِرّ,ور
ywirr,يوِرّ,يور
warr,وَرّ,ور
wirish,وِرِش,ورش
wirish,وِرِش,ورش
warshe,وَرْشِة,ورشة
wirash,وِرَش,ورش
2uurish,اُورِش,اورش
yuurish,يُورِش,يورش
warash,وَرَش,ورش
2itwarshan,اِتْوَرْشَن,اتورشن
yitwarshan,يِتْوَرْشَن,يتورشن
twarshan,تْوَرْشَن,تورشن
2itwarsha3,اِتْوَرْشَع,اتورشع
yitwarsha3,يِتْوَرْشَع,يتورشع
twarsha3,تْوَرْشَع,تورشع
mitwarrit,مِتوَرِّط,متورط
warta,وَرْطَة,ورطة
2uurat,اُورَط,اورط
warrit,وَرِّط,ورط
yuurat,يُورَط,يورط
ywarrit,يوَرِّط,يورط
2itwarrat,اِتْوَرَّط,اتورط
yitwarrat,يِتْوَرَّط,يتورط
wirit,وِرِط,ورط
warrat,وَرَّط,ورط
twarrat,تْوَرَّط,تورط
waraqa,وَرَقَة,ورقة
waraq,وَرَق,ورق
2awraaq,أَوْرَاق,أوراق
saqtat waraqto,سقطت ورقته,سقطت ورقته
2ilwaraqa 2ilwinse,الورقة الونسة,الورقة الونسة
waraqa raabi7a,وَرَقَة رَابحة,ورقة رابحة
waraqit 3amal,وَرَقَة عمل,ورقة عمل
kashaf 3an kull 2awraaqo,كشف عن كل أورَاقه,كشف عن كل أوراقه
wirik,وِرِك,ورك
2awraak,أَوْرَاك,أوراك
2uuram,اُورَم,اورم
warmaan,وَرْمَان,ورمان
waarim,وَارِم,وارم
mitwarrim,مِتْوَرِّم,متورم
waram,وَرَم,ورم
2awraam,أَوْرَام,أورام
waram 7amiid,وَرَم حَميد,ورم حميد
waram khabiis,ورم خَبيث,ورم خبيث
2itwarram,اِتْوَرَّم,اتورم
yitwarram,يِتْوَرَّم,يتورم
twarram,تْوَرَّم,تورم
warrim,وَرِّم,ورم
yuuram,يُورَم,يورم
ywarrim,يوَرِّم,يورم
wirim,وِرِم,ورم
warram,وَرَّم,ورم
mwarnash,مْوَرْنَش,مورنش
warnish,وَرْنِش,ورنش
ywarnish,يوَرْنِش,يورنش
warnash,وَرْنَش,ورنش
warwir,وَرْوِر,ورور
mwarwir,مْوَرْوِر,مورور
wirwir,وِرْوِر,ورور
waraawir,وَرَاوِر,وراور
ywarwir,يوَرْوِر,يورور
warwar,وَرْوَر,ورور
wara,وَرَا,ورا
wara,وَرَا,ورا
2iid min wara wu2iid min quddaam,إِيد من وَرَا وَايد من قدَام,إيد من ورا وايد من قدام
min wara,مِن وَرَا,من ورا
min waraak,من وَرَاك,من وراك
wara,وَرَا,ورا
raaqabo minwara,رَاقبه من وَرَا لوَرَا,راقبه من ورا لورا
wara 2ishshams,وَرَا الشمس,ورا الشمس
waari,وَارِي,واري
ywaari,يوَارِي,يواري
waara,وَارَى,وارى
warri,وَرِّي,وري
ywarri,يوَرِّي,يوري
warra,وَرَّى,ورى
waziir,وَزِير,وزير
wuzaraa2,وُزَرَاء,وزراء
wizaara,وِزَارَة,وزارة
wizir,وِزِر,وزر
2awzaar,أَوْزَار,أوزار
waaziz,وَازِز,وازز
wazze,وَزِّة,وزة
wazz,وَزّ,وز
wazz,وَزّ,وز
wizz,وِزّ,وز
ywizz,يوِزّ,يوز
wazz,وَزّ,وز
tawzii3,تَوْزِيع,توزيع
waazi3,وَازِع,وازع
biywazzi3 7asanaat,بيوَزِّع حسنَات,بيوزع حسنات
waazi3 diini,وَازِع ديني,وازع ديني
wazzi3,وَزِّع,وزع
ywazzi3,يوَزِّع,يوزع
wazza3,وَزَّع,وزع
2itwazza3,اِتْوَزَّع,اتوزع
yitwazza3,يِتْوَزَّع,يتوزع
twazza3,تْوَزَّع,توزع
mwazzam,مْوَزَّم,موزم
2itwazzam,اِتْوَزَّم,اتوزم
yitwazzam,يِتْوَزَّم,يتوزم
twazzam,تْوَزَّم,توزم
wazzim,وَزِّم,وزم
ywazzim,يوَزِّم,يوزم
wazzam,وَزَّم,وزم
mutawaazin,مُتَوَازِن,متوازن
wazin,وَزِن,وزن
tawaazun,تَوَازُن,توازن
2awzaan,أَوْزَان,أوزان
3aqlo byuuzin balad,عقله بيوزن بلد,عقله بيوزن بلد
2uuzinha bmukhkhak,اُوزنهَا بمُخَّك,اوزنها بمخك
2itwazzan,اِتْوَزَّن,اتوزن
yitwazzan,يِتْوَزَّن,يتوزن
twazzan,تْوَزَّن,توزن
wazzin,وَزِّن,وزن
2uuzin,اُوزِن,اوزن
waazin,وَازِن,وازن
ywazzin,يوَزِّن,يوزن
yuuzin,يُوزِن,يوزن
ywaazin,يوَازِن,يوازن
2itwaazan,اِتْوَازَن,اتوازن
yitwaazan,يِتْوَازَن,يتوازن
wazzan,وَزَّن,وزن
wazan,وَزَن,وزن
waazan,وَازَن,وازن
twaazan,تْوَازَن,توازن
waazi,وَازِي,وازي
2itwaaza,اِتْوَازَى,اتوازى
muwaazi,مُوَازِي,موازي
mutawaazi,مُتَوَازي,متوازي
mutawaazi 2il2adlaa3,مُتَوَازي الأضلَاع,متوازي الأضلاع
ywaazi,يوَازِي,يوازي
yitwaaza,يِتْوَازَى,يتوازى
waaza,وَازَى,وازى
twaaza,تْوَازَى,توازى
wisikh,وِسِخ,وسخ
wasaaykhi,وَسَايْخِي,وسايخي
wasaakha,وَسَاخَة,وساخة
wasakh,وَسَخ,وسخ
2itwassakh,اِتْوَسَّخ,اتوسخ
wassikh,وَسِّخ,وسخ
2itwaasakh,اِتْوَاسَخ,اتواسخ
2itwaskhan,اِتْوَسْخَن,اتوسخن
2istawsikh,اِسْتَوْسِخ,استوسخ
yitwassakh,يِتْوَسَّخ,يتوسخ
ywassikh,يوَسِّخ,يوسخ
yitwaasakh,يِتْوَاسَخ,يتواسخ
yitwaskhan,يِتْوَسْخَن,يتوسخن
yistawsikh,يِسْتَوْسِخ,يستوسخ
twassakh,تْوَسَّخ,توسخ
wassakh,وَسَّخ,وسخ
twaasakh,تْوَاسَخ,تواسخ
twaskhan,تْوَسْخَن,توسخن
2istawsakh,اِسْتَوْسَخ,استوسخ
mutawassit,مُتَوَسِّط,متوسط
wastaani,وَسْطَانِي,وسطاني
2awsat,أَوْسَط,أوسط
waasta,وَاسْطَة,واسطة
wasiit,وَسِيط,وسيط
wasat,وَسَط,وسط
wist,وِسْط,وسط
waasit,وَاسِط,واسط
wasaayit,وَسَايِط,وسايط
wasaayit,وَسَايِط,وسايط
2awsaat,أَوْسَاط,أوساط
2ishsharq 2il2awsat,الشَّرق الأَوْسَط,الشرق الأوسط
2itwassat,اِتْوَسَّط,اتوسط
2itwaasat,اِتْوَاسَط,اتواسط
wassit,وَسِّط,وسط
yitwassat,يِتْوَسَّط,يتوسط
yitwaasat,يِتْوَاسَط,يتواسط
ywassit,يوَسِّط,يوسط
twassat,تْوَسَّط,توسط
twaasat,تْوَاسَط,تواسط
wassat,وَسَّط,وسط
wasii3,وَسِيع,وسيع
2uwsii3,وْسِيع,وسيع
waasi3,وَاسِع,واسع
wasa3a,وَسَعَة,وسعة
mawsuu3a,مَوْسُوعَة,موسوعة
wasaa3,وَسَاع,وساع
wasaa3,وَسَاع,وساع
wasa3,وَسَع,وسع
tisaa3,تِسَاع,تساع
zimto waas3a,ذمته وَاسعة,ذمته واسعة
bilaad 2alla 2ilwaas3a,بلَاد الله الوَاسعة,بلاد الله الواسعة
2itwassa3,اِتْوَسَّع,اتوسع
yitwassa3,يِتْوَسَّع,يتوسع
twassa3,تْوَسَّع,توسع
wassi3,وَسِّع,وسع
2istawsi3,اِسْتَوْسِع,استوسع
2uusa3,اُوسَع,اوسع
ywassi3,يوَسِّع,يوسع
yistawsi3,يِسْتَوْسِع,يستوسع
yuusa3,يُوسَع,يوسع
wassa3,وَسَّع,وسع
wisi3,وِسِع,وسع
2istawsa3,اِسْتَوْسَع,استوسع
wasiile,وَسِيلِة,وسيلة
tawassul,تَوَسُّل,توسل
wasaa2il,وَسَائِل,وسائل
wasiile ta3liimiyye,وَسِيلِة تَعْلِيميِّة,وسيلة تعليمية
2ilghaaye tubarrir 2ilwasiile,الغَايِة تُبَرِّر الوَسِيلِة,الغاية تبرر الوسيلة
2itwassal,اِتْوَسَّل,اتوسل
yitwassal,يِتْوَسَّل,يتوسل
twassal,تْوَسَّل,توسل
wasiim,وَسِيم,وسيم
mitwassim,مِتْوَسِّم,متوسم
wasaame,وَسَامِة,وسامة
wisaam,وِسَام,وسام
mawsim,مَوْسِم,موسم
2awsime,أَوْسِمِة,أوسمة
mawaasim,مَوَاِسِم,مواسم
2itwassam,اِتوَسَّم,اتوسم
yitwassam,يِتوَسَّم,يتوسم
twassam,توَسَّم,توسم
2itwaswas,اِتْوَسْوَس,اتوسوس
mwaswas,مْوَسْوَس,موسوس
waswase,وَسْوَسِة,وسوسة
wasaawis,وَسَاوِس,وساوس
waswis,وَسْوِس,وسوس
ywaswis,يوَسْوِس,يوسوس
yitwaswas,يِتْوَسْوَس,يتوسوس
waswas,وَسْوَس,وسوس
twaswas,تْوَسْوَس,توسوس
muwaasaa,موَاسَاة,مواساة
biwaasi b7aalo,بيوَاسِي بحَاله,بيواسي بحاله
waasi,وَاسِي,واسي
ywaasi,يوَاسِي,يواسي
waasa,وَاسَى,واسى
mwashshash,مْوَشَّش,موشش
waashish,وَاشِش,واشش
washshe,وَشِّة,وشة
wishsh,وِشّ,وش
ywishsh,يوِشّ,يوش
washsh,وَشّ,وش
washak,وَشَك,وشك
washiik,وَشِيك,وشيك
2uushik,اُوشِك,اوشك
yuushik,يُوشِك,يوشك
2awshak,أَوْشَك,أوشك
washim,وَشِم,وشم
2awshaam,أَوْشَام,أوشام
wushuum,وُشُوم,وشوم
2uushim,اُوشِم,اوشم
yuushim,يُوشِم,يوشم
washam,وَشَم,وشم
washwashe,وَشْوَشِة,وشوشة
washaawish,وَشَاوِش,وشاوش
washwish,وَشْوِش,وشوش
ywashwish,يوَشْوِش,يوشوش
washwash,وَشْوَش,وشوش
2itwashwash,اِتْوَشْوَش,اتوشوش
yitwashwash,يِتْوَشْوَش,يتوشوش
twashwash,تْوَشْوَش,توشوش
wishaaye,وِشَايِة,وشاية
2uushi,اُوشِي,اوشي
yuushi,يُوشِي,يوشي
washa,وَشَى,وشى
waashi,وَاشِي,واشي
wasif,وَصِف,وصف
wasfe,وَصْفِة,وصفة
wasfe tibbiyye,وَصْفِة طبِّية,وصفة طبية
tawsiif,تَوْصِيف,توصيف
waasif,وَاصِف,واصف
sifa,صِفَة,صفة
2inwisif,اِنْوِصِف,انوصف
yinwisif,يِنْوِصِف,ينوصف
2inwasaf,اِنْوَصَف,انوصف
2itwassaf,اِتْوَصَّف,اتوصف
yitwassaf,يِتْوَصَّف,يتوصف
twassaf,تْوَصَّف,توصف
wassif,وَصِّف,وصف
ywassif,يوَصِّف,يوصف
wassaf,وَصَّف,وصف
2uusif,اُوصِف,اوصف
yuusif,يُوصِف,يوصف
wasaf,وَصَف,وصف
waasil,وَاصِل,واصل
wusuuli,وُصُولِيّ,وصولي
mwaasil,مْوَاصِل,مواصل
tawsiile,تَوْصِيلِة,توصيلة
wasle,وَصْلِة,وصلة
wusuuliyye,وُصُولِيِّة,وصولية
wusuul,وُصُول,وصول
2ittisaal,اِتِّصَال,اتصال
tawaasul,تَوَاصُل,تواصل
2awsaal,أَوْصَال,أوصال
wislat fiik 2ilmawaasiil,وِصْلَت فيك الموَاصِيل,وصلت فيك المواصيل
2uusal,اُوصَل,اوصل
wassil,وَصِّل,وصل
2uusil,اُوصِل,اوصل
waasil,وَاصِل,واصل
2ittasil,اِتِّصِل,اتصل
2itwaasal,اِتْوَاصَل,اتواصل
muwaasale,مُوَاصَلِة,مواصلة
yuusal,يُوصَل,يوصل
ywassil,يوَصِّل,يوصل
yuusil,يُوصِل,يوصل
ywaasil,يوَاصِل,يواصل
yittasil,يِتِّصِل,يتصل
yitwaasal,يِتْوَاصَل,يتواصل
wisil,وِصِل,وصل
wassal,وَصَّل,وصل
wasal,وَصَل,وصل
waasal,وَاصَل,واصل
2ittasal,اِتَّصَل,اتصل
twaasal,تْوَاصَل,تواصل
2itwassal,اِتْوَصَّل,اتوصل
yitwassal,يِتْوَصَّل,يتوصل
twassal,تْوَصَّل,توصل
wasiyye,وَصِيِّة,وصية
tuusaaye,تُوصَايِة,توصاية
tawsiye,تَوْصِيِة,توصية
wasaaya,وَصَايَا,وصايا
tawaasi,تَوَاصِي,تواصي
2itwassa,اِتْوَصَّى,اتوصى
yitwassa,يِتْوَصَّى,يتوصى
twassa,تْوَصَّى,توصى
wassi,وَصِّى,وصى
2uusi,اُوصِي,اوصي
ywassi,يوَصِّى,يوصى
yuusi,يُوصِي,يوصي
wassa,وَصَّى,وصى
2awsa,أَوْصَى,أوصى
waddaaye,وَضَّايِة,وضاية
wuduu2wudu,وُضُوء,وضوء
3ala wuduu2,على وُضوء,على وضوء
biddi 2afikk wuduu2i,بِدِّي أَفِكّ وُضُوئِي,بدي أفك وضوئي
2itwadda,اِتْوَضَّى,اتوضى
yitwadda,يِتْوَضَّى,يتوضى
twadda,تْوَضَّى,توضى
waadi7,وَاضِح,واضح
wuduu7,وُضُوح,وضوح
tawdii7,تَوْضِيح,توضيح
2itwadda7,اِتْوَضَّح,اتوضح
yitwadda7,يِتْوَضَّح,يتوضح
twadda7,تْوَضَّح,توضح
waddi7,وَضِّح,وضح
ywaddi7,يوَضِّح,يوضح
wadda7,وَضَّح,وضح
2uuda7,اُوضَح,اوضح
yuuda7,يُوضَح,يوضح
widi7,وِضِح,وضح
mutawaadi3,مُتَوَاضِع,متواضع
mawduu3,مَوْضُوع,موضوع
mawdi3,مَوْضِع,موضع
tawaadu3,تَوَاضُع,تواضع
wadi3,وَضِع,وضع
wad3iyye,وَضْعِيِّة,وضعية
mawaadi3,مَوَاضِع,مواضع
mawaadii3,مَوَاضِيع,مواضيع
2awdaa3,أَوْضَاع,أوضاع
2inwidi3,اِنْوِضِع,انوضع
yinwidi3,يِنْوِضِع,ينوضع
2inwada3,اِنْوَضَع,انوضع
da3,ضَع,ضع
2itwaada3,اِتْوَاضَع,اتواضع
yada3,يَضَع,يضع
yitwaada3,يِتْوَاضَع,يتواضع
wada3,وَضَع,وضع
twaada3,تْوَاضَع,تواضع
wata,وَطَا,وطا
tawaatu2,تَوَاطُؤ,تواطؤ
2itwaata2,اِتْوَاطَأ,اتواطأ
ti2,طِئ,طئ
yati2,يَطِئ,يطئ
yitwaata2,يِتْوَاطَأ,يتواطأ
wata2,وَطَأ,وطأ
twaata2,تْوَاطَأ,تواطأ
watriz,وَطْرِز,وطرز
ywatriz,يوَطْرِز,يوطرز
watraz,وَطْرَز,وطرز
2alla laa ywatrizlak,الله لَا يوَطْرِزْلَك,الله لا يوطرزلك
mawaatin,مَوَاطِن,مواطن
mawtin,مَوْطِن,موطن
watan,وَطَن,وطن
2awtaan,أَوْطَان,أوطان
watani,وَطَنِي,وطني
2istawtin,اِسْتَوْطِن,استوطن
yistawtin,يِسْتَوْطِن,يستوطن
2istawtan,اِسْتَوْطَن,استوطن
mustawtane,مُسْتَوْطَنِة,مستوطنة
mustawtin,مُسْتَوْطِن,مستوطن
2istiitaan,اِسْتِيطَان,استيطان
tawtiin,تَوْطِين,توطين
muwaatin,مُوَاطِن,مواطن
muwaatane,مُوَاطَنِة,مواطنة
wattin,وَطِّن,وطن
ywattin,يوَطِّن,يوطن
wattan,وَطَّن,وطن
2itwattan,اِتْوَطَّن,اتوطن
yitwattan,يِتْوَطَّن,يتوطن
twattan,تْوَطَّن,توطن
waati,وَاطِي,واطي
maa bi7utt waati la7ada,ما بيحُطّ وَاطِي لَحَدَا,ما بيحط واطي لحدا
wataawe,وَطَاوِة,وطاوة
2istawti 7eetak,اِسْتَوْطَى حَيطَك,استوطى حيطك
biwatti 2irraas,بيوطَّي الرَاس,بيوطي الراس
2itwatta,اِتْوَطَّى,اتوطى
yitwatta,يِتْوَطَّى,يتوطى
twatta,تْوَطَّى,توطى
2uuta,اُوطَى,اوطى
watti,وَطِّي,وطي
2istawti,اِسْتَوْطِي,استوطي
2itwaata,اِتْوَاطَى,اتواطى
yuuta,يُوطَى,يوطى
ywatti,يوَطِّي,يوطي
yistawti,يِسْتَوْطِي,يستوطي
yitwaata,يِتْوَاطَى,يتواطى
witi,وِطِي,وطي
watta,وَطَّى,وطى
2istawta,اِسْتَوْطَى,استوطى
twaata,تْوَاطَى,تواطى
muwazzaf,مُوَظَّف,موظف
tawziif,تَوْظِيف,توظيف
wazaa2if,وَظَائِف,وظائف
waziife,وَظِيفِة,وظيفة
2itwazzaf,اِتْوَظَّف,اتوظف
yitwazzaf,يِتْوَظَّف,يتوظف
twazzaf,تْوَظَّف,توظف
wazzif,وَظِّف,وظف
ywazzif,يوَظِّف,يوظف
wazzaf,وَظَّف,وظف
2istii3aab,اِسْتِيعَاب,استيعاب
2istaw3ib,اِسْتَوْعِب,استوعب
yistaw3ib,يِسْتَوْعِب,يستوعب
2istaw3ab,اِسْتَوْعَب,استوعب
maw3uud,مَوْعُود,موعود
wa3id,وَعِد,وعد
mitwa33id,مِتْوَعِّد,متوعد
wa3id,وَعِد,وعد
maw3id,مَوْعِد,موعد
wu3uud,وُعُود,وعود
mawaa3iid,مَوَاعِيد,مواعيد
maw3id gharaami,مَوْعِد غَرَامِي,موعد غرامي
2uu3id,اُوعِد,اوعد
2itwaa3ad,اِتَوَاعَد,اتواعد
2itwa33ad,اِتْوَعَّد,اتوعد
yuu3id,يُوعِد,يوعد
2inwi3id,اِنْوِعِد,انوعد
yinwi3id,يِنْوِعِد,ينوعد
yitwaa3ad,يِتَوَاعَد,يتواعد
yitwa33ad,يِتْوَعَّد,يتوعد
wa3ad,وَعَد,وعد
2inwa3ad,اِنْوَعَد,انوعد
twaa3ad,تَوَاعَد,تواعد
twa33ad,تْوَعَّد,توعد
mii3aad,مِيعَاد,ميعاد
wi3ir,وِعِر,وعر
mawaa3iz,مَوَاعِظ,مواعظ
maw3iza,مَوْعِظَة,موعظة
wa3iz,وَعِظ,وعظ
waa3iz,وَاعِظ,واعظ
2uu3iz,اُوعِظ,اوعظ
yuu3iz,يُوعِظ,يوعظ
wa3az,وَعَظ,وعظ
wa33iz,وَعِّظ,وعظ
ywa33iz,يوَعِّظ,يوعظ
wa33az,وَعَّظ,وعظ
wi33,وِعّ,وع
ywi33,يوِعّ,يوع
wa33,وَعّ,وع
mitawa33ik,مِتْوَعِّك,متوعك
wa3ke,وَعْكِة,وعكة
2itwa33ak,اِتْوَعَّك,اتوعك
yitwa33ak,يِتْوَعَّك,يتوعك
twa33ak,تْوَعَّك,توعك
taw3iye,تَوْعِيِة,توعية
2aw3a,أَوْعَى,أوعى
waa3i,وَاعِي,واعي
wa3i,وَعِي,وعي
2uu3,اُوعَى,اوعى
2uu3ak,اُوعَك,اوعك
yitwa33a,اِتْوَعَّى,اتوعى
2itwa33a,يِتْوَعَّى,يتوعى
twa33a,تْوَعَّى,توعى
2uu3a,اُوعَى,اوعى
wa33i,وَعِّى,وعى
yuu3a,يُوعَى,يوعى
ywa33i,يوَعِّى,يوعى
wi3i,وِعِي,وعي
wa33a,وَعَّى,وعى
waghid,وَغِد,وغد
2awghaad,أَوْغَاد,أوغاد
2itwaghghal,اِتْوَغَّل,اتوغل
mutawaghghil,مُتَوَغِّل,متوغل
tawaghghul,تَوَغُّل,توغل
yitwaghghal,يِتْوَغَّل,يتوغل
twaghghal,تْوَغَّل,توغل
2itwaghwash,اِتْوَغْوَش,اتوغوش
mwaghwash,مْوَغْوَش,موغوش
waghwashe,وَغْوَشِة,وغوشة
waghwish,وَغْوِش,وغوش
ywaghwish,يوَغْوِش,يوغوش
yitwaghwash,يِتْوَغْوَش,يتوغوش
waghwash,وَغْوَش,وغوش
twaghwash,تْوَغْوَش,توغوش
wafid,وَفِد,وفد
waafid,وَافِد,وافد
wufuud,وُفُود,وفود
2itwaafad,اِتْوَافَد,اتوافد
2uufid,اُوفِد,اوفد
yitwaafad,يِتْوَافَد,يتوافد
yuufid,يُوفِد,يوفد
twaafad,تْوَافَد,توافد
2awfad,أَوْفَد,أوفد
mutawaffir,مُتَوَفِّر,متوفر
muufir,مُوفِر,موفر
muufir,مُوفِر,موفر
tawfiir,تَوْفِير,توفير
waffir,وَفَّر,وفر
ywaffir,يوَفَّر,يوفر
waffar,وَفَّر,وفر
2itwaffar,اِتْوَفَّر,اتوفر
yitwaffar,يِتْوَفَّر,يتوفر
twaffar,تْوَفَّر,توفر
2itwaffaq,اِتْوَفَّق,اتوفق
2itwaafaq,اِتْوَافَق,اتوافق
mwaffaq,مْوَفَّق,موفق
mwaafiq,مْوَافِق,موافق
mitawaafiq,مِتْوَافِق,متوافق
waafaqa,مُوَافَقَة,موافقة
2ittifaaqiyye,اِتِّفَاقِيِّة,اتفاقية
tawfiiq,تَوْفِيق,توفيق
2ittifaaq,اِتِّفَاق,اتفاق
tawaafuq,تَوَافُق,توافق
bittawfiiq,بَالتَّوْفِيق,بالتوفيق
waffiq,وَفِّق,وفق
waafiq,وَافِق,وافق
2ittifiq,اِتِّفِق,اتفق
ywaffiq,يوَفِّق,يوفق
yitwaffaq,يِتْوَفَّق,يتوفق
ywaafiq,يوَافِق,يوافق
yittifiq,يِتِّفِق,يتفق
yitwaafaq,يِتْوَافَق,يتوافق
waffaq,وَفَّق,وفق
twaffaq,تْوَفَّق,توفق
waafaq,وَافَق,وافق
2ittafaq,اِتَّفَق,اتفق
twaafaq,تْوَافَق,توافق
mitwaffi,مِتْوَفِّي,متوفي
waafi,وَافِي,وافي
mwaafi,مْوَافِي,موافي
wafi,وَفِي,وفي
2awfiyaa2,أَوْفِيَاء,أوفياء
mistawfi,مِسْتَوْفِي,مستوفي
wafaat,وَفَاة,وفاة
2istiwfaa2,اِسْتِوْفَاء,استوفاء
wafa,وَفَا,وفا
2uufi,اُوفِي,اوفي
waffi,وَفِّي,وفي
2itwaffa,اِتْوَفَّى,اتوفى
2istawfi,اِسْتَوْفِي,استوفي
2uufi,اُوفِي,اوفي
yuufi,يُوفِي,يوفي
yitwaffa,يِتْوَفَّى,يتوفى
yuufi,يُوفِي,يوفي
ywaffi,يْوَفِّي,يوفي
yistawfi,يِسْتَوْفِي,يستوفي
twaffa,تْوَفَّى,توفى
2awfa,أَوْفَى,أوفى
wafa,وَفَى,وفى
waffa,وَفَّى,وفى
2istawfa,اِسْتَوْفَى,استوفى
mu2aqqat,مُؤَقَّت,مؤقت
halqeet,هَالْقَيت,هالقيت
waqit,وَقِت,وقت
tawqiit,تَوْقِيت,توقيت
2awqaat,أَوقَات,أوقات
yis3id 2awqaatak,يِسْعِد أوقَاتك,يسعد أوقاتك
2awqaat,أَوقَات,أوقات
waqkgteesh,وَقْتَيش,وقتيش
waqkgteesh,وَقْتَيش,وقتيش
2itwaqqat,اِتْوَقَّت,اتوقت
yitwaqqat,يِتْوَقَّت,يتوقت
twaqqat,تْوَقَّت,توقت
waqqit,وَقِّت,وقت
ywaqqit,يوَقِّت,يوقت
waqqat,وَقَّت,وقت
wiqi7,وَقِح,وقح
waqaa7a,وَقَاحَة,وقاحة
2itwaaqa7,اِتْوَاقَح,اتواقح
yitwaaqa7,يِتْوَاقَح,يتواقح
twaaqa7,تْوَاقَح,تواقح
2awqa7,أَوْقَح,أوقح
muuqad,مُوقَد,موقد
mawaaqid,مَوَاقِد,مواقد
mawaaqi3,مَوَاقِع,مواقع
mawqi3,مَوْقِع,موقع
waaqi3i,وَاقِعي,واقعي
waagi3,وَاقِع,واقع
mitwaqqi3,مِتْوَقِّع,متوقع
waaqi3,وَاقِع,واقع
waq3a,وَقْعَة,وقعة
waaqi3a,وَاقِعَة,واقعة
muwaaqa3a,مُوَاقَعَة,مواقعة
2iiqaa3,اِيقَاع,ايقاع
tawqii3,تَوْقِيع,توقيع
tawaqqu3,تَوَقُّع,توقع
waaqi3,وَاقِع,واقع
tawaaqii3,تَوَاقِيع,تواقيع
waqaa2i3,وَقَائِع,وقائع
yuuqa3 3araaso ghazz,يوقع عرَاسه غز,يوقع عراسه غز
wiq3at braaso,وقعت برَاسه,وقعت براسه
waq3a sukhne,وقعة سخنة,وقعة سخنة
latuuqa3,لتوقع,لتوقع
waqqa3o bil7aki,وَقَّعه بَالحكي,وقعه بالحكي
2uuqa3,اُوقَع,اوقع
waqqi3,وَقِّع,وقع
2itwaqqa3,اِتْوَقَّع,اتوقع
waaqi3,وَاقِع,واقع
yuuqa3,يُوقَع,يوقع
ywaqqi3,يوَقِّع,يوقع
yitwaqqa3,يِتْوَقَّع,يتوقع
ywaaqi3,يوَاقِع,يواقع
wiqi3,وِقِع,وقع
waqqa3,وَقَّع,وقع
twaqqa3,تْوَقَّع,توقع
waaqa3,وَاقَع,واقع
2itwaqqaf,اِتْوَقَّف,اتوقف
yitwaqqaf,يِتْوَقَّف,يتوقف
twaqqaf,تْوَقَّف,توقف
waaquf,وَاقِف,واقف
wuquuf,وُقُوف,وقوف
waqf,وَقْف,وقف
waqif,وَقِف,وقف
tawqiif,تَوْقِيف,توقيف
waqfe,وَقْفِة,وقفة
yoom 2ilwaqfe,يوم وَقْفِة,يوم وقفة
mawqif,مَوْقِف,موقف
mawaaqif,مَوَاقِف,مواقف
waqqaf sha3ar raaso,وقف شعر رَاسه,وقف شعر راسه
waqqif,وَقِّف,وقف
2uuqaf,اُوقَف,اوقف
ywaqqif,يوَقِّف,يوقف
yuuqaf,يُوقَف,يوقف
wiqif,وِقِف,وقف
waqqaf,وَقَّف,وقف
wuqkgaa,وُقَاة,وقاة
wiqaaya,وِقَايِة,وقاية
2uuqiyye,أُوْقِيِّة,أوقية
2uuqi,اُوقِي,اوقي
waaqi,وَاقِي,واقي
2itwaaqa,اِتْوَاقَى,اتواقى
yuuqi,يُوقِي,يوقي
ywaaqi,يوَاقِي,يواقي
yitwaaqa,يِتْوَاقَى,يتواقى
waaqa,وَاقَى,واقى
waqa,وَقَى,وقى
twaaqa,تْوَاقَى,تواقى
taqwa,تَقْوَى,تقوى
2ittiqi,اِتِّقِي,اتقي
yittiqi,يِتِّقِي,يتقي
2ittaqa,اِتَّقَى,اتقى
takkaaye,تَكَّايِة,تكاية
takki,تَكِّي,تكي
ytakki,يتَكِّي,يتكي
takka,تَكَّى,تكى
waakib,وَاكِب,واكب
ywaakib,يوَاكِب,يواكب
waakab,وَاكَب,واكب
mwaakib,مْوَاكِب,مواكب
muwaakabe,مُوَاكَبِة,مواكبة
mawaakib,مَوَاكِب,مواكب
mawkib,مَوْكِب,موكب
muukara,مُوكَرَة,موكرة
wakar,وَكِر,وكر
2awkaar,أَوْكَار,أوكار
wakse,وَكْسِة,وكسة
mawkuus,مَوْكُوس,موكوس
2itwikis,اِتْوِكِس,اتوكس
yitwikis,يِتْوِكِس,يتوكس
twakas,تْوَكَس,توكس
2inwikis,اِنْوِكِس,انوكس
yinwikis,يِنْوِكِس,ينوكس
2inwakas,اِنْوَكَس,انوكس
wakashe,وَكَشِة,وكشة
ktiir wakashe,كثير وَكَشِة,كثير وكشة
wakaale,وَكَالِة,وكالة
wakaale 3aamme,وَكَالِة عَامة,وكالة عامة
wakaalit 2ilghooth,وَكَالِة الغوث,وكالة الغوث
wakiil,وَكِيل,وكيل
wukalaa2,وُكَلَاء,وكلاء
2alla wakiilak,الله وَكِيلك,الله وكيلك
tawkiil,تَوْكِيل,توكيل
tawakkul,تَوَكُّل,توكل
2ittikaali,اِتَّكَالِي,اتكالي
2ittikil,اِتَّكِل,اتكل
yittikil,يِتَّكِل,يتكل
2ittikal,اِتَّكَل,اتكل
twakkal 3a2alla,تْوَكَّل على الله,توكل على الله
2itwakkal,اِتْوَكَّل,اتوكل
yitwakkal,يِتْوَكَّل,يتوكل
twakkal,تْوَكَّل,توكل
wakkil,وَكِّل,وكل
ywakkil,يوَكِّل,يوكل
wakkal,وَكَّل,وكل
2awkal,أَوْكِل,أوكل
yuukil,يُوْكِل,يوكل
2awkal,أَوْكَل,أوكل
2iilaaj,إِيلَاج,إيلاج
wuluuj,وُلُوج,ولوج
2uulij,اُولِج,اولج
yuulij,يُولِج,يولج
2awlaj,أَوْلَج,أولج
wallij,وَلِّج,ولج
ywallij,يوَلِّج,يولج
wallaj,وَلَّج,ولج
miilaad,مِيلَاد,ميلاد
mawluud,مَوْلُود,مولود
mawaaliid,مَوَالِيد,مواليد
mawluud,مَوْلُود,مولود
waalde,وَالْدِة,والدة
wallaadi,وَلَّادي,ولادي
mwallid,مْوَلِّد,مولد
waalde,وَالْدِة,والدة
wilaade,وِلَادِة,ولادة
waldane,وَلْدَنِة,ولدنة
walad,وَلَد,ولد
waalid,وَالِد,والد
2iwlaad,إِوْلَاد,إولاد
shoorbit waaldaat,شوربة وَالْدَات,شوربة والدات
bookil qadd qirde waalde,بوكل قد قردة وَالدة,بوكل قد قردة والدة
2awlaad 2imbaari7,أَوْلَاد إِمبَارح,أولاد إمبارح
2itwallad,اِتْوَلَّد,اتولد
yitwallad,يِتْوَلَّد,يتولد
twallad,تْوَلَّد,تولد
2uulad,اُولَد,اولد
wallid,وَلِّد,ولد
2itwaldan,اِتْوَلْدَن,اتولدن
yuulad,يُولَد,يولد
ywallid,يوَلِّد,يولد
yitwaldan,يِتْوَلْدَن,يتولدن
wilid,وِلِد,ولد
wallad,وَلَّد,ولد
twaldan,تْوَلْدَن,تولدن
wala3,وَلَع,ولع
wallaa3a,وَلَّاعَة,ولاعة
walli3,وَلِّع,ولع
ywalli3,يوَلِّع,يولع
walla3,وَلَّع,ولع
wil3at,وِلْعَت,ولعت
2uula3,اُولَع,اولع
yuula3,يُولَع,يولع
wili3,وِلِع,ولع
waliif,وَلِيف,وليف
wilf,وِلْف,ولف
walaayif,وَلَايِف,ولايف
mitwaalif,مِتْوَالِف,متوالف
waalif,وَالِف,والف
2itwaalaf,اِتْوَالَف,اتوالف
2uulaf,اُولَف,اولف
2uulif,اُولِف,اولف
yuulaf,يُولَف,يولف
yuulif,يُولِف,يولف
yitwaalaf,يِتْوَالَف,يتوالف
walaf,وَلَف,ولف
wilif,وِلِف,ولف
twaalaf,تْوَالَف,توالف
wall,وَلّ,ول
wall 3aleek,وَلّ عَلَيك,ول عليك
walah,وَلَه,وله
walhaan,وَلْهَان,ولهان
walwale,وَلْوَلِة,ولولة
walaawil,وَلَاوِل,ولاول
walaawiil,وَلَاوِيل,ولاويل
walwil,وَلْوِل,ولول
ywalwil,يوَلْوِل,يولول
walwal,وَلْوَل,ولول
mawla,مَوْلَى,مولى
2itwaala,اِتْوَالَى,اتوالى
wilaaye,وِلَايِة,ولاية
mitwalli,مِتْوَلِّي,متولي
2uwliyye,وْلِيِّة,ولية
2istiilaa2,اِسْتِيلَاء,استيلاء
wali,وَلِي,ولي
2awliyaa2,أَوليَاء,أولياء
walaaya,وَلَايَا,ولايا
taniib 3awalaayaak,طَنِيب عوَلَايَاك,طنيب عولاياك
2awliyaa2 2illa 2issaali7iin,أَوليَاء الله الصَالحين,أولياء الله الصالحين
walli,وَلِّي,ولي
2itwalla,اِتْوَلَّى,اتولى
2istawli,اِسْتَوْلِي,استولي
ywalli,يوَلِّي,يولي
yitwalla,يِتْوَلَّى,يتولى
yitwaala,يِتْوَالَى,يتوالى
yistawli,يِسْتَوْلِي,يستولي
walla,وَلَّى,ولى
twalla,تْوَلَّى,تولى
twaala,تْوَالَى,توالى
2istawla,اِسْتَوْلى,استولى
mwantir,مْوَنْتِر,مونتر
wantir,وَنْتِر,ونتر
ywantir,يوَنْتِر,يونتر
wantar,وَنْتَر,ونتر
mwanjaq,موَنْجَق,مونجق
wanjiq,وَنْجِق,ونجق
ywandjiq,يوَنْجِق,يونجق
wanjaq,وَنْجَق,ونجق
2uns,أُنْس,أنس
m2aanase,مْآنَسِة,مآنسة
winse,وِنْسِة,ونسة
waniise,وَنِيسِة,ونيسة
shillit 2il2uns,شِلِّة الأُنْس,شلة الأنس
winis,وِنِس,ونس
2ilwaraqa 2ilwinse,الوَرَقَة الوِنْسِة,الورقة الونسة
2aanis,آنِس,آنس
y2aanis,يآنِس,يآنس
2aanas,آنَس,آنس
winsh,وِنْش,ونش
biddo winsh yshiilo,بدُّه وِنْش يشيله,بده ونش يشيله
winn,وِنّ,ون
wanne,وَنِّة,ونة
wann,وَنّ,ون
ywinn,يوِنّ,يون
wann,وَنّ,ون
mwanwan,مْوَنْوَن,مونون
wanwane,وَنْوَنِة,ونونة
wanwin,وَنْوِن,ونون
ywanwin,يوَنْوِن,يونون
wanwan,وَنْوَن,ونون
hiba,هِبَة,هبة
mawhibe,مَوْهِبِة,موهبة
mawaahib,مَوَاهِب,مواهب
2uuhib,اُوهِب,اوهب
yuuhib,يُوهِب,يوهب
wahab,وَهَب,وهب
2inwihib,اِنْوِهِب,انوهب
yinwihib,يِنْوِهِب,ينوهب
2inwahab,اِنْوَهَب,انوهب
mwahhit,مْوَهِّت,موهت
wahhit,وَهِّت,وهت
ywahhit,يوَهِّت,يوهت
wahhat,وَهَّت,وهت
2itwahhat,اِتْوَهَّت,اتوهت
yitwahhat,يِتْوَهَّت,يتوهت
twahhat,تْوَهَّت,توهت
muuharr,مُوهَرّ,موهر
wahraan,وَهْرَان,وهران
wihir,وِهِر,وهر
wahaara,وَهَارَة,وهارة
2itwahhar,اِتْوَهَّر,اتوهر
yitwahhar,يِتْوَهَّر,يتوهر
twahhar,تْوَهَّر,توهر
wahhir,وَهِّر,وهر
2itwaahar,اِتْوَاهَر,اتواهر
ywahhir,يوَهِّر,يوهر
yitwaahar,يِتْوَاهَر,يتواهر
wahhar,وَهَّر,وهر
twaahar,تْوَاهَر,تواهر
waham,وَهِم,وهم
2awhaam,أَوْهَام,أوهام
mawhuum,مَوْهُوم,موهوم
wahhim,وَهِّم,وهم
ywahhim,يوَهِّم,يوهم
wahham,وَهَّم,وهم
2uuhim,اُوهِم,اوهم
yuuhim,يُوهِم,يوهم
2awham,أَوْهَم,أوهم
2itwahham,اِتْوَهَّم,اتوهم
yitwahham,يِتْوَهَّم,يتوهم
twahham,تْوَهَّم,توهم
waawi,وَاوِي,واوي
weel,وَيل,ويل
7aalto bilweel,حَالْتُه بَالوَيل,حالته بالويل
yaa weelak,يَا وَيلك,يا ويلك
weeli,وَيلِي,ويلي
ween,وَين,وين
weenta,وَينْتَا,وينتا
weenta,وَينْتَا,وينتا
yaa2is,يَائِس,يائس
ya2saan,يَأْسَان,يأسان
ya2s,يَأْس,يأس
qata3it 2il2ayaas min,قطعت الأيَاس من,قطعت الأياس من
sinn 2ilya2s,سِنّ اليَأْس,سن اليأس
ya22is,يَئِّس,يئس
2iiy2as,اِيْأَس,ايأس
yiiy2as,يِيْأَس,ييأس
2ayaas,أَيَاس,أياس
2iyya22is,يِيئِّس,ييئس
yi2is,يِئِس,يئس
ya22as,يَأَّس,يأس
yaa,يَا,يا
yaah,يَاه,ياه
yaabis,يَابِس,يابس
raso yaabis,رَاسه يَابس,راسه يابس
bookil 2il2akhdar wil yaabis,بْيَوكل الأَخْضَر وَاليَابِس,بيوكل الأخضر واليابس
2ityabbas,اِتْيَبَّس,اتيبس
yityabbas,يِتْيَبَّس,يتيبس
tyabbas,تْيَبَّس,تيبس
yabbas raaso,يَبَّس رَاسُه,يبس راسه
yabbis,يَبِّس,يبس
2iibas,اِيبَس,ايبس
yiibas,ييبَس,ييبس
2iyyabbis,يْيَبِّس,ييبس
yibis,يِبِس,يبس
yabbas,يَبَّس,يبس
yattish,يَتِّش,يتش
2iyyattish,يِيَتِّش,ييتش
yattash,يَتَّش,يتش
yattishha,يتِّشهَا,يتشها
yatiim,يَتِيم,يتيم
2aytaam,أَيْتَام,أيتام
yataama,يَتَامَى,يتامى
maytam,مَيْتَم,ميتم
mayaatim,ميَاتِم,مياتم
yatmak,يتمك,يتمك
yattim,يَتِّم,يتم
2iitam,اِيتَم,ايتم
2ityattam,اِتْيَتَّم,اتيتم
yiitam,ييتَم,ييتم
2iyyattim,يِيَتِّم,ييتم
yityattam,يِتْيَتَّم,يتيتم
yitim,يِتِم,يتم
yattam,يَتَّم,يتم
tyattam,تْيَتَّم,تيتم
yaakhuur,يَاخُور,ياخور
yawaakhiir,يوَاخِير,يواخير
2eed,أَيد,أيد
2iid,إِيد,إيد
2ayaadi,أَيَادي,أيادي
mish bi2iidi,مش بإِيدي,مش بإيدي
min qafa 2iidha,من قفى إِيدهَا,من قفى إيدها
2iido khafiife,إِيد خفيفة,إيد خفيفة
2iido khafiife,إِيده خفيفة,إيده خفيفة
2iido maaske,إِيده مَاسكة,إيده ماسكة
2iido faarta,إِيده فَارطة,إيده فارطة
2iido wilkaf,إِيده وَالكف,إيده والكف
2iid min wara w2iid min quddaam,إِيد من ورَا وإِيد من قدَام,إيد من ورا وإيد من قدام
2iido taayle,إِيده طَايلة,إيده طايلة
dubb 2iidak,ضُبّ إِيدَك,ضب إيدك
2iido barake,إِيدُه بَرَكِة,إيده بركة
2il2iid 2illi maa btiqdar 3aleeha buusha wid3i 3aleeha3 bilkasir,الإِيد اللي مَا بتقدر عليهَا بوسهَا وادعي عليهَا بَالكسر,الإيد اللي ما بتقدر عليها بوسها وادعي عليها بالكسر
min ta7it 2iidha,من تحت إِيدهَا,من تحت إيدها
2illi min 2iido 2alla yziido,اللي من إِيدُه الله يزيده,اللي من إيده الله يزيده
2ilo 2iid bilmawduu3,إِلُه إِيد بالمَوْضُع,إله إيد بالموضع
2iidak wumaa ta3ti,إِيدَك وماتَعْطِي,إيدك وماتعطي
2iidha btittaqqal biddahab,إِيدْها بْتِتْثَقَّل بالذَّهَب,إيدها بتتثقل بالذهب
2iido tqiile,إِيدُه ثْقِيلِة,إيده ثقيلة
madd 2iido,مَدّ إِيدُه,مد إيده
3a7attit 2iidak,عَحَطِّة إِيدَك,عحطة إيدك
yarghuul,يَرْغُول,يرغول
yasta2,يَسْتَأ,يستأ
yasiir,يَسِير,يسير
maysuur,مَيْسُور,ميسور
myassar,مْيَسَّر,ميسر
yasaari,يَسَارِي,يساري
yusur,يُسُر,يسر
yasaar,يَسَار,يسار
yassir,يَسِّر,يسر
2ityassar,اِتْيَسَّر,اتيسر
2istaysir,اِسْتَيْسِر,استيسر
yityassar,يِتْيَسَّر,يتيسر
2iyyassir,يِيَسِّر,ييسر
yistaysir,يِسْتَيْسِر,يستيسر
yassar,يَسَّر,يسر
tyassar,تْيَسَّر,تيسر
2istaysar,اِسْتَيْسَر,استيسر
yaasmiina,يَاسْمِينِة,ياسمينة
yaasmiin,يَاسْمِين,ياسمين
sabaa7 2ilyaasmiin,صَبَاح اليَاسْمِين,صباح الياسمين
yaqiin,يَقِين,يقين
muuqin,مُوقِن,موقن
2iiqin,اِيقِن,ايقن
yuuqin,يُوقِن,يوقن
2ayqan,أَيْقَن,أيقن
2ityaqqan,اِتْيَقَّن,اتيقن
yityaqqan,يِتْيَقَّن,يتيقن
tyaqqan,تْيَقَّن,تيقن
yalla,يَلَّا,يلا
yamm,يَمّ,يم
maymuun,مَيْمُون,ميمون
yamiin,يَمِين,يمين
yamiin,يَمِين,يمين
2aymaan,أَيْمَان,أيمان
2ayaamiin,أَيَامِين,أيامين
7alaf yamiin,حَلَف يَمِين,حلف يمين
yumun,يُمُن,يمن
2ityaaman,اِتْيَامَن,اتيامن
2ityamman,اِتْيَمَّن,اتيمن
yityaaman,يِتْيَامَن,يتيامن
yityamman,يِتْيَمَّن,يتيمن
tyaaman,تْيَامَن,تيامن
tyamman,تْيَمَّن,تيمن
yaanse,يَانْسِة,يانسة
yaanis,يَانِس,يانس
yaansuun,يَانْسُون,يانسون
2aanisuun,أَنِيسُون,أنيسون
yoomi,يَومِي,يومي
yoomiyye,يَومِيِّة,يومية
yoom,يَوم,يوم
2ayyaam,أَيَّام,أيام
3alyoom,عَاليَوم,عاليوم
yoom 2itta7ne,يَوم الطَّحْنِة,يوم الطحنة
2ilyoom,اليَوم,اليوم
yoom yoom,يَوم يَوم,يوم يوم
yoom 2ilmuna,يَوم المُنى,يوم المنى
yoom 2aghbar,يَوم أَغْبَر,يوم أغبر
yoom min 2il3umur,يَوم مِن العُمر,يوم من العمر
yoom 2aswad,يَوم أَسْوَد,يوم أسود
yoom 2itta7aan yoomo,يَوم الطَّحَان يَومُه,يوم الطحان يومه
yij3al yoomi qabil yoomak,يِجْعَل يَومِي قَبِل يَومَك,يجعل يومي قبل يومك
khabbi qirshak 2il2abyad layoomak 2il2aswad,خَبِّي قِرْشَك الأَبْيَض ليَومَك الأَسْوَد,خبي قرشك الأبيض ليومك الأسود
yoomiitha,يَومِيتْهَا,يوميتها
yoom byoomo,يَوم بْيَومُه,يوم بيومه
yoom ba3id yoom,يَُوم بَعِد يَوم,يوم بعد يوم
min yoom yoomo,مِن يَوم يَومُه,من يوم يومه
kull yoom wittaani,كُلّ يَوم وَالثَّانِي,كل يوم والثاني
2ashuuf fiik yoom,أَشُوف فِيك يَوم,أشوف فيك يوم
yoo,يَوه,يوه
yii,يي,يي
yii 3alyahuud,يي عَاليهود,يي عاليهود
